ISO-10303-21;
HEADER;
/* Generated by software containing ST-Developer
 * from STEP Tools, Inc. (www.steptools.com) 
 */

FILE_DESCRIPTION(
/* description */ (''),
/* implementation_level */ '2;1');

FILE_NAME(
/* name */ 'sg90_1_concave.step',
/* time_stamp */ '2026-02-01T20:54:58+09:00',
/* author */ (''),
/* organization */ (''),
/* preprocessor_version */ 'ST-DEVELOPER v20.1',
/* originating_system */ 'Autodesk Translation Framework v14.24.0.0',
/* authorisation */ '');

FILE_SCHEMA (('AUTOMOTIVE_DESIGN { 1 0 10303 214 3 1 1 }'));
ENDSEC;

DATA;
#10=MECHANICAL_DESIGN_GEOMETRIC_PRESENTATION_REPRESENTATION('',(#13),#3464);
#11=SHAPE_REPRESENTATION_RELATIONSHIP('SRR','None',#3471,#12);
#12=ADVANCED_BREP_SHAPE_REPRESENTATION('',(#14),#3463);
#13=STYLED_ITEM('',(#3480),#14);
#14=MANIFOLD_SOLID_BREP('\X2\30DC30C730A3\X0\1',#2110);
#15=CONICAL_SURFACE('',#2256,2.75,0.785398163397449);
#16=CONICAL_SURFACE('',#2262,2.75,0.785398163397449);
#17=FACE_BOUND('',#267,.T.);
#18=FACE_BOUND('',#268,.T.);
#19=FACE_BOUND('',#345,.T.);
#20=FACE_BOUND('',#349,.T.);
#21=CIRCLE('',#2165,10.);
#22=CIRCLE('',#2257,2.95);
#23=CIRCLE('',#2258,2.55);
#24=CIRCLE('',#2261,2.55);
#25=CIRCLE('',#2263,2.95);
#26=CIRCLE('',#2264,2.55);
#27=CIRCLE('',#2267,2.55);
#28=CIRCLE('',#2269,10.);
#29=PLANE('',#2156);
#30=PLANE('',#2157);
#31=PLANE('',#2158);
#32=PLANE('',#2159);
#33=PLANE('',#2160);
#34=PLANE('',#2161);
#35=PLANE('',#2162);
#36=PLANE('',#2163);
#37=PLANE('',#2164);
#38=PLANE('',#2198);
#39=PLANE('',#2199);
#40=PLANE('',#2200);
#41=PLANE('',#2201);
#42=PLANE('',#2202);
#43=PLANE('',#2203);
#44=PLANE('',#2204);
#45=PLANE('',#2205);
#46=PLANE('',#2206);
#47=PLANE('',#2207);
#48=PLANE('',#2208);
#49=PLANE('',#2209);
#50=PLANE('',#2210);
#51=PLANE('',#2211);
#52=PLANE('',#2212);
#53=PLANE('',#2213);
#54=PLANE('',#2214);
#55=PLANE('',#2215);
#56=PLANE('',#2216);
#57=PLANE('',#2217);
#58=PLANE('',#2218);
#59=PLANE('',#2219);
#60=PLANE('',#2220);
#61=PLANE('',#2221);
#62=PLANE('',#2222);
#63=PLANE('',#2223);
#64=PLANE('',#2224);
#65=PLANE('',#2225);
#66=PLANE('',#2226);
#67=PLANE('',#2227);
#68=PLANE('',#2228);
#69=PLANE('',#2229);
#70=PLANE('',#2230);
#71=PLANE('',#2231);
#72=PLANE('',#2232);
#73=PLANE('',#2233);
#74=PLANE('',#2234);
#75=PLANE('',#2235);
#76=PLANE('',#2236);
#77=PLANE('',#2237);
#78=PLANE('',#2238);
#79=PLANE('',#2239);
#80=PLANE('',#2240);
#81=PLANE('',#2241);
#82=PLANE('',#2242);
#83=PLANE('',#2243);
#84=PLANE('',#2244);
#85=PLANE('',#2245);
#86=PLANE('',#2246);
#87=PLANE('',#2247);
#88=PLANE('',#2248);
#89=PLANE('',#2249);
#90=PLANE('',#2250);
#91=PLANE('',#2251);
#92=PLANE('',#2252);
#93=PLANE('',#2253);
#94=PLANE('',#2254);
#95=PLANE('',#2255);
#96=PLANE('',#2259);
#97=PLANE('',#2265);
#98=PLANE('',#2270);
#99=PLANE('',#2271);
#100=PLANE('',#2272);
#101=PLANE('',#2273);
#102=PLANE('',#2274);
#103=PLANE('',#2275);
#104=PLANE('',#2276);
#105=PLANE('',#2277);
#106=PLANE('',#2278);
#107=PLANE('',#2279);
#108=PLANE('',#2280);
#109=PLANE('',#2281);
#110=PLANE('',#2282);
#111=PLANE('',#2283);
#112=PLANE('',#2284);
#113=PLANE('',#2285);
#114=PLANE('',#2286);
#115=PLANE('',#2287);
#116=PLANE('',#2288);
#117=FACE_OUTER_BOUND('',#242,.T.);
#118=FACE_OUTER_BOUND('',#243,.T.);
#119=FACE_OUTER_BOUND('',#244,.T.);
#120=FACE_OUTER_BOUND('',#245,.T.);
#121=FACE_OUTER_BOUND('',#246,.T.);
#122=FACE_OUTER_BOUND('',#247,.T.);
#123=FACE_OUTER_BOUND('',#248,.T.);
#124=FACE_OUTER_BOUND('',#249,.T.);
#125=FACE_OUTER_BOUND('',#250,.T.);
#126=FACE_OUTER_BOUND('',#251,.T.);
#127=FACE_OUTER_BOUND('',#252,.T.);
#128=FACE_OUTER_BOUND('',#253,.T.);
#129=FACE_OUTER_BOUND('',#254,.T.);
#130=FACE_OUTER_BOUND('',#255,.T.);
#131=FACE_OUTER_BOUND('',#256,.T.);
#132=FACE_OUTER_BOUND('',#257,.T.);
#133=FACE_OUTER_BOUND('',#258,.T.);
#134=FACE_OUTER_BOUND('',#259,.T.);
#135=FACE_OUTER_BOUND('',#260,.T.);
#136=FACE_OUTER_BOUND('',#261,.T.);
#137=FACE_OUTER_BOUND('',#262,.T.);
#138=FACE_OUTER_BOUND('',#263,.T.);
#139=FACE_OUTER_BOUND('',#264,.T.);
#140=FACE_OUTER_BOUND('',#265,.T.);
#141=FACE_OUTER_BOUND('',#266,.T.);
#142=FACE_OUTER_BOUND('',#269,.T.);
#143=FACE_OUTER_BOUND('',#270,.T.);
#144=FACE_OUTER_BOUND('',#271,.T.);
#145=FACE_OUTER_BOUND('',#272,.T.);
#146=FACE_OUTER_BOUND('',#273,.T.);
#147=FACE_OUTER_BOUND('',#274,.T.);
#148=FACE_OUTER_BOUND('',#275,.T.);
#149=FACE_OUTER_BOUND('',#276,.T.);
#150=FACE_OUTER_BOUND('',#277,.T.);
#151=FACE_OUTER_BOUND('',#278,.T.);
#152=FACE_OUTER_BOUND('',#279,.T.);
#153=FACE_OUTER_BOUND('',#280,.T.);
#154=FACE_OUTER_BOUND('',#281,.T.);
#155=FACE_OUTER_BOUND('',#282,.T.);
#156=FACE_OUTER_BOUND('',#283,.T.);
#157=FACE_OUTER_BOUND('',#284,.T.);
#158=FACE_OUTER_BOUND('',#285,.T.);
#159=FACE_OUTER_BOUND('',#286,.T.);
#160=FACE_OUTER_BOUND('',#287,.T.);
#161=FACE_OUTER_BOUND('',#288,.T.);
#162=FACE_OUTER_BOUND('',#289,.T.);
#163=FACE_OUTER_BOUND('',#290,.T.);
#164=FACE_OUTER_BOUND('',#291,.T.);
#165=FACE_OUTER_BOUND('',#292,.T.);
#166=FACE_OUTER_BOUND('',#293,.T.);
#167=FACE_OUTER_BOUND('',#294,.T.);
#168=FACE_OUTER_BOUND('',#295,.T.);
#169=FACE_OUTER_BOUND('',#296,.T.);
#170=FACE_OUTER_BOUND('',#297,.T.);
#171=FACE_OUTER_BOUND('',#298,.T.);
#172=FACE_OUTER_BOUND('',#299,.T.);
#173=FACE_OUTER_BOUND('',#300,.T.);
#174=FACE_OUTER_BOUND('',#301,.T.);
#175=FACE_OUTER_BOUND('',#302,.T.);
#176=FACE_OUTER_BOUND('',#303,.T.);
#177=FACE_OUTER_BOUND('',#304,.T.);
#178=FACE_OUTER_BOUND('',#305,.T.);
#179=FACE_OUTER_BOUND('',#306,.T.);
#180=FACE_OUTER_BOUND('',#307,.T.);
#181=FACE_OUTER_BOUND('',#308,.T.);
#182=FACE_OUTER_BOUND('',#309,.T.);
#183=FACE_OUTER_BOUND('',#310,.T.);
#184=FACE_OUTER_BOUND('',#311,.T.);
#185=FACE_OUTER_BOUND('',#312,.T.);
#186=FACE_OUTER_BOUND('',#313,.T.);
#187=FACE_OUTER_BOUND('',#314,.T.);
#188=FACE_OUTER_BOUND('',#315,.T.);
#189=FACE_OUTER_BOUND('',#316,.T.);
#190=FACE_OUTER_BOUND('',#317,.T.);
#191=FACE_OUTER_BOUND('',#318,.T.);
#192=FACE_OUTER_BOUND('',#319,.T.);
#193=FACE_OUTER_BOUND('',#320,.T.);
#194=FACE_OUTER_BOUND('',#321,.T.);
#195=FACE_OUTER_BOUND('',#322,.T.);
#196=FACE_OUTER_BOUND('',#323,.T.);
#197=FACE_OUTER_BOUND('',#324,.T.);
#198=FACE_OUTER_BOUND('',#325,.T.);
#199=FACE_OUTER_BOUND('',#326,.T.);
#200=FACE_OUTER_BOUND('',#327,.T.);
#201=FACE_OUTER_BOUND('',#328,.T.);
#202=FACE_OUTER_BOUND('',#329,.T.);
#203=FACE_OUTER_BOUND('',#330,.T.);
#204=FACE_OUTER_BOUND('',#331,.T.);
#205=FACE_OUTER_BOUND('',#332,.T.);
#206=FACE_OUTER_BOUND('',#333,.T.);
#207=FACE_OUTER_BOUND('',#334,.T.);
#208=FACE_OUTER_BOUND('',#335,.T.);
#209=FACE_OUTER_BOUND('',#336,.T.);
#210=FACE_OUTER_BOUND('',#337,.T.);
#211=FACE_OUTER_BOUND('',#338,.T.);
#212=FACE_OUTER_BOUND('',#339,.T.);
#213=FACE_OUTER_BOUND('',#340,.T.);
#214=FACE_OUTER_BOUND('',#341,.T.);
#215=FACE_OUTER_BOUND('',#342,.T.);
#216=FACE_OUTER_BOUND('',#343,.T.);
#217=FACE_OUTER_BOUND('',#344,.T.);
#218=FACE_OUTER_BOUND('',#346,.T.);
#219=FACE_OUTER_BOUND('',#347,.T.);
#220=FACE_OUTER_BOUND('',#348,.T.);
#221=FACE_OUTER_BOUND('',#350,.T.);
#222=FACE_OUTER_BOUND('',#351,.T.);
#223=FACE_OUTER_BOUND('',#352,.T.);
#224=FACE_OUTER_BOUND('',#353,.T.);
#225=FACE_OUTER_BOUND('',#354,.T.);
#226=FACE_OUTER_BOUND('',#355,.T.);
#227=FACE_OUTER_BOUND('',#356,.T.);
#228=FACE_OUTER_BOUND('',#357,.T.);
#229=FACE_OUTER_BOUND('',#358,.T.);
#230=FACE_OUTER_BOUND('',#359,.T.);
#231=FACE_OUTER_BOUND('',#360,.T.);
#232=FACE_OUTER_BOUND('',#361,.T.);
#233=FACE_OUTER_BOUND('',#362,.T.);
#234=FACE_OUTER_BOUND('',#363,.T.);
#235=FACE_OUTER_BOUND('',#364,.T.);
#236=FACE_OUTER_BOUND('',#365,.T.);
#237=FACE_OUTER_BOUND('',#366,.T.);
#238=FACE_OUTER_BOUND('',#367,.T.);
#239=FACE_OUTER_BOUND('',#368,.T.);
#240=FACE_OUTER_BOUND('',#369,.T.);
#241=FACE_OUTER_BOUND('',#370,.T.);
#242=EDGE_LOOP('',(#1368,#1369,#1370,#1371));
#243=EDGE_LOOP('',(#1372,#1373,#1374,#1375));
#244=EDGE_LOOP('',(#1376,#1377,#1378,#1379));
#245=EDGE_LOOP('',(#1380,#1381,#1382,#1383));
#246=EDGE_LOOP('',(#1384,#1385,#1386,#1387));
#247=EDGE_LOOP('',(#1388,#1389,#1390,#1391));
#248=EDGE_LOOP('',(#1392,#1393,#1394,#1395));
#249=EDGE_LOOP('',(#1396,#1397,#1398,#1399));
#250=EDGE_LOOP('',(#1400,#1401,#1402,#1403));
#251=EDGE_LOOP('',(#1404,#1405,#1406,#1407));
#252=EDGE_LOOP('',(#1408,#1409,#1410,#1411));
#253=EDGE_LOOP('',(#1412,#1413,#1414,#1415));
#254=EDGE_LOOP('',(#1416,#1417,#1418,#1419));
#255=EDGE_LOOP('',(#1420,#1421,#1422,#1423));
#256=EDGE_LOOP('',(#1424,#1425,#1426,#1427));
#257=EDGE_LOOP('',(#1428,#1429,#1430,#1431));
#258=EDGE_LOOP('',(#1432,#1433,#1434,#1435));
#259=EDGE_LOOP('',(#1436,#1437,#1438,#1439));
#260=EDGE_LOOP('',(#1440,#1441,#1442,#1443));
#261=EDGE_LOOP('',(#1444,#1445,#1446,#1447));
#262=EDGE_LOOP('',(#1448,#1449,#1450,#1451));
#263=EDGE_LOOP('',(#1452,#1453,#1454,#1455));
#264=EDGE_LOOP('',(#1456,#1457,#1458,#1459));
#265=EDGE_LOOP('',(#1460,#1461,#1462,#1463));
#266=EDGE_LOOP('',(#1464,#1465,#1466,#1467,#1468,#1469,#1470,#1471));
#267=EDGE_LOOP('',(#1472,#1473,#1474,#1475,#1476,#1477,#1478,#1479,#1480,
#1481,#1482,#1483,#1484,#1485,#1486,#1487));
#268=EDGE_LOOP('',(#1488,#1489,#1490,#1491,#1492,#1493,#1494,#1495,#1496,
#1497,#1498,#1499,#1500,#1501,#1502,#1503));
#269=EDGE_LOOP('',(#1504,#1505,#1506,#1507));
#270=EDGE_LOOP('',(#1508,#1509,#1510,#1511));
#271=EDGE_LOOP('',(#1512,#1513,#1514,#1515));
#272=EDGE_LOOP('',(#1516,#1517,#1518,#1519));
#273=EDGE_LOOP('',(#1520,#1521,#1522,#1523));
#274=EDGE_LOOP('',(#1524,#1525,#1526,#1527));
#275=EDGE_LOOP('',(#1528,#1529,#1530,#1531));
#276=EDGE_LOOP('',(#1532,#1533,#1534,#1535));
#277=EDGE_LOOP('',(#1536,#1537,#1538,#1539));
#278=EDGE_LOOP('',(#1540,#1541,#1542,#1543));
#279=EDGE_LOOP('',(#1544,#1545,#1546,#1547));
#280=EDGE_LOOP('',(#1548,#1549,#1550,#1551));
#281=EDGE_LOOP('',(#1552,#1553,#1554,#1555));
#282=EDGE_LOOP('',(#1556,#1557,#1558,#1559));
#283=EDGE_LOOP('',(#1560,#1561,#1562,#1563));
#284=EDGE_LOOP('',(#1564,#1565,#1566,#1567));
#285=EDGE_LOOP('',(#1568,#1569,#1570,#1571));
#286=EDGE_LOOP('',(#1572,#1573,#1574,#1575));
#287=EDGE_LOOP('',(#1576,#1577,#1578,#1579));
#288=EDGE_LOOP('',(#1580,#1581,#1582,#1583));
#289=EDGE_LOOP('',(#1584,#1585,#1586,#1587));
#290=EDGE_LOOP('',(#1588,#1589,#1590,#1591));
#291=EDGE_LOOP('',(#1592,#1593,#1594,#1595));
#292=EDGE_LOOP('',(#1596,#1597,#1598,#1599));
#293=EDGE_LOOP('',(#1600,#1601,#1602,#1603));
#294=EDGE_LOOP('',(#1604,#1605,#1606,#1607));
#295=EDGE_LOOP('',(#1608,#1609,#1610,#1611));
#296=EDGE_LOOP('',(#1612,#1613,#1614,#1615));
#297=EDGE_LOOP('',(#1616,#1617,#1618,#1619));
#298=EDGE_LOOP('',(#1620,#1621,#1622,#1623));
#299=EDGE_LOOP('',(#1624,#1625,#1626,#1627));
#300=EDGE_LOOP('',(#1628,#1629,#1630,#1631));
#301=EDGE_LOOP('',(#1632,#1633,#1634,#1635));
#302=EDGE_LOOP('',(#1636,#1637,#1638,#1639));
#303=EDGE_LOOP('',(#1640,#1641,#1642,#1643));
#304=EDGE_LOOP('',(#1644,#1645,#1646,#1647));
#305=EDGE_LOOP('',(#1648,#1649,#1650,#1651));
#306=EDGE_LOOP('',(#1652,#1653,#1654,#1655));
#307=EDGE_LOOP('',(#1656,#1657,#1658,#1659));
#308=EDGE_LOOP('',(#1660,#1661,#1662,#1663));
#309=EDGE_LOOP('',(#1664,#1665,#1666,#1667,#1668,#1669,#1670,#1671,#1672,
#1673,#1674,#1675,#1676,#1677,#1678,#1679));
#310=EDGE_LOOP('',(#1680,#1681,#1682,#1683));
#311=EDGE_LOOP('',(#1684,#1685,#1686,#1687));
#312=EDGE_LOOP('',(#1688,#1689,#1690,#1691));
#313=EDGE_LOOP('',(#1692,#1693,#1694,#1695));
#314=EDGE_LOOP('',(#1696,#1697,#1698,#1699));
#315=EDGE_LOOP('',(#1700,#1701,#1702,#1703));
#316=EDGE_LOOP('',(#1704,#1705,#1706,#1707));
#317=EDGE_LOOP('',(#1708,#1709,#1710,#1711));
#318=EDGE_LOOP('',(#1712,#1713,#1714,#1715));
#319=EDGE_LOOP('',(#1716,#1717,#1718,#1719));
#320=EDGE_LOOP('',(#1720,#1721,#1722,#1723));
#321=EDGE_LOOP('',(#1724,#1725,#1726,#1727));
#322=EDGE_LOOP('',(#1728,#1729,#1730,#1731));
#323=EDGE_LOOP('',(#1732,#1733,#1734,#1735));
#324=EDGE_LOOP('',(#1736,#1737,#1738,#1739));
#325=EDGE_LOOP('',(#1740,#1741,#1742,#1743));
#326=EDGE_LOOP('',(#1744,#1745,#1746,#1747,#1748,#1749,#1750,#1751,#1752,
#1753,#1754,#1755,#1756,#1757,#1758,#1759));
#327=EDGE_LOOP('',(#1760,#1761,#1762,#1763));
#328=EDGE_LOOP('',(#1764,#1765,#1766,#1767));
#329=EDGE_LOOP('',(#1768,#1769,#1770,#1771));
#330=EDGE_LOOP('',(#1772,#1773,#1774,#1775));
#331=EDGE_LOOP('',(#1776,#1777,#1778,#1779));
#332=EDGE_LOOP('',(#1780,#1781,#1782,#1783));
#333=EDGE_LOOP('',(#1784,#1785,#1786,#1787));
#334=EDGE_LOOP('',(#1788,#1789,#1790,#1791));
#335=EDGE_LOOP('',(#1792,#1793,#1794,#1795));
#336=EDGE_LOOP('',(#1796,#1797,#1798,#1799));
#337=EDGE_LOOP('',(#1800,#1801,#1802,#1803));
#338=EDGE_LOOP('',(#1804,#1805,#1806,#1807));
#339=EDGE_LOOP('',(#1808,#1809,#1810,#1811));
#340=EDGE_LOOP('',(#1812,#1813,#1814,#1815));
#341=EDGE_LOOP('',(#1816,#1817,#1818,#1819));
#342=EDGE_LOOP('',(#1820,#1821,#1822,#1823));
#343=EDGE_LOOP('',(#1824,#1825,#1826,#1827));
#344=EDGE_LOOP('',(#1828,#1829,#1830,#1831,#1832,#1833,#1834,#1835));
#345=EDGE_LOOP('',(#1836));
#346=EDGE_LOOP('',(#1837,#1838,#1839,#1840));
#347=EDGE_LOOP('',(#1841,#1842,#1843,#1844));
#348=EDGE_LOOP('',(#1845,#1846,#1847,#1848,#1849,#1850,#1851,#1852));
#349=EDGE_LOOP('',(#1853));
#350=EDGE_LOOP('',(#1854,#1855,#1856,#1857));
#351=EDGE_LOOP('',(#1858,#1859,#1860,#1861));
#352=EDGE_LOOP('',(#1862,#1863,#1864,#1865,#1866,#1867,#1868,#1869,#1870,
#1871));
#353=EDGE_LOOP('',(#1872,#1873,#1874,#1875,#1876,#1877,#1878,#1879,#1880,
#1881));
#354=EDGE_LOOP('',(#1882,#1883,#1884,#1885,#1886,#1887,#1888,#1889));
#355=EDGE_LOOP('',(#1890,#1891,#1892,#1893));
#356=EDGE_LOOP('',(#1894,#1895,#1896,#1897));
#357=EDGE_LOOP('',(#1898,#1899,#1900,#1901));
#358=EDGE_LOOP('',(#1902,#1903,#1904,#1905));
#359=EDGE_LOOP('',(#1906,#1907,#1908,#1909));
#360=EDGE_LOOP('',(#1910,#1911,#1912,#1913,#1914,#1915));
#361=EDGE_LOOP('',(#1916));
#362=EDGE_LOOP('',(#1917));
#363=EDGE_LOOP('',(#1918,#1919,#1920,#1921));
#364=EDGE_LOOP('',(#1922,#1923,#1924,#1925));
#365=EDGE_LOOP('',(#1926,#1927,#1928,#1929));
#366=EDGE_LOOP('',(#1930,#1931,#1932,#1933));
#367=EDGE_LOOP('',(#1934,#1935,#1936,#1937));
#368=EDGE_LOOP('',(#1938,#1939,#1940,#1941));
#369=EDGE_LOOP('',(#1942,#1943,#1944,#1945));
#370=EDGE_LOOP('',(#1946,#1947,#1948,#1949));
#371=ELLIPSE('',#2125,0.407836463283327,0.4);
#372=ELLIPSE('',#2126,0.407836463283328,0.4);
#373=ELLIPSE('',#2128,0.407836463283326,0.4);
#374=ELLIPSE('',#2130,0.407836463283327,0.4);
#375=ELLIPSE('',#2131,0.407836463283326,0.4);
#376=ELLIPSE('',#2133,0.407836463283327,0.4);
#377=ELLIPSE('',#2135,0.407836463283328,0.4);
#378=ELLIPSE('',#2137,0.407836463283328,0.4);
#379=ELLIPSE('',#2139,0.407836463283328,0.4);
#380=ELLIPSE('',#2141,0.40783646328333,0.4);
#381=ELLIPSE('',#2143,0.407836463283324,0.4);
#382=ELLIPSE('',#2145,0.407836463283332,0.4);
#383=ELLIPSE('',#2147,0.407836463283324,0.4);
#384=ELLIPSE('',#2150,0.407836463283324,0.4);
#385=ELLIPSE('',#2152,0.40783646328333,0.4);
#386=ELLIPSE('',#2154,0.407836463283329,0.4);
#387=ELLIPSE('',#2167,0.407836463283328,0.4);
#388=ELLIPSE('',#2168,0.407836463283327,0.4);
#389=ELLIPSE('',#2170,0.407836463283327,0.4);
#390=ELLIPSE('',#2172,0.407836463283328,0.4);
#391=ELLIPSE('',#2174,0.407836463283327,0.4);
#392=ELLIPSE('',#2176,0.407836463283328,0.4);
#393=ELLIPSE('',#2178,0.407836463283327,0.4);
#394=ELLIPSE('',#2179,0.407836463283327,0.4);
#395=ELLIPSE('',#2181,0.407836463283328,0.4);
#396=ELLIPSE('',#2183,0.40783646328333,0.4);
#397=ELLIPSE('',#2186,0.407836463283325,0.4);
#398=ELLIPSE('',#2188,0.407836463283328,0.4);
#399=ELLIPSE('',#2190,0.407836463283327,0.4);
#400=ELLIPSE('',#2192,0.407836463283327,0.4);
#401=ELLIPSE('',#2194,0.407836463283328,0.4);
#402=ELLIPSE('',#2196,0.407836463283328,0.4);
#403=LINE('',#2876,#654);
#404=LINE('',#2880,#655);
#405=LINE('',#2884,#656);
#406=LINE('',#2887,#657);
#407=LINE('',#2891,#658);
#408=LINE('',#2895,#659);
#409=LINE('',#2899,#660);
#410=LINE('',#2902,#661);
#411=LINE('',#2905,#662);
#412=LINE('',#2908,#663);
#413=LINE('',#2911,#664);
#414=LINE('',#2914,#665);
#415=LINE('',#2917,#666);
#416=LINE('',#2919,#667);
#417=LINE('',#2923,#668);
#418=LINE('',#2925,#669);
#419=LINE('',#2929,#670);
#420=LINE('',#2931,#671);
#421=LINE('',#2935,#672);
#422=LINE('',#2937,#673);
#423=LINE('',#2941,#674);
#424=LINE('',#2943,#675);
#425=LINE('',#2946,#676);
#426=LINE('',#2947,#677);
#427=LINE('',#2950,#678);
#428=LINE('',#2952,#679);
#429=LINE('',#2956,#680);
#430=LINE('',#2958,#681);
#431=LINE('',#2962,#682);
#432=LINE('',#2964,#683);
#433=LINE('',#2967,#684);
#434=LINE('',#2968,#685);
#435=LINE('',#2971,#686);
#436=LINE('',#2973,#687);
#437=LINE('',#2974,#688);
#438=LINE('',#2977,#689);
#439=LINE('',#2978,#690);
#440=LINE('',#2981,#691);
#441=LINE('',#2982,#692);
#442=LINE('',#2985,#693);
#443=LINE('',#2986,#694);
#444=LINE('',#2989,#695);
#445=LINE('',#2990,#696);
#446=LINE('',#2993,#697);
#447=LINE('',#2994,#698);
#448=LINE('',#2997,#699);
#449=LINE('',#2998,#700);
#450=LINE('',#3001,#701);
#451=LINE('',#3002,#702);
#452=LINE('',#3008,#703);
#453=LINE('',#3010,#704);
#454=LINE('',#3012,#705);
#455=LINE('',#3014,#706);
#456=LINE('',#3016,#707);
#457=LINE('',#3018,#708);
#458=LINE('',#3019,#709);
#459=LINE('',#3022,#710);
#460=LINE('',#3024,#711);
#461=LINE('',#3026,#712);
#462=LINE('',#3028,#713);
#463=LINE('',#3030,#714);
#464=LINE('',#3032,#715);
#465=LINE('',#3034,#716);
#466=LINE('',#3036,#717);
#467=LINE('',#3038,#718);
#468=LINE('',#3040,#719);
#469=LINE('',#3042,#720);
#470=LINE('',#3044,#721);
#471=LINE('',#3046,#722);
#472=LINE('',#3048,#723);
#473=LINE('',#3050,#724);
#474=LINE('',#3051,#725);
#475=LINE('',#3055,#726);
#476=LINE('',#3060,#727);
#477=LINE('',#3064,#728);
#478=LINE('',#3068,#729);
#479=LINE('',#3072,#730);
#480=LINE('',#3077,#731);
#481=LINE('',#3082,#732);
#482=LINE('',#3086,#733);
#483=LINE('',#3089,#734);
#484=LINE('',#3092,#735);
#485=LINE('',#3096,#736);
#486=LINE('',#3100,#737);
#487=LINE('',#3104,#738);
#488=LINE('',#3108,#739);
#489=LINE('',#3112,#740);
#490=LINE('',#3115,#741);
#491=LINE('',#3118,#742);
#492=LINE('',#3120,#743);
#493=LINE('',#3121,#744);
#494=LINE('',#3124,#745);
#495=LINE('',#3125,#746);
#496=LINE('',#3128,#747);
#497=LINE('',#3129,#748);
#498=LINE('',#3132,#749);
#499=LINE('',#3133,#750);
#500=LINE('',#3136,#751);
#501=LINE('',#3137,#752);
#502=LINE('',#3140,#753);
#503=LINE('',#3141,#754);
#504=LINE('',#3144,#755);
#505=LINE('',#3145,#756);
#506=LINE('',#3148,#757);
#507=LINE('',#3149,#758);
#508=LINE('',#3153,#759);
#509=LINE('',#3154,#760);
#510=LINE('',#3155,#761);
#511=LINE('',#3158,#762);
#512=LINE('',#3160,#763);
#513=LINE('',#3161,#764);
#514=LINE('',#3164,#765);
#515=LINE('',#3166,#766);
#516=LINE('',#3167,#767);
#517=LINE('',#3170,#768);
#518=LINE('',#3172,#769);
#519=LINE('',#3173,#770);
#520=LINE('',#3176,#771);
#521=LINE('',#3178,#772);
#522=LINE('',#3179,#773);
#523=LINE('',#3182,#774);
#524=LINE('',#3184,#775);
#525=LINE('',#3185,#776);
#526=LINE('',#3188,#777);
#527=LINE('',#3190,#778);
#528=LINE('',#3191,#779);
#529=LINE('',#3194,#780);
#530=LINE('',#3196,#781);
#531=LINE('',#3197,#782);
#532=LINE('',#3200,#783);
#533=LINE('',#3201,#784);
#534=LINE('',#3202,#785);
#535=LINE('',#3205,#786);
#536=LINE('',#3206,#787);
#537=LINE('',#3209,#788);
#538=LINE('',#3210,#789);
#539=LINE('',#3213,#790);
#540=LINE('',#3214,#791);
#541=LINE('',#3217,#792);
#542=LINE('',#3218,#793);
#543=LINE('',#3221,#794);
#544=LINE('',#3222,#795);
#545=LINE('',#3225,#796);
#546=LINE('',#3226,#797);
#547=LINE('',#3228,#798);
#548=LINE('',#3233,#799);
#549=LINE('',#3234,#800);
#550=LINE('',#3235,#801);
#551=LINE('',#3238,#802);
#552=LINE('',#3240,#803);
#553=LINE('',#3241,#804);
#554=LINE('',#3244,#805);
#555=LINE('',#3246,#806);
#556=LINE('',#3247,#807);
#557=LINE('',#3250,#808);
#558=LINE('',#3252,#809);
#559=LINE('',#3253,#810);
#560=LINE('',#3256,#811);
#561=LINE('',#3258,#812);
#562=LINE('',#3259,#813);
#563=LINE('',#3262,#814);
#564=LINE('',#3264,#815);
#565=LINE('',#3265,#816);
#566=LINE('',#3268,#817);
#567=LINE('',#3270,#818);
#568=LINE('',#3271,#819);
#569=LINE('',#3274,#820);
#570=LINE('',#3276,#821);
#571=LINE('',#3277,#822);
#572=LINE('',#3280,#823);
#573=LINE('',#3281,#824);
#574=LINE('',#3282,#825);
#575=LINE('',#3285,#826);
#576=LINE('',#3286,#827);
#577=LINE('',#3289,#828);
#578=LINE('',#3290,#829);
#579=LINE('',#3293,#830);
#580=LINE('',#3294,#831);
#581=LINE('',#3297,#832);
#582=LINE('',#3298,#833);
#583=LINE('',#3301,#834);
#584=LINE('',#3302,#835);
#585=LINE('',#3305,#836);
#586=LINE('',#3306,#837);
#587=LINE('',#3308,#838);
#588=LINE('',#3311,#839);
#589=LINE('',#3313,#840);
#590=LINE('',#3315,#841);
#591=LINE('',#3317,#842);
#592=LINE('',#3319,#843);
#593=LINE('',#3321,#844);
#594=LINE('',#3323,#845);
#595=LINE('',#3326,#846);
#596=LINE('',#3328,#847);
#597=LINE('',#3330,#848);
#598=LINE('',#3332,#849);
#599=LINE('',#3334,#850);
#600=LINE('',#3336,#851);
#601=LINE('',#3338,#852);
#602=LINE('',#3344,#853);
#603=LINE('',#3349,#854);
#604=LINE('',#3351,#855);
#605=LINE('',#3353,#856);
#606=LINE('',#3355,#857);
#607=LINE('',#3357,#858);
#608=LINE('',#3359,#859);
#609=LINE('',#3361,#860);
#610=LINE('',#3362,#861);
#611=LINE('',#3365,#862);
#612=LINE('',#3371,#863);
#613=LINE('',#3376,#864);
#614=LINE('',#3377,#865);
#615=LINE('',#3379,#866);
#616=LINE('',#3381,#867);
#617=LINE('',#3383,#868);
#618=LINE('',#3385,#869);
#619=LINE('',#3386,#870);
#620=LINE('',#3389,#871);
#621=LINE('',#3393,#872);
#622=LINE('',#3396,#873);
#623=LINE('',#3399,#874);
#624=LINE('',#3400,#875);
#625=LINE('',#3402,#876);
#626=LINE('',#3404,#877);
#627=LINE('',#3405,#878);
#628=LINE('',#3407,#879);
#629=LINE('',#3408,#880);
#630=LINE('',#3411,#881);
#631=LINE('',#3413,#882);
#632=LINE('',#3415,#883);
#633=LINE('',#3417,#884);
#634=LINE('',#3419,#885);
#635=LINE('',#3421,#886);
#636=LINE('',#3422,#887);
#637=LINE('',#3425,#888);
#638=LINE('',#3427,#889);
#639=LINE('',#3429,#890);
#640=LINE('',#3431,#891);
#641=LINE('',#3432,#892);
#642=LINE('',#3434,#893);
#643=LINE('',#3435,#894);
#644=LINE('',#3437,#895);
#645=LINE('',#3439,#896);
#646=LINE('',#3441,#897);
#647=LINE('',#3443,#898);
#648=LINE('',#3448,#899);
#649=LINE('',#3450,#900);
#650=LINE('',#3452,#901);
#651=LINE('',#3455,#902);
#652=LINE('',#3457,#903);
#653=LINE('',#3459,#904);
#654=VECTOR('',#2293,10.);
#655=VECTOR('',#2296,10.);
#656=VECTOR('',#2301,10.);
#657=VECTOR('',#2304,10.);
#658=VECTOR('',#2307,10.);
#659=VECTOR('',#2310,10.);
#660=VECTOR('',#2315,10.);
#661=VECTOR('',#2318,10.);
#662=VECTOR('',#2321,10.);
#663=VECTOR('',#2324,10.);
#664=VECTOR('',#2327,10.);
#665=VECTOR('',#2330,10.);
#666=VECTOR('',#2333,10.);
#667=VECTOR('',#2334,10.);
#668=VECTOR('',#2339,10.);
#669=VECTOR('',#2340,10.);
#670=VECTOR('',#2345,10.);
#671=VECTOR('',#2346,10.);
#672=VECTOR('',#2351,10.);
#673=VECTOR('',#2352,10.);
#674=VECTOR('',#2357,10.);
#675=VECTOR('',#2358,10.);
#676=VECTOR('',#2363,10.);
#677=VECTOR('',#2364,10.);
#678=VECTOR('',#2367,10.);
#679=VECTOR('',#2368,10.);
#680=VECTOR('',#2373,10.);
#681=VECTOR('',#2374,10.);
#682=VECTOR('',#2379,10.);
#683=VECTOR('',#2380,10.);
#684=VECTOR('',#2385,10.);
#685=VECTOR('',#2386,10.);
#686=VECTOR('',#2389,10.);
#687=VECTOR('',#2390,10.);
#688=VECTOR('',#2391,10.);
#689=VECTOR('',#2394,10.);
#690=VECTOR('',#2395,10.);
#691=VECTOR('',#2398,10.);
#692=VECTOR('',#2399,10.);
#693=VECTOR('',#2402,10.);
#694=VECTOR('',#2403,10.);
#695=VECTOR('',#2406,10.);
#696=VECTOR('',#2407,10.);
#697=VECTOR('',#2410,10.);
#698=VECTOR('',#2411,10.);
#699=VECTOR('',#2414,10.);
#700=VECTOR('',#2415,10.);
#701=VECTOR('',#2418,10.);
#702=VECTOR('',#2419,10.);
#703=VECTOR('',#2424,10.);
#704=VECTOR('',#2425,10.);
#705=VECTOR('',#2426,10.);
#706=VECTOR('',#2427,10.);
#707=VECTOR('',#2428,10.);
#708=VECTOR('',#2429,10.);
#709=VECTOR('',#2430,10.);
#710=VECTOR('',#2431,10.);
#711=VECTOR('',#2432,10.);
#712=VECTOR('',#2433,10.);
#713=VECTOR('',#2434,10.);
#714=VECTOR('',#2435,10.);
#715=VECTOR('',#2436,10.);
#716=VECTOR('',#2437,10.);
#717=VECTOR('',#2438,10.);
#718=VECTOR('',#2439,10.);
#719=VECTOR('',#2440,10.);
#720=VECTOR('',#2441,10.);
#721=VECTOR('',#2442,10.);
#722=VECTOR('',#2443,10.);
#723=VECTOR('',#2444,10.);
#724=VECTOR('',#2445,10.);
#725=VECTOR('',#2446,10.);
#726=VECTOR('',#2449,10.);
#727=VECTOR('',#2456,10.);
#728=VECTOR('',#2461,10.);
#729=VECTOR('',#2466,10.);
#730=VECTOR('',#2471,10.);
#731=VECTOR('',#2476,10.);
#732=VECTOR('',#2483,10.);
#733=VECTOR('',#2488,10.);
#734=VECTOR('',#2493,10.);
#735=VECTOR('',#2496,10.);
#736=VECTOR('',#2501,10.);
#737=VECTOR('',#2506,10.);
#738=VECTOR('',#2511,10.);
#739=VECTOR('',#2516,10.);
#740=VECTOR('',#2521,10.);
#741=VECTOR('',#2526,10.);
#742=VECTOR('',#2529,10.);
#743=VECTOR('',#2530,10.);
#744=VECTOR('',#2531,10.);
#745=VECTOR('',#2534,10.);
#746=VECTOR('',#2535,10.);
#747=VECTOR('',#2538,10.);
#748=VECTOR('',#2539,10.);
#749=VECTOR('',#2542,10.);
#750=VECTOR('',#2543,10.);
#751=VECTOR('',#2546,10.);
#752=VECTOR('',#2547,10.);
#753=VECTOR('',#2550,10.);
#754=VECTOR('',#2551,10.);
#755=VECTOR('',#2554,10.);
#756=VECTOR('',#2555,10.);
#757=VECTOR('',#2558,10.);
#758=VECTOR('',#2559,10.);
#759=VECTOR('',#2562,10.);
#760=VECTOR('',#2563,10.);
#761=VECTOR('',#2564,10.);
#762=VECTOR('',#2567,10.);
#763=VECTOR('',#2568,10.);
#764=VECTOR('',#2569,10.);
#765=VECTOR('',#2572,10.);
#766=VECTOR('',#2573,10.);
#767=VECTOR('',#2574,10.);
#768=VECTOR('',#2577,10.);
#769=VECTOR('',#2578,10.);
#770=VECTOR('',#2579,10.);
#771=VECTOR('',#2582,10.);
#772=VECTOR('',#2583,10.);
#773=VECTOR('',#2584,10.);
#774=VECTOR('',#2587,10.);
#775=VECTOR('',#2588,10.);
#776=VECTOR('',#2589,10.);
#777=VECTOR('',#2592,10.);
#778=VECTOR('',#2593,10.);
#779=VECTOR('',#2594,10.);
#780=VECTOR('',#2597,10.);
#781=VECTOR('',#2598,10.);
#782=VECTOR('',#2599,10.);
#783=VECTOR('',#2602,10.);
#784=VECTOR('',#2603,10.);
#785=VECTOR('',#2604,10.);
#786=VECTOR('',#2607,10.);
#787=VECTOR('',#2608,10.);
#788=VECTOR('',#2611,10.);
#789=VECTOR('',#2612,10.);
#790=VECTOR('',#2615,10.);
#791=VECTOR('',#2616,10.);
#792=VECTOR('',#2619,10.);
#793=VECTOR('',#2620,10.);
#794=VECTOR('',#2623,10.);
#795=VECTOR('',#2624,10.);
#796=VECTOR('',#2627,10.);
#797=VECTOR('',#2628,10.);
#798=VECTOR('',#2631,10.);
#799=VECTOR('',#2636,10.);
#800=VECTOR('',#2637,10.);
#801=VECTOR('',#2638,10.);
#802=VECTOR('',#2641,10.);
#803=VECTOR('',#2642,10.);
#804=VECTOR('',#2643,10.);
#805=VECTOR('',#2646,10.);
#806=VECTOR('',#2647,10.);
#807=VECTOR('',#2648,10.);
#808=VECTOR('',#2651,10.);
#809=VECTOR('',#2652,10.);
#810=VECTOR('',#2653,10.);
#811=VECTOR('',#2656,10.);
#812=VECTOR('',#2657,10.);
#813=VECTOR('',#2658,10.);
#814=VECTOR('',#2661,10.);
#815=VECTOR('',#2662,10.);
#816=VECTOR('',#2663,10.);
#817=VECTOR('',#2666,10.);
#818=VECTOR('',#2667,10.);
#819=VECTOR('',#2668,10.);
#820=VECTOR('',#2671,10.);
#821=VECTOR('',#2672,10.);
#822=VECTOR('',#2673,10.);
#823=VECTOR('',#2676,10.);
#824=VECTOR('',#2677,10.);
#825=VECTOR('',#2678,10.);
#826=VECTOR('',#2681,10.);
#827=VECTOR('',#2682,10.);
#828=VECTOR('',#2685,10.);
#829=VECTOR('',#2686,10.);
#830=VECTOR('',#2689,10.);
#831=VECTOR('',#2690,10.);
#832=VECTOR('',#2693,10.);
#833=VECTOR('',#2694,10.);
#834=VECTOR('',#2697,10.);
#835=VECTOR('',#2698,10.);
#836=VECTOR('',#2701,10.);
#837=VECTOR('',#2702,10.);
#838=VECTOR('',#2705,10.);
#839=VECTOR('',#2710,10.);
#840=VECTOR('',#2713,10.);
#841=VECTOR('',#2716,10.);
#842=VECTOR('',#2719,10.);
#843=VECTOR('',#2722,10.);
#844=VECTOR('',#2725,10.);
#845=VECTOR('',#2728,10.);
#846=VECTOR('',#2733,10.);
#847=VECTOR('',#2736,10.);
#848=VECTOR('',#2739,10.);
#849=VECTOR('',#2742,10.);
#850=VECTOR('',#2745,10.);
#851=VECTOR('',#2748,10.);
#852=VECTOR('',#2751,10.);
#853=VECTOR('',#2758,2.75);
#854=VECTOR('',#2763,10.);
#855=VECTOR('',#2764,10.);
#856=VECTOR('',#2765,10.);
#857=VECTOR('',#2766,10.);
#858=VECTOR('',#2767,10.);
#859=VECTOR('',#2768,10.);
#860=VECTOR('',#2769,10.);
#861=VECTOR('',#2770,10.);
#862=VECTOR('',#2773,2.55);
#863=VECTOR('',#2780,2.75);
#864=VECTOR('',#2785,10.);
#865=VECTOR('',#2786,10.);
#866=VECTOR('',#2787,10.);
#867=VECTOR('',#2788,10.);
#868=VECTOR('',#2789,10.);
#869=VECTOR('',#2790,10.);
#870=VECTOR('',#2791,10.);
#871=VECTOR('',#2794,2.55);
#872=VECTOR('',#2799,10.);
#873=VECTOR('',#2802,10.);
#874=VECTOR('',#2805,10.);
#875=VECTOR('',#2806,10.);
#876=VECTOR('',#2807,10.);
#877=VECTOR('',#2808,10.);
#878=VECTOR('',#2809,10.);
#879=VECTOR('',#2810,10.);
#880=VECTOR('',#2811,10.);
#881=VECTOR('',#2814,10.);
#882=VECTOR('',#2815,10.);
#883=VECTOR('',#2816,10.);
#884=VECTOR('',#2817,10.);
#885=VECTOR('',#2818,10.);
#886=VECTOR('',#2819,10.);
#887=VECTOR('',#2820,10.);
#888=VECTOR('',#2823,10.);
#889=VECTOR('',#2824,10.);
#890=VECTOR('',#2825,10.);
#891=VECTOR('',#2826,10.);
#892=VECTOR('',#2827,10.);
#893=VECTOR('',#2830,10.);
#894=VECTOR('',#2831,10.);
#895=VECTOR('',#2834,10.);
#896=VECTOR('',#2837,10.);
#897=VECTOR('',#2840,10.);
#898=VECTOR('',#2843,10.);
#899=VECTOR('',#2852,10.);
#900=VECTOR('',#2855,10.);
#901=VECTOR('',#2858,10.);
#902=VECTOR('',#2863,10.);
#903=VECTOR('',#2866,10.);
#904=VECTOR('',#2869,10.);
#905=VERTEX_POINT('',#2874);
#906=VERTEX_POINT('',#2875);
#907=VERTEX_POINT('',#2877);
#908=VERTEX_POINT('',#2879);
#909=VERTEX_POINT('',#2883);
#910=VERTEX_POINT('',#2885);
#911=VERTEX_POINT('',#2889);
#912=VERTEX_POINT('',#2890);
#913=VERTEX_POINT('',#2892);
#914=VERTEX_POINT('',#2894);
#915=VERTEX_POINT('',#2898);
#916=VERTEX_POINT('',#2900);
#917=VERTEX_POINT('',#2904);
#918=VERTEX_POINT('',#2906);
#919=VERTEX_POINT('',#2910);
#920=VERTEX_POINT('',#2912);
#921=VERTEX_POINT('',#2916);
#922=VERTEX_POINT('',#2918);
#923=VERTEX_POINT('',#2922);
#924=VERTEX_POINT('',#2924);
#925=VERTEX_POINT('',#2928);
#926=VERTEX_POINT('',#2930);
#927=VERTEX_POINT('',#2934);
#928=VERTEX_POINT('',#2936);
#929=VERTEX_POINT('',#2940);
#930=VERTEX_POINT('',#2942);
#931=VERTEX_POINT('',#2949);
#932=VERTEX_POINT('',#2951);
#933=VERTEX_POINT('',#2955);
#934=VERTEX_POINT('',#2957);
#935=VERTEX_POINT('',#2961);
#936=VERTEX_POINT('',#2963);
#937=VERTEX_POINT('',#2970);
#938=VERTEX_POINT('',#2972);
#939=VERTEX_POINT('',#2976);
#940=VERTEX_POINT('',#2980);
#941=VERTEX_POINT('',#2984);
#942=VERTEX_POINT('',#2988);
#943=VERTEX_POINT('',#2992);
#944=VERTEX_POINT('',#2996);
#945=VERTEX_POINT('',#3000);
#946=VERTEX_POINT('',#3004);
#947=VERTEX_POINT('',#3005);
#948=VERTEX_POINT('',#3007);
#949=VERTEX_POINT('',#3009);
#950=VERTEX_POINT('',#3011);
#951=VERTEX_POINT('',#3013);
#952=VERTEX_POINT('',#3015);
#953=VERTEX_POINT('',#3017);
#954=VERTEX_POINT('',#3020);
#955=VERTEX_POINT('',#3021);
#956=VERTEX_POINT('',#3023);
#957=VERTEX_POINT('',#3025);
#958=VERTEX_POINT('',#3027);
#959=VERTEX_POINT('',#3029);
#960=VERTEX_POINT('',#3031);
#961=VERTEX_POINT('',#3033);
#962=VERTEX_POINT('',#3035);
#963=VERTEX_POINT('',#3037);
#964=VERTEX_POINT('',#3039);
#965=VERTEX_POINT('',#3041);
#966=VERTEX_POINT('',#3043);
#967=VERTEX_POINT('',#3045);
#968=VERTEX_POINT('',#3047);
#969=VERTEX_POINT('',#3049);
#970=VERTEX_POINT('',#3053);
#971=VERTEX_POINT('',#3054);
#972=VERTEX_POINT('',#3059);
#973=VERTEX_POINT('',#3063);
#974=VERTEX_POINT('',#3067);
#975=VERTEX_POINT('',#3071);
#976=VERTEX_POINT('',#3075);
#977=VERTEX_POINT('',#3076);
#978=VERTEX_POINT('',#3081);
#979=VERTEX_POINT('',#3085);
#980=VERTEX_POINT('',#3091);
#981=VERTEX_POINT('',#3095);
#982=VERTEX_POINT('',#3099);
#983=VERTEX_POINT('',#3103);
#984=VERTEX_POINT('',#3107);
#985=VERTEX_POINT('',#3111);
#986=VERTEX_POINT('',#3117);
#987=VERTEX_POINT('',#3119);
#988=VERTEX_POINT('',#3123);
#989=VERTEX_POINT('',#3127);
#990=VERTEX_POINT('',#3131);
#991=VERTEX_POINT('',#3135);
#992=VERTEX_POINT('',#3139);
#993=VERTEX_POINT('',#3143);
#994=VERTEX_POINT('',#3147);
#995=VERTEX_POINT('',#3151);
#996=VERTEX_POINT('',#3152);
#997=VERTEX_POINT('',#3157);
#998=VERTEX_POINT('',#3159);
#999=VERTEX_POINT('',#3163);
#1000=VERTEX_POINT('',#3165);
#1001=VERTEX_POINT('',#3169);
#1002=VERTEX_POINT('',#3171);
#1003=VERTEX_POINT('',#3175);
#1004=VERTEX_POINT('',#3177);
#1005=VERTEX_POINT('',#3181);
#1006=VERTEX_POINT('',#3183);
#1007=VERTEX_POINT('',#3187);
#1008=VERTEX_POINT('',#3189);
#1009=VERTEX_POINT('',#3193);
#1010=VERTEX_POINT('',#3195);
#1011=VERTEX_POINT('',#3199);
#1012=VERTEX_POINT('',#3204);
#1013=VERTEX_POINT('',#3208);
#1014=VERTEX_POINT('',#3212);
#1015=VERTEX_POINT('',#3216);
#1016=VERTEX_POINT('',#3220);
#1017=VERTEX_POINT('',#3224);
#1018=VERTEX_POINT('',#3231);
#1019=VERTEX_POINT('',#3232);
#1020=VERTEX_POINT('',#3237);
#1021=VERTEX_POINT('',#3239);
#1022=VERTEX_POINT('',#3243);
#1023=VERTEX_POINT('',#3245);
#1024=VERTEX_POINT('',#3249);
#1025=VERTEX_POINT('',#3251);
#1026=VERTEX_POINT('',#3255);
#1027=VERTEX_POINT('',#3257);
#1028=VERTEX_POINT('',#3261);
#1029=VERTEX_POINT('',#3263);
#1030=VERTEX_POINT('',#3267);
#1031=VERTEX_POINT('',#3269);
#1032=VERTEX_POINT('',#3273);
#1033=VERTEX_POINT('',#3275);
#1034=VERTEX_POINT('',#3279);
#1035=VERTEX_POINT('',#3284);
#1036=VERTEX_POINT('',#3288);
#1037=VERTEX_POINT('',#3292);
#1038=VERTEX_POINT('',#3296);
#1039=VERTEX_POINT('',#3300);
#1040=VERTEX_POINT('',#3304);
#1041=VERTEX_POINT('',#3341);
#1042=VERTEX_POINT('',#3343);
#1043=VERTEX_POINT('',#3347);
#1044=VERTEX_POINT('',#3348);
#1045=VERTEX_POINT('',#3350);
#1046=VERTEX_POINT('',#3352);
#1047=VERTEX_POINT('',#3354);
#1048=VERTEX_POINT('',#3356);
#1049=VERTEX_POINT('',#3358);
#1050=VERTEX_POINT('',#3360);
#1051=VERTEX_POINT('',#3364);
#1052=VERTEX_POINT('',#3368);
#1053=VERTEX_POINT('',#3370);
#1054=VERTEX_POINT('',#3374);
#1055=VERTEX_POINT('',#3375);
#1056=VERTEX_POINT('',#3378);
#1057=VERTEX_POINT('',#3380);
#1058=VERTEX_POINT('',#3382);
#1059=VERTEX_POINT('',#3384);
#1060=VERTEX_POINT('',#3388);
#1061=VERTEX_POINT('',#3392);
#1062=VERTEX_POINT('',#3394);
#1063=VERTEX_POINT('',#3398);
#1064=VERTEX_POINT('',#3401);
#1065=VERTEX_POINT('',#3403);
#1066=VERTEX_POINT('',#3406);
#1067=VERTEX_POINT('',#3410);
#1068=VERTEX_POINT('',#3412);
#1069=VERTEX_POINT('',#3414);
#1070=VERTEX_POINT('',#3416);
#1071=VERTEX_POINT('',#3418);
#1072=VERTEX_POINT('',#3420);
#1073=VERTEX_POINT('',#3424);
#1074=VERTEX_POINT('',#3426);
#1075=VERTEX_POINT('',#3428);
#1076=VERTEX_POINT('',#3430);
#1077=EDGE_CURVE('',#905,#906,#403,.T.);
#1078=EDGE_CURVE('',#906,#907,#371,.T.);
#1079=EDGE_CURVE('',#907,#908,#404,.T.);
#1080=EDGE_CURVE('',#905,#908,#372,.T.);
#1081=EDGE_CURVE('',#906,#909,#405,.T.);
#1082=EDGE_CURVE('',#909,#910,#373,.T.);
#1083=EDGE_CURVE('',#910,#907,#406,.T.);
#1084=EDGE_CURVE('',#911,#912,#407,.T.);
#1085=EDGE_CURVE('',#912,#913,#374,.T.);
#1086=EDGE_CURVE('',#913,#914,#408,.T.);
#1087=EDGE_CURVE('',#914,#911,#375,.T.);
#1088=EDGE_CURVE('',#912,#915,#409,.T.);
#1089=EDGE_CURVE('',#915,#916,#376,.T.);
#1090=EDGE_CURVE('',#916,#913,#410,.T.);
#1091=EDGE_CURVE('',#915,#917,#411,.T.);
#1092=EDGE_CURVE('',#917,#918,#377,.T.);
#1093=EDGE_CURVE('',#918,#916,#412,.T.);
#1094=EDGE_CURVE('',#917,#919,#413,.T.);
#1095=EDGE_CURVE('',#919,#920,#378,.T.);
#1096=EDGE_CURVE('',#920,#918,#414,.T.);
#1097=EDGE_CURVE('',#921,#920,#415,.T.);
#1098=EDGE_CURVE('',#919,#922,#416,.T.);
#1099=EDGE_CURVE('',#922,#921,#379,.T.);
#1100=EDGE_CURVE('',#923,#921,#417,.T.);
#1101=EDGE_CURVE('',#922,#924,#418,.T.);
#1102=EDGE_CURVE('',#924,#923,#380,.T.);
#1103=EDGE_CURVE('',#925,#923,#419,.T.);
#1104=EDGE_CURVE('',#924,#926,#420,.T.);
#1105=EDGE_CURVE('',#926,#925,#381,.T.);
#1106=EDGE_CURVE('',#927,#925,#421,.T.);
#1107=EDGE_CURVE('',#926,#928,#422,.T.);
#1108=EDGE_CURVE('',#928,#927,#382,.T.);
#1109=EDGE_CURVE('',#929,#927,#423,.T.);
#1110=EDGE_CURVE('',#928,#930,#424,.T.);
#1111=EDGE_CURVE('',#930,#929,#383,.T.);
#1112=EDGE_CURVE('',#909,#911,#425,.T.);
#1113=EDGE_CURVE('',#914,#910,#426,.T.);
#1114=EDGE_CURVE('',#931,#929,#427,.T.);
#1115=EDGE_CURVE('',#930,#932,#428,.T.);
#1116=EDGE_CURVE('',#932,#931,#384,.T.);
#1117=EDGE_CURVE('',#933,#931,#429,.T.);
#1118=EDGE_CURVE('',#932,#934,#430,.T.);
#1119=EDGE_CURVE('',#934,#933,#385,.T.);
#1120=EDGE_CURVE('',#935,#933,#431,.T.);
#1121=EDGE_CURVE('',#934,#936,#432,.T.);
#1122=EDGE_CURVE('',#936,#935,#386,.T.);
#1123=EDGE_CURVE('',#908,#935,#433,.T.);
#1124=EDGE_CURVE('',#936,#905,#434,.T.);
#1125=EDGE_CURVE('',#926,#937,#435,.T.);
#1126=EDGE_CURVE('',#938,#937,#436,.T.);
#1127=EDGE_CURVE('',#928,#938,#437,.T.);
#1128=EDGE_CURVE('',#924,#939,#438,.T.);
#1129=EDGE_CURVE('',#937,#939,#439,.T.);
#1130=EDGE_CURVE('',#922,#940,#440,.T.);
#1131=EDGE_CURVE('',#939,#940,#441,.T.);
#1132=EDGE_CURVE('',#919,#941,#442,.T.);
#1133=EDGE_CURVE('',#940,#941,#443,.T.);
#1134=EDGE_CURVE('',#917,#942,#444,.T.);
#1135=EDGE_CURVE('',#941,#942,#445,.T.);
#1136=EDGE_CURVE('',#915,#943,#446,.T.);
#1137=EDGE_CURVE('',#942,#943,#447,.T.);
#1138=EDGE_CURVE('',#912,#944,#448,.T.);
#1139=EDGE_CURVE('',#943,#944,#449,.T.);
#1140=EDGE_CURVE('',#911,#945,#450,.T.);
#1141=EDGE_CURVE('',#944,#945,#451,.T.);
#1142=EDGE_CURVE('',#946,#947,#21,.T.);
#1143=EDGE_CURVE('',#947,#948,#452,.T.);
#1144=EDGE_CURVE('',#948,#949,#453,.T.);
#1145=EDGE_CURVE('',#949,#950,#454,.T.);
#1146=EDGE_CURVE('',#950,#951,#455,.T.);
#1147=EDGE_CURVE('',#951,#952,#456,.T.);
#1148=EDGE_CURVE('',#952,#953,#457,.T.);
#1149=EDGE_CURVE('',#953,#946,#458,.T.);
#1150=EDGE_CURVE('',#954,#955,#459,.T.);
#1151=EDGE_CURVE('',#956,#954,#460,.T.);
#1152=EDGE_CURVE('',#957,#956,#461,.T.);
#1153=EDGE_CURVE('',#958,#957,#462,.T.);
#1154=EDGE_CURVE('',#959,#958,#463,.T.);
#1155=EDGE_CURVE('',#960,#959,#464,.T.);
#1156=EDGE_CURVE('',#961,#960,#465,.T.);
#1157=EDGE_CURVE('',#962,#961,#466,.T.);
#1158=EDGE_CURVE('',#963,#962,#467,.T.);
#1159=EDGE_CURVE('',#964,#963,#468,.T.);
#1160=EDGE_CURVE('',#965,#964,#469,.T.);
#1161=EDGE_CURVE('',#966,#965,#470,.T.);
#1162=EDGE_CURVE('',#967,#966,#471,.T.);
#1163=EDGE_CURVE('',#968,#967,#472,.T.);
#1164=EDGE_CURVE('',#969,#968,#473,.T.);
#1165=EDGE_CURVE('',#955,#969,#474,.T.);
#1166=EDGE_CURVE('',#970,#971,#475,.T.);
#1167=EDGE_CURVE('',#971,#965,#387,.T.);
#1168=EDGE_CURVE('',#970,#964,#388,.T.);
#1169=EDGE_CURVE('',#971,#972,#476,.T.);
#1170=EDGE_CURVE('',#972,#966,#389,.T.);
#1171=EDGE_CURVE('',#972,#973,#477,.T.);
#1172=EDGE_CURVE('',#973,#967,#390,.T.);
#1173=EDGE_CURVE('',#973,#974,#478,.T.);
#1174=EDGE_CURVE('',#974,#968,#391,.T.);
#1175=EDGE_CURVE('',#974,#975,#479,.T.);
#1176=EDGE_CURVE('',#975,#969,#392,.T.);
#1177=EDGE_CURVE('',#976,#977,#480,.T.);
#1178=EDGE_CURVE('',#977,#954,#393,.T.);
#1179=EDGE_CURVE('',#955,#976,#394,.T.);
#1180=EDGE_CURVE('',#977,#978,#481,.T.);
#1181=EDGE_CURVE('',#978,#956,#395,.T.);
#1182=EDGE_CURVE('',#978,#979,#482,.T.);
#1183=EDGE_CURVE('',#979,#957,#396,.T.);
#1184=EDGE_CURVE('',#975,#976,#483,.T.);
#1185=EDGE_CURVE('',#979,#980,#484,.T.);
#1186=EDGE_CURVE('',#980,#958,#397,.T.);
#1187=EDGE_CURVE('',#980,#981,#485,.T.);
#1188=EDGE_CURVE('',#981,#959,#398,.T.);
#1189=EDGE_CURVE('',#981,#982,#486,.T.);
#1190=EDGE_CURVE('',#982,#960,#399,.T.);
#1191=EDGE_CURVE('',#982,#983,#487,.T.);
#1192=EDGE_CURVE('',#983,#961,#400,.T.);
#1193=EDGE_CURVE('',#983,#984,#488,.T.);
#1194=EDGE_CURVE('',#984,#962,#401,.T.);
#1195=EDGE_CURVE('',#984,#985,#489,.T.);
#1196=EDGE_CURVE('',#985,#963,#402,.T.);
#1197=EDGE_CURVE('',#985,#970,#490,.T.);
#1198=EDGE_CURVE('',#983,#986,#491,.T.);
#1199=EDGE_CURVE('',#987,#986,#492,.T.);
#1200=EDGE_CURVE('',#984,#987,#493,.T.);
#1201=EDGE_CURVE('',#982,#988,#494,.T.);
#1202=EDGE_CURVE('',#986,#988,#495,.T.);
#1203=EDGE_CURVE('',#981,#989,#496,.T.);
#1204=EDGE_CURVE('',#988,#989,#497,.T.);
#1205=EDGE_CURVE('',#980,#990,#498,.T.);
#1206=EDGE_CURVE('',#989,#990,#499,.T.);
#1207=EDGE_CURVE('',#979,#991,#500,.T.);
#1208=EDGE_CURVE('',#990,#991,#501,.T.);
#1209=EDGE_CURVE('',#978,#992,#502,.T.);
#1210=EDGE_CURVE('',#991,#992,#503,.T.);
#1211=EDGE_CURVE('',#977,#993,#504,.T.);
#1212=EDGE_CURVE('',#992,#993,#505,.T.);
#1213=EDGE_CURVE('',#976,#994,#506,.T.);
#1214=EDGE_CURVE('',#993,#994,#507,.T.);
#1215=EDGE_CURVE('',#995,#996,#508,.T.);
#1216=EDGE_CURVE('',#996,#987,#509,.T.);
#1217=EDGE_CURVE('',#995,#986,#510,.T.);
#1218=EDGE_CURVE('',#996,#997,#511,.T.);
#1219=EDGE_CURVE('',#997,#998,#512,.T.);
#1220=EDGE_CURVE('',#998,#987,#513,.T.);
#1221=EDGE_CURVE('',#997,#999,#514,.T.);
#1222=EDGE_CURVE('',#999,#1000,#515,.T.);
#1223=EDGE_CURVE('',#1000,#998,#516,.T.);
#1224=EDGE_CURVE('',#999,#1001,#517,.T.);
#1225=EDGE_CURVE('',#1001,#1002,#518,.T.);
#1226=EDGE_CURVE('',#1002,#1000,#519,.T.);
#1227=EDGE_CURVE('',#1001,#1003,#520,.T.);
#1228=EDGE_CURVE('',#1003,#1004,#521,.T.);
#1229=EDGE_CURVE('',#1004,#1002,#522,.T.);
#1230=EDGE_CURVE('',#1003,#1005,#523,.T.);
#1231=EDGE_CURVE('',#1005,#1006,#524,.T.);
#1232=EDGE_CURVE('',#1006,#1004,#525,.T.);
#1233=EDGE_CURVE('',#1005,#1007,#526,.T.);
#1234=EDGE_CURVE('',#1007,#1008,#527,.T.);
#1235=EDGE_CURVE('',#1008,#1006,#528,.T.);
#1236=EDGE_CURVE('',#1007,#1009,#529,.T.);
#1237=EDGE_CURVE('',#1009,#1010,#530,.T.);
#1238=EDGE_CURVE('',#1010,#1008,#531,.T.);
#1239=EDGE_CURVE('',#1009,#1011,#532,.T.);
#1240=EDGE_CURVE('',#1011,#994,#533,.T.);
#1241=EDGE_CURVE('',#994,#1010,#534,.T.);
#1242=EDGE_CURVE('',#1011,#1012,#535,.T.);
#1243=EDGE_CURVE('',#1012,#993,#536,.T.);
#1244=EDGE_CURVE('',#1012,#1013,#537,.T.);
#1245=EDGE_CURVE('',#1013,#992,#538,.T.);
#1246=EDGE_CURVE('',#1013,#1014,#539,.T.);
#1247=EDGE_CURVE('',#1014,#991,#540,.T.);
#1248=EDGE_CURVE('',#1014,#1015,#541,.T.);
#1249=EDGE_CURVE('',#1015,#990,#542,.T.);
#1250=EDGE_CURVE('',#1015,#1016,#543,.T.);
#1251=EDGE_CURVE('',#1016,#989,#544,.T.);
#1252=EDGE_CURVE('',#1016,#1017,#545,.T.);
#1253=EDGE_CURVE('',#1017,#988,#546,.T.);
#1254=EDGE_CURVE('',#1017,#995,#547,.T.);
#1255=EDGE_CURVE('',#1018,#1019,#548,.T.);
#1256=EDGE_CURVE('',#1019,#938,#549,.T.);
#1257=EDGE_CURVE('',#1018,#937,#550,.T.);
#1258=EDGE_CURVE('',#1019,#1020,#551,.T.);
#1259=EDGE_CURVE('',#1020,#1021,#552,.T.);
#1260=EDGE_CURVE('',#1021,#938,#553,.T.);
#1261=EDGE_CURVE('',#1020,#1022,#554,.T.);
#1262=EDGE_CURVE('',#1022,#1023,#555,.T.);
#1263=EDGE_CURVE('',#1023,#1021,#556,.T.);
#1264=EDGE_CURVE('',#1022,#1024,#557,.T.);
#1265=EDGE_CURVE('',#1024,#1025,#558,.T.);
#1266=EDGE_CURVE('',#1025,#1023,#559,.T.);
#1267=EDGE_CURVE('',#1024,#1026,#560,.T.);
#1268=EDGE_CURVE('',#1026,#1027,#561,.T.);
#1269=EDGE_CURVE('',#1027,#1025,#562,.T.);
#1270=EDGE_CURVE('',#1026,#1028,#563,.T.);
#1271=EDGE_CURVE('',#1028,#1029,#564,.T.);
#1272=EDGE_CURVE('',#1029,#1027,#565,.T.);
#1273=EDGE_CURVE('',#1028,#1030,#566,.T.);
#1274=EDGE_CURVE('',#1030,#1031,#567,.T.);
#1275=EDGE_CURVE('',#1031,#1029,#568,.T.);
#1276=EDGE_CURVE('',#1030,#1032,#569,.T.);
#1277=EDGE_CURVE('',#1032,#1033,#570,.T.);
#1278=EDGE_CURVE('',#1033,#1031,#571,.T.);
#1279=EDGE_CURVE('',#1032,#1034,#572,.T.);
#1280=EDGE_CURVE('',#1034,#945,#573,.T.);
#1281=EDGE_CURVE('',#945,#1033,#574,.T.);
#1282=EDGE_CURVE('',#1034,#1035,#575,.T.);
#1283=EDGE_CURVE('',#1035,#944,#576,.T.);
#1284=EDGE_CURVE('',#1035,#1036,#577,.T.);
#1285=EDGE_CURVE('',#1036,#943,#578,.T.);
#1286=EDGE_CURVE('',#1036,#1037,#579,.T.);
#1287=EDGE_CURVE('',#1037,#942,#580,.T.);
#1288=EDGE_CURVE('',#1037,#1038,#581,.T.);
#1289=EDGE_CURVE('',#1038,#941,#582,.T.);
#1290=EDGE_CURVE('',#1038,#1039,#583,.T.);
#1291=EDGE_CURVE('',#1039,#940,#584,.T.);
#1292=EDGE_CURVE('',#1039,#1040,#585,.T.);
#1293=EDGE_CURVE('',#1040,#939,#586,.T.);
#1294=EDGE_CURVE('',#1040,#1018,#587,.T.);
#1295=EDGE_CURVE('',#975,#1010,#588,.T.);
#1296=EDGE_CURVE('',#985,#998,#589,.T.);
#1297=EDGE_CURVE('',#970,#1000,#590,.T.);
#1298=EDGE_CURVE('',#971,#1002,#591,.T.);
#1299=EDGE_CURVE('',#972,#1004,#592,.T.);
#1300=EDGE_CURVE('',#973,#1006,#593,.T.);
#1301=EDGE_CURVE('',#974,#1008,#594,.T.);
#1302=EDGE_CURVE('',#909,#1033,#595,.T.);
#1303=EDGE_CURVE('',#930,#1021,#596,.T.);
#1304=EDGE_CURVE('',#932,#1023,#597,.T.);
#1305=EDGE_CURVE('',#934,#1025,#598,.T.);
#1306=EDGE_CURVE('',#936,#1027,#599,.T.);
#1307=EDGE_CURVE('',#905,#1029,#600,.T.);
#1308=EDGE_CURVE('',#906,#1031,#601,.T.);
#1309=EDGE_CURVE('',#1041,#1041,#22,.T.);
#1310=EDGE_CURVE('',#1041,#1042,#602,.T.);
#1311=EDGE_CURVE('',#1042,#1042,#23,.T.);
#1312=EDGE_CURVE('',#1043,#1044,#603,.T.);
#1313=EDGE_CURVE('',#1044,#1045,#604,.T.);
#1314=EDGE_CURVE('',#1045,#1046,#605,.T.);
#1315=EDGE_CURVE('',#1046,#1047,#606,.T.);
#1316=EDGE_CURVE('',#1047,#1048,#607,.T.);
#1317=EDGE_CURVE('',#1048,#1049,#608,.T.);
#1318=EDGE_CURVE('',#1049,#1050,#609,.T.);
#1319=EDGE_CURVE('',#1050,#1043,#610,.T.);
#1320=EDGE_CURVE('',#1042,#1051,#611,.T.);
#1321=EDGE_CURVE('',#1051,#1051,#24,.T.);
#1322=EDGE_CURVE('',#1052,#1052,#25,.T.);
#1323=EDGE_CURVE('',#1052,#1053,#612,.T.);
#1324=EDGE_CURVE('',#1053,#1053,#26,.T.);
#1325=EDGE_CURVE('',#1054,#1055,#613,.T.);
#1326=EDGE_CURVE('',#1055,#950,#614,.T.);
#1327=EDGE_CURVE('',#949,#1056,#615,.T.);
#1328=EDGE_CURVE('',#1056,#1057,#616,.T.);
#1329=EDGE_CURVE('',#1057,#1058,#617,.T.);
#1330=EDGE_CURVE('',#1058,#1059,#618,.T.);
#1331=EDGE_CURVE('',#1059,#1054,#619,.T.);
#1332=EDGE_CURVE('',#1053,#1060,#620,.T.);
#1333=EDGE_CURVE('',#1060,#1060,#27,.T.);
#1334=EDGE_CURVE('',#1061,#946,#621,.T.);
#1335=EDGE_CURVE('',#1062,#1061,#28,.T.);
#1336=EDGE_CURVE('',#947,#1062,#622,.T.);
#1337=EDGE_CURVE('',#1063,#1061,#623,.T.);
#1338=EDGE_CURVE('',#1046,#1063,#624,.T.);
#1339=EDGE_CURVE('',#1064,#1045,#625,.T.);
#1340=EDGE_CURVE('',#1065,#1064,#626,.T.);
#1341=EDGE_CURVE('',#1055,#1065,#627,.T.);
#1342=EDGE_CURVE('',#1066,#1054,#628,.T.);
#1343=EDGE_CURVE('',#1062,#1066,#629,.T.);
#1344=EDGE_CURVE('',#1067,#953,#630,.T.);
#1345=EDGE_CURVE('',#1068,#1067,#631,.T.);
#1346=EDGE_CURVE('',#1069,#1068,#632,.T.);
#1347=EDGE_CURVE('',#1070,#1069,#633,.T.);
#1348=EDGE_CURVE('',#1071,#1070,#634,.T.);
#1349=EDGE_CURVE('',#1072,#1071,#635,.T.);
#1350=EDGE_CURVE('',#1063,#1072,#636,.T.);
#1351=EDGE_CURVE('',#1073,#1066,#637,.T.);
#1352=EDGE_CURVE('',#1074,#1073,#638,.T.);
#1353=EDGE_CURVE('',#1075,#1074,#639,.T.);
#1354=EDGE_CURVE('',#1076,#1075,#640,.T.);
#1355=EDGE_CURVE('',#1076,#948,#641,.T.);
#1356=EDGE_CURVE('',#1068,#1043,#642,.T.);
#1357=EDGE_CURVE('',#1044,#1067,#643,.T.);
#1358=EDGE_CURVE('',#1050,#1069,#644,.T.);
#1359=EDGE_CURVE('',#1059,#1073,#645,.T.);
#1360=EDGE_CURVE('',#1065,#951,#646,.T.);
#1361=EDGE_CURVE('',#952,#1064,#647,.T.);
#1362=EDGE_CURVE('',#1058,#1074,#648,.T.);
#1363=EDGE_CURVE('',#1057,#1075,#649,.T.);
#1364=EDGE_CURVE('',#1056,#1076,#650,.T.);
#1365=EDGE_CURVE('',#1049,#1070,#651,.T.);
#1366=EDGE_CURVE('',#1048,#1071,#652,.T.);
#1367=EDGE_CURVE('',#1047,#1072,#653,.T.);
#1368=ORIENTED_EDGE('',*,*,#1077,.T.);
#1369=ORIENTED_EDGE('',*,*,#1078,.T.);
#1370=ORIENTED_EDGE('',*,*,#1079,.T.);
#1371=ORIENTED_EDGE('',*,*,#1080,.F.);
#1372=ORIENTED_EDGE('',*,*,#1081,.T.);
#1373=ORIENTED_EDGE('',*,*,#1082,.T.);
#1374=ORIENTED_EDGE('',*,*,#1083,.T.);
#1375=ORIENTED_EDGE('',*,*,#1078,.F.);
#1376=ORIENTED_EDGE('',*,*,#1084,.T.);
#1377=ORIENTED_EDGE('',*,*,#1085,.T.);
#1378=ORIENTED_EDGE('',*,*,#1086,.T.);
#1379=ORIENTED_EDGE('',*,*,#1087,.T.);
#1380=ORIENTED_EDGE('',*,*,#1088,.T.);
#1381=ORIENTED_EDGE('',*,*,#1089,.T.);
#1382=ORIENTED_EDGE('',*,*,#1090,.T.);
#1383=ORIENTED_EDGE('',*,*,#1085,.F.);
#1384=ORIENTED_EDGE('',*,*,#1091,.T.);
#1385=ORIENTED_EDGE('',*,*,#1092,.T.);
#1386=ORIENTED_EDGE('',*,*,#1093,.T.);
#1387=ORIENTED_EDGE('',*,*,#1089,.F.);
#1388=ORIENTED_EDGE('',*,*,#1094,.T.);
#1389=ORIENTED_EDGE('',*,*,#1095,.T.);
#1390=ORIENTED_EDGE('',*,*,#1096,.T.);
#1391=ORIENTED_EDGE('',*,*,#1092,.F.);
#1392=ORIENTED_EDGE('',*,*,#1097,.T.);
#1393=ORIENTED_EDGE('',*,*,#1095,.F.);
#1394=ORIENTED_EDGE('',*,*,#1098,.T.);
#1395=ORIENTED_EDGE('',*,*,#1099,.T.);
#1396=ORIENTED_EDGE('',*,*,#1100,.T.);
#1397=ORIENTED_EDGE('',*,*,#1099,.F.);
#1398=ORIENTED_EDGE('',*,*,#1101,.T.);
#1399=ORIENTED_EDGE('',*,*,#1102,.T.);
#1400=ORIENTED_EDGE('',*,*,#1103,.T.);
#1401=ORIENTED_EDGE('',*,*,#1102,.F.);
#1402=ORIENTED_EDGE('',*,*,#1104,.T.);
#1403=ORIENTED_EDGE('',*,*,#1105,.T.);
#1404=ORIENTED_EDGE('',*,*,#1106,.T.);
#1405=ORIENTED_EDGE('',*,*,#1105,.F.);
#1406=ORIENTED_EDGE('',*,*,#1107,.T.);
#1407=ORIENTED_EDGE('',*,*,#1108,.T.);
#1408=ORIENTED_EDGE('',*,*,#1109,.T.);
#1409=ORIENTED_EDGE('',*,*,#1108,.F.);
#1410=ORIENTED_EDGE('',*,*,#1110,.T.);
#1411=ORIENTED_EDGE('',*,*,#1111,.T.);
#1412=ORIENTED_EDGE('',*,*,#1112,.T.);
#1413=ORIENTED_EDGE('',*,*,#1087,.F.);
#1414=ORIENTED_EDGE('',*,*,#1113,.T.);
#1415=ORIENTED_EDGE('',*,*,#1082,.F.);
#1416=ORIENTED_EDGE('',*,*,#1114,.T.);
#1417=ORIENTED_EDGE('',*,*,#1111,.F.);
#1418=ORIENTED_EDGE('',*,*,#1115,.T.);
#1419=ORIENTED_EDGE('',*,*,#1116,.T.);
#1420=ORIENTED_EDGE('',*,*,#1117,.T.);
#1421=ORIENTED_EDGE('',*,*,#1116,.F.);
#1422=ORIENTED_EDGE('',*,*,#1118,.T.);
#1423=ORIENTED_EDGE('',*,*,#1119,.T.);
#1424=ORIENTED_EDGE('',*,*,#1120,.T.);
#1425=ORIENTED_EDGE('',*,*,#1119,.F.);
#1426=ORIENTED_EDGE('',*,*,#1121,.T.);
#1427=ORIENTED_EDGE('',*,*,#1122,.T.);
#1428=ORIENTED_EDGE('',*,*,#1123,.T.);
#1429=ORIENTED_EDGE('',*,*,#1122,.F.);
#1430=ORIENTED_EDGE('',*,*,#1124,.T.);
#1431=ORIENTED_EDGE('',*,*,#1080,.T.);
#1432=ORIENTED_EDGE('',*,*,#1107,.F.);
#1433=ORIENTED_EDGE('',*,*,#1125,.T.);
#1434=ORIENTED_EDGE('',*,*,#1126,.F.);
#1435=ORIENTED_EDGE('',*,*,#1127,.F.);
#1436=ORIENTED_EDGE('',*,*,#1104,.F.);
#1437=ORIENTED_EDGE('',*,*,#1128,.T.);
#1438=ORIENTED_EDGE('',*,*,#1129,.F.);
#1439=ORIENTED_EDGE('',*,*,#1125,.F.);
#1440=ORIENTED_EDGE('',*,*,#1101,.F.);
#1441=ORIENTED_EDGE('',*,*,#1130,.T.);
#1442=ORIENTED_EDGE('',*,*,#1131,.F.);
#1443=ORIENTED_EDGE('',*,*,#1128,.F.);
#1444=ORIENTED_EDGE('',*,*,#1098,.F.);
#1445=ORIENTED_EDGE('',*,*,#1132,.T.);
#1446=ORIENTED_EDGE('',*,*,#1133,.F.);
#1447=ORIENTED_EDGE('',*,*,#1130,.F.);
#1448=ORIENTED_EDGE('',*,*,#1094,.F.);
#1449=ORIENTED_EDGE('',*,*,#1134,.T.);
#1450=ORIENTED_EDGE('',*,*,#1135,.F.);
#1451=ORIENTED_EDGE('',*,*,#1132,.F.);
#1452=ORIENTED_EDGE('',*,*,#1091,.F.);
#1453=ORIENTED_EDGE('',*,*,#1136,.T.);
#1454=ORIENTED_EDGE('',*,*,#1137,.F.);
#1455=ORIENTED_EDGE('',*,*,#1134,.F.);
#1456=ORIENTED_EDGE('',*,*,#1088,.F.);
#1457=ORIENTED_EDGE('',*,*,#1138,.T.);
#1458=ORIENTED_EDGE('',*,*,#1139,.F.);
#1459=ORIENTED_EDGE('',*,*,#1136,.F.);
#1460=ORIENTED_EDGE('',*,*,#1084,.F.);
#1461=ORIENTED_EDGE('',*,*,#1140,.T.);
#1462=ORIENTED_EDGE('',*,*,#1141,.F.);
#1463=ORIENTED_EDGE('',*,*,#1138,.F.);
#1464=ORIENTED_EDGE('',*,*,#1142,.T.);
#1465=ORIENTED_EDGE('',*,*,#1143,.T.);
#1466=ORIENTED_EDGE('',*,*,#1144,.T.);
#1467=ORIENTED_EDGE('',*,*,#1145,.T.);
#1468=ORIENTED_EDGE('',*,*,#1146,.T.);
#1469=ORIENTED_EDGE('',*,*,#1147,.T.);
#1470=ORIENTED_EDGE('',*,*,#1148,.T.);
#1471=ORIENTED_EDGE('',*,*,#1149,.T.);
#1472=ORIENTED_EDGE('',*,*,#1150,.F.);
#1473=ORIENTED_EDGE('',*,*,#1151,.F.);
#1474=ORIENTED_EDGE('',*,*,#1152,.F.);
#1475=ORIENTED_EDGE('',*,*,#1153,.F.);
#1476=ORIENTED_EDGE('',*,*,#1154,.F.);
#1477=ORIENTED_EDGE('',*,*,#1155,.F.);
#1478=ORIENTED_EDGE('',*,*,#1156,.F.);
#1479=ORIENTED_EDGE('',*,*,#1157,.F.);
#1480=ORIENTED_EDGE('',*,*,#1158,.F.);
#1481=ORIENTED_EDGE('',*,*,#1159,.F.);
#1482=ORIENTED_EDGE('',*,*,#1160,.F.);
#1483=ORIENTED_EDGE('',*,*,#1161,.F.);
#1484=ORIENTED_EDGE('',*,*,#1162,.F.);
#1485=ORIENTED_EDGE('',*,*,#1163,.F.);
#1486=ORIENTED_EDGE('',*,*,#1164,.F.);
#1487=ORIENTED_EDGE('',*,*,#1165,.F.);
#1488=ORIENTED_EDGE('',*,*,#1086,.F.);
#1489=ORIENTED_EDGE('',*,*,#1090,.F.);
#1490=ORIENTED_EDGE('',*,*,#1093,.F.);
#1491=ORIENTED_EDGE('',*,*,#1096,.F.);
#1492=ORIENTED_EDGE('',*,*,#1097,.F.);
#1493=ORIENTED_EDGE('',*,*,#1100,.F.);
#1494=ORIENTED_EDGE('',*,*,#1103,.F.);
#1495=ORIENTED_EDGE('',*,*,#1106,.F.);
#1496=ORIENTED_EDGE('',*,*,#1109,.F.);
#1497=ORIENTED_EDGE('',*,*,#1114,.F.);
#1498=ORIENTED_EDGE('',*,*,#1117,.F.);
#1499=ORIENTED_EDGE('',*,*,#1120,.F.);
#1500=ORIENTED_EDGE('',*,*,#1123,.F.);
#1501=ORIENTED_EDGE('',*,*,#1079,.F.);
#1502=ORIENTED_EDGE('',*,*,#1083,.F.);
#1503=ORIENTED_EDGE('',*,*,#1113,.F.);
#1504=ORIENTED_EDGE('',*,*,#1166,.T.);
#1505=ORIENTED_EDGE('',*,*,#1167,.T.);
#1506=ORIENTED_EDGE('',*,*,#1160,.T.);
#1507=ORIENTED_EDGE('',*,*,#1168,.F.);
#1508=ORIENTED_EDGE('',*,*,#1169,.T.);
#1509=ORIENTED_EDGE('',*,*,#1170,.T.);
#1510=ORIENTED_EDGE('',*,*,#1161,.T.);
#1511=ORIENTED_EDGE('',*,*,#1167,.F.);
#1512=ORIENTED_EDGE('',*,*,#1171,.T.);
#1513=ORIENTED_EDGE('',*,*,#1172,.T.);
#1514=ORIENTED_EDGE('',*,*,#1162,.T.);
#1515=ORIENTED_EDGE('',*,*,#1170,.F.);
#1516=ORIENTED_EDGE('',*,*,#1173,.T.);
#1517=ORIENTED_EDGE('',*,*,#1174,.T.);
#1518=ORIENTED_EDGE('',*,*,#1163,.T.);
#1519=ORIENTED_EDGE('',*,*,#1172,.F.);
#1520=ORIENTED_EDGE('',*,*,#1175,.T.);
#1521=ORIENTED_EDGE('',*,*,#1176,.T.);
#1522=ORIENTED_EDGE('',*,*,#1164,.T.);
#1523=ORIENTED_EDGE('',*,*,#1174,.F.);
#1524=ORIENTED_EDGE('',*,*,#1177,.T.);
#1525=ORIENTED_EDGE('',*,*,#1178,.T.);
#1526=ORIENTED_EDGE('',*,*,#1150,.T.);
#1527=ORIENTED_EDGE('',*,*,#1179,.T.);
#1528=ORIENTED_EDGE('',*,*,#1151,.T.);
#1529=ORIENTED_EDGE('',*,*,#1178,.F.);
#1530=ORIENTED_EDGE('',*,*,#1180,.T.);
#1531=ORIENTED_EDGE('',*,*,#1181,.T.);
#1532=ORIENTED_EDGE('',*,*,#1152,.T.);
#1533=ORIENTED_EDGE('',*,*,#1181,.F.);
#1534=ORIENTED_EDGE('',*,*,#1182,.T.);
#1535=ORIENTED_EDGE('',*,*,#1183,.T.);
#1536=ORIENTED_EDGE('',*,*,#1184,.T.);
#1537=ORIENTED_EDGE('',*,*,#1179,.F.);
#1538=ORIENTED_EDGE('',*,*,#1165,.T.);
#1539=ORIENTED_EDGE('',*,*,#1176,.F.);
#1540=ORIENTED_EDGE('',*,*,#1153,.T.);
#1541=ORIENTED_EDGE('',*,*,#1183,.F.);
#1542=ORIENTED_EDGE('',*,*,#1185,.T.);
#1543=ORIENTED_EDGE('',*,*,#1186,.T.);
#1544=ORIENTED_EDGE('',*,*,#1154,.T.);
#1545=ORIENTED_EDGE('',*,*,#1186,.F.);
#1546=ORIENTED_EDGE('',*,*,#1187,.T.);
#1547=ORIENTED_EDGE('',*,*,#1188,.T.);
#1548=ORIENTED_EDGE('',*,*,#1155,.T.);
#1549=ORIENTED_EDGE('',*,*,#1188,.F.);
#1550=ORIENTED_EDGE('',*,*,#1189,.T.);
#1551=ORIENTED_EDGE('',*,*,#1190,.T.);
#1552=ORIENTED_EDGE('',*,*,#1156,.T.);
#1553=ORIENTED_EDGE('',*,*,#1190,.F.);
#1554=ORIENTED_EDGE('',*,*,#1191,.T.);
#1555=ORIENTED_EDGE('',*,*,#1192,.T.);
#1556=ORIENTED_EDGE('',*,*,#1157,.T.);
#1557=ORIENTED_EDGE('',*,*,#1192,.F.);
#1558=ORIENTED_EDGE('',*,*,#1193,.T.);
#1559=ORIENTED_EDGE('',*,*,#1194,.T.);
#1560=ORIENTED_EDGE('',*,*,#1158,.T.);
#1561=ORIENTED_EDGE('',*,*,#1194,.F.);
#1562=ORIENTED_EDGE('',*,*,#1195,.T.);
#1563=ORIENTED_EDGE('',*,*,#1196,.T.);
#1564=ORIENTED_EDGE('',*,*,#1159,.T.);
#1565=ORIENTED_EDGE('',*,*,#1196,.F.);
#1566=ORIENTED_EDGE('',*,*,#1197,.T.);
#1567=ORIENTED_EDGE('',*,*,#1168,.T.);
#1568=ORIENTED_EDGE('',*,*,#1193,.F.);
#1569=ORIENTED_EDGE('',*,*,#1198,.T.);
#1570=ORIENTED_EDGE('',*,*,#1199,.F.);
#1571=ORIENTED_EDGE('',*,*,#1200,.F.);
#1572=ORIENTED_EDGE('',*,*,#1191,.F.);
#1573=ORIENTED_EDGE('',*,*,#1201,.T.);
#1574=ORIENTED_EDGE('',*,*,#1202,.F.);
#1575=ORIENTED_EDGE('',*,*,#1198,.F.);
#1576=ORIENTED_EDGE('',*,*,#1189,.F.);
#1577=ORIENTED_EDGE('',*,*,#1203,.T.);
#1578=ORIENTED_EDGE('',*,*,#1204,.F.);
#1579=ORIENTED_EDGE('',*,*,#1201,.F.);
#1580=ORIENTED_EDGE('',*,*,#1187,.F.);
#1581=ORIENTED_EDGE('',*,*,#1205,.T.);
#1582=ORIENTED_EDGE('',*,*,#1206,.F.);
#1583=ORIENTED_EDGE('',*,*,#1203,.F.);
#1584=ORIENTED_EDGE('',*,*,#1185,.F.);
#1585=ORIENTED_EDGE('',*,*,#1207,.T.);
#1586=ORIENTED_EDGE('',*,*,#1208,.F.);
#1587=ORIENTED_EDGE('',*,*,#1205,.F.);
#1588=ORIENTED_EDGE('',*,*,#1182,.F.);
#1589=ORIENTED_EDGE('',*,*,#1209,.T.);
#1590=ORIENTED_EDGE('',*,*,#1210,.F.);
#1591=ORIENTED_EDGE('',*,*,#1207,.F.);
#1592=ORIENTED_EDGE('',*,*,#1180,.F.);
#1593=ORIENTED_EDGE('',*,*,#1211,.T.);
#1594=ORIENTED_EDGE('',*,*,#1212,.F.);
#1595=ORIENTED_EDGE('',*,*,#1209,.F.);
#1596=ORIENTED_EDGE('',*,*,#1177,.F.);
#1597=ORIENTED_EDGE('',*,*,#1213,.T.);
#1598=ORIENTED_EDGE('',*,*,#1214,.F.);
#1599=ORIENTED_EDGE('',*,*,#1211,.F.);
#1600=ORIENTED_EDGE('',*,*,#1215,.T.);
#1601=ORIENTED_EDGE('',*,*,#1216,.T.);
#1602=ORIENTED_EDGE('',*,*,#1199,.T.);
#1603=ORIENTED_EDGE('',*,*,#1217,.F.);
#1604=ORIENTED_EDGE('',*,*,#1218,.T.);
#1605=ORIENTED_EDGE('',*,*,#1219,.T.);
#1606=ORIENTED_EDGE('',*,*,#1220,.T.);
#1607=ORIENTED_EDGE('',*,*,#1216,.F.);
#1608=ORIENTED_EDGE('',*,*,#1221,.T.);
#1609=ORIENTED_EDGE('',*,*,#1222,.T.);
#1610=ORIENTED_EDGE('',*,*,#1223,.T.);
#1611=ORIENTED_EDGE('',*,*,#1219,.F.);
#1612=ORIENTED_EDGE('',*,*,#1224,.T.);
#1613=ORIENTED_EDGE('',*,*,#1225,.T.);
#1614=ORIENTED_EDGE('',*,*,#1226,.T.);
#1615=ORIENTED_EDGE('',*,*,#1222,.F.);
#1616=ORIENTED_EDGE('',*,*,#1227,.T.);
#1617=ORIENTED_EDGE('',*,*,#1228,.T.);
#1618=ORIENTED_EDGE('',*,*,#1229,.T.);
#1619=ORIENTED_EDGE('',*,*,#1225,.F.);
#1620=ORIENTED_EDGE('',*,*,#1230,.T.);
#1621=ORIENTED_EDGE('',*,*,#1231,.T.);
#1622=ORIENTED_EDGE('',*,*,#1232,.T.);
#1623=ORIENTED_EDGE('',*,*,#1228,.F.);
#1624=ORIENTED_EDGE('',*,*,#1233,.T.);
#1625=ORIENTED_EDGE('',*,*,#1234,.T.);
#1626=ORIENTED_EDGE('',*,*,#1235,.T.);
#1627=ORIENTED_EDGE('',*,*,#1231,.F.);
#1628=ORIENTED_EDGE('',*,*,#1236,.T.);
#1629=ORIENTED_EDGE('',*,*,#1237,.T.);
#1630=ORIENTED_EDGE('',*,*,#1238,.T.);
#1631=ORIENTED_EDGE('',*,*,#1234,.F.);
#1632=ORIENTED_EDGE('',*,*,#1239,.T.);
#1633=ORIENTED_EDGE('',*,*,#1240,.T.);
#1634=ORIENTED_EDGE('',*,*,#1241,.T.);
#1635=ORIENTED_EDGE('',*,*,#1237,.F.);
#1636=ORIENTED_EDGE('',*,*,#1214,.T.);
#1637=ORIENTED_EDGE('',*,*,#1240,.F.);
#1638=ORIENTED_EDGE('',*,*,#1242,.T.);
#1639=ORIENTED_EDGE('',*,*,#1243,.T.);
#1640=ORIENTED_EDGE('',*,*,#1212,.T.);
#1641=ORIENTED_EDGE('',*,*,#1243,.F.);
#1642=ORIENTED_EDGE('',*,*,#1244,.T.);
#1643=ORIENTED_EDGE('',*,*,#1245,.T.);
#1644=ORIENTED_EDGE('',*,*,#1210,.T.);
#1645=ORIENTED_EDGE('',*,*,#1245,.F.);
#1646=ORIENTED_EDGE('',*,*,#1246,.T.);
#1647=ORIENTED_EDGE('',*,*,#1247,.T.);
#1648=ORIENTED_EDGE('',*,*,#1208,.T.);
#1649=ORIENTED_EDGE('',*,*,#1247,.F.);
#1650=ORIENTED_EDGE('',*,*,#1248,.T.);
#1651=ORIENTED_EDGE('',*,*,#1249,.T.);
#1652=ORIENTED_EDGE('',*,*,#1206,.T.);
#1653=ORIENTED_EDGE('',*,*,#1249,.F.);
#1654=ORIENTED_EDGE('',*,*,#1250,.T.);
#1655=ORIENTED_EDGE('',*,*,#1251,.T.);
#1656=ORIENTED_EDGE('',*,*,#1204,.T.);
#1657=ORIENTED_EDGE('',*,*,#1251,.F.);
#1658=ORIENTED_EDGE('',*,*,#1252,.T.);
#1659=ORIENTED_EDGE('',*,*,#1253,.T.);
#1660=ORIENTED_EDGE('',*,*,#1202,.T.);
#1661=ORIENTED_EDGE('',*,*,#1253,.F.);
#1662=ORIENTED_EDGE('',*,*,#1254,.T.);
#1663=ORIENTED_EDGE('',*,*,#1217,.T.);
#1664=ORIENTED_EDGE('',*,*,#1215,.F.);
#1665=ORIENTED_EDGE('',*,*,#1254,.F.);
#1666=ORIENTED_EDGE('',*,*,#1252,.F.);
#1667=ORIENTED_EDGE('',*,*,#1250,.F.);
#1668=ORIENTED_EDGE('',*,*,#1248,.F.);
#1669=ORIENTED_EDGE('',*,*,#1246,.F.);
#1670=ORIENTED_EDGE('',*,*,#1244,.F.);
#1671=ORIENTED_EDGE('',*,*,#1242,.F.);
#1672=ORIENTED_EDGE('',*,*,#1239,.F.);
#1673=ORIENTED_EDGE('',*,*,#1236,.F.);
#1674=ORIENTED_EDGE('',*,*,#1233,.F.);
#1675=ORIENTED_EDGE('',*,*,#1230,.F.);
#1676=ORIENTED_EDGE('',*,*,#1227,.F.);
#1677=ORIENTED_EDGE('',*,*,#1224,.F.);
#1678=ORIENTED_EDGE('',*,*,#1221,.F.);
#1679=ORIENTED_EDGE('',*,*,#1218,.F.);
#1680=ORIENTED_EDGE('',*,*,#1255,.T.);
#1681=ORIENTED_EDGE('',*,*,#1256,.T.);
#1682=ORIENTED_EDGE('',*,*,#1126,.T.);
#1683=ORIENTED_EDGE('',*,*,#1257,.F.);
#1684=ORIENTED_EDGE('',*,*,#1258,.T.);
#1685=ORIENTED_EDGE('',*,*,#1259,.T.);
#1686=ORIENTED_EDGE('',*,*,#1260,.T.);
#1687=ORIENTED_EDGE('',*,*,#1256,.F.);
#1688=ORIENTED_EDGE('',*,*,#1261,.T.);
#1689=ORIENTED_EDGE('',*,*,#1262,.T.);
#1690=ORIENTED_EDGE('',*,*,#1263,.T.);
#1691=ORIENTED_EDGE('',*,*,#1259,.F.);
#1692=ORIENTED_EDGE('',*,*,#1264,.T.);
#1693=ORIENTED_EDGE('',*,*,#1265,.T.);
#1694=ORIENTED_EDGE('',*,*,#1266,.T.);
#1695=ORIENTED_EDGE('',*,*,#1262,.F.);
#1696=ORIENTED_EDGE('',*,*,#1267,.T.);
#1697=ORIENTED_EDGE('',*,*,#1268,.T.);
#1698=ORIENTED_EDGE('',*,*,#1269,.T.);
#1699=ORIENTED_EDGE('',*,*,#1265,.F.);
#1700=ORIENTED_EDGE('',*,*,#1270,.T.);
#1701=ORIENTED_EDGE('',*,*,#1271,.T.);
#1702=ORIENTED_EDGE('',*,*,#1272,.T.);
#1703=ORIENTED_EDGE('',*,*,#1268,.F.);
#1704=ORIENTED_EDGE('',*,*,#1273,.T.);
#1705=ORIENTED_EDGE('',*,*,#1274,.T.);
#1706=ORIENTED_EDGE('',*,*,#1275,.T.);
#1707=ORIENTED_EDGE('',*,*,#1271,.F.);
#1708=ORIENTED_EDGE('',*,*,#1276,.T.);
#1709=ORIENTED_EDGE('',*,*,#1277,.T.);
#1710=ORIENTED_EDGE('',*,*,#1278,.T.);
#1711=ORIENTED_EDGE('',*,*,#1274,.F.);
#1712=ORIENTED_EDGE('',*,*,#1279,.T.);
#1713=ORIENTED_EDGE('',*,*,#1280,.T.);
#1714=ORIENTED_EDGE('',*,*,#1281,.T.);
#1715=ORIENTED_EDGE('',*,*,#1277,.F.);
#1716=ORIENTED_EDGE('',*,*,#1141,.T.);
#1717=ORIENTED_EDGE('',*,*,#1280,.F.);
#1718=ORIENTED_EDGE('',*,*,#1282,.T.);
#1719=ORIENTED_EDGE('',*,*,#1283,.T.);
#1720=ORIENTED_EDGE('',*,*,#1139,.T.);
#1721=ORIENTED_EDGE('',*,*,#1283,.F.);
#1722=ORIENTED_EDGE('',*,*,#1284,.T.);
#1723=ORIENTED_EDGE('',*,*,#1285,.T.);
#1724=ORIENTED_EDGE('',*,*,#1137,.T.);
#1725=ORIENTED_EDGE('',*,*,#1285,.F.);
#1726=ORIENTED_EDGE('',*,*,#1286,.T.);
#1727=ORIENTED_EDGE('',*,*,#1287,.T.);
#1728=ORIENTED_EDGE('',*,*,#1135,.T.);
#1729=ORIENTED_EDGE('',*,*,#1287,.F.);
#1730=ORIENTED_EDGE('',*,*,#1288,.T.);
#1731=ORIENTED_EDGE('',*,*,#1289,.T.);
#1732=ORIENTED_EDGE('',*,*,#1133,.T.);
#1733=ORIENTED_EDGE('',*,*,#1289,.F.);
#1734=ORIENTED_EDGE('',*,*,#1290,.T.);
#1735=ORIENTED_EDGE('',*,*,#1291,.T.);
#1736=ORIENTED_EDGE('',*,*,#1131,.T.);
#1737=ORIENTED_EDGE('',*,*,#1291,.F.);
#1738=ORIENTED_EDGE('',*,*,#1292,.T.);
#1739=ORIENTED_EDGE('',*,*,#1293,.T.);
#1740=ORIENTED_EDGE('',*,*,#1129,.T.);
#1741=ORIENTED_EDGE('',*,*,#1293,.F.);
#1742=ORIENTED_EDGE('',*,*,#1294,.T.);
#1743=ORIENTED_EDGE('',*,*,#1257,.T.);
#1744=ORIENTED_EDGE('',*,*,#1255,.F.);
#1745=ORIENTED_EDGE('',*,*,#1294,.F.);
#1746=ORIENTED_EDGE('',*,*,#1292,.F.);
#1747=ORIENTED_EDGE('',*,*,#1290,.F.);
#1748=ORIENTED_EDGE('',*,*,#1288,.F.);
#1749=ORIENTED_EDGE('',*,*,#1286,.F.);
#1750=ORIENTED_EDGE('',*,*,#1284,.F.);
#1751=ORIENTED_EDGE('',*,*,#1282,.F.);
#1752=ORIENTED_EDGE('',*,*,#1279,.F.);
#1753=ORIENTED_EDGE('',*,*,#1276,.F.);
#1754=ORIENTED_EDGE('',*,*,#1273,.F.);
#1755=ORIENTED_EDGE('',*,*,#1270,.F.);
#1756=ORIENTED_EDGE('',*,*,#1267,.F.);
#1757=ORIENTED_EDGE('',*,*,#1264,.F.);
#1758=ORIENTED_EDGE('',*,*,#1261,.F.);
#1759=ORIENTED_EDGE('',*,*,#1258,.F.);
#1760=ORIENTED_EDGE('',*,*,#1184,.F.);
#1761=ORIENTED_EDGE('',*,*,#1295,.T.);
#1762=ORIENTED_EDGE('',*,*,#1241,.F.);
#1763=ORIENTED_EDGE('',*,*,#1213,.F.);
#1764=ORIENTED_EDGE('',*,*,#1195,.F.);
#1765=ORIENTED_EDGE('',*,*,#1200,.T.);
#1766=ORIENTED_EDGE('',*,*,#1220,.F.);
#1767=ORIENTED_EDGE('',*,*,#1296,.F.);
#1768=ORIENTED_EDGE('',*,*,#1197,.F.);
#1769=ORIENTED_EDGE('',*,*,#1296,.T.);
#1770=ORIENTED_EDGE('',*,*,#1223,.F.);
#1771=ORIENTED_EDGE('',*,*,#1297,.F.);
#1772=ORIENTED_EDGE('',*,*,#1166,.F.);
#1773=ORIENTED_EDGE('',*,*,#1297,.T.);
#1774=ORIENTED_EDGE('',*,*,#1226,.F.);
#1775=ORIENTED_EDGE('',*,*,#1298,.F.);
#1776=ORIENTED_EDGE('',*,*,#1169,.F.);
#1777=ORIENTED_EDGE('',*,*,#1298,.T.);
#1778=ORIENTED_EDGE('',*,*,#1229,.F.);
#1779=ORIENTED_EDGE('',*,*,#1299,.F.);
#1780=ORIENTED_EDGE('',*,*,#1171,.F.);
#1781=ORIENTED_EDGE('',*,*,#1299,.T.);
#1782=ORIENTED_EDGE('',*,*,#1232,.F.);
#1783=ORIENTED_EDGE('',*,*,#1300,.F.);
#1784=ORIENTED_EDGE('',*,*,#1173,.F.);
#1785=ORIENTED_EDGE('',*,*,#1300,.T.);
#1786=ORIENTED_EDGE('',*,*,#1235,.F.);
#1787=ORIENTED_EDGE('',*,*,#1301,.F.);
#1788=ORIENTED_EDGE('',*,*,#1175,.F.);
#1789=ORIENTED_EDGE('',*,*,#1301,.T.);
#1790=ORIENTED_EDGE('',*,*,#1238,.F.);
#1791=ORIENTED_EDGE('',*,*,#1295,.F.);
#1792=ORIENTED_EDGE('',*,*,#1112,.F.);
#1793=ORIENTED_EDGE('',*,*,#1302,.T.);
#1794=ORIENTED_EDGE('',*,*,#1281,.F.);
#1795=ORIENTED_EDGE('',*,*,#1140,.F.);
#1796=ORIENTED_EDGE('',*,*,#1110,.F.);
#1797=ORIENTED_EDGE('',*,*,#1127,.T.);
#1798=ORIENTED_EDGE('',*,*,#1260,.F.);
#1799=ORIENTED_EDGE('',*,*,#1303,.F.);
#1800=ORIENTED_EDGE('',*,*,#1115,.F.);
#1801=ORIENTED_EDGE('',*,*,#1303,.T.);
#1802=ORIENTED_EDGE('',*,*,#1263,.F.);
#1803=ORIENTED_EDGE('',*,*,#1304,.F.);
#1804=ORIENTED_EDGE('',*,*,#1118,.F.);
#1805=ORIENTED_EDGE('',*,*,#1304,.T.);
#1806=ORIENTED_EDGE('',*,*,#1266,.F.);
#1807=ORIENTED_EDGE('',*,*,#1305,.F.);
#1808=ORIENTED_EDGE('',*,*,#1121,.F.);
#1809=ORIENTED_EDGE('',*,*,#1305,.T.);
#1810=ORIENTED_EDGE('',*,*,#1269,.F.);
#1811=ORIENTED_EDGE('',*,*,#1306,.F.);
#1812=ORIENTED_EDGE('',*,*,#1124,.F.);
#1813=ORIENTED_EDGE('',*,*,#1306,.T.);
#1814=ORIENTED_EDGE('',*,*,#1272,.F.);
#1815=ORIENTED_EDGE('',*,*,#1307,.F.);
#1816=ORIENTED_EDGE('',*,*,#1077,.F.);
#1817=ORIENTED_EDGE('',*,*,#1307,.T.);
#1818=ORIENTED_EDGE('',*,*,#1275,.F.);
#1819=ORIENTED_EDGE('',*,*,#1308,.F.);
#1820=ORIENTED_EDGE('',*,*,#1081,.F.);
#1821=ORIENTED_EDGE('',*,*,#1308,.T.);
#1822=ORIENTED_EDGE('',*,*,#1278,.F.);
#1823=ORIENTED_EDGE('',*,*,#1302,.F.);
#1824=ORIENTED_EDGE('',*,*,#1309,.T.);
#1825=ORIENTED_EDGE('',*,*,#1310,.T.);
#1826=ORIENTED_EDGE('',*,*,#1311,.T.);
#1827=ORIENTED_EDGE('',*,*,#1310,.F.);
#1828=ORIENTED_EDGE('',*,*,#1312,.T.);
#1829=ORIENTED_EDGE('',*,*,#1313,.T.);
#1830=ORIENTED_EDGE('',*,*,#1314,.T.);
#1831=ORIENTED_EDGE('',*,*,#1315,.T.);
#1832=ORIENTED_EDGE('',*,*,#1316,.T.);
#1833=ORIENTED_EDGE('',*,*,#1317,.T.);
#1834=ORIENTED_EDGE('',*,*,#1318,.T.);
#1835=ORIENTED_EDGE('',*,*,#1319,.T.);
#1836=ORIENTED_EDGE('',*,*,#1309,.F.);
#1837=ORIENTED_EDGE('',*,*,#1311,.F.);
#1838=ORIENTED_EDGE('',*,*,#1320,.T.);
#1839=ORIENTED_EDGE('',*,*,#1321,.T.);
#1840=ORIENTED_EDGE('',*,*,#1320,.F.);
#1841=ORIENTED_EDGE('',*,*,#1322,.T.);
#1842=ORIENTED_EDGE('',*,*,#1323,.T.);
#1843=ORIENTED_EDGE('',*,*,#1324,.T.);
#1844=ORIENTED_EDGE('',*,*,#1323,.F.);
#1845=ORIENTED_EDGE('',*,*,#1325,.T.);
#1846=ORIENTED_EDGE('',*,*,#1326,.T.);
#1847=ORIENTED_EDGE('',*,*,#1145,.F.);
#1848=ORIENTED_EDGE('',*,*,#1327,.T.);
#1849=ORIENTED_EDGE('',*,*,#1328,.T.);
#1850=ORIENTED_EDGE('',*,*,#1329,.T.);
#1851=ORIENTED_EDGE('',*,*,#1330,.T.);
#1852=ORIENTED_EDGE('',*,*,#1331,.T.);
#1853=ORIENTED_EDGE('',*,*,#1322,.F.);
#1854=ORIENTED_EDGE('',*,*,#1324,.F.);
#1855=ORIENTED_EDGE('',*,*,#1332,.T.);
#1856=ORIENTED_EDGE('',*,*,#1333,.T.);
#1857=ORIENTED_EDGE('',*,*,#1332,.F.);
#1858=ORIENTED_EDGE('',*,*,#1334,.F.);
#1859=ORIENTED_EDGE('',*,*,#1335,.F.);
#1860=ORIENTED_EDGE('',*,*,#1336,.F.);
#1861=ORIENTED_EDGE('',*,*,#1142,.F.);
#1862=ORIENTED_EDGE('',*,*,#1335,.T.);
#1863=ORIENTED_EDGE('',*,*,#1337,.F.);
#1864=ORIENTED_EDGE('',*,*,#1338,.F.);
#1865=ORIENTED_EDGE('',*,*,#1314,.F.);
#1866=ORIENTED_EDGE('',*,*,#1339,.F.);
#1867=ORIENTED_EDGE('',*,*,#1340,.F.);
#1868=ORIENTED_EDGE('',*,*,#1341,.F.);
#1869=ORIENTED_EDGE('',*,*,#1325,.F.);
#1870=ORIENTED_EDGE('',*,*,#1342,.F.);
#1871=ORIENTED_EDGE('',*,*,#1343,.F.);
#1872=ORIENTED_EDGE('',*,*,#1334,.T.);
#1873=ORIENTED_EDGE('',*,*,#1149,.F.);
#1874=ORIENTED_EDGE('',*,*,#1344,.F.);
#1875=ORIENTED_EDGE('',*,*,#1345,.F.);
#1876=ORIENTED_EDGE('',*,*,#1346,.F.);
#1877=ORIENTED_EDGE('',*,*,#1347,.F.);
#1878=ORIENTED_EDGE('',*,*,#1348,.F.);
#1879=ORIENTED_EDGE('',*,*,#1349,.F.);
#1880=ORIENTED_EDGE('',*,*,#1350,.F.);
#1881=ORIENTED_EDGE('',*,*,#1337,.T.);
#1882=ORIENTED_EDGE('',*,*,#1336,.T.);
#1883=ORIENTED_EDGE('',*,*,#1343,.T.);
#1884=ORIENTED_EDGE('',*,*,#1351,.F.);
#1885=ORIENTED_EDGE('',*,*,#1352,.F.);
#1886=ORIENTED_EDGE('',*,*,#1353,.F.);
#1887=ORIENTED_EDGE('',*,*,#1354,.F.);
#1888=ORIENTED_EDGE('',*,*,#1355,.T.);
#1889=ORIENTED_EDGE('',*,*,#1143,.F.);
#1890=ORIENTED_EDGE('',*,*,#1312,.F.);
#1891=ORIENTED_EDGE('',*,*,#1356,.F.);
#1892=ORIENTED_EDGE('',*,*,#1345,.T.);
#1893=ORIENTED_EDGE('',*,*,#1357,.F.);
#1894=ORIENTED_EDGE('',*,*,#1356,.T.);
#1895=ORIENTED_EDGE('',*,*,#1319,.F.);
#1896=ORIENTED_EDGE('',*,*,#1358,.T.);
#1897=ORIENTED_EDGE('',*,*,#1346,.T.);
#1898=ORIENTED_EDGE('',*,*,#1342,.T.);
#1899=ORIENTED_EDGE('',*,*,#1331,.F.);
#1900=ORIENTED_EDGE('',*,*,#1359,.T.);
#1901=ORIENTED_EDGE('',*,*,#1351,.T.);
#1902=ORIENTED_EDGE('',*,*,#1341,.T.);
#1903=ORIENTED_EDGE('',*,*,#1360,.T.);
#1904=ORIENTED_EDGE('',*,*,#1146,.F.);
#1905=ORIENTED_EDGE('',*,*,#1326,.F.);
#1906=ORIENTED_EDGE('',*,*,#1340,.T.);
#1907=ORIENTED_EDGE('',*,*,#1361,.F.);
#1908=ORIENTED_EDGE('',*,*,#1147,.F.);
#1909=ORIENTED_EDGE('',*,*,#1360,.F.);
#1910=ORIENTED_EDGE('',*,*,#1344,.T.);
#1911=ORIENTED_EDGE('',*,*,#1148,.F.);
#1912=ORIENTED_EDGE('',*,*,#1361,.T.);
#1913=ORIENTED_EDGE('',*,*,#1339,.T.);
#1914=ORIENTED_EDGE('',*,*,#1313,.F.);
#1915=ORIENTED_EDGE('',*,*,#1357,.T.);
#1916=ORIENTED_EDGE('',*,*,#1333,.F.);
#1917=ORIENTED_EDGE('',*,*,#1321,.F.);
#1918=ORIENTED_EDGE('',*,*,#1330,.F.);
#1919=ORIENTED_EDGE('',*,*,#1362,.T.);
#1920=ORIENTED_EDGE('',*,*,#1352,.T.);
#1921=ORIENTED_EDGE('',*,*,#1359,.F.);
#1922=ORIENTED_EDGE('',*,*,#1329,.F.);
#1923=ORIENTED_EDGE('',*,*,#1363,.T.);
#1924=ORIENTED_EDGE('',*,*,#1353,.T.);
#1925=ORIENTED_EDGE('',*,*,#1362,.F.);
#1926=ORIENTED_EDGE('',*,*,#1328,.F.);
#1927=ORIENTED_EDGE('',*,*,#1364,.T.);
#1928=ORIENTED_EDGE('',*,*,#1354,.T.);
#1929=ORIENTED_EDGE('',*,*,#1363,.F.);
#1930=ORIENTED_EDGE('',*,*,#1327,.F.);
#1931=ORIENTED_EDGE('',*,*,#1144,.F.);
#1932=ORIENTED_EDGE('',*,*,#1355,.F.);
#1933=ORIENTED_EDGE('',*,*,#1364,.F.);
#1934=ORIENTED_EDGE('',*,*,#1318,.F.);
#1935=ORIENTED_EDGE('',*,*,#1365,.T.);
#1936=ORIENTED_EDGE('',*,*,#1347,.T.);
#1937=ORIENTED_EDGE('',*,*,#1358,.F.);
#1938=ORIENTED_EDGE('',*,*,#1317,.F.);
#1939=ORIENTED_EDGE('',*,*,#1366,.T.);
#1940=ORIENTED_EDGE('',*,*,#1348,.T.);
#1941=ORIENTED_EDGE('',*,*,#1365,.F.);
#1942=ORIENTED_EDGE('',*,*,#1316,.F.);
#1943=ORIENTED_EDGE('',*,*,#1367,.T.);
#1944=ORIENTED_EDGE('',*,*,#1349,.T.);
#1945=ORIENTED_EDGE('',*,*,#1366,.F.);
#1946=ORIENTED_EDGE('',*,*,#1338,.T.);
#1947=ORIENTED_EDGE('',*,*,#1350,.T.);
#1948=ORIENTED_EDGE('',*,*,#1367,.F.);
#1949=ORIENTED_EDGE('',*,*,#1315,.F.);
#1950=CYLINDRICAL_SURFACE('',#2124,0.4);
#1951=CYLINDRICAL_SURFACE('',#2127,0.4);
#1952=CYLINDRICAL_SURFACE('',#2129,0.4);
#1953=CYLINDRICAL_SURFACE('',#2132,0.4);
#1954=CYLINDRICAL_SURFACE('',#2134,0.4);
#1955=CYLINDRICAL_SURFACE('',#2136,0.4);
#1956=CYLINDRICAL_SURFACE('',#2138,0.4);
#1957=CYLINDRICAL_SURFACE('',#2140,0.4);
#1958=CYLINDRICAL_SURFACE('',#2142,0.4);
#1959=CYLINDRICAL_SURFACE('',#2144,0.4);
#1960=CYLINDRICAL_SURFACE('',#2146,0.4);
#1961=CYLINDRICAL_SURFACE('',#2148,0.4);
#1962=CYLINDRICAL_SURFACE('',#2149,0.4);
#1963=CYLINDRICAL_SURFACE('',#2151,0.4);
#1964=CYLINDRICAL_SURFACE('',#2153,0.4);
#1965=CYLINDRICAL_SURFACE('',#2155,0.4);
#1966=CYLINDRICAL_SURFACE('',#2166,0.4);
#1967=CYLINDRICAL_SURFACE('',#2169,0.4);
#1968=CYLINDRICAL_SURFACE('',#2171,0.4);
#1969=CYLINDRICAL_SURFACE('',#2173,0.4);
#1970=CYLINDRICAL_SURFACE('',#2175,0.4);
#1971=CYLINDRICAL_SURFACE('',#2177,0.4);
#1972=CYLINDRICAL_SURFACE('',#2180,0.4);
#1973=CYLINDRICAL_SURFACE('',#2182,0.4);
#1974=CYLINDRICAL_SURFACE('',#2184,0.4);
#1975=CYLINDRICAL_SURFACE('',#2185,0.4);
#1976=CYLINDRICAL_SURFACE('',#2187,0.4);
#1977=CYLINDRICAL_SURFACE('',#2189,0.4);
#1978=CYLINDRICAL_SURFACE('',#2191,0.4);
#1979=CYLINDRICAL_SURFACE('',#2193,0.4);
#1980=CYLINDRICAL_SURFACE('',#2195,0.4);
#1981=CYLINDRICAL_SURFACE('',#2197,0.4);
#1982=CYLINDRICAL_SURFACE('',#2260,2.55);
#1983=CYLINDRICAL_SURFACE('',#2266,2.55);
#1984=CYLINDRICAL_SURFACE('',#2268,10.);
#1985=ADVANCED_FACE('',(#117),#1950,.F.);
#1986=ADVANCED_FACE('',(#118),#1951,.F.);
#1987=ADVANCED_FACE('',(#119),#1952,.F.);
#1988=ADVANCED_FACE('',(#120),#1953,.F.);
#1989=ADVANCED_FACE('',(#121),#1954,.F.);
#1990=ADVANCED_FACE('',(#122),#1955,.F.);
#1991=ADVANCED_FACE('',(#123),#1956,.F.);
#1992=ADVANCED_FACE('',(#124),#1957,.F.);
#1993=ADVANCED_FACE('',(#125),#1958,.F.);
#1994=ADVANCED_FACE('',(#126),#1959,.F.);
#1995=ADVANCED_FACE('',(#127),#1960,.F.);
#1996=ADVANCED_FACE('',(#128),#1961,.F.);
#1997=ADVANCED_FACE('',(#129),#1962,.F.);
#1998=ADVANCED_FACE('',(#130),#1963,.F.);
#1999=ADVANCED_FACE('',(#131),#1964,.F.);
#2000=ADVANCED_FACE('',(#132),#1965,.F.);
#2001=ADVANCED_FACE('',(#133),#29,.T.);
#2002=ADVANCED_FACE('',(#134),#30,.T.);
#2003=ADVANCED_FACE('',(#135),#31,.T.);
#2004=ADVANCED_FACE('',(#136),#32,.T.);
#2005=ADVANCED_FACE('',(#137),#33,.T.);
#2006=ADVANCED_FACE('',(#138),#34,.T.);
#2007=ADVANCED_FACE('',(#139),#35,.T.);
#2008=ADVANCED_FACE('',(#140),#36,.T.);
#2009=ADVANCED_FACE('',(#141,#17,#18),#37,.F.);
#2010=ADVANCED_FACE('',(#142),#1966,.F.);
#2011=ADVANCED_FACE('',(#143),#1967,.F.);
#2012=ADVANCED_FACE('',(#144),#1968,.F.);
#2013=ADVANCED_FACE('',(#145),#1969,.F.);
#2014=ADVANCED_FACE('',(#146),#1970,.F.);
#2015=ADVANCED_FACE('',(#147),#1971,.F.);
#2016=ADVANCED_FACE('',(#148),#1972,.F.);
#2017=ADVANCED_FACE('',(#149),#1973,.F.);
#2018=ADVANCED_FACE('',(#150),#1974,.F.);
#2019=ADVANCED_FACE('',(#151),#1975,.F.);
#2020=ADVANCED_FACE('',(#152),#1976,.F.);
#2021=ADVANCED_FACE('',(#153),#1977,.F.);
#2022=ADVANCED_FACE('',(#154),#1978,.F.);
#2023=ADVANCED_FACE('',(#155),#1979,.F.);
#2024=ADVANCED_FACE('',(#156),#1980,.F.);
#2025=ADVANCED_FACE('',(#157),#1981,.F.);
#2026=ADVANCED_FACE('',(#158),#38,.T.);
#2027=ADVANCED_FACE('',(#159),#39,.T.);
#2028=ADVANCED_FACE('',(#160),#40,.T.);
#2029=ADVANCED_FACE('',(#161),#41,.T.);
#2030=ADVANCED_FACE('',(#162),#42,.T.);
#2031=ADVANCED_FACE('',(#163),#43,.T.);
#2032=ADVANCED_FACE('',(#164),#44,.T.);
#2033=ADVANCED_FACE('',(#165),#45,.T.);
#2034=ADVANCED_FACE('',(#166),#46,.T.);
#2035=ADVANCED_FACE('',(#167),#47,.T.);
#2036=ADVANCED_FACE('',(#168),#48,.T.);
#2037=ADVANCED_FACE('',(#169),#49,.T.);
#2038=ADVANCED_FACE('',(#170),#50,.T.);
#2039=ADVANCED_FACE('',(#171),#51,.T.);
#2040=ADVANCED_FACE('',(#172),#52,.T.);
#2041=ADVANCED_FACE('',(#173),#53,.T.);
#2042=ADVANCED_FACE('',(#174),#54,.T.);
#2043=ADVANCED_FACE('',(#175),#55,.T.);
#2044=ADVANCED_FACE('',(#176),#56,.T.);
#2045=ADVANCED_FACE('',(#177),#57,.T.);
#2046=ADVANCED_FACE('',(#178),#58,.T.);
#2047=ADVANCED_FACE('',(#179),#59,.T.);
#2048=ADVANCED_FACE('',(#180),#60,.T.);
#2049=ADVANCED_FACE('',(#181),#61,.T.);
#2050=ADVANCED_FACE('',(#182),#62,.T.);
#2051=ADVANCED_FACE('',(#183),#63,.T.);
#2052=ADVANCED_FACE('',(#184),#64,.T.);
#2053=ADVANCED_FACE('',(#185),#65,.T.);
#2054=ADVANCED_FACE('',(#186),#66,.T.);
#2055=ADVANCED_FACE('',(#187),#67,.T.);
#2056=ADVANCED_FACE('',(#188),#68,.T.);
#2057=ADVANCED_FACE('',(#189),#69,.T.);
#2058=ADVANCED_FACE('',(#190),#70,.T.);
#2059=ADVANCED_FACE('',(#191),#71,.T.);
#2060=ADVANCED_FACE('',(#192),#72,.T.);
#2061=ADVANCED_FACE('',(#193),#73,.T.);
#2062=ADVANCED_FACE('',(#194),#74,.T.);
#2063=ADVANCED_FACE('',(#195),#75,.T.);
#2064=ADVANCED_FACE('',(#196),#76,.T.);
#2065=ADVANCED_FACE('',(#197),#77,.T.);
#2066=ADVANCED_FACE('',(#198),#78,.T.);
#2067=ADVANCED_FACE('',(#199),#79,.T.);
#2068=ADVANCED_FACE('',(#200),#80,.T.);
#2069=ADVANCED_FACE('',(#201),#81,.T.);
#2070=ADVANCED_FACE('',(#202),#82,.T.);
#2071=ADVANCED_FACE('',(#203),#83,.T.);
#2072=ADVANCED_FACE('',(#204),#84,.T.);
#2073=ADVANCED_FACE('',(#205),#85,.T.);
#2074=ADVANCED_FACE('',(#206),#86,.T.);
#2075=ADVANCED_FACE('',(#207),#87,.T.);
#2076=ADVANCED_FACE('',(#208),#88,.T.);
#2077=ADVANCED_FACE('',(#209),#89,.T.);
#2078=ADVANCED_FACE('',(#210),#90,.T.);
#2079=ADVANCED_FACE('',(#211),#91,.T.);
#2080=ADVANCED_FACE('',(#212),#92,.T.);
#2081=ADVANCED_FACE('',(#213),#93,.T.);
#2082=ADVANCED_FACE('',(#214),#94,.T.);
#2083=ADVANCED_FACE('',(#215),#95,.T.);
#2084=ADVANCED_FACE('',(#216),#15,.F.);
#2085=ADVANCED_FACE('',(#217,#19),#96,.T.);
#2086=ADVANCED_FACE('',(#218),#1982,.F.);
#2087=ADVANCED_FACE('',(#219),#16,.F.);
#2088=ADVANCED_FACE('',(#220,#20),#97,.T.);
#2089=ADVANCED_FACE('',(#221),#1983,.F.);
#2090=ADVANCED_FACE('',(#222),#1984,.F.);
#2091=ADVANCED_FACE('',(#223),#98,.F.);
#2092=ADVANCED_FACE('',(#224),#99,.F.);
#2093=ADVANCED_FACE('',(#225),#100,.F.);
#2094=ADVANCED_FACE('',(#226),#101,.F.);
#2095=ADVANCED_FACE('',(#227),#102,.F.);
#2096=ADVANCED_FACE('',(#228),#103,.F.);
#2097=ADVANCED_FACE('',(#229),#104,.T.);
#2098=ADVANCED_FACE('',(#230),#105,.F.);
#2099=ADVANCED_FACE('',(#231),#106,.T.);
#2100=ADVANCED_FACE('',(#232),#107,.T.);
#2101=ADVANCED_FACE('',(#233),#108,.T.);
#2102=ADVANCED_FACE('',(#234),#109,.F.);
#2103=ADVANCED_FACE('',(#235),#110,.F.);
#2104=ADVANCED_FACE('',(#236),#111,.F.);
#2105=ADVANCED_FACE('',(#237),#112,.F.);
#2106=ADVANCED_FACE('',(#238),#113,.F.);
#2107=ADVANCED_FACE('',(#239),#114,.F.);
#2108=ADVANCED_FACE('',(#240),#115,.F.);
#2109=ADVANCED_FACE('',(#241),#116,.F.);
#2110=CLOSED_SHELL('',(#1985,#1986,#1987,#1988,#1989,#1990,#1991,#1992,
#1993,#1994,#1995,#1996,#1997,#1998,#1999,#2000,#2001,#2002,#2003,#2004,
#2005,#2006,#2007,#2008,#2009,#2010,#2011,#2012,#2013,#2014,#2015,#2016,
#2017,#2018,#2019,#2020,#2021,#2022,#2023,#2024,#2025,#2026,#2027,#2028,
#2029,#2030,#2031,#2032,#2033,#2034,#2035,#2036,#2037,#2038,#2039,#2040,
#2041,#2042,#2043,#2044,#2045,#2046,#2047,#2048,#2049,#2050,#2051,#2052,
#2053,#2054,#2055,#2056,#2057,#2058,#2059,#2060,#2061,#2062,#2063,#2064,
#2065,#2066,#2067,#2068,#2069,#2070,#2071,#2072,#2073,#2074,#2075,#2076,
#2077,#2078,#2079,#2080,#2081,#2082,#2083,#2084,#2085,#2086,#2087,#2088,
#2089,#2090,#2091,#2092,#2093,#2094,#2095,#2096,#2097,#2098,#2099,#2100,
#2101,#2102,#2103,#2104,#2105,#2106,#2107,#2108,#2109));
#2111=DERIVED_UNIT_ELEMENT(#2113,1.);
#2112=DERIVED_UNIT_ELEMENT(#3466,-3.);
#2113=(
MASS_UNIT()
NAMED_UNIT(*)
SI_UNIT(.KILO.,.GRAM.)
);
#2114=DERIVED_UNIT((#2111,#2112));
#2115=MEASURE_REPRESENTATION_ITEM('density measure',
POSITIVE_RATIO_MEASURE(7850.),#2114);
#2116=PROPERTY_DEFINITION_REPRESENTATION(#2121,#2118);
#2117=PROPERTY_DEFINITION_REPRESENTATION(#2122,#2119);
#2118=REPRESENTATION('material name',(#2120),#3463);
#2119=REPRESENTATION('density',(#2115),#3463);
#2120=DESCRIPTIVE_REPRESENTATION_ITEM('\X2\92FC\X0\','\X2\92FC\X0\');
#2121=PROPERTY_DEFINITION('material property','material name',#3473);
#2122=PROPERTY_DEFINITION('material property','density of part',#3473);
#2123=AXIS2_PLACEMENT_3D('',#2872,#2289,#2290);
#2124=AXIS2_PLACEMENT_3D('',#2873,#2291,#2292);
#2125=AXIS2_PLACEMENT_3D('',#2878,#2294,#2295);
#2126=AXIS2_PLACEMENT_3D('',#2881,#2297,#2298);
#2127=AXIS2_PLACEMENT_3D('',#2882,#2299,#2300);
#2128=AXIS2_PLACEMENT_3D('',#2886,#2302,#2303);
#2129=AXIS2_PLACEMENT_3D('',#2888,#2305,#2306);
#2130=AXIS2_PLACEMENT_3D('',#2893,#2308,#2309);
#2131=AXIS2_PLACEMENT_3D('',#2896,#2311,#2312);
#2132=AXIS2_PLACEMENT_3D('',#2897,#2313,#2314);
#2133=AXIS2_PLACEMENT_3D('',#2901,#2316,#2317);
#2134=AXIS2_PLACEMENT_3D('',#2903,#2319,#2320);
#2135=AXIS2_PLACEMENT_3D('',#2907,#2322,#2323);
#2136=AXIS2_PLACEMENT_3D('',#2909,#2325,#2326);
#2137=AXIS2_PLACEMENT_3D('',#2913,#2328,#2329);
#2138=AXIS2_PLACEMENT_3D('',#2915,#2331,#2332);
#2139=AXIS2_PLACEMENT_3D('',#2920,#2335,#2336);
#2140=AXIS2_PLACEMENT_3D('',#2921,#2337,#2338);
#2141=AXIS2_PLACEMENT_3D('',#2926,#2341,#2342);
#2142=AXIS2_PLACEMENT_3D('',#2927,#2343,#2344);
#2143=AXIS2_PLACEMENT_3D('',#2932,#2347,#2348);
#2144=AXIS2_PLACEMENT_3D('',#2933,#2349,#2350);
#2145=AXIS2_PLACEMENT_3D('',#2938,#2353,#2354);
#2146=AXIS2_PLACEMENT_3D('',#2939,#2355,#2356);
#2147=AXIS2_PLACEMENT_3D('',#2944,#2359,#2360);
#2148=AXIS2_PLACEMENT_3D('',#2945,#2361,#2362);
#2149=AXIS2_PLACEMENT_3D('',#2948,#2365,#2366);
#2150=AXIS2_PLACEMENT_3D('',#2953,#2369,#2370);
#2151=AXIS2_PLACEMENT_3D('',#2954,#2371,#2372);
#2152=AXIS2_PLACEMENT_3D('',#2959,#2375,#2376);
#2153=AXIS2_PLACEMENT_3D('',#2960,#2377,#2378);
#2154=AXIS2_PLACEMENT_3D('',#2965,#2381,#2382);
#2155=AXIS2_PLACEMENT_3D('',#2966,#2383,#2384);
#2156=AXIS2_PLACEMENT_3D('',#2969,#2387,#2388);
#2157=AXIS2_PLACEMENT_3D('',#2975,#2392,#2393);
#2158=AXIS2_PLACEMENT_3D('',#2979,#2396,#2397);
#2159=AXIS2_PLACEMENT_3D('',#2983,#2400,#2401);
#2160=AXIS2_PLACEMENT_3D('',#2987,#2404,#2405);
#2161=AXIS2_PLACEMENT_3D('',#2991,#2408,#2409);
#2162=AXIS2_PLACEMENT_3D('',#2995,#2412,#2413);
#2163=AXIS2_PLACEMENT_3D('',#2999,#2416,#2417);
#2164=AXIS2_PLACEMENT_3D('',#3003,#2420,#2421);
#2165=AXIS2_PLACEMENT_3D('',#3006,#2422,#2423);
#2166=AXIS2_PLACEMENT_3D('',#3052,#2447,#2448);
#2167=AXIS2_PLACEMENT_3D('',#3056,#2450,#2451);
#2168=AXIS2_PLACEMENT_3D('',#3057,#2452,#2453);
#2169=AXIS2_PLACEMENT_3D('',#3058,#2454,#2455);
#2170=AXIS2_PLACEMENT_3D('',#3061,#2457,#2458);
#2171=AXIS2_PLACEMENT_3D('',#3062,#2459,#2460);
#2172=AXIS2_PLACEMENT_3D('',#3065,#2462,#2463);
#2173=AXIS2_PLACEMENT_3D('',#3066,#2464,#2465);
#2174=AXIS2_PLACEMENT_3D('',#3069,#2467,#2468);
#2175=AXIS2_PLACEMENT_3D('',#3070,#2469,#2470);
#2176=AXIS2_PLACEMENT_3D('',#3073,#2472,#2473);
#2177=AXIS2_PLACEMENT_3D('',#3074,#2474,#2475);
#2178=AXIS2_PLACEMENT_3D('',#3078,#2477,#2478);
#2179=AXIS2_PLACEMENT_3D('',#3079,#2479,#2480);
#2180=AXIS2_PLACEMENT_3D('',#3080,#2481,#2482);
#2181=AXIS2_PLACEMENT_3D('',#3083,#2484,#2485);
#2182=AXIS2_PLACEMENT_3D('',#3084,#2486,#2487);
#2183=AXIS2_PLACEMENT_3D('',#3087,#2489,#2490);
#2184=AXIS2_PLACEMENT_3D('',#3088,#2491,#2492);
#2185=AXIS2_PLACEMENT_3D('',#3090,#2494,#2495);
#2186=AXIS2_PLACEMENT_3D('',#3093,#2497,#2498);
#2187=AXIS2_PLACEMENT_3D('',#3094,#2499,#2500);
#2188=AXIS2_PLACEMENT_3D('',#3097,#2502,#2503);
#2189=AXIS2_PLACEMENT_3D('',#3098,#2504,#2505);
#2190=AXIS2_PLACEMENT_3D('',#3101,#2507,#2508);
#2191=AXIS2_PLACEMENT_3D('',#3102,#2509,#2510);
#2192=AXIS2_PLACEMENT_3D('',#3105,#2512,#2513);
#2193=AXIS2_PLACEMENT_3D('',#3106,#2514,#2515);
#2194=AXIS2_PLACEMENT_3D('',#3109,#2517,#2518);
#2195=AXIS2_PLACEMENT_3D('',#3110,#2519,#2520);
#2196=AXIS2_PLACEMENT_3D('',#3113,#2522,#2523);
#2197=AXIS2_PLACEMENT_3D('',#3114,#2524,#2525);
#2198=AXIS2_PLACEMENT_3D('',#3116,#2527,#2528);
#2199=AXIS2_PLACEMENT_3D('',#3122,#2532,#2533);
#2200=AXIS2_PLACEMENT_3D('',#3126,#2536,#2537);
#2201=AXIS2_PLACEMENT_3D('',#3130,#2540,#2541);
#2202=AXIS2_PLACEMENT_3D('',#3134,#2544,#2545);
#2203=AXIS2_PLACEMENT_3D('',#3138,#2548,#2549);
#2204=AXIS2_PLACEMENT_3D('',#3142,#2552,#2553);
#2205=AXIS2_PLACEMENT_3D('',#3146,#2556,#2557);
#2206=AXIS2_PLACEMENT_3D('',#3150,#2560,#2561);
#2207=AXIS2_PLACEMENT_3D('',#3156,#2565,#2566);
#2208=AXIS2_PLACEMENT_3D('',#3162,#2570,#2571);
#2209=AXIS2_PLACEMENT_3D('',#3168,#2575,#2576);
#2210=AXIS2_PLACEMENT_3D('',#3174,#2580,#2581);
#2211=AXIS2_PLACEMENT_3D('',#3180,#2585,#2586);
#2212=AXIS2_PLACEMENT_3D('',#3186,#2590,#2591);
#2213=AXIS2_PLACEMENT_3D('',#3192,#2595,#2596);
#2214=AXIS2_PLACEMENT_3D('',#3198,#2600,#2601);
#2215=AXIS2_PLACEMENT_3D('',#3203,#2605,#2606);
#2216=AXIS2_PLACEMENT_3D('',#3207,#2609,#2610);
#2217=AXIS2_PLACEMENT_3D('',#3211,#2613,#2614);
#2218=AXIS2_PLACEMENT_3D('',#3215,#2617,#2618);
#2219=AXIS2_PLACEMENT_3D('',#3219,#2621,#2622);
#2220=AXIS2_PLACEMENT_3D('',#3223,#2625,#2626);
#2221=AXIS2_PLACEMENT_3D('',#3227,#2629,#2630);
#2222=AXIS2_PLACEMENT_3D('',#3229,#2632,#2633);
#2223=AXIS2_PLACEMENT_3D('',#3230,#2634,#2635);
#2224=AXIS2_PLACEMENT_3D('',#3236,#2639,#2640);
#2225=AXIS2_PLACEMENT_3D('',#3242,#2644,#2645);
#2226=AXIS2_PLACEMENT_3D('',#3248,#2649,#2650);
#2227=AXIS2_PLACEMENT_3D('',#3254,#2654,#2655);
#2228=AXIS2_PLACEMENT_3D('',#3260,#2659,#2660);
#2229=AXIS2_PLACEMENT_3D('',#3266,#2664,#2665);
#2230=AXIS2_PLACEMENT_3D('',#3272,#2669,#2670);
#2231=AXIS2_PLACEMENT_3D('',#3278,#2674,#2675);
#2232=AXIS2_PLACEMENT_3D('',#3283,#2679,#2680);
#2233=AXIS2_PLACEMENT_3D('',#3287,#2683,#2684);
#2234=AXIS2_PLACEMENT_3D('',#3291,#2687,#2688);
#2235=AXIS2_PLACEMENT_3D('',#3295,#2691,#2692);
#2236=AXIS2_PLACEMENT_3D('',#3299,#2695,#2696);
#2237=AXIS2_PLACEMENT_3D('',#3303,#2699,#2700);
#2238=AXIS2_PLACEMENT_3D('',#3307,#2703,#2704);
#2239=AXIS2_PLACEMENT_3D('',#3309,#2706,#2707);
#2240=AXIS2_PLACEMENT_3D('',#3310,#2708,#2709);
#2241=AXIS2_PLACEMENT_3D('',#3312,#2711,#2712);
#2242=AXIS2_PLACEMENT_3D('',#3314,#2714,#2715);
#2243=AXIS2_PLACEMENT_3D('',#3316,#2717,#2718);
#2244=AXIS2_PLACEMENT_3D('',#3318,#2720,#2721);
#2245=AXIS2_PLACEMENT_3D('',#3320,#2723,#2724);
#2246=AXIS2_PLACEMENT_3D('',#3322,#2726,#2727);
#2247=AXIS2_PLACEMENT_3D('',#3324,#2729,#2730);
#2248=AXIS2_PLACEMENT_3D('',#3325,#2731,#2732);
#2249=AXIS2_PLACEMENT_3D('',#3327,#2734,#2735);
#2250=AXIS2_PLACEMENT_3D('',#3329,#2737,#2738);
#2251=AXIS2_PLACEMENT_3D('',#3331,#2740,#2741);
#2252=AXIS2_PLACEMENT_3D('',#3333,#2743,#2744);
#2253=AXIS2_PLACEMENT_3D('',#3335,#2746,#2747);
#2254=AXIS2_PLACEMENT_3D('',#3337,#2749,#2750);
#2255=AXIS2_PLACEMENT_3D('',#3339,#2752,#2753);
#2256=AXIS2_PLACEMENT_3D('',#3340,#2754,#2755);
#2257=AXIS2_PLACEMENT_3D('',#3342,#2756,#2757);
#2258=AXIS2_PLACEMENT_3D('',#3345,#2759,#2760);
#2259=AXIS2_PLACEMENT_3D('',#3346,#2761,#2762);
#2260=AXIS2_PLACEMENT_3D('',#3363,#2771,#2772);
#2261=AXIS2_PLACEMENT_3D('',#3366,#2774,#2775);
#2262=AXIS2_PLACEMENT_3D('',#3367,#2776,#2777);
#2263=AXIS2_PLACEMENT_3D('',#3369,#2778,#2779);
#2264=AXIS2_PLACEMENT_3D('',#3372,#2781,#2782);
#2265=AXIS2_PLACEMENT_3D('',#3373,#2783,#2784);
#2266=AXIS2_PLACEMENT_3D('',#3387,#2792,#2793);
#2267=AXIS2_PLACEMENT_3D('',#3390,#2795,#2796);
#2268=AXIS2_PLACEMENT_3D('',#3391,#2797,#2798);
#2269=AXIS2_PLACEMENT_3D('',#3395,#2800,#2801);
#2270=AXIS2_PLACEMENT_3D('',#3397,#2803,#2804);
#2271=AXIS2_PLACEMENT_3D('',#3409,#2812,#2813);
#2272=AXIS2_PLACEMENT_3D('',#3423,#2821,#2822);
#2273=AXIS2_PLACEMENT_3D('',#3433,#2828,#2829);
#2274=AXIS2_PLACEMENT_3D('',#3436,#2832,#2833);
#2275=AXIS2_PLACEMENT_3D('',#3438,#2835,#2836);
#2276=AXIS2_PLACEMENT_3D('',#3440,#2838,#2839);
#2277=AXIS2_PLACEMENT_3D('',#3442,#2841,#2842);
#2278=AXIS2_PLACEMENT_3D('',#3444,#2844,#2845);
#2279=AXIS2_PLACEMENT_3D('',#3445,#2846,#2847);
#2280=AXIS2_PLACEMENT_3D('',#3446,#2848,#2849);
#2281=AXIS2_PLACEMENT_3D('',#3447,#2850,#2851);
#2282=AXIS2_PLACEMENT_3D('',#3449,#2853,#2854);
#2283=AXIS2_PLACEMENT_3D('',#3451,#2856,#2857);
#2284=AXIS2_PLACEMENT_3D('',#3453,#2859,#2860);
#2285=AXIS2_PLACEMENT_3D('',#3454,#2861,#2862);
#2286=AXIS2_PLACEMENT_3D('',#3456,#2864,#2865);
#2287=AXIS2_PLACEMENT_3D('',#3458,#2867,#2868);
#2288=AXIS2_PLACEMENT_3D('',#3460,#2870,#2871);
#2289=DIRECTION('axis',(0.,0.,1.));
#2290=DIRECTION('refdir',(1.,0.,0.));
#2291=DIRECTION('center_axis',(0.707106781186546,-0.707106781186549,0.));
#2292=DIRECTION('ref_axis',(0.500000000000005,0.499999999999989,0.707106781186552));
#2293=DIRECTION('',(0.707106781186546,-0.707106781186549,0.));
#2294=DIRECTION('center_axis',(0.831469612302539,-0.555570233019612,0.));
#2295=DIRECTION('ref_axis',(0.555570233019612,0.831469612302539,0.));
#2296=DIRECTION('',(-0.707106781186546,0.707106781186549,0.));
#2297=DIRECTION('center_axis',(0.555570233019607,-0.831469612302542,-3.08403432247365E-15));
#2298=DIRECTION('ref_axis',(0.831469612302542,0.555570233019607,-1.55044875444428E-14));
#2299=DIRECTION('center_axis',(0.923879532511286,-0.382683432365093,0.));
#2300=DIRECTION('ref_axis',(0.270598050073103,0.653281482438182,0.707106781186551));
#2301=DIRECTION('',(0.923879532511286,-0.382683432365093,0.));
#2302=DIRECTION('center_axis',(0.980785280403226,-0.195090322016152,0.));
#2303=DIRECTION('ref_axis',(0.195090322016152,0.980785280403226,0.));
#2304=DIRECTION('',(-0.923879532511286,0.382683432365093,0.));
#2305=DIRECTION('center_axis',(0.923879532511285,0.382683432365093,0.));
#2306=DIRECTION('ref_axis',(-0.270598050073097,0.6532814824382,0.707106781186537));
#2307=DIRECTION('',(0.923879532511285,0.382683432365093,0.));
#2308=DIRECTION('center_axis',(0.831469612302544,0.555570233019604,0.));
#2309=DIRECTION('ref_axis',(-0.555570233019604,0.831469612302544,0.));
#2310=DIRECTION('',(-0.923879532511285,-0.382683432365093,0.));
#2311=DIRECTION('center_axis',(-0.980785280403227,-0.195090322016147,0.));
#2312=DIRECTION('ref_axis',(0.195090322016147,-0.980785280403227,0.));
#2313=DIRECTION('center_axis',(0.707106781186548,0.707106781186548,0.));
#2314=DIRECTION('ref_axis',(-0.500000000000005,0.499999999999989,0.707106781186552));
#2315=DIRECTION('',(0.707106781186548,0.707106781186548,0.));
#2316=DIRECTION('center_axis',(0.555570233019607,0.831469612302542,0.));
#2317=DIRECTION('ref_axis',(-0.831469612302542,0.555570233019607,0.));
#2318=DIRECTION('',(-0.707106781186548,-0.707106781186548,0.));
#2319=DIRECTION('center_axis',(0.382683432365091,0.923879532511286,0.));
#2320=DIRECTION('ref_axis',(-0.653281482438189,0.270598050073115,0.707106781186541));
#2321=DIRECTION('',(0.382683432365091,0.923879532511286,0.));
#2322=DIRECTION('center_axis',(0.195090322016126,0.980785280403231,0.));
#2323=DIRECTION('ref_axis',(-0.980785280403231,0.195090322016126,0.));
#2324=DIRECTION('',(-0.382683432365091,-0.923879532511286,0.));
#2325=DIRECTION('center_axis',(4.46517444541238E-15,1.,0.));
#2326=DIRECTION('ref_axis',(-0.707106781186548,0.,0.707106781186547));
#2327=DIRECTION('',(4.46517444541238E-15,1.,0.));
#2328=DIRECTION('center_axis',(-0.195090322016126,0.980785280403231,0.));
#2329=DIRECTION('ref_axis',(-0.980785280403231,-0.195090322016126,0.));
#2330=DIRECTION('',(-4.46517444541238E-15,-1.,0.));
#2331=DIRECTION('center_axis',(-0.382683432365088,0.923879532511288,0.));
#2332=DIRECTION('ref_axis',(-0.653281482438189,-0.270598050073115,0.707106781186541));
#2333=DIRECTION('',(0.382683432365088,-0.923879532511288,0.));
#2334=DIRECTION('',(-0.382683432365088,0.923879532511288,0.));
#2335=DIRECTION('center_axis',(-0.555570233019607,0.831469612302542,0.));
#2336=DIRECTION('ref_axis',(-0.831469612302542,-0.555570233019607,0.));
#2337=DIRECTION('center_axis',(-0.707106781186548,0.707106781186548,0.));
#2338=DIRECTION('ref_axis',(-0.500000000000005,-0.499999999999989,0.707106781186552));
#2339=DIRECTION('',(0.707106781186548,-0.707106781186548,0.));
#2340=DIRECTION('',(-0.707106781186548,0.707106781186548,0.));
#2341=DIRECTION('center_axis',(-0.831469612302561,0.555570233019579,-1.2336137289894E-14));
#2342=DIRECTION('ref_axis',(-0.555570233019579,-0.831469612302561,-6.20179501777616E-14));
#2343=DIRECTION('center_axis',(-0.923879532511285,0.382683432365093,0.));
#2344=DIRECTION('ref_axis',(-0.270598050073097,-0.6532814824382,0.707106781186537));
#2345=DIRECTION('',(0.923879532511285,-0.382683432365093,0.));
#2346=DIRECTION('',(-0.923879532511285,0.382683432365093,0.));
#2347=DIRECTION('center_axis',(-0.980785280403223,0.195090322016168,1.0888904005171E-14));
#2348=DIRECTION('ref_axis',(-0.195090322016168,-0.980785280403223,5.47422171311738E-14));
#2349=DIRECTION('center_axis',(-1.,0.,0.));
#2350=DIRECTION('ref_axis',(0.,-0.707106781186556,0.707106781186539));
#2351=DIRECTION('',(1.,0.,0.));
#2352=DIRECTION('',(-1.,0.,0.));
#2353=DIRECTION('center_axis',(-0.980785280403219,-0.195090322016183,5.44445200258547E-15));
#2354=DIRECTION('ref_axis',(0.195090322016183,-0.980785280403219,2.73711085655736E-14));
#2355=DIRECTION('center_axis',(-0.923879532511285,-0.382683432365093,0.));
#2356=DIRECTION('ref_axis',(0.270598050073105,-0.653281482438199,0.707106781186535));
#2357=DIRECTION('',(0.923879532511285,0.382683432365093,0.));
#2358=DIRECTION('',(-0.923879532511285,-0.382683432365093,0.));
#2359=DIRECTION('center_axis',(-0.831469612302565,-0.555570233019573,4.6155835392723E-15));
#2360=DIRECTION('ref_axis',(0.555570233019573,-0.831469612302565,2.32041054061944E-14));
#2361=DIRECTION('center_axis',(1.,0.,0.));
#2362=DIRECTION('ref_axis',(0.,0.707106781186556,0.707106781186539));
#2363=DIRECTION('',(1.,0.,0.));
#2364=DIRECTION('',(-1.,0.,0.));
#2365=DIRECTION('center_axis',(-0.707106781186546,-0.707106781186549,0.));
#2366=DIRECTION('ref_axis',(0.500000000000011,-0.499999999999987,0.707106781186549));
#2367=DIRECTION('',(0.707106781186546,0.707106781186549,0.));
#2368=DIRECTION('',(-0.707106781186546,-0.707106781186549,0.));
#2369=DIRECTION('center_axis',(-0.555570233019635,-0.831469612302524,0.));
#2370=DIRECTION('ref_axis',(0.831469612302524,-0.555570233019634,0.));
#2371=DIRECTION('center_axis',(-0.382683432365093,-0.923879532511285,0.));
#2372=DIRECTION('ref_axis',(0.65328148243819,-0.270598050073087,0.707106781186551));
#2373=DIRECTION('',(0.382683432365093,0.923879532511285,0.));
#2374=DIRECTION('',(-0.382683432365093,-0.923879532511285,0.));
#2375=DIRECTION('center_axis',(-0.195090322016105,-0.980785280403235,0.));
#2376=DIRECTION('ref_axis',(0.980785280403235,-0.195090322016105,0.));
#2377=DIRECTION('center_axis',(-2.23258722270619E-15,-1.,0.));
#2378=DIRECTION('ref_axis',(0.707106781186548,0.,0.707106781186547));
#2379=DIRECTION('',(2.23258722270619E-15,1.,0.));
#2380=DIRECTION('',(-2.23258722270619E-15,-1.,0.));
#2381=DIRECTION('center_axis',(0.195090322016147,-0.980785280403227,0.));
#2382=DIRECTION('ref_axis',(0.980785280403227,0.195090322016147,0.));
#2383=DIRECTION('center_axis',(0.382683432365088,-0.923879532511288,0.));
#2384=DIRECTION('ref_axis',(0.653281482438191,0.2705980500731,0.707106781186544));
#2385=DIRECTION('',(-0.382683432365088,0.923879532511288,0.));
#2386=DIRECTION('',(0.382683432365088,-0.923879532511288,0.));
#2387=DIRECTION('center_axis',(0.,1.,0.));
#2388=DIRECTION('ref_axis',(1.,0.,0.));
#2389=DIRECTION('',(0.,0.,-1.));
#2390=DIRECTION('',(1.,0.,0.));
#2391=DIRECTION('',(0.,0.,-1.));
#2392=DIRECTION('center_axis',(0.382683432365093,0.923879532511285,0.));
#2393=DIRECTION('ref_axis',(0.923879532511285,-0.382683432365093,0.));
#2394=DIRECTION('',(0.,0.,-1.));
#2395=DIRECTION('',(0.923879532511285,-0.382683432365093,0.));
#2396=DIRECTION('center_axis',(0.707106781186548,0.707106781186548,0.));
#2397=DIRECTION('ref_axis',(0.707106781186548,-0.707106781186548,0.));
#2398=DIRECTION('',(0.,0.,-1.));
#2399=DIRECTION('',(0.707106781186548,-0.707106781186548,0.));
#2400=DIRECTION('center_axis',(0.923879532511288,0.382683432365088,0.));
#2401=DIRECTION('ref_axis',(0.382683432365088,-0.923879532511288,0.));
#2402=DIRECTION('',(0.,0.,-1.));
#2403=DIRECTION('',(0.382683432365088,-0.923879532511288,0.));
#2404=DIRECTION('center_axis',(1.,-4.46517444541238E-15,0.));
#2405=DIRECTION('ref_axis',(-4.46517444541238E-15,-1.,0.));
#2406=DIRECTION('',(0.,0.,-1.));
#2407=DIRECTION('',(-4.46517444541238E-15,-1.,0.));
#2408=DIRECTION('center_axis',(0.923879532511286,-0.382683432365091,0.));
#2409=DIRECTION('ref_axis',(-0.382683432365091,-0.923879532511286,0.));
#2410=DIRECTION('',(0.,0.,-1.));
#2411=DIRECTION('',(-0.382683432365091,-0.923879532511286,0.));
#2412=DIRECTION('center_axis',(0.707106781186548,-0.707106781186548,0.));
#2413=DIRECTION('ref_axis',(-0.707106781186548,-0.707106781186548,0.));
#2414=DIRECTION('',(0.,0.,-1.));
#2415=DIRECTION('',(-0.707106781186548,-0.707106781186548,0.));
#2416=DIRECTION('center_axis',(0.382683432365093,-0.923879532511285,0.));
#2417=DIRECTION('ref_axis',(-0.923879532511285,-0.382683432365093,0.));
#2418=DIRECTION('',(0.,0.,-1.));
#2419=DIRECTION('',(-0.923879532511285,-0.382683432365093,0.));
#2420=DIRECTION('center_axis',(0.,0.,1.));
#2421=DIRECTION('ref_axis',(1.,0.,0.));
#2422=DIRECTION('center_axis',(0.,0.,1.));
#2423=DIRECTION('ref_axis',(-1.,0.,0.));
#2424=DIRECTION('',(0.,1.,0.));
#2425=DIRECTION('',(-1.,0.,0.));
#2426=DIRECTION('',(0.,1.,0.));
#2427=DIRECTION('',(1.,0.,0.));
#2428=DIRECTION('',(0.,-1.,0.));
#2429=DIRECTION('',(-1.,0.,0.));
#2430=DIRECTION('',(0.,1.,0.));
#2431=DIRECTION('',(-0.923879600940398,-0.38268326716256,0.));
#2432=DIRECTION('',(-0.707106907627075,-0.707106654745998,0.));
#2433=DIRECTION('',(-0.382683597567606,-0.923879464082147,0.));
#2434=DIRECTION('',(-1.78813922196455E-7,-0.999999999999984,0.));
#2435=DIRECTION('',(0.382683267162558,-0.923879600940399,0.));
#2436=DIRECTION('',(0.707106654745997,-0.707106907627076,0.));
#2437=DIRECTION('',(0.923879464082146,-0.382683597567607,0.));
#2438=DIRECTION('',(0.999999999999984,-1.78813924429042E-7,0.));
#2439=DIRECTION('',(0.923879600940398,0.382683267162559,0.));
#2440=DIRECTION('',(0.707106907627075,0.707106654745998,0.));
#2441=DIRECTION('',(0.382683597567608,0.923879464082146,0.));
#2442=DIRECTION('',(1.78813924429041E-7,0.999999999999984,0.));
#2443=DIRECTION('',(-0.382683267162559,0.923879600940398,0.));
#2444=DIRECTION('',(-0.707106654745999,0.707106907627073,0.));
#2445=DIRECTION('',(-0.923879464082146,0.382683597567607,0.));
#2446=DIRECTION('',(-0.999999999999984,1.78813917731281E-7,0.));
#2447=DIRECTION('center_axis',(-0.382683597567608,-0.923879464082146,0.));
#2448=DIRECTION('ref_axis',(0.653281434051478,-0.270598166888922,0.707106781186547));
#2449=DIRECTION('',(-0.382683597567608,-0.923879464082146,0.));
#2450=DIRECTION('center_axis',(-0.19509049739418,-0.980785245518351,0.));
#2451=DIRECTION('ref_axis',(0.980785245518351,-0.19509049739418,0.));
#2452=DIRECTION('center_axis',(-0.555570381697938,-0.831469512958838,0.));
#2453=DIRECTION('ref_axis',(0.831469512958838,-0.555570381697938,0.));
#2454=DIRECTION('center_axis',(-1.78813924429041E-7,-0.999999999999984,
0.));
#2455=DIRECTION('ref_axis',(0.707106781186534,-1.26440534856054E-7,0.70710678118655));
#2456=DIRECTION('',(-1.78813924429041E-7,-0.999999999999984,0.));
#2457=DIRECTION('center_axis',(0.195090146638052,-0.980785315288082,2.72222609811768E-15));
#2458=DIRECTION('ref_axis',(0.980785315288082,0.195090146638052,1.36855547695633E-14));
#2459=DIRECTION('center_axis',(0.382683267162559,-0.923879600940398,0.));
#2460=DIRECTION('ref_axis',(0.653281530824878,0.270597933257272,0.707106781186545));
#2461=DIRECTION('',(0.382683267162559,-0.923879600940398,0.));
#2462=DIRECTION('center_axis',(0.555570084341257,-0.83146971164622,0.));
#2463=DIRECTION('ref_axis',(0.83146971164622,0.555570084341257,0.));
#2464=DIRECTION('center_axis',(0.707106654745999,-0.707106907627074,0.));
#2465=DIRECTION('ref_axis',(0.500000089406953,0.499999910593033,0.707106781186546));
#2466=DIRECTION('',(0.707106654745999,-0.707106907627073,0.));
#2467=DIRECTION('center_axis',(0.831469512958838,-0.555570381697938,0.));
#2468=DIRECTION('ref_axis',(0.555570381697938,0.831469512958838,0.));
#2469=DIRECTION('center_axis',(0.923879464082146,-0.382683597567607,0.));
#2470=DIRECTION('ref_axis',(0.270598166888915,0.653281434051479,0.707106781186549));
#2471=DIRECTION('',(0.923879464082146,-0.382683597567607,0.));
#2472=DIRECTION('center_axis',(0.980785245518351,-0.19509049739418,5.44445180893555E-15));
#2473=DIRECTION('ref_axis',(0.19509049739418,0.980785245518351,2.73711075920364E-14));
#2474=DIRECTION('center_axis',(0.923879600940398,0.38268326716256,0.));
#2475=DIRECTION('ref_axis',(-0.270597933257279,0.653281530824877,0.707106781186544));
#2476=DIRECTION('',(0.923879600940398,0.38268326716256,0.));
#2477=DIRECTION('center_axis',(0.831469711646231,0.555570084341242,1.54201674857147E-15));
#2478=DIRECTION('ref_axis',(-0.555570084341242,0.831469711646231,7.75224169761325E-15));
#2479=DIRECTION('center_axis',(-0.98078531528808,-0.195090146638065,5.41483931687695E-16));
#2480=DIRECTION('ref_axis',(0.195090146638065,-0.98078531528808,-2.72222355412517E-15));
#2481=DIRECTION('center_axis',(0.707106907627075,0.707106654745998,0.));
#2482=DIRECTION('ref_axis',(-0.499999910593033,0.500000089406953,0.707106781186546));
#2483=DIRECTION('',(0.707106907627075,0.707106654745998,0.));
#2484=DIRECTION('center_axis',(0.555570381697936,0.83146951295884,0.));
#2485=DIRECTION('ref_axis',(-0.83146951295884,0.555570381697936,0.));
#2486=DIRECTION('center_axis',(0.382683597567606,0.923879464082147,0.));
#2487=DIRECTION('ref_axis',(-0.653281434051479,0.270598166888915,0.707106781186549));
#2488=DIRECTION('',(0.382683597567606,0.923879464082147,0.));
#2489=DIRECTION('center_axis',(0.195090497394157,0.980785245518355,5.44445180893558E-15));
#2490=DIRECTION('ref_axis',(-0.980785245518355,0.195090497394157,2.73711075920334E-14));
#2491=DIRECTION('center_axis',(0.999999999999984,-1.78813917731281E-7,0.));
#2492=DIRECTION('ref_axis',(1.26440534856053E-7,0.707106781186538,0.707106781186546));
#2493=DIRECTION('',(0.999999999999984,-1.78813917731281E-7,0.));
#2494=DIRECTION('center_axis',(1.78813922196455E-7,0.999999999999984,0.));
#2495=DIRECTION('ref_axis',(-0.707106781186542,1.26440534856052E-7,0.707106781186542));
#2496=DIRECTION('',(1.78813922196455E-7,0.999999999999984,0.));
#2497=DIRECTION('center_axis',(-0.195090146638033,0.980785315288086,0.));
#2498=DIRECTION('ref_axis',(-0.980785315288086,-0.195090146638033,0.));
#2499=DIRECTION('center_axis',(-0.382683267162558,0.923879600940399,0.));
#2500=DIRECTION('ref_axis',(-0.653281530824874,-0.270597933257273,0.707106781186549));
#2501=DIRECTION('',(-0.382683267162558,0.923879600940399,0.));
#2502=DIRECTION('center_axis',(-0.555570084341253,0.831469711646223,0.));
#2503=DIRECTION('ref_axis',(-0.831469711646223,-0.555570084341253,0.));
#2504=DIRECTION('center_axis',(-0.707106654745997,0.707106907627076,0.));
#2505=DIRECTION('ref_axis',(-0.500000089406959,-0.499999910593031,0.707106781186543));
#2506=DIRECTION('',(-0.707106654745997,0.707106907627076,0.));
#2507=DIRECTION('center_axis',(-0.831469512958831,0.555570381697948,0.));
#2508=DIRECTION('ref_axis',(-0.555570381697948,-0.831469512958831,0.));
#2509=DIRECTION('center_axis',(-0.923879464082146,0.382683597567607,0.));
#2510=DIRECTION('ref_axis',(-0.270598166888922,-0.653281434051478,0.707106781186547));
#2511=DIRECTION('',(-0.923879464082146,0.382683597567607,0.));
#2512=DIRECTION('center_axis',(-0.980785245518347,0.195090497394197,0.));
#2513=DIRECTION('ref_axis',(-0.195090497394197,-0.980785245518347,0.));
#2514=DIRECTION('center_axis',(-0.999999999999984,1.78813924429042E-7,0.));
#2515=DIRECTION('ref_axis',(-1.26440534856054E-7,-0.707106781186534,0.70710678118655));
#2516=DIRECTION('',(-0.999999999999984,1.78813924429042E-7,0.));
#2517=DIRECTION('center_axis',(-0.98078531528808,-0.195090146638066,0.));
#2518=DIRECTION('ref_axis',(0.195090146638066,-0.98078531528808,0.));
#2519=DIRECTION('center_axis',(-0.923879600940398,-0.382683267162559,0.));
#2520=DIRECTION('ref_axis',(0.270597933257266,-0.653281530824875,0.70710678118655));
#2521=DIRECTION('',(-0.923879600940398,-0.382683267162559,0.));
#2522=DIRECTION('center_axis',(-0.831469711646221,-0.555570084341255,-7.69961758788338E-15));
#2523=DIRECTION('ref_axis',(0.555570084341255,-0.831469711646221,-3.87085915738315E-14));
#2524=DIRECTION('center_axis',(-0.707106907627075,-0.707106654745998,0.));
#2525=DIRECTION('ref_axis',(0.499999910593035,-0.500000089406948,0.707106781186549));
#2526=DIRECTION('',(-0.707106907627075,-0.707106654745998,0.));
#2527=DIRECTION('center_axis',(1.78813924429042E-7,0.999999999999984,0.));
#2528=DIRECTION('ref_axis',(0.999999999999984,-1.78813924429042E-7,0.));
#2529=DIRECTION('',(0.,0.,-1.));
#2530=DIRECTION('',(0.999999999999984,-1.78813924429042E-7,0.));
#2531=DIRECTION('',(0.,0.,-1.));
#2532=DIRECTION('center_axis',(0.382683597567607,0.923879464082146,0.));
#2533=DIRECTION('ref_axis',(0.923879464082146,-0.382683597567607,0.));
#2534=DIRECTION('',(0.,0.,-1.));
#2535=DIRECTION('',(0.923879464082146,-0.382683597567607,0.));
#2536=DIRECTION('center_axis',(0.707106907627076,0.707106654745997,0.));
#2537=DIRECTION('ref_axis',(0.707106654745997,-0.707106907627076,0.));
#2538=DIRECTION('',(0.,0.,-1.));
#2539=DIRECTION('',(0.707106654745997,-0.707106907627076,0.));
#2540=DIRECTION('center_axis',(0.923879600940399,0.382683267162558,0.));
#2541=DIRECTION('ref_axis',(0.382683267162558,-0.923879600940399,0.));
#2542=DIRECTION('',(0.,0.,-1.));
#2543=DIRECTION('',(0.382683267162558,-0.923879600940399,0.));
#2544=DIRECTION('center_axis',(0.999999999999984,-1.78813922196455E-7,0.));
#2545=DIRECTION('ref_axis',(-1.78813922196455E-7,-0.999999999999984,0.));
#2546=DIRECTION('',(0.,0.,-1.));
#2547=DIRECTION('',(-1.78813922196455E-7,-0.999999999999984,0.));
#2548=DIRECTION('center_axis',(0.923879464082147,-0.382683597567606,0.));
#2549=DIRECTION('ref_axis',(-0.382683597567606,-0.923879464082147,0.));
#2550=DIRECTION('',(0.,0.,-1.));
#2551=DIRECTION('',(-0.382683597567606,-0.923879464082147,0.));
#2552=DIRECTION('center_axis',(0.707106654745998,-0.707106907627075,0.));
#2553=DIRECTION('ref_axis',(-0.707106907627075,-0.707106654745998,0.));
#2554=DIRECTION('',(0.,0.,-1.));
#2555=DIRECTION('',(-0.707106907627075,-0.707106654745998,0.));
#2556=DIRECTION('center_axis',(0.38268326716256,-0.923879600940398,0.));
#2557=DIRECTION('ref_axis',(-0.923879600940398,-0.38268326716256,0.));
#2558=DIRECTION('',(0.,0.,-1.));
#2559=DIRECTION('',(-0.923879600940398,-0.38268326716256,0.));
#2560=DIRECTION('center_axis',(1.26440538534354E-7,0.707106781186534,-0.707106781186549));
#2561=DIRECTION('ref_axis',(-0.999999999999984,0.,-1.78813924429038E-7));
#2562=DIRECTION('',(-0.999999999999984,1.78813924429042E-7,0.));
#2563=DIRECTION('',(-0.139281200109047,0.700214532187985,0.70021450728255));
#2564=DIRECTION('',(0.139281450525251,0.700214482377105,0.700214507282551));
#2565=DIRECTION('center_axis',(-0.270597933257268,0.653281530824875,-0.707106781186549));
#2566=DIRECTION('ref_axis',(-0.933948882596638,0.,0.357406609754901));
#2567=DIRECTION('',(-0.923879600940398,-0.382683267162559,0.));
#2568=DIRECTION('',(-0.396639550613959,0.593613266933791,0.700214507282553));
#2569=DIRECTION('',(0.923879600940398,0.382683267162559,0.));
#2570=DIRECTION('center_axis',(-0.49999991059303,0.500000089406954,-0.707106781186547));
#2571=DIRECTION('ref_axis',(-0.816496629594716,0.,0.577350200364102));
#2572=DIRECTION('',(-0.707106907627075,-0.707106654745998,0.));
#2573=DIRECTION('',(-0.593613125084392,0.396639762906585,0.700214507282554));
#2574=DIRECTION('',(0.707106907627075,0.707106654745998,0.));
#2575=DIRECTION('center_axis',(-0.65328143405148,0.27059816688892,-0.707106781186547));
#2576=DIRECTION('ref_axis',(-0.734509580320123,0.,0.678598317429359));
#2577=DIRECTION('',(-0.382683597567608,-0.923879464082146,0.));
#2578=DIRECTION('',(-0.700214482377103,0.139281450525244,0.700214507282554));
#2579=DIRECTION('',(0.382683597567608,0.923879464082146,0.));
#2580=DIRECTION('center_axis',(-0.707106781186536,1.26440538534354E-7,-0.707106781186547));
#2581=DIRECTION('ref_axis',(-0.707106781186553,0.,0.707106781186542));
#2582=DIRECTION('',(-1.78813924429041E-7,-0.999999999999984,0.));
#2583=DIRECTION('',(-0.700214532187983,-0.139281200109043,0.700214507282553));
#2584=DIRECTION('',(1.78813924429041E-7,0.999999999999984,0.));
#2585=DIRECTION('center_axis',(-0.653281530824878,-0.270597933257269,-0.707106781186547));
#2586=DIRECTION('ref_axis',(-0.734509530215398,0.,0.678598371662323));
#2587=DIRECTION('',(0.382683267162559,-0.923879600940398,0.));
#2588=DIRECTION('',(-0.593613266933779,-0.396639550613976,0.700214507282553));
#2589=DIRECTION('',(-0.382683267162559,0.923879600940398,0.));
#2590=DIRECTION('center_axis',(-0.500000089406953,-0.49999991059303,-0.707106781186548));
#2591=DIRECTION('ref_axis',(-0.816496532260745,0.,0.577350338015124));
#2592=DIRECTION('',(0.707106654745999,-0.707106907627073,0.));
#2593=DIRECTION('',(-0.39663976290658,-0.593613125084397,0.700214507282552));
#2594=DIRECTION('',(-0.707106654745999,0.707106907627073,0.));
#2595=DIRECTION('center_axis',(-0.270598166888919,-0.653281434051479,-0.707106781186548));
#2596=DIRECTION('ref_axis',(-0.933948779592283,0.,0.357406878918251));
#2597=DIRECTION('',(0.923879464082146,-0.382683597567607,0.));
#2598=DIRECTION('',(-0.139281450525256,-0.700214482377101,0.700214507282553));
#2599=DIRECTION('',(-0.923879464082146,0.382683597567607,0.));
#2600=DIRECTION('center_axis',(-1.26440533798322E-7,-0.707106781186536,
-0.707106781186547));
#2601=DIRECTION('ref_axis',(-0.999999999999984,0.,1.78813917731278E-7));
#2602=DIRECTION('',(0.999999999999984,-1.78813917731281E-7,0.));
#2603=DIRECTION('',(0.139281200109067,-0.700214532187979,0.700214507282552));
#2604=DIRECTION('',(-0.999999999999984,1.78813917731281E-7,0.));
#2605=DIRECTION('center_axis',(0.270597933257268,-0.653281530824874,-0.70710678118655));
#2606=DIRECTION('ref_axis',(-0.933948882596638,0.,-0.357406609754901));
#2607=DIRECTION('',(0.923879600940398,0.38268326716256,0.));
#2608=DIRECTION('',(0.396639550613951,-0.593613266933796,0.700214507282553));
#2609=DIRECTION('center_axis',(0.499999910593031,-0.500000089406956,-0.707106781186545));
#2610=DIRECTION('ref_axis',(-0.816496629594715,0.,-0.577350200364104));
#2611=DIRECTION('',(0.707106907627075,0.707106654745998,0.));
#2612=DIRECTION('',(0.5936131250844,-0.396639762906573,0.700214507282554));
#2613=DIRECTION('center_axis',(0.65328143405148,-0.270598166888918,-0.707106781186547));
#2614=DIRECTION('ref_axis',(-0.734509580320123,0.,-0.678598317429359));
#2615=DIRECTION('',(0.382683597567606,0.923879464082147,0.));
#2616=DIRECTION('',(0.700214482377097,-0.139281450525268,0.700214507282555));
#2617=DIRECTION('center_axis',(0.707106781186539,-1.26440536955677E-7,-0.707106781186545));
#2618=DIRECTION('ref_axis',(-0.707106781186551,0.,-0.707106781186544));
#2619=DIRECTION('',(1.78813922196455E-7,0.999999999999984,0.));
#2620=DIRECTION('',(0.700214532187975,0.139281200109067,0.700214507282556));
#2621=DIRECTION('center_axis',(0.653281530824876,0.270597933257268,-0.707106781186549));
#2622=DIRECTION('ref_axis',(-0.734509530215399,0.,-0.678598371662321));
#2623=DIRECTION('',(-0.382683267162558,0.923879600940399,0.));
#2624=DIRECTION('',(0.59361326693379,0.396639550613962,0.700214507282552));
#2625=DIRECTION('center_axis',(0.500000089406955,0.499999910593029,-0.707106781186547));
#2626=DIRECTION('ref_axis',(-0.816496532260744,0.,-0.577350338015126));
#2627=DIRECTION('',(-0.707106654745997,0.707106907627076,0.));
#2628=DIRECTION('',(0.396639762906573,0.5936131250844,0.700214507282554));
#2629=DIRECTION('center_axis',(0.270598166888918,0.653281434051477,-0.707106781186549));
#2630=DIRECTION('ref_axis',(-0.933948779592284,0.,-0.35740687891825));
#2631=DIRECTION('',(-0.923879464082146,0.382683597567607,0.));
#2632=DIRECTION('center_axis',(0.,0.,-1.));
#2633=DIRECTION('ref_axis',(-1.,0.,0.));
#2634=DIRECTION('center_axis',(0.,0.707106781186548,-0.707106781186548));
#2635=DIRECTION('ref_axis',(-1.,0.,0.));
#2636=DIRECTION('',(-1.,0.,0.));
#2637=DIRECTION('',(-0.139281325317163,0.700214507282552,0.700214507282552));
#2638=DIRECTION('',(0.139281325317159,0.700214507282553,0.700214507282553));
#2639=DIRECTION('center_axis',(-0.2705980500731,0.653281482438184,-0.707106781186551));
#2640=DIRECTION('ref_axis',(-0.933948831094465,0.,0.357406744336593));
#2641=DIRECTION('',(-0.923879532511285,-0.382683432365093,0.));
#2642=DIRECTION('',(-0.396639656760289,0.593613196009095,0.700214507282553));
#2643=DIRECTION('',(0.923879532511285,0.382683432365093,0.));
#2644=DIRECTION('center_axis',(-0.5,0.499999999999998,-0.707106781186549));
#2645=DIRECTION('ref_axis',(-0.816496580927727,0.,0.577350269189625));
#2646=DIRECTION('',(-0.707106781186546,-0.707106781186549,0.));
#2647=DIRECTION('',(-0.593613196009084,0.396639656760305,0.700214507282553));
#2648=DIRECTION('',(0.707106781186546,0.707106781186549,0.));
#2649=DIRECTION('center_axis',(-0.653281482438189,0.270598050073102,-0.707106781186545));
#2650=DIRECTION('ref_axis',(-0.734509555267754,0.,0.678598344545849));
#2651=DIRECTION('',(-0.382683432365093,-0.923879532511285,0.));
#2652=DIRECTION('',(-0.700214507282557,0.139281325317136,0.700214507282553));
#2653=DIRECTION('',(0.382683432365093,0.923879532511285,0.));
#2654=DIRECTION('center_axis',(-0.707106781186546,1.57867756476598E-15,
-0.707106781186549));
#2655=DIRECTION('ref_axis',(-0.707106781186549,0.,0.707106781186546));
#2656=DIRECTION('',(-2.23258722270619E-15,-1.,0.));
#2657=DIRECTION('',(-0.700214507282555,-0.139281325317151,0.700214507282551));
#2658=DIRECTION('',(2.23258722270619E-15,1.,0.));
#2659=DIRECTION('center_axis',(-0.653281482438186,-0.270598050073096,-0.707106781186551));
#2660=DIRECTION('ref_axis',(-0.734509555267758,0.,0.678598344545844));
#2661=DIRECTION('',(0.382683432365088,-0.923879532511288,0.));
#2662=DIRECTION('',(-0.593613196009097,-0.396639656760288,0.700214507282551));
#2663=DIRECTION('',(-0.382683432365088,0.923879532511288,0.));
#2664=DIRECTION('center_axis',(-0.499999999999999,-0.499999999999997,-0.70710678118655));
#2665=DIRECTION('ref_axis',(-0.816496580927728,0.,0.577350269189624));
#2666=DIRECTION('',(0.707106781186546,-0.707106781186549,0.));
#2667=DIRECTION('',(-0.396639656760289,-0.593613196009095,0.700214507282553));
#2668=DIRECTION('',(-0.707106781186546,0.707106781186549,0.));
#2669=DIRECTION('center_axis',(-0.270598050073099,-0.653281482438184,-0.707106781186551));
#2670=DIRECTION('ref_axis',(-0.933948831094465,0.,0.357406744336593));
#2671=DIRECTION('',(0.923879532511286,-0.382683432365093,0.));
#2672=DIRECTION('',(-0.139281325317163,-0.700214507282552,0.700214507282552));
#2673=DIRECTION('',(-0.923879532511286,0.382683432365093,0.));
#2674=DIRECTION('center_axis',(0.,-0.707106781186548,-0.707106781186548));
#2675=DIRECTION('ref_axis',(-1.,0.,0.));
#2676=DIRECTION('',(1.,0.,0.));
#2677=DIRECTION('',(0.139281325317159,-0.700214507282553,0.700214507282553));
#2678=DIRECTION('',(-1.,0.,0.));
#2679=DIRECTION('center_axis',(0.2705980500731,-0.653281482438184,-0.707106781186551));
#2680=DIRECTION('ref_axis',(-0.933948831094465,0.,-0.357406744336593));
#2681=DIRECTION('',(0.923879532511285,0.382683432365093,0.));
#2682=DIRECTION('',(0.396639656760289,-0.593613196009095,0.700214507282553));
#2683=DIRECTION('center_axis',(0.499999999999999,-0.499999999999999,-0.707106781186549));
#2684=DIRECTION('ref_axis',(-0.816496580927727,0.,-0.577350269189625));
#2685=DIRECTION('',(0.707106781186548,0.707106781186548,0.));
#2686=DIRECTION('',(0.59361319600909,-0.396639656760291,0.700214507282556));
#2687=DIRECTION('center_axis',(0.653281482438188,-0.2705980500731,-0.707106781186547));
#2688=DIRECTION('ref_axis',(-0.734509555267755,0.,-0.678598344545847));
#2689=DIRECTION('',(0.382683432365091,0.923879532511286,0.));
#2690=DIRECTION('',(0.700214507282553,-0.139281325317152,0.700214507282553));
#2691=DIRECTION('center_axis',(0.707106781186548,-3.15735512953198E-15,
-0.707106781186548));
#2692=DIRECTION('ref_axis',(-0.707106781186548,0.,-0.707106781186548));
#2693=DIRECTION('',(4.46517444541238E-15,1.,0.));
#2694=DIRECTION('',(0.700214507282553,0.139281325317152,0.700214507282553));
#2695=DIRECTION('center_axis',(0.653281482438189,0.270598050073097,-0.707106781186547));
#2696=DIRECTION('ref_axis',(-0.734509555267755,0.,-0.678598344545848));
#2697=DIRECTION('',(-0.382683432365088,0.923879532511288,0.));
#2698=DIRECTION('',(0.593613196009091,0.396639656760302,0.700214507282548));
#2699=DIRECTION('center_axis',(0.499999999999997,0.499999999999997,-0.707106781186552));
#2700=DIRECTION('ref_axis',(-0.816496580927729,0.,-0.577350269189621));
#2701=DIRECTION('',(-0.707106781186548,0.707106781186548,0.));
#2702=DIRECTION('',(0.396639656760295,0.593613196009093,0.700214507282551));
#2703=DIRECTION('center_axis',(0.2705980500731,0.653281482438184,-0.707106781186551));
#2704=DIRECTION('ref_axis',(-0.933948831094465,0.,-0.357406744336593));
#2705=DIRECTION('',(-0.923879532511285,0.382683432365093,0.));
#2706=DIRECTION('center_axis',(0.,0.,-1.));
#2707=DIRECTION('ref_axis',(-1.,0.,0.));
#2708=DIRECTION('center_axis',(-1.78813917731281E-7,-0.999999999999984,
0.));
#2709=DIRECTION('ref_axis',(-0.999999999999984,1.78813917731281E-7,0.));
#2710=DIRECTION('',(0.,0.,-1.));
#2711=DIRECTION('center_axis',(-0.382683267162559,0.923879600940398,0.));
#2712=DIRECTION('ref_axis',(0.923879600940398,0.382683267162559,0.));
#2713=DIRECTION('',(0.,0.,-1.));
#2714=DIRECTION('center_axis',(-0.707106654745998,0.707106907627075,0.));
#2715=DIRECTION('ref_axis',(0.707106907627075,0.707106654745998,0.));
#2716=DIRECTION('',(0.,0.,-1.));
#2717=DIRECTION('center_axis',(-0.923879464082146,0.382683597567608,0.));
#2718=DIRECTION('ref_axis',(0.382683597567608,0.923879464082146,0.));
#2719=DIRECTION('',(0.,0.,-1.));
#2720=DIRECTION('center_axis',(-0.999999999999984,1.78813924429041E-7,0.));
#2721=DIRECTION('ref_axis',(1.78813924429041E-7,0.999999999999984,0.));
#2722=DIRECTION('',(0.,0.,-1.));
#2723=DIRECTION('center_axis',(-0.923879600940398,-0.382683267162559,0.));
#2724=DIRECTION('ref_axis',(-0.382683267162559,0.923879600940398,0.));
#2725=DIRECTION('',(0.,0.,-1.));
#2726=DIRECTION('center_axis',(-0.707106907627074,-0.707106654745999,0.));
#2727=DIRECTION('ref_axis',(-0.707106654745999,0.707106907627073,0.));
#2728=DIRECTION('',(0.,0.,-1.));
#2729=DIRECTION('center_axis',(-0.382683597567607,-0.923879464082146,0.));
#2730=DIRECTION('ref_axis',(-0.923879464082146,0.382683597567607,0.));
#2731=DIRECTION('center_axis',(0.,-1.,0.));
#2732=DIRECTION('ref_axis',(-1.,0.,0.));
#2733=DIRECTION('',(0.,0.,-1.));
#2734=DIRECTION('center_axis',(-0.382683432365093,0.923879532511285,0.));
#2735=DIRECTION('ref_axis',(0.923879532511285,0.382683432365093,0.));
#2736=DIRECTION('',(0.,0.,-1.));
#2737=DIRECTION('center_axis',(-0.707106781186549,0.707106781186546,0.));
#2738=DIRECTION('ref_axis',(0.707106781186546,0.707106781186549,0.));
#2739=DIRECTION('',(0.,0.,-1.));
#2740=DIRECTION('center_axis',(-0.923879532511285,0.382683432365093,0.));
#2741=DIRECTION('ref_axis',(0.382683432365093,0.923879532511285,0.));
#2742=DIRECTION('',(0.,0.,-1.));
#2743=DIRECTION('center_axis',(-1.,2.23258722270619E-15,0.));
#2744=DIRECTION('ref_axis',(2.23258722270619E-15,1.,0.));
#2745=DIRECTION('',(0.,0.,-1.));
#2746=DIRECTION('center_axis',(-0.923879532511288,-0.382683432365088,0.));
#2747=DIRECTION('ref_axis',(-0.382683432365088,0.923879532511288,0.));
#2748=DIRECTION('',(0.,0.,-1.));
#2749=DIRECTION('center_axis',(-0.707106781186549,-0.707106781186546,0.));
#2750=DIRECTION('ref_axis',(-0.707106781186546,0.707106781186549,0.));
#2751=DIRECTION('',(0.,0.,-1.));
#2752=DIRECTION('center_axis',(-0.382683432365093,-0.923879532511286,0.));
#2753=DIRECTION('ref_axis',(-0.923879532511286,0.382683432365093,0.));
#2754=DIRECTION('center_axis',(-1.,0.,0.));
#2755=DIRECTION('ref_axis',(0.,-1.,0.));
#2756=DIRECTION('center_axis',(-1.,0.,0.));
#2757=DIRECTION('ref_axis',(0.,-1.,0.));
#2758=DIRECTION('',(0.707106781186547,-0.707106781186548,8.65956056235494E-17));
#2759=DIRECTION('center_axis',(1.,0.,0.));
#2760=DIRECTION('ref_axis',(0.,-1.,0.));
#2761=DIRECTION('center_axis',(-1.,0.,0.));
#2762=DIRECTION('ref_axis',(0.,-1.,0.));
#2763=DIRECTION('',(0.,-1.,0.));
#2764=DIRECTION('',(0.,0.,1.));
#2765=DIRECTION('',(0.,1.,0.));
#2766=DIRECTION('',(0.,0.,-1.));
#2767=DIRECTION('',(0.,-1.,0.));
#2768=DIRECTION('',(0.,0.,-1.));
#2769=DIRECTION('',(0.,1.,0.));
#2770=DIRECTION('',(0.,0.,-1.));
#2771=DIRECTION('center_axis',(1.,0.,0.));
#2772=DIRECTION('ref_axis',(0.,-1.,0.));
#2773=DIRECTION('',(1.,0.,0.));
#2774=DIRECTION('center_axis',(1.,0.,0.));
#2775=DIRECTION('ref_axis',(0.,-1.,0.));
#2776=DIRECTION('center_axis',(-1.,0.,0.));
#2777=DIRECTION('ref_axis',(0.,-1.,0.));
#2778=DIRECTION('center_axis',(-1.,0.,0.));
#2779=DIRECTION('ref_axis',(0.,-1.,0.));
#2780=DIRECTION('',(0.707106781186547,-0.707106781186548,8.65956056235493E-17));
#2781=DIRECTION('center_axis',(1.,0.,0.));
#2782=DIRECTION('ref_axis',(0.,-1.,0.));
#2783=DIRECTION('center_axis',(-1.,0.,0.));
#2784=DIRECTION('ref_axis',(0.,-1.,0.));
#2785=DIRECTION('',(0.,1.,0.));
#2786=DIRECTION('',(0.,0.,-1.));
#2787=DIRECTION('',(0.,0.,1.));
#2788=DIRECTION('',(0.,1.,0.));
#2789=DIRECTION('',(0.,0.,1.));
#2790=DIRECTION('',(0.,-1.,0.));
#2791=DIRECTION('',(0.,0.,1.));
#2792=DIRECTION('center_axis',(1.,0.,0.));
#2793=DIRECTION('ref_axis',(0.,-1.,0.));
#2794=DIRECTION('',(1.,0.,0.));
#2795=DIRECTION('center_axis',(1.,0.,0.));
#2796=DIRECTION('ref_axis',(0.,-1.,0.));
#2797=DIRECTION('center_axis',(0.,0.,-1.));
#2798=DIRECTION('ref_axis',(1.,-1.22464679914735E-16,0.));
#2799=DIRECTION('',(0.,0.,-1.));
#2800=DIRECTION('center_axis',(0.,0.,-1.));
#2801=DIRECTION('ref_axis',(-1.,0.,0.));
#2802=DIRECTION('',(0.,0.,1.));
#2803=DIRECTION('center_axis',(0.,0.,-1.));
#2804=DIRECTION('ref_axis',(-1.,0.,0.));
#2805=DIRECTION('',(0.,1.,0.));
#2806=DIRECTION('',(1.,0.,0.));
#2807=DIRECTION('',(-1.,0.,0.));
#2808=DIRECTION('',(0.,-1.,0.));
#2809=DIRECTION('',(1.,0.,0.));
#2810=DIRECTION('',(-1.,0.,0.));
#2811=DIRECTION('',(0.,1.,0.));
#2812=DIRECTION('center_axis',(1.,0.,0.));
#2813=DIRECTION('ref_axis',(0.,0.,-1.));
#2814=DIRECTION('',(0.,0.,-1.));
#2815=DIRECTION('',(0.,-1.,0.));
#2816=DIRECTION('',(0.,0.,-1.));
#2817=DIRECTION('',(0.,1.,0.));
#2818=DIRECTION('',(0.,0.,-1.));
#2819=DIRECTION('',(0.,-1.,0.));
#2820=DIRECTION('',(0.,0.,-1.));
#2821=DIRECTION('center_axis',(1.,0.,0.));
#2822=DIRECTION('ref_axis',(0.,0.,-1.));
#2823=DIRECTION('',(0.,0.,1.));
#2824=DIRECTION('',(0.,-1.,0.));
#2825=DIRECTION('',(0.,0.,1.));
#2826=DIRECTION('',(0.,1.,0.));
#2827=DIRECTION('',(0.,0.,-1.));
#2828=DIRECTION('center_axis',(0.,0.,1.));
#2829=DIRECTION('ref_axis',(0.,-1.,0.));
#2830=DIRECTION('',(-1.,0.,0.));
#2831=DIRECTION('',(1.,0.,0.));
#2832=DIRECTION('center_axis',(0.,-1.,0.));
#2833=DIRECTION('ref_axis',(0.,0.,-1.));
#2834=DIRECTION('',(1.,0.,0.));
#2835=DIRECTION('center_axis',(0.,1.,0.));
#2836=DIRECTION('ref_axis',(0.,0.,1.));
#2837=DIRECTION('',(1.,0.,0.));
#2838=DIRECTION('center_axis',(0.,1.,0.));
#2839=DIRECTION('ref_axis',(-1.,0.,0.));
#2840=DIRECTION('',(0.,0.,-1.));
#2841=DIRECTION('center_axis',(-1.,0.,0.));
#2842=DIRECTION('ref_axis',(0.,-1.,0.));
#2843=DIRECTION('',(0.,0.,1.));
#2844=DIRECTION('center_axis',(0.,-1.,0.));
#2845=DIRECTION('ref_axis',(1.,0.,0.));
#2846=DIRECTION('center_axis',(-1.,0.,0.));
#2847=DIRECTION('ref_axis',(0.,-1.,0.));
#2848=DIRECTION('center_axis',(-1.,0.,0.));
#2849=DIRECTION('ref_axis',(0.,-1.,0.));
#2850=DIRECTION('center_axis',(0.,0.,1.));
#2851=DIRECTION('ref_axis',(0.,-1.,0.));
#2852=DIRECTION('',(1.,0.,0.));
#2853=DIRECTION('center_axis',(0.,1.,0.));
#2854=DIRECTION('ref_axis',(0.,0.,1.));
#2855=DIRECTION('',(1.,0.,0.));
#2856=DIRECTION('center_axis',(0.,0.,-1.));
#2857=DIRECTION('ref_axis',(0.,1.,0.));
#2858=DIRECTION('',(1.,0.,0.));
#2859=DIRECTION('center_axis',(0.,1.,0.));
#2860=DIRECTION('ref_axis',(0.,0.,1.));
#2861=DIRECTION('center_axis',(0.,0.,-1.));
#2862=DIRECTION('ref_axis',(0.,1.,0.));
#2863=DIRECTION('',(1.,0.,0.));
#2864=DIRECTION('center_axis',(0.,-1.,0.));
#2865=DIRECTION('ref_axis',(0.,0.,-1.));
#2866=DIRECTION('',(1.,0.,0.));
#2867=DIRECTION('center_axis',(0.,0.,1.));
#2868=DIRECTION('ref_axis',(0.,-1.,0.));
#2869=DIRECTION('',(1.,0.,0.));
#2870=DIRECTION('center_axis',(0.,-1.,0.));
#2871=DIRECTION('ref_axis',(0.,0.,-1.));
#2872=CARTESIAN_POINT('',(0.,0.,0.));
#2873=CARTESIAN_POINT('Origin',(25.625205689354,40.273574979764,-1.4));
#2874=CARTESIAN_POINT('',(17.8806023374436,48.5838637566237,-1.4));
#2875=CARTESIAN_POINT('',(18.5838637566237,47.8806023374436,-1.4));
#2876=CARTESIAN_POINT('',(25.9080484018287,40.5564176922386,-1.4));
#2877=CARTESIAN_POINT('',(18.3572819576835,47.5414987114345,-1.));
#2878=CARTESIAN_POINT('Origin',(18.3572819576835,47.5414987114345,-1.4));
#2879=CARTESIAN_POINT('',(17.5414987114345,48.3572819576835,-1.));
#2880=CARTESIAN_POINT('',(25.625205689354,40.273574979764,-1.));
#2881=CARTESIAN_POINT('Origin',(17.5414987114345,48.3572819576835,-1.4));
#2882=CARTESIAN_POINT('Origin',(26.9232327362721,43.9933657243227,-1.4));
#2883=CARTESIAN_POINT('',(19.5027190815509,47.5,-1.4));
#2884=CARTESIAN_POINT('',(27.0763061092182,44.3629175373272,-1.4));
#2885=CARTESIAN_POINT('',(19.423154134599,47.1,-1.));
#2886=CARTESIAN_POINT('Origin',(19.423154134599,47.1,-1.4));
#2887=CARTESIAN_POINT('',(26.9232327362721,43.9933657243227,-1.));
#2888=CARTESIAN_POINT('Origin',(22.0717288321241,47.7192007989773,-1.4));
#2889=CARTESIAN_POINT('',(20.4972809184491,47.5,-1.4));
#2890=CARTESIAN_POINT('',(21.4161362433763,47.8806023374436,-1.4));
#2891=CARTESIAN_POINT('',(21.9186554591781,48.0887526119818,-1.4));
#2892=CARTESIAN_POINT('',(21.6427180423165,47.5414987114345,-1.));
#2893=CARTESIAN_POINT('Origin',(21.6427180423165,47.5414987114345,-1.4));
#2894=CARTESIAN_POINT('',(20.576845865401,47.1,-1.));
#2895=CARTESIAN_POINT('',(22.0717288321241,47.7192007989773,-1.));
#2896=CARTESIAN_POINT('Origin',(20.576845865401,47.1,-1.4));
#2897=CARTESIAN_POINT('Origin',(19.726425020236,45.625205689354,-1.4));
#2898=CARTESIAN_POINT('',(22.1193976625564,48.5838637566237,-1.4));
#2899=CARTESIAN_POINT('',(19.4435823077614,45.9080484018287,-1.4));
#2900=CARTESIAN_POINT('',(22.4585012885655,48.3572819576835,-1.));
#2901=CARTESIAN_POINT('Origin',(22.4585012885655,48.3572819576835,-1.4));
#2902=CARTESIAN_POINT('',(19.726425020236,45.625205689354,-1.));
#2903=CARTESIAN_POINT('Origin',(19.9711003697445,42.3521649244067,-1.4));
#2904=CARTESIAN_POINT('',(22.5,49.5027190815509,-1.4));
#2905=CARTESIAN_POINT('',(19.60154855674,42.5052382973527,-1.4));
#2906=CARTESIAN_POINT('',(22.9,49.423154134599,-1.));
#2907=CARTESIAN_POINT('Origin',(22.9,49.423154134599,-1.4));
#2908=CARTESIAN_POINT('',(19.9711003697445,42.3521649244067,-1.));
#2909=CARTESIAN_POINT('Origin',(22.9,40.2486404592246,-1.4));
#2910=CARTESIAN_POINT('',(22.5,50.4972809184491,-1.4));
#2911=CARTESIAN_POINT('',(22.5,40.2486404592246,-1.4));
#2912=CARTESIAN_POINT('',(22.9,50.576845865401,-1.));
#2913=CARTESIAN_POINT('Origin',(22.9,50.576845865401,-1.4));
#2914=CARTESIAN_POINT('',(22.9,40.2486404592246,-1.));
#2915=CARTESIAN_POINT('Origin',(26.8518670128882,41.0361949261914,-1.4));
#2916=CARTESIAN_POINT('',(22.4585012885655,51.6427180423165,-1.));
#2917=CARTESIAN_POINT('',(26.8518670128882,41.0361949261914,-1.));
#2918=CARTESIAN_POINT('',(22.1193976625564,51.4161362433763,-1.4));
#2919=CARTESIAN_POINT('',(26.4823151998837,40.8831215532454,-1.4));
#2920=CARTESIAN_POINT('Origin',(22.4585012885655,51.6427180423165,-1.4));
#2921=CARTESIAN_POINT('Origin',(29.374794310646,44.726425020236,-1.4));
#2922=CARTESIAN_POINT('',(21.6427180423165,52.4585012885655,-1.));
#2923=CARTESIAN_POINT('',(29.374794310646,44.726425020236,-1.));
#2924=CARTESIAN_POINT('',(21.4161362433763,52.1193976625564,-1.4));
#2925=CARTESIAN_POINT('',(29.0919515981713,44.4435823077614,-1.4));
#2926=CARTESIAN_POINT('Origin',(21.6427180423165,52.4585012885655,-1.4));
#2927=CARTESIAN_POINT('Origin',(28.6833689815261,49.54216818161,-1.4));
#2928=CARTESIAN_POINT('',(20.576845865401,52.9,-1.));
#2929=CARTESIAN_POINT('',(28.6833689815261,49.54216818161,-1.));
#2930=CARTESIAN_POINT('',(20.4972809184491,52.5,-1.4));
#2931=CARTESIAN_POINT('',(28.5302956085801,49.1726163686054,-1.4));
#2932=CARTESIAN_POINT('Origin',(20.576845865401,52.9,-1.4));
#2933=CARTESIAN_POINT('Origin',(24.7513595407754,52.9,-1.4));
#2934=CARTESIAN_POINT('',(19.423154134599,52.9,-1.));
#2935=CARTESIAN_POINT('',(24.7513595407754,52.9,-1.));
#2936=CARTESIAN_POINT('',(19.5027190815509,52.5,-1.4));
#2937=CARTESIAN_POINT('',(24.7513595407754,52.5,-1.4));
#2938=CARTESIAN_POINT('Origin',(19.423154134599,52.9,-1.4));
#2939=CARTESIAN_POINT('Origin',(19.392737261943,52.8874009188209,-1.4));
#2940=CARTESIAN_POINT('',(18.3572819576835,52.4585012885655,-1.));
#2941=CARTESIAN_POINT('',(19.392737261943,52.8874009188209,-1.));
#2942=CARTESIAN_POINT('',(18.5838637566237,52.1193976625564,-1.4));
#2943=CARTESIAN_POINT('',(19.5458106348891,52.5178491058164,-1.4));
#2944=CARTESIAN_POINT('Origin',(18.3572819576835,52.4585012885655,-1.4));
#2945=CARTESIAN_POINT('Origin',(25.2486404592246,47.1,-1.4));
#2946=CARTESIAN_POINT('',(25.2486404592246,47.5,-1.4));
#2947=CARTESIAN_POINT('',(25.2486404592246,47.1,-1.));
#2948=CARTESIAN_POINT('Origin',(15.273574979764,49.3747943106459,-1.4));
#2949=CARTESIAN_POINT('',(17.5414987114345,51.6427180423165,-1.));
#2950=CARTESIAN_POINT('',(15.273574979764,49.3747943106459,-1.));
#2951=CARTESIAN_POINT('',(17.8806023374436,51.4161362433763,-1.4));
#2952=CARTESIAN_POINT('',(15.5564176922386,49.0919515981713,-1.4));
#2953=CARTESIAN_POINT('Origin',(17.5414987114345,51.6427180423165,-1.4));
#2954=CARTESIAN_POINT('Origin',(14.4222979124573,44.1123011696606,-1.4));
#2955=CARTESIAN_POINT('',(17.1,50.576845865401,-1.));
#2956=CARTESIAN_POINT('',(14.4222979124573,44.1123011696606,-1.));
#2957=CARTESIAN_POINT('',(17.5,50.4972809184491,-1.4));
#2958=CARTESIAN_POINT('',(14.7918497254618,43.9592277967146,-1.4));
#2959=CARTESIAN_POINT('Origin',(17.1,50.576845865401,-1.4));
#2960=CARTESIAN_POINT('Origin',(17.1,39.7513595407754,-1.4));
#2961=CARTESIAN_POINT('',(17.1,49.423154134599,-1.));
#2962=CARTESIAN_POINT('',(17.1,39.7513595407754,-1.));
#2963=CARTESIAN_POINT('',(17.5,49.5027190815509,-1.4));
#2964=CARTESIAN_POINT('',(17.5,39.7513595407754,-1.4));
#2965=CARTESIAN_POINT('Origin',(17.1,49.423154134599,-1.4));
#2966=CARTESIAN_POINT('Origin',(21.6836668930445,38.3572033560103,-1.4));
#2967=CARTESIAN_POINT('',(21.6836668930445,38.3572033560103,-1.));
#2968=CARTESIAN_POINT('',(22.053218706049,38.5102767289564,-1.4));
#2969=CARTESIAN_POINT('Origin',(19.5027190815509,52.5,0.));
#2970=CARTESIAN_POINT('',(20.4972809184491,52.5,-3.6));
#2971=CARTESIAN_POINT('',(20.4972809184491,52.5,0.));
#2972=CARTESIAN_POINT('',(19.5027190815509,52.5,-3.6));
#2973=CARTESIAN_POINT('',(19.7513595407754,52.5,-3.6));
#2974=CARTESIAN_POINT('',(19.5027190815509,52.5,0.));
#2975=CARTESIAN_POINT('Origin',(20.4972809184491,52.5,0.));
#2976=CARTESIAN_POINT('',(21.4161362433763,52.1193976625564,-3.6));
#2977=CARTESIAN_POINT('',(21.4161362433763,52.1193976625564,0.));
#2978=CARTESIAN_POINT('',(20.7269947496809,52.4048494156391,-3.6));
#2979=CARTESIAN_POINT('Origin',(21.4161362433763,52.1193976625564,0.));
#2980=CARTESIAN_POINT('',(22.1193976625564,51.4161362433763,-3.6));
#2981=CARTESIAN_POINT('',(22.1193976625564,51.4161362433763,0.));
#2982=CARTESIAN_POINT('',(21.5919515981713,51.9435823077614,-3.6));
#2983=CARTESIAN_POINT('Origin',(22.1193976625564,51.4161362433763,0.));
#2984=CARTESIAN_POINT('',(22.5,50.4972809184491,-3.6));
#2985=CARTESIAN_POINT('',(22.5,50.4972809184491,0.));
#2986=CARTESIAN_POINT('',(22.2145482469173,51.1864224121445,-3.6));
#2987=CARTESIAN_POINT('Origin',(22.5,50.4972809184491,0.));
#2988=CARTESIAN_POINT('',(22.5,49.5027190815509,-3.6));
#2989=CARTESIAN_POINT('',(22.5,49.5027190815509,0.));
#2990=CARTESIAN_POINT('',(22.5,50.2486404592246,-3.6));
#2991=CARTESIAN_POINT('Origin',(22.5,49.5027190815509,0.));
#2992=CARTESIAN_POINT('',(22.1193976625564,48.5838637566237,-3.6));
#2993=CARTESIAN_POINT('',(22.1193976625564,48.5838637566237,0.));
#2994=CARTESIAN_POINT('',(22.4048494156391,49.2730052503191,-3.6));
#2995=CARTESIAN_POINT('Origin',(22.1193976625564,48.5838637566237,0.));
#2996=CARTESIAN_POINT('',(21.4161362433763,47.8806023374436,-3.6));
#2997=CARTESIAN_POINT('',(21.4161362433763,47.8806023374436,0.));
#2998=CARTESIAN_POINT('',(21.9435823077614,48.4080484018287,-3.6));
#2999=CARTESIAN_POINT('Origin',(21.4161362433763,47.8806023374436,0.));
#3000=CARTESIAN_POINT('',(20.4972809184491,47.5,-3.6));
#3001=CARTESIAN_POINT('',(20.4972809184491,47.5,0.));
#3002=CARTESIAN_POINT('',(21.1864224121445,47.7854517530827,-3.6));
#3003=CARTESIAN_POINT('Origin',(30.,30.,-1.));
#3004=CARTESIAN_POINT('',(6.55,24.125,-1.));
#3005=CARTESIAN_POINT('',(6.55,44.125,-1.));
#3006=CARTESIAN_POINT('Origin',(6.55,34.125,-1.));
#3007=CARTESIAN_POINT('',(6.55,45.875,-0.999999999999998));
#3008=CARTESIAN_POINT('',(6.55,37.9375,-1.));
#3009=CARTESIAN_POINT('',(0.,45.875,-0.999999999999998));
#3010=CARTESIAN_POINT('',(15.,45.875,-1.));
#3011=CARTESIAN_POINT('',(0.,60.,-1.));
#3012=CARTESIAN_POINT('',(0.,60.,-1.));
#3013=CARTESIAN_POINT('',(30.,60.,-1.));
#3014=CARTESIAN_POINT('',(60.,60.,-1.));
#3015=CARTESIAN_POINT('',(30.,0.,-1.));
#3016=CARTESIAN_POINT('',(30.,45.,-1.));
#3017=CARTESIAN_POINT('',(6.55,0.,-1.));
#3018=CARTESIAN_POINT('',(0.,0.,-1.));
#3019=CARTESIAN_POINT('',(6.55,37.9375,-1.));
#3020=CARTESIAN_POINT('',(21.6427176976615,7.54149827557698,-1.));
#3021=CARTESIAN_POINT('',(20.5768453801859,7.09999972921387,-1.));
#3022=CARTESIAN_POINT('',(29.1427956292694,10.6481307024863,-1.));
#3023=CARTESIAN_POINT('',(22.4585011369413,8.35728142310987,-1.));
#3024=CARTESIAN_POINT('',(29.7264257093933,15.6252033963502,-1.));
#3025=CARTESIAN_POINT('',(22.90000006449,9.42315358269331,-1.));
#3026=CARTESIAN_POINT('',(27.0421700821072,19.4232315592187,-1.));
#3027=CARTESIAN_POINT('',(22.9000002707861,10.5768453801859,-1.));
#3028=CARTESIAN_POINT('',(22.9000020002378,20.2486408514061,-1.));
#3029=CARTESIAN_POINT('',(22.458501724423,11.6427176976616,-1.));
#3030=CARTESIAN_POINT('',(19.7808002212433,18.1072642521476,-1.));
#3031=CARTESIAN_POINT('',(21.6427185768901,12.4585011369413,-1.));
#3032=CARTESIAN_POINT('',(19.3747939214411,14.7264266034634,-1.));
#3033=CARTESIAN_POINT('',(20.5768464173067,12.90000006449,-1.));
#3034=CARTESIAN_POINT('',(21.612299817903,12.4711010058368,-1.));
#3035=CARTESIAN_POINT('',(19.4231546198141,12.9000002707861,-1.));
#3036=CARTESIAN_POINT('',(24.7513582545238,12.8999993180291,-1.));
#3037=CARTESIAN_POINT('',(18.3572823023384,12.458501724423,-1.));
#3038=CARTESIAN_POINT('',(26.4638048241228,15.816331598365,-1.));
#3039=CARTESIAN_POINT('',(17.5414988630587,11.6427185768901,-1.));
#3040=CARTESIAN_POINT('',(25.2735760787453,19.374793027371,-1.));
#3041=CARTESIAN_POINT('',(17.09999993551,10.5768464173067,-1.));
#3042=CARTESIAN_POINT('',(21.4933676170414,21.1833688941734,-1.));
#3043=CARTESIAN_POINT('',(17.0999997292139,9.42315461981412,-1.));
#3044=CARTESIAN_POINT('',(17.100001576041,19.7513609367325,-1.));
#3045=CARTESIAN_POINT('',(17.541498275577,8.35728230233844,-1.));
#3046=CARTESIAN_POINT('',(14.6125993253645,15.4282734470011,-1.));
#3047=CARTESIAN_POINT('',(18.3572814231099,7.54149886305873,-1.));
#3048=CARTESIAN_POINT('',(15.6252042904203,10.2735769728154,-1.));
#3049=CARTESIAN_POINT('',(19.4231535826933,7.09999993551002,-1.));
#3050=CARTESIAN_POINT('',(19.8521624829483,6.92229854077103,-1.));
#3051=CARTESIAN_POINT('',(25.2486381691975,7.0999988938323,-1.));
#3052=CARTESIAN_POINT('Origin',(21.4933676170414,21.1833688941734,-1.4));
#3053=CARTESIAN_POINT('',(17.8806024485518,11.4161367173135,-1.4));
#3054=CARTESIAN_POINT('',(17.4999999212827,10.4972813988293,-1.4));
#3055=CARTESIAN_POINT('',(21.8629194026743,21.0302954551464,-1.4));
#3056=CARTESIAN_POINT('Origin',(17.09999993551,10.5768464173067,-1.4));
#3057=CARTESIAN_POINT('Origin',(17.5414988630587,11.6427185768901,-1.4));
#3058=CARTESIAN_POINT('Origin',(17.100001576041,19.7513609367325,-1.4));
#3059=CARTESIAN_POINT('',(17.4999997434412,9.50271949524041,-1.4));
#3060=CARTESIAN_POINT('',(17.500001576041,19.7513608652069,-1.4));
#3061=CARTESIAN_POINT('Origin',(17.0999997292139,9.42315461981412,-1.4));
#3062=CARTESIAN_POINT('Origin',(14.6125993253645,15.4282734470011,-1.4));
#3063=CARTESIAN_POINT('',(17.880601942102,8.5838640406422,-1.4));
#3064=CARTESIAN_POINT('',(14.9821511657407,15.5813467538661,-1.4));
#3065=CARTESIAN_POINT('Origin',(17.541498275577,8.35728230233844,-1.4));
#3066=CARTESIAN_POINT('Origin',(15.6252042904203,10.2735769728154,-1.4));
#3067=CARTESIAN_POINT('',(18.5838632826865,7.88060244855177,-1.4));
#3068=CARTESIAN_POINT('',(15.9080470534711,10.5564196347138,-1.4));
#3069=CARTESIAN_POINT('Origin',(18.3572814231099,7.54149886305873,-1.4));
#3070=CARTESIAN_POINT('Origin',(19.8521624829483,6.92229854077103,-1.4));
#3071=CARTESIAN_POINT('',(19.5027186011707,7.49999992128269,-1.4));
#3072=CARTESIAN_POINT('',(20.0052359219754,7.29185032640388,-1.4));
#3073=CARTESIAN_POINT('Origin',(19.4231535826933,7.09999993551002,-1.4));
#3074=CARTESIAN_POINT('Origin',(29.1427956292694,10.6481307024863,-1.4));
#3075=CARTESIAN_POINT('',(20.4972805047596,7.49999974344118,-1.4));
#3076=CARTESIAN_POINT('',(21.4161359593578,7.88060194210199,-1.4));
#3077=CARTESIAN_POINT('',(28.9897223224043,11.0176825428625,-1.4));
#3078=CARTESIAN_POINT('Origin',(21.6427176976616,7.54149827557698,-1.4));
#3079=CARTESIAN_POINT('Origin',(20.5768453801859,7.09999972921387,-1.4));
#3080=CARTESIAN_POINT('Origin',(29.7264257093933,15.6252033963502,-1.4));
#3081=CARTESIAN_POINT('',(22.1193975514482,8.58386328268653,-1.4));
#3082=CARTESIAN_POINT('',(29.4435830474949,15.908046159401,-1.4));
#3083=CARTESIAN_POINT('Origin',(22.4585011369413,8.35728142310987,-1.4));
#3084=CARTESIAN_POINT('Origin',(27.0421700821072,19.4232315592187,-1.4));
#3085=CARTESIAN_POINT('',(22.5000000787173,9.50271860117073,-1.4));
#3086=CARTESIAN_POINT('',(26.6726182964743,19.5763049982458,-1.4));
#3087=CARTESIAN_POINT('Origin',(22.90000006449,9.42315358269332,-1.4));
#3088=CARTESIAN_POINT('Origin',(25.2486381691975,7.0999988938323,-1.4));
#3089=CARTESIAN_POINT('',(25.248638240723,7.49999889383229,-1.4));
#3090=CARTESIAN_POINT('Origin',(22.9000020002378,20.2486408514061,-1.4));
#3091=CARTESIAN_POINT('',(22.5000002565588,10.4972805047596,-1.4));
#3092=CARTESIAN_POINT('',(22.5000020002378,20.2486409229317,-1.4));
#3093=CARTESIAN_POINT('Origin',(22.9000002707861,10.5768453801859,-1.4));
#3094=CARTESIAN_POINT('Origin',(19.7808002212433,18.1072642521476,-1.4));
#3095=CARTESIAN_POINT('',(22.119398057898,11.4161359593578,-1.4));
#3096=CARTESIAN_POINT('',(19.4112483808671,17.9541909452826,-1.4));
#3097=CARTESIAN_POINT('Origin',(22.458501724423,11.6427176976616,-1.4));
#3098=CARTESIAN_POINT('Origin',(19.3747939214411,14.7264266034634,-1.4));
#3099=CARTESIAN_POINT('',(21.4161367173135,12.1193975514482,-1.4));
#3100=CARTESIAN_POINT('',(19.0919511583903,14.443583941565,-1.4));
#3101=CARTESIAN_POINT('Origin',(21.6427185768901,12.4585011369413,-1.4));
#3102=CARTESIAN_POINT('Origin',(21.612299817903,12.4711010058368,-1.4));
#3103=CARTESIAN_POINT('',(20.4972813988293,12.5000000787173,-1.4));
#3104=CARTESIAN_POINT('',(21.459226378876,12.101549220204,-1.4));
#3105=CARTESIAN_POINT('Origin',(20.5768464173067,12.90000006449,-1.4));
#3106=CARTESIAN_POINT('Origin',(24.7513582545238,12.8999993180291,-1.4));
#3107=CARTESIAN_POINT('',(19.5027194952404,12.5000002565588,-1.4));
#3108=CARTESIAN_POINT('',(24.7513581829982,12.4999993180291,-1.4));
#3109=CARTESIAN_POINT('Origin',(19.4231546198141,12.9000002707861,-1.4));
#3110=CARTESIAN_POINT('Origin',(26.4638048241228,15.816331598365,-1.4));
#3111=CARTESIAN_POINT('',(18.5838640406422,12.119398057898,-1.4));
#3112=CARTESIAN_POINT('',(26.6168781309878,15.4467797579889,-1.4));
#3113=CARTESIAN_POINT('Origin',(18.3572823023384,12.458501724423,-1.4));
#3114=CARTESIAN_POINT('Origin',(25.2735760787453,19.374793027371,-1.4));
#3115=CARTESIAN_POINT('',(25.5564187406437,19.0919502643202,-1.4));
#3116=CARTESIAN_POINT('Origin',(19.5027194952404,12.5000002565588,0.));
#3117=CARTESIAN_POINT('',(20.4972813988293,12.5000000787173,-3.6));
#3118=CARTESIAN_POINT('',(20.4972813988293,12.5000000787173,0.));
#3119=CARTESIAN_POINT('',(19.5027194952404,12.5000002565588,-3.6));
#3120=CARTESIAN_POINT('',(19.7513599711376,12.5000002120984,-3.6));
#3121=CARTESIAN_POINT('',(19.5027194952404,12.5000002565588,0.));
#3122=CARTESIAN_POINT('Origin',(20.4972813988293,12.5000000787173,0.));
#3123=CARTESIAN_POINT('',(21.4161367173135,12.1193975514482,-3.6));
#3124=CARTESIAN_POINT('',(21.4161367173135,12.1193975514482,0.));
#3125=CARTESIAN_POINT('',(20.7269952284503,12.4048494469,-3.6));
#3126=CARTESIAN_POINT('Origin',(21.4161367173135,12.1193975514482,0.));
#3127=CARTESIAN_POINT('',(22.119398057898,11.4161359593578,-3.6));
#3128=CARTESIAN_POINT('',(22.119398057898,11.4161359593578,0.));
#3129=CARTESIAN_POINT('',(21.5919520524596,11.9435821534256,-3.6));
#3130=CARTESIAN_POINT('Origin',(22.119398057898,11.4161359593578,0.));
#3131=CARTESIAN_POINT('',(22.5000002565588,10.4972805047596,-3.6));
#3132=CARTESIAN_POINT('',(22.5000002565588,10.4972805047596,0.));
#3133=CARTESIAN_POINT('',(22.2145486075632,11.1864220957082,-3.6));
#3134=CARTESIAN_POINT('Origin',(22.5000002565588,10.4972805047596,0.));
#3135=CARTESIAN_POINT('',(22.5000000787173,9.50271860117073,-3.6));
#3136=CARTESIAN_POINT('',(22.5000000787173,9.50271860117073,0.));
#3137=CARTESIAN_POINT('',(22.5000002120984,10.2486400288624,-3.6));
#3138=CARTESIAN_POINT('Origin',(22.5000000787173,9.50271860117073,0.));
#3139=CARTESIAN_POINT('',(22.1193975514482,8.58386328268653,-3.6));
#3140=CARTESIAN_POINT('',(22.1193975514482,8.58386328268653,0.));
#3141=CARTESIAN_POINT('',(22.4048494469,9.27300477154968,-3.6));
#3142=CARTESIAN_POINT('Origin',(22.1193975514482,8.58386328268653,0.));
#3143=CARTESIAN_POINT('',(21.4161359593578,7.88060194210199,-3.6));
#3144=CARTESIAN_POINT('',(21.4161359593578,7.88060194210199,0.));
#3145=CARTESIAN_POINT('',(21.9435821534256,8.40804794754039,-3.6));
#3146=CARTESIAN_POINT('Origin',(21.4161359593578,7.88060194210199,0.));
#3147=CARTESIAN_POINT('',(20.4972805047596,7.49999974344118,-3.6));
#3148=CARTESIAN_POINT('',(20.4972805047596,7.49999974344118,0.));
#3149=CARTESIAN_POINT('',(21.1864220957082,7.78545139243679,-3.6));
#3150=CARTESIAN_POINT('Origin',(19.7513599353748,12.3000002120984,-3.8));
#3151=CARTESIAN_POINT('',(20.4177163803518,12.1000000929446,-4.));
#3152=CARTESIAN_POINT('',(19.5822843706667,12.1000002423315,-4.));
#3153=CARTESIAN_POINT('',(19.7513598996121,12.1000002120984,-4.));
#3154=CARTESIAN_POINT('',(19.5822843706667,12.1000002423315,-4.));
#3155=CARTESIAN_POINT('',(20.4177163803518,12.1000000929446,-4.));
#3156=CARTESIAN_POINT('Origin',(18.8901145577243,12.0297726873751,-3.8));
#3157=CARTESIAN_POINT('',(18.8104457789459,11.780294391373,-4.));
#3158=CARTESIAN_POINT('',(18.9666512111568,11.8449967671871,-4.));
#3159=CARTESIAN_POINT('',(18.5838640406422,12.119398057898,-3.6));
#3160=CARTESIAN_POINT('',(18.8104457789459,11.780294391373,-4.));
#3161=CARTESIAN_POINT('',(18.8135779042917,12.2145486075632,-3.6));
#3162=CARTESIAN_POINT('Origin',(18.1978391775236,11.4505306709342,-3.8));
#3163=CARTESIAN_POINT('',(18.2197060340448,11.1895548577368,-4.));
#3164=CARTESIAN_POINT('',(18.3392605084728,11.3091092894088,-4.));
#3165=CARTESIAN_POINT('',(17.8806024485518,11.4161367173135,-3.6));
#3166=CARTESIAN_POINT('',(18.2197060340448,11.1895548577368,-4.));
#3167=CARTESIAN_POINT('',(18.0564178465744,11.5919520524596,-3.6));
#3168=CARTESIAN_POINT('Origin',(17.7799264459164,10.6504585089368,-3.8));
#3169=CARTESIAN_POINT('',(17.8999999070554,10.4177163803518,-4.));
#3170=CARTESIAN_POINT('',(17.9647023387328,10.5739217894233,-4.));
#3171=CARTESIAN_POINT('',(17.4999999212827,10.4972813988293,-3.6));
#3172=CARTESIAN_POINT('',(17.8999999070554,10.4177163803518,-4.));
#3173=CARTESIAN_POINT('',(17.5951505531,10.7269952284503,-3.6));
#3174=CARTESIAN_POINT('Origin',(17.6999997879016,9.75135993537484,-3.8));
#3175=CARTESIAN_POINT('',(17.8999997576685,9.5822843706667,-4.));
#3176=CARTESIAN_POINT('',(17.8999997879016,9.75135989961205,-4.));
#3177=CARTESIAN_POINT('',(17.4999997434412,9.50271949524041,-3.6));
#3178=CARTESIAN_POINT('',(17.8999997576685,9.5822843706667,-4.));
#3179=CARTESIAN_POINT('',(17.4999997879016,9.75135997113762,-3.6));
#3180=CARTESIAN_POINT('Origin',(17.9702273126249,8.89011455772426,-3.8));
#3181=CARTESIAN_POINT('',(18.219705608627,8.81044577894596,-4.));
#3182=CARTESIAN_POINT('',(18.1550032328129,8.96665121115678,-4.));
#3183=CARTESIAN_POINT('',(17.880601942102,8.5838640406422,-3.6));
#3184=CARTESIAN_POINT('',(18.219705608627,8.81044577894596,-4.));
#3185=CARTESIAN_POINT('',(17.7854513924368,8.81357790429175,-3.6));
#3186=CARTESIAN_POINT('Origin',(18.5494693290658,8.19783917752358,-3.8));
#3187=CARTESIAN_POINT('',(18.8104451422632,8.21970603404482,-4.));
#3188=CARTESIAN_POINT('',(18.6908907105912,8.33926050847278,-4.));
#3189=CARTESIAN_POINT('',(18.5838632826865,7.88060244855177,-3.6));
#3190=CARTESIAN_POINT('',(18.8104451422632,8.21970603404482,-4.));
#3191=CARTESIAN_POINT('',(18.4080479475404,8.05641784657438,-3.6));
#3192=CARTESIAN_POINT('Origin',(19.3495414910632,7.77992644591639,-3.8));
#3193=CARTESIAN_POINT('',(19.5822836196482,7.89999990705537,-4.));
#3194=CARTESIAN_POINT('',(19.4260782105767,7.96470233873282,-4.));
#3195=CARTESIAN_POINT('',(19.5027186011707,7.49999992128269,-3.6));
#3196=CARTESIAN_POINT('',(19.5822836196482,7.89999990705537,-4.));
#3197=CARTESIAN_POINT('',(19.2730047715497,7.59515055309997,-3.6));
#3198=CARTESIAN_POINT('Origin',(20.2486400646252,7.69999978790156,-3.8));
#3199=CARTESIAN_POINT('',(20.4177156293333,7.8999997576685,-4.));
#3200=CARTESIAN_POINT('',(20.2486401003879,7.89999978790155,-4.));
#3201=CARTESIAN_POINT('',(20.4177156293333,7.8999997576685,-4.));
#3202=CARTESIAN_POINT('',(20.2486400288624,7.49999978790156,-3.6));
#3203=CARTESIAN_POINT('Origin',(21.1098854422757,7.97022731262487,-3.8));
#3204=CARTESIAN_POINT('',(21.1895542210541,8.219705608627,-4.));
#3205=CARTESIAN_POINT('',(21.0333487888432,8.15500323281295,-4.));
#3206=CARTESIAN_POINT('',(21.1895542210541,8.219705608627,-4.));
#3207=CARTESIAN_POINT('Origin',(21.8021608224764,8.5494693290658,-3.8));
#3208=CARTESIAN_POINT('',(21.7802939659552,8.81044514226318,-4.));
#3209=CARTESIAN_POINT('',(21.6607394915272,8.69089071059122,-4.));
#3210=CARTESIAN_POINT('',(21.7802939659552,8.81044514226318,-4.));
#3211=CARTESIAN_POINT('Origin',(22.2200735540836,9.34954149106321,-3.8));
#3212=CARTESIAN_POINT('',(22.1000000929446,9.58228361964817,-4.));
#3213=CARTESIAN_POINT('',(22.0352976612672,9.42607821057673,-4.));
#3214=CARTESIAN_POINT('',(22.1000000929446,9.58228361964817,-4.));
#3215=CARTESIAN_POINT('Origin',(22.3000002120984,10.2486400646252,-3.8));
#3216=CARTESIAN_POINT('',(22.1000002423315,10.4177156293333,-4.));
#3217=CARTESIAN_POINT('',(22.1000002120984,10.2486401003879,-4.));
#3218=CARTESIAN_POINT('',(22.1000002423315,10.4177156293333,-4.));
#3219=CARTESIAN_POINT('Origin',(22.0297726873751,11.1098854422757,-3.8));
#3220=CARTESIAN_POINT('',(21.780294391373,11.189554221054,-4.));
#3221=CARTESIAN_POINT('',(21.8449967671871,11.0333487888432,-4.));
#3222=CARTESIAN_POINT('',(21.780294391373,11.189554221054,-4.));
#3223=CARTESIAN_POINT('Origin',(21.4505306709342,11.8021608224764,-3.8));
#3224=CARTESIAN_POINT('',(21.1895548577368,11.7802939659552,-4.));
#3225=CARTESIAN_POINT('',(21.3091092894088,11.6607394915272,-4.));
#3226=CARTESIAN_POINT('',(21.1895548577368,11.7802939659552,-4.));
#3227=CARTESIAN_POINT('Origin',(20.6504585089368,12.2200735540836,-3.8));
#3228=CARTESIAN_POINT('',(20.5739217894233,12.0352976612672,-4.));
#3229=CARTESIAN_POINT('Origin',(20.,10.,-4.));
#3230=CARTESIAN_POINT('Origin',(19.7513595407754,52.3,-3.8));
#3231=CARTESIAN_POINT('',(20.4177159714973,52.1,-4.));
#3232=CARTESIAN_POINT('',(19.5822840285027,52.1,-4.));
#3233=CARTESIAN_POINT('',(19.7513595407754,52.1,-4.));
#3234=CARTESIAN_POINT('',(19.5822840285027,52.1,-4.));
#3235=CARTESIAN_POINT('',(20.4177159714973,52.1,-4.));
#3236=CARTESIAN_POINT('Origin',(18.8901142743285,52.0297723404151,-3.8));
#3237=CARTESIAN_POINT('',(18.8104455555639,51.7802940365474,-4.));
#3238=CARTESIAN_POINT('',(18.9666509608015,51.8449964339128,-4.));
#3239=CARTESIAN_POINT('',(18.5838637566237,52.1193976625564,-3.6));
#3240=CARTESIAN_POINT('',(18.8104455555639,51.7802940365474,-4.));
#3241=CARTESIAN_POINT('',(18.8135775878555,52.2145482469173,-3.6));
#3242=CARTESIAN_POINT('Origin',(18.1978390484759,51.450530241934,-3.8));
#3243=CARTESIAN_POINT('',(18.2197059634526,51.1895544444361,-4.));
#3244=CARTESIAN_POINT('',(18.3392604047132,51.3091088856967,-4.));
#3245=CARTESIAN_POINT('',(17.8806023374436,51.4161362433763,-3.6));
#3246=CARTESIAN_POINT('',(18.2197059634526,51.1895544444361,-4.));
#3247=CARTESIAN_POINT('',(18.0564176922386,51.5919515981713,-3.6));
#3248=CARTESIAN_POINT('Origin',(17.7799264908632,50.6504580632079,-3.8));
#3249=CARTESIAN_POINT('',(17.9,50.4177159714973,-4.));
#3250=CARTESIAN_POINT('',(17.9647023973654,50.5739213767349,-4.));
#3251=CARTESIAN_POINT('',(17.5,50.4972809184491,-3.6));
#3252=CARTESIAN_POINT('',(17.9,50.4177159714973,-4.));
#3253=CARTESIAN_POINT('',(17.5951505843609,50.7269947496809,-3.6));
#3254=CARTESIAN_POINT('Origin',(17.7,49.7513595407754,-3.8));
#3255=CARTESIAN_POINT('',(17.9,49.5822840285027,-4.));
#3256=CARTESIAN_POINT('',(17.9,49.7513595407754,-4.));
#3257=CARTESIAN_POINT('',(17.5,49.5027190815509,-3.6));
#3258=CARTESIAN_POINT('',(17.9,49.5822840285027,-4.));
#3259=CARTESIAN_POINT('',(17.5,49.7513595407754,-3.6));
#3260=CARTESIAN_POINT('Origin',(17.9702276595849,48.8901142743285,-3.8));
#3261=CARTESIAN_POINT('',(18.2197059634526,48.8104455555639,-4.));
#3262=CARTESIAN_POINT('',(18.1550035660872,48.9666509608015,-4.));
#3263=CARTESIAN_POINT('',(17.8806023374436,48.5838637566237,-3.6));
#3264=CARTESIAN_POINT('',(18.2197059634526,48.8104455555639,-4.));
#3265=CARTESIAN_POINT('',(17.7854517530827,48.8135775878555,-3.6));
#3266=CARTESIAN_POINT('Origin',(18.549469758066,48.1978390484759,-3.8));
#3267=CARTESIAN_POINT('',(18.8104455555639,48.2197059634526,-4.));
#3268=CARTESIAN_POINT('',(18.6908911143033,48.3392604047132,-4.));
#3269=CARTESIAN_POINT('',(18.5838637566237,47.8806023374436,-3.6));
#3270=CARTESIAN_POINT('',(18.8104455555639,48.2197059634526,-4.));
#3271=CARTESIAN_POINT('',(18.4080484018287,48.0564176922386,-3.6));
#3272=CARTESIAN_POINT('Origin',(19.3495419367921,47.7799264908631,-3.8));
#3273=CARTESIAN_POINT('',(19.5822840285027,47.9,-4.));
#3274=CARTESIAN_POINT('',(19.4260786232651,47.9647023973654,-4.));
#3275=CARTESIAN_POINT('',(19.5027190815509,47.5,-3.6));
#3276=CARTESIAN_POINT('',(19.5822840285027,47.9,-4.));
#3277=CARTESIAN_POINT('',(19.2730052503191,47.5951505843609,-3.6));
#3278=CARTESIAN_POINT('Origin',(20.2486404592246,47.7,-3.8));
#3279=CARTESIAN_POINT('',(20.4177159714973,47.9,-4.));
#3280=CARTESIAN_POINT('',(20.2486404592246,47.9,-4.));
#3281=CARTESIAN_POINT('',(20.4177159714973,47.9,-4.));
#3282=CARTESIAN_POINT('',(20.2486404592246,47.5,-3.6));
#3283=CARTESIAN_POINT('Origin',(21.1098857256715,47.9702276595849,-3.8));
#3284=CARTESIAN_POINT('',(21.1895544444361,48.2197059634526,-4.));
#3285=CARTESIAN_POINT('',(21.0333490391985,48.1550035660872,-4.));
#3286=CARTESIAN_POINT('',(21.1895544444361,48.2197059634526,-4.));
#3287=CARTESIAN_POINT('Origin',(21.8021609515241,48.549469758066,-3.8));
#3288=CARTESIAN_POINT('',(21.7802940365474,48.8104455555639,-4.));
#3289=CARTESIAN_POINT('',(21.6607395952868,48.6908911143033,-4.));
#3290=CARTESIAN_POINT('',(21.7802940365474,48.8104455555639,-4.));
#3291=CARTESIAN_POINT('Origin',(22.2200735091369,49.3495419367921,-3.8));
#3292=CARTESIAN_POINT('',(22.1,49.5822840285027,-4.));
#3293=CARTESIAN_POINT('',(22.0352976026346,49.4260786232651,-4.));
#3294=CARTESIAN_POINT('',(22.1,49.5822840285027,-4.));
#3295=CARTESIAN_POINT('Origin',(22.3,50.2486404592246,-3.8));
#3296=CARTESIAN_POINT('',(22.1,50.4177159714973,-4.));
#3297=CARTESIAN_POINT('',(22.1,50.2486404592246,-4.));
#3298=CARTESIAN_POINT('',(22.1,50.4177159714973,-4.));
#3299=CARTESIAN_POINT('Origin',(22.0297723404151,51.1098857256715,-3.8));
#3300=CARTESIAN_POINT('',(21.7802940365474,51.1895544444361,-4.));
#3301=CARTESIAN_POINT('',(21.8449964339128,51.0333490391985,-4.));
#3302=CARTESIAN_POINT('',(21.7802940365474,51.1895544444361,-4.));
#3303=CARTESIAN_POINT('Origin',(21.450530241934,51.8021609515241,-3.8));
#3304=CARTESIAN_POINT('',(21.1895544444361,51.7802940365474,-4.));
#3305=CARTESIAN_POINT('',(21.3091088856967,51.6607395952868,-4.));
#3306=CARTESIAN_POINT('',(21.1895544444361,51.7802940365474,-4.));
#3307=CARTESIAN_POINT('Origin',(20.6504580632079,52.2200735091369,-3.8));
#3308=CARTESIAN_POINT('',(20.5739213767349,52.0352976026346,-4.));
#3309=CARTESIAN_POINT('Origin',(20.,50.,-4.));
#3310=CARTESIAN_POINT('Origin',(20.4972805047596,7.49999974344118,0.));
#3311=CARTESIAN_POINT('',(19.5027186011707,7.49999992128269,0.));
#3312=CARTESIAN_POINT('Origin',(18.5838640406422,12.119398057898,0.));
#3313=CARTESIAN_POINT('',(18.5838640406422,12.119398057898,0.));
#3314=CARTESIAN_POINT('Origin',(17.8806024485518,11.4161367173135,0.));
#3315=CARTESIAN_POINT('',(17.8806024485518,11.4161367173135,0.));
#3316=CARTESIAN_POINT('Origin',(17.4999999212827,10.4972813988293,0.));
#3317=CARTESIAN_POINT('',(17.4999999212827,10.4972813988293,0.));
#3318=CARTESIAN_POINT('Origin',(17.4999997434412,9.50271949524041,0.));
#3319=CARTESIAN_POINT('',(17.4999997434412,9.50271949524041,0.));
#3320=CARTESIAN_POINT('Origin',(17.880601942102,8.5838640406422,0.));
#3321=CARTESIAN_POINT('',(17.880601942102,8.5838640406422,0.));
#3322=CARTESIAN_POINT('Origin',(18.5838632826865,7.88060244855177,0.));
#3323=CARTESIAN_POINT('',(18.5838632826865,7.88060244855177,0.));
#3324=CARTESIAN_POINT('Origin',(19.5027186011707,7.49999992128269,0.));
#3325=CARTESIAN_POINT('Origin',(20.4972809184491,47.5,0.));
#3326=CARTESIAN_POINT('',(19.5027190815509,47.5,0.));
#3327=CARTESIAN_POINT('Origin',(18.5838637566237,52.1193976625564,0.));
#3328=CARTESIAN_POINT('',(18.5838637566237,52.1193976625564,0.));
#3329=CARTESIAN_POINT('Origin',(17.8806023374436,51.4161362433763,0.));
#3330=CARTESIAN_POINT('',(17.8806023374436,51.4161362433763,0.));
#3331=CARTESIAN_POINT('Origin',(17.5,50.4972809184491,0.));
#3332=CARTESIAN_POINT('',(17.5,50.4972809184491,0.));
#3333=CARTESIAN_POINT('Origin',(17.5,49.5027190815509,0.));
#3334=CARTESIAN_POINT('',(17.5,49.5027190815509,0.));
#3335=CARTESIAN_POINT('Origin',(17.8806023374436,48.5838637566237,0.));
#3336=CARTESIAN_POINT('',(17.8806023374436,48.5838637566237,0.));
#3337=CARTESIAN_POINT('Origin',(18.5838637566237,47.8806023374436,0.));
#3338=CARTESIAN_POINT('',(18.5838637566237,47.8806023374436,0.));
#3339=CARTESIAN_POINT('Origin',(19.5027190815509,47.5,0.));
#3340=CARTESIAN_POINT('Origin',(0.2,6.,15.85));
#3341=CARTESIAN_POINT('',(0.,8.95,15.85));
#3342=CARTESIAN_POINT('Origin',(0.,6.,15.85));
#3343=CARTESIAN_POINT('',(0.4,8.55,15.85));
#3344=CARTESIAN_POINT('',(0.2,8.75,15.85));
#3345=CARTESIAN_POINT('Origin',(0.4,6.,15.85));
#3346=CARTESIAN_POINT('Origin',(0.,60.,0.));
#3347=CARTESIAN_POINT('',(0.,22.375,7.));
#3348=CARTESIAN_POINT('',(0.,0.,7.));
#3349=CARTESIAN_POINT('',(0.,41.1875,7.));
#3350=CARTESIAN_POINT('',(0.,0.,28.2));
#3351=CARTESIAN_POINT('',(0.,0.,0.));
#3352=CARTESIAN_POINT('',(0.,22.375,28.2));
#3353=CARTESIAN_POINT('',(0.,30.,28.2));
#3354=CARTESIAN_POINT('',(0.,22.375,20.7));
#3355=CARTESIAN_POINT('',(0.,22.375,15.35));
#3356=CARTESIAN_POINT('',(0.,17.8,20.7));
#3357=CARTESIAN_POINT('',(0.,41.1875,20.7));
#3358=CARTESIAN_POINT('',(0.,17.8,17.55));
#3359=CARTESIAN_POINT('',(0.,17.8,10.35));
#3360=CARTESIAN_POINT('',(0.,22.375,17.55));
#3361=CARTESIAN_POINT('',(0.,38.9,17.55));
#3362=CARTESIAN_POINT('',(0.,22.375,1.00000001490116));
#3363=CARTESIAN_POINT('Origin',(0.,6.,15.85));
#3364=CARTESIAN_POINT('',(3.5,8.55,15.85));
#3365=CARTESIAN_POINT('',(0.,8.55,15.85));
#3366=CARTESIAN_POINT('Origin',(3.5,6.,15.85));
#3367=CARTESIAN_POINT('Origin',(0.2,54.,15.85));
#3368=CARTESIAN_POINT('',(0.,56.95,15.85));
#3369=CARTESIAN_POINT('Origin',(0.,54.,15.85));
#3370=CARTESIAN_POINT('',(0.4,56.55,15.85));
#3371=CARTESIAN_POINT('',(0.2,56.75,15.85));
#3372=CARTESIAN_POINT('Origin',(0.4,54.,15.85));
#3373=CARTESIAN_POINT('Origin',(0.,60.,0.));
#3374=CARTESIAN_POINT('',(0.,45.875,28.2));
#3375=CARTESIAN_POINT('',(0.,60.0000008940697,28.2));
#3376=CARTESIAN_POINT('',(0.,30.,28.2));
#3377=CARTESIAN_POINT('',(0.,60.,0.));
#3378=CARTESIAN_POINT('',(0.,45.875,17.55));
#3379=CARTESIAN_POINT('',(0.,45.875,1.));
#3380=CARTESIAN_POINT('',(0.,50.45,17.55));
#3381=CARTESIAN_POINT('',(0.,52.9375,17.55));
#3382=CARTESIAN_POINT('',(0.,50.45,20.7));
#3383=CARTESIAN_POINT('',(0.,50.45,8.775));
#3384=CARTESIAN_POINT('',(0.,45.875,20.7));
#3385=CARTESIAN_POINT('',(0.,55.225,20.7));
#3386=CARTESIAN_POINT('',(0.,45.875,10.35));
#3387=CARTESIAN_POINT('Origin',(0.,54.,15.85));
#3388=CARTESIAN_POINT('',(3.5,56.55,15.85));
#3389=CARTESIAN_POINT('',(0.,56.55,15.85));
#3390=CARTESIAN_POINT('Origin',(3.5,54.,15.85));
#3391=CARTESIAN_POINT('Origin',(6.55,34.125,28.2));
#3392=CARTESIAN_POINT('',(6.55,24.125,28.2));
#3393=CARTESIAN_POINT('',(6.55,24.125,28.2));
#3394=CARTESIAN_POINT('',(6.55,44.125,28.2));
#3395=CARTESIAN_POINT('Origin',(6.55,34.125,28.2));
#3396=CARTESIAN_POINT('',(6.55,44.125,28.2));
#3397=CARTESIAN_POINT('Origin',(0.,0.,28.2));
#3398=CARTESIAN_POINT('',(6.55,22.375,28.2));
#3399=CARTESIAN_POINT('',(6.55,17.0625,28.2));
#3400=CARTESIAN_POINT('',(0.,22.375,28.2));
#3401=CARTESIAN_POINT('',(30.,0.,28.2));
#3402=CARTESIAN_POINT('',(0.,0.,28.2));
#3403=CARTESIAN_POINT('',(30.,60.,28.2));
#3404=CARTESIAN_POINT('',(30.,30.,28.2));
#3405=CARTESIAN_POINT('',(30.,60.,28.2));
#3406=CARTESIAN_POINT('',(6.55,45.875,28.2));
#3407=CARTESIAN_POINT('',(0.,45.875,28.2));
#3408=CARTESIAN_POINT('',(6.55,17.0625,28.2));
#3409=CARTESIAN_POINT('Origin',(6.55,34.125,16.35));
#3410=CARTESIAN_POINT('',(6.55,0.,7.));
#3411=CARTESIAN_POINT('',(6.55,0.,0.));
#3412=CARTESIAN_POINT('',(6.55,22.375,7.));
#3413=CARTESIAN_POINT('',(6.55,22.375,7.));
#3414=CARTESIAN_POINT('',(6.55,22.375,17.55));
#3415=CARTESIAN_POINT('',(6.55,22.375,2.00000002980232));
#3416=CARTESIAN_POINT('',(6.55,17.8,17.55));
#3417=CARTESIAN_POINT('',(6.55,50.45,17.55));
#3418=CARTESIAN_POINT('',(6.55,17.8,20.7));
#3419=CARTESIAN_POINT('',(6.55,17.8,17.55));
#3420=CARTESIAN_POINT('',(6.55,22.375,20.7));
#3421=CARTESIAN_POINT('',(6.55,50.45,20.7));
#3422=CARTESIAN_POINT('',(6.55,22.375,29.2));
#3423=CARTESIAN_POINT('Origin',(6.55,34.125,16.35));
#3424=CARTESIAN_POINT('',(6.55,45.875,20.7));
#3425=CARTESIAN_POINT('',(6.55,45.875,29.2));
#3426=CARTESIAN_POINT('',(6.55,50.45,20.7));
#3427=CARTESIAN_POINT('',(6.55,50.45,20.7));
#3428=CARTESIAN_POINT('',(6.55,50.45,17.55));
#3429=CARTESIAN_POINT('',(6.55,50.45,20.7));
#3430=CARTESIAN_POINT('',(6.55,45.875,17.55));
#3431=CARTESIAN_POINT('',(6.55,50.45,17.55));
#3432=CARTESIAN_POINT('',(6.55,45.875,1.66533453693773E-15));
#3433=CARTESIAN_POINT('Origin',(0.,22.375,7.));
#3434=CARTESIAN_POINT('',(0.,22.375,7.));
#3435=CARTESIAN_POINT('',(0.,0.,7.));
#3436=CARTESIAN_POINT('Origin',(0.,22.375,17.55));
#3437=CARTESIAN_POINT('',(0.,22.375,17.55));
#3438=CARTESIAN_POINT('Origin',(0.,45.875,20.7));
#3439=CARTESIAN_POINT('',(0.,45.875,20.7));
#3440=CARTESIAN_POINT('Origin',(60.,60.,0.));
#3441=CARTESIAN_POINT('',(30.,60.,0.));
#3442=CARTESIAN_POINT('Origin',(30.,60.,0.));
#3443=CARTESIAN_POINT('',(30.,0.,0.));
#3444=CARTESIAN_POINT('Origin',(0.,0.,0.));
#3445=CARTESIAN_POINT('Origin',(3.5,54.,15.85));
#3446=CARTESIAN_POINT('Origin',(3.5,6.,15.85));
#3447=CARTESIAN_POINT('Origin',(0.,50.45,20.7));
#3448=CARTESIAN_POINT('',(0.,50.45,20.7));
#3449=CARTESIAN_POINT('Origin',(0.,50.45,17.55));
#3450=CARTESIAN_POINT('',(0.,50.45,17.55));
#3451=CARTESIAN_POINT('Origin',(0.,45.875,17.55));
#3452=CARTESIAN_POINT('',(0.,45.875,17.55));
#3453=CARTESIAN_POINT('Origin',(0.,45.875,2.));
#3454=CARTESIAN_POINT('Origin',(0.,17.8,17.55));
#3455=CARTESIAN_POINT('',(0.,17.8,17.55));
#3456=CARTESIAN_POINT('Origin',(0.,17.8,20.7));
#3457=CARTESIAN_POINT('',(0.,17.8,20.7));
#3458=CARTESIAN_POINT('Origin',(0.,22.375,20.7));
#3459=CARTESIAN_POINT('',(0.,22.375,20.7));
#3460=CARTESIAN_POINT('Origin',(0.,22.375,30.7));
#3461=UNCERTAINTY_MEASURE_WITH_UNIT(LENGTH_MEASURE(0.01),#3465,
'DISTANCE_ACCURACY_VALUE',
'Maximum model space distance between geometric entities at asserted c
onnectivities');
#3462=UNCERTAINTY_MEASURE_WITH_UNIT(LENGTH_MEASURE(0.01),#3465,
'DISTANCE_ACCURACY_VALUE',
'Maximum model space distance between geometric entities at asserted c
onnectivities');
#3463=(
GEOMETRIC_REPRESENTATION_CONTEXT(3)
GLOBAL_UNCERTAINTY_ASSIGNED_CONTEXT((#3461))
GLOBAL_UNIT_ASSIGNED_CONTEXT((#3465,#3467,#3468))
REPRESENTATION_CONTEXT('','3D')
);
#3464=(
GEOMETRIC_REPRESENTATION_CONTEXT(3)
GLOBAL_UNCERTAINTY_ASSIGNED_CONTEXT((#3462))
GLOBAL_UNIT_ASSIGNED_CONTEXT((#3465,#3467,#3468))
REPRESENTATION_CONTEXT('','3D')
);
#3465=(
LENGTH_UNIT()
NAMED_UNIT(*)
SI_UNIT(.MILLI.,.METRE.)
);
#3466=(
LENGTH_UNIT()
NAMED_UNIT(*)
SI_UNIT($,.METRE.)
);
#3467=(
NAMED_UNIT(*)
PLANE_ANGLE_UNIT()
SI_UNIT($,.RADIAN.)
);
#3468=(
NAMED_UNIT(*)
SI_UNIT($,.STERADIAN.)
SOLID_ANGLE_UNIT()
);
#3469=SHAPE_DEFINITION_REPRESENTATION(#3470,#3471);
#3470=PRODUCT_DEFINITION_SHAPE('',$,#3473);
#3471=SHAPE_REPRESENTATION('',(#2123),#3463);
#3472=PRODUCT_DEFINITION_CONTEXT('part definition',#3477,'design');
#3473=PRODUCT_DEFINITION('sg90_1_concave','sg90_1_concave v16',#3474,#3472);
#3474=PRODUCT_DEFINITION_FORMATION('',$,#3479);
#3475=PRODUCT_RELATED_PRODUCT_CATEGORY('sg90_1_concave v16',
'sg90_1_concave v16',(#3479));
#3476=APPLICATION_PROTOCOL_DEFINITION('international standard',
'automotive_design',2009,#3477);
#3477=APPLICATION_CONTEXT(
'Core Data for Automotive Mechanical Design Process');
#3478=PRODUCT_CONTEXT('part definition',#3477,'mechanical');
#3479=PRODUCT('sg90_1_concave','sg90_1_concave v16',$,(#3478));
#3480=PRESENTATION_STYLE_ASSIGNMENT((#3481));
#3481=SURFACE_STYLE_USAGE(.BOTH.,#3482);
#3482=SURFACE_SIDE_STYLE('',(#3483));
#3483=SURFACE_STYLE_FILL_AREA(#3484);
#3484=FILL_AREA_STYLE('\X2\92FC\X0\ - \X2\30B530C630F3\X0\',(#3485));
#3485=FILL_AREA_STYLE_COLOUR('\X2\92FC\X0\ - \X2\30B530C630F3\X0\',#3486);
#3486=COLOUR_RGB('\X2\92FC\X0\ - \X2\30B530C630F3\X0\',0.627450980392157,
0.627450980392157,0.627450980392157);
ENDSEC;
END-ISO-10303-21;
