ISO-10303-21;
HEADER;
/* Generated by software containing ST-Developer
 * from STEP Tools, Inc. (www.steptools.com) 
 */

FILE_DESCRIPTION(
/* description */ (''),
/* implementation_level */ '2;1');

FILE_NAME(
/* name */ 'sg90_hand_right.step',
/* time_stamp */ '2026-02-01T19:31:54+09:00',
/* author */ (''),
/* organization */ (''),
/* preprocessor_version */ 'ST-DEVELOPER v20.1',
/* originating_system */ 'Autodesk Translation Framework v14.24.0.0',
/* authorisation */ '');

FILE_SCHEMA (('AUTOMOTIVE_DESIGN { 1 0 10303 214 3 1 1 }'));
ENDSEC;

DATA;
#10=MECHANICAL_DESIGN_GEOMETRIC_PRESENTATION_REPRESENTATION('',(#17),#11756);
#11=ITEM_DEFINED_TRANSFORMATION($,$,#2536,#2746);
#12=(
REPRESENTATION_RELATIONSHIP($,$,#11767,#11766)
REPRESENTATION_RELATIONSHIP_WITH_TRANSFORMATION(#11)
SHAPE_REPRESENTATION_RELATIONSHIP()
);
#13=CONTEXT_DEPENDENT_SHAPE_REPRESENTATION(#12,#11765);
#14=NEXT_ASSEMBLY_USAGE_OCCURRENCE('Spur Gear (24 teeth):1',
'Spur Gear (24 teeth):1','Spur Gear (24 teeth):1',#11769,#11770,
'Spur Gear (24 teeth):1');
#15=SHAPE_REPRESENTATION_RELATIONSHIP('SRR','None',#11767,#16);
#16=ADVANCED_BREP_SHAPE_REPRESENTATION('',(#18),#11755);
#17=STYLED_ITEM('',(#11780),#18);
#18=MANIFOLD_SOLID_BREP('\X2\30DC30C730A3\X0\1',#2522);
#19=FACE_BOUND('',#501,.T.);
#20=FACE_BOUND('',#503,.T.);
#21=(
BOUNDED_CURVE()
B_SPLINE_CURVE(5,(#3709,#3710,#3711,#3712,#3713,#3714,#3715,#3716,#3717,
#3718,#3719,#3720,#3721,#3722,#3723,#3724,#3725,#3726,#3727,#3728,#3729,
#3730),.UNSPECIFIED.,.F.,.F.)
B_SPLINE_CURVE_WITH_KNOTS((6,1,1,1,1,1,1,1,1,1,1,1,1,1,1,1,1,6),(0.758483036001714,
0.771428571428571,0.785714285714285,0.799999999999999,0.814285714285713,
0.828571428571428,0.842857142857142,0.857142857142856,0.87142857142857,
0.885714285714284,0.899999999999999,0.914285714285713,0.928571428571427,
0.942857142857141,0.957142857142856,0.97142857142857,0.985714285714284,
1.),.UNSPECIFIED.)
CURVE()
GEOMETRIC_REPRESENTATION_ITEM()
RATIONAL_B_SPLINE_CURVE((1.,1.,1.,1.,1.,1.,1.,1.,1.,1.,1.,1.,1.,1.,1.,1.,
1.,1.,1.,1.,1.,1.))
REPRESENTATION_ITEM('')
);
#22=(
BOUNDED_CURVE()
B_SPLINE_CURVE(5,(#3881,#3882,#3883,#3884,#3885,#3886,#3887,#3888,#3889,
#3890,#3891,#3892,#3893,#3894,#3895,#3896,#3897,#3898,#3899,#3900,#3901,
#3902,#3903,#3904,#3905,#3906,#3907,#3908,#3909,#3910,#3911,#3912,#3913,
#3914,#3915,#3916),.UNSPECIFIED.,.F.,.F.)
B_SPLINE_CURVE_WITH_KNOTS((6,1,1,1,1,1,1,1,1,1,1,1,1,1,1,1,1,1,1,1,1,1,
1,1,1,1,1,1,1,1,1,6),(0.565699904499014,0.571428571428571,0.585714285714286,
0.6,0.614285714285714,0.628571428571428,0.642857142857142,0.657142857142857,
0.671428571428571,0.685714285714285,0.699999999999999,0.714285714285714,
0.728571428571428,0.742857142857142,0.757142857142856,0.771428571428571,
0.785714285714285,0.799999999999999,0.814285714285713,0.828571428571428,
0.842857142857142,0.857142857142856,0.87142857142857,0.885714285714284,
0.899999999999999,0.914285714285713,0.928571428571427,0.942857142857141,
0.957142857142856,0.97142857142857,0.985714285714284,1.),.UNSPECIFIED.)
CURVE()
GEOMETRIC_REPRESENTATION_ITEM()
RATIONAL_B_SPLINE_CURVE((1.,1.,1.,1.,1.,1.,1.,1.,1.,1.,1.,1.,1.,1.,1.,1.,
1.,1.,1.,1.,1.,1.,1.,1.,1.,1.,1.,1.,1.,1.,1.,1.,1.,1.,1.,1.))
REPRESENTATION_ITEM('')
);
#23=(
BOUNDED_CURVE()
B_SPLINE_CURVE(5,(#4087,#4088,#4089,#4090,#4091,#4092,#4093,#4094,#4095,
#4096,#4097,#4098,#4099,#4100,#4101,#4102,#4103,#4104,#4105,#4106,#4107,
#4108,#4109,#4110,#4111,#4112,#4113,#4114,#4115,#4116,#4117,#4118,#4119,
#4120,#4121,#4122,#4123,#4124,#4125,#4126,#4127,#4128,#4129,#4130,#4131),
 .UNSPECIFIED.,.F.,.F.)
B_SPLINE_CURVE_WITH_KNOTS((6,1,1,1,1,1,1,1,1,1,1,1,1,1,1,1,1,1,1,1,1,1,
1,1,1,1,1,1,1,1,1,1,1,1,1,1,1,1,1,1,6),(0.431843644699785,0.442857142857143,
0.457142857142857,0.471428571428572,0.485714285714286,0.5,0.514285714285714,
0.528571428571429,0.542857142857143,0.557142857142857,0.571428571428571,
0.585714285714286,0.6,0.614285714285714,0.628571428571428,0.642857142857142,
0.657142857142857,0.671428571428571,0.685714285714285,0.699999999999999,
0.714285714285714,0.728571428571428,0.742857142857142,0.757142857142856,
0.771428571428571,0.785714285714285,0.799999999999999,0.814285714285713,
0.828571428571428,0.842857142857142,0.857142857142856,0.87142857142857,
0.885714285714284,0.899999999999999,0.914285714285713,0.928571428571427,
0.942857142857141,0.957142857142856,0.97142857142857,0.985714285714284,
1.),.UNSPECIFIED.)
CURVE()
GEOMETRIC_REPRESENTATION_ITEM()
RATIONAL_B_SPLINE_CURVE((1.,1.,1.,1.,1.,1.,1.,1.,1.,1.,1.,1.,1.,1.,1.,1.,
1.,1.,1.,1.,1.,1.,1.,1.,1.,1.,1.,1.,1.,1.,1.,1.,1.,1.,1.,1.,1.,1.,1.,1.,
1.,1.,1.,1.,1.))
REPRESENTATION_ITEM('')
);
#24=(
BOUNDED_CURVE()
B_SPLINE_CURVE(5,(#4319,#4320,#4321,#4322,#4323,#4324,#4325,#4326,#4327,
#4328,#4329,#4330,#4331,#4332,#4333,#4334,#4335,#4336,#4337,#4338,#4339,
#4340,#4341,#4342,#4343,#4344,#4345,#4346,#4347,#4348,#4349,#4350,#4351,
#4352,#4353,#4354,#4355,#4356,#4357,#4358,#4359,#4360,#4361,#4362,#4363),
 .UNSPECIFIED.,.F.,.F.)
B_SPLINE_CURVE_WITH_KNOTS((6,1,1,1,1,1,1,1,1,1,1,1,1,1,1,1,1,1,1,1,1,1,
1,1,1,1,1,1,1,1,1,1,1,1,1,1,1,1,1,1,6),(0.431843644699782,0.442857142857143,
0.457142857142857,0.471428571428572,0.485714285714286,0.5,0.514285714285714,
0.528571428571429,0.542857142857143,0.557142857142857,0.571428571428571,
0.585714285714286,0.6,0.614285714285714,0.628571428571428,0.642857142857142,
0.657142857142857,0.671428571428571,0.685714285714285,0.699999999999999,
0.714285714285714,0.728571428571428,0.742857142857142,0.757142857142856,
0.771428571428571,0.785714285714285,0.799999999999999,0.814285714285713,
0.828571428571428,0.842857142857142,0.857142857142856,0.87142857142857,
0.885714285714284,0.899999999999999,0.914285714285713,0.928571428571427,
0.942857142857141,0.957142857142856,0.97142857142857,0.985714285714284,
1.),.UNSPECIFIED.)
CURVE()
GEOMETRIC_REPRESENTATION_ITEM()
RATIONAL_B_SPLINE_CURVE((1.,1.,1.,1.,1.,1.,1.,1.,1.,1.,1.,1.,1.,1.,1.,1.,
1.,1.,1.,1.,1.,1.,1.,1.,1.,1.,1.,1.,1.,1.,1.,1.,1.,1.,1.,1.,1.,1.,1.,1.,
1.,1.,1.,1.,1.))
REPRESENTATION_ITEM('')
);
#25=(
BOUNDED_CURVE()
B_SPLINE_CURVE(5,(#4572,#4573,#4574,#4575,#4576,#4577,#4578,#4579,#4580,
#4581,#4582,#4583,#4584,#4585,#4586,#4587,#4588,#4589,#4590,#4591,#4592,
#4593,#4594,#4595,#4596,#4597,#4598,#4599,#4600,#4601,#4602,#4603,#4604,
#4605,#4606,#4607,#4608,#4609,#4610,#4611,#4612,#4613,#4614,#4615,#4616,
#4617,#4618,#4619,#4620,#4621,#4622,#4623,#4624,#4625,#4626,#4627,#4628,
#4629,#4630,#4631,#4632,#4633,#4634,#4635,#4636,#4637,#4638,#4639,#4640,
#4641,#4642,#4643,#4644,#4645,#4646),.UNSPECIFIED.,.F.,.F.)
B_SPLINE_CURVE_WITH_KNOTS((6,1,1,1,1,1,1,1,1,1,1,1,1,1,1,1,1,1,1,1,1,1,
1,1,1,1,1,1,1,1,1,1,1,1,1,1,1,1,1,1,1,1,1,1,1,1,1,1,1,1,1,1,1,1,1,1,1,1,
1,1,1,1,1,1,1,1,1,1,1,1,6),(0.,0.0142857142857143,0.0285714285714286,0.0428571428571429,
0.0571428571428571,0.0714285714285714,0.0857142857142857,0.1,0.114285714285714,
0.128571428571429,0.142857142857143,0.157142857142857,0.171428571428571,
0.185714285714286,0.2,0.214285714285714,0.228571428571429,0.242857142857143,
0.257142857142857,0.271428571428571,0.285714285714286,0.3,0.314285714285714,
0.328571428571429,0.342857142857143,0.357142857142857,0.371428571428571,
0.385714285714286,0.4,0.414285714285714,0.428571428571429,0.442857142857143,
0.457142857142857,0.471428571428572,0.485714285714286,0.5,0.514285714285714,
0.528571428571429,0.542857142857143,0.557142857142857,0.571428571428571,
0.585714285714286,0.6,0.614285714285714,0.628571428571428,0.642857142857142,
0.657142857142857,0.671428571428571,0.685714285714285,0.699999999999999,
0.714285714285714,0.728571428571428,0.742857142857142,0.757142857142856,
0.771428571428571,0.785714285714285,0.799999999999999,0.814285714285713,
0.828571428571428,0.842857142857142,0.857142857142856,0.87142857142857,
0.885714285714284,0.899999999999999,0.914285714285713,0.928571428571427,
0.942857142857141,0.957142857142856,0.97142857142857,0.985714285714284,
1.),.UNSPECIFIED.)
CURVE()
GEOMETRIC_REPRESENTATION_ITEM()
RATIONAL_B_SPLINE_CURVE((1.,1.,1.,1.,1.,1.,1.,1.,1.,1.,1.,1.,1.,1.,1.,1.,
1.,1.,1.,1.,1.,1.,1.,1.,1.,1.,1.,1.,1.,1.,1.,1.,1.,1.,1.,1.,1.,1.,1.,1.,
1.,1.,1.,1.,1.,1.,1.,1.,1.,1.,1.,1.,1.,1.,1.,1.,1.,1.,1.,1.,1.,1.,1.,1.,
1.,1.,1.,1.,1.,1.,1.,1.,1.,1.,1.))
REPRESENTATION_ITEM('')
);
#26=(
BOUNDED_CURVE()
B_SPLINE_CURVE(5,(#5166,#5167,#5168,#5169,#5170,#5171,#5172,#5173,#5174,
#5175,#5176,#5177,#5178,#5179,#5180,#5181,#5182,#5183,#5184,#5185,#5186,
#5187,#5188,#5189,#5190,#5191,#5192,#5193,#5194,#5195,#5196,#5197,#5198,
#5199,#5200,#5201,#5202,#5203,#5204,#5205,#5206,#5207,#5208,#5209,#5210,
#5211,#5212,#5213,#5214,#5215,#5216,#5217,#5218,#5219,#5220,#5221,#5222,
#5223,#5224,#5225,#5226,#5227,#5228,#5229,#5230,#5231,#5232,#5233,#5234,
#5235,#5236,#5237,#5238,#5239,#5240),.UNSPECIFIED.,.F.,.F.)
B_SPLINE_CURVE_WITH_KNOTS((6,1,1,1,1,1,1,1,1,1,1,1,1,1,1,1,1,1,1,1,1,1,
1,1,1,1,1,1,1,1,1,1,1,1,1,1,1,1,1,1,1,1,1,1,1,1,1,1,1,1,1,1,1,1,1,1,1,1,
1,1,1,1,1,1,1,1,1,1,1,1,6),(0.,0.0142857142857143,0.0285714285714286,0.0428571428571429,
0.0571428571428571,0.0714285714285714,0.0857142857142857,0.1,0.114285714285714,
0.128571428571429,0.142857142857143,0.157142857142857,0.171428571428571,
0.185714285714286,0.2,0.214285714285714,0.228571428571429,0.242857142857143,
0.257142857142857,0.271428571428571,0.285714285714286,0.3,0.314285714285714,
0.328571428571429,0.342857142857143,0.357142857142857,0.371428571428571,
0.385714285714286,0.4,0.414285714285714,0.428571428571429,0.442857142857143,
0.457142857142857,0.471428571428572,0.485714285714286,0.5,0.514285714285714,
0.528571428571429,0.542857142857143,0.557142857142857,0.571428571428571,
0.585714285714286,0.6,0.614285714285714,0.628571428571428,0.642857142857142,
0.657142857142857,0.671428571428571,0.685714285714285,0.699999999999999,
0.714285714285714,0.728571428571428,0.742857142857142,0.757142857142856,
0.771428571428571,0.785714285714285,0.799999999999999,0.814285714285713,
0.828571428571428,0.842857142857142,0.857142857142856,0.87142857142857,
0.885714285714284,0.899999999999999,0.914285714285713,0.928571428571427,
0.942857142857141,0.957142857142856,0.97142857142857,0.985714285714284,
1.),.UNSPECIFIED.)
CURVE()
GEOMETRIC_REPRESENTATION_ITEM()
RATIONAL_B_SPLINE_CURVE((1.,1.,1.,1.,1.,1.,1.,1.,1.,1.,1.,1.,1.,1.,1.,1.,
1.,1.,1.,1.,1.,1.,1.,1.,1.,1.,1.,1.,1.,1.,1.,1.,1.,1.,1.,1.,1.,1.,1.,1.,
1.,1.,1.,1.,1.,1.,1.,1.,1.,1.,1.,1.,1.,1.,1.,1.,1.,1.,1.,1.,1.,1.,1.,1.,
1.,1.,1.,1.,1.,1.,1.,1.,1.,1.,1.))
REPRESENTATION_ITEM('')
);
#27=(
BOUNDED_CURVE()
B_SPLINE_CURVE(5,(#5446,#5447,#5448,#5449,#5450,#5451,#5452,#5453,#5454,
#5455,#5456,#5457,#5458,#5459,#5460,#5461,#5462,#5463,#5464,#5465,#5466,
#5467,#5468,#5469,#5470,#5471,#5472,#5473,#5474,#5475,#5476,#5477,#5478,
#5479,#5480,#5481,#5482,#5483,#5484,#5485,#5486,#5487,#5488,#5489,#5490,
#5491,#5492,#5493,#5494,#5495,#5496,#5497,#5498,#5499,#5500,#5501,#5502,
#5503,#5504,#5505,#5506,#5507,#5508,#5509,#5510,#5511,#5512,#5513,#5514,
#5515,#5516,#5517,#5518,#5519,#5520),.UNSPECIFIED.,.F.,.F.)
B_SPLINE_CURVE_WITH_KNOTS((6,1,1,1,1,1,1,1,1,1,1,1,1,1,1,1,1,1,1,1,1,1,
1,1,1,1,1,1,1,1,1,1,1,1,1,1,1,1,1,1,1,1,1,1,1,1,1,1,1,1,1,1,1,1,1,1,1,1,
1,1,1,1,1,1,1,1,1,1,1,1,6),(0.,0.0142857142857143,0.0285714285714286,0.0428571428571429,
0.0571428571428571,0.0714285714285714,0.0857142857142857,0.1,0.114285714285714,
0.128571428571429,0.142857142857143,0.157142857142857,0.171428571428571,
0.185714285714286,0.2,0.214285714285714,0.228571428571429,0.242857142857143,
0.257142857142857,0.271428571428571,0.285714285714286,0.3,0.314285714285714,
0.328571428571429,0.342857142857143,0.357142857142857,0.371428571428571,
0.385714285714286,0.4,0.414285714285714,0.428571428571429,0.442857142857143,
0.457142857142857,0.471428571428572,0.485714285714286,0.5,0.514285714285714,
0.528571428571429,0.542857142857143,0.557142857142857,0.571428571428571,
0.585714285714286,0.6,0.614285714285714,0.628571428571428,0.642857142857142,
0.657142857142857,0.671428571428571,0.685714285714285,0.699999999999999,
0.714285714285714,0.728571428571428,0.742857142857142,0.757142857142856,
0.771428571428571,0.785714285714285,0.799999999999999,0.814285714285713,
0.828571428571428,0.842857142857142,0.857142857142856,0.87142857142857,
0.885714285714284,0.899999999999999,0.914285714285713,0.928571428571427,
0.942857142857141,0.957142857142856,0.97142857142857,0.985714285714284,
1.),.UNSPECIFIED.)
CURVE()
GEOMETRIC_REPRESENTATION_ITEM()
RATIONAL_B_SPLINE_CURVE((1.,1.,1.,1.,1.,1.,1.,1.,1.,1.,1.,1.,1.,1.,1.,1.,
1.,1.,1.,1.,1.,1.,1.,1.,1.,1.,1.,1.,1.,1.,1.,1.,1.,1.,1.,1.,1.,1.,1.,1.,
1.,1.,1.,1.,1.,1.,1.,1.,1.,1.,1.,1.,1.,1.,1.,1.,1.,1.,1.,1.,1.,1.,1.,1.,
1.,1.,1.,1.,1.,1.,1.,1.,1.,1.,1.))
REPRESENTATION_ITEM('')
);
#28=(
BOUNDED_CURVE()
B_SPLINE_CURVE(5,(#5723,#5724,#5725,#5726,#5727,#5728,#5729,#5730,#5731,
#5732,#5733,#5734,#5735,#5736,#5737,#5738,#5739,#5740,#5741,#5742,#5743,
#5744,#5745,#5746,#5747,#5748,#5749,#5750,#5751,#5752,#5753,#5754,#5755,
#5756,#5757,#5758,#5759,#5760,#5761,#5762,#5763,#5764,#5765,#5766,#5767,
#5768,#5769,#5770,#5771,#5772,#5773,#5774,#5775,#5776,#5777,#5778,#5779,
#5780,#5781,#5782,#5783,#5784,#5785,#5786,#5787,#5788,#5789,#5790,#5791,
#5792,#5793,#5794,#5795,#5796,#5797),.UNSPECIFIED.,.F.,.F.)
B_SPLINE_CURVE_WITH_KNOTS((6,1,1,1,1,1,1,1,1,1,1,1,1,1,1,1,1,1,1,1,1,1,
1,1,1,1,1,1,1,1,1,1,1,1,1,1,1,1,1,1,1,1,1,1,1,1,1,1,1,1,1,1,1,1,1,1,1,1,
1,1,1,1,1,1,1,1,1,1,1,1,6),(0.,0.0142857142857143,0.0285714285714286,0.0428571428571429,
0.0571428571428571,0.0714285714285714,0.0857142857142857,0.1,0.114285714285714,
0.128571428571429,0.142857142857143,0.157142857142857,0.171428571428571,
0.185714285714286,0.2,0.214285714285714,0.228571428571429,0.242857142857143,
0.257142857142857,0.271428571428571,0.285714285714286,0.3,0.314285714285714,
0.328571428571429,0.342857142857143,0.357142857142857,0.371428571428571,
0.385714285714286,0.4,0.414285714285714,0.428571428571429,0.442857142857143,
0.457142857142857,0.471428571428572,0.485714285714286,0.5,0.514285714285714,
0.528571428571429,0.542857142857143,0.557142857142857,0.571428571428571,
0.585714285714286,0.6,0.614285714285714,0.628571428571428,0.642857142857142,
0.657142857142857,0.671428571428571,0.685714285714285,0.699999999999999,
0.714285714285714,0.728571428571428,0.742857142857142,0.757142857142856,
0.771428571428571,0.785714285714285,0.799999999999999,0.814285714285713,
0.828571428571428,0.842857142857142,0.857142857142856,0.87142857142857,
0.885714285714284,0.899999999999999,0.914285714285713,0.928571428571427,
0.942857142857141,0.957142857142856,0.97142857142857,0.985714285714284,
1.),.UNSPECIFIED.)
CURVE()
GEOMETRIC_REPRESENTATION_ITEM()
RATIONAL_B_SPLINE_CURVE((1.,1.,1.,1.,1.,1.,1.,1.,1.,1.,1.,1.,1.,1.,1.,1.,
1.,1.,1.,1.,1.,1.,1.,1.,1.,1.,1.,1.,1.,1.,1.,1.,1.,1.,1.,1.,1.,1.,1.,1.,
1.,1.,1.,1.,1.,1.,1.,1.,1.,1.,1.,1.,1.,1.,1.,1.,1.,1.,1.,1.,1.,1.,1.,1.,
1.,1.,1.,1.,1.,1.,1.,1.,1.,1.,1.))
REPRESENTATION_ITEM('')
);
#29=(
BOUNDED_CURVE()
B_SPLINE_CURVE(5,(#6003,#6004,#6005,#6006,#6007,#6008,#6009,#6010,#6011,
#6012,#6013,#6014,#6015,#6016,#6017,#6018,#6019,#6020,#6021,#6022,#6023,
#6024,#6025,#6026,#6027,#6028,#6029,#6030,#6031,#6032,#6033,#6034,#6035,
#6036,#6037,#6038,#6039,#6040,#6041,#6042,#6043,#6044,#6045,#6046,#6047,
#6048,#6049,#6050,#6051,#6052,#6053,#6054,#6055,#6056,#6057,#6058,#6059,
#6060,#6061,#6062,#6063,#6064,#6065,#6066,#6067,#6068,#6069,#6070,#6071,
#6072,#6073,#6074,#6075,#6076,#6077),.UNSPECIFIED.,.F.,.F.)
B_SPLINE_CURVE_WITH_KNOTS((6,1,1,1,1,1,1,1,1,1,1,1,1,1,1,1,1,1,1,1,1,1,
1,1,1,1,1,1,1,1,1,1,1,1,1,1,1,1,1,1,1,1,1,1,1,1,1,1,1,1,1,1,1,1,1,1,1,1,
1,1,1,1,1,1,1,1,1,1,1,1,6),(0.,0.0142857142857143,0.0285714285714286,0.0428571428571429,
0.0571428571428571,0.0714285714285714,0.0857142857142857,0.1,0.114285714285714,
0.128571428571429,0.142857142857143,0.157142857142857,0.171428571428571,
0.185714285714286,0.2,0.214285714285714,0.228571428571429,0.242857142857143,
0.257142857142857,0.271428571428571,0.285714285714286,0.3,0.314285714285714,
0.328571428571429,0.342857142857143,0.357142857142857,0.371428571428571,
0.385714285714286,0.4,0.414285714285714,0.428571428571429,0.442857142857143,
0.457142857142857,0.471428571428572,0.485714285714286,0.5,0.514285714285714,
0.528571428571429,0.542857142857143,0.557142857142857,0.571428571428571,
0.585714285714286,0.6,0.614285714285714,0.628571428571428,0.642857142857142,
0.657142857142857,0.671428571428571,0.685714285714285,0.699999999999999,
0.714285714285714,0.728571428571428,0.742857142857142,0.757142857142856,
0.771428571428571,0.785714285714285,0.799999999999999,0.814285714285713,
0.828571428571428,0.842857142857142,0.857142857142856,0.87142857142857,
0.885714285714284,0.899999999999999,0.914285714285713,0.928571428571427,
0.942857142857141,0.957142857142856,0.97142857142857,0.985714285714284,
1.),.UNSPECIFIED.)
CURVE()
GEOMETRIC_REPRESENTATION_ITEM()
RATIONAL_B_SPLINE_CURVE((1.,1.,1.,1.,1.,1.,1.,1.,1.,1.,1.,1.,1.,1.,1.,1.,
1.,1.,1.,1.,1.,1.,1.,1.,1.,1.,1.,1.,1.,1.,1.,1.,1.,1.,1.,1.,1.,1.,1.,1.,
1.,1.,1.,1.,1.,1.,1.,1.,1.,1.,1.,1.,1.,1.,1.,1.,1.,1.,1.,1.,1.,1.,1.,1.,
1.,1.,1.,1.,1.,1.,1.,1.,1.,1.,1.))
REPRESENTATION_ITEM('')
);
#30=(
BOUNDED_CURVE()
B_SPLINE_CURVE(5,(#6280,#6281,#6282,#6283,#6284,#6285,#6286,#6287,#6288,
#6289,#6290,#6291,#6292,#6293,#6294,#6295,#6296,#6297,#6298,#6299,#6300,
#6301,#6302,#6303,#6304,#6305,#6306,#6307,#6308,#6309,#6310,#6311,#6312,
#6313,#6314,#6315,#6316,#6317,#6318,#6319,#6320,#6321,#6322,#6323,#6324,
#6325,#6326,#6327,#6328,#6329,#6330,#6331,#6332,#6333,#6334,#6335,#6336,
#6337,#6338,#6339,#6340,#6341,#6342,#6343,#6344,#6345,#6346,#6347,#6348,
#6349,#6350,#6351,#6352,#6353,#6354),.UNSPECIFIED.,.F.,.F.)
B_SPLINE_CURVE_WITH_KNOTS((6,1,1,1,1,1,1,1,1,1,1,1,1,1,1,1,1,1,1,1,1,1,
1,1,1,1,1,1,1,1,1,1,1,1,1,1,1,1,1,1,1,1,1,1,1,1,1,1,1,1,1,1,1,1,1,1,1,1,
1,1,1,1,1,1,1,1,1,1,1,1,6),(0.,0.0142857142857143,0.0285714285714286,0.0428571428571429,
0.0571428571428571,0.0714285714285714,0.0857142857142857,0.1,0.114285714285714,
0.128571428571429,0.142857142857143,0.157142857142857,0.171428571428571,
0.185714285714286,0.2,0.214285714285714,0.228571428571429,0.242857142857143,
0.257142857142857,0.271428571428571,0.285714285714286,0.3,0.314285714285714,
0.328571428571429,0.342857142857143,0.357142857142857,0.371428571428571,
0.385714285714286,0.4,0.414285714285714,0.428571428571429,0.442857142857143,
0.457142857142857,0.471428571428572,0.485714285714286,0.5,0.514285714285714,
0.528571428571429,0.542857142857143,0.557142857142857,0.571428571428571,
0.585714285714286,0.6,0.614285714285714,0.628571428571428,0.642857142857142,
0.657142857142857,0.671428571428571,0.685714285714285,0.699999999999999,
0.714285714285714,0.728571428571428,0.742857142857142,0.757142857142856,
0.771428571428571,0.785714285714285,0.799999999999999,0.814285714285713,
0.828571428571428,0.842857142857142,0.857142857142856,0.87142857142857,
0.885714285714284,0.899999999999999,0.914285714285713,0.928571428571427,
0.942857142857141,0.957142857142856,0.97142857142857,0.985714285714284,
1.),.UNSPECIFIED.)
CURVE()
GEOMETRIC_REPRESENTATION_ITEM()
RATIONAL_B_SPLINE_CURVE((1.,1.,1.,1.,1.,1.,1.,1.,1.,1.,1.,1.,1.,1.,1.,1.,
1.,1.,1.,1.,1.,1.,1.,1.,1.,1.,1.,1.,1.,1.,1.,1.,1.,1.,1.,1.,1.,1.,1.,1.,
1.,1.,1.,1.,1.,1.,1.,1.,1.,1.,1.,1.,1.,1.,1.,1.,1.,1.,1.,1.,1.,1.,1.,1.,
1.,1.,1.,1.,1.,1.,1.,1.,1.,1.,1.))
REPRESENTATION_ITEM('')
);
#31=(
BOUNDED_CURVE()
B_SPLINE_CURVE(5,(#6560,#6561,#6562,#6563,#6564,#6565,#6566,#6567,#6568,
#6569,#6570,#6571,#6572,#6573,#6574,#6575,#6576,#6577,#6578,#6579,#6580,
#6581,#6582,#6583,#6584,#6585,#6586,#6587,#6588,#6589,#6590,#6591,#6592,
#6593,#6594,#6595,#6596,#6597,#6598,#6599,#6600,#6601,#6602,#6603,#6604,
#6605,#6606,#6607,#6608,#6609,#6610,#6611,#6612,#6613,#6614,#6615,#6616,
#6617,#6618,#6619,#6620,#6621,#6622,#6623,#6624,#6625,#6626,#6627,#6628,
#6629,#6630,#6631,#6632,#6633,#6634),.UNSPECIFIED.,.F.,.F.)
B_SPLINE_CURVE_WITH_KNOTS((6,1,1,1,1,1,1,1,1,1,1,1,1,1,1,1,1,1,1,1,1,1,
1,1,1,1,1,1,1,1,1,1,1,1,1,1,1,1,1,1,1,1,1,1,1,1,1,1,1,1,1,1,1,1,1,1,1,1,
1,1,1,1,1,1,1,1,1,1,1,1,6),(0.,0.0142857142857143,0.0285714285714286,0.0428571428571429,
0.0571428571428571,0.0714285714285714,0.0857142857142857,0.1,0.114285714285714,
0.128571428571429,0.142857142857143,0.157142857142857,0.171428571428571,
0.185714285714286,0.2,0.214285714285714,0.228571428571429,0.242857142857143,
0.257142857142857,0.271428571428571,0.285714285714286,0.3,0.314285714285714,
0.328571428571429,0.342857142857143,0.357142857142857,0.371428571428571,
0.385714285714286,0.4,0.414285714285714,0.428571428571429,0.442857142857143,
0.457142857142857,0.471428571428572,0.485714285714286,0.5,0.514285714285714,
0.528571428571429,0.542857142857143,0.557142857142857,0.571428571428571,
0.585714285714286,0.6,0.614285714285714,0.628571428571428,0.642857142857142,
0.657142857142857,0.671428571428571,0.685714285714285,0.699999999999999,
0.714285714285714,0.728571428571428,0.742857142857142,0.757142857142856,
0.771428571428571,0.785714285714285,0.799999999999999,0.814285714285713,
0.828571428571428,0.842857142857142,0.857142857142856,0.87142857142857,
0.885714285714284,0.899999999999999,0.914285714285713,0.928571428571427,
0.942857142857141,0.957142857142856,0.97142857142857,0.985714285714284,
1.),.UNSPECIFIED.)
CURVE()
GEOMETRIC_REPRESENTATION_ITEM()
RATIONAL_B_SPLINE_CURVE((1.,1.,1.,1.,1.,1.,1.,1.,1.,1.,1.,1.,1.,1.,1.,1.,
1.,1.,1.,1.,1.,1.,1.,1.,1.,1.,1.,1.,1.,1.,1.,1.,1.,1.,1.,1.,1.,1.,1.,1.,
1.,1.,1.,1.,1.,1.,1.,1.,1.,1.,1.,1.,1.,1.,1.,1.,1.,1.,1.,1.,1.,1.,1.,1.,
1.,1.,1.,1.,1.,1.,1.,1.,1.,1.,1.))
REPRESENTATION_ITEM('')
);
#32=(
BOUNDED_CURVE()
B_SPLINE_CURVE(5,(#6837,#6838,#6839,#6840,#6841,#6842,#6843,#6844,#6845,
#6846,#6847,#6848,#6849,#6850,#6851,#6852,#6853,#6854,#6855,#6856,#6857,
#6858,#6859,#6860,#6861,#6862,#6863,#6864,#6865,#6866,#6867,#6868,#6869,
#6870,#6871,#6872,#6873,#6874,#6875,#6876,#6877,#6878,#6879,#6880,#6881,
#6882,#6883,#6884,#6885,#6886,#6887,#6888,#6889,#6890,#6891,#6892,#6893,
#6894,#6895,#6896,#6897,#6898,#6899,#6900,#6901,#6902,#6903,#6904,#6905,
#6906,#6907,#6908,#6909,#6910,#6911),.UNSPECIFIED.,.F.,.F.)
B_SPLINE_CURVE_WITH_KNOTS((6,1,1,1,1,1,1,1,1,1,1,1,1,1,1,1,1,1,1,1,1,1,
1,1,1,1,1,1,1,1,1,1,1,1,1,1,1,1,1,1,1,1,1,1,1,1,1,1,1,1,1,1,1,1,1,1,1,1,
1,1,1,1,1,1,1,1,1,1,1,1,6),(0.,0.0142857142857143,0.0285714285714286,0.0428571428571429,
0.0571428571428571,0.0714285714285714,0.0857142857142857,0.1,0.114285714285714,
0.128571428571429,0.142857142857143,0.157142857142857,0.171428571428571,
0.185714285714286,0.2,0.214285714285714,0.228571428571429,0.242857142857143,
0.257142857142857,0.271428571428571,0.285714285714286,0.3,0.314285714285714,
0.328571428571429,0.342857142857143,0.357142857142857,0.371428571428571,
0.385714285714286,0.4,0.414285714285714,0.428571428571429,0.442857142857143,
0.457142857142857,0.471428571428572,0.485714285714286,0.5,0.514285714285714,
0.528571428571429,0.542857142857143,0.557142857142857,0.571428571428571,
0.585714285714286,0.6,0.614285714285714,0.628571428571428,0.642857142857142,
0.657142857142857,0.671428571428571,0.685714285714285,0.699999999999999,
0.714285714285714,0.728571428571428,0.742857142857142,0.757142857142856,
0.771428571428571,0.785714285714285,0.799999999999999,0.814285714285713,
0.828571428571428,0.842857142857142,0.857142857142856,0.87142857142857,
0.885714285714284,0.899999999999999,0.914285714285713,0.928571428571427,
0.942857142857141,0.957142857142856,0.97142857142857,0.985714285714284,
1.),.UNSPECIFIED.)
CURVE()
GEOMETRIC_REPRESENTATION_ITEM()
RATIONAL_B_SPLINE_CURVE((1.,1.,1.,1.,1.,1.,1.,1.,1.,1.,1.,1.,1.,1.,1.,1.,
1.,1.,1.,1.,1.,1.,1.,1.,1.,1.,1.,1.,1.,1.,1.,1.,1.,1.,1.,1.,1.,1.,1.,1.,
1.,1.,1.,1.,1.,1.,1.,1.,1.,1.,1.,1.,1.,1.,1.,1.,1.,1.,1.,1.,1.,1.,1.,1.,
1.,1.,1.,1.,1.,1.,1.,1.,1.,1.,1.))
REPRESENTATION_ITEM('')
);
#33=(
BOUNDED_CURVE()
B_SPLINE_CURVE(5,(#7117,#7118,#7119,#7120,#7121,#7122,#7123,#7124,#7125,
#7126,#7127,#7128,#7129,#7130,#7131,#7132,#7133,#7134,#7135,#7136,#7137,
#7138,#7139,#7140,#7141,#7142,#7143,#7144,#7145,#7146,#7147,#7148,#7149,
#7150,#7151,#7152,#7153,#7154,#7155,#7156,#7157,#7158,#7159,#7160,#7161,
#7162,#7163,#7164,#7165,#7166,#7167,#7168,#7169,#7170,#7171,#7172,#7173,
#7174,#7175,#7176,#7177,#7178,#7179,#7180,#7181,#7182,#7183,#7184,#7185,
#7186,#7187,#7188,#7189,#7190,#7191),.UNSPECIFIED.,.F.,.F.)
B_SPLINE_CURVE_WITH_KNOTS((6,1,1,1,1,1,1,1,1,1,1,1,1,1,1,1,1,1,1,1,1,1,
1,1,1,1,1,1,1,1,1,1,1,1,1,1,1,1,1,1,1,1,1,1,1,1,1,1,1,1,1,1,1,1,1,1,1,1,
1,1,1,1,1,1,1,1,1,1,1,1,6),(0.,0.0142857142857143,0.0285714285714286,0.0428571428571429,
0.0571428571428571,0.0714285714285714,0.0857142857142857,0.1,0.114285714285714,
0.128571428571429,0.142857142857143,0.157142857142857,0.171428571428571,
0.185714285714286,0.2,0.214285714285714,0.228571428571429,0.242857142857143,
0.257142857142857,0.271428571428571,0.285714285714286,0.3,0.314285714285714,
0.328571428571429,0.342857142857143,0.357142857142857,0.371428571428571,
0.385714285714286,0.4,0.414285714285714,0.428571428571429,0.442857142857143,
0.457142857142857,0.471428571428572,0.485714285714286,0.5,0.514285714285714,
0.528571428571429,0.542857142857143,0.557142857142857,0.571428571428571,
0.585714285714286,0.6,0.614285714285714,0.628571428571428,0.642857142857142,
0.657142857142857,0.671428571428571,0.685714285714285,0.699999999999999,
0.714285714285714,0.728571428571428,0.742857142857142,0.757142857142856,
0.771428571428571,0.785714285714285,0.799999999999999,0.814285714285713,
0.828571428571428,0.842857142857142,0.857142857142856,0.87142857142857,
0.885714285714284,0.899999999999999,0.914285714285713,0.928571428571427,
0.942857142857141,0.957142857142856,0.97142857142857,0.985714285714284,
1.),.UNSPECIFIED.)
CURVE()
GEOMETRIC_REPRESENTATION_ITEM()
RATIONAL_B_SPLINE_CURVE((1.,1.,1.,1.,1.,1.,1.,1.,1.,1.,1.,1.,1.,1.,1.,1.,
1.,1.,1.,1.,1.,1.,1.,1.,1.,1.,1.,1.,1.,1.,1.,1.,1.,1.,1.,1.,1.,1.,1.,1.,
1.,1.,1.,1.,1.,1.,1.,1.,1.,1.,1.,1.,1.,1.,1.,1.,1.,1.,1.,1.,1.,1.,1.,1.,
1.,1.,1.,1.,1.,1.,1.,1.,1.,1.,1.))
REPRESENTATION_ITEM('')
);
#34=(
BOUNDED_CURVE()
B_SPLINE_CURVE(5,(#7394,#7395,#7396,#7397,#7398,#7399,#7400,#7401,#7402,
#7403,#7404,#7405,#7406,#7407,#7408,#7409,#7410,#7411,#7412,#7413,#7414,
#7415,#7416,#7417,#7418,#7419,#7420,#7421,#7422,#7423,#7424,#7425,#7426,
#7427,#7428,#7429,#7430,#7431,#7432,#7433,#7434,#7435,#7436,#7437,#7438,
#7439,#7440,#7441,#7442,#7443,#7444,#7445,#7446,#7447,#7448,#7449,#7450,
#7451,#7452,#7453,#7454,#7455,#7456,#7457,#7458,#7459,#7460,#7461,#7462,
#7463,#7464,#7465,#7466,#7467,#7468),.UNSPECIFIED.,.F.,.F.)
B_SPLINE_CURVE_WITH_KNOTS((6,1,1,1,1,1,1,1,1,1,1,1,1,1,1,1,1,1,1,1,1,1,
1,1,1,1,1,1,1,1,1,1,1,1,1,1,1,1,1,1,1,1,1,1,1,1,1,1,1,1,1,1,1,1,1,1,1,1,
1,1,1,1,1,1,1,1,1,1,1,1,6),(0.,0.0142857142857143,0.0285714285714286,0.0428571428571429,
0.0571428571428571,0.0714285714285714,0.0857142857142857,0.1,0.114285714285714,
0.128571428571429,0.142857142857143,0.157142857142857,0.171428571428571,
0.185714285714286,0.2,0.214285714285714,0.228571428571429,0.242857142857143,
0.257142857142857,0.271428571428571,0.285714285714286,0.3,0.314285714285714,
0.328571428571429,0.342857142857143,0.357142857142857,0.371428571428571,
0.385714285714286,0.4,0.414285714285714,0.428571428571429,0.442857142857143,
0.457142857142857,0.471428571428572,0.485714285714286,0.5,0.514285714285714,
0.528571428571429,0.542857142857143,0.557142857142857,0.571428571428571,
0.585714285714286,0.6,0.614285714285714,0.628571428571428,0.642857142857142,
0.657142857142857,0.671428571428571,0.685714285714285,0.699999999999999,
0.714285714285714,0.728571428571428,0.742857142857142,0.757142857142856,
0.771428571428571,0.785714285714285,0.799999999999999,0.814285714285713,
0.828571428571428,0.842857142857142,0.857142857142856,0.87142857142857,
0.885714285714284,0.899999999999999,0.914285714285713,0.928571428571427,
0.942857142857141,0.957142857142856,0.97142857142857,0.985714285714284,
1.),.UNSPECIFIED.)
CURVE()
GEOMETRIC_REPRESENTATION_ITEM()
RATIONAL_B_SPLINE_CURVE((1.,1.,1.,1.,1.,1.,1.,1.,1.,1.,1.,1.,1.,1.,1.,1.,
1.,1.,1.,1.,1.,1.,1.,1.,1.,1.,1.,1.,1.,1.,1.,1.,1.,1.,1.,1.,1.,1.,1.,1.,
1.,1.,1.,1.,1.,1.,1.,1.,1.,1.,1.,1.,1.,1.,1.,1.,1.,1.,1.,1.,1.,1.,1.,1.,
1.,1.,1.,1.,1.,1.,1.,1.,1.,1.,1.))
REPRESENTATION_ITEM('')
);
#35=(
BOUNDED_CURVE()
B_SPLINE_CURVE(5,(#7674,#7675,#7676,#7677,#7678,#7679,#7680,#7681,#7682,
#7683,#7684,#7685,#7686,#7687,#7688,#7689,#7690,#7691,#7692,#7693,#7694,
#7695,#7696,#7697,#7698,#7699,#7700,#7701,#7702,#7703,#7704,#7705,#7706,
#7707,#7708,#7709,#7710,#7711,#7712,#7713,#7714,#7715,#7716,#7717,#7718,
#7719,#7720,#7721,#7722,#7723,#7724,#7725,#7726,#7727,#7728,#7729,#7730,
#7731,#7732,#7733,#7734,#7735,#7736,#7737,#7738,#7739,#7740,#7741,#7742,
#7743,#7744,#7745,#7746,#7747,#7748),.UNSPECIFIED.,.F.,.F.)
B_SPLINE_CURVE_WITH_KNOTS((6,1,1,1,1,1,1,1,1,1,1,1,1,1,1,1,1,1,1,1,1,1,
1,1,1,1,1,1,1,1,1,1,1,1,1,1,1,1,1,1,1,1,1,1,1,1,1,1,1,1,1,1,1,1,1,1,1,1,
1,1,1,1,1,1,1,1,1,1,1,1,6),(0.,0.0142857142857143,0.0285714285714286,0.0428571428571429,
0.0571428571428571,0.0714285714285714,0.0857142857142857,0.1,0.114285714285714,
0.128571428571429,0.142857142857143,0.157142857142857,0.171428571428571,
0.185714285714286,0.2,0.214285714285714,0.228571428571429,0.242857142857143,
0.257142857142857,0.271428571428571,0.285714285714286,0.3,0.314285714285714,
0.328571428571429,0.342857142857143,0.357142857142857,0.371428571428571,
0.385714285714286,0.4,0.414285714285714,0.428571428571429,0.442857142857143,
0.457142857142857,0.471428571428572,0.485714285714286,0.5,0.514285714285714,
0.528571428571429,0.542857142857143,0.557142857142857,0.571428571428571,
0.585714285714286,0.6,0.614285714285714,0.628571428571428,0.642857142857142,
0.657142857142857,0.671428571428571,0.685714285714285,0.699999999999999,
0.714285714285714,0.728571428571428,0.742857142857142,0.757142857142856,
0.771428571428571,0.785714285714285,0.799999999999999,0.814285714285713,
0.828571428571428,0.842857142857142,0.857142857142856,0.87142857142857,
0.885714285714284,0.899999999999999,0.914285714285713,0.928571428571427,
0.942857142857141,0.957142857142856,0.97142857142857,0.985714285714284,
1.),.UNSPECIFIED.)
CURVE()
GEOMETRIC_REPRESENTATION_ITEM()
RATIONAL_B_SPLINE_CURVE((1.,1.,1.,1.,1.,1.,1.,1.,1.,1.,1.,1.,1.,1.,1.,1.,
1.,1.,1.,1.,1.,1.,1.,1.,1.,1.,1.,1.,1.,1.,1.,1.,1.,1.,1.,1.,1.,1.,1.,1.,
1.,1.,1.,1.,1.,1.,1.,1.,1.,1.,1.,1.,1.,1.,1.,1.,1.,1.,1.,1.,1.,1.,1.,1.,
1.,1.,1.,1.,1.,1.,1.,1.,1.,1.,1.))
REPRESENTATION_ITEM('')
);
#36=(
BOUNDED_CURVE()
B_SPLINE_CURVE(5,(#7951,#7952,#7953,#7954,#7955,#7956,#7957,#7958,#7959,
#7960,#7961,#7962,#7963,#7964,#7965,#7966,#7967,#7968,#7969,#7970,#7971,
#7972,#7973,#7974,#7975,#7976,#7977,#7978,#7979,#7980,#7981,#7982,#7983,
#7984,#7985,#7986,#7987,#7988,#7989,#7990,#7991,#7992,#7993,#7994,#7995,
#7996,#7997,#7998,#7999,#8000,#8001,#8002,#8003,#8004,#8005,#8006,#8007,
#8008,#8009,#8010,#8011,#8012,#8013,#8014,#8015,#8016,#8017,#8018,#8019,
#8020,#8021,#8022,#8023,#8024,#8025),.UNSPECIFIED.,.F.,.F.)
B_SPLINE_CURVE_WITH_KNOTS((6,1,1,1,1,1,1,1,1,1,1,1,1,1,1,1,1,1,1,1,1,1,
1,1,1,1,1,1,1,1,1,1,1,1,1,1,1,1,1,1,1,1,1,1,1,1,1,1,1,1,1,1,1,1,1,1,1,1,
1,1,1,1,1,1,1,1,1,1,1,1,6),(0.,0.0142857142857143,0.0285714285714286,0.0428571428571429,
0.0571428571428571,0.0714285714285714,0.0857142857142857,0.1,0.114285714285714,
0.128571428571429,0.142857142857143,0.157142857142857,0.171428571428571,
0.185714285714286,0.2,0.214285714285714,0.228571428571429,0.242857142857143,
0.257142857142857,0.271428571428571,0.285714285714286,0.3,0.314285714285714,
0.328571428571429,0.342857142857143,0.357142857142857,0.371428571428571,
0.385714285714286,0.4,0.414285714285714,0.428571428571429,0.442857142857143,
0.457142857142857,0.471428571428572,0.485714285714286,0.5,0.514285714285714,
0.528571428571429,0.542857142857143,0.557142857142857,0.571428571428571,
0.585714285714286,0.6,0.614285714285714,0.628571428571428,0.642857142857142,
0.657142857142857,0.671428571428571,0.685714285714285,0.699999999999999,
0.714285714285714,0.728571428571428,0.742857142857142,0.757142857142856,
0.771428571428571,0.785714285714285,0.799999999999999,0.814285714285713,
0.828571428571428,0.842857142857142,0.857142857142856,0.87142857142857,
0.885714285714284,0.899999999999999,0.914285714285713,0.928571428571427,
0.942857142857141,0.957142857142856,0.97142857142857,0.985714285714284,
1.),.UNSPECIFIED.)
CURVE()
GEOMETRIC_REPRESENTATION_ITEM()
RATIONAL_B_SPLINE_CURVE((1.,1.,1.,1.,1.,1.,1.,1.,1.,1.,1.,1.,1.,1.,1.,1.,
1.,1.,1.,1.,1.,1.,1.,1.,1.,1.,1.,1.,1.,1.,1.,1.,1.,1.,1.,1.,1.,1.,1.,1.,
1.,1.,1.,1.,1.,1.,1.,1.,1.,1.,1.,1.,1.,1.,1.,1.,1.,1.,1.,1.,1.,1.,1.,1.,
1.,1.,1.,1.,1.,1.,1.,1.,1.,1.,1.))
REPRESENTATION_ITEM('')
);
#37=(
BOUNDED_CURVE()
B_SPLINE_CURVE(5,(#8231,#8232,#8233,#8234,#8235,#8236,#8237,#8238,#8239,
#8240,#8241,#8242,#8243,#8244,#8245,#8246,#8247,#8248,#8249,#8250,#8251,
#8252,#8253,#8254,#8255,#8256,#8257,#8258,#8259,#8260,#8261,#8262,#8263,
#8264,#8265,#8266,#8267,#8268,#8269,#8270,#8271,#8272,#8273,#8274,#8275,
#8276,#8277,#8278,#8279,#8280,#8281,#8282,#8283,#8284,#8285,#8286,#8287,
#8288,#8289,#8290,#8291,#8292,#8293,#8294,#8295,#8296,#8297,#8298,#8299,
#8300,#8301,#8302,#8303,#8304,#8305),.UNSPECIFIED.,.F.,.F.)
B_SPLINE_CURVE_WITH_KNOTS((6,1,1,1,1,1,1,1,1,1,1,1,1,1,1,1,1,1,1,1,1,1,
1,1,1,1,1,1,1,1,1,1,1,1,1,1,1,1,1,1,1,1,1,1,1,1,1,1,1,1,1,1,1,1,1,1,1,1,
1,1,1,1,1,1,1,1,1,1,1,1,6),(0.,0.0142857142857143,0.0285714285714286,0.0428571428571429,
0.0571428571428571,0.0714285714285714,0.0857142857142857,0.1,0.114285714285714,
0.128571428571429,0.142857142857143,0.157142857142857,0.171428571428571,
0.185714285714286,0.2,0.214285714285714,0.228571428571429,0.242857142857143,
0.257142857142857,0.271428571428571,0.285714285714286,0.3,0.314285714285714,
0.328571428571429,0.342857142857143,0.357142857142857,0.371428571428571,
0.385714285714286,0.4,0.414285714285714,0.428571428571429,0.442857142857143,
0.457142857142857,0.471428571428572,0.485714285714286,0.5,0.514285714285714,
0.528571428571429,0.542857142857143,0.557142857142857,0.571428571428571,
0.585714285714286,0.6,0.614285714285714,0.628571428571428,0.642857142857142,
0.657142857142857,0.671428571428571,0.685714285714285,0.699999999999999,
0.714285714285714,0.728571428571428,0.742857142857142,0.757142857142856,
0.771428571428571,0.785714285714285,0.799999999999999,0.814285714285713,
0.828571428571428,0.842857142857142,0.857142857142856,0.87142857142857,
0.885714285714284,0.899999999999999,0.914285714285713,0.928571428571427,
0.942857142857141,0.957142857142856,0.97142857142857,0.985714285714284,
1.),.UNSPECIFIED.)
CURVE()
GEOMETRIC_REPRESENTATION_ITEM()
RATIONAL_B_SPLINE_CURVE((1.,1.,1.,1.,1.,1.,1.,1.,1.,1.,1.,1.,1.,1.,1.,1.,
1.,1.,1.,1.,1.,1.,1.,1.,1.,1.,1.,1.,1.,1.,1.,1.,1.,1.,1.,1.,1.,1.,1.,1.,
1.,1.,1.,1.,1.,1.,1.,1.,1.,1.,1.,1.,1.,1.,1.,1.,1.,1.,1.,1.,1.,1.,1.,1.,
1.,1.,1.,1.,1.,1.,1.,1.,1.,1.,1.))
REPRESENTATION_ITEM('')
);
#38=(
BOUNDED_CURVE()
B_SPLINE_CURVE(5,(#8508,#8509,#8510,#8511,#8512,#8513,#8514,#8515,#8516,
#8517,#8518,#8519,#8520,#8521,#8522,#8523,#8524,#8525,#8526,#8527,#8528,
#8529,#8530,#8531,#8532,#8533,#8534,#8535,#8536,#8537,#8538,#8539,#8540,
#8541,#8542,#8543,#8544,#8545,#8546,#8547,#8548,#8549,#8550,#8551,#8552,
#8553,#8554,#8555,#8556,#8557,#8558,#8559,#8560,#8561,#8562,#8563,#8564,
#8565,#8566,#8567,#8568,#8569,#8570,#8571,#8572,#8573,#8574,#8575,#8576,
#8577,#8578,#8579,#8580,#8581,#8582),.UNSPECIFIED.,.F.,.F.)
B_SPLINE_CURVE_WITH_KNOTS((6,1,1,1,1,1,1,1,1,1,1,1,1,1,1,1,1,1,1,1,1,1,
1,1,1,1,1,1,1,1,1,1,1,1,1,1,1,1,1,1,1,1,1,1,1,1,1,1,1,1,1,1,1,1,1,1,1,1,
1,1,1,1,1,1,1,1,1,1,1,1,6),(0.,0.0142857142857143,0.0285714285714286,0.0428571428571429,
0.0571428571428571,0.0714285714285714,0.0857142857142857,0.1,0.114285714285714,
0.128571428571429,0.142857142857143,0.157142857142857,0.171428571428571,
0.185714285714286,0.2,0.214285714285714,0.228571428571429,0.242857142857143,
0.257142857142857,0.271428571428571,0.285714285714286,0.3,0.314285714285714,
0.328571428571429,0.342857142857143,0.357142857142857,0.371428571428571,
0.385714285714286,0.4,0.414285714285714,0.428571428571429,0.442857142857143,
0.457142857142857,0.471428571428572,0.485714285714286,0.5,0.514285714285714,
0.528571428571429,0.542857142857143,0.557142857142857,0.571428571428571,
0.585714285714286,0.6,0.614285714285714,0.628571428571428,0.642857142857142,
0.657142857142857,0.671428571428571,0.685714285714285,0.699999999999999,
0.714285714285714,0.728571428571428,0.742857142857142,0.757142857142856,
0.771428571428571,0.785714285714285,0.799999999999999,0.814285714285713,
0.828571428571428,0.842857142857142,0.857142857142856,0.87142857142857,
0.885714285714284,0.899999999999999,0.914285714285713,0.928571428571427,
0.942857142857141,0.957142857142856,0.97142857142857,0.985714285714284,
1.),.UNSPECIFIED.)
CURVE()
GEOMETRIC_REPRESENTATION_ITEM()
RATIONAL_B_SPLINE_CURVE((1.,1.,1.,1.,1.,1.,1.,1.,1.,1.,1.,1.,1.,1.,1.,1.,
1.,1.,1.,1.,1.,1.,1.,1.,1.,1.,1.,1.,1.,1.,1.,1.,1.,1.,1.,1.,1.,1.,1.,1.,
1.,1.,1.,1.,1.,1.,1.,1.,1.,1.,1.,1.,1.,1.,1.,1.,1.,1.,1.,1.,1.,1.,1.,1.,
1.,1.,1.,1.,1.,1.,1.,1.,1.,1.,1.))
REPRESENTATION_ITEM('')
);
#39=(
BOUNDED_CURVE()
B_SPLINE_CURVE(5,(#8788,#8789,#8790,#8791,#8792,#8793,#8794,#8795,#8796,
#8797,#8798,#8799,#8800,#8801,#8802,#8803,#8804,#8805,#8806,#8807,#8808,
#8809,#8810,#8811,#8812,#8813,#8814,#8815,#8816,#8817,#8818,#8819,#8820,
#8821,#8822,#8823,#8824,#8825,#8826,#8827,#8828,#8829,#8830,#8831,#8832,
#8833,#8834,#8835,#8836,#8837,#8838,#8839,#8840,#8841,#8842,#8843,#8844,
#8845,#8846,#8847,#8848,#8849,#8850,#8851,#8852,#8853,#8854,#8855,#8856,
#8857,#8858,#8859,#8860,#8861,#8862),.UNSPECIFIED.,.F.,.F.)
B_SPLINE_CURVE_WITH_KNOTS((6,1,1,1,1,1,1,1,1,1,1,1,1,1,1,1,1,1,1,1,1,1,
1,1,1,1,1,1,1,1,1,1,1,1,1,1,1,1,1,1,1,1,1,1,1,1,1,1,1,1,1,1,1,1,1,1,1,1,
1,1,1,1,1,1,1,1,1,1,1,1,6),(0.,0.0142857142857143,0.0285714285714286,0.0428571428571429,
0.0571428571428571,0.0714285714285714,0.0857142857142857,0.1,0.114285714285714,
0.128571428571429,0.142857142857143,0.157142857142857,0.171428571428571,
0.185714285714286,0.2,0.214285714285714,0.228571428571429,0.242857142857143,
0.257142857142857,0.271428571428571,0.285714285714286,0.3,0.314285714285714,
0.328571428571429,0.342857142857143,0.357142857142857,0.371428571428571,
0.385714285714286,0.4,0.414285714285714,0.428571428571429,0.442857142857143,
0.457142857142857,0.471428571428572,0.485714285714286,0.5,0.514285714285714,
0.528571428571429,0.542857142857143,0.557142857142857,0.571428571428571,
0.585714285714286,0.6,0.614285714285714,0.628571428571428,0.642857142857142,
0.657142857142857,0.671428571428571,0.685714285714285,0.699999999999999,
0.714285714285714,0.728571428571428,0.742857142857142,0.757142857142856,
0.771428571428571,0.785714285714285,0.799999999999999,0.814285714285713,
0.828571428571428,0.842857142857142,0.857142857142856,0.87142857142857,
0.885714285714284,0.899999999999999,0.914285714285713,0.928571428571427,
0.942857142857141,0.957142857142856,0.97142857142857,0.985714285714284,
1.),.UNSPECIFIED.)
CURVE()
GEOMETRIC_REPRESENTATION_ITEM()
RATIONAL_B_SPLINE_CURVE((1.,1.,1.,1.,1.,1.,1.,1.,1.,1.,1.,1.,1.,1.,1.,1.,
1.,1.,1.,1.,1.,1.,1.,1.,1.,1.,1.,1.,1.,1.,1.,1.,1.,1.,1.,1.,1.,1.,1.,1.,
1.,1.,1.,1.,1.,1.,1.,1.,1.,1.,1.,1.,1.,1.,1.,1.,1.,1.,1.,1.,1.,1.,1.,1.,
1.,1.,1.,1.,1.,1.,1.,1.,1.,1.,1.))
REPRESENTATION_ITEM('')
);
#40=(
BOUNDED_CURVE()
B_SPLINE_CURVE(5,(#9065,#9066,#9067,#9068,#9069,#9070,#9071,#9072,#9073,
#9074,#9075,#9076,#9077,#9078,#9079,#9080,#9081,#9082,#9083,#9084,#9085,
#9086,#9087,#9088,#9089,#9090,#9091,#9092,#9093,#9094,#9095,#9096,#9097,
#9098,#9099,#9100,#9101,#9102,#9103,#9104,#9105,#9106,#9107,#9108,#9109,
#9110,#9111,#9112,#9113,#9114,#9115,#9116,#9117,#9118,#9119,#9120,#9121,
#9122,#9123,#9124,#9125,#9126,#9127,#9128,#9129,#9130,#9131,#9132,#9133,
#9134,#9135,#9136,#9137,#9138,#9139),.UNSPECIFIED.,.F.,.F.)
B_SPLINE_CURVE_WITH_KNOTS((6,1,1,1,1,1,1,1,1,1,1,1,1,1,1,1,1,1,1,1,1,1,
1,1,1,1,1,1,1,1,1,1,1,1,1,1,1,1,1,1,1,1,1,1,1,1,1,1,1,1,1,1,1,1,1,1,1,1,
1,1,1,1,1,1,1,1,1,1,1,1,6),(0.,0.0142857142857143,0.0285714285714286,0.0428571428571429,
0.0571428571428571,0.0714285714285714,0.0857142857142857,0.1,0.114285714285714,
0.128571428571429,0.142857142857143,0.157142857142857,0.171428571428571,
0.185714285714286,0.2,0.214285714285714,0.228571428571429,0.242857142857143,
0.257142857142857,0.271428571428571,0.285714285714286,0.3,0.314285714285714,
0.328571428571429,0.342857142857143,0.357142857142857,0.371428571428571,
0.385714285714286,0.4,0.414285714285714,0.428571428571429,0.442857142857143,
0.457142857142857,0.471428571428572,0.485714285714286,0.5,0.514285714285714,
0.528571428571429,0.542857142857143,0.557142857142857,0.571428571428571,
0.585714285714286,0.6,0.614285714285714,0.628571428571428,0.642857142857142,
0.657142857142857,0.671428571428571,0.685714285714285,0.699999999999999,
0.714285714285714,0.728571428571428,0.742857142857142,0.757142857142856,
0.771428571428571,0.785714285714285,0.799999999999999,0.814285714285713,
0.828571428571428,0.842857142857142,0.857142857142856,0.87142857142857,
0.885714285714284,0.899999999999999,0.914285714285713,0.928571428571427,
0.942857142857141,0.957142857142856,0.97142857142857,0.985714285714284,
1.),.UNSPECIFIED.)
CURVE()
GEOMETRIC_REPRESENTATION_ITEM()
RATIONAL_B_SPLINE_CURVE((1.,1.,1.,1.,1.,1.,1.,1.,1.,1.,1.,1.,1.,1.,1.,1.,
1.,1.,1.,1.,1.,1.,1.,1.,1.,1.,1.,1.,1.,1.,1.,1.,1.,1.,1.,1.,1.,1.,1.,1.,
1.,1.,1.,1.,1.,1.,1.,1.,1.,1.,1.,1.,1.,1.,1.,1.,1.,1.,1.,1.,1.,1.,1.,1.,
1.,1.,1.,1.,1.,1.,1.,1.,1.,1.,1.))
REPRESENTATION_ITEM('')
);
#41=(
BOUNDED_CURVE()
B_SPLINE_CURVE(5,(#9345,#9346,#9347,#9348,#9349,#9350,#9351,#9352,#9353,
#9354,#9355,#9356,#9357,#9358,#9359,#9360,#9361,#9362,#9363,#9364,#9365,
#9366,#9367,#9368,#9369,#9370,#9371,#9372,#9373,#9374,#9375,#9376,#9377,
#9378,#9379,#9380,#9381,#9382,#9383,#9384,#9385,#9386,#9387,#9388,#9389,
#9390,#9391,#9392,#9393,#9394,#9395,#9396,#9397,#9398,#9399,#9400,#9401,
#9402,#9403,#9404,#9405,#9406,#9407,#9408,#9409,#9410,#9411,#9412,#9413,
#9414,#9415,#9416,#9417,#9418,#9419),.UNSPECIFIED.,.F.,.F.)
B_SPLINE_CURVE_WITH_KNOTS((6,1,1,1,1,1,1,1,1,1,1,1,1,1,1,1,1,1,1,1,1,1,
1,1,1,1,1,1,1,1,1,1,1,1,1,1,1,1,1,1,1,1,1,1,1,1,1,1,1,1,1,1,1,1,1,1,1,1,
1,1,1,1,1,1,1,1,1,1,1,1,6),(0.,0.0142857142857143,0.0285714285714286,0.0428571428571429,
0.0571428571428571,0.0714285714285714,0.0857142857142857,0.1,0.114285714285714,
0.128571428571429,0.142857142857143,0.157142857142857,0.171428571428571,
0.185714285714286,0.2,0.214285714285714,0.228571428571429,0.242857142857143,
0.257142857142857,0.271428571428571,0.285714285714286,0.3,0.314285714285714,
0.328571428571429,0.342857142857143,0.357142857142857,0.371428571428571,
0.385714285714286,0.4,0.414285714285714,0.428571428571429,0.442857142857143,
0.457142857142857,0.471428571428572,0.485714285714286,0.5,0.514285714285714,
0.528571428571429,0.542857142857143,0.557142857142857,0.571428571428571,
0.585714285714286,0.6,0.614285714285714,0.628571428571428,0.642857142857142,
0.657142857142857,0.671428571428571,0.685714285714285,0.699999999999999,
0.714285714285714,0.728571428571428,0.742857142857142,0.757142857142856,
0.771428571428571,0.785714285714285,0.799999999999999,0.814285714285713,
0.828571428571428,0.842857142857142,0.857142857142856,0.87142857142857,
0.885714285714284,0.899999999999999,0.914285714285713,0.928571428571427,
0.942857142857141,0.957142857142856,0.97142857142857,0.985714285714284,
1.),.UNSPECIFIED.)
CURVE()
GEOMETRIC_REPRESENTATION_ITEM()
RATIONAL_B_SPLINE_CURVE((1.,1.,1.,1.,1.,1.,1.,1.,1.,1.,1.,1.,1.,1.,1.,1.,
1.,1.,1.,1.,1.,1.,1.,1.,1.,1.,1.,1.,1.,1.,1.,1.,1.,1.,1.,1.,1.,1.,1.,1.,
1.,1.,1.,1.,1.,1.,1.,1.,1.,1.,1.,1.,1.,1.,1.,1.,1.,1.,1.,1.,1.,1.,1.,1.,
1.,1.,1.,1.,1.,1.,1.,1.,1.,1.,1.))
REPRESENTATION_ITEM('')
);
#42=(
BOUNDED_CURVE()
B_SPLINE_CURVE(5,(#9622,#9623,#9624,#9625,#9626,#9627,#9628,#9629,#9630,
#9631,#9632,#9633,#9634,#9635,#9636,#9637,#9638,#9639,#9640,#9641,#9642,
#9643,#9644,#9645,#9646,#9647,#9648,#9649,#9650,#9651,#9652,#9653,#9654,
#9655,#9656,#9657,#9658,#9659,#9660,#9661,#9662,#9663,#9664,#9665,#9666,
#9667,#9668,#9669,#9670,#9671,#9672,#9673,#9674,#9675,#9676,#9677,#9678,
#9679,#9680,#9681,#9682,#9683,#9684,#9685,#9686,#9687,#9688,#9689,#9690,
#9691,#9692,#9693,#9694,#9695,#9696),.UNSPECIFIED.,.F.,.F.)
B_SPLINE_CURVE_WITH_KNOTS((6,1,1,1,1,1,1,1,1,1,1,1,1,1,1,1,1,1,1,1,1,1,
1,1,1,1,1,1,1,1,1,1,1,1,1,1,1,1,1,1,1,1,1,1,1,1,1,1,1,1,1,1,1,1,1,1,1,1,
1,1,1,1,1,1,1,1,1,1,1,1,6),(0.,0.0142857142857143,0.0285714285714286,0.0428571428571429,
0.0571428571428571,0.0714285714285714,0.0857142857142857,0.1,0.114285714285714,
0.128571428571429,0.142857142857143,0.157142857142857,0.171428571428571,
0.185714285714286,0.2,0.214285714285714,0.228571428571429,0.242857142857143,
0.257142857142857,0.271428571428571,0.285714285714286,0.3,0.314285714285714,
0.328571428571429,0.342857142857143,0.357142857142857,0.371428571428571,
0.385714285714286,0.4,0.414285714285714,0.428571428571429,0.442857142857143,
0.457142857142857,0.471428571428572,0.485714285714286,0.5,0.514285714285714,
0.528571428571429,0.542857142857143,0.557142857142857,0.571428571428571,
0.585714285714286,0.6,0.614285714285714,0.628571428571428,0.642857142857142,
0.657142857142857,0.671428571428571,0.685714285714285,0.699999999999999,
0.714285714285714,0.728571428571428,0.742857142857142,0.757142857142856,
0.771428571428571,0.785714285714285,0.799999999999999,0.814285714285713,
0.828571428571428,0.842857142857142,0.857142857142856,0.87142857142857,
0.885714285714284,0.899999999999999,0.914285714285713,0.928571428571427,
0.942857142857141,0.957142857142856,0.97142857142857,0.985714285714284,
1.),.UNSPECIFIED.)
CURVE()
GEOMETRIC_REPRESENTATION_ITEM()
RATIONAL_B_SPLINE_CURVE((1.,1.,1.,1.,1.,1.,1.,1.,1.,1.,1.,1.,1.,1.,1.,1.,
1.,1.,1.,1.,1.,1.,1.,1.,1.,1.,1.,1.,1.,1.,1.,1.,1.,1.,1.,1.,1.,1.,1.,1.,
1.,1.,1.,1.,1.,1.,1.,1.,1.,1.,1.,1.,1.,1.,1.,1.,1.,1.,1.,1.,1.,1.,1.,1.,
1.,1.,1.,1.,1.,1.,1.,1.,1.,1.,1.))
REPRESENTATION_ITEM('')
);
#43=(
BOUNDED_CURVE()
B_SPLINE_CURVE(5,(#9902,#9903,#9904,#9905,#9906,#9907,#9908,#9909,#9910,
#9911,#9912,#9913,#9914,#9915,#9916,#9917,#9918,#9919,#9920,#9921,#9922,
#9923,#9924,#9925,#9926,#9927,#9928,#9929,#9930,#9931,#9932,#9933,#9934,
#9935,#9936,#9937,#9938,#9939,#9940,#9941,#9942,#9943,#9944,#9945,#9946,
#9947,#9948,#9949,#9950,#9951,#9952,#9953,#9954,#9955,#9956,#9957,#9958,
#9959,#9960,#9961,#9962,#9963,#9964,#9965,#9966,#9967,#9968,#9969,#9970,
#9971,#9972,#9973,#9974,#9975,#9976),.UNSPECIFIED.,.F.,.F.)
B_SPLINE_CURVE_WITH_KNOTS((6,1,1,1,1,1,1,1,1,1,1,1,1,1,1,1,1,1,1,1,1,1,
1,1,1,1,1,1,1,1,1,1,1,1,1,1,1,1,1,1,1,1,1,1,1,1,1,1,1,1,1,1,1,1,1,1,1,1,
1,1,1,1,1,1,1,1,1,1,1,1,6),(0.,0.0142857142857143,0.0285714285714286,0.0428571428571429,
0.0571428571428571,0.0714285714285714,0.0857142857142857,0.1,0.114285714285714,
0.128571428571429,0.142857142857143,0.157142857142857,0.171428571428571,
0.185714285714286,0.2,0.214285714285714,0.228571428571429,0.242857142857143,
0.257142857142857,0.271428571428571,0.285714285714286,0.3,0.314285714285714,
0.328571428571429,0.342857142857143,0.357142857142857,0.371428571428571,
0.385714285714286,0.4,0.414285714285714,0.428571428571429,0.442857142857143,
0.457142857142857,0.471428571428572,0.485714285714286,0.5,0.514285714285714,
0.528571428571429,0.542857142857143,0.557142857142857,0.571428571428571,
0.585714285714286,0.6,0.614285714285714,0.628571428571428,0.642857142857142,
0.657142857142857,0.671428571428571,0.685714285714285,0.699999999999999,
0.714285714285714,0.728571428571428,0.742857142857142,0.757142857142856,
0.771428571428571,0.785714285714285,0.799999999999999,0.814285714285713,
0.828571428571428,0.842857142857142,0.857142857142856,0.87142857142857,
0.885714285714284,0.899999999999999,0.914285714285713,0.928571428571427,
0.942857142857141,0.957142857142856,0.97142857142857,0.985714285714284,
1.),.UNSPECIFIED.)
CURVE()
GEOMETRIC_REPRESENTATION_ITEM()
RATIONAL_B_SPLINE_CURVE((1.,1.,1.,1.,1.,1.,1.,1.,1.,1.,1.,1.,1.,1.,1.,1.,
1.,1.,1.,1.,1.,1.,1.,1.,1.,1.,1.,1.,1.,1.,1.,1.,1.,1.,1.,1.,1.,1.,1.,1.,
1.,1.,1.,1.,1.,1.,1.,1.,1.,1.,1.,1.,1.,1.,1.,1.,1.,1.,1.,1.,1.,1.,1.,1.,
1.,1.,1.,1.,1.,1.,1.,1.,1.,1.,1.))
REPRESENTATION_ITEM('')
);
#44=(
BOUNDED_CURVE()
B_SPLINE_CURVE(5,(#10136,#10137,#10138,#10139,#10140,#10141,#10142,#10143,
#10144,#10145,#10146,#10147,#10148,#10149,#10150,#10151,#10152,#10153,#10154,
#10155,#10156,#10157,#10158,#10159,#10160,#10161,#10162,#10163,#10164,#10165,
#10166,#10167,#10168,#10169,#10170,#10171,#10172,#10173,#10174,#10175,#10176,
#10177,#10178,#10179,#10180,#10181,#10182,#10183,#10184,#10185,#10186,#10187,
#10188,#10189,#10190,#10191,#10192,#10193,#10194,#10195,#10196,#10197,#10198,
#10199,#10200,#10201,#10202,#10203,#10204,#10205,#10206,#10207,#10208,#10209,
#10210),.UNSPECIFIED.,.F.,.F.)
B_SPLINE_CURVE_WITH_KNOTS((6,1,1,1,1,1,1,1,1,1,1,1,1,1,1,1,1,1,1,1,1,1,
1,1,1,1,1,1,1,1,1,1,1,1,1,1,1,1,1,1,1,1,1,1,1,1,1,1,1,1,1,1,1,1,1,1,1,1,
1,1,1,1,1,1,1,1,1,1,1,1,6),(0.,0.0142857142857143,0.0285714285714286,0.0428571428571429,
0.0571428571428571,0.0714285714285714,0.0857142857142857,0.1,0.114285714285714,
0.128571428571429,0.142857142857143,0.157142857142857,0.171428571428571,
0.185714285714286,0.2,0.214285714285714,0.228571428571429,0.242857142857143,
0.257142857142857,0.271428571428571,0.285714285714286,0.3,0.314285714285714,
0.328571428571429,0.342857142857143,0.357142857142857,0.371428571428571,
0.385714285714286,0.4,0.414285714285714,0.428571428571429,0.442857142857143,
0.457142857142857,0.471428571428572,0.485714285714286,0.5,0.514285714285714,
0.528571428571429,0.542857142857143,0.557142857142857,0.571428571428571,
0.585714285714286,0.6,0.614285714285714,0.628571428571428,0.642857142857142,
0.657142857142857,0.671428571428571,0.685714285714285,0.699999999999999,
0.714285714285714,0.728571428571428,0.742857142857142,0.757142857142856,
0.771428571428571,0.785714285714285,0.799999999999999,0.814285714285713,
0.828571428571428,0.842857142857142,0.857142857142856,0.87142857142857,
0.885714285714284,0.899999999999999,0.914285714285713,0.928571428571427,
0.942857142857141,0.957142857142856,0.97142857142857,0.985714285714284,
1.),.UNSPECIFIED.)
CURVE()
GEOMETRIC_REPRESENTATION_ITEM()
RATIONAL_B_SPLINE_CURVE((1.,1.,1.,1.,1.,1.,1.,1.,1.,1.,1.,1.,1.,1.,1.,1.,
1.,1.,1.,1.,1.,1.,1.,1.,1.,1.,1.,1.,1.,1.,1.,1.,1.,1.,1.,1.,1.,1.,1.,1.,
1.,1.,1.,1.,1.,1.,1.,1.,1.,1.,1.,1.,1.,1.,1.,1.,1.,1.,1.,1.,1.,1.,1.,1.,
1.,1.,1.,1.,1.,1.,1.,1.,1.,1.,1.))
REPRESENTATION_ITEM('')
);
#45=(
BOUNDED_CURVE()
B_SPLINE_CURVE(5,(#10416,#10417,#10418,#10419,#10420,#10421,#10422,#10423,
#10424,#10425,#10426,#10427,#10428,#10429,#10430,#10431,#10432,#10433,#10434,
#10435,#10436,#10437,#10438,#10439,#10440,#10441,#10442,#10443,#10444,#10445,
#10446,#10447,#10448,#10449,#10450,#10451,#10452,#10453,#10454,#10455,#10456,
#10457,#10458,#10459,#10460,#10461,#10462,#10463,#10464,#10465,#10466,#10467,
#10468,#10469,#10470,#10471,#10472,#10473,#10474,#10475,#10476,#10477,#10478,
#10479,#10480,#10481,#10482,#10483,#10484,#10485,#10486,#10487,#10488,#10489,
#10490),.UNSPECIFIED.,.F.,.F.)
B_SPLINE_CURVE_WITH_KNOTS((6,1,1,1,1,1,1,1,1,1,1,1,1,1,1,1,1,1,1,1,1,1,
1,1,1,1,1,1,1,1,1,1,1,1,1,1,1,1,1,1,1,1,1,1,1,1,1,1,1,1,1,1,1,1,1,1,1,1,
1,1,1,1,1,1,1,1,1,1,1,1,6),(0.,0.0142857142857143,0.0285714285714286,0.0428571428571429,
0.0571428571428571,0.0714285714285714,0.0857142857142857,0.1,0.114285714285714,
0.128571428571429,0.142857142857143,0.157142857142857,0.171428571428571,
0.185714285714286,0.2,0.214285714285714,0.228571428571429,0.242857142857143,
0.257142857142857,0.271428571428571,0.285714285714286,0.3,0.314285714285714,
0.328571428571429,0.342857142857143,0.357142857142857,0.371428571428571,
0.385714285714286,0.4,0.414285714285714,0.428571428571429,0.442857142857143,
0.457142857142857,0.471428571428572,0.485714285714286,0.5,0.514285714285714,
0.528571428571429,0.542857142857143,0.557142857142857,0.571428571428571,
0.585714285714286,0.6,0.614285714285714,0.628571428571428,0.642857142857142,
0.657142857142857,0.671428571428571,0.685714285714285,0.699999999999999,
0.714285714285714,0.728571428571428,0.742857142857142,0.757142857142856,
0.771428571428571,0.785714285714285,0.799999999999999,0.814285714285713,
0.828571428571428,0.842857142857142,0.857142857142856,0.87142857142857,
0.885714285714284,0.899999999999999,0.914285714285713,0.928571428571427,
0.942857142857141,0.957142857142856,0.97142857142857,0.985714285714284,
1.),.UNSPECIFIED.)
CURVE()
GEOMETRIC_REPRESENTATION_ITEM()
RATIONAL_B_SPLINE_CURVE((1.,1.,1.,1.,1.,1.,1.,1.,1.,1.,1.,1.,1.,1.,1.,1.,
1.,1.,1.,1.,1.,1.,1.,1.,1.,1.,1.,1.,1.,1.,1.,1.,1.,1.,1.,1.,1.,1.,1.,1.,
1.,1.,1.,1.,1.,1.,1.,1.,1.,1.,1.,1.,1.,1.,1.,1.,1.,1.,1.,1.,1.,1.,1.,1.,
1.,1.,1.,1.,1.,1.,1.,1.,1.,1.,1.))
REPRESENTATION_ITEM('')
);
#46=(
BOUNDED_CURVE()
B_SPLINE_CURVE(5,(#10693,#10694,#10695,#10696,#10697,#10698,#10699,#10700,
#10701,#10702,#10703,#10704,#10705,#10706,#10707,#10708,#10709,#10710,#10711,
#10712,#10713,#10714,#10715,#10716,#10717,#10718,#10719,#10720,#10721,#10722,
#10723,#10724,#10725,#10726,#10727,#10728,#10729,#10730,#10731,#10732,#10733,
#10734,#10735,#10736,#10737,#10738,#10739,#10740,#10741,#10742,#10743,#10744,
#10745,#10746,#10747,#10748,#10749,#10750,#10751,#10752,#10753,#10754,#10755,
#10756,#10757,#10758,#10759,#10760,#10761,#10762,#10763,#10764,#10765,#10766,
#10767),.UNSPECIFIED.,.F.,.F.)
B_SPLINE_CURVE_WITH_KNOTS((6,1,1,1,1,1,1,1,1,1,1,1,1,1,1,1,1,1,1,1,1,1,
1,1,1,1,1,1,1,1,1,1,1,1,1,1,1,1,1,1,1,1,1,1,1,1,1,1,1,1,1,1,1,1,1,1,1,1,
1,1,1,1,1,1,1,1,1,1,1,1,6),(0.,0.0142857142857143,0.0285714285714286,0.0428571428571429,
0.0571428571428571,0.0714285714285714,0.0857142857142857,0.1,0.114285714285714,
0.128571428571429,0.142857142857143,0.157142857142857,0.171428571428571,
0.185714285714286,0.2,0.214285714285714,0.228571428571429,0.242857142857143,
0.257142857142857,0.271428571428571,0.285714285714286,0.3,0.314285714285714,
0.328571428571429,0.342857142857143,0.357142857142857,0.371428571428571,
0.385714285714286,0.4,0.414285714285714,0.428571428571429,0.442857142857143,
0.457142857142857,0.471428571428572,0.485714285714286,0.5,0.514285714285714,
0.528571428571429,0.542857142857143,0.557142857142857,0.571428571428571,
0.585714285714286,0.6,0.614285714285714,0.628571428571428,0.642857142857142,
0.657142857142857,0.671428571428571,0.685714285714285,0.699999999999999,
0.714285714285714,0.728571428571428,0.742857142857142,0.757142857142856,
0.771428571428571,0.785714285714285,0.799999999999999,0.814285714285713,
0.828571428571428,0.842857142857142,0.857142857142856,0.87142857142857,
0.885714285714284,0.899999999999999,0.914285714285713,0.928571428571427,
0.942857142857141,0.957142857142856,0.97142857142857,0.985714285714284,
1.),.UNSPECIFIED.)
CURVE()
GEOMETRIC_REPRESENTATION_ITEM()
RATIONAL_B_SPLINE_CURVE((1.,1.,1.,1.,1.,1.,1.,1.,1.,1.,1.,1.,1.,1.,1.,1.,
1.,1.,1.,1.,1.,1.,1.,1.,1.,1.,1.,1.,1.,1.,1.,1.,1.,1.,1.,1.,1.,1.,1.,1.,
1.,1.,1.,1.,1.,1.,1.,1.,1.,1.,1.,1.,1.,1.,1.,1.,1.,1.,1.,1.,1.,1.,1.,1.,
1.,1.,1.,1.,1.,1.,1.,1.,1.,1.,1.))
REPRESENTATION_ITEM('')
);
#47=(
BOUNDED_CURVE()
B_SPLINE_CURVE(5,(#10973,#10974,#10975,#10976,#10977,#10978,#10979,#10980,
#10981,#10982,#10983,#10984,#10985,#10986,#10987,#10988,#10989,#10990,#10991,
#10992,#10993,#10994,#10995,#10996,#10997,#10998,#10999,#11000,#11001,#11002,
#11003,#11004,#11005,#11006,#11007,#11008,#11009,#11010,#11011,#11012,#11013,
#11014,#11015,#11016,#11017,#11018,#11019,#11020,#11021,#11022,#11023,#11024,
#11025,#11026,#11027,#11028,#11029,#11030,#11031,#11032,#11033,#11034,#11035,
#11036,#11037,#11038,#11039,#11040,#11041,#11042,#11043,#11044,#11045,#11046,
#11047),.UNSPECIFIED.,.F.,.F.)
B_SPLINE_CURVE_WITH_KNOTS((6,1,1,1,1,1,1,1,1,1,1,1,1,1,1,1,1,1,1,1,1,1,
1,1,1,1,1,1,1,1,1,1,1,1,1,1,1,1,1,1,1,1,1,1,1,1,1,1,1,1,1,1,1,1,1,1,1,1,
1,1,1,1,1,1,1,1,1,1,1,1,6),(0.,0.0142857142857143,0.0285714285714286,0.0428571428571429,
0.0571428571428571,0.0714285714285714,0.0857142857142857,0.1,0.114285714285714,
0.128571428571429,0.142857142857143,0.157142857142857,0.171428571428571,
0.185714285714286,0.2,0.214285714285714,0.228571428571429,0.242857142857143,
0.257142857142857,0.271428571428571,0.285714285714286,0.3,0.314285714285714,
0.328571428571429,0.342857142857143,0.357142857142857,0.371428571428571,
0.385714285714286,0.4,0.414285714285714,0.428571428571429,0.442857142857143,
0.457142857142857,0.471428571428572,0.485714285714286,0.5,0.514285714285714,
0.528571428571429,0.542857142857143,0.557142857142857,0.571428571428571,
0.585714285714286,0.6,0.614285714285714,0.628571428571428,0.642857142857142,
0.657142857142857,0.671428571428571,0.685714285714285,0.699999999999999,
0.714285714285714,0.728571428571428,0.742857142857142,0.757142857142856,
0.771428571428571,0.785714285714285,0.799999999999999,0.814285714285713,
0.828571428571428,0.842857142857142,0.857142857142856,0.87142857142857,
0.885714285714284,0.899999999999999,0.914285714285713,0.928571428571427,
0.942857142857141,0.957142857142856,0.97142857142857,0.985714285714284,
1.),.UNSPECIFIED.)
CURVE()
GEOMETRIC_REPRESENTATION_ITEM()
RATIONAL_B_SPLINE_CURVE((1.,1.,1.,1.,1.,1.,1.,1.,1.,1.,1.,1.,1.,1.,1.,1.,
1.,1.,1.,1.,1.,1.,1.,1.,1.,1.,1.,1.,1.,1.,1.,1.,1.,1.,1.,1.,1.,1.,1.,1.,
1.,1.,1.,1.,1.,1.,1.,1.,1.,1.,1.,1.,1.,1.,1.,1.,1.,1.,1.,1.,1.,1.,1.,1.,
1.,1.,1.,1.,1.,1.,1.,1.,1.,1.,1.))
REPRESENTATION_ITEM('')
);
#48=(
BOUNDED_CURVE()
B_SPLINE_CURVE(5,(#11250,#11251,#11252,#11253,#11254,#11255,#11256,#11257,
#11258,#11259,#11260,#11261,#11262,#11263,#11264,#11265,#11266,#11267,#11268,
#11269,#11270,#11271,#11272,#11273,#11274,#11275,#11276,#11277,#11278,#11279,
#11280,#11281,#11282,#11283,#11284,#11285,#11286,#11287,#11288,#11289,#11290,
#11291,#11292,#11293,#11294,#11295,#11296,#11297,#11298,#11299,#11300,#11301,
#11302,#11303,#11304,#11305,#11306,#11307,#11308,#11309,#11310,#11311,#11312,
#11313,#11314,#11315,#11316,#11317,#11318,#11319,#11320,#11321,#11322,#11323,
#11324),.UNSPECIFIED.,.F.,.F.)
B_SPLINE_CURVE_WITH_KNOTS((6,1,1,1,1,1,1,1,1,1,1,1,1,1,1,1,1,1,1,1,1,1,
1,1,1,1,1,1,1,1,1,1,1,1,1,1,1,1,1,1,1,1,1,1,1,1,1,1,1,1,1,1,1,1,1,1,1,1,
1,1,1,1,1,1,1,1,1,1,1,1,6),(0.,0.0142857142857143,0.0285714285714286,0.0428571428571429,
0.0571428571428571,0.0714285714285714,0.0857142857142857,0.1,0.114285714285714,
0.128571428571429,0.142857142857143,0.157142857142857,0.171428571428571,
0.185714285714286,0.2,0.214285714285714,0.228571428571429,0.242857142857143,
0.257142857142857,0.271428571428571,0.285714285714286,0.3,0.314285714285714,
0.328571428571429,0.342857142857143,0.357142857142857,0.371428571428571,
0.385714285714286,0.4,0.414285714285714,0.428571428571429,0.442857142857143,
0.457142857142857,0.471428571428572,0.485714285714286,0.5,0.514285714285714,
0.528571428571429,0.542857142857143,0.557142857142857,0.571428571428571,
0.585714285714286,0.6,0.614285714285714,0.628571428571428,0.642857142857142,
0.657142857142857,0.671428571428571,0.685714285714285,0.699999999999999,
0.714285714285714,0.728571428571428,0.742857142857142,0.757142857142856,
0.771428571428571,0.785714285714285,0.799999999999999,0.814285714285713,
0.828571428571428,0.842857142857142,0.857142857142856,0.87142857142857,
0.885714285714284,0.899999999999999,0.914285714285713,0.928571428571427,
0.942857142857141,0.957142857142856,0.97142857142857,0.985714285714284,
1.),.UNSPECIFIED.)
CURVE()
GEOMETRIC_REPRESENTATION_ITEM()
RATIONAL_B_SPLINE_CURVE((1.,1.,1.,1.,1.,1.,1.,1.,1.,1.,1.,1.,1.,1.,1.,1.,
1.,1.,1.,1.,1.,1.,1.,1.,1.,1.,1.,1.,1.,1.,1.,1.,1.,1.,1.,1.,1.,1.,1.,1.,
1.,1.,1.,1.,1.,1.,1.,1.,1.,1.,1.,1.,1.,1.,1.,1.,1.,1.,1.,1.,1.,1.,1.,1.,
1.,1.,1.,1.,1.,1.,1.,1.,1.,1.,1.))
REPRESENTATION_ITEM('')
);
#49=(
BOUNDED_CURVE()
B_SPLINE_CURVE(5,(#11512,#11513,#11514,#11515,#11516,#11517,#11518,#11519,
#11520,#11521,#11522,#11523,#11524,#11525,#11526,#11527,#11528,#11529,#11530,
#11531,#11532,#11533),.UNSPECIFIED.,.F.,.F.)
B_SPLINE_CURVE_WITH_KNOTS((6,1,1,1,1,1,1,1,1,1,1,1,1,1,1,1,1,6),(0.758483036001716,
0.771428571428571,0.785714285714285,0.799999999999999,0.814285714285713,
0.828571428571428,0.842857142857142,0.857142857142856,0.87142857142857,
0.885714285714284,0.899999999999999,0.914285714285713,0.928571428571427,
0.942857142857141,0.957142857142856,0.97142857142857,0.985714285714284,
1.),.UNSPECIFIED.)
CURVE()
GEOMETRIC_REPRESENTATION_ITEM()
RATIONAL_B_SPLINE_CURVE((1.,1.,1.,1.,1.,1.,1.,1.,1.,1.,1.,1.,1.,1.,1.,1.,
1.,1.,1.,1.,1.,1.))
REPRESENTATION_ITEM('')
);
#50=(
BOUNDED_CURVE()
B_SPLINE_CURVE(5,(#11561,#11562,#11563,#11564,#11565,#11566,#11567,#11568,
#11569,#11570,#11571,#11572,#11573,#11574,#11575,#11576,#11577,#11578,#11579,
#11580,#11581,#11582,#11583,#11584,#11585,#11586,#11587,#11588,#11589,#11590,
#11591,#11592,#11593,#11594,#11595,#11596),.UNSPECIFIED.,.F.,.F.)
B_SPLINE_CURVE_WITH_KNOTS((6,1,1,1,1,1,1,1,1,1,1,1,1,1,1,1,1,1,1,1,1,1,
1,1,1,1,1,1,1,1,1,6),(0.565699904499018,0.571428571428571,0.585714285714286,
0.6,0.614285714285714,0.628571428571428,0.642857142857142,0.657142857142857,
0.671428571428571,0.685714285714285,0.699999999999999,0.714285714285714,
0.728571428571428,0.742857142857142,0.757142857142856,0.771428571428571,
0.785714285714285,0.799999999999999,0.814285714285713,0.828571428571428,
0.842857142857142,0.857142857142856,0.87142857142857,0.885714285714284,
0.899999999999999,0.914285714285713,0.928571428571427,0.942857142857141,
0.957142857142856,0.97142857142857,0.985714285714284,1.),.UNSPECIFIED.)
CURVE()
GEOMETRIC_REPRESENTATION_ITEM()
RATIONAL_B_SPLINE_CURVE((1.,1.,1.,1.,1.,1.,1.,1.,1.,1.,1.,1.,1.,1.,1.,1.,
1.,1.,1.,1.,1.,1.,1.,1.,1.,1.,1.,1.,1.,1.,1.,1.,1.,1.,1.,1.))
REPRESENTATION_ITEM('')
);
#51=(
BOUNDED_SURFACE()
B_SPLINE_SURFACE(5,1,((#3552,#3553),(#3554,#3555),(#3556,#3557),(#3558,
#3559),(#3560,#3561),(#3562,#3563),(#3564,#3565),(#3566,#3567),(#3568,#3569),
(#3570,#3571),(#3572,#3573),(#3574,#3575),(#3576,#3577),(#3578,#3579),(#3580,
#3581),(#3582,#3583),(#3584,#3585),(#3586,#3587),(#3588,#3589),(#3590,#3591),
(#3592,#3593),(#3594,#3595),(#3596,#3597),(#3598,#3599),(#3600,#3601),(#3602,
#3603),(#3604,#3605),(#3606,#3607),(#3608,#3609),(#3610,#3611),(#3612,#3613),
(#3614,#3615),(#3616,#3617),(#3618,#3619),(#3620,#3621),(#3622,#3623),(#3624,
#3625),(#3626,#3627),(#3628,#3629),(#3630,#3631),(#3632,#3633),(#3634,#3635),
(#3636,#3637),(#3638,#3639),(#3640,#3641),(#3642,#3643),(#3644,#3645),(#3646,
#3647),(#3648,#3649),(#3650,#3651),(#3652,#3653),(#3654,#3655),(#3656,#3657),
(#3658,#3659),(#3660,#3661),(#3662,#3663),(#3664,#3665),(#3666,#3667),(#3668,
#3669),(#3670,#3671),(#3672,#3673),(#3674,#3675),(#3676,#3677),(#3678,#3679),
(#3680,#3681),(#3682,#3683),(#3684,#3685),(#3686,#3687),(#3688,#3689),(#3690,
#3691),(#3692,#3693),(#3694,#3695),(#3696,#3697),(#3698,#3699),(#3700,#3701)),
 .UNSPECIFIED.,.F.,.F.,.F.)
B_SPLINE_SURFACE_WITH_KNOTS((6,1,1,1,1,1,1,1,1,1,1,1,1,1,1,1,1,1,1,1,1,
1,1,1,1,1,1,1,1,1,1,1,1,1,1,1,1,1,1,1,1,1,1,1,1,1,1,1,1,1,1,1,1,1,1,1,1,
1,1,1,1,1,1,1,1,1,1,1,1,1,6),(2,2),(-1.,-0.985714285714284,-0.97142857142857,
-0.957142857142856,-0.942857142857141,-0.928571428571427,-0.914285714285713,
-0.899999999999999,-0.885714285714284,-0.87142857142857,-0.857142857142856,
-0.842857142857142,-0.828571428571428,-0.814285714285713,-0.799999999999999,
-0.785714285714285,-0.771428571428571,-0.757142857142856,-0.742857142857142,
-0.728571428571428,-0.714285714285714,-0.699999999999999,-0.685714285714285,
-0.671428571428571,-0.657142857142857,-0.642857142857142,-0.628571428571428,
-0.614285714285714,-0.6,-0.585714285714286,-0.571428571428571,-0.557142857142857,
-0.542857142857143,-0.528571428571429,-0.514285714285714,-0.5,-0.485714285714286,
-0.471428571428572,-0.457142857142857,-0.442857142857143,-0.428571428571429,
-0.414285714285714,-0.4,-0.385714285714286,-0.371428571428571,-0.357142857142857,
-0.342857142857143,-0.328571428571429,-0.314285714285714,-0.3,-0.285714285714286,
-0.271428571428571,-0.257142857142857,-0.242857142857143,-0.228571428571429,
-0.214285714285714,-0.2,-0.185714285714286,-0.171428571428571,-0.157142857142857,
-0.142857142857143,-0.128571428571429,-0.114285714285714,-0.1,-0.0857142857142857,
-0.0714285714285714,-0.0571428571428571,-0.0428571428571429,-0.0285714285714286,
-0.0142857142857143,0.),(0.,0.5),.UNSPECIFIED.)
GEOMETRIC_REPRESENTATION_ITEM()
RATIONAL_B_SPLINE_SURFACE(((1.,1.),(1.,1.),(1.,1.),(1.,1.),(1.,1.),(1.,
1.),(1.,1.),(1.,1.),(1.,1.),(1.,1.),(1.,1.),(1.,1.),(1.,1.),(1.,1.),(1.,
1.),(1.,1.),(1.,1.),(1.,1.),(1.,1.),(1.,1.),(1.,1.),(1.,1.),(1.,1.),(1.,
1.),(1.,1.),(1.,1.),(1.,1.),(1.,1.),(1.,1.),(1.,1.),(1.,1.),(1.,1.),(1.,
1.),(1.,1.),(1.,1.),(1.,1.),(1.,1.),(1.,1.),(1.,1.),(1.,1.),(1.,1.),(1.,
1.),(1.,1.),(1.,1.),(1.,1.),(1.,1.),(1.,1.),(1.,1.),(1.,1.),(1.,1.),(1.,
1.),(1.,1.),(1.,1.),(1.,1.),(1.,1.),(1.,1.),(1.,1.),(1.,1.),(1.,1.),(1.,
1.),(1.,1.),(1.,1.),(1.,1.),(1.,1.),(1.,1.),(1.,1.),(1.,1.),(1.,1.),(1.,
1.),(1.,1.),(1.,1.),(1.,1.),(1.,1.),(1.,1.),(1.,1.)))
REPRESENTATION_ITEM('')
SURFACE()
);
#52=(
BOUNDED_SURFACE()
B_SPLINE_SURFACE(5,1,((#3731,#3732),(#3733,#3734),(#3735,#3736),(#3737,
#3738),(#3739,#3740),(#3741,#3742),(#3743,#3744),(#3745,#3746),(#3747,#3748),
(#3749,#3750),(#3751,#3752),(#3753,#3754),(#3755,#3756),(#3757,#3758),(#3759,
#3760),(#3761,#3762),(#3763,#3764),(#3765,#3766),(#3767,#3768),(#3769,#3770),
(#3771,#3772),(#3773,#3774),(#3775,#3776),(#3777,#3778),(#3779,#3780),(#3781,
#3782),(#3783,#3784),(#3785,#3786),(#3787,#3788),(#3789,#3790),(#3791,#3792),
(#3793,#3794),(#3795,#3796),(#3797,#3798),(#3799,#3800),(#3801,#3802),(#3803,
#3804),(#3805,#3806),(#3807,#3808),(#3809,#3810),(#3811,#3812),(#3813,#3814),
(#3815,#3816),(#3817,#3818),(#3819,#3820),(#3821,#3822),(#3823,#3824),(#3825,
#3826),(#3827,#3828),(#3829,#3830),(#3831,#3832),(#3833,#3834),(#3835,#3836),
(#3837,#3838),(#3839,#3840),(#3841,#3842),(#3843,#3844),(#3845,#3846),(#3847,
#3848),(#3849,#3850),(#3851,#3852),(#3853,#3854),(#3855,#3856),(#3857,#3858),
(#3859,#3860),(#3861,#3862),(#3863,#3864),(#3865,#3866),(#3867,#3868),(#3869,
#3870),(#3871,#3872),(#3873,#3874),(#3875,#3876),(#3877,#3878),(#3879,#3880)),
 .UNSPECIFIED.,.F.,.F.,.F.)
B_SPLINE_SURFACE_WITH_KNOTS((6,1,1,1,1,1,1,1,1,1,1,1,1,1,1,1,1,1,1,1,1,
1,1,1,1,1,1,1,1,1,1,1,1,1,1,1,1,1,1,1,1,1,1,1,1,1,1,1,1,1,1,1,1,1,1,1,1,
1,1,1,1,1,1,1,1,1,1,1,1,1,6),(2,2),(0.,0.0142857142857143,0.0285714285714286,
0.0428571428571429,0.0571428571428571,0.0714285714285714,0.0857142857142857,
0.1,0.114285714285714,0.128571428571429,0.142857142857143,0.157142857142857,
0.171428571428571,0.185714285714286,0.2,0.214285714285714,0.228571428571429,
0.242857142857143,0.257142857142857,0.271428571428571,0.285714285714286,
0.3,0.314285714285714,0.328571428571429,0.342857142857143,0.357142857142857,
0.371428571428571,0.385714285714286,0.4,0.414285714285714,0.428571428571429,
0.442857142857143,0.457142857142857,0.471428571428572,0.485714285714286,
0.5,0.514285714285714,0.528571428571429,0.542857142857143,0.557142857142857,
0.571428571428571,0.585714285714286,0.6,0.614285714285714,0.628571428571428,
0.642857142857142,0.657142857142857,0.671428571428571,0.685714285714285,
0.699999999999999,0.714285714285714,0.728571428571428,0.742857142857142,
0.757142857142856,0.771428571428571,0.785714285714285,0.799999999999999,
0.814285714285713,0.828571428571428,0.842857142857142,0.857142857142856,
0.87142857142857,0.885714285714284,0.899999999999999,0.914285714285713,
0.928571428571427,0.942857142857141,0.957142857142856,0.97142857142857,
0.985714285714284,1.),(0.,0.5),.UNSPECIFIED.)
GEOMETRIC_REPRESENTATION_ITEM()
RATIONAL_B_SPLINE_SURFACE(((1.,1.),(1.,1.),(1.,1.),(1.,1.),(1.,1.),(1.,
1.),(1.,1.),(1.,1.),(1.,1.),(1.,1.),(1.,1.),(1.,1.),(1.,1.),(1.,1.),(1.,
1.),(1.,1.),(1.,1.),(1.,1.),(1.,1.),(1.,1.),(1.,1.),(1.,1.),(1.,1.),(1.,
1.),(1.,1.),(1.,1.),(1.,1.),(1.,1.),(1.,1.),(1.,1.),(1.,1.),(1.,1.),(1.,
1.),(1.,1.),(1.,1.),(1.,1.),(1.,1.),(1.,1.),(1.,1.),(1.,1.),(1.,1.),(1.,
1.),(1.,1.),(1.,1.),(1.,1.),(1.,1.),(1.,1.),(1.,1.),(1.,1.),(1.,1.),(1.,
1.),(1.,1.),(1.,1.),(1.,1.),(1.,1.),(1.,1.),(1.,1.),(1.,1.),(1.,1.),(1.,
1.),(1.,1.),(1.,1.),(1.,1.),(1.,1.),(1.,1.),(1.,1.),(1.,1.),(1.,1.),(1.,
1.),(1.,1.),(1.,1.),(1.,1.),(1.,1.),(1.,1.),(1.,1.)))
REPRESENTATION_ITEM('')
SURFACE()
);
#53=(
BOUNDED_SURFACE()
B_SPLINE_SURFACE(5,1,((#3936,#3937),(#3938,#3939),(#3940,#3941),(#3942,
#3943),(#3944,#3945),(#3946,#3947),(#3948,#3949),(#3950,#3951),(#3952,#3953),
(#3954,#3955),(#3956,#3957),(#3958,#3959),(#3960,#3961),(#3962,#3963),(#3964,
#3965),(#3966,#3967),(#3968,#3969),(#3970,#3971),(#3972,#3973),(#3974,#3975),
(#3976,#3977),(#3978,#3979),(#3980,#3981),(#3982,#3983),(#3984,#3985),(#3986,
#3987),(#3988,#3989),(#3990,#3991),(#3992,#3993),(#3994,#3995),(#3996,#3997),
(#3998,#3999),(#4000,#4001),(#4002,#4003),(#4004,#4005),(#4006,#4007),(#4008,
#4009),(#4010,#4011),(#4012,#4013),(#4014,#4015),(#4016,#4017),(#4018,#4019),
(#4020,#4021),(#4022,#4023),(#4024,#4025),(#4026,#4027),(#4028,#4029),(#4030,
#4031),(#4032,#4033),(#4034,#4035),(#4036,#4037),(#4038,#4039),(#4040,#4041),
(#4042,#4043),(#4044,#4045),(#4046,#4047),(#4048,#4049),(#4050,#4051),(#4052,
#4053),(#4054,#4055),(#4056,#4057),(#4058,#4059),(#4060,#4061),(#4062,#4063),
(#4064,#4065),(#4066,#4067),(#4068,#4069),(#4070,#4071),(#4072,#4073),(#4074,
#4075),(#4076,#4077),(#4078,#4079),(#4080,#4081),(#4082,#4083),(#4084,#4085)),
 .UNSPECIFIED.,.F.,.F.,.F.)
B_SPLINE_SURFACE_WITH_KNOTS((6,1,1,1,1,1,1,1,1,1,1,1,1,1,1,1,1,1,1,1,1,
1,1,1,1,1,1,1,1,1,1,1,1,1,1,1,1,1,1,1,1,1,1,1,1,1,1,1,1,1,1,1,1,1,1,1,1,
1,1,1,1,1,1,1,1,1,1,1,1,1,6),(2,2),(0.,0.0142857142857143,0.0285714285714286,
0.0428571428571429,0.0571428571428571,0.0714285714285714,0.0857142857142857,
0.1,0.114285714285714,0.128571428571429,0.142857142857143,0.157142857142857,
0.171428571428571,0.185714285714286,0.2,0.214285714285714,0.228571428571429,
0.242857142857143,0.257142857142857,0.271428571428571,0.285714285714286,
0.3,0.314285714285714,0.328571428571429,0.342857142857143,0.357142857142857,
0.371428571428571,0.385714285714286,0.4,0.414285714285714,0.428571428571429,
0.442857142857143,0.457142857142857,0.471428571428572,0.485714285714286,
0.5,0.514285714285714,0.528571428571429,0.542857142857143,0.557142857142857,
0.571428571428571,0.585714285714286,0.6,0.614285714285714,0.628571428571428,
0.642857142857142,0.657142857142857,0.671428571428571,0.685714285714285,
0.699999999999999,0.714285714285714,0.728571428571428,0.742857142857142,
0.757142857142856,0.771428571428571,0.785714285714285,0.799999999999999,
0.814285714285713,0.828571428571428,0.842857142857142,0.857142857142856,
0.87142857142857,0.885714285714284,0.899999999999999,0.914285714285713,
0.928571428571427,0.942857142857141,0.957142857142856,0.97142857142857,
0.985714285714284,1.),(0.,0.5),.UNSPECIFIED.)
GEOMETRIC_REPRESENTATION_ITEM()
RATIONAL_B_SPLINE_SURFACE(((1.,1.),(1.,1.),(1.,1.),(1.,1.),(1.,1.),(1.,
1.),(1.,1.),(1.,1.),(1.,1.),(1.,1.),(1.,1.),(1.,1.),(1.,1.),(1.,1.),(1.,
1.),(1.,1.),(1.,1.),(1.,1.),(1.,1.),(1.,1.),(1.,1.),(1.,1.),(1.,1.),(1.,
1.),(1.,1.),(1.,1.),(1.,1.),(1.,1.),(1.,1.),(1.,1.),(1.,1.),(1.,1.),(1.,
1.),(1.,1.),(1.,1.),(1.,1.),(1.,1.),(1.,1.),(1.,1.),(1.,1.),(1.,1.),(1.,
1.),(1.,1.),(1.,1.),(1.,1.),(1.,1.),(1.,1.),(1.,1.),(1.,1.),(1.,1.),(1.,
1.),(1.,1.),(1.,1.),(1.,1.),(1.,1.),(1.,1.),(1.,1.),(1.,1.),(1.,1.),(1.,
1.),(1.,1.),(1.,1.),(1.,1.),(1.,1.),(1.,1.),(1.,1.),(1.,1.),(1.,1.),(1.,
1.),(1.,1.),(1.,1.),(1.,1.),(1.,1.),(1.,1.),(1.,1.)))
REPRESENTATION_ITEM('')
SURFACE()
);
#54=(
BOUNDED_SURFACE()
B_SPLINE_SURFACE(5,1,((#4150,#4151),(#4152,#4153),(#4154,#4155),(#4156,
#4157),(#4158,#4159),(#4160,#4161),(#4162,#4163),(#4164,#4165),(#4166,#4167),
(#4168,#4169),(#4170,#4171),(#4172,#4173),(#4174,#4175),(#4176,#4177),(#4178,
#4179),(#4180,#4181),(#4182,#4183),(#4184,#4185),(#4186,#4187),(#4188,#4189),
(#4190,#4191),(#4192,#4193),(#4194,#4195),(#4196,#4197),(#4198,#4199),(#4200,
#4201),(#4202,#4203),(#4204,#4205),(#4206,#4207),(#4208,#4209),(#4210,#4211),
(#4212,#4213),(#4214,#4215),(#4216,#4217),(#4218,#4219),(#4220,#4221),(#4222,
#4223),(#4224,#4225),(#4226,#4227),(#4228,#4229),(#4230,#4231),(#4232,#4233),
(#4234,#4235),(#4236,#4237),(#4238,#4239),(#4240,#4241),(#4242,#4243),(#4244,
#4245),(#4246,#4247),(#4248,#4249),(#4250,#4251),(#4252,#4253),(#4254,#4255),
(#4256,#4257),(#4258,#4259),(#4260,#4261),(#4262,#4263),(#4264,#4265),(#4266,
#4267),(#4268,#4269),(#4270,#4271),(#4272,#4273),(#4274,#4275),(#4276,#4277),
(#4278,#4279),(#4280,#4281),(#4282,#4283),(#4284,#4285),(#4286,#4287),(#4288,
#4289),(#4290,#4291),(#4292,#4293),(#4294,#4295),(#4296,#4297),(#4298,#4299)),
 .UNSPECIFIED.,.F.,.F.,.F.)
B_SPLINE_SURFACE_WITH_KNOTS((6,1,1,1,1,1,1,1,1,1,1,1,1,1,1,1,1,1,1,1,1,
1,1,1,1,1,1,1,1,1,1,1,1,1,1,1,1,1,1,1,1,1,1,1,1,1,1,1,1,1,1,1,1,1,1,1,1,
1,1,1,1,1,1,1,1,1,1,1,1,1,6),(2,2),(-1.,-0.985714285714284,-0.97142857142857,
-0.957142857142856,-0.942857142857141,-0.928571428571427,-0.914285714285713,
-0.899999999999999,-0.885714285714284,-0.87142857142857,-0.857142857142856,
-0.842857142857142,-0.828571428571428,-0.814285714285713,-0.799999999999999,
-0.785714285714285,-0.771428571428571,-0.757142857142856,-0.742857142857142,
-0.728571428571428,-0.714285714285714,-0.699999999999999,-0.685714285714285,
-0.671428571428571,-0.657142857142857,-0.642857142857142,-0.628571428571428,
-0.614285714285714,-0.6,-0.585714285714286,-0.571428571428571,-0.557142857142857,
-0.542857142857143,-0.528571428571429,-0.514285714285714,-0.5,-0.485714285714286,
-0.471428571428572,-0.457142857142857,-0.442857142857143,-0.428571428571429,
-0.414285714285714,-0.4,-0.385714285714286,-0.371428571428571,-0.357142857142857,
-0.342857142857143,-0.328571428571429,-0.314285714285714,-0.3,-0.285714285714286,
-0.271428571428571,-0.257142857142857,-0.242857142857143,-0.228571428571429,
-0.214285714285714,-0.2,-0.185714285714286,-0.171428571428571,-0.157142857142857,
-0.142857142857143,-0.128571428571429,-0.114285714285714,-0.1,-0.0857142857142857,
-0.0714285714285714,-0.0571428571428571,-0.0428571428571429,-0.0285714285714286,
-0.0142857142857143,0.),(0.,0.5),.UNSPECIFIED.)
GEOMETRIC_REPRESENTATION_ITEM()
RATIONAL_B_SPLINE_SURFACE(((1.,1.),(1.,1.),(1.,1.),(1.,1.),(1.,1.),(1.,
1.),(1.,1.),(1.,1.),(1.,1.),(1.,1.),(1.,1.),(1.,1.),(1.,1.),(1.,1.),(1.,
1.),(1.,1.),(1.,1.),(1.,1.),(1.,1.),(1.,1.),(1.,1.),(1.,1.),(1.,1.),(1.,
1.),(1.,1.),(1.,1.),(1.,1.),(1.,1.),(1.,1.),(1.,1.),(1.,1.),(1.,1.),(1.,
1.),(1.,1.),(1.,1.),(1.,1.),(1.,1.),(1.,1.),(1.,1.),(1.,1.),(1.,1.),(1.,
1.),(1.,1.),(1.,1.),(1.,1.),(1.,1.),(1.,1.),(1.,1.),(1.,1.),(1.,1.),(1.,
1.),(1.,1.),(1.,1.),(1.,1.),(1.,1.),(1.,1.),(1.,1.),(1.,1.),(1.,1.),(1.,
1.),(1.,1.),(1.,1.),(1.,1.),(1.,1.),(1.,1.),(1.,1.),(1.,1.),(1.,1.),(1.,
1.),(1.,1.),(1.,1.),(1.,1.),(1.,1.),(1.,1.),(1.,1.)))
REPRESENTATION_ITEM('')
SURFACE()
);
#55=(
BOUNDED_SURFACE()
B_SPLINE_SURFACE(5,1,((#4370,#4371),(#4372,#4373),(#4374,#4375),(#4376,
#4377),(#4378,#4379),(#4380,#4381),(#4382,#4383),(#4384,#4385),(#4386,#4387),
(#4388,#4389),(#4390,#4391),(#4392,#4393),(#4394,#4395),(#4396,#4397),(#4398,
#4399),(#4400,#4401),(#4402,#4403),(#4404,#4405),(#4406,#4407),(#4408,#4409),
(#4410,#4411),(#4412,#4413),(#4414,#4415),(#4416,#4417),(#4418,#4419),(#4420,
#4421),(#4422,#4423),(#4424,#4425),(#4426,#4427),(#4428,#4429),(#4430,#4431),
(#4432,#4433),(#4434,#4435),(#4436,#4437),(#4438,#4439),(#4440,#4441),(#4442,
#4443),(#4444,#4445),(#4446,#4447),(#4448,#4449),(#4450,#4451),(#4452,#4453),
(#4454,#4455),(#4456,#4457),(#4458,#4459),(#4460,#4461),(#4462,#4463),(#4464,
#4465),(#4466,#4467),(#4468,#4469),(#4470,#4471),(#4472,#4473),(#4474,#4475),
(#4476,#4477),(#4478,#4479),(#4480,#4481),(#4482,#4483),(#4484,#4485),(#4486,
#4487),(#4488,#4489),(#4490,#4491),(#4492,#4493),(#4494,#4495),(#4496,#4497),
(#4498,#4499),(#4500,#4501),(#4502,#4503),(#4504,#4505),(#4506,#4507),(#4508,
#4509),(#4510,#4511),(#4512,#4513),(#4514,#4515),(#4516,#4517),(#4518,#4519)),
 .UNSPECIFIED.,.F.,.F.,.F.)
B_SPLINE_SURFACE_WITH_KNOTS((6,1,1,1,1,1,1,1,1,1,1,1,1,1,1,1,1,1,1,1,1,
1,1,1,1,1,1,1,1,1,1,1,1,1,1,1,1,1,1,1,1,1,1,1,1,1,1,1,1,1,1,1,1,1,1,1,1,
1,1,1,1,1,1,1,1,1,1,1,1,1,6),(2,2),(0.,0.0142857142857143,0.0285714285714286,
0.0428571428571429,0.0571428571428571,0.0714285714285714,0.0857142857142857,
0.1,0.114285714285714,0.128571428571429,0.142857142857143,0.157142857142857,
0.171428571428571,0.185714285714286,0.2,0.214285714285714,0.228571428571429,
0.242857142857143,0.257142857142857,0.271428571428571,0.285714285714286,
0.3,0.314285714285714,0.328571428571429,0.342857142857143,0.357142857142857,
0.371428571428571,0.385714285714286,0.4,0.414285714285714,0.428571428571429,
0.442857142857143,0.457142857142857,0.471428571428572,0.485714285714286,
0.5,0.514285714285714,0.528571428571429,0.542857142857143,0.557142857142857,
0.571428571428571,0.585714285714286,0.6,0.614285714285714,0.628571428571428,
0.642857142857142,0.657142857142857,0.671428571428571,0.685714285714285,
0.699999999999999,0.714285714285714,0.728571428571428,0.742857142857142,
0.757142857142856,0.771428571428571,0.785714285714285,0.799999999999999,
0.814285714285713,0.828571428571428,0.842857142857142,0.857142857142856,
0.87142857142857,0.885714285714284,0.899999999999999,0.914285714285713,
0.928571428571427,0.942857142857141,0.957142857142856,0.97142857142857,
0.985714285714284,1.),(0.,0.5),.UNSPECIFIED.)
GEOMETRIC_REPRESENTATION_ITEM()
RATIONAL_B_SPLINE_SURFACE(((1.,1.),(1.,1.),(1.,1.),(1.,1.),(1.,1.),(1.,
1.),(1.,1.),(1.,1.),(1.,1.),(1.,1.),(1.,1.),(1.,1.),(1.,1.),(1.,1.),(1.,
1.),(1.,1.),(1.,1.),(1.,1.),(1.,1.),(1.,1.),(1.,1.),(1.,1.),(1.,1.),(1.,
1.),(1.,1.),(1.,1.),(1.,1.),(1.,1.),(1.,1.),(1.,1.),(1.,1.),(1.,1.),(1.,
1.),(1.,1.),(1.,1.),(1.,1.),(1.,1.),(1.,1.),(1.,1.),(1.,1.),(1.,1.),(1.,
1.),(1.,1.),(1.,1.),(1.,1.),(1.,1.),(1.,1.),(1.,1.),(1.,1.),(1.,1.),(1.,
1.),(1.,1.),(1.,1.),(1.,1.),(1.,1.),(1.,1.),(1.,1.),(1.,1.),(1.,1.),(1.,
1.),(1.,1.),(1.,1.),(1.,1.),(1.,1.),(1.,1.),(1.,1.),(1.,1.),(1.,1.),(1.,
1.),(1.,1.),(1.,1.),(1.,1.),(1.,1.),(1.,1.),(1.,1.)))
REPRESENTATION_ITEM('')
SURFACE()
);
#56=(
BOUNDED_SURFACE()
B_SPLINE_SURFACE(5,1,((#5007,#5008),(#5009,#5010),(#5011,#5012),(#5013,
#5014),(#5015,#5016),(#5017,#5018),(#5019,#5020),(#5021,#5022),(#5023,#5024),
(#5025,#5026),(#5027,#5028),(#5029,#5030),(#5031,#5032),(#5033,#5034),(#5035,
#5036),(#5037,#5038),(#5039,#5040),(#5041,#5042),(#5043,#5044),(#5045,#5046),
(#5047,#5048),(#5049,#5050),(#5051,#5052),(#5053,#5054),(#5055,#5056),(#5057,
#5058),(#5059,#5060),(#5061,#5062),(#5063,#5064),(#5065,#5066),(#5067,#5068),
(#5069,#5070),(#5071,#5072),(#5073,#5074),(#5075,#5076),(#5077,#5078),(#5079,
#5080),(#5081,#5082),(#5083,#5084),(#5085,#5086),(#5087,#5088),(#5089,#5090),
(#5091,#5092),(#5093,#5094),(#5095,#5096),(#5097,#5098),(#5099,#5100),(#5101,
#5102),(#5103,#5104),(#5105,#5106),(#5107,#5108),(#5109,#5110),(#5111,#5112),
(#5113,#5114),(#5115,#5116),(#5117,#5118),(#5119,#5120),(#5121,#5122),(#5123,
#5124),(#5125,#5126),(#5127,#5128),(#5129,#5130),(#5131,#5132),(#5133,#5134),
(#5135,#5136),(#5137,#5138),(#5139,#5140),(#5141,#5142),(#5143,#5144),(#5145,
#5146),(#5147,#5148),(#5149,#5150),(#5151,#5152),(#5153,#5154),(#5155,#5156)),
 .UNSPECIFIED.,.F.,.F.,.F.)
B_SPLINE_SURFACE_WITH_KNOTS((6,1,1,1,1,1,1,1,1,1,1,1,1,1,1,1,1,1,1,1,1,
1,1,1,1,1,1,1,1,1,1,1,1,1,1,1,1,1,1,1,1,1,1,1,1,1,1,1,1,1,1,1,1,1,1,1,1,
1,1,1,1,1,1,1,1,1,1,1,1,1,6),(2,2),(-1.,-0.985714285714284,-0.97142857142857,
-0.957142857142856,-0.942857142857141,-0.928571428571427,-0.914285714285713,
-0.899999999999999,-0.885714285714284,-0.87142857142857,-0.857142857142856,
-0.842857142857142,-0.828571428571428,-0.814285714285713,-0.799999999999999,
-0.785714285714285,-0.771428571428571,-0.757142857142856,-0.742857142857142,
-0.728571428571428,-0.714285714285714,-0.699999999999999,-0.685714285714285,
-0.671428571428571,-0.657142857142857,-0.642857142857142,-0.628571428571428,
-0.614285714285714,-0.6,-0.585714285714286,-0.571428571428571,-0.557142857142857,
-0.542857142857143,-0.528571428571429,-0.514285714285714,-0.5,-0.485714285714286,
-0.471428571428572,-0.457142857142857,-0.442857142857143,-0.428571428571429,
-0.414285714285714,-0.4,-0.385714285714286,-0.371428571428571,-0.357142857142857,
-0.342857142857143,-0.328571428571429,-0.314285714285714,-0.3,-0.285714285714286,
-0.271428571428571,-0.257142857142857,-0.242857142857143,-0.228571428571429,
-0.214285714285714,-0.2,-0.185714285714286,-0.171428571428571,-0.157142857142857,
-0.142857142857143,-0.128571428571429,-0.114285714285714,-0.1,-0.0857142857142857,
-0.0714285714285714,-0.0571428571428571,-0.0428571428571429,-0.0285714285714286,
-0.0142857142857143,0.),(0.,0.5),.UNSPECIFIED.)
GEOMETRIC_REPRESENTATION_ITEM()
RATIONAL_B_SPLINE_SURFACE(((1.,1.),(1.,1.),(1.,1.),(1.,1.),(1.,1.),(1.,
1.),(1.,1.),(1.,1.),(1.,1.),(1.,1.),(1.,1.),(1.,1.),(1.,1.),(1.,1.),(1.,
1.),(1.,1.),(1.,1.),(1.,1.),(1.,1.),(1.,1.),(1.,1.),(1.,1.),(1.,1.),(1.,
1.),(1.,1.),(1.,1.),(1.,1.),(1.,1.),(1.,1.),(1.,1.),(1.,1.),(1.,1.),(1.,
1.),(1.,1.),(1.,1.),(1.,1.),(1.,1.),(1.,1.),(1.,1.),(1.,1.),(1.,1.),(1.,
1.),(1.,1.),(1.,1.),(1.,1.),(1.,1.),(1.,1.),(1.,1.),(1.,1.),(1.,1.),(1.,
1.),(1.,1.),(1.,1.),(1.,1.),(1.,1.),(1.,1.),(1.,1.),(1.,1.),(1.,1.),(1.,
1.),(1.,1.),(1.,1.),(1.,1.),(1.,1.),(1.,1.),(1.,1.),(1.,1.),(1.,1.),(1.,
1.),(1.,1.),(1.,1.),(1.,1.),(1.,1.),(1.,1.),(1.,1.)))
REPRESENTATION_ITEM('')
SURFACE()
);
#57=(
BOUNDED_SURFACE()
B_SPLINE_SURFACE(5,1,((#5247,#5248),(#5249,#5250),(#5251,#5252),(#5253,
#5254),(#5255,#5256),(#5257,#5258),(#5259,#5260),(#5261,#5262),(#5263,#5264),
(#5265,#5266),(#5267,#5268),(#5269,#5270),(#5271,#5272),(#5273,#5274),(#5275,
#5276),(#5277,#5278),(#5279,#5280),(#5281,#5282),(#5283,#5284),(#5285,#5286),
(#5287,#5288),(#5289,#5290),(#5291,#5292),(#5293,#5294),(#5295,#5296),(#5297,
#5298),(#5299,#5300),(#5301,#5302),(#5303,#5304),(#5305,#5306),(#5307,#5308),
(#5309,#5310),(#5311,#5312),(#5313,#5314),(#5315,#5316),(#5317,#5318),(#5319,
#5320),(#5321,#5322),(#5323,#5324),(#5325,#5326),(#5327,#5328),(#5329,#5330),
(#5331,#5332),(#5333,#5334),(#5335,#5336),(#5337,#5338),(#5339,#5340),(#5341,
#5342),(#5343,#5344),(#5345,#5346),(#5347,#5348),(#5349,#5350),(#5351,#5352),
(#5353,#5354),(#5355,#5356),(#5357,#5358),(#5359,#5360),(#5361,#5362),(#5363,
#5364),(#5365,#5366),(#5367,#5368),(#5369,#5370),(#5371,#5372),(#5373,#5374),
(#5375,#5376),(#5377,#5378),(#5379,#5380),(#5381,#5382),(#5383,#5384),(#5385,
#5386),(#5387,#5388),(#5389,#5390),(#5391,#5392),(#5393,#5394),(#5395,#5396)),
 .UNSPECIFIED.,.F.,.F.,.F.)
B_SPLINE_SURFACE_WITH_KNOTS((6,1,1,1,1,1,1,1,1,1,1,1,1,1,1,1,1,1,1,1,1,
1,1,1,1,1,1,1,1,1,1,1,1,1,1,1,1,1,1,1,1,1,1,1,1,1,1,1,1,1,1,1,1,1,1,1,1,
1,1,1,1,1,1,1,1,1,1,1,1,1,6),(2,2),(0.,0.0142857142857143,0.0285714285714286,
0.0428571428571429,0.0571428571428571,0.0714285714285714,0.0857142857142857,
0.1,0.114285714285714,0.128571428571429,0.142857142857143,0.157142857142857,
0.171428571428571,0.185714285714286,0.2,0.214285714285714,0.228571428571429,
0.242857142857143,0.257142857142857,0.271428571428571,0.285714285714286,
0.3,0.314285714285714,0.328571428571429,0.342857142857143,0.357142857142857,
0.371428571428571,0.385714285714286,0.4,0.414285714285714,0.428571428571429,
0.442857142857143,0.457142857142857,0.471428571428572,0.485714285714286,
0.5,0.514285714285714,0.528571428571429,0.542857142857143,0.557142857142857,
0.571428571428571,0.585714285714286,0.6,0.614285714285714,0.628571428571428,
0.642857142857142,0.657142857142857,0.671428571428571,0.685714285714285,
0.699999999999999,0.714285714285714,0.728571428571428,0.742857142857142,
0.757142857142856,0.771428571428571,0.785714285714285,0.799999999999999,
0.814285714285713,0.828571428571428,0.842857142857142,0.857142857142856,
0.87142857142857,0.885714285714284,0.899999999999999,0.914285714285713,
0.928571428571427,0.942857142857141,0.957142857142856,0.97142857142857,
0.985714285714284,1.),(0.,0.5),.UNSPECIFIED.)
GEOMETRIC_REPRESENTATION_ITEM()
RATIONAL_B_SPLINE_SURFACE(((1.,1.),(1.,1.),(1.,1.),(1.,1.),(1.,1.),(1.,
1.),(1.,1.),(1.,1.),(1.,1.),(1.,1.),(1.,1.),(1.,1.),(1.,1.),(1.,1.),(1.,
1.),(1.,1.),(1.,1.),(1.,1.),(1.,1.),(1.,1.),(1.,1.),(1.,1.),(1.,1.),(1.,
1.),(1.,1.),(1.,1.),(1.,1.),(1.,1.),(1.,1.),(1.,1.),(1.,1.),(1.,1.),(1.,
1.),(1.,1.),(1.,1.),(1.,1.),(1.,1.),(1.,1.),(1.,1.),(1.,1.),(1.,1.),(1.,
1.),(1.,1.),(1.,1.),(1.,1.),(1.,1.),(1.,1.),(1.,1.),(1.,1.),(1.,1.),(1.,
1.),(1.,1.),(1.,1.),(1.,1.),(1.,1.),(1.,1.),(1.,1.),(1.,1.),(1.,1.),(1.,
1.),(1.,1.),(1.,1.),(1.,1.),(1.,1.),(1.,1.),(1.,1.),(1.,1.),(1.,1.),(1.,
1.),(1.,1.),(1.,1.),(1.,1.),(1.,1.),(1.,1.),(1.,1.)))
REPRESENTATION_ITEM('')
SURFACE()
);
#58=(
BOUNDED_SURFACE()
B_SPLINE_SURFACE(5,1,((#5521,#5522),(#5523,#5524),(#5525,#5526),(#5527,
#5528),(#5529,#5530),(#5531,#5532),(#5533,#5534),(#5535,#5536),(#5537,#5538),
(#5539,#5540),(#5541,#5542),(#5543,#5544),(#5545,#5546),(#5547,#5548),(#5549,
#5550),(#5551,#5552),(#5553,#5554),(#5555,#5556),(#5557,#5558),(#5559,#5560),
(#5561,#5562),(#5563,#5564),(#5565,#5566),(#5567,#5568),(#5569,#5570),(#5571,
#5572),(#5573,#5574),(#5575,#5576),(#5577,#5578),(#5579,#5580),(#5581,#5582),
(#5583,#5584),(#5585,#5586),(#5587,#5588),(#5589,#5590),(#5591,#5592),(#5593,
#5594),(#5595,#5596),(#5597,#5598),(#5599,#5600),(#5601,#5602),(#5603,#5604),
(#5605,#5606),(#5607,#5608),(#5609,#5610),(#5611,#5612),(#5613,#5614),(#5615,
#5616),(#5617,#5618),(#5619,#5620),(#5621,#5622),(#5623,#5624),(#5625,#5626),
(#5627,#5628),(#5629,#5630),(#5631,#5632),(#5633,#5634),(#5635,#5636),(#5637,
#5638),(#5639,#5640),(#5641,#5642),(#5643,#5644),(#5645,#5646),(#5647,#5648),
(#5649,#5650),(#5651,#5652),(#5653,#5654),(#5655,#5656),(#5657,#5658),(#5659,
#5660),(#5661,#5662),(#5663,#5664),(#5665,#5666),(#5667,#5668),(#5669,#5670)),
 .UNSPECIFIED.,.F.,.F.,.F.)
B_SPLINE_SURFACE_WITH_KNOTS((6,1,1,1,1,1,1,1,1,1,1,1,1,1,1,1,1,1,1,1,1,
1,1,1,1,1,1,1,1,1,1,1,1,1,1,1,1,1,1,1,1,1,1,1,1,1,1,1,1,1,1,1,1,1,1,1,1,
1,1,1,1,1,1,1,1,1,1,1,1,1,6),(2,2),(-1.,-0.985714285714284,-0.97142857142857,
-0.957142857142856,-0.942857142857141,-0.928571428571427,-0.914285714285713,
-0.899999999999999,-0.885714285714284,-0.87142857142857,-0.857142857142856,
-0.842857142857142,-0.828571428571428,-0.814285714285713,-0.799999999999999,
-0.785714285714285,-0.771428571428571,-0.757142857142856,-0.742857142857142,
-0.728571428571428,-0.714285714285714,-0.699999999999999,-0.685714285714285,
-0.671428571428571,-0.657142857142857,-0.642857142857142,-0.628571428571428,
-0.614285714285714,-0.6,-0.585714285714286,-0.571428571428571,-0.557142857142857,
-0.542857142857143,-0.528571428571429,-0.514285714285714,-0.5,-0.485714285714286,
-0.471428571428572,-0.457142857142857,-0.442857142857143,-0.428571428571429,
-0.414285714285714,-0.4,-0.385714285714286,-0.371428571428571,-0.357142857142857,
-0.342857142857143,-0.328571428571429,-0.314285714285714,-0.3,-0.285714285714286,
-0.271428571428571,-0.257142857142857,-0.242857142857143,-0.228571428571429,
-0.214285714285714,-0.2,-0.185714285714286,-0.171428571428571,-0.157142857142857,
-0.142857142857143,-0.128571428571429,-0.114285714285714,-0.1,-0.0857142857142857,
-0.0714285714285714,-0.0571428571428571,-0.0428571428571429,-0.0285714285714286,
-0.0142857142857143,0.),(0.,0.5),.UNSPECIFIED.)
GEOMETRIC_REPRESENTATION_ITEM()
RATIONAL_B_SPLINE_SURFACE(((1.,1.),(1.,1.),(1.,1.),(1.,1.),(1.,1.),(1.,
1.),(1.,1.),(1.,1.),(1.,1.),(1.,1.),(1.,1.),(1.,1.),(1.,1.),(1.,1.),(1.,
1.),(1.,1.),(1.,1.),(1.,1.),(1.,1.),(1.,1.),(1.,1.),(1.,1.),(1.,1.),(1.,
1.),(1.,1.),(1.,1.),(1.,1.),(1.,1.),(1.,1.),(1.,1.),(1.,1.),(1.,1.),(1.,
1.),(1.,1.),(1.,1.),(1.,1.),(1.,1.),(1.,1.),(1.,1.),(1.,1.),(1.,1.),(1.,
1.),(1.,1.),(1.,1.),(1.,1.),(1.,1.),(1.,1.),(1.,1.),(1.,1.),(1.,1.),(1.,
1.),(1.,1.),(1.,1.),(1.,1.),(1.,1.),(1.,1.),(1.,1.),(1.,1.),(1.,1.),(1.,
1.),(1.,1.),(1.,1.),(1.,1.),(1.,1.),(1.,1.),(1.,1.),(1.,1.),(1.,1.),(1.,
1.),(1.,1.),(1.,1.),(1.,1.),(1.,1.),(1.,1.),(1.,1.)))
REPRESENTATION_ITEM('')
SURFACE()
);
#59=(
BOUNDED_SURFACE()
B_SPLINE_SURFACE(5,1,((#5804,#5805),(#5806,#5807),(#5808,#5809),(#5810,
#5811),(#5812,#5813),(#5814,#5815),(#5816,#5817),(#5818,#5819),(#5820,#5821),
(#5822,#5823),(#5824,#5825),(#5826,#5827),(#5828,#5829),(#5830,#5831),(#5832,
#5833),(#5834,#5835),(#5836,#5837),(#5838,#5839),(#5840,#5841),(#5842,#5843),
(#5844,#5845),(#5846,#5847),(#5848,#5849),(#5850,#5851),(#5852,#5853),(#5854,
#5855),(#5856,#5857),(#5858,#5859),(#5860,#5861),(#5862,#5863),(#5864,#5865),
(#5866,#5867),(#5868,#5869),(#5870,#5871),(#5872,#5873),(#5874,#5875),(#5876,
#5877),(#5878,#5879),(#5880,#5881),(#5882,#5883),(#5884,#5885),(#5886,#5887),
(#5888,#5889),(#5890,#5891),(#5892,#5893),(#5894,#5895),(#5896,#5897),(#5898,
#5899),(#5900,#5901),(#5902,#5903),(#5904,#5905),(#5906,#5907),(#5908,#5909),
(#5910,#5911),(#5912,#5913),(#5914,#5915),(#5916,#5917),(#5918,#5919),(#5920,
#5921),(#5922,#5923),(#5924,#5925),(#5926,#5927),(#5928,#5929),(#5930,#5931),
(#5932,#5933),(#5934,#5935),(#5936,#5937),(#5938,#5939),(#5940,#5941),(#5942,
#5943),(#5944,#5945),(#5946,#5947),(#5948,#5949),(#5950,#5951),(#5952,#5953)),
 .UNSPECIFIED.,.F.,.F.,.F.)
B_SPLINE_SURFACE_WITH_KNOTS((6,1,1,1,1,1,1,1,1,1,1,1,1,1,1,1,1,1,1,1,1,
1,1,1,1,1,1,1,1,1,1,1,1,1,1,1,1,1,1,1,1,1,1,1,1,1,1,1,1,1,1,1,1,1,1,1,1,
1,1,1,1,1,1,1,1,1,1,1,1,1,6),(2,2),(0.,0.0142857142857143,0.0285714285714286,
0.0428571428571429,0.0571428571428571,0.0714285714285714,0.0857142857142857,
0.1,0.114285714285714,0.128571428571429,0.142857142857143,0.157142857142857,
0.171428571428571,0.185714285714286,0.2,0.214285714285714,0.228571428571429,
0.242857142857143,0.257142857142857,0.271428571428571,0.285714285714286,
0.3,0.314285714285714,0.328571428571429,0.342857142857143,0.357142857142857,
0.371428571428571,0.385714285714286,0.4,0.414285714285714,0.428571428571429,
0.442857142857143,0.457142857142857,0.471428571428572,0.485714285714286,
0.5,0.514285714285714,0.528571428571429,0.542857142857143,0.557142857142857,
0.571428571428571,0.585714285714286,0.6,0.614285714285714,0.628571428571428,
0.642857142857142,0.657142857142857,0.671428571428571,0.685714285714285,
0.699999999999999,0.714285714285714,0.728571428571428,0.742857142857142,
0.757142857142856,0.771428571428571,0.785714285714285,0.799999999999999,
0.814285714285713,0.828571428571428,0.842857142857142,0.857142857142856,
0.87142857142857,0.885714285714284,0.899999999999999,0.914285714285713,
0.928571428571427,0.942857142857141,0.957142857142856,0.97142857142857,
0.985714285714284,1.),(0.,0.5),.UNSPECIFIED.)
GEOMETRIC_REPRESENTATION_ITEM()
RATIONAL_B_SPLINE_SURFACE(((1.,1.),(1.,1.),(1.,1.),(1.,1.),(1.,1.),(1.,
1.),(1.,1.),(1.,1.),(1.,1.),(1.,1.),(1.,1.),(1.,1.),(1.,1.),(1.,1.),(1.,
1.),(1.,1.),(1.,1.),(1.,1.),(1.,1.),(1.,1.),(1.,1.),(1.,1.),(1.,1.),(1.,
1.),(1.,1.),(1.,1.),(1.,1.),(1.,1.),(1.,1.),(1.,1.),(1.,1.),(1.,1.),(1.,
1.),(1.,1.),(1.,1.),(1.,1.),(1.,1.),(1.,1.),(1.,1.),(1.,1.),(1.,1.),(1.,
1.),(1.,1.),(1.,1.),(1.,1.),(1.,1.),(1.,1.),(1.,1.),(1.,1.),(1.,1.),(1.,
1.),(1.,1.),(1.,1.),(1.,1.),(1.,1.),(1.,1.),(1.,1.),(1.,1.),(1.,1.),(1.,
1.),(1.,1.),(1.,1.),(1.,1.),(1.,1.),(1.,1.),(1.,1.),(1.,1.),(1.,1.),(1.,
1.),(1.,1.),(1.,1.),(1.,1.),(1.,1.),(1.,1.),(1.,1.)))
REPRESENTATION_ITEM('')
SURFACE()
);
#60=(
BOUNDED_SURFACE()
B_SPLINE_SURFACE(5,1,((#6078,#6079),(#6080,#6081),(#6082,#6083),(#6084,
#6085),(#6086,#6087),(#6088,#6089),(#6090,#6091),(#6092,#6093),(#6094,#6095),
(#6096,#6097),(#6098,#6099),(#6100,#6101),(#6102,#6103),(#6104,#6105),(#6106,
#6107),(#6108,#6109),(#6110,#6111),(#6112,#6113),(#6114,#6115),(#6116,#6117),
(#6118,#6119),(#6120,#6121),(#6122,#6123),(#6124,#6125),(#6126,#6127),(#6128,
#6129),(#6130,#6131),(#6132,#6133),(#6134,#6135),(#6136,#6137),(#6138,#6139),
(#6140,#6141),(#6142,#6143),(#6144,#6145),(#6146,#6147),(#6148,#6149),(#6150,
#6151),(#6152,#6153),(#6154,#6155),(#6156,#6157),(#6158,#6159),(#6160,#6161),
(#6162,#6163),(#6164,#6165),(#6166,#6167),(#6168,#6169),(#6170,#6171),(#6172,
#6173),(#6174,#6175),(#6176,#6177),(#6178,#6179),(#6180,#6181),(#6182,#6183),
(#6184,#6185),(#6186,#6187),(#6188,#6189),(#6190,#6191),(#6192,#6193),(#6194,
#6195),(#6196,#6197),(#6198,#6199),(#6200,#6201),(#6202,#6203),(#6204,#6205),
(#6206,#6207),(#6208,#6209),(#6210,#6211),(#6212,#6213),(#6214,#6215),(#6216,
#6217),(#6218,#6219),(#6220,#6221),(#6222,#6223),(#6224,#6225),(#6226,#6227)),
 .UNSPECIFIED.,.F.,.F.,.F.)
B_SPLINE_SURFACE_WITH_KNOTS((6,1,1,1,1,1,1,1,1,1,1,1,1,1,1,1,1,1,1,1,1,
1,1,1,1,1,1,1,1,1,1,1,1,1,1,1,1,1,1,1,1,1,1,1,1,1,1,1,1,1,1,1,1,1,1,1,1,
1,1,1,1,1,1,1,1,1,1,1,1,1,6),(2,2),(-1.,-0.985714285714284,-0.97142857142857,
-0.957142857142856,-0.942857142857141,-0.928571428571427,-0.914285714285713,
-0.899999999999999,-0.885714285714284,-0.87142857142857,-0.857142857142856,
-0.842857142857142,-0.828571428571428,-0.814285714285713,-0.799999999999999,
-0.785714285714285,-0.771428571428571,-0.757142857142856,-0.742857142857142,
-0.728571428571428,-0.714285714285714,-0.699999999999999,-0.685714285714285,
-0.671428571428571,-0.657142857142857,-0.642857142857142,-0.628571428571428,
-0.614285714285714,-0.6,-0.585714285714286,-0.571428571428571,-0.557142857142857,
-0.542857142857143,-0.528571428571429,-0.514285714285714,-0.5,-0.485714285714286,
-0.471428571428572,-0.457142857142857,-0.442857142857143,-0.428571428571429,
-0.414285714285714,-0.4,-0.385714285714286,-0.371428571428571,-0.357142857142857,
-0.342857142857143,-0.328571428571429,-0.314285714285714,-0.3,-0.285714285714286,
-0.271428571428571,-0.257142857142857,-0.242857142857143,-0.228571428571429,
-0.214285714285714,-0.2,-0.185714285714286,-0.171428571428571,-0.157142857142857,
-0.142857142857143,-0.128571428571429,-0.114285714285714,-0.1,-0.0857142857142857,
-0.0714285714285714,-0.0571428571428571,-0.0428571428571429,-0.0285714285714286,
-0.0142857142857143,0.),(0.,0.5),.UNSPECIFIED.)
GEOMETRIC_REPRESENTATION_ITEM()
RATIONAL_B_SPLINE_SURFACE(((1.,1.),(1.,1.),(1.,1.),(1.,1.),(1.,1.),(1.,
1.),(1.,1.),(1.,1.),(1.,1.),(1.,1.),(1.,1.),(1.,1.),(1.,1.),(1.,1.),(1.,
1.),(1.,1.),(1.,1.),(1.,1.),(1.,1.),(1.,1.),(1.,1.),(1.,1.),(1.,1.),(1.,
1.),(1.,1.),(1.,1.),(1.,1.),(1.,1.),(1.,1.),(1.,1.),(1.,1.),(1.,1.),(1.,
1.),(1.,1.),(1.,1.),(1.,1.),(1.,1.),(1.,1.),(1.,1.),(1.,1.),(1.,1.),(1.,
1.),(1.,1.),(1.,1.),(1.,1.),(1.,1.),(1.,1.),(1.,1.),(1.,1.),(1.,1.),(1.,
1.),(1.,1.),(1.,1.),(1.,1.),(1.,1.),(1.,1.),(1.,1.),(1.,1.),(1.,1.),(1.,
1.),(1.,1.),(1.,1.),(1.,1.),(1.,1.),(1.,1.),(1.,1.),(1.,1.),(1.,1.),(1.,
1.),(1.,1.),(1.,1.),(1.,1.),(1.,1.),(1.,1.),(1.,1.)))
REPRESENTATION_ITEM('')
SURFACE()
);
#61=(
BOUNDED_SURFACE()
B_SPLINE_SURFACE(5,1,((#6361,#6362),(#6363,#6364),(#6365,#6366),(#6367,
#6368),(#6369,#6370),(#6371,#6372),(#6373,#6374),(#6375,#6376),(#6377,#6378),
(#6379,#6380),(#6381,#6382),(#6383,#6384),(#6385,#6386),(#6387,#6388),(#6389,
#6390),(#6391,#6392),(#6393,#6394),(#6395,#6396),(#6397,#6398),(#6399,#6400),
(#6401,#6402),(#6403,#6404),(#6405,#6406),(#6407,#6408),(#6409,#6410),(#6411,
#6412),(#6413,#6414),(#6415,#6416),(#6417,#6418),(#6419,#6420),(#6421,#6422),
(#6423,#6424),(#6425,#6426),(#6427,#6428),(#6429,#6430),(#6431,#6432),(#6433,
#6434),(#6435,#6436),(#6437,#6438),(#6439,#6440),(#6441,#6442),(#6443,#6444),
(#6445,#6446),(#6447,#6448),(#6449,#6450),(#6451,#6452),(#6453,#6454),(#6455,
#6456),(#6457,#6458),(#6459,#6460),(#6461,#6462),(#6463,#6464),(#6465,#6466),
(#6467,#6468),(#6469,#6470),(#6471,#6472),(#6473,#6474),(#6475,#6476),(#6477,
#6478),(#6479,#6480),(#6481,#6482),(#6483,#6484),(#6485,#6486),(#6487,#6488),
(#6489,#6490),(#6491,#6492),(#6493,#6494),(#6495,#6496),(#6497,#6498),(#6499,
#6500),(#6501,#6502),(#6503,#6504),(#6505,#6506),(#6507,#6508),(#6509,#6510)),
 .UNSPECIFIED.,.F.,.F.,.F.)
B_SPLINE_SURFACE_WITH_KNOTS((6,1,1,1,1,1,1,1,1,1,1,1,1,1,1,1,1,1,1,1,1,
1,1,1,1,1,1,1,1,1,1,1,1,1,1,1,1,1,1,1,1,1,1,1,1,1,1,1,1,1,1,1,1,1,1,1,1,
1,1,1,1,1,1,1,1,1,1,1,1,1,6),(2,2),(0.,0.0142857142857143,0.0285714285714286,
0.0428571428571429,0.0571428571428571,0.0714285714285714,0.0857142857142857,
0.1,0.114285714285714,0.128571428571429,0.142857142857143,0.157142857142857,
0.171428571428571,0.185714285714286,0.2,0.214285714285714,0.228571428571429,
0.242857142857143,0.257142857142857,0.271428571428571,0.285714285714286,
0.3,0.314285714285714,0.328571428571429,0.342857142857143,0.357142857142857,
0.371428571428571,0.385714285714286,0.4,0.414285714285714,0.428571428571429,
0.442857142857143,0.457142857142857,0.471428571428572,0.485714285714286,
0.5,0.514285714285714,0.528571428571429,0.542857142857143,0.557142857142857,
0.571428571428571,0.585714285714286,0.6,0.614285714285714,0.628571428571428,
0.642857142857142,0.657142857142857,0.671428571428571,0.685714285714285,
0.699999999999999,0.714285714285714,0.728571428571428,0.742857142857142,
0.757142857142856,0.771428571428571,0.785714285714285,0.799999999999999,
0.814285714285713,0.828571428571428,0.842857142857142,0.857142857142856,
0.87142857142857,0.885714285714284,0.899999999999999,0.914285714285713,
0.928571428571427,0.942857142857141,0.957142857142856,0.97142857142857,
0.985714285714284,1.),(0.,0.5),.UNSPECIFIED.)
GEOMETRIC_REPRESENTATION_ITEM()
RATIONAL_B_SPLINE_SURFACE(((1.,1.),(1.,1.),(1.,1.),(1.,1.),(1.,1.),(1.,
1.),(1.,1.),(1.,1.),(1.,1.),(1.,1.),(1.,1.),(1.,1.),(1.,1.),(1.,1.),(1.,
1.),(1.,1.),(1.,1.),(1.,1.),(1.,1.),(1.,1.),(1.,1.),(1.,1.),(1.,1.),(1.,
1.),(1.,1.),(1.,1.),(1.,1.),(1.,1.),(1.,1.),(1.,1.),(1.,1.),(1.,1.),(1.,
1.),(1.,1.),(1.,1.),(1.,1.),(1.,1.),(1.,1.),(1.,1.),(1.,1.),(1.,1.),(1.,
1.),(1.,1.),(1.,1.),(1.,1.),(1.,1.),(1.,1.),(1.,1.),(1.,1.),(1.,1.),(1.,
1.),(1.,1.),(1.,1.),(1.,1.),(1.,1.),(1.,1.),(1.,1.),(1.,1.),(1.,1.),(1.,
1.),(1.,1.),(1.,1.),(1.,1.),(1.,1.),(1.,1.),(1.,1.),(1.,1.),(1.,1.),(1.,
1.),(1.,1.),(1.,1.),(1.,1.),(1.,1.),(1.,1.),(1.,1.)))
REPRESENTATION_ITEM('')
SURFACE()
);
#62=(
BOUNDED_SURFACE()
B_SPLINE_SURFACE(5,1,((#6635,#6636),(#6637,#6638),(#6639,#6640),(#6641,
#6642),(#6643,#6644),(#6645,#6646),(#6647,#6648),(#6649,#6650),(#6651,#6652),
(#6653,#6654),(#6655,#6656),(#6657,#6658),(#6659,#6660),(#6661,#6662),(#6663,
#6664),(#6665,#6666),(#6667,#6668),(#6669,#6670),(#6671,#6672),(#6673,#6674),
(#6675,#6676),(#6677,#6678),(#6679,#6680),(#6681,#6682),(#6683,#6684),(#6685,
#6686),(#6687,#6688),(#6689,#6690),(#6691,#6692),(#6693,#6694),(#6695,#6696),
(#6697,#6698),(#6699,#6700),(#6701,#6702),(#6703,#6704),(#6705,#6706),(#6707,
#6708),(#6709,#6710),(#6711,#6712),(#6713,#6714),(#6715,#6716),(#6717,#6718),
(#6719,#6720),(#6721,#6722),(#6723,#6724),(#6725,#6726),(#6727,#6728),(#6729,
#6730),(#6731,#6732),(#6733,#6734),(#6735,#6736),(#6737,#6738),(#6739,#6740),
(#6741,#6742),(#6743,#6744),(#6745,#6746),(#6747,#6748),(#6749,#6750),(#6751,
#6752),(#6753,#6754),(#6755,#6756),(#6757,#6758),(#6759,#6760),(#6761,#6762),
(#6763,#6764),(#6765,#6766),(#6767,#6768),(#6769,#6770),(#6771,#6772),(#6773,
#6774),(#6775,#6776),(#6777,#6778),(#6779,#6780),(#6781,#6782),(#6783,#6784)),
 .UNSPECIFIED.,.F.,.F.,.F.)
B_SPLINE_SURFACE_WITH_KNOTS((6,1,1,1,1,1,1,1,1,1,1,1,1,1,1,1,1,1,1,1,1,
1,1,1,1,1,1,1,1,1,1,1,1,1,1,1,1,1,1,1,1,1,1,1,1,1,1,1,1,1,1,1,1,1,1,1,1,
1,1,1,1,1,1,1,1,1,1,1,1,1,6),(2,2),(-1.,-0.985714285714284,-0.97142857142857,
-0.957142857142856,-0.942857142857141,-0.928571428571427,-0.914285714285713,
-0.899999999999999,-0.885714285714284,-0.87142857142857,-0.857142857142856,
-0.842857142857142,-0.828571428571428,-0.814285714285713,-0.799999999999999,
-0.785714285714285,-0.771428571428571,-0.757142857142856,-0.742857142857142,
-0.728571428571428,-0.714285714285714,-0.699999999999999,-0.685714285714285,
-0.671428571428571,-0.657142857142857,-0.642857142857142,-0.628571428571428,
-0.614285714285714,-0.6,-0.585714285714286,-0.571428571428571,-0.557142857142857,
-0.542857142857143,-0.528571428571429,-0.514285714285714,-0.5,-0.485714285714286,
-0.471428571428572,-0.457142857142857,-0.442857142857143,-0.428571428571429,
-0.414285714285714,-0.4,-0.385714285714286,-0.371428571428571,-0.357142857142857,
-0.342857142857143,-0.328571428571429,-0.314285714285714,-0.3,-0.285714285714286,
-0.271428571428571,-0.257142857142857,-0.242857142857143,-0.228571428571429,
-0.214285714285714,-0.2,-0.185714285714286,-0.171428571428571,-0.157142857142857,
-0.142857142857143,-0.128571428571429,-0.114285714285714,-0.1,-0.0857142857142857,
-0.0714285714285714,-0.0571428571428571,-0.0428571428571429,-0.0285714285714286,
-0.0142857142857143,0.),(0.,0.5),.UNSPECIFIED.)
GEOMETRIC_REPRESENTATION_ITEM()
RATIONAL_B_SPLINE_SURFACE(((1.,1.),(1.,1.),(1.,1.),(1.,1.),(1.,1.),(1.,
1.),(1.,1.),(1.,1.),(1.,1.),(1.,1.),(1.,1.),(1.,1.),(1.,1.),(1.,1.),(1.,
1.),(1.,1.),(1.,1.),(1.,1.),(1.,1.),(1.,1.),(1.,1.),(1.,1.),(1.,1.),(1.,
1.),(1.,1.),(1.,1.),(1.,1.),(1.,1.),(1.,1.),(1.,1.),(1.,1.),(1.,1.),(1.,
1.),(1.,1.),(1.,1.),(1.,1.),(1.,1.),(1.,1.),(1.,1.),(1.,1.),(1.,1.),(1.,
1.),(1.,1.),(1.,1.),(1.,1.),(1.,1.),(1.,1.),(1.,1.),(1.,1.),(1.,1.),(1.,
1.),(1.,1.),(1.,1.),(1.,1.),(1.,1.),(1.,1.),(1.,1.),(1.,1.),(1.,1.),(1.,
1.),(1.,1.),(1.,1.),(1.,1.),(1.,1.),(1.,1.),(1.,1.),(1.,1.),(1.,1.),(1.,
1.),(1.,1.),(1.,1.),(1.,1.),(1.,1.),(1.,1.),(1.,1.)))
REPRESENTATION_ITEM('')
SURFACE()
);
#63=(
BOUNDED_SURFACE()
B_SPLINE_SURFACE(5,1,((#6918,#6919),(#6920,#6921),(#6922,#6923),(#6924,
#6925),(#6926,#6927),(#6928,#6929),(#6930,#6931),(#6932,#6933),(#6934,#6935),
(#6936,#6937),(#6938,#6939),(#6940,#6941),(#6942,#6943),(#6944,#6945),(#6946,
#6947),(#6948,#6949),(#6950,#6951),(#6952,#6953),(#6954,#6955),(#6956,#6957),
(#6958,#6959),(#6960,#6961),(#6962,#6963),(#6964,#6965),(#6966,#6967),(#6968,
#6969),(#6970,#6971),(#6972,#6973),(#6974,#6975),(#6976,#6977),(#6978,#6979),
(#6980,#6981),(#6982,#6983),(#6984,#6985),(#6986,#6987),(#6988,#6989),(#6990,
#6991),(#6992,#6993),(#6994,#6995),(#6996,#6997),(#6998,#6999),(#7000,#7001),
(#7002,#7003),(#7004,#7005),(#7006,#7007),(#7008,#7009),(#7010,#7011),(#7012,
#7013),(#7014,#7015),(#7016,#7017),(#7018,#7019),(#7020,#7021),(#7022,#7023),
(#7024,#7025),(#7026,#7027),(#7028,#7029),(#7030,#7031),(#7032,#7033),(#7034,
#7035),(#7036,#7037),(#7038,#7039),(#7040,#7041),(#7042,#7043),(#7044,#7045),
(#7046,#7047),(#7048,#7049),(#7050,#7051),(#7052,#7053),(#7054,#7055),(#7056,
#7057),(#7058,#7059),(#7060,#7061),(#7062,#7063),(#7064,#7065),(#7066,#7067)),
 .UNSPECIFIED.,.F.,.F.,.F.)
B_SPLINE_SURFACE_WITH_KNOTS((6,1,1,1,1,1,1,1,1,1,1,1,1,1,1,1,1,1,1,1,1,
1,1,1,1,1,1,1,1,1,1,1,1,1,1,1,1,1,1,1,1,1,1,1,1,1,1,1,1,1,1,1,1,1,1,1,1,
1,1,1,1,1,1,1,1,1,1,1,1,1,6),(2,2),(0.,0.0142857142857143,0.0285714285714286,
0.0428571428571429,0.0571428571428571,0.0714285714285714,0.0857142857142857,
0.1,0.114285714285714,0.128571428571429,0.142857142857143,0.157142857142857,
0.171428571428571,0.185714285714286,0.2,0.214285714285714,0.228571428571429,
0.242857142857143,0.257142857142857,0.271428571428571,0.285714285714286,
0.3,0.314285714285714,0.328571428571429,0.342857142857143,0.357142857142857,
0.371428571428571,0.385714285714286,0.4,0.414285714285714,0.428571428571429,
0.442857142857143,0.457142857142857,0.471428571428572,0.485714285714286,
0.5,0.514285714285714,0.528571428571429,0.542857142857143,0.557142857142857,
0.571428571428571,0.585714285714286,0.6,0.614285714285714,0.628571428571428,
0.642857142857142,0.657142857142857,0.671428571428571,0.685714285714285,
0.699999999999999,0.714285714285714,0.728571428571428,0.742857142857142,
0.757142857142856,0.771428571428571,0.785714285714285,0.799999999999999,
0.814285714285713,0.828571428571428,0.842857142857142,0.857142857142856,
0.87142857142857,0.885714285714284,0.899999999999999,0.914285714285713,
0.928571428571427,0.942857142857141,0.957142857142856,0.97142857142857,
0.985714285714284,1.),(0.,0.5),.UNSPECIFIED.)
GEOMETRIC_REPRESENTATION_ITEM()
RATIONAL_B_SPLINE_SURFACE(((1.,1.),(1.,1.),(1.,1.),(1.,1.),(1.,1.),(1.,
1.),(1.,1.),(1.,1.),(1.,1.),(1.,1.),(1.,1.),(1.,1.),(1.,1.),(1.,1.),(1.,
1.),(1.,1.),(1.,1.),(1.,1.),(1.,1.),(1.,1.),(1.,1.),(1.,1.),(1.,1.),(1.,
1.),(1.,1.),(1.,1.),(1.,1.),(1.,1.),(1.,1.),(1.,1.),(1.,1.),(1.,1.),(1.,
1.),(1.,1.),(1.,1.),(1.,1.),(1.,1.),(1.,1.),(1.,1.),(1.,1.),(1.,1.),(1.,
1.),(1.,1.),(1.,1.),(1.,1.),(1.,1.),(1.,1.),(1.,1.),(1.,1.),(1.,1.),(1.,
1.),(1.,1.),(1.,1.),(1.,1.),(1.,1.),(1.,1.),(1.,1.),(1.,1.),(1.,1.),(1.,
1.),(1.,1.),(1.,1.),(1.,1.),(1.,1.),(1.,1.),(1.,1.),(1.,1.),(1.,1.),(1.,
1.),(1.,1.),(1.,1.),(1.,1.),(1.,1.),(1.,1.),(1.,1.)))
REPRESENTATION_ITEM('')
SURFACE()
);
#64=(
BOUNDED_SURFACE()
B_SPLINE_SURFACE(5,1,((#7192,#7193),(#7194,#7195),(#7196,#7197),(#7198,
#7199),(#7200,#7201),(#7202,#7203),(#7204,#7205),(#7206,#7207),(#7208,#7209),
(#7210,#7211),(#7212,#7213),(#7214,#7215),(#7216,#7217),(#7218,#7219),(#7220,
#7221),(#7222,#7223),(#7224,#7225),(#7226,#7227),(#7228,#7229),(#7230,#7231),
(#7232,#7233),(#7234,#7235),(#7236,#7237),(#7238,#7239),(#7240,#7241),(#7242,
#7243),(#7244,#7245),(#7246,#7247),(#7248,#7249),(#7250,#7251),(#7252,#7253),
(#7254,#7255),(#7256,#7257),(#7258,#7259),(#7260,#7261),(#7262,#7263),(#7264,
#7265),(#7266,#7267),(#7268,#7269),(#7270,#7271),(#7272,#7273),(#7274,#7275),
(#7276,#7277),(#7278,#7279),(#7280,#7281),(#7282,#7283),(#7284,#7285),(#7286,
#7287),(#7288,#7289),(#7290,#7291),(#7292,#7293),(#7294,#7295),(#7296,#7297),
(#7298,#7299),(#7300,#7301),(#7302,#7303),(#7304,#7305),(#7306,#7307),(#7308,
#7309),(#7310,#7311),(#7312,#7313),(#7314,#7315),(#7316,#7317),(#7318,#7319),
(#7320,#7321),(#7322,#7323),(#7324,#7325),(#7326,#7327),(#7328,#7329),(#7330,
#7331),(#7332,#7333),(#7334,#7335),(#7336,#7337),(#7338,#7339),(#7340,#7341)),
 .UNSPECIFIED.,.F.,.F.,.F.)
B_SPLINE_SURFACE_WITH_KNOTS((6,1,1,1,1,1,1,1,1,1,1,1,1,1,1,1,1,1,1,1,1,
1,1,1,1,1,1,1,1,1,1,1,1,1,1,1,1,1,1,1,1,1,1,1,1,1,1,1,1,1,1,1,1,1,1,1,1,
1,1,1,1,1,1,1,1,1,1,1,1,1,6),(2,2),(-1.,-0.985714285714284,-0.97142857142857,
-0.957142857142856,-0.942857142857141,-0.928571428571427,-0.914285714285713,
-0.899999999999999,-0.885714285714284,-0.87142857142857,-0.857142857142856,
-0.842857142857142,-0.828571428571428,-0.814285714285713,-0.799999999999999,
-0.785714285714285,-0.771428571428571,-0.757142857142856,-0.742857142857142,
-0.728571428571428,-0.714285714285714,-0.699999999999999,-0.685714285714285,
-0.671428571428571,-0.657142857142857,-0.642857142857142,-0.628571428571428,
-0.614285714285714,-0.6,-0.585714285714286,-0.571428571428571,-0.557142857142857,
-0.542857142857143,-0.528571428571429,-0.514285714285714,-0.5,-0.485714285714286,
-0.471428571428572,-0.457142857142857,-0.442857142857143,-0.428571428571429,
-0.414285714285714,-0.4,-0.385714285714286,-0.371428571428571,-0.357142857142857,
-0.342857142857143,-0.328571428571429,-0.314285714285714,-0.3,-0.285714285714286,
-0.271428571428571,-0.257142857142857,-0.242857142857143,-0.228571428571429,
-0.214285714285714,-0.2,-0.185714285714286,-0.171428571428571,-0.157142857142857,
-0.142857142857143,-0.128571428571429,-0.114285714285714,-0.1,-0.0857142857142857,
-0.0714285714285714,-0.0571428571428571,-0.0428571428571429,-0.0285714285714286,
-0.0142857142857143,0.),(0.,0.5),.UNSPECIFIED.)
GEOMETRIC_REPRESENTATION_ITEM()
RATIONAL_B_SPLINE_SURFACE(((1.,1.),(1.,1.),(1.,1.),(1.,1.),(1.,1.),(1.,
1.),(1.,1.),(1.,1.),(1.,1.),(1.,1.),(1.,1.),(1.,1.),(1.,1.),(1.,1.),(1.,
1.),(1.,1.),(1.,1.),(1.,1.),(1.,1.),(1.,1.),(1.,1.),(1.,1.),(1.,1.),(1.,
1.),(1.,1.),(1.,1.),(1.,1.),(1.,1.),(1.,1.),(1.,1.),(1.,1.),(1.,1.),(1.,
1.),(1.,1.),(1.,1.),(1.,1.),(1.,1.),(1.,1.),(1.,1.),(1.,1.),(1.,1.),(1.,
1.),(1.,1.),(1.,1.),(1.,1.),(1.,1.),(1.,1.),(1.,1.),(1.,1.),(1.,1.),(1.,
1.),(1.,1.),(1.,1.),(1.,1.),(1.,1.),(1.,1.),(1.,1.),(1.,1.),(1.,1.),(1.,
1.),(1.,1.),(1.,1.),(1.,1.),(1.,1.),(1.,1.),(1.,1.),(1.,1.),(1.,1.),(1.,
1.),(1.,1.),(1.,1.),(1.,1.),(1.,1.),(1.,1.),(1.,1.)))
REPRESENTATION_ITEM('')
SURFACE()
);
#65=(
BOUNDED_SURFACE()
B_SPLINE_SURFACE(5,1,((#7475,#7476),(#7477,#7478),(#7479,#7480),(#7481,
#7482),(#7483,#7484),(#7485,#7486),(#7487,#7488),(#7489,#7490),(#7491,#7492),
(#7493,#7494),(#7495,#7496),(#7497,#7498),(#7499,#7500),(#7501,#7502),(#7503,
#7504),(#7505,#7506),(#7507,#7508),(#7509,#7510),(#7511,#7512),(#7513,#7514),
(#7515,#7516),(#7517,#7518),(#7519,#7520),(#7521,#7522),(#7523,#7524),(#7525,
#7526),(#7527,#7528),(#7529,#7530),(#7531,#7532),(#7533,#7534),(#7535,#7536),
(#7537,#7538),(#7539,#7540),(#7541,#7542),(#7543,#7544),(#7545,#7546),(#7547,
#7548),(#7549,#7550),(#7551,#7552),(#7553,#7554),(#7555,#7556),(#7557,#7558),
(#7559,#7560),(#7561,#7562),(#7563,#7564),(#7565,#7566),(#7567,#7568),(#7569,
#7570),(#7571,#7572),(#7573,#7574),(#7575,#7576),(#7577,#7578),(#7579,#7580),
(#7581,#7582),(#7583,#7584),(#7585,#7586),(#7587,#7588),(#7589,#7590),(#7591,
#7592),(#7593,#7594),(#7595,#7596),(#7597,#7598),(#7599,#7600),(#7601,#7602),
(#7603,#7604),(#7605,#7606),(#7607,#7608),(#7609,#7610),(#7611,#7612),(#7613,
#7614),(#7615,#7616),(#7617,#7618),(#7619,#7620),(#7621,#7622),(#7623,#7624)),
 .UNSPECIFIED.,.F.,.F.,.F.)
B_SPLINE_SURFACE_WITH_KNOTS((6,1,1,1,1,1,1,1,1,1,1,1,1,1,1,1,1,1,1,1,1,
1,1,1,1,1,1,1,1,1,1,1,1,1,1,1,1,1,1,1,1,1,1,1,1,1,1,1,1,1,1,1,1,1,1,1,1,
1,1,1,1,1,1,1,1,1,1,1,1,1,6),(2,2),(0.,0.0142857142857143,0.0285714285714286,
0.0428571428571429,0.0571428571428571,0.0714285714285714,0.0857142857142857,
0.1,0.114285714285714,0.128571428571429,0.142857142857143,0.157142857142857,
0.171428571428571,0.185714285714286,0.2,0.214285714285714,0.228571428571429,
0.242857142857143,0.257142857142857,0.271428571428571,0.285714285714286,
0.3,0.314285714285714,0.328571428571429,0.342857142857143,0.357142857142857,
0.371428571428571,0.385714285714286,0.4,0.414285714285714,0.428571428571429,
0.442857142857143,0.457142857142857,0.471428571428572,0.485714285714286,
0.5,0.514285714285714,0.528571428571429,0.542857142857143,0.557142857142857,
0.571428571428571,0.585714285714286,0.6,0.614285714285714,0.628571428571428,
0.642857142857142,0.657142857142857,0.671428571428571,0.685714285714285,
0.699999999999999,0.714285714285714,0.728571428571428,0.742857142857142,
0.757142857142856,0.771428571428571,0.785714285714285,0.799999999999999,
0.814285714285713,0.828571428571428,0.842857142857142,0.857142857142856,
0.87142857142857,0.885714285714284,0.899999999999999,0.914285714285713,
0.928571428571427,0.942857142857141,0.957142857142856,0.97142857142857,
0.985714285714284,1.),(0.,0.5),.UNSPECIFIED.)
GEOMETRIC_REPRESENTATION_ITEM()
RATIONAL_B_SPLINE_SURFACE(((1.,1.),(1.,1.),(1.,1.),(1.,1.),(1.,1.),(1.,
1.),(1.,1.),(1.,1.),(1.,1.),(1.,1.),(1.,1.),(1.,1.),(1.,1.),(1.,1.),(1.,
1.),(1.,1.),(1.,1.),(1.,1.),(1.,1.),(1.,1.),(1.,1.),(1.,1.),(1.,1.),(1.,
1.),(1.,1.),(1.,1.),(1.,1.),(1.,1.),(1.,1.),(1.,1.),(1.,1.),(1.,1.),(1.,
1.),(1.,1.),(1.,1.),(1.,1.),(1.,1.),(1.,1.),(1.,1.),(1.,1.),(1.,1.),(1.,
1.),(1.,1.),(1.,1.),(1.,1.),(1.,1.),(1.,1.),(1.,1.),(1.,1.),(1.,1.),(1.,
1.),(1.,1.),(1.,1.),(1.,1.),(1.,1.),(1.,1.),(1.,1.),(1.,1.),(1.,1.),(1.,
1.),(1.,1.),(1.,1.),(1.,1.),(1.,1.),(1.,1.),(1.,1.),(1.,1.),(1.,1.),(1.,
1.),(1.,1.),(1.,1.),(1.,1.),(1.,1.),(1.,1.),(1.,1.)))
REPRESENTATION_ITEM('')
SURFACE()
);
#66=(
BOUNDED_SURFACE()
B_SPLINE_SURFACE(5,1,((#7749,#7750),(#7751,#7752),(#7753,#7754),(#7755,
#7756),(#7757,#7758),(#7759,#7760),(#7761,#7762),(#7763,#7764),(#7765,#7766),
(#7767,#7768),(#7769,#7770),(#7771,#7772),(#7773,#7774),(#7775,#7776),(#7777,
#7778),(#7779,#7780),(#7781,#7782),(#7783,#7784),(#7785,#7786),(#7787,#7788),
(#7789,#7790),(#7791,#7792),(#7793,#7794),(#7795,#7796),(#7797,#7798),(#7799,
#7800),(#7801,#7802),(#7803,#7804),(#7805,#7806),(#7807,#7808),(#7809,#7810),
(#7811,#7812),(#7813,#7814),(#7815,#7816),(#7817,#7818),(#7819,#7820),(#7821,
#7822),(#7823,#7824),(#7825,#7826),(#7827,#7828),(#7829,#7830),(#7831,#7832),
(#7833,#7834),(#7835,#7836),(#7837,#7838),(#7839,#7840),(#7841,#7842),(#7843,
#7844),(#7845,#7846),(#7847,#7848),(#7849,#7850),(#7851,#7852),(#7853,#7854),
(#7855,#7856),(#7857,#7858),(#7859,#7860),(#7861,#7862),(#7863,#7864),(#7865,
#7866),(#7867,#7868),(#7869,#7870),(#7871,#7872),(#7873,#7874),(#7875,#7876),
(#7877,#7878),(#7879,#7880),(#7881,#7882),(#7883,#7884),(#7885,#7886),(#7887,
#7888),(#7889,#7890),(#7891,#7892),(#7893,#7894),(#7895,#7896),(#7897,#7898)),
 .UNSPECIFIED.,.F.,.F.,.F.)
B_SPLINE_SURFACE_WITH_KNOTS((6,1,1,1,1,1,1,1,1,1,1,1,1,1,1,1,1,1,1,1,1,
1,1,1,1,1,1,1,1,1,1,1,1,1,1,1,1,1,1,1,1,1,1,1,1,1,1,1,1,1,1,1,1,1,1,1,1,
1,1,1,1,1,1,1,1,1,1,1,1,1,6),(2,2),(-1.,-0.985714285714284,-0.97142857142857,
-0.957142857142856,-0.942857142857141,-0.928571428571427,-0.914285714285713,
-0.899999999999999,-0.885714285714284,-0.87142857142857,-0.857142857142856,
-0.842857142857142,-0.828571428571428,-0.814285714285713,-0.799999999999999,
-0.785714285714285,-0.771428571428571,-0.757142857142856,-0.742857142857142,
-0.728571428571428,-0.714285714285714,-0.699999999999999,-0.685714285714285,
-0.671428571428571,-0.657142857142857,-0.642857142857142,-0.628571428571428,
-0.614285714285714,-0.6,-0.585714285714286,-0.571428571428571,-0.557142857142857,
-0.542857142857143,-0.528571428571429,-0.514285714285714,-0.5,-0.485714285714286,
-0.471428571428572,-0.457142857142857,-0.442857142857143,-0.428571428571429,
-0.414285714285714,-0.4,-0.385714285714286,-0.371428571428571,-0.357142857142857,
-0.342857142857143,-0.328571428571429,-0.314285714285714,-0.3,-0.285714285714286,
-0.271428571428571,-0.257142857142857,-0.242857142857143,-0.228571428571429,
-0.214285714285714,-0.2,-0.185714285714286,-0.171428571428571,-0.157142857142857,
-0.142857142857143,-0.128571428571429,-0.114285714285714,-0.1,-0.0857142857142857,
-0.0714285714285714,-0.0571428571428571,-0.0428571428571429,-0.0285714285714286,
-0.0142857142857143,0.),(0.,0.5),.UNSPECIFIED.)
GEOMETRIC_REPRESENTATION_ITEM()
RATIONAL_B_SPLINE_SURFACE(((1.,1.),(1.,1.),(1.,1.),(1.,1.),(1.,1.),(1.,
1.),(1.,1.),(1.,1.),(1.,1.),(1.,1.),(1.,1.),(1.,1.),(1.,1.),(1.,1.),(1.,
1.),(1.,1.),(1.,1.),(1.,1.),(1.,1.),(1.,1.),(1.,1.),(1.,1.),(1.,1.),(1.,
1.),(1.,1.),(1.,1.),(1.,1.),(1.,1.),(1.,1.),(1.,1.),(1.,1.),(1.,1.),(1.,
1.),(1.,1.),(1.,1.),(1.,1.),(1.,1.),(1.,1.),(1.,1.),(1.,1.),(1.,1.),(1.,
1.),(1.,1.),(1.,1.),(1.,1.),(1.,1.),(1.,1.),(1.,1.),(1.,1.),(1.,1.),(1.,
1.),(1.,1.),(1.,1.),(1.,1.),(1.,1.),(1.,1.),(1.,1.),(1.,1.),(1.,1.),(1.,
1.),(1.,1.),(1.,1.),(1.,1.),(1.,1.),(1.,1.),(1.,1.),(1.,1.),(1.,1.),(1.,
1.),(1.,1.),(1.,1.),(1.,1.),(1.,1.),(1.,1.),(1.,1.)))
REPRESENTATION_ITEM('')
SURFACE()
);
#67=(
BOUNDED_SURFACE()
B_SPLINE_SURFACE(5,1,((#8032,#8033),(#8034,#8035),(#8036,#8037),(#8038,
#8039),(#8040,#8041),(#8042,#8043),(#8044,#8045),(#8046,#8047),(#8048,#8049),
(#8050,#8051),(#8052,#8053),(#8054,#8055),(#8056,#8057),(#8058,#8059),(#8060,
#8061),(#8062,#8063),(#8064,#8065),(#8066,#8067),(#8068,#8069),(#8070,#8071),
(#8072,#8073),(#8074,#8075),(#8076,#8077),(#8078,#8079),(#8080,#8081),(#8082,
#8083),(#8084,#8085),(#8086,#8087),(#8088,#8089),(#8090,#8091),(#8092,#8093),
(#8094,#8095),(#8096,#8097),(#8098,#8099),(#8100,#8101),(#8102,#8103),(#8104,
#8105),(#8106,#8107),(#8108,#8109),(#8110,#8111),(#8112,#8113),(#8114,#8115),
(#8116,#8117),(#8118,#8119),(#8120,#8121),(#8122,#8123),(#8124,#8125),(#8126,
#8127),(#8128,#8129),(#8130,#8131),(#8132,#8133),(#8134,#8135),(#8136,#8137),
(#8138,#8139),(#8140,#8141),(#8142,#8143),(#8144,#8145),(#8146,#8147),(#8148,
#8149),(#8150,#8151),(#8152,#8153),(#8154,#8155),(#8156,#8157),(#8158,#8159),
(#8160,#8161),(#8162,#8163),(#8164,#8165),(#8166,#8167),(#8168,#8169),(#8170,
#8171),(#8172,#8173),(#8174,#8175),(#8176,#8177),(#8178,#8179),(#8180,#8181)),
 .UNSPECIFIED.,.F.,.F.,.F.)
B_SPLINE_SURFACE_WITH_KNOTS((6,1,1,1,1,1,1,1,1,1,1,1,1,1,1,1,1,1,1,1,1,
1,1,1,1,1,1,1,1,1,1,1,1,1,1,1,1,1,1,1,1,1,1,1,1,1,1,1,1,1,1,1,1,1,1,1,1,
1,1,1,1,1,1,1,1,1,1,1,1,1,6),(2,2),(0.,0.0142857142857143,0.0285714285714286,
0.0428571428571429,0.0571428571428571,0.0714285714285714,0.0857142857142857,
0.1,0.114285714285714,0.128571428571429,0.142857142857143,0.157142857142857,
0.171428571428571,0.185714285714286,0.2,0.214285714285714,0.228571428571429,
0.242857142857143,0.257142857142857,0.271428571428571,0.285714285714286,
0.3,0.314285714285714,0.328571428571429,0.342857142857143,0.357142857142857,
0.371428571428571,0.385714285714286,0.4,0.414285714285714,0.428571428571429,
0.442857142857143,0.457142857142857,0.471428571428572,0.485714285714286,
0.5,0.514285714285714,0.528571428571429,0.542857142857143,0.557142857142857,
0.571428571428571,0.585714285714286,0.6,0.614285714285714,0.628571428571428,
0.642857142857142,0.657142857142857,0.671428571428571,0.685714285714285,
0.699999999999999,0.714285714285714,0.728571428571428,0.742857142857142,
0.757142857142856,0.771428571428571,0.785714285714285,0.799999999999999,
0.814285714285713,0.828571428571428,0.842857142857142,0.857142857142856,
0.87142857142857,0.885714285714284,0.899999999999999,0.914285714285713,
0.928571428571427,0.942857142857141,0.957142857142856,0.97142857142857,
0.985714285714284,1.),(0.,0.5),.UNSPECIFIED.)
GEOMETRIC_REPRESENTATION_ITEM()
RATIONAL_B_SPLINE_SURFACE(((1.,1.),(1.,1.),(1.,1.),(1.,1.),(1.,1.),(1.,
1.),(1.,1.),(1.,1.),(1.,1.),(1.,1.),(1.,1.),(1.,1.),(1.,1.),(1.,1.),(1.,
1.),(1.,1.),(1.,1.),(1.,1.),(1.,1.),(1.,1.),(1.,1.),(1.,1.),(1.,1.),(1.,
1.),(1.,1.),(1.,1.),(1.,1.),(1.,1.),(1.,1.),(1.,1.),(1.,1.),(1.,1.),(1.,
1.),(1.,1.),(1.,1.),(1.,1.),(1.,1.),(1.,1.),(1.,1.),(1.,1.),(1.,1.),(1.,
1.),(1.,1.),(1.,1.),(1.,1.),(1.,1.),(1.,1.),(1.,1.),(1.,1.),(1.,1.),(1.,
1.),(1.,1.),(1.,1.),(1.,1.),(1.,1.),(1.,1.),(1.,1.),(1.,1.),(1.,1.),(1.,
1.),(1.,1.),(1.,1.),(1.,1.),(1.,1.),(1.,1.),(1.,1.),(1.,1.),(1.,1.),(1.,
1.),(1.,1.),(1.,1.),(1.,1.),(1.,1.),(1.,1.),(1.,1.)))
REPRESENTATION_ITEM('')
SURFACE()
);
#68=(
BOUNDED_SURFACE()
B_SPLINE_SURFACE(5,1,((#8306,#8307),(#8308,#8309),(#8310,#8311),(#8312,
#8313),(#8314,#8315),(#8316,#8317),(#8318,#8319),(#8320,#8321),(#8322,#8323),
(#8324,#8325),(#8326,#8327),(#8328,#8329),(#8330,#8331),(#8332,#8333),(#8334,
#8335),(#8336,#8337),(#8338,#8339),(#8340,#8341),(#8342,#8343),(#8344,#8345),
(#8346,#8347),(#8348,#8349),(#8350,#8351),(#8352,#8353),(#8354,#8355),(#8356,
#8357),(#8358,#8359),(#8360,#8361),(#8362,#8363),(#8364,#8365),(#8366,#8367),
(#8368,#8369),(#8370,#8371),(#8372,#8373),(#8374,#8375),(#8376,#8377),(#8378,
#8379),(#8380,#8381),(#8382,#8383),(#8384,#8385),(#8386,#8387),(#8388,#8389),
(#8390,#8391),(#8392,#8393),(#8394,#8395),(#8396,#8397),(#8398,#8399),(#8400,
#8401),(#8402,#8403),(#8404,#8405),(#8406,#8407),(#8408,#8409),(#8410,#8411),
(#8412,#8413),(#8414,#8415),(#8416,#8417),(#8418,#8419),(#8420,#8421),(#8422,
#8423),(#8424,#8425),(#8426,#8427),(#8428,#8429),(#8430,#8431),(#8432,#8433),
(#8434,#8435),(#8436,#8437),(#8438,#8439),(#8440,#8441),(#8442,#8443),(#8444,
#8445),(#8446,#8447),(#8448,#8449),(#8450,#8451),(#8452,#8453),(#8454,#8455)),
 .UNSPECIFIED.,.F.,.F.,.F.)
B_SPLINE_SURFACE_WITH_KNOTS((6,1,1,1,1,1,1,1,1,1,1,1,1,1,1,1,1,1,1,1,1,
1,1,1,1,1,1,1,1,1,1,1,1,1,1,1,1,1,1,1,1,1,1,1,1,1,1,1,1,1,1,1,1,1,1,1,1,
1,1,1,1,1,1,1,1,1,1,1,1,1,6),(2,2),(-1.,-0.985714285714284,-0.97142857142857,
-0.957142857142856,-0.942857142857141,-0.928571428571427,-0.914285714285713,
-0.899999999999999,-0.885714285714284,-0.87142857142857,-0.857142857142856,
-0.842857142857142,-0.828571428571428,-0.814285714285713,-0.799999999999999,
-0.785714285714285,-0.771428571428571,-0.757142857142856,-0.742857142857142,
-0.728571428571428,-0.714285714285714,-0.699999999999999,-0.685714285714285,
-0.671428571428571,-0.657142857142857,-0.642857142857142,-0.628571428571428,
-0.614285714285714,-0.6,-0.585714285714286,-0.571428571428571,-0.557142857142857,
-0.542857142857143,-0.528571428571429,-0.514285714285714,-0.5,-0.485714285714286,
-0.471428571428572,-0.457142857142857,-0.442857142857143,-0.428571428571429,
-0.414285714285714,-0.4,-0.385714285714286,-0.371428571428571,-0.357142857142857,
-0.342857142857143,-0.328571428571429,-0.314285714285714,-0.3,-0.285714285714286,
-0.271428571428571,-0.257142857142857,-0.242857142857143,-0.228571428571429,
-0.214285714285714,-0.2,-0.185714285714286,-0.171428571428571,-0.157142857142857,
-0.142857142857143,-0.128571428571429,-0.114285714285714,-0.1,-0.0857142857142857,
-0.0714285714285714,-0.0571428571428571,-0.0428571428571429,-0.0285714285714286,
-0.0142857142857143,0.),(0.,0.5),.UNSPECIFIED.)
GEOMETRIC_REPRESENTATION_ITEM()
RATIONAL_B_SPLINE_SURFACE(((1.,1.),(1.,1.),(1.,1.),(1.,1.),(1.,1.),(1.,
1.),(1.,1.),(1.,1.),(1.,1.),(1.,1.),(1.,1.),(1.,1.),(1.,1.),(1.,1.),(1.,
1.),(1.,1.),(1.,1.),(1.,1.),(1.,1.),(1.,1.),(1.,1.),(1.,1.),(1.,1.),(1.,
1.),(1.,1.),(1.,1.),(1.,1.),(1.,1.),(1.,1.),(1.,1.),(1.,1.),(1.,1.),(1.,
1.),(1.,1.),(1.,1.),(1.,1.),(1.,1.),(1.,1.),(1.,1.),(1.,1.),(1.,1.),(1.,
1.),(1.,1.),(1.,1.),(1.,1.),(1.,1.),(1.,1.),(1.,1.),(1.,1.),(1.,1.),(1.,
1.),(1.,1.),(1.,1.),(1.,1.),(1.,1.),(1.,1.),(1.,1.),(1.,1.),(1.,1.),(1.,
1.),(1.,1.),(1.,1.),(1.,1.),(1.,1.),(1.,1.),(1.,1.),(1.,1.),(1.,1.),(1.,
1.),(1.,1.),(1.,1.),(1.,1.),(1.,1.),(1.,1.),(1.,1.)))
REPRESENTATION_ITEM('')
SURFACE()
);
#69=(
BOUNDED_SURFACE()
B_SPLINE_SURFACE(5,1,((#8589,#8590),(#8591,#8592),(#8593,#8594),(#8595,
#8596),(#8597,#8598),(#8599,#8600),(#8601,#8602),(#8603,#8604),(#8605,#8606),
(#8607,#8608),(#8609,#8610),(#8611,#8612),(#8613,#8614),(#8615,#8616),(#8617,
#8618),(#8619,#8620),(#8621,#8622),(#8623,#8624),(#8625,#8626),(#8627,#8628),
(#8629,#8630),(#8631,#8632),(#8633,#8634),(#8635,#8636),(#8637,#8638),(#8639,
#8640),(#8641,#8642),(#8643,#8644),(#8645,#8646),(#8647,#8648),(#8649,#8650),
(#8651,#8652),(#8653,#8654),(#8655,#8656),(#8657,#8658),(#8659,#8660),(#8661,
#8662),(#8663,#8664),(#8665,#8666),(#8667,#8668),(#8669,#8670),(#8671,#8672),
(#8673,#8674),(#8675,#8676),(#8677,#8678),(#8679,#8680),(#8681,#8682),(#8683,
#8684),(#8685,#8686),(#8687,#8688),(#8689,#8690),(#8691,#8692),(#8693,#8694),
(#8695,#8696),(#8697,#8698),(#8699,#8700),(#8701,#8702),(#8703,#8704),(#8705,
#8706),(#8707,#8708),(#8709,#8710),(#8711,#8712),(#8713,#8714),(#8715,#8716),
(#8717,#8718),(#8719,#8720),(#8721,#8722),(#8723,#8724),(#8725,#8726),(#8727,
#8728),(#8729,#8730),(#8731,#8732),(#8733,#8734),(#8735,#8736),(#8737,#8738)),
 .UNSPECIFIED.,.F.,.F.,.F.)
B_SPLINE_SURFACE_WITH_KNOTS((6,1,1,1,1,1,1,1,1,1,1,1,1,1,1,1,1,1,1,1,1,
1,1,1,1,1,1,1,1,1,1,1,1,1,1,1,1,1,1,1,1,1,1,1,1,1,1,1,1,1,1,1,1,1,1,1,1,
1,1,1,1,1,1,1,1,1,1,1,1,1,6),(2,2),(0.,0.0142857142857143,0.0285714285714286,
0.0428571428571429,0.0571428571428571,0.0714285714285714,0.0857142857142857,
0.1,0.114285714285714,0.128571428571429,0.142857142857143,0.157142857142857,
0.171428571428571,0.185714285714286,0.2,0.214285714285714,0.228571428571429,
0.242857142857143,0.257142857142857,0.271428571428571,0.285714285714286,
0.3,0.314285714285714,0.328571428571429,0.342857142857143,0.357142857142857,
0.371428571428571,0.385714285714286,0.4,0.414285714285714,0.428571428571429,
0.442857142857143,0.457142857142857,0.471428571428572,0.485714285714286,
0.5,0.514285714285714,0.528571428571429,0.542857142857143,0.557142857142857,
0.571428571428571,0.585714285714286,0.6,0.614285714285714,0.628571428571428,
0.642857142857142,0.657142857142857,0.671428571428571,0.685714285714285,
0.699999999999999,0.714285714285714,0.728571428571428,0.742857142857142,
0.757142857142856,0.771428571428571,0.785714285714285,0.799999999999999,
0.814285714285713,0.828571428571428,0.842857142857142,0.857142857142856,
0.87142857142857,0.885714285714284,0.899999999999999,0.914285714285713,
0.928571428571427,0.942857142857141,0.957142857142856,0.97142857142857,
0.985714285714284,1.),(0.,0.5),.UNSPECIFIED.)
GEOMETRIC_REPRESENTATION_ITEM()
RATIONAL_B_SPLINE_SURFACE(((1.,1.),(1.,1.),(1.,1.),(1.,1.),(1.,1.),(1.,
1.),(1.,1.),(1.,1.),(1.,1.),(1.,1.),(1.,1.),(1.,1.),(1.,1.),(1.,1.),(1.,
1.),(1.,1.),(1.,1.),(1.,1.),(1.,1.),(1.,1.),(1.,1.),(1.,1.),(1.,1.),(1.,
1.),(1.,1.),(1.,1.),(1.,1.),(1.,1.),(1.,1.),(1.,1.),(1.,1.),(1.,1.),(1.,
1.),(1.,1.),(1.,1.),(1.,1.),(1.,1.),(1.,1.),(1.,1.),(1.,1.),(1.,1.),(1.,
1.),(1.,1.),(1.,1.),(1.,1.),(1.,1.),(1.,1.),(1.,1.),(1.,1.),(1.,1.),(1.,
1.),(1.,1.),(1.,1.),(1.,1.),(1.,1.),(1.,1.),(1.,1.),(1.,1.),(1.,1.),(1.,
1.),(1.,1.),(1.,1.),(1.,1.),(1.,1.),(1.,1.),(1.,1.),(1.,1.),(1.,1.),(1.,
1.),(1.,1.),(1.,1.),(1.,1.),(1.,1.),(1.,1.),(1.,1.)))
REPRESENTATION_ITEM('')
SURFACE()
);
#70=(
BOUNDED_SURFACE()
B_SPLINE_SURFACE(5,1,((#8863,#8864),(#8865,#8866),(#8867,#8868),(#8869,
#8870),(#8871,#8872),(#8873,#8874),(#8875,#8876),(#8877,#8878),(#8879,#8880),
(#8881,#8882),(#8883,#8884),(#8885,#8886),(#8887,#8888),(#8889,#8890),(#8891,
#8892),(#8893,#8894),(#8895,#8896),(#8897,#8898),(#8899,#8900),(#8901,#8902),
(#8903,#8904),(#8905,#8906),(#8907,#8908),(#8909,#8910),(#8911,#8912),(#8913,
#8914),(#8915,#8916),(#8917,#8918),(#8919,#8920),(#8921,#8922),(#8923,#8924),
(#8925,#8926),(#8927,#8928),(#8929,#8930),(#8931,#8932),(#8933,#8934),(#8935,
#8936),(#8937,#8938),(#8939,#8940),(#8941,#8942),(#8943,#8944),(#8945,#8946),
(#8947,#8948),(#8949,#8950),(#8951,#8952),(#8953,#8954),(#8955,#8956),(#8957,
#8958),(#8959,#8960),(#8961,#8962),(#8963,#8964),(#8965,#8966),(#8967,#8968),
(#8969,#8970),(#8971,#8972),(#8973,#8974),(#8975,#8976),(#8977,#8978),(#8979,
#8980),(#8981,#8982),(#8983,#8984),(#8985,#8986),(#8987,#8988),(#8989,#8990),
(#8991,#8992),(#8993,#8994),(#8995,#8996),(#8997,#8998),(#8999,#9000),(#9001,
#9002),(#9003,#9004),(#9005,#9006),(#9007,#9008),(#9009,#9010),(#9011,#9012)),
 .UNSPECIFIED.,.F.,.F.,.F.)
B_SPLINE_SURFACE_WITH_KNOTS((6,1,1,1,1,1,1,1,1,1,1,1,1,1,1,1,1,1,1,1,1,
1,1,1,1,1,1,1,1,1,1,1,1,1,1,1,1,1,1,1,1,1,1,1,1,1,1,1,1,1,1,1,1,1,1,1,1,
1,1,1,1,1,1,1,1,1,1,1,1,1,6),(2,2),(-1.,-0.985714285714284,-0.97142857142857,
-0.957142857142856,-0.942857142857141,-0.928571428571427,-0.914285714285713,
-0.899999999999999,-0.885714285714284,-0.87142857142857,-0.857142857142856,
-0.842857142857142,-0.828571428571428,-0.814285714285713,-0.799999999999999,
-0.785714285714285,-0.771428571428571,-0.757142857142856,-0.742857142857142,
-0.728571428571428,-0.714285714285714,-0.699999999999999,-0.685714285714285,
-0.671428571428571,-0.657142857142857,-0.642857142857142,-0.628571428571428,
-0.614285714285714,-0.6,-0.585714285714286,-0.571428571428571,-0.557142857142857,
-0.542857142857143,-0.528571428571429,-0.514285714285714,-0.5,-0.485714285714286,
-0.471428571428572,-0.457142857142857,-0.442857142857143,-0.428571428571429,
-0.414285714285714,-0.4,-0.385714285714286,-0.371428571428571,-0.357142857142857,
-0.342857142857143,-0.328571428571429,-0.314285714285714,-0.3,-0.285714285714286,
-0.271428571428571,-0.257142857142857,-0.242857142857143,-0.228571428571429,
-0.214285714285714,-0.2,-0.185714285714286,-0.171428571428571,-0.157142857142857,
-0.142857142857143,-0.128571428571429,-0.114285714285714,-0.1,-0.0857142857142857,
-0.0714285714285714,-0.0571428571428571,-0.0428571428571429,-0.0285714285714286,
-0.0142857142857143,0.),(0.,0.5),.UNSPECIFIED.)
GEOMETRIC_REPRESENTATION_ITEM()
RATIONAL_B_SPLINE_SURFACE(((1.,1.),(1.,1.),(1.,1.),(1.,1.),(1.,1.),(1.,
1.),(1.,1.),(1.,1.),(1.,1.),(1.,1.),(1.,1.),(1.,1.),(1.,1.),(1.,1.),(1.,
1.),(1.,1.),(1.,1.),(1.,1.),(1.,1.),(1.,1.),(1.,1.),(1.,1.),(1.,1.),(1.,
1.),(1.,1.),(1.,1.),(1.,1.),(1.,1.),(1.,1.),(1.,1.),(1.,1.),(1.,1.),(1.,
1.),(1.,1.),(1.,1.),(1.,1.),(1.,1.),(1.,1.),(1.,1.),(1.,1.),(1.,1.),(1.,
1.),(1.,1.),(1.,1.),(1.,1.),(1.,1.),(1.,1.),(1.,1.),(1.,1.),(1.,1.),(1.,
1.),(1.,1.),(1.,1.),(1.,1.),(1.,1.),(1.,1.),(1.,1.),(1.,1.),(1.,1.),(1.,
1.),(1.,1.),(1.,1.),(1.,1.),(1.,1.),(1.,1.),(1.,1.),(1.,1.),(1.,1.),(1.,
1.),(1.,1.),(1.,1.),(1.,1.),(1.,1.),(1.,1.),(1.,1.)))
REPRESENTATION_ITEM('')
SURFACE()
);
#71=(
BOUNDED_SURFACE()
B_SPLINE_SURFACE(5,1,((#9146,#9147),(#9148,#9149),(#9150,#9151),(#9152,
#9153),(#9154,#9155),(#9156,#9157),(#9158,#9159),(#9160,#9161),(#9162,#9163),
(#9164,#9165),(#9166,#9167),(#9168,#9169),(#9170,#9171),(#9172,#9173),(#9174,
#9175),(#9176,#9177),(#9178,#9179),(#9180,#9181),(#9182,#9183),(#9184,#9185),
(#9186,#9187),(#9188,#9189),(#9190,#9191),(#9192,#9193),(#9194,#9195),(#9196,
#9197),(#9198,#9199),(#9200,#9201),(#9202,#9203),(#9204,#9205),(#9206,#9207),
(#9208,#9209),(#9210,#9211),(#9212,#9213),(#9214,#9215),(#9216,#9217),(#9218,
#9219),(#9220,#9221),(#9222,#9223),(#9224,#9225),(#9226,#9227),(#9228,#9229),
(#9230,#9231),(#9232,#9233),(#9234,#9235),(#9236,#9237),(#9238,#9239),(#9240,
#9241),(#9242,#9243),(#9244,#9245),(#9246,#9247),(#9248,#9249),(#9250,#9251),
(#9252,#9253),(#9254,#9255),(#9256,#9257),(#9258,#9259),(#9260,#9261),(#9262,
#9263),(#9264,#9265),(#9266,#9267),(#9268,#9269),(#9270,#9271),(#9272,#9273),
(#9274,#9275),(#9276,#9277),(#9278,#9279),(#9280,#9281),(#9282,#9283),(#9284,
#9285),(#9286,#9287),(#9288,#9289),(#9290,#9291),(#9292,#9293),(#9294,#9295)),
 .UNSPECIFIED.,.F.,.F.,.F.)
B_SPLINE_SURFACE_WITH_KNOTS((6,1,1,1,1,1,1,1,1,1,1,1,1,1,1,1,1,1,1,1,1,
1,1,1,1,1,1,1,1,1,1,1,1,1,1,1,1,1,1,1,1,1,1,1,1,1,1,1,1,1,1,1,1,1,1,1,1,
1,1,1,1,1,1,1,1,1,1,1,1,1,6),(2,2),(0.,0.0142857142857143,0.0285714285714286,
0.0428571428571429,0.0571428571428571,0.0714285714285714,0.0857142857142857,
0.1,0.114285714285714,0.128571428571429,0.142857142857143,0.157142857142857,
0.171428571428571,0.185714285714286,0.2,0.214285714285714,0.228571428571429,
0.242857142857143,0.257142857142857,0.271428571428571,0.285714285714286,
0.3,0.314285714285714,0.328571428571429,0.342857142857143,0.357142857142857,
0.371428571428571,0.385714285714286,0.4,0.414285714285714,0.428571428571429,
0.442857142857143,0.457142857142857,0.471428571428572,0.485714285714286,
0.5,0.514285714285714,0.528571428571429,0.542857142857143,0.557142857142857,
0.571428571428571,0.585714285714286,0.6,0.614285714285714,0.628571428571428,
0.642857142857142,0.657142857142857,0.671428571428571,0.685714285714285,
0.699999999999999,0.714285714285714,0.728571428571428,0.742857142857142,
0.757142857142856,0.771428571428571,0.785714285714285,0.799999999999999,
0.814285714285713,0.828571428571428,0.842857142857142,0.857142857142856,
0.87142857142857,0.885714285714284,0.899999999999999,0.914285714285713,
0.928571428571427,0.942857142857141,0.957142857142856,0.97142857142857,
0.985714285714284,1.),(0.,0.5),.UNSPECIFIED.)
GEOMETRIC_REPRESENTATION_ITEM()
RATIONAL_B_SPLINE_SURFACE(((1.,1.),(1.,1.),(1.,1.),(1.,1.),(1.,1.),(1.,
1.),(1.,1.),(1.,1.),(1.,1.),(1.,1.),(1.,1.),(1.,1.),(1.,1.),(1.,1.),(1.,
1.),(1.,1.),(1.,1.),(1.,1.),(1.,1.),(1.,1.),(1.,1.),(1.,1.),(1.,1.),(1.,
1.),(1.,1.),(1.,1.),(1.,1.),(1.,1.),(1.,1.),(1.,1.),(1.,1.),(1.,1.),(1.,
1.),(1.,1.),(1.,1.),(1.,1.),(1.,1.),(1.,1.),(1.,1.),(1.,1.),(1.,1.),(1.,
1.),(1.,1.),(1.,1.),(1.,1.),(1.,1.),(1.,1.),(1.,1.),(1.,1.),(1.,1.),(1.,
1.),(1.,1.),(1.,1.),(1.,1.),(1.,1.),(1.,1.),(1.,1.),(1.,1.),(1.,1.),(1.,
1.),(1.,1.),(1.,1.),(1.,1.),(1.,1.),(1.,1.),(1.,1.),(1.,1.),(1.,1.),(1.,
1.),(1.,1.),(1.,1.),(1.,1.),(1.,1.),(1.,1.),(1.,1.)))
REPRESENTATION_ITEM('')
SURFACE()
);
#72=(
BOUNDED_SURFACE()
B_SPLINE_SURFACE(5,1,((#9420,#9421),(#9422,#9423),(#9424,#9425),(#9426,
#9427),(#9428,#9429),(#9430,#9431),(#9432,#9433),(#9434,#9435),(#9436,#9437),
(#9438,#9439),(#9440,#9441),(#9442,#9443),(#9444,#9445),(#9446,#9447),(#9448,
#9449),(#9450,#9451),(#9452,#9453),(#9454,#9455),(#9456,#9457),(#9458,#9459),
(#9460,#9461),(#9462,#9463),(#9464,#9465),(#9466,#9467),(#9468,#9469),(#9470,
#9471),(#9472,#9473),(#9474,#9475),(#9476,#9477),(#9478,#9479),(#9480,#9481),
(#9482,#9483),(#9484,#9485),(#9486,#9487),(#9488,#9489),(#9490,#9491),(#9492,
#9493),(#9494,#9495),(#9496,#9497),(#9498,#9499),(#9500,#9501),(#9502,#9503),
(#9504,#9505),(#9506,#9507),(#9508,#9509),(#9510,#9511),(#9512,#9513),(#9514,
#9515),(#9516,#9517),(#9518,#9519),(#9520,#9521),(#9522,#9523),(#9524,#9525),
(#9526,#9527),(#9528,#9529),(#9530,#9531),(#9532,#9533),(#9534,#9535),(#9536,
#9537),(#9538,#9539),(#9540,#9541),(#9542,#9543),(#9544,#9545),(#9546,#9547),
(#9548,#9549),(#9550,#9551),(#9552,#9553),(#9554,#9555),(#9556,#9557),(#9558,
#9559),(#9560,#9561),(#9562,#9563),(#9564,#9565),(#9566,#9567),(#9568,#9569)),
 .UNSPECIFIED.,.F.,.F.,.F.)
B_SPLINE_SURFACE_WITH_KNOTS((6,1,1,1,1,1,1,1,1,1,1,1,1,1,1,1,1,1,1,1,1,
1,1,1,1,1,1,1,1,1,1,1,1,1,1,1,1,1,1,1,1,1,1,1,1,1,1,1,1,1,1,1,1,1,1,1,1,
1,1,1,1,1,1,1,1,1,1,1,1,1,6),(2,2),(-1.,-0.985714285714284,-0.97142857142857,
-0.957142857142856,-0.942857142857141,-0.928571428571427,-0.914285714285713,
-0.899999999999999,-0.885714285714284,-0.87142857142857,-0.857142857142856,
-0.842857142857142,-0.828571428571428,-0.814285714285713,-0.799999999999999,
-0.785714285714285,-0.771428571428571,-0.757142857142856,-0.742857142857142,
-0.728571428571428,-0.714285714285714,-0.699999999999999,-0.685714285714285,
-0.671428571428571,-0.657142857142857,-0.642857142857142,-0.628571428571428,
-0.614285714285714,-0.6,-0.585714285714286,-0.571428571428571,-0.557142857142857,
-0.542857142857143,-0.528571428571429,-0.514285714285714,-0.5,-0.485714285714286,
-0.471428571428572,-0.457142857142857,-0.442857142857143,-0.428571428571429,
-0.414285714285714,-0.4,-0.385714285714286,-0.371428571428571,-0.357142857142857,
-0.342857142857143,-0.328571428571429,-0.314285714285714,-0.3,-0.285714285714286,
-0.271428571428571,-0.257142857142857,-0.242857142857143,-0.228571428571429,
-0.214285714285714,-0.2,-0.185714285714286,-0.171428571428571,-0.157142857142857,
-0.142857142857143,-0.128571428571429,-0.114285714285714,-0.1,-0.0857142857142857,
-0.0714285714285714,-0.0571428571428571,-0.0428571428571429,-0.0285714285714286,
-0.0142857142857143,0.),(0.,0.5),.UNSPECIFIED.)
GEOMETRIC_REPRESENTATION_ITEM()
RATIONAL_B_SPLINE_SURFACE(((1.,1.),(1.,1.),(1.,1.),(1.,1.),(1.,1.),(1.,
1.),(1.,1.),(1.,1.),(1.,1.),(1.,1.),(1.,1.),(1.,1.),(1.,1.),(1.,1.),(1.,
1.),(1.,1.),(1.,1.),(1.,1.),(1.,1.),(1.,1.),(1.,1.),(1.,1.),(1.,1.),(1.,
1.),(1.,1.),(1.,1.),(1.,1.),(1.,1.),(1.,1.),(1.,1.),(1.,1.),(1.,1.),(1.,
1.),(1.,1.),(1.,1.),(1.,1.),(1.,1.),(1.,1.),(1.,1.),(1.,1.),(1.,1.),(1.,
1.),(1.,1.),(1.,1.),(1.,1.),(1.,1.),(1.,1.),(1.,1.),(1.,1.),(1.,1.),(1.,
1.),(1.,1.),(1.,1.),(1.,1.),(1.,1.),(1.,1.),(1.,1.),(1.,1.),(1.,1.),(1.,
1.),(1.,1.),(1.,1.),(1.,1.),(1.,1.),(1.,1.),(1.,1.),(1.,1.),(1.,1.),(1.,
1.),(1.,1.),(1.,1.),(1.,1.),(1.,1.),(1.,1.),(1.,1.)))
REPRESENTATION_ITEM('')
SURFACE()
);
#73=(
BOUNDED_SURFACE()
B_SPLINE_SURFACE(5,1,((#9703,#9704),(#9705,#9706),(#9707,#9708),(#9709,
#9710),(#9711,#9712),(#9713,#9714),(#9715,#9716),(#9717,#9718),(#9719,#9720),
(#9721,#9722),(#9723,#9724),(#9725,#9726),(#9727,#9728),(#9729,#9730),(#9731,
#9732),(#9733,#9734),(#9735,#9736),(#9737,#9738),(#9739,#9740),(#9741,#9742),
(#9743,#9744),(#9745,#9746),(#9747,#9748),(#9749,#9750),(#9751,#9752),(#9753,
#9754),(#9755,#9756),(#9757,#9758),(#9759,#9760),(#9761,#9762),(#9763,#9764),
(#9765,#9766),(#9767,#9768),(#9769,#9770),(#9771,#9772),(#9773,#9774),(#9775,
#9776),(#9777,#9778),(#9779,#9780),(#9781,#9782),(#9783,#9784),(#9785,#9786),
(#9787,#9788),(#9789,#9790),(#9791,#9792),(#9793,#9794),(#9795,#9796),(#9797,
#9798),(#9799,#9800),(#9801,#9802),(#9803,#9804),(#9805,#9806),(#9807,#9808),
(#9809,#9810),(#9811,#9812),(#9813,#9814),(#9815,#9816),(#9817,#9818),(#9819,
#9820),(#9821,#9822),(#9823,#9824),(#9825,#9826),(#9827,#9828),(#9829,#9830),
(#9831,#9832),(#9833,#9834),(#9835,#9836),(#9837,#9838),(#9839,#9840),(#9841,
#9842),(#9843,#9844),(#9845,#9846),(#9847,#9848),(#9849,#9850),(#9851,#9852)),
 .UNSPECIFIED.,.F.,.F.,.F.)
B_SPLINE_SURFACE_WITH_KNOTS((6,1,1,1,1,1,1,1,1,1,1,1,1,1,1,1,1,1,1,1,1,
1,1,1,1,1,1,1,1,1,1,1,1,1,1,1,1,1,1,1,1,1,1,1,1,1,1,1,1,1,1,1,1,1,1,1,1,
1,1,1,1,1,1,1,1,1,1,1,1,1,6),(2,2),(0.,0.0142857142857143,0.0285714285714286,
0.0428571428571429,0.0571428571428571,0.0714285714285714,0.0857142857142857,
0.1,0.114285714285714,0.128571428571429,0.142857142857143,0.157142857142857,
0.171428571428571,0.185714285714286,0.2,0.214285714285714,0.228571428571429,
0.242857142857143,0.257142857142857,0.271428571428571,0.285714285714286,
0.3,0.314285714285714,0.328571428571429,0.342857142857143,0.357142857142857,
0.371428571428571,0.385714285714286,0.4,0.414285714285714,0.428571428571429,
0.442857142857143,0.457142857142857,0.471428571428572,0.485714285714286,
0.5,0.514285714285714,0.528571428571429,0.542857142857143,0.557142857142857,
0.571428571428571,0.585714285714286,0.6,0.614285714285714,0.628571428571428,
0.642857142857142,0.657142857142857,0.671428571428571,0.685714285714285,
0.699999999999999,0.714285714285714,0.728571428571428,0.742857142857142,
0.757142857142856,0.771428571428571,0.785714285714285,0.799999999999999,
0.814285714285713,0.828571428571428,0.842857142857142,0.857142857142856,
0.87142857142857,0.885714285714284,0.899999999999999,0.914285714285713,
0.928571428571427,0.942857142857141,0.957142857142856,0.97142857142857,
0.985714285714284,1.),(0.,0.5),.UNSPECIFIED.)
GEOMETRIC_REPRESENTATION_ITEM()
RATIONAL_B_SPLINE_SURFACE(((1.,1.),(1.,1.),(1.,1.),(1.,1.),(1.,1.),(1.,
1.),(1.,1.),(1.,1.),(1.,1.),(1.,1.),(1.,1.),(1.,1.),(1.,1.),(1.,1.),(1.,
1.),(1.,1.),(1.,1.),(1.,1.),(1.,1.),(1.,1.),(1.,1.),(1.,1.),(1.,1.),(1.,
1.),(1.,1.),(1.,1.),(1.,1.),(1.,1.),(1.,1.),(1.,1.),(1.,1.),(1.,1.),(1.,
1.),(1.,1.),(1.,1.),(1.,1.),(1.,1.),(1.,1.),(1.,1.),(1.,1.),(1.,1.),(1.,
1.),(1.,1.),(1.,1.),(1.,1.),(1.,1.),(1.,1.),(1.,1.),(1.,1.),(1.,1.),(1.,
1.),(1.,1.),(1.,1.),(1.,1.),(1.,1.),(1.,1.),(1.,1.),(1.,1.),(1.,1.),(1.,
1.),(1.,1.),(1.,1.),(1.,1.),(1.,1.),(1.,1.),(1.,1.),(1.,1.),(1.,1.),(1.,
1.),(1.,1.),(1.,1.),(1.,1.),(1.,1.),(1.,1.),(1.,1.)))
REPRESENTATION_ITEM('')
SURFACE()
);
#74=(
BOUNDED_SURFACE()
B_SPLINE_SURFACE(5,1,((#9977,#9978),(#9979,#9980),(#9981,#9982),(#9983,
#9984),(#9985,#9986),(#9987,#9988),(#9989,#9990),(#9991,#9992),(#9993,#9994),
(#9995,#9996),(#9997,#9998),(#9999,#10000),(#10001,#10002),(#10003,#10004),
(#10005,#10006),(#10007,#10008),(#10009,#10010),(#10011,#10012),(#10013,
#10014),(#10015,#10016),(#10017,#10018),(#10019,#10020),(#10021,#10022),
(#10023,#10024),(#10025,#10026),(#10027,#10028),(#10029,#10030),(#10031,
#10032),(#10033,#10034),(#10035,#10036),(#10037,#10038),(#10039,#10040),
(#10041,#10042),(#10043,#10044),(#10045,#10046),(#10047,#10048),(#10049,
#10050),(#10051,#10052),(#10053,#10054),(#10055,#10056),(#10057,#10058),
(#10059,#10060),(#10061,#10062),(#10063,#10064),(#10065,#10066),(#10067,
#10068),(#10069,#10070),(#10071,#10072),(#10073,#10074),(#10075,#10076),
(#10077,#10078),(#10079,#10080),(#10081,#10082),(#10083,#10084),(#10085,
#10086),(#10087,#10088),(#10089,#10090),(#10091,#10092),(#10093,#10094),
(#10095,#10096),(#10097,#10098),(#10099,#10100),(#10101,#10102),(#10103,
#10104),(#10105,#10106),(#10107,#10108),(#10109,#10110),(#10111,#10112),
(#10113,#10114),(#10115,#10116),(#10117,#10118),(#10119,#10120),(#10121,
#10122),(#10123,#10124),(#10125,#10126)),.UNSPECIFIED.,.F.,.F.,.F.)
B_SPLINE_SURFACE_WITH_KNOTS((6,1,1,1,1,1,1,1,1,1,1,1,1,1,1,1,1,1,1,1,1,
1,1,1,1,1,1,1,1,1,1,1,1,1,1,1,1,1,1,1,1,1,1,1,1,1,1,1,1,1,1,1,1,1,1,1,1,
1,1,1,1,1,1,1,1,1,1,1,1,1,6),(2,2),(-1.,-0.985714285714284,-0.97142857142857,
-0.957142857142856,-0.942857142857141,-0.928571428571427,-0.914285714285713,
-0.899999999999999,-0.885714285714284,-0.87142857142857,-0.857142857142856,
-0.842857142857142,-0.828571428571428,-0.814285714285713,-0.799999999999999,
-0.785714285714285,-0.771428571428571,-0.757142857142856,-0.742857142857142,
-0.728571428571428,-0.714285714285714,-0.699999999999999,-0.685714285714285,
-0.671428571428571,-0.657142857142857,-0.642857142857142,-0.628571428571428,
-0.614285714285714,-0.6,-0.585714285714286,-0.571428571428571,-0.557142857142857,
-0.542857142857143,-0.528571428571429,-0.514285714285714,-0.5,-0.485714285714286,
-0.471428571428572,-0.457142857142857,-0.442857142857143,-0.428571428571429,
-0.414285714285714,-0.4,-0.385714285714286,-0.371428571428571,-0.357142857142857,
-0.342857142857143,-0.328571428571429,-0.314285714285714,-0.3,-0.285714285714286,
-0.271428571428571,-0.257142857142857,-0.242857142857143,-0.228571428571429,
-0.214285714285714,-0.2,-0.185714285714286,-0.171428571428571,-0.157142857142857,
-0.142857142857143,-0.128571428571429,-0.114285714285714,-0.1,-0.0857142857142857,
-0.0714285714285714,-0.0571428571428571,-0.0428571428571429,-0.0285714285714286,
-0.0142857142857143,0.),(0.,0.5),.UNSPECIFIED.)
GEOMETRIC_REPRESENTATION_ITEM()
RATIONAL_B_SPLINE_SURFACE(((1.,1.),(1.,1.),(1.,1.),(1.,1.),(1.,1.),(1.,
1.),(1.,1.),(1.,1.),(1.,1.),(1.,1.),(1.,1.),(1.,1.),(1.,1.),(1.,1.),(1.,
1.),(1.,1.),(1.,1.),(1.,1.),(1.,1.),(1.,1.),(1.,1.),(1.,1.),(1.,1.),(1.,
1.),(1.,1.),(1.,1.),(1.,1.),(1.,1.),(1.,1.),(1.,1.),(1.,1.),(1.,1.),(1.,
1.),(1.,1.),(1.,1.),(1.,1.),(1.,1.),(1.,1.),(1.,1.),(1.,1.),(1.,1.),(1.,
1.),(1.,1.),(1.,1.),(1.,1.),(1.,1.),(1.,1.),(1.,1.),(1.,1.),(1.,1.),(1.,
1.),(1.,1.),(1.,1.),(1.,1.),(1.,1.),(1.,1.),(1.,1.),(1.,1.),(1.,1.),(1.,
1.),(1.,1.),(1.,1.),(1.,1.),(1.,1.),(1.,1.),(1.,1.),(1.,1.),(1.,1.),(1.,
1.),(1.,1.),(1.,1.),(1.,1.),(1.,1.),(1.,1.),(1.,1.)))
REPRESENTATION_ITEM('')
SURFACE()
);
#75=(
BOUNDED_SURFACE()
B_SPLINE_SURFACE(5,1,((#10217,#10218),(#10219,#10220),(#10221,#10222),(#10223,
#10224),(#10225,#10226),(#10227,#10228),(#10229,#10230),(#10231,#10232),
(#10233,#10234),(#10235,#10236),(#10237,#10238),(#10239,#10240),(#10241,
#10242),(#10243,#10244),(#10245,#10246),(#10247,#10248),(#10249,#10250),
(#10251,#10252),(#10253,#10254),(#10255,#10256),(#10257,#10258),(#10259,
#10260),(#10261,#10262),(#10263,#10264),(#10265,#10266),(#10267,#10268),
(#10269,#10270),(#10271,#10272),(#10273,#10274),(#10275,#10276),(#10277,
#10278),(#10279,#10280),(#10281,#10282),(#10283,#10284),(#10285,#10286),
(#10287,#10288),(#10289,#10290),(#10291,#10292),(#10293,#10294),(#10295,
#10296),(#10297,#10298),(#10299,#10300),(#10301,#10302),(#10303,#10304),
(#10305,#10306),(#10307,#10308),(#10309,#10310),(#10311,#10312),(#10313,
#10314),(#10315,#10316),(#10317,#10318),(#10319,#10320),(#10321,#10322),
(#10323,#10324),(#10325,#10326),(#10327,#10328),(#10329,#10330),(#10331,
#10332),(#10333,#10334),(#10335,#10336),(#10337,#10338),(#10339,#10340),
(#10341,#10342),(#10343,#10344),(#10345,#10346),(#10347,#10348),(#10349,
#10350),(#10351,#10352),(#10353,#10354),(#10355,#10356),(#10357,#10358),
(#10359,#10360),(#10361,#10362),(#10363,#10364),(#10365,#10366)),
 .UNSPECIFIED.,.F.,.F.,.F.)
B_SPLINE_SURFACE_WITH_KNOTS((6,1,1,1,1,1,1,1,1,1,1,1,1,1,1,1,1,1,1,1,1,
1,1,1,1,1,1,1,1,1,1,1,1,1,1,1,1,1,1,1,1,1,1,1,1,1,1,1,1,1,1,1,1,1,1,1,1,
1,1,1,1,1,1,1,1,1,1,1,1,1,6),(2,2),(0.,0.0142857142857143,0.0285714285714286,
0.0428571428571429,0.0571428571428571,0.0714285714285714,0.0857142857142857,
0.1,0.114285714285714,0.128571428571429,0.142857142857143,0.157142857142857,
0.171428571428571,0.185714285714286,0.2,0.214285714285714,0.228571428571429,
0.242857142857143,0.257142857142857,0.271428571428571,0.285714285714286,
0.3,0.314285714285714,0.328571428571429,0.342857142857143,0.357142857142857,
0.371428571428571,0.385714285714286,0.4,0.414285714285714,0.428571428571429,
0.442857142857143,0.457142857142857,0.471428571428572,0.485714285714286,
0.5,0.514285714285714,0.528571428571429,0.542857142857143,0.557142857142857,
0.571428571428571,0.585714285714286,0.6,0.614285714285714,0.628571428571428,
0.642857142857142,0.657142857142857,0.671428571428571,0.685714285714285,
0.699999999999999,0.714285714285714,0.728571428571428,0.742857142857142,
0.757142857142856,0.771428571428571,0.785714285714285,0.799999999999999,
0.814285714285713,0.828571428571428,0.842857142857142,0.857142857142856,
0.87142857142857,0.885714285714284,0.899999999999999,0.914285714285713,
0.928571428571427,0.942857142857141,0.957142857142856,0.97142857142857,
0.985714285714284,1.),(0.,0.5),.UNSPECIFIED.)
GEOMETRIC_REPRESENTATION_ITEM()
RATIONAL_B_SPLINE_SURFACE(((1.,1.),(1.,1.),(1.,1.),(1.,1.),(1.,1.),(1.,
1.),(1.,1.),(1.,1.),(1.,1.),(1.,1.),(1.,1.),(1.,1.),(1.,1.),(1.,1.),(1.,
1.),(1.,1.),(1.,1.),(1.,1.),(1.,1.),(1.,1.),(1.,1.),(1.,1.),(1.,1.),(1.,
1.),(1.,1.),(1.,1.),(1.,1.),(1.,1.),(1.,1.),(1.,1.),(1.,1.),(1.,1.),(1.,
1.),(1.,1.),(1.,1.),(1.,1.),(1.,1.),(1.,1.),(1.,1.),(1.,1.),(1.,1.),(1.,
1.),(1.,1.),(1.,1.),(1.,1.),(1.,1.),(1.,1.),(1.,1.),(1.,1.),(1.,1.),(1.,
1.),(1.,1.),(1.,1.),(1.,1.),(1.,1.),(1.,1.),(1.,1.),(1.,1.),(1.,1.),(1.,
1.),(1.,1.),(1.,1.),(1.,1.),(1.,1.),(1.,1.),(1.,1.),(1.,1.),(1.,1.),(1.,
1.),(1.,1.),(1.,1.),(1.,1.),(1.,1.),(1.,1.),(1.,1.)))
REPRESENTATION_ITEM('')
SURFACE()
);
#76=(
BOUNDED_SURFACE()
B_SPLINE_SURFACE(5,1,((#10491,#10492),(#10493,#10494),(#10495,#10496),(#10497,
#10498),(#10499,#10500),(#10501,#10502),(#10503,#10504),(#10505,#10506),
(#10507,#10508),(#10509,#10510),(#10511,#10512),(#10513,#10514),(#10515,
#10516),(#10517,#10518),(#10519,#10520),(#10521,#10522),(#10523,#10524),
(#10525,#10526),(#10527,#10528),(#10529,#10530),(#10531,#10532),(#10533,
#10534),(#10535,#10536),(#10537,#10538),(#10539,#10540),(#10541,#10542),
(#10543,#10544),(#10545,#10546),(#10547,#10548),(#10549,#10550),(#10551,
#10552),(#10553,#10554),(#10555,#10556),(#10557,#10558),(#10559,#10560),
(#10561,#10562),(#10563,#10564),(#10565,#10566),(#10567,#10568),(#10569,
#10570),(#10571,#10572),(#10573,#10574),(#10575,#10576),(#10577,#10578),
(#10579,#10580),(#10581,#10582),(#10583,#10584),(#10585,#10586),(#10587,
#10588),(#10589,#10590),(#10591,#10592),(#10593,#10594),(#10595,#10596),
(#10597,#10598),(#10599,#10600),(#10601,#10602),(#10603,#10604),(#10605,
#10606),(#10607,#10608),(#10609,#10610),(#10611,#10612),(#10613,#10614),
(#10615,#10616),(#10617,#10618),(#10619,#10620),(#10621,#10622),(#10623,
#10624),(#10625,#10626),(#10627,#10628),(#10629,#10630),(#10631,#10632),
(#10633,#10634),(#10635,#10636),(#10637,#10638),(#10639,#10640)),
 .UNSPECIFIED.,.F.,.F.,.F.)
B_SPLINE_SURFACE_WITH_KNOTS((6,1,1,1,1,1,1,1,1,1,1,1,1,1,1,1,1,1,1,1,1,
1,1,1,1,1,1,1,1,1,1,1,1,1,1,1,1,1,1,1,1,1,1,1,1,1,1,1,1,1,1,1,1,1,1,1,1,
1,1,1,1,1,1,1,1,1,1,1,1,1,6),(2,2),(-1.,-0.985714285714284,-0.97142857142857,
-0.957142857142856,-0.942857142857141,-0.928571428571427,-0.914285714285713,
-0.899999999999999,-0.885714285714284,-0.87142857142857,-0.857142857142856,
-0.842857142857142,-0.828571428571428,-0.814285714285713,-0.799999999999999,
-0.785714285714285,-0.771428571428571,-0.757142857142856,-0.742857142857142,
-0.728571428571428,-0.714285714285714,-0.699999999999999,-0.685714285714285,
-0.671428571428571,-0.657142857142857,-0.642857142857142,-0.628571428571428,
-0.614285714285714,-0.6,-0.585714285714286,-0.571428571428571,-0.557142857142857,
-0.542857142857143,-0.528571428571429,-0.514285714285714,-0.5,-0.485714285714286,
-0.471428571428572,-0.457142857142857,-0.442857142857143,-0.428571428571429,
-0.414285714285714,-0.4,-0.385714285714286,-0.371428571428571,-0.357142857142857,
-0.342857142857143,-0.328571428571429,-0.314285714285714,-0.3,-0.285714285714286,
-0.271428571428571,-0.257142857142857,-0.242857142857143,-0.228571428571429,
-0.214285714285714,-0.2,-0.185714285714286,-0.171428571428571,-0.157142857142857,
-0.142857142857143,-0.128571428571429,-0.114285714285714,-0.1,-0.0857142857142857,
-0.0714285714285714,-0.0571428571428571,-0.0428571428571429,-0.0285714285714286,
-0.0142857142857143,0.),(0.,0.5),.UNSPECIFIED.)
GEOMETRIC_REPRESENTATION_ITEM()
RATIONAL_B_SPLINE_SURFACE(((1.,1.),(1.,1.),(1.,1.),(1.,1.),(1.,1.),(1.,
1.),(1.,1.),(1.,1.),(1.,1.),(1.,1.),(1.,1.),(1.,1.),(1.,1.),(1.,1.),(1.,
1.),(1.,1.),(1.,1.),(1.,1.),(1.,1.),(1.,1.),(1.,1.),(1.,1.),(1.,1.),(1.,
1.),(1.,1.),(1.,1.),(1.,1.),(1.,1.),(1.,1.),(1.,1.),(1.,1.),(1.,1.),(1.,
1.),(1.,1.),(1.,1.),(1.,1.),(1.,1.),(1.,1.),(1.,1.),(1.,1.),(1.,1.),(1.,
1.),(1.,1.),(1.,1.),(1.,1.),(1.,1.),(1.,1.),(1.,1.),(1.,1.),(1.,1.),(1.,
1.),(1.,1.),(1.,1.),(1.,1.),(1.,1.),(1.,1.),(1.,1.),(1.,1.),(1.,1.),(1.,
1.),(1.,1.),(1.,1.),(1.,1.),(1.,1.),(1.,1.),(1.,1.),(1.,1.),(1.,1.),(1.,
1.),(1.,1.),(1.,1.),(1.,1.),(1.,1.),(1.,1.),(1.,1.)))
REPRESENTATION_ITEM('')
SURFACE()
);
#77=(
BOUNDED_SURFACE()
B_SPLINE_SURFACE(5,1,((#10774,#10775),(#10776,#10777),(#10778,#10779),(#10780,
#10781),(#10782,#10783),(#10784,#10785),(#10786,#10787),(#10788,#10789),
(#10790,#10791),(#10792,#10793),(#10794,#10795),(#10796,#10797),(#10798,
#10799),(#10800,#10801),(#10802,#10803),(#10804,#10805),(#10806,#10807),
(#10808,#10809),(#10810,#10811),(#10812,#10813),(#10814,#10815),(#10816,
#10817),(#10818,#10819),(#10820,#10821),(#10822,#10823),(#10824,#10825),
(#10826,#10827),(#10828,#10829),(#10830,#10831),(#10832,#10833),(#10834,
#10835),(#10836,#10837),(#10838,#10839),(#10840,#10841),(#10842,#10843),
(#10844,#10845),(#10846,#10847),(#10848,#10849),(#10850,#10851),(#10852,
#10853),(#10854,#10855),(#10856,#10857),(#10858,#10859),(#10860,#10861),
(#10862,#10863),(#10864,#10865),(#10866,#10867),(#10868,#10869),(#10870,
#10871),(#10872,#10873),(#10874,#10875),(#10876,#10877),(#10878,#10879),
(#10880,#10881),(#10882,#10883),(#10884,#10885),(#10886,#10887),(#10888,
#10889),(#10890,#10891),(#10892,#10893),(#10894,#10895),(#10896,#10897),
(#10898,#10899),(#10900,#10901),(#10902,#10903),(#10904,#10905),(#10906,
#10907),(#10908,#10909),(#10910,#10911),(#10912,#10913),(#10914,#10915),
(#10916,#10917),(#10918,#10919),(#10920,#10921),(#10922,#10923)),
 .UNSPECIFIED.,.F.,.F.,.F.)
B_SPLINE_SURFACE_WITH_KNOTS((6,1,1,1,1,1,1,1,1,1,1,1,1,1,1,1,1,1,1,1,1,
1,1,1,1,1,1,1,1,1,1,1,1,1,1,1,1,1,1,1,1,1,1,1,1,1,1,1,1,1,1,1,1,1,1,1,1,
1,1,1,1,1,1,1,1,1,1,1,1,1,6),(2,2),(0.,0.0142857142857143,0.0285714285714286,
0.0428571428571429,0.0571428571428571,0.0714285714285714,0.0857142857142857,
0.1,0.114285714285714,0.128571428571429,0.142857142857143,0.157142857142857,
0.171428571428571,0.185714285714286,0.2,0.214285714285714,0.228571428571429,
0.242857142857143,0.257142857142857,0.271428571428571,0.285714285714286,
0.3,0.314285714285714,0.328571428571429,0.342857142857143,0.357142857142857,
0.371428571428571,0.385714285714286,0.4,0.414285714285714,0.428571428571429,
0.442857142857143,0.457142857142857,0.471428571428572,0.485714285714286,
0.5,0.514285714285714,0.528571428571429,0.542857142857143,0.557142857142857,
0.571428571428571,0.585714285714286,0.6,0.614285714285714,0.628571428571428,
0.642857142857142,0.657142857142857,0.671428571428571,0.685714285714285,
0.699999999999999,0.714285714285714,0.728571428571428,0.742857142857142,
0.757142857142856,0.771428571428571,0.785714285714285,0.799999999999999,
0.814285714285713,0.828571428571428,0.842857142857142,0.857142857142856,
0.87142857142857,0.885714285714284,0.899999999999999,0.914285714285713,
0.928571428571427,0.942857142857141,0.957142857142856,0.97142857142857,
0.985714285714284,1.),(0.,0.5),.UNSPECIFIED.)
GEOMETRIC_REPRESENTATION_ITEM()
RATIONAL_B_SPLINE_SURFACE(((1.,1.),(1.,1.),(1.,1.),(1.,1.),(1.,1.),(1.,
1.),(1.,1.),(1.,1.),(1.,1.),(1.,1.),(1.,1.),(1.,1.),(1.,1.),(1.,1.),(1.,
1.),(1.,1.),(1.,1.),(1.,1.),(1.,1.),(1.,1.),(1.,1.),(1.,1.),(1.,1.),(1.,
1.),(1.,1.),(1.,1.),(1.,1.),(1.,1.),(1.,1.),(1.,1.),(1.,1.),(1.,1.),(1.,
1.),(1.,1.),(1.,1.),(1.,1.),(1.,1.),(1.,1.),(1.,1.),(1.,1.),(1.,1.),(1.,
1.),(1.,1.),(1.,1.),(1.,1.),(1.,1.),(1.,1.),(1.,1.),(1.,1.),(1.,1.),(1.,
1.),(1.,1.),(1.,1.),(1.,1.),(1.,1.),(1.,1.),(1.,1.),(1.,1.),(1.,1.),(1.,
1.),(1.,1.),(1.,1.),(1.,1.),(1.,1.),(1.,1.),(1.,1.),(1.,1.),(1.,1.),(1.,
1.),(1.,1.),(1.,1.),(1.,1.),(1.,1.),(1.,1.),(1.,1.)))
REPRESENTATION_ITEM('')
SURFACE()
);
#78=(
BOUNDED_SURFACE()
B_SPLINE_SURFACE(5,1,((#11048,#11049),(#11050,#11051),(#11052,#11053),(#11054,
#11055),(#11056,#11057),(#11058,#11059),(#11060,#11061),(#11062,#11063),
(#11064,#11065),(#11066,#11067),(#11068,#11069),(#11070,#11071),(#11072,
#11073),(#11074,#11075),(#11076,#11077),(#11078,#11079),(#11080,#11081),
(#11082,#11083),(#11084,#11085),(#11086,#11087),(#11088,#11089),(#11090,
#11091),(#11092,#11093),(#11094,#11095),(#11096,#11097),(#11098,#11099),
(#11100,#11101),(#11102,#11103),(#11104,#11105),(#11106,#11107),(#11108,
#11109),(#11110,#11111),(#11112,#11113),(#11114,#11115),(#11116,#11117),
(#11118,#11119),(#11120,#11121),(#11122,#11123),(#11124,#11125),(#11126,
#11127),(#11128,#11129),(#11130,#11131),(#11132,#11133),(#11134,#11135),
(#11136,#11137),(#11138,#11139),(#11140,#11141),(#11142,#11143),(#11144,
#11145),(#11146,#11147),(#11148,#11149),(#11150,#11151),(#11152,#11153),
(#11154,#11155),(#11156,#11157),(#11158,#11159),(#11160,#11161),(#11162,
#11163),(#11164,#11165),(#11166,#11167),(#11168,#11169),(#11170,#11171),
(#11172,#11173),(#11174,#11175),(#11176,#11177),(#11178,#11179),(#11180,
#11181),(#11182,#11183),(#11184,#11185),(#11186,#11187),(#11188,#11189),
(#11190,#11191),(#11192,#11193),(#11194,#11195),(#11196,#11197)),
 .UNSPECIFIED.,.F.,.F.,.F.)
B_SPLINE_SURFACE_WITH_KNOTS((6,1,1,1,1,1,1,1,1,1,1,1,1,1,1,1,1,1,1,1,1,
1,1,1,1,1,1,1,1,1,1,1,1,1,1,1,1,1,1,1,1,1,1,1,1,1,1,1,1,1,1,1,1,1,1,1,1,
1,1,1,1,1,1,1,1,1,1,1,1,1,6),(2,2),(-1.,-0.985714285714284,-0.97142857142857,
-0.957142857142856,-0.942857142857141,-0.928571428571427,-0.914285714285713,
-0.899999999999999,-0.885714285714284,-0.87142857142857,-0.857142857142856,
-0.842857142857142,-0.828571428571428,-0.814285714285713,-0.799999999999999,
-0.785714285714285,-0.771428571428571,-0.757142857142856,-0.742857142857142,
-0.728571428571428,-0.714285714285714,-0.699999999999999,-0.685714285714285,
-0.671428571428571,-0.657142857142857,-0.642857142857142,-0.628571428571428,
-0.614285714285714,-0.6,-0.585714285714286,-0.571428571428571,-0.557142857142857,
-0.542857142857143,-0.528571428571429,-0.514285714285714,-0.5,-0.485714285714286,
-0.471428571428572,-0.457142857142857,-0.442857142857143,-0.428571428571429,
-0.414285714285714,-0.4,-0.385714285714286,-0.371428571428571,-0.357142857142857,
-0.342857142857143,-0.328571428571429,-0.314285714285714,-0.3,-0.285714285714286,
-0.271428571428571,-0.257142857142857,-0.242857142857143,-0.228571428571429,
-0.214285714285714,-0.2,-0.185714285714286,-0.171428571428571,-0.157142857142857,
-0.142857142857143,-0.128571428571429,-0.114285714285714,-0.1,-0.0857142857142857,
-0.0714285714285714,-0.0571428571428571,-0.0428571428571429,-0.0285714285714286,
-0.0142857142857143,0.),(0.,0.5),.UNSPECIFIED.)
GEOMETRIC_REPRESENTATION_ITEM()
RATIONAL_B_SPLINE_SURFACE(((1.,1.),(1.,1.),(1.,1.),(1.,1.),(1.,1.),(1.,
1.),(1.,1.),(1.,1.),(1.,1.),(1.,1.),(1.,1.),(1.,1.),(1.,1.),(1.,1.),(1.,
1.),(1.,1.),(1.,1.),(1.,1.),(1.,1.),(1.,1.),(1.,1.),(1.,1.),(1.,1.),(1.,
1.),(1.,1.),(1.,1.),(1.,1.),(1.,1.),(1.,1.),(1.,1.),(1.,1.),(1.,1.),(1.,
1.),(1.,1.),(1.,1.),(1.,1.),(1.,1.),(1.,1.),(1.,1.),(1.,1.),(1.,1.),(1.,
1.),(1.,1.),(1.,1.),(1.,1.),(1.,1.),(1.,1.),(1.,1.),(1.,1.),(1.,1.),(1.,
1.),(1.,1.),(1.,1.),(1.,1.),(1.,1.),(1.,1.),(1.,1.),(1.,1.),(1.,1.),(1.,
1.),(1.,1.),(1.,1.),(1.,1.),(1.,1.),(1.,1.),(1.,1.),(1.,1.),(1.,1.),(1.,
1.),(1.,1.),(1.,1.),(1.,1.),(1.,1.),(1.,1.),(1.,1.)))
REPRESENTATION_ITEM('')
SURFACE()
);
#79=(
BOUNDED_SURFACE()
B_SPLINE_SURFACE(5,1,((#11361,#11362),(#11363,#11364),(#11365,#11366),(#11367,
#11368),(#11369,#11370),(#11371,#11372),(#11373,#11374),(#11375,#11376),
(#11377,#11378),(#11379,#11380),(#11381,#11382),(#11383,#11384),(#11385,
#11386),(#11387,#11388),(#11389,#11390),(#11391,#11392),(#11393,#11394),
(#11395,#11396),(#11397,#11398),(#11399,#11400),(#11401,#11402),(#11403,
#11404),(#11405,#11406),(#11407,#11408),(#11409,#11410),(#11411,#11412),
(#11413,#11414),(#11415,#11416),(#11417,#11418),(#11419,#11420),(#11421,
#11422),(#11423,#11424),(#11425,#11426),(#11427,#11428),(#11429,#11430),
(#11431,#11432),(#11433,#11434),(#11435,#11436),(#11437,#11438),(#11439,
#11440),(#11441,#11442),(#11443,#11444),(#11445,#11446),(#11447,#11448),
(#11449,#11450),(#11451,#11452),(#11453,#11454),(#11455,#11456),(#11457,
#11458),(#11459,#11460),(#11461,#11462),(#11463,#11464),(#11465,#11466),
(#11467,#11468),(#11469,#11470),(#11471,#11472),(#11473,#11474),(#11475,
#11476),(#11477,#11478),(#11479,#11480),(#11481,#11482),(#11483,#11484),
(#11485,#11486),(#11487,#11488),(#11489,#11490),(#11491,#11492),(#11493,
#11494),(#11495,#11496),(#11497,#11498),(#11499,#11500),(#11501,#11502),
(#11503,#11504),(#11505,#11506),(#11507,#11508),(#11509,#11510)),
 .UNSPECIFIED.,.F.,.F.,.F.)
B_SPLINE_SURFACE_WITH_KNOTS((6,1,1,1,1,1,1,1,1,1,1,1,1,1,1,1,1,1,1,1,1,
1,1,1,1,1,1,1,1,1,1,1,1,1,1,1,1,1,1,1,1,1,1,1,1,1,1,1,1,1,1,1,1,1,1,1,1,
1,1,1,1,1,1,1,1,1,1,1,1,1,6),(2,2),(0.,0.0142857142857143,0.0285714285714286,
0.0428571428571429,0.0571428571428571,0.0714285714285714,0.0857142857142857,
0.1,0.114285714285714,0.128571428571429,0.142857142857143,0.157142857142857,
0.171428571428571,0.185714285714286,0.2,0.214285714285714,0.228571428571429,
0.242857142857143,0.257142857142857,0.271428571428571,0.285714285714286,
0.3,0.314285714285714,0.328571428571429,0.342857142857143,0.357142857142857,
0.371428571428571,0.385714285714286,0.4,0.414285714285714,0.428571428571429,
0.442857142857143,0.457142857142857,0.471428571428572,0.485714285714286,
0.5,0.514285714285714,0.528571428571429,0.542857142857143,0.557142857142857,
0.571428571428571,0.585714285714286,0.6,0.614285714285714,0.628571428571428,
0.642857142857142,0.657142857142857,0.671428571428571,0.685714285714285,
0.699999999999999,0.714285714285714,0.728571428571428,0.742857142857142,
0.757142857142856,0.771428571428571,0.785714285714285,0.799999999999999,
0.814285714285713,0.828571428571428,0.842857142857142,0.857142857142856,
0.87142857142857,0.885714285714284,0.899999999999999,0.914285714285713,
0.928571428571427,0.942857142857141,0.957142857142856,0.97142857142857,
0.985714285714284,1.),(0.,0.5),.UNSPECIFIED.)
GEOMETRIC_REPRESENTATION_ITEM()
RATIONAL_B_SPLINE_SURFACE(((1.,1.),(1.,1.),(1.,1.),(1.,1.),(1.,1.),(1.,
1.),(1.,1.),(1.,1.),(1.,1.),(1.,1.),(1.,1.),(1.,1.),(1.,1.),(1.,1.),(1.,
1.),(1.,1.),(1.,1.),(1.,1.),(1.,1.),(1.,1.),(1.,1.),(1.,1.),(1.,1.),(1.,
1.),(1.,1.),(1.,1.),(1.,1.),(1.,1.),(1.,1.),(1.,1.),(1.,1.),(1.,1.),(1.,
1.),(1.,1.),(1.,1.),(1.,1.),(1.,1.),(1.,1.),(1.,1.),(1.,1.),(1.,1.),(1.,
1.),(1.,1.),(1.,1.),(1.,1.),(1.,1.),(1.,1.),(1.,1.),(1.,1.),(1.,1.),(1.,
1.),(1.,1.),(1.,1.),(1.,1.),(1.,1.),(1.,1.),(1.,1.),(1.,1.),(1.,1.),(1.,
1.),(1.,1.),(1.,1.),(1.,1.),(1.,1.),(1.,1.),(1.,1.),(1.,1.),(1.,1.),(1.,
1.),(1.,1.),(1.,1.),(1.,1.),(1.,1.),(1.,1.),(1.,1.)))
REPRESENTATION_ITEM('')
SURFACE()
);
#80=(
BOUNDED_SURFACE()
B_SPLINE_SURFACE(5,1,((#11598,#11599),(#11600,#11601),(#11602,#11603),(#11604,
#11605),(#11606,#11607),(#11608,#11609),(#11610,#11611),(#11612,#11613),
(#11614,#11615),(#11616,#11617),(#11618,#11619),(#11620,#11621),(#11622,
#11623),(#11624,#11625),(#11626,#11627),(#11628,#11629),(#11630,#11631),
(#11632,#11633),(#11634,#11635),(#11636,#11637),(#11638,#11639),(#11640,
#11641),(#11642,#11643),(#11644,#11645),(#11646,#11647),(#11648,#11649),
(#11650,#11651),(#11652,#11653),(#11654,#11655),(#11656,#11657),(#11658,
#11659),(#11660,#11661),(#11662,#11663),(#11664,#11665),(#11666,#11667),
(#11668,#11669),(#11670,#11671),(#11672,#11673),(#11674,#11675),(#11676,
#11677),(#11678,#11679),(#11680,#11681),(#11682,#11683),(#11684,#11685),
(#11686,#11687),(#11688,#11689),(#11690,#11691),(#11692,#11693),(#11694,
#11695),(#11696,#11697),(#11698,#11699),(#11700,#11701),(#11702,#11703),
(#11704,#11705),(#11706,#11707),(#11708,#11709),(#11710,#11711),(#11712,
#11713),(#11714,#11715),(#11716,#11717),(#11718,#11719),(#11720,#11721),
(#11722,#11723),(#11724,#11725),(#11726,#11727),(#11728,#11729),(#11730,
#11731),(#11732,#11733),(#11734,#11735),(#11736,#11737),(#11738,#11739),
(#11740,#11741),(#11742,#11743),(#11744,#11745),(#11746,#11747)),
 .UNSPECIFIED.,.F.,.F.,.F.)
B_SPLINE_SURFACE_WITH_KNOTS((6,1,1,1,1,1,1,1,1,1,1,1,1,1,1,1,1,1,1,1,1,
1,1,1,1,1,1,1,1,1,1,1,1,1,1,1,1,1,1,1,1,1,1,1,1,1,1,1,1,1,1,1,1,1,1,1,1,
1,1,1,1,1,1,1,1,1,1,1,1,1,6),(2,2),(-1.,-0.985714285714284,-0.97142857142857,
-0.957142857142856,-0.942857142857141,-0.928571428571427,-0.914285714285713,
-0.899999999999999,-0.885714285714284,-0.87142857142857,-0.857142857142856,
-0.842857142857142,-0.828571428571428,-0.814285714285713,-0.799999999999999,
-0.785714285714285,-0.771428571428571,-0.757142857142856,-0.742857142857142,
-0.728571428571428,-0.714285714285714,-0.699999999999999,-0.685714285714285,
-0.671428571428571,-0.657142857142857,-0.642857142857142,-0.628571428571428,
-0.614285714285714,-0.6,-0.585714285714286,-0.571428571428571,-0.557142857142857,
-0.542857142857143,-0.528571428571429,-0.514285714285714,-0.5,-0.485714285714286,
-0.471428571428572,-0.457142857142857,-0.442857142857143,-0.428571428571429,
-0.414285714285714,-0.4,-0.385714285714286,-0.371428571428571,-0.357142857142857,
-0.342857142857143,-0.328571428571429,-0.314285714285714,-0.3,-0.285714285714286,
-0.271428571428571,-0.257142857142857,-0.242857142857143,-0.228571428571429,
-0.214285714285714,-0.2,-0.185714285714286,-0.171428571428571,-0.157142857142857,
-0.142857142857143,-0.128571428571429,-0.114285714285714,-0.1,-0.0857142857142857,
-0.0714285714285714,-0.0571428571428571,-0.0428571428571429,-0.0285714285714286,
-0.0142857142857143,0.),(0.,0.5),.UNSPECIFIED.)
GEOMETRIC_REPRESENTATION_ITEM()
RATIONAL_B_SPLINE_SURFACE(((1.,1.),(1.,1.),(1.,1.),(1.,1.),(1.,1.),(1.,
1.),(1.,1.),(1.,1.),(1.,1.),(1.,1.),(1.,1.),(1.,1.),(1.,1.),(1.,1.),(1.,
1.),(1.,1.),(1.,1.),(1.,1.),(1.,1.),(1.,1.),(1.,1.),(1.,1.),(1.,1.),(1.,
1.),(1.,1.),(1.,1.),(1.,1.),(1.,1.),(1.,1.),(1.,1.),(1.,1.),(1.,1.),(1.,
1.),(1.,1.),(1.,1.),(1.,1.),(1.,1.),(1.,1.),(1.,1.),(1.,1.),(1.,1.),(1.,
1.),(1.,1.),(1.,1.),(1.,1.),(1.,1.),(1.,1.),(1.,1.),(1.,1.),(1.,1.),(1.,
1.),(1.,1.),(1.,1.),(1.,1.),(1.,1.),(1.,1.),(1.,1.),(1.,1.),(1.,1.),(1.,
1.),(1.,1.),(1.,1.),(1.,1.),(1.,1.),(1.,1.),(1.,1.),(1.,1.),(1.,1.),(1.,
1.),(1.,1.),(1.,1.),(1.,1.),(1.,1.),(1.,1.),(1.,1.)))
REPRESENTATION_ITEM('')
SURFACE()
);
#81=CIRCLE('',#2544,6.00024331069588);
#82=CIRCLE('',#2545,6.00024331069588);
#83=CIRCLE('',#2548,6.00024331069588);
#84=CIRCLE('',#2549,6.00024331069588);
#85=CIRCLE('',#2559,6.00024331069588);
#86=CIRCLE('',#2560,6.00024331069588);
#87=CIRCLE('',#2565,6.50000000000262);
#88=CIRCLE('',#2566,6.50000000000262);
#89=CIRCLE('',#2568,1.55);
#90=CIRCLE('',#2569,1.55);
#91=CIRCLE('',#2571,6.50000000000262);
#92=CIRCLE('',#2572,6.50000000000262);
#93=CIRCLE('',#2575,0.2);
#94=CIRCLE('',#2576,0.2);
#95=CIRCLE('',#2578,5.3492);
#96=CIRCLE('',#2579,5.3492);
#97=CIRCLE('',#2581,0.2);
#98=CIRCLE('',#2582,0.2);
#99=CIRCLE('',#2585,0.2);
#100=CIRCLE('',#2586,0.2);
#101=CIRCLE('',#2589,0.2);
#102=CIRCLE('',#2590,0.2);
#103=CIRCLE('',#2593,0.2);
#104=CIRCLE('',#2594,0.2);
#105=CIRCLE('',#2597,0.2);
#106=CIRCLE('',#2598,0.2);
#107=CIRCLE('',#2601,0.2);
#108=CIRCLE('',#2602,0.2);
#109=CIRCLE('',#2605,0.2);
#110=CIRCLE('',#2606,0.2);
#111=CIRCLE('',#2609,0.2);
#112=CIRCLE('',#2610,0.2);
#113=CIRCLE('',#2613,0.2);
#114=CIRCLE('',#2614,0.2);
#115=CIRCLE('',#2617,0.2);
#116=CIRCLE('',#2618,0.2);
#117=CIRCLE('',#2621,0.2);
#118=CIRCLE('',#2622,0.2);
#119=CIRCLE('',#2625,0.2);
#120=CIRCLE('',#2626,0.2);
#121=CIRCLE('',#2629,0.2);
#122=CIRCLE('',#2630,0.2);
#123=CIRCLE('',#2633,0.2);
#124=CIRCLE('',#2634,0.2);
#125=CIRCLE('',#2637,0.2);
#126=CIRCLE('',#2638,0.2);
#127=CIRCLE('',#2641,0.2);
#128=CIRCLE('',#2642,0.2);
#129=CIRCLE('',#2645,0.2);
#130=CIRCLE('',#2646,0.2);
#131=CIRCLE('',#2649,0.2);
#132=CIRCLE('',#2650,0.2);
#133=CIRCLE('',#2653,0.2);
#134=CIRCLE('',#2654,0.2);
#135=CIRCLE('',#2657,0.2);
#136=CIRCLE('',#2658,0.2);
#137=CIRCLE('',#2661,0.2);
#138=CIRCLE('',#2662,0.2);
#139=CIRCLE('',#2665,0.2);
#140=CIRCLE('',#2666,0.2);
#141=CIRCLE('',#2669,0.2);
#142=CIRCLE('',#2670,0.2);
#143=CIRCLE('',#2673,6.50000000000262);
#144=CIRCLE('',#2674,6.50000000000262);
#145=CIRCLE('',#2676,6.50000000000262);
#146=CIRCLE('',#2677,6.50000000000262);
#147=CIRCLE('',#2679,6.50000000000262);
#148=CIRCLE('',#2680,6.50000000000262);
#149=CIRCLE('',#2682,6.50000000000262);
#150=CIRCLE('',#2683,6.50000000000262);
#151=CIRCLE('',#2685,6.50000000000262);
#152=CIRCLE('',#2686,6.50000000000262);
#153=CIRCLE('',#2688,6.50000000000262);
#154=CIRCLE('',#2689,6.50000000000262);
#155=CIRCLE('',#2691,6.50000000000262);
#156=CIRCLE('',#2692,6.50000000000262);
#157=CIRCLE('',#2694,6.50000000000262);
#158=CIRCLE('',#2695,6.50000000000262);
#159=CIRCLE('',#2697,6.50000000000262);
#160=CIRCLE('',#2698,6.50000000000262);
#161=CIRCLE('',#2700,6.50000000000262);
#162=CIRCLE('',#2701,6.50000000000262);
#163=CIRCLE('',#2703,6.50000000000262);
#164=CIRCLE('',#2704,6.50000000000262);
#165=CIRCLE('',#2706,6.50000000000262);
#166=CIRCLE('',#2707,6.50000000000262);
#167=CIRCLE('',#2709,5.3492);
#168=CIRCLE('',#2710,5.3492);
#169=CIRCLE('',#2712,5.3492);
#170=CIRCLE('',#2713,5.3492);
#171=CIRCLE('',#2715,5.3492);
#172=CIRCLE('',#2716,5.3492);
#173=CIRCLE('',#2718,5.3492);
#174=CIRCLE('',#2719,5.3492);
#175=CIRCLE('',#2721,5.3492);
#176=CIRCLE('',#2722,5.3492);
#177=CIRCLE('',#2724,5.3492);
#178=CIRCLE('',#2725,5.3492);
#179=CIRCLE('',#2727,5.3492);
#180=CIRCLE('',#2728,5.3492);
#181=CIRCLE('',#2730,5.3492);
#182=CIRCLE('',#2731,5.3492);
#183=CIRCLE('',#2733,5.3492);
#184=CIRCLE('',#2734,5.3492);
#185=CIRCLE('',#2736,5.3492);
#186=CIRCLE('',#2737,5.3492);
#187=CIRCLE('',#2739,5.3492);
#188=CIRCLE('',#2740,5.3492);
#189=CIRCLE('',#2742,6.50000000000262);
#190=CIRCLE('',#2744,6.50000000000262);
#191=CYLINDRICAL_SURFACE('',#2543,6.00024331069588);
#192=CYLINDRICAL_SURFACE('',#2547,6.00024331069588);
#193=CYLINDRICAL_SURFACE('',#2558,6.00024331069588);
#194=CYLINDRICAL_SURFACE('',#2564,6.50000000000262);
#195=CYLINDRICAL_SURFACE('',#2567,1.55);
#196=CYLINDRICAL_SURFACE('',#2570,6.50000000000262);
#197=CYLINDRICAL_SURFACE('',#2574,0.2);
#198=CYLINDRICAL_SURFACE('',#2577,5.3492);
#199=CYLINDRICAL_SURFACE('',#2580,0.2);
#200=CYLINDRICAL_SURFACE('',#2584,0.2);
#201=CYLINDRICAL_SURFACE('',#2588,0.2);
#202=CYLINDRICAL_SURFACE('',#2592,0.2);
#203=CYLINDRICAL_SURFACE('',#2596,0.2);
#204=CYLINDRICAL_SURFACE('',#2600,0.2);
#205=CYLINDRICAL_SURFACE('',#2604,0.2);
#206=CYLINDRICAL_SURFACE('',#2608,0.2);
#207=CYLINDRICAL_SURFACE('',#2612,0.2);
#208=CYLINDRICAL_SURFACE('',#2616,0.2);
#209=CYLINDRICAL_SURFACE('',#2620,0.2);
#210=CYLINDRICAL_SURFACE('',#2624,0.2);
#211=CYLINDRICAL_SURFACE('',#2628,0.2);
#212=CYLINDRICAL_SURFACE('',#2632,0.2);
#213=CYLINDRICAL_SURFACE('',#2636,0.2);
#214=CYLINDRICAL_SURFACE('',#2640,0.2);
#215=CYLINDRICAL_SURFACE('',#2644,0.2);
#216=CYLINDRICAL_SURFACE('',#2648,0.2);
#217=CYLINDRICAL_SURFACE('',#2652,0.2);
#218=CYLINDRICAL_SURFACE('',#2656,0.2);
#219=CYLINDRICAL_SURFACE('',#2660,0.2);
#220=CYLINDRICAL_SURFACE('',#2664,0.2);
#221=CYLINDRICAL_SURFACE('',#2668,0.2);
#222=CYLINDRICAL_SURFACE('',#2672,6.50000000000262);
#223=CYLINDRICAL_SURFACE('',#2675,6.50000000000262);
#224=CYLINDRICAL_SURFACE('',#2678,6.50000000000262);
#225=CYLINDRICAL_SURFACE('',#2681,6.50000000000262);
#226=CYLINDRICAL_SURFACE('',#2684,6.50000000000262);
#227=CYLINDRICAL_SURFACE('',#2687,6.50000000000262);
#228=CYLINDRICAL_SURFACE('',#2690,6.50000000000262);
#229=CYLINDRICAL_SURFACE('',#2693,6.50000000000262);
#230=CYLINDRICAL_SURFACE('',#2696,6.50000000000262);
#231=CYLINDRICAL_SURFACE('',#2699,6.50000000000262);
#232=CYLINDRICAL_SURFACE('',#2702,6.50000000000262);
#233=CYLINDRICAL_SURFACE('',#2705,6.50000000000262);
#234=CYLINDRICAL_SURFACE('',#2708,5.3492);
#235=CYLINDRICAL_SURFACE('',#2711,5.3492);
#236=CYLINDRICAL_SURFACE('',#2714,5.3492);
#237=CYLINDRICAL_SURFACE('',#2717,5.3492);
#238=CYLINDRICAL_SURFACE('',#2720,5.3492);
#239=CYLINDRICAL_SURFACE('',#2723,5.3492);
#240=CYLINDRICAL_SURFACE('',#2726,5.3492);
#241=CYLINDRICAL_SURFACE('',#2729,5.3492);
#242=CYLINDRICAL_SURFACE('',#2732,5.3492);
#243=CYLINDRICAL_SURFACE('',#2735,5.3492);
#244=CYLINDRICAL_SURFACE('',#2738,5.3492);
#245=CYLINDRICAL_SURFACE('',#2745,6.50000000000262);
#246=FACE_OUTER_BOUND('',#375,.T.);
#247=FACE_OUTER_BOUND('',#376,.T.);
#248=FACE_OUTER_BOUND('',#377,.T.);
#249=FACE_OUTER_BOUND('',#378,.T.);
#250=FACE_OUTER_BOUND('',#379,.T.);
#251=FACE_OUTER_BOUND('',#380,.T.);
#252=FACE_OUTER_BOUND('',#381,.T.);
#253=FACE_OUTER_BOUND('',#382,.T.);
#254=FACE_OUTER_BOUND('',#383,.T.);
#255=FACE_OUTER_BOUND('',#384,.T.);
#256=FACE_OUTER_BOUND('',#385,.T.);
#257=FACE_OUTER_BOUND('',#386,.T.);
#258=FACE_OUTER_BOUND('',#387,.T.);
#259=FACE_OUTER_BOUND('',#388,.T.);
#260=FACE_OUTER_BOUND('',#389,.T.);
#261=FACE_OUTER_BOUND('',#390,.T.);
#262=FACE_OUTER_BOUND('',#391,.T.);
#263=FACE_OUTER_BOUND('',#392,.T.);
#264=FACE_OUTER_BOUND('',#393,.T.);
#265=FACE_OUTER_BOUND('',#394,.T.);
#266=FACE_OUTER_BOUND('',#395,.T.);
#267=FACE_OUTER_BOUND('',#396,.T.);
#268=FACE_OUTER_BOUND('',#397,.T.);
#269=FACE_OUTER_BOUND('',#398,.T.);
#270=FACE_OUTER_BOUND('',#399,.T.);
#271=FACE_OUTER_BOUND('',#400,.T.);
#272=FACE_OUTER_BOUND('',#401,.T.);
#273=FACE_OUTER_BOUND('',#402,.T.);
#274=FACE_OUTER_BOUND('',#403,.T.);
#275=FACE_OUTER_BOUND('',#404,.T.);
#276=FACE_OUTER_BOUND('',#405,.T.);
#277=FACE_OUTER_BOUND('',#406,.T.);
#278=FACE_OUTER_BOUND('',#407,.T.);
#279=FACE_OUTER_BOUND('',#408,.T.);
#280=FACE_OUTER_BOUND('',#409,.T.);
#281=FACE_OUTER_BOUND('',#410,.T.);
#282=FACE_OUTER_BOUND('',#411,.T.);
#283=FACE_OUTER_BOUND('',#412,.T.);
#284=FACE_OUTER_BOUND('',#413,.T.);
#285=FACE_OUTER_BOUND('',#414,.T.);
#286=FACE_OUTER_BOUND('',#415,.T.);
#287=FACE_OUTER_BOUND('',#416,.T.);
#288=FACE_OUTER_BOUND('',#417,.T.);
#289=FACE_OUTER_BOUND('',#418,.T.);
#290=FACE_OUTER_BOUND('',#419,.T.);
#291=FACE_OUTER_BOUND('',#420,.T.);
#292=FACE_OUTER_BOUND('',#421,.T.);
#293=FACE_OUTER_BOUND('',#422,.T.);
#294=FACE_OUTER_BOUND('',#423,.T.);
#295=FACE_OUTER_BOUND('',#424,.T.);
#296=FACE_OUTER_BOUND('',#425,.T.);
#297=FACE_OUTER_BOUND('',#426,.T.);
#298=FACE_OUTER_BOUND('',#427,.T.);
#299=FACE_OUTER_BOUND('',#428,.T.);
#300=FACE_OUTER_BOUND('',#429,.T.);
#301=FACE_OUTER_BOUND('',#430,.T.);
#302=FACE_OUTER_BOUND('',#431,.T.);
#303=FACE_OUTER_BOUND('',#432,.T.);
#304=FACE_OUTER_BOUND('',#433,.T.);
#305=FACE_OUTER_BOUND('',#434,.T.);
#306=FACE_OUTER_BOUND('',#435,.T.);
#307=FACE_OUTER_BOUND('',#436,.T.);
#308=FACE_OUTER_BOUND('',#437,.T.);
#309=FACE_OUTER_BOUND('',#438,.T.);
#310=FACE_OUTER_BOUND('',#439,.T.);
#311=FACE_OUTER_BOUND('',#440,.T.);
#312=FACE_OUTER_BOUND('',#441,.T.);
#313=FACE_OUTER_BOUND('',#442,.T.);
#314=FACE_OUTER_BOUND('',#443,.T.);
#315=FACE_OUTER_BOUND('',#444,.T.);
#316=FACE_OUTER_BOUND('',#445,.T.);
#317=FACE_OUTER_BOUND('',#446,.T.);
#318=FACE_OUTER_BOUND('',#447,.T.);
#319=FACE_OUTER_BOUND('',#448,.T.);
#320=FACE_OUTER_BOUND('',#449,.T.);
#321=FACE_OUTER_BOUND('',#450,.T.);
#322=FACE_OUTER_BOUND('',#451,.T.);
#323=FACE_OUTER_BOUND('',#452,.T.);
#324=FACE_OUTER_BOUND('',#453,.T.);
#325=FACE_OUTER_BOUND('',#454,.T.);
#326=FACE_OUTER_BOUND('',#455,.T.);
#327=FACE_OUTER_BOUND('',#456,.T.);
#328=FACE_OUTER_BOUND('',#457,.T.);
#329=FACE_OUTER_BOUND('',#458,.T.);
#330=FACE_OUTER_BOUND('',#459,.T.);
#331=FACE_OUTER_BOUND('',#460,.T.);
#332=FACE_OUTER_BOUND('',#461,.T.);
#333=FACE_OUTER_BOUND('',#462,.T.);
#334=FACE_OUTER_BOUND('',#463,.T.);
#335=FACE_OUTER_BOUND('',#464,.T.);
#336=FACE_OUTER_BOUND('',#465,.T.);
#337=FACE_OUTER_BOUND('',#466,.T.);
#338=FACE_OUTER_BOUND('',#467,.T.);
#339=FACE_OUTER_BOUND('',#468,.T.);
#340=FACE_OUTER_BOUND('',#469,.T.);
#341=FACE_OUTER_BOUND('',#470,.T.);
#342=FACE_OUTER_BOUND('',#471,.T.);
#343=FACE_OUTER_BOUND('',#472,.T.);
#344=FACE_OUTER_BOUND('',#473,.T.);
#345=FACE_OUTER_BOUND('',#474,.T.);
#346=FACE_OUTER_BOUND('',#475,.T.);
#347=FACE_OUTER_BOUND('',#476,.T.);
#348=FACE_OUTER_BOUND('',#477,.T.);
#349=FACE_OUTER_BOUND('',#478,.T.);
#350=FACE_OUTER_BOUND('',#479,.T.);
#351=FACE_OUTER_BOUND('',#480,.T.);
#352=FACE_OUTER_BOUND('',#481,.T.);
#353=FACE_OUTER_BOUND('',#482,.T.);
#354=FACE_OUTER_BOUND('',#483,.T.);
#355=FACE_OUTER_BOUND('',#484,.T.);
#356=FACE_OUTER_BOUND('',#485,.T.);
#357=FACE_OUTER_BOUND('',#486,.T.);
#358=FACE_OUTER_BOUND('',#487,.T.);
#359=FACE_OUTER_BOUND('',#488,.T.);
#360=FACE_OUTER_BOUND('',#489,.T.);
#361=FACE_OUTER_BOUND('',#490,.T.);
#362=FACE_OUTER_BOUND('',#491,.T.);
#363=FACE_OUTER_BOUND('',#492,.T.);
#364=FACE_OUTER_BOUND('',#493,.T.);
#365=FACE_OUTER_BOUND('',#494,.T.);
#366=FACE_OUTER_BOUND('',#495,.T.);
#367=FACE_OUTER_BOUND('',#496,.T.);
#368=FACE_OUTER_BOUND('',#497,.T.);
#369=FACE_OUTER_BOUND('',#498,.T.);
#370=FACE_OUTER_BOUND('',#499,.T.);
#371=FACE_OUTER_BOUND('',#500,.T.);
#372=FACE_OUTER_BOUND('',#502,.T.);
#373=FACE_OUTER_BOUND('',#504,.T.);
#374=FACE_OUTER_BOUND('',#505,.T.);
#375=EDGE_LOOP('',(#1587,#1588,#1589,#1590));
#376=EDGE_LOOP('',(#1591,#1592,#1593,#1594));
#377=EDGE_LOOP('',(#1595,#1596,#1597,#1598));
#378=EDGE_LOOP('',(#1599,#1600,#1601,#1602));
#379=EDGE_LOOP('',(#1603,#1604,#1605,#1606));
#380=EDGE_LOOP('',(#1607,#1608,#1609,#1610));
#381=EDGE_LOOP('',(#1611,#1612,#1613,#1614));
#382=EDGE_LOOP('',(#1615,#1616,#1617,#1618));
#383=EDGE_LOOP('',(#1619,#1620,#1621,#1622));
#384=EDGE_LOOP('',(#1623,#1624,#1625,#1626));
#385=EDGE_LOOP('',(#1627,#1628,#1629,#1630));
#386=EDGE_LOOP('',(#1631,#1632,#1633,#1634));
#387=EDGE_LOOP('',(#1635,#1636,#1637,#1638));
#388=EDGE_LOOP('',(#1639,#1640,#1641,#1642));
#389=EDGE_LOOP('',(#1643,#1644,#1645,#1646));
#390=EDGE_LOOP('',(#1647,#1648,#1649,#1650));
#391=EDGE_LOOP('',(#1651,#1652,#1653,#1654));
#392=EDGE_LOOP('',(#1655,#1656,#1657,#1658));
#393=EDGE_LOOP('',(#1659,#1660,#1661,#1662));
#394=EDGE_LOOP('',(#1663,#1664,#1665,#1666));
#395=EDGE_LOOP('',(#1667,#1668,#1669,#1670));
#396=EDGE_LOOP('',(#1671,#1672,#1673,#1674));
#397=EDGE_LOOP('',(#1675,#1676,#1677,#1678));
#398=EDGE_LOOP('',(#1679,#1680,#1681,#1682));
#399=EDGE_LOOP('',(#1683,#1684,#1685,#1686));
#400=EDGE_LOOP('',(#1687,#1688,#1689,#1690));
#401=EDGE_LOOP('',(#1691,#1692,#1693,#1694));
#402=EDGE_LOOP('',(#1695,#1696,#1697,#1698));
#403=EDGE_LOOP('',(#1699,#1700,#1701,#1702));
#404=EDGE_LOOP('',(#1703,#1704,#1705,#1706));
#405=EDGE_LOOP('',(#1707,#1708,#1709,#1710));
#406=EDGE_LOOP('',(#1711,#1712,#1713,#1714));
#407=EDGE_LOOP('',(#1715,#1716,#1717,#1718));
#408=EDGE_LOOP('',(#1719,#1720,#1721,#1722));
#409=EDGE_LOOP('',(#1723,#1724,#1725,#1726));
#410=EDGE_LOOP('',(#1727,#1728,#1729,#1730));
#411=EDGE_LOOP('',(#1731,#1732,#1733,#1734));
#412=EDGE_LOOP('',(#1735,#1736,#1737,#1738));
#413=EDGE_LOOP('',(#1739,#1740,#1741,#1742));
#414=EDGE_LOOP('',(#1743,#1744,#1745,#1746));
#415=EDGE_LOOP('',(#1747,#1748,#1749,#1750));
#416=EDGE_LOOP('',(#1751,#1752,#1753,#1754));
#417=EDGE_LOOP('',(#1755,#1756,#1757,#1758));
#418=EDGE_LOOP('',(#1759,#1760,#1761,#1762));
#419=EDGE_LOOP('',(#1763,#1764,#1765,#1766));
#420=EDGE_LOOP('',(#1767,#1768,#1769,#1770));
#421=EDGE_LOOP('',(#1771,#1772,#1773,#1774));
#422=EDGE_LOOP('',(#1775,#1776,#1777,#1778));
#423=EDGE_LOOP('',(#1779,#1780,#1781,#1782));
#424=EDGE_LOOP('',(#1783,#1784,#1785,#1786));
#425=EDGE_LOOP('',(#1787,#1788,#1789,#1790));
#426=EDGE_LOOP('',(#1791,#1792,#1793,#1794));
#427=EDGE_LOOP('',(#1795,#1796,#1797,#1798));
#428=EDGE_LOOP('',(#1799,#1800,#1801,#1802));
#429=EDGE_LOOP('',(#1803,#1804,#1805,#1806));
#430=EDGE_LOOP('',(#1807,#1808,#1809,#1810));
#431=EDGE_LOOP('',(#1811,#1812,#1813,#1814));
#432=EDGE_LOOP('',(#1815,#1816,#1817,#1818));
#433=EDGE_LOOP('',(#1819,#1820,#1821,#1822));
#434=EDGE_LOOP('',(#1823,#1824,#1825,#1826));
#435=EDGE_LOOP('',(#1827,#1828,#1829,#1830));
#436=EDGE_LOOP('',(#1831,#1832,#1833,#1834));
#437=EDGE_LOOP('',(#1835,#1836,#1837,#1838));
#438=EDGE_LOOP('',(#1839,#1840,#1841,#1842));
#439=EDGE_LOOP('',(#1843,#1844,#1845,#1846));
#440=EDGE_LOOP('',(#1847,#1848,#1849,#1850));
#441=EDGE_LOOP('',(#1851,#1852,#1853,#1854));
#442=EDGE_LOOP('',(#1855,#1856,#1857,#1858));
#443=EDGE_LOOP('',(#1859,#1860,#1861,#1862));
#444=EDGE_LOOP('',(#1863,#1864,#1865,#1866));
#445=EDGE_LOOP('',(#1867,#1868,#1869,#1870));
#446=EDGE_LOOP('',(#1871,#1872,#1873,#1874));
#447=EDGE_LOOP('',(#1875,#1876,#1877,#1878));
#448=EDGE_LOOP('',(#1879,#1880,#1881,#1882));
#449=EDGE_LOOP('',(#1883,#1884,#1885,#1886));
#450=EDGE_LOOP('',(#1887,#1888,#1889,#1890));
#451=EDGE_LOOP('',(#1891,#1892,#1893,#1894));
#452=EDGE_LOOP('',(#1895,#1896,#1897,#1898));
#453=EDGE_LOOP('',(#1899,#1900,#1901,#1902));
#454=EDGE_LOOP('',(#1903,#1904,#1905,#1906));
#455=EDGE_LOOP('',(#1907,#1908,#1909,#1910));
#456=EDGE_LOOP('',(#1911,#1912,#1913,#1914));
#457=EDGE_LOOP('',(#1915,#1916,#1917,#1918));
#458=EDGE_LOOP('',(#1919,#1920,#1921,#1922));
#459=EDGE_LOOP('',(#1923,#1924,#1925,#1926));
#460=EDGE_LOOP('',(#1927,#1928,#1929,#1930));
#461=EDGE_LOOP('',(#1931,#1932,#1933,#1934));
#462=EDGE_LOOP('',(#1935,#1936,#1937,#1938));
#463=EDGE_LOOP('',(#1939,#1940,#1941,#1942));
#464=EDGE_LOOP('',(#1943,#1944,#1945,#1946));
#465=EDGE_LOOP('',(#1947,#1948,#1949,#1950));
#466=EDGE_LOOP('',(#1951,#1952,#1953,#1954));
#467=EDGE_LOOP('',(#1955,#1956,#1957,#1958));
#468=EDGE_LOOP('',(#1959,#1960,#1961,#1962));
#469=EDGE_LOOP('',(#1963,#1964,#1965,#1966));
#470=EDGE_LOOP('',(#1967,#1968,#1969,#1970));
#471=EDGE_LOOP('',(#1971,#1972,#1973,#1974));
#472=EDGE_LOOP('',(#1975,#1976,#1977,#1978));
#473=EDGE_LOOP('',(#1979,#1980,#1981,#1982));
#474=EDGE_LOOP('',(#1983,#1984,#1985,#1986));
#475=EDGE_LOOP('',(#1987,#1988,#1989,#1990));
#476=EDGE_LOOP('',(#1991,#1992,#1993,#1994));
#477=EDGE_LOOP('',(#1995,#1996,#1997,#1998));
#478=EDGE_LOOP('',(#1999,#2000,#2001,#2002));
#479=EDGE_LOOP('',(#2003,#2004,#2005,#2006));
#480=EDGE_LOOP('',(#2007,#2008,#2009,#2010));
#481=EDGE_LOOP('',(#2011,#2012,#2013,#2014));
#482=EDGE_LOOP('',(#2015,#2016,#2017,#2018));
#483=EDGE_LOOP('',(#2019,#2020,#2021,#2022));
#484=EDGE_LOOP('',(#2023,#2024,#2025,#2026));
#485=EDGE_LOOP('',(#2027,#2028,#2029,#2030));
#486=EDGE_LOOP('',(#2031,#2032,#2033,#2034));
#487=EDGE_LOOP('',(#2035,#2036,#2037,#2038));
#488=EDGE_LOOP('',(#2039,#2040,#2041,#2042));
#489=EDGE_LOOP('',(#2043,#2044,#2045,#2046));
#490=EDGE_LOOP('',(#2047,#2048,#2049,#2050));
#491=EDGE_LOOP('',(#2051,#2052,#2053,#2054));
#492=EDGE_LOOP('',(#2055,#2056,#2057,#2058));
#493=EDGE_LOOP('',(#2059,#2060,#2061,#2062));
#494=EDGE_LOOP('',(#2063,#2064,#2065,#2066));
#495=EDGE_LOOP('',(#2067,#2068,#2069,#2070));
#496=EDGE_LOOP('',(#2071,#2072,#2073,#2074));
#497=EDGE_LOOP('',(#2075,#2076,#2077,#2078));
#498=EDGE_LOOP('',(#2079,#2080,#2081,#2082));
#499=EDGE_LOOP('',(#2083,#2084,#2085,#2086));
#500=EDGE_LOOP('',(#2087,#2088,#2089,#2090,#2091,#2092,#2093,#2094,#2095,
#2096,#2097,#2098,#2099,#2100,#2101,#2102,#2103,#2104,#2105,#2106,#2107,
#2108,#2109,#2110,#2111,#2112,#2113,#2114,#2115,#2116,#2117,#2118,#2119,
#2120,#2121,#2122,#2123,#2124,#2125,#2126,#2127,#2128,#2129,#2130,#2131,
#2132,#2133,#2134,#2135,#2136,#2137,#2138,#2139,#2140,#2141,#2142,#2143,
#2144,#2145,#2146,#2147,#2148,#2149,#2150,#2151,#2152,#2153,#2154,#2155,
#2156,#2157,#2158,#2159,#2160,#2161,#2162,#2163,#2164,#2165,#2166,#2167,
#2168,#2169,#2170,#2171,#2172,#2173,#2174,#2175,#2176,#2177,#2178,#2179,
#2180,#2181,#2182,#2183,#2184,#2185,#2186,#2187,#2188,#2189,#2190,#2191,
#2192,#2193,#2194,#2195,#2196,#2197,#2198,#2199,#2200,#2201,#2202,#2203,
#2204,#2205,#2206,#2207,#2208,#2209,#2210,#2211,#2212));
#501=EDGE_LOOP('',(#2213));
#502=EDGE_LOOP('',(#2214,#2215,#2216,#2217,#2218,#2219,#2220,#2221,#2222,
#2223,#2224,#2225,#2226,#2227,#2228,#2229,#2230,#2231,#2232,#2233,#2234,
#2235,#2236,#2237,#2238,#2239,#2240,#2241,#2242,#2243,#2244,#2245,#2246,
#2247,#2248,#2249,#2250,#2251,#2252,#2253,#2254,#2255,#2256,#2257,#2258,
#2259,#2260,#2261,#2262,#2263,#2264,#2265,#2266,#2267,#2268,#2269,#2270,
#2271,#2272,#2273,#2274,#2275,#2276,#2277,#2278,#2279,#2280,#2281,#2282,
#2283,#2284,#2285,#2286,#2287,#2288,#2289,#2290,#2291,#2292,#2293,#2294,
#2295,#2296,#2297,#2298,#2299,#2300,#2301,#2302,#2303,#2304,#2305,#2306,
#2307,#2308,#2309,#2310,#2311,#2312,#2313,#2314,#2315,#2316,#2317,#2318,
#2319,#2320,#2321,#2322,#2323,#2324,#2325,#2326,#2327,#2328,#2329,#2330,
#2331,#2332,#2333,#2334,#2335,#2336,#2337,#2338,#2339));
#503=EDGE_LOOP('',(#2340));
#504=EDGE_LOOP('',(#2341,#2342,#2343,#2344));
#505=EDGE_LOOP('',(#2345,#2346,#2347,#2348));
#506=LINE('',#3388,#711);
#507=LINE('',#3390,#712);
#508=LINE('',#3391,#713);
#509=LINE('',#3402,#714);
#510=LINE('',#3404,#715);
#511=LINE('',#3405,#716);
#512=LINE('',#3409,#717);
#513=LINE('',#3411,#718);
#514=LINE('',#3413,#719);
#515=LINE('',#3414,#720);
#516=LINE('',#3417,#721);
#517=LINE('',#3419,#722);
#518=LINE('',#3420,#723);
#519=LINE('',#3423,#724);
#520=LINE('',#3425,#725);
#521=LINE('',#3426,#726);
#522=LINE('',#3429,#727);
#523=LINE('',#3431,#728);
#524=LINE('',#3432,#729);
#525=LINE('',#3438,#730);
#526=LINE('',#3441,#731);
#527=LINE('',#3443,#732);
#528=LINE('',#3444,#733);
#529=LINE('',#3450,#734);
#530=LINE('',#3453,#735);
#531=LINE('',#3455,#736);
#532=LINE('',#3456,#737);
#533=LINE('',#3459,#738);
#534=LINE('',#3461,#739);
#535=LINE('',#3462,#740);
#536=LINE('',#3465,#741);
#537=LINE('',#3467,#742);
#538=LINE('',#3468,#743);
#539=LINE('',#3471,#744);
#540=LINE('',#3473,#745);
#541=LINE('',#3474,#746);
#542=LINE('',#3477,#747);
#543=LINE('',#3479,#748);
#544=LINE('',#3480,#749);
#545=LINE('',#3482,#750);
#546=LINE('',#3483,#751);
#547=LINE('',#3494,#752);
#548=LINE('',#3502,#753);
#549=LINE('',#3513,#754);
#550=LINE('',#3521,#755);
#551=LINE('',#3527,#756);
#552=LINE('',#3530,#757);
#553=LINE('',#3532,#758);
#554=LINE('',#3533,#759);
#555=LINE('',#3536,#760);
#556=LINE('',#3538,#761);
#557=LINE('',#3539,#762);
#558=LINE('',#3541,#763);
#559=LINE('',#3542,#764);
#560=LINE('',#3548,#765);
#561=LINE('',#3551,#766);
#562=LINE('',#3934,#767);
#563=LINE('',#4133,#768);
#564=LINE('',#4318,#769);
#565=LINE('',#4368,#770);
#566=LINE('',#4571,#771);
#567=LINE('',#4649,#772);
#568=LINE('',#4651,#773);
#569=LINE('',#4652,#774);
#570=LINE('',#4657,#775);
#571=LINE('',#4663,#776);
#572=LINE('',#4669,#777);
#573=LINE('',#4673,#778);
#574=LINE('',#4675,#779);
#575=LINE('',#4676,#780);
#576=LINE('',#4682,#781);
#577=LINE('',#4685,#782);
#578=LINE('',#4688,#783);
#579=LINE('',#4690,#784);
#580=LINE('',#4691,#785);
#581=LINE('',#4697,#786);
#582=LINE('',#4700,#787);
#583=LINE('',#4703,#788);
#584=LINE('',#4705,#789);
#585=LINE('',#4706,#790);
#586=LINE('',#4712,#791);
#587=LINE('',#4715,#792);
#588=LINE('',#4718,#793);
#589=LINE('',#4720,#794);
#590=LINE('',#4721,#795);
#591=LINE('',#4727,#796);
#592=LINE('',#4730,#797);
#593=LINE('',#4733,#798);
#594=LINE('',#4735,#799);
#595=LINE('',#4736,#800);
#596=LINE('',#4742,#801);
#597=LINE('',#4745,#802);
#598=LINE('',#4748,#803);
#599=LINE('',#4750,#804);
#600=LINE('',#4751,#805);
#601=LINE('',#4757,#806);
#602=LINE('',#4760,#807);
#603=LINE('',#4763,#808);
#604=LINE('',#4765,#809);
#605=LINE('',#4766,#810);
#606=LINE('',#4772,#811);
#607=LINE('',#4775,#812);
#608=LINE('',#4778,#813);
#609=LINE('',#4780,#814);
#610=LINE('',#4781,#815);
#611=LINE('',#4787,#816);
#612=LINE('',#4790,#817);
#613=LINE('',#4793,#818);
#614=LINE('',#4795,#819);
#615=LINE('',#4796,#820);
#616=LINE('',#4802,#821);
#617=LINE('',#4805,#822);
#618=LINE('',#4808,#823);
#619=LINE('',#4810,#824);
#620=LINE('',#4811,#825);
#621=LINE('',#4817,#826);
#622=LINE('',#4820,#827);
#623=LINE('',#4823,#828);
#624=LINE('',#4825,#829);
#625=LINE('',#4826,#830);
#626=LINE('',#4832,#831);
#627=LINE('',#4835,#832);
#628=LINE('',#4838,#833);
#629=LINE('',#4840,#834);
#630=LINE('',#4841,#835);
#631=LINE('',#4847,#836);
#632=LINE('',#4850,#837);
#633=LINE('',#4853,#838);
#634=LINE('',#4855,#839);
#635=LINE('',#4856,#840);
#636=LINE('',#4862,#841);
#637=LINE('',#4865,#842);
#638=LINE('',#4868,#843);
#639=LINE('',#4870,#844);
#640=LINE('',#4871,#845);
#641=LINE('',#4877,#846);
#642=LINE('',#4880,#847);
#643=LINE('',#4883,#848);
#644=LINE('',#4885,#849);
#645=LINE('',#4886,#850);
#646=LINE('',#4892,#851);
#647=LINE('',#4895,#852);
#648=LINE('',#4898,#853);
#649=LINE('',#4900,#854);
#650=LINE('',#4901,#855);
#651=LINE('',#4907,#856);
#652=LINE('',#4910,#857);
#653=LINE('',#4913,#858);
#654=LINE('',#4915,#859);
#655=LINE('',#4916,#860);
#656=LINE('',#4922,#861);
#657=LINE('',#4925,#862);
#658=LINE('',#4928,#863);
#659=LINE('',#4930,#864);
#660=LINE('',#4931,#865);
#661=LINE('',#4937,#866);
#662=LINE('',#4940,#867);
#663=LINE('',#4943,#868);
#664=LINE('',#4945,#869);
#665=LINE('',#4946,#870);
#666=LINE('',#4952,#871);
#667=LINE('',#4955,#872);
#668=LINE('',#4958,#873);
#669=LINE('',#4960,#874);
#670=LINE('',#4961,#875);
#671=LINE('',#4967,#876);
#672=LINE('',#4970,#877);
#673=LINE('',#4973,#878);
#674=LINE('',#4975,#879);
#675=LINE('',#4976,#880);
#676=LINE('',#4982,#881);
#677=LINE('',#4985,#882);
#678=LINE('',#4988,#883);
#679=LINE('',#4990,#884);
#680=LINE('',#4991,#885);
#681=LINE('',#4997,#886);
#682=LINE('',#5000,#887);
#683=LINE('',#5003,#888);
#684=LINE('',#5005,#889);
#685=LINE('',#5006,#890);
#686=LINE('',#5165,#891);
#687=LINE('',#5245,#892);
#688=LINE('',#5722,#893);
#689=LINE('',#5802,#894);
#690=LINE('',#6279,#895);
#691=LINE('',#6359,#896);
#692=LINE('',#6836,#897);
#693=LINE('',#6916,#898);
#694=LINE('',#7393,#899);
#695=LINE('',#7473,#900);
#696=LINE('',#7950,#901);
#697=LINE('',#8030,#902);
#698=LINE('',#8507,#903);
#699=LINE('',#8587,#904);
#700=LINE('',#9064,#905);
#701=LINE('',#9144,#906);
#702=LINE('',#9621,#907);
#703=LINE('',#9701,#908);
#704=LINE('',#10135,#909);
#705=LINE('',#10215,#910);
#706=LINE('',#10692,#911);
#707=LINE('',#10772,#912);
#708=LINE('',#11249,#913);
#709=LINE('',#11535,#914);
#710=LINE('',#11748,#915);
#711=VECTOR('',#2753,10.);
#712=VECTOR('',#2754,10.);
#713=VECTOR('',#2755,10.);
#714=VECTOR('',#2758,10.);
#715=VECTOR('',#2759,10.);
#716=VECTOR('',#2760,10.);
#717=VECTOR('',#2763,10.);
#718=VECTOR('',#2764,10.);
#719=VECTOR('',#2765,10.);
#720=VECTOR('',#2766,10.);
#721=VECTOR('',#2769,10.);
#722=VECTOR('',#2770,10.);
#723=VECTOR('',#2771,10.);
#724=VECTOR('',#2774,10.);
#725=VECTOR('',#2775,10.);
#726=VECTOR('',#2776,10.);
#727=VECTOR('',#2779,10.);
#728=VECTOR('',#2780,10.);
#729=VECTOR('',#2781,10.);
#730=VECTOR('',#2788,10.);
#731=VECTOR('',#2791,10.);
#732=VECTOR('',#2792,10.);
#733=VECTOR('',#2793,10.);
#734=VECTOR('',#2800,10.);
#735=VECTOR('',#2803,10.);
#736=VECTOR('',#2804,10.);
#737=VECTOR('',#2805,10.);
#738=VECTOR('',#2808,10.);
#739=VECTOR('',#2809,10.);
#740=VECTOR('',#2810,10.);
#741=VECTOR('',#2813,10.);
#742=VECTOR('',#2814,10.);
#743=VECTOR('',#2815,10.);
#744=VECTOR('',#2818,10.);
#745=VECTOR('',#2819,10.);
#746=VECTOR('',#2820,10.);
#747=VECTOR('',#2823,10.);
#748=VECTOR('',#2824,10.);
#749=VECTOR('',#2825,10.);
#750=VECTOR('',#2828,10.);
#751=VECTOR('',#2829,10.);
#752=VECTOR('',#2832,10.);
#753=VECTOR('',#2833,10.);
#754=VECTOR('',#2836,10.);
#755=VECTOR('',#2837,10.);
#756=VECTOR('',#2844,10.);
#757=VECTOR('',#2847,10.);
#758=VECTOR('',#2848,10.);
#759=VECTOR('',#2849,10.);
#760=VECTOR('',#2852,10.);
#761=VECTOR('',#2853,10.);
#762=VECTOR('',#2854,10.);
#763=VECTOR('',#2857,10.);
#764=VECTOR('',#2858,10.);
#765=VECTOR('',#2863,10.);
#766=VECTOR('',#2866,10.);
#767=VECTOR('',#2871,1.55);
#768=VECTOR('',#2874,10.);
#769=VECTOR('',#2875,10.);
#770=VECTOR('',#2880,10.);
#771=VECTOR('',#2883,10.);
#772=VECTOR('',#2886,10.);
#773=VECTOR('',#2887,10.);
#774=VECTOR('',#2888,10.);
#775=VECTOR('',#2893,10.);
#776=VECTOR('',#2900,10.);
#777=VECTOR('',#2907,10.);
#778=VECTOR('',#2912,10.);
#779=VECTOR('',#2913,10.);
#780=VECTOR('',#2914,10.);
#781=VECTOR('',#2919,10.);
#782=VECTOR('',#2922,10.);
#783=VECTOR('',#2925,10.);
#784=VECTOR('',#2926,10.);
#785=VECTOR('',#2927,10.);
#786=VECTOR('',#2932,10.);
#787=VECTOR('',#2935,10.);
#788=VECTOR('',#2938,10.);
#789=VECTOR('',#2939,10.);
#790=VECTOR('',#2940,10.);
#791=VECTOR('',#2945,10.);
#792=VECTOR('',#2948,10.);
#793=VECTOR('',#2951,10.);
#794=VECTOR('',#2952,10.);
#795=VECTOR('',#2953,10.);
#796=VECTOR('',#2958,10.);
#797=VECTOR('',#2961,10.);
#798=VECTOR('',#2964,10.);
#799=VECTOR('',#2965,10.);
#800=VECTOR('',#2966,10.);
#801=VECTOR('',#2971,10.);
#802=VECTOR('',#2974,10.);
#803=VECTOR('',#2977,10.);
#804=VECTOR('',#2978,10.);
#805=VECTOR('',#2979,10.);
#806=VECTOR('',#2984,10.);
#807=VECTOR('',#2987,10.);
#808=VECTOR('',#2990,10.);
#809=VECTOR('',#2991,10.);
#810=VECTOR('',#2992,10.);
#811=VECTOR('',#2997,10.);
#812=VECTOR('',#3000,10.);
#813=VECTOR('',#3003,10.);
#814=VECTOR('',#3004,10.);
#815=VECTOR('',#3005,10.);
#816=VECTOR('',#3010,10.);
#817=VECTOR('',#3013,10.);
#818=VECTOR('',#3016,10.);
#819=VECTOR('',#3017,10.);
#820=VECTOR('',#3018,10.);
#821=VECTOR('',#3023,10.);
#822=VECTOR('',#3026,10.);
#823=VECTOR('',#3029,10.);
#824=VECTOR('',#3030,10.);
#825=VECTOR('',#3031,10.);
#826=VECTOR('',#3036,10.);
#827=VECTOR('',#3039,10.);
#828=VECTOR('',#3042,10.);
#829=VECTOR('',#3043,10.);
#830=VECTOR('',#3044,10.);
#831=VECTOR('',#3049,10.);
#832=VECTOR('',#3052,10.);
#833=VECTOR('',#3055,10.);
#834=VECTOR('',#3056,10.);
#835=VECTOR('',#3057,10.);
#836=VECTOR('',#3062,10.);
#837=VECTOR('',#3065,10.);
#838=VECTOR('',#3068,10.);
#839=VECTOR('',#3069,10.);
#840=VECTOR('',#3070,10.);
#841=VECTOR('',#3075,10.);
#842=VECTOR('',#3078,10.);
#843=VECTOR('',#3081,10.);
#844=VECTOR('',#3082,10.);
#845=VECTOR('',#3083,10.);
#846=VECTOR('',#3088,10.);
#847=VECTOR('',#3091,10.);
#848=VECTOR('',#3094,10.);
#849=VECTOR('',#3095,10.);
#850=VECTOR('',#3096,10.);
#851=VECTOR('',#3101,10.);
#852=VECTOR('',#3104,10.);
#853=VECTOR('',#3107,10.);
#854=VECTOR('',#3108,10.);
#855=VECTOR('',#3109,10.);
#856=VECTOR('',#3114,10.);
#857=VECTOR('',#3117,10.);
#858=VECTOR('',#3120,10.);
#859=VECTOR('',#3121,10.);
#860=VECTOR('',#3122,10.);
#861=VECTOR('',#3127,10.);
#862=VECTOR('',#3130,10.);
#863=VECTOR('',#3133,10.);
#864=VECTOR('',#3134,10.);
#865=VECTOR('',#3135,10.);
#866=VECTOR('',#3140,10.);
#867=VECTOR('',#3143,10.);
#868=VECTOR('',#3146,10.);
#869=VECTOR('',#3147,10.);
#870=VECTOR('',#3148,10.);
#871=VECTOR('',#3153,10.);
#872=VECTOR('',#3156,10.);
#873=VECTOR('',#3159,10.);
#874=VECTOR('',#3160,10.);
#875=VECTOR('',#3161,10.);
#876=VECTOR('',#3166,10.);
#877=VECTOR('',#3169,10.);
#878=VECTOR('',#3172,10.);
#879=VECTOR('',#3173,10.);
#880=VECTOR('',#3174,10.);
#881=VECTOR('',#3179,10.);
#882=VECTOR('',#3182,10.);
#883=VECTOR('',#3185,10.);
#884=VECTOR('',#3186,10.);
#885=VECTOR('',#3187,10.);
#886=VECTOR('',#3192,10.);
#887=VECTOR('',#3195,10.);
#888=VECTOR('',#3198,10.);
#889=VECTOR('',#3199,10.);
#890=VECTOR('',#3200,10.);
#891=VECTOR('',#3201,10.);
#892=VECTOR('',#3206,10.);
#893=VECTOR('',#3209,10.);
#894=VECTOR('',#3214,10.);
#895=VECTOR('',#3217,10.);
#896=VECTOR('',#3222,10.);
#897=VECTOR('',#3225,10.);
#898=VECTOR('',#3230,10.);
#899=VECTOR('',#3233,10.);
#900=VECTOR('',#3238,10.);
#901=VECTOR('',#3241,10.);
#902=VECTOR('',#3246,10.);
#903=VECTOR('',#3249,10.);
#904=VECTOR('',#3254,10.);
#905=VECTOR('',#3257,10.);
#906=VECTOR('',#3262,10.);
#907=VECTOR('',#3265,10.);
#908=VECTOR('',#3270,10.);
#909=VECTOR('',#3273,10.);
#910=VECTOR('',#3278,10.);
#911=VECTOR('',#3281,10.);
#912=VECTOR('',#3286,10.);
#913=VECTOR('',#3289,10.);
#914=VECTOR('',#3362,10.);
#915=VECTOR('',#3371,10.);
#916=B_SPLINE_CURVE_WITH_KNOTS('',3,(#3381,#3382,#3383,#3384,#3385,#3386),
 .UNSPECIFIED.,.F.,.F.,(4,2,4),(-0.3,-0.15,0.),.UNSPECIFIED.);
#917=B_SPLINE_CURVE_WITH_KNOTS('',3,(#3395,#3396,#3397,#3398,#3399,#3400),
 .UNSPECIFIED.,.F.,.F.,(4,2,4),(-0.3,-0.15,0.),.UNSPECIFIED.);
#918=B_SPLINE_CURVE_WITH_KNOTS('',3,(#3487,#3488,#3489,#3490,#3491,#3492),
 .UNSPECIFIED.,.F.,.F.,(4,2,4),(-0.3,-0.15,0.),.UNSPECIFIED.);
#919=B_SPLINE_CURVE_WITH_KNOTS('',3,(#3496,#3497,#3498,#3499,#3500,#3501),
 .UNSPECIFIED.,.F.,.F.,(4,2,4),(-0.3,-0.15,0.),.UNSPECIFIED.);
#920=B_SPLINE_CURVE_WITH_KNOTS('',3,(#3506,#3507,#3508,#3509,#3510,#3511),
 .UNSPECIFIED.,.F.,.F.,(4,2,4),(-0.3,-0.15,0.),.UNSPECIFIED.);
#921=B_SPLINE_CURVE_WITH_KNOTS('',3,(#3515,#3516,#3517,#3518,#3519,#3520),
 .UNSPECIFIED.,.F.,.F.,(4,2,4),(-0.3,-0.15,0.),.UNSPECIFIED.);
#922=B_SPLINE_CURVE_WITH_KNOTS('',3,(#3702,#3703,#3704,#3705,#3706,#3707,
#3708),.UNSPECIFIED.,.F.,.F.,(4,3,4),(-0.0232606077759756,-0.00857395608384417,
0.),.UNSPECIFIED.);
#923=B_SPLINE_CURVE_WITH_KNOTS('',3,(#3917,#3918,#3919,#3920,#3921,#3922,
#3923,#3924,#3925,#3926,#3927,#3928,#3929),.UNSPECIFIED.,.F.,.F.,(4,3,3,
3,4),(-0.00206727446540608,-0.00197767061147261,-0.00185343810293419,-0.00175707756551908,
-0.00174610528329078),.UNSPECIFIED.);
#924=B_SPLINE_CURVE_WITH_KNOTS('',3,(#4134,#4135,#4136,#4137,#4138,#4139,
#4140,#4141,#4142,#4143,#4144,#4145,#4146,#4147,#4148,#4149),
 .UNSPECIFIED.,.F.,.F.,(4,3,3,3,3,4),(-0.00206727446338993,-0.00197019656894732,
-0.00183335073465563,-0.00172759056302113,-0.00165448466268291,-0.00162183039138663),
 .UNSPECIFIED.);
#925=B_SPLINE_CURVE_WITH_KNOTS('',3,(#4301,#4302,#4303,#4304,#4305,#4306,
#4307,#4308,#4309,#4310,#4311,#4312,#4313,#4314,#4315,#4316),
 .UNSPECIFIED.,.F.,.F.,(4,3,3,3,3,4),(-0.053914870441962,-0.0448028121611946,
-0.0292294504850806,-0.0139285479084537,-0.00181468312376565,0.),
 .UNSPECIFIED.);
#926=B_SPLINE_CURVE_WITH_KNOTS('',3,(#4521,#4522,#4523,#4524,#4525,#4526,
#4527,#4528,#4529,#4530,#4531,#4532,#4533,#4534,#4535,#4536,#4537,#4538,
#4539,#4540,#4541,#4542,#4543,#4544,#4545,#4546,#4547,#4548,#4549,#4550,
#4551,#4552,#4553,#4554,#4555,#4556,#4557,#4558,#4559,#4560,#4561,#4562,
#4563,#4564,#4565,#4566,#4567,#4568,#4569),.UNSPECIFIED.,.F.,.F.,(4,3,3,
3,3,3,3,3,3,3,3,3,3,3,3,3,4),(-0.00206727446673714,-0.00181638697088017,
-0.00145396557476787,-0.0010904741810759,-0.000860708737837195,-0.000727853315284539,
-0.000618495264390123,-0.000487215134073662,-0.000412434396046294,-0.000335196873651584,
-0.000274218196091461,-0.000205663647068596,-0.000154247735301447,-0.000103812216587594,
-5.19061082937972E-5,-7.13977564238693E-6,0.),.UNSPECIFIED.);
#927=B_SPLINE_CURVE_WITH_KNOTS('',3,(#5158,#5159,#5160,#5161,#5162,#5163),
 .UNSPECIFIED.,.F.,.F.,(4,2,4),(-0.110095120105926,-0.0474595884413225,
0.),.UNSPECIFIED.);
#928=B_SPLINE_CURVE_WITH_KNOTS('',3,(#5397,#5398,#5399,#5400,#5401,#5402,
#5403,#5404,#5405,#5406,#5407,#5408,#5409,#5410,#5411,#5412,#5413,#5414,
#5415,#5416,#5417,#5418,#5419,#5420,#5421,#5422,#5423,#5424,#5425,#5426,
#5427,#5428,#5429,#5430,#5431,#5432,#5433,#5434,#5435,#5436,#5437,#5438,
#5439,#5440,#5441,#5442,#5443,#5444,#5445),.UNSPECIFIED.,.F.,.F.,(4,3,3,
3,3,3,3,3,3,3,3,3,3,3,3,3,4),(-0.00206727446278487,-0.00181638696730399,
-0.00145396557222014,-0.00109047417916511,-0.000860708734657832,-0.000727853313675985,
-0.000618495263074056,-0.000487215133421325,-0.000412434395561367,-0.000335196873157439,
-0.000274218195711752,-0.000205663646783814,-0.00015424773508786,-0.000103812216498548,
-5.19061082492739E-5,-7.13977568388699E-6,0.),.UNSPECIFIED.);
#929=B_SPLINE_CURVE_WITH_KNOTS('',3,(#5672,#5673,#5674,#5675,#5676,#5677,
#5678,#5679,#5680,#5681,#5682,#5683,#5684,#5685,#5686,#5687,#5688,#5689,
#5690,#5691,#5692,#5693,#5694,#5695,#5696,#5697,#5698,#5699,#5700,#5701,
#5702,#5703,#5704,#5705,#5706,#5707,#5708,#5709,#5710,#5711,#5712,#5713,
#5714,#5715,#5716,#5717,#5718,#5719,#5720),.UNSPECIFIED.,.F.,.F.,(4,3,3,
3,3,3,3,3,3,3,3,3,3,3,3,3,4),(-0.110095120072143,-0.107645624244723,-0.104281698487076,
-0.101727203727343,-0.0989908411637632,-0.0947365755851894,-0.0912987195499428,
-0.0860936761145871,-0.0813889697452905,-0.0761710320322888,-0.0691763216438381,
-0.0597522767137644,-0.050172897212349,-0.0331469770368817,-0.0155196323597658,
-0.00163831542453508,0.),.UNSPECIFIED.);
#930=B_SPLINE_CURVE_WITH_KNOTS('',3,(#5954,#5955,#5956,#5957,#5958,#5959,
#5960,#5961,#5962,#5963,#5964,#5965,#5966,#5967,#5968,#5969,#5970,#5971,
#5972,#5973,#5974,#5975,#5976,#5977,#5978,#5979,#5980,#5981,#5982,#5983,
#5984,#5985,#5986,#5987,#5988,#5989,#5990,#5991,#5992,#5993,#5994,#5995,
#5996,#5997,#5998,#5999,#6000,#6001,#6002),.UNSPECIFIED.,.F.,.F.,(4,3,3,
3,3,3,3,3,3,3,3,3,3,3,3,3,4),(-0.00206727446772605,-0.0018163869716101,
-0.00145396557551596,-0.00109047418163697,-0.00086070873670888,-0.000727853315517241,
-0.000618495264613742,-0.00048721513446373,-0.000412434396404672,-0.000335196873887858,
-0.000274218196289252,-0.000205663647216939,-0.000154247735412704,-0.000103812216682903,
-5.19061083414513E-5,-7.13977565713818E-6,0.),.UNSPECIFIED.);
#931=B_SPLINE_CURVE_WITH_KNOTS('',3,(#6229,#6230,#6231,#6232,#6233,#6234,
#6235,#6236,#6237,#6238,#6239,#6240,#6241,#6242,#6243,#6244,#6245,#6246,
#6247,#6248,#6249,#6250,#6251,#6252,#6253,#6254,#6255,#6256,#6257,#6258,
#6259,#6260,#6261,#6262,#6263,#6264,#6265,#6266,#6267,#6268,#6269,#6270,
#6271,#6272,#6273,#6274,#6275,#6276,#6277),.UNSPECIFIED.,.F.,.F.,(4,3,3,
3,3,3,3,3,3,3,3,3,3,3,3,3,4),(-0.110095120083136,-0.107645624256187,-0.104281698498182,
-0.101727203738193,-0.0989908411740888,-0.094736575594917,-0.0912987195595932,
-0.0860936761187929,-0.0813889697555466,-0.0761710320425105,-0.0691763216488874,
-0.0597522767650744,-0.0501728972506285,-0.0331469769994613,-0.0155196322722458,
-0.00163831528782256,0.),.UNSPECIFIED.);
#932=B_SPLINE_CURVE_WITH_KNOTS('',3,(#6511,#6512,#6513,#6514,#6515,#6516,
#6517,#6518,#6519,#6520,#6521,#6522,#6523,#6524,#6525,#6526,#6527,#6528,
#6529,#6530,#6531,#6532,#6533,#6534,#6535,#6536,#6537,#6538,#6539,#6540,
#6541,#6542,#6543,#6544,#6545,#6546,#6547,#6548,#6549,#6550,#6551,#6552,
#6553,#6554,#6555,#6556,#6557,#6558,#6559),.UNSPECIFIED.,.F.,.F.,(4,3,3,
3,3,3,3,3,3,3,3,3,3,3,3,3,4),(-0.00206727446713111,-0.00181638697194153,
-0.00145396557583351,-0.00109047418187513,-0.000860708732938254,-0.000727853314795432,
-0.000618495264100089,-0.000487215134935567,-0.000412434396956889,-0.000335196874100263,
-0.000274218196523193,-0.000205663647392394,-0.000154247735544296,-0.000103812216897086,
-5.19061084485429E-5,-7.13977577478592E-6,0.),.UNSPECIFIED.);
#933=B_SPLINE_CURVE_WITH_KNOTS('',3,(#6786,#6787,#6788,#6789,#6790,#6791,
#6792,#6793,#6794,#6795,#6796,#6797,#6798,#6799,#6800,#6801,#6802,#6803,
#6804,#6805,#6806,#6807,#6808,#6809,#6810,#6811,#6812,#6813,#6814,#6815,
#6816,#6817,#6818,#6819,#6820,#6821,#6822,#6823,#6824,#6825,#6826,#6827,
#6828,#6829,#6830,#6831,#6832,#6833,#6834),.UNSPECIFIED.,.F.,.F.,(4,3,3,
3,3,3,3,3,3,3,3,3,3,3,3,3,4),(-0.110095120084508,-0.107645624257465,-0.104281698499419,
-0.101727203739348,-0.0989908411753633,-0.0947365755956197,-0.091298719559568,
-0.0860936761186198,-0.0813889697574016,-0.0761710320448726,-0.0691763216499009,
-0.0597522767443104,-0.0501728972334261,-0.03314697702293,-0.015519632342751,
-0.00163831541102289,0.),.UNSPECIFIED.);
#934=B_SPLINE_CURVE_WITH_KNOTS('',3,(#7068,#7069,#7070,#7071,#7072,#7073,
#7074,#7075,#7076,#7077,#7078,#7079,#7080,#7081,#7082,#7083,#7084,#7085,
#7086,#7087,#7088,#7089,#7090,#7091,#7092,#7093,#7094,#7095,#7096,#7097,
#7098,#7099,#7100,#7101,#7102,#7103,#7104,#7105,#7106,#7107,#7108,#7109,
#7110,#7111,#7112,#7113,#7114,#7115,#7116),.UNSPECIFIED.,.F.,.F.,(4,3,3,
3,3,3,3,3,3,3,3,3,3,3,3,3,4),(-0.0020672744668243,-0.0018163869711992,-0.00145396557480794,
-0.00109047418110596,-0.000860708738126491,-0.000727853315423206,-0.000618495264498787,
-0.000487215133928017,-0.000412434395884399,-0.000335196873566317,-0.000274218195999321,
-0.000205663646999491,-0.000154247735249618,-0.000103812216520437,-5.19061082602187E-5,
-7.13977561373924E-6,0.),.UNSPECIFIED.);
#935=B_SPLINE_CURVE_WITH_KNOTS('',3,(#7343,#7344,#7345,#7346,#7347,#7348,
#7349,#7350,#7351,#7352,#7353,#7354,#7355,#7356,#7357,#7358,#7359,#7360,
#7361,#7362,#7363,#7364,#7365,#7366,#7367,#7368,#7369,#7370,#7371,#7372,
#7373,#7374,#7375,#7376,#7377,#7378,#7379,#7380,#7381,#7382,#7383,#7384,
#7385,#7386,#7387,#7388,#7389,#7390,#7391),.UNSPECIFIED.,.F.,.F.,(4,3,3,
3,3,3,3,3,3,3,3,3,3,3,3,3,4),(-0.110095120079276,-0.107645624252031,-0.104281698494155,
-0.101727203734201,-0.098990841170268,-0.0947365755918647,-0.0912987195570586,
-0.0860936761178903,-0.0813889697520188,-0.0761710320390096,-0.0691763216470891,
-0.059752276742292,-0.0501728972357306,-0.0331469770397719,-0.0155196323832949,
-0.00163831546456108,0.),.UNSPECIFIED.);
#936=B_SPLINE_CURVE_WITH_KNOTS('',3,(#7625,#7626,#7627,#7628,#7629,#7630,
#7631,#7632,#7633,#7634,#7635,#7636,#7637,#7638,#7639,#7640,#7641,#7642,
#7643,#7644,#7645,#7646,#7647,#7648,#7649,#7650,#7651,#7652,#7653,#7654,
#7655,#7656,#7657,#7658,#7659,#7660,#7661,#7662,#7663,#7664,#7665,#7666,
#7667,#7668,#7669,#7670,#7671,#7672,#7673),.UNSPECIFIED.,.F.,.F.,(4,3,3,
3,3,3,3,3,3,3,3,3,3,3,3,3,4),(-0.00206727446676729,-0.00181638697094269,
-0.0014539655747941,-0.00109047418109557,-0.000860708737038174,-0.000727853315217473,
-0.000618495264345977,-0.000487215134197769,-0.000412434396181395,-0.000335196873718378,
-0.000274218196152889,-0.000205663647114666,-0.000154247735336,-0.000103812216635261,
-5.19061083176305E-5,-7.1397756620891E-6,0.),.UNSPECIFIED.);
#937=B_SPLINE_CURVE_WITH_KNOTS('',3,(#7900,#7901,#7902,#7903,#7904,#7905,
#7906,#7907,#7908,#7909,#7910,#7911,#7912,#7913,#7914,#7915,#7916,#7917,
#7918,#7919,#7920,#7921,#7922,#7923,#7924,#7925,#7926,#7927,#7928,#7929,
#7930,#7931,#7932,#7933,#7934,#7935,#7936,#7937,#7938,#7939,#7940,#7941,
#7942,#7943,#7944,#7945,#7946,#7947,#7948),.UNSPECIFIED.,.F.,.F.,(4,3,3,
3,3,3,3,3,3,3,3,3,3,3,3,3,4),(-0.110095120063762,-0.107645624236759,-0.10428169847936,
-0.101727203719839,-0.0989908411563287,-0.0947365755784155,-0.0912987195438668,
-0.0860936761060539,-0.0813889697397546,-0.0761710320278276,-0.0691763216369406,
-0.0597522767462535,-0.0501728972354914,-0.033146977040178,-0.0155196324041789,
-0.00163831551829881,0.),.UNSPECIFIED.);
#938=B_SPLINE_CURVE_WITH_KNOTS('',3,(#8182,#8183,#8184,#8185,#8186,#8187,
#8188,#8189,#8190,#8191,#8192,#8193,#8194,#8195,#8196,#8197,#8198,#8199,
#8200,#8201,#8202,#8203,#8204,#8205,#8206,#8207,#8208,#8209,#8210,#8211,
#8212,#8213,#8214,#8215,#8216,#8217,#8218,#8219,#8220,#8221,#8222,#8223,
#8224,#8225,#8226,#8227,#8228,#8229,#8230),.UNSPECIFIED.,.F.,.F.,(4,3,3,
3,3,3,3,3,3,3,3,3,3,3,3,3,4),(-0.00206727446428328,-0.00181638696815292,
-0.00145396557263886,-0.00109047417947915,-0.000860708738587419,-0.000727853314647481,
-0.000618495263804616,-0.000487215133219514,-0.000412434395259389,-0.000335196873113283,
-0.000274218195627831,-0.000205663646720874,-0.000154247735040655,-0.000103812216358575,
-5.19061081792874E-5,-7.13977558583805E-6,0.),.UNSPECIFIED.);
#939=B_SPLINE_CURVE_WITH_KNOTS('',3,(#8457,#8458,#8459,#8460,#8461,#8462,
#8463,#8464,#8465,#8466,#8467,#8468,#8469,#8470,#8471,#8472,#8473,#8474,
#8475,#8476,#8477,#8478,#8479,#8480,#8481,#8482,#8483,#8484,#8485,#8486,
#8487,#8488,#8489,#8490,#8491,#8492,#8493,#8494,#8495,#8496,#8497,#8498,
#8499,#8500,#8501,#8502,#8503,#8504,#8505),.UNSPECIFIED.,.F.,.F.,(4,3,3,
3,3,3,3,3,3,3,3,3,3,3,3,3,4),(-0.110095120095522,-0.107645624267648,-0.104281698509284,
-0.101727203748959,-0.0989908411846329,-0.0947365756059978,-0.0912987195708104,
-0.086093676131825,-0.0813889697630081,-0.0761710320494732,-0.0691763216573043,
-0.059752276740518,-0.0501728972350974,-0.0331469770573093,-0.0155196324183632,
-0.00163831551106334,0.),.UNSPECIFIED.);
#940=B_SPLINE_CURVE_WITH_KNOTS('',3,(#8739,#8740,#8741,#8742,#8743,#8744,
#8745,#8746,#8747,#8748,#8749,#8750,#8751,#8752,#8753,#8754,#8755,#8756,
#8757,#8758,#8759,#8760,#8761,#8762,#8763,#8764,#8765,#8766,#8767,#8768,
#8769,#8770,#8771,#8772,#8773,#8774,#8775,#8776,#8777,#8778,#8779,#8780,
#8781,#8782,#8783,#8784,#8785,#8786,#8787),.UNSPECIFIED.,.F.,.F.,(4,3,3,
3,3,3,3,3,3,3,3,3,3,3,3,3,4),(-0.00206727446438136,-0.00181638696899903,
-0.00145396557319386,-0.0010904741798954,-0.000860708736162528,-0.000727853314404402,
-0.000618495263658217,-0.000487215133558334,-0.00041243439561364,-0.000335196873288533,
-0.000274218195796442,-0.000205663646847331,-0.000154247735135499,-0.000103812216483281,
-5.19061082416406E-5,-7.13977564562028E-6,0.),.UNSPECIFIED.);
#941=B_SPLINE_CURVE_WITH_KNOTS('',3,(#9014,#9015,#9016,#9017,#9018,#9019,
#9020,#9021,#9022,#9023,#9024,#9025,#9026,#9027,#9028,#9029,#9030,#9031,
#9032,#9033,#9034,#9035,#9036,#9037,#9038,#9039,#9040,#9041,#9042,#9043,
#9044,#9045,#9046,#9047,#9048,#9049,#9050,#9051,#9052,#9053,#9054,#9055,
#9056,#9057,#9058,#9059,#9060,#9061,#9062),.UNSPECIFIED.,.F.,.F.,(4,3,3,
3,3,3,3,3,3,3,3,3,3,3,3,3,4),(-0.110095120072143,-0.107645624244723,-0.104281698487076,
-0.101727203727343,-0.0989908411637632,-0.0947365755851894,-0.0912987195499428,
-0.0860936761145871,-0.0813889697452905,-0.0761710320322888,-0.0691763216438381,
-0.0597522767137644,-0.050172897212349,-0.0331469770368817,-0.0155196323597658,
-0.00163831542453508,0.),.UNSPECIFIED.);
#942=B_SPLINE_CURVE_WITH_KNOTS('',3,(#9296,#9297,#9298,#9299,#9300,#9301,
#9302,#9303,#9304,#9305,#9306,#9307,#9308,#9309,#9310,#9311,#9312,#9313,
#9314,#9315,#9316,#9317,#9318,#9319,#9320,#9321,#9322,#9323,#9324,#9325,
#9326,#9327,#9328,#9329,#9330,#9331,#9332,#9333,#9334,#9335,#9336,#9337,
#9338,#9339,#9340,#9341,#9342,#9343,#9344),.UNSPECIFIED.,.F.,.F.,(4,3,3,
3,3,3,3,3,3,3,3,3,3,3,3,3,4),(-0.00206727446772605,-0.0018163869716101,
-0.00145396557551596,-0.00109047418163697,-0.00086070873670888,-0.000727853315517241,
-0.000618495264613742,-0.00048721513446373,-0.000412434396404672,-0.000335196873887858,
-0.000274218196289252,-0.000205663647216939,-0.000154247735412704,-0.000103812216682903,
-5.19061083414513E-5,-7.13977565713818E-6,0.),.UNSPECIFIED.);
#943=B_SPLINE_CURVE_WITH_KNOTS('',3,(#9571,#9572,#9573,#9574,#9575,#9576,
#9577,#9578,#9579,#9580,#9581,#9582,#9583,#9584,#9585,#9586,#9587,#9588,
#9589,#9590,#9591,#9592,#9593,#9594,#9595,#9596,#9597,#9598,#9599,#9600,
#9601,#9602,#9603,#9604,#9605,#9606,#9607,#9608,#9609,#9610,#9611,#9612,
#9613,#9614,#9615,#9616,#9617,#9618,#9619),.UNSPECIFIED.,.F.,.F.,(4,3,3,
3,3,3,3,3,3,3,3,3,3,3,3,3,4),(-0.110095120068964,-0.10764562424209,-0.104281698484525,
-0.101727203724885,-0.0989908411611269,-0.0947365755834359,-0.0912987195489433,
-0.0860936761112747,-0.081388969744808,-0.0761710320319629,-0.0691763216394958,
-0.0597522767020661,-0.0501728972005205,-0.0331469770543534,-0.015519632439388,
-0.00163831555549746,0.),.UNSPECIFIED.);
#944=B_SPLINE_CURVE_WITH_KNOTS('',3,(#9853,#9854,#9855,#9856,#9857,#9858,
#9859,#9860,#9861,#9862,#9863,#9864,#9865,#9866,#9867,#9868,#9869,#9870,
#9871,#9872,#9873,#9874,#9875,#9876,#9877,#9878,#9879,#9880,#9881,#9882,
#9883,#9884,#9885,#9886,#9887,#9888,#9889,#9890,#9891,#9892,#9893,#9894,
#9895,#9896,#9897,#9898,#9899,#9900,#9901),.UNSPECIFIED.,.F.,.F.,(4,3,3,
3,3,3,3,3,3,3,3,3,3,3,3,3,4),(-0.00206727447008758,-0.00181638697369443,
-0.00145396557748745,-0.00109047418311559,-0.000860708738174227,-0.00072785331635285,
-0.000618495265327746,-0.000487215135006044,-0.000412434396862864,-0.000335196874245753,
-0.000274218196587608,-0.000205663647440706,-0.000154247735580529,-0.000103812216800299,
-5.19061084001497E-5,-7.13977568585454E-6,0.),.UNSPECIFIED.);
#945=B_SPLINE_CURVE_WITH_KNOTS('',3,(#10128,#10129,#10130,#10131,#10132,
#10133),.UNSPECIFIED.,.F.,.F.,(4,2,4),(-0.110095120066743,-0.0474595884324517,
0.),.UNSPECIFIED.);
#946=B_SPLINE_CURVE_WITH_KNOTS('',3,(#10367,#10368,#10369,#10370,#10371,
#10372,#10373,#10374,#10375,#10376,#10377,#10378,#10379,#10380,#10381,#10382,
#10383,#10384,#10385,#10386,#10387,#10388,#10389,#10390,#10391,#10392,#10393,
#10394,#10395,#10396,#10397,#10398,#10399,#10400,#10401,#10402,#10403,#10404,
#10405,#10406,#10407,#10408,#10409,#10410,#10411,#10412,#10413,#10414,#10415),
 .UNSPECIFIED.,.F.,.F.,(4,3,3,3,3,3,3,3,3,3,3,3,3,3,3,3,4),(-0.00206727446110669,
-0.00181638696548419,-0.00145396557006869,-0.00109047417755152,-0.000860708739701516,
-0.000727853313888006,-0.000618495263092376,-0.000487215132054484,-0.000412434394183431,
-0.000335196872380455,-0.00027421819501045,-0.000205663646257838,-0.000154247734693378,
-0.00010381221604701,-5.19061080235048E-5,-7.13977550971461E-6,0.),
 .UNSPECIFIED.);
#947=B_SPLINE_CURVE_WITH_KNOTS('',3,(#10642,#10643,#10644,#10645,#10646,
#10647,#10648,#10649,#10650,#10651,#10652,#10653,#10654,#10655,#10656,#10657,
#10658,#10659,#10660,#10661,#10662,#10663,#10664,#10665,#10666,#10667,#10668,
#10669,#10670,#10671,#10672,#10673,#10674,#10675,#10676,#10677,#10678,#10679,
#10680,#10681,#10682,#10683,#10684,#10685,#10686,#10687,#10688,#10689,#10690),
 .UNSPECIFIED.,.F.,.F.,(4,3,3,3,3,3,3,3,3,3,3,3,3,3,3,3,4),(-0.110095120083007,
-0.107645624255505,-0.104281698497521,-0.101727203737532,-0.0989908411735107,
-0.0947365755948131,-0.0912987195597412,-0.0860936761204774,-0.0813889697546036,
-0.0761710320412377,-0.069176321648888,-0.0597522767198047,-0.0501728972147802,
-0.0331469770542987,-0.0155196324362595,-0.00163831550678696,0.),
 .UNSPECIFIED.);
#948=B_SPLINE_CURVE_WITH_KNOTS('',3,(#10924,#10925,#10926,#10927,#10928,
#10929,#10930,#10931,#10932,#10933,#10934,#10935,#10936,#10937,#10938,#10939,
#10940,#10941,#10942,#10943,#10944,#10945,#10946,#10947,#10948,#10949,#10950,
#10951,#10952,#10953,#10954,#10955,#10956,#10957,#10958,#10959,#10960,#10961,
#10962,#10963,#10964,#10965,#10966,#10967,#10968,#10969,#10970,#10971,#10972),
 .UNSPECIFIED.,.F.,.F.,(4,3,3,3,3,3,3,3,3,3,3,3,3,3,3,3,4),(-0.00206727446543631,
-0.00181638696987189,-0.00145396557388756,-0.00109047418041567,-0.000860708736379606,
-0.000727853314745231,-0.000618495263944496,-0.000487215133870184,-0.000412434395899736,
-0.000335196873493125,-0.000274218195970728,-0.000205663646978046,-0.000154247735233535,
-0.000103812216563295,-5.19061082816474E-5,-7.13977565682385E-6,0.),
 .UNSPECIFIED.);
#949=B_SPLINE_CURVE_WITH_KNOTS('',3,(#11199,#11200,#11201,#11202,#11203,
#11204,#11205,#11206,#11207,#11208,#11209,#11210,#11211,#11212,#11213,#11214,
#11215,#11216,#11217,#11218,#11219,#11220,#11221,#11222,#11223,#11224,#11225,
#11226,#11227,#11228,#11229,#11230,#11231,#11232,#11233,#11234,#11235,#11236,
#11237,#11238,#11239,#11240,#11241,#11242,#11243,#11244,#11245,#11246,#11247),
 .UNSPECIFIED.,.F.,.F.,(4,3,3,3,3,3,3,3,3,3,3,3,3,3,3,3,4),(-0.110095120083768,
-0.107645624256337,-0.104281698498326,-0.101727203738329,-0.0989908411743214,
-0.0947365755956052,-0.0912987195603732,-0.0860936761218582,-0.0813889697542553,
-0.0761710320414112,-0.069176321649642,-0.0597522767591327,-0.0501728972469606,
-0.033146977049684,-0.0155196324265564,-0.00163831556572706,0.),
 .UNSPECIFIED.);
#950=B_SPLINE_CURVE_WITH_KNOTS('',3,(#11536,#11537,#11538,#11539,#11540,
#11541,#11542),.UNSPECIFIED.,.F.,.F.,(4,3,4),(-0.00206727446413753,-0.00198324328928415,
-0.00189998898562195),.UNSPECIFIED.);
#951=B_SPLINE_CURVE_WITH_KNOTS('',3,(#11546,#11547,#11548,#11549,#11550,
#11551,#11552,#11553,#11554,#11555,#11556,#11557,#11558),.UNSPECIFIED.,
 .F.,.F.,(4,3,3,3,4),(-0.0413491855826714,-0.0282481010619807,-0.0130726018806638,
-0.00115292364042649,0.),.UNSPECIFIED.);
#952=VERTEX_POINT('',#3379);
#953=VERTEX_POINT('',#3380);
#954=VERTEX_POINT('',#3387);
#955=VERTEX_POINT('',#3389);
#956=VERTEX_POINT('',#3393);
#957=VERTEX_POINT('',#3394);
#958=VERTEX_POINT('',#3401);
#959=VERTEX_POINT('',#3403);
#960=VERTEX_POINT('',#3407);
#961=VERTEX_POINT('',#3408);
#962=VERTEX_POINT('',#3410);
#963=VERTEX_POINT('',#3412);
#964=VERTEX_POINT('',#3416);
#965=VERTEX_POINT('',#3418);
#966=VERTEX_POINT('',#3422);
#967=VERTEX_POINT('',#3424);
#968=VERTEX_POINT('',#3428);
#969=VERTEX_POINT('',#3430);
#970=VERTEX_POINT('',#3434);
#971=VERTEX_POINT('',#3436);
#972=VERTEX_POINT('',#3440);
#973=VERTEX_POINT('',#3442);
#974=VERTEX_POINT('',#3446);
#975=VERTEX_POINT('',#3448);
#976=VERTEX_POINT('',#3452);
#977=VERTEX_POINT('',#3454);
#978=VERTEX_POINT('',#3458);
#979=VERTEX_POINT('',#3460);
#980=VERTEX_POINT('',#3464);
#981=VERTEX_POINT('',#3466);
#982=VERTEX_POINT('',#3470);
#983=VERTEX_POINT('',#3472);
#984=VERTEX_POINT('',#3476);
#985=VERTEX_POINT('',#3478);
#986=VERTEX_POINT('',#3485);
#987=VERTEX_POINT('',#3486);
#988=VERTEX_POINT('',#3493);
#989=VERTEX_POINT('',#3495);
#990=VERTEX_POINT('',#3504);
#991=VERTEX_POINT('',#3505);
#992=VERTEX_POINT('',#3512);
#993=VERTEX_POINT('',#3514);
#994=VERTEX_POINT('',#3523);
#995=VERTEX_POINT('',#3525);
#996=VERTEX_POINT('',#3529);
#997=VERTEX_POINT('',#3531);
#998=VERTEX_POINT('',#3535);
#999=VERTEX_POINT('',#3537);
#1000=VERTEX_POINT('',#3544);
#1001=VERTEX_POINT('',#3545);
#1002=VERTEX_POINT('',#3547);
#1003=VERTEX_POINT('',#3549);
#1004=VERTEX_POINT('',#3931);
#1005=VERTEX_POINT('',#3933);
#1006=VERTEX_POINT('',#4086);
#1007=VERTEX_POINT('',#4132);
#1008=VERTEX_POINT('',#4300);
#1009=VERTEX_POINT('',#4317);
#1010=VERTEX_POINT('',#4365);
#1011=VERTEX_POINT('',#4367);
#1012=VERTEX_POINT('',#4520);
#1013=VERTEX_POINT('',#4570);
#1014=VERTEX_POINT('',#4648);
#1015=VERTEX_POINT('',#4650);
#1016=VERTEX_POINT('',#4654);
#1017=VERTEX_POINT('',#4656);
#1018=VERTEX_POINT('',#4660);
#1019=VERTEX_POINT('',#4662);
#1020=VERTEX_POINT('',#4666);
#1021=VERTEX_POINT('',#4668);
#1022=VERTEX_POINT('',#4672);
#1023=VERTEX_POINT('',#4674);
#1024=VERTEX_POINT('',#4678);
#1025=VERTEX_POINT('',#4679);
#1026=VERTEX_POINT('',#4681);
#1027=VERTEX_POINT('',#4683);
#1028=VERTEX_POINT('',#4687);
#1029=VERTEX_POINT('',#4689);
#1030=VERTEX_POINT('',#4693);
#1031=VERTEX_POINT('',#4694);
#1032=VERTEX_POINT('',#4696);
#1033=VERTEX_POINT('',#4698);
#1034=VERTEX_POINT('',#4702);
#1035=VERTEX_POINT('',#4704);
#1036=VERTEX_POINT('',#4708);
#1037=VERTEX_POINT('',#4709);
#1038=VERTEX_POINT('',#4711);
#1039=VERTEX_POINT('',#4713);
#1040=VERTEX_POINT('',#4717);
#1041=VERTEX_POINT('',#4719);
#1042=VERTEX_POINT('',#4723);
#1043=VERTEX_POINT('',#4724);
#1044=VERTEX_POINT('',#4726);
#1045=VERTEX_POINT('',#4728);
#1046=VERTEX_POINT('',#4732);
#1047=VERTEX_POINT('',#4734);
#1048=VERTEX_POINT('',#4738);
#1049=VERTEX_POINT('',#4739);
#1050=VERTEX_POINT('',#4741);
#1051=VERTEX_POINT('',#4743);
#1052=VERTEX_POINT('',#4747);
#1053=VERTEX_POINT('',#4749);
#1054=VERTEX_POINT('',#4753);
#1055=VERTEX_POINT('',#4754);
#1056=VERTEX_POINT('',#4756);
#1057=VERTEX_POINT('',#4758);
#1058=VERTEX_POINT('',#4762);
#1059=VERTEX_POINT('',#4764);
#1060=VERTEX_POINT('',#4768);
#1061=VERTEX_POINT('',#4769);
#1062=VERTEX_POINT('',#4771);
#1063=VERTEX_POINT('',#4773);
#1064=VERTEX_POINT('',#4777);
#1065=VERTEX_POINT('',#4779);
#1066=VERTEX_POINT('',#4783);
#1067=VERTEX_POINT('',#4784);
#1068=VERTEX_POINT('',#4786);
#1069=VERTEX_POINT('',#4788);
#1070=VERTEX_POINT('',#4792);
#1071=VERTEX_POINT('',#4794);
#1072=VERTEX_POINT('',#4798);
#1073=VERTEX_POINT('',#4799);
#1074=VERTEX_POINT('',#4801);
#1075=VERTEX_POINT('',#4803);
#1076=VERTEX_POINT('',#4807);
#1077=VERTEX_POINT('',#4809);
#1078=VERTEX_POINT('',#4813);
#1079=VERTEX_POINT('',#4814);
#1080=VERTEX_POINT('',#4816);
#1081=VERTEX_POINT('',#4818);
#1082=VERTEX_POINT('',#4822);
#1083=VERTEX_POINT('',#4824);
#1084=VERTEX_POINT('',#4828);
#1085=VERTEX_POINT('',#4829);
#1086=VERTEX_POINT('',#4831);
#1087=VERTEX_POINT('',#4833);
#1088=VERTEX_POINT('',#4837);
#1089=VERTEX_POINT('',#4839);
#1090=VERTEX_POINT('',#4843);
#1091=VERTEX_POINT('',#4844);
#1092=VERTEX_POINT('',#4846);
#1093=VERTEX_POINT('',#4848);
#1094=VERTEX_POINT('',#4852);
#1095=VERTEX_POINT('',#4854);
#1096=VERTEX_POINT('',#4858);
#1097=VERTEX_POINT('',#4859);
#1098=VERTEX_POINT('',#4861);
#1099=VERTEX_POINT('',#4863);
#1100=VERTEX_POINT('',#4867);
#1101=VERTEX_POINT('',#4869);
#1102=VERTEX_POINT('',#4873);
#1103=VERTEX_POINT('',#4874);
#1104=VERTEX_POINT('',#4876);
#1105=VERTEX_POINT('',#4878);
#1106=VERTEX_POINT('',#4882);
#1107=VERTEX_POINT('',#4884);
#1108=VERTEX_POINT('',#4888);
#1109=VERTEX_POINT('',#4889);
#1110=VERTEX_POINT('',#4891);
#1111=VERTEX_POINT('',#4893);
#1112=VERTEX_POINT('',#4897);
#1113=VERTEX_POINT('',#4899);
#1114=VERTEX_POINT('',#4903);
#1115=VERTEX_POINT('',#4904);
#1116=VERTEX_POINT('',#4906);
#1117=VERTEX_POINT('',#4908);
#1118=VERTEX_POINT('',#4912);
#1119=VERTEX_POINT('',#4914);
#1120=VERTEX_POINT('',#4918);
#1121=VERTEX_POINT('',#4919);
#1122=VERTEX_POINT('',#4921);
#1123=VERTEX_POINT('',#4923);
#1124=VERTEX_POINT('',#4927);
#1125=VERTEX_POINT('',#4929);
#1126=VERTEX_POINT('',#4933);
#1127=VERTEX_POINT('',#4934);
#1128=VERTEX_POINT('',#4936);
#1129=VERTEX_POINT('',#4938);
#1130=VERTEX_POINT('',#4942);
#1131=VERTEX_POINT('',#4944);
#1132=VERTEX_POINT('',#4948);
#1133=VERTEX_POINT('',#4949);
#1134=VERTEX_POINT('',#4951);
#1135=VERTEX_POINT('',#4953);
#1136=VERTEX_POINT('',#4957);
#1137=VERTEX_POINT('',#4959);
#1138=VERTEX_POINT('',#4963);
#1139=VERTEX_POINT('',#4964);
#1140=VERTEX_POINT('',#4966);
#1141=VERTEX_POINT('',#4968);
#1142=VERTEX_POINT('',#4972);
#1143=VERTEX_POINT('',#4974);
#1144=VERTEX_POINT('',#4978);
#1145=VERTEX_POINT('',#4979);
#1146=VERTEX_POINT('',#4981);
#1147=VERTEX_POINT('',#4983);
#1148=VERTEX_POINT('',#4987);
#1149=VERTEX_POINT('',#4989);
#1150=VERTEX_POINT('',#4993);
#1151=VERTEX_POINT('',#4994);
#1152=VERTEX_POINT('',#4996);
#1153=VERTEX_POINT('',#4998);
#1154=VERTEX_POINT('',#5002);
#1155=VERTEX_POINT('',#5004);
#1156=VERTEX_POINT('',#5157);
#1157=VERTEX_POINT('',#5164);
#1158=VERTEX_POINT('',#5242);
#1159=VERTEX_POINT('',#5244);
#1160=VERTEX_POINT('',#5671);
#1161=VERTEX_POINT('',#5721);
#1162=VERTEX_POINT('',#5799);
#1163=VERTEX_POINT('',#5801);
#1164=VERTEX_POINT('',#6228);
#1165=VERTEX_POINT('',#6278);
#1166=VERTEX_POINT('',#6356);
#1167=VERTEX_POINT('',#6358);
#1168=VERTEX_POINT('',#6785);
#1169=VERTEX_POINT('',#6835);
#1170=VERTEX_POINT('',#6913);
#1171=VERTEX_POINT('',#6915);
#1172=VERTEX_POINT('',#7342);
#1173=VERTEX_POINT('',#7392);
#1174=VERTEX_POINT('',#7470);
#1175=VERTEX_POINT('',#7472);
#1176=VERTEX_POINT('',#7899);
#1177=VERTEX_POINT('',#7949);
#1178=VERTEX_POINT('',#8027);
#1179=VERTEX_POINT('',#8029);
#1180=VERTEX_POINT('',#8456);
#1181=VERTEX_POINT('',#8506);
#1182=VERTEX_POINT('',#8584);
#1183=VERTEX_POINT('',#8586);
#1184=VERTEX_POINT('',#9013);
#1185=VERTEX_POINT('',#9063);
#1186=VERTEX_POINT('',#9141);
#1187=VERTEX_POINT('',#9143);
#1188=VERTEX_POINT('',#9570);
#1189=VERTEX_POINT('',#9620);
#1190=VERTEX_POINT('',#9698);
#1191=VERTEX_POINT('',#9700);
#1192=VERTEX_POINT('',#10127);
#1193=VERTEX_POINT('',#10134);
#1194=VERTEX_POINT('',#10212);
#1195=VERTEX_POINT('',#10214);
#1196=VERTEX_POINT('',#10641);
#1197=VERTEX_POINT('',#10691);
#1198=VERTEX_POINT('',#10769);
#1199=VERTEX_POINT('',#10771);
#1200=VERTEX_POINT('',#11198);
#1201=VERTEX_POINT('',#11248);
#1202=VERTEX_POINT('',#11511);
#1203=VERTEX_POINT('',#11534);
#1204=VERTEX_POINT('',#11544);
#1205=VERTEX_POINT('',#11560);
#1206=EDGE_CURVE('',#952,#953,#916,.T.);
#1207=EDGE_CURVE('',#954,#952,#506,.T.);
#1208=EDGE_CURVE('',#955,#954,#507,.T.);
#1209=EDGE_CURVE('',#953,#955,#508,.T.);
#1210=EDGE_CURVE('',#956,#957,#917,.T.);
#1211=EDGE_CURVE('',#958,#956,#509,.T.);
#1212=EDGE_CURVE('',#958,#959,#510,.T.);
#1213=EDGE_CURVE('',#957,#959,#511,.T.);
#1214=EDGE_CURVE('',#960,#961,#512,.T.);
#1215=EDGE_CURVE('',#960,#962,#513,.T.);
#1216=EDGE_CURVE('',#963,#962,#514,.T.);
#1217=EDGE_CURVE('',#961,#963,#515,.T.);
#1218=EDGE_CURVE('',#961,#964,#516,.T.);
#1219=EDGE_CURVE('',#965,#963,#517,.T.);
#1220=EDGE_CURVE('',#964,#965,#518,.T.);
#1221=EDGE_CURVE('',#964,#966,#519,.T.);
#1222=EDGE_CURVE('',#967,#965,#520,.T.);
#1223=EDGE_CURVE('',#966,#967,#521,.T.);
#1224=EDGE_CURVE('',#966,#968,#522,.T.);
#1225=EDGE_CURVE('',#969,#967,#523,.T.);
#1226=EDGE_CURVE('',#968,#969,#524,.T.);
#1227=EDGE_CURVE('',#968,#970,#81,.T.);
#1228=EDGE_CURVE('',#971,#969,#82,.T.);
#1229=EDGE_CURVE('',#970,#971,#525,.T.);
#1230=EDGE_CURVE('',#970,#972,#526,.T.);
#1231=EDGE_CURVE('',#973,#971,#527,.T.);
#1232=EDGE_CURVE('',#972,#973,#528,.T.);
#1233=EDGE_CURVE('',#972,#974,#83,.T.);
#1234=EDGE_CURVE('',#975,#973,#84,.T.);
#1235=EDGE_CURVE('',#974,#975,#529,.T.);
#1236=EDGE_CURVE('',#974,#976,#530,.T.);
#1237=EDGE_CURVE('',#977,#975,#531,.T.);
#1238=EDGE_CURVE('',#976,#977,#532,.T.);
#1239=EDGE_CURVE('',#976,#978,#533,.T.);
#1240=EDGE_CURVE('',#979,#977,#534,.T.);
#1241=EDGE_CURVE('',#978,#979,#535,.T.);
#1242=EDGE_CURVE('',#978,#980,#536,.T.);
#1243=EDGE_CURVE('',#981,#979,#537,.T.);
#1244=EDGE_CURVE('',#980,#981,#538,.T.);
#1245=EDGE_CURVE('',#980,#982,#539,.T.);
#1246=EDGE_CURVE('',#983,#981,#540,.T.);
#1247=EDGE_CURVE('',#982,#983,#541,.T.);
#1248=EDGE_CURVE('',#982,#984,#542,.T.);
#1249=EDGE_CURVE('',#985,#983,#543,.T.);
#1250=EDGE_CURVE('',#984,#985,#544,.T.);
#1251=EDGE_CURVE('',#984,#958,#545,.T.);
#1252=EDGE_CURVE('',#959,#985,#546,.T.);
#1253=EDGE_CURVE('',#986,#987,#918,.T.);
#1254=EDGE_CURVE('',#988,#986,#547,.T.);
#1255=EDGE_CURVE('',#989,#988,#919,.T.);
#1256=EDGE_CURVE('',#987,#989,#548,.T.);
#1257=EDGE_CURVE('',#990,#991,#920,.T.);
#1258=EDGE_CURVE('',#992,#990,#549,.T.);
#1259=EDGE_CURVE('',#993,#992,#921,.T.);
#1260=EDGE_CURVE('',#991,#993,#550,.T.);
#1261=EDGE_CURVE('',#994,#955,#85,.T.);
#1262=EDGE_CURVE('',#995,#954,#86,.T.);
#1263=EDGE_CURVE('',#994,#995,#551,.T.);
#1264=EDGE_CURVE('',#996,#994,#552,.T.);
#1265=EDGE_CURVE('',#997,#995,#553,.T.);
#1266=EDGE_CURVE('',#996,#997,#554,.T.);
#1267=EDGE_CURVE('',#996,#998,#555,.T.);
#1268=EDGE_CURVE('',#999,#997,#556,.T.);
#1269=EDGE_CURVE('',#998,#999,#557,.T.);
#1270=EDGE_CURVE('',#960,#998,#558,.T.);
#1271=EDGE_CURVE('',#962,#999,#559,.T.);
#1272=EDGE_CURVE('',#1000,#1001,#87,.T.);
#1273=EDGE_CURVE('',#1002,#1001,#560,.T.);
#1274=EDGE_CURVE('',#1002,#1003,#88,.T.);
#1275=EDGE_CURVE('',#1003,#1000,#561,.T.);
#1276=EDGE_CURVE('',#957,#1000,#922,.T.);
#1277=EDGE_CURVE('',#956,#1003,#21,.T.);
#1278=EDGE_CURVE('',#988,#1002,#22,.T.);
#1279=EDGE_CURVE('',#1001,#989,#923,.T.);
#1280=EDGE_CURVE('',#1004,#1004,#89,.T.);
#1281=EDGE_CURVE('',#1004,#1005,#562,.T.);
#1282=EDGE_CURVE('',#1005,#1005,#90,.T.);
#1283=EDGE_CURVE('',#992,#1006,#23,.T.);
#1284=EDGE_CURVE('',#1006,#1007,#563,.T.);
#1285=EDGE_CURVE('',#1007,#993,#924,.T.);
#1286=EDGE_CURVE('',#987,#1008,#925,.T.);
#1287=EDGE_CURVE('',#1009,#1008,#564,.T.);
#1288=EDGE_CURVE('',#986,#1009,#24,.T.);
#1289=EDGE_CURVE('',#1008,#1010,#91,.T.);
#1290=EDGE_CURVE('',#1011,#1010,#565,.T.);
#1291=EDGE_CURVE('',#1011,#1009,#92,.T.);
#1292=EDGE_CURVE('',#1010,#1012,#926,.T.);
#1293=EDGE_CURVE('',#1013,#1012,#566,.T.);
#1294=EDGE_CURVE('',#1013,#1011,#25,.T.);
#1295=EDGE_CURVE('',#1012,#1014,#567,.T.);
#1296=EDGE_CURVE('',#1015,#1014,#568,.T.);
#1297=EDGE_CURVE('',#1015,#1013,#569,.T.);
#1298=EDGE_CURVE('',#1014,#1016,#93,.T.);
#1299=EDGE_CURVE('',#1016,#1017,#570,.T.);
#1300=EDGE_CURVE('',#1017,#1015,#94,.T.);
#1301=EDGE_CURVE('',#1016,#1018,#95,.T.);
#1302=EDGE_CURVE('',#1019,#1018,#571,.T.);
#1303=EDGE_CURVE('',#1019,#1017,#96,.T.);
#1304=EDGE_CURVE('',#1018,#1020,#97,.T.);
#1305=EDGE_CURVE('',#1020,#1021,#572,.T.);
#1306=EDGE_CURVE('',#1021,#1019,#98,.T.);
#1307=EDGE_CURVE('',#1020,#1022,#573,.T.);
#1308=EDGE_CURVE('',#1023,#1022,#574,.T.);
#1309=EDGE_CURVE('',#1021,#1023,#575,.T.);
#1310=EDGE_CURVE('',#1024,#1025,#99,.T.);
#1311=EDGE_CURVE('',#1025,#1026,#576,.T.);
#1312=EDGE_CURVE('',#1026,#1027,#100,.T.);
#1313=EDGE_CURVE('',#1027,#1024,#577,.T.);
#1314=EDGE_CURVE('',#1028,#1024,#578,.T.);
#1315=EDGE_CURVE('',#1027,#1029,#579,.T.);
#1316=EDGE_CURVE('',#1029,#1028,#580,.T.);
#1317=EDGE_CURVE('',#1030,#1031,#101,.T.);
#1318=EDGE_CURVE('',#1031,#1032,#581,.T.);
#1319=EDGE_CURVE('',#1032,#1033,#102,.T.);
#1320=EDGE_CURVE('',#1033,#1030,#582,.T.);
#1321=EDGE_CURVE('',#1031,#1034,#583,.T.);
#1322=EDGE_CURVE('',#1035,#1034,#584,.T.);
#1323=EDGE_CURVE('',#1032,#1035,#585,.T.);
#1324=EDGE_CURVE('',#1036,#1037,#103,.T.);
#1325=EDGE_CURVE('',#1037,#1038,#586,.T.);
#1326=EDGE_CURVE('',#1038,#1039,#104,.T.);
#1327=EDGE_CURVE('',#1039,#1036,#587,.T.);
#1328=EDGE_CURVE('',#1040,#1036,#588,.T.);
#1329=EDGE_CURVE('',#1039,#1041,#589,.T.);
#1330=EDGE_CURVE('',#1041,#1040,#590,.T.);
#1331=EDGE_CURVE('',#1042,#1043,#105,.T.);
#1332=EDGE_CURVE('',#1043,#1044,#591,.T.);
#1333=EDGE_CURVE('',#1044,#1045,#106,.T.);
#1334=EDGE_CURVE('',#1045,#1042,#592,.T.);
#1335=EDGE_CURVE('',#1043,#1046,#593,.T.);
#1336=EDGE_CURVE('',#1047,#1046,#594,.T.);
#1337=EDGE_CURVE('',#1044,#1047,#595,.T.);
#1338=EDGE_CURVE('',#1048,#1049,#107,.T.);
#1339=EDGE_CURVE('',#1049,#1050,#596,.T.);
#1340=EDGE_CURVE('',#1050,#1051,#108,.T.);
#1341=EDGE_CURVE('',#1051,#1048,#597,.T.);
#1342=EDGE_CURVE('',#1052,#1048,#598,.T.);
#1343=EDGE_CURVE('',#1051,#1053,#599,.T.);
#1344=EDGE_CURVE('',#1053,#1052,#600,.T.);
#1345=EDGE_CURVE('',#1054,#1055,#109,.T.);
#1346=EDGE_CURVE('',#1055,#1056,#601,.T.);
#1347=EDGE_CURVE('',#1056,#1057,#110,.T.);
#1348=EDGE_CURVE('',#1057,#1054,#602,.T.);
#1349=EDGE_CURVE('',#1055,#1058,#603,.T.);
#1350=EDGE_CURVE('',#1059,#1058,#604,.T.);
#1351=EDGE_CURVE('',#1056,#1059,#605,.T.);
#1352=EDGE_CURVE('',#1060,#1061,#111,.T.);
#1353=EDGE_CURVE('',#1061,#1062,#606,.T.);
#1354=EDGE_CURVE('',#1062,#1063,#112,.T.);
#1355=EDGE_CURVE('',#1063,#1060,#607,.T.);
#1356=EDGE_CURVE('',#1064,#1060,#608,.T.);
#1357=EDGE_CURVE('',#1063,#1065,#609,.T.);
#1358=EDGE_CURVE('',#1065,#1064,#610,.T.);
#1359=EDGE_CURVE('',#1066,#1067,#113,.T.);
#1360=EDGE_CURVE('',#1067,#1068,#611,.T.);
#1361=EDGE_CURVE('',#1068,#1069,#114,.T.);
#1362=EDGE_CURVE('',#1069,#1066,#612,.T.);
#1363=EDGE_CURVE('',#1067,#1070,#613,.T.);
#1364=EDGE_CURVE('',#1071,#1070,#614,.T.);
#1365=EDGE_CURVE('',#1068,#1071,#615,.T.);
#1366=EDGE_CURVE('',#1072,#1073,#115,.T.);
#1367=EDGE_CURVE('',#1073,#1074,#616,.T.);
#1368=EDGE_CURVE('',#1074,#1075,#116,.T.);
#1369=EDGE_CURVE('',#1075,#1072,#617,.T.);
#1370=EDGE_CURVE('',#1076,#1072,#618,.T.);
#1371=EDGE_CURVE('',#1075,#1077,#619,.T.);
#1372=EDGE_CURVE('',#1077,#1076,#620,.T.);
#1373=EDGE_CURVE('',#1078,#1079,#117,.T.);
#1374=EDGE_CURVE('',#1079,#1080,#621,.T.);
#1375=EDGE_CURVE('',#1080,#1081,#118,.T.);
#1376=EDGE_CURVE('',#1081,#1078,#622,.T.);
#1377=EDGE_CURVE('',#1079,#1082,#623,.T.);
#1378=EDGE_CURVE('',#1083,#1082,#624,.T.);
#1379=EDGE_CURVE('',#1080,#1083,#625,.T.);
#1380=EDGE_CURVE('',#1084,#1085,#119,.T.);
#1381=EDGE_CURVE('',#1085,#1086,#626,.T.);
#1382=EDGE_CURVE('',#1086,#1087,#120,.T.);
#1383=EDGE_CURVE('',#1087,#1084,#627,.T.);
#1384=EDGE_CURVE('',#1088,#1084,#628,.T.);
#1385=EDGE_CURVE('',#1087,#1089,#629,.T.);
#1386=EDGE_CURVE('',#1089,#1088,#630,.T.);
#1387=EDGE_CURVE('',#1090,#1091,#121,.T.);
#1388=EDGE_CURVE('',#1091,#1092,#631,.T.);
#1389=EDGE_CURVE('',#1092,#1093,#122,.T.);
#1390=EDGE_CURVE('',#1093,#1090,#632,.T.);
#1391=EDGE_CURVE('',#1091,#1094,#633,.T.);
#1392=EDGE_CURVE('',#1095,#1094,#634,.T.);
#1393=EDGE_CURVE('',#1092,#1095,#635,.T.);
#1394=EDGE_CURVE('',#1096,#1097,#123,.T.);
#1395=EDGE_CURVE('',#1097,#1098,#636,.T.);
#1396=EDGE_CURVE('',#1098,#1099,#124,.T.);
#1397=EDGE_CURVE('',#1099,#1096,#637,.T.);
#1398=EDGE_CURVE('',#1100,#1096,#638,.T.);
#1399=EDGE_CURVE('',#1099,#1101,#639,.T.);
#1400=EDGE_CURVE('',#1101,#1100,#640,.T.);
#1401=EDGE_CURVE('',#1102,#1103,#125,.T.);
#1402=EDGE_CURVE('',#1103,#1104,#641,.T.);
#1403=EDGE_CURVE('',#1104,#1105,#126,.T.);
#1404=EDGE_CURVE('',#1105,#1102,#642,.T.);
#1405=EDGE_CURVE('',#1103,#1106,#643,.T.);
#1406=EDGE_CURVE('',#1107,#1106,#644,.T.);
#1407=EDGE_CURVE('',#1104,#1107,#645,.T.);
#1408=EDGE_CURVE('',#1108,#1109,#127,.T.);
#1409=EDGE_CURVE('',#1109,#1110,#646,.T.);
#1410=EDGE_CURVE('',#1110,#1111,#128,.T.);
#1411=EDGE_CURVE('',#1111,#1108,#647,.T.);
#1412=EDGE_CURVE('',#1112,#1108,#648,.T.);
#1413=EDGE_CURVE('',#1111,#1113,#649,.T.);
#1414=EDGE_CURVE('',#1113,#1112,#650,.T.);
#1415=EDGE_CURVE('',#1114,#1115,#129,.T.);
#1416=EDGE_CURVE('',#1115,#1116,#651,.T.);
#1417=EDGE_CURVE('',#1116,#1117,#130,.T.);
#1418=EDGE_CURVE('',#1117,#1114,#652,.T.);
#1419=EDGE_CURVE('',#1115,#1118,#653,.T.);
#1420=EDGE_CURVE('',#1119,#1118,#654,.T.);
#1421=EDGE_CURVE('',#1116,#1119,#655,.T.);
#1422=EDGE_CURVE('',#1120,#1121,#131,.T.);
#1423=EDGE_CURVE('',#1121,#1122,#656,.T.);
#1424=EDGE_CURVE('',#1122,#1123,#132,.T.);
#1425=EDGE_CURVE('',#1123,#1120,#657,.T.);
#1426=EDGE_CURVE('',#1124,#1120,#658,.T.);
#1427=EDGE_CURVE('',#1123,#1125,#659,.T.);
#1428=EDGE_CURVE('',#1125,#1124,#660,.T.);
#1429=EDGE_CURVE('',#1126,#1127,#133,.T.);
#1430=EDGE_CURVE('',#1127,#1128,#661,.T.);
#1431=EDGE_CURVE('',#1128,#1129,#134,.T.);
#1432=EDGE_CURVE('',#1129,#1126,#662,.T.);
#1433=EDGE_CURVE('',#1127,#1130,#663,.T.);
#1434=EDGE_CURVE('',#1131,#1130,#664,.T.);
#1435=EDGE_CURVE('',#1128,#1131,#665,.T.);
#1436=EDGE_CURVE('',#1132,#1133,#135,.T.);
#1437=EDGE_CURVE('',#1133,#1134,#666,.T.);
#1438=EDGE_CURVE('',#1134,#1135,#136,.T.);
#1439=EDGE_CURVE('',#1135,#1132,#667,.T.);
#1440=EDGE_CURVE('',#1136,#1132,#668,.T.);
#1441=EDGE_CURVE('',#1135,#1137,#669,.T.);
#1442=EDGE_CURVE('',#1137,#1136,#670,.T.);
#1443=EDGE_CURVE('',#1138,#1139,#137,.T.);
#1444=EDGE_CURVE('',#1139,#1140,#671,.T.);
#1445=EDGE_CURVE('',#1140,#1141,#138,.T.);
#1446=EDGE_CURVE('',#1141,#1138,#672,.T.);
#1447=EDGE_CURVE('',#1139,#1142,#673,.T.);
#1448=EDGE_CURVE('',#1143,#1142,#674,.T.);
#1449=EDGE_CURVE('',#1140,#1143,#675,.T.);
#1450=EDGE_CURVE('',#1144,#1145,#139,.T.);
#1451=EDGE_CURVE('',#1145,#1146,#676,.T.);
#1452=EDGE_CURVE('',#1146,#1147,#140,.T.);
#1453=EDGE_CURVE('',#1147,#1144,#677,.T.);
#1454=EDGE_CURVE('',#1148,#1144,#678,.T.);
#1455=EDGE_CURVE('',#1147,#1149,#679,.T.);
#1456=EDGE_CURVE('',#1149,#1148,#680,.T.);
#1457=EDGE_CURVE('',#1150,#1151,#141,.T.);
#1458=EDGE_CURVE('',#1151,#1152,#681,.T.);
#1459=EDGE_CURVE('',#1152,#1153,#142,.T.);
#1460=EDGE_CURVE('',#1153,#1150,#682,.T.);
#1461=EDGE_CURVE('',#1151,#1154,#683,.T.);
#1462=EDGE_CURVE('',#1155,#1154,#684,.T.);
#1463=EDGE_CURVE('',#1152,#1155,#685,.T.);
#1464=EDGE_CURVE('',#1022,#1156,#927,.T.);
#1465=EDGE_CURVE('',#1157,#1156,#686,.T.);
#1466=EDGE_CURVE('',#1023,#1157,#26,.T.);
#1467=EDGE_CURVE('',#1156,#1158,#143,.T.);
#1468=EDGE_CURVE('',#1159,#1158,#687,.T.);
#1469=EDGE_CURVE('',#1159,#1157,#144,.T.);
#1470=EDGE_CURVE('',#1158,#1028,#928,.T.);
#1471=EDGE_CURVE('',#1029,#1159,#27,.T.);
#1472=EDGE_CURVE('',#1034,#1160,#929,.T.);
#1473=EDGE_CURVE('',#1161,#1160,#688,.T.);
#1474=EDGE_CURVE('',#1035,#1161,#28,.T.);
#1475=EDGE_CURVE('',#1160,#1162,#145,.T.);
#1476=EDGE_CURVE('',#1163,#1162,#689,.T.);
#1477=EDGE_CURVE('',#1163,#1161,#146,.T.);
#1478=EDGE_CURVE('',#1162,#1040,#930,.T.);
#1479=EDGE_CURVE('',#1041,#1163,#29,.T.);
#1480=EDGE_CURVE('',#1046,#1164,#931,.T.);
#1481=EDGE_CURVE('',#1165,#1164,#690,.T.);
#1482=EDGE_CURVE('',#1047,#1165,#30,.T.);
#1483=EDGE_CURVE('',#1164,#1166,#147,.T.);
#1484=EDGE_CURVE('',#1167,#1166,#691,.T.);
#1485=EDGE_CURVE('',#1167,#1165,#148,.T.);
#1486=EDGE_CURVE('',#1166,#1052,#932,.T.);
#1487=EDGE_CURVE('',#1053,#1167,#31,.T.);
#1488=EDGE_CURVE('',#1058,#1168,#933,.T.);
#1489=EDGE_CURVE('',#1169,#1168,#692,.T.);
#1490=EDGE_CURVE('',#1059,#1169,#32,.T.);
#1491=EDGE_CURVE('',#1168,#1170,#149,.T.);
#1492=EDGE_CURVE('',#1171,#1170,#693,.T.);
#1493=EDGE_CURVE('',#1171,#1169,#150,.T.);
#1494=EDGE_CURVE('',#1170,#1064,#934,.T.);
#1495=EDGE_CURVE('',#1065,#1171,#33,.T.);
#1496=EDGE_CURVE('',#1070,#1172,#935,.T.);
#1497=EDGE_CURVE('',#1173,#1172,#694,.T.);
#1498=EDGE_CURVE('',#1071,#1173,#34,.T.);
#1499=EDGE_CURVE('',#1172,#1174,#151,.T.);
#1500=EDGE_CURVE('',#1175,#1174,#695,.T.);
#1501=EDGE_CURVE('',#1175,#1173,#152,.T.);
#1502=EDGE_CURVE('',#1174,#1076,#936,.T.);
#1503=EDGE_CURVE('',#1077,#1175,#35,.T.);
#1504=EDGE_CURVE('',#1082,#1176,#937,.T.);
#1505=EDGE_CURVE('',#1177,#1176,#696,.T.);
#1506=EDGE_CURVE('',#1083,#1177,#36,.T.);
#1507=EDGE_CURVE('',#1176,#1178,#153,.T.);
#1508=EDGE_CURVE('',#1179,#1178,#697,.T.);
#1509=EDGE_CURVE('',#1179,#1177,#154,.T.);
#1510=EDGE_CURVE('',#1178,#1088,#938,.T.);
#1511=EDGE_CURVE('',#1089,#1179,#37,.T.);
#1512=EDGE_CURVE('',#1094,#1180,#939,.T.);
#1513=EDGE_CURVE('',#1181,#1180,#698,.T.);
#1514=EDGE_CURVE('',#1095,#1181,#38,.T.);
#1515=EDGE_CURVE('',#1180,#1182,#155,.T.);
#1516=EDGE_CURVE('',#1183,#1182,#699,.T.);
#1517=EDGE_CURVE('',#1183,#1181,#156,.T.);
#1518=EDGE_CURVE('',#1182,#1100,#940,.T.);
#1519=EDGE_CURVE('',#1101,#1183,#39,.T.);
#1520=EDGE_CURVE('',#1106,#1184,#941,.T.);
#1521=EDGE_CURVE('',#1185,#1184,#700,.T.);
#1522=EDGE_CURVE('',#1107,#1185,#40,.T.);
#1523=EDGE_CURVE('',#1184,#1186,#157,.T.);
#1524=EDGE_CURVE('',#1187,#1186,#701,.T.);
#1525=EDGE_CURVE('',#1187,#1185,#158,.T.);
#1526=EDGE_CURVE('',#1186,#1112,#942,.T.);
#1527=EDGE_CURVE('',#1113,#1187,#41,.T.);
#1528=EDGE_CURVE('',#1118,#1188,#943,.T.);
#1529=EDGE_CURVE('',#1189,#1188,#702,.T.);
#1530=EDGE_CURVE('',#1119,#1189,#42,.T.);
#1531=EDGE_CURVE('',#1188,#1190,#159,.T.);
#1532=EDGE_CURVE('',#1191,#1190,#703,.T.);
#1533=EDGE_CURVE('',#1191,#1189,#160,.T.);
#1534=EDGE_CURVE('',#1190,#1124,#944,.T.);
#1535=EDGE_CURVE('',#1125,#1191,#43,.T.);
#1536=EDGE_CURVE('',#1130,#1192,#945,.T.);
#1537=EDGE_CURVE('',#1193,#1192,#704,.T.);
#1538=EDGE_CURVE('',#1131,#1193,#44,.T.);
#1539=EDGE_CURVE('',#1192,#1194,#161,.T.);
#1540=EDGE_CURVE('',#1195,#1194,#705,.T.);
#1541=EDGE_CURVE('',#1195,#1193,#162,.T.);
#1542=EDGE_CURVE('',#1194,#1136,#946,.T.);
#1543=EDGE_CURVE('',#1137,#1195,#45,.T.);
#1544=EDGE_CURVE('',#1142,#1196,#947,.T.);
#1545=EDGE_CURVE('',#1197,#1196,#706,.T.);
#1546=EDGE_CURVE('',#1143,#1197,#46,.T.);
#1547=EDGE_CURVE('',#1196,#1198,#163,.T.);
#1548=EDGE_CURVE('',#1199,#1198,#707,.T.);
#1549=EDGE_CURVE('',#1199,#1197,#164,.T.);
#1550=EDGE_CURVE('',#1198,#1148,#948,.T.);
#1551=EDGE_CURVE('',#1149,#1199,#47,.T.);
#1552=EDGE_CURVE('',#1154,#1200,#949,.T.);
#1553=EDGE_CURVE('',#1201,#1200,#708,.T.);
#1554=EDGE_CURVE('',#1155,#1201,#48,.T.);
#1555=EDGE_CURVE('',#1200,#1007,#165,.T.);
#1556=EDGE_CURVE('',#1006,#1201,#166,.T.);
#1557=EDGE_CURVE('',#1145,#1150,#167,.T.);
#1558=EDGE_CURVE('',#1153,#1146,#168,.T.);
#1559=EDGE_CURVE('',#1133,#1138,#169,.T.);
#1560=EDGE_CURVE('',#1141,#1134,#170,.T.);
#1561=EDGE_CURVE('',#1121,#1126,#171,.T.);
#1562=EDGE_CURVE('',#1129,#1122,#172,.T.);
#1563=EDGE_CURVE('',#1109,#1114,#173,.T.);
#1564=EDGE_CURVE('',#1117,#1110,#174,.T.);
#1565=EDGE_CURVE('',#1097,#1102,#175,.T.);
#1566=EDGE_CURVE('',#1105,#1098,#176,.T.);
#1567=EDGE_CURVE('',#1085,#1090,#177,.T.);
#1568=EDGE_CURVE('',#1093,#1086,#178,.T.);
#1569=EDGE_CURVE('',#1073,#1078,#179,.T.);
#1570=EDGE_CURVE('',#1081,#1074,#180,.T.);
#1571=EDGE_CURVE('',#1061,#1066,#181,.T.);
#1572=EDGE_CURVE('',#1069,#1062,#182,.T.);
#1573=EDGE_CURVE('',#1049,#1054,#183,.T.);
#1574=EDGE_CURVE('',#1057,#1050,#184,.T.);
#1575=EDGE_CURVE('',#1037,#1042,#185,.T.);
#1576=EDGE_CURVE('',#1045,#1038,#186,.T.);
#1577=EDGE_CURVE('',#1025,#1030,#187,.T.);
#1578=EDGE_CURVE('',#1033,#1026,#188,.T.);
#1579=EDGE_CURVE('',#953,#1202,#49,.T.);
#1580=EDGE_CURVE('',#1202,#1203,#709,.T.);
#1581=EDGE_CURVE('',#1203,#952,#950,.T.);
#1582=EDGE_CURVE('',#1204,#1203,#189,.T.);
#1583=EDGE_CURVE('',#991,#1204,#951,.T.);
#1584=EDGE_CURVE('',#990,#1205,#50,.T.);
#1585=EDGE_CURVE('',#1202,#1205,#190,.T.);
#1586=EDGE_CURVE('',#1205,#1204,#710,.T.);
#1587=ORIENTED_EDGE('',*,*,#1206,.F.);
#1588=ORIENTED_EDGE('',*,*,#1207,.F.);
#1589=ORIENTED_EDGE('',*,*,#1208,.F.);
#1590=ORIENTED_EDGE('',*,*,#1209,.F.);
#1591=ORIENTED_EDGE('',*,*,#1210,.F.);
#1592=ORIENTED_EDGE('',*,*,#1211,.F.);
#1593=ORIENTED_EDGE('',*,*,#1212,.T.);
#1594=ORIENTED_EDGE('',*,*,#1213,.F.);
#1595=ORIENTED_EDGE('',*,*,#1214,.F.);
#1596=ORIENTED_EDGE('',*,*,#1215,.T.);
#1597=ORIENTED_EDGE('',*,*,#1216,.F.);
#1598=ORIENTED_EDGE('',*,*,#1217,.F.);
#1599=ORIENTED_EDGE('',*,*,#1218,.F.);
#1600=ORIENTED_EDGE('',*,*,#1217,.T.);
#1601=ORIENTED_EDGE('',*,*,#1219,.F.);
#1602=ORIENTED_EDGE('',*,*,#1220,.F.);
#1603=ORIENTED_EDGE('',*,*,#1221,.F.);
#1604=ORIENTED_EDGE('',*,*,#1220,.T.);
#1605=ORIENTED_EDGE('',*,*,#1222,.F.);
#1606=ORIENTED_EDGE('',*,*,#1223,.F.);
#1607=ORIENTED_EDGE('',*,*,#1224,.F.);
#1608=ORIENTED_EDGE('',*,*,#1223,.T.);
#1609=ORIENTED_EDGE('',*,*,#1225,.F.);
#1610=ORIENTED_EDGE('',*,*,#1226,.F.);
#1611=ORIENTED_EDGE('',*,*,#1227,.F.);
#1612=ORIENTED_EDGE('',*,*,#1226,.T.);
#1613=ORIENTED_EDGE('',*,*,#1228,.F.);
#1614=ORIENTED_EDGE('',*,*,#1229,.F.);
#1615=ORIENTED_EDGE('',*,*,#1230,.F.);
#1616=ORIENTED_EDGE('',*,*,#1229,.T.);
#1617=ORIENTED_EDGE('',*,*,#1231,.F.);
#1618=ORIENTED_EDGE('',*,*,#1232,.F.);
#1619=ORIENTED_EDGE('',*,*,#1233,.F.);
#1620=ORIENTED_EDGE('',*,*,#1232,.T.);
#1621=ORIENTED_EDGE('',*,*,#1234,.F.);
#1622=ORIENTED_EDGE('',*,*,#1235,.F.);
#1623=ORIENTED_EDGE('',*,*,#1236,.F.);
#1624=ORIENTED_EDGE('',*,*,#1235,.T.);
#1625=ORIENTED_EDGE('',*,*,#1237,.F.);
#1626=ORIENTED_EDGE('',*,*,#1238,.F.);
#1627=ORIENTED_EDGE('',*,*,#1239,.F.);
#1628=ORIENTED_EDGE('',*,*,#1238,.T.);
#1629=ORIENTED_EDGE('',*,*,#1240,.F.);
#1630=ORIENTED_EDGE('',*,*,#1241,.F.);
#1631=ORIENTED_EDGE('',*,*,#1242,.F.);
#1632=ORIENTED_EDGE('',*,*,#1241,.T.);
#1633=ORIENTED_EDGE('',*,*,#1243,.F.);
#1634=ORIENTED_EDGE('',*,*,#1244,.F.);
#1635=ORIENTED_EDGE('',*,*,#1245,.F.);
#1636=ORIENTED_EDGE('',*,*,#1244,.T.);
#1637=ORIENTED_EDGE('',*,*,#1246,.F.);
#1638=ORIENTED_EDGE('',*,*,#1247,.F.);
#1639=ORIENTED_EDGE('',*,*,#1248,.F.);
#1640=ORIENTED_EDGE('',*,*,#1247,.T.);
#1641=ORIENTED_EDGE('',*,*,#1249,.F.);
#1642=ORIENTED_EDGE('',*,*,#1250,.F.);
#1643=ORIENTED_EDGE('',*,*,#1251,.F.);
#1644=ORIENTED_EDGE('',*,*,#1250,.T.);
#1645=ORIENTED_EDGE('',*,*,#1252,.F.);
#1646=ORIENTED_EDGE('',*,*,#1212,.F.);
#1647=ORIENTED_EDGE('',*,*,#1253,.F.);
#1648=ORIENTED_EDGE('',*,*,#1254,.F.);
#1649=ORIENTED_EDGE('',*,*,#1255,.F.);
#1650=ORIENTED_EDGE('',*,*,#1256,.F.);
#1651=ORIENTED_EDGE('',*,*,#1257,.F.);
#1652=ORIENTED_EDGE('',*,*,#1258,.F.);
#1653=ORIENTED_EDGE('',*,*,#1259,.F.);
#1654=ORIENTED_EDGE('',*,*,#1260,.F.);
#1655=ORIENTED_EDGE('',*,*,#1261,.T.);
#1656=ORIENTED_EDGE('',*,*,#1208,.T.);
#1657=ORIENTED_EDGE('',*,*,#1262,.F.);
#1658=ORIENTED_EDGE('',*,*,#1263,.F.);
#1659=ORIENTED_EDGE('',*,*,#1264,.T.);
#1660=ORIENTED_EDGE('',*,*,#1263,.T.);
#1661=ORIENTED_EDGE('',*,*,#1265,.F.);
#1662=ORIENTED_EDGE('',*,*,#1266,.F.);
#1663=ORIENTED_EDGE('',*,*,#1267,.F.);
#1664=ORIENTED_EDGE('',*,*,#1266,.T.);
#1665=ORIENTED_EDGE('',*,*,#1268,.F.);
#1666=ORIENTED_EDGE('',*,*,#1269,.F.);
#1667=ORIENTED_EDGE('',*,*,#1270,.T.);
#1668=ORIENTED_EDGE('',*,*,#1269,.T.);
#1669=ORIENTED_EDGE('',*,*,#1271,.F.);
#1670=ORIENTED_EDGE('',*,*,#1215,.F.);
#1671=ORIENTED_EDGE('',*,*,#1272,.T.);
#1672=ORIENTED_EDGE('',*,*,#1273,.F.);
#1673=ORIENTED_EDGE('',*,*,#1274,.T.);
#1674=ORIENTED_EDGE('',*,*,#1275,.T.);
#1675=ORIENTED_EDGE('',*,*,#1210,.T.);
#1676=ORIENTED_EDGE('',*,*,#1276,.T.);
#1677=ORIENTED_EDGE('',*,*,#1275,.F.);
#1678=ORIENTED_EDGE('',*,*,#1277,.F.);
#1679=ORIENTED_EDGE('',*,*,#1255,.T.);
#1680=ORIENTED_EDGE('',*,*,#1278,.T.);
#1681=ORIENTED_EDGE('',*,*,#1273,.T.);
#1682=ORIENTED_EDGE('',*,*,#1279,.T.);
#1683=ORIENTED_EDGE('',*,*,#1280,.T.);
#1684=ORIENTED_EDGE('',*,*,#1281,.T.);
#1685=ORIENTED_EDGE('',*,*,#1282,.T.);
#1686=ORIENTED_EDGE('',*,*,#1281,.F.);
#1687=ORIENTED_EDGE('',*,*,#1259,.T.);
#1688=ORIENTED_EDGE('',*,*,#1283,.T.);
#1689=ORIENTED_EDGE('',*,*,#1284,.T.);
#1690=ORIENTED_EDGE('',*,*,#1285,.T.);
#1691=ORIENTED_EDGE('',*,*,#1253,.T.);
#1692=ORIENTED_EDGE('',*,*,#1286,.T.);
#1693=ORIENTED_EDGE('',*,*,#1287,.F.);
#1694=ORIENTED_EDGE('',*,*,#1288,.F.);
#1695=ORIENTED_EDGE('',*,*,#1289,.T.);
#1696=ORIENTED_EDGE('',*,*,#1290,.F.);
#1697=ORIENTED_EDGE('',*,*,#1291,.T.);
#1698=ORIENTED_EDGE('',*,*,#1287,.T.);
#1699=ORIENTED_EDGE('',*,*,#1292,.T.);
#1700=ORIENTED_EDGE('',*,*,#1293,.F.);
#1701=ORIENTED_EDGE('',*,*,#1294,.T.);
#1702=ORIENTED_EDGE('',*,*,#1290,.T.);
#1703=ORIENTED_EDGE('',*,*,#1295,.T.);
#1704=ORIENTED_EDGE('',*,*,#1296,.F.);
#1705=ORIENTED_EDGE('',*,*,#1297,.T.);
#1706=ORIENTED_EDGE('',*,*,#1293,.T.);
#1707=ORIENTED_EDGE('',*,*,#1298,.T.);
#1708=ORIENTED_EDGE('',*,*,#1299,.T.);
#1709=ORIENTED_EDGE('',*,*,#1300,.T.);
#1710=ORIENTED_EDGE('',*,*,#1296,.T.);
#1711=ORIENTED_EDGE('',*,*,#1301,.T.);
#1712=ORIENTED_EDGE('',*,*,#1302,.F.);
#1713=ORIENTED_EDGE('',*,*,#1303,.T.);
#1714=ORIENTED_EDGE('',*,*,#1299,.F.);
#1715=ORIENTED_EDGE('',*,*,#1304,.T.);
#1716=ORIENTED_EDGE('',*,*,#1305,.T.);
#1717=ORIENTED_EDGE('',*,*,#1306,.T.);
#1718=ORIENTED_EDGE('',*,*,#1302,.T.);
#1719=ORIENTED_EDGE('',*,*,#1307,.T.);
#1720=ORIENTED_EDGE('',*,*,#1308,.F.);
#1721=ORIENTED_EDGE('',*,*,#1309,.F.);
#1722=ORIENTED_EDGE('',*,*,#1305,.F.);
#1723=ORIENTED_EDGE('',*,*,#1310,.T.);
#1724=ORIENTED_EDGE('',*,*,#1311,.T.);
#1725=ORIENTED_EDGE('',*,*,#1312,.T.);
#1726=ORIENTED_EDGE('',*,*,#1313,.T.);
#1727=ORIENTED_EDGE('',*,*,#1314,.T.);
#1728=ORIENTED_EDGE('',*,*,#1313,.F.);
#1729=ORIENTED_EDGE('',*,*,#1315,.T.);
#1730=ORIENTED_EDGE('',*,*,#1316,.T.);
#1731=ORIENTED_EDGE('',*,*,#1317,.T.);
#1732=ORIENTED_EDGE('',*,*,#1318,.T.);
#1733=ORIENTED_EDGE('',*,*,#1319,.T.);
#1734=ORIENTED_EDGE('',*,*,#1320,.T.);
#1735=ORIENTED_EDGE('',*,*,#1321,.T.);
#1736=ORIENTED_EDGE('',*,*,#1322,.F.);
#1737=ORIENTED_EDGE('',*,*,#1323,.F.);
#1738=ORIENTED_EDGE('',*,*,#1318,.F.);
#1739=ORIENTED_EDGE('',*,*,#1324,.T.);
#1740=ORIENTED_EDGE('',*,*,#1325,.T.);
#1741=ORIENTED_EDGE('',*,*,#1326,.T.);
#1742=ORIENTED_EDGE('',*,*,#1327,.T.);
#1743=ORIENTED_EDGE('',*,*,#1328,.T.);
#1744=ORIENTED_EDGE('',*,*,#1327,.F.);
#1745=ORIENTED_EDGE('',*,*,#1329,.T.);
#1746=ORIENTED_EDGE('',*,*,#1330,.T.);
#1747=ORIENTED_EDGE('',*,*,#1331,.T.);
#1748=ORIENTED_EDGE('',*,*,#1332,.T.);
#1749=ORIENTED_EDGE('',*,*,#1333,.T.);
#1750=ORIENTED_EDGE('',*,*,#1334,.T.);
#1751=ORIENTED_EDGE('',*,*,#1335,.T.);
#1752=ORIENTED_EDGE('',*,*,#1336,.F.);
#1753=ORIENTED_EDGE('',*,*,#1337,.F.);
#1754=ORIENTED_EDGE('',*,*,#1332,.F.);
#1755=ORIENTED_EDGE('',*,*,#1338,.T.);
#1756=ORIENTED_EDGE('',*,*,#1339,.T.);
#1757=ORIENTED_EDGE('',*,*,#1340,.T.);
#1758=ORIENTED_EDGE('',*,*,#1341,.T.);
#1759=ORIENTED_EDGE('',*,*,#1342,.T.);
#1760=ORIENTED_EDGE('',*,*,#1341,.F.);
#1761=ORIENTED_EDGE('',*,*,#1343,.T.);
#1762=ORIENTED_EDGE('',*,*,#1344,.T.);
#1763=ORIENTED_EDGE('',*,*,#1345,.T.);
#1764=ORIENTED_EDGE('',*,*,#1346,.T.);
#1765=ORIENTED_EDGE('',*,*,#1347,.T.);
#1766=ORIENTED_EDGE('',*,*,#1348,.T.);
#1767=ORIENTED_EDGE('',*,*,#1349,.T.);
#1768=ORIENTED_EDGE('',*,*,#1350,.F.);
#1769=ORIENTED_EDGE('',*,*,#1351,.F.);
#1770=ORIENTED_EDGE('',*,*,#1346,.F.);
#1771=ORIENTED_EDGE('',*,*,#1352,.T.);
#1772=ORIENTED_EDGE('',*,*,#1353,.T.);
#1773=ORIENTED_EDGE('',*,*,#1354,.T.);
#1774=ORIENTED_EDGE('',*,*,#1355,.T.);
#1775=ORIENTED_EDGE('',*,*,#1356,.T.);
#1776=ORIENTED_EDGE('',*,*,#1355,.F.);
#1777=ORIENTED_EDGE('',*,*,#1357,.T.);
#1778=ORIENTED_EDGE('',*,*,#1358,.T.);
#1779=ORIENTED_EDGE('',*,*,#1359,.T.);
#1780=ORIENTED_EDGE('',*,*,#1360,.T.);
#1781=ORIENTED_EDGE('',*,*,#1361,.T.);
#1782=ORIENTED_EDGE('',*,*,#1362,.T.);
#1783=ORIENTED_EDGE('',*,*,#1363,.T.);
#1784=ORIENTED_EDGE('',*,*,#1364,.F.);
#1785=ORIENTED_EDGE('',*,*,#1365,.F.);
#1786=ORIENTED_EDGE('',*,*,#1360,.F.);
#1787=ORIENTED_EDGE('',*,*,#1366,.T.);
#1788=ORIENTED_EDGE('',*,*,#1367,.T.);
#1789=ORIENTED_EDGE('',*,*,#1368,.T.);
#1790=ORIENTED_EDGE('',*,*,#1369,.T.);
#1791=ORIENTED_EDGE('',*,*,#1370,.T.);
#1792=ORIENTED_EDGE('',*,*,#1369,.F.);
#1793=ORIENTED_EDGE('',*,*,#1371,.T.);
#1794=ORIENTED_EDGE('',*,*,#1372,.T.);
#1795=ORIENTED_EDGE('',*,*,#1373,.T.);
#1796=ORIENTED_EDGE('',*,*,#1374,.T.);
#1797=ORIENTED_EDGE('',*,*,#1375,.T.);
#1798=ORIENTED_EDGE('',*,*,#1376,.T.);
#1799=ORIENTED_EDGE('',*,*,#1377,.T.);
#1800=ORIENTED_EDGE('',*,*,#1378,.F.);
#1801=ORIENTED_EDGE('',*,*,#1379,.F.);
#1802=ORIENTED_EDGE('',*,*,#1374,.F.);
#1803=ORIENTED_EDGE('',*,*,#1380,.T.);
#1804=ORIENTED_EDGE('',*,*,#1381,.T.);
#1805=ORIENTED_EDGE('',*,*,#1382,.T.);
#1806=ORIENTED_EDGE('',*,*,#1383,.T.);
#1807=ORIENTED_EDGE('',*,*,#1384,.T.);
#1808=ORIENTED_EDGE('',*,*,#1383,.F.);
#1809=ORIENTED_EDGE('',*,*,#1385,.T.);
#1810=ORIENTED_EDGE('',*,*,#1386,.T.);
#1811=ORIENTED_EDGE('',*,*,#1387,.T.);
#1812=ORIENTED_EDGE('',*,*,#1388,.T.);
#1813=ORIENTED_EDGE('',*,*,#1389,.T.);
#1814=ORIENTED_EDGE('',*,*,#1390,.T.);
#1815=ORIENTED_EDGE('',*,*,#1391,.T.);
#1816=ORIENTED_EDGE('',*,*,#1392,.F.);
#1817=ORIENTED_EDGE('',*,*,#1393,.F.);
#1818=ORIENTED_EDGE('',*,*,#1388,.F.);
#1819=ORIENTED_EDGE('',*,*,#1394,.T.);
#1820=ORIENTED_EDGE('',*,*,#1395,.T.);
#1821=ORIENTED_EDGE('',*,*,#1396,.T.);
#1822=ORIENTED_EDGE('',*,*,#1397,.T.);
#1823=ORIENTED_EDGE('',*,*,#1398,.T.);
#1824=ORIENTED_EDGE('',*,*,#1397,.F.);
#1825=ORIENTED_EDGE('',*,*,#1399,.T.);
#1826=ORIENTED_EDGE('',*,*,#1400,.T.);
#1827=ORIENTED_EDGE('',*,*,#1401,.T.);
#1828=ORIENTED_EDGE('',*,*,#1402,.T.);
#1829=ORIENTED_EDGE('',*,*,#1403,.T.);
#1830=ORIENTED_EDGE('',*,*,#1404,.T.);
#1831=ORIENTED_EDGE('',*,*,#1405,.T.);
#1832=ORIENTED_EDGE('',*,*,#1406,.F.);
#1833=ORIENTED_EDGE('',*,*,#1407,.F.);
#1834=ORIENTED_EDGE('',*,*,#1402,.F.);
#1835=ORIENTED_EDGE('',*,*,#1408,.T.);
#1836=ORIENTED_EDGE('',*,*,#1409,.T.);
#1837=ORIENTED_EDGE('',*,*,#1410,.T.);
#1838=ORIENTED_EDGE('',*,*,#1411,.T.);
#1839=ORIENTED_EDGE('',*,*,#1412,.T.);
#1840=ORIENTED_EDGE('',*,*,#1411,.F.);
#1841=ORIENTED_EDGE('',*,*,#1413,.T.);
#1842=ORIENTED_EDGE('',*,*,#1414,.T.);
#1843=ORIENTED_EDGE('',*,*,#1415,.T.);
#1844=ORIENTED_EDGE('',*,*,#1416,.T.);
#1845=ORIENTED_EDGE('',*,*,#1417,.T.);
#1846=ORIENTED_EDGE('',*,*,#1418,.T.);
#1847=ORIENTED_EDGE('',*,*,#1419,.T.);
#1848=ORIENTED_EDGE('',*,*,#1420,.F.);
#1849=ORIENTED_EDGE('',*,*,#1421,.F.);
#1850=ORIENTED_EDGE('',*,*,#1416,.F.);
#1851=ORIENTED_EDGE('',*,*,#1422,.T.);
#1852=ORIENTED_EDGE('',*,*,#1423,.T.);
#1853=ORIENTED_EDGE('',*,*,#1424,.T.);
#1854=ORIENTED_EDGE('',*,*,#1425,.T.);
#1855=ORIENTED_EDGE('',*,*,#1426,.T.);
#1856=ORIENTED_EDGE('',*,*,#1425,.F.);
#1857=ORIENTED_EDGE('',*,*,#1427,.T.);
#1858=ORIENTED_EDGE('',*,*,#1428,.T.);
#1859=ORIENTED_EDGE('',*,*,#1429,.T.);
#1860=ORIENTED_EDGE('',*,*,#1430,.T.);
#1861=ORIENTED_EDGE('',*,*,#1431,.T.);
#1862=ORIENTED_EDGE('',*,*,#1432,.T.);
#1863=ORIENTED_EDGE('',*,*,#1433,.T.);
#1864=ORIENTED_EDGE('',*,*,#1434,.F.);
#1865=ORIENTED_EDGE('',*,*,#1435,.F.);
#1866=ORIENTED_EDGE('',*,*,#1430,.F.);
#1867=ORIENTED_EDGE('',*,*,#1436,.T.);
#1868=ORIENTED_EDGE('',*,*,#1437,.T.);
#1869=ORIENTED_EDGE('',*,*,#1438,.T.);
#1870=ORIENTED_EDGE('',*,*,#1439,.T.);
#1871=ORIENTED_EDGE('',*,*,#1440,.T.);
#1872=ORIENTED_EDGE('',*,*,#1439,.F.);
#1873=ORIENTED_EDGE('',*,*,#1441,.T.);
#1874=ORIENTED_EDGE('',*,*,#1442,.T.);
#1875=ORIENTED_EDGE('',*,*,#1443,.T.);
#1876=ORIENTED_EDGE('',*,*,#1444,.T.);
#1877=ORIENTED_EDGE('',*,*,#1445,.T.);
#1878=ORIENTED_EDGE('',*,*,#1446,.T.);
#1879=ORIENTED_EDGE('',*,*,#1447,.T.);
#1880=ORIENTED_EDGE('',*,*,#1448,.F.);
#1881=ORIENTED_EDGE('',*,*,#1449,.F.);
#1882=ORIENTED_EDGE('',*,*,#1444,.F.);
#1883=ORIENTED_EDGE('',*,*,#1450,.T.);
#1884=ORIENTED_EDGE('',*,*,#1451,.T.);
#1885=ORIENTED_EDGE('',*,*,#1452,.T.);
#1886=ORIENTED_EDGE('',*,*,#1453,.T.);
#1887=ORIENTED_EDGE('',*,*,#1454,.T.);
#1888=ORIENTED_EDGE('',*,*,#1453,.F.);
#1889=ORIENTED_EDGE('',*,*,#1455,.T.);
#1890=ORIENTED_EDGE('',*,*,#1456,.T.);
#1891=ORIENTED_EDGE('',*,*,#1457,.T.);
#1892=ORIENTED_EDGE('',*,*,#1458,.T.);
#1893=ORIENTED_EDGE('',*,*,#1459,.T.);
#1894=ORIENTED_EDGE('',*,*,#1460,.T.);
#1895=ORIENTED_EDGE('',*,*,#1461,.T.);
#1896=ORIENTED_EDGE('',*,*,#1462,.F.);
#1897=ORIENTED_EDGE('',*,*,#1463,.F.);
#1898=ORIENTED_EDGE('',*,*,#1458,.F.);
#1899=ORIENTED_EDGE('',*,*,#1464,.T.);
#1900=ORIENTED_EDGE('',*,*,#1465,.F.);
#1901=ORIENTED_EDGE('',*,*,#1466,.F.);
#1902=ORIENTED_EDGE('',*,*,#1308,.T.);
#1903=ORIENTED_EDGE('',*,*,#1467,.T.);
#1904=ORIENTED_EDGE('',*,*,#1468,.F.);
#1905=ORIENTED_EDGE('',*,*,#1469,.T.);
#1906=ORIENTED_EDGE('',*,*,#1465,.T.);
#1907=ORIENTED_EDGE('',*,*,#1470,.T.);
#1908=ORIENTED_EDGE('',*,*,#1316,.F.);
#1909=ORIENTED_EDGE('',*,*,#1471,.T.);
#1910=ORIENTED_EDGE('',*,*,#1468,.T.);
#1911=ORIENTED_EDGE('',*,*,#1472,.T.);
#1912=ORIENTED_EDGE('',*,*,#1473,.F.);
#1913=ORIENTED_EDGE('',*,*,#1474,.F.);
#1914=ORIENTED_EDGE('',*,*,#1322,.T.);
#1915=ORIENTED_EDGE('',*,*,#1475,.T.);
#1916=ORIENTED_EDGE('',*,*,#1476,.F.);
#1917=ORIENTED_EDGE('',*,*,#1477,.T.);
#1918=ORIENTED_EDGE('',*,*,#1473,.T.);
#1919=ORIENTED_EDGE('',*,*,#1478,.T.);
#1920=ORIENTED_EDGE('',*,*,#1330,.F.);
#1921=ORIENTED_EDGE('',*,*,#1479,.T.);
#1922=ORIENTED_EDGE('',*,*,#1476,.T.);
#1923=ORIENTED_EDGE('',*,*,#1480,.T.);
#1924=ORIENTED_EDGE('',*,*,#1481,.F.);
#1925=ORIENTED_EDGE('',*,*,#1482,.F.);
#1926=ORIENTED_EDGE('',*,*,#1336,.T.);
#1927=ORIENTED_EDGE('',*,*,#1483,.T.);
#1928=ORIENTED_EDGE('',*,*,#1484,.F.);
#1929=ORIENTED_EDGE('',*,*,#1485,.T.);
#1930=ORIENTED_EDGE('',*,*,#1481,.T.);
#1931=ORIENTED_EDGE('',*,*,#1486,.T.);
#1932=ORIENTED_EDGE('',*,*,#1344,.F.);
#1933=ORIENTED_EDGE('',*,*,#1487,.T.);
#1934=ORIENTED_EDGE('',*,*,#1484,.T.);
#1935=ORIENTED_EDGE('',*,*,#1488,.T.);
#1936=ORIENTED_EDGE('',*,*,#1489,.F.);
#1937=ORIENTED_EDGE('',*,*,#1490,.F.);
#1938=ORIENTED_EDGE('',*,*,#1350,.T.);
#1939=ORIENTED_EDGE('',*,*,#1491,.T.);
#1940=ORIENTED_EDGE('',*,*,#1492,.F.);
#1941=ORIENTED_EDGE('',*,*,#1493,.T.);
#1942=ORIENTED_EDGE('',*,*,#1489,.T.);
#1943=ORIENTED_EDGE('',*,*,#1494,.T.);
#1944=ORIENTED_EDGE('',*,*,#1358,.F.);
#1945=ORIENTED_EDGE('',*,*,#1495,.T.);
#1946=ORIENTED_EDGE('',*,*,#1492,.T.);
#1947=ORIENTED_EDGE('',*,*,#1496,.T.);
#1948=ORIENTED_EDGE('',*,*,#1497,.F.);
#1949=ORIENTED_EDGE('',*,*,#1498,.F.);
#1950=ORIENTED_EDGE('',*,*,#1364,.T.);
#1951=ORIENTED_EDGE('',*,*,#1499,.T.);
#1952=ORIENTED_EDGE('',*,*,#1500,.F.);
#1953=ORIENTED_EDGE('',*,*,#1501,.T.);
#1954=ORIENTED_EDGE('',*,*,#1497,.T.);
#1955=ORIENTED_EDGE('',*,*,#1502,.T.);
#1956=ORIENTED_EDGE('',*,*,#1372,.F.);
#1957=ORIENTED_EDGE('',*,*,#1503,.T.);
#1958=ORIENTED_EDGE('',*,*,#1500,.T.);
#1959=ORIENTED_EDGE('',*,*,#1504,.T.);
#1960=ORIENTED_EDGE('',*,*,#1505,.F.);
#1961=ORIENTED_EDGE('',*,*,#1506,.F.);
#1962=ORIENTED_EDGE('',*,*,#1378,.T.);
#1963=ORIENTED_EDGE('',*,*,#1507,.T.);
#1964=ORIENTED_EDGE('',*,*,#1508,.F.);
#1965=ORIENTED_EDGE('',*,*,#1509,.T.);
#1966=ORIENTED_EDGE('',*,*,#1505,.T.);
#1967=ORIENTED_EDGE('',*,*,#1510,.T.);
#1968=ORIENTED_EDGE('',*,*,#1386,.F.);
#1969=ORIENTED_EDGE('',*,*,#1511,.T.);
#1970=ORIENTED_EDGE('',*,*,#1508,.T.);
#1971=ORIENTED_EDGE('',*,*,#1512,.T.);
#1972=ORIENTED_EDGE('',*,*,#1513,.F.);
#1973=ORIENTED_EDGE('',*,*,#1514,.F.);
#1974=ORIENTED_EDGE('',*,*,#1392,.T.);
#1975=ORIENTED_EDGE('',*,*,#1515,.T.);
#1976=ORIENTED_EDGE('',*,*,#1516,.F.);
#1977=ORIENTED_EDGE('',*,*,#1517,.T.);
#1978=ORIENTED_EDGE('',*,*,#1513,.T.);
#1979=ORIENTED_EDGE('',*,*,#1518,.T.);
#1980=ORIENTED_EDGE('',*,*,#1400,.F.);
#1981=ORIENTED_EDGE('',*,*,#1519,.T.);
#1982=ORIENTED_EDGE('',*,*,#1516,.T.);
#1983=ORIENTED_EDGE('',*,*,#1520,.T.);
#1984=ORIENTED_EDGE('',*,*,#1521,.F.);
#1985=ORIENTED_EDGE('',*,*,#1522,.F.);
#1986=ORIENTED_EDGE('',*,*,#1406,.T.);
#1987=ORIENTED_EDGE('',*,*,#1523,.T.);
#1988=ORIENTED_EDGE('',*,*,#1524,.F.);
#1989=ORIENTED_EDGE('',*,*,#1525,.T.);
#1990=ORIENTED_EDGE('',*,*,#1521,.T.);
#1991=ORIENTED_EDGE('',*,*,#1526,.T.);
#1992=ORIENTED_EDGE('',*,*,#1414,.F.);
#1993=ORIENTED_EDGE('',*,*,#1527,.T.);
#1994=ORIENTED_EDGE('',*,*,#1524,.T.);
#1995=ORIENTED_EDGE('',*,*,#1528,.T.);
#1996=ORIENTED_EDGE('',*,*,#1529,.F.);
#1997=ORIENTED_EDGE('',*,*,#1530,.F.);
#1998=ORIENTED_EDGE('',*,*,#1420,.T.);
#1999=ORIENTED_EDGE('',*,*,#1531,.T.);
#2000=ORIENTED_EDGE('',*,*,#1532,.F.);
#2001=ORIENTED_EDGE('',*,*,#1533,.T.);
#2002=ORIENTED_EDGE('',*,*,#1529,.T.);
#2003=ORIENTED_EDGE('',*,*,#1534,.T.);
#2004=ORIENTED_EDGE('',*,*,#1428,.F.);
#2005=ORIENTED_EDGE('',*,*,#1535,.T.);
#2006=ORIENTED_EDGE('',*,*,#1532,.T.);
#2007=ORIENTED_EDGE('',*,*,#1536,.T.);
#2008=ORIENTED_EDGE('',*,*,#1537,.F.);
#2009=ORIENTED_EDGE('',*,*,#1538,.F.);
#2010=ORIENTED_EDGE('',*,*,#1434,.T.);
#2011=ORIENTED_EDGE('',*,*,#1539,.T.);
#2012=ORIENTED_EDGE('',*,*,#1540,.F.);
#2013=ORIENTED_EDGE('',*,*,#1541,.T.);
#2014=ORIENTED_EDGE('',*,*,#1537,.T.);
#2015=ORIENTED_EDGE('',*,*,#1542,.T.);
#2016=ORIENTED_EDGE('',*,*,#1442,.F.);
#2017=ORIENTED_EDGE('',*,*,#1543,.T.);
#2018=ORIENTED_EDGE('',*,*,#1540,.T.);
#2019=ORIENTED_EDGE('',*,*,#1544,.T.);
#2020=ORIENTED_EDGE('',*,*,#1545,.F.);
#2021=ORIENTED_EDGE('',*,*,#1546,.F.);
#2022=ORIENTED_EDGE('',*,*,#1448,.T.);
#2023=ORIENTED_EDGE('',*,*,#1547,.T.);
#2024=ORIENTED_EDGE('',*,*,#1548,.F.);
#2025=ORIENTED_EDGE('',*,*,#1549,.T.);
#2026=ORIENTED_EDGE('',*,*,#1545,.T.);
#2027=ORIENTED_EDGE('',*,*,#1550,.T.);
#2028=ORIENTED_EDGE('',*,*,#1456,.F.);
#2029=ORIENTED_EDGE('',*,*,#1551,.T.);
#2030=ORIENTED_EDGE('',*,*,#1548,.T.);
#2031=ORIENTED_EDGE('',*,*,#1552,.T.);
#2032=ORIENTED_EDGE('',*,*,#1553,.F.);
#2033=ORIENTED_EDGE('',*,*,#1554,.F.);
#2034=ORIENTED_EDGE('',*,*,#1462,.T.);
#2035=ORIENTED_EDGE('',*,*,#1555,.T.);
#2036=ORIENTED_EDGE('',*,*,#1284,.F.);
#2037=ORIENTED_EDGE('',*,*,#1556,.T.);
#2038=ORIENTED_EDGE('',*,*,#1553,.T.);
#2039=ORIENTED_EDGE('',*,*,#1557,.T.);
#2040=ORIENTED_EDGE('',*,*,#1460,.F.);
#2041=ORIENTED_EDGE('',*,*,#1558,.T.);
#2042=ORIENTED_EDGE('',*,*,#1451,.F.);
#2043=ORIENTED_EDGE('',*,*,#1559,.T.);
#2044=ORIENTED_EDGE('',*,*,#1446,.F.);
#2045=ORIENTED_EDGE('',*,*,#1560,.T.);
#2046=ORIENTED_EDGE('',*,*,#1437,.F.);
#2047=ORIENTED_EDGE('',*,*,#1561,.T.);
#2048=ORIENTED_EDGE('',*,*,#1432,.F.);
#2049=ORIENTED_EDGE('',*,*,#1562,.T.);
#2050=ORIENTED_EDGE('',*,*,#1423,.F.);
#2051=ORIENTED_EDGE('',*,*,#1563,.T.);
#2052=ORIENTED_EDGE('',*,*,#1418,.F.);
#2053=ORIENTED_EDGE('',*,*,#1564,.T.);
#2054=ORIENTED_EDGE('',*,*,#1409,.F.);
#2055=ORIENTED_EDGE('',*,*,#1565,.T.);
#2056=ORIENTED_EDGE('',*,*,#1404,.F.);
#2057=ORIENTED_EDGE('',*,*,#1566,.T.);
#2058=ORIENTED_EDGE('',*,*,#1395,.F.);
#2059=ORIENTED_EDGE('',*,*,#1567,.T.);
#2060=ORIENTED_EDGE('',*,*,#1390,.F.);
#2061=ORIENTED_EDGE('',*,*,#1568,.T.);
#2062=ORIENTED_EDGE('',*,*,#1381,.F.);
#2063=ORIENTED_EDGE('',*,*,#1569,.T.);
#2064=ORIENTED_EDGE('',*,*,#1376,.F.);
#2065=ORIENTED_EDGE('',*,*,#1570,.T.);
#2066=ORIENTED_EDGE('',*,*,#1367,.F.);
#2067=ORIENTED_EDGE('',*,*,#1571,.T.);
#2068=ORIENTED_EDGE('',*,*,#1362,.F.);
#2069=ORIENTED_EDGE('',*,*,#1572,.T.);
#2070=ORIENTED_EDGE('',*,*,#1353,.F.);
#2071=ORIENTED_EDGE('',*,*,#1573,.T.);
#2072=ORIENTED_EDGE('',*,*,#1348,.F.);
#2073=ORIENTED_EDGE('',*,*,#1574,.T.);
#2074=ORIENTED_EDGE('',*,*,#1339,.F.);
#2075=ORIENTED_EDGE('',*,*,#1575,.T.);
#2076=ORIENTED_EDGE('',*,*,#1334,.F.);
#2077=ORIENTED_EDGE('',*,*,#1576,.T.);
#2078=ORIENTED_EDGE('',*,*,#1325,.F.);
#2079=ORIENTED_EDGE('',*,*,#1577,.T.);
#2080=ORIENTED_EDGE('',*,*,#1320,.F.);
#2081=ORIENTED_EDGE('',*,*,#1578,.T.);
#2082=ORIENTED_EDGE('',*,*,#1311,.F.);
#2083=ORIENTED_EDGE('',*,*,#1206,.T.);
#2084=ORIENTED_EDGE('',*,*,#1579,.T.);
#2085=ORIENTED_EDGE('',*,*,#1580,.T.);
#2086=ORIENTED_EDGE('',*,*,#1581,.T.);
#2087=ORIENTED_EDGE('',*,*,#1581,.F.);
#2088=ORIENTED_EDGE('',*,*,#1582,.F.);
#2089=ORIENTED_EDGE('',*,*,#1583,.F.);
#2090=ORIENTED_EDGE('',*,*,#1260,.T.);
#2091=ORIENTED_EDGE('',*,*,#1285,.F.);
#2092=ORIENTED_EDGE('',*,*,#1555,.F.);
#2093=ORIENTED_EDGE('',*,*,#1552,.F.);
#2094=ORIENTED_EDGE('',*,*,#1461,.F.);
#2095=ORIENTED_EDGE('',*,*,#1457,.F.);
#2096=ORIENTED_EDGE('',*,*,#1557,.F.);
#2097=ORIENTED_EDGE('',*,*,#1450,.F.);
#2098=ORIENTED_EDGE('',*,*,#1454,.F.);
#2099=ORIENTED_EDGE('',*,*,#1550,.F.);
#2100=ORIENTED_EDGE('',*,*,#1547,.F.);
#2101=ORIENTED_EDGE('',*,*,#1544,.F.);
#2102=ORIENTED_EDGE('',*,*,#1447,.F.);
#2103=ORIENTED_EDGE('',*,*,#1443,.F.);
#2104=ORIENTED_EDGE('',*,*,#1559,.F.);
#2105=ORIENTED_EDGE('',*,*,#1436,.F.);
#2106=ORIENTED_EDGE('',*,*,#1440,.F.);
#2107=ORIENTED_EDGE('',*,*,#1542,.F.);
#2108=ORIENTED_EDGE('',*,*,#1539,.F.);
#2109=ORIENTED_EDGE('',*,*,#1536,.F.);
#2110=ORIENTED_EDGE('',*,*,#1433,.F.);
#2111=ORIENTED_EDGE('',*,*,#1429,.F.);
#2112=ORIENTED_EDGE('',*,*,#1561,.F.);
#2113=ORIENTED_EDGE('',*,*,#1422,.F.);
#2114=ORIENTED_EDGE('',*,*,#1426,.F.);
#2115=ORIENTED_EDGE('',*,*,#1534,.F.);
#2116=ORIENTED_EDGE('',*,*,#1531,.F.);
#2117=ORIENTED_EDGE('',*,*,#1528,.F.);
#2118=ORIENTED_EDGE('',*,*,#1419,.F.);
#2119=ORIENTED_EDGE('',*,*,#1415,.F.);
#2120=ORIENTED_EDGE('',*,*,#1563,.F.);
#2121=ORIENTED_EDGE('',*,*,#1408,.F.);
#2122=ORIENTED_EDGE('',*,*,#1412,.F.);
#2123=ORIENTED_EDGE('',*,*,#1526,.F.);
#2124=ORIENTED_EDGE('',*,*,#1523,.F.);
#2125=ORIENTED_EDGE('',*,*,#1520,.F.);
#2126=ORIENTED_EDGE('',*,*,#1405,.F.);
#2127=ORIENTED_EDGE('',*,*,#1401,.F.);
#2128=ORIENTED_EDGE('',*,*,#1565,.F.);
#2129=ORIENTED_EDGE('',*,*,#1394,.F.);
#2130=ORIENTED_EDGE('',*,*,#1398,.F.);
#2131=ORIENTED_EDGE('',*,*,#1518,.F.);
#2132=ORIENTED_EDGE('',*,*,#1515,.F.);
#2133=ORIENTED_EDGE('',*,*,#1512,.F.);
#2134=ORIENTED_EDGE('',*,*,#1391,.F.);
#2135=ORIENTED_EDGE('',*,*,#1387,.F.);
#2136=ORIENTED_EDGE('',*,*,#1567,.F.);
#2137=ORIENTED_EDGE('',*,*,#1380,.F.);
#2138=ORIENTED_EDGE('',*,*,#1384,.F.);
#2139=ORIENTED_EDGE('',*,*,#1510,.F.);
#2140=ORIENTED_EDGE('',*,*,#1507,.F.);
#2141=ORIENTED_EDGE('',*,*,#1504,.F.);
#2142=ORIENTED_EDGE('',*,*,#1377,.F.);
#2143=ORIENTED_EDGE('',*,*,#1373,.F.);
#2144=ORIENTED_EDGE('',*,*,#1569,.F.);
#2145=ORIENTED_EDGE('',*,*,#1366,.F.);
#2146=ORIENTED_EDGE('',*,*,#1370,.F.);
#2147=ORIENTED_EDGE('',*,*,#1502,.F.);
#2148=ORIENTED_EDGE('',*,*,#1499,.F.);
#2149=ORIENTED_EDGE('',*,*,#1496,.F.);
#2150=ORIENTED_EDGE('',*,*,#1363,.F.);
#2151=ORIENTED_EDGE('',*,*,#1359,.F.);
#2152=ORIENTED_EDGE('',*,*,#1571,.F.);
#2153=ORIENTED_EDGE('',*,*,#1352,.F.);
#2154=ORIENTED_EDGE('',*,*,#1356,.F.);
#2155=ORIENTED_EDGE('',*,*,#1494,.F.);
#2156=ORIENTED_EDGE('',*,*,#1491,.F.);
#2157=ORIENTED_EDGE('',*,*,#1488,.F.);
#2158=ORIENTED_EDGE('',*,*,#1349,.F.);
#2159=ORIENTED_EDGE('',*,*,#1345,.F.);
#2160=ORIENTED_EDGE('',*,*,#1573,.F.);
#2161=ORIENTED_EDGE('',*,*,#1338,.F.);
#2162=ORIENTED_EDGE('',*,*,#1342,.F.);
#2163=ORIENTED_EDGE('',*,*,#1486,.F.);
#2164=ORIENTED_EDGE('',*,*,#1483,.F.);
#2165=ORIENTED_EDGE('',*,*,#1480,.F.);
#2166=ORIENTED_EDGE('',*,*,#1335,.F.);
#2167=ORIENTED_EDGE('',*,*,#1331,.F.);
#2168=ORIENTED_EDGE('',*,*,#1575,.F.);
#2169=ORIENTED_EDGE('',*,*,#1324,.F.);
#2170=ORIENTED_EDGE('',*,*,#1328,.F.);
#2171=ORIENTED_EDGE('',*,*,#1478,.F.);
#2172=ORIENTED_EDGE('',*,*,#1475,.F.);
#2173=ORIENTED_EDGE('',*,*,#1472,.F.);
#2174=ORIENTED_EDGE('',*,*,#1321,.F.);
#2175=ORIENTED_EDGE('',*,*,#1317,.F.);
#2176=ORIENTED_EDGE('',*,*,#1577,.F.);
#2177=ORIENTED_EDGE('',*,*,#1310,.F.);
#2178=ORIENTED_EDGE('',*,*,#1314,.F.);
#2179=ORIENTED_EDGE('',*,*,#1470,.F.);
#2180=ORIENTED_EDGE('',*,*,#1467,.F.);
#2181=ORIENTED_EDGE('',*,*,#1464,.F.);
#2182=ORIENTED_EDGE('',*,*,#1307,.F.);
#2183=ORIENTED_EDGE('',*,*,#1304,.F.);
#2184=ORIENTED_EDGE('',*,*,#1301,.F.);
#2185=ORIENTED_EDGE('',*,*,#1298,.F.);
#2186=ORIENTED_EDGE('',*,*,#1295,.F.);
#2187=ORIENTED_EDGE('',*,*,#1292,.F.);
#2188=ORIENTED_EDGE('',*,*,#1289,.F.);
#2189=ORIENTED_EDGE('',*,*,#1286,.F.);
#2190=ORIENTED_EDGE('',*,*,#1256,.T.);
#2191=ORIENTED_EDGE('',*,*,#1279,.F.);
#2192=ORIENTED_EDGE('',*,*,#1272,.F.);
#2193=ORIENTED_EDGE('',*,*,#1276,.F.);
#2194=ORIENTED_EDGE('',*,*,#1213,.T.);
#2195=ORIENTED_EDGE('',*,*,#1252,.T.);
#2196=ORIENTED_EDGE('',*,*,#1249,.T.);
#2197=ORIENTED_EDGE('',*,*,#1246,.T.);
#2198=ORIENTED_EDGE('',*,*,#1243,.T.);
#2199=ORIENTED_EDGE('',*,*,#1240,.T.);
#2200=ORIENTED_EDGE('',*,*,#1237,.T.);
#2201=ORIENTED_EDGE('',*,*,#1234,.T.);
#2202=ORIENTED_EDGE('',*,*,#1231,.T.);
#2203=ORIENTED_EDGE('',*,*,#1228,.T.);
#2204=ORIENTED_EDGE('',*,*,#1225,.T.);
#2205=ORIENTED_EDGE('',*,*,#1222,.T.);
#2206=ORIENTED_EDGE('',*,*,#1219,.T.);
#2207=ORIENTED_EDGE('',*,*,#1216,.T.);
#2208=ORIENTED_EDGE('',*,*,#1271,.T.);
#2209=ORIENTED_EDGE('',*,*,#1268,.T.);
#2210=ORIENTED_EDGE('',*,*,#1265,.T.);
#2211=ORIENTED_EDGE('',*,*,#1262,.T.);
#2212=ORIENTED_EDGE('',*,*,#1207,.T.);
#2213=ORIENTED_EDGE('',*,*,#1280,.F.);
#2214=ORIENTED_EDGE('',*,*,#1584,.T.);
#2215=ORIENTED_EDGE('',*,*,#1585,.F.);
#2216=ORIENTED_EDGE('',*,*,#1579,.F.);
#2217=ORIENTED_EDGE('',*,*,#1209,.T.);
#2218=ORIENTED_EDGE('',*,*,#1261,.F.);
#2219=ORIENTED_EDGE('',*,*,#1264,.F.);
#2220=ORIENTED_EDGE('',*,*,#1267,.T.);
#2221=ORIENTED_EDGE('',*,*,#1270,.F.);
#2222=ORIENTED_EDGE('',*,*,#1214,.T.);
#2223=ORIENTED_EDGE('',*,*,#1218,.T.);
#2224=ORIENTED_EDGE('',*,*,#1221,.T.);
#2225=ORIENTED_EDGE('',*,*,#1224,.T.);
#2226=ORIENTED_EDGE('',*,*,#1227,.T.);
#2227=ORIENTED_EDGE('',*,*,#1230,.T.);
#2228=ORIENTED_EDGE('',*,*,#1233,.T.);
#2229=ORIENTED_EDGE('',*,*,#1236,.T.);
#2230=ORIENTED_EDGE('',*,*,#1239,.T.);
#2231=ORIENTED_EDGE('',*,*,#1242,.T.);
#2232=ORIENTED_EDGE('',*,*,#1245,.T.);
#2233=ORIENTED_EDGE('',*,*,#1248,.T.);
#2234=ORIENTED_EDGE('',*,*,#1251,.T.);
#2235=ORIENTED_EDGE('',*,*,#1211,.T.);
#2236=ORIENTED_EDGE('',*,*,#1277,.T.);
#2237=ORIENTED_EDGE('',*,*,#1274,.F.);
#2238=ORIENTED_EDGE('',*,*,#1278,.F.);
#2239=ORIENTED_EDGE('',*,*,#1254,.T.);
#2240=ORIENTED_EDGE('',*,*,#1288,.T.);
#2241=ORIENTED_EDGE('',*,*,#1291,.F.);
#2242=ORIENTED_EDGE('',*,*,#1294,.F.);
#2243=ORIENTED_EDGE('',*,*,#1297,.F.);
#2244=ORIENTED_EDGE('',*,*,#1300,.F.);
#2245=ORIENTED_EDGE('',*,*,#1303,.F.);
#2246=ORIENTED_EDGE('',*,*,#1306,.F.);
#2247=ORIENTED_EDGE('',*,*,#1309,.T.);
#2248=ORIENTED_EDGE('',*,*,#1466,.T.);
#2249=ORIENTED_EDGE('',*,*,#1469,.F.);
#2250=ORIENTED_EDGE('',*,*,#1471,.F.);
#2251=ORIENTED_EDGE('',*,*,#1315,.F.);
#2252=ORIENTED_EDGE('',*,*,#1312,.F.);
#2253=ORIENTED_EDGE('',*,*,#1578,.F.);
#2254=ORIENTED_EDGE('',*,*,#1319,.F.);
#2255=ORIENTED_EDGE('',*,*,#1323,.T.);
#2256=ORIENTED_EDGE('',*,*,#1474,.T.);
#2257=ORIENTED_EDGE('',*,*,#1477,.F.);
#2258=ORIENTED_EDGE('',*,*,#1479,.F.);
#2259=ORIENTED_EDGE('',*,*,#1329,.F.);
#2260=ORIENTED_EDGE('',*,*,#1326,.F.);
#2261=ORIENTED_EDGE('',*,*,#1576,.F.);
#2262=ORIENTED_EDGE('',*,*,#1333,.F.);
#2263=ORIENTED_EDGE('',*,*,#1337,.T.);
#2264=ORIENTED_EDGE('',*,*,#1482,.T.);
#2265=ORIENTED_EDGE('',*,*,#1485,.F.);
#2266=ORIENTED_EDGE('',*,*,#1487,.F.);
#2267=ORIENTED_EDGE('',*,*,#1343,.F.);
#2268=ORIENTED_EDGE('',*,*,#1340,.F.);
#2269=ORIENTED_EDGE('',*,*,#1574,.F.);
#2270=ORIENTED_EDGE('',*,*,#1347,.F.);
#2271=ORIENTED_EDGE('',*,*,#1351,.T.);
#2272=ORIENTED_EDGE('',*,*,#1490,.T.);
#2273=ORIENTED_EDGE('',*,*,#1493,.F.);
#2274=ORIENTED_EDGE('',*,*,#1495,.F.);
#2275=ORIENTED_EDGE('',*,*,#1357,.F.);
#2276=ORIENTED_EDGE('',*,*,#1354,.F.);
#2277=ORIENTED_EDGE('',*,*,#1572,.F.);
#2278=ORIENTED_EDGE('',*,*,#1361,.F.);
#2279=ORIENTED_EDGE('',*,*,#1365,.T.);
#2280=ORIENTED_EDGE('',*,*,#1498,.T.);
#2281=ORIENTED_EDGE('',*,*,#1501,.F.);
#2282=ORIENTED_EDGE('',*,*,#1503,.F.);
#2283=ORIENTED_EDGE('',*,*,#1371,.F.);
#2284=ORIENTED_EDGE('',*,*,#1368,.F.);
#2285=ORIENTED_EDGE('',*,*,#1570,.F.);
#2286=ORIENTED_EDGE('',*,*,#1375,.F.);
#2287=ORIENTED_EDGE('',*,*,#1379,.T.);
#2288=ORIENTED_EDGE('',*,*,#1506,.T.);
#2289=ORIENTED_EDGE('',*,*,#1509,.F.);
#2290=ORIENTED_EDGE('',*,*,#1511,.F.);
#2291=ORIENTED_EDGE('',*,*,#1385,.F.);
#2292=ORIENTED_EDGE('',*,*,#1382,.F.);
#2293=ORIENTED_EDGE('',*,*,#1568,.F.);
#2294=ORIENTED_EDGE('',*,*,#1389,.F.);
#2295=ORIENTED_EDGE('',*,*,#1393,.T.);
#2296=ORIENTED_EDGE('',*,*,#1514,.T.);
#2297=ORIENTED_EDGE('',*,*,#1517,.F.);
#2298=ORIENTED_EDGE('',*,*,#1519,.F.);
#2299=ORIENTED_EDGE('',*,*,#1399,.F.);
#2300=ORIENTED_EDGE('',*,*,#1396,.F.);
#2301=ORIENTED_EDGE('',*,*,#1566,.F.);
#2302=ORIENTED_EDGE('',*,*,#1403,.F.);
#2303=ORIENTED_EDGE('',*,*,#1407,.T.);
#2304=ORIENTED_EDGE('',*,*,#1522,.T.);
#2305=ORIENTED_EDGE('',*,*,#1525,.F.);
#2306=ORIENTED_EDGE('',*,*,#1527,.F.);
#2307=ORIENTED_EDGE('',*,*,#1413,.F.);
#2308=ORIENTED_EDGE('',*,*,#1410,.F.);
#2309=ORIENTED_EDGE('',*,*,#1564,.F.);
#2310=ORIENTED_EDGE('',*,*,#1417,.F.);
#2311=ORIENTED_EDGE('',*,*,#1421,.T.);
#2312=ORIENTED_EDGE('',*,*,#1530,.T.);
#2313=ORIENTED_EDGE('',*,*,#1533,.F.);
#2314=ORIENTED_EDGE('',*,*,#1535,.F.);
#2315=ORIENTED_EDGE('',*,*,#1427,.F.);
#2316=ORIENTED_EDGE('',*,*,#1424,.F.);
#2317=ORIENTED_EDGE('',*,*,#1562,.F.);
#2318=ORIENTED_EDGE('',*,*,#1431,.F.);
#2319=ORIENTED_EDGE('',*,*,#1435,.T.);
#2320=ORIENTED_EDGE('',*,*,#1538,.T.);
#2321=ORIENTED_EDGE('',*,*,#1541,.F.);
#2322=ORIENTED_EDGE('',*,*,#1543,.F.);
#2323=ORIENTED_EDGE('',*,*,#1441,.F.);
#2324=ORIENTED_EDGE('',*,*,#1438,.F.);
#2325=ORIENTED_EDGE('',*,*,#1560,.F.);
#2326=ORIENTED_EDGE('',*,*,#1445,.F.);
#2327=ORIENTED_EDGE('',*,*,#1449,.T.);
#2328=ORIENTED_EDGE('',*,*,#1546,.T.);
#2329=ORIENTED_EDGE('',*,*,#1549,.F.);
#2330=ORIENTED_EDGE('',*,*,#1551,.F.);
#2331=ORIENTED_EDGE('',*,*,#1455,.F.);
#2332=ORIENTED_EDGE('',*,*,#1452,.F.);
#2333=ORIENTED_EDGE('',*,*,#1558,.F.);
#2334=ORIENTED_EDGE('',*,*,#1459,.F.);
#2335=ORIENTED_EDGE('',*,*,#1463,.T.);
#2336=ORIENTED_EDGE('',*,*,#1554,.T.);
#2337=ORIENTED_EDGE('',*,*,#1556,.F.);
#2338=ORIENTED_EDGE('',*,*,#1283,.F.);
#2339=ORIENTED_EDGE('',*,*,#1258,.T.);
#2340=ORIENTED_EDGE('',*,*,#1282,.F.);
#2341=ORIENTED_EDGE('',*,*,#1257,.T.);
#2342=ORIENTED_EDGE('',*,*,#1583,.T.);
#2343=ORIENTED_EDGE('',*,*,#1586,.F.);
#2344=ORIENTED_EDGE('',*,*,#1584,.F.);
#2345=ORIENTED_EDGE('',*,*,#1582,.T.);
#2346=ORIENTED_EDGE('',*,*,#1580,.F.);
#2347=ORIENTED_EDGE('',*,*,#1585,.T.);
#2348=ORIENTED_EDGE('',*,*,#1586,.T.);
#2349=PLANE('',#2537);
#2350=PLANE('',#2538);
#2351=PLANE('',#2539);
#2352=PLANE('',#2540);
#2353=PLANE('',#2541);
#2354=PLANE('',#2542);
#2355=PLANE('',#2546);
#2356=PLANE('',#2550);
#2357=PLANE('',#2551);
#2358=PLANE('',#2552);
#2359=PLANE('',#2553);
#2360=PLANE('',#2554);
#2361=PLANE('',#2555);
#2362=PLANE('',#2556);
#2363=PLANE('',#2557);
#2364=PLANE('',#2561);
#2365=PLANE('',#2562);
#2366=PLANE('',#2563);
#2367=PLANE('',#2573);
#2368=PLANE('',#2583);
#2369=PLANE('',#2587);
#2370=PLANE('',#2591);
#2371=PLANE('',#2595);
#2372=PLANE('',#2599);
#2373=PLANE('',#2603);
#2374=PLANE('',#2607);
#2375=PLANE('',#2611);
#2376=PLANE('',#2615);
#2377=PLANE('',#2619);
#2378=PLANE('',#2623);
#2379=PLANE('',#2627);
#2380=PLANE('',#2631);
#2381=PLANE('',#2635);
#2382=PLANE('',#2639);
#2383=PLANE('',#2643);
#2384=PLANE('',#2647);
#2385=PLANE('',#2651);
#2386=PLANE('',#2655);
#2387=PLANE('',#2659);
#2388=PLANE('',#2663);
#2389=PLANE('',#2667);
#2390=PLANE('',#2671);
#2391=PLANE('',#2741);
#2392=PLANE('',#2743);
#2393=ADVANCED_FACE('',(#246),#2349,.T.);
#2394=ADVANCED_FACE('',(#247),#2350,.T.);
#2395=ADVANCED_FACE('',(#248),#2351,.T.);
#2396=ADVANCED_FACE('',(#249),#2352,.T.);
#2397=ADVANCED_FACE('',(#250),#2353,.T.);
#2398=ADVANCED_FACE('',(#251),#2354,.T.);
#2399=ADVANCED_FACE('',(#252),#191,.F.);
#2400=ADVANCED_FACE('',(#253),#2355,.T.);
#2401=ADVANCED_FACE('',(#254),#192,.F.);
#2402=ADVANCED_FACE('',(#255),#2356,.T.);
#2403=ADVANCED_FACE('',(#256),#2357,.T.);
#2404=ADVANCED_FACE('',(#257),#2358,.T.);
#2405=ADVANCED_FACE('',(#258),#2359,.T.);
#2406=ADVANCED_FACE('',(#259),#2360,.T.);
#2407=ADVANCED_FACE('',(#260),#2361,.T.);
#2408=ADVANCED_FACE('',(#261),#2362,.T.);
#2409=ADVANCED_FACE('',(#262),#2363,.T.);
#2410=ADVANCED_FACE('',(#263),#193,.T.);
#2411=ADVANCED_FACE('',(#264),#2364,.T.);
#2412=ADVANCED_FACE('',(#265),#2365,.T.);
#2413=ADVANCED_FACE('',(#266),#2366,.T.);
#2414=ADVANCED_FACE('',(#267),#194,.T.);
#2415=ADVANCED_FACE('',(#268),#51,.T.);
#2416=ADVANCED_FACE('',(#269),#52,.T.);
#2417=ADVANCED_FACE('',(#270),#195,.F.);
#2418=ADVANCED_FACE('',(#271),#53,.T.);
#2419=ADVANCED_FACE('',(#272),#54,.T.);
#2420=ADVANCED_FACE('',(#273),#196,.T.);
#2421=ADVANCED_FACE('',(#274),#55,.T.);
#2422=ADVANCED_FACE('',(#275),#2367,.T.);
#2423=ADVANCED_FACE('',(#276),#197,.F.);
#2424=ADVANCED_FACE('',(#277),#198,.T.);
#2425=ADVANCED_FACE('',(#278),#199,.F.);
#2426=ADVANCED_FACE('',(#279),#2368,.T.);
#2427=ADVANCED_FACE('',(#280),#200,.F.);
#2428=ADVANCED_FACE('',(#281),#2369,.T.);
#2429=ADVANCED_FACE('',(#282),#201,.F.);
#2430=ADVANCED_FACE('',(#283),#2370,.T.);
#2431=ADVANCED_FACE('',(#284),#202,.F.);
#2432=ADVANCED_FACE('',(#285),#2371,.T.);
#2433=ADVANCED_FACE('',(#286),#203,.F.);
#2434=ADVANCED_FACE('',(#287),#2372,.T.);
#2435=ADVANCED_FACE('',(#288),#204,.F.);
#2436=ADVANCED_FACE('',(#289),#2373,.T.);
#2437=ADVANCED_FACE('',(#290),#205,.F.);
#2438=ADVANCED_FACE('',(#291),#2374,.T.);
#2439=ADVANCED_FACE('',(#292),#206,.F.);
#2440=ADVANCED_FACE('',(#293),#2375,.T.);
#2441=ADVANCED_FACE('',(#294),#207,.F.);
#2442=ADVANCED_FACE('',(#295),#2376,.T.);
#2443=ADVANCED_FACE('',(#296),#208,.F.);
#2444=ADVANCED_FACE('',(#297),#2377,.T.);
#2445=ADVANCED_FACE('',(#298),#209,.F.);
#2446=ADVANCED_FACE('',(#299),#2378,.T.);
#2447=ADVANCED_FACE('',(#300),#210,.F.);
#2448=ADVANCED_FACE('',(#301),#2379,.T.);
#2449=ADVANCED_FACE('',(#302),#211,.F.);
#2450=ADVANCED_FACE('',(#303),#2380,.T.);
#2451=ADVANCED_FACE('',(#304),#212,.F.);
#2452=ADVANCED_FACE('',(#305),#2381,.T.);
#2453=ADVANCED_FACE('',(#306),#213,.F.);
#2454=ADVANCED_FACE('',(#307),#2382,.T.);
#2455=ADVANCED_FACE('',(#308),#214,.F.);
#2456=ADVANCED_FACE('',(#309),#2383,.T.);
#2457=ADVANCED_FACE('',(#310),#215,.F.);
#2458=ADVANCED_FACE('',(#311),#2384,.T.);
#2459=ADVANCED_FACE('',(#312),#216,.F.);
#2460=ADVANCED_FACE('',(#313),#2385,.T.);
#2461=ADVANCED_FACE('',(#314),#217,.F.);
#2462=ADVANCED_FACE('',(#315),#2386,.T.);
#2463=ADVANCED_FACE('',(#316),#218,.F.);
#2464=ADVANCED_FACE('',(#317),#2387,.T.);
#2465=ADVANCED_FACE('',(#318),#219,.F.);
#2466=ADVANCED_FACE('',(#319),#2388,.T.);
#2467=ADVANCED_FACE('',(#320),#220,.F.);
#2468=ADVANCED_FACE('',(#321),#2389,.T.);
#2469=ADVANCED_FACE('',(#322),#221,.F.);
#2470=ADVANCED_FACE('',(#323),#2390,.T.);
#2471=ADVANCED_FACE('',(#324),#56,.T.);
#2472=ADVANCED_FACE('',(#325),#222,.T.);
#2473=ADVANCED_FACE('',(#326),#57,.T.);
#2474=ADVANCED_FACE('',(#327),#58,.T.);
#2475=ADVANCED_FACE('',(#328),#223,.T.);
#2476=ADVANCED_FACE('',(#329),#59,.T.);
#2477=ADVANCED_FACE('',(#330),#60,.T.);
#2478=ADVANCED_FACE('',(#331),#224,.T.);
#2479=ADVANCED_FACE('',(#332),#61,.T.);
#2480=ADVANCED_FACE('',(#333),#62,.T.);
#2481=ADVANCED_FACE('',(#334),#225,.T.);
#2482=ADVANCED_FACE('',(#335),#63,.T.);
#2483=ADVANCED_FACE('',(#336),#64,.T.);
#2484=ADVANCED_FACE('',(#337),#226,.T.);
#2485=ADVANCED_FACE('',(#338),#65,.T.);
#2486=ADVANCED_FACE('',(#339),#66,.T.);
#2487=ADVANCED_FACE('',(#340),#227,.T.);
#2488=ADVANCED_FACE('',(#341),#67,.T.);
#2489=ADVANCED_FACE('',(#342),#68,.T.);
#2490=ADVANCED_FACE('',(#343),#228,.T.);
#2491=ADVANCED_FACE('',(#344),#69,.T.);
#2492=ADVANCED_FACE('',(#345),#70,.T.);
#2493=ADVANCED_FACE('',(#346),#229,.T.);
#2494=ADVANCED_FACE('',(#347),#71,.T.);
#2495=ADVANCED_FACE('',(#348),#72,.T.);
#2496=ADVANCED_FACE('',(#349),#230,.T.);
#2497=ADVANCED_FACE('',(#350),#73,.T.);
#2498=ADVANCED_FACE('',(#351),#74,.T.);
#2499=ADVANCED_FACE('',(#352),#231,.T.);
#2500=ADVANCED_FACE('',(#353),#75,.T.);
#2501=ADVANCED_FACE('',(#354),#76,.T.);
#2502=ADVANCED_FACE('',(#355),#232,.T.);
#2503=ADVANCED_FACE('',(#356),#77,.T.);
#2504=ADVANCED_FACE('',(#357),#78,.T.);
#2505=ADVANCED_FACE('',(#358),#233,.T.);
#2506=ADVANCED_FACE('',(#359),#234,.T.);
#2507=ADVANCED_FACE('',(#360),#235,.T.);
#2508=ADVANCED_FACE('',(#361),#236,.T.);
#2509=ADVANCED_FACE('',(#362),#237,.T.);
#2510=ADVANCED_FACE('',(#363),#238,.T.);
#2511=ADVANCED_FACE('',(#364),#239,.T.);
#2512=ADVANCED_FACE('',(#365),#240,.T.);
#2513=ADVANCED_FACE('',(#366),#241,.T.);
#2514=ADVANCED_FACE('',(#367),#242,.T.);
#2515=ADVANCED_FACE('',(#368),#243,.T.);
#2516=ADVANCED_FACE('',(#369),#244,.T.);
#2517=ADVANCED_FACE('',(#370),#79,.T.);
#2518=ADVANCED_FACE('',(#371,#19),#2391,.T.);
#2519=ADVANCED_FACE('',(#372,#20),#2392,.F.);
#2520=ADVANCED_FACE('',(#373),#80,.T.);
#2521=ADVANCED_FACE('',(#374),#245,.T.);
#2522=CLOSED_SHELL('',(#2393,#2394,#2395,#2396,#2397,#2398,#2399,#2400,
#2401,#2402,#2403,#2404,#2405,#2406,#2407,#2408,#2409,#2410,#2411,#2412,
#2413,#2414,#2415,#2416,#2417,#2418,#2419,#2420,#2421,#2422,#2423,#2424,
#2425,#2426,#2427,#2428,#2429,#2430,#2431,#2432,#2433,#2434,#2435,#2436,
#2437,#2438,#2439,#2440,#2441,#2442,#2443,#2444,#2445,#2446,#2447,#2448,
#2449,#2450,#2451,#2452,#2453,#2454,#2455,#2456,#2457,#2458,#2459,#2460,
#2461,#2462,#2463,#2464,#2465,#2466,#2467,#2468,#2469,#2470,#2471,#2472,
#2473,#2474,#2475,#2476,#2477,#2478,#2479,#2480,#2481,#2482,#2483,#2484,
#2485,#2486,#2487,#2488,#2489,#2490,#2491,#2492,#2493,#2494,#2495,#2496,
#2497,#2498,#2499,#2500,#2501,#2502,#2503,#2504,#2505,#2506,#2507,#2508,
#2509,#2510,#2511,#2512,#2513,#2514,#2515,#2516,#2517,#2518,#2519,#2520,
#2521));
#2523=DERIVED_UNIT_ELEMENT(#2525,1.);
#2524=DERIVED_UNIT_ELEMENT(#11758,-3.);
#2525=(
MASS_UNIT()
NAMED_UNIT(*)
SI_UNIT(.KILO.,.GRAM.)
);
#2526=DERIVED_UNIT((#2523,#2524));
#2527=MEASURE_REPRESENTATION_ITEM('density measure',
POSITIVE_RATIO_MEASURE(7850.),#2526);
#2528=PROPERTY_DEFINITION_REPRESENTATION(#2533,#2530);
#2529=PROPERTY_DEFINITION_REPRESENTATION(#2534,#2531);
#2530=REPRESENTATION('material name',(#2532),#11755);
#2531=REPRESENTATION('density',(#2527),#11755);
#2532=DESCRIPTIVE_REPRESENTATION_ITEM('\X2\92FC\X0\','\X2\92FC\X0\');
#2533=PROPERTY_DEFINITION('material property','material name',#11770);
#2534=PROPERTY_DEFINITION('material property','density of part',#11770);
#2535=AXIS2_PLACEMENT_3D('',#3376,#2747,#2748);
#2536=AXIS2_PLACEMENT_3D('',#3377,#2749,#2750);
#2537=AXIS2_PLACEMENT_3D('',#3378,#2751,#2752);
#2538=AXIS2_PLACEMENT_3D('',#3392,#2756,#2757);
#2539=AXIS2_PLACEMENT_3D('',#3406,#2761,#2762);
#2540=AXIS2_PLACEMENT_3D('',#3415,#2767,#2768);
#2541=AXIS2_PLACEMENT_3D('',#3421,#2772,#2773);
#2542=AXIS2_PLACEMENT_3D('',#3427,#2777,#2778);
#2543=AXIS2_PLACEMENT_3D('',#3433,#2782,#2783);
#2544=AXIS2_PLACEMENT_3D('',#3435,#2784,#2785);
#2545=AXIS2_PLACEMENT_3D('',#3437,#2786,#2787);
#2546=AXIS2_PLACEMENT_3D('',#3439,#2789,#2790);
#2547=AXIS2_PLACEMENT_3D('',#3445,#2794,#2795);
#2548=AXIS2_PLACEMENT_3D('',#3447,#2796,#2797);
#2549=AXIS2_PLACEMENT_3D('',#3449,#2798,#2799);
#2550=AXIS2_PLACEMENT_3D('',#3451,#2801,#2802);
#2551=AXIS2_PLACEMENT_3D('',#3457,#2806,#2807);
#2552=AXIS2_PLACEMENT_3D('',#3463,#2811,#2812);
#2553=AXIS2_PLACEMENT_3D('',#3469,#2816,#2817);
#2554=AXIS2_PLACEMENT_3D('',#3475,#2821,#2822);
#2555=AXIS2_PLACEMENT_3D('',#3481,#2826,#2827);
#2556=AXIS2_PLACEMENT_3D('',#3484,#2830,#2831);
#2557=AXIS2_PLACEMENT_3D('',#3503,#2834,#2835);
#2558=AXIS2_PLACEMENT_3D('',#3522,#2838,#2839);
#2559=AXIS2_PLACEMENT_3D('',#3524,#2840,#2841);
#2560=AXIS2_PLACEMENT_3D('',#3526,#2842,#2843);
#2561=AXIS2_PLACEMENT_3D('',#3528,#2845,#2846);
#2562=AXIS2_PLACEMENT_3D('',#3534,#2850,#2851);
#2563=AXIS2_PLACEMENT_3D('',#3540,#2855,#2856);
#2564=AXIS2_PLACEMENT_3D('',#3543,#2859,#2860);
#2565=AXIS2_PLACEMENT_3D('',#3546,#2861,#2862);
#2566=AXIS2_PLACEMENT_3D('',#3550,#2864,#2865);
#2567=AXIS2_PLACEMENT_3D('',#3930,#2867,#2868);
#2568=AXIS2_PLACEMENT_3D('',#3932,#2869,#2870);
#2569=AXIS2_PLACEMENT_3D('',#3935,#2872,#2873);
#2570=AXIS2_PLACEMENT_3D('',#4364,#2876,#2877);
#2571=AXIS2_PLACEMENT_3D('',#4366,#2878,#2879);
#2572=AXIS2_PLACEMENT_3D('',#4369,#2881,#2882);
#2573=AXIS2_PLACEMENT_3D('',#4647,#2884,#2885);
#2574=AXIS2_PLACEMENT_3D('',#4653,#2889,#2890);
#2575=AXIS2_PLACEMENT_3D('',#4655,#2891,#2892);
#2576=AXIS2_PLACEMENT_3D('',#4658,#2894,#2895);
#2577=AXIS2_PLACEMENT_3D('',#4659,#2896,#2897);
#2578=AXIS2_PLACEMENT_3D('',#4661,#2898,#2899);
#2579=AXIS2_PLACEMENT_3D('',#4664,#2901,#2902);
#2580=AXIS2_PLACEMENT_3D('',#4665,#2903,#2904);
#2581=AXIS2_PLACEMENT_3D('',#4667,#2905,#2906);
#2582=AXIS2_PLACEMENT_3D('',#4670,#2908,#2909);
#2583=AXIS2_PLACEMENT_3D('',#4671,#2910,#2911);
#2584=AXIS2_PLACEMENT_3D('',#4677,#2915,#2916);
#2585=AXIS2_PLACEMENT_3D('',#4680,#2917,#2918);
#2586=AXIS2_PLACEMENT_3D('',#4684,#2920,#2921);
#2587=AXIS2_PLACEMENT_3D('',#4686,#2923,#2924);
#2588=AXIS2_PLACEMENT_3D('',#4692,#2928,#2929);
#2589=AXIS2_PLACEMENT_3D('',#4695,#2930,#2931);
#2590=AXIS2_PLACEMENT_3D('',#4699,#2933,#2934);
#2591=AXIS2_PLACEMENT_3D('',#4701,#2936,#2937);
#2592=AXIS2_PLACEMENT_3D('',#4707,#2941,#2942);
#2593=AXIS2_PLACEMENT_3D('',#4710,#2943,#2944);
#2594=AXIS2_PLACEMENT_3D('',#4714,#2946,#2947);
#2595=AXIS2_PLACEMENT_3D('',#4716,#2949,#2950);
#2596=AXIS2_PLACEMENT_3D('',#4722,#2954,#2955);
#2597=AXIS2_PLACEMENT_3D('',#4725,#2956,#2957);
#2598=AXIS2_PLACEMENT_3D('',#4729,#2959,#2960);
#2599=AXIS2_PLACEMENT_3D('',#4731,#2962,#2963);
#2600=AXIS2_PLACEMENT_3D('',#4737,#2967,#2968);
#2601=AXIS2_PLACEMENT_3D('',#4740,#2969,#2970);
#2602=AXIS2_PLACEMENT_3D('',#4744,#2972,#2973);
#2603=AXIS2_PLACEMENT_3D('',#4746,#2975,#2976);
#2604=AXIS2_PLACEMENT_3D('',#4752,#2980,#2981);
#2605=AXIS2_PLACEMENT_3D('',#4755,#2982,#2983);
#2606=AXIS2_PLACEMENT_3D('',#4759,#2985,#2986);
#2607=AXIS2_PLACEMENT_3D('',#4761,#2988,#2989);
#2608=AXIS2_PLACEMENT_3D('',#4767,#2993,#2994);
#2609=AXIS2_PLACEMENT_3D('',#4770,#2995,#2996);
#2610=AXIS2_PLACEMENT_3D('',#4774,#2998,#2999);
#2611=AXIS2_PLACEMENT_3D('',#4776,#3001,#3002);
#2612=AXIS2_PLACEMENT_3D('',#4782,#3006,#3007);
#2613=AXIS2_PLACEMENT_3D('',#4785,#3008,#3009);
#2614=AXIS2_PLACEMENT_3D('',#4789,#3011,#3012);
#2615=AXIS2_PLACEMENT_3D('',#4791,#3014,#3015);
#2616=AXIS2_PLACEMENT_3D('',#4797,#3019,#3020);
#2617=AXIS2_PLACEMENT_3D('',#4800,#3021,#3022);
#2618=AXIS2_PLACEMENT_3D('',#4804,#3024,#3025);
#2619=AXIS2_PLACEMENT_3D('',#4806,#3027,#3028);
#2620=AXIS2_PLACEMENT_3D('',#4812,#3032,#3033);
#2621=AXIS2_PLACEMENT_3D('',#4815,#3034,#3035);
#2622=AXIS2_PLACEMENT_3D('',#4819,#3037,#3038);
#2623=AXIS2_PLACEMENT_3D('',#4821,#3040,#3041);
#2624=AXIS2_PLACEMENT_3D('',#4827,#3045,#3046);
#2625=AXIS2_PLACEMENT_3D('',#4830,#3047,#3048);
#2626=AXIS2_PLACEMENT_3D('',#4834,#3050,#3051);
#2627=AXIS2_PLACEMENT_3D('',#4836,#3053,#3054);
#2628=AXIS2_PLACEMENT_3D('',#4842,#3058,#3059);
#2629=AXIS2_PLACEMENT_3D('',#4845,#3060,#3061);
#2630=AXIS2_PLACEMENT_3D('',#4849,#3063,#3064);
#2631=AXIS2_PLACEMENT_3D('',#4851,#3066,#3067);
#2632=AXIS2_PLACEMENT_3D('',#4857,#3071,#3072);
#2633=AXIS2_PLACEMENT_3D('',#4860,#3073,#3074);
#2634=AXIS2_PLACEMENT_3D('',#4864,#3076,#3077);
#2635=AXIS2_PLACEMENT_3D('',#4866,#3079,#3080);
#2636=AXIS2_PLACEMENT_3D('',#4872,#3084,#3085);
#2637=AXIS2_PLACEMENT_3D('',#4875,#3086,#3087);
#2638=AXIS2_PLACEMENT_3D('',#4879,#3089,#3090);
#2639=AXIS2_PLACEMENT_3D('',#4881,#3092,#3093);
#2640=AXIS2_PLACEMENT_3D('',#4887,#3097,#3098);
#2641=AXIS2_PLACEMENT_3D('',#4890,#3099,#3100);
#2642=AXIS2_PLACEMENT_3D('',#4894,#3102,#3103);
#2643=AXIS2_PLACEMENT_3D('',#4896,#3105,#3106);
#2644=AXIS2_PLACEMENT_3D('',#4902,#3110,#3111);
#2645=AXIS2_PLACEMENT_3D('',#4905,#3112,#3113);
#2646=AXIS2_PLACEMENT_3D('',#4909,#3115,#3116);
#2647=AXIS2_PLACEMENT_3D('',#4911,#3118,#3119);
#2648=AXIS2_PLACEMENT_3D('',#4917,#3123,#3124);
#2649=AXIS2_PLACEMENT_3D('',#4920,#3125,#3126);
#2650=AXIS2_PLACEMENT_3D('',#4924,#3128,#3129);
#2651=AXIS2_PLACEMENT_3D('',#4926,#3131,#3132);
#2652=AXIS2_PLACEMENT_3D('',#4932,#3136,#3137);
#2653=AXIS2_PLACEMENT_3D('',#4935,#3138,#3139);
#2654=AXIS2_PLACEMENT_3D('',#4939,#3141,#3142);
#2655=AXIS2_PLACEMENT_3D('',#4941,#3144,#3145);
#2656=AXIS2_PLACEMENT_3D('',#4947,#3149,#3150);
#2657=AXIS2_PLACEMENT_3D('',#4950,#3151,#3152);
#2658=AXIS2_PLACEMENT_3D('',#4954,#3154,#3155);
#2659=AXIS2_PLACEMENT_3D('',#4956,#3157,#3158);
#2660=AXIS2_PLACEMENT_3D('',#4962,#3162,#3163);
#2661=AXIS2_PLACEMENT_3D('',#4965,#3164,#3165);
#2662=AXIS2_PLACEMENT_3D('',#4969,#3167,#3168);
#2663=AXIS2_PLACEMENT_3D('',#4971,#3170,#3171);
#2664=AXIS2_PLACEMENT_3D('',#4977,#3175,#3176);
#2665=AXIS2_PLACEMENT_3D('',#4980,#3177,#3178);
#2666=AXIS2_PLACEMENT_3D('',#4984,#3180,#3181);
#2667=AXIS2_PLACEMENT_3D('',#4986,#3183,#3184);
#2668=AXIS2_PLACEMENT_3D('',#4992,#3188,#3189);
#2669=AXIS2_PLACEMENT_3D('',#4995,#3190,#3191);
#2670=AXIS2_PLACEMENT_3D('',#4999,#3193,#3194);
#2671=AXIS2_PLACEMENT_3D('',#5001,#3196,#3197);
#2672=AXIS2_PLACEMENT_3D('',#5241,#3202,#3203);
#2673=AXIS2_PLACEMENT_3D('',#5243,#3204,#3205);
#2674=AXIS2_PLACEMENT_3D('',#5246,#3207,#3208);
#2675=AXIS2_PLACEMENT_3D('',#5798,#3210,#3211);
#2676=AXIS2_PLACEMENT_3D('',#5800,#3212,#3213);
#2677=AXIS2_PLACEMENT_3D('',#5803,#3215,#3216);
#2678=AXIS2_PLACEMENT_3D('',#6355,#3218,#3219);
#2679=AXIS2_PLACEMENT_3D('',#6357,#3220,#3221);
#2680=AXIS2_PLACEMENT_3D('',#6360,#3223,#3224);
#2681=AXIS2_PLACEMENT_3D('',#6912,#3226,#3227);
#2682=AXIS2_PLACEMENT_3D('',#6914,#3228,#3229);
#2683=AXIS2_PLACEMENT_3D('',#6917,#3231,#3232);
#2684=AXIS2_PLACEMENT_3D('',#7469,#3234,#3235);
#2685=AXIS2_PLACEMENT_3D('',#7471,#3236,#3237);
#2686=AXIS2_PLACEMENT_3D('',#7474,#3239,#3240);
#2687=AXIS2_PLACEMENT_3D('',#8026,#3242,#3243);
#2688=AXIS2_PLACEMENT_3D('',#8028,#3244,#3245);
#2689=AXIS2_PLACEMENT_3D('',#8031,#3247,#3248);
#2690=AXIS2_PLACEMENT_3D('',#8583,#3250,#3251);
#2691=AXIS2_PLACEMENT_3D('',#8585,#3252,#3253);
#2692=AXIS2_PLACEMENT_3D('',#8588,#3255,#3256);
#2693=AXIS2_PLACEMENT_3D('',#9140,#3258,#3259);
#2694=AXIS2_PLACEMENT_3D('',#9142,#3260,#3261);
#2695=AXIS2_PLACEMENT_3D('',#9145,#3263,#3264);
#2696=AXIS2_PLACEMENT_3D('',#9697,#3266,#3267);
#2697=AXIS2_PLACEMENT_3D('',#9699,#3268,#3269);
#2698=AXIS2_PLACEMENT_3D('',#9702,#3271,#3272);
#2699=AXIS2_PLACEMENT_3D('',#10211,#3274,#3275);
#2700=AXIS2_PLACEMENT_3D('',#10213,#3276,#3277);
#2701=AXIS2_PLACEMENT_3D('',#10216,#3279,#3280);
#2702=AXIS2_PLACEMENT_3D('',#10768,#3282,#3283);
#2703=AXIS2_PLACEMENT_3D('',#10770,#3284,#3285);
#2704=AXIS2_PLACEMENT_3D('',#10773,#3287,#3288);
#2705=AXIS2_PLACEMENT_3D('',#11325,#3290,#3291);
#2706=AXIS2_PLACEMENT_3D('',#11326,#3292,#3293);
#2707=AXIS2_PLACEMENT_3D('',#11327,#3294,#3295);
#2708=AXIS2_PLACEMENT_3D('',#11328,#3296,#3297);
#2709=AXIS2_PLACEMENT_3D('',#11329,#3298,#3299);
#2710=AXIS2_PLACEMENT_3D('',#11330,#3300,#3301);
#2711=AXIS2_PLACEMENT_3D('',#11331,#3302,#3303);
#2712=AXIS2_PLACEMENT_3D('',#11332,#3304,#3305);
#2713=AXIS2_PLACEMENT_3D('',#11333,#3306,#3307);
#2714=AXIS2_PLACEMENT_3D('',#11334,#3308,#3309);
#2715=AXIS2_PLACEMENT_3D('',#11335,#3310,#3311);
#2716=AXIS2_PLACEMENT_3D('',#11336,#3312,#3313);
#2717=AXIS2_PLACEMENT_3D('',#11337,#3314,#3315);
#2718=AXIS2_PLACEMENT_3D('',#11338,#3316,#3317);
#2719=AXIS2_PLACEMENT_3D('',#11339,#3318,#3319);
#2720=AXIS2_PLACEMENT_3D('',#11340,#3320,#3321);
#2721=AXIS2_PLACEMENT_3D('',#11341,#3322,#3323);
#2722=AXIS2_PLACEMENT_3D('',#11342,#3324,#3325);
#2723=AXIS2_PLACEMENT_3D('',#11343,#3326,#3327);
#2724=AXIS2_PLACEMENT_3D('',#11344,#3328,#3329);
#2725=AXIS2_PLACEMENT_3D('',#11345,#3330,#3331);
#2726=AXIS2_PLACEMENT_3D('',#11346,#3332,#3333);
#2727=AXIS2_PLACEMENT_3D('',#11347,#3334,#3335);
#2728=AXIS2_PLACEMENT_3D('',#11348,#3336,#3337);
#2729=AXIS2_PLACEMENT_3D('',#11349,#3338,#3339);
#2730=AXIS2_PLACEMENT_3D('',#11350,#3340,#3341);
#2731=AXIS2_PLACEMENT_3D('',#11351,#3342,#3343);
#2732=AXIS2_PLACEMENT_3D('',#11352,#3344,#3345);
#2733=AXIS2_PLACEMENT_3D('',#11353,#3346,#3347);
#2734=AXIS2_PLACEMENT_3D('',#11354,#3348,#3349);
#2735=AXIS2_PLACEMENT_3D('',#11355,#3350,#3351);
#2736=AXIS2_PLACEMENT_3D('',#11356,#3352,#3353);
#2737=AXIS2_PLACEMENT_3D('',#11357,#3354,#3355);
#2738=AXIS2_PLACEMENT_3D('',#11358,#3356,#3357);
#2739=AXIS2_PLACEMENT_3D('',#11359,#3358,#3359);
#2740=AXIS2_PLACEMENT_3D('',#11360,#3360,#3361);
#2741=AXIS2_PLACEMENT_3D('',#11543,#3363,#3364);
#2742=AXIS2_PLACEMENT_3D('',#11545,#3365,#3366);
#2743=AXIS2_PLACEMENT_3D('',#11559,#3367,#3368);
#2744=AXIS2_PLACEMENT_3D('',#11597,#3369,#3370);
#2745=AXIS2_PLACEMENT_3D('',#11749,#3372,#3373);
#2746=AXIS2_PLACEMENT_3D('',#11750,#3374,#3375);
#2747=DIRECTION('axis',(0.,0.,1.));
#2748=DIRECTION('refdir',(1.,0.,0.));
#2749=DIRECTION('axis',(0.,0.,1.));
#2750=DIRECTION('refdir',(1.,0.,0.));
#2751=DIRECTION('center_axis',(-1.,-7.40148683083438E-17,0.));
#2752=DIRECTION('ref_axis',(7.40148683083438E-17,-1.,0.));
#2753=DIRECTION('',(7.40148683083438E-17,-1.,0.));
#2754=DIRECTION('',(0.,0.,1.));
#2755=DIRECTION('',(-7.40148683083438E-17,1.,0.));
#2756=DIRECTION('center_axis',(1.,0.,0.));
#2757=DIRECTION('ref_axis',(0.,1.,0.));
#2758=DIRECTION('',(0.,-1.,0.));
#2759=DIRECTION('',(0.,0.,1.));
#2760=DIRECTION('',(0.,1.,0.));
#2761=DIRECTION('center_axis',(0.707106781186548,0.707106781186547,0.));
#2762=DIRECTION('ref_axis',(-0.707106781186547,0.707106781186548,0.));
#2763=DIRECTION('',(0.707106781186547,-0.707106781186548,0.));
#2764=DIRECTION('',(0.,0.,1.));
#2765=DIRECTION('',(-0.707106781186547,0.707106781186548,0.));
#2766=DIRECTION('',(0.,0.,1.));
#2767=DIRECTION('center_axis',(0.707106781186548,-0.707106781186547,0.));
#2768=DIRECTION('ref_axis',(0.707106781186547,0.707106781186548,0.));
#2769=DIRECTION('',(-0.707106781186547,-0.707106781186548,0.));
#2770=DIRECTION('',(0.707106781186547,0.707106781186548,0.));
#2771=DIRECTION('',(0.,0.,1.));
#2772=DIRECTION('center_axis',(0.707106781186548,0.707106781186547,0.));
#2773=DIRECTION('ref_axis',(-0.707106781186547,0.707106781186548,0.));
#2774=DIRECTION('',(0.707106781186547,-0.707106781186548,0.));
#2775=DIRECTION('',(-0.707106781186547,0.707106781186548,0.));
#2776=DIRECTION('',(0.,0.,1.));
#2777=DIRECTION('center_axis',(0.707106781186548,-0.707106781186547,0.));
#2778=DIRECTION('ref_axis',(0.707106781186547,0.707106781186548,0.));
#2779=DIRECTION('',(-0.707106781186547,-0.707106781186548,0.));
#2780=DIRECTION('',(0.707106781186547,0.707106781186548,0.));
#2781=DIRECTION('',(0.,0.,1.));
#2782=DIRECTION('center_axis',(0.,0.,1.));
#2783=DIRECTION('ref_axis',(1.,0.,0.));
#2784=DIRECTION('center_axis',(0.,0.,1.));
#2785=DIRECTION('ref_axis',(1.,0.,0.));
#2786=DIRECTION('center_axis',(0.,0.,-1.));
#2787=DIRECTION('ref_axis',(1.,0.,0.));
#2788=DIRECTION('',(0.,0.,1.));
#2789=DIRECTION('center_axis',(1.,0.,0.));
#2790=DIRECTION('ref_axis',(0.,1.,0.));
#2791=DIRECTION('',(0.,-1.,0.));
#2792=DIRECTION('',(0.,1.,0.));
#2793=DIRECTION('',(0.,0.,1.));
#2794=DIRECTION('center_axis',(0.,0.,1.));
#2795=DIRECTION('ref_axis',(1.,0.,0.));
#2796=DIRECTION('center_axis',(0.,0.,1.));
#2797=DIRECTION('ref_axis',(1.,0.,0.));
#2798=DIRECTION('center_axis',(0.,0.,-1.));
#2799=DIRECTION('ref_axis',(1.,0.,0.));
#2800=DIRECTION('',(0.,0.,1.));
#2801=DIRECTION('center_axis',(0.707106781186548,0.707106781186547,0.));
#2802=DIRECTION('ref_axis',(-0.707106781186547,0.707106781186548,0.));
#2803=DIRECTION('',(0.707106781186547,-0.707106781186548,0.));
#2804=DIRECTION('',(-0.707106781186547,0.707106781186548,0.));
#2805=DIRECTION('',(0.,0.,1.));
#2806=DIRECTION('center_axis',(0.70710684967517,-0.707106712697918,0.));
#2807=DIRECTION('ref_axis',(0.707106712697918,0.70710684967517,0.));
#2808=DIRECTION('',(-0.707106712697918,-0.70710684967517,0.));
#2809=DIRECTION('',(0.707106712697918,0.70710684967517,0.));
#2810=DIRECTION('',(0.,0.,1.));
#2811=DIRECTION('center_axis',(0.70710681806504,0.707106744308053,0.));
#2812=DIRECTION('ref_axis',(-0.707106744308053,0.70710681806504,0.));
#2813=DIRECTION('',(0.707106744308053,-0.70710681806504,0.));
#2814=DIRECTION('',(-0.707106744308053,0.70710681806504,0.));
#2815=DIRECTION('',(0.,0.,1.));
#2816=DIRECTION('center_axis',(0.707106781186548,-0.707106781186547,0.));
#2817=DIRECTION('ref_axis',(0.707106781186547,0.707106781186548,0.));
#2818=DIRECTION('',(-0.707106781186547,-0.707106781186548,0.));
#2819=DIRECTION('',(0.707106781186547,0.707106781186548,0.));
#2820=DIRECTION('',(0.,0.,1.));
#2821=DIRECTION('center_axis',(0.707106781186548,0.707106781186547,0.));
#2822=DIRECTION('ref_axis',(-0.707106781186547,0.707106781186548,0.));
#2823=DIRECTION('',(0.707106781186547,-0.707106781186548,0.));
#2824=DIRECTION('',(-0.707106781186547,0.707106781186548,0.));
#2825=DIRECTION('',(0.,0.,1.));
#2826=DIRECTION('center_axis',(0.707106781186548,-0.707106781186547,0.));
#2827=DIRECTION('ref_axis',(0.707106781186547,0.707106781186548,0.));
#2828=DIRECTION('',(-0.707106781186547,-0.707106781186548,0.));
#2829=DIRECTION('',(0.707106781186547,0.707106781186548,0.));
#2830=DIRECTION('center_axis',(1.,0.,0.));
#2831=DIRECTION('ref_axis',(0.,1.,0.));
#2832=DIRECTION('',(0.,-1.,0.));
#2833=DIRECTION('',(0.,1.,0.));
#2834=DIRECTION('center_axis',(-1.,-7.40148683083438E-17,0.));
#2835=DIRECTION('ref_axis',(7.40148683083438E-17,-1.,0.));
#2836=DIRECTION('',(-7.40148683083438E-17,1.,0.));
#2837=DIRECTION('',(7.40148683083438E-17,-1.,0.));
#2838=DIRECTION('center_axis',(0.,0.,1.));
#2839=DIRECTION('ref_axis',(1.,0.,0.));
#2840=DIRECTION('center_axis',(0.,0.,1.));
#2841=DIRECTION('ref_axis',(1.,0.,0.));
#2842=DIRECTION('center_axis',(0.,0.,1.));
#2843=DIRECTION('ref_axis',(1.,0.,0.));
#2844=DIRECTION('',(0.,0.,1.));
#2845=DIRECTION('center_axis',(0.,1.,0.));
#2846=DIRECTION('ref_axis',(-1.,0.,0.));
#2847=DIRECTION('',(-1.,0.,0.));
#2848=DIRECTION('',(-1.,0.,0.));
#2849=DIRECTION('',(0.,0.,1.));
#2850=DIRECTION('center_axis',(0.707106786454904,0.707106775918191,0.));
#2851=DIRECTION('ref_axis',(-0.707106775918191,0.707106786454904,0.));
#2852=DIRECTION('',(0.707106775918191,-0.707106786454904,0.));
#2853=DIRECTION('',(-0.707106775918191,0.707106786454904,0.));
#2854=DIRECTION('',(0.,0.,1.));
#2855=DIRECTION('center_axis',(0.707106781186548,-0.707106781186547,0.));
#2856=DIRECTION('ref_axis',(0.707106781186547,0.707106781186548,0.));
#2857=DIRECTION('',(0.707106781186547,0.707106781186548,0.));
#2858=DIRECTION('',(0.707106781186547,0.707106781186548,0.));
#2859=DIRECTION('center_axis',(0.,0.,1.));
#2860=DIRECTION('ref_axis',(0.972682150036104,0.232140980873999,0.));
#2861=DIRECTION('center_axis',(0.,0.,-1.));
#2862=DIRECTION('ref_axis',(0.972682150036104,0.232140980873999,0.));
#2863=DIRECTION('',(0.,0.,1.));
#2864=DIRECTION('center_axis',(0.,0.,1.));
#2865=DIRECTION('ref_axis',(0.972682150036104,0.232140980873999,0.));
#2866=DIRECTION('',(0.,0.,1.));
#2867=DIRECTION('center_axis',(0.,0.,1.));
#2868=DIRECTION('ref_axis',(1.,0.,0.));
#2869=DIRECTION('center_axis',(0.,0.,1.));
#2870=DIRECTION('ref_axis',(1.,0.,0.));
#2871=DIRECTION('',(0.,0.,-1.));
#2872=DIRECTION('center_axis',(0.,0.,-1.));
#2873=DIRECTION('ref_axis',(1.,0.,0.));
#2874=DIRECTION('',(0.,0.,1.));
#2875=DIRECTION('',(0.,0.,1.));
#2876=DIRECTION('center_axis',(0.,0.,1.));
#2877=DIRECTION('ref_axis',(0.999621316489222,-0.0275176964943385,0.));
#2878=DIRECTION('center_axis',(0.,0.,-1.));
#2879=DIRECTION('ref_axis',(0.999621316489222,-0.0275176964943385,0.));
#2880=DIRECTION('',(0.,0.,1.));
#2881=DIRECTION('center_axis',(0.,0.,1.));
#2882=DIRECTION('ref_axis',(0.999621316489222,-0.0275176964943385,0.));
#2883=DIRECTION('',(0.,0.,1.));
#2884=DIRECTION('center_axis',(-0.0775992936677666,-0.996984628578728,0.));
#2885=DIRECTION('ref_axis',(0.996984628578728,-0.0775992936677666,0.));
#2886=DIRECTION('',(-0.996984628578728,0.0775992936677666,0.));
#2887=DIRECTION('',(0.,0.,1.));
#2888=DIRECTION('',(0.996984628578728,-0.0775992936677666,0.));
#2889=DIRECTION('center_axis',(0.,0.,1.));
#2890=DIRECTION('ref_axis',(-0.635252508000803,0.772304506706189,0.));
#2891=DIRECTION('center_axis',(0.,0.,1.));
#2892=DIRECTION('ref_axis',(-0.635252508000803,0.772304506706189,0.));
#2893=DIRECTION('',(0.,0.,-1.));
#2894=DIRECTION('center_axis',(0.,0.,-1.));
#2895=DIRECTION('ref_axis',(-0.635252508000803,0.772304506706189,0.));
#2896=DIRECTION('center_axis',(0.,0.,1.));
#2897=DIRECTION('ref_axis',(1.,0.,0.));
#2898=DIRECTION('center_axis',(0.,0.,-1.));
#2899=DIRECTION('ref_axis',(1.,0.,0.));
#2900=DIRECTION('',(0.,0.,1.));
#2901=DIRECTION('center_axis',(0.,0.,1.));
#2902=DIRECTION('ref_axis',(1.,0.,0.));
#2903=DIRECTION('center_axis',(0.,0.,-1.));
#2904=DIRECTION('ref_axis',(-0.813493918646945,-0.581573421267201,0.));
#2905=DIRECTION('center_axis',(0.,0.,1.));
#2906=DIRECTION('ref_axis',(-0.813493918646945,-0.581573421267201,0.));
#2907=DIRECTION('',(0.,0.,-1.));
#2908=DIRECTION('center_axis',(0.,0.,-1.));
#2909=DIRECTION('ref_axis',(-0.813493918646945,-0.581573421267201,0.));
#2910=DIRECTION('center_axis',(0.183083447695153,0.983097376245129,0.));
#2911=DIRECTION('ref_axis',(-0.983097376245129,0.183083447695153,0.));
#2912=DIRECTION('',(0.983097376245129,-0.183083447695153,0.));
#2913=DIRECTION('',(0.,0.,1.));
#2914=DIRECTION('',(0.983097376245129,-0.183083447695153,0.));
#2915=DIRECTION('center_axis',(0.,0.,1.));
#2916=DIRECTION('ref_axis',(-0.413719688738803,0.910404316306699,0.));
#2917=DIRECTION('center_axis',(0.,0.,1.));
#2918=DIRECTION('ref_axis',(-0.413719688738803,0.910404316306699,0.));
#2919=DIRECTION('',(0.,0.,-1.));
#2920=DIRECTION('center_axis',(0.,0.,-1.));
#2921=DIRECTION('ref_axis',(-0.413719688738803,0.910404316306699,0.));
#2922=DIRECTION('',(0.,0.,1.));
#2923=DIRECTION('center_axis',(-0.332993771406124,-0.942929026069686,0.));
#2924=DIRECTION('ref_axis',(0.942929026069686,-0.332993771406124,0.));
#2925=DIRECTION('',(-0.942929026069686,0.332993771406124,0.));
#2926=DIRECTION('',(0.942929026069686,-0.332993771406124,0.));
#2927=DIRECTION('',(0.,0.,1.));
#2928=DIRECTION('center_axis',(0.,0.,-1.));
#2929=DIRECTION('ref_axis',(-0.936297063099566,-0.35120906826437,0.));
#2930=DIRECTION('center_axis',(0.,0.,1.));
#2931=DIRECTION('ref_axis',(-0.936297063099566,-0.35120906826437,0.));
#2932=DIRECTION('',(0.,0.,-1.));
#2933=DIRECTION('center_axis',(0.,0.,-1.));
#2934=DIRECTION('ref_axis',(-0.936297063099566,-0.35120906826437,0.));
#2935=DIRECTION('',(0.,0.,1.));
#2936=DIRECTION('center_axis',(0.43128935465735,0.902213662365654,0.));
#2937=DIRECTION('ref_axis',(-0.902213662365654,0.43128935465735,0.));
#2938=DIRECTION('',(0.902213662365654,-0.43128935465735,0.));
#2939=DIRECTION('',(0.,0.,1.));
#2940=DIRECTION('',(0.902213662365654,-0.43128935465735,0.));
#2941=DIRECTION('center_axis',(0.,0.,1.));
#2942=DIRECTION('ref_axis',(-0.16399255639338,0.98646157626517,0.));
#2943=DIRECTION('center_axis',(0.,0.,1.));
#2944=DIRECTION('ref_axis',(-0.16399255639338,0.98646157626517,0.));
#2945=DIRECTION('',(0.,0.,-1.));
#2946=DIRECTION('center_axis',(0.,0.,-1.));
#2947=DIRECTION('ref_axis',(-0.16399255639338,0.98646157626517,0.));
#2948=DIRECTION('',(0.,0.,1.));
#2949=DIRECTION('center_axis',(-0.565695273921379,-0.824614368697888,0.));
#2950=DIRECTION('ref_axis',(0.824614368697888,-0.565695273921379,0.));
#2951=DIRECTION('',(-0.824614368697888,0.565695273921379,0.));
#2952=DIRECTION('',(0.824614368697888,-0.565695273921379,0.));
#2953=DIRECTION('',(0.,0.,1.));
#2954=DIRECTION('center_axis',(0.,0.,-1.));
#2955=DIRECTION('ref_axis',(-0.995293110006007,-0.0969103976597523,0.));
#2956=DIRECTION('center_axis',(0.,0.,1.));
#2957=DIRECTION('ref_axis',(-0.995293110006007,-0.0969103976597523,0.));
#2958=DIRECTION('',(0.,0.,-1.));
#2959=DIRECTION('center_axis',(0.,0.,-1.));
#2960=DIRECTION('ref_axis',(-0.995293110006007,-0.0969103976597523,0.));
#2961=DIRECTION('',(0.,0.,1.));
#2962=DIRECTION('center_axis',(0.650103604839006,0.759845578374534,0.));
#2963=DIRECTION('ref_axis',(-0.759845578374534,0.650103604839006,0.));
#2964=DIRECTION('',(0.759845578374534,-0.650103604839006,0.));
#2965=DIRECTION('',(0.,0.,1.));
#2966=DIRECTION('',(0.759845578374534,-0.650103604839006,0.));
#2967=DIRECTION('center_axis',(0.,0.,1.));
#2968=DIRECTION('ref_axis',(0.0969103976597488,0.995293110006007,0.));
#2969=DIRECTION('center_axis',(0.,0.,1.));
#2970=DIRECTION('ref_axis',(0.0969103976597488,0.995293110006007,0.));
#2971=DIRECTION('',(0.,0.,-1.));
#2972=DIRECTION('center_axis',(0.,0.,-1.));
#2973=DIRECTION('ref_axis',(0.0969103976597488,0.995293110006007,0.));
#2974=DIRECTION('',(0.,0.,1.));
#2975=DIRECTION('center_axis',(-0.759845578374534,-0.650103604839006,0.));
#2976=DIRECTION('ref_axis',(0.650103604839006,-0.759845578374534,0.));
#2977=DIRECTION('',(-0.650103604839006,0.759845578374534,0.));
#2978=DIRECTION('',(0.650103604839006,-0.759845578374534,0.));
#2979=DIRECTION('',(0.,0.,1.));
#2980=DIRECTION('center_axis',(0.,0.,-1.));
#2981=DIRECTION('ref_axis',(-0.98646157626517,0.163992556393379,0.));
#2982=DIRECTION('center_axis',(0.,0.,1.));
#2983=DIRECTION('ref_axis',(-0.98646157626517,0.163992556393379,0.));
#2984=DIRECTION('',(0.,0.,-1.));
#2985=DIRECTION('center_axis',(0.,0.,-1.));
#2986=DIRECTION('ref_axis',(-0.98646157626517,0.163992556393379,0.));
#2987=DIRECTION('',(0.,0.,1.));
#2988=DIRECTION('center_axis',(0.824614368697889,0.565695273921378,0.));
#2989=DIRECTION('ref_axis',(-0.565695273921378,0.824614368697888,0.));
#2990=DIRECTION('',(0.565695273921378,-0.824614368697888,0.));
#2991=DIRECTION('',(0.,0.,1.));
#2992=DIRECTION('',(0.565695273921378,-0.824614368697888,0.));
#2993=DIRECTION('center_axis',(0.,0.,1.));
#2994=DIRECTION('ref_axis',(0.35120906826437,0.936297063099566,0.));
#2995=DIRECTION('center_axis',(0.,0.,1.));
#2996=DIRECTION('ref_axis',(0.35120906826437,0.936297063099566,0.));
#2997=DIRECTION('',(0.,0.,-1.));
#2998=DIRECTION('center_axis',(0.,0.,-1.));
#2999=DIRECTION('ref_axis',(0.35120906826437,0.936297063099566,0.));
#3000=DIRECTION('',(0.,0.,1.));
#3001=DIRECTION('center_axis',(-0.902213662365655,-0.431289354657348,0.));
#3002=DIRECTION('ref_axis',(0.431289354657348,-0.902213662365655,0.));
#3003=DIRECTION('',(-0.431289354657348,0.902213662365655,0.));
#3004=DIRECTION('',(0.431289354657348,-0.902213662365655,0.));
#3005=DIRECTION('',(0.,0.,1.));
#3006=DIRECTION('center_axis',(0.,0.,-1.));
#3007=DIRECTION('ref_axis',(-0.910404316306699,0.413719688738803,0.));
#3008=DIRECTION('center_axis',(0.,0.,1.));
#3009=DIRECTION('ref_axis',(-0.910404316306699,0.413719688738803,0.));
#3010=DIRECTION('',(0.,0.,-1.));
#3011=DIRECTION('center_axis',(0.,0.,-1.));
#3012=DIRECTION('ref_axis',(-0.910404316306699,0.413719688738803,0.));
#3013=DIRECTION('',(0.,0.,1.));
#3014=DIRECTION('center_axis',(0.942929026069686,0.332993771406123,0.));
#3015=DIRECTION('ref_axis',(-0.332993771406123,0.942929026069686,0.));
#3016=DIRECTION('',(0.332993771406123,-0.942929026069686,0.));
#3017=DIRECTION('',(0.,0.,1.));
#3018=DIRECTION('',(0.332993771406123,-0.942929026069686,0.));
#3019=DIRECTION('center_axis',(0.,0.,1.));
#3020=DIRECTION('ref_axis',(0.581573421267199,0.813493918646947,0.));
#3021=DIRECTION('center_axis',(0.,0.,1.));
#3022=DIRECTION('ref_axis',(0.581573421267199,0.813493918646947,0.));
#3023=DIRECTION('',(0.,0.,-1.));
#3024=DIRECTION('center_axis',(0.,0.,-1.));
#3025=DIRECTION('ref_axis',(0.581573421267199,0.813493918646947,0.));
#3026=DIRECTION('',(0.,0.,1.));
#3027=DIRECTION('center_axis',(-0.983097376245129,-0.183083447695152,0.));
#3028=DIRECTION('ref_axis',(0.183083447695152,-0.983097376245129,0.));
#3029=DIRECTION('',(-0.183083447695152,0.983097376245129,0.));
#3030=DIRECTION('',(0.183083447695152,-0.983097376245129,0.));
#3031=DIRECTION('',(0.,0.,1.));
#3032=DIRECTION('center_axis',(0.,0.,-1.));
#3033=DIRECTION('ref_axis',(-0.772304506706188,0.635252508000804,0.));
#3034=DIRECTION('center_axis',(0.,0.,1.));
#3035=DIRECTION('ref_axis',(-0.772304506706188,0.635252508000804,0.));
#3036=DIRECTION('',(0.,0.,-1.));
#3037=DIRECTION('center_axis',(0.,0.,-1.));
#3038=DIRECTION('ref_axis',(-0.772304506706188,0.635252508000804,0.));
#3039=DIRECTION('',(0.,0.,1.));
#3040=DIRECTION('center_axis',(0.996984628578728,0.0775992936677665,0.));
#3041=DIRECTION('ref_axis',(-0.0775992936677665,0.996984628578728,0.));
#3042=DIRECTION('',(0.0775992936677665,-0.996984628578728,0.));
#3043=DIRECTION('',(0.,0.,1.));
#3044=DIRECTION('',(0.0775992936677665,-0.996984628578728,0.));
#3045=DIRECTION('center_axis',(0.,0.,1.));
#3046=DIRECTION('ref_axis',(0.77230450670619,0.635252508000802,0.));
#3047=DIRECTION('center_axis',(0.,0.,1.));
#3048=DIRECTION('ref_axis',(0.77230450670619,0.635252508000802,0.));
#3049=DIRECTION('',(0.,0.,-1.));
#3050=DIRECTION('center_axis',(0.,0.,-1.));
#3051=DIRECTION('ref_axis',(0.77230450670619,0.635252508000802,0.));
#3052=DIRECTION('',(0.,0.,1.));
#3053=DIRECTION('center_axis',(-0.996984628578728,0.0775992936677668,0.));
#3054=DIRECTION('ref_axis',(-0.0775992936677668,-0.996984628578728,0.));
#3055=DIRECTION('',(0.0775992936677668,0.996984628578728,0.));
#3056=DIRECTION('',(-0.0775992936677668,-0.996984628578728,0.));
#3057=DIRECTION('',(0.,0.,1.));
#3058=DIRECTION('center_axis',(0.,0.,-1.));
#3059=DIRECTION('ref_axis',(-0.581573421267199,0.813493918646946,0.));
#3060=DIRECTION('center_axis',(0.,0.,1.));
#3061=DIRECTION('ref_axis',(-0.581573421267199,0.813493918646946,0.));
#3062=DIRECTION('',(0.,0.,-1.));
#3063=DIRECTION('center_axis',(0.,0.,-1.));
#3064=DIRECTION('ref_axis',(-0.581573421267199,0.813493918646946,0.));
#3065=DIRECTION('',(0.,0.,1.));
#3066=DIRECTION('center_axis',(0.983097376245129,-0.183083447695153,0.));
#3067=DIRECTION('ref_axis',(0.183083447695153,0.983097376245129,0.));
#3068=DIRECTION('',(-0.183083447695153,-0.983097376245129,0.));
#3069=DIRECTION('',(0.,0.,1.));
#3070=DIRECTION('',(-0.183083447695153,-0.983097376245129,0.));
#3071=DIRECTION('center_axis',(0.,0.,1.));
#3072=DIRECTION('ref_axis',(0.910404316306698,0.413719688738804,0.));
#3073=DIRECTION('center_axis',(0.,0.,1.));
#3074=DIRECTION('ref_axis',(0.910404316306698,0.413719688738804,0.));
#3075=DIRECTION('',(0.,0.,-1.));
#3076=DIRECTION('center_axis',(0.,0.,-1.));
#3077=DIRECTION('ref_axis',(0.910404316306698,0.413719688738804,0.));
#3078=DIRECTION('',(0.,0.,1.));
#3079=DIRECTION('center_axis',(-0.942929026069686,0.332993771406124,0.));
#3080=DIRECTION('ref_axis',(-0.332993771406124,-0.942929026069686,0.));
#3081=DIRECTION('',(0.332993771406124,0.942929026069686,0.));
#3082=DIRECTION('',(-0.332993771406124,-0.942929026069686,0.));
#3083=DIRECTION('',(0.,0.,1.));
#3084=DIRECTION('center_axis',(0.,0.,-1.));
#3085=DIRECTION('ref_axis',(-0.35120906826437,0.936297063099566,0.));
#3086=DIRECTION('center_axis',(0.,0.,1.));
#3087=DIRECTION('ref_axis',(-0.35120906826437,0.936297063099566,0.));
#3088=DIRECTION('',(0.,0.,-1.));
#3089=DIRECTION('center_axis',(0.,0.,-1.));
#3090=DIRECTION('ref_axis',(-0.35120906826437,0.936297063099566,0.));
#3091=DIRECTION('',(0.,0.,1.));
#3092=DIRECTION('center_axis',(0.902213662365654,-0.43128935465735,0.));
#3093=DIRECTION('ref_axis',(0.43128935465735,0.902213662365654,0.));
#3094=DIRECTION('',(-0.43128935465735,-0.902213662365654,0.));
#3095=DIRECTION('',(0.,0.,1.));
#3096=DIRECTION('',(-0.43128935465735,-0.902213662365654,0.));
#3097=DIRECTION('center_axis',(0.,0.,1.));
#3098=DIRECTION('ref_axis',(0.98646157626517,0.163992556393379,0.));
#3099=DIRECTION('center_axis',(0.,0.,1.));
#3100=DIRECTION('ref_axis',(0.98646157626517,0.163992556393379,0.));
#3101=DIRECTION('',(0.,0.,-1.));
#3102=DIRECTION('center_axis',(0.,0.,-1.));
#3103=DIRECTION('ref_axis',(0.98646157626517,0.163992556393379,0.));
#3104=DIRECTION('',(0.,0.,1.));
#3105=DIRECTION('center_axis',(-0.824614368697888,0.565695273921379,0.));
#3106=DIRECTION('ref_axis',(-0.565695273921379,-0.824614368697888,0.));
#3107=DIRECTION('',(0.565695273921379,0.824614368697888,0.));
#3108=DIRECTION('',(-0.565695273921379,-0.824614368697888,0.));
#3109=DIRECTION('',(0.,0.,1.));
#3110=DIRECTION('center_axis',(0.,0.,-1.));
#3111=DIRECTION('ref_axis',(-0.0969103976597485,0.995293110006007,0.));
#3112=DIRECTION('center_axis',(0.,0.,1.));
#3113=DIRECTION('ref_axis',(-0.0969103976597485,0.995293110006007,0.));
#3114=DIRECTION('',(0.,0.,-1.));
#3115=DIRECTION('center_axis',(0.,0.,-1.));
#3116=DIRECTION('ref_axis',(-0.0969103976597485,0.995293110006007,0.));
#3117=DIRECTION('',(0.,0.,1.));
#3118=DIRECTION('center_axis',(0.759845578374533,-0.650103604839006,0.));
#3119=DIRECTION('ref_axis',(0.650103604839006,0.759845578374533,0.));
#3120=DIRECTION('',(-0.650103604839006,-0.759845578374533,0.));
#3121=DIRECTION('',(0.,0.,1.));
#3122=DIRECTION('',(-0.650103604839006,-0.759845578374533,0.));
#3123=DIRECTION('center_axis',(0.,0.,1.));
#3124=DIRECTION('ref_axis',(0.995293110006007,-0.096910397659745,0.));
#3125=DIRECTION('center_axis',(0.,0.,1.));
#3126=DIRECTION('ref_axis',(0.995293110006007,-0.096910397659745,0.));
#3127=DIRECTION('',(0.,0.,-1.));
#3128=DIRECTION('center_axis',(0.,0.,-1.));
#3129=DIRECTION('ref_axis',(0.995293110006007,-0.096910397659745,0.));
#3130=DIRECTION('',(0.,0.,1.));
#3131=DIRECTION('center_axis',(-0.650103604839005,0.759845578374534,0.));
#3132=DIRECTION('ref_axis',(-0.759845578374534,-0.650103604839005,0.));
#3133=DIRECTION('',(0.759845578374534,0.650103604839005,0.));
#3134=DIRECTION('',(-0.759845578374534,-0.650103604839005,0.));
#3135=DIRECTION('',(0.,0.,1.));
#3136=DIRECTION('center_axis',(0.,0.,-1.));
#3137=DIRECTION('ref_axis',(0.163992556393379,0.98646157626517,0.));
#3138=DIRECTION('center_axis',(0.,0.,1.));
#3139=DIRECTION('ref_axis',(0.163992556393379,0.98646157626517,0.));
#3140=DIRECTION('',(0.,0.,-1.));
#3141=DIRECTION('center_axis',(0.,0.,-1.));
#3142=DIRECTION('ref_axis',(0.163992556393379,0.98646157626517,0.));
#3143=DIRECTION('',(0.,0.,1.));
#3144=DIRECTION('center_axis',(0.565695273921378,-0.824614368697888,0.));
#3145=DIRECTION('ref_axis',(0.824614368697888,0.565695273921378,0.));
#3146=DIRECTION('',(-0.824614368697888,-0.565695273921378,0.));
#3147=DIRECTION('',(0.,0.,1.));
#3148=DIRECTION('',(-0.824614368697888,-0.565695273921378,0.));
#3149=DIRECTION('center_axis',(0.,0.,1.));
#3150=DIRECTION('ref_axis',(0.936297063099565,-0.351209068264373,0.));
#3151=DIRECTION('center_axis',(0.,0.,1.));
#3152=DIRECTION('ref_axis',(0.936297063099565,-0.351209068264373,0.));
#3153=DIRECTION('',(0.,0.,-1.));
#3154=DIRECTION('center_axis',(0.,0.,-1.));
#3155=DIRECTION('ref_axis',(0.936297063099565,-0.351209068264373,0.));
#3156=DIRECTION('',(0.,0.,1.));
#3157=DIRECTION('center_axis',(-0.431289354657349,0.902213662365655,0.));
#3158=DIRECTION('ref_axis',(-0.902213662365655,-0.431289354657349,0.));
#3159=DIRECTION('',(0.902213662365655,0.431289354657349,0.));
#3160=DIRECTION('',(-0.902213662365655,-0.431289354657349,0.));
#3161=DIRECTION('',(0.,0.,1.));
#3162=DIRECTION('center_axis',(0.,0.,-1.));
#3163=DIRECTION('ref_axis',(0.413719688738811,0.910404316306695,0.));
#3164=DIRECTION('center_axis',(0.,0.,1.));
#3165=DIRECTION('ref_axis',(0.413719688738811,0.910404316306695,0.));
#3166=DIRECTION('',(0.,0.,-1.));
#3167=DIRECTION('center_axis',(0.,0.,-1.));
#3168=DIRECTION('ref_axis',(0.413719688738811,0.910404316306695,0.));
#3169=DIRECTION('',(0.,0.,1.));
#3170=DIRECTION('center_axis',(0.332993771406123,-0.942929026069686,0.));
#3171=DIRECTION('ref_axis',(0.942929026069686,0.332993771406123,0.));
#3172=DIRECTION('',(-0.942929026069686,-0.332993771406123,0.));
#3173=DIRECTION('',(0.,0.,1.));
#3174=DIRECTION('',(-0.942929026069686,-0.332993771406123,0.));
#3175=DIRECTION('center_axis',(0.,0.,1.));
#3176=DIRECTION('ref_axis',(0.813493918646949,-0.581573421267196,0.));
#3177=DIRECTION('center_axis',(0.,0.,1.));
#3178=DIRECTION('ref_axis',(0.813493918646949,-0.581573421267196,0.));
#3179=DIRECTION('',(0.,0.,-1.));
#3180=DIRECTION('center_axis',(0.,0.,-1.));
#3181=DIRECTION('ref_axis',(0.813493918646949,-0.581573421267196,0.));
#3182=DIRECTION('',(0.,0.,1.));
#3183=DIRECTION('center_axis',(-0.183083447695152,0.983097376245129,0.));
#3184=DIRECTION('ref_axis',(-0.983097376245129,-0.183083447695152,0.));
#3185=DIRECTION('',(0.983097376245129,0.183083447695152,0.));
#3186=DIRECTION('',(-0.983097376245129,-0.183083447695152,0.));
#3187=DIRECTION('',(0.,0.,1.));
#3188=DIRECTION('center_axis',(0.,0.,-1.));
#3189=DIRECTION('ref_axis',(0.635252508000803,0.772304506706188,0.));
#3190=DIRECTION('center_axis',(0.,0.,1.));
#3191=DIRECTION('ref_axis',(0.635252508000803,0.772304506706188,0.));
#3192=DIRECTION('',(0.,0.,-1.));
#3193=DIRECTION('center_axis',(0.,0.,-1.));
#3194=DIRECTION('ref_axis',(0.635252508000803,0.772304506706188,0.));
#3195=DIRECTION('',(0.,0.,1.));
#3196=DIRECTION('center_axis',(0.0775992936677666,-0.996984628578728,0.));
#3197=DIRECTION('ref_axis',(0.996984628578728,0.0775992936677666,0.));
#3198=DIRECTION('',(-0.996984628578728,-0.0775992936677666,0.));
#3199=DIRECTION('',(0.,0.,1.));
#3200=DIRECTION('',(-0.996984628578728,-0.0775992936677666,0.));
#3201=DIRECTION('',(0.,0.,1.));
#3202=DIRECTION('center_axis',(0.,0.,1.));
#3203=DIRECTION('ref_axis',(0.958437942175932,-0.285301088321732,0.));
#3204=DIRECTION('center_axis',(0.,0.,-1.));
#3205=DIRECTION('ref_axis',(0.958437942175932,-0.285301088321732,0.));
#3206=DIRECTION('',(0.,0.,1.));
#3207=DIRECTION('center_axis',(0.,0.,1.));
#3208=DIRECTION('ref_axis',(0.958437942175932,-0.285301088321732,0.));
#3209=DIRECTION('',(0.,0.,1.));
#3210=DIRECTION('center_axis',(0.,0.,1.));
#3211=DIRECTION('ref_axis',(0.851938605996941,-0.523641682462339,0.));
#3212=DIRECTION('center_axis',(0.,0.,-1.));
#3213=DIRECTION('ref_axis',(0.851938605996941,-0.523641682462339,0.));
#3214=DIRECTION('',(0.,0.,1.));
#3215=DIRECTION('center_axis',(0.,0.,1.));
#3216=DIRECTION('ref_axis',(0.851938605996941,-0.523641682462339,0.));
#3217=DIRECTION('',(0.,0.,1.));
#3218=DIRECTION('center_axis',(0.,0.,1.));
#3219=DIRECTION('ref_axis',(0.687381061714373,-0.726296961301933,0.));
#3220=DIRECTION('center_axis',(0.,0.,-1.));
#3221=DIRECTION('ref_axis',(0.687381061714373,-0.726296961301933,0.));
#3222=DIRECTION('',(0.,0.,1.));
#3223=DIRECTION('center_axis',(0.,0.,1.));
#3224=DIRECTION('ref_axis',(0.687381061714373,-0.726296961301933,0.));
#3225=DIRECTION('',(0.,0.,1.));
#3226=DIRECTION('center_axis',(0.,0.,1.));
#3227=DIRECTION('ref_axis',(0.475979634026883,-0.87945630249128,0.));
#3228=DIRECTION('center_axis',(0.,0.,-1.));
#3229=DIRECTION('ref_axis',(0.475979634026883,-0.87945630249128,0.));
#3230=DIRECTION('',(0.,0.,1.));
#3231=DIRECTION('center_axis',(0.,0.,1.));
#3232=DIRECTION('ref_axis',(0.475979634026883,-0.87945630249128,0.));
#3233=DIRECTION('',(0.,0.,1.));
#3234=DIRECTION('center_axis',(0.,0.,1.));
#3235=DIRECTION('ref_axis',(0.232140980873999,-0.972682150036104,0.));
#3236=DIRECTION('center_axis',(0.,0.,-1.));
#3237=DIRECTION('ref_axis',(0.232140980873999,-0.972682150036104,0.));
#3238=DIRECTION('',(0.,0.,1.));
#3239=DIRECTION('center_axis',(0.,0.,1.));
#3240=DIRECTION('ref_axis',(0.232140980873999,-0.972682150036104,0.));
#3241=DIRECTION('',(0.,0.,1.));
#3242=DIRECTION('center_axis',(0.,0.,1.));
#3243=DIRECTION('ref_axis',(-0.0275176964943387,-0.999621316489222,0.));
#3244=DIRECTION('center_axis',(0.,0.,-1.));
#3245=DIRECTION('ref_axis',(-0.0275176964943387,-0.999621316489222,0.));
#3246=DIRECTION('',(0.,0.,1.));
#3247=DIRECTION('center_axis',(0.,0.,1.));
#3248=DIRECTION('ref_axis',(-0.0275176964943387,-0.999621316489222,0.));
#3249=DIRECTION('',(0.,0.,1.));
#3250=DIRECTION('center_axis',(0.,0.,1.));
#3251=DIRECTION('ref_axis',(-0.285301088321732,-0.958437942175932,0.));
#3252=DIRECTION('center_axis',(0.,0.,-1.));
#3253=DIRECTION('ref_axis',(-0.285301088321732,-0.958437942175932,0.));
#3254=DIRECTION('',(0.,0.,1.));
#3255=DIRECTION('center_axis',(0.,0.,1.));
#3256=DIRECTION('ref_axis',(-0.285301088321732,-0.958437942175932,0.));
#3257=DIRECTION('',(0.,0.,1.));
#3258=DIRECTION('center_axis',(0.,0.,1.));
#3259=DIRECTION('ref_axis',(-0.523641682462339,-0.851938605996941,0.));
#3260=DIRECTION('center_axis',(0.,0.,-1.));
#3261=DIRECTION('ref_axis',(-0.523641682462339,-0.851938605996941,0.));
#3262=DIRECTION('',(0.,0.,1.));
#3263=DIRECTION('center_axis',(0.,0.,1.));
#3264=DIRECTION('ref_axis',(-0.523641682462339,-0.851938605996941,0.));
#3265=DIRECTION('',(0.,0.,1.));
#3266=DIRECTION('center_axis',(0.,0.,1.));
#3267=DIRECTION('ref_axis',(-0.726296961301933,-0.687381061714372,0.));
#3268=DIRECTION('center_axis',(0.,0.,-1.));
#3269=DIRECTION('ref_axis',(-0.726296961301933,-0.687381061714372,0.));
#3270=DIRECTION('',(0.,0.,1.));
#3271=DIRECTION('center_axis',(0.,0.,1.));
#3272=DIRECTION('ref_axis',(-0.726296961301933,-0.687381061714372,0.));
#3273=DIRECTION('',(0.,0.,1.));
#3274=DIRECTION('center_axis',(0.,0.,1.));
#3275=DIRECTION('ref_axis',(-0.87945630249128,-0.475979634026884,0.));
#3276=DIRECTION('center_axis',(0.,0.,-1.));
#3277=DIRECTION('ref_axis',(-0.87945630249128,-0.475979634026884,0.));
#3278=DIRECTION('',(0.,0.,1.));
#3279=DIRECTION('center_axis',(0.,0.,1.));
#3280=DIRECTION('ref_axis',(-0.87945630249128,-0.475979634026884,0.));
#3281=DIRECTION('',(0.,0.,1.));
#3282=DIRECTION('center_axis',(0.,0.,1.));
#3283=DIRECTION('ref_axis',(-0.972682150036104,-0.232140980873999,0.));
#3284=DIRECTION('center_axis',(0.,0.,-1.));
#3285=DIRECTION('ref_axis',(-0.972682150036104,-0.232140980873999,0.));
#3286=DIRECTION('',(0.,0.,1.));
#3287=DIRECTION('center_axis',(0.,0.,1.));
#3288=DIRECTION('ref_axis',(-0.972682150036104,-0.232140980873999,0.));
#3289=DIRECTION('',(0.,0.,1.));
#3290=DIRECTION('center_axis',(0.,0.,1.));
#3291=DIRECTION('ref_axis',(-0.999621316489222,0.0275176964943387,0.));
#3292=DIRECTION('center_axis',(0.,0.,-1.));
#3293=DIRECTION('ref_axis',(-0.999621316489222,0.0275176964943387,0.));
#3294=DIRECTION('center_axis',(0.,0.,1.));
#3295=DIRECTION('ref_axis',(-0.999621316489222,0.0275176964943387,0.));
#3296=DIRECTION('center_axis',(0.,0.,1.));
#3297=DIRECTION('ref_axis',(1.,0.,0.));
#3298=DIRECTION('center_axis',(0.,0.,-1.));
#3299=DIRECTION('ref_axis',(1.,0.,0.));
#3300=DIRECTION('center_axis',(0.,0.,1.));
#3301=DIRECTION('ref_axis',(1.,0.,0.));
#3302=DIRECTION('center_axis',(0.,0.,1.));
#3303=DIRECTION('ref_axis',(1.,0.,0.));
#3304=DIRECTION('center_axis',(0.,0.,-1.));
#3305=DIRECTION('ref_axis',(1.,0.,0.));
#3306=DIRECTION('center_axis',(0.,0.,1.));
#3307=DIRECTION('ref_axis',(1.,0.,0.));
#3308=DIRECTION('center_axis',(0.,0.,1.));
#3309=DIRECTION('ref_axis',(1.,0.,0.));
#3310=DIRECTION('center_axis',(0.,0.,-1.));
#3311=DIRECTION('ref_axis',(1.,0.,0.));
#3312=DIRECTION('center_axis',(0.,0.,1.));
#3313=DIRECTION('ref_axis',(1.,0.,0.));
#3314=DIRECTION('center_axis',(0.,0.,1.));
#3315=DIRECTION('ref_axis',(1.,0.,0.));
#3316=DIRECTION('center_axis',(0.,0.,-1.));
#3317=DIRECTION('ref_axis',(1.,0.,0.));
#3318=DIRECTION('center_axis',(0.,0.,1.));
#3319=DIRECTION('ref_axis',(1.,0.,0.));
#3320=DIRECTION('center_axis',(0.,0.,1.));
#3321=DIRECTION('ref_axis',(1.,0.,0.));
#3322=DIRECTION('center_axis',(0.,0.,-1.));
#3323=DIRECTION('ref_axis',(1.,0.,0.));
#3324=DIRECTION('center_axis',(0.,0.,1.));
#3325=DIRECTION('ref_axis',(1.,0.,0.));
#3326=DIRECTION('center_axis',(0.,0.,1.));
#3327=DIRECTION('ref_axis',(1.,0.,0.));
#3328=DIRECTION('center_axis',(0.,0.,-1.));
#3329=DIRECTION('ref_axis',(1.,0.,0.));
#3330=DIRECTION('center_axis',(0.,0.,1.));
#3331=DIRECTION('ref_axis',(1.,0.,0.));
#3332=DIRECTION('center_axis',(0.,0.,1.));
#3333=DIRECTION('ref_axis',(1.,0.,0.));
#3334=DIRECTION('center_axis',(0.,0.,-1.));
#3335=DIRECTION('ref_axis',(1.,0.,0.));
#3336=DIRECTION('center_axis',(0.,0.,1.));
#3337=DIRECTION('ref_axis',(1.,0.,0.));
#3338=DIRECTION('center_axis',(0.,0.,1.));
#3339=DIRECTION('ref_axis',(1.,0.,0.));
#3340=DIRECTION('center_axis',(0.,0.,-1.));
#3341=DIRECTION('ref_axis',(1.,0.,0.));
#3342=DIRECTION('center_axis',(0.,0.,1.));
#3343=DIRECTION('ref_axis',(1.,0.,0.));
#3344=DIRECTION('center_axis',(0.,0.,1.));
#3345=DIRECTION('ref_axis',(1.,0.,0.));
#3346=DIRECTION('center_axis',(0.,0.,-1.));
#3347=DIRECTION('ref_axis',(1.,0.,0.));
#3348=DIRECTION('center_axis',(0.,0.,1.));
#3349=DIRECTION('ref_axis',(1.,0.,0.));
#3350=DIRECTION('center_axis',(0.,0.,1.));
#3351=DIRECTION('ref_axis',(1.,0.,0.));
#3352=DIRECTION('center_axis',(0.,0.,-1.));
#3353=DIRECTION('ref_axis',(1.,0.,0.));
#3354=DIRECTION('center_axis',(0.,0.,1.));
#3355=DIRECTION('ref_axis',(1.,0.,0.));
#3356=DIRECTION('center_axis',(0.,0.,1.));
#3357=DIRECTION('ref_axis',(1.,0.,0.));
#3358=DIRECTION('center_axis',(0.,0.,-1.));
#3359=DIRECTION('ref_axis',(1.,0.,0.));
#3360=DIRECTION('center_axis',(0.,0.,1.));
#3361=DIRECTION('ref_axis',(1.,0.,0.));
#3362=DIRECTION('',(0.,0.,1.));
#3363=DIRECTION('center_axis',(0.,0.,1.));
#3364=DIRECTION('ref_axis',(1.,0.,0.));
#3365=DIRECTION('center_axis',(0.,0.,-1.));
#3366=DIRECTION('ref_axis',(-0.958437942175932,0.285301088321731,0.));
#3367=DIRECTION('center_axis',(0.,0.,1.));
#3368=DIRECTION('ref_axis',(1.,0.,0.));
#3369=DIRECTION('center_axis',(0.,0.,1.));
#3370=DIRECTION('ref_axis',(-0.958437942175932,0.285301088321731,0.));
#3371=DIRECTION('',(0.,0.,1.));
#3372=DIRECTION('center_axis',(0.,0.,1.));
#3373=DIRECTION('ref_axis',(-0.958437942175932,0.285301088321731,0.));
#3374=DIRECTION('',(0.,0.,1.));
#3375=DIRECTION('',(1.,0.,0.));
#3376=CARTESIAN_POINT('',(0.,0.,0.));
#3377=CARTESIAN_POINT('',(0.,0.,0.));
#3378=CARTESIAN_POINT('Origin',(-6.00000000000001,24.0540449852829,0.));
#3379=CARTESIAN_POINT('',(-6.00000000000689,1.89951931820892,3.));
#3380=CARTESIAN_POINT('',(-6.,1.89951931821105,0.));
#3381=CARTESIAN_POINT('Ctrl Pts',(-6.,1.89951931821105,3.));
#3382=CARTESIAN_POINT('Ctrl Pts',(-6.,1.89951931821105,2.5));
#3383=CARTESIAN_POINT('Ctrl Pts',(-6.,1.89951931821105,2.));
#3384=CARTESIAN_POINT('Ctrl Pts',(-6.,1.89951931821105,1.));
#3385=CARTESIAN_POINT('Ctrl Pts',(-6.,1.89951931821105,0.5));
#3386=CARTESIAN_POINT('Ctrl Pts',(-6.,1.89951931821105,0.));
#3387=CARTESIAN_POINT('',(-6.00000000000001,24.0540449852829,3.));
#3388=CARTESIAN_POINT('',(-6.,0.,3.));
#3389=CARTESIAN_POINT('',(-6.00000000000001,24.0540449852829,0.));
#3390=CARTESIAN_POINT('',(-6.00000000000001,24.0540449852829,0.));
#3391=CARTESIAN_POINT('',(-6.,0.,0.));
#3392=CARTESIAN_POINT('Origin',(6.,0.,0.));
#3393=CARTESIAN_POINT('',(6.,1.89951931821105,0.));
#3394=CARTESIAN_POINT('',(6.,1.89951931821105,3.));
#3395=CARTESIAN_POINT('Ctrl Pts',(6.,1.89951931821105,0.));
#3396=CARTESIAN_POINT('Ctrl Pts',(6.,1.89951931821105,0.5));
#3397=CARTESIAN_POINT('Ctrl Pts',(6.,1.89951931821105,1.));
#3398=CARTESIAN_POINT('Ctrl Pts',(6.,1.89951931821105,2.));
#3399=CARTESIAN_POINT('Ctrl Pts',(6.,1.89951931821105,2.5));
#3400=CARTESIAN_POINT('Ctrl Pts',(6.,1.89951931821105,3.));
#3401=CARTESIAN_POINT('',(6.,18.0000003129244,0.));
#3402=CARTESIAN_POINT('',(6.,30.0000004470348,0.));
#3403=CARTESIAN_POINT('',(6.,18.0000003129244,3.));
#3404=CARTESIAN_POINT('',(6.,18.0000003129244,0.));
#3405=CARTESIAN_POINT('',(6.,30.0000004470348,3.));
#3406=CARTESIAN_POINT('Origin',(7.,27.0000004321337,0.));
#3407=CARTESIAN_POINT('',(6.,28.0000004321337,0.));
#3408=CARTESIAN_POINT('',(7.,27.0000004321337,0.));
#3409=CARTESIAN_POINT('',(6.,28.0000004321337,0.));
#3410=CARTESIAN_POINT('',(6.,28.0000004321337,3.));
#3411=CARTESIAN_POINT('',(6.,28.0000004321337,0.));
#3412=CARTESIAN_POINT('',(7.,27.0000004321337,3.));
#3413=CARTESIAN_POINT('',(6.,28.0000004321337,3.));
#3414=CARTESIAN_POINT('',(7.,27.0000004321337,0.));
#3415=CARTESIAN_POINT('Origin',(6.,26.0000004321337,0.));
#3416=CARTESIAN_POINT('',(6.,26.0000004321337,0.));
#3417=CARTESIAN_POINT('',(7.,27.0000004321337,0.));
#3418=CARTESIAN_POINT('',(6.,26.0000004321337,3.));
#3419=CARTESIAN_POINT('',(7.,27.0000004321337,3.));
#3420=CARTESIAN_POINT('',(6.,26.0000004321337,0.));
#3421=CARTESIAN_POINT('Origin',(7.,25.0000004321337,0.));
#3422=CARTESIAN_POINT('',(7.,25.0000004321337,0.));
#3423=CARTESIAN_POINT('',(6.,26.0000004321337,0.));
#3424=CARTESIAN_POINT('',(7.,25.0000004321337,3.));
#3425=CARTESIAN_POINT('',(6.,26.0000004321337,3.));
#3426=CARTESIAN_POINT('',(7.,25.0000004321337,0.));
#3427=CARTESIAN_POINT('Origin',(6.00024321634207,24.0002436484757,0.));
#3428=CARTESIAN_POINT('',(6.00024321634207,24.0002436484757,0.));
#3429=CARTESIAN_POINT('',(7.,25.0000004321337,0.));
#3430=CARTESIAN_POINT('',(6.00024321634207,24.0002436484757,3.));
#3431=CARTESIAN_POINT('',(7.,25.0000004321337,3.));
#3432=CARTESIAN_POINT('',(6.00024321634207,24.0002436484757,0.));
#3433=CARTESIAN_POINT('Origin',(-8.94069662749075E-8,24.,0.));
#3434=CARTESIAN_POINT('',(6.,24.054025129959,0.));
#3435=CARTESIAN_POINT('Origin',(-8.94069662749075E-8,24.,0.));
#3436=CARTESIAN_POINT('',(6.,24.054025129959,3.));
#3437=CARTESIAN_POINT('Origin',(-8.94069662749075E-8,24.,3.));
#3438=CARTESIAN_POINT('',(6.,24.054025129959,0.));
#3439=CARTESIAN_POINT('Origin',(6.,23.945974870041,0.));
#3440=CARTESIAN_POINT('',(6.,23.945974870041,0.));
#3441=CARTESIAN_POINT('',(6.,30.0000004470348,0.));
#3442=CARTESIAN_POINT('',(6.,23.945974870041,3.));
#3443=CARTESIAN_POINT('',(6.,30.0000004470348,3.));
#3444=CARTESIAN_POINT('',(6.,23.945974870041,0.));
#3445=CARTESIAN_POINT('Origin',(-8.94069662749075E-8,24.,0.));
#3446=CARTESIAN_POINT('',(6.0002432163771,23.9997572157566,0.));
#3447=CARTESIAN_POINT('Origin',(-8.94069662749075E-8,24.,0.));
#3448=CARTESIAN_POINT('',(6.0002432163771,23.9997572157566,3.));
#3449=CARTESIAN_POINT('Origin',(-8.94069662749075E-8,24.,3.));
#3450=CARTESIAN_POINT('',(6.0002432163771,23.9997572157566,0.));
#3451=CARTESIAN_POINT('Origin',(7.,23.0000004321337,0.));
#3452=CARTESIAN_POINT('',(7.,23.0000004321337,0.));
#3453=CARTESIAN_POINT('',(6.,24.0000004321337,0.));
#3454=CARTESIAN_POINT('',(7.,23.0000004321337,3.));
#3455=CARTESIAN_POINT('',(6.,24.0000004321337,3.));
#3456=CARTESIAN_POINT('',(7.,23.0000004321337,0.));
#3457=CARTESIAN_POINT('Origin',(6.00000008940697,22.0000003278255,0.));
#3458=CARTESIAN_POINT('',(6.00000008940697,22.0000003278255,0.));
#3459=CARTESIAN_POINT('',(7.,23.0000004321337,0.));
#3460=CARTESIAN_POINT('',(6.00000008940697,22.0000003278255,3.));
#3461=CARTESIAN_POINT('',(7.,23.0000004321337,3.));
#3462=CARTESIAN_POINT('',(6.00000008940697,22.0000003278255,0.));
#3463=CARTESIAN_POINT('Origin',(7.,21.0000003129244,0.));
#3464=CARTESIAN_POINT('',(7.,21.0000003129244,0.));
#3465=CARTESIAN_POINT('',(6.00000008940697,22.0000003278255,0.));
#3466=CARTESIAN_POINT('',(7.,21.0000003129244,3.));
#3467=CARTESIAN_POINT('',(6.00000008940697,22.0000003278255,3.));
#3468=CARTESIAN_POINT('',(7.,21.0000003129244,0.));
#3469=CARTESIAN_POINT('Origin',(6.,20.0000003129244,0.));
#3470=CARTESIAN_POINT('',(6.,20.0000003129244,0.));
#3471=CARTESIAN_POINT('',(7.,21.0000003129244,0.));
#3472=CARTESIAN_POINT('',(6.,20.0000003129244,3.));
#3473=CARTESIAN_POINT('',(7.,21.0000003129244,3.));
#3474=CARTESIAN_POINT('',(6.,20.0000003129244,0.));
#3475=CARTESIAN_POINT('Origin',(7.,19.0000003129244,0.));
#3476=CARTESIAN_POINT('',(7.,19.0000003129244,0.));
#3477=CARTESIAN_POINT('',(6.,20.0000003129244,0.));
#3478=CARTESIAN_POINT('',(7.,19.0000003129244,3.));
#3479=CARTESIAN_POINT('',(6.,20.0000003129244,3.));
#3480=CARTESIAN_POINT('',(7.,19.0000003129244,0.));
#3481=CARTESIAN_POINT('Origin',(6.,18.0000003129244,0.));
#3482=CARTESIAN_POINT('',(7.,19.0000003129244,0.));
#3483=CARTESIAN_POINT('',(7.,19.0000003129244,3.));
#3484=CARTESIAN_POINT('Origin',(6.,0.,0.));
#3485=CARTESIAN_POINT('',(6.,0.38862999283994,0.));
#3486=CARTESIAN_POINT('',(6.00000000000392,0.3886299928376,3.));
#3487=CARTESIAN_POINT('Ctrl Pts',(6.,0.388629992839941,0.));
#3488=CARTESIAN_POINT('Ctrl Pts',(6.,0.388629992839941,0.5));
#3489=CARTESIAN_POINT('Ctrl Pts',(6.,0.388629992839941,1.));
#3490=CARTESIAN_POINT('Ctrl Pts',(6.,0.388629992839941,2.));
#3491=CARTESIAN_POINT('Ctrl Pts',(6.,0.388629992839941,2.5));
#3492=CARTESIAN_POINT('Ctrl Pts',(6.,0.388629992839941,3.));
#3493=CARTESIAN_POINT('',(6.,1.2456020223876,0.));
#3494=CARTESIAN_POINT('',(6.,30.0000004470348,0.));
#3495=CARTESIAN_POINT('',(6.00000000084026,1.24560202355511,3.));
#3496=CARTESIAN_POINT('Ctrl Pts',(6.,1.2456020223876,3.));
#3497=CARTESIAN_POINT('Ctrl Pts',(6.,1.2456020223876,2.5));
#3498=CARTESIAN_POINT('Ctrl Pts',(6.,1.2456020223876,2.));
#3499=CARTESIAN_POINT('Ctrl Pts',(6.,1.2456020223876,1.));
#3500=CARTESIAN_POINT('Ctrl Pts',(6.,1.2456020223876,0.5));
#3501=CARTESIAN_POINT('Ctrl Pts',(6.,1.2456020223876,0.));
#3502=CARTESIAN_POINT('',(6.,30.0000004470348,3.));
#3503=CARTESIAN_POINT('Origin',(-6.00000000000001,24.0540449852829,0.));
#3504=CARTESIAN_POINT('',(-6.,1.2456020223876,0.));
#3505=CARTESIAN_POINT('',(-5.99999999999998,1.24560202238756,3.));
#3506=CARTESIAN_POINT('Ctrl Pts',(-6.,1.2456020223876,0.));
#3507=CARTESIAN_POINT('Ctrl Pts',(-6.,1.2456020223876,0.5));
#3508=CARTESIAN_POINT('Ctrl Pts',(-6.,1.2456020223876,1.));
#3509=CARTESIAN_POINT('Ctrl Pts',(-6.,1.2456020223876,2.));
#3510=CARTESIAN_POINT('Ctrl Pts',(-6.,1.2456020223876,2.5));
#3511=CARTESIAN_POINT('Ctrl Pts',(-6.,1.2456020223876,3.));
#3512=CARTESIAN_POINT('',(-6.,0.388629992839941,0.));
#3513=CARTESIAN_POINT('',(-6.,0.,0.));
#3514=CARTESIAN_POINT('',(-6.00000000032817,0.388629992644124,3.));
#3515=CARTESIAN_POINT('Ctrl Pts',(-6.,0.388629992839941,3.));
#3516=CARTESIAN_POINT('Ctrl Pts',(-6.,0.388629992839941,2.5));
#3517=CARTESIAN_POINT('Ctrl Pts',(-6.,0.388629992839941,2.));
#3518=CARTESIAN_POINT('Ctrl Pts',(-6.,0.388629992839941,1.));
#3519=CARTESIAN_POINT('Ctrl Pts',(-6.,0.388629992839941,0.5));
#3520=CARTESIAN_POINT('Ctrl Pts',(-6.,0.388629992839941,0.));
#3521=CARTESIAN_POINT('',(-6.,0.,3.));
#3522=CARTESIAN_POINT('Origin',(-8.94069662749075E-8,24.,0.));
#3523=CARTESIAN_POINT('',(-0.0540351479459078,30.,0.));
#3524=CARTESIAN_POINT('Origin',(-8.94069662749075E-8,24.,0.));
#3525=CARTESIAN_POINT('',(-0.0540351479459078,30.,3.));
#3526=CARTESIAN_POINT('Origin',(-8.94069662749075E-8,24.,3.));
#3527=CARTESIAN_POINT('',(-0.0540351479459078,30.,0.));
#3528=CARTESIAN_POINT('Origin',(6.,30.,0.));
#3529=CARTESIAN_POINT('',(6.,30.0000004470348,0.));
#3530=CARTESIAN_POINT('',(6.,30.,0.));
#3531=CARTESIAN_POINT('',(6.,30.0000004470348,3.));
#3532=CARTESIAN_POINT('',(6.,30.,3.));
#3533=CARTESIAN_POINT('',(6.,30.0000004470348,0.));
#3534=CARTESIAN_POINT('Origin',(7.,29.0000004321337,0.));
#3535=CARTESIAN_POINT('',(7.,29.0000004321337,0.));
#3536=CARTESIAN_POINT('',(6.,30.0000004470348,0.));
#3537=CARTESIAN_POINT('',(7.,29.0000004321337,3.));
#3538=CARTESIAN_POINT('',(6.,30.0000004470348,3.));
#3539=CARTESIAN_POINT('',(7.,29.0000004321337,0.));
#3540=CARTESIAN_POINT('Origin',(6.,28.0000004321337,0.));
#3541=CARTESIAN_POINT('',(6.,28.0000004321337,0.));
#3542=CARTESIAN_POINT('',(6.,28.0000004321337,3.));
#3543=CARTESIAN_POINT('Origin',(-2.53406038760838E-12,-6.79017393610306E-13,
0.));
#3544=CARTESIAN_POINT('',(6.22984662414354,1.85445707409132,3.));
#3545=CARTESIAN_POINT('',(6.32243397523469,1.50891637568093,3.));
#3546=CARTESIAN_POINT('Origin',(-2.53406038760838E-12,-6.79017393610306E-13,
3.));
#3547=CARTESIAN_POINT('',(6.32243397523469,1.50891637568093,0.));
#3548=CARTESIAN_POINT('',(6.32243397523469,1.50891637568093,0.));
#3549=CARTESIAN_POINT('',(6.22984662414354,1.85445707409132,0.));
#3550=CARTESIAN_POINT('Origin',(-2.53406038760838E-12,-6.79017393610306E-13,
0.));
#3551=CARTESIAN_POINT('',(6.22984662414354,1.85445707409132,0.));
#3552=CARTESIAN_POINT('Ctrl Pts',(6.22984662414354,1.85445707409132,0.));
#3553=CARTESIAN_POINT('Ctrl Pts',(6.22984662414354,1.85445707409132,5.));
#3554=CARTESIAN_POINT('Ctrl Pts',(6.22711206405019,1.85510176164714,0.));
#3555=CARTESIAN_POINT('Ctrl Pts',(6.22711206405019,1.85510176164714,5.));
#3556=CARTESIAN_POINT('Ctrl Pts',(6.22164378374119,1.85638463897395,0.));
#3557=CARTESIAN_POINT('Ctrl Pts',(6.22164378374119,1.85638463897395,5.));
#3558=CARTESIAN_POINT('Ctrl Pts',(6.21344388291129,1.85828946160992,0.));
#3559=CARTESIAN_POINT('Ctrl Pts',(6.21344388291129,1.85828946160992,5.));
#3560=CARTESIAN_POINT('Ctrl Pts',(6.20251572274209,1.86079022546109,0.));
#3561=CARTESIAN_POINT('Ctrl Pts',(6.20251572274209,1.86079022546109,5.));
#3562=CARTESIAN_POINT('Ctrl Pts',(6.18886394858022,1.86385108940546,0.));
#3563=CARTESIAN_POINT('Ctrl Pts',(6.18886394858022,1.86385108940546,5.));
#3564=CARTESIAN_POINT('Ctrl Pts',(6.17522065708621,1.86684671801494,0.));
#3565=CARTESIAN_POINT('Ctrl Pts',(6.17522065708621,1.86684671801494,5.));
#3566=CARTESIAN_POINT('Ctrl Pts',(6.16158594903997,1.86977692008072,0.));
#3567=CARTESIAN_POINT('Ctrl Pts',(6.16158594903997,1.86977692008072,5.));
#3568=CARTESIAN_POINT('Ctrl Pts',(6.14795998091171,1.87264146424774,0.));
#3569=CARTESIAN_POINT('Ctrl Pts',(6.14795998091171,1.87264146424774,5.));
#3570=CARTESIAN_POINT('Ctrl Pts',(6.13434297771954,1.87544008587806,0.));
#3571=CARTESIAN_POINT('Ctrl Pts',(6.13434297771954,1.87544008587806,5.));
#3572=CARTESIAN_POINT('Ctrl Pts',(6.12073521477637,1.87817249471769,0.));
#3573=CARTESIAN_POINT('Ctrl Pts',(6.12073521477637,1.87817249471769,5.));
#3574=CARTESIAN_POINT('Ctrl Pts',(6.10713699813888,1.88083838281546,0.));
#3575=CARTESIAN_POINT('Ctrl Pts',(6.10713699813888,1.88083838281546,5.));
#3576=CARTESIAN_POINT('Ctrl Pts',(6.09354864522197,1.88343743296385,0.));
#3577=CARTESIAN_POINT('Ctrl Pts',(6.09354864522197,1.88343743296385,5.));
#3578=CARTESIAN_POINT('Ctrl Pts',(6.07997046596502,1.88596932700333,0.));
#3579=CARTESIAN_POINT('Ctrl Pts',(6.07997046596502,1.88596932700333,5.));
#3580=CARTESIAN_POINT('Ctrl Pts',(6.06640274189815,1.88843375572431,0.));
#3581=CARTESIAN_POINT('Ctrl Pts',(6.06640274189815,1.88843375572431,5.));
#3582=CARTESIAN_POINT('Ctrl Pts',(6.05284573414521,1.89083041217221,0.));
#3583=CARTESIAN_POINT('Ctrl Pts',(6.05284573414521,1.89083041217221,5.));
#3584=CARTESIAN_POINT('Ctrl Pts',(6.03929969390921,1.89315898385708,0.));
#3585=CARTESIAN_POINT('Ctrl Pts',(6.03929969390921,1.89315898385708,5.));
#3586=CARTESIAN_POINT('Ctrl Pts',(6.02576487217037,1.89541914565322,0.));
#3587=CARTESIAN_POINT('Ctrl Pts',(6.02576487217037,1.89541914565322,5.));
#3588=CARTESIAN_POINT('Ctrl Pts',(6.01224152918006,1.89761055330123,0.));
#3589=CARTESIAN_POINT('Ctrl Pts',(6.01224152918006,1.89761055330123,5.));
#3590=CARTESIAN_POINT('Ctrl Pts',(5.99872994516466,1.89973283606492,0.));
#3591=CARTESIAN_POINT('Ctrl Pts',(5.99872994516466,1.89973283606492,5.));
#3592=CARTESIAN_POINT('Ctrl Pts',(5.98523041639578,1.90178560261334,0.));
#3593=CARTESIAN_POINT('Ctrl Pts',(5.98523041639578,1.90178560261334,5.));
#3594=CARTESIAN_POINT('Ctrl Pts',(5.97174324936315,1.90376844872447,0.));
#3595=CARTESIAN_POINT('Ctrl Pts',(5.97174324936315,1.90376844872447,5.));
#3596=CARTESIAN_POINT('Ctrl Pts',(5.95826875536457,1.90568096524211,0.));
#3597=CARTESIAN_POINT('Ctrl Pts',(5.95826875536457,1.90568096524211,5.));
#3598=CARTESIAN_POINT('Ctrl Pts',(5.94480724526769,1.90752274545354,0.));
#3599=CARTESIAN_POINT('Ctrl Pts',(5.94480724526769,1.90752274545354,5.));
#3600=CARTESIAN_POINT('Ctrl Pts',(5.93135902297781,1.90929339580766,0.));
#3601=CARTESIAN_POINT('Ctrl Pts',(5.93135902297781,1.90929339580766,5.));
#3602=CARTESIAN_POINT('Ctrl Pts',(5.9179243904799,1.91099252057589,0.));
#3603=CARTESIAN_POINT('Ctrl Pts',(5.9179243904799,1.91099252057589,5.));
#3604=CARTESIAN_POINT('Ctrl Pts',(5.90450365460769,1.91261970299228,0.));
#3605=CARTESIAN_POINT('Ctrl Pts',(5.90450365460769,1.91261970299228,5.));
#3606=CARTESIAN_POINT('Ctrl Pts',(5.89109713339752,1.91417448719674,0.));
#3607=CARTESIAN_POINT('Ctrl Pts',(5.89109713339752,1.91417448719674,5.));
#3608=CARTESIAN_POINT('Ctrl Pts',(5.87770516188776,1.91565636239189,0.));
#3609=CARTESIAN_POINT('Ctrl Pts',(5.87770516188776,1.91565636239189,5.));
#3610=CARTESIAN_POINT('Ctrl Pts',(5.86432809974447,1.9170647411197,0.));
#3611=CARTESIAN_POINT('Ctrl Pts',(5.86432809974447,1.9170647411197,5.));
#3612=CARTESIAN_POINT('Ctrl Pts',(5.85096632326489,1.91839898802634,0.));
#3613=CARTESIAN_POINT('Ctrl Pts',(5.85096632326489,1.91839898802634,5.));
#3614=CARTESIAN_POINT('Ctrl Pts',(5.83762021467333,1.91965845731408,0.));
#3615=CARTESIAN_POINT('Ctrl Pts',(5.83762021467333,1.91965845731408,5.));
#3616=CARTESIAN_POINT('Ctrl Pts',(5.82429015162088,1.92084253000252,0.));
#3617=CARTESIAN_POINT('Ctrl Pts',(5.82429015162088,1.92084253000252,5.));
#3618=CARTESIAN_POINT('Ctrl Pts',(5.81097649793869,1.92195064655116,0.));
#3619=CARTESIAN_POINT('Ctrl Pts',(5.81097649793869,1.92195064655116,5.));
#3620=CARTESIAN_POINT('Ctrl Pts',(5.7976795899282,1.92298235587888,0.));
#3621=CARTESIAN_POINT('Ctrl Pts',(5.7976795899282,1.92298235587888,5.));
#3622=CARTESIAN_POINT('Ctrl Pts',(5.78439975609636,1.92393724295395,0.));
#3623=CARTESIAN_POINT('Ctrl Pts',(5.78439975609636,1.92393724295395,5.));
#3624=CARTESIAN_POINT('Ctrl Pts',(5.77113734298496,1.92481483440976,0.));
#3625=CARTESIAN_POINT('Ctrl Pts',(5.77113734298496,1.92481483440976,5.));
#3626=CARTESIAN_POINT('Ctrl Pts',(5.75789274023457,1.92561450689096,0.));
#3627=CARTESIAN_POINT('Ctrl Pts',(5.75789274023457,1.92561450689096,5.));
#3628=CARTESIAN_POINT('Ctrl Pts',(5.74466640262281,1.92633540676864,0.));
#3629=CARTESIAN_POINT('Ctrl Pts',(5.74466640262281,1.92633540676864,5.));
#3630=CARTESIAN_POINT('Ctrl Pts',(5.73145888185327,1.92697633375496,0.));
#3631=CARTESIAN_POINT('Ctrl Pts',(5.73145888185327,1.92697633375496,5.));
#3632=CARTESIAN_POINT('Ctrl Pts',(5.7182707844213,1.92753589857493,0.));
#3633=CARTESIAN_POINT('Ctrl Pts',(5.7182707844213,1.92753589857493,5.));
#3634=CARTESIAN_POINT('Ctrl Pts',(5.70510271548421,1.92801273254981,0.));
#3635=CARTESIAN_POINT('Ctrl Pts',(5.70510271548421,1.92801273254981,5.));
#3636=CARTESIAN_POINT('Ctrl Pts',(5.69195522407597,1.92840569230664,0.));
#3637=CARTESIAN_POINT('Ctrl Pts',(5.69195522407597,1.92840569230664,5.));
#3638=CARTESIAN_POINT('Ctrl Pts',(5.6788287551715,1.92871403906528,0.));
#3639=CARTESIAN_POINT('Ctrl Pts',(5.6788287551715,1.92871403906528,5.));
#3640=CARTESIAN_POINT('Ctrl Pts',(5.66572357870713,1.92893770363586,0.));
#3641=CARTESIAN_POINT('Ctrl Pts',(5.66572357870713,1.92893770363586,5.));
#3642=CARTESIAN_POINT('Ctrl Pts',(5.65263989370442,1.92907690072345,0.));
#3643=CARTESIAN_POINT('Ctrl Pts',(5.65263989370442,1.92907690072345,5.));
#3644=CARTESIAN_POINT('Ctrl Pts',(5.63957796472322,1.92913162318069,0.));
#3645=CARTESIAN_POINT('Ctrl Pts',(5.63957796472322,1.92913162318069,5.));
#3646=CARTESIAN_POINT('Ctrl Pts',(5.62653825440113,1.92910115075653,0.));
#3647=CARTESIAN_POINT('Ctrl Pts',(5.62653825440113,1.92910115075653,5.));
#3648=CARTESIAN_POINT('Ctrl Pts',(5.61352154101919,1.92898361475111,0.));
#3649=CARTESIAN_POINT('Ctrl Pts',(5.61352154101919,1.92898361475111,5.));
#3650=CARTESIAN_POINT('Ctrl Pts',(5.60052908626788,1.92877537558964,0.));
#3651=CARTESIAN_POINT('Ctrl Pts',(5.60052908626788,1.92877537558964,5.));
#3652=CARTESIAN_POINT('Ctrl Pts',(5.58756239790513,1.92847191036281,0.));
#3653=CARTESIAN_POINT('Ctrl Pts',(5.58756239790513,1.92847191036281,5.));
#3654=CARTESIAN_POINT('Ctrl Pts',(5.57462292311417,1.92806895877699,0.));
#3655=CARTESIAN_POINT('Ctrl Pts',(5.57462292311417,1.92806895877699,5.));
#3656=CARTESIAN_POINT('Ctrl Pts',(5.56171174993562,1.92756363886044,0.));
#3657=CARTESIAN_POINT('Ctrl Pts',(5.56171174993562,1.92756363886044,5.));
#3658=CARTESIAN_POINT('Ctrl Pts',(5.54882934066559,1.92695544398385,0.));
#3659=CARTESIAN_POINT('Ctrl Pts',(5.54882934066559,1.92695544398385,5.));
#3660=CARTESIAN_POINT('Ctrl Pts',(5.53597515625383,1.92624764506183,0.));
#3661=CARTESIAN_POINT('Ctrl Pts',(5.53597515625383,1.92624764506183,5.));
#3662=CARTESIAN_POINT('Ctrl Pts',(5.52314824744435,1.92544509922253,0.));
#3663=CARTESIAN_POINT('Ctrl Pts',(5.52314824744435,1.92544509922253,5.));
#3664=CARTESIAN_POINT('Ctrl Pts',(5.51034799005511,1.92455152285838,0.));
#3665=CARTESIAN_POINT('Ctrl Pts',(5.51034799005511,1.92455152285838,5.));
#3666=CARTESIAN_POINT('Ctrl Pts',(5.49757480079036,1.9235668367433,0.));
#3667=CARTESIAN_POINT('Ctrl Pts',(5.49757480079036,1.9235668367433,5.));
#3668=CARTESIAN_POINT('Ctrl Pts',(5.48483079163567,1.9224847402631,0.));
#3669=CARTESIAN_POINT('Ctrl Pts',(5.48483079163567,1.9224847402631,5.));
#3670=CARTESIAN_POINT('Ctrl Pts',(5.47212063910694,1.92128948494336,0.));
#3671=CARTESIAN_POINT('Ctrl Pts',(5.47212063910694,1.92128948494336,5.));
#3672=CARTESIAN_POINT('Ctrl Pts',(5.45945020506787,1.91996102977632,0.));
#3673=CARTESIAN_POINT('Ctrl Pts',(5.45945020506787,1.91996102977632,5.));
#3674=CARTESIAN_POINT('Ctrl Pts',(5.44682489002518,1.91848119599438,0.));
#3675=CARTESIAN_POINT('Ctrl Pts',(5.44682489002518,1.91848119599438,5.));
#3676=CARTESIAN_POINT('Ctrl Pts',(5.43424802334403,1.91683967953786,0.));
#3677=CARTESIAN_POINT('Ctrl Pts',(5.43424802334403,1.91683967953786,5.));
#3678=CARTESIAN_POINT('Ctrl Pts',(5.42171936666512,1.91503965267919,0.));
#3679=CARTESIAN_POINT('Ctrl Pts',(5.42171936666512,1.91503965267919,5.));
#3680=CARTESIAN_POINT('Ctrl Pts',(5.40923321285419,1.91310484452644,0.));
#3681=CARTESIAN_POINT('Ctrl Pts',(5.40923321285419,1.91310484452644,5.));
#3682=CARTESIAN_POINT('Ctrl Pts',(5.39678210579759,1.91106605017543,0.));
#3683=CARTESIAN_POINT('Ctrl Pts',(5.39678210579759,1.91106605017543,5.));
#3684=CARTESIAN_POINT('Ctrl Pts',(5.38436104411553,1.9089458655829,0.));
#3685=CARTESIAN_POINT('Ctrl Pts',(5.38436104411553,1.9089458655829,5.));
#3686=CARTESIAN_POINT('Ctrl Pts',(5.37197157910481,1.90674381808099,0.));
#3687=CARTESIAN_POINT('Ctrl Pts',(5.37197157910481,1.90674381808099,5.));
#3688=CARTESIAN_POINT('Ctrl Pts',(5.35962581215867,1.90442184732581,0.));
#3689=CARTESIAN_POINT('Ctrl Pts',(5.35962581215867,1.90442184732581,5.));
#3690=CARTESIAN_POINT('Ctrl Pts',(5.34735086250585,1.90188811407465,0.));
#3691=CARTESIAN_POINT('Ctrl Pts',(5.34735086250585,1.90188811407465,5.));
#3692=CARTESIAN_POINT('Ctrl Pts',(5.3351815878838,1.89902265192424,0.));
#3693=CARTESIAN_POINT('Ctrl Pts',(5.3351815878838,1.89902265192424,5.));
#3694=CARTESIAN_POINT('Ctrl Pts',(5.32555851613017,1.89636853285739,0.));
#3695=CARTESIAN_POINT('Ctrl Pts',(5.32555851613017,1.89636853285739,5.));
#3696=CARTESIAN_POINT('Ctrl Pts',(5.31841657297966,1.894132135311,0.));
#3697=CARTESIAN_POINT('Ctrl Pts',(5.31841657297966,1.894132135311,5.));
#3698=CARTESIAN_POINT('Ctrl Pts',(5.31369031472796,1.89252656936937,0.));
#3699=CARTESIAN_POINT('Ctrl Pts',(5.31369031472796,1.89252656936937,5.));
#3700=CARTESIAN_POINT('Ctrl Pts',(5.31133594493429,1.89169512770705,0.));
#3701=CARTESIAN_POINT('Ctrl Pts',(5.31133594493429,1.89169512770705,5.));
#3702=CARTESIAN_POINT('Ctrl Pts',(6.00000000003083,1.89951931820627,3.));
#3703=CARTESIAN_POINT('Ctrl Pts',(6.04805893743997,1.89206847858031,3.));
#3704=CARTESIAN_POINT('Ctrl Pts',(6.09634649322746,1.88330004133796,3.));
#3705=CARTESIAN_POINT('Ctrl Pts',(6.1448064996632,1.87327925888886,3.));
#3706=CARTESIAN_POINT('Ctrl Pts',(6.17309708459111,1.86742920194971,3.));
#3707=CARTESIAN_POINT('Ctrl Pts',(6.20144507045784,1.86115289630845,3.));
#3708=CARTESIAN_POINT('Ctrl Pts',(6.22984662414354,1.85445707409132,3.));
#3709=CARTESIAN_POINT('Ctrl Pts',(6.,1.89951931821105,0.));
#3710=CARTESIAN_POINT('Ctrl Pts',(6.00244791342682,1.89913980481888,0.));
#3711=CARTESIAN_POINT('Ctrl Pts',(6.00759819796127,1.89833548818094,0.));
#3712=CARTESIAN_POINT('Ctrl Pts',(6.01545366638377,1.89709000892746,0.));
#3713=CARTESIAN_POINT('Ctrl Pts',(6.02601881931771,1.89537673935842,0.));
#3714=CARTESIAN_POINT('Ctrl Pts',(6.03929969390921,1.89315898385708,0.));
#3715=CARTESIAN_POINT('Ctrl Pts',(6.05284573414521,1.89083041217221,0.));
#3716=CARTESIAN_POINT('Ctrl Pts',(6.06640274189815,1.88843375572431,0.));
#3717=CARTESIAN_POINT('Ctrl Pts',(6.07997046596502,1.88596932700333,0.));
#3718=CARTESIAN_POINT('Ctrl Pts',(6.09354864522197,1.88343743296385,0.));
#3719=CARTESIAN_POINT('Ctrl Pts',(6.10713699813888,1.88083838281546,0.));
#3720=CARTESIAN_POINT('Ctrl Pts',(6.12073521477637,1.87817249471769,0.));
#3721=CARTESIAN_POINT('Ctrl Pts',(6.13434297771954,1.87544008587806,0.));
#3722=CARTESIAN_POINT('Ctrl Pts',(6.14795998091171,1.87264146424774,0.));
#3723=CARTESIAN_POINT('Ctrl Pts',(6.16158594903997,1.86977692008072,0.));
#3724=CARTESIAN_POINT('Ctrl Pts',(6.17522065708621,1.86684671801494,0.));
#3725=CARTESIAN_POINT('Ctrl Pts',(6.18886394858022,1.86385108940546,0.));
#3726=CARTESIAN_POINT('Ctrl Pts',(6.20251572274209,1.86079022546109,0.));
#3727=CARTESIAN_POINT('Ctrl Pts',(6.21344388291129,1.85828946160992,0.));
#3728=CARTESIAN_POINT('Ctrl Pts',(6.22164378374119,1.85638463897395,0.));
#3729=CARTESIAN_POINT('Ctrl Pts',(6.22711206405019,1.85510176164714,0.));
#3730=CARTESIAN_POINT('Ctrl Pts',(6.22984662414354,1.85445707409132,0.));
#3731=CARTESIAN_POINT('Ctrl Pts',(5.54559942020005,1.01741193565759,0.));
#3732=CARTESIAN_POINT('Ctrl Pts',(5.54559942020005,1.01741193565759,5.));
#3733=CARTESIAN_POINT('Ctrl Pts',(5.54805408508242,1.01786907095309,0.));
#3734=CARTESIAN_POINT('Ctrl Pts',(5.54805408508242,1.01786907095309,5.));
#3735=CARTESIAN_POINT('Ctrl Pts',(5.55294992776407,1.01884173918604,0.));
#3736=CARTESIAN_POINT('Ctrl Pts',(5.55294992776407,1.01884173918604,5.));
#3737=CARTESIAN_POINT('Ctrl Pts',(5.56025323073798,1.02047593367316,0.));
#3738=CARTESIAN_POINT('Ctrl Pts',(5.56025323073798,1.02047593367316,5.));
#3739=CARTESIAN_POINT('Ctrl Pts',(5.56991411487249,1.02298893501341,0.));
#3740=CARTESIAN_POINT('Ctrl Pts',(5.56991411487249,1.02298893501341,5.));
#3741=CARTESIAN_POINT('Ctrl Pts',(5.58188574691602,1.0265920093086,0.));
#3742=CARTESIAN_POINT('Ctrl Pts',(5.58188574691602,1.0265920093086,5.));
#3743=CARTESIAN_POINT('Ctrl Pts',(5.59378303177112,1.0305352067731,0.));
#3744=CARTESIAN_POINT('Ctrl Pts',(5.59378303177112,1.0305352067731,5.));
#3745=CARTESIAN_POINT('Ctrl Pts',(5.60563576495326,1.03469720458533,0.));
#3746=CARTESIAN_POINT('Ctrl Pts',(5.60563576495326,1.03469720458533,5.));
#3747=CARTESIAN_POINT('Ctrl Pts',(5.6174663801428,1.0389849080137,0.));
#3748=CARTESIAN_POINT('Ctrl Pts',(5.6174663801428,1.0389849080137,5.));
#3749=CARTESIAN_POINT('Ctrl Pts',(5.62928342739771,1.04335930513689,0.));
#3750=CARTESIAN_POINT('Ctrl Pts',(5.62928342739771,1.04335930513689,5.));
#3751=CARTESIAN_POINT('Ctrl Pts',(5.64108579958947,1.04781921096411,0.));
#3752=CARTESIAN_POINT('Ctrl Pts',(5.64108579958947,1.04781921096411,5.));
#3753=CARTESIAN_POINT('Ctrl Pts',(5.65286653006167,1.05238669485785,0.));
#3754=CARTESIAN_POINT('Ctrl Pts',(5.65286653006167,1.05238669485785,5.));
#3755=CARTESIAN_POINT('Ctrl Pts',(5.66461667845023,1.05709215421021,0.));
#3756=CARTESIAN_POINT('Ctrl Pts',(5.66461667845023,1.05709215421021,5.));
#3757=CARTESIAN_POINT('Ctrl Pts',(5.67632932272437,1.0619589925987,0.));
#3758=CARTESIAN_POINT('Ctrl Pts',(5.67632932272437,1.0619589925987,5.));
#3759=CARTESIAN_POINT('Ctrl Pts',(5.6880030831731,1.06699007647151,0.));
#3760=CARTESIAN_POINT('Ctrl Pts',(5.6880030831731,1.06699007647151,5.));
#3761=CARTESIAN_POINT('Ctrl Pts',(5.69964022851143,1.0721748175686,0.));
#3762=CARTESIAN_POINT('Ctrl Pts',(5.69964022851143,1.0721748175686,5.));
#3763=CARTESIAN_POINT('Ctrl Pts',(5.71124517114716,1.07749477236206,0.));
#3764=CARTESIAN_POINT('Ctrl Pts',(5.71124517114716,1.07749477236206,5.));
#3765=CARTESIAN_POINT('Ctrl Pts',(5.72282285506128,1.08292965389821,0.));
#3766=CARTESIAN_POINT('Ctrl Pts',(5.72282285506128,1.08292965389821,5.));
#3767=CARTESIAN_POINT('Ctrl Pts',(5.73437710450943,1.08846348534017,0.));
#3768=CARTESIAN_POINT('Ctrl Pts',(5.73437710450943,1.08846348534017,5.));
#3769=CARTESIAN_POINT('Ctrl Pts',(5.74590924076557,1.09408975420322,0.));
#3770=CARTESIAN_POINT('Ctrl Pts',(5.74590924076557,1.09408975420322,5.));
#3771=CARTESIAN_POINT('Ctrl Pts',(5.75741894256626,1.09980818352342,0.));
#3772=CARTESIAN_POINT('Ctrl Pts',(5.75741894256626,1.09980818352342,5.));
#3773=CARTESIAN_POINT('Ctrl Pts',(5.76890489227278,1.10562230388206,0.));
#3774=CARTESIAN_POINT('Ctrl Pts',(5.76890489227278,1.10562230388206,5.));
#3775=CARTESIAN_POINT('Ctrl Pts',(5.78036548340088,1.11153679630349,0.));
#3776=CARTESIAN_POINT('Ctrl Pts',(5.78036548340088,1.11153679630349,5.));
#3777=CARTESIAN_POINT('Ctrl Pts',(5.79179954732443,1.117554763008,0.));
#3778=CARTESIAN_POINT('Ctrl Pts',(5.79179954732443,1.117554763008,5.));
#3779=CARTESIAN_POINT('Ctrl Pts',(5.80320693699794,1.12367553409366,0.));
#3780=CARTESIAN_POINT('Ctrl Pts',(5.80320693699794,1.12367553409366,5.));
#3781=CARTESIAN_POINT('Ctrl Pts',(5.81458815113645,1.12989606967943,0.));
#3782=CARTESIAN_POINT('Ctrl Pts',(5.81458815113645,1.12989606967943,5.));
#3783=CARTESIAN_POINT('Ctrl Pts',(5.82594406658934,1.1362119566512,0.));
#3784=CARTESIAN_POINT('Ctrl Pts',(5.82594406658934,1.1362119566512,5.));
#3785=CARTESIAN_POINT('Ctrl Pts',(5.83727563905459,1.14261852417561,0.));
#3786=CARTESIAN_POINT('Ctrl Pts',(5.83727563905459,1.14261852417561,5.));
#3787=CARTESIAN_POINT('Ctrl Pts',(5.84858359566359,1.14911198944323,0.));
#3788=CARTESIAN_POINT('Ctrl Pts',(5.84858359566359,1.14911198944323,5.));
#3789=CARTESIAN_POINT('Ctrl Pts',(5.85986819675512,1.15569034497195,0.));
#3790=CARTESIAN_POINT('Ctrl Pts',(5.85986819675512,1.15569034497195,5.));
#3791=CARTESIAN_POINT('Ctrl Pts',(5.87112940179879,1.1623527356873,0.));
#3792=CARTESIAN_POINT('Ctrl Pts',(5.87112940179879,1.1623527356873,5.));
#3793=CARTESIAN_POINT('Ctrl Pts',(5.88236698525272,1.16909902311952,0.));
#3794=CARTESIAN_POINT('Ctrl Pts',(5.88236698525272,1.16909902311952,5.));
#3795=CARTESIAN_POINT('Ctrl Pts',(5.89358066740665,1.17592929369792,0.));
#3796=CARTESIAN_POINT('Ctrl Pts',(5.89358066740665,1.17592929369792,5.));
#3797=CARTESIAN_POINT('Ctrl Pts',(5.90477024908382,1.18284335253412,0.));
#3798=CARTESIAN_POINT('Ctrl Pts',(5.90477024908382,1.18284335253412,5.));
#3799=CARTESIAN_POINT('Ctrl Pts',(5.91593571431468,1.18984033733829,0.));
#3800=CARTESIAN_POINT('Ctrl Pts',(5.91593571431468,1.18984033733829,5.));
#3801=CARTESIAN_POINT('Ctrl Pts',(5.92707715930837,1.19691898340344,0.));
#3802=CARTESIAN_POINT('Ctrl Pts',(5.92707715930837,1.19691898340344,5.));
#3803=CARTESIAN_POINT('Ctrl Pts',(5.93819474432264,1.20407780284033,0.));
#3804=CARTESIAN_POINT('Ctrl Pts',(5.93819474432264,1.20407780284033,5.));
#3805=CARTESIAN_POINT('Ctrl Pts',(5.94928863875461,1.21131528925387,0.));
#3806=CARTESIAN_POINT('Ctrl Pts',(5.94928863875461,1.21131528925387,5.));
#3807=CARTESIAN_POINT('Ctrl Pts',(5.96035896495888,1.21863012731249,0.));
#3808=CARTESIAN_POINT('Ctrl Pts',(5.96035896495888,1.21863012731249,5.));
#3809=CARTESIAN_POINT('Ctrl Pts',(5.97140575590094,1.22602135036306,0.));
#3810=CARTESIAN_POINT('Ctrl Pts',(5.97140575590094,1.22602135036306,5.));
#3811=CARTESIAN_POINT('Ctrl Pts',(5.9824289858198,1.23348822374374,0.));
#3812=CARTESIAN_POINT('Ctrl Pts',(5.9824289858198,1.23348822374374,5.));
#3813=CARTESIAN_POINT('Ctrl Pts',(5.99342859128481,1.24103016423611,0.));
#3814=CARTESIAN_POINT('Ctrl Pts',(5.99342859128481,1.24103016423611,5.));
#3815=CARTESIAN_POINT('Ctrl Pts',(6.00440449531646,1.24864664815869,0.));
#3816=CARTESIAN_POINT('Ctrl Pts',(6.00440449531646,1.24864664815869,5.));
#3817=CARTESIAN_POINT('Ctrl Pts',(6.01535663220971,1.25633711671303,0.));
#3818=CARTESIAN_POINT('Ctrl Pts',(6.01535663220971,1.25633711671303,5.));
#3819=CARTESIAN_POINT('Ctrl Pts',(6.0262849666478,1.26410090340727,0.));
#3820=CARTESIAN_POINT('Ctrl Pts',(6.0262849666478,1.26410090340727,5.));
#3821=CARTESIAN_POINT('Ctrl Pts',(6.03718948106548,1.27193728336313,0.));
#3822=CARTESIAN_POINT('Ctrl Pts',(6.03718948106548,1.27193728336313,5.));
#3823=CARTESIAN_POINT('Ctrl Pts',(6.04807016734567,1.27984550619121,0.));
#3824=CARTESIAN_POINT('Ctrl Pts',(6.04807016734567,1.27984550619121,5.));
#3825=CARTESIAN_POINT('Ctrl Pts',(6.0589270172823,1.28782483351033,0.));
#3826=CARTESIAN_POINT('Ctrl Pts',(6.0589270172823,1.28782483351033,5.));
#3827=CARTESIAN_POINT('Ctrl Pts',(6.06976001312446,1.29587457673388,0.));
#3828=CARTESIAN_POINT('Ctrl Pts',(6.06976001312446,1.29587457673388,5.));
#3829=CARTESIAN_POINT('Ctrl Pts',(6.08056912011908,1.30399412597917,0.));
#3830=CARTESIAN_POINT('Ctrl Pts',(6.08056912011908,1.30399412597917,5.));
#3831=CARTESIAN_POINT('Ctrl Pts',(6.09135429076866,1.31218292744161,0.));
#3832=CARTESIAN_POINT('Ctrl Pts',(6.09135429076866,1.31218292744161,5.));
#3833=CARTESIAN_POINT('Ctrl Pts',(6.10211546773038,1.32044046677444,0.));
#3834=CARTESIAN_POINT('Ctrl Pts',(6.10211546773038,1.32044046677444,5.));
#3835=CARTESIAN_POINT('Ctrl Pts',(6.11285258734186,1.32876625027417,0.));
#3836=CARTESIAN_POINT('Ctrl Pts',(6.11285258734186,1.32876625027417,5.));
#3837=CARTESIAN_POINT('Ctrl Pts',(6.12356558318895,1.33715978516289,0.));
#3838=CARTESIAN_POINT('Ctrl Pts',(6.12356558318895,1.33715978516289,5.));
#3839=CARTESIAN_POINT('Ctrl Pts',(6.13425438940872,1.34562056378324,0.));
#3840=CARTESIAN_POINT('Ctrl Pts',(6.13425438940872,1.34562056378324,5.));
#3841=CARTESIAN_POINT('Ctrl Pts',(6.14491894098749,1.35414807614665,0.));
#3842=CARTESIAN_POINT('Ctrl Pts',(6.14491894098749,1.35414807614665,5.));
#3843=CARTESIAN_POINT('Ctrl Pts',(6.15555917460835,1.36274181894173,0.));
#3844=CARTESIAN_POINT('Ctrl Pts',(6.15555917460835,1.36274181894173,5.));
#3845=CARTESIAN_POINT('Ctrl Pts',(6.16617502935804,1.3714013051301,0.));
#3846=CARTESIAN_POINT('Ctrl Pts',(6.16617502935804,1.3714013051301,5.));
#3847=CARTESIAN_POINT('Ctrl Pts',(6.17676644792151,1.38012607353164,0.));
#3848=CARTESIAN_POINT('Ctrl Pts',(6.17676644792151,1.38012607353164,5.));
#3849=CARTESIAN_POINT('Ctrl Pts',(6.18733337704413,1.38891569588327,0.));
#3850=CARTESIAN_POINT('Ctrl Pts',(6.18733337704413,1.38891569588327,5.));
#3851=CARTESIAN_POINT('Ctrl Pts',(6.19787576193353,1.39776976512777,0.));
#3852=CARTESIAN_POINT('Ctrl Pts',(6.19787576193353,1.39776976512777,5.));
#3853=CARTESIAN_POINT('Ctrl Pts',(6.20839354128648,1.40668788503938,0.));
#3854=CARTESIAN_POINT('Ctrl Pts',(6.20839354128648,1.40668788503938,5.));
#3855=CARTESIAN_POINT('Ctrl Pts',(6.2188866424404,1.41566965922574,0.));
#3856=CARTESIAN_POINT('Ctrl Pts',(6.2188866424404,1.41566965922574,5.));
#3857=CARTESIAN_POINT('Ctrl Pts',(6.22935497618784,1.42471467913841,0.));
#3858=CARTESIAN_POINT('Ctrl Pts',(6.22935497618784,1.42471467913841,5.));
#3859=CARTESIAN_POINT('Ctrl Pts',(6.23979843319319,1.43382251427347,0.));
#3860=CARTESIAN_POINT('Ctrl Pts',(6.23979843319319,1.43382251427347,5.));
#3861=CARTESIAN_POINT('Ctrl Pts',(6.25021689717083,1.4429927312137,0.));
#3862=CARTESIAN_POINT('Ctrl Pts',(6.25021689717083,1.4429927312137,5.));
#3863=CARTESIAN_POINT('Ctrl Pts',(6.2606102570435,1.45222491023723,0.));
#3864=CARTESIAN_POINT('Ctrl Pts',(6.2606102570435,1.45222491023723,5.));
#3865=CARTESIAN_POINT('Ctrl Pts',(6.27097841951022,1.46151866232026,0.));
#3866=CARTESIAN_POINT('Ctrl Pts',(6.27097841951022,1.46151866232026,5.));
#3867=CARTESIAN_POINT('Ctrl Pts',(6.28132132201856,1.47087364577056,0.));
#3868=CARTESIAN_POINT('Ctrl Pts',(6.28132132201856,1.47087364577056,5.));
#3869=CARTESIAN_POINT('Ctrl Pts',(6.29163894473887,1.48028958199368,0.));
#3870=CARTESIAN_POINT('Ctrl Pts',(6.29163894473887,1.48028958199368,5.));
#3871=CARTESIAN_POINT('Ctrl Pts',(6.3019312959976,1.48976625500797,0.));
#3872=CARTESIAN_POINT('Ctrl Pts',(6.3019312959976,1.48976625500797,5.));
#3873=CARTESIAN_POINT('Ctrl Pts',(6.31014497839516,1.49739606011655,0.));
#3874=CARTESIAN_POINT('Ctrl Pts',(6.31014497839516,1.49739606011655,5.));
#3875=CARTESIAN_POINT('Ctrl Pts',(6.31629388950439,1.50314563532395,0.));
#3876=CARTESIAN_POINT('Ctrl Pts',(6.31629388950439,1.50314563532395,5.));
#3877=CARTESIAN_POINT('Ctrl Pts',(6.32038812050359,1.50699077983341,0.));
#3878=CARTESIAN_POINT('Ctrl Pts',(6.32038812050359,1.50699077983341,5.));
#3879=CARTESIAN_POINT('Ctrl Pts',(6.32243397523469,1.50891637568093,0.));
#3880=CARTESIAN_POINT('Ctrl Pts',(6.32243397523469,1.50891637568093,5.));
#3881=CARTESIAN_POINT('Ctrl Pts',(6.,1.2456020223876,0.));
#3882=CARTESIAN_POINT('Ctrl Pts',(6.00088009263081,1.24621345459347,0.));
#3883=CARTESIAN_POINT('Ctrl Pts',(6.00395422652859,1.24835171442575,0.));
#3884=CARTESIAN_POINT('Ctrl Pts',(6.00921859840071,1.25202867287239,0.));
#3885=CARTESIAN_POINT('Ctrl Pts',(6.01666583206406,1.25726720797871,0.));
#3886=CARTESIAN_POINT('Ctrl Pts',(6.0262849666478,1.26410090340727,0.));
#3887=CARTESIAN_POINT('Ctrl Pts',(6.03718948106548,1.27193728336313,0.));
#3888=CARTESIAN_POINT('Ctrl Pts',(6.04807016734567,1.27984550619121,0.));
#3889=CARTESIAN_POINT('Ctrl Pts',(6.0589270172823,1.28782483351033,0.));
#3890=CARTESIAN_POINT('Ctrl Pts',(6.06976001312446,1.29587457673388,0.));
#3891=CARTESIAN_POINT('Ctrl Pts',(6.08056912011908,1.30399412597917,0.));
#3892=CARTESIAN_POINT('Ctrl Pts',(6.09135429076866,1.31218292744161,0.));
#3893=CARTESIAN_POINT('Ctrl Pts',(6.10211546773038,1.32044046677444,0.));
#3894=CARTESIAN_POINT('Ctrl Pts',(6.11285258734186,1.32876625027417,0.));
#3895=CARTESIAN_POINT('Ctrl Pts',(6.12356558318895,1.33715978516289,0.));
#3896=CARTESIAN_POINT('Ctrl Pts',(6.13425438940872,1.34562056378324,0.));
#3897=CARTESIAN_POINT('Ctrl Pts',(6.14491894098749,1.35414807614665,0.));
#3898=CARTESIAN_POINT('Ctrl Pts',(6.15555917460835,1.36274181894173,0.));
#3899=CARTESIAN_POINT('Ctrl Pts',(6.16617502935804,1.3714013051301,0.));
#3900=CARTESIAN_POINT('Ctrl Pts',(6.17676644792151,1.38012607353164,0.));
#3901=CARTESIAN_POINT('Ctrl Pts',(6.18733337704413,1.38891569588327,0.));
#3902=CARTESIAN_POINT('Ctrl Pts',(6.19787576193353,1.39776976512777,0.));
#3903=CARTESIAN_POINT('Ctrl Pts',(6.20839354128648,1.40668788503938,0.));
#3904=CARTESIAN_POINT('Ctrl Pts',(6.2188866424404,1.41566965922574,0.));
#3905=CARTESIAN_POINT('Ctrl Pts',(6.22935497618784,1.42471467913841,0.));
#3906=CARTESIAN_POINT('Ctrl Pts',(6.23979843319319,1.43382251427347,0.));
#3907=CARTESIAN_POINT('Ctrl Pts',(6.25021689717083,1.4429927312137,0.));
#3908=CARTESIAN_POINT('Ctrl Pts',(6.2606102570435,1.45222491023723,0.));
#3909=CARTESIAN_POINT('Ctrl Pts',(6.27097841951022,1.46151866232026,0.));
#3910=CARTESIAN_POINT('Ctrl Pts',(6.28132132201856,1.47087364577056,0.));
#3911=CARTESIAN_POINT('Ctrl Pts',(6.29163894473887,1.48028958199368,0.));
#3912=CARTESIAN_POINT('Ctrl Pts',(6.3019312959976,1.48976625500797,0.));
#3913=CARTESIAN_POINT('Ctrl Pts',(6.31014497839516,1.49739606011655,0.));
#3914=CARTESIAN_POINT('Ctrl Pts',(6.31629388950439,1.50314563532395,0.));
#3915=CARTESIAN_POINT('Ctrl Pts',(6.32038812050359,1.50699077983341,0.));
#3916=CARTESIAN_POINT('Ctrl Pts',(6.32243397523469,1.50891637568093,0.));
#3917=CARTESIAN_POINT('Ctrl Pts',(6.32243397523469,1.50891637568093,3.));
#3918=CARTESIAN_POINT('Ctrl Pts',(6.29351357301642,1.48169596478206,3.));
#3919=CARTESIAN_POINT('Ctrl Pts',(6.26428971513906,1.45519632107743,3.));
#3920=CARTESIAN_POINT('Ctrl Pts',(6.2347651310357,1.42944348103745,3.));
#3921=CARTESIAN_POINT('Ctrl Pts',(6.19383036109335,1.39373809806886,3.));
#3922=CARTESIAN_POINT('Ctrl Pts',(6.15232253585187,1.35947329492786,3.));
#3923=CARTESIAN_POINT('Ctrl Pts',(6.11025927283718,1.32676905386697,3.));
#3924=CARTESIAN_POINT('Ctrl Pts',(6.07763304096588,1.30140211665016,3.));
#3925=CARTESIAN_POINT('Ctrl Pts',(6.04467338439981,1.27697251823129,3.));
#3926=CARTESIAN_POINT('Ctrl Pts',(6.01138437897482,1.25355997544736,3.));
#3927=CARTESIAN_POINT('Ctrl Pts',(6.00759386086003,1.25089406018788,3.));
#3928=CARTESIAN_POINT('Ctrl Pts',(6.00379906549177,1.24824137069796,3.));
#3929=CARTESIAN_POINT('Ctrl Pts',(6.00000000168052,1.24560202355511,3.));
#3930=CARTESIAN_POINT('Origin',(0.,0.,0.));
#3931=CARTESIAN_POINT('',(-1.55,-1.8982025386784E-16,3.));
#3932=CARTESIAN_POINT('Origin',(0.,0.,3.));
#3933=CARTESIAN_POINT('',(-1.55,-1.8982025386784E-16,0.));
#3934=CARTESIAN_POINT('',(-1.55,-1.8982025386784E-16,0.));
#3935=CARTESIAN_POINT('Origin',(0.,0.,0.));
#3936=CARTESIAN_POINT('Ctrl Pts',(-5.61996328788771,0.452562281830855,0.));
#3937=CARTESIAN_POINT('Ctrl Pts',(-5.61996328788771,0.452562281830855,5.));
#3938=CARTESIAN_POINT('Ctrl Pts',(-5.62245262741315,0.45275603706372,0.));
#3939=CARTESIAN_POINT('Ctrl Pts',(-5.62245262741315,0.45275603706372,5.));
#3940=CARTESIAN_POINT('Ctrl Pts',(-5.62743339336405,0.453083649024943,0.));
#3941=CARTESIAN_POINT('Ctrl Pts',(-5.62743339336405,0.453083649024943,5.));
#3942=CARTESIAN_POINT('Ctrl Pts',(-5.63491080298044,0.453395372266457,0.));
#3943=CARTESIAN_POINT('Ctrl Pts',(-5.63491080298044,0.453395372266457,5.));
#3944=CARTESIAN_POINT('Ctrl Pts',(-5.64489291307798,0.453468420176945,0.));
#3945=CARTESIAN_POINT('Ctrl Pts',(-5.64489291307798,0.453468420176945,5.));
#3946=CARTESIAN_POINT('Ctrl Pts',(-5.65738916590016,0.453086604035011,0.));
#3947=CARTESIAN_POINT('Ctrl Pts',(-5.65738916590016,0.453086604035011,5.));
#3948=CARTESIAN_POINT('Ctrl Pts',(-5.66990163520683,0.452357011671403,0.));
#3949=CARTESIAN_POINT('Ctrl Pts',(-5.66990163520683,0.452357011671403,5.));
#3950=CARTESIAN_POINT('Ctrl Pts',(-5.68242770059906,0.451404543579668,0.));
#3951=CARTESIAN_POINT('Ctrl Pts',(-5.68242770059906,0.451404543579668,5.));
#3952=CARTESIAN_POINT('Ctrl Pts',(-5.69496493665854,0.450324928629073,0.));
#3953=CARTESIAN_POINT('Ctrl Pts',(-5.69496493665854,0.450324928629073,5.));
#3954=CARTESIAN_POINT('Ctrl Pts',(-5.70751150507885,0.449158062359782,0.));
#3955=CARTESIAN_POINT('Ctrl Pts',(-5.70751150507885,0.449158062359782,5.));
#3956=CARTESIAN_POINT('Ctrl Pts',(-5.72006602975779,0.447904802839065,0.));
#3957=CARTESIAN_POINT('Ctrl Pts',(-5.72006602975779,0.447904802839065,5.));
#3958=CARTESIAN_POINT('Ctrl Pts',(-5.73262749339334,0.446542029596371,0.));
#3959=CARTESIAN_POINT('Ctrl Pts',(-5.73262749339334,0.446542029596371,5.));
#3960=CARTESIAN_POINT('Ctrl Pts',(-5.74519512768093,0.445038067069114,0.));
#3961=CARTESIAN_POINT('Ctrl Pts',(-5.74519512768093,0.445038067069114,5.));
#3962=CARTESIAN_POINT('Ctrl Pts',(-5.75776830374384,0.443368517583951,0.));
#3963=CARTESIAN_POINT('Ctrl Pts',(-5.75776830374384,0.443368517583951,5.));
#3964=CARTESIAN_POINT('Ctrl Pts',(-5.77034643077497,0.441530255269072,0.));
#3965=CARTESIAN_POINT('Ctrl Pts',(-5.77034643077497,0.441530255269072,5.));
#3966=CARTESIAN_POINT('Ctrl Pts',(-5.78292895974139,0.439534094784963,0.));
#3967=CARTESIAN_POINT('Ctrl Pts',(-5.78292895974139,0.439534094784963,5.));
#3968=CARTESIAN_POINT('Ctrl Pts',(-5.79551537916548,0.437398993226715,0.));
#3969=CARTESIAN_POINT('Ctrl Pts',(-5.79551537916548,0.437398993226715,5.));
#3970=CARTESIAN_POINT('Ctrl Pts',(-5.80810521391617,0.435145825883282,0.));
#3971=CARTESIAN_POINT('Ctrl Pts',(-5.80810521391617,0.435145825883282,5.));
#3972=CARTESIAN_POINT('Ctrl Pts',(-5.8206980228311,0.432791014984205,0.));
#3973=CARTESIAN_POINT('Ctrl Pts',(-5.8206980228311,0.432791014984205,5.));
#3974=CARTESIAN_POINT('Ctrl Pts',(-5.83329339660781,0.430341193077551,0.));
#3975=CARTESIAN_POINT('Ctrl Pts',(-5.83329339660781,0.430341193077551,5.));
#3976=CARTESIAN_POINT('Ctrl Pts',(-5.84589095324612,0.42779654454083,0.));
#3977=CARTESIAN_POINT('Ctrl Pts',(-5.84589095324612,0.42779654454083,5.));
#3978=CARTESIAN_POINT('Ctrl Pts',(-5.85849033378644,0.425153318064405,0.));
#3979=CARTESIAN_POINT('Ctrl Pts',(-5.85849033378644,0.425153318064405,5.));
#3980=CARTESIAN_POINT('Ctrl Pts',(-5.87109119802239,0.422406576337228,0.));
#3981=CARTESIAN_POINT('Ctrl Pts',(-5.87109119802239,0.422406576337228,5.));
#3982=CARTESIAN_POINT('Ctrl Pts',(-5.88369322006151,0.419553020381938,0.));
#3983=CARTESIAN_POINT('Ctrl Pts',(-5.88369322006151,0.419553020381938,5.));
#3984=CARTESIAN_POINT('Ctrl Pts',(-5.89629608448538,0.416593259215903,0.));
#3985=CARTESIAN_POINT('Ctrl Pts',(-5.89629608448538,0.416593259215903,5.));
#3986=CARTESIAN_POINT('Ctrl Pts',(-5.90889948623663,0.413530358215691,0.));
#3987=CARTESIAN_POINT('Ctrl Pts',(-5.90889948623663,0.413530358215691,5.));
#3988=CARTESIAN_POINT('Ctrl Pts',(-5.92150313008874,0.410368807067522,0.));
#3989=CARTESIAN_POINT('Ctrl Pts',(-5.92150313008874,0.410368807067522,5.));
#3990=CARTESIAN_POINT('Ctrl Pts',(-5.93410673027444,0.407113364802791,0.));
#3991=CARTESIAN_POINT('Ctrl Pts',(-5.93410673027444,0.407113364802791,5.));
#3992=CARTESIAN_POINT('Ctrl Pts',(-5.9467100100856,0.403767873530295,0.));
#3993=CARTESIAN_POINT('Ctrl Pts',(-5.9467100100856,0.403767873530295,5.));
#3994=CARTESIAN_POINT('Ctrl Pts',(-5.95931270141556,0.40033433970946,0.));
#3995=CARTESIAN_POINT('Ctrl Pts',(-5.95931270141556,0.40033433970946,5.));
#3996=CARTESIAN_POINT('Ctrl Pts',(-5.97191454380542,0.396813578788786,0.));
#3997=CARTESIAN_POINT('Ctrl Pts',(-5.97191454380542,0.396813578788786,5.));
#3998=CARTESIAN_POINT('Ctrl Pts',(-5.98451528355985,0.393205666145237,0.));
#3999=CARTESIAN_POINT('Ctrl Pts',(-5.98451528355985,0.393205666145237,5.));
#4000=CARTESIAN_POINT('Ctrl Pts',(-5.99711467286903,0.389510445900184,0.));
#4001=CARTESIAN_POINT('Ctrl Pts',(-5.99711467286903,0.389510445900184,5.));
#4002=CARTESIAN_POINT('Ctrl Pts',(-6.00971246890214,0.385728054750595,0.));
#4003=CARTESIAN_POINT('Ctrl Pts',(-6.00971246890214,0.385728054750595,5.));
#4004=CARTESIAN_POINT('Ctrl Pts',(-6.02230843305678,0.381859321471272,0.));
#4005=CARTESIAN_POINT('Ctrl Pts',(-6.02230843305678,0.381859321471272,5.));
#4006=CARTESIAN_POINT('Ctrl Pts',(-6.03490233093356,0.377905492576112,0.));
#4007=CARTESIAN_POINT('Ctrl Pts',(-6.03490233093356,0.377905492576112,5.));
#4008=CARTESIAN_POINT('Ctrl Pts',(-6.04749393223552,0.373868046733524,0.));
#4009=CARTESIAN_POINT('Ctrl Pts',(-6.04749393223552,0.373868046733524,5.));
#4010=CARTESIAN_POINT('Ctrl Pts',(-6.06008301070399,0.369748482852618,0.));
#4011=CARTESIAN_POINT('Ctrl Pts',(-6.06008301070399,0.369748482852618,5.));
#4012=CARTESIAN_POINT('Ctrl Pts',(-6.07266934409155,0.365548103113841,0.));
#4013=CARTESIAN_POINT('Ctrl Pts',(-6.07266934409155,0.365548103113841,5.));
#4014=CARTESIAN_POINT('Ctrl Pts',(-6.08525271405218,0.361267849764496,0.));
#4015=CARTESIAN_POINT('Ctrl Pts',(-6.08525271405218,0.361267849764496,5.));
#4016=CARTESIAN_POINT('Ctrl Pts',(-6.09783290555823,0.356908425766022,0.));
#4017=CARTESIAN_POINT('Ctrl Pts',(-6.09783290555823,0.356908425766022,5.));
#4018=CARTESIAN_POINT('Ctrl Pts',(-6.11040970639233,0.352470378047057,0.));
#4019=CARTESIAN_POINT('Ctrl Pts',(-6.11040970639233,0.352470378047057,5.));
#4020=CARTESIAN_POINT('Ctrl Pts',(-6.12298290665924,0.347954192521334,0.));
#4021=CARTESIAN_POINT('Ctrl Pts',(-6.12298290665924,0.347954192521334,5.));
#4022=CARTESIAN_POINT('Ctrl Pts',(-6.13555229826511,0.343360391940974,0.));
#4023=CARTESIAN_POINT('Ctrl Pts',(-6.13555229826511,0.343360391940974,5.));
#4024=CARTESIAN_POINT('Ctrl Pts',(-6.14811767459578,0.338689610947034,0.));
#4025=CARTESIAN_POINT('Ctrl Pts',(-6.14811767459578,0.338689610947034,5.));
#4026=CARTESIAN_POINT('Ctrl Pts',(-6.16067883107219,0.333942545171943,0.));
#4027=CARTESIAN_POINT('Ctrl Pts',(-6.16067883107219,0.333942545171943,5.));
#4028=CARTESIAN_POINT('Ctrl Pts',(-6.17323556563879,0.329119917335351,0.));
#4029=CARTESIAN_POINT('Ctrl Pts',(-6.17323556563879,0.329119917335351,5.));
#4030=CARTESIAN_POINT('Ctrl Pts',(-6.18578767926202,0.324222438534819,0.));
#4031=CARTESIAN_POINT('Ctrl Pts',(-6.18578767926202,0.324222438534819,5.));
#4032=CARTESIAN_POINT('Ctrl Pts',(-6.19833497657649,0.319250769299669,0.));
#4033=CARTESIAN_POINT('Ctrl Pts',(-6.19833497657649,0.319250769299669,5.));
#4034=CARTESIAN_POINT('Ctrl Pts',(-6.21087726616404,0.31420548973657,0.));
#4035=CARTESIAN_POINT('Ctrl Pts',(-6.21087726616404,0.31420548973657,5.));
#4036=CARTESIAN_POINT('Ctrl Pts',(-6.22341435881045,0.309087122486444,0.));
#4037=CARTESIAN_POINT('Ctrl Pts',(-6.22341435881045,0.309087122486444,5.));
#4038=CARTESIAN_POINT('Ctrl Pts',(-6.23594606600406,0.303896149528675,0.));
#4039=CARTESIAN_POINT('Ctrl Pts',(-6.23594606600406,0.303896149528675,5.));
#4040=CARTESIAN_POINT('Ctrl Pts',(-6.24847219847188,0.298633031267192,0.));
#4041=CARTESIAN_POINT('Ctrl Pts',(-6.24847219847188,0.298633031267192,5.));
#4042=CARTESIAN_POINT('Ctrl Pts',(-6.26099256452244,0.293298226499644,0.));
#4043=CARTESIAN_POINT('Ctrl Pts',(-6.26099256452244,0.293298226499644,5.));
#4044=CARTESIAN_POINT('Ctrl Pts',(-6.27350696914566,0.287892208538823,0.));
#4045=CARTESIAN_POINT('Ctrl Pts',(-6.27350696914566,0.287892208538823,5.));
#4046=CARTESIAN_POINT('Ctrl Pts',(-6.28601521754838,0.28241545316907,0.));
#4047=CARTESIAN_POINT('Ctrl Pts',(-6.28601521754838,0.28241545316907,5.));
#4048=CARTESIAN_POINT('Ctrl Pts',(-6.29851711830459,0.27686843016424,0.));
#4049=CARTESIAN_POINT('Ctrl Pts',(-6.29851711830459,0.27686843016424,5.));
#4050=CARTESIAN_POINT('Ctrl Pts',(-6.31101248652181,0.271251594201758,0.));
#4051=CARTESIAN_POINT('Ctrl Pts',(-6.31101248652181,0.271251594201758,5.));
#4052=CARTESIAN_POINT('Ctrl Pts',(-6.32350114747573,0.265565375913199,0.));
#4053=CARTESIAN_POINT('Ctrl Pts',(-6.32350114747573,0.265565375913199,5.));
#4054=CARTESIAN_POINT('Ctrl Pts',(-6.33598293888369,0.259810175185616,0.));
#4055=CARTESIAN_POINT('Ctrl Pts',(-6.33598293888369,0.259810175185616,5.));
#4056=CARTESIAN_POINT('Ctrl Pts',(-6.34845770246617,0.253986371024778,0.));
#4057=CARTESIAN_POINT('Ctrl Pts',(-6.34845770246617,0.253986371024778,5.));
#4058=CARTESIAN_POINT('Ctrl Pts',(-6.36092527645804,0.248094330288936,0.));
#4059=CARTESIAN_POINT('Ctrl Pts',(-6.36092527645804,0.248094330288936,5.));
#4060=CARTESIAN_POINT('Ctrl Pts',(-6.37338548807871,0.242134417057256,0.));
#4061=CARTESIAN_POINT('Ctrl Pts',(-6.37338548807871,0.242134417057256,5.));
#4062=CARTESIAN_POINT('Ctrl Pts',(-6.38583814542031,0.236107002868637,0.));
#4063=CARTESIAN_POINT('Ctrl Pts',(-6.38583814542031,0.236107002868637,5.));
#4064=CARTESIAN_POINT('Ctrl Pts',(-6.39828303145012,0.230012475259792,0.));
#4065=CARTESIAN_POINT('Ctrl Pts',(-6.39828303145012,0.230012475259792,5.));
#4066=CARTESIAN_POINT('Ctrl Pts',(-6.41071992166824,0.223851222782679,0.));
#4067=CARTESIAN_POINT('Ctrl Pts',(-6.41071992166824,0.223851222782679,5.));
#4068=CARTESIAN_POINT('Ctrl Pts',(-6.42314860015025,0.217623622108586,0.));
#4069=CARTESIAN_POINT('Ctrl Pts',(-6.42314860015025,0.217623622108586,5.));
#4070=CARTESIAN_POINT('Ctrl Pts',(-6.43556887608757,0.211330024857561,0.));
#4071=CARTESIAN_POINT('Ctrl Pts',(-6.43556887608757,0.211330024857561,5.));
#4072=CARTESIAN_POINT('Ctrl Pts',(-6.44798060062272,0.204970744889206,0.));
#4073=CARTESIAN_POINT('Ctrl Pts',(-6.44798060062272,0.204970744889206,5.));
#4074=CARTESIAN_POINT('Ctrl Pts',(-6.46038368249619,0.198546046172804,0.));
#4075=CARTESIAN_POINT('Ctrl Pts',(-6.46038368249619,0.198546046172804,5.));
#4076=CARTESIAN_POINT('Ctrl Pts',(-6.47277807385054,0.192056139485648,0.));
#4077=CARTESIAN_POINT('Ctrl Pts',(-6.47277807385054,0.192056139485648,5.));
#4078=CARTESIAN_POINT('Ctrl Pts',(-6.4826866206798,0.18681217111663,0.));
#4079=CARTESIAN_POINT('Ctrl Pts',(-6.4826866206798,0.18681217111663,5.));
#4080=CARTESIAN_POINT('Ctrl Pts',(-6.49011411228869,0.182849963235319,0.));
#4081=CARTESIAN_POINT('Ctrl Pts',(-6.49011411228869,0.182849963235319,5.));
#4082=CARTESIAN_POINT('Ctrl Pts',(-6.49506403237982,0.180195503805465,0.));
#4083=CARTESIAN_POINT('Ctrl Pts',(-6.49506403237982,0.180195503805465,5.));
#4084=CARTESIAN_POINT('Ctrl Pts',(-6.49753855717994,0.178865027213273,0.));
#4085=CARTESIAN_POINT('Ctrl Pts',(-6.49753855717994,0.178865027213273,5.));
#4086=CARTESIAN_POINT('',(-6.49753855717994,0.178865027213273,0.));
#4087=CARTESIAN_POINT('Ctrl Pts',(-6.,0.388629992839941,0.));
#4088=CARTESIAN_POINT('Ctrl Pts',(-6.00194250376894,0.388050443980271,0.));
#4089=CARTESIAN_POINT('Ctrl Pts',(-6.00640453536825,0.386713222624688,0.));
#4090=CARTESIAN_POINT('Ctrl Pts',(-6.01338572439023,0.384599623582207,0.));
#4091=CARTESIAN_POINT('Ctrl Pts',(-6.0228853724373,0.381678192513759,0.));
#4092=CARTESIAN_POINT('Ctrl Pts',(-6.03490233093356,0.377905492576112,0.));
#4093=CARTESIAN_POINT('Ctrl Pts',(-6.04749393223552,0.373868046733524,0.));
#4094=CARTESIAN_POINT('Ctrl Pts',(-6.06008301070399,0.369748482852618,0.));
#4095=CARTESIAN_POINT('Ctrl Pts',(-6.07266934409155,0.365548103113841,0.));
#4096=CARTESIAN_POINT('Ctrl Pts',(-6.08525271405218,0.361267849764496,0.));
#4097=CARTESIAN_POINT('Ctrl Pts',(-6.09783290555823,0.356908425766022,0.));
#4098=CARTESIAN_POINT('Ctrl Pts',(-6.11040970639233,0.352470378047057,0.));
#4099=CARTESIAN_POINT('Ctrl Pts',(-6.12298290665924,0.347954192521334,0.));
#4100=CARTESIAN_POINT('Ctrl Pts',(-6.13555229826511,0.343360391940974,0.));
#4101=CARTESIAN_POINT('Ctrl Pts',(-6.14811767459578,0.338689610947034,0.));
#4102=CARTESIAN_POINT('Ctrl Pts',(-6.16067883107219,0.333942545171943,0.));
#4103=CARTESIAN_POINT('Ctrl Pts',(-6.17323556563879,0.329119917335351,0.));
#4104=CARTESIAN_POINT('Ctrl Pts',(-6.18578767926202,0.324222438534819,0.));
#4105=CARTESIAN_POINT('Ctrl Pts',(-6.19833497657649,0.319250769299669,0.));
#4106=CARTESIAN_POINT('Ctrl Pts',(-6.21087726616404,0.31420548973657,0.));
#4107=CARTESIAN_POINT('Ctrl Pts',(-6.22341435881045,0.309087122486444,0.));
#4108=CARTESIAN_POINT('Ctrl Pts',(-6.23594606600406,0.303896149528675,0.));
#4109=CARTESIAN_POINT('Ctrl Pts',(-6.24847219847188,0.298633031267192,0.));
#4110=CARTESIAN_POINT('Ctrl Pts',(-6.26099256452244,0.293298226499644,0.));
#4111=CARTESIAN_POINT('Ctrl Pts',(-6.27350696914566,0.287892208538823,0.));
#4112=CARTESIAN_POINT('Ctrl Pts',(-6.28601521754838,0.28241545316907,0.));
#4113=CARTESIAN_POINT('Ctrl Pts',(-6.29851711830459,0.27686843016424,0.));
#4114=CARTESIAN_POINT('Ctrl Pts',(-6.31101248652181,0.271251594201758,0.));
#4115=CARTESIAN_POINT('Ctrl Pts',(-6.32350114747573,0.265565375913199,0.));
#4116=CARTESIAN_POINT('Ctrl Pts',(-6.33598293888369,0.259810175185616,0.));
#4117=CARTESIAN_POINT('Ctrl Pts',(-6.34845770246617,0.253986371024778,0.));
#4118=CARTESIAN_POINT('Ctrl Pts',(-6.36092527645804,0.248094330288936,0.));
#4119=CARTESIAN_POINT('Ctrl Pts',(-6.37338548807871,0.242134417057256,0.));
#4120=CARTESIAN_POINT('Ctrl Pts',(-6.38583814542031,0.236107002868637,0.));
#4121=CARTESIAN_POINT('Ctrl Pts',(-6.39828303145012,0.230012475259792,0.));
#4122=CARTESIAN_POINT('Ctrl Pts',(-6.41071992166824,0.223851222782679,0.));
#4123=CARTESIAN_POINT('Ctrl Pts',(-6.42314860015025,0.217623622108586,0.));
#4124=CARTESIAN_POINT('Ctrl Pts',(-6.43556887608757,0.211330024857561,0.));
#4125=CARTESIAN_POINT('Ctrl Pts',(-6.44798060062272,0.204970744889206,0.));
#4126=CARTESIAN_POINT('Ctrl Pts',(-6.46038368249619,0.198546046172804,0.));
#4127=CARTESIAN_POINT('Ctrl Pts',(-6.47277807385054,0.192056139485648,0.));
#4128=CARTESIAN_POINT('Ctrl Pts',(-6.4826866206798,0.18681217111663,0.));
#4129=CARTESIAN_POINT('Ctrl Pts',(-6.49011411228869,0.182849963235319,0.));
#4130=CARTESIAN_POINT('Ctrl Pts',(-6.49506403237982,0.180195503805465,0.));
#4131=CARTESIAN_POINT('Ctrl Pts',(-6.49753855717994,0.178865027213273,0.));
#4132=CARTESIAN_POINT('',(-6.49753855717994,0.178865027213273,3.));
#4133=CARTESIAN_POINT('',(-6.49753855717994,0.178865027213273,0.));
#4134=CARTESIAN_POINT('Ctrl Pts',(-6.49753855717994,0.178865027213273,3.));
#4135=CARTESIAN_POINT('Ctrl Pts',(-6.46179204832539,0.19808483591401,3.));
#4136=CARTESIAN_POINT('Ctrl Pts',(-6.42593413135966,0.216495717116207,3.));
#4137=CARTESIAN_POINT('Ctrl Pts',(-6.3899751750928,0.234071160551599,3.));
#4138=CARTESIAN_POINT('Ctrl Pts',(-6.33928563965479,0.258846380840131,3.));
#4139=CARTESIAN_POINT('Ctrl Pts',(-6.28840185305401,0.281958018703194,3.));
#4140=CARTESIAN_POINT('Ctrl Pts',(-6.23737791434211,0.303279683289049,3.));
#4141=CARTESIAN_POINT('Ctrl Pts',(-6.19794448515831,0.319757955483486,3.));
#4142=CARTESIAN_POINT('Ctrl Pts',(-6.15842764975931,0.335169197611495,3.));
#4143=CARTESIAN_POINT('Ctrl Pts',(-6.1188549325209,0.349425873111014,3.));
#4144=CARTESIAN_POINT('Ctrl Pts',(-6.09150059791806,0.359280689741079,3.));
#4145=CARTESIAN_POINT('Ctrl Pts',(-6.06411963476189,0.36858675285137,3.));
#4146=CARTESIAN_POINT('Ctrl Pts',(-6.03672204974412,0.377306152233469,3.));
#4147=CARTESIAN_POINT('Ctrl Pts',(-6.02448434841094,0.381200853367665,3.));
#4148=CARTESIAN_POINT('Ctrl Pts',(-6.01224334368643,0.384977173219171,3.));
#4149=CARTESIAN_POINT('Ctrl Pts',(-6.00000000065633,0.388629992644124,3.));
#4150=CARTESIAN_POINT('Ctrl Pts',(6.49753855717994,0.178865027213273,0.));
#4151=CARTESIAN_POINT('Ctrl Pts',(6.49753855717994,0.178865027213273,5.));
#4152=CARTESIAN_POINT('Ctrl Pts',(6.49506403237982,0.180195503805464,0.));
#4153=CARTESIAN_POINT('Ctrl Pts',(6.49506403237982,0.180195503805464,5.));
#4154=CARTESIAN_POINT('Ctrl Pts',(6.49011411228869,0.182849963235318,0.));
#4155=CARTESIAN_POINT('Ctrl Pts',(6.49011411228869,0.182849963235318,5.));
#4156=CARTESIAN_POINT('Ctrl Pts',(6.4826866206798,0.18681217111663,0.));
#4157=CARTESIAN_POINT('Ctrl Pts',(6.4826866206798,0.18681217111663,5.));
#4158=CARTESIAN_POINT('Ctrl Pts',(6.47277807385054,0.192056139485647,0.));
#4159=CARTESIAN_POINT('Ctrl Pts',(6.47277807385054,0.192056139485647,5.));
#4160=CARTESIAN_POINT('Ctrl Pts',(6.46038368249618,0.198546046172803,0.));
#4161=CARTESIAN_POINT('Ctrl Pts',(6.46038368249618,0.198546046172803,5.));
#4162=CARTESIAN_POINT('Ctrl Pts',(6.44798060062272,0.204970744889205,0.));
#4163=CARTESIAN_POINT('Ctrl Pts',(6.44798060062272,0.204970744889205,5.));
#4164=CARTESIAN_POINT('Ctrl Pts',(6.43556887608757,0.21133002485756,0.));
#4165=CARTESIAN_POINT('Ctrl Pts',(6.43556887608757,0.21133002485756,5.));
#4166=CARTESIAN_POINT('Ctrl Pts',(6.42314860015025,0.217623622108585,0.));
#4167=CARTESIAN_POINT('Ctrl Pts',(6.42314860015025,0.217623622108585,5.));
#4168=CARTESIAN_POINT('Ctrl Pts',(6.41071992166824,0.223851222782678,0.));
#4169=CARTESIAN_POINT('Ctrl Pts',(6.41071992166824,0.223851222782678,5.));
#4170=CARTESIAN_POINT('Ctrl Pts',(6.39828303145012,0.230012475259792,0.));
#4171=CARTESIAN_POINT('Ctrl Pts',(6.39828303145012,0.230012475259792,5.));
#4172=CARTESIAN_POINT('Ctrl Pts',(6.38583814542031,0.236107002868636,0.));
#4173=CARTESIAN_POINT('Ctrl Pts',(6.38583814542031,0.236107002868636,5.));
#4174=CARTESIAN_POINT('Ctrl Pts',(6.37338548807871,0.242134417057255,0.));
#4175=CARTESIAN_POINT('Ctrl Pts',(6.37338548807871,0.242134417057255,5.));
#4176=CARTESIAN_POINT('Ctrl Pts',(6.36092527645804,0.248094330288936,0.));
#4177=CARTESIAN_POINT('Ctrl Pts',(6.36092527645804,0.248094330288936,5.));
#4178=CARTESIAN_POINT('Ctrl Pts',(6.34845770246617,0.253986371024777,0.));
#4179=CARTESIAN_POINT('Ctrl Pts',(6.34845770246617,0.253986371024777,5.));
#4180=CARTESIAN_POINT('Ctrl Pts',(6.33598293888369,0.259810175185616,0.));
#4181=CARTESIAN_POINT('Ctrl Pts',(6.33598293888369,0.259810175185616,5.));
#4182=CARTESIAN_POINT('Ctrl Pts',(6.32350114747572,0.265565375913198,0.));
#4183=CARTESIAN_POINT('Ctrl Pts',(6.32350114747572,0.265565375913198,5.));
#4184=CARTESIAN_POINT('Ctrl Pts',(6.31101248652181,0.271251594201757,0.));
#4185=CARTESIAN_POINT('Ctrl Pts',(6.31101248652181,0.271251594201757,5.));
#4186=CARTESIAN_POINT('Ctrl Pts',(6.29851711830459,0.276868430164239,0.));
#4187=CARTESIAN_POINT('Ctrl Pts',(6.29851711830459,0.276868430164239,5.));
#4188=CARTESIAN_POINT('Ctrl Pts',(6.28601521754838,0.28241545316907,0.));
#4189=CARTESIAN_POINT('Ctrl Pts',(6.28601521754838,0.28241545316907,5.));
#4190=CARTESIAN_POINT('Ctrl Pts',(6.27350696914566,0.287892208538823,0.));
#4191=CARTESIAN_POINT('Ctrl Pts',(6.27350696914566,0.287892208538823,5.));
#4192=CARTESIAN_POINT('Ctrl Pts',(6.26099256452244,0.293298226499644,0.));
#4193=CARTESIAN_POINT('Ctrl Pts',(6.26099256452244,0.293298226499644,5.));
#4194=CARTESIAN_POINT('Ctrl Pts',(6.24847219847187,0.298633031267192,0.));
#4195=CARTESIAN_POINT('Ctrl Pts',(6.24847219847187,0.298633031267192,5.));
#4196=CARTESIAN_POINT('Ctrl Pts',(6.23594606600406,0.303896149528675,0.));
#4197=CARTESIAN_POINT('Ctrl Pts',(6.23594606600406,0.303896149528675,5.));
#4198=CARTESIAN_POINT('Ctrl Pts',(6.22341435881045,0.309087122486443,0.));
#4199=CARTESIAN_POINT('Ctrl Pts',(6.22341435881045,0.309087122486443,5.));
#4200=CARTESIAN_POINT('Ctrl Pts',(6.21087726616404,0.31420548973657,0.));
#4201=CARTESIAN_POINT('Ctrl Pts',(6.21087726616404,0.31420548973657,5.));
#4202=CARTESIAN_POINT('Ctrl Pts',(6.19833497657649,0.319250769299668,0.));
#4203=CARTESIAN_POINT('Ctrl Pts',(6.19833497657649,0.319250769299668,5.));
#4204=CARTESIAN_POINT('Ctrl Pts',(6.18578767926202,0.324222438534818,0.));
#4205=CARTESIAN_POINT('Ctrl Pts',(6.18578767926202,0.324222438534818,5.));
#4206=CARTESIAN_POINT('Ctrl Pts',(6.17323556563879,0.32911991733535,0.));
#4207=CARTESIAN_POINT('Ctrl Pts',(6.17323556563879,0.32911991733535,5.));
#4208=CARTESIAN_POINT('Ctrl Pts',(6.16067883107219,0.333942545171942,0.));
#4209=CARTESIAN_POINT('Ctrl Pts',(6.16067883107219,0.333942545171942,5.));
#4210=CARTESIAN_POINT('Ctrl Pts',(6.14811767459577,0.338689610947033,0.));
#4211=CARTESIAN_POINT('Ctrl Pts',(6.14811767459577,0.338689610947033,5.));
#4212=CARTESIAN_POINT('Ctrl Pts',(6.13555229826511,0.343360391940973,0.));
#4213=CARTESIAN_POINT('Ctrl Pts',(6.13555229826511,0.343360391940973,5.));
#4214=CARTESIAN_POINT('Ctrl Pts',(6.12298290665924,0.347954192521334,0.));
#4215=CARTESIAN_POINT('Ctrl Pts',(6.12298290665924,0.347954192521334,5.));
#4216=CARTESIAN_POINT('Ctrl Pts',(6.11040970639233,0.352470378047056,0.));
#4217=CARTESIAN_POINT('Ctrl Pts',(6.11040970639233,0.352470378047056,5.));
#4218=CARTESIAN_POINT('Ctrl Pts',(6.09783290555823,0.356908425766021,0.));
#4219=CARTESIAN_POINT('Ctrl Pts',(6.09783290555823,0.356908425766021,5.));
#4220=CARTESIAN_POINT('Ctrl Pts',(6.08525271405218,0.361267849764496,0.));
#4221=CARTESIAN_POINT('Ctrl Pts',(6.08525271405218,0.361267849764496,5.));
#4222=CARTESIAN_POINT('Ctrl Pts',(6.07266934409154,0.36554810311384,0.));
#4223=CARTESIAN_POINT('Ctrl Pts',(6.07266934409154,0.36554810311384,5.));
#4224=CARTESIAN_POINT('Ctrl Pts',(6.06008301070399,0.369748482852617,0.));
#4225=CARTESIAN_POINT('Ctrl Pts',(6.06008301070399,0.369748482852617,5.));
#4226=CARTESIAN_POINT('Ctrl Pts',(6.04749393223552,0.373868046733523,0.));
#4227=CARTESIAN_POINT('Ctrl Pts',(6.04749393223552,0.373868046733523,5.));
#4228=CARTESIAN_POINT('Ctrl Pts',(6.03490233093356,0.377905492576111,0.));
#4229=CARTESIAN_POINT('Ctrl Pts',(6.03490233093356,0.377905492576111,5.));
#4230=CARTESIAN_POINT('Ctrl Pts',(6.02230843305678,0.381859321471271,0.));
#4231=CARTESIAN_POINT('Ctrl Pts',(6.02230843305678,0.381859321471271,5.));
#4232=CARTESIAN_POINT('Ctrl Pts',(6.00971246890214,0.385728054750595,0.));
#4233=CARTESIAN_POINT('Ctrl Pts',(6.00971246890214,0.385728054750595,5.));
#4234=CARTESIAN_POINT('Ctrl Pts',(5.99711467286903,0.389510445900184,0.));
#4235=CARTESIAN_POINT('Ctrl Pts',(5.99711467286903,0.389510445900184,5.));
#4236=CARTESIAN_POINT('Ctrl Pts',(5.98451528355985,0.393205666145237,0.));
#4237=CARTESIAN_POINT('Ctrl Pts',(5.98451528355985,0.393205666145237,5.));
#4238=CARTESIAN_POINT('Ctrl Pts',(5.97191454380542,0.396813578788785,0.));
#4239=CARTESIAN_POINT('Ctrl Pts',(5.97191454380542,0.396813578788785,5.));
#4240=CARTESIAN_POINT('Ctrl Pts',(5.95931270141556,0.400334339709459,0.));
#4241=CARTESIAN_POINT('Ctrl Pts',(5.95931270141556,0.400334339709459,5.));
#4242=CARTESIAN_POINT('Ctrl Pts',(5.9467100100856,0.403767873530294,0.));
#4243=CARTESIAN_POINT('Ctrl Pts',(5.9467100100856,0.403767873530294,5.));
#4244=CARTESIAN_POINT('Ctrl Pts',(5.93410673027444,0.40711336480279,0.));
#4245=CARTESIAN_POINT('Ctrl Pts',(5.93410673027444,0.40711336480279,5.));
#4246=CARTESIAN_POINT('Ctrl Pts',(5.92150313008874,0.410368807067521,0.));
#4247=CARTESIAN_POINT('Ctrl Pts',(5.92150313008874,0.410368807067521,5.));
#4248=CARTESIAN_POINT('Ctrl Pts',(5.90889948623663,0.41353035821569,0.));
#4249=CARTESIAN_POINT('Ctrl Pts',(5.90889948623663,0.41353035821569,5.));
#4250=CARTESIAN_POINT('Ctrl Pts',(5.89629608448538,0.416593259215902,0.));
#4251=CARTESIAN_POINT('Ctrl Pts',(5.89629608448538,0.416593259215902,5.));
#4252=CARTESIAN_POINT('Ctrl Pts',(5.88369322006151,0.419553020381937,0.));
#4253=CARTESIAN_POINT('Ctrl Pts',(5.88369322006151,0.419553020381937,5.));
#4254=CARTESIAN_POINT('Ctrl Pts',(5.87109119802239,0.422406576337228,0.));
#4255=CARTESIAN_POINT('Ctrl Pts',(5.87109119802239,0.422406576337228,5.));
#4256=CARTESIAN_POINT('Ctrl Pts',(5.85849033378644,0.425153318064404,0.));
#4257=CARTESIAN_POINT('Ctrl Pts',(5.85849033378644,0.425153318064404,5.));
#4258=CARTESIAN_POINT('Ctrl Pts',(5.84589095324612,0.42779654454083,0.));
#4259=CARTESIAN_POINT('Ctrl Pts',(5.84589095324612,0.42779654454083,5.));
#4260=CARTESIAN_POINT('Ctrl Pts',(5.83329339660781,0.43034119307755,0.));
#4261=CARTESIAN_POINT('Ctrl Pts',(5.83329339660781,0.43034119307755,5.));
#4262=CARTESIAN_POINT('Ctrl Pts',(5.82069802283109,0.432791014984205,0.));
#4263=CARTESIAN_POINT('Ctrl Pts',(5.82069802283109,0.432791014984205,5.));
#4264=CARTESIAN_POINT('Ctrl Pts',(5.80810521391617,0.435145825883282,0.));
#4265=CARTESIAN_POINT('Ctrl Pts',(5.80810521391617,0.435145825883282,5.));
#4266=CARTESIAN_POINT('Ctrl Pts',(5.79551537916548,0.437398993226715,0.));
#4267=CARTESIAN_POINT('Ctrl Pts',(5.79551537916548,0.437398993226715,5.));
#4268=CARTESIAN_POINT('Ctrl Pts',(5.78292895974139,0.439534094784962,0.));
#4269=CARTESIAN_POINT('Ctrl Pts',(5.78292895974139,0.439534094784962,5.));
#4270=CARTESIAN_POINT('Ctrl Pts',(5.77034643077497,0.441530255269072,0.));
#4271=CARTESIAN_POINT('Ctrl Pts',(5.77034643077497,0.441530255269072,5.));
#4272=CARTESIAN_POINT('Ctrl Pts',(5.75776830374384,0.443368517583951,0.));
#4273=CARTESIAN_POINT('Ctrl Pts',(5.75776830374384,0.443368517583951,5.));
#4274=CARTESIAN_POINT('Ctrl Pts',(5.74519512768093,0.445038067069113,0.));
#4275=CARTESIAN_POINT('Ctrl Pts',(5.74519512768093,0.445038067069113,5.));
#4276=CARTESIAN_POINT('Ctrl Pts',(5.73262749339334,0.44654202959637,0.));
#4277=CARTESIAN_POINT('Ctrl Pts',(5.73262749339334,0.44654202959637,5.));
#4278=CARTESIAN_POINT('Ctrl Pts',(5.72006602975779,0.447904802839065,0.));
#4279=CARTESIAN_POINT('Ctrl Pts',(5.72006602975779,0.447904802839065,5.));
#4280=CARTESIAN_POINT('Ctrl Pts',(5.70751150507885,0.449158062359781,0.));
#4281=CARTESIAN_POINT('Ctrl Pts',(5.70751150507885,0.449158062359781,5.));
#4282=CARTESIAN_POINT('Ctrl Pts',(5.69496493665854,0.450324928629072,0.));
#4283=CARTESIAN_POINT('Ctrl Pts',(5.69496493665854,0.450324928629072,5.));
#4284=CARTESIAN_POINT('Ctrl Pts',(5.68242770059905,0.451404543579667,0.));
#4285=CARTESIAN_POINT('Ctrl Pts',(5.68242770059905,0.451404543579667,5.));
#4286=CARTESIAN_POINT('Ctrl Pts',(5.66990163520683,0.452357011671403,0.));
#4287=CARTESIAN_POINT('Ctrl Pts',(5.66990163520683,0.452357011671403,5.));
#4288=CARTESIAN_POINT('Ctrl Pts',(5.65738916590016,0.45308660403501,0.));
#4289=CARTESIAN_POINT('Ctrl Pts',(5.65738916590016,0.45308660403501,5.));
#4290=CARTESIAN_POINT('Ctrl Pts',(5.64489291307797,0.453468420176944,0.));
#4291=CARTESIAN_POINT('Ctrl Pts',(5.64489291307797,0.453468420176944,5.));
#4292=CARTESIAN_POINT('Ctrl Pts',(5.63491080298043,0.453395372266456,0.));
#4293=CARTESIAN_POINT('Ctrl Pts',(5.63491080298043,0.453395372266456,5.));
#4294=CARTESIAN_POINT('Ctrl Pts',(5.62743339336405,0.453083649024942,0.));
#4295=CARTESIAN_POINT('Ctrl Pts',(5.62743339336405,0.453083649024942,5.));
#4296=CARTESIAN_POINT('Ctrl Pts',(5.62245262741315,0.452756037063719,0.));
#4297=CARTESIAN_POINT('Ctrl Pts',(5.62245262741315,0.452756037063719,5.));
#4298=CARTESIAN_POINT('Ctrl Pts',(5.61996328788771,0.452562281830854,0.));
#4299=CARTESIAN_POINT('Ctrl Pts',(5.61996328788771,0.452562281830854,5.));
#4300=CARTESIAN_POINT('',(6.49753855717994,0.17886502721327,3.));
#4301=CARTESIAN_POINT('Ctrl Pts',(6.00000000001533,0.388629992835367,3.));
#4302=CARTESIAN_POINT('Ctrl Pts',(6.02822676635093,0.380208495536892,3.));
#4303=CARTESIAN_POINT('Ctrl Pts',(6.05644101185058,0.371130938145509,3.));
#4304=CARTESIAN_POINT('Ctrl Pts',(6.08463129752919,0.36146104067951,3.));
#4305=CARTESIAN_POINT('Ctrl Pts',(6.1328111380327,0.344934279549501,3.));
#4306=CARTESIAN_POINT('Ctrl Pts',(6.18092072697574,0.326661787497693,3.));
#4307=CARTESIAN_POINT('Ctrl Pts',(6.22890942735462,0.306801439533067,3.));
#4308=CARTESIAN_POINT('Ctrl Pts',(6.27605855575394,0.287288552356579,3.));
#4309=CARTESIAN_POINT('Ctrl Pts',(6.32309076738666,0.266240651214672,3.));
#4310=CARTESIAN_POINT('Ctrl Pts',(6.36996329506128,0.243760601473059,3.));
#4311=CARTESIAN_POINT('Ctrl Pts',(6.40707270475285,0.225962940089412,3.));
#4312=CARTESIAN_POINT('Ctrl Pts',(6.44408010941974,0.20726795723182,3.));
#4313=CARTESIAN_POINT('Ctrl Pts',(6.48096848352944,0.187711867490606,3.));
#4314=CARTESIAN_POINT('Ctrl Pts',(6.48649444168977,0.184782322985116,3.));
#4315=CARTESIAN_POINT('Ctrl Pts',(6.4920177992645,0.181833370540158,3.));
#4316=CARTESIAN_POINT('Ctrl Pts',(6.49753855717994,0.178865027213273,3.));
#4317=CARTESIAN_POINT('',(6.49753855717994,0.17886502721327,0.));
#4318=CARTESIAN_POINT('',(6.49753855717994,0.17886502721327,0.));
#4319=CARTESIAN_POINT('Ctrl Pts',(6.,0.388629992839941,0.));
#4320=CARTESIAN_POINT('Ctrl Pts',(6.00194250376894,0.388050443980271,0.));
#4321=CARTESIAN_POINT('Ctrl Pts',(6.00640453536825,0.386713222624688,0.));
#4322=CARTESIAN_POINT('Ctrl Pts',(6.01338572439023,0.384599623582207,0.));
#4323=CARTESIAN_POINT('Ctrl Pts',(6.0228853724373,0.381678192513758,0.));
#4324=CARTESIAN_POINT('Ctrl Pts',(6.03490233093356,0.377905492576111,0.));
#4325=CARTESIAN_POINT('Ctrl Pts',(6.04749393223552,0.373868046733523,0.));
#4326=CARTESIAN_POINT('Ctrl Pts',(6.06008301070399,0.369748482852617,0.));
#4327=CARTESIAN_POINT('Ctrl Pts',(6.07266934409154,0.36554810311384,0.));
#4328=CARTESIAN_POINT('Ctrl Pts',(6.08525271405218,0.361267849764496,0.));
#4329=CARTESIAN_POINT('Ctrl Pts',(6.09783290555823,0.356908425766021,0.));
#4330=CARTESIAN_POINT('Ctrl Pts',(6.11040970639233,0.352470378047056,0.));
#4331=CARTESIAN_POINT('Ctrl Pts',(6.12298290665924,0.347954192521334,0.));
#4332=CARTESIAN_POINT('Ctrl Pts',(6.13555229826511,0.343360391940973,0.));
#4333=CARTESIAN_POINT('Ctrl Pts',(6.14811767459577,0.338689610947033,0.));
#4334=CARTESIAN_POINT('Ctrl Pts',(6.16067883107219,0.333942545171942,0.));
#4335=CARTESIAN_POINT('Ctrl Pts',(6.17323556563879,0.32911991733535,0.));
#4336=CARTESIAN_POINT('Ctrl Pts',(6.18578767926202,0.324222438534818,0.));
#4337=CARTESIAN_POINT('Ctrl Pts',(6.19833497657649,0.319250769299668,0.));
#4338=CARTESIAN_POINT('Ctrl Pts',(6.21087726616404,0.31420548973657,0.));
#4339=CARTESIAN_POINT('Ctrl Pts',(6.22341435881045,0.309087122486443,0.));
#4340=CARTESIAN_POINT('Ctrl Pts',(6.23594606600406,0.303896149528675,0.));
#4341=CARTESIAN_POINT('Ctrl Pts',(6.24847219847187,0.298633031267192,0.));
#4342=CARTESIAN_POINT('Ctrl Pts',(6.26099256452244,0.293298226499644,0.));
#4343=CARTESIAN_POINT('Ctrl Pts',(6.27350696914566,0.287892208538823,0.));
#4344=CARTESIAN_POINT('Ctrl Pts',(6.28601521754838,0.28241545316907,0.));
#4345=CARTESIAN_POINT('Ctrl Pts',(6.29851711830459,0.276868430164239,0.));
#4346=CARTESIAN_POINT('Ctrl Pts',(6.31101248652181,0.271251594201757,0.));
#4347=CARTESIAN_POINT('Ctrl Pts',(6.32350114747572,0.265565375913198,0.));
#4348=CARTESIAN_POINT('Ctrl Pts',(6.33598293888369,0.259810175185616,0.));
#4349=CARTESIAN_POINT('Ctrl Pts',(6.34845770246617,0.253986371024777,0.));
#4350=CARTESIAN_POINT('Ctrl Pts',(6.36092527645804,0.248094330288936,0.));
#4351=CARTESIAN_POINT('Ctrl Pts',(6.37338548807871,0.242134417057255,0.));
#4352=CARTESIAN_POINT('Ctrl Pts',(6.38583814542031,0.236107002868636,0.));
#4353=CARTESIAN_POINT('Ctrl Pts',(6.39828303145012,0.230012475259792,0.));
#4354=CARTESIAN_POINT('Ctrl Pts',(6.41071992166824,0.223851222782678,0.));
#4355=CARTESIAN_POINT('Ctrl Pts',(6.42314860015025,0.217623622108585,0.));
#4356=CARTESIAN_POINT('Ctrl Pts',(6.43556887608757,0.21133002485756,0.));
#4357=CARTESIAN_POINT('Ctrl Pts',(6.44798060062272,0.204970744889205,0.));
#4358=CARTESIAN_POINT('Ctrl Pts',(6.46038368249618,0.198546046172803,0.));
#4359=CARTESIAN_POINT('Ctrl Pts',(6.47277807385054,0.192056139485647,0.));
#4360=CARTESIAN_POINT('Ctrl Pts',(6.4826866206798,0.18681217111663,0.));
#4361=CARTESIAN_POINT('Ctrl Pts',(6.49011411228869,0.182849963235318,0.));
#4362=CARTESIAN_POINT('Ctrl Pts',(6.49506403237982,0.180195503805464,0.));
#4363=CARTESIAN_POINT('Ctrl Pts',(6.49753855717994,0.178865027213273,0.));
#4364=CARTESIAN_POINT('Origin',(-2.62345700718924E-12,-1.73472347597681E-17,
0.));
#4365=CARTESIAN_POINT('',(6.49753855717994,-0.178865027213273,3.));
#4366=CARTESIAN_POINT('Origin',(-2.62345700718924E-12,-1.73472347597681E-17,
3.));
#4367=CARTESIAN_POINT('',(6.49753855717994,-0.178865027213273,0.));
#4368=CARTESIAN_POINT('',(6.49753855717994,-0.178865027213273,0.));
#4369=CARTESIAN_POINT('Origin',(-2.62345700718924E-12,-1.73472347597681E-17,
0.));
#4370=CARTESIAN_POINT('Ctrl Pts',(5.61996328788771,-0.452562281830854,0.));
#4371=CARTESIAN_POINT('Ctrl Pts',(5.61996328788771,-0.452562281830854,5.));
#4372=CARTESIAN_POINT('Ctrl Pts',(5.62245262741315,-0.452756037063719,0.));
#4373=CARTESIAN_POINT('Ctrl Pts',(5.62245262741315,-0.452756037063719,5.));
#4374=CARTESIAN_POINT('Ctrl Pts',(5.62743339336405,-0.453083649024942,0.));
#4375=CARTESIAN_POINT('Ctrl Pts',(5.62743339336405,-0.453083649024942,5.));
#4376=CARTESIAN_POINT('Ctrl Pts',(5.63491080298043,-0.453395372266456,0.));
#4377=CARTESIAN_POINT('Ctrl Pts',(5.63491080298043,-0.453395372266456,5.));
#4378=CARTESIAN_POINT('Ctrl Pts',(5.64489291307797,-0.453468420176944,0.));
#4379=CARTESIAN_POINT('Ctrl Pts',(5.64489291307797,-0.453468420176944,5.));
#4380=CARTESIAN_POINT('Ctrl Pts',(5.65738916590016,-0.45308660403501,0.));
#4381=CARTESIAN_POINT('Ctrl Pts',(5.65738916590016,-0.45308660403501,5.));
#4382=CARTESIAN_POINT('Ctrl Pts',(5.66990163520683,-0.452357011671403,0.));
#4383=CARTESIAN_POINT('Ctrl Pts',(5.66990163520683,-0.452357011671403,5.));
#4384=CARTESIAN_POINT('Ctrl Pts',(5.68242770059905,-0.451404543579667,0.));
#4385=CARTESIAN_POINT('Ctrl Pts',(5.68242770059905,-0.451404543579667,5.));
#4386=CARTESIAN_POINT('Ctrl Pts',(5.69496493665854,-0.450324928629072,0.));
#4387=CARTESIAN_POINT('Ctrl Pts',(5.69496493665854,-0.450324928629072,5.));
#4388=CARTESIAN_POINT('Ctrl Pts',(5.70751150507885,-0.449158062359781,0.));
#4389=CARTESIAN_POINT('Ctrl Pts',(5.70751150507885,-0.449158062359781,5.));
#4390=CARTESIAN_POINT('Ctrl Pts',(5.72006602975779,-0.447904802839065,0.));
#4391=CARTESIAN_POINT('Ctrl Pts',(5.72006602975779,-0.447904802839065,5.));
#4392=CARTESIAN_POINT('Ctrl Pts',(5.73262749339334,-0.44654202959637,0.));
#4393=CARTESIAN_POINT('Ctrl Pts',(5.73262749339334,-0.44654202959637,5.));
#4394=CARTESIAN_POINT('Ctrl Pts',(5.74519512768093,-0.445038067069113,0.));
#4395=CARTESIAN_POINT('Ctrl Pts',(5.74519512768093,-0.445038067069113,5.));
#4396=CARTESIAN_POINT('Ctrl Pts',(5.75776830374384,-0.443368517583951,0.));
#4397=CARTESIAN_POINT('Ctrl Pts',(5.75776830374384,-0.443368517583951,5.));
#4398=CARTESIAN_POINT('Ctrl Pts',(5.77034643077497,-0.441530255269072,0.));
#4399=CARTESIAN_POINT('Ctrl Pts',(5.77034643077497,-0.441530255269072,5.));
#4400=CARTESIAN_POINT('Ctrl Pts',(5.78292895974139,-0.439534094784962,0.));
#4401=CARTESIAN_POINT('Ctrl Pts',(5.78292895974139,-0.439534094784962,5.));
#4402=CARTESIAN_POINT('Ctrl Pts',(5.79551537916548,-0.437398993226715,0.));
#4403=CARTESIAN_POINT('Ctrl Pts',(5.79551537916548,-0.437398993226715,5.));
#4404=CARTESIAN_POINT('Ctrl Pts',(5.80810521391617,-0.435145825883282,0.));
#4405=CARTESIAN_POINT('Ctrl Pts',(5.80810521391617,-0.435145825883282,5.));
#4406=CARTESIAN_POINT('Ctrl Pts',(5.82069802283109,-0.432791014984205,0.));
#4407=CARTESIAN_POINT('Ctrl Pts',(5.82069802283109,-0.432791014984205,5.));
#4408=CARTESIAN_POINT('Ctrl Pts',(5.83329339660781,-0.43034119307755,0.));
#4409=CARTESIAN_POINT('Ctrl Pts',(5.83329339660781,-0.43034119307755,5.));
#4410=CARTESIAN_POINT('Ctrl Pts',(5.84589095324612,-0.42779654454083,0.));
#4411=CARTESIAN_POINT('Ctrl Pts',(5.84589095324612,-0.42779654454083,5.));
#4412=CARTESIAN_POINT('Ctrl Pts',(5.85849033378644,-0.425153318064404,0.));
#4413=CARTESIAN_POINT('Ctrl Pts',(5.85849033378644,-0.425153318064404,5.));
#4414=CARTESIAN_POINT('Ctrl Pts',(5.87109119802239,-0.422406576337228,0.));
#4415=CARTESIAN_POINT('Ctrl Pts',(5.87109119802239,-0.422406576337228,5.));
#4416=CARTESIAN_POINT('Ctrl Pts',(5.88369322006151,-0.419553020381937,0.));
#4417=CARTESIAN_POINT('Ctrl Pts',(5.88369322006151,-0.419553020381937,5.));
#4418=CARTESIAN_POINT('Ctrl Pts',(5.89629608448538,-0.416593259215902,0.));
#4419=CARTESIAN_POINT('Ctrl Pts',(5.89629608448538,-0.416593259215902,5.));
#4420=CARTESIAN_POINT('Ctrl Pts',(5.90889948623663,-0.41353035821569,0.));
#4421=CARTESIAN_POINT('Ctrl Pts',(5.90889948623663,-0.41353035821569,5.));
#4422=CARTESIAN_POINT('Ctrl Pts',(5.92150313008874,-0.410368807067521,0.));
#4423=CARTESIAN_POINT('Ctrl Pts',(5.92150313008874,-0.410368807067521,5.));
#4424=CARTESIAN_POINT('Ctrl Pts',(5.93410673027444,-0.40711336480279,0.));
#4425=CARTESIAN_POINT('Ctrl Pts',(5.93410673027444,-0.40711336480279,5.));
#4426=CARTESIAN_POINT('Ctrl Pts',(5.9467100100856,-0.403767873530294,0.));
#4427=CARTESIAN_POINT('Ctrl Pts',(5.9467100100856,-0.403767873530294,5.));
#4428=CARTESIAN_POINT('Ctrl Pts',(5.95931270141556,-0.400334339709459,0.));
#4429=CARTESIAN_POINT('Ctrl Pts',(5.95931270141556,-0.400334339709459,5.));
#4430=CARTESIAN_POINT('Ctrl Pts',(5.97191454380542,-0.396813578788785,0.));
#4431=CARTESIAN_POINT('Ctrl Pts',(5.97191454380542,-0.396813578788785,5.));
#4432=CARTESIAN_POINT('Ctrl Pts',(5.98451528355985,-0.393205666145237,0.));
#4433=CARTESIAN_POINT('Ctrl Pts',(5.98451528355985,-0.393205666145237,5.));
#4434=CARTESIAN_POINT('Ctrl Pts',(5.99711467286903,-0.389510445900184,0.));
#4435=CARTESIAN_POINT('Ctrl Pts',(5.99711467286903,-0.389510445900184,5.));
#4436=CARTESIAN_POINT('Ctrl Pts',(6.00971246890214,-0.385728054750595,0.));
#4437=CARTESIAN_POINT('Ctrl Pts',(6.00971246890214,-0.385728054750595,5.));
#4438=CARTESIAN_POINT('Ctrl Pts',(6.02230843305678,-0.381859321471271,0.));
#4439=CARTESIAN_POINT('Ctrl Pts',(6.02230843305678,-0.381859321471271,5.));
#4440=CARTESIAN_POINT('Ctrl Pts',(6.03490233093356,-0.377905492576111,0.));
#4441=CARTESIAN_POINT('Ctrl Pts',(6.03490233093356,-0.377905492576111,5.));
#4442=CARTESIAN_POINT('Ctrl Pts',(6.04749393223552,-0.373868046733523,0.));
#4443=CARTESIAN_POINT('Ctrl Pts',(6.04749393223552,-0.373868046733523,5.));
#4444=CARTESIAN_POINT('Ctrl Pts',(6.06008301070399,-0.369748482852617,0.));
#4445=CARTESIAN_POINT('Ctrl Pts',(6.06008301070399,-0.369748482852617,5.));
#4446=CARTESIAN_POINT('Ctrl Pts',(6.07266934409154,-0.36554810311384,0.));
#4447=CARTESIAN_POINT('Ctrl Pts',(6.07266934409154,-0.36554810311384,5.));
#4448=CARTESIAN_POINT('Ctrl Pts',(6.08525271405218,-0.361267849764496,0.));
#4449=CARTESIAN_POINT('Ctrl Pts',(6.08525271405218,-0.361267849764496,5.));
#4450=CARTESIAN_POINT('Ctrl Pts',(6.09783290555823,-0.356908425766021,0.));
#4451=CARTESIAN_POINT('Ctrl Pts',(6.09783290555823,-0.356908425766021,5.));
#4452=CARTESIAN_POINT('Ctrl Pts',(6.11040970639233,-0.352470378047056,0.));
#4453=CARTESIAN_POINT('Ctrl Pts',(6.11040970639233,-0.352470378047056,5.));
#4454=CARTESIAN_POINT('Ctrl Pts',(6.12298290665924,-0.347954192521334,0.));
#4455=CARTESIAN_POINT('Ctrl Pts',(6.12298290665924,-0.347954192521334,5.));
#4456=CARTESIAN_POINT('Ctrl Pts',(6.13555229826511,-0.343360391940973,0.));
#4457=CARTESIAN_POINT('Ctrl Pts',(6.13555229826511,-0.343360391940973,5.));
#4458=CARTESIAN_POINT('Ctrl Pts',(6.14811767459577,-0.338689610947033,0.));
#4459=CARTESIAN_POINT('Ctrl Pts',(6.14811767459577,-0.338689610947033,5.));
#4460=CARTESIAN_POINT('Ctrl Pts',(6.16067883107219,-0.333942545171942,0.));
#4461=CARTESIAN_POINT('Ctrl Pts',(6.16067883107219,-0.333942545171942,5.));
#4462=CARTESIAN_POINT('Ctrl Pts',(6.17323556563879,-0.32911991733535,0.));
#4463=CARTESIAN_POINT('Ctrl Pts',(6.17323556563879,-0.32911991733535,5.));
#4464=CARTESIAN_POINT('Ctrl Pts',(6.18578767926202,-0.324222438534818,0.));
#4465=CARTESIAN_POINT('Ctrl Pts',(6.18578767926202,-0.324222438534818,5.));
#4466=CARTESIAN_POINT('Ctrl Pts',(6.19833497657649,-0.319250769299668,0.));
#4467=CARTESIAN_POINT('Ctrl Pts',(6.19833497657649,-0.319250769299668,5.));
#4468=CARTESIAN_POINT('Ctrl Pts',(6.21087726616404,-0.31420548973657,0.));
#4469=CARTESIAN_POINT('Ctrl Pts',(6.21087726616404,-0.31420548973657,5.));
#4470=CARTESIAN_POINT('Ctrl Pts',(6.22341435881045,-0.309087122486443,0.));
#4471=CARTESIAN_POINT('Ctrl Pts',(6.22341435881045,-0.309087122486443,5.));
#4472=CARTESIAN_POINT('Ctrl Pts',(6.23594606600406,-0.303896149528675,0.));
#4473=CARTESIAN_POINT('Ctrl Pts',(6.23594606600406,-0.303896149528675,5.));
#4474=CARTESIAN_POINT('Ctrl Pts',(6.24847219847187,-0.298633031267192,0.));
#4475=CARTESIAN_POINT('Ctrl Pts',(6.24847219847187,-0.298633031267192,5.));
#4476=CARTESIAN_POINT('Ctrl Pts',(6.26099256452244,-0.293298226499644,0.));
#4477=CARTESIAN_POINT('Ctrl Pts',(6.26099256452244,-0.293298226499644,5.));
#4478=CARTESIAN_POINT('Ctrl Pts',(6.27350696914566,-0.287892208538823,0.));
#4479=CARTESIAN_POINT('Ctrl Pts',(6.27350696914566,-0.287892208538823,5.));
#4480=CARTESIAN_POINT('Ctrl Pts',(6.28601521754838,-0.28241545316907,0.));
#4481=CARTESIAN_POINT('Ctrl Pts',(6.28601521754838,-0.28241545316907,5.));
#4482=CARTESIAN_POINT('Ctrl Pts',(6.29851711830459,-0.276868430164239,0.));
#4483=CARTESIAN_POINT('Ctrl Pts',(6.29851711830459,-0.276868430164239,5.));
#4484=CARTESIAN_POINT('Ctrl Pts',(6.31101248652181,-0.271251594201757,0.));
#4485=CARTESIAN_POINT('Ctrl Pts',(6.31101248652181,-0.271251594201757,5.));
#4486=CARTESIAN_POINT('Ctrl Pts',(6.32350114747572,-0.265565375913198,0.));
#4487=CARTESIAN_POINT('Ctrl Pts',(6.32350114747572,-0.265565375913198,5.));
#4488=CARTESIAN_POINT('Ctrl Pts',(6.33598293888369,-0.259810175185616,0.));
#4489=CARTESIAN_POINT('Ctrl Pts',(6.33598293888369,-0.259810175185616,5.));
#4490=CARTESIAN_POINT('Ctrl Pts',(6.34845770246617,-0.253986371024777,0.));
#4491=CARTESIAN_POINT('Ctrl Pts',(6.34845770246617,-0.253986371024777,5.));
#4492=CARTESIAN_POINT('Ctrl Pts',(6.36092527645804,-0.248094330288936,0.));
#4493=CARTESIAN_POINT('Ctrl Pts',(6.36092527645804,-0.248094330288936,5.));
#4494=CARTESIAN_POINT('Ctrl Pts',(6.37338548807871,-0.242134417057255,0.));
#4495=CARTESIAN_POINT('Ctrl Pts',(6.37338548807871,-0.242134417057255,5.));
#4496=CARTESIAN_POINT('Ctrl Pts',(6.38583814542031,-0.236107002868636,0.));
#4497=CARTESIAN_POINT('Ctrl Pts',(6.38583814542031,-0.236107002868636,5.));
#4498=CARTESIAN_POINT('Ctrl Pts',(6.39828303145012,-0.230012475259792,0.));
#4499=CARTESIAN_POINT('Ctrl Pts',(6.39828303145012,-0.230012475259792,5.));
#4500=CARTESIAN_POINT('Ctrl Pts',(6.41071992166824,-0.223851222782678,0.));
#4501=CARTESIAN_POINT('Ctrl Pts',(6.41071992166824,-0.223851222782678,5.));
#4502=CARTESIAN_POINT('Ctrl Pts',(6.42314860015025,-0.217623622108585,0.));
#4503=CARTESIAN_POINT('Ctrl Pts',(6.42314860015025,-0.217623622108585,5.));
#4504=CARTESIAN_POINT('Ctrl Pts',(6.43556887608757,-0.21133002485756,0.));
#4505=CARTESIAN_POINT('Ctrl Pts',(6.43556887608757,-0.21133002485756,5.));
#4506=CARTESIAN_POINT('Ctrl Pts',(6.44798060062272,-0.204970744889205,0.));
#4507=CARTESIAN_POINT('Ctrl Pts',(6.44798060062272,-0.204970744889205,5.));
#4508=CARTESIAN_POINT('Ctrl Pts',(6.46038368249618,-0.198546046172803,0.));
#4509=CARTESIAN_POINT('Ctrl Pts',(6.46038368249618,-0.198546046172803,5.));
#4510=CARTESIAN_POINT('Ctrl Pts',(6.47277807385054,-0.192056139485647,0.));
#4511=CARTESIAN_POINT('Ctrl Pts',(6.47277807385054,-0.192056139485647,5.));
#4512=CARTESIAN_POINT('Ctrl Pts',(6.4826866206798,-0.18681217111663,0.));
#4513=CARTESIAN_POINT('Ctrl Pts',(6.4826866206798,-0.18681217111663,5.));
#4514=CARTESIAN_POINT('Ctrl Pts',(6.49011411228869,-0.182849963235318,0.));
#4515=CARTESIAN_POINT('Ctrl Pts',(6.49011411228869,-0.182849963235318,5.));
#4516=CARTESIAN_POINT('Ctrl Pts',(6.49506403237982,-0.180195503805464,0.));
#4517=CARTESIAN_POINT('Ctrl Pts',(6.49506403237982,-0.180195503805464,5.));
#4518=CARTESIAN_POINT('Ctrl Pts',(6.49753855717994,-0.178865027213273,0.));
#4519=CARTESIAN_POINT('Ctrl Pts',(6.49753855717994,-0.178865027213273,5.));
#4520=CARTESIAN_POINT('',(5.61996328788771,-0.452562281830854,3.));
#4521=CARTESIAN_POINT('Ctrl Pts',(6.49753855717994,-0.178865027213273,3.));
#4522=CARTESIAN_POINT('Ctrl Pts',(6.46250215713008,-0.197703032045033,3.));
#4523=CARTESIAN_POINT('Ctrl Pts',(6.42735883807004,-0.215763804210225,3.));
#4524=CARTESIAN_POINT('Ctrl Pts',(6.3921180458937,-0.233022752917091,3.));
#4525=CARTESIAN_POINT('Ctrl Pts',(6.34121069773342,-0.257954295497193,3.));
#4526=CARTESIAN_POINT('Ctrl Pts',(6.29010657147886,-0.281209115258785,3.));
#4527=CARTESIAN_POINT('Ctrl Pts',(6.23886052167194,-0.302659616583022,3.));
#4528=CARTESIAN_POINT('Ctrl Pts',(6.18746317519808,-0.32417344745884,3.));
#4529=CARTESIAN_POINT('Ctrl Pts',(6.13592323556218,-0.343875339668091,3.));
#4530=CARTESIAN_POINT('Ctrl Pts',(6.08430269715014,-0.361573730554772,3.));
#4531=CARTESIAN_POINT('Ctrl Pts',(6.0516729950601,-0.372761006779904,3.));
#4532=CARTESIAN_POINT('Ctrl Pts',(6.01901119660606,-0.383152869467232,3.));
#4533=CARTESIAN_POINT('Ctrl Pts',(5.98633521731099,-0.392655401607691,3.));
#4534=CARTESIAN_POINT('Ctrl Pts',(5.96744124885613,-0.398149974268599,3.));
#4535=CARTESIAN_POINT('Ctrl Pts',(5.94854257212893,-0.40335339280291,3.));
#4536=CARTESIAN_POINT('Ctrl Pts',(5.92964310554074,-0.408253929059038,3.));
#4537=CARTESIAN_POINT('Ctrl Pts',(5.91408627850789,-0.412287735756655,3.));
#4538=CARTESIAN_POINT('Ctrl Pts',(5.89852891978729,-0.416112246268527,3.));
#4539=CARTESIAN_POINT('Ctrl Pts',(5.88297350538132,-0.419692354140618,3.));
#4540=CARTESIAN_POINT('Ctrl Pts',(5.8642998291989,-0.423990135823367,3.));
#4541=CARTESIAN_POINT('Ctrl Pts',(5.8456289149562,-0.42793048420315,3.));
#4542=CARTESIAN_POINT('Ctrl Pts',(5.82696572989397,-0.43156012497532,3.));
#4543=CARTESIAN_POINT('Ctrl Pts',(5.81633467133598,-0.433627667223053,3.));
#4544=CARTESIAN_POINT('Ctrl Pts',(5.80570613480433,-0.435597959576832,3.));
#4545=CARTESIAN_POINT('Ctrl Pts',(5.79508125304959,-0.437445133377371,3.));
#4546=CARTESIAN_POINT('Ctrl Pts',(5.78410731023865,-0.439352992694483,3.));
#4547=CARTESIAN_POINT('Ctrl Pts',(5.77313726186444,-0.44112311964577,3.));
#4548=CARTESIAN_POINT('Ctrl Pts',(5.76217261676952,-0.442702355955142,3.));
#4549=CARTESIAN_POINT('Ctrl Pts',(5.75351607863787,-0.44394915593933,3.));
#4550=CARTESIAN_POINT('Ctrl Pts',(5.7448629127715,-0.445074979159529,3.));
#4551=CARTESIAN_POINT('Ctrl Pts',(5.73621399735867,-0.446091376221827,3.));
#4552=CARTESIAN_POINT('Ctrl Pts',(5.72649055763535,-0.447234048464355,3.));
#4553=CARTESIAN_POINT('Ctrl Pts',(5.71677242165923,-0.448245306426975,3.));
#4554=CARTESIAN_POINT('Ctrl Pts',(5.7070614185774,-0.44917982715512,3.));
#4555=CARTESIAN_POINT('Ctrl Pts',(5.69977816626603,-0.449880717701228,3.));
#4556=CARTESIAN_POINT('Ctrl Pts',(5.69249892979194,-0.450540618391774,3.));
#4557=CARTESIAN_POINT('Ctrl Pts',(5.6852250924629,-0.451143717966365,3.));
#4558=CARTESIAN_POINT('Ctrl Pts',(5.67808995187856,-0.451735317703394,3.));
#4559=CARTESIAN_POINT('Ctrl Pts',(5.67096001716305,-0.45227238978861,3.));
#4560=CARTESIAN_POINT('Ctrl Pts',(5.66383727706659,-0.452675415613068,3.));
#4561=CARTESIAN_POINT('Ctrl Pts',(5.65650685342422,-0.453090192790403,3.));
#4562=CARTESIAN_POINT('Ctrl Pts',(5.64918412346032,-0.453358068339486,3.));
#4563=CARTESIAN_POINT('Ctrl Pts',(5.64187123220372,-0.453369297084323,3.));
#4564=CARTESIAN_POINT('Ctrl Pts',(5.6355642418822,-0.453378981295742,3.));
#4565=CARTESIAN_POINT('Ctrl Pts',(5.62926459806248,-0.45319542974717,3.));
#4566=CARTESIAN_POINT('Ctrl Pts',(5.62297301129613,-0.452779000239882,3.));
#4567=CARTESIAN_POINT('Ctrl Pts',(5.62196956707174,-0.452712583960576,3.));
#4568=CARTESIAN_POINT('Ctrl Pts',(5.62096632580041,-0.45264035227579,3.));
#4569=CARTESIAN_POINT('Ctrl Pts',(5.61996328788771,-0.452562281830854,3.));
#4570=CARTESIAN_POINT('',(5.61996328788771,-0.452562281830854,0.));
#4571=CARTESIAN_POINT('',(5.61996328788771,-0.452562281830854,0.));
#4572=CARTESIAN_POINT('Ctrl Pts',(5.61996328788771,-0.452562281830854,0.));
#4573=CARTESIAN_POINT('Ctrl Pts',(5.62245262741315,-0.452756037063719,0.));
#4574=CARTESIAN_POINT('Ctrl Pts',(5.62743339336405,-0.453083649024942,0.));
#4575=CARTESIAN_POINT('Ctrl Pts',(5.63491080298043,-0.453395372266456,0.));
#4576=CARTESIAN_POINT('Ctrl Pts',(5.64489291307797,-0.453468420176944,0.));
#4577=CARTESIAN_POINT('Ctrl Pts',(5.65738916590016,-0.45308660403501,0.));
#4578=CARTESIAN_POINT('Ctrl Pts',(5.66990163520683,-0.452357011671403,0.));
#4579=CARTESIAN_POINT('Ctrl Pts',(5.68242770059905,-0.451404543579667,0.));
#4580=CARTESIAN_POINT('Ctrl Pts',(5.69496493665854,-0.450324928629072,0.));
#4581=CARTESIAN_POINT('Ctrl Pts',(5.70751150507885,-0.449158062359781,0.));
#4582=CARTESIAN_POINT('Ctrl Pts',(5.72006602975779,-0.447904802839065,0.));
#4583=CARTESIAN_POINT('Ctrl Pts',(5.73262749339334,-0.44654202959637,0.));
#4584=CARTESIAN_POINT('Ctrl Pts',(5.74519512768093,-0.445038067069113,0.));
#4585=CARTESIAN_POINT('Ctrl Pts',(5.75776830374384,-0.443368517583951,0.));
#4586=CARTESIAN_POINT('Ctrl Pts',(5.77034643077497,-0.441530255269072,0.));
#4587=CARTESIAN_POINT('Ctrl Pts',(5.78292895974139,-0.439534094784962,0.));
#4588=CARTESIAN_POINT('Ctrl Pts',(5.79551537916548,-0.437398993226715,0.));
#4589=CARTESIAN_POINT('Ctrl Pts',(5.80810521391617,-0.435145825883282,0.));
#4590=CARTESIAN_POINT('Ctrl Pts',(5.82069802283109,-0.432791014984205,0.));
#4591=CARTESIAN_POINT('Ctrl Pts',(5.83329339660781,-0.43034119307755,0.));
#4592=CARTESIAN_POINT('Ctrl Pts',(5.84589095324612,-0.42779654454083,0.));
#4593=CARTESIAN_POINT('Ctrl Pts',(5.85849033378644,-0.425153318064404,0.));
#4594=CARTESIAN_POINT('Ctrl Pts',(5.87109119802239,-0.422406576337228,0.));
#4595=CARTESIAN_POINT('Ctrl Pts',(5.88369322006151,-0.419553020381937,0.));
#4596=CARTESIAN_POINT('Ctrl Pts',(5.89629608448538,-0.416593259215902,0.));
#4597=CARTESIAN_POINT('Ctrl Pts',(5.90889948623663,-0.41353035821569,0.));
#4598=CARTESIAN_POINT('Ctrl Pts',(5.92150313008874,-0.410368807067521,0.));
#4599=CARTESIAN_POINT('Ctrl Pts',(5.93410673027444,-0.40711336480279,0.));
#4600=CARTESIAN_POINT('Ctrl Pts',(5.9467100100856,-0.403767873530294,0.));
#4601=CARTESIAN_POINT('Ctrl Pts',(5.95931270141556,-0.400334339709459,0.));
#4602=CARTESIAN_POINT('Ctrl Pts',(5.97191454380542,-0.396813578788785,0.));
#4603=CARTESIAN_POINT('Ctrl Pts',(5.98451528355985,-0.393205666145237,0.));
#4604=CARTESIAN_POINT('Ctrl Pts',(5.99711467286903,-0.389510445900184,0.));
#4605=CARTESIAN_POINT('Ctrl Pts',(6.00971246890214,-0.385728054750595,0.));
#4606=CARTESIAN_POINT('Ctrl Pts',(6.02230843305678,-0.381859321471271,0.));
#4607=CARTESIAN_POINT('Ctrl Pts',(6.03490233093356,-0.377905492576111,0.));
#4608=CARTESIAN_POINT('Ctrl Pts',(6.04749393223552,-0.373868046733523,0.));
#4609=CARTESIAN_POINT('Ctrl Pts',(6.06008301070399,-0.369748482852617,0.));
#4610=CARTESIAN_POINT('Ctrl Pts',(6.07266934409154,-0.36554810311384,0.));
#4611=CARTESIAN_POINT('Ctrl Pts',(6.08525271405218,-0.361267849764496,0.));
#4612=CARTESIAN_POINT('Ctrl Pts',(6.09783290555823,-0.356908425766021,0.));
#4613=CARTESIAN_POINT('Ctrl Pts',(6.11040970639233,-0.352470378047056,0.));
#4614=CARTESIAN_POINT('Ctrl Pts',(6.12298290665924,-0.347954192521334,0.));
#4615=CARTESIAN_POINT('Ctrl Pts',(6.13555229826511,-0.343360391940973,0.));
#4616=CARTESIAN_POINT('Ctrl Pts',(6.14811767459577,-0.338689610947033,0.));
#4617=CARTESIAN_POINT('Ctrl Pts',(6.16067883107219,-0.333942545171942,0.));
#4618=CARTESIAN_POINT('Ctrl Pts',(6.17323556563879,-0.32911991733535,0.));
#4619=CARTESIAN_POINT('Ctrl Pts',(6.18578767926202,-0.324222438534818,0.));
#4620=CARTESIAN_POINT('Ctrl Pts',(6.19833497657649,-0.319250769299668,0.));
#4621=CARTESIAN_POINT('Ctrl Pts',(6.21087726616404,-0.31420548973657,0.));
#4622=CARTESIAN_POINT('Ctrl Pts',(6.22341435881045,-0.309087122486443,0.));
#4623=CARTESIAN_POINT('Ctrl Pts',(6.23594606600406,-0.303896149528675,0.));
#4624=CARTESIAN_POINT('Ctrl Pts',(6.24847219847187,-0.298633031267192,0.));
#4625=CARTESIAN_POINT('Ctrl Pts',(6.26099256452244,-0.293298226499644,0.));
#4626=CARTESIAN_POINT('Ctrl Pts',(6.27350696914566,-0.287892208538823,0.));
#4627=CARTESIAN_POINT('Ctrl Pts',(6.28601521754838,-0.28241545316907,0.));
#4628=CARTESIAN_POINT('Ctrl Pts',(6.29851711830459,-0.276868430164239,0.));
#4629=CARTESIAN_POINT('Ctrl Pts',(6.31101248652181,-0.271251594201757,0.));
#4630=CARTESIAN_POINT('Ctrl Pts',(6.32350114747572,-0.265565375913198,0.));
#4631=CARTESIAN_POINT('Ctrl Pts',(6.33598293888369,-0.259810175185616,0.));
#4632=CARTESIAN_POINT('Ctrl Pts',(6.34845770246617,-0.253986371024777,0.));
#4633=CARTESIAN_POINT('Ctrl Pts',(6.36092527645804,-0.248094330288936,0.));
#4634=CARTESIAN_POINT('Ctrl Pts',(6.37338548807871,-0.242134417057255,0.));
#4635=CARTESIAN_POINT('Ctrl Pts',(6.38583814542031,-0.236107002868636,0.));
#4636=CARTESIAN_POINT('Ctrl Pts',(6.39828303145012,-0.230012475259792,0.));
#4637=CARTESIAN_POINT('Ctrl Pts',(6.41071992166824,-0.223851222782678,0.));
#4638=CARTESIAN_POINT('Ctrl Pts',(6.42314860015025,-0.217623622108585,0.));
#4639=CARTESIAN_POINT('Ctrl Pts',(6.43556887608757,-0.21133002485756,0.));
#4640=CARTESIAN_POINT('Ctrl Pts',(6.44798060062272,-0.204970744889205,0.));
#4641=CARTESIAN_POINT('Ctrl Pts',(6.46038368249618,-0.198546046172803,0.));
#4642=CARTESIAN_POINT('Ctrl Pts',(6.47277807385054,-0.192056139485647,0.));
#4643=CARTESIAN_POINT('Ctrl Pts',(6.4826866206798,-0.18681217111663,0.));
#4644=CARTESIAN_POINT('Ctrl Pts',(6.49011411228869,-0.182849963235318,0.));
#4645=CARTESIAN_POINT('Ctrl Pts',(6.49506403237982,-0.180195503805464,0.));
#4646=CARTESIAN_POINT('Ctrl Pts',(6.49753855717994,-0.178865027213273,0.));
#4647=CARTESIAN_POINT('Origin',(5.32197219299125,-0.429368445315827,0.));
#4648=CARTESIAN_POINT('',(5.52713834686711,-0.445337346108205,3.));
#4649=CARTESIAN_POINT('',(2.66040051449879,-0.222207696416841,3.));
#4650=CARTESIAN_POINT('',(5.52713834686711,-0.445337346108205,0.));
#4651=CARTESIAN_POINT('',(5.52713834686711,-0.445337346108205,0.));
#4652=CARTESIAN_POINT('',(5.32197219299125,-0.429368445315827,0.));
#4653=CARTESIAN_POINT('Origin',(5.51161848813356,-0.64473427182395,0.));
#4654=CARTESIAN_POINT('',(5.3129729720904,-0.621497254890917,3.));
#4655=CARTESIAN_POINT('Origin',(5.51161848813356,-0.64473427182395,3.));
#4656=CARTESIAN_POINT('',(5.3129729720904,-0.621497254890917,0.));
#4657=CARTESIAN_POINT('',(5.3129729720904,-0.621497254890917,0.));
#4658=CARTESIAN_POINT('Origin',(5.51161848813356,-0.64473427182395,0.));
#4659=CARTESIAN_POINT('Origin',(0.,0.,0.));
#4660=CARTESIAN_POINT('',(5.29279313416261,-0.774778341825046,3.));
#4661=CARTESIAN_POINT('Origin',(0.,0.,3.));
#4662=CARTESIAN_POINT('',(5.29279313416261,-0.774778341825046,0.));
#4663=CARTESIAN_POINT('',(5.29279313416261,-0.774778341825046,0.));
#4664=CARTESIAN_POINT('Origin',(0.,0.,0.));
#4665=CARTESIAN_POINT('Origin',(5.49068415091885,-0.803746349819701,0.));
#4666=CARTESIAN_POINT('',(5.45406746137982,-1.00036582506873,3.));
#4667=CARTESIAN_POINT('Origin',(5.49068415091885,-0.803746349819701,3.));
#4668=CARTESIAN_POINT('',(5.45406746137982,-1.00036582506873,0.));
#4669=CARTESIAN_POINT('',(5.45406746137982,-1.00036582506873,0.));
#4670=CARTESIAN_POINT('Origin',(5.49068415091885,-0.803746349819701,0.));
#4671=CARTESIAN_POINT('Origin',(5.54559942020005,-1.01741193565759,0.));
#4672=CARTESIAN_POINT('',(5.54559942020005,-1.01741193565759,3.));
#4673=CARTESIAN_POINT('',(2.77418129962001,-0.501287290448389,3.));
#4674=CARTESIAN_POINT('',(5.54559942020005,-1.01741193565759,0.));
#4675=CARTESIAN_POINT('',(5.54559942020005,-1.01741193565759,0.));
#4676=CARTESIAN_POINT('',(5.25175911901631,-0.962689690728025,0.));
#4677=CARTESIAN_POINT('Origin',(5.15694513376217,-2.04927731831656,0.));
#4678=CARTESIAN_POINT('',(5.22354388804339,-1.86069151310262,3.));
#4679=CARTESIAN_POINT('',(4.9710824820732,-1.97541884075884,3.));
#4680=CARTESIAN_POINT('Origin',(5.15694513376217,-2.04927731831656,3.));
#4681=CARTESIAN_POINT('',(4.9710824820732,-1.97541884075884,0.));
#4682=CARTESIAN_POINT('',(4.9710824820732,-1.97541884075884,0.));
#4683=CARTESIAN_POINT('',(5.22354388804339,-1.86069151310262,0.));
#4684=CARTESIAN_POINT('Origin',(5.15694513376217,-2.04927731831656,0.));
#4685=CARTESIAN_POINT('',(5.22354388804339,-1.86069151310262,0.));
#4686=CARTESIAN_POINT('Origin',(5.02950165698872,-1.79216583137631,0.));
#4687=CARTESIAN_POINT('',(5.31133594493429,-1.89169512770706,3.));
#4688=CARTESIAN_POINT('',(2.51223798142607,-0.90319847352206,3.));
#4689=CARTESIAN_POINT('',(5.31133594493429,-1.89169512770706,0.));
#4690=CARTESIAN_POINT('',(5.02950165698872,-1.79216583137631,0.));
#4691=CARTESIAN_POINT('',(5.31133594493429,-1.89169512770706,0.));
#4692=CARTESIAN_POINT('Origin',(5.09556876260362,-2.19745298597678,0.));
#4693=CARTESIAN_POINT('',(4.91191819089585,-2.11825407492737,3.));
#4694=CARTESIAN_POINT('',(5.00931089167215,-2.37789571844991,3.));
#4695=CARTESIAN_POINT('Origin',(5.09556876260362,-2.19745298597678,3.));
#4696=CARTESIAN_POINT('',(5.00931089167215,-2.37789571844991,0.));
#4697=CARTESIAN_POINT('',(5.00931089167215,-2.37789571844991,0.));
#4698=CARTESIAN_POINT('',(4.91191819089585,-2.11825407492737,0.));
#4699=CARTESIAN_POINT('Origin',(5.09556876260362,-2.19745298597678,0.));
#4700=CARTESIAN_POINT('',(4.91191819089585,-2.11825407492737,0.));
#4701=CARTESIAN_POINT('Origin',(5.0933121165621,-2.41805121108369,0.));
#4702=CARTESIAN_POINT('',(5.0933121165621,-2.41805121108369,3.));
#4703=CARTESIAN_POINT('',(2.54991066627525,-1.20221729514349,3.));
#4704=CARTESIAN_POINT('',(5.0933121165621,-2.41805121108369,0.));
#4705=CARTESIAN_POINT('',(5.0933121165621,-2.41805121108369,0.));
#4706=CARTESIAN_POINT('',(4.82364734002272,-2.28914211526869,0.));
#4707=CARTESIAN_POINT('Origin',(4.45083449077966,-3.31416550215678,0.));
#4708=CARTESIAN_POINT('',(4.56397354556394,-3.14924262841721,3.));
#4709=CARTESIAN_POINT('',(4.29042093600493,-3.19471889716303,3.));
#4710=CARTESIAN_POINT('Origin',(4.45083449077966,-3.31416550215678,3.));
#4711=CARTESIAN_POINT('',(4.29042093600493,-3.19471889716303,0.));
#4712=CARTESIAN_POINT('',(4.29042093600493,-3.19471889716303,0.));
#4713=CARTESIAN_POINT('',(4.56397354556394,-3.14924262841721,0.));
#4714=CARTESIAN_POINT('Origin',(4.45083449077966,-3.31416550215678,0.));
#4715=CARTESIAN_POINT('',(4.56397354556394,-3.14924262841721,0.));
#4716=CARTESIAN_POINT('Origin',(4.39427889470689,-3.03283007772256,0.));
#4717=CARTESIAN_POINT('',(4.64074983473125,-3.20191207680403,3.));
#4718=CARTESIAN_POINT('',(2.19287058158872,-1.5226377672628,3.));
#4719=CARTESIAN_POINT('',(4.64074983473125,-3.20191207680403,0.));
#4720=CARTESIAN_POINT('',(4.39427889470689,-3.03283007772256,0.));
#4721=CARTESIAN_POINT('',(4.64074983473125,-3.20191207680403,0.));
#4722=CARTESIAN_POINT('Origin',(4.35319878394247,-3.4414068326023,0.));
#4723=CARTESIAN_POINT('',(4.19630414024816,-3.31737429340377,3.));
#4724=CARTESIAN_POINT('',(4.22317806297467,-3.59337594827721,3.));
#4725=CARTESIAN_POINT('Origin',(4.35319878394247,-3.4414068326023,3.));
#4726=CARTESIAN_POINT('',(4.22317806297467,-3.59337594827721,0.));
#4727=CARTESIAN_POINT('',(4.22317806297467,-3.59337594827721,0.));
#4728=CARTESIAN_POINT('',(4.19630414024816,-3.31737429340377,0.));
#4729=CARTESIAN_POINT('Origin',(4.35319878394247,-3.4414068326023,0.));
#4730=CARTESIAN_POINT('',(4.19630414024816,-3.31737429340377,0.));
#4731=CARTESIAN_POINT('Origin',(4.2939240092767,-3.65390429249299,0.));
#4732=CARTESIAN_POINT('',(4.2939240092767,-3.65390429249299,3.));
#4733=CARTESIAN_POINT('',(2.15186783495046,-1.82121817793257,3.));
#4734=CARTESIAN_POINT('',(4.2939240092767,-3.65390429249299,0.));
#4735=CARTESIAN_POINT('',(4.2939240092767,-3.65390429249299,0.));
#4736=CARTESIAN_POINT('',(4.0668119662607,-3.45959328764001,0.));
#4737=CARTESIAN_POINT('Origin',(3.4414068326023,-4.35319878394247,0.));
#4738=CARTESIAN_POINT('',(3.5933759482772,-4.22317806297467,3.));
#4739=CARTESIAN_POINT('',(3.31737429340377,-4.19630414024816,3.));
#4740=CARTESIAN_POINT('Origin',(3.4414068326023,-4.35319878394247,3.));
#4741=CARTESIAN_POINT('',(3.31737429340377,-4.19630414024816,0.));
#4742=CARTESIAN_POINT('',(3.31737429340377,-4.19630414024816,0.));
#4743=CARTESIAN_POINT('',(3.5933759482772,-4.22317806297467,0.));
#4744=CARTESIAN_POINT('Origin',(3.4414068326023,-4.35319878394247,0.));
#4745=CARTESIAN_POINT('',(3.5933759482772,-4.22317806297467,0.));
#4746=CARTESIAN_POINT('Origin',(3.45959328764001,-4.0668119662607,0.));
#4747=CARTESIAN_POINT('',(3.65390429249299,-4.2939240092767,3.));
#4748=CARTESIAN_POINT('',(1.72406267550608,-2.03831181344246,3.));
#4749=CARTESIAN_POINT('',(3.65390429249299,-4.2939240092767,0.));
#4750=CARTESIAN_POINT('',(3.45959328764001,-4.0668119662607,0.));
#4751=CARTESIAN_POINT('',(3.65390429249299,-4.2939240092767,0.));
#4752=CARTESIAN_POINT('Origin',(3.31416550215678,-4.45083449077967,0.));
#4753=CARTESIAN_POINT('',(3.19471889716302,-4.29042093600494,3.));
#4754=CARTESIAN_POINT('',(3.1492426284172,-4.56397354556394,3.));
#4755=CARTESIAN_POINT('Origin',(3.31416550215678,-4.45083449077967,3.));
#4756=CARTESIAN_POINT('',(3.1492426284172,-4.56397354556394,0.));
#4757=CARTESIAN_POINT('',(3.1492426284172,-4.56397354556394,0.));
#4758=CARTESIAN_POINT('',(3.19471889716302,-4.29042093600494,0.));
#4759=CARTESIAN_POINT('Origin',(3.31416550215678,-4.45083449077967,0.));
#4760=CARTESIAN_POINT('',(3.19471889716302,-4.29042093600494,0.));
#4761=CARTESIAN_POINT('Origin',(3.20191207680402,-4.64074983473125,0.));
#4762=CARTESIAN_POINT('',(3.20191207680402,-4.64074983473125,3.));
#4763=CARTESIAN_POINT('',(1.60717876680353,-2.3161060516009,3.));
#4764=CARTESIAN_POINT('',(3.20191207680402,-4.64074983473125,0.));
#4765=CARTESIAN_POINT('',(3.20191207680402,-4.64074983473125,0.));
#4766=CARTESIAN_POINT('',(3.03283007772256,-4.39427889470689,0.));
#4767=CARTESIAN_POINT('Origin',(2.19745298597677,-5.09556876260362,0.));
#4768=CARTESIAN_POINT('',(2.3778957184499,-5.00931089167215,3.));
#4769=CARTESIAN_POINT('',(2.11825407492737,-4.91191819089585,3.));
#4770=CARTESIAN_POINT('Origin',(2.19745298597677,-5.09556876260362,3.));
#4771=CARTESIAN_POINT('',(2.11825407492737,-4.91191819089585,0.));
#4772=CARTESIAN_POINT('',(2.11825407492737,-4.91191819089585,0.));
#4773=CARTESIAN_POINT('',(2.3778957184499,-5.00931089167215,0.));
#4774=CARTESIAN_POINT('Origin',(2.19745298597677,-5.09556876260362,0.));
#4775=CARTESIAN_POINT('',(2.3778957184499,-5.00931089167215,0.));
#4776=CARTESIAN_POINT('Origin',(2.28914211526869,-4.82364734002272,0.));
#4777=CARTESIAN_POINT('',(2.41805121108368,-5.09331211656211,3.));
#4778=CARTESIAN_POINT('',(1.13776274723599,-2.41507827800556,3.));
#4779=CARTESIAN_POINT('',(2.41805121108368,-5.09331211656211,0.));
#4780=CARTESIAN_POINT('',(2.28914211526869,-4.82364734002272,0.));
#4781=CARTESIAN_POINT('',(2.41805121108368,-5.09331211656211,0.));
#4782=CARTESIAN_POINT('Origin',(2.04927731831655,-5.15694513376217,0.));
#4783=CARTESIAN_POINT('',(1.97541884075883,-4.9710824820732,3.));
#4784=CARTESIAN_POINT('',(1.86069151310262,-5.22354388804339,3.));
#4785=CARTESIAN_POINT('Origin',(2.04927731831655,-5.15694513376217,3.));
#4786=CARTESIAN_POINT('',(1.86069151310262,-5.22354388804339,0.));
#4787=CARTESIAN_POINT('',(1.86069151310262,-5.22354388804339,0.));
#4788=CARTESIAN_POINT('',(1.97541884075883,-4.9710824820732,0.));
#4789=CARTESIAN_POINT('Origin',(2.04927731831655,-5.15694513376217,0.));
#4790=CARTESIAN_POINT('',(1.97541884075883,-4.9710824820732,0.));
#4791=CARTESIAN_POINT('Origin',(1.89169512770705,-5.31133594493429,0.));
#4792=CARTESIAN_POINT('',(1.89169512770705,-5.31133594493429,3.));
#4793=CARTESIAN_POINT('',(0.952963121687431,-2.65315512539885,3.));
#4794=CARTESIAN_POINT('',(1.89169512770705,-5.31133594493429,0.));
#4795=CARTESIAN_POINT('',(1.89169512770705,-5.31133594493429,0.));
#4796=CARTESIAN_POINT('',(1.7921658313763,-5.02950165698873,0.));
#4797=CARTESIAN_POINT('Origin',(0.803746349819693,-5.49068415091886,0.));
#4798=CARTESIAN_POINT('',(1.00036582506872,-5.45406746137982,3.));
#4799=CARTESIAN_POINT('',(0.774778341825039,-5.29279313416261,3.));
#4800=CARTESIAN_POINT('Origin',(0.803746349819693,-5.49068415091886,3.));
#4801=CARTESIAN_POINT('',(0.774778341825039,-5.29279313416261,0.));
#4802=CARTESIAN_POINT('',(0.774778341825039,-5.29279313416261,0.));
#4803=CARTESIAN_POINT('',(1.00036582506872,-5.45406746137982,0.));
#4804=CARTESIAN_POINT('Origin',(0.803746349819693,-5.49068415091886,0.));
#4805=CARTESIAN_POINT('',(1.00036582506872,-5.45406746137982,0.));
#4806=CARTESIAN_POINT('Origin',(0.962689690728019,-5.25175911901632,0.));
#4807=CARTESIAN_POINT('',(1.01741193565758,-5.54559942020005,3.));
#4808=CARTESIAN_POINT('',(0.473926167983603,-2.62726114902814,3.));
#4809=CARTESIAN_POINT('',(1.01741193565758,-5.54559942020005,0.));
#4810=CARTESIAN_POINT('',(0.962689690728019,-5.25175911901632,0.));
#4811=CARTESIAN_POINT('',(1.01741193565758,-5.54559942020005,0.));
#4812=CARTESIAN_POINT('Origin',(0.644734271823949,-5.51161848813356,0.));
#4813=CARTESIAN_POINT('',(0.621497254890915,-5.3129729720904,3.));
#4814=CARTESIAN_POINT('',(0.445337346108204,-5.52713834686711,3.));
#4815=CARTESIAN_POINT('Origin',(0.644734271823949,-5.51161848813356,3.));
#4816=CARTESIAN_POINT('',(0.445337346108204,-5.52713834686711,0.));
#4817=CARTESIAN_POINT('',(0.445337346108204,-5.52713834686711,0.));
#4818=CARTESIAN_POINT('',(0.621497254890915,-5.3129729720904,0.));
#4819=CARTESIAN_POINT('Origin',(0.644734271823949,-5.51161848813356,0.));
#4820=CARTESIAN_POINT('',(0.621497254890915,-5.3129729720904,0.));
#4821=CARTESIAN_POINT('Origin',(0.452562281830853,-5.61996328788771,0.));
#4822=CARTESIAN_POINT('',(0.452562281830853,-5.61996328788771,3.));
#4823=CARTESIAN_POINT('',(0.233804614674353,-2.80939606194702,3.));
#4824=CARTESIAN_POINT('',(0.452562281830853,-5.61996328788771,0.));
#4825=CARTESIAN_POINT('',(0.452562281830853,-5.61996328788771,0.));
#4826=CARTESIAN_POINT('',(0.429368445315827,-5.32197219299125,0.));
#4827=CARTESIAN_POINT('Origin',(-0.644734271823952,-5.51161848813356,0.));
#4828=CARTESIAN_POINT('',(-0.445337346108206,-5.52713834686711,3.));
#4829=CARTESIAN_POINT('',(-0.621497254890918,-5.3129729720904,3.));
#4830=CARTESIAN_POINT('Origin',(-0.644734271823952,-5.51161848813356,3.));
#4831=CARTESIAN_POINT('',(-0.621497254890918,-5.3129729720904,0.));
#4832=CARTESIAN_POINT('',(-0.621497254890918,-5.3129729720904,0.));
#4833=CARTESIAN_POINT('',(-0.445337346108206,-5.52713834686711,0.));
#4834=CARTESIAN_POINT('Origin',(-0.644734271823952,-5.51161848813356,0.));
#4835=CARTESIAN_POINT('',(-0.445337346108206,-5.52713834686711,0.));
#4836=CARTESIAN_POINT('Origin',(-0.429368445315828,-5.32197219299125,0.));
#4837=CARTESIAN_POINT('',(-0.452562281830855,-5.61996328788771,3.));
#4838=CARTESIAN_POINT('',(-0.222207696416841,-2.66040051449879,3.));
#4839=CARTESIAN_POINT('',(-0.452562281830855,-5.61996328788771,0.));
#4840=CARTESIAN_POINT('',(-0.429368445315828,-5.32197219299125,0.));
#4841=CARTESIAN_POINT('',(-0.452562281830855,-5.61996328788771,0.));
#4842=CARTESIAN_POINT('Origin',(-0.803746349819701,-5.49068415091885,0.));
#4843=CARTESIAN_POINT('',(-0.774778341825046,-5.29279313416261,3.));
#4844=CARTESIAN_POINT('',(-1.00036582506873,-5.45406746137982,3.));
#4845=CARTESIAN_POINT('Origin',(-0.803746349819701,-5.49068415091885,3.));
#4846=CARTESIAN_POINT('',(-1.00036582506873,-5.45406746137982,0.));
#4847=CARTESIAN_POINT('',(-1.00036582506873,-5.45406746137982,0.));
#4848=CARTESIAN_POINT('',(-0.774778341825046,-5.29279313416261,0.));
#4849=CARTESIAN_POINT('Origin',(-0.803746349819701,-5.49068415091885,0.));
#4850=CARTESIAN_POINT('',(-0.774778341825046,-5.29279313416261,0.));
#4851=CARTESIAN_POINT('Origin',(-1.01741193565759,-5.54559942020005,0.));
#4852=CARTESIAN_POINT('',(-1.01741193565759,-5.54559942020005,3.));
#4853=CARTESIAN_POINT('',(-0.501287290448389,-2.77418129962001,3.));
#4854=CARTESIAN_POINT('',(-1.01741193565759,-5.54559942020005,0.));
#4855=CARTESIAN_POINT('',(-1.01741193565759,-5.54559942020005,0.));
#4856=CARTESIAN_POINT('',(-0.962689690728025,-5.25175911901632,0.));
#4857=CARTESIAN_POINT('Origin',(-2.04927731831656,-5.15694513376217,0.));
#4858=CARTESIAN_POINT('',(-1.86069151310262,-5.22354388804339,3.));
#4859=CARTESIAN_POINT('',(-1.97541884075884,-4.9710824820732,3.));
#4860=CARTESIAN_POINT('Origin',(-2.04927731831656,-5.15694513376217,3.));
#4861=CARTESIAN_POINT('',(-1.97541884075884,-4.9710824820732,0.));
#4862=CARTESIAN_POINT('',(-1.97541884075884,-4.9710824820732,0.));
#4863=CARTESIAN_POINT('',(-1.86069151310262,-5.22354388804339,0.));
#4864=CARTESIAN_POINT('Origin',(-2.04927731831656,-5.15694513376217,0.));
#4865=CARTESIAN_POINT('',(-1.86069151310262,-5.22354388804339,0.));
#4866=CARTESIAN_POINT('Origin',(-1.79216583137631,-5.02950165698872,0.));
#4867=CARTESIAN_POINT('',(-1.89169512770706,-5.31133594493429,3.));
#4868=CARTESIAN_POINT('',(-0.90319847352206,-2.51223798142607,3.));
#4869=CARTESIAN_POINT('',(-1.89169512770706,-5.31133594493429,0.));
#4870=CARTESIAN_POINT('',(-1.79216583137631,-5.02950165698872,0.));
#4871=CARTESIAN_POINT('',(-1.89169512770706,-5.31133594493429,0.));
#4872=CARTESIAN_POINT('Origin',(-2.19745298597678,-5.09556876260362,0.));
#4873=CARTESIAN_POINT('',(-2.11825407492737,-4.91191819089585,3.));
#4874=CARTESIAN_POINT('',(-2.37789571844991,-5.00931089167215,3.));
#4875=CARTESIAN_POINT('Origin',(-2.19745298597678,-5.09556876260362,3.));
#4876=CARTESIAN_POINT('',(-2.37789571844991,-5.00931089167215,0.));
#4877=CARTESIAN_POINT('',(-2.37789571844991,-5.00931089167215,0.));
#4878=CARTESIAN_POINT('',(-2.11825407492737,-4.91191819089585,0.));
#4879=CARTESIAN_POINT('Origin',(-2.19745298597678,-5.09556876260362,0.));
#4880=CARTESIAN_POINT('',(-2.11825407492737,-4.91191819089585,0.));
#4881=CARTESIAN_POINT('Origin',(-2.41805121108369,-5.0933121165621,0.));
#4882=CARTESIAN_POINT('',(-2.41805121108369,-5.0933121165621,3.));
#4883=CARTESIAN_POINT('',(-1.20221729514349,-2.54991066627525,3.));
#4884=CARTESIAN_POINT('',(-2.41805121108369,-5.0933121165621,0.));
#4885=CARTESIAN_POINT('',(-2.41805121108369,-5.0933121165621,0.));
#4886=CARTESIAN_POINT('',(-2.28914211526869,-4.82364734002272,0.));
#4887=CARTESIAN_POINT('Origin',(-3.31416550215678,-4.45083449077966,0.));
#4888=CARTESIAN_POINT('',(-3.14924262841721,-4.56397354556394,3.));
#4889=CARTESIAN_POINT('',(-3.19471889716302,-4.29042093600494,3.));
#4890=CARTESIAN_POINT('Origin',(-3.31416550215678,-4.45083449077966,3.));
#4891=CARTESIAN_POINT('',(-3.19471889716302,-4.29042093600494,0.));
#4892=CARTESIAN_POINT('',(-3.19471889716303,-4.29042093600493,0.));
#4893=CARTESIAN_POINT('',(-3.14924262841721,-4.56397354556394,0.));
#4894=CARTESIAN_POINT('Origin',(-3.31416550215678,-4.45083449077966,0.));
#4895=CARTESIAN_POINT('',(-3.14924262841721,-4.56397354556394,0.));
#4896=CARTESIAN_POINT('Origin',(-3.03283007772256,-4.39427889470689,0.));
#4897=CARTESIAN_POINT('',(-3.20191207680403,-4.64074983473125,3.));
#4898=CARTESIAN_POINT('',(-1.5226377672628,-2.19287058158872,3.));
#4899=CARTESIAN_POINT('',(-3.20191207680403,-4.64074983473125,0.));
#4900=CARTESIAN_POINT('',(-3.03283007772256,-4.39427889470689,0.));
#4901=CARTESIAN_POINT('',(-3.20191207680403,-4.64074983473125,0.));
#4902=CARTESIAN_POINT('Origin',(-3.4414068326023,-4.35319878394247,0.));
#4903=CARTESIAN_POINT('',(-3.31737429340378,-4.19630414024815,3.));
#4904=CARTESIAN_POINT('',(-3.59337594827721,-4.22317806297467,3.));
#4905=CARTESIAN_POINT('Origin',(-3.4414068326023,-4.35319878394247,3.));
#4906=CARTESIAN_POINT('',(-3.59337594827721,-4.22317806297467,0.));
#4907=CARTESIAN_POINT('',(-3.59337594827721,-4.22317806297467,0.));
#4908=CARTESIAN_POINT('',(-3.31737429340378,-4.19630414024815,0.));
#4909=CARTESIAN_POINT('Origin',(-3.4414068326023,-4.35319878394247,0.));
#4910=CARTESIAN_POINT('',(-3.31737429340378,-4.19630414024815,0.));
#4911=CARTESIAN_POINT('Origin',(-3.65390429249299,-4.2939240092767,0.));
#4912=CARTESIAN_POINT('',(-3.65390429249299,-4.2939240092767,3.));
#4913=CARTESIAN_POINT('',(-1.82121817793258,-2.15186783495046,3.));
#4914=CARTESIAN_POINT('',(-3.65390429249299,-4.2939240092767,0.));
#4915=CARTESIAN_POINT('',(-3.65390429249299,-4.2939240092767,0.));
#4916=CARTESIAN_POINT('',(-3.45959328764001,-4.0668119662607,0.));
#4917=CARTESIAN_POINT('Origin',(-4.35319878394247,-3.4414068326023,0.));
#4918=CARTESIAN_POINT('',(-4.22317806297467,-3.5933759482772,3.));
#4919=CARTESIAN_POINT('',(-4.19630414024816,-3.31737429340377,3.));
#4920=CARTESIAN_POINT('Origin',(-4.35319878394247,-3.4414068326023,3.));
#4921=CARTESIAN_POINT('',(-4.19630414024816,-3.31737429340377,0.));
#4922=CARTESIAN_POINT('',(-4.19630414024816,-3.31737429340377,0.));
#4923=CARTESIAN_POINT('',(-4.22317806297467,-3.5933759482772,0.));
#4924=CARTESIAN_POINT('Origin',(-4.35319878394247,-3.4414068326023,0.));
#4925=CARTESIAN_POINT('',(-4.22317806297467,-3.5933759482772,0.));
#4926=CARTESIAN_POINT('Origin',(-4.0668119662607,-3.45959328764001,0.));
#4927=CARTESIAN_POINT('',(-4.2939240092767,-3.65390429249299,3.));
#4928=CARTESIAN_POINT('',(-2.03831181344246,-1.72406267550608,3.));
#4929=CARTESIAN_POINT('',(-4.2939240092767,-3.65390429249299,0.));
#4930=CARTESIAN_POINT('',(-4.0668119662607,-3.45959328764001,0.));
#4931=CARTESIAN_POINT('',(-4.2939240092767,-3.65390429249299,0.));
#4932=CARTESIAN_POINT('Origin',(-4.45083449077967,-3.31416550215678,0.));
#4933=CARTESIAN_POINT('',(-4.29042093600494,-3.19471889716302,3.));
#4934=CARTESIAN_POINT('',(-4.56397354556394,-3.1492426284172,3.));
#4935=CARTESIAN_POINT('Origin',(-4.45083449077967,-3.31416550215678,3.));
#4936=CARTESIAN_POINT('',(-4.56397354556394,-3.1492426284172,0.));
#4937=CARTESIAN_POINT('',(-4.56397354556394,-3.1492426284172,0.));
#4938=CARTESIAN_POINT('',(-4.29042093600494,-3.19471889716302,0.));
#4939=CARTESIAN_POINT('Origin',(-4.45083449077967,-3.31416550215678,0.));
#4940=CARTESIAN_POINT('',(-4.29042093600494,-3.19471889716302,0.));
#4941=CARTESIAN_POINT('Origin',(-4.64074983473125,-3.20191207680403,0.));
#4942=CARTESIAN_POINT('',(-4.64074983473125,-3.20191207680403,3.));
#4943=CARTESIAN_POINT('',(-2.3161060516009,-1.60717876680353,3.));
#4944=CARTESIAN_POINT('',(-4.64074983473125,-3.20191207680403,0.));
#4945=CARTESIAN_POINT('',(-4.64074983473125,-3.20191207680403,0.));
#4946=CARTESIAN_POINT('',(-4.39427889470689,-3.03283007772256,0.));
#4947=CARTESIAN_POINT('Origin',(-5.09556876260362,-2.19745298597677,0.));
#4948=CARTESIAN_POINT('',(-5.00931089167215,-2.3778957184499,3.));
#4949=CARTESIAN_POINT('',(-4.91191819089585,-2.11825407492737,3.));
#4950=CARTESIAN_POINT('Origin',(-5.09556876260362,-2.19745298597677,3.));
#4951=CARTESIAN_POINT('',(-4.91191819089585,-2.11825407492737,0.));
#4952=CARTESIAN_POINT('',(-4.91191819089585,-2.11825407492737,0.));
#4953=CARTESIAN_POINT('',(-5.00931089167215,-2.3778957184499,0.));
#4954=CARTESIAN_POINT('Origin',(-5.09556876260362,-2.19745298597677,0.));
#4955=CARTESIAN_POINT('',(-5.00931089167215,-2.3778957184499,0.));
#4956=CARTESIAN_POINT('Origin',(-4.82364734002272,-2.28914211526869,0.));
#4957=CARTESIAN_POINT('',(-5.0933121165621,-2.41805121108368,3.));
#4958=CARTESIAN_POINT('',(-2.41507827800556,-1.13776274723599,3.));
#4959=CARTESIAN_POINT('',(-5.0933121165621,-2.41805121108368,0.));
#4960=CARTESIAN_POINT('',(-4.82364734002272,-2.28914211526869,0.));
#4961=CARTESIAN_POINT('',(-5.0933121165621,-2.41805121108368,0.));
#4962=CARTESIAN_POINT('Origin',(-5.15694513376217,-2.04927731831655,0.));
#4963=CARTESIAN_POINT('',(-4.9710824820732,-1.97541884075883,3.));
#4964=CARTESIAN_POINT('',(-5.22354388804339,-1.86069151310262,3.));
#4965=CARTESIAN_POINT('Origin',(-5.15694513376217,-2.04927731831655,3.));
#4966=CARTESIAN_POINT('',(-5.22354388804339,-1.86069151310262,0.));
#4967=CARTESIAN_POINT('',(-5.22354388804339,-1.86069151310262,0.));
#4968=CARTESIAN_POINT('',(-4.9710824820732,-1.97541884075883,0.));
#4969=CARTESIAN_POINT('Origin',(-5.15694513376217,-2.04927731831655,0.));
#4970=CARTESIAN_POINT('',(-4.9710824820732,-1.97541884075883,0.));
#4971=CARTESIAN_POINT('Origin',(-5.31133594493429,-1.89169512770705,0.));
#4972=CARTESIAN_POINT('',(-5.31133594493429,-1.89169512770705,3.));
#4973=CARTESIAN_POINT('',(-2.65315512539885,-0.952963121687431,3.));
#4974=CARTESIAN_POINT('',(-5.31133594493429,-1.89169512770705,0.));
#4975=CARTESIAN_POINT('',(-5.31133594493429,-1.89169512770705,0.));
#4976=CARTESIAN_POINT('',(-5.02950165698873,-1.79216583137631,0.));
#4977=CARTESIAN_POINT('Origin',(-5.49068415091886,-0.803746349819695,0.));
#4978=CARTESIAN_POINT('',(-5.45406746137983,-1.00036582506872,3.));
#4979=CARTESIAN_POINT('',(-5.29279313416261,-0.77477834182504,3.));
#4980=CARTESIAN_POINT('Origin',(-5.49068415091886,-0.803746349819695,3.));
#4981=CARTESIAN_POINT('',(-5.29279313416261,-0.77477834182504,0.));
#4982=CARTESIAN_POINT('',(-5.29279313416261,-0.77477834182504,0.));
#4983=CARTESIAN_POINT('',(-5.45406746137982,-1.00036582506872,0.));
#4984=CARTESIAN_POINT('Origin',(-5.49068415091886,-0.803746349819695,0.));
#4985=CARTESIAN_POINT('',(-5.45406746137982,-1.00036582506872,0.));
#4986=CARTESIAN_POINT('Origin',(-5.25175911901632,-0.962689690728019,0.));
#4987=CARTESIAN_POINT('',(-5.54559942020005,-1.01741193565758,3.));
#4988=CARTESIAN_POINT('',(-2.62726114902814,-0.473926167983603,3.));
#4989=CARTESIAN_POINT('',(-5.54559942020005,-1.01741193565758,0.));
#4990=CARTESIAN_POINT('',(-5.25175911901632,-0.962689690728019,0.));
#4991=CARTESIAN_POINT('',(-5.54559942020005,-1.01741193565758,0.));
#4992=CARTESIAN_POINT('Origin',(-5.51161848813356,-0.644734271823949,0.));
#4993=CARTESIAN_POINT('',(-5.3129729720904,-0.621497254890915,3.));
#4994=CARTESIAN_POINT('',(-5.52713834686711,-0.445337346108205,3.));
#4995=CARTESIAN_POINT('Origin',(-5.51161848813356,-0.644734271823949,3.));
#4996=CARTESIAN_POINT('',(-5.52713834686711,-0.445337346108205,0.));
#4997=CARTESIAN_POINT('',(-5.52713834686711,-0.445337346108204,0.));
#4998=CARTESIAN_POINT('',(-5.3129729720904,-0.621497254890915,0.));
#4999=CARTESIAN_POINT('Origin',(-5.51161848813356,-0.644734271823949,0.));
#5000=CARTESIAN_POINT('',(-5.3129729720904,-0.621497254890916,0.));
#5001=CARTESIAN_POINT('Origin',(-5.61996328788771,-0.452562281830853,0.));
#5002=CARTESIAN_POINT('',(-5.61996328788771,-0.452562281830853,3.));
#5003=CARTESIAN_POINT('',(-2.80939606194702,-0.233804614674353,3.));
#5004=CARTESIAN_POINT('',(-5.61996328788771,-0.452562281830853,0.));
#5005=CARTESIAN_POINT('',(-5.61996328788771,-0.452562281830853,0.));
#5006=CARTESIAN_POINT('',(-5.32197219299125,-0.429368445315827,0.));
#5007=CARTESIAN_POINT('Ctrl Pts',(6.32243397523469,-1.50891637568093,0.));
#5008=CARTESIAN_POINT('Ctrl Pts',(6.32243397523469,-1.50891637568093,5.));
#5009=CARTESIAN_POINT('Ctrl Pts',(6.32038812050358,-1.50699077983341,0.));
#5010=CARTESIAN_POINT('Ctrl Pts',(6.32038812050358,-1.50699077983341,5.));
#5011=CARTESIAN_POINT('Ctrl Pts',(6.31629388950439,-1.50314563532396,0.));
#5012=CARTESIAN_POINT('Ctrl Pts',(6.31629388950439,-1.50314563532396,5.));
#5013=CARTESIAN_POINT('Ctrl Pts',(6.31014497839516,-1.49739606011655,0.));
#5014=CARTESIAN_POINT('Ctrl Pts',(6.31014497839516,-1.49739606011655,5.));
#5015=CARTESIAN_POINT('Ctrl Pts',(6.3019312959976,-1.48976625500797,0.));
#5016=CARTESIAN_POINT('Ctrl Pts',(6.3019312959976,-1.48976625500797,5.));
#5017=CARTESIAN_POINT('Ctrl Pts',(6.29163894473887,-1.48028958199368,0.));
#5018=CARTESIAN_POINT('Ctrl Pts',(6.29163894473887,-1.48028958199368,5.));
#5019=CARTESIAN_POINT('Ctrl Pts',(6.28132132201856,-1.47087364577057,0.));
#5020=CARTESIAN_POINT('Ctrl Pts',(6.28132132201856,-1.47087364577057,5.));
#5021=CARTESIAN_POINT('Ctrl Pts',(6.27097841951022,-1.46151866232026,0.));
#5022=CARTESIAN_POINT('Ctrl Pts',(6.27097841951022,-1.46151866232026,5.));
#5023=CARTESIAN_POINT('Ctrl Pts',(6.2606102570435,-1.45222491023723,0.));
#5024=CARTESIAN_POINT('Ctrl Pts',(6.2606102570435,-1.45222491023723,5.));
#5025=CARTESIAN_POINT('Ctrl Pts',(6.25021689717083,-1.44299273121371,0.));
#5026=CARTESIAN_POINT('Ctrl Pts',(6.25021689717083,-1.44299273121371,5.));
#5027=CARTESIAN_POINT('Ctrl Pts',(6.23979843319319,-1.43382251427348,0.));
#5028=CARTESIAN_POINT('Ctrl Pts',(6.23979843319319,-1.43382251427348,5.));
#5029=CARTESIAN_POINT('Ctrl Pts',(6.22935497618784,-1.42471467913842,0.));
#5030=CARTESIAN_POINT('Ctrl Pts',(6.22935497618784,-1.42471467913842,5.));
#5031=CARTESIAN_POINT('Ctrl Pts',(6.2188866424404,-1.41566965922575,0.));
#5032=CARTESIAN_POINT('Ctrl Pts',(6.2188866424404,-1.41566965922575,5.));
#5033=CARTESIAN_POINT('Ctrl Pts',(6.20839354128648,-1.40668788503939,0.));
#5034=CARTESIAN_POINT('Ctrl Pts',(6.20839354128648,-1.40668788503939,5.));
#5035=CARTESIAN_POINT('Ctrl Pts',(6.19787576193352,-1.39776976512777,0.));
#5036=CARTESIAN_POINT('Ctrl Pts',(6.19787576193352,-1.39776976512777,5.));
#5037=CARTESIAN_POINT('Ctrl Pts',(6.18733337704413,-1.38891569588327,0.));
#5038=CARTESIAN_POINT('Ctrl Pts',(6.18733337704413,-1.38891569588327,5.));
#5039=CARTESIAN_POINT('Ctrl Pts',(6.17676644792151,-1.38012607353164,0.));
#5040=CARTESIAN_POINT('Ctrl Pts',(6.17676644792151,-1.38012607353164,5.));
#5041=CARTESIAN_POINT('Ctrl Pts',(6.16617502935804,-1.3714013051301,0.));
#5042=CARTESIAN_POINT('Ctrl Pts',(6.16617502935804,-1.3714013051301,5.));
#5043=CARTESIAN_POINT('Ctrl Pts',(6.15555917460835,-1.36274181894173,0.));
#5044=CARTESIAN_POINT('Ctrl Pts',(6.15555917460835,-1.36274181894173,5.));
#5045=CARTESIAN_POINT('Ctrl Pts',(6.14491894098749,-1.35414807614666,0.));
#5046=CARTESIAN_POINT('Ctrl Pts',(6.14491894098749,-1.35414807614666,5.));
#5047=CARTESIAN_POINT('Ctrl Pts',(6.13425438940872,-1.34562056378325,0.));
#5048=CARTESIAN_POINT('Ctrl Pts',(6.13425438940872,-1.34562056378325,5.));
#5049=CARTESIAN_POINT('Ctrl Pts',(6.12356558318895,-1.3371597851629,0.));
#5050=CARTESIAN_POINT('Ctrl Pts',(6.12356558318895,-1.3371597851629,5.));
#5051=CARTESIAN_POINT('Ctrl Pts',(6.11285258734186,-1.32876625027417,0.));
#5052=CARTESIAN_POINT('Ctrl Pts',(6.11285258734186,-1.32876625027417,5.));
#5053=CARTESIAN_POINT('Ctrl Pts',(6.10211546773038,-1.32044046677444,0.));
#5054=CARTESIAN_POINT('Ctrl Pts',(6.10211546773038,-1.32044046677444,5.));
#5055=CARTESIAN_POINT('Ctrl Pts',(6.09135429076866,-1.31218292744161,0.));
#5056=CARTESIAN_POINT('Ctrl Pts',(6.09135429076866,-1.31218292744161,5.));
#5057=CARTESIAN_POINT('Ctrl Pts',(6.08056912011908,-1.30399412597918,0.));
#5058=CARTESIAN_POINT('Ctrl Pts',(6.08056912011908,-1.30399412597918,5.));
#5059=CARTESIAN_POINT('Ctrl Pts',(6.06976001312446,-1.29587457673388,0.));
#5060=CARTESIAN_POINT('Ctrl Pts',(6.06976001312446,-1.29587457673388,5.));
#5061=CARTESIAN_POINT('Ctrl Pts',(6.0589270172823,-1.28782483351034,0.));
#5062=CARTESIAN_POINT('Ctrl Pts',(6.0589270172823,-1.28782483351034,5.));
#5063=CARTESIAN_POINT('Ctrl Pts',(6.04807016734567,-1.27984550619122,0.));
#5064=CARTESIAN_POINT('Ctrl Pts',(6.04807016734567,-1.27984550619122,5.));
#5065=CARTESIAN_POINT('Ctrl Pts',(6.03718948106548,-1.27193728336314,0.));
#5066=CARTESIAN_POINT('Ctrl Pts',(6.03718948106548,-1.27193728336314,5.));
#5067=CARTESIAN_POINT('Ctrl Pts',(6.0262849666478,-1.26410090340728,0.));
#5068=CARTESIAN_POINT('Ctrl Pts',(6.0262849666478,-1.26410090340728,5.));
#5069=CARTESIAN_POINT('Ctrl Pts',(6.01535663220971,-1.25633711671304,0.));
#5070=CARTESIAN_POINT('Ctrl Pts',(6.01535663220971,-1.25633711671304,5.));
#5071=CARTESIAN_POINT('Ctrl Pts',(6.00440449531646,-1.24864664815869,0.));
#5072=CARTESIAN_POINT('Ctrl Pts',(6.00440449531646,-1.24864664815869,5.));
#5073=CARTESIAN_POINT('Ctrl Pts',(5.99342859128481,-1.24103016423612,0.));
#5074=CARTESIAN_POINT('Ctrl Pts',(5.99342859128481,-1.24103016423612,5.));
#5075=CARTESIAN_POINT('Ctrl Pts',(5.9824289858198,-1.23348822374374,0.));
#5076=CARTESIAN_POINT('Ctrl Pts',(5.9824289858198,-1.23348822374374,5.));
#5077=CARTESIAN_POINT('Ctrl Pts',(5.97140575590094,-1.22602135036307,0.));
#5078=CARTESIAN_POINT('Ctrl Pts',(5.97140575590094,-1.22602135036307,5.));
#5079=CARTESIAN_POINT('Ctrl Pts',(5.96035896495888,-1.21863012731249,0.));
#5080=CARTESIAN_POINT('Ctrl Pts',(5.96035896495888,-1.21863012731249,5.));
#5081=CARTESIAN_POINT('Ctrl Pts',(5.94928863875461,-1.21131528925388,0.));
#5082=CARTESIAN_POINT('Ctrl Pts',(5.94928863875461,-1.21131528925388,5.));
#5083=CARTESIAN_POINT('Ctrl Pts',(5.93819474432264,-1.20407780284033,0.));
#5084=CARTESIAN_POINT('Ctrl Pts',(5.93819474432264,-1.20407780284033,5.));
#5085=CARTESIAN_POINT('Ctrl Pts',(5.92707715930837,-1.19691898340345,0.));
#5086=CARTESIAN_POINT('Ctrl Pts',(5.92707715930837,-1.19691898340345,5.));
#5087=CARTESIAN_POINT('Ctrl Pts',(5.91593571431468,-1.1898403373383,0.));
#5088=CARTESIAN_POINT('Ctrl Pts',(5.91593571431468,-1.1898403373383,5.));
#5089=CARTESIAN_POINT('Ctrl Pts',(5.90477024908381,-1.18284335253413,0.));
#5090=CARTESIAN_POINT('Ctrl Pts',(5.90477024908381,-1.18284335253413,5.));
#5091=CARTESIAN_POINT('Ctrl Pts',(5.89358066740665,-1.17592929369792,0.));
#5092=CARTESIAN_POINT('Ctrl Pts',(5.89358066740665,-1.17592929369792,5.));
#5093=CARTESIAN_POINT('Ctrl Pts',(5.88236698525272,-1.16909902311953,0.));
#5094=CARTESIAN_POINT('Ctrl Pts',(5.88236698525272,-1.16909902311953,5.));
#5095=CARTESIAN_POINT('Ctrl Pts',(5.87112940179878,-1.1623527356873,0.));
#5096=CARTESIAN_POINT('Ctrl Pts',(5.87112940179878,-1.1623527356873,5.));
#5097=CARTESIAN_POINT('Ctrl Pts',(5.85986819675512,-1.15569034497196,0.));
#5098=CARTESIAN_POINT('Ctrl Pts',(5.85986819675512,-1.15569034497196,5.));
#5099=CARTESIAN_POINT('Ctrl Pts',(5.84858359566359,-1.14911198944323,0.));
#5100=CARTESIAN_POINT('Ctrl Pts',(5.84858359566359,-1.14911198944323,5.));
#5101=CARTESIAN_POINT('Ctrl Pts',(5.83727563905459,-1.14261852417562,0.));
#5102=CARTESIAN_POINT('Ctrl Pts',(5.83727563905459,-1.14261852417562,5.));
#5103=CARTESIAN_POINT('Ctrl Pts',(5.82594406658934,-1.1362119566512,0.));
#5104=CARTESIAN_POINT('Ctrl Pts',(5.82594406658934,-1.1362119566512,5.));
#5105=CARTESIAN_POINT('Ctrl Pts',(5.81458815113645,-1.12989606967944,0.));
#5106=CARTESIAN_POINT('Ctrl Pts',(5.81458815113645,-1.12989606967944,5.));
#5107=CARTESIAN_POINT('Ctrl Pts',(5.80320693699794,-1.12367553409367,0.));
#5108=CARTESIAN_POINT('Ctrl Pts',(5.80320693699794,-1.12367553409367,5.));
#5109=CARTESIAN_POINT('Ctrl Pts',(5.79179954732443,-1.117554763008,0.));
#5110=CARTESIAN_POINT('Ctrl Pts',(5.79179954732443,-1.117554763008,5.));
#5111=CARTESIAN_POINT('Ctrl Pts',(5.78036548340087,-1.1115367963035,0.));
#5112=CARTESIAN_POINT('Ctrl Pts',(5.78036548340087,-1.1115367963035,5.));
#5113=CARTESIAN_POINT('Ctrl Pts',(5.76890489227278,-1.10562230388206,0.));
#5114=CARTESIAN_POINT('Ctrl Pts',(5.76890489227278,-1.10562230388206,5.));
#5115=CARTESIAN_POINT('Ctrl Pts',(5.75741894256626,-1.09980818352342,0.));
#5116=CARTESIAN_POINT('Ctrl Pts',(5.75741894256626,-1.09980818352342,5.));
#5117=CARTESIAN_POINT('Ctrl Pts',(5.74590924076557,-1.09408975420322,0.));
#5118=CARTESIAN_POINT('Ctrl Pts',(5.74590924076557,-1.09408975420322,5.));
#5119=CARTESIAN_POINT('Ctrl Pts',(5.73437710450943,-1.08846348534018,0.));
#5120=CARTESIAN_POINT('Ctrl Pts',(5.73437710450943,-1.08846348534018,5.));
#5121=CARTESIAN_POINT('Ctrl Pts',(5.72282285506128,-1.08292965389821,0.));
#5122=CARTESIAN_POINT('Ctrl Pts',(5.72282285506128,-1.08292965389821,5.));
#5123=CARTESIAN_POINT('Ctrl Pts',(5.71124517114716,-1.07749477236207,0.));
#5124=CARTESIAN_POINT('Ctrl Pts',(5.71124517114716,-1.07749477236207,5.));
#5125=CARTESIAN_POINT('Ctrl Pts',(5.69964022851143,-1.0721748175686,0.));
#5126=CARTESIAN_POINT('Ctrl Pts',(5.69964022851143,-1.0721748175686,5.));
#5127=CARTESIAN_POINT('Ctrl Pts',(5.6880030831731,-1.06699007647152,0.));
#5128=CARTESIAN_POINT('Ctrl Pts',(5.6880030831731,-1.06699007647152,5.));
#5129=CARTESIAN_POINT('Ctrl Pts',(5.67632932272437,-1.06195899259871,0.));
#5130=CARTESIAN_POINT('Ctrl Pts',(5.67632932272437,-1.06195899259871,5.));
#5131=CARTESIAN_POINT('Ctrl Pts',(5.66461667845023,-1.05709215421022,0.));
#5132=CARTESIAN_POINT('Ctrl Pts',(5.66461667845023,-1.05709215421022,5.));
#5133=CARTESIAN_POINT('Ctrl Pts',(5.65286653006167,-1.05238669485786,0.));
#5134=CARTESIAN_POINT('Ctrl Pts',(5.65286653006167,-1.05238669485786,5.));
#5135=CARTESIAN_POINT('Ctrl Pts',(5.64108579958946,-1.04781921096412,0.));
#5136=CARTESIAN_POINT('Ctrl Pts',(5.64108579958946,-1.04781921096412,5.));
#5137=CARTESIAN_POINT('Ctrl Pts',(5.62928342739771,-1.0433593051369,0.));
#5138=CARTESIAN_POINT('Ctrl Pts',(5.62928342739771,-1.0433593051369,5.));
#5139=CARTESIAN_POINT('Ctrl Pts',(5.6174663801428,-1.0389849080137,0.));
#5140=CARTESIAN_POINT('Ctrl Pts',(5.6174663801428,-1.0389849080137,5.));
#5141=CARTESIAN_POINT('Ctrl Pts',(5.60563576495326,-1.03469720458534,0.));
#5142=CARTESIAN_POINT('Ctrl Pts',(5.60563576495326,-1.03469720458534,5.));
#5143=CARTESIAN_POINT('Ctrl Pts',(5.59378303177111,-1.0305352067731,0.));
#5144=CARTESIAN_POINT('Ctrl Pts',(5.59378303177111,-1.0305352067731,5.));
#5145=CARTESIAN_POINT('Ctrl Pts',(5.58188574691602,-1.0265920093086,0.));
#5146=CARTESIAN_POINT('Ctrl Pts',(5.58188574691602,-1.0265920093086,5.));
#5147=CARTESIAN_POINT('Ctrl Pts',(5.56991411487249,-1.02298893501342,0.));
#5148=CARTESIAN_POINT('Ctrl Pts',(5.56991411487249,-1.02298893501342,5.));
#5149=CARTESIAN_POINT('Ctrl Pts',(5.56025323073798,-1.02047593367316,0.));
#5150=CARTESIAN_POINT('Ctrl Pts',(5.56025323073798,-1.02047593367316,5.));
#5151=CARTESIAN_POINT('Ctrl Pts',(5.55294992776407,-1.01884173918604,0.));
#5152=CARTESIAN_POINT('Ctrl Pts',(5.55294992776407,-1.01884173918604,5.));
#5153=CARTESIAN_POINT('Ctrl Pts',(5.54805408508242,-1.0178690709531,0.));
#5154=CARTESIAN_POINT('Ctrl Pts',(5.54805408508242,-1.0178690709531,5.));
#5155=CARTESIAN_POINT('Ctrl Pts',(5.54559942020005,-1.01741193565759,0.));
#5156=CARTESIAN_POINT('Ctrl Pts',(5.54559942020005,-1.01741193565759,5.));
#5157=CARTESIAN_POINT('',(6.32243397523469,-1.50891637568093,3.));
#5158=CARTESIAN_POINT('Ctrl Pts',(5.54559942020005,-1.01741193565759,3.));
#5159=CARTESIAN_POINT('Ctrl Pts',(5.62344830926503,-1.03190983113941,3.));
#5160=CARTESIAN_POINT('Ctrl Pts',(5.7748822563332,-1.09683036178664,3.));
#5161=CARTESIAN_POINT('Ctrl Pts',(6.08142779591629,-1.29809569528599,3.));
#5162=CARTESIAN_POINT('Ctrl Pts',(6.20723613850342,-1.40049006726319,3.));
#5163=CARTESIAN_POINT('Ctrl Pts',(6.32243397523469,-1.50891637568093,3.));
#5164=CARTESIAN_POINT('',(6.32243397523469,-1.50891637568093,0.));
#5165=CARTESIAN_POINT('',(6.32243397523469,-1.50891637568093,0.));
#5166=CARTESIAN_POINT('Ctrl Pts',(5.54559942020005,-1.01741193565759,0.));
#5167=CARTESIAN_POINT('Ctrl Pts',(5.54805408508242,-1.0178690709531,0.));
#5168=CARTESIAN_POINT('Ctrl Pts',(5.55294992776407,-1.01884173918604,0.));
#5169=CARTESIAN_POINT('Ctrl Pts',(5.56025323073798,-1.02047593367316,0.));
#5170=CARTESIAN_POINT('Ctrl Pts',(5.56991411487249,-1.02298893501342,0.));
#5171=CARTESIAN_POINT('Ctrl Pts',(5.58188574691602,-1.0265920093086,0.));
#5172=CARTESIAN_POINT('Ctrl Pts',(5.59378303177111,-1.0305352067731,0.));
#5173=CARTESIAN_POINT('Ctrl Pts',(5.60563576495326,-1.03469720458534,0.));
#5174=CARTESIAN_POINT('Ctrl Pts',(5.6174663801428,-1.0389849080137,0.));
#5175=CARTESIAN_POINT('Ctrl Pts',(5.62928342739771,-1.0433593051369,0.));
#5176=CARTESIAN_POINT('Ctrl Pts',(5.64108579958946,-1.04781921096412,0.));
#5177=CARTESIAN_POINT('Ctrl Pts',(5.65286653006167,-1.05238669485786,0.));
#5178=CARTESIAN_POINT('Ctrl Pts',(5.66461667845023,-1.05709215421022,0.));
#5179=CARTESIAN_POINT('Ctrl Pts',(5.67632932272437,-1.06195899259871,0.));
#5180=CARTESIAN_POINT('Ctrl Pts',(5.6880030831731,-1.06699007647152,0.));
#5181=CARTESIAN_POINT('Ctrl Pts',(5.69964022851143,-1.0721748175686,0.));
#5182=CARTESIAN_POINT('Ctrl Pts',(5.71124517114716,-1.07749477236207,0.));
#5183=CARTESIAN_POINT('Ctrl Pts',(5.72282285506128,-1.08292965389821,0.));
#5184=CARTESIAN_POINT('Ctrl Pts',(5.73437710450943,-1.08846348534018,0.));
#5185=CARTESIAN_POINT('Ctrl Pts',(5.74590924076557,-1.09408975420322,0.));
#5186=CARTESIAN_POINT('Ctrl Pts',(5.75741894256626,-1.09980818352342,0.));
#5187=CARTESIAN_POINT('Ctrl Pts',(5.76890489227278,-1.10562230388206,0.));
#5188=CARTESIAN_POINT('Ctrl Pts',(5.78036548340087,-1.1115367963035,0.));
#5189=CARTESIAN_POINT('Ctrl Pts',(5.79179954732443,-1.117554763008,0.));
#5190=CARTESIAN_POINT('Ctrl Pts',(5.80320693699794,-1.12367553409367,0.));
#5191=CARTESIAN_POINT('Ctrl Pts',(5.81458815113645,-1.12989606967944,0.));
#5192=CARTESIAN_POINT('Ctrl Pts',(5.82594406658934,-1.1362119566512,0.));
#5193=CARTESIAN_POINT('Ctrl Pts',(5.83727563905459,-1.14261852417562,0.));
#5194=CARTESIAN_POINT('Ctrl Pts',(5.84858359566359,-1.14911198944323,0.));
#5195=CARTESIAN_POINT('Ctrl Pts',(5.85986819675512,-1.15569034497196,0.));
#5196=CARTESIAN_POINT('Ctrl Pts',(5.87112940179878,-1.1623527356873,0.));
#5197=CARTESIAN_POINT('Ctrl Pts',(5.88236698525272,-1.16909902311953,0.));
#5198=CARTESIAN_POINT('Ctrl Pts',(5.89358066740665,-1.17592929369792,0.));
#5199=CARTESIAN_POINT('Ctrl Pts',(5.90477024908381,-1.18284335253413,0.));
#5200=CARTESIAN_POINT('Ctrl Pts',(5.91593571431468,-1.1898403373383,0.));
#5201=CARTESIAN_POINT('Ctrl Pts',(5.92707715930837,-1.19691898340345,0.));
#5202=CARTESIAN_POINT('Ctrl Pts',(5.93819474432264,-1.20407780284033,0.));
#5203=CARTESIAN_POINT('Ctrl Pts',(5.94928863875461,-1.21131528925388,0.));
#5204=CARTESIAN_POINT('Ctrl Pts',(5.96035896495888,-1.21863012731249,0.));
#5205=CARTESIAN_POINT('Ctrl Pts',(5.97140575590094,-1.22602135036307,0.));
#5206=CARTESIAN_POINT('Ctrl Pts',(5.9824289858198,-1.23348822374374,0.));
#5207=CARTESIAN_POINT('Ctrl Pts',(5.99342859128481,-1.24103016423612,0.));
#5208=CARTESIAN_POINT('Ctrl Pts',(6.00440449531646,-1.24864664815869,0.));
#5209=CARTESIAN_POINT('Ctrl Pts',(6.01535663220971,-1.25633711671304,0.));
#5210=CARTESIAN_POINT('Ctrl Pts',(6.0262849666478,-1.26410090340728,0.));
#5211=CARTESIAN_POINT('Ctrl Pts',(6.03718948106548,-1.27193728336314,0.));
#5212=CARTESIAN_POINT('Ctrl Pts',(6.04807016734567,-1.27984550619122,0.));
#5213=CARTESIAN_POINT('Ctrl Pts',(6.0589270172823,-1.28782483351034,0.));
#5214=CARTESIAN_POINT('Ctrl Pts',(6.06976001312446,-1.29587457673388,0.));
#5215=CARTESIAN_POINT('Ctrl Pts',(6.08056912011908,-1.30399412597918,0.));
#5216=CARTESIAN_POINT('Ctrl Pts',(6.09135429076866,-1.31218292744161,0.));
#5217=CARTESIAN_POINT('Ctrl Pts',(6.10211546773038,-1.32044046677444,0.));
#5218=CARTESIAN_POINT('Ctrl Pts',(6.11285258734186,-1.32876625027417,0.));
#5219=CARTESIAN_POINT('Ctrl Pts',(6.12356558318895,-1.3371597851629,0.));
#5220=CARTESIAN_POINT('Ctrl Pts',(6.13425438940872,-1.34562056378325,0.));
#5221=CARTESIAN_POINT('Ctrl Pts',(6.14491894098749,-1.35414807614666,0.));
#5222=CARTESIAN_POINT('Ctrl Pts',(6.15555917460835,-1.36274181894173,0.));
#5223=CARTESIAN_POINT('Ctrl Pts',(6.16617502935804,-1.3714013051301,0.));
#5224=CARTESIAN_POINT('Ctrl Pts',(6.17676644792151,-1.38012607353164,0.));
#5225=CARTESIAN_POINT('Ctrl Pts',(6.18733337704413,-1.38891569588327,0.));
#5226=CARTESIAN_POINT('Ctrl Pts',(6.19787576193352,-1.39776976512777,0.));
#5227=CARTESIAN_POINT('Ctrl Pts',(6.20839354128648,-1.40668788503939,0.));
#5228=CARTESIAN_POINT('Ctrl Pts',(6.2188866424404,-1.41566965922575,0.));
#5229=CARTESIAN_POINT('Ctrl Pts',(6.22935497618784,-1.42471467913842,0.));
#5230=CARTESIAN_POINT('Ctrl Pts',(6.23979843319319,-1.43382251427348,0.));
#5231=CARTESIAN_POINT('Ctrl Pts',(6.25021689717083,-1.44299273121371,0.));
#5232=CARTESIAN_POINT('Ctrl Pts',(6.2606102570435,-1.45222491023723,0.));
#5233=CARTESIAN_POINT('Ctrl Pts',(6.27097841951022,-1.46151866232026,0.));
#5234=CARTESIAN_POINT('Ctrl Pts',(6.28132132201856,-1.47087364577057,0.));
#5235=CARTESIAN_POINT('Ctrl Pts',(6.29163894473887,-1.48028958199368,0.));
#5236=CARTESIAN_POINT('Ctrl Pts',(6.3019312959976,-1.48976625500797,0.));
#5237=CARTESIAN_POINT('Ctrl Pts',(6.31014497839516,-1.49739606011655,0.));
#5238=CARTESIAN_POINT('Ctrl Pts',(6.31629388950439,-1.50314563532396,0.));
#5239=CARTESIAN_POINT('Ctrl Pts',(6.32038812050358,-1.50699077983341,0.));
#5240=CARTESIAN_POINT('Ctrl Pts',(6.32243397523469,-1.50891637568093,0.));
#5241=CARTESIAN_POINT('Origin',(-2.53406936719785E-12,6.7898388132617E-13,
0.));
#5242=CARTESIAN_POINT('',(6.22984662414354,-1.85445707409133,3.));
#5243=CARTESIAN_POINT('Origin',(-2.53406936719785E-12,6.7898388132617E-13,
3.));
#5244=CARTESIAN_POINT('',(6.22984662414354,-1.85445707409133,0.));
#5245=CARTESIAN_POINT('',(6.22984662414354,-1.85445707409133,0.));
#5246=CARTESIAN_POINT('Origin',(-2.53406936719785E-12,6.7898388132617E-13,
0.));
#5247=CARTESIAN_POINT('Ctrl Pts',(5.31133594493429,-1.89169512770706,0.));
#5248=CARTESIAN_POINT('Ctrl Pts',(5.31133594493429,-1.89169512770706,5.));
#5249=CARTESIAN_POINT('Ctrl Pts',(5.31369031472795,-1.89252656936937,0.));
#5250=CARTESIAN_POINT('Ctrl Pts',(5.31369031472795,-1.89252656936937,5.));
#5251=CARTESIAN_POINT('Ctrl Pts',(5.31841657297966,-1.89413213531101,0.));
#5252=CARTESIAN_POINT('Ctrl Pts',(5.31841657297966,-1.89413213531101,5.));
#5253=CARTESIAN_POINT('Ctrl Pts',(5.32555851613017,-1.8963685328574,0.));
#5254=CARTESIAN_POINT('Ctrl Pts',(5.32555851613017,-1.8963685328574,5.));
#5255=CARTESIAN_POINT('Ctrl Pts',(5.3351815878838,-1.89902265192425,0.));
#5256=CARTESIAN_POINT('Ctrl Pts',(5.3351815878838,-1.89902265192425,5.));
#5257=CARTESIAN_POINT('Ctrl Pts',(5.34735086250585,-1.90188811407465,0.));
#5258=CARTESIAN_POINT('Ctrl Pts',(5.34735086250585,-1.90188811407465,5.));
#5259=CARTESIAN_POINT('Ctrl Pts',(5.35962581215867,-1.90442184732581,0.));
#5260=CARTESIAN_POINT('Ctrl Pts',(5.35962581215867,-1.90442184732581,5.));
#5261=CARTESIAN_POINT('Ctrl Pts',(5.3719715791048,-1.90674381808099,0.));
#5262=CARTESIAN_POINT('Ctrl Pts',(5.3719715791048,-1.90674381808099,5.));
#5263=CARTESIAN_POINT('Ctrl Pts',(5.38436104411553,-1.90894586558291,0.));
#5264=CARTESIAN_POINT('Ctrl Pts',(5.38436104411553,-1.90894586558291,5.));
#5265=CARTESIAN_POINT('Ctrl Pts',(5.39678210579759,-1.91106605017543,0.));
#5266=CARTESIAN_POINT('Ctrl Pts',(5.39678210579759,-1.91106605017543,5.));
#5267=CARTESIAN_POINT('Ctrl Pts',(5.40923321285418,-1.91310484452645,0.));
#5268=CARTESIAN_POINT('Ctrl Pts',(5.40923321285418,-1.91310484452645,5.));
#5269=CARTESIAN_POINT('Ctrl Pts',(5.42171936666512,-1.9150396526792,0.));
#5270=CARTESIAN_POINT('Ctrl Pts',(5.42171936666512,-1.9150396526792,5.));
#5271=CARTESIAN_POINT('Ctrl Pts',(5.43424802334403,-1.91683967953786,0.));
#5272=CARTESIAN_POINT('Ctrl Pts',(5.43424802334403,-1.91683967953786,5.));
#5273=CARTESIAN_POINT('Ctrl Pts',(5.44682489002517,-1.91848119599438,0.));
#5274=CARTESIAN_POINT('Ctrl Pts',(5.44682489002517,-1.91848119599438,5.));
#5275=CARTESIAN_POINT('Ctrl Pts',(5.45945020506787,-1.91996102977632,0.));
#5276=CARTESIAN_POINT('Ctrl Pts',(5.45945020506787,-1.91996102977632,5.));
#5277=CARTESIAN_POINT('Ctrl Pts',(5.47212063910694,-1.92128948494337,0.));
#5278=CARTESIAN_POINT('Ctrl Pts',(5.47212063910694,-1.92128948494337,5.));
#5279=CARTESIAN_POINT('Ctrl Pts',(5.48483079163567,-1.92248474026311,0.));
#5280=CARTESIAN_POINT('Ctrl Pts',(5.48483079163567,-1.92248474026311,5.));
#5281=CARTESIAN_POINT('Ctrl Pts',(5.49757480079036,-1.92356683674331,0.));
#5282=CARTESIAN_POINT('Ctrl Pts',(5.49757480079036,-1.92356683674331,5.));
#5283=CARTESIAN_POINT('Ctrl Pts',(5.51034799005511,-1.92455152285838,0.));
#5284=CARTESIAN_POINT('Ctrl Pts',(5.51034799005511,-1.92455152285838,5.));
#5285=CARTESIAN_POINT('Ctrl Pts',(5.52314824744435,-1.92544509922253,0.));
#5286=CARTESIAN_POINT('Ctrl Pts',(5.52314824744435,-1.92544509922253,5.));
#5287=CARTESIAN_POINT('Ctrl Pts',(5.53597515625383,-1.92624764506184,0.));
#5288=CARTESIAN_POINT('Ctrl Pts',(5.53597515625383,-1.92624764506184,5.));
#5289=CARTESIAN_POINT('Ctrl Pts',(5.54882934066559,-1.92695544398386,0.));
#5290=CARTESIAN_POINT('Ctrl Pts',(5.54882934066559,-1.92695544398386,5.));
#5291=CARTESIAN_POINT('Ctrl Pts',(5.56171174993562,-1.92756363886045,0.));
#5292=CARTESIAN_POINT('Ctrl Pts',(5.56171174993562,-1.92756363886045,5.));
#5293=CARTESIAN_POINT('Ctrl Pts',(5.57462292311417,-1.928068958777,0.));
#5294=CARTESIAN_POINT('Ctrl Pts',(5.57462292311417,-1.928068958777,5.));
#5295=CARTESIAN_POINT('Ctrl Pts',(5.58756239790513,-1.92847191036282,0.));
#5296=CARTESIAN_POINT('Ctrl Pts',(5.58756239790513,-1.92847191036282,5.));
#5297=CARTESIAN_POINT('Ctrl Pts',(5.60052908626788,-1.92877537558965,0.));
#5298=CARTESIAN_POINT('Ctrl Pts',(5.60052908626788,-1.92877537558965,5.));
#5299=CARTESIAN_POINT('Ctrl Pts',(5.61352154101919,-1.92898361475111,0.));
#5300=CARTESIAN_POINT('Ctrl Pts',(5.61352154101919,-1.92898361475111,5.));
#5301=CARTESIAN_POINT('Ctrl Pts',(5.62653825440113,-1.92910115075653,0.));
#5302=CARTESIAN_POINT('Ctrl Pts',(5.62653825440113,-1.92910115075653,5.));
#5303=CARTESIAN_POINT('Ctrl Pts',(5.63957796472322,-1.92913162318069,0.));
#5304=CARTESIAN_POINT('Ctrl Pts',(5.63957796472322,-1.92913162318069,5.));
#5305=CARTESIAN_POINT('Ctrl Pts',(5.65263989370442,-1.92907690072345,0.));
#5306=CARTESIAN_POINT('Ctrl Pts',(5.65263989370442,-1.92907690072345,5.));
#5307=CARTESIAN_POINT('Ctrl Pts',(5.66572357870713,-1.92893770363586,0.));
#5308=CARTESIAN_POINT('Ctrl Pts',(5.66572357870713,-1.92893770363586,5.));
#5309=CARTESIAN_POINT('Ctrl Pts',(5.6788287551715,-1.92871403906529,0.));
#5310=CARTESIAN_POINT('Ctrl Pts',(5.6788287551715,-1.92871403906529,5.));
#5311=CARTESIAN_POINT('Ctrl Pts',(5.69195522407597,-1.92840569230664,0.));
#5312=CARTESIAN_POINT('Ctrl Pts',(5.69195522407597,-1.92840569230664,5.));
#5313=CARTESIAN_POINT('Ctrl Pts',(5.70510271548421,-1.92801273254981,0.));
#5314=CARTESIAN_POINT('Ctrl Pts',(5.70510271548421,-1.92801273254981,5.));
#5315=CARTESIAN_POINT('Ctrl Pts',(5.7182707844213,-1.92753589857494,0.));
#5316=CARTESIAN_POINT('Ctrl Pts',(5.7182707844213,-1.92753589857494,5.));
#5317=CARTESIAN_POINT('Ctrl Pts',(5.73145888185327,-1.92697633375496,0.));
#5318=CARTESIAN_POINT('Ctrl Pts',(5.73145888185327,-1.92697633375496,5.));
#5319=CARTESIAN_POINT('Ctrl Pts',(5.74466640262281,-1.92633540676865,0.));
#5320=CARTESIAN_POINT('Ctrl Pts',(5.74466640262281,-1.92633540676865,5.));
#5321=CARTESIAN_POINT('Ctrl Pts',(5.75789274023457,-1.92561450689096,0.));
#5322=CARTESIAN_POINT('Ctrl Pts',(5.75789274023457,-1.92561450689096,5.));
#5323=CARTESIAN_POINT('Ctrl Pts',(5.77113734298496,-1.92481483440977,0.));
#5324=CARTESIAN_POINT('Ctrl Pts',(5.77113734298496,-1.92481483440977,5.));
#5325=CARTESIAN_POINT('Ctrl Pts',(5.78439975609636,-1.92393724295396,0.));
#5326=CARTESIAN_POINT('Ctrl Pts',(5.78439975609636,-1.92393724295396,5.));
#5327=CARTESIAN_POINT('Ctrl Pts',(5.79767958992819,-1.92298235587889,0.));
#5328=CARTESIAN_POINT('Ctrl Pts',(5.79767958992819,-1.92298235587889,5.));
#5329=CARTESIAN_POINT('Ctrl Pts',(5.81097649793869,-1.92195064655116,0.));
#5330=CARTESIAN_POINT('Ctrl Pts',(5.81097649793869,-1.92195064655116,5.));
#5331=CARTESIAN_POINT('Ctrl Pts',(5.82429015162088,-1.92084253000252,0.));
#5332=CARTESIAN_POINT('Ctrl Pts',(5.82429015162088,-1.92084253000252,5.));
#5333=CARTESIAN_POINT('Ctrl Pts',(5.83762021467333,-1.91965845731408,0.));
#5334=CARTESIAN_POINT('Ctrl Pts',(5.83762021467333,-1.91965845731408,5.));
#5335=CARTESIAN_POINT('Ctrl Pts',(5.85096632326489,-1.91839898802635,0.));
#5336=CARTESIAN_POINT('Ctrl Pts',(5.85096632326489,-1.91839898802635,5.));
#5337=CARTESIAN_POINT('Ctrl Pts',(5.86432809974446,-1.9170647411197,0.));
#5338=CARTESIAN_POINT('Ctrl Pts',(5.86432809974446,-1.9170647411197,5.));
#5339=CARTESIAN_POINT('Ctrl Pts',(5.87770516188776,-1.91565636239189,0.));
#5340=CARTESIAN_POINT('Ctrl Pts',(5.87770516188776,-1.91565636239189,5.));
#5341=CARTESIAN_POINT('Ctrl Pts',(5.89109713339752,-1.91417448719674,0.));
#5342=CARTESIAN_POINT('Ctrl Pts',(5.89109713339752,-1.91417448719674,5.));
#5343=CARTESIAN_POINT('Ctrl Pts',(5.90450365460769,-1.91261970299229,0.));
#5344=CARTESIAN_POINT('Ctrl Pts',(5.90450365460769,-1.91261970299229,5.));
#5345=CARTESIAN_POINT('Ctrl Pts',(5.9179243904799,-1.91099252057589,0.));
#5346=CARTESIAN_POINT('Ctrl Pts',(5.9179243904799,-1.91099252057589,5.));
#5347=CARTESIAN_POINT('Ctrl Pts',(5.93135902297781,-1.90929339580767,0.));
#5348=CARTESIAN_POINT('Ctrl Pts',(5.93135902297781,-1.90929339580767,5.));
#5349=CARTESIAN_POINT('Ctrl Pts',(5.94480724526769,-1.90752274545355,0.));
#5350=CARTESIAN_POINT('Ctrl Pts',(5.94480724526769,-1.90752274545355,5.));
#5351=CARTESIAN_POINT('Ctrl Pts',(5.95826875536457,-1.90568096524211,0.));
#5352=CARTESIAN_POINT('Ctrl Pts',(5.95826875536457,-1.90568096524211,5.));
#5353=CARTESIAN_POINT('Ctrl Pts',(5.97174324936315,-1.90376844872447,0.));
#5354=CARTESIAN_POINT('Ctrl Pts',(5.97174324936315,-1.90376844872447,5.));
#5355=CARTESIAN_POINT('Ctrl Pts',(5.98523041639577,-1.90178560261334,0.));
#5356=CARTESIAN_POINT('Ctrl Pts',(5.98523041639577,-1.90178560261334,5.));
#5357=CARTESIAN_POINT('Ctrl Pts',(5.99872994516466,-1.89973283606493,0.));
#5358=CARTESIAN_POINT('Ctrl Pts',(5.99872994516466,-1.89973283606493,5.));
#5359=CARTESIAN_POINT('Ctrl Pts',(6.01224152918006,-1.89761055330123,0.));
#5360=CARTESIAN_POINT('Ctrl Pts',(6.01224152918006,-1.89761055330123,5.));
#5361=CARTESIAN_POINT('Ctrl Pts',(6.02576487217037,-1.89541914565322,0.));
#5362=CARTESIAN_POINT('Ctrl Pts',(6.02576487217037,-1.89541914565322,5.));
#5363=CARTESIAN_POINT('Ctrl Pts',(6.03929969390921,-1.89315898385709,0.));
#5364=CARTESIAN_POINT('Ctrl Pts',(6.03929969390921,-1.89315898385709,5.));
#5365=CARTESIAN_POINT('Ctrl Pts',(6.05284573414521,-1.89083041217222,0.));
#5366=CARTESIAN_POINT('Ctrl Pts',(6.05284573414521,-1.89083041217222,5.));
#5367=CARTESIAN_POINT('Ctrl Pts',(6.06640274189815,-1.88843375572431,0.));
#5368=CARTESIAN_POINT('Ctrl Pts',(6.06640274189815,-1.88843375572431,5.));
#5369=CARTESIAN_POINT('Ctrl Pts',(6.07997046596502,-1.88596932700334,0.));
#5370=CARTESIAN_POINT('Ctrl Pts',(6.07997046596502,-1.88596932700334,5.));
#5371=CARTESIAN_POINT('Ctrl Pts',(6.09354864522197,-1.88343743296385,0.));
#5372=CARTESIAN_POINT('Ctrl Pts',(6.09354864522197,-1.88343743296385,5.));
#5373=CARTESIAN_POINT('Ctrl Pts',(6.10713699813888,-1.88083838281546,0.));
#5374=CARTESIAN_POINT('Ctrl Pts',(6.10713699813888,-1.88083838281546,5.));
#5375=CARTESIAN_POINT('Ctrl Pts',(6.12073521477637,-1.8781724947177,0.));
#5376=CARTESIAN_POINT('Ctrl Pts',(6.12073521477637,-1.8781724947177,5.));
#5377=CARTESIAN_POINT('Ctrl Pts',(6.13434297771954,-1.87544008587806,0.));
#5378=CARTESIAN_POINT('Ctrl Pts',(6.13434297771954,-1.87544008587806,5.));
#5379=CARTESIAN_POINT('Ctrl Pts',(6.1479599809117,-1.87264146424774,0.));
#5380=CARTESIAN_POINT('Ctrl Pts',(6.1479599809117,-1.87264146424774,5.));
#5381=CARTESIAN_POINT('Ctrl Pts',(6.16158594903997,-1.86977692008072,0.));
#5382=CARTESIAN_POINT('Ctrl Pts',(6.16158594903997,-1.86977692008072,5.));
#5383=CARTESIAN_POINT('Ctrl Pts',(6.17522065708621,-1.86684671801495,0.));
#5384=CARTESIAN_POINT('Ctrl Pts',(6.17522065708621,-1.86684671801495,5.));
#5385=CARTESIAN_POINT('Ctrl Pts',(6.18886394858021,-1.86385108940547,0.));
#5386=CARTESIAN_POINT('Ctrl Pts',(6.18886394858021,-1.86385108940547,5.));
#5387=CARTESIAN_POINT('Ctrl Pts',(6.20251572274209,-1.8607902254611,0.));
#5388=CARTESIAN_POINT('Ctrl Pts',(6.20251572274209,-1.8607902254611,5.));
#5389=CARTESIAN_POINT('Ctrl Pts',(6.21344388291129,-1.85828946160992,0.));
#5390=CARTESIAN_POINT('Ctrl Pts',(6.21344388291129,-1.85828946160992,5.));
#5391=CARTESIAN_POINT('Ctrl Pts',(6.22164378374119,-1.85638463897396,0.));
#5392=CARTESIAN_POINT('Ctrl Pts',(6.22164378374119,-1.85638463897396,5.));
#5393=CARTESIAN_POINT('Ctrl Pts',(6.22711206405019,-1.85510176164715,0.));
#5394=CARTESIAN_POINT('Ctrl Pts',(6.22711206405019,-1.85510176164715,5.));
#5395=CARTESIAN_POINT('Ctrl Pts',(6.22984662414354,-1.85445707409133,0.));
#5396=CARTESIAN_POINT('Ctrl Pts',(6.22984662414354,-1.85445707409133,5.));
#5397=CARTESIAN_POINT('Ctrl Pts',(6.22984662414354,-1.85445707409133,3.));
#5398=CARTESIAN_POINT('Ctrl Pts',(6.19112842603702,-1.86358510187312,3.));
#5399=CARTESIAN_POINT('Ctrl Pts',(6.15250811471388,-1.87193470787247,3.));
#5400=CARTESIAN_POINT('Ctrl Pts',(6.11400117877229,-1.87948458398575,3.));
#5401=CARTESIAN_POINT('Ctrl Pts',(6.05837569844451,-1.89039081360249,3.));
#5402=CARTESIAN_POINT('Ctrl Pts',(6.0029941128718,-1.89962652342992,3.));
#5403=CARTESIAN_POINT('Ctrl Pts',(5.94794243164883,-1.90708266296492,3.));
#5404=CARTESIAN_POINT('Ctrl Pts',(5.89272821811397,-1.9145608156986,3.));
#5405=CARTESIAN_POINT('Ctrl Pts',(5.83784523439677,-1.92025186425208,3.));
#5406=CARTESIAN_POINT('Ctrl Pts',(5.78340294253939,-1.92398681863627,3.));
#5407=CARTESIAN_POINT('Ctrl Pts',(5.74898959018056,-1.92634770934976,3.));
#5408=CARTESIAN_POINT('Ctrl Pts',(5.71475110328972,-1.92793198242262,3.));
#5409=CARTESIAN_POINT('Ctrl Pts',(5.68072909444466,-1.92865355786725,3.));
#5410=CARTESIAN_POINT('Ctrl Pts',(5.66105682250031,-1.92907078862043,3.));
#5411=CARTESIAN_POINT('Ctrl Pts',(5.64145535894578,-1.92920556749839,3.));
#5412=CARTESIAN_POINT('Ctrl Pts',(5.62193152414463,-1.92904758013614,3.));
#5413=CARTESIAN_POINT('Ctrl Pts',(5.60586075715334,-1.92891753508545,3.));
#5414=CARTESIAN_POINT('Ctrl Pts',(5.58984364643003,-1.92858518783294,3.));
#5415=CARTESIAN_POINT('Ctrl Pts',(5.57389166982817,-1.92801726898463,3.));
#5416=CARTESIAN_POINT('Ctrl Pts',(5.55474193604102,-1.92733550427112,3.));
#5417=CARTESIAN_POINT('Ctrl Pts',(5.53568738062834,-1.92630920034387,3.));
#5418=CARTESIAN_POINT('Ctrl Pts',(5.51672070807646,-1.92498477637492,3.));
#5419=CARTESIAN_POINT('Ctrl Pts',(5.50591677474755,-1.92423034840552,3.));
#5420=CARTESIAN_POINT('Ctrl Pts',(5.4951404476337,-1.92338263700044,3.));
#5421=CARTESIAN_POINT('Ctrl Pts',(5.48439951618955,-1.92241694813125,3.));
#5422=CARTESIAN_POINT('Ctrl Pts',(5.47330571106275,-1.92141953331823,3.));
#5423=CARTESIAN_POINT('Ctrl Pts',(5.46225131543248,-1.92029008721005,3.));
#5424=CARTESIAN_POINT('Ctrl Pts',(5.45125154510307,-1.91897765337175,3.));
#5425=CARTESIAN_POINT('Ctrl Pts',(5.44256727577364,-1.91794149274407,3.));
#5426=CARTESIAN_POINT('Ctrl Pts',(5.43391757489287,-1.91678935034217,3.));
#5427=CARTESIAN_POINT('Ctrl Pts',(5.42530030120867,-1.91553261048652,3.));
#5428=CARTESIAN_POINT('Ctrl Pts',(5.4156124343156,-1.91411973573205,3.));
#5429=CARTESIAN_POINT('Ctrl Pts',(5.40596370296744,-1.91258129724119,3.));
#5430=CARTESIAN_POINT('Ctrl Pts',(5.39634172252388,-1.91097058240248,3.));
#5431=CARTESIAN_POINT('Ctrl Pts',(5.38912523719121,-1.90976254627344,3.));
#5432=CARTESIAN_POINT('Ctrl Pts',(5.38192323981478,-1.90851595635941,3.));
#5433=CARTESIAN_POINT('Ctrl Pts',(5.37474115882258,-1.90721589818209,3.));
#5434=CARTESIAN_POINT('Ctrl Pts',(5.36769602498281,-1.9059406293751,3.));
#5435=CARTESIAN_POINT('Ctrl Pts',(5.36067003242091,-1.9046140382791,3.));
#5436=CARTESIAN_POINT('Ctrl Pts',(5.35368568305247,-1.90315983054271,3.));
#5437=CARTESIAN_POINT('Ctrl Pts',(5.34649768529793,-1.90166322128214,3.));
#5438=CARTESIAN_POINT('Ctrl Pts',(5.33935514000529,-1.90002670721538,3.));
#5439=CARTESIAN_POINT('Ctrl Pts',(5.33228852325508,-1.89814483781657,3.));
#5440=CARTESIAN_POINT('Ctrl Pts',(5.32619393195894,-1.89652182283446,3.));
#5441=CARTESIAN_POINT('Ctrl Pts',(5.32015644993348,-1.89471405785587,3.));
#5442=CARTESIAN_POINT('Ctrl Pts',(5.31418702367485,-1.89268343536147,3.));
#5443=CARTESIAN_POINT('Ctrl Pts',(5.31323496077387,-1.89235957168361,3.));
#5444=CARTESIAN_POINT('Ctrl Pts',(5.31228459904823,-1.89203014328345,3.));
#5445=CARTESIAN_POINT('Ctrl Pts',(5.31133594493429,-1.89169512770706,3.));
#5446=CARTESIAN_POINT('Ctrl Pts',(5.31133594493429,-1.89169512770706,0.));
#5447=CARTESIAN_POINT('Ctrl Pts',(5.31369031472795,-1.89252656936937,0.));
#5448=CARTESIAN_POINT('Ctrl Pts',(5.31841657297966,-1.89413213531101,0.));
#5449=CARTESIAN_POINT('Ctrl Pts',(5.32555851613017,-1.8963685328574,0.));
#5450=CARTESIAN_POINT('Ctrl Pts',(5.3351815878838,-1.89902265192425,0.));
#5451=CARTESIAN_POINT('Ctrl Pts',(5.34735086250585,-1.90188811407465,0.));
#5452=CARTESIAN_POINT('Ctrl Pts',(5.35962581215867,-1.90442184732581,0.));
#5453=CARTESIAN_POINT('Ctrl Pts',(5.3719715791048,-1.90674381808099,0.));
#5454=CARTESIAN_POINT('Ctrl Pts',(5.38436104411553,-1.90894586558291,0.));
#5455=CARTESIAN_POINT('Ctrl Pts',(5.39678210579759,-1.91106605017543,0.));
#5456=CARTESIAN_POINT('Ctrl Pts',(5.40923321285418,-1.91310484452645,0.));
#5457=CARTESIAN_POINT('Ctrl Pts',(5.42171936666512,-1.9150396526792,0.));
#5458=CARTESIAN_POINT('Ctrl Pts',(5.43424802334403,-1.91683967953786,0.));
#5459=CARTESIAN_POINT('Ctrl Pts',(5.44682489002517,-1.91848119599438,0.));
#5460=CARTESIAN_POINT('Ctrl Pts',(5.45945020506787,-1.91996102977632,0.));
#5461=CARTESIAN_POINT('Ctrl Pts',(5.47212063910694,-1.92128948494337,0.));
#5462=CARTESIAN_POINT('Ctrl Pts',(5.48483079163567,-1.92248474026311,0.));
#5463=CARTESIAN_POINT('Ctrl Pts',(5.49757480079036,-1.92356683674331,0.));
#5464=CARTESIAN_POINT('Ctrl Pts',(5.51034799005511,-1.92455152285838,0.));
#5465=CARTESIAN_POINT('Ctrl Pts',(5.52314824744435,-1.92544509922253,0.));
#5466=CARTESIAN_POINT('Ctrl Pts',(5.53597515625383,-1.92624764506184,0.));
#5467=CARTESIAN_POINT('Ctrl Pts',(5.54882934066559,-1.92695544398386,0.));
#5468=CARTESIAN_POINT('Ctrl Pts',(5.56171174993562,-1.92756363886045,0.));
#5469=CARTESIAN_POINT('Ctrl Pts',(5.57462292311417,-1.928068958777,0.));
#5470=CARTESIAN_POINT('Ctrl Pts',(5.58756239790513,-1.92847191036282,0.));
#5471=CARTESIAN_POINT('Ctrl Pts',(5.60052908626788,-1.92877537558965,0.));
#5472=CARTESIAN_POINT('Ctrl Pts',(5.61352154101919,-1.92898361475111,0.));
#5473=CARTESIAN_POINT('Ctrl Pts',(5.62653825440113,-1.92910115075653,0.));
#5474=CARTESIAN_POINT('Ctrl Pts',(5.63957796472322,-1.92913162318069,0.));
#5475=CARTESIAN_POINT('Ctrl Pts',(5.65263989370442,-1.92907690072345,0.));
#5476=CARTESIAN_POINT('Ctrl Pts',(5.66572357870713,-1.92893770363586,0.));
#5477=CARTESIAN_POINT('Ctrl Pts',(5.6788287551715,-1.92871403906529,0.));
#5478=CARTESIAN_POINT('Ctrl Pts',(5.69195522407597,-1.92840569230664,0.));
#5479=CARTESIAN_POINT('Ctrl Pts',(5.70510271548421,-1.92801273254981,0.));
#5480=CARTESIAN_POINT('Ctrl Pts',(5.7182707844213,-1.92753589857494,0.));
#5481=CARTESIAN_POINT('Ctrl Pts',(5.73145888185327,-1.92697633375496,0.));
#5482=CARTESIAN_POINT('Ctrl Pts',(5.74466640262281,-1.92633540676865,0.));
#5483=CARTESIAN_POINT('Ctrl Pts',(5.75789274023457,-1.92561450689096,0.));
#5484=CARTESIAN_POINT('Ctrl Pts',(5.77113734298496,-1.92481483440977,0.));
#5485=CARTESIAN_POINT('Ctrl Pts',(5.78439975609636,-1.92393724295396,0.));
#5486=CARTESIAN_POINT('Ctrl Pts',(5.79767958992819,-1.92298235587889,0.));
#5487=CARTESIAN_POINT('Ctrl Pts',(5.81097649793869,-1.92195064655116,0.));
#5488=CARTESIAN_POINT('Ctrl Pts',(5.82429015162088,-1.92084253000252,0.));
#5489=CARTESIAN_POINT('Ctrl Pts',(5.83762021467333,-1.91965845731408,0.));
#5490=CARTESIAN_POINT('Ctrl Pts',(5.85096632326489,-1.91839898802635,0.));
#5491=CARTESIAN_POINT('Ctrl Pts',(5.86432809974446,-1.9170647411197,0.));
#5492=CARTESIAN_POINT('Ctrl Pts',(5.87770516188776,-1.91565636239189,0.));
#5493=CARTESIAN_POINT('Ctrl Pts',(5.89109713339752,-1.91417448719674,0.));
#5494=CARTESIAN_POINT('Ctrl Pts',(5.90450365460769,-1.91261970299229,0.));
#5495=CARTESIAN_POINT('Ctrl Pts',(5.9179243904799,-1.91099252057589,0.));
#5496=CARTESIAN_POINT('Ctrl Pts',(5.93135902297781,-1.90929339580767,0.));
#5497=CARTESIAN_POINT('Ctrl Pts',(5.94480724526769,-1.90752274545355,0.));
#5498=CARTESIAN_POINT('Ctrl Pts',(5.95826875536457,-1.90568096524211,0.));
#5499=CARTESIAN_POINT('Ctrl Pts',(5.97174324936315,-1.90376844872447,0.));
#5500=CARTESIAN_POINT('Ctrl Pts',(5.98523041639577,-1.90178560261334,0.));
#5501=CARTESIAN_POINT('Ctrl Pts',(5.99872994516466,-1.89973283606493,0.));
#5502=CARTESIAN_POINT('Ctrl Pts',(6.01224152918006,-1.89761055330123,0.));
#5503=CARTESIAN_POINT('Ctrl Pts',(6.02576487217037,-1.89541914565322,0.));
#5504=CARTESIAN_POINT('Ctrl Pts',(6.03929969390921,-1.89315898385709,0.));
#5505=CARTESIAN_POINT('Ctrl Pts',(6.05284573414521,-1.89083041217222,0.));
#5506=CARTESIAN_POINT('Ctrl Pts',(6.06640274189815,-1.88843375572431,0.));
#5507=CARTESIAN_POINT('Ctrl Pts',(6.07997046596502,-1.88596932700334,0.));
#5508=CARTESIAN_POINT('Ctrl Pts',(6.09354864522197,-1.88343743296385,0.));
#5509=CARTESIAN_POINT('Ctrl Pts',(6.10713699813888,-1.88083838281546,0.));
#5510=CARTESIAN_POINT('Ctrl Pts',(6.12073521477637,-1.8781724947177,0.));
#5511=CARTESIAN_POINT('Ctrl Pts',(6.13434297771954,-1.87544008587806,0.));
#5512=CARTESIAN_POINT('Ctrl Pts',(6.1479599809117,-1.87264146424774,0.));
#5513=CARTESIAN_POINT('Ctrl Pts',(6.16158594903997,-1.86977692008072,0.));
#5514=CARTESIAN_POINT('Ctrl Pts',(6.17522065708621,-1.86684671801495,0.));
#5515=CARTESIAN_POINT('Ctrl Pts',(6.18886394858021,-1.86385108940547,0.));
#5516=CARTESIAN_POINT('Ctrl Pts',(6.20251572274209,-1.8607902254611,0.));
#5517=CARTESIAN_POINT('Ctrl Pts',(6.21344388291129,-1.85828946160992,0.));
#5518=CARTESIAN_POINT('Ctrl Pts',(6.22164378374119,-1.85638463897396,0.));
#5519=CARTESIAN_POINT('Ctrl Pts',(6.22711206405019,-1.85510176164715,0.));
#5520=CARTESIAN_POINT('Ctrl Pts',(6.22984662414354,-1.85445707409133,0.));
#5521=CARTESIAN_POINT('Ctrl Pts',(5.71646596619336,-3.09386762117469,0.));
#5522=CARTESIAN_POINT('Ctrl Pts',(5.71646596619336,-3.09386762117469,5.));
#5523=CARTESIAN_POINT('Ctrl Pts',(5.71498820315025,-3.09147813224665,0.));
#5524=CARTESIAN_POINT('Ctrl Pts',(5.71498820315025,-3.09147813224665,5.));
#5525=CARTESIAN_POINT('Ctrl Pts',(5.71202867631955,-3.08670434290151,0.));
#5526=CARTESIAN_POINT('Ctrl Pts',(5.71202867631955,-3.08670434290151,5.));
#5527=CARTESIAN_POINT('Ctrl Pts',(5.70757738384052,-3.07955922441678,0.));
#5528=CARTESIAN_POINT('Ctrl Pts',(5.70757738384052,-3.07955922441678,5.));
#5529=CARTESIAN_POINT('Ctrl Pts',(5.7016183147563,-3.07006354117793,0.));
#5530=CARTESIAN_POINT('Ctrl Pts',(5.7016183147563,-3.07006354117793,5.));
#5531=CARTESIAN_POINT('Ctrl Pts',(5.69412941032256,-3.05824592144149,0.));
#5532=CARTESIAN_POINT('Ctrl Pts',(5.69412941032256,-3.05824592144149,5.));
#5533=CARTESIAN_POINT('Ctrl Pts',(5.68660037569312,-3.0464804282047,0.));
#5534=CARTESIAN_POINT('Ctrl Pts',(5.68660037569312,-3.0464804282047,5.));
#5535=CARTESIAN_POINT('Ctrl Pts',(5.67903114692508,-3.03476726793474,0.));
#5536=CARTESIAN_POINT('Ctrl Pts',(5.67903114692508,-3.03476726793474,5.));
#5537=CARTESIAN_POINT('Ctrl Pts',(5.67142167106686,-3.02310671486551,0.));
#5538=CARTESIAN_POINT('Ctrl Pts',(5.67142167106686,-3.02310671486551,5.));
#5539=CARTESIAN_POINT('Ctrl Pts',(5.66377192010302,-3.01149911523611,0.));
#5540=CARTESIAN_POINT('Ctrl Pts',(5.66377192010302,-3.01149911523611,5.));
#5541=CARTESIAN_POINT('Ctrl Pts',(5.65608188346861,-2.99994486896274,0.));
#5542=CARTESIAN_POINT('Ctrl Pts',(5.65608188346861,-2.99994486896274,5.));
#5543=CARTESIAN_POINT('Ctrl Pts',(5.64835155982401,-2.98844441021451,0.));
#5544=CARTESIAN_POINT('Ctrl Pts',(5.64835155982401,-2.98844441021451,5.));
#5545=CARTESIAN_POINT('Ctrl Pts',(5.64058094931587,-2.97699818773724,0.));
#5546=CARTESIAN_POINT('Ctrl Pts',(5.64058094931587,-2.97699818773724,5.));
#5547=CARTESIAN_POINT('Ctrl Pts',(5.63277004613168,-2.96560664566392,0.));
#5548=CARTESIAN_POINT('Ctrl Pts',(5.63277004613168,-2.96560664566392,5.));
#5549=CARTESIAN_POINT('Ctrl Pts',(5.62491883069908,-2.95427020171061,0.));
#5550=CARTESIAN_POINT('Ctrl Pts',(5.62491883069908,-2.95427020171061,5.));
#5551=CARTESIAN_POINT('Ctrl Pts',(5.61702727061087,-2.94298925756942,0.));
#5552=CARTESIAN_POINT('Ctrl Pts',(5.61702727061087,-2.94298925756942,5.));
#5553=CARTESIAN_POINT('Ctrl Pts',(5.60909532253062,-2.93176421183147,0.));
#5554=CARTESIAN_POINT('Ctrl Pts',(5.60909532253062,-2.93176421183147,5.));
#5555=CARTESIAN_POINT('Ctrl Pts',(5.60112293402956,-2.92059547186516,0.));
#5556=CARTESIAN_POINT('Ctrl Pts',(5.60112293402956,-2.92059547186516,5.));
#5557=CARTESIAN_POINT('Ctrl Pts',(5.59311004570505,-2.90948346512415,0.));
#5558=CARTESIAN_POINT('Ctrl Pts',(5.59311004570505,-2.90948346512415,5.));
#5559=CARTESIAN_POINT('Ctrl Pts',(5.58505659355699,-2.89842865190848,0.));
#5560=CARTESIAN_POINT('Ctrl Pts',(5.58505659355699,-2.89842865190848,5.));
#5561=CARTESIAN_POINT('Ctrl Pts',(5.57696251036827,-2.8874315184266,0.));
#5562=CARTESIAN_POINT('Ctrl Pts',(5.57696251036827,-2.8874315184266,5.));
#5563=CARTESIAN_POINT('Ctrl Pts',(5.56882772703174,-2.87649256722761,0.));
#5564=CARTESIAN_POINT('Ctrl Pts',(5.56882772703174,-2.87649256722761,5.));
#5565=CARTESIAN_POINT('Ctrl Pts',(5.56065217435104,-2.8656123077494,0.));
#5566=CARTESIAN_POINT('Ctrl Pts',(5.56065217435104,-2.8656123077494,5.));
#5567=CARTESIAN_POINT('Ctrl Pts',(5.55243578455348,-2.85479124739793,0.));
#5568=CARTESIAN_POINT('Ctrl Pts',(5.55243578455348,-2.85479124739793,5.));
#5569=CARTESIAN_POINT('Ctrl Pts',(5.54417849424991,-2.84402987934933,0.));
#5570=CARTESIAN_POINT('Ctrl Pts',(5.54417849424991,-2.84402987934933,5.));
#5571=CARTESIAN_POINT('Ctrl Pts',(5.53588023715359,-2.83332869696162,0.));
#5572=CARTESIAN_POINT('Ctrl Pts',(5.53588023715359,-2.83332869696162,5.));
#5573=CARTESIAN_POINT('Ctrl Pts',(5.52754093553069,-2.82268821189701,0.));
#5574=CARTESIAN_POINT('Ctrl Pts',(5.52754093553069,-2.82268821189701,5.));
#5575=CARTESIAN_POINT('Ctrl Pts',(5.51916049192511,-2.81210897138292,0.));
#5576=CARTESIAN_POINT('Ctrl Pts',(5.51916049192511,-2.81210897138292,5.));
#5577=CARTESIAN_POINT('Ctrl Pts',(5.51073878205647,-2.80159157351555,0.));
#5578=CARTESIAN_POINT('Ctrl Pts',(5.51073878205647,-2.80159157351555,5.));
#5579=CARTESIAN_POINT('Ctrl Pts',(5.5022756448515,-2.79113668801276,0.));
#5580=CARTESIAN_POINT('Ctrl Pts',(5.5022756448515,-2.79113668801276,5.));
#5581=CARTESIAN_POINT('Ctrl Pts',(5.49377089712956,-2.78074503021989,0.));
#5582=CARTESIAN_POINT('Ctrl Pts',(5.49377089712956,-2.78074503021989,5.));
#5583=CARTESIAN_POINT('Ctrl Pts',(5.48522435251607,-2.77041732705829,0.));
#5584=CARTESIAN_POINT('Ctrl Pts',(5.48522435251607,-2.77041732705829,5.));
#5585=CARTESIAN_POINT('Ctrl Pts',(5.47663584036545,-2.76015428325285,0.));
#5586=CARTESIAN_POINT('Ctrl Pts',(5.47663584036545,-2.76015428325285,5.));
#5587=CARTESIAN_POINT('Ctrl Pts',(5.46800522229029,-2.74995655172591,0.));
#5588=CARTESIAN_POINT('Ctrl Pts',(5.46800522229029,-2.74995655172591,5.));
#5589=CARTESIAN_POINT('Ctrl Pts',(5.45933241712911,-2.73982468924103,0.));
#5590=CARTESIAN_POINT('Ctrl Pts',(5.45933241712911,-2.73982468924103,5.));
#5591=CARTESIAN_POINT('Ctrl Pts',(5.45061736369964,-2.72975922155946,0.));
#5592=CARTESIAN_POINT('Ctrl Pts',(5.45061736369964,-2.72975922155946,5.));
#5593=CARTESIAN_POINT('Ctrl Pts',(5.44185997232318,-2.71976072844398,0.));
#5594=CARTESIAN_POINT('Ctrl Pts',(5.44185997232318,-2.71976072844398,5.));
#5595=CARTESIAN_POINT('Ctrl Pts',(5.43306007773844,-2.70982992619087,0.));
#5596=CARTESIAN_POINT('Ctrl Pts',(5.43306007773844,-2.70982992619087,5.));
#5597=CARTESIAN_POINT('Ctrl Pts',(5.42421739791497,-2.69996773998327,0.));
#5598=CARTESIAN_POINT('Ctrl Pts',(5.42421739791497,-2.69996773998327,5.));
#5599=CARTESIAN_POINT('Ctrl Pts',(5.41533147423444,-2.6901754086662,0.));
#5600=CARTESIAN_POINT('Ctrl Pts',(5.41533147423444,-2.6901754086662,5.));
#5601=CARTESIAN_POINT('Ctrl Pts',(5.40640175318806,-2.68045434346238,0.));
#5602=CARTESIAN_POINT('Ctrl Pts',(5.40640175318806,-2.68045434346238,5.));
#5603=CARTESIAN_POINT('Ctrl Pts',(5.39742769488465,-2.6708059400847,0.));
#5604=CARTESIAN_POINT('Ctrl Pts',(5.39742769488465,-2.6708059400847,5.));
#5605=CARTESIAN_POINT('Ctrl Pts',(5.38840887906307,-2.66123139524555,0.));
#5606=CARTESIAN_POINT('Ctrl Pts',(5.38840887906307,-2.66123139524555,5.));
#5607=CARTESIAN_POINT('Ctrl Pts',(5.37934509797168,-2.65173154598617,0.));
#5608=CARTESIAN_POINT('Ctrl Pts',(5.37934509797168,-2.65173154598617,5.));
#5609=CARTESIAN_POINT('Ctrl Pts',(5.37023649355965,-2.64230663210501,0.));
#5610=CARTESIAN_POINT('Ctrl Pts',(5.37023649355965,-2.64230663210501,5.));
#5611=CARTESIAN_POINT('Ctrl Pts',(5.36108335837588,-2.63295664251212,0.));
#5612=CARTESIAN_POINT('Ctrl Pts',(5.36108335837588,-2.63295664251212,5.));
#5613=CARTESIAN_POINT('Ctrl Pts',(5.35188587443849,-2.62368176933354,0.));
#5614=CARTESIAN_POINT('Ctrl Pts',(5.35188587443849,-2.62368176933354,5.));
#5615=CARTESIAN_POINT('Ctrl Pts',(5.34264385958727,-2.61448284899785,0.));
#5616=CARTESIAN_POINT('Ctrl Pts',(5.34264385958727,-2.61448284899785,5.));
#5617=CARTESIAN_POINT('Ctrl Pts',(5.33335654277967,-2.60536175320318,0.));
#5618=CARTESIAN_POINT('Ctrl Pts',(5.33335654277967,-2.60536175320318,5.));
#5619=CARTESIAN_POINT('Ctrl Pts',(5.32402224259758,-2.59632194766745,0.));
#5620=CARTESIAN_POINT('Ctrl Pts',(5.32402224259758,-2.59632194766745,5.));
#5621=CARTESIAN_POINT('Ctrl Pts',(5.314638827007,-2.58736769671637,0.));
#5622=CARTESIAN_POINT('Ctrl Pts',(5.314638827007,-2.58736769671637,5.));
#5623=CARTESIAN_POINT('Ctrl Pts',(5.3052043068385,-2.57850303614551,0.));
#5624=CARTESIAN_POINT('Ctrl Pts',(5.3052043068385,-2.57850303614551,5.));
#5625=CARTESIAN_POINT('Ctrl Pts',(5.29571741359121,-2.56973077317755,0.));
#5626=CARTESIAN_POINT('Ctrl Pts',(5.29571741359121,-2.56973077317755,5.));
#5627=CARTESIAN_POINT('Ctrl Pts',(5.28617811591683,-2.5610515929462,0.));
#5628=CARTESIAN_POINT('Ctrl Pts',(5.28617811591683,-2.5610515929462,5.));
#5629=CARTESIAN_POINT('Ctrl Pts',(5.27658834553518,-2.5524628013995,0.));
#5630=CARTESIAN_POINT('Ctrl Pts',(5.27658834553518,-2.5524628013995,5.));
#5631=CARTESIAN_POINT('Ctrl Pts',(5.26695086572915,-2.54396029280384,0.));
#5632=CARTESIAN_POINT('Ctrl Pts',(5.26695086572915,-2.54396029280384,5.));
#5633=CARTESIAN_POINT('Ctrl Pts',(5.25726786302168,-2.53554099790958,0.));
#5634=CARTESIAN_POINT('Ctrl Pts',(5.25726786302168,-2.53554099790958,5.));
#5635=CARTESIAN_POINT('Ctrl Pts',(5.24753957604589,-2.5272052673924,0.));
#5636=CARTESIAN_POINT('Ctrl Pts',(5.24753957604589,-2.5272052673924,5.));
#5637=CARTESIAN_POINT('Ctrl Pts',(5.23776304299406,-2.51895904985867,0.));
#5638=CARTESIAN_POINT('Ctrl Pts',(5.23776304299406,-2.51895904985867,5.));
#5639=CARTESIAN_POINT('Ctrl Pts',(5.22793043480924,-2.51081678795752,0.));
#5640=CARTESIAN_POINT('Ctrl Pts',(5.22793043480924,-2.51081678795752,5.));
#5641=CARTESIAN_POINT('Ctrl Pts',(5.21803172532252,-2.50279679778504,0.));
#5642=CARTESIAN_POINT('Ctrl Pts',(5.21803172532252,-2.50279679778504,5.));
#5643=CARTESIAN_POINT('Ctrl Pts',(5.20805787893897,-2.49491575240597,0.));
#5644=CARTESIAN_POINT('Ctrl Pts',(5.20805787893897,-2.49491575240597,5.));
#5645=CARTESIAN_POINT('Ctrl Pts',(5.19800396380482,-2.48718329210749,0.));
#5646=CARTESIAN_POINT('Ctrl Pts',(5.19800396380482,-2.48718329210749,5.));
#5647=CARTESIAN_POINT('Ctrl Pts',(5.18787205450993,-2.47959700520876,0.));
#5648=CARTESIAN_POINT('Ctrl Pts',(5.18787205450993,-2.47959700520876,5.));
#5649=CARTESIAN_POINT('Ctrl Pts',(5.17767489451417,-2.47213607714321,0.));
#5650=CARTESIAN_POINT('Ctrl Pts',(5.17767489451417,-2.47213607714321,5.));
#5651=CARTESIAN_POINT('Ctrl Pts',(5.16742898697013,-2.46477346022126,0.));
#5652=CARTESIAN_POINT('Ctrl Pts',(5.16742898697013,-2.46477346022126,5.));
#5653=CARTESIAN_POINT('Ctrl Pts',(5.15714677312246,-2.45748964017908,0.));
#5654=CARTESIAN_POINT('Ctrl Pts',(5.15714677312246,-2.45748964017908,5.));
#5655=CARTESIAN_POINT('Ctrl Pts',(5.14682901567701,-2.45028604817582,0.));
#5656=CARTESIAN_POINT('Ctrl Pts',(5.14682901567701,-2.45028604817582,5.));
#5657=CARTESIAN_POINT('Ctrl Pts',(5.13645735888374,-2.44319815391597,0.));
#5658=CARTESIAN_POINT('Ctrl Pts',(5.13645735888374,-2.44319815391597,5.));
#5659=CARTESIAN_POINT('Ctrl Pts',(5.1259860387819,-2.43631007374134,0.));
#5660=CARTESIAN_POINT('Ctrl Pts',(5.1259860387819,-2.43631007374134,5.));
#5661=CARTESIAN_POINT('Ctrl Pts',(5.11535487445674,-2.42973128485176,0.));
#5662=CARTESIAN_POINT('Ctrl Pts',(5.11535487445674,-2.42973128485176,5.));
#5663=CARTESIAN_POINT('Ctrl Pts',(5.10667358957365,-2.42480349114917,0.));
#5664=CARTESIAN_POINT('Ctrl Pts',(5.10667358957365,-2.42480349114917,5.));
#5665=CARTESIAN_POINT('Ctrl Pts',(5.10004210127061,-2.42133474658708,0.));
#5666=CARTESIAN_POINT('Ctrl Pts',(5.10004210127061,-2.42133474658708,5.));
#5667=CARTESIAN_POINT('Ctrl Pts',(5.09556482544621,-2.41912808389263,0.));
#5668=CARTESIAN_POINT('Ctrl Pts',(5.09556482544621,-2.41912808389263,5.));
#5669=CARTESIAN_POINT('Ctrl Pts',(5.0933121165621,-2.41805121108369,0.));
#5670=CARTESIAN_POINT('Ctrl Pts',(5.0933121165621,-2.41805121108369,5.));
#5671=CARTESIAN_POINT('',(5.71646596619335,-3.09386762117469,3.));
#5672=CARTESIAN_POINT('Ctrl Pts',(5.0933121165621,-2.41805121108369,3.));
#5673=CARTESIAN_POINT('Ctrl Pts',(5.09915948549464,-2.42084645580071,3.));
#5674=CARTESIAN_POINT('Ctrl Pts',(5.10489045709436,-2.42386037534218,3.));
#5675=CARTESIAN_POINT('Ctrl Pts',(5.11052186523141,-2.42706257557334,3.));
#5676=CARTESIAN_POINT('Ctrl Pts',(5.11825555421017,-2.43146020047155,3.));
#5677=CARTESIAN_POINT('Ctrl Pts',(5.12580356520576,-2.43620922605654,3.));
#5678=CARTESIAN_POINT('Ctrl Pts',(5.13326053440054,-2.44113806781599,3.));
#5679=CARTESIAN_POINT('Ctrl Pts',(5.13892320061375,-2.44488092700884,3.));
#5680=CARTESIAN_POINT('Ctrl Pts',(5.14453547595994,-2.44872366611017,3.));
#5681=CARTESIAN_POINT('Ctrl Pts',(5.15012815715652,-2.45260959066592,3.));
#5682=CARTESIAN_POINT('Ctrl Pts',(5.15611901049378,-2.4567721744562,3.));
#5683=CARTESIAN_POINT('Ctrl Pts',(5.16208729533817,-2.4609844403269,3.));
#5684=CARTESIAN_POINT('Ctrl Pts',(5.16803816204247,-2.46523478308772,3.));
#5685=CARTESIAN_POINT('Ctrl Pts',(5.17729006737101,-2.47184285730462,3.));
#5686=CARTESIAN_POINT('Ctrl Pts',(5.18649699439074,-2.47854786472879,3.));
#5687=CARTESIAN_POINT('Ctrl Pts',(5.19561254695949,-2.48542476075231,3.));
#5688=CARTESIAN_POINT('Ctrl Pts',(5.20297879075276,-2.49098195459966,3.));
#5689=CARTESIAN_POINT('Ctrl Pts',(5.210283312808,-2.49665509413739,3.));
#5690=CARTESIAN_POINT('Ctrl Pts',(5.21752609309994,-2.50244221003494,3.));
#5691=CARTESIAN_POINT('Ctrl Pts',(5.22849193507406,-2.51120412132597,3.));
#5692=CARTESIAN_POINT('Ctrl Pts',(5.23932103591288,-2.5202189452291,3.));
#5693=CARTESIAN_POINT('Ctrl Pts',(5.25006595751795,-2.52938993507892,3.));
#5694=CARTESIAN_POINT('Ctrl Pts',(5.25977801885631,-2.53767935953715,3.));
#5695=CARTESIAN_POINT('Ctrl Pts',(5.26942172193297,-2.54609568715152,3.));
#5696=CARTESIAN_POINT('Ctrl Pts',(5.27899523700564,-2.55463872187009,3.));
#5697=CARTESIAN_POINT('Ctrl Pts',(5.28961311651235,-2.56411370703226,3.));
#5698=CARTESIAN_POINT('Ctrl Pts',(5.30014002702975,-2.57375259522042,3.));
#5699=CARTESIAN_POINT('Ctrl Pts',(5.31056979070632,-2.58356216430077,3.));
#5700=CARTESIAN_POINT('Ctrl Pts',(5.32455101860711,-2.5967120136333,3.));
#5701=CARTESIAN_POINT('Ctrl Pts',(5.33836233235244,-2.61016047331991,3.));
#5702=CARTESIAN_POINT('Ctrl Pts',(5.3520290510454,-2.62385538178653,3.));
#5703=CARTESIAN_POINT('Ctrl Pts',(5.37044236108348,-2.64230667219531,3.));
#5704=CARTESIAN_POINT('Ctrl Pts',(5.38858930083067,-2.66121204893596,3.));
#5705=CARTESIAN_POINT('Ctrl Pts',(5.40646833575586,-2.68055653447268,3.));
#5706=CARTESIAN_POINT('Ctrl Pts',(5.42464206709291,-2.70021987113872,3.));
#5707=CARTESIAN_POINT('Ctrl Pts',(5.44254343320138,-2.72032924543665,3.));
#5708=CARTESIAN_POINT('Ctrl Pts',(5.46018563248506,-2.74084519718652,3.));
#5709=CARTESIAN_POINT('Ctrl Pts',(5.49154201383306,-2.77730924548582,3.));
#5710=CARTESIAN_POINT('Ctrl Pts',(5.52207189059145,-2.81507063621341,3.));
#5711=CARTESIAN_POINT('Ctrl Pts',(5.55180515595075,-2.85399369498825,3.));
#5712=CARTESIAN_POINT('Ctrl Pts',(5.58258872074274,-2.89429167394273,3.));
#5713=CARTESIAN_POINT('Ctrl Pts',(5.61251645745377,-2.93583749188156,3.));
#5714=CARTESIAN_POINT('Ctrl Pts',(5.64160204336207,-2.97852422739507,3.));
#5715=CARTESIAN_POINT('Ctrl Pts',(5.6645065842124,-3.0121395061252,3.));
#5716=CARTESIAN_POINT('Ctrl Pts',(5.68688724393768,-3.04646047220484,3.));
#5717=CARTESIAN_POINT('Ctrl Pts',(5.70874759916662,-3.08145055480456,3.));
#5718=CARTESIAN_POINT('Ctrl Pts',(5.71132762506218,-3.08558019122856,3.));
#5719=CARTESIAN_POINT('Ctrl Pts',(5.71390041289421,-3.08971921508806,3.));
#5720=CARTESIAN_POINT('Ctrl Pts',(5.71646596619336,-3.09386762117469,3.));
#5721=CARTESIAN_POINT('',(5.71646596619335,-3.09386762117469,0.));
#5722=CARTESIAN_POINT('',(5.71646596619335,-3.09386762117469,0.));
#5723=CARTESIAN_POINT('Ctrl Pts',(5.0933121165621,-2.41805121108369,0.));
#5724=CARTESIAN_POINT('Ctrl Pts',(5.09556482544621,-2.41912808389263,0.));
#5725=CARTESIAN_POINT('Ctrl Pts',(5.10004210127061,-2.42133474658708,0.));
#5726=CARTESIAN_POINT('Ctrl Pts',(5.10667358957365,-2.42480349114917,0.));
#5727=CARTESIAN_POINT('Ctrl Pts',(5.11535487445674,-2.42973128485176,0.));
#5728=CARTESIAN_POINT('Ctrl Pts',(5.1259860387819,-2.43631007374134,0.));
#5729=CARTESIAN_POINT('Ctrl Pts',(5.13645735888374,-2.44319815391597,0.));
#5730=CARTESIAN_POINT('Ctrl Pts',(5.14682901567701,-2.45028604817582,0.));
#5731=CARTESIAN_POINT('Ctrl Pts',(5.15714677312246,-2.45748964017908,0.));
#5732=CARTESIAN_POINT('Ctrl Pts',(5.16742898697013,-2.46477346022126,0.));
#5733=CARTESIAN_POINT('Ctrl Pts',(5.17767489451417,-2.47213607714321,0.));
#5734=CARTESIAN_POINT('Ctrl Pts',(5.18787205450993,-2.47959700520876,0.));
#5735=CARTESIAN_POINT('Ctrl Pts',(5.19800396380482,-2.48718329210749,0.));
#5736=CARTESIAN_POINT('Ctrl Pts',(5.20805787893897,-2.49491575240597,0.));
#5737=CARTESIAN_POINT('Ctrl Pts',(5.21803172532252,-2.50279679778504,0.));
#5738=CARTESIAN_POINT('Ctrl Pts',(5.22793043480924,-2.51081678795752,0.));
#5739=CARTESIAN_POINT('Ctrl Pts',(5.23776304299406,-2.51895904985867,0.));
#5740=CARTESIAN_POINT('Ctrl Pts',(5.24753957604589,-2.5272052673924,0.));
#5741=CARTESIAN_POINT('Ctrl Pts',(5.25726786302168,-2.53554099790958,0.));
#5742=CARTESIAN_POINT('Ctrl Pts',(5.26695086572915,-2.54396029280384,0.));
#5743=CARTESIAN_POINT('Ctrl Pts',(5.27658834553518,-2.5524628013995,0.));
#5744=CARTESIAN_POINT('Ctrl Pts',(5.28617811591683,-2.5610515929462,0.));
#5745=CARTESIAN_POINT('Ctrl Pts',(5.29571741359121,-2.56973077317755,0.));
#5746=CARTESIAN_POINT('Ctrl Pts',(5.3052043068385,-2.57850303614551,0.));
#5747=CARTESIAN_POINT('Ctrl Pts',(5.314638827007,-2.58736769671637,0.));
#5748=CARTESIAN_POINT('Ctrl Pts',(5.32402224259758,-2.59632194766745,0.));
#5749=CARTESIAN_POINT('Ctrl Pts',(5.33335654277967,-2.60536175320318,0.));
#5750=CARTESIAN_POINT('Ctrl Pts',(5.34264385958727,-2.61448284899785,0.));
#5751=CARTESIAN_POINT('Ctrl Pts',(5.35188587443849,-2.62368176933354,0.));
#5752=CARTESIAN_POINT('Ctrl Pts',(5.36108335837588,-2.63295664251212,0.));
#5753=CARTESIAN_POINT('Ctrl Pts',(5.37023649355965,-2.64230663210501,0.));
#5754=CARTESIAN_POINT('Ctrl Pts',(5.37934509797168,-2.65173154598617,0.));
#5755=CARTESIAN_POINT('Ctrl Pts',(5.38840887906307,-2.66123139524555,0.));
#5756=CARTESIAN_POINT('Ctrl Pts',(5.39742769488465,-2.6708059400847,0.));
#5757=CARTESIAN_POINT('Ctrl Pts',(5.40640175318806,-2.68045434346238,0.));
#5758=CARTESIAN_POINT('Ctrl Pts',(5.41533147423444,-2.6901754086662,0.));
#5759=CARTESIAN_POINT('Ctrl Pts',(5.42421739791497,-2.69996773998327,0.));
#5760=CARTESIAN_POINT('Ctrl Pts',(5.43306007773844,-2.70982992619087,0.));
#5761=CARTESIAN_POINT('Ctrl Pts',(5.44185997232318,-2.71976072844398,0.));
#5762=CARTESIAN_POINT('Ctrl Pts',(5.45061736369964,-2.72975922155946,0.));
#5763=CARTESIAN_POINT('Ctrl Pts',(5.45933241712911,-2.73982468924103,0.));
#5764=CARTESIAN_POINT('Ctrl Pts',(5.46800522229029,-2.74995655172591,0.));
#5765=CARTESIAN_POINT('Ctrl Pts',(5.47663584036545,-2.76015428325285,0.));
#5766=CARTESIAN_POINT('Ctrl Pts',(5.48522435251607,-2.77041732705829,0.));
#5767=CARTESIAN_POINT('Ctrl Pts',(5.49377089712956,-2.78074503021989,0.));
#5768=CARTESIAN_POINT('Ctrl Pts',(5.5022756448515,-2.79113668801276,0.));
#5769=CARTESIAN_POINT('Ctrl Pts',(5.51073878205647,-2.80159157351555,0.));
#5770=CARTESIAN_POINT('Ctrl Pts',(5.51916049192511,-2.81210897138292,0.));
#5771=CARTESIAN_POINT('Ctrl Pts',(5.52754093553069,-2.82268821189701,0.));
#5772=CARTESIAN_POINT('Ctrl Pts',(5.53588023715359,-2.83332869696162,0.));
#5773=CARTESIAN_POINT('Ctrl Pts',(5.54417849424991,-2.84402987934933,0.));
#5774=CARTESIAN_POINT('Ctrl Pts',(5.55243578455348,-2.85479124739793,0.));
#5775=CARTESIAN_POINT('Ctrl Pts',(5.56065217435104,-2.8656123077494,0.));
#5776=CARTESIAN_POINT('Ctrl Pts',(5.56882772703174,-2.87649256722761,0.));
#5777=CARTESIAN_POINT('Ctrl Pts',(5.57696251036827,-2.8874315184266,0.));
#5778=CARTESIAN_POINT('Ctrl Pts',(5.58505659355699,-2.89842865190848,0.));
#5779=CARTESIAN_POINT('Ctrl Pts',(5.59311004570505,-2.90948346512415,0.));
#5780=CARTESIAN_POINT('Ctrl Pts',(5.60112293402956,-2.92059547186516,0.));
#5781=CARTESIAN_POINT('Ctrl Pts',(5.60909532253062,-2.93176421183147,0.));
#5782=CARTESIAN_POINT('Ctrl Pts',(5.61702727061087,-2.94298925756942,0.));
#5783=CARTESIAN_POINT('Ctrl Pts',(5.62491883069908,-2.95427020171061,0.));
#5784=CARTESIAN_POINT('Ctrl Pts',(5.63277004613168,-2.96560664566392,0.));
#5785=CARTESIAN_POINT('Ctrl Pts',(5.64058094931587,-2.97699818773724,0.));
#5786=CARTESIAN_POINT('Ctrl Pts',(5.64835155982401,-2.98844441021451,0.));
#5787=CARTESIAN_POINT('Ctrl Pts',(5.65608188346861,-2.99994486896274,0.));
#5788=CARTESIAN_POINT('Ctrl Pts',(5.66377192010302,-3.01149911523611,0.));
#5789=CARTESIAN_POINT('Ctrl Pts',(5.67142167106686,-3.02310671486551,0.));
#5790=CARTESIAN_POINT('Ctrl Pts',(5.67903114692508,-3.03476726793474,0.));
#5791=CARTESIAN_POINT('Ctrl Pts',(5.68660037569312,-3.0464804282047,0.));
#5792=CARTESIAN_POINT('Ctrl Pts',(5.69412941032256,-3.05824592144149,0.));
#5793=CARTESIAN_POINT('Ctrl Pts',(5.7016183147563,-3.07006354117793,0.));
#5794=CARTESIAN_POINT('Ctrl Pts',(5.70757738384052,-3.07955922441678,0.));
#5795=CARTESIAN_POINT('Ctrl Pts',(5.71202867631955,-3.08670434290151,0.));
#5796=CARTESIAN_POINT('Ctrl Pts',(5.71498820315025,-3.09147813224665,0.));
#5797=CARTESIAN_POINT('Ctrl Pts',(5.71646596619336,-3.09386762117469,0.));
#5798=CARTESIAN_POINT('Origin',(-2.27198908757956E-12,1.31171348044864E-12,
0.));
#5799=CARTESIAN_POINT('',(5.53760093898008,-3.40367093600526,3.));
#5800=CARTESIAN_POINT('Origin',(-2.27198908757956E-12,1.31171348044864E-12,
3.));
#5801=CARTESIAN_POINT('',(5.53760093898008,-3.40367093600526,0.));
#5802=CARTESIAN_POINT('',(5.53760093898008,-3.40367093600526,0.));
#5803=CARTESIAN_POINT('Origin',(-2.27198908757956E-12,1.31171348044864E-12,
0.));
#5804=CARTESIAN_POINT('Ctrl Pts',(4.64074983473125,-3.20191207680403,0.));
#5805=CARTESIAN_POINT('Ctrl Pts',(4.64074983473125,-3.20191207680403,5.));
#5806=CARTESIAN_POINT('Ctrl Pts',(4.64280878838249,-3.20332454352053,0.));
#5807=CARTESIAN_POINT('Ctrl Pts',(4.64280878838249,-3.20332454352053,5.));
#5808=CARTESIAN_POINT('Ctrl Pts',(4.64695845224566,-3.20609864677698,0.));
#5809=CARTESIAN_POINT('Ctrl Pts',(4.64695845224566,-3.20609864677698,5.));
#5810=CARTESIAN_POINT('Ctrl Pts',(4.6532782173072,-3.21010731183127,0.));
#5811=CARTESIAN_POINT('Ctrl Pts',(4.6532782173072,-3.21010731183127,5.));
#5812=CARTESIAN_POINT('Ctrl Pts',(4.66188645427979,-3.21516162822622,0.));
#5813=CARTESIAN_POINT('Ctrl Pts',(4.66188645427979,-3.21516162822622,5.));
#5814=CARTESIAN_POINT('Ctrl Pts',(4.67289943474689,-3.22107909215882,0.));
#5815=CARTESIAN_POINT('Ctrl Pts',(4.67289943474689,-3.22107909215882,5.));
#5816=CARTESIAN_POINT('Ctrl Pts',(4.68410034721234,-3.22670348129086,0.));
#5817=CARTESIAN_POINT('Ctrl Pts',(4.68410034721234,-3.22670348129086,5.));
#5818=CARTESIAN_POINT('Ctrl Pts',(4.69542447209734,-3.23214165242324,0.));
#5819=CARTESIAN_POINT('Ctrl Pts',(4.69542447209734,-3.23214165242324,5.));
#5820=CARTESIAN_POINT('Ctrl Pts',(4.70682184449339,-3.23747529647946,0.));
#5821=CARTESIAN_POINT('Ctrl Pts',(4.70682184449339,-3.23747529647946,5.));
#5822=CARTESIAN_POINT('Ctrl Pts',(4.71827092461035,-3.24273804485759,0.));
#5823=CARTESIAN_POINT('Ctrl Pts',(4.71827092461035,-3.24273804485759,5.));
#5824=CARTESIAN_POINT('Ctrl Pts',(4.72977009167511,-3.24792995261459,0.));
#5825=CARTESIAN_POINT('Ctrl Pts',(4.72977009167511,-3.24792995261459,5.));
#5826=CARTESIAN_POINT('Ctrl Pts',(4.74133002491356,-3.25303048818459,0.));
#5827=CARTESIAN_POINT('Ctrl Pts',(4.74133002491356,-3.25303048818459,5.));
#5828=CARTESIAN_POINT('Ctrl Pts',(4.75296589673571,-3.25801183557344,0.));
#5829=CARTESIAN_POINT('Ctrl Pts',(4.75296589673571,-3.25801183557344,5.));
#5830=CARTESIAN_POINT('Ctrl Pts',(4.76468936135502,-3.26285255133787,0.));
#5831=CARTESIAN_POINT('Ctrl Pts',(4.76468936135502,-3.26285255133787,5.));
#5832=CARTESIAN_POINT('Ctrl Pts',(4.77650147005345,-3.26754963298993,0.));
#5833=CARTESIAN_POINT('Ctrl Pts',(4.77650147005345,-3.26754963298993,5.));
#5834=CARTESIAN_POINT('Ctrl Pts',(4.78839634002428,-3.27211217178387,0.));
#5835=CARTESIAN_POINT('Ctrl Pts',(4.78839634002428,-3.27211217178387,5.));
#5836=CARTESIAN_POINT('Ctrl Pts',(4.80036404976735,-3.27655632930681,0.));
#5837=CARTESIAN_POINT('Ctrl Pts',(4.80036404976735,-3.27655632930681,5.));
#5838=CARTESIAN_POINT('Ctrl Pts',(4.81239375016261,-3.28089994652377,0.));
#5839=CARTESIAN_POINT('Ctrl Pts',(4.81239375016261,-3.28089994652377,5.));
#5840=CARTESIAN_POINT('Ctrl Pts',(4.82447684803748,-3.28515702492152,0.));
#5841=CARTESIAN_POINT('Ctrl Pts',(4.82447684803748,-3.28515702492152,5.));
#5842=CARTESIAN_POINT('Ctrl Pts',(4.8366096726516,-3.28933310380397,0.));
#5843=CARTESIAN_POINT('Ctrl Pts',(4.8366096726516,-3.28933310380397,5.));
#5844=CARTESIAN_POINT('Ctrl Pts',(4.84879180099435,-3.29342815184662,0.));
#5845=CARTESIAN_POINT('Ctrl Pts',(4.84879180099435,-3.29342815184662,5.));
#5846=CARTESIAN_POINT('Ctrl Pts',(4.86102479785243,-3.29743874084024,0.));
#5847=CARTESIAN_POINT('Ctrl Pts',(4.86102479785243,-3.29743874084024,5.));
#5848=CARTESIAN_POINT('Ctrl Pts',(4.87331083725398,-3.30136042484485,0.));
#5849=CARTESIAN_POINT('Ctrl Pts',(4.87331083725398,-3.30136042484485,5.));
#5850=CARTESIAN_POINT('Ctrl Pts',(4.88565128645656,-3.305190183916,0.));
#5851=CARTESIAN_POINT('Ctrl Pts',(4.88565128645656,-3.305190183916,5.));
#5852=CARTESIAN_POINT('Ctrl Pts',(4.8980455677911,-3.30892838776902,0.));
#5853=CARTESIAN_POINT('Ctrl Pts',(4.8980455677911,-3.30892838776902,5.));
#5854=CARTESIAN_POINT('Ctrl Pts',(4.91049188438189,-3.31257753856918,0.));
#5855=CARTESIAN_POINT('Ctrl Pts',(4.91049188438189,-3.31257753856918,5.));
#5856=CARTESIAN_POINT('Ctrl Pts',(4.92298773571215,-3.31614137688556,0.));
#5857=CARTESIAN_POINT('Ctrl Pts',(4.92298773571215,-3.31614137688556,5.));
#5858=CARTESIAN_POINT('Ctrl Pts',(4.93553049478448,-3.3196238812766,0.));
#5859=CARTESIAN_POINT('Ctrl Pts',(4.93553049478448,-3.3196238812766,5.));
#5860=CARTESIAN_POINT('Ctrl Pts',(4.94811800090819,-3.32302824075206,0.));
#5861=CARTESIAN_POINT('Ctrl Pts',(4.94811800090819,-3.32302824075206,5.));
#5862=CARTESIAN_POINT('Ctrl Pts',(4.96074901866642,-3.32635605890345,0.));
#5863=CARTESIAN_POINT('Ctrl Pts',(4.96074901866642,-3.32635605890345,5.));
#5864=CARTESIAN_POINT('Ctrl Pts',(4.97342291477086,-3.32960791170042,0.));
#5865=CARTESIAN_POINT('Ctrl Pts',(4.97342291477086,-3.32960791170042,5.));
#5866=CARTESIAN_POINT('Ctrl Pts',(4.98613943182645,-3.33278373757369,0.));
#5867=CARTESIAN_POINT('Ctrl Pts',(4.98613943182645,-3.33278373757369,5.));
#5868=CARTESIAN_POINT('Ctrl Pts',(4.99889843316289,-3.33588327762348,0.));
#5869=CARTESIAN_POINT('Ctrl Pts',(4.99889843316289,-3.33588327762348,5.));
#5870=CARTESIAN_POINT('Ctrl Pts',(5.01169964013405,-3.33890652881744,0.));
#5871=CARTESIAN_POINT('Ctrl Pts',(5.01169964013405,-3.33890652881744,5.));
#5872=CARTESIAN_POINT('Ctrl Pts',(5.02454243171679,-3.3418540895944,0.));
#5873=CARTESIAN_POINT('Ctrl Pts',(5.02454243171679,-3.3418540895944,5.));
#5874=CARTESIAN_POINT('Ctrl Pts',(5.03742598165833,-3.34472692226737,0.));
#5875=CARTESIAN_POINT('Ctrl Pts',(5.03742598165833,-3.34472692226737,5.));
#5876=CARTESIAN_POINT('Ctrl Pts',(5.05034935118145,-3.34752619225226,0.));
#5877=CARTESIAN_POINT('Ctrl Pts',(5.05034935118145,-3.34752619225226,5.));
#5878=CARTESIAN_POINT('Ctrl Pts',(5.06331159488583,-3.35025308451312,0.));
#5879=CARTESIAN_POINT('Ctrl Pts',(5.06331159488583,-3.35025308451312,5.));
#5880=CARTESIAN_POINT('Ctrl Pts',(5.07631186920934,-3.35290861564757,0.));
#5881=CARTESIAN_POINT('Ctrl Pts',(5.07631186920934,-3.35290861564757,5.));
#5882=CARTESIAN_POINT('Ctrl Pts',(5.08934951393514,-3.35549349249273,0.));
#5883=CARTESIAN_POINT('Ctrl Pts',(5.08934951393514,-3.35549349249273,5.));
#5884=CARTESIAN_POINT('Ctrl Pts',(5.10242399136309,-3.3580082163172,0.));
#5885=CARTESIAN_POINT('Ctrl Pts',(5.10242399136309,-3.3580082163172,5.));
#5886=CARTESIAN_POINT('Ctrl Pts',(5.11553484424324,-3.36045315466642,0.));
#5887=CARTESIAN_POINT('Ctrl Pts',(5.11553484424324,-3.36045315466642,5.));
#5888=CARTESIAN_POINT('Ctrl Pts',(5.12868164784412,-3.3628286234064,0.));
#5889=CARTESIAN_POINT('Ctrl Pts',(5.12868164784412,-3.3628286234064,5.));
#5890=CARTESIAN_POINT('Ctrl Pts',(5.1418639605751,-3.36513497120682,0.));
#5891=CARTESIAN_POINT('Ctrl Pts',(5.1418639605751,-3.36513497120682,5.));
#5892=CARTESIAN_POINT('Ctrl Pts',(5.15508128618253,-3.36737264437589,0.));
#5893=CARTESIAN_POINT('Ctrl Pts',(5.15508128618253,-3.36737264437589,5.));
#5894=CARTESIAN_POINT('Ctrl Pts',(5.16833309967956,-3.36954214305943,0.));
#5895=CARTESIAN_POINT('Ctrl Pts',(5.16833309967956,-3.36954214305943,5.));
#5896=CARTESIAN_POINT('Ctrl Pts',(5.18161886472111,-3.37164399212325,0.));
#5897=CARTESIAN_POINT('Ctrl Pts',(5.18161886472111,-3.37164399212325,5.));
#5898=CARTESIAN_POINT('Ctrl Pts',(5.19493805339029,-3.37367870787911,0.));
#5899=CARTESIAN_POINT('Ctrl Pts',(5.19493805339029,-3.37367870787911,5.));
#5900=CARTESIAN_POINT('Ctrl Pts',(5.20829016623102,-3.37564676467948,0.));
#5901=CARTESIAN_POINT('Ctrl Pts',(5.20829016623102,-3.37564676467948,5.));
#5902=CARTESIAN_POINT('Ctrl Pts',(5.22167474741702,-3.37754856920242,0.));
#5903=CARTESIAN_POINT('Ctrl Pts',(5.22167474741702,-3.37754856920242,5.));
#5904=CARTESIAN_POINT('Ctrl Pts',(5.23509137176347,-3.37938447946112,0.));
#5905=CARTESIAN_POINT('Ctrl Pts',(5.23509137176347,-3.37938447946112,5.));
#5906=CARTESIAN_POINT('Ctrl Pts',(5.24853963502481,-3.38115481860614,0.));
#5907=CARTESIAN_POINT('Ctrl Pts',(5.24853963502481,-3.38115481860614,5.));
#5908=CARTESIAN_POINT('Ctrl Pts',(5.26201914308385,-3.38285989072248,0.));
#5909=CARTESIAN_POINT('Ctrl Pts',(5.26201914308385,-3.38285989072248,5.));
#5910=CARTESIAN_POINT('Ctrl Pts',(5.27552950053209,-3.38449999729484,0.));
#5911=CARTESIAN_POINT('Ctrl Pts',(5.27552950053209,-3.38449999729484,5.));
#5912=CARTESIAN_POINT('Ctrl Pts',(5.28907030182945,-3.38607545071906,0.));
#5913=CARTESIAN_POINT('Ctrl Pts',(5.28907030182945,-3.38607545071906,5.));
#5914=CARTESIAN_POINT('Ctrl Pts',(5.30264114038792,-3.3875865656399,0.));
#5915=CARTESIAN_POINT('Ctrl Pts',(5.30264114038792,-3.3875865656399,5.));
#5916=CARTESIAN_POINT('Ctrl Pts',(5.31624161554081,-3.38903365318045,0.));
#5917=CARTESIAN_POINT('Ctrl Pts',(5.31624161554081,-3.38903365318045,5.));
#5918=CARTESIAN_POINT('Ctrl Pts',(5.3298713398278,-3.39041701465666,0.));
#5919=CARTESIAN_POINT('Ctrl Pts',(5.3298713398278,-3.39041701465666,5.));
#5920=CARTESIAN_POINT('Ctrl Pts',(5.34352994661742,-3.39173693564426,0.));
#5921=CARTESIAN_POINT('Ctrl Pts',(5.34352994661742,-3.39173693564426,5.));
#5922=CARTESIAN_POINT('Ctrl Pts',(5.35721709542525,-3.39299368131428,0.));
#5923=CARTESIAN_POINT('Ctrl Pts',(5.35721709542525,-3.39299368131428,5.));
#5924=CARTESIAN_POINT('Ctrl Pts',(5.37093245967431,-3.39418750075557,0.));
#5925=CARTESIAN_POINT('Ctrl Pts',(5.37093245967431,-3.39418750075557,5.));
#5926=CARTESIAN_POINT('Ctrl Pts',(5.38467571584275,-3.39531863079413,0.));
#5927=CARTESIAN_POINT('Ctrl Pts',(5.38467571584275,-3.39531863079413,5.));
#5928=CARTESIAN_POINT('Ctrl Pts',(5.39844653225862,-3.39638730034148,0.));
#5929=CARTESIAN_POINT('Ctrl Pts',(5.39844653225862,-3.39638730034148,5.));
#5930=CARTESIAN_POINT('Ctrl Pts',(5.41224455695537,-3.3973937352058,0.));
#5931=CARTESIAN_POINT('Ctrl Pts',(5.41224455695537,-3.3973937352058,5.));
#5932=CARTESIAN_POINT('Ctrl Pts',(5.42606940820881,-3.39833816248738,0.));
#5933=CARTESIAN_POINT('Ctrl Pts',(5.42606940820881,-3.39833816248738,5.));
#5934=CARTESIAN_POINT('Ctrl Pts',(5.43992069732034,-3.39922080643213,0.));
#5935=CARTESIAN_POINT('Ctrl Pts',(5.43992069732034,-3.39922080643213,5.));
#5936=CARTESIAN_POINT('Ctrl Pts',(5.45379804895828,-3.40004188528475,0.));
#5937=CARTESIAN_POINT('Ctrl Pts',(5.45379804895828,-3.40004188528475,5.));
#5938=CARTESIAN_POINT('Ctrl Pts',(5.46770112206752,-3.40080160815283,0.));
#5939=CARTESIAN_POINT('Ctrl Pts',(5.46770112206752,-3.40080160815283,5.));
#5940=CARTESIAN_POINT('Ctrl Pts',(5.48162963080392,-3.40150017241804,0.));
#5941=CARTESIAN_POINT('Ctrl Pts',(5.48162963080392,-3.40150017241804,5.));
#5942=CARTESIAN_POINT('Ctrl Pts',(5.49558336414975,-3.4021377610547,0.));
#5943=CARTESIAN_POINT('Ctrl Pts',(5.49558336414975,-3.4021377610547,5.));
#5944=CARTESIAN_POINT('Ctrl Pts',(5.50956217527065,-3.40271453267261,0.));
#5945=CARTESIAN_POINT('Ctrl Pts',(5.50956217527065,-3.40271453267261,5.));
#5946=CARTESIAN_POINT('Ctrl Pts',(5.52076521272388,-3.40312739626303,0.));
#5947=CARTESIAN_POINT('Ctrl Pts',(5.52076521272388,-3.40312739626303,5.));
#5948=CARTESIAN_POINT('Ctrl Pts',(5.52917871308423,-3.40340976938718,0.));
#5949=CARTESIAN_POINT('Ctrl Pts',(5.52917871308423,-3.40340976938718,5.));
#5950=CARTESIAN_POINT('Ctrl Pts',(5.53479269934479,-3.40358590013318,0.));
#5951=CARTESIAN_POINT('Ctrl Pts',(5.53479269934479,-3.40358590013318,5.));
#5952=CARTESIAN_POINT('Ctrl Pts',(5.53760093898008,-3.40367093600526,0.));
#5953=CARTESIAN_POINT('Ctrl Pts',(5.53760093898008,-3.40367093600526,5.));
#5954=CARTESIAN_POINT('Ctrl Pts',(5.53760093898008,-3.40367093600526,3.));
#5955=CARTESIAN_POINT('Ctrl Pts',(5.49783952404184,-3.40246692672058,3.));
#5956=CARTESIAN_POINT('Ctrl Pts',(5.45837413085826,-3.40053635469611,3.));
#5957=CARTESIAN_POINT('Ctrl Pts',(5.41922523520929,-3.3978626466284,3.));
#5958=CARTESIAN_POINT('Ctrl Pts',(5.36267240720353,-3.39400032177901,3.));
#5959=CARTESIAN_POINT('Ctrl Pts',(5.30678752577783,-3.38858752332816,3.));
#5960=CARTESIAN_POINT('Ctrl Pts',(5.2516818941682,-3.38154117749959,3.));
#5961=CARTESIAN_POINT('Ctrl Pts',(5.19641357099458,-3.37447402833406,3.));
#5962=CARTESIAN_POINT('Ctrl Pts',(5.14192772785357,-3.36576639767206,3.));
#5963=CARTESIAN_POINT('Ctrl Pts',(5.08837383478623,-3.35528338458003,3.));
#5964=CARTESIAN_POINT('Ctrl Pts',(5.05452204551294,-3.34865699889982,3.));
#5965=CARTESIAN_POINT('Ctrl Pts',(5.02104016674709,-3.34132571669756,3.));
#5966=CARTESIAN_POINT('Ctrl Pts',(4.98799067229234,-3.33321716121789,3.));
#5967=CARTESIAN_POINT('Ctrl Pts',(4.96888072950991,-3.32852861654206,3.));
#5968=CARTESIAN_POINT('Ctrl Pts',(4.94991228630431,-3.32358557086551,3.));
#5969=CARTESIAN_POINT('Ctrl Pts',(4.93109460019495,-3.31837982651674,3.));
#5970=CARTESIAN_POINT('Ctrl Pts',(4.91560508943974,-3.31409479207571,3.));
#5971=CARTESIAN_POINT('Ctrl Pts',(4.90021976632227,-3.30962823597716,3.));
#5972=CARTESIAN_POINT('Ctrl Pts',(4.88495832835045,-3.30495099314126,3.));
#5973=CARTESIAN_POINT('Ctrl Pts',(4.86663755958525,-3.29933614317671,3.));
#5974=CARTESIAN_POINT('Ctrl Pts',(4.84849789938085,-3.29341312786256,3.));
#5975=CARTESIAN_POINT('Ctrl Pts',(4.83052028664635,-3.2872248964582,3.));
#5976=CARTESIAN_POINT('Ctrl Pts',(4.82027974874248,-3.2836999112897,3.));
#5977=CARTESIAN_POINT('Ctrl Pts',(4.81009001992446,-3.2800919662557,3.));
#5978=CARTESIAN_POINT('Ctrl Pts',(4.79996501551265,-3.27637922481547,3.));
#5979=CARTESIAN_POINT('Ctrl Pts',(4.78950737258831,-3.27254450804171,3.));
#5980=CARTESIAN_POINT('Ctrl Pts',(4.77912196852812,-3.26859245875846,3.));
#5981=CARTESIAN_POINT('Ctrl Pts',(4.76883668916622,-3.26447779496927,3.));
#5982=CARTESIAN_POINT('Ctrl Pts',(4.7607165072419,-3.26122928636294,3.));
#5983=CARTESIAN_POINT('Ctrl Pts',(4.75265973416697,-3.25787769493835,3.));
#5984=CARTESIAN_POINT('Ctrl Pts',(4.74466135517179,-3.25443346290789,3.));
#5985=CARTESIAN_POINT('Ctrl Pts',(4.73566927323564,-3.25056132623574,3.));
#5986=CARTESIAN_POINT('Ctrl Pts',(4.72674749161932,-3.24657803333225,3.));
#5987=CARTESIAN_POINT('Ctrl Pts',(4.71787025588793,-3.24253185048139,3.));
#5988=CARTESIAN_POINT('Ctrl Pts',(4.71121232908939,-3.23949721334324,3.));
#5989=CARTESIAN_POINT('Ctrl Pts',(4.70457837503575,-3.23642908586749,3.));
#5990=CARTESIAN_POINT('Ctrl Pts',(4.69797749733685,-3.23331446675489,3.));
#5991=CARTESIAN_POINT('Ctrl Pts',(4.69150248446372,-3.23025923686443,3.));
#5992=CARTESIAN_POINT('Ctrl Pts',(4.68505924383113,-3.22715938757675,3.));
#5993=CARTESIAN_POINT('Ctrl Pts',(4.67868925705171,-3.22394704813162,3.));
#5994=CARTESIAN_POINT('Ctrl Pts',(4.67213353536523,-3.22064104388168,3.));
#5995=CARTESIAN_POINT('Ctrl Pts',(4.66565792741388,-3.21721166592902,3.));
#5996=CARTESIAN_POINT('Ctrl Pts',(4.65931916343523,-3.21356494467759,3.));
#5997=CARTESIAN_POINT('Ctrl Pts',(4.65385230748816,-3.21041983628929,3.));
#5998=CARTESIAN_POINT('Ctrl Pts',(4.6484884316783,-3.20711105407476,3.));
#5999=CARTESIAN_POINT('Ctrl Pts',(4.64324797246077,-3.20360462215859,3.));
#6000=CARTESIAN_POINT('Ctrl Pts',(4.64241217240948,-3.20304538186042,3.));
#6001=CARTESIAN_POINT('Ctrl Pts',(4.64157945582345,-3.20248120674988,3.));
#6002=CARTESIAN_POINT('Ctrl Pts',(4.64074983473125,-3.20191207680403,3.));
#6003=CARTESIAN_POINT('Ctrl Pts',(4.64074983473125,-3.20191207680403,0.));
#6004=CARTESIAN_POINT('Ctrl Pts',(4.64280878838249,-3.20332454352053,0.));
#6005=CARTESIAN_POINT('Ctrl Pts',(4.64695845224566,-3.20609864677698,0.));
#6006=CARTESIAN_POINT('Ctrl Pts',(4.6532782173072,-3.21010731183127,0.));
#6007=CARTESIAN_POINT('Ctrl Pts',(4.66188645427979,-3.21516162822622,0.));
#6008=CARTESIAN_POINT('Ctrl Pts',(4.67289943474689,-3.22107909215882,0.));
#6009=CARTESIAN_POINT('Ctrl Pts',(4.68410034721234,-3.22670348129086,0.));
#6010=CARTESIAN_POINT('Ctrl Pts',(4.69542447209734,-3.23214165242324,0.));
#6011=CARTESIAN_POINT('Ctrl Pts',(4.70682184449339,-3.23747529647946,0.));
#6012=CARTESIAN_POINT('Ctrl Pts',(4.71827092461035,-3.24273804485759,0.));
#6013=CARTESIAN_POINT('Ctrl Pts',(4.72977009167511,-3.24792995261459,0.));
#6014=CARTESIAN_POINT('Ctrl Pts',(4.74133002491356,-3.25303048818459,0.));
#6015=CARTESIAN_POINT('Ctrl Pts',(4.75296589673571,-3.25801183557344,0.));
#6016=CARTESIAN_POINT('Ctrl Pts',(4.76468936135502,-3.26285255133787,0.));
#6017=CARTESIAN_POINT('Ctrl Pts',(4.77650147005345,-3.26754963298993,0.));
#6018=CARTESIAN_POINT('Ctrl Pts',(4.78839634002428,-3.27211217178387,0.));
#6019=CARTESIAN_POINT('Ctrl Pts',(4.80036404976735,-3.27655632930681,0.));
#6020=CARTESIAN_POINT('Ctrl Pts',(4.81239375016261,-3.28089994652377,0.));
#6021=CARTESIAN_POINT('Ctrl Pts',(4.82447684803748,-3.28515702492152,0.));
#6022=CARTESIAN_POINT('Ctrl Pts',(4.8366096726516,-3.28933310380397,0.));
#6023=CARTESIAN_POINT('Ctrl Pts',(4.84879180099435,-3.29342815184662,0.));
#6024=CARTESIAN_POINT('Ctrl Pts',(4.86102479785243,-3.29743874084024,0.));
#6025=CARTESIAN_POINT('Ctrl Pts',(4.87331083725398,-3.30136042484485,0.));
#6026=CARTESIAN_POINT('Ctrl Pts',(4.88565128645656,-3.305190183916,0.));
#6027=CARTESIAN_POINT('Ctrl Pts',(4.8980455677911,-3.30892838776902,0.));
#6028=CARTESIAN_POINT('Ctrl Pts',(4.91049188438189,-3.31257753856918,0.));
#6029=CARTESIAN_POINT('Ctrl Pts',(4.92298773571215,-3.31614137688556,0.));
#6030=CARTESIAN_POINT('Ctrl Pts',(4.93553049478448,-3.3196238812766,0.));
#6031=CARTESIAN_POINT('Ctrl Pts',(4.94811800090819,-3.32302824075206,0.));
#6032=CARTESIAN_POINT('Ctrl Pts',(4.96074901866642,-3.32635605890345,0.));
#6033=CARTESIAN_POINT('Ctrl Pts',(4.97342291477086,-3.32960791170042,0.));
#6034=CARTESIAN_POINT('Ctrl Pts',(4.98613943182645,-3.33278373757369,0.));
#6035=CARTESIAN_POINT('Ctrl Pts',(4.99889843316289,-3.33588327762348,0.));
#6036=CARTESIAN_POINT('Ctrl Pts',(5.01169964013405,-3.33890652881744,0.));
#6037=CARTESIAN_POINT('Ctrl Pts',(5.02454243171679,-3.3418540895944,0.));
#6038=CARTESIAN_POINT('Ctrl Pts',(5.03742598165833,-3.34472692226737,0.));
#6039=CARTESIAN_POINT('Ctrl Pts',(5.05034935118145,-3.34752619225226,0.));
#6040=CARTESIAN_POINT('Ctrl Pts',(5.06331159488583,-3.35025308451312,0.));
#6041=CARTESIAN_POINT('Ctrl Pts',(5.07631186920934,-3.35290861564757,0.));
#6042=CARTESIAN_POINT('Ctrl Pts',(5.08934951393514,-3.35549349249273,0.));
#6043=CARTESIAN_POINT('Ctrl Pts',(5.10242399136309,-3.3580082163172,0.));
#6044=CARTESIAN_POINT('Ctrl Pts',(5.11553484424324,-3.36045315466642,0.));
#6045=CARTESIAN_POINT('Ctrl Pts',(5.12868164784412,-3.3628286234064,0.));
#6046=CARTESIAN_POINT('Ctrl Pts',(5.1418639605751,-3.36513497120682,0.));
#6047=CARTESIAN_POINT('Ctrl Pts',(5.15508128618253,-3.36737264437589,0.));
#6048=CARTESIAN_POINT('Ctrl Pts',(5.16833309967956,-3.36954214305943,0.));
#6049=CARTESIAN_POINT('Ctrl Pts',(5.18161886472111,-3.37164399212325,0.));
#6050=CARTESIAN_POINT('Ctrl Pts',(5.19493805339029,-3.37367870787911,0.));
#6051=CARTESIAN_POINT('Ctrl Pts',(5.20829016623102,-3.37564676467948,0.));
#6052=CARTESIAN_POINT('Ctrl Pts',(5.22167474741702,-3.37754856920242,0.));
#6053=CARTESIAN_POINT('Ctrl Pts',(5.23509137176347,-3.37938447946112,0.));
#6054=CARTESIAN_POINT('Ctrl Pts',(5.24853963502481,-3.38115481860614,0.));
#6055=CARTESIAN_POINT('Ctrl Pts',(5.26201914308385,-3.38285989072248,0.));
#6056=CARTESIAN_POINT('Ctrl Pts',(5.27552950053209,-3.38449999729484,0.));
#6057=CARTESIAN_POINT('Ctrl Pts',(5.28907030182945,-3.38607545071906,0.));
#6058=CARTESIAN_POINT('Ctrl Pts',(5.30264114038792,-3.3875865656399,0.));
#6059=CARTESIAN_POINT('Ctrl Pts',(5.31624161554081,-3.38903365318045,0.));
#6060=CARTESIAN_POINT('Ctrl Pts',(5.3298713398278,-3.39041701465666,0.));
#6061=CARTESIAN_POINT('Ctrl Pts',(5.34352994661742,-3.39173693564426,0.));
#6062=CARTESIAN_POINT('Ctrl Pts',(5.35721709542525,-3.39299368131428,0.));
#6063=CARTESIAN_POINT('Ctrl Pts',(5.37093245967431,-3.39418750075557,0.));
#6064=CARTESIAN_POINT('Ctrl Pts',(5.38467571584275,-3.39531863079413,0.));
#6065=CARTESIAN_POINT('Ctrl Pts',(5.39844653225862,-3.39638730034148,0.));
#6066=CARTESIAN_POINT('Ctrl Pts',(5.41224455695537,-3.3973937352058,0.));
#6067=CARTESIAN_POINT('Ctrl Pts',(5.42606940820881,-3.39833816248738,0.));
#6068=CARTESIAN_POINT('Ctrl Pts',(5.43992069732034,-3.39922080643213,0.));
#6069=CARTESIAN_POINT('Ctrl Pts',(5.45379804895828,-3.40004188528475,0.));
#6070=CARTESIAN_POINT('Ctrl Pts',(5.46770112206752,-3.40080160815283,0.));
#6071=CARTESIAN_POINT('Ctrl Pts',(5.48162963080392,-3.40150017241804,0.));
#6072=CARTESIAN_POINT('Ctrl Pts',(5.49558336414975,-3.4021377610547,0.));
#6073=CARTESIAN_POINT('Ctrl Pts',(5.50956217527065,-3.40271453267261,0.));
#6074=CARTESIAN_POINT('Ctrl Pts',(5.52076521272388,-3.40312739626303,0.));
#6075=CARTESIAN_POINT('Ctrl Pts',(5.52917871308423,-3.40340976938718,0.));
#6076=CARTESIAN_POINT('Ctrl Pts',(5.53479269934479,-3.40358590013318,0.));
#6077=CARTESIAN_POINT('Ctrl Pts',(5.53760093898008,-3.40367093600526,0.));
#6078=CARTESIAN_POINT('Ctrl Pts',(4.72093024846261,-4.46797690114337,0.));
#6079=CARTESIAN_POINT('Ctrl Pts',(4.72093024846261,-4.46797690114337,5.));
#6080=CARTESIAN_POINT('Ctrl Pts',(4.72012128421678,-4.46528635885645,0.));
#6081=CARTESIAN_POINT('Ctrl Pts',(4.72012128421678,-4.46528635885645,5.));
#6082=CARTESIAN_POINT('Ctrl Pts',(4.71849814841724,-4.45990925053044,0.));
#6083=CARTESIAN_POINT('Ctrl Pts',(4.71849814841724,-4.45990925053044,5.));
#6084=CARTESIAN_POINT('Ctrl Pts',(4.71604782279474,-4.45185551678524,0.));
#6085=CARTESIAN_POINT('Ctrl Pts',(4.71604782279474,-4.45185551678524,5.));
#6086=CARTESIAN_POINT('Ctrl Pts',(4.71274946773412,-4.44114107053651,0.));
#6087=CARTESIAN_POINT('Ctrl Pts',(4.71274946773412,-4.44114107053651,5.));
#6088=CARTESIAN_POINT('Ctrl Pts',(4.70857436658654,-4.42778785533341,0.));
#6089=CARTESIAN_POINT('Ctrl Pts',(4.70857436658654,-4.42778785533341,5.));
#6090=CARTESIAN_POINT('Ctrl Pts',(4.70434701131565,-4.41447460400362,0.));
#6091=CARTESIAN_POINT('Ctrl Pts',(4.70434701131565,-4.41447460400362,5.));
#6092=CARTESIAN_POINT('Ctrl Pts',(4.70006728671971,-4.40120149942951,0.));
#6093=CARTESIAN_POINT('Ctrl Pts',(4.70006728671971,-4.40120149942951,5.));
#6094=CARTESIAN_POINT('Ctrl Pts',(4.69573507067448,-4.38796879279576,0.));
#6095=CARTESIAN_POINT('Ctrl Pts',(4.69573507067448,-4.38796879279576,5.));
#6096=CARTESIAN_POINT('Ctrl Pts',(4.69135024650584,-4.37477681129277,0.));
#6097=CARTESIAN_POINT('Ctrl Pts',(4.69135024650584,-4.37477681129277,5.));
#6098=CARTESIAN_POINT('Ctrl Pts',(4.6869127005029,-4.3616259384755,0.));
#6099=CARTESIAN_POINT('Ctrl Pts',(4.6869127005029,-4.3616259384755,5.));
#6100=CARTESIAN_POINT('Ctrl Pts',(4.68242231900047,-4.34851659337238,0.));
#6101=CARTESIAN_POINT('Ctrl Pts',(4.68242231900047,-4.34851659337238,5.));
#6102=CARTESIAN_POINT('Ctrl Pts',(4.67787898599623,-4.33544920947655,0.));
#6103=CARTESIAN_POINT('Ctrl Pts',(4.67787898599623,-4.33544920947655,5.));
#6104=CARTESIAN_POINT('Ctrl Pts',(4.67328258092564,-4.32242421428315,0.));
#6105=CARTESIAN_POINT('Ctrl Pts',(4.67328258092564,-4.32242421428315,5.));
#6106=CARTESIAN_POINT('Ctrl Pts',(4.66863297677038,-4.30944200620922,0.));
#6107=CARTESIAN_POINT('Ctrl Pts',(4.66863297677038,-4.30944200620922,5.));
#6108=CARTESIAN_POINT('Ctrl Pts',(4.66393003826194,-4.29650296487192,0.));
#6109=CARTESIAN_POINT('Ctrl Pts',(4.66393003826194,-4.29650296487192,5.));
#6110=CARTESIAN_POINT('Ctrl Pts',(4.65917362037758,-4.28360746406442,0.));
#6111=CARTESIAN_POINT('Ctrl Pts',(4.65917362037758,-4.28360746406442,5.));
#6112=CARTESIAN_POINT('Ctrl Pts',(4.65436356704027,-4.27075588370482,0.));
#6113=CARTESIAN_POINT('Ctrl Pts',(4.65436356704027,-4.27075588370482,5.));
#6114=CARTESIAN_POINT('Ctrl Pts',(4.64949971023834,-4.25794862130712,0.));
#6115=CARTESIAN_POINT('Ctrl Pts',(4.64949971023834,-4.25794862130712,5.));
#6116=CARTESIAN_POINT('Ctrl Pts',(4.64458186901801,-4.24518610492257,0.));
#6117=CARTESIAN_POINT('Ctrl Pts',(4.64458186901801,-4.24518610492257,5.));
#6118=CARTESIAN_POINT('Ctrl Pts',(4.63960985261253,-4.23246878679539,0.));
#6119=CARTESIAN_POINT('Ctrl Pts',(4.63960985261253,-4.23246878679539,5.));
#6120=CARTESIAN_POINT('Ctrl Pts',(4.63458346420026,-4.21979713446449,0.));
#6121=CARTESIAN_POINT('Ctrl Pts',(4.63458346420026,-4.21979713446449,5.));
#6122=CARTESIAN_POINT('Ctrl Pts',(4.6295025050904,-4.20717162209975,0.));
#6123=CARTESIAN_POINT('Ctrl Pts',(4.6295025050904,-4.20717162209975,5.));
#6124=CARTESIAN_POINT('Ctrl Pts',(4.62436677849325,-4.19459272227684,0.));
#6125=CARTESIAN_POINT('Ctrl Pts',(4.62436677849325,-4.19459272227684,5.));
#6126=CARTESIAN_POINT('Ctrl Pts',(4.6191760955362,-4.182060894961,0.));
#6127=CARTESIAN_POINT('Ctrl Pts',(4.6191760955362,-4.182060894961,5.));
#6128=CARTESIAN_POINT('Ctrl Pts',(4.61393026450073,-4.16957659954319,0.));
#6129=CARTESIAN_POINT('Ctrl Pts',(4.61393026450073,-4.16957659954319,5.));
#6130=CARTESIAN_POINT('Ctrl Pts',(4.60862907787381,-4.15714031013218,0.));
#6131=CARTESIAN_POINT('Ctrl Pts',(4.60862907787381,-4.15714031013218,5.));
#6132=CARTESIAN_POINT('Ctrl Pts',(4.60327229988718,-4.14475253008557,0.));
#6133=CARTESIAN_POINT('Ctrl Pts',(4.60327229988718,-4.14475253008557,5.));
#6134=CARTESIAN_POINT('Ctrl Pts',(4.59785965569654,-4.13241380495378,0.));
#6135=CARTESIAN_POINT('Ctrl Pts',(4.59785965569654,-4.13241380495378,5.));
#6136=CARTESIAN_POINT('Ctrl Pts',(4.59239081638133,-4.12012473994578,0.));
#6137=CARTESIAN_POINT('Ctrl Pts',(4.59239081638133,-4.12012473994578,5.));
#6138=CARTESIAN_POINT('Ctrl Pts',(4.58686541985762,-4.10788597862146,0.));
#6139=CARTESIAN_POINT('Ctrl Pts',(4.58686541985762,-4.10788597862146,5.));
#6140=CARTESIAN_POINT('Ctrl Pts',(4.5812830979603,-4.09569817489564,0.));
#6141=CARTESIAN_POINT('Ctrl Pts',(4.5812830979603,-4.09569817489564,5.));
#6142=CARTESIAN_POINT('Ctrl Pts',(4.57564350346219,-4.08356196531394,0.));
#6143=CARTESIAN_POINT('Ctrl Pts',(4.57564350346219,-4.08356196531394,5.));
#6144=CARTESIAN_POINT('Ctrl Pts',(4.56994633370257,-4.07147794473366,0.));
#6145=CARTESIAN_POINT('Ctrl Pts',(4.56994633370257,-4.07147794473366,5.));
#6146=CARTESIAN_POINT('Ctrl Pts',(4.56419136618446,-4.05944662994092,0.));
#6147=CARTESIAN_POINT('Ctrl Pts',(4.56419136618446,-4.05944662994092,5.));
#6148=CARTESIAN_POINT('Ctrl Pts',(4.5583784057333,-4.04746851294699,0.));
#6149=CARTESIAN_POINT('Ctrl Pts',(4.5583784057333,-4.04746851294699,5.));
#6150=CARTESIAN_POINT('Ctrl Pts',(4.55250721567247,-4.03554413054912,0.));
#6151=CARTESIAN_POINT('Ctrl Pts',(4.55250721567247,-4.03554413054912,5.));
#6152=CARTESIAN_POINT('Ctrl Pts',(4.5465774509807,-4.02367413186366,0.));
#6153=CARTESIAN_POINT('Ctrl Pts',(4.5465774509807,-4.02367413186366,5.));
#6154=CARTESIAN_POINT('Ctrl Pts',(4.54058859978248,-4.011859337554,0.));
#6155=CARTESIAN_POINT('Ctrl Pts',(4.54058859978248,-4.011859337554,5.));
#6156=CARTESIAN_POINT('Ctrl Pts',(4.53453989844983,-4.00010082555341,0.));
#6157=CARTESIAN_POINT('Ctrl Pts',(4.53453989844983,-4.00010082555341,5.));
#6158=CARTESIAN_POINT('Ctrl Pts',(4.52843044708301,-3.98839981573975,0.));
#6159=CARTESIAN_POINT('Ctrl Pts',(4.52843044708301,-3.98839981573975,5.));
#6160=CARTESIAN_POINT('Ctrl Pts',(4.52225936295009,-3.97675751653401,0.));
#6161=CARTESIAN_POINT('Ctrl Pts',(4.52225936295009,-3.97675751653401,5.));
#6162=CARTESIAN_POINT('Ctrl Pts',(4.51602593037805,-3.96517497510002,0.));
#6163=CARTESIAN_POINT('Ctrl Pts',(4.51602593037805,-3.96517497510002,5.));
#6164=CARTESIAN_POINT('Ctrl Pts',(4.50972973205197,-3.95365294618744,0.));
#6165=CARTESIAN_POINT('Ctrl Pts',(4.50972973205197,-3.95365294618744,5.));
#6166=CARTESIAN_POINT('Ctrl Pts',(4.50337084301983,-3.94219169816293,0.));
#6167=CARTESIAN_POINT('Ctrl Pts',(4.50337084301983,-3.94219169816293,5.));
#6168=CARTESIAN_POINT('Ctrl Pts',(4.49694954873247,-3.93079129603167,0.));
#6169=CARTESIAN_POINT('Ctrl Pts',(4.49694954873247,-3.93079129603167,5.));
#6170=CARTESIAN_POINT('Ctrl Pts',(4.49046597527999,-3.91945197248291,0.));
#6171=CARTESIAN_POINT('Ctrl Pts',(4.49046597527999,-3.91945197248291,5.));
#6172=CARTESIAN_POINT('Ctrl Pts',(4.48391973022551,-3.90817448829806,0.));
#6173=CARTESIAN_POINT('Ctrl Pts',(4.48391973022551,-3.90817448829806,5.));
#6174=CARTESIAN_POINT('Ctrl Pts',(4.47730958436799,-3.89696045183824,0.));
#6175=CARTESIAN_POINT('Ctrl Pts',(4.47730958436799,-3.89696045183824,5.));
#6176=CARTESIAN_POINT('Ctrl Pts',(4.47063301658844,-3.88581277554681,0.));
#6177=CARTESIAN_POINT('Ctrl Pts',(4.47063301658844,-3.88581277554681,5.));
#6178=CARTESIAN_POINT('Ctrl Pts',(4.46388686381147,-3.87473502663513,0.));
#6179=CARTESIAN_POINT('Ctrl Pts',(4.46388686381147,-3.87473502663513,5.));
#6180=CARTESIAN_POINT('Ctrl Pts',(4.45706816010617,-3.86373058854744,0.));
#6181=CARTESIAN_POINT('Ctrl Pts',(4.45706816010617,-3.86373058854744,5.));
#6182=CARTESIAN_POINT('Ctrl Pts',(4.45017495363213,-3.85280184454043,0.));
#6183=CARTESIAN_POINT('Ctrl Pts',(4.45017495363213,-3.85280184454043,5.));
#6184=CARTESIAN_POINT('Ctrl Pts',(4.44320703678353,-3.84194944828893,0.));
#6185=CARTESIAN_POINT('Ctrl Pts',(4.44320703678353,-3.84194944828893,5.));
#6186=CARTESIAN_POINT('Ctrl Pts',(4.43616697273042,-3.83117129750443,0.));
#6187=CARTESIAN_POINT('Ctrl Pts',(4.43616697273042,-3.83117129750443,5.));
#6188=CARTESIAN_POINT('Ctrl Pts',(4.42905849324113,-3.82046414154305,0.));
#6189=CARTESIAN_POINT('Ctrl Pts',(4.42905849324113,-3.82046414154305,5.));
#6190=CARTESIAN_POINT('Ctrl Pts',(4.42188450471494,-3.80982558165106,0.));
#6191=CARTESIAN_POINT('Ctrl Pts',(4.42188450471494,-3.80982558165106,5.));
#6192=CARTESIAN_POINT('Ctrl Pts',(4.41464514689215,-3.79925601831797,0.));
#6193=CARTESIAN_POINT('Ctrl Pts',(4.41464514689215,-3.79925601831797,5.));
#6194=CARTESIAN_POINT('Ctrl Pts',(4.40733601927361,-3.78876043088406,0.));
#6195=CARTESIAN_POINT('Ctrl Pts',(4.40733601927361,-3.78876043088406,5.));
#6196=CARTESIAN_POINT('Ctrl Pts',(4.39994582153834,-3.77835074356807,0.));
#6197=CARTESIAN_POINT('Ctrl Pts',(4.39994582153834,-3.77835074356807,5.));
#6198=CARTESIAN_POINT('Ctrl Pts',(4.39246012859636,-3.76804205339678,0.));
#6199=CARTESIAN_POINT('Ctrl Pts',(4.39246012859636,-3.76804205339678,5.));
#6200=CARTESIAN_POINT('Ctrl Pts',(4.38486589742647,-3.75784812673,0.));
#6201=CARTESIAN_POINT('Ctrl Pts',(4.38486589742647,-3.75784812673,5.));
#6202=CARTESIAN_POINT('Ctrl Pts',(4.37715586913382,-3.74777699891238,0.));
#6203=CARTESIAN_POINT('Ctrl Pts',(4.37715586913382,-3.74777699891238,5.));
#6204=CARTESIAN_POINT('Ctrl Pts',(4.36933267180727,-3.73782687738248,0.));
#6205=CARTESIAN_POINT('Ctrl Pts',(4.36933267180727,-3.73782687738248,5.));
#6206=CARTESIAN_POINT('Ctrl Pts',(4.36141400189007,-3.72798095506302,0.));
#6207=CARTESIAN_POINT('Ctrl Pts',(4.36141400189007,-3.72798095506302,5.));
#6208=CARTESIAN_POINT('Ctrl Pts',(4.3534228006607,-3.71821737722228,0.));
#6209=CARTESIAN_POINT('Ctrl Pts',(4.3534228006607,-3.71821737722228,5.));
#6210=CARTESIAN_POINT('Ctrl Pts',(4.34537613610183,-3.7085205145599,0.));
#6211=CARTESIAN_POINT('Ctrl Pts',(4.34537613610183,-3.7085205145599,5.));
#6212=CARTESIAN_POINT('Ctrl Pts',(4.33727437451947,-3.69889194687227,0.));
#6213=CARTESIAN_POINT('Ctrl Pts',(4.33727437451947,-3.69889194687227,5.));
#6214=CARTESIAN_POINT('Ctrl Pts',(4.32909060538557,-3.68936118444531,0.));
#6215=CARTESIAN_POINT('Ctrl Pts',(4.32909060538557,-3.68936118444531,5.));
#6216=CARTESIAN_POINT('Ctrl Pts',(4.32075885319725,-3.67999763284137,0.));
#6217=CARTESIAN_POINT('Ctrl Pts',(4.32075885319725,-3.67999763284137,5.));
#6218=CARTESIAN_POINT('Ctrl Pts',(4.31219265287039,-3.67089146294825,0.));
#6219=CARTESIAN_POINT('Ctrl Pts',(4.31219265287039,-3.67089146294825,5.));
#6220=CARTESIAN_POINT('Ctrl Pts',(4.30508258245701,-3.66388469788059,0.));
#6221=CARTESIAN_POINT('Ctrl Pts',(4.30508258245701,-3.66388469788059,5.));
#6222=CARTESIAN_POINT('Ctrl Pts',(4.29957483379363,-3.65881779245306,0.));
#6223=CARTESIAN_POINT('Ctrl Pts',(4.29957483379363,-3.65881779245306,5.));
#6224=CARTESIAN_POINT('Ctrl Pts',(4.29582124377486,-3.65552751571306,0.));
#6225=CARTESIAN_POINT('Ctrl Pts',(4.29582124377486,-3.65552751571306,5.));
#6226=CARTESIAN_POINT('Ctrl Pts',(4.2939240092767,-3.65390429249299,0.));
#6227=CARTESIAN_POINT('Ctrl Pts',(4.2939240092767,-3.65390429249299,5.));
#6228=CARTESIAN_POINT('',(4.72093024846261,-4.46797690114338,3.));
#6229=CARTESIAN_POINT('Ctrl Pts',(4.2939240092767,-3.65390429249299,3.));
#6230=CARTESIAN_POINT('Ctrl Pts',(4.29884867137455,-3.65811770199822,3.));
#6231=CARTESIAN_POINT('Ctrl Pts',(4.30360430507337,-3.66251220931729,3.));
#6232=CARTESIAN_POINT('Ctrl Pts',(4.308215037224,-3.66706281289671,3.));
#6233=CARTESIAN_POINT('Ctrl Pts',(4.31454701806436,-3.67331221835675,3.));
#6234=CARTESIAN_POINT('Ctrl Pts',(4.32060869855517,-3.67985299381725,3.));
#6235=CARTESIAN_POINT('Ctrl Pts',(4.3265358995687,-3.68654389501273,3.));
#6236=CARTESIAN_POINT('Ctrl Pts',(4.33103689186748,-3.69162482523326,3.));
#6237=CARTESIAN_POINT('Ctrl Pts',(4.33546335950386,-3.69678918992085,3.));
#6238=CARTESIAN_POINT('Ctrl Pts',(4.339859723427,-3.70199019721509,3.));
#6239=CARTESIAN_POINT('Ctrl Pts',(4.34456908742565,-3.70756149134281,3.));
#6240=CARTESIAN_POINT('Ctrl Pts',(4.34924379326557,-3.71317493351934,3.));
#6241=CARTESIAN_POINT('Ctrl Pts',(4.35389181944978,-3.71882064700105,3.));
#6242=CARTESIAN_POINT('Ctrl Pts',(4.36111817829052,-3.72759812585204,3.));
#6243=CARTESIAN_POINT('Ctrl Pts',(4.36827600326102,-3.73645759374842,3.));
#6244=CARTESIAN_POINT('Ctrl Pts',(4.3753010792463,-3.74545944383402,3.));
#6245=CARTESIAN_POINT('Ctrl Pts',(4.38097801676351,-3.75273380507685,3.));
#6246=CARTESIAN_POINT('Ctrl Pts',(4.38656532670707,-3.76010418649517,3.));
#6247=CARTESIAN_POINT('Ctrl Pts',(4.3920634994343,-3.76756868067878,3.));
#6248=CARTESIAN_POINT('Ctrl Pts',(4.4003879398984,-3.77887020584158,3.));
#6249=CARTESIAN_POINT('Ctrl Pts',(4.40851483996726,-3.79038063461853,3.));
#6250=CARTESIAN_POINT('Ctrl Pts',(4.41652001041884,-3.80202012092787,3.));
#6251=CARTESIAN_POINT('Ctrl Pts',(4.42375568035912,-3.81254075652434,3.));
#6252=CARTESIAN_POINT('Ctrl Pts',(4.43089247633557,-3.82316627873644,3.));
#6253=CARTESIAN_POINT('Ctrl Pts',(4.43792868169484,-3.8338960246204,3.));
#6254=CARTESIAN_POINT('Ctrl Pts',(4.44573245911814,-3.84579626692597,3.));
#6255=CARTESIAN_POINT('Ctrl Pts',(4.45340594602062,-3.85783128289037,3.));
#6256=CARTESIAN_POINT('Ctrl Pts',(4.46094142081511,-3.87000602048399,3.));
#6257=CARTESIAN_POINT('Ctrl Pts',(4.47104281848687,-3.88632640763099,3.));
#6258=CARTESIAN_POINT('Ctrl Pts',(4.4809028056406,-3.90289125321186,3.));
#6259=CARTESIAN_POINT('Ctrl Pts',(4.49055933906073,-3.91965672608105,3.));
#6260=CARTESIAN_POINT('Ctrl Pts',(4.50356968534415,-3.9422450192235,3.));
#6261=CARTESIAN_POINT('Ctrl Pts',(4.51620521149724,-3.96520298437318,3.));
#6262=CARTESIAN_POINT('Ctrl Pts',(4.52846831174811,-3.98851575717592,3.));
#6263=CARTESIAN_POINT('Ctrl Pts',(4.54093354220649,-4.01221278970971,3.));
#6264=CARTESIAN_POINT('Ctrl Pts',(4.55302024502131,-4.0362701682044,3.));
#6265=CARTESIAN_POINT('Ctrl Pts',(4.56475138191796,-4.06065319305105,3.));
#6266=CARTESIAN_POINT('Ctrl Pts',(4.58560173041461,-4.10399038789705,3.));
#6267=CARTESIAN_POINT('Ctrl Pts',(4.6053179598442,-4.14836680418068,3.));
#6268=CARTESIAN_POINT('Ctrl Pts',(4.62396405992599,-4.19365912743879,3.));
#6269=CARTESIAN_POINT('Ctrl Pts',(4.64326881579886,-4.24055135903564,3.));
#6270=CARTESIAN_POINT('Ctrl Pts',(4.66142394072495,-4.28842740593296,3.));
#6271=CARTESIAN_POINT('Ctrl Pts',(4.67847031923789,-4.33718752991913,3.));
#6272=CARTESIAN_POINT('Ctrl Pts',(4.69189413248012,-4.37558552733316,3.));
#6273=CARTESIAN_POINT('Ctrl Pts',(4.70462927008318,-4.41452957597419,3.));
#6274=CARTESIAN_POINT('Ctrl Pts',(4.71668865203234,-4.45398527683326,3.));
#6275=CARTESIAN_POINT('Ctrl Pts',(4.71811193700098,-4.45864195875917,3.));
#6276=CARTESIAN_POINT('Ctrl Pts',(4.71952580089162,-4.46330583490157,3.));
#6277=CARTESIAN_POINT('Ctrl Pts',(4.72093024846261,-4.46797690114337,3.));
#6278=CARTESIAN_POINT('',(4.72093024846261,-4.46797690114337,0.));
#6279=CARTESIAN_POINT('',(4.72093024846261,-4.46797690114337,0.));
#6280=CARTESIAN_POINT('Ctrl Pts',(4.2939240092767,-3.65390429249299,0.));
#6281=CARTESIAN_POINT('Ctrl Pts',(4.29582124377486,-3.65552751571306,0.));
#6282=CARTESIAN_POINT('Ctrl Pts',(4.29957483379363,-3.65881779245306,0.));
#6283=CARTESIAN_POINT('Ctrl Pts',(4.30508258245701,-3.66388469788059,0.));
#6284=CARTESIAN_POINT('Ctrl Pts',(4.31219265287039,-3.67089146294825,0.));
#6285=CARTESIAN_POINT('Ctrl Pts',(4.32075885319725,-3.67999763284137,0.));
#6286=CARTESIAN_POINT('Ctrl Pts',(4.32909060538557,-3.68936118444531,0.));
#6287=CARTESIAN_POINT('Ctrl Pts',(4.33727437451947,-3.69889194687227,0.));
#6288=CARTESIAN_POINT('Ctrl Pts',(4.34537613610183,-3.7085205145599,0.));
#6289=CARTESIAN_POINT('Ctrl Pts',(4.3534228006607,-3.71821737722228,0.));
#6290=CARTESIAN_POINT('Ctrl Pts',(4.36141400189007,-3.72798095506302,0.));
#6291=CARTESIAN_POINT('Ctrl Pts',(4.36933267180727,-3.73782687738248,0.));
#6292=CARTESIAN_POINT('Ctrl Pts',(4.37715586913382,-3.74777699891238,0.));
#6293=CARTESIAN_POINT('Ctrl Pts',(4.38486589742647,-3.75784812673,0.));
#6294=CARTESIAN_POINT('Ctrl Pts',(4.39246012859636,-3.76804205339678,0.));
#6295=CARTESIAN_POINT('Ctrl Pts',(4.39994582153834,-3.77835074356807,0.));
#6296=CARTESIAN_POINT('Ctrl Pts',(4.40733601927361,-3.78876043088406,0.));
#6297=CARTESIAN_POINT('Ctrl Pts',(4.41464514689215,-3.79925601831797,0.));
#6298=CARTESIAN_POINT('Ctrl Pts',(4.42188450471494,-3.80982558165106,0.));
#6299=CARTESIAN_POINT('Ctrl Pts',(4.42905849324113,-3.82046414154305,0.));
#6300=CARTESIAN_POINT('Ctrl Pts',(4.43616697273042,-3.83117129750443,0.));
#6301=CARTESIAN_POINT('Ctrl Pts',(4.44320703678353,-3.84194944828893,0.));
#6302=CARTESIAN_POINT('Ctrl Pts',(4.45017495363213,-3.85280184454043,0.));
#6303=CARTESIAN_POINT('Ctrl Pts',(4.45706816010617,-3.86373058854744,0.));
#6304=CARTESIAN_POINT('Ctrl Pts',(4.46388686381147,-3.87473502663513,0.));
#6305=CARTESIAN_POINT('Ctrl Pts',(4.47063301658844,-3.88581277554681,0.));
#6306=CARTESIAN_POINT('Ctrl Pts',(4.47730958436799,-3.89696045183824,0.));
#6307=CARTESIAN_POINT('Ctrl Pts',(4.48391973022551,-3.90817448829806,0.));
#6308=CARTESIAN_POINT('Ctrl Pts',(4.49046597527999,-3.91945197248291,0.));
#6309=CARTESIAN_POINT('Ctrl Pts',(4.49694954873247,-3.93079129603167,0.));
#6310=CARTESIAN_POINT('Ctrl Pts',(4.50337084301983,-3.94219169816293,0.));
#6311=CARTESIAN_POINT('Ctrl Pts',(4.50972973205197,-3.95365294618744,0.));
#6312=CARTESIAN_POINT('Ctrl Pts',(4.51602593037805,-3.96517497510002,0.));
#6313=CARTESIAN_POINT('Ctrl Pts',(4.52225936295009,-3.97675751653401,0.));
#6314=CARTESIAN_POINT('Ctrl Pts',(4.52843044708301,-3.98839981573975,0.));
#6315=CARTESIAN_POINT('Ctrl Pts',(4.53453989844983,-4.00010082555341,0.));
#6316=CARTESIAN_POINT('Ctrl Pts',(4.54058859978248,-4.011859337554,0.));
#6317=CARTESIAN_POINT('Ctrl Pts',(4.5465774509807,-4.02367413186366,0.));
#6318=CARTESIAN_POINT('Ctrl Pts',(4.55250721567247,-4.03554413054912,0.));
#6319=CARTESIAN_POINT('Ctrl Pts',(4.5583784057333,-4.04746851294699,0.));
#6320=CARTESIAN_POINT('Ctrl Pts',(4.56419136618446,-4.05944662994092,0.));
#6321=CARTESIAN_POINT('Ctrl Pts',(4.56994633370257,-4.07147794473366,0.));
#6322=CARTESIAN_POINT('Ctrl Pts',(4.57564350346219,-4.08356196531394,0.));
#6323=CARTESIAN_POINT('Ctrl Pts',(4.5812830979603,-4.09569817489564,0.));
#6324=CARTESIAN_POINT('Ctrl Pts',(4.58686541985762,-4.10788597862146,0.));
#6325=CARTESIAN_POINT('Ctrl Pts',(4.59239081638133,-4.12012473994578,0.));
#6326=CARTESIAN_POINT('Ctrl Pts',(4.59785965569654,-4.13241380495378,0.));
#6327=CARTESIAN_POINT('Ctrl Pts',(4.60327229988718,-4.14475253008557,0.));
#6328=CARTESIAN_POINT('Ctrl Pts',(4.60862907787381,-4.15714031013218,0.));
#6329=CARTESIAN_POINT('Ctrl Pts',(4.61393026450073,-4.16957659954319,0.));
#6330=CARTESIAN_POINT('Ctrl Pts',(4.6191760955362,-4.182060894961,0.));
#6331=CARTESIAN_POINT('Ctrl Pts',(4.62436677849325,-4.19459272227684,0.));
#6332=CARTESIAN_POINT('Ctrl Pts',(4.6295025050904,-4.20717162209975,0.));
#6333=CARTESIAN_POINT('Ctrl Pts',(4.63458346420026,-4.21979713446449,0.));
#6334=CARTESIAN_POINT('Ctrl Pts',(4.63960985261253,-4.23246878679539,0.));
#6335=CARTESIAN_POINT('Ctrl Pts',(4.64458186901801,-4.24518610492257,0.));
#6336=CARTESIAN_POINT('Ctrl Pts',(4.64949971023834,-4.25794862130712,0.));
#6337=CARTESIAN_POINT('Ctrl Pts',(4.65436356704027,-4.27075588370482,0.));
#6338=CARTESIAN_POINT('Ctrl Pts',(4.65917362037758,-4.28360746406442,0.));
#6339=CARTESIAN_POINT('Ctrl Pts',(4.66393003826194,-4.29650296487192,0.));
#6340=CARTESIAN_POINT('Ctrl Pts',(4.66863297677038,-4.30944200620922,0.));
#6341=CARTESIAN_POINT('Ctrl Pts',(4.67328258092564,-4.32242421428315,0.));
#6342=CARTESIAN_POINT('Ctrl Pts',(4.67787898599623,-4.33544920947655,0.));
#6343=CARTESIAN_POINT('Ctrl Pts',(4.68242231900047,-4.34851659337238,0.));
#6344=CARTESIAN_POINT('Ctrl Pts',(4.6869127005029,-4.3616259384755,0.));
#6345=CARTESIAN_POINT('Ctrl Pts',(4.69135024650584,-4.37477681129277,0.));
#6346=CARTESIAN_POINT('Ctrl Pts',(4.69573507067448,-4.38796879279576,0.));
#6347=CARTESIAN_POINT('Ctrl Pts',(4.70006728671971,-4.40120149942951,0.));
#6348=CARTESIAN_POINT('Ctrl Pts',(4.70434701131565,-4.41447460400362,0.));
#6349=CARTESIAN_POINT('Ctrl Pts',(4.70857436658654,-4.42778785533341,0.));
#6350=CARTESIAN_POINT('Ctrl Pts',(4.71274946773412,-4.44114107053651,0.));
#6351=CARTESIAN_POINT('Ctrl Pts',(4.71604782279474,-4.45185551678524,0.));
#6352=CARTESIAN_POINT('Ctrl Pts',(4.71849814841724,-4.45990925053044,0.));
#6353=CARTESIAN_POINT('Ctrl Pts',(4.72012128421678,-4.46528635885645,0.));
#6354=CARTESIAN_POINT('Ctrl Pts',(4.72093024846261,-4.46797690114337,0.));
#6355=CARTESIAN_POINT('Origin',(-1.85507650628221E-12,1.85505197358755E-12,
0.));
#6356=CARTESIAN_POINT('',(4.46797690114337,-4.72093024846262,3.));
#6357=CARTESIAN_POINT('Origin',(-1.85507650628221E-12,1.85505197358755E-12,
3.));
#6358=CARTESIAN_POINT('',(4.46797690114337,-4.72093024846262,0.));
#6359=CARTESIAN_POINT('',(4.46797690114337,-4.72093024846262,0.));
#6360=CARTESIAN_POINT('Origin',(-1.85507650628221E-12,1.85505197358755E-12,
0.));
#6361=CARTESIAN_POINT('Ctrl Pts',(3.65390429249299,-4.2939240092767,0.));
#6362=CARTESIAN_POINT('Ctrl Pts',(3.65390429249299,-4.2939240092767,5.));
#6363=CARTESIAN_POINT('Ctrl Pts',(3.65552751571305,-4.29582124377486,0.));
#6364=CARTESIAN_POINT('Ctrl Pts',(3.65552751571305,-4.29582124377486,5.));
#6365=CARTESIAN_POINT('Ctrl Pts',(3.65881779245306,-4.29957483379363,0.));
#6366=CARTESIAN_POINT('Ctrl Pts',(3.65881779245306,-4.29957483379363,5.));
#6367=CARTESIAN_POINT('Ctrl Pts',(3.66388469788059,-4.30508258245701,0.));
#6368=CARTESIAN_POINT('Ctrl Pts',(3.66388469788059,-4.30508258245701,5.));
#6369=CARTESIAN_POINT('Ctrl Pts',(3.67089146294825,-4.31219265287039,0.));
#6370=CARTESIAN_POINT('Ctrl Pts',(3.67089146294825,-4.31219265287039,5.));
#6371=CARTESIAN_POINT('Ctrl Pts',(3.67999763284137,-4.32075885319725,0.));
#6372=CARTESIAN_POINT('Ctrl Pts',(3.67999763284137,-4.32075885319725,5.));
#6373=CARTESIAN_POINT('Ctrl Pts',(3.68936118444531,-4.32909060538557,0.));
#6374=CARTESIAN_POINT('Ctrl Pts',(3.68936118444531,-4.32909060538557,5.));
#6375=CARTESIAN_POINT('Ctrl Pts',(3.69889194687227,-4.33727437451947,0.));
#6376=CARTESIAN_POINT('Ctrl Pts',(3.69889194687227,-4.33727437451947,5.));
#6377=CARTESIAN_POINT('Ctrl Pts',(3.7085205145599,-4.34537613610183,0.));
#6378=CARTESIAN_POINT('Ctrl Pts',(3.7085205145599,-4.34537613610183,5.));
#6379=CARTESIAN_POINT('Ctrl Pts',(3.71821737722228,-4.3534228006607,0.));
#6380=CARTESIAN_POINT('Ctrl Pts',(3.71821737722228,-4.3534228006607,5.));
#6381=CARTESIAN_POINT('Ctrl Pts',(3.72798095506302,-4.36141400189007,0.));
#6382=CARTESIAN_POINT('Ctrl Pts',(3.72798095506302,-4.36141400189007,5.));
#6383=CARTESIAN_POINT('Ctrl Pts',(3.73782687738247,-4.36933267180727,0.));
#6384=CARTESIAN_POINT('Ctrl Pts',(3.73782687738247,-4.36933267180727,5.));
#6385=CARTESIAN_POINT('Ctrl Pts',(3.74777699891238,-4.37715586913383,0.));
#6386=CARTESIAN_POINT('Ctrl Pts',(3.74777699891238,-4.37715586913383,5.));
#6387=CARTESIAN_POINT('Ctrl Pts',(3.75784812672999,-4.38486589742647,0.));
#6388=CARTESIAN_POINT('Ctrl Pts',(3.75784812672999,-4.38486589742647,5.));
#6389=CARTESIAN_POINT('Ctrl Pts',(3.76804205339678,-4.39246012859636,0.));
#6390=CARTESIAN_POINT('Ctrl Pts',(3.76804205339678,-4.39246012859636,5.));
#6391=CARTESIAN_POINT('Ctrl Pts',(3.77835074356806,-4.39994582153834,0.));
#6392=CARTESIAN_POINT('Ctrl Pts',(3.77835074356806,-4.39994582153834,5.));
#6393=CARTESIAN_POINT('Ctrl Pts',(3.78876043088405,-4.40733601927361,0.));
#6394=CARTESIAN_POINT('Ctrl Pts',(3.78876043088405,-4.40733601927361,5.));
#6395=CARTESIAN_POINT('Ctrl Pts',(3.79925601831797,-4.41464514689215,0.));
#6396=CARTESIAN_POINT('Ctrl Pts',(3.79925601831797,-4.41464514689215,5.));
#6397=CARTESIAN_POINT('Ctrl Pts',(3.80982558165106,-4.42188450471494,0.));
#6398=CARTESIAN_POINT('Ctrl Pts',(3.80982558165106,-4.42188450471494,5.));
#6399=CARTESIAN_POINT('Ctrl Pts',(3.82046414154304,-4.42905849324114,0.));
#6400=CARTESIAN_POINT('Ctrl Pts',(3.82046414154304,-4.42905849324114,5.));
#6401=CARTESIAN_POINT('Ctrl Pts',(3.83117129750443,-4.43616697273042,0.));
#6402=CARTESIAN_POINT('Ctrl Pts',(3.83117129750443,-4.43616697273042,5.));
#6403=CARTESIAN_POINT('Ctrl Pts',(3.84194944828893,-4.44320703678353,0.));
#6404=CARTESIAN_POINT('Ctrl Pts',(3.84194944828893,-4.44320703678353,5.));
#6405=CARTESIAN_POINT('Ctrl Pts',(3.85280184454043,-4.45017495363213,0.));
#6406=CARTESIAN_POINT('Ctrl Pts',(3.85280184454043,-4.45017495363213,5.));
#6407=CARTESIAN_POINT('Ctrl Pts',(3.86373058854744,-4.45706816010617,0.));
#6408=CARTESIAN_POINT('Ctrl Pts',(3.86373058854744,-4.45706816010617,5.));
#6409=CARTESIAN_POINT('Ctrl Pts',(3.87473502663513,-4.46388686381147,0.));
#6410=CARTESIAN_POINT('Ctrl Pts',(3.87473502663513,-4.46388686381147,5.));
#6411=CARTESIAN_POINT('Ctrl Pts',(3.88581277554681,-4.47063301658844,0.));
#6412=CARTESIAN_POINT('Ctrl Pts',(3.88581277554681,-4.47063301658844,5.));
#6413=CARTESIAN_POINT('Ctrl Pts',(3.89696045183823,-4.47730958436799,0.));
#6414=CARTESIAN_POINT('Ctrl Pts',(3.89696045183823,-4.47730958436799,5.));
#6415=CARTESIAN_POINT('Ctrl Pts',(3.90817448829806,-4.48391973022551,0.));
#6416=CARTESIAN_POINT('Ctrl Pts',(3.90817448829806,-4.48391973022551,5.));
#6417=CARTESIAN_POINT('Ctrl Pts',(3.9194519724829,-4.49046597527999,0.));
#6418=CARTESIAN_POINT('Ctrl Pts',(3.9194519724829,-4.49046597527999,5.));
#6419=CARTESIAN_POINT('Ctrl Pts',(3.93079129603167,-4.49694954873247,0.));
#6420=CARTESIAN_POINT('Ctrl Pts',(3.93079129603167,-4.49694954873247,5.));
#6421=CARTESIAN_POINT('Ctrl Pts',(3.94219169816293,-4.50337084301984,0.));
#6422=CARTESIAN_POINT('Ctrl Pts',(3.94219169816293,-4.50337084301984,5.));
#6423=CARTESIAN_POINT('Ctrl Pts',(3.95365294618743,-4.50972973205198,0.));
#6424=CARTESIAN_POINT('Ctrl Pts',(3.95365294618743,-4.50972973205198,5.));
#6425=CARTESIAN_POINT('Ctrl Pts',(3.96517497510002,-4.51602593037805,0.));
#6426=CARTESIAN_POINT('Ctrl Pts',(3.96517497510002,-4.51602593037805,5.));
#6427=CARTESIAN_POINT('Ctrl Pts',(3.97675751653401,-4.52225936295009,0.));
#6428=CARTESIAN_POINT('Ctrl Pts',(3.97675751653401,-4.52225936295009,5.));
#6429=CARTESIAN_POINT('Ctrl Pts',(3.98839981573975,-4.52843044708301,0.));
#6430=CARTESIAN_POINT('Ctrl Pts',(3.98839981573975,-4.52843044708301,5.));
#6431=CARTESIAN_POINT('Ctrl Pts',(4.00010082555341,-4.53453989844984,0.));
#6432=CARTESIAN_POINT('Ctrl Pts',(4.00010082555341,-4.53453989844984,5.));
#6433=CARTESIAN_POINT('Ctrl Pts',(4.01185933755399,-4.54058859978248,0.));
#6434=CARTESIAN_POINT('Ctrl Pts',(4.01185933755399,-4.54058859978248,5.));
#6435=CARTESIAN_POINT('Ctrl Pts',(4.02367413186365,-4.5465774509807,0.));
#6436=CARTESIAN_POINT('Ctrl Pts',(4.02367413186365,-4.5465774509807,5.));
#6437=CARTESIAN_POINT('Ctrl Pts',(4.03554413054912,-4.55250721567247,0.));
#6438=CARTESIAN_POINT('Ctrl Pts',(4.03554413054912,-4.55250721567247,5.));
#6439=CARTESIAN_POINT('Ctrl Pts',(4.04746851294698,-4.5583784057333,0.));
#6440=CARTESIAN_POINT('Ctrl Pts',(4.04746851294698,-4.5583784057333,5.));
#6441=CARTESIAN_POINT('Ctrl Pts',(4.05944662994092,-4.56419136618446,0.));
#6442=CARTESIAN_POINT('Ctrl Pts',(4.05944662994092,-4.56419136618446,5.));
#6443=CARTESIAN_POINT('Ctrl Pts',(4.07147794473365,-4.56994633370258,0.));
#6444=CARTESIAN_POINT('Ctrl Pts',(4.07147794473365,-4.56994633370258,5.));
#6445=CARTESIAN_POINT('Ctrl Pts',(4.08356196531394,-4.57564350346219,0.));
#6446=CARTESIAN_POINT('Ctrl Pts',(4.08356196531394,-4.57564350346219,5.));
#6447=CARTESIAN_POINT('Ctrl Pts',(4.09569817489563,-4.5812830979603,0.));
#6448=CARTESIAN_POINT('Ctrl Pts',(4.09569817489563,-4.5812830979603,5.));
#6449=CARTESIAN_POINT('Ctrl Pts',(4.10788597862146,-4.58686541985762,0.));
#6450=CARTESIAN_POINT('Ctrl Pts',(4.10788597862146,-4.58686541985762,5.));
#6451=CARTESIAN_POINT('Ctrl Pts',(4.12012473994578,-4.59239081638133,0.));
#6452=CARTESIAN_POINT('Ctrl Pts',(4.12012473994578,-4.59239081638133,5.));
#6453=CARTESIAN_POINT('Ctrl Pts',(4.13241380495378,-4.59785965569654,0.));
#6454=CARTESIAN_POINT('Ctrl Pts',(4.13241380495378,-4.59785965569654,5.));
#6455=CARTESIAN_POINT('Ctrl Pts',(4.14475253008557,-4.60327229988718,0.));
#6456=CARTESIAN_POINT('Ctrl Pts',(4.14475253008557,-4.60327229988718,5.));
#6457=CARTESIAN_POINT('Ctrl Pts',(4.15714031013218,-4.60862907787381,0.));
#6458=CARTESIAN_POINT('Ctrl Pts',(4.15714031013218,-4.60862907787381,5.));
#6459=CARTESIAN_POINT('Ctrl Pts',(4.16957659954319,-4.61393026450073,0.));
#6460=CARTESIAN_POINT('Ctrl Pts',(4.16957659954319,-4.61393026450073,5.));
#6461=CARTESIAN_POINT('Ctrl Pts',(4.18206089496099,-4.6191760955362,0.));
#6462=CARTESIAN_POINT('Ctrl Pts',(4.18206089496099,-4.6191760955362,5.));
#6463=CARTESIAN_POINT('Ctrl Pts',(4.19459272227684,-4.62436677849325,0.));
#6464=CARTESIAN_POINT('Ctrl Pts',(4.19459272227684,-4.62436677849325,5.));
#6465=CARTESIAN_POINT('Ctrl Pts',(4.20717162209975,-4.62950250509041,0.));
#6466=CARTESIAN_POINT('Ctrl Pts',(4.20717162209975,-4.62950250509041,5.));
#6467=CARTESIAN_POINT('Ctrl Pts',(4.21979713446448,-4.63458346420026,0.));
#6468=CARTESIAN_POINT('Ctrl Pts',(4.21979713446448,-4.63458346420026,5.));
#6469=CARTESIAN_POINT('Ctrl Pts',(4.23246878679539,-4.63960985261254,0.));
#6470=CARTESIAN_POINT('Ctrl Pts',(4.23246878679539,-4.63960985261254,5.));
#6471=CARTESIAN_POINT('Ctrl Pts',(4.24518610492257,-4.64458186901801,0.));
#6472=CARTESIAN_POINT('Ctrl Pts',(4.24518610492257,-4.64458186901801,5.));
#6473=CARTESIAN_POINT('Ctrl Pts',(4.25794862130712,-4.64949971023834,0.));
#6474=CARTESIAN_POINT('Ctrl Pts',(4.25794862130712,-4.64949971023834,5.));
#6475=CARTESIAN_POINT('Ctrl Pts',(4.27075588370482,-4.65436356704027,0.));
#6476=CARTESIAN_POINT('Ctrl Pts',(4.27075588370482,-4.65436356704027,5.));
#6477=CARTESIAN_POINT('Ctrl Pts',(4.28360746406442,-4.65917362037758,0.));
#6478=CARTESIAN_POINT('Ctrl Pts',(4.28360746406442,-4.65917362037758,5.));
#6479=CARTESIAN_POINT('Ctrl Pts',(4.29650296487192,-4.66393003826195,0.));
#6480=CARTESIAN_POINT('Ctrl Pts',(4.29650296487192,-4.66393003826195,5.));
#6481=CARTESIAN_POINT('Ctrl Pts',(4.30944200620922,-4.66863297677038,0.));
#6482=CARTESIAN_POINT('Ctrl Pts',(4.30944200620922,-4.66863297677038,5.));
#6483=CARTESIAN_POINT('Ctrl Pts',(4.32242421428315,-4.67328258092564,0.));
#6484=CARTESIAN_POINT('Ctrl Pts',(4.32242421428315,-4.67328258092564,5.));
#6485=CARTESIAN_POINT('Ctrl Pts',(4.33544920947655,-4.67787898599623,0.));
#6486=CARTESIAN_POINT('Ctrl Pts',(4.33544920947655,-4.67787898599623,5.));
#6487=CARTESIAN_POINT('Ctrl Pts',(4.34851659337238,-4.68242231900047,0.));
#6488=CARTESIAN_POINT('Ctrl Pts',(4.34851659337238,-4.68242231900047,5.));
#6489=CARTESIAN_POINT('Ctrl Pts',(4.3616259384755,-4.6869127005029,0.));
#6490=CARTESIAN_POINT('Ctrl Pts',(4.3616259384755,-4.6869127005029,5.));
#6491=CARTESIAN_POINT('Ctrl Pts',(4.37477681129277,-4.69135024650584,0.));
#6492=CARTESIAN_POINT('Ctrl Pts',(4.37477681129277,-4.69135024650584,5.));
#6493=CARTESIAN_POINT('Ctrl Pts',(4.38796879279576,-4.69573507067448,0.));
#6494=CARTESIAN_POINT('Ctrl Pts',(4.38796879279576,-4.69573507067448,5.));
#6495=CARTESIAN_POINT('Ctrl Pts',(4.4012014994295,-4.70006728671971,0.));
#6496=CARTESIAN_POINT('Ctrl Pts',(4.4012014994295,-4.70006728671971,5.));
#6497=CARTESIAN_POINT('Ctrl Pts',(4.41447460400362,-4.70434701131565,0.));
#6498=CARTESIAN_POINT('Ctrl Pts',(4.41447460400362,-4.70434701131565,5.));
#6499=CARTESIAN_POINT('Ctrl Pts',(4.4277878553334,-4.70857436658654,0.));
#6500=CARTESIAN_POINT('Ctrl Pts',(4.4277878553334,-4.70857436658654,5.));
#6501=CARTESIAN_POINT('Ctrl Pts',(4.4411410705365,-4.71274946773413,0.));
#6502=CARTESIAN_POINT('Ctrl Pts',(4.4411410705365,-4.71274946773413,5.));
#6503=CARTESIAN_POINT('Ctrl Pts',(4.45185551678524,-4.71604782279474,0.));
#6504=CARTESIAN_POINT('Ctrl Pts',(4.45185551678524,-4.71604782279474,5.));
#6505=CARTESIAN_POINT('Ctrl Pts',(4.45990925053044,-4.71849814841725,0.));
#6506=CARTESIAN_POINT('Ctrl Pts',(4.45990925053044,-4.71849814841725,5.));
#6507=CARTESIAN_POINT('Ctrl Pts',(4.46528635885644,-4.72012128421679,0.));
#6508=CARTESIAN_POINT('Ctrl Pts',(4.46528635885644,-4.72012128421679,5.));
#6509=CARTESIAN_POINT('Ctrl Pts',(4.46797690114337,-4.72093024846262,0.));
#6510=CARTESIAN_POINT('Ctrl Pts',(4.46797690114337,-4.72093024846262,5.));
#6511=CARTESIAN_POINT('Ctrl Pts',(4.46797690114337,-4.72093024846262,3.));
#6512=CARTESIAN_POINT('Ctrl Pts',(4.42988194422777,-4.70947625339221,3.));
#6513=CARTESIAN_POINT('Ctrl Pts',(4.39226097064147,-4.69739706867914,3.));
#6514=CARTESIAN_POINT('Ctrl Pts',(4.35513804795538,-4.68468198526351,3.));
#6515=CARTESIAN_POINT('Ctrl Pts',(4.30151185404191,-4.66631431699994,3.));
#6516=CARTESIAN_POINT('Ctrl Pts',(4.24893213907808,-4.646621883537,3.));
#6517=CARTESIAN_POINT('Ctrl Pts',(4.19752791480963,-4.62555324916597,3.));
#6518=CARTESIAN_POINT('Ctrl Pts',(4.14597192684826,-4.60442241263544,3.));
#6519=CARTESIAN_POINT('Ctrl Pts',(4.09559634441424,-4.58190951339356,3.));
#6520=CARTESIAN_POINT('Ctrl Pts',(4.04658045941152,-4.55792293283774,3.));
#6521=CARTESIAN_POINT('Ctrl Pts',(4.01559717614848,-4.54276084773347,3.));
#6522=CARTESIAN_POINT('Ctrl Pts',(3.98515363966191,-4.52701362473716,3.));
#6523=CARTESIAN_POINT('Ctrl Pts',(3.95532892749852,-4.51062752267955,3.));
#6524=CARTESIAN_POINT('Ctrl Pts',(3.93808362528363,-4.50115271935003,3.));
#6525=CARTESIAN_POINT('Ctrl Pts',(3.92104087086124,-4.49146870972606,3.));
#6526=CARTESIAN_POINT('Ctrl Pts',(3.90421172802164,-4.48156997148728,3.));
#6527=CARTESIAN_POINT('Ctrl Pts',(3.89035905809263,-4.47342196568317,3.));
#6528=CARTESIAN_POINT('Ctrl Pts',(3.8766540069554,-4.46512558916728,3.));
#6529=CARTESIAN_POINT('Ctrl Pts',(3.86312314941954,-4.45665776872615,3.));
#6530=CARTESIAN_POINT('Ctrl Pts',(3.84687987593651,-4.44649247632942,3.));
#6531=CARTESIAN_POINT('Ctrl Pts',(3.83089129894757,-4.43607639341117,3.));
#6532=CARTESIAN_POINT('Ctrl Pts',(3.81512789076691,-4.42544607239623,3.));
#6533=CARTESIAN_POINT('Ctrl Pts',(3.80614862403165,-4.41939075194898,3.));
#6534=CARTESIAN_POINT('Ctrl Pts',(3.79723990669768,-4.41326844878428,3.));
#6535=CARTESIAN_POINT('Ctrl Pts',(3.78842083164457,-4.40706167197376,3.));
#6536=CARTESIAN_POINT('Ctrl Pts',(3.77931202195104,-4.40065098282136,3.));
#6537=CARTESIAN_POINT('Ctrl Pts',(3.77030335753068,-4.39414565596111,3.));
#6538=CARTESIAN_POINT('Ctrl Pts',(3.76143349387459,-4.3875091697275,3.));
#6539=CARTESIAN_POINT('Ctrl Pts',(3.75443077633481,-4.38226969363716,3.));
#6540=CARTESIAN_POINT('Ctrl Pts',(3.74751598683681,-4.37694705860834,3.));
#6541=CARTESIAN_POINT('Ctrl Pts',(3.7406815788418,-4.37155005312556,3.));
#6542=CARTESIAN_POINT('Ctrl Pts',(3.73299807737391,-4.36548253424471,3.));
#6543=CARTESIAN_POINT('Ctrl Pts',(3.72541125015061,-4.35932584175049,3.));
#6544=CARTESIAN_POINT('Ctrl Pts',(3.71788372806436,-4.35311993155508,3.));
#6545=CARTESIAN_POINT('Ctrl Pts',(3.71223808649967,-4.34846549890852,3.));
#6546=CARTESIAN_POINT('Ctrl Pts',(3.70662426876571,-4.34378492168279,3.));
#6547=CARTESIAN_POINT('Ctrl Pts',(3.70105443325807,-4.33906799777491,3.));
#6548=CARTESIAN_POINT('Ctrl Pts',(3.69559080278824,-4.33444101567612,3.));
#6549=CARTESIAN_POINT('Ctrl Pts',(3.69016941029564,-4.32977915781038,3.));
#6550=CARTESIAN_POINT('Ctrl Pts',(3.6848478901862,-4.32502760228926,3.));
#6551=CARTESIAN_POINT('Ctrl Pts',(3.67937120614844,-4.32013750176499,3.));
#6552=CARTESIAN_POINT('Ctrl Pts',(3.67400383750054,-4.31514896635532,3.));
#6553=CARTESIAN_POINT('Ctrl Pts',(3.6688249025658,-4.30998591126588,3.));
#6554=CARTESIAN_POINT('Ctrl Pts',(3.66435833916674,-4.30553304341168,3.));
#6555=CARTESIAN_POINT('Ctrl Pts',(3.66003360884511,-4.30094873200252,3.));
#6556=CARTESIAN_POINT('Ctrl Pts',(3.65587924530443,-4.29620544820658,3.));
#6557=CARTESIAN_POINT('Ctrl Pts',(3.65521666647798,-4.29544894257575,3.));
#6558=CARTESIAN_POINT('Ctrl Pts',(3.65455834327383,-4.29468846834161,3.));
#6559=CARTESIAN_POINT('Ctrl Pts',(3.65390429249299,-4.2939240092767,3.));
#6560=CARTESIAN_POINT('Ctrl Pts',(3.65390429249299,-4.2939240092767,0.));
#6561=CARTESIAN_POINT('Ctrl Pts',(3.65552751571305,-4.29582124377486,0.));
#6562=CARTESIAN_POINT('Ctrl Pts',(3.65881779245306,-4.29957483379363,0.));
#6563=CARTESIAN_POINT('Ctrl Pts',(3.66388469788059,-4.30508258245701,0.));
#6564=CARTESIAN_POINT('Ctrl Pts',(3.67089146294825,-4.31219265287039,0.));
#6565=CARTESIAN_POINT('Ctrl Pts',(3.67999763284137,-4.32075885319725,0.));
#6566=CARTESIAN_POINT('Ctrl Pts',(3.68936118444531,-4.32909060538557,0.));
#6567=CARTESIAN_POINT('Ctrl Pts',(3.69889194687227,-4.33727437451947,0.));
#6568=CARTESIAN_POINT('Ctrl Pts',(3.7085205145599,-4.34537613610183,0.));
#6569=CARTESIAN_POINT('Ctrl Pts',(3.71821737722228,-4.3534228006607,0.));
#6570=CARTESIAN_POINT('Ctrl Pts',(3.72798095506302,-4.36141400189007,0.));
#6571=CARTESIAN_POINT('Ctrl Pts',(3.73782687738247,-4.36933267180727,0.));
#6572=CARTESIAN_POINT('Ctrl Pts',(3.74777699891238,-4.37715586913383,0.));
#6573=CARTESIAN_POINT('Ctrl Pts',(3.75784812672999,-4.38486589742647,0.));
#6574=CARTESIAN_POINT('Ctrl Pts',(3.76804205339678,-4.39246012859636,0.));
#6575=CARTESIAN_POINT('Ctrl Pts',(3.77835074356806,-4.39994582153834,0.));
#6576=CARTESIAN_POINT('Ctrl Pts',(3.78876043088405,-4.40733601927361,0.));
#6577=CARTESIAN_POINT('Ctrl Pts',(3.79925601831797,-4.41464514689215,0.));
#6578=CARTESIAN_POINT('Ctrl Pts',(3.80982558165106,-4.42188450471494,0.));
#6579=CARTESIAN_POINT('Ctrl Pts',(3.82046414154304,-4.42905849324114,0.));
#6580=CARTESIAN_POINT('Ctrl Pts',(3.83117129750443,-4.43616697273042,0.));
#6581=CARTESIAN_POINT('Ctrl Pts',(3.84194944828893,-4.44320703678353,0.));
#6582=CARTESIAN_POINT('Ctrl Pts',(3.85280184454043,-4.45017495363213,0.));
#6583=CARTESIAN_POINT('Ctrl Pts',(3.86373058854744,-4.45706816010617,0.));
#6584=CARTESIAN_POINT('Ctrl Pts',(3.87473502663513,-4.46388686381147,0.));
#6585=CARTESIAN_POINT('Ctrl Pts',(3.88581277554681,-4.47063301658844,0.));
#6586=CARTESIAN_POINT('Ctrl Pts',(3.89696045183823,-4.47730958436799,0.));
#6587=CARTESIAN_POINT('Ctrl Pts',(3.90817448829806,-4.48391973022551,0.));
#6588=CARTESIAN_POINT('Ctrl Pts',(3.9194519724829,-4.49046597527999,0.));
#6589=CARTESIAN_POINT('Ctrl Pts',(3.93079129603167,-4.49694954873247,0.));
#6590=CARTESIAN_POINT('Ctrl Pts',(3.94219169816293,-4.50337084301984,0.));
#6591=CARTESIAN_POINT('Ctrl Pts',(3.95365294618743,-4.50972973205198,0.));
#6592=CARTESIAN_POINT('Ctrl Pts',(3.96517497510002,-4.51602593037805,0.));
#6593=CARTESIAN_POINT('Ctrl Pts',(3.97675751653401,-4.52225936295009,0.));
#6594=CARTESIAN_POINT('Ctrl Pts',(3.98839981573975,-4.52843044708301,0.));
#6595=CARTESIAN_POINT('Ctrl Pts',(4.00010082555341,-4.53453989844984,0.));
#6596=CARTESIAN_POINT('Ctrl Pts',(4.01185933755399,-4.54058859978248,0.));
#6597=CARTESIAN_POINT('Ctrl Pts',(4.02367413186365,-4.5465774509807,0.));
#6598=CARTESIAN_POINT('Ctrl Pts',(4.03554413054912,-4.55250721567247,0.));
#6599=CARTESIAN_POINT('Ctrl Pts',(4.04746851294698,-4.5583784057333,0.));
#6600=CARTESIAN_POINT('Ctrl Pts',(4.05944662994092,-4.56419136618446,0.));
#6601=CARTESIAN_POINT('Ctrl Pts',(4.07147794473365,-4.56994633370258,0.));
#6602=CARTESIAN_POINT('Ctrl Pts',(4.08356196531394,-4.57564350346219,0.));
#6603=CARTESIAN_POINT('Ctrl Pts',(4.09569817489563,-4.5812830979603,0.));
#6604=CARTESIAN_POINT('Ctrl Pts',(4.10788597862146,-4.58686541985762,0.));
#6605=CARTESIAN_POINT('Ctrl Pts',(4.12012473994578,-4.59239081638133,0.));
#6606=CARTESIAN_POINT('Ctrl Pts',(4.13241380495378,-4.59785965569654,0.));
#6607=CARTESIAN_POINT('Ctrl Pts',(4.14475253008557,-4.60327229988718,0.));
#6608=CARTESIAN_POINT('Ctrl Pts',(4.15714031013218,-4.60862907787381,0.));
#6609=CARTESIAN_POINT('Ctrl Pts',(4.16957659954319,-4.61393026450073,0.));
#6610=CARTESIAN_POINT('Ctrl Pts',(4.18206089496099,-4.6191760955362,0.));
#6611=CARTESIAN_POINT('Ctrl Pts',(4.19459272227684,-4.62436677849325,0.));
#6612=CARTESIAN_POINT('Ctrl Pts',(4.20717162209975,-4.62950250509041,0.));
#6613=CARTESIAN_POINT('Ctrl Pts',(4.21979713446448,-4.63458346420026,0.));
#6614=CARTESIAN_POINT('Ctrl Pts',(4.23246878679539,-4.63960985261254,0.));
#6615=CARTESIAN_POINT('Ctrl Pts',(4.24518610492257,-4.64458186901801,0.));
#6616=CARTESIAN_POINT('Ctrl Pts',(4.25794862130712,-4.64949971023834,0.));
#6617=CARTESIAN_POINT('Ctrl Pts',(4.27075588370482,-4.65436356704027,0.));
#6618=CARTESIAN_POINT('Ctrl Pts',(4.28360746406442,-4.65917362037758,0.));
#6619=CARTESIAN_POINT('Ctrl Pts',(4.29650296487192,-4.66393003826195,0.));
#6620=CARTESIAN_POINT('Ctrl Pts',(4.30944200620922,-4.66863297677038,0.));
#6621=CARTESIAN_POINT('Ctrl Pts',(4.32242421428315,-4.67328258092564,0.));
#6622=CARTESIAN_POINT('Ctrl Pts',(4.33544920947655,-4.67787898599623,0.));
#6623=CARTESIAN_POINT('Ctrl Pts',(4.34851659337238,-4.68242231900047,0.));
#6624=CARTESIAN_POINT('Ctrl Pts',(4.3616259384755,-4.6869127005029,0.));
#6625=CARTESIAN_POINT('Ctrl Pts',(4.37477681129277,-4.69135024650584,0.));
#6626=CARTESIAN_POINT('Ctrl Pts',(4.38796879279576,-4.69573507067448,0.));
#6627=CARTESIAN_POINT('Ctrl Pts',(4.4012014994295,-4.70006728671971,0.));
#6628=CARTESIAN_POINT('Ctrl Pts',(4.41447460400362,-4.70434701131565,0.));
#6629=CARTESIAN_POINT('Ctrl Pts',(4.4277878553334,-4.70857436658654,0.));
#6630=CARTESIAN_POINT('Ctrl Pts',(4.4411410705365,-4.71274946773413,0.));
#6631=CARTESIAN_POINT('Ctrl Pts',(4.45185551678524,-4.71604782279474,0.));
#6632=CARTESIAN_POINT('Ctrl Pts',(4.45990925053044,-4.71849814841725,0.));
#6633=CARTESIAN_POINT('Ctrl Pts',(4.46528635885644,-4.72012128421679,0.));
#6634=CARTESIAN_POINT('Ctrl Pts',(4.46797690114337,-4.72093024846262,0.));
#6635=CARTESIAN_POINT('Ctrl Pts',(3.40367093600526,-5.53760093898009,0.));
#6636=CARTESIAN_POINT('Ctrl Pts',(3.40367093600526,-5.53760093898009,5.));
#6637=CARTESIAN_POINT('Ctrl Pts',(3.40358590013317,-5.53479269934479,0.));
#6638=CARTESIAN_POINT('Ctrl Pts',(3.40358590013317,-5.53479269934479,5.));
#6639=CARTESIAN_POINT('Ctrl Pts',(3.40340976938717,-5.52917871308424,0.));
#6640=CARTESIAN_POINT('Ctrl Pts',(3.40340976938717,-5.52917871308424,5.));
#6641=CARTESIAN_POINT('Ctrl Pts',(3.40312739626302,-5.52076521272389,0.));
#6642=CARTESIAN_POINT('Ctrl Pts',(3.40312739626302,-5.52076521272389,5.));
#6643=CARTESIAN_POINT('Ctrl Pts',(3.4027145326726,-5.50956217527065,0.));
#6644=CARTESIAN_POINT('Ctrl Pts',(3.4027145326726,-5.50956217527065,5.));
#6645=CARTESIAN_POINT('Ctrl Pts',(3.40213776105469,-5.49558336414976,0.));
#6646=CARTESIAN_POINT('Ctrl Pts',(3.40213776105469,-5.49558336414976,5.));
#6647=CARTESIAN_POINT('Ctrl Pts',(3.40150017241803,-5.48162963080392,0.));
#6648=CARTESIAN_POINT('Ctrl Pts',(3.40150017241803,-5.48162963080392,5.));
#6649=CARTESIAN_POINT('Ctrl Pts',(3.40080160815282,-5.46770112206752,0.));
#6650=CARTESIAN_POINT('Ctrl Pts',(3.40080160815282,-5.46770112206752,5.));
#6651=CARTESIAN_POINT('Ctrl Pts',(3.40004188528474,-5.45379804895828,0.));
#6652=CARTESIAN_POINT('Ctrl Pts',(3.40004188528474,-5.45379804895828,5.));
#6653=CARTESIAN_POINT('Ctrl Pts',(3.39922080643212,-5.43992069732035,0.));
#6654=CARTESIAN_POINT('Ctrl Pts',(3.39922080643212,-5.43992069732035,5.));
#6655=CARTESIAN_POINT('Ctrl Pts',(3.39833816248737,-5.42606940820882,0.));
#6656=CARTESIAN_POINT('Ctrl Pts',(3.39833816248737,-5.42606940820882,5.));
#6657=CARTESIAN_POINT('Ctrl Pts',(3.39739373520579,-5.41224455695538,0.));
#6658=CARTESIAN_POINT('Ctrl Pts',(3.39739373520579,-5.41224455695538,5.));
#6659=CARTESIAN_POINT('Ctrl Pts',(3.39638730034147,-5.39844653225862,0.));
#6660=CARTESIAN_POINT('Ctrl Pts',(3.39638730034147,-5.39844653225862,5.));
#6661=CARTESIAN_POINT('Ctrl Pts',(3.39531863079412,-5.38467571584275,0.));
#6662=CARTESIAN_POINT('Ctrl Pts',(3.39531863079412,-5.38467571584275,5.));
#6663=CARTESIAN_POINT('Ctrl Pts',(3.39418750075556,-5.37093245967431,0.));
#6664=CARTESIAN_POINT('Ctrl Pts',(3.39418750075556,-5.37093245967431,5.));
#6665=CARTESIAN_POINT('Ctrl Pts',(3.39299368131427,-5.35721709542526,0.));
#6666=CARTESIAN_POINT('Ctrl Pts',(3.39299368131427,-5.35721709542526,5.));
#6667=CARTESIAN_POINT('Ctrl Pts',(3.39173693564425,-5.34352994661743,0.));
#6668=CARTESIAN_POINT('Ctrl Pts',(3.39173693564425,-5.34352994661743,5.));
#6669=CARTESIAN_POINT('Ctrl Pts',(3.39041701465665,-5.32987133982781,0.));
#6670=CARTESIAN_POINT('Ctrl Pts',(3.39041701465665,-5.32987133982781,5.));
#6671=CARTESIAN_POINT('Ctrl Pts',(3.38903365318044,-5.31624161554082,0.));
#6672=CARTESIAN_POINT('Ctrl Pts',(3.38903365318044,-5.31624161554082,5.));
#6673=CARTESIAN_POINT('Ctrl Pts',(3.38758656563989,-5.30264114038793,0.));
#6674=CARTESIAN_POINT('Ctrl Pts',(3.38758656563989,-5.30264114038793,5.));
#6675=CARTESIAN_POINT('Ctrl Pts',(3.38607545071905,-5.28907030182945,0.));
#6676=CARTESIAN_POINT('Ctrl Pts',(3.38607545071905,-5.28907030182945,5.));
#6677=CARTESIAN_POINT('Ctrl Pts',(3.38449999729483,-5.2755295005321,0.));
#6678=CARTESIAN_POINT('Ctrl Pts',(3.38449999729483,-5.2755295005321,5.));
#6679=CARTESIAN_POINT('Ctrl Pts',(3.38285989072247,-5.26201914308385,0.));
#6680=CARTESIAN_POINT('Ctrl Pts',(3.38285989072247,-5.26201914308385,5.));
#6681=CARTESIAN_POINT('Ctrl Pts',(3.38115481860613,-5.24853963502481,0.));
#6682=CARTESIAN_POINT('Ctrl Pts',(3.38115481860613,-5.24853963502481,5.));
#6683=CARTESIAN_POINT('Ctrl Pts',(3.37938447946111,-5.23509137176347,0.));
#6684=CARTESIAN_POINT('Ctrl Pts',(3.37938447946111,-5.23509137176347,5.));
#6685=CARTESIAN_POINT('Ctrl Pts',(3.37754856920242,-5.22167474741702,0.));
#6686=CARTESIAN_POINT('Ctrl Pts',(3.37754856920242,-5.22167474741702,5.));
#6687=CARTESIAN_POINT('Ctrl Pts',(3.37564676467948,-5.20829016623103,0.));
#6688=CARTESIAN_POINT('Ctrl Pts',(3.37564676467948,-5.20829016623103,5.));
#6689=CARTESIAN_POINT('Ctrl Pts',(3.3736787078791,-5.19493805339029,0.));
#6690=CARTESIAN_POINT('Ctrl Pts',(3.3736787078791,-5.19493805339029,5.));
#6691=CARTESIAN_POINT('Ctrl Pts',(3.37164399212324,-5.18161886472112,0.));
#6692=CARTESIAN_POINT('Ctrl Pts',(3.37164399212324,-5.18161886472112,5.));
#6693=CARTESIAN_POINT('Ctrl Pts',(3.36954214305942,-5.16833309967956,0.));
#6694=CARTESIAN_POINT('Ctrl Pts',(3.36954214305942,-5.16833309967956,5.));
#6695=CARTESIAN_POINT('Ctrl Pts',(3.36737264437588,-5.15508128618254,0.));
#6696=CARTESIAN_POINT('Ctrl Pts',(3.36737264437588,-5.15508128618254,5.));
#6697=CARTESIAN_POINT('Ctrl Pts',(3.36513497120682,-5.1418639605751,0.));
#6698=CARTESIAN_POINT('Ctrl Pts',(3.36513497120682,-5.1418639605751,5.));
#6699=CARTESIAN_POINT('Ctrl Pts',(3.36282862340639,-5.12868164784412,0.));
#6700=CARTESIAN_POINT('Ctrl Pts',(3.36282862340639,-5.12868164784412,5.));
#6701=CARTESIAN_POINT('Ctrl Pts',(3.36045315466641,-5.11553484424324,0.));
#6702=CARTESIAN_POINT('Ctrl Pts',(3.36045315466641,-5.11553484424324,5.));
#6703=CARTESIAN_POINT('Ctrl Pts',(3.3580082163172,-5.10242399136309,0.));
#6704=CARTESIAN_POINT('Ctrl Pts',(3.3580082163172,-5.10242399136309,5.));
#6705=CARTESIAN_POINT('Ctrl Pts',(3.35549349249272,-5.08934951393515,0.));
#6706=CARTESIAN_POINT('Ctrl Pts',(3.35549349249272,-5.08934951393515,5.));
#6707=CARTESIAN_POINT('Ctrl Pts',(3.35290861564757,-5.07631186920934,0.));
#6708=CARTESIAN_POINT('Ctrl Pts',(3.35290861564757,-5.07631186920934,5.));
#6709=CARTESIAN_POINT('Ctrl Pts',(3.35025308451311,-5.06331159488583,0.));
#6710=CARTESIAN_POINT('Ctrl Pts',(3.35025308451311,-5.06331159488583,5.));
#6711=CARTESIAN_POINT('Ctrl Pts',(3.34752619225226,-5.05034935118145,0.));
#6712=CARTESIAN_POINT('Ctrl Pts',(3.34752619225226,-5.05034935118145,5.));
#6713=CARTESIAN_POINT('Ctrl Pts',(3.34472692226736,-5.03742598165833,0.));
#6714=CARTESIAN_POINT('Ctrl Pts',(3.34472692226736,-5.03742598165833,5.));
#6715=CARTESIAN_POINT('Ctrl Pts',(3.34185408959439,-5.02454243171679,0.));
#6716=CARTESIAN_POINT('Ctrl Pts',(3.34185408959439,-5.02454243171679,5.));
#6717=CARTESIAN_POINT('Ctrl Pts',(3.33890652881743,-5.01169964013406,0.));
#6718=CARTESIAN_POINT('Ctrl Pts',(3.33890652881743,-5.01169964013406,5.));
#6719=CARTESIAN_POINT('Ctrl Pts',(3.33588327762347,-4.99889843316289,0.));
#6720=CARTESIAN_POINT('Ctrl Pts',(3.33588327762347,-4.99889843316289,5.));
#6721=CARTESIAN_POINT('Ctrl Pts',(3.33278373757368,-4.98613943182645,0.));
#6722=CARTESIAN_POINT('Ctrl Pts',(3.33278373757368,-4.98613943182645,5.));
#6723=CARTESIAN_POINT('Ctrl Pts',(3.32960791170041,-4.97342291477086,0.));
#6724=CARTESIAN_POINT('Ctrl Pts',(3.32960791170041,-4.97342291477086,5.));
#6725=CARTESIAN_POINT('Ctrl Pts',(3.32635605890344,-4.96074901866642,0.));
#6726=CARTESIAN_POINT('Ctrl Pts',(3.32635605890344,-4.96074901866642,5.));
#6727=CARTESIAN_POINT('Ctrl Pts',(3.32302824075205,-4.9481180009082,0.));
#6728=CARTESIAN_POINT('Ctrl Pts',(3.32302824075205,-4.9481180009082,5.));
#6729=CARTESIAN_POINT('Ctrl Pts',(3.31962388127659,-4.93553049478449,0.));
#6730=CARTESIAN_POINT('Ctrl Pts',(3.31962388127659,-4.93553049478449,5.));
#6731=CARTESIAN_POINT('Ctrl Pts',(3.31614137688555,-4.92298773571216,0.));
#6732=CARTESIAN_POINT('Ctrl Pts',(3.31614137688555,-4.92298773571216,5.));
#6733=CARTESIAN_POINT('Ctrl Pts',(3.31257753856918,-4.91049188438189,0.));
#6734=CARTESIAN_POINT('Ctrl Pts',(3.31257753856918,-4.91049188438189,5.));
#6735=CARTESIAN_POINT('Ctrl Pts',(3.30892838776901,-4.89804556779111,0.));
#6736=CARTESIAN_POINT('Ctrl Pts',(3.30892838776901,-4.89804556779111,5.));
#6737=CARTESIAN_POINT('Ctrl Pts',(3.305190183916,-4.88565128645656,0.));
#6738=CARTESIAN_POINT('Ctrl Pts',(3.305190183916,-4.88565128645656,5.));
#6739=CARTESIAN_POINT('Ctrl Pts',(3.30136042484484,-4.87331083725399,0.));
#6740=CARTESIAN_POINT('Ctrl Pts',(3.30136042484484,-4.87331083725399,5.));
#6741=CARTESIAN_POINT('Ctrl Pts',(3.29743874084024,-4.86102479785243,0.));
#6742=CARTESIAN_POINT('Ctrl Pts',(3.29743874084024,-4.86102479785243,5.));
#6743=CARTESIAN_POINT('Ctrl Pts',(3.29342815184662,-4.84879180099436,0.));
#6744=CARTESIAN_POINT('Ctrl Pts',(3.29342815184662,-4.84879180099436,5.));
#6745=CARTESIAN_POINT('Ctrl Pts',(3.28933310380396,-4.8366096726516,0.));
#6746=CARTESIAN_POINT('Ctrl Pts',(3.28933310380396,-4.8366096726516,5.));
#6747=CARTESIAN_POINT('Ctrl Pts',(3.28515702492152,-4.82447684803748,0.));
#6748=CARTESIAN_POINT('Ctrl Pts',(3.28515702492152,-4.82447684803748,5.));
#6749=CARTESIAN_POINT('Ctrl Pts',(3.28089994652376,-4.81239375016261,0.));
#6750=CARTESIAN_POINT('Ctrl Pts',(3.28089994652376,-4.81239375016261,5.));
#6751=CARTESIAN_POINT('Ctrl Pts',(3.27655632930681,-4.80036404976735,0.));
#6752=CARTESIAN_POINT('Ctrl Pts',(3.27655632930681,-4.80036404976735,5.));
#6753=CARTESIAN_POINT('Ctrl Pts',(3.27211217178386,-4.78839634002428,0.));
#6754=CARTESIAN_POINT('Ctrl Pts',(3.27211217178386,-4.78839634002428,5.));
#6755=CARTESIAN_POINT('Ctrl Pts',(3.26754963298992,-4.77650147005345,0.));
#6756=CARTESIAN_POINT('Ctrl Pts',(3.26754963298992,-4.77650147005345,5.));
#6757=CARTESIAN_POINT('Ctrl Pts',(3.26285255133786,-4.76468936135503,0.));
#6758=CARTESIAN_POINT('Ctrl Pts',(3.26285255133786,-4.76468936135503,5.));
#6759=CARTESIAN_POINT('Ctrl Pts',(3.25801183557344,-4.75296589673572,0.));
#6760=CARTESIAN_POINT('Ctrl Pts',(3.25801183557344,-4.75296589673572,5.));
#6761=CARTESIAN_POINT('Ctrl Pts',(3.25303048818459,-4.74133002491356,0.));
#6762=CARTESIAN_POINT('Ctrl Pts',(3.25303048818459,-4.74133002491356,5.));
#6763=CARTESIAN_POINT('Ctrl Pts',(3.24792995261458,-4.72977009167511,0.));
#6764=CARTESIAN_POINT('Ctrl Pts',(3.24792995261458,-4.72977009167511,5.));
#6765=CARTESIAN_POINT('Ctrl Pts',(3.24273804485759,-4.71827092461035,0.));
#6766=CARTESIAN_POINT('Ctrl Pts',(3.24273804485759,-4.71827092461035,5.));
#6767=CARTESIAN_POINT('Ctrl Pts',(3.23747529647945,-4.70682184449339,0.));
#6768=CARTESIAN_POINT('Ctrl Pts',(3.23747529647945,-4.70682184449339,5.));
#6769=CARTESIAN_POINT('Ctrl Pts',(3.23214165242323,-4.69542447209735,0.));
#6770=CARTESIAN_POINT('Ctrl Pts',(3.23214165242323,-4.69542447209735,5.));
#6771=CARTESIAN_POINT('Ctrl Pts',(3.22670348129086,-4.68410034721234,0.));
#6772=CARTESIAN_POINT('Ctrl Pts',(3.22670348129086,-4.68410034721234,5.));
#6773=CARTESIAN_POINT('Ctrl Pts',(3.22107909215881,-4.67289943474689,0.));
#6774=CARTESIAN_POINT('Ctrl Pts',(3.22107909215881,-4.67289943474689,5.));
#6775=CARTESIAN_POINT('Ctrl Pts',(3.21516162822621,-4.6618864542798,0.));
#6776=CARTESIAN_POINT('Ctrl Pts',(3.21516162822621,-4.6618864542798,5.));
#6777=CARTESIAN_POINT('Ctrl Pts',(3.21010731183127,-4.6532782173072,0.));
#6778=CARTESIAN_POINT('Ctrl Pts',(3.21010731183127,-4.6532782173072,5.));
#6779=CARTESIAN_POINT('Ctrl Pts',(3.20609864677697,-4.64695845224567,0.));
#6780=CARTESIAN_POINT('Ctrl Pts',(3.20609864677697,-4.64695845224567,5.));
#6781=CARTESIAN_POINT('Ctrl Pts',(3.20332454352052,-4.64280878838249,0.));
#6782=CARTESIAN_POINT('Ctrl Pts',(3.20332454352052,-4.64280878838249,5.));
#6783=CARTESIAN_POINT('Ctrl Pts',(3.20191207680402,-4.64074983473125,0.));
#6784=CARTESIAN_POINT('Ctrl Pts',(3.20191207680402,-4.64074983473125,5.));
#6785=CARTESIAN_POINT('',(3.40367093600525,-5.53760093898009,3.));
#6786=CARTESIAN_POINT('Ctrl Pts',(3.20191207680402,-4.64074983473125,3.));
#6787=CARTESIAN_POINT('Ctrl Pts',(3.20557842448541,-4.64609427213084,3.));
#6788=CARTESIAN_POINT('Ctrl Pts',(3.20903463170754,-4.65156988881708,3.));
#6789=CARTESIAN_POINT('Ctrl Pts',(3.21231047409695,-4.65715877963225,3.));
#6790=CARTESIAN_POINT('Ctrl Pts',(3.21680923276858,-4.66483407899977,3.));
#6791=CARTESIAN_POINT('Ctrl Pts',(3.22097148924643,-4.67272086129737,3.));
#6792=CARTESIAN_POINT('Ctrl Pts',(3.22496499312471,-4.68071784806968,3.));
#6793=CARTESIAN_POINT('Ctrl Pts',(3.22799757632218,-4.68679059232017,3.));
#6794=CARTESIAN_POINT('Ctrl Pts',(3.23093657979444,-4.69292463967524,3.));
#6795=CARTESIAN_POINT('Ctrl Pts',(3.23383702150815,-4.69908628965611,3.));
#6796=CARTESIAN_POINT('Ctrl Pts',(3.23694396079355,-4.70568661963272,3.));
#6797=CARTESIAN_POINT('Ctrl Pts',(3.24000651415059,-4.71231869130667,3.));
#6798=CARTESIAN_POINT('Ctrl Pts',(3.24303494451076,-4.71897502946471,3.));
#6799=CARTESIAN_POINT('Ctrl Pts',(3.24774329245101,-4.72932374227257,3.));
#6800=CARTESIAN_POINT('Ctrl Pts',(3.25236422142957,-4.73973391254602,3.));
#6801=CARTESIAN_POINT('Ctrl Pts',(3.25682007351259,-4.75024725548767,3.));
#6802=CARTESIAN_POINT('Ctrl Pts',(3.26042083084478,-4.7587430484309,3.));
#6803=CARTESIAN_POINT('Ctrl Pts',(3.26391016273866,-4.76730839241848,3.));
#6804=CARTESIAN_POINT('Ctrl Pts',(3.26728903651711,-4.77594157194745,3.));
#6805=CARTESIAN_POINT('Ctrl Pts',(3.27240477859993,-4.78901253071086,3.));
#6806=CARTESIAN_POINT('Ctrl Pts',(3.27727564307933,-4.80223414765391,3.));
#6807=CARTESIAN_POINT('Ctrl Pts',(3.28199552323029,-4.81554891865726,3.));
#6808=CARTESIAN_POINT('Ctrl Pts',(3.2862617028352,-4.82758380146819,3.));
#6809=CARTESIAN_POINT('Ctrl Pts',(3.29040523087131,-4.83969440650502,3.));
#6810=CARTESIAN_POINT('Ctrl Pts',(3.29442462076128,-4.85187964911065,3.));
#6811=CARTESIAN_POINT('Ctrl Pts',(3.29888248156661,-4.86539416671208,3.));
#6812=CARTESIAN_POINT('Ctrl Pts',(3.30317960940331,-4.87900514400307,3.));
#6813=CARTESIAN_POINT('Ctrl Pts',(3.30730726516194,-4.89271536186218,3.));
#6814=CARTESIAN_POINT('Ctrl Pts',(3.31284043903874,-4.91109407940536,3.));
#6815=CARTESIAN_POINT('Ctrl Pts',(3.31807715776289,-4.92964644402357,3.));
#6816=CARTESIAN_POINT('Ctrl Pts',(3.32306542910803,-4.94833994202004,3.));
#6817=CARTESIAN_POINT('Ctrl Pts',(3.32978617814599,-4.97352588319752,3.));
#6818=CARTESIAN_POINT('Ctrl Pts',(3.33604920058181,-4.99897188952704,3.));
#6819=CARTESIAN_POINT('Ctrl Pts',(3.34186065624031,-5.02466422281671,3.));
#6820=CARTESIAN_POINT('Ctrl Pts',(3.3477679009342,-5.05078003758282,3.));
#6821=CARTESIAN_POINT('Ctrl Pts',(3.35321625160418,-5.07714594965543,3.));
#6822=CARTESIAN_POINT('Ctrl Pts',(3.35823686849332,-5.10373438471804,3.));
#6823=CARTESIAN_POINT('Ctrl Pts',(3.36716026718162,-5.15099136763469,3.));
#6824=CARTESIAN_POINT('Ctrl Pts',(3.37471922067946,-5.1989586297597,3.));
#6825=CARTESIAN_POINT('Ctrl Pts',(3.38100745444024,-5.2475336202271,3.));
#6826=CARTESIAN_POINT('Ctrl Pts',(3.38751781408955,-5.29782447612323,3.));
#6827=CARTESIAN_POINT('Ctrl Pts',(3.39266308538723,-5.34876807823917,3.));
#6828=CARTESIAN_POINT('Ctrl Pts',(3.39650857390849,-5.40027866855702,3.));
#6829=CARTESIAN_POINT('Ctrl Pts',(3.39953684877855,-5.44084262430394,3.));
#6830=CARTESIAN_POINT('Ctrl Pts',(3.40175858561161,-5.48175578265981,3.));
#6831=CARTESIAN_POINT('Ctrl Pts',(3.40319516727369,-5.52298826067176,3.));
#6832=CARTESIAN_POINT('Ctrl Pts',(3.40336471702806,-5.52785464363051,3.));
#6833=CARTESIAN_POINT('Ctrl Pts',(3.40352330471798,-5.53272553731503,3.));
#6834=CARTESIAN_POINT('Ctrl Pts',(3.40367093600526,-5.53760093898009,3.));
#6835=CARTESIAN_POINT('',(3.40367093600525,-5.53760093898009,0.));
#6836=CARTESIAN_POINT('',(3.40367093600525,-5.53760093898009,0.));
#6837=CARTESIAN_POINT('Ctrl Pts',(3.20191207680402,-4.64074983473125,0.));
#6838=CARTESIAN_POINT('Ctrl Pts',(3.20332454352052,-4.64280878838249,0.));
#6839=CARTESIAN_POINT('Ctrl Pts',(3.20609864677697,-4.64695845224567,0.));
#6840=CARTESIAN_POINT('Ctrl Pts',(3.21010731183127,-4.6532782173072,0.));
#6841=CARTESIAN_POINT('Ctrl Pts',(3.21516162822621,-4.6618864542798,0.));
#6842=CARTESIAN_POINT('Ctrl Pts',(3.22107909215881,-4.67289943474689,0.));
#6843=CARTESIAN_POINT('Ctrl Pts',(3.22670348129086,-4.68410034721234,0.));
#6844=CARTESIAN_POINT('Ctrl Pts',(3.23214165242323,-4.69542447209735,0.));
#6845=CARTESIAN_POINT('Ctrl Pts',(3.23747529647945,-4.70682184449339,0.));
#6846=CARTESIAN_POINT('Ctrl Pts',(3.24273804485759,-4.71827092461035,0.));
#6847=CARTESIAN_POINT('Ctrl Pts',(3.24792995261458,-4.72977009167511,0.));
#6848=CARTESIAN_POINT('Ctrl Pts',(3.25303048818459,-4.74133002491356,0.));
#6849=CARTESIAN_POINT('Ctrl Pts',(3.25801183557344,-4.75296589673572,0.));
#6850=CARTESIAN_POINT('Ctrl Pts',(3.26285255133786,-4.76468936135503,0.));
#6851=CARTESIAN_POINT('Ctrl Pts',(3.26754963298992,-4.77650147005345,0.));
#6852=CARTESIAN_POINT('Ctrl Pts',(3.27211217178386,-4.78839634002428,0.));
#6853=CARTESIAN_POINT('Ctrl Pts',(3.27655632930681,-4.80036404976735,0.));
#6854=CARTESIAN_POINT('Ctrl Pts',(3.28089994652376,-4.81239375016261,0.));
#6855=CARTESIAN_POINT('Ctrl Pts',(3.28515702492152,-4.82447684803748,0.));
#6856=CARTESIAN_POINT('Ctrl Pts',(3.28933310380396,-4.8366096726516,0.));
#6857=CARTESIAN_POINT('Ctrl Pts',(3.29342815184662,-4.84879180099436,0.));
#6858=CARTESIAN_POINT('Ctrl Pts',(3.29743874084024,-4.86102479785243,0.));
#6859=CARTESIAN_POINT('Ctrl Pts',(3.30136042484484,-4.87331083725399,0.));
#6860=CARTESIAN_POINT('Ctrl Pts',(3.305190183916,-4.88565128645656,0.));
#6861=CARTESIAN_POINT('Ctrl Pts',(3.30892838776901,-4.89804556779111,0.));
#6862=CARTESIAN_POINT('Ctrl Pts',(3.31257753856918,-4.91049188438189,0.));
#6863=CARTESIAN_POINT('Ctrl Pts',(3.31614137688555,-4.92298773571216,0.));
#6864=CARTESIAN_POINT('Ctrl Pts',(3.31962388127659,-4.93553049478449,0.));
#6865=CARTESIAN_POINT('Ctrl Pts',(3.32302824075205,-4.9481180009082,0.));
#6866=CARTESIAN_POINT('Ctrl Pts',(3.32635605890344,-4.96074901866642,0.));
#6867=CARTESIAN_POINT('Ctrl Pts',(3.32960791170041,-4.97342291477086,0.));
#6868=CARTESIAN_POINT('Ctrl Pts',(3.33278373757368,-4.98613943182645,0.));
#6869=CARTESIAN_POINT('Ctrl Pts',(3.33588327762347,-4.99889843316289,0.));
#6870=CARTESIAN_POINT('Ctrl Pts',(3.33890652881743,-5.01169964013406,0.));
#6871=CARTESIAN_POINT('Ctrl Pts',(3.34185408959439,-5.02454243171679,0.));
#6872=CARTESIAN_POINT('Ctrl Pts',(3.34472692226736,-5.03742598165833,0.));
#6873=CARTESIAN_POINT('Ctrl Pts',(3.34752619225226,-5.05034935118145,0.));
#6874=CARTESIAN_POINT('Ctrl Pts',(3.35025308451311,-5.06331159488583,0.));
#6875=CARTESIAN_POINT('Ctrl Pts',(3.35290861564757,-5.07631186920934,0.));
#6876=CARTESIAN_POINT('Ctrl Pts',(3.35549349249272,-5.08934951393515,0.));
#6877=CARTESIAN_POINT('Ctrl Pts',(3.3580082163172,-5.10242399136309,0.));
#6878=CARTESIAN_POINT('Ctrl Pts',(3.36045315466641,-5.11553484424324,0.));
#6879=CARTESIAN_POINT('Ctrl Pts',(3.36282862340639,-5.12868164784412,0.));
#6880=CARTESIAN_POINT('Ctrl Pts',(3.36513497120682,-5.1418639605751,0.));
#6881=CARTESIAN_POINT('Ctrl Pts',(3.36737264437588,-5.15508128618254,0.));
#6882=CARTESIAN_POINT('Ctrl Pts',(3.36954214305942,-5.16833309967956,0.));
#6883=CARTESIAN_POINT('Ctrl Pts',(3.37164399212324,-5.18161886472112,0.));
#6884=CARTESIAN_POINT('Ctrl Pts',(3.3736787078791,-5.19493805339029,0.));
#6885=CARTESIAN_POINT('Ctrl Pts',(3.37564676467948,-5.20829016623103,0.));
#6886=CARTESIAN_POINT('Ctrl Pts',(3.37754856920242,-5.22167474741702,0.));
#6887=CARTESIAN_POINT('Ctrl Pts',(3.37938447946111,-5.23509137176347,0.));
#6888=CARTESIAN_POINT('Ctrl Pts',(3.38115481860613,-5.24853963502481,0.));
#6889=CARTESIAN_POINT('Ctrl Pts',(3.38285989072247,-5.26201914308385,0.));
#6890=CARTESIAN_POINT('Ctrl Pts',(3.38449999729483,-5.2755295005321,0.));
#6891=CARTESIAN_POINT('Ctrl Pts',(3.38607545071905,-5.28907030182945,0.));
#6892=CARTESIAN_POINT('Ctrl Pts',(3.38758656563989,-5.30264114038793,0.));
#6893=CARTESIAN_POINT('Ctrl Pts',(3.38903365318044,-5.31624161554082,0.));
#6894=CARTESIAN_POINT('Ctrl Pts',(3.39041701465665,-5.32987133982781,0.));
#6895=CARTESIAN_POINT('Ctrl Pts',(3.39173693564425,-5.34352994661743,0.));
#6896=CARTESIAN_POINT('Ctrl Pts',(3.39299368131427,-5.35721709542526,0.));
#6897=CARTESIAN_POINT('Ctrl Pts',(3.39418750075556,-5.37093245967431,0.));
#6898=CARTESIAN_POINT('Ctrl Pts',(3.39531863079412,-5.38467571584275,0.));
#6899=CARTESIAN_POINT('Ctrl Pts',(3.39638730034147,-5.39844653225862,0.));
#6900=CARTESIAN_POINT('Ctrl Pts',(3.39739373520579,-5.41224455695538,0.));
#6901=CARTESIAN_POINT('Ctrl Pts',(3.39833816248737,-5.42606940820882,0.));
#6902=CARTESIAN_POINT('Ctrl Pts',(3.39922080643212,-5.43992069732035,0.));
#6903=CARTESIAN_POINT('Ctrl Pts',(3.40004188528474,-5.45379804895828,0.));
#6904=CARTESIAN_POINT('Ctrl Pts',(3.40080160815282,-5.46770112206752,0.));
#6905=CARTESIAN_POINT('Ctrl Pts',(3.40150017241803,-5.48162963080392,0.));
#6906=CARTESIAN_POINT('Ctrl Pts',(3.40213776105469,-5.49558336414976,0.));
#6907=CARTESIAN_POINT('Ctrl Pts',(3.4027145326726,-5.50956217527065,0.));
#6908=CARTESIAN_POINT('Ctrl Pts',(3.40312739626302,-5.52076521272389,0.));
#6909=CARTESIAN_POINT('Ctrl Pts',(3.40340976938717,-5.52917871308424,0.));
#6910=CARTESIAN_POINT('Ctrl Pts',(3.40358590013317,-5.53479269934479,0.));
#6911=CARTESIAN_POINT('Ctrl Pts',(3.40367093600526,-5.53760093898009,0.));
#6912=CARTESIAN_POINT('Origin',(-1.31174352674061E-12,2.2719717403448E-12,
0.));
#6913=CARTESIAN_POINT('',(3.09386762117468,-5.71646596619336,3.));
#6914=CARTESIAN_POINT('Origin',(-1.31174352674061E-12,2.2719717403448E-12,
3.));
#6915=CARTESIAN_POINT('',(3.09386762117468,-5.71646596619336,0.));
#6916=CARTESIAN_POINT('',(3.09386762117468,-5.71646596619336,0.));
#6917=CARTESIAN_POINT('Origin',(-1.31174352674061E-12,2.2719717403448E-12,
0.));
#6918=CARTESIAN_POINT('Ctrl Pts',(2.41805121108368,-5.09331211656211,0.));
#6919=CARTESIAN_POINT('Ctrl Pts',(2.41805121108368,-5.09331211656211,5.));
#6920=CARTESIAN_POINT('Ctrl Pts',(2.41912808389262,-5.09556482544621,0.));
#6921=CARTESIAN_POINT('Ctrl Pts',(2.41912808389262,-5.09556482544621,5.));
#6922=CARTESIAN_POINT('Ctrl Pts',(2.42133474658707,-5.10004210127061,0.));
#6923=CARTESIAN_POINT('Ctrl Pts',(2.42133474658707,-5.10004210127061,5.));
#6924=CARTESIAN_POINT('Ctrl Pts',(2.42480349114916,-5.10667358957366,0.));
#6925=CARTESIAN_POINT('Ctrl Pts',(2.42480349114916,-5.10667358957366,5.));
#6926=CARTESIAN_POINT('Ctrl Pts',(2.42973128485175,-5.11535487445674,0.));
#6927=CARTESIAN_POINT('Ctrl Pts',(2.42973128485175,-5.11535487445674,5.));
#6928=CARTESIAN_POINT('Ctrl Pts',(2.43631007374133,-5.1259860387819,0.));
#6929=CARTESIAN_POINT('Ctrl Pts',(2.43631007374133,-5.1259860387819,5.));
#6930=CARTESIAN_POINT('Ctrl Pts',(2.44319815391596,-5.13645735888374,0.));
#6931=CARTESIAN_POINT('Ctrl Pts',(2.44319815391596,-5.13645735888374,5.));
#6932=CARTESIAN_POINT('Ctrl Pts',(2.45028604817581,-5.14682901567701,0.));
#6933=CARTESIAN_POINT('Ctrl Pts',(2.45028604817581,-5.14682901567701,5.));
#6934=CARTESIAN_POINT('Ctrl Pts',(2.45748964017907,-5.15714677312247,0.));
#6935=CARTESIAN_POINT('Ctrl Pts',(2.45748964017907,-5.15714677312247,5.));
#6936=CARTESIAN_POINT('Ctrl Pts',(2.46477346022125,-5.16742898697013,0.));
#6937=CARTESIAN_POINT('Ctrl Pts',(2.46477346022125,-5.16742898697013,5.));
#6938=CARTESIAN_POINT('Ctrl Pts',(2.4721360771432,-5.17767489451418,0.));
#6939=CARTESIAN_POINT('Ctrl Pts',(2.4721360771432,-5.17767489451418,5.));
#6940=CARTESIAN_POINT('Ctrl Pts',(2.47959700520875,-5.18787205450993,0.));
#6941=CARTESIAN_POINT('Ctrl Pts',(2.47959700520875,-5.18787205450993,5.));
#6942=CARTESIAN_POINT('Ctrl Pts',(2.48718329210749,-5.19800396380483,0.));
#6943=CARTESIAN_POINT('Ctrl Pts',(2.48718329210749,-5.19800396380483,5.));
#6944=CARTESIAN_POINT('Ctrl Pts',(2.49491575240597,-5.20805787893898,0.));
#6945=CARTESIAN_POINT('Ctrl Pts',(2.49491575240597,-5.20805787893898,5.));
#6946=CARTESIAN_POINT('Ctrl Pts',(2.50279679778503,-5.21803172532252,0.));
#6947=CARTESIAN_POINT('Ctrl Pts',(2.50279679778503,-5.21803172532252,5.));
#6948=CARTESIAN_POINT('Ctrl Pts',(2.51081678795751,-5.22793043480924,0.));
#6949=CARTESIAN_POINT('Ctrl Pts',(2.51081678795751,-5.22793043480924,5.));
#6950=CARTESIAN_POINT('Ctrl Pts',(2.51895904985866,-5.23776304299407,0.));
#6951=CARTESIAN_POINT('Ctrl Pts',(2.51895904985866,-5.23776304299407,5.));
#6952=CARTESIAN_POINT('Ctrl Pts',(2.5272052673924,-5.24753957604589,0.));
#6953=CARTESIAN_POINT('Ctrl Pts',(2.5272052673924,-5.24753957604589,5.));
#6954=CARTESIAN_POINT('Ctrl Pts',(2.53554099790957,-5.25726786302169,0.));
#6955=CARTESIAN_POINT('Ctrl Pts',(2.53554099790957,-5.25726786302169,5.));
#6956=CARTESIAN_POINT('Ctrl Pts',(2.54396029280384,-5.26695086572915,0.));
#6957=CARTESIAN_POINT('Ctrl Pts',(2.54396029280384,-5.26695086572915,5.));
#6958=CARTESIAN_POINT('Ctrl Pts',(2.5524628013995,-5.27658834553518,0.));
#6959=CARTESIAN_POINT('Ctrl Pts',(2.5524628013995,-5.27658834553518,5.));
#6960=CARTESIAN_POINT('Ctrl Pts',(2.5610515929462,-5.28617811591683,0.));
#6961=CARTESIAN_POINT('Ctrl Pts',(2.5610515929462,-5.28617811591683,5.));
#6962=CARTESIAN_POINT('Ctrl Pts',(2.56973077317754,-5.29571741359122,0.));
#6963=CARTESIAN_POINT('Ctrl Pts',(2.56973077317754,-5.29571741359122,5.));
#6964=CARTESIAN_POINT('Ctrl Pts',(2.5785030361455,-5.3052043068385,0.));
#6965=CARTESIAN_POINT('Ctrl Pts',(2.5785030361455,-5.3052043068385,5.));
#6966=CARTESIAN_POINT('Ctrl Pts',(2.58736769671636,-5.31463882700701,0.));
#6967=CARTESIAN_POINT('Ctrl Pts',(2.58736769671636,-5.31463882700701,5.));
#6968=CARTESIAN_POINT('Ctrl Pts',(2.59632194766744,-5.32402224259759,0.));
#6969=CARTESIAN_POINT('Ctrl Pts',(2.59632194766744,-5.32402224259759,5.));
#6970=CARTESIAN_POINT('Ctrl Pts',(2.60536175320318,-5.33335654277968,0.));
#6971=CARTESIAN_POINT('Ctrl Pts',(2.60536175320318,-5.33335654277968,5.));
#6972=CARTESIAN_POINT('Ctrl Pts',(2.61448284899784,-5.34264385958727,0.));
#6973=CARTESIAN_POINT('Ctrl Pts',(2.61448284899784,-5.34264385958727,5.));
#6974=CARTESIAN_POINT('Ctrl Pts',(2.62368176933354,-5.35188587443849,0.));
#6975=CARTESIAN_POINT('Ctrl Pts',(2.62368176933354,-5.35188587443849,5.));
#6976=CARTESIAN_POINT('Ctrl Pts',(2.63295664251212,-5.36108335837588,0.));
#6977=CARTESIAN_POINT('Ctrl Pts',(2.63295664251212,-5.36108335837588,5.));
#6978=CARTESIAN_POINT('Ctrl Pts',(2.642306632105,-5.37023649355965,0.));
#6979=CARTESIAN_POINT('Ctrl Pts',(2.642306632105,-5.37023649355965,5.));
#6980=CARTESIAN_POINT('Ctrl Pts',(2.65173154598616,-5.37934509797168,0.));
#6981=CARTESIAN_POINT('Ctrl Pts',(2.65173154598616,-5.37934509797168,5.));
#6982=CARTESIAN_POINT('Ctrl Pts',(2.66123139524555,-5.38840887906307,0.));
#6983=CARTESIAN_POINT('Ctrl Pts',(2.66123139524555,-5.38840887906307,5.));
#6984=CARTESIAN_POINT('Ctrl Pts',(2.6708059400847,-5.39742769488465,0.));
#6985=CARTESIAN_POINT('Ctrl Pts',(2.6708059400847,-5.39742769488465,5.));
#6986=CARTESIAN_POINT('Ctrl Pts',(2.68045434346238,-5.40640175318806,0.));
#6987=CARTESIAN_POINT('Ctrl Pts',(2.68045434346238,-5.40640175318806,5.));
#6988=CARTESIAN_POINT('Ctrl Pts',(2.69017540866619,-5.41533147423444,0.));
#6989=CARTESIAN_POINT('Ctrl Pts',(2.69017540866619,-5.41533147423444,5.));
#6990=CARTESIAN_POINT('Ctrl Pts',(2.69996773998326,-5.42421739791498,0.));
#6991=CARTESIAN_POINT('Ctrl Pts',(2.69996773998326,-5.42421739791498,5.));
#6992=CARTESIAN_POINT('Ctrl Pts',(2.70982992619087,-5.43306007773845,0.));
#6993=CARTESIAN_POINT('Ctrl Pts',(2.70982992619087,-5.43306007773845,5.));
#6994=CARTESIAN_POINT('Ctrl Pts',(2.71976072844397,-5.44185997232318,0.));
#6995=CARTESIAN_POINT('Ctrl Pts',(2.71976072844397,-5.44185997232318,5.));
#6996=CARTESIAN_POINT('Ctrl Pts',(2.72975922155945,-5.45061736369964,0.));
#6997=CARTESIAN_POINT('Ctrl Pts',(2.72975922155945,-5.45061736369964,5.));
#6998=CARTESIAN_POINT('Ctrl Pts',(2.73982468924102,-5.45933241712911,0.));
#6999=CARTESIAN_POINT('Ctrl Pts',(2.73982468924102,-5.45933241712911,5.));
#7000=CARTESIAN_POINT('Ctrl Pts',(2.7499565517259,-5.4680052222903,0.));
#7001=CARTESIAN_POINT('Ctrl Pts',(2.7499565517259,-5.4680052222903,5.));
#7002=CARTESIAN_POINT('Ctrl Pts',(2.76015428325284,-5.47663584036545,0.));
#7003=CARTESIAN_POINT('Ctrl Pts',(2.76015428325284,-5.47663584036545,5.));
#7004=CARTESIAN_POINT('Ctrl Pts',(2.77041732705829,-5.48522435251607,0.));
#7005=CARTESIAN_POINT('Ctrl Pts',(2.77041732705829,-5.48522435251607,5.));
#7006=CARTESIAN_POINT('Ctrl Pts',(2.78074503021988,-5.49377089712957,0.));
#7007=CARTESIAN_POINT('Ctrl Pts',(2.78074503021988,-5.49377089712957,5.));
#7008=CARTESIAN_POINT('Ctrl Pts',(2.79113668801275,-5.50227564485151,0.));
#7009=CARTESIAN_POINT('Ctrl Pts',(2.79113668801275,-5.50227564485151,5.));
#7010=CARTESIAN_POINT('Ctrl Pts',(2.80159157351554,-5.51073878205647,0.));
#7011=CARTESIAN_POINT('Ctrl Pts',(2.80159157351554,-5.51073878205647,5.));
#7012=CARTESIAN_POINT('Ctrl Pts',(2.81210897138292,-5.51916049192511,0.));
#7013=CARTESIAN_POINT('Ctrl Pts',(2.81210897138292,-5.51916049192511,5.));
#7014=CARTESIAN_POINT('Ctrl Pts',(2.822688211897,-5.5275409355307,0.));
#7015=CARTESIAN_POINT('Ctrl Pts',(2.822688211897,-5.5275409355307,5.));
#7016=CARTESIAN_POINT('Ctrl Pts',(2.83332869696162,-5.53588023715359,0.));
#7017=CARTESIAN_POINT('Ctrl Pts',(2.83332869696162,-5.53588023715359,5.));
#7018=CARTESIAN_POINT('Ctrl Pts',(2.84402987934933,-5.54417849424991,0.));
#7019=CARTESIAN_POINT('Ctrl Pts',(2.84402987934933,-5.54417849424991,5.));
#7020=CARTESIAN_POINT('Ctrl Pts',(2.85479124739792,-5.55243578455349,0.));
#7021=CARTESIAN_POINT('Ctrl Pts',(2.85479124739792,-5.55243578455349,5.));
#7022=CARTESIAN_POINT('Ctrl Pts',(2.86561230774939,-5.56065217435104,0.));
#7023=CARTESIAN_POINT('Ctrl Pts',(2.86561230774939,-5.56065217435104,5.));
#7024=CARTESIAN_POINT('Ctrl Pts',(2.8764925672276,-5.56882772703174,0.));
#7025=CARTESIAN_POINT('Ctrl Pts',(2.8764925672276,-5.56882772703174,5.));
#7026=CARTESIAN_POINT('Ctrl Pts',(2.8874315184266,-5.57696251036827,0.));
#7027=CARTESIAN_POINT('Ctrl Pts',(2.8874315184266,-5.57696251036827,5.));
#7028=CARTESIAN_POINT('Ctrl Pts',(2.89842865190848,-5.585056593557,0.));
#7029=CARTESIAN_POINT('Ctrl Pts',(2.89842865190848,-5.585056593557,5.));
#7030=CARTESIAN_POINT('Ctrl Pts',(2.90948346512414,-5.59311004570506,0.));
#7031=CARTESIAN_POINT('Ctrl Pts',(2.90948346512414,-5.59311004570506,5.));
#7032=CARTESIAN_POINT('Ctrl Pts',(2.92059547186515,-5.60112293402956,0.));
#7033=CARTESIAN_POINT('Ctrl Pts',(2.92059547186515,-5.60112293402956,5.));
#7034=CARTESIAN_POINT('Ctrl Pts',(2.93176421183146,-5.60909532253063,0.));
#7035=CARTESIAN_POINT('Ctrl Pts',(2.93176421183146,-5.60909532253063,5.));
#7036=CARTESIAN_POINT('Ctrl Pts',(2.94298925756941,-5.61702727061087,0.));
#7037=CARTESIAN_POINT('Ctrl Pts',(2.94298925756941,-5.61702727061087,5.));
#7038=CARTESIAN_POINT('Ctrl Pts',(2.9542702017106,-5.62491883069909,0.));
#7039=CARTESIAN_POINT('Ctrl Pts',(2.9542702017106,-5.62491883069909,5.));
#7040=CARTESIAN_POINT('Ctrl Pts',(2.96560664566391,-5.63277004613169,0.));
#7041=CARTESIAN_POINT('Ctrl Pts',(2.96560664566391,-5.63277004613169,5.));
#7042=CARTESIAN_POINT('Ctrl Pts',(2.97699818773723,-5.64058094931588,0.));
#7043=CARTESIAN_POINT('Ctrl Pts',(2.97699818773723,-5.64058094931588,5.));
#7044=CARTESIAN_POINT('Ctrl Pts',(2.9884444102145,-5.64835155982401,0.));
#7045=CARTESIAN_POINT('Ctrl Pts',(2.9884444102145,-5.64835155982401,5.));
#7046=CARTESIAN_POINT('Ctrl Pts',(2.99994486896273,-5.65608188346861,0.));
#7047=CARTESIAN_POINT('Ctrl Pts',(2.99994486896273,-5.65608188346861,5.));
#7048=CARTESIAN_POINT('Ctrl Pts',(3.01149911523611,-5.66377192010302,0.));
#7049=CARTESIAN_POINT('Ctrl Pts',(3.01149911523611,-5.66377192010302,5.));
#7050=CARTESIAN_POINT('Ctrl Pts',(3.0231067148655,-5.67142167106687,0.));
#7051=CARTESIAN_POINT('Ctrl Pts',(3.0231067148655,-5.67142167106687,5.));
#7052=CARTESIAN_POINT('Ctrl Pts',(3.03476726793473,-5.67903114692508,0.));
#7053=CARTESIAN_POINT('Ctrl Pts',(3.03476726793473,-5.67903114692508,5.));
#7054=CARTESIAN_POINT('Ctrl Pts',(3.04648042820469,-5.68660037569313,0.));
#7055=CARTESIAN_POINT('Ctrl Pts',(3.04648042820469,-5.68660037569313,5.));
#7056=CARTESIAN_POINT('Ctrl Pts',(3.05824592144148,-5.69412941032256,0.));
#7057=CARTESIAN_POINT('Ctrl Pts',(3.05824592144148,-5.69412941032256,5.));
#7058=CARTESIAN_POINT('Ctrl Pts',(3.07006354117793,-5.7016183147563,0.));
#7059=CARTESIAN_POINT('Ctrl Pts',(3.07006354117793,-5.7016183147563,5.));
#7060=CARTESIAN_POINT('Ctrl Pts',(3.07955922441677,-5.70757738384052,0.));
#7061=CARTESIAN_POINT('Ctrl Pts',(3.07955922441677,-5.70757738384052,5.));
#7062=CARTESIAN_POINT('Ctrl Pts',(3.0867043429015,-5.71202867631955,0.));
#7063=CARTESIAN_POINT('Ctrl Pts',(3.0867043429015,-5.71202867631955,5.));
#7064=CARTESIAN_POINT('Ctrl Pts',(3.09147813224664,-5.71498820315025,0.));
#7065=CARTESIAN_POINT('Ctrl Pts',(3.09147813224664,-5.71498820315025,5.));
#7066=CARTESIAN_POINT('Ctrl Pts',(3.09386762117468,-5.71646596619336,0.));
#7067=CARTESIAN_POINT('Ctrl Pts',(3.09386762117468,-5.71646596619336,5.));
#7068=CARTESIAN_POINT('Ctrl Pts',(3.09386762117468,-5.71646596619336,3.));
#7069=CARTESIAN_POINT('Ctrl Pts',(3.06003523044152,-5.6955425561291,3.));
#7070=CARTESIAN_POINT('Ctrl Pts',(3.02682248343599,-5.67413793515358,3.));
#7071=CARTESIAN_POINT('Ctrl Pts',(2.99425539935527,-5.6522479882549,3.));
#7072=CARTESIAN_POINT('Ctrl Pts',(2.94721037600919,-5.62062670277719,3.));
#7073=CARTESIAN_POINT('Ctrl Pts',(2.90151904817379,-5.58799664106022,3.));
#7074=CARTESIAN_POINT('Ctrl Pts',(2.85731934416764,-5.55434151072133,3.));
#7075=CARTESIAN_POINT('Ctrl Pts',(2.81298914686035,-5.52058701842613,3.));
#7076=CARTESIAN_POINT('Ctrl Pts',(2.77015683788736,-5.48580306749695,3.));
#7077=CARTESIAN_POINT('Ctrl Pts',(2.72901931256812,-5.44994756531887,3.));
#7078=CARTESIAN_POINT('Ctrl Pts',(2.70301599614351,-5.42728305253002,3.));
#7079=CARTESIAN_POINT('Ctrl Pts',(2.67768547986556,-5.40419303670667,3.));
#7080=CARTESIAN_POINT('Ctrl Pts',(2.6531180560112,-5.38064607464239,3.));
#7081=CARTESIAN_POINT('Ctrl Pts',(2.63891263226002,-5.36703070429835,3.));
#7082=CARTESIAN_POINT('Ctrl Pts',(2.62495700124327,-5.35326567940721,3.));
#7083=CARTESIAN_POINT('Ctrl Pts',(2.61126327904382,-5.33934852933699,3.));
#7084=CARTESIAN_POINT('Ctrl Pts',(2.59999148645032,-5.32789282527061,3.));
#7085=CARTESIAN_POINT('Ctrl Pts',(2.58890068382678,-5.31633201265624,3.));
#7086=CARTESIAN_POINT('Ctrl Pts',(2.57802251225543,-5.30465068254779,3.));
#7087=CARTESIAN_POINT('Ctrl Pts',(2.56496368602191,-5.29062769540679,3.));
#7088=CARTESIAN_POINT('Ctrl Pts',(2.55221578707996,-5.27642838352359,3.));
#7089=CARTESIAN_POINT('Ctrl Pts',(2.53974083341059,-5.26208041150268,3.));
#7090=CARTESIAN_POINT('Ctrl Pts',(2.53263476002081,-5.25390741584456,3.));
#7091=CARTESIAN_POINT('Ctrl Pts',(2.52561416852292,-5.24568797937834,3.));
#7092=CARTESIAN_POINT('Ctrl Pts',(2.5187020282084,-5.23741014876505,3.));
#7093=CARTESIAN_POINT('Ctrl Pts',(2.5115628021754,-5.22886036517819,3.));
#7094=CARTESIAN_POINT('Ctrl Pts',(2.50454480308838,-5.22024508808964,3.));
#7095=CARTESIAN_POINT('Ctrl Pts',(2.49769482178594,-5.21153904505742,3.));
#7096=CARTESIAN_POINT('Ctrl Pts',(2.49228679226032,-5.20466566311801,3.));
#7097=CARTESIAN_POINT('Ctrl Pts',(2.48698521781826,-5.19773471326399,3.));
#7098=CARTESIAN_POINT('Ctrl Pts',(2.48178053443551,-5.19075273133178,3.));
#7099=CARTESIAN_POINT('Ctrl Pts',(2.47592923138619,-5.18290332164327,3.));
#7100=CARTESIAN_POINT('Ctrl Pts',(2.47019438831512,-5.17499279799471,3.));
#7101=CARTESIAN_POINT('Ctrl Pts',(2.46452956808558,-5.16705008299661,3.));
#7102=CARTESIAN_POINT('Ctrl Pts',(2.46028095291342,-5.16109304674804,3.));
#7103=CARTESIAN_POINT('Ctrl Pts',(2.45606984391608,-5.15511899338882,3.));
#7104=CARTESIAN_POINT('Ctrl Pts',(2.45191062570065,-5.14912121526837,3.));
#7105=CARTESIAN_POINT('Ctrl Pts',(2.4478307150064,-5.14323780212968,3.));
#7106=CARTESIAN_POINT('Ctrl Pts',(2.44380062957832,-5.13733163357969,3.));
#7107=CARTESIAN_POINT('Ctrl Pts',(2.43989022892706,-5.1313646726221,3.));
#7108=CARTESIAN_POINT('Ctrl Pts',(2.43586580953652,-5.12522372812002,3.));
#7109=CARTESIAN_POINT('Ctrl Pts',(2.4319724575271,-5.11901599572483,3.));
#7110=CARTESIAN_POINT('Ctrl Pts',(2.42830628752336,-5.11268846049811,3.));
#7111=CARTESIAN_POINT('Ctrl Pts',(2.42514440559024,-5.10723128876466,3.));
#7112=CARTESIAN_POINT('Ctrl Pts',(2.42215354398509,-5.10168386140839,3.));
#7113=CARTESIAN_POINT('Ctrl Pts',(2.4193683891348,-5.0960269726857,3.));
#7114=CARTESIAN_POINT('Ctrl Pts',(2.41892418520955,-5.09512475636008,3.));
#7115=CARTESIAN_POINT('Ctrl Pts',(2.41848511904967,-5.09421980809425,3.));
#7116=CARTESIAN_POINT('Ctrl Pts',(2.41805121108368,-5.09331211656211,3.));
#7117=CARTESIAN_POINT('Ctrl Pts',(2.41805121108368,-5.09331211656211,0.));
#7118=CARTESIAN_POINT('Ctrl Pts',(2.41912808389262,-5.09556482544621,0.));
#7119=CARTESIAN_POINT('Ctrl Pts',(2.42133474658707,-5.10004210127061,0.));
#7120=CARTESIAN_POINT('Ctrl Pts',(2.42480349114916,-5.10667358957366,0.));
#7121=CARTESIAN_POINT('Ctrl Pts',(2.42973128485175,-5.11535487445674,0.));
#7122=CARTESIAN_POINT('Ctrl Pts',(2.43631007374133,-5.1259860387819,0.));
#7123=CARTESIAN_POINT('Ctrl Pts',(2.44319815391596,-5.13645735888374,0.));
#7124=CARTESIAN_POINT('Ctrl Pts',(2.45028604817581,-5.14682901567701,0.));
#7125=CARTESIAN_POINT('Ctrl Pts',(2.45748964017907,-5.15714677312247,0.));
#7126=CARTESIAN_POINT('Ctrl Pts',(2.46477346022125,-5.16742898697013,0.));
#7127=CARTESIAN_POINT('Ctrl Pts',(2.4721360771432,-5.17767489451418,0.));
#7128=CARTESIAN_POINT('Ctrl Pts',(2.47959700520875,-5.18787205450993,0.));
#7129=CARTESIAN_POINT('Ctrl Pts',(2.48718329210749,-5.19800396380483,0.));
#7130=CARTESIAN_POINT('Ctrl Pts',(2.49491575240597,-5.20805787893898,0.));
#7131=CARTESIAN_POINT('Ctrl Pts',(2.50279679778503,-5.21803172532252,0.));
#7132=CARTESIAN_POINT('Ctrl Pts',(2.51081678795751,-5.22793043480924,0.));
#7133=CARTESIAN_POINT('Ctrl Pts',(2.51895904985866,-5.23776304299407,0.));
#7134=CARTESIAN_POINT('Ctrl Pts',(2.5272052673924,-5.24753957604589,0.));
#7135=CARTESIAN_POINT('Ctrl Pts',(2.53554099790957,-5.25726786302169,0.));
#7136=CARTESIAN_POINT('Ctrl Pts',(2.54396029280384,-5.26695086572915,0.));
#7137=CARTESIAN_POINT('Ctrl Pts',(2.5524628013995,-5.27658834553518,0.));
#7138=CARTESIAN_POINT('Ctrl Pts',(2.5610515929462,-5.28617811591683,0.));
#7139=CARTESIAN_POINT('Ctrl Pts',(2.56973077317754,-5.29571741359122,0.));
#7140=CARTESIAN_POINT('Ctrl Pts',(2.5785030361455,-5.3052043068385,0.));
#7141=CARTESIAN_POINT('Ctrl Pts',(2.58736769671636,-5.31463882700701,0.));
#7142=CARTESIAN_POINT('Ctrl Pts',(2.59632194766744,-5.32402224259759,0.));
#7143=CARTESIAN_POINT('Ctrl Pts',(2.60536175320318,-5.33335654277968,0.));
#7144=CARTESIAN_POINT('Ctrl Pts',(2.61448284899784,-5.34264385958727,0.));
#7145=CARTESIAN_POINT('Ctrl Pts',(2.62368176933354,-5.35188587443849,0.));
#7146=CARTESIAN_POINT('Ctrl Pts',(2.63295664251212,-5.36108335837588,0.));
#7147=CARTESIAN_POINT('Ctrl Pts',(2.642306632105,-5.37023649355965,0.));
#7148=CARTESIAN_POINT('Ctrl Pts',(2.65173154598616,-5.37934509797168,0.));
#7149=CARTESIAN_POINT('Ctrl Pts',(2.66123139524555,-5.38840887906307,0.));
#7150=CARTESIAN_POINT('Ctrl Pts',(2.6708059400847,-5.39742769488465,0.));
#7151=CARTESIAN_POINT('Ctrl Pts',(2.68045434346238,-5.40640175318806,0.));
#7152=CARTESIAN_POINT('Ctrl Pts',(2.69017540866619,-5.41533147423444,0.));
#7153=CARTESIAN_POINT('Ctrl Pts',(2.69996773998326,-5.42421739791498,0.));
#7154=CARTESIAN_POINT('Ctrl Pts',(2.70982992619087,-5.43306007773845,0.));
#7155=CARTESIAN_POINT('Ctrl Pts',(2.71976072844397,-5.44185997232318,0.));
#7156=CARTESIAN_POINT('Ctrl Pts',(2.72975922155945,-5.45061736369964,0.));
#7157=CARTESIAN_POINT('Ctrl Pts',(2.73982468924102,-5.45933241712911,0.));
#7158=CARTESIAN_POINT('Ctrl Pts',(2.7499565517259,-5.4680052222903,0.));
#7159=CARTESIAN_POINT('Ctrl Pts',(2.76015428325284,-5.47663584036545,0.));
#7160=CARTESIAN_POINT('Ctrl Pts',(2.77041732705829,-5.48522435251607,0.));
#7161=CARTESIAN_POINT('Ctrl Pts',(2.78074503021988,-5.49377089712957,0.));
#7162=CARTESIAN_POINT('Ctrl Pts',(2.79113668801275,-5.50227564485151,0.));
#7163=CARTESIAN_POINT('Ctrl Pts',(2.80159157351554,-5.51073878205647,0.));
#7164=CARTESIAN_POINT('Ctrl Pts',(2.81210897138292,-5.51916049192511,0.));
#7165=CARTESIAN_POINT('Ctrl Pts',(2.822688211897,-5.5275409355307,0.));
#7166=CARTESIAN_POINT('Ctrl Pts',(2.83332869696162,-5.53588023715359,0.));
#7167=CARTESIAN_POINT('Ctrl Pts',(2.84402987934933,-5.54417849424991,0.));
#7168=CARTESIAN_POINT('Ctrl Pts',(2.85479124739792,-5.55243578455349,0.));
#7169=CARTESIAN_POINT('Ctrl Pts',(2.86561230774939,-5.56065217435104,0.));
#7170=CARTESIAN_POINT('Ctrl Pts',(2.8764925672276,-5.56882772703174,0.));
#7171=CARTESIAN_POINT('Ctrl Pts',(2.8874315184266,-5.57696251036827,0.));
#7172=CARTESIAN_POINT('Ctrl Pts',(2.89842865190848,-5.585056593557,0.));
#7173=CARTESIAN_POINT('Ctrl Pts',(2.90948346512414,-5.59311004570506,0.));
#7174=CARTESIAN_POINT('Ctrl Pts',(2.92059547186515,-5.60112293402956,0.));
#7175=CARTESIAN_POINT('Ctrl Pts',(2.93176421183146,-5.60909532253063,0.));
#7176=CARTESIAN_POINT('Ctrl Pts',(2.94298925756941,-5.61702727061087,0.));
#7177=CARTESIAN_POINT('Ctrl Pts',(2.9542702017106,-5.62491883069909,0.));
#7178=CARTESIAN_POINT('Ctrl Pts',(2.96560664566391,-5.63277004613169,0.));
#7179=CARTESIAN_POINT('Ctrl Pts',(2.97699818773723,-5.64058094931588,0.));
#7180=CARTESIAN_POINT('Ctrl Pts',(2.9884444102145,-5.64835155982401,0.));
#7181=CARTESIAN_POINT('Ctrl Pts',(2.99994486896273,-5.65608188346861,0.));
#7182=CARTESIAN_POINT('Ctrl Pts',(3.01149911523611,-5.66377192010302,0.));
#7183=CARTESIAN_POINT('Ctrl Pts',(3.0231067148655,-5.67142167106687,0.));
#7184=CARTESIAN_POINT('Ctrl Pts',(3.03476726793473,-5.67903114692508,0.));
#7185=CARTESIAN_POINT('Ctrl Pts',(3.04648042820469,-5.68660037569313,0.));
#7186=CARTESIAN_POINT('Ctrl Pts',(3.05824592144148,-5.69412941032256,0.));
#7187=CARTESIAN_POINT('Ctrl Pts',(3.07006354117793,-5.7016183147563,0.));
#7188=CARTESIAN_POINT('Ctrl Pts',(3.07955922441677,-5.70757738384052,0.));
#7189=CARTESIAN_POINT('Ctrl Pts',(3.0867043429015,-5.71202867631955,0.));
#7190=CARTESIAN_POINT('Ctrl Pts',(3.09147813224664,-5.71498820315025,0.));
#7191=CARTESIAN_POINT('Ctrl Pts',(3.09386762117468,-5.71646596619336,0.));
#7192=CARTESIAN_POINT('Ctrl Pts',(1.85445707409132,-6.22984662414354,0.));
#7193=CARTESIAN_POINT('Ctrl Pts',(1.85445707409132,-6.22984662414354,5.));
#7194=CARTESIAN_POINT('Ctrl Pts',(1.85510176164714,-6.22711206405019,0.));
#7195=CARTESIAN_POINT('Ctrl Pts',(1.85510176164714,-6.22711206405019,5.));
#7196=CARTESIAN_POINT('Ctrl Pts',(1.85638463897395,-6.2216437837412,0.));
#7197=CARTESIAN_POINT('Ctrl Pts',(1.85638463897395,-6.2216437837412,5.));
#7198=CARTESIAN_POINT('Ctrl Pts',(1.85828946160992,-6.21344388291129,0.));
#7199=CARTESIAN_POINT('Ctrl Pts',(1.85828946160992,-6.21344388291129,5.));
#7200=CARTESIAN_POINT('Ctrl Pts',(1.86079022546109,-6.20251572274209,0.));
#7201=CARTESIAN_POINT('Ctrl Pts',(1.86079022546109,-6.20251572274209,5.));
#7202=CARTESIAN_POINT('Ctrl Pts',(1.86385108940546,-6.18886394858022,0.));
#7203=CARTESIAN_POINT('Ctrl Pts',(1.86385108940546,-6.18886394858022,5.));
#7204=CARTESIAN_POINT('Ctrl Pts',(1.86684671801494,-6.17522065708621,0.));
#7205=CARTESIAN_POINT('Ctrl Pts',(1.86684671801494,-6.17522065708621,5.));
#7206=CARTESIAN_POINT('Ctrl Pts',(1.86977692008071,-6.16158594903997,0.));
#7207=CARTESIAN_POINT('Ctrl Pts',(1.86977692008071,-6.16158594903997,5.));
#7208=CARTESIAN_POINT('Ctrl Pts',(1.87264146424773,-6.14795998091171,0.));
#7209=CARTESIAN_POINT('Ctrl Pts',(1.87264146424773,-6.14795998091171,5.));
#7210=CARTESIAN_POINT('Ctrl Pts',(1.87544008587805,-6.13434297771954,0.));
#7211=CARTESIAN_POINT('Ctrl Pts',(1.87544008587805,-6.13434297771954,5.));
#7212=CARTESIAN_POINT('Ctrl Pts',(1.87817249471769,-6.12073521477638,0.));
#7213=CARTESIAN_POINT('Ctrl Pts',(1.87817249471769,-6.12073521477638,5.));
#7214=CARTESIAN_POINT('Ctrl Pts',(1.88083838281546,-6.10713699813888,0.));
#7215=CARTESIAN_POINT('Ctrl Pts',(1.88083838281546,-6.10713699813888,5.));
#7216=CARTESIAN_POINT('Ctrl Pts',(1.88343743296384,-6.09354864522197,0.));
#7217=CARTESIAN_POINT('Ctrl Pts',(1.88343743296384,-6.09354864522197,5.));
#7218=CARTESIAN_POINT('Ctrl Pts',(1.88596932700333,-6.07997046596502,0.));
#7219=CARTESIAN_POINT('Ctrl Pts',(1.88596932700333,-6.07997046596502,5.));
#7220=CARTESIAN_POINT('Ctrl Pts',(1.8884337557243,-6.06640274189815,0.));
#7221=CARTESIAN_POINT('Ctrl Pts',(1.8884337557243,-6.06640274189815,5.));
#7222=CARTESIAN_POINT('Ctrl Pts',(1.89083041217221,-6.05284573414521,0.));
#7223=CARTESIAN_POINT('Ctrl Pts',(1.89083041217221,-6.05284573414521,5.));
#7224=CARTESIAN_POINT('Ctrl Pts',(1.89315898385708,-6.03929969390922,0.));
#7225=CARTESIAN_POINT('Ctrl Pts',(1.89315898385708,-6.03929969390922,5.));
#7226=CARTESIAN_POINT('Ctrl Pts',(1.89541914565322,-6.02576487217037,0.));
#7227=CARTESIAN_POINT('Ctrl Pts',(1.89541914565322,-6.02576487217037,5.));
#7228=CARTESIAN_POINT('Ctrl Pts',(1.89761055330122,-6.01224152918007,0.));
#7229=CARTESIAN_POINT('Ctrl Pts',(1.89761055330122,-6.01224152918007,5.));
#7230=CARTESIAN_POINT('Ctrl Pts',(1.89973283606492,-5.99872994516466,0.));
#7231=CARTESIAN_POINT('Ctrl Pts',(1.89973283606492,-5.99872994516466,5.));
#7232=CARTESIAN_POINT('Ctrl Pts',(1.90178560261333,-5.98523041639578,0.));
#7233=CARTESIAN_POINT('Ctrl Pts',(1.90178560261333,-5.98523041639578,5.));
#7234=CARTESIAN_POINT('Ctrl Pts',(1.90376844872447,-5.97174324936315,0.));
#7235=CARTESIAN_POINT('Ctrl Pts',(1.90376844872447,-5.97174324936315,5.));
#7236=CARTESIAN_POINT('Ctrl Pts',(1.90568096524211,-5.95826875536457,0.));
#7237=CARTESIAN_POINT('Ctrl Pts',(1.90568096524211,-5.95826875536457,5.));
#7238=CARTESIAN_POINT('Ctrl Pts',(1.90752274545354,-5.94480724526769,0.));
#7239=CARTESIAN_POINT('Ctrl Pts',(1.90752274545354,-5.94480724526769,5.));
#7240=CARTESIAN_POINT('Ctrl Pts',(1.90929339580766,-5.93135902297781,0.));
#7241=CARTESIAN_POINT('Ctrl Pts',(1.90929339580766,-5.93135902297781,5.));
#7242=CARTESIAN_POINT('Ctrl Pts',(1.91099252057589,-5.9179243904799,0.));
#7243=CARTESIAN_POINT('Ctrl Pts',(1.91099252057589,-5.9179243904799,5.));
#7244=CARTESIAN_POINT('Ctrl Pts',(1.91261970299228,-5.90450365460769,0.));
#7245=CARTESIAN_POINT('Ctrl Pts',(1.91261970299228,-5.90450365460769,5.));
#7246=CARTESIAN_POINT('Ctrl Pts',(1.91417448719673,-5.89109713339752,0.));
#7247=CARTESIAN_POINT('Ctrl Pts',(1.91417448719673,-5.89109713339752,5.));
#7248=CARTESIAN_POINT('Ctrl Pts',(1.91565636239189,-5.87770516188776,0.));
#7249=CARTESIAN_POINT('Ctrl Pts',(1.91565636239189,-5.87770516188776,5.));
#7250=CARTESIAN_POINT('Ctrl Pts',(1.9170647411197,-5.86432809974447,0.));
#7251=CARTESIAN_POINT('Ctrl Pts',(1.9170647411197,-5.86432809974447,5.));
#7252=CARTESIAN_POINT('Ctrl Pts',(1.91839898802634,-5.85096632326489,0.));
#7253=CARTESIAN_POINT('Ctrl Pts',(1.91839898802634,-5.85096632326489,5.));
#7254=CARTESIAN_POINT('Ctrl Pts',(1.91965845731407,-5.83762021467333,0.));
#7255=CARTESIAN_POINT('Ctrl Pts',(1.91965845731407,-5.83762021467333,5.));
#7256=CARTESIAN_POINT('Ctrl Pts',(1.92084253000251,-5.82429015162088,0.));
#7257=CARTESIAN_POINT('Ctrl Pts',(1.92084253000251,-5.82429015162088,5.));
#7258=CARTESIAN_POINT('Ctrl Pts',(1.92195064655116,-5.81097649793869,0.));
#7259=CARTESIAN_POINT('Ctrl Pts',(1.92195064655116,-5.81097649793869,5.));
#7260=CARTESIAN_POINT('Ctrl Pts',(1.92298235587888,-5.7976795899282,0.));
#7261=CARTESIAN_POINT('Ctrl Pts',(1.92298235587888,-5.7976795899282,5.));
#7262=CARTESIAN_POINT('Ctrl Pts',(1.92393724295395,-5.78439975609636,0.));
#7263=CARTESIAN_POINT('Ctrl Pts',(1.92393724295395,-5.78439975609636,5.));
#7264=CARTESIAN_POINT('Ctrl Pts',(1.92481483440976,-5.77113734298496,0.));
#7265=CARTESIAN_POINT('Ctrl Pts',(1.92481483440976,-5.77113734298496,5.));
#7266=CARTESIAN_POINT('Ctrl Pts',(1.92561450689096,-5.75789274023457,0.));
#7267=CARTESIAN_POINT('Ctrl Pts',(1.92561450689096,-5.75789274023457,5.));
#7268=CARTESIAN_POINT('Ctrl Pts',(1.92633540676864,-5.74466640262281,0.));
#7269=CARTESIAN_POINT('Ctrl Pts',(1.92633540676864,-5.74466640262281,5.));
#7270=CARTESIAN_POINT('Ctrl Pts',(1.92697633375496,-5.73145888185328,0.));
#7271=CARTESIAN_POINT('Ctrl Pts',(1.92697633375496,-5.73145888185328,5.));
#7272=CARTESIAN_POINT('Ctrl Pts',(1.92753589857493,-5.7182707844213,0.));
#7273=CARTESIAN_POINT('Ctrl Pts',(1.92753589857493,-5.7182707844213,5.));
#7274=CARTESIAN_POINT('Ctrl Pts',(1.9280127325498,-5.70510271548422,0.));
#7275=CARTESIAN_POINT('Ctrl Pts',(1.9280127325498,-5.70510271548422,5.));
#7276=CARTESIAN_POINT('Ctrl Pts',(1.92840569230663,-5.69195522407597,0.));
#7277=CARTESIAN_POINT('Ctrl Pts',(1.92840569230663,-5.69195522407597,5.));
#7278=CARTESIAN_POINT('Ctrl Pts',(1.92871403906528,-5.6788287551715,0.));
#7279=CARTESIAN_POINT('Ctrl Pts',(1.92871403906528,-5.6788287551715,5.));
#7280=CARTESIAN_POINT('Ctrl Pts',(1.92893770363585,-5.66572357870713,0.));
#7281=CARTESIAN_POINT('Ctrl Pts',(1.92893770363585,-5.66572357870713,5.));
#7282=CARTESIAN_POINT('Ctrl Pts',(1.92907690072344,-5.65263989370442,0.));
#7283=CARTESIAN_POINT('Ctrl Pts',(1.92907690072344,-5.65263989370442,5.));
#7284=CARTESIAN_POINT('Ctrl Pts',(1.92913162318068,-5.63957796472322,0.));
#7285=CARTESIAN_POINT('Ctrl Pts',(1.92913162318068,-5.63957796472322,5.));
#7286=CARTESIAN_POINT('Ctrl Pts',(1.92910115075653,-5.62653825440113,0.));
#7287=CARTESIAN_POINT('Ctrl Pts',(1.92910115075653,-5.62653825440113,5.));
#7288=CARTESIAN_POINT('Ctrl Pts',(1.92898361475111,-5.61352154101919,0.));
#7289=CARTESIAN_POINT('Ctrl Pts',(1.92898361475111,-5.61352154101919,5.));
#7290=CARTESIAN_POINT('Ctrl Pts',(1.92877537558964,-5.60052908626788,0.));
#7291=CARTESIAN_POINT('Ctrl Pts',(1.92877537558964,-5.60052908626788,5.));
#7292=CARTESIAN_POINT('Ctrl Pts',(1.92847191036281,-5.58756239790513,0.));
#7293=CARTESIAN_POINT('Ctrl Pts',(1.92847191036281,-5.58756239790513,5.));
#7294=CARTESIAN_POINT('Ctrl Pts',(1.92806895877699,-5.57462292311417,0.));
#7295=CARTESIAN_POINT('Ctrl Pts',(1.92806895877699,-5.57462292311417,5.));
#7296=CARTESIAN_POINT('Ctrl Pts',(1.92756363886044,-5.56171174993562,0.));
#7297=CARTESIAN_POINT('Ctrl Pts',(1.92756363886044,-5.56171174993562,5.));
#7298=CARTESIAN_POINT('Ctrl Pts',(1.92695544398385,-5.54882934066559,0.));
#7299=CARTESIAN_POINT('Ctrl Pts',(1.92695544398385,-5.54882934066559,5.));
#7300=CARTESIAN_POINT('Ctrl Pts',(1.92624764506183,-5.53597515625383,0.));
#7301=CARTESIAN_POINT('Ctrl Pts',(1.92624764506183,-5.53597515625383,5.));
#7302=CARTESIAN_POINT('Ctrl Pts',(1.92544509922253,-5.52314824744435,0.));
#7303=CARTESIAN_POINT('Ctrl Pts',(1.92544509922253,-5.52314824744435,5.));
#7304=CARTESIAN_POINT('Ctrl Pts',(1.92455152285837,-5.51034799005511,0.));
#7305=CARTESIAN_POINT('Ctrl Pts',(1.92455152285837,-5.51034799005511,5.));
#7306=CARTESIAN_POINT('Ctrl Pts',(1.9235668367433,-5.49757480079036,0.));
#7307=CARTESIAN_POINT('Ctrl Pts',(1.9235668367433,-5.49757480079036,5.));
#7308=CARTESIAN_POINT('Ctrl Pts',(1.9224847402631,-5.48483079163567,0.));
#7309=CARTESIAN_POINT('Ctrl Pts',(1.9224847402631,-5.48483079163567,5.));
#7310=CARTESIAN_POINT('Ctrl Pts',(1.92128948494336,-5.47212063910694,0.));
#7311=CARTESIAN_POINT('Ctrl Pts',(1.92128948494336,-5.47212063910694,5.));
#7312=CARTESIAN_POINT('Ctrl Pts',(1.91996102977631,-5.45945020506787,0.));
#7313=CARTESIAN_POINT('Ctrl Pts',(1.91996102977631,-5.45945020506787,5.));
#7314=CARTESIAN_POINT('Ctrl Pts',(1.91848119599438,-5.44682489002518,0.));
#7315=CARTESIAN_POINT('Ctrl Pts',(1.91848119599438,-5.44682489002518,5.));
#7316=CARTESIAN_POINT('Ctrl Pts',(1.91683967953785,-5.43424802334404,0.));
#7317=CARTESIAN_POINT('Ctrl Pts',(1.91683967953785,-5.43424802334404,5.));
#7318=CARTESIAN_POINT('Ctrl Pts',(1.91503965267919,-5.42171936666512,0.));
#7319=CARTESIAN_POINT('Ctrl Pts',(1.91503965267919,-5.42171936666512,5.));
#7320=CARTESIAN_POINT('Ctrl Pts',(1.91310484452644,-5.40923321285419,0.));
#7321=CARTESIAN_POINT('Ctrl Pts',(1.91310484452644,-5.40923321285419,5.));
#7322=CARTESIAN_POINT('Ctrl Pts',(1.91106605017542,-5.39678210579759,0.));
#7323=CARTESIAN_POINT('Ctrl Pts',(1.91106605017542,-5.39678210579759,5.));
#7324=CARTESIAN_POINT('Ctrl Pts',(1.9089458655829,-5.38436104411553,0.));
#7325=CARTESIAN_POINT('Ctrl Pts',(1.9089458655829,-5.38436104411553,5.));
#7326=CARTESIAN_POINT('Ctrl Pts',(1.90674381808099,-5.37197157910481,0.));
#7327=CARTESIAN_POINT('Ctrl Pts',(1.90674381808099,-5.37197157910481,5.));
#7328=CARTESIAN_POINT('Ctrl Pts',(1.9044218473258,-5.35962581215867,0.));
#7329=CARTESIAN_POINT('Ctrl Pts',(1.9044218473258,-5.35962581215867,5.));
#7330=CARTESIAN_POINT('Ctrl Pts',(1.90188811407465,-5.34735086250585,0.));
#7331=CARTESIAN_POINT('Ctrl Pts',(1.90188811407465,-5.34735086250585,5.));
#7332=CARTESIAN_POINT('Ctrl Pts',(1.89902265192424,-5.3351815878838,0.));
#7333=CARTESIAN_POINT('Ctrl Pts',(1.89902265192424,-5.3351815878838,5.));
#7334=CARTESIAN_POINT('Ctrl Pts',(1.89636853285739,-5.32555851613017,0.));
#7335=CARTESIAN_POINT('Ctrl Pts',(1.89636853285739,-5.32555851613017,5.));
#7336=CARTESIAN_POINT('Ctrl Pts',(1.894132135311,-5.31841657297967,0.));
#7337=CARTESIAN_POINT('Ctrl Pts',(1.894132135311,-5.31841657297967,5.));
#7338=CARTESIAN_POINT('Ctrl Pts',(1.89252656936936,-5.31369031472796,0.));
#7339=CARTESIAN_POINT('Ctrl Pts',(1.89252656936936,-5.31369031472796,5.));
#7340=CARTESIAN_POINT('Ctrl Pts',(1.89169512770705,-5.31133594493429,0.));
#7341=CARTESIAN_POINT('Ctrl Pts',(1.89169512770705,-5.31133594493429,5.));
#7342=CARTESIAN_POINT('',(1.85445707409131,-6.22984662414354,3.));
#7343=CARTESIAN_POINT('Ctrl Pts',(1.89169512770705,-5.31133594493429,3.));
#7344=CARTESIAN_POINT('Ctrl Pts',(1.89385330543657,-5.31744719565224,3.));
#7345=CARTESIAN_POINT('Ctrl Pts',(1.89577455137157,-5.32363076747806,3.));
#7346=CARTESIAN_POINT('Ctrl Pts',(1.89749226075456,-5.3298770718567,3.));
#7347=CARTESIAN_POINT('Ctrl Pts',(1.89985121428847,-5.33845520616382,3.));
#7348=CARTESIAN_POINT('Ctrl Pts',(1.90183039585281,-5.34715052411845,3.));
#7349=CARTESIAN_POINT('Ctrl Pts',(1.90361805190607,-5.3559086150347,3.));
#7350=CARTESIAN_POINT('Ctrl Pts',(1.90497556046879,-5.36255932583007,3.));
#7351=CARTESIAN_POINT('Ctrl Pts',(1.90622681154714,-5.36924503066228,3.));
#7352=CARTESIAN_POINT('Ctrl Pts',(1.90743367074174,-5.37594741706608,3.));
#7353=CARTESIAN_POINT('Ctrl Pts',(1.90872645253633,-5.38312698131178,3.));
#7354=CARTESIAN_POINT('Ctrl Pts',(1.90996814546061,-5.39032571775909,3.));
#7355=CARTESIAN_POINT('Ctrl Pts',(1.9111705974727,-5.39753906214865,3.));
#7356=CARTESIAN_POINT('Ctrl Pts',(1.91304006837985,-5.40875376123353,3.));
#7357=CARTESIAN_POINT('Ctrl Pts',(1.91480919269169,-5.42000519797942,3.));
#7358=CARTESIAN_POINT('Ctrl Pts',(1.91639216191545,-5.43131356682559,3.));
#7359=CARTESIAN_POINT('Ctrl Pts',(1.91767135339951,-5.44045181721574,3.));
#7360=CARTESIAN_POINT('Ctrl Pts',(1.9188249150402,-5.44962840973029,3.));
#7361=CARTESIAN_POINT('Ctrl Pts',(1.91985422520449,-5.45884193768223,3.));
#7362=CARTESIAN_POINT('Ctrl Pts',(1.92141263953693,-5.47279156580287,3.));
#7363=CARTESIAN_POINT('Ctrl Pts',(1.92269552706188,-5.48682333956265,3.));
#7364=CARTESIAN_POINT('Ctrl Pts',(1.92380846487974,-5.50090601561536,3.));
#7365=CARTESIAN_POINT('Ctrl Pts',(1.92481442106391,-5.51363498828351,3.));
#7366=CARTESIAN_POINT('Ctrl Pts',(1.92568230657565,-5.52640535844346,3.));
#7367=CARTESIAN_POINT('Ctrl Pts',(1.92641096622143,-5.53921569364236,3.));
#7368=CARTESIAN_POINT('Ctrl Pts',(1.92721911456268,-5.55342349450227,3.));
#7369=CARTESIAN_POINT('Ctrl Pts',(1.9278470411736,-5.56768286751407,3.));
#7370=CARTESIAN_POINT('Ctrl Pts',(1.92828558497835,-5.58199423695224,3.));
#7371=CARTESIAN_POINT('Ctrl Pts',(1.92887345840212,-5.60117880565305,3.));
#7372=CARTESIAN_POINT('Ctrl Pts',(1.92913003496775,-5.62045437630869,3.));
#7373=CARTESIAN_POINT('Ctrl Pts',(1.92911010178753,-5.63980196842589,3.));
#7374=CARTESIAN_POINT('Ctrl Pts',(1.92908324560979,-5.66586917731603,3.));
#7375=CARTESIAN_POINT('Ctrl Pts',(1.92854694967138,-5.69206912149095,3.));
#7376=CARTESIAN_POINT('Ctrl Pts',(1.9275107196119,-5.71839012515627,3.));
#7377=CARTESIAN_POINT('Ctrl Pts',(1.92645740958462,-5.74514497253346,3.));
#7378=CARTESIAN_POINT('Ctrl Pts',(1.92489611202245,-5.77202262484494,3.));
#7379=CARTESIAN_POINT('Ctrl Pts',(1.92286406216719,-5.7990045122106,3.));
#7380=CARTESIAN_POINT('Ctrl Pts',(1.91925239622931,-5.84696079797102,3.));
#7381=CARTESIAN_POINT('Ctrl Pts',(1.91413894365933,-5.89525001636085,3.));
#7382=CARTESIAN_POINT('Ctrl Pts',(1.90764077841023,-5.94379736878271,3.));
#7383=CARTESIAN_POINT('Ctrl Pts',(1.90091307164534,-5.99405961032091,3.));
#7384=CARTESIAN_POINT('Ctrl Pts',(1.8926978476369,-6.04459904542652,3.));
#7385=CARTESIAN_POINT('Ctrl Pts',(1.88308038253459,-6.09534974054213,3.));
#7386=CARTESIAN_POINT('Ctrl Pts',(1.8755067471606,-6.13531528818842,3.));
#7387=CARTESIAN_POINT('Ctrl Pts',(1.8670636755824,-6.17540939224862,3.));
#7388=CARTESIAN_POINT('Ctrl Pts',(1.85777955633988,-6.21560872229967,3.));
#7389=CARTESIAN_POINT('Ctrl Pts',(1.8566838162009,-6.22035317014084,3.));
#7390=CARTESIAN_POINT('Ctrl Pts',(1.85557632005824,-6.22509913781757,3.));
#7391=CARTESIAN_POINT('Ctrl Pts',(1.85445707409132,-6.22984662414354,3.));
#7392=CARTESIAN_POINT('',(1.85445707409131,-6.22984662414354,0.));
#7393=CARTESIAN_POINT('',(1.85445707409131,-6.22984662414354,0.));
#7394=CARTESIAN_POINT('Ctrl Pts',(1.89169512770705,-5.31133594493429,0.));
#7395=CARTESIAN_POINT('Ctrl Pts',(1.89252656936936,-5.31369031472796,0.));
#7396=CARTESIAN_POINT('Ctrl Pts',(1.894132135311,-5.31841657297967,0.));
#7397=CARTESIAN_POINT('Ctrl Pts',(1.89636853285739,-5.32555851613017,0.));
#7398=CARTESIAN_POINT('Ctrl Pts',(1.89902265192424,-5.3351815878838,0.));
#7399=CARTESIAN_POINT('Ctrl Pts',(1.90188811407465,-5.34735086250585,0.));
#7400=CARTESIAN_POINT('Ctrl Pts',(1.9044218473258,-5.35962581215867,0.));
#7401=CARTESIAN_POINT('Ctrl Pts',(1.90674381808099,-5.37197157910481,0.));
#7402=CARTESIAN_POINT('Ctrl Pts',(1.9089458655829,-5.38436104411553,0.));
#7403=CARTESIAN_POINT('Ctrl Pts',(1.91106605017542,-5.39678210579759,0.));
#7404=CARTESIAN_POINT('Ctrl Pts',(1.91310484452644,-5.40923321285419,0.));
#7405=CARTESIAN_POINT('Ctrl Pts',(1.91503965267919,-5.42171936666512,0.));
#7406=CARTESIAN_POINT('Ctrl Pts',(1.91683967953785,-5.43424802334404,0.));
#7407=CARTESIAN_POINT('Ctrl Pts',(1.91848119599438,-5.44682489002518,0.));
#7408=CARTESIAN_POINT('Ctrl Pts',(1.91996102977631,-5.45945020506787,0.));
#7409=CARTESIAN_POINT('Ctrl Pts',(1.92128948494336,-5.47212063910694,0.));
#7410=CARTESIAN_POINT('Ctrl Pts',(1.9224847402631,-5.48483079163567,0.));
#7411=CARTESIAN_POINT('Ctrl Pts',(1.9235668367433,-5.49757480079036,0.));
#7412=CARTESIAN_POINT('Ctrl Pts',(1.92455152285837,-5.51034799005511,0.));
#7413=CARTESIAN_POINT('Ctrl Pts',(1.92544509922253,-5.52314824744435,0.));
#7414=CARTESIAN_POINT('Ctrl Pts',(1.92624764506183,-5.53597515625383,0.));
#7415=CARTESIAN_POINT('Ctrl Pts',(1.92695544398385,-5.54882934066559,0.));
#7416=CARTESIAN_POINT('Ctrl Pts',(1.92756363886044,-5.56171174993562,0.));
#7417=CARTESIAN_POINT('Ctrl Pts',(1.92806895877699,-5.57462292311417,0.));
#7418=CARTESIAN_POINT('Ctrl Pts',(1.92847191036281,-5.58756239790513,0.));
#7419=CARTESIAN_POINT('Ctrl Pts',(1.92877537558964,-5.60052908626788,0.));
#7420=CARTESIAN_POINT('Ctrl Pts',(1.92898361475111,-5.61352154101919,0.));
#7421=CARTESIAN_POINT('Ctrl Pts',(1.92910115075653,-5.62653825440113,0.));
#7422=CARTESIAN_POINT('Ctrl Pts',(1.92913162318068,-5.63957796472322,0.));
#7423=CARTESIAN_POINT('Ctrl Pts',(1.92907690072344,-5.65263989370442,0.));
#7424=CARTESIAN_POINT('Ctrl Pts',(1.92893770363585,-5.66572357870713,0.));
#7425=CARTESIAN_POINT('Ctrl Pts',(1.92871403906528,-5.6788287551715,0.));
#7426=CARTESIAN_POINT('Ctrl Pts',(1.92840569230663,-5.69195522407597,0.));
#7427=CARTESIAN_POINT('Ctrl Pts',(1.9280127325498,-5.70510271548422,0.));
#7428=CARTESIAN_POINT('Ctrl Pts',(1.92753589857493,-5.7182707844213,0.));
#7429=CARTESIAN_POINT('Ctrl Pts',(1.92697633375496,-5.73145888185328,0.));
#7430=CARTESIAN_POINT('Ctrl Pts',(1.92633540676864,-5.74466640262281,0.));
#7431=CARTESIAN_POINT('Ctrl Pts',(1.92561450689096,-5.75789274023457,0.));
#7432=CARTESIAN_POINT('Ctrl Pts',(1.92481483440976,-5.77113734298496,0.));
#7433=CARTESIAN_POINT('Ctrl Pts',(1.92393724295395,-5.78439975609636,0.));
#7434=CARTESIAN_POINT('Ctrl Pts',(1.92298235587888,-5.7976795899282,0.));
#7435=CARTESIAN_POINT('Ctrl Pts',(1.92195064655116,-5.81097649793869,0.));
#7436=CARTESIAN_POINT('Ctrl Pts',(1.92084253000251,-5.82429015162088,0.));
#7437=CARTESIAN_POINT('Ctrl Pts',(1.91965845731407,-5.83762021467333,0.));
#7438=CARTESIAN_POINT('Ctrl Pts',(1.91839898802634,-5.85096632326489,0.));
#7439=CARTESIAN_POINT('Ctrl Pts',(1.9170647411197,-5.86432809974447,0.));
#7440=CARTESIAN_POINT('Ctrl Pts',(1.91565636239189,-5.87770516188776,0.));
#7441=CARTESIAN_POINT('Ctrl Pts',(1.91417448719673,-5.89109713339752,0.));
#7442=CARTESIAN_POINT('Ctrl Pts',(1.91261970299228,-5.90450365460769,0.));
#7443=CARTESIAN_POINT('Ctrl Pts',(1.91099252057589,-5.9179243904799,0.));
#7444=CARTESIAN_POINT('Ctrl Pts',(1.90929339580766,-5.93135902297781,0.));
#7445=CARTESIAN_POINT('Ctrl Pts',(1.90752274545354,-5.94480724526769,0.));
#7446=CARTESIAN_POINT('Ctrl Pts',(1.90568096524211,-5.95826875536457,0.));
#7447=CARTESIAN_POINT('Ctrl Pts',(1.90376844872447,-5.97174324936315,0.));
#7448=CARTESIAN_POINT('Ctrl Pts',(1.90178560261333,-5.98523041639578,0.));
#7449=CARTESIAN_POINT('Ctrl Pts',(1.89973283606492,-5.99872994516466,0.));
#7450=CARTESIAN_POINT('Ctrl Pts',(1.89761055330122,-6.01224152918007,0.));
#7451=CARTESIAN_POINT('Ctrl Pts',(1.89541914565322,-6.02576487217037,0.));
#7452=CARTESIAN_POINT('Ctrl Pts',(1.89315898385708,-6.03929969390922,0.));
#7453=CARTESIAN_POINT('Ctrl Pts',(1.89083041217221,-6.05284573414521,0.));
#7454=CARTESIAN_POINT('Ctrl Pts',(1.8884337557243,-6.06640274189815,0.));
#7455=CARTESIAN_POINT('Ctrl Pts',(1.88596932700333,-6.07997046596502,0.));
#7456=CARTESIAN_POINT('Ctrl Pts',(1.88343743296384,-6.09354864522197,0.));
#7457=CARTESIAN_POINT('Ctrl Pts',(1.88083838281546,-6.10713699813888,0.));
#7458=CARTESIAN_POINT('Ctrl Pts',(1.87817249471769,-6.12073521477638,0.));
#7459=CARTESIAN_POINT('Ctrl Pts',(1.87544008587805,-6.13434297771954,0.));
#7460=CARTESIAN_POINT('Ctrl Pts',(1.87264146424773,-6.14795998091171,0.));
#7461=CARTESIAN_POINT('Ctrl Pts',(1.86977692008071,-6.16158594903997,0.));
#7462=CARTESIAN_POINT('Ctrl Pts',(1.86684671801494,-6.17522065708621,0.));
#7463=CARTESIAN_POINT('Ctrl Pts',(1.86385108940546,-6.18886394858022,0.));
#7464=CARTESIAN_POINT('Ctrl Pts',(1.86079022546109,-6.20251572274209,0.));
#7465=CARTESIAN_POINT('Ctrl Pts',(1.85828946160992,-6.21344388291129,0.));
#7466=CARTESIAN_POINT('Ctrl Pts',(1.85638463897395,-6.2216437837412,0.));
#7467=CARTESIAN_POINT('Ctrl Pts',(1.85510176164714,-6.22711206405019,0.));
#7468=CARTESIAN_POINT('Ctrl Pts',(1.85445707409132,-6.22984662414354,0.));
#7469=CARTESIAN_POINT('Origin',(-6.79017393610305E-13,2.53406038760838E-12,
0.));
#7470=CARTESIAN_POINT('',(1.50891637568092,-6.32243397523469,3.));
#7471=CARTESIAN_POINT('Origin',(-6.79017393610305E-13,2.53406038760838E-12,
3.));
#7472=CARTESIAN_POINT('',(1.50891637568092,-6.32243397523469,0.));
#7473=CARTESIAN_POINT('',(1.50891637568092,-6.32243397523469,0.));
#7474=CARTESIAN_POINT('Origin',(-6.79017393610305E-13,2.53406038760838E-12,
0.));
#7475=CARTESIAN_POINT('Ctrl Pts',(1.01741193565758,-5.54559942020005,0.));
#7476=CARTESIAN_POINT('Ctrl Pts',(1.01741193565758,-5.54559942020005,5.));
#7477=CARTESIAN_POINT('Ctrl Pts',(1.01786907095309,-5.54805408508242,0.));
#7478=CARTESIAN_POINT('Ctrl Pts',(1.01786907095309,-5.54805408508242,5.));
#7479=CARTESIAN_POINT('Ctrl Pts',(1.01884173918604,-5.55294992776407,0.));
#7480=CARTESIAN_POINT('Ctrl Pts',(1.01884173918604,-5.55294992776407,5.));
#7481=CARTESIAN_POINT('Ctrl Pts',(1.02047593367316,-5.56025323073798,0.));
#7482=CARTESIAN_POINT('Ctrl Pts',(1.02047593367316,-5.56025323073798,5.));
#7483=CARTESIAN_POINT('Ctrl Pts',(1.02298893501341,-5.5699141148725,0.));
#7484=CARTESIAN_POINT('Ctrl Pts',(1.02298893501341,-5.5699141148725,5.));
#7485=CARTESIAN_POINT('Ctrl Pts',(1.0265920093086,-5.58188574691602,0.));
#7486=CARTESIAN_POINT('Ctrl Pts',(1.0265920093086,-5.58188574691602,5.));
#7487=CARTESIAN_POINT('Ctrl Pts',(1.0305352067731,-5.59378303177112,0.));
#7488=CARTESIAN_POINT('Ctrl Pts',(1.0305352067731,-5.59378303177112,5.));
#7489=CARTESIAN_POINT('Ctrl Pts',(1.03469720458533,-5.60563576495326,0.));
#7490=CARTESIAN_POINT('Ctrl Pts',(1.03469720458533,-5.60563576495326,5.));
#7491=CARTESIAN_POINT('Ctrl Pts',(1.0389849080137,-5.6174663801428,0.));
#7492=CARTESIAN_POINT('Ctrl Pts',(1.0389849080137,-5.6174663801428,5.));
#7493=CARTESIAN_POINT('Ctrl Pts',(1.04335930513689,-5.62928342739771,0.));
#7494=CARTESIAN_POINT('Ctrl Pts',(1.04335930513689,-5.62928342739771,5.));
#7495=CARTESIAN_POINT('Ctrl Pts',(1.04781921096411,-5.64108579958947,0.));
#7496=CARTESIAN_POINT('Ctrl Pts',(1.04781921096411,-5.64108579958947,5.));
#7497=CARTESIAN_POINT('Ctrl Pts',(1.05238669485785,-5.65286653006167,0.));
#7498=CARTESIAN_POINT('Ctrl Pts',(1.05238669485785,-5.65286653006167,5.));
#7499=CARTESIAN_POINT('Ctrl Pts',(1.05709215421021,-5.66461667845023,0.));
#7500=CARTESIAN_POINT('Ctrl Pts',(1.05709215421021,-5.66461667845023,5.));
#7501=CARTESIAN_POINT('Ctrl Pts',(1.0619589925987,-5.67632932272437,0.));
#7502=CARTESIAN_POINT('Ctrl Pts',(1.0619589925987,-5.67632932272437,5.));
#7503=CARTESIAN_POINT('Ctrl Pts',(1.06699007647151,-5.6880030831731,0.));
#7504=CARTESIAN_POINT('Ctrl Pts',(1.06699007647151,-5.6880030831731,5.));
#7505=CARTESIAN_POINT('Ctrl Pts',(1.0721748175686,-5.69964022851143,0.));
#7506=CARTESIAN_POINT('Ctrl Pts',(1.0721748175686,-5.69964022851143,5.));
#7507=CARTESIAN_POINT('Ctrl Pts',(1.07749477236206,-5.71124517114716,0.));
#7508=CARTESIAN_POINT('Ctrl Pts',(1.07749477236206,-5.71124517114716,5.));
#7509=CARTESIAN_POINT('Ctrl Pts',(1.0829296538982,-5.72282285506128,0.));
#7510=CARTESIAN_POINT('Ctrl Pts',(1.0829296538982,-5.72282285506128,5.));
#7511=CARTESIAN_POINT('Ctrl Pts',(1.08846348534017,-5.73437710450944,0.));
#7512=CARTESIAN_POINT('Ctrl Pts',(1.08846348534017,-5.73437710450944,5.));
#7513=CARTESIAN_POINT('Ctrl Pts',(1.09408975420321,-5.74590924076557,0.));
#7514=CARTESIAN_POINT('Ctrl Pts',(1.09408975420321,-5.74590924076557,5.));
#7515=CARTESIAN_POINT('Ctrl Pts',(1.09980818352341,-5.75741894256626,0.));
#7516=CARTESIAN_POINT('Ctrl Pts',(1.09980818352341,-5.75741894256626,5.));
#7517=CARTESIAN_POINT('Ctrl Pts',(1.10562230388205,-5.76890489227278,0.));
#7518=CARTESIAN_POINT('Ctrl Pts',(1.10562230388205,-5.76890489227278,5.));
#7519=CARTESIAN_POINT('Ctrl Pts',(1.11153679630349,-5.78036548340088,0.));
#7520=CARTESIAN_POINT('Ctrl Pts',(1.11153679630349,-5.78036548340088,5.));
#7521=CARTESIAN_POINT('Ctrl Pts',(1.11755476300799,-5.79179954732443,0.));
#7522=CARTESIAN_POINT('Ctrl Pts',(1.11755476300799,-5.79179954732443,5.));
#7523=CARTESIAN_POINT('Ctrl Pts',(1.12367553409366,-5.80320693699794,0.));
#7524=CARTESIAN_POINT('Ctrl Pts',(1.12367553409366,-5.80320693699794,5.));
#7525=CARTESIAN_POINT('Ctrl Pts',(1.12989606967943,-5.81458815113645,0.));
#7526=CARTESIAN_POINT('Ctrl Pts',(1.12989606967943,-5.81458815113645,5.));
#7527=CARTESIAN_POINT('Ctrl Pts',(1.1362119566512,-5.82594406658934,0.));
#7528=CARTESIAN_POINT('Ctrl Pts',(1.1362119566512,-5.82594406658934,5.));
#7529=CARTESIAN_POINT('Ctrl Pts',(1.14261852417561,-5.83727563905459,0.));
#7530=CARTESIAN_POINT('Ctrl Pts',(1.14261852417561,-5.83727563905459,5.));
#7531=CARTESIAN_POINT('Ctrl Pts',(1.14911198944322,-5.84858359566359,0.));
#7532=CARTESIAN_POINT('Ctrl Pts',(1.14911198944322,-5.84858359566359,5.));
#7533=CARTESIAN_POINT('Ctrl Pts',(1.15569034497195,-5.85986819675512,0.));
#7534=CARTESIAN_POINT('Ctrl Pts',(1.15569034497195,-5.85986819675512,5.));
#7535=CARTESIAN_POINT('Ctrl Pts',(1.16235273568729,-5.87112940179879,0.));
#7536=CARTESIAN_POINT('Ctrl Pts',(1.16235273568729,-5.87112940179879,5.));
#7537=CARTESIAN_POINT('Ctrl Pts',(1.16909902311952,-5.88236698525272,0.));
#7538=CARTESIAN_POINT('Ctrl Pts',(1.16909902311952,-5.88236698525272,5.));
#7539=CARTESIAN_POINT('Ctrl Pts',(1.17592929369792,-5.89358066740665,0.));
#7540=CARTESIAN_POINT('Ctrl Pts',(1.17592929369792,-5.89358066740665,5.));
#7541=CARTESIAN_POINT('Ctrl Pts',(1.18284335253412,-5.90477024908382,0.));
#7542=CARTESIAN_POINT('Ctrl Pts',(1.18284335253412,-5.90477024908382,5.));
#7543=CARTESIAN_POINT('Ctrl Pts',(1.18984033733829,-5.91593571431468,0.));
#7544=CARTESIAN_POINT('Ctrl Pts',(1.18984033733829,-5.91593571431468,5.));
#7545=CARTESIAN_POINT('Ctrl Pts',(1.19691898340344,-5.92707715930837,0.));
#7546=CARTESIAN_POINT('Ctrl Pts',(1.19691898340344,-5.92707715930837,5.));
#7547=CARTESIAN_POINT('Ctrl Pts',(1.20407780284033,-5.93819474432264,0.));
#7548=CARTESIAN_POINT('Ctrl Pts',(1.20407780284033,-5.93819474432264,5.));
#7549=CARTESIAN_POINT('Ctrl Pts',(1.21131528925387,-5.94928863875461,0.));
#7550=CARTESIAN_POINT('Ctrl Pts',(1.21131528925387,-5.94928863875461,5.));
#7551=CARTESIAN_POINT('Ctrl Pts',(1.21863012731248,-5.96035896495888,0.));
#7552=CARTESIAN_POINT('Ctrl Pts',(1.21863012731248,-5.96035896495888,5.));
#7553=CARTESIAN_POINT('Ctrl Pts',(1.22602135036306,-5.97140575590094,0.));
#7554=CARTESIAN_POINT('Ctrl Pts',(1.22602135036306,-5.97140575590094,5.));
#7555=CARTESIAN_POINT('Ctrl Pts',(1.23348822374373,-5.98242898581981,0.));
#7556=CARTESIAN_POINT('Ctrl Pts',(1.23348822374373,-5.98242898581981,5.));
#7557=CARTESIAN_POINT('Ctrl Pts',(1.24103016423611,-5.99342859128481,0.));
#7558=CARTESIAN_POINT('Ctrl Pts',(1.24103016423611,-5.99342859128481,5.));
#7559=CARTESIAN_POINT('Ctrl Pts',(1.24864664815868,-6.00440449531646,0.));
#7560=CARTESIAN_POINT('Ctrl Pts',(1.24864664815868,-6.00440449531646,5.));
#7561=CARTESIAN_POINT('Ctrl Pts',(1.25633711671303,-6.01535663220971,0.));
#7562=CARTESIAN_POINT('Ctrl Pts',(1.25633711671303,-6.01535663220971,5.));
#7563=CARTESIAN_POINT('Ctrl Pts',(1.26410090340727,-6.0262849666478,0.));
#7564=CARTESIAN_POINT('Ctrl Pts',(1.26410090340727,-6.0262849666478,5.));
#7565=CARTESIAN_POINT('Ctrl Pts',(1.27193728336313,-6.03718948106548,0.));
#7566=CARTESIAN_POINT('Ctrl Pts',(1.27193728336313,-6.03718948106548,5.));
#7567=CARTESIAN_POINT('Ctrl Pts',(1.27984550619121,-6.04807016734567,0.));
#7568=CARTESIAN_POINT('Ctrl Pts',(1.27984550619121,-6.04807016734567,5.));
#7569=CARTESIAN_POINT('Ctrl Pts',(1.28782483351033,-6.0589270172823,0.));
#7570=CARTESIAN_POINT('Ctrl Pts',(1.28782483351033,-6.0589270172823,5.));
#7571=CARTESIAN_POINT('Ctrl Pts',(1.29587457673388,-6.06976001312446,0.));
#7572=CARTESIAN_POINT('Ctrl Pts',(1.29587457673388,-6.06976001312446,5.));
#7573=CARTESIAN_POINT('Ctrl Pts',(1.30399412597917,-6.08056912011908,0.));
#7574=CARTESIAN_POINT('Ctrl Pts',(1.30399412597917,-6.08056912011908,5.));
#7575=CARTESIAN_POINT('Ctrl Pts',(1.31218292744161,-6.09135429076866,0.));
#7576=CARTESIAN_POINT('Ctrl Pts',(1.31218292744161,-6.09135429076866,5.));
#7577=CARTESIAN_POINT('Ctrl Pts',(1.32044046677444,-6.10211546773038,0.));
#7578=CARTESIAN_POINT('Ctrl Pts',(1.32044046677444,-6.10211546773038,5.));
#7579=CARTESIAN_POINT('Ctrl Pts',(1.32876625027417,-6.11285258734186,0.));
#7580=CARTESIAN_POINT('Ctrl Pts',(1.32876625027417,-6.11285258734186,5.));
#7581=CARTESIAN_POINT('Ctrl Pts',(1.33715978516289,-6.12356558318895,0.));
#7582=CARTESIAN_POINT('Ctrl Pts',(1.33715978516289,-6.12356558318895,5.));
#7583=CARTESIAN_POINT('Ctrl Pts',(1.34562056378324,-6.13425438940872,0.));
#7584=CARTESIAN_POINT('Ctrl Pts',(1.34562056378324,-6.13425438940872,5.));
#7585=CARTESIAN_POINT('Ctrl Pts',(1.35414807614665,-6.14491894098749,0.));
#7586=CARTESIAN_POINT('Ctrl Pts',(1.35414807614665,-6.14491894098749,5.));
#7587=CARTESIAN_POINT('Ctrl Pts',(1.36274181894172,-6.15555917460835,0.));
#7588=CARTESIAN_POINT('Ctrl Pts',(1.36274181894172,-6.15555917460835,5.));
#7589=CARTESIAN_POINT('Ctrl Pts',(1.3714013051301,-6.16617502935804,0.));
#7590=CARTESIAN_POINT('Ctrl Pts',(1.3714013051301,-6.16617502935804,5.));
#7591=CARTESIAN_POINT('Ctrl Pts',(1.38012607353164,-6.17676644792151,0.));
#7592=CARTESIAN_POINT('Ctrl Pts',(1.38012607353164,-6.17676644792151,5.));
#7593=CARTESIAN_POINT('Ctrl Pts',(1.38891569588326,-6.18733337704413,0.));
#7594=CARTESIAN_POINT('Ctrl Pts',(1.38891569588326,-6.18733337704413,5.));
#7595=CARTESIAN_POINT('Ctrl Pts',(1.39776976512777,-6.19787576193353,0.));
#7596=CARTESIAN_POINT('Ctrl Pts',(1.39776976512777,-6.19787576193353,5.));
#7597=CARTESIAN_POINT('Ctrl Pts',(1.40668788503938,-6.20839354128648,0.));
#7598=CARTESIAN_POINT('Ctrl Pts',(1.40668788503938,-6.20839354128648,5.));
#7599=CARTESIAN_POINT('Ctrl Pts',(1.41566965922574,-6.2188866424404,0.));
#7600=CARTESIAN_POINT('Ctrl Pts',(1.41566965922574,-6.2188866424404,5.));
#7601=CARTESIAN_POINT('Ctrl Pts',(1.42471467913841,-6.22935497618784,0.));
#7602=CARTESIAN_POINT('Ctrl Pts',(1.42471467913841,-6.22935497618784,5.));
#7603=CARTESIAN_POINT('Ctrl Pts',(1.43382251427347,-6.23979843319319,0.));
#7604=CARTESIAN_POINT('Ctrl Pts',(1.43382251427347,-6.23979843319319,5.));
#7605=CARTESIAN_POINT('Ctrl Pts',(1.4429927312137,-6.25021689717083,0.));
#7606=CARTESIAN_POINT('Ctrl Pts',(1.4429927312137,-6.25021689717083,5.));
#7607=CARTESIAN_POINT('Ctrl Pts',(1.45222491023722,-6.2606102570435,0.));
#7608=CARTESIAN_POINT('Ctrl Pts',(1.45222491023722,-6.2606102570435,5.));
#7609=CARTESIAN_POINT('Ctrl Pts',(1.46151866232026,-6.27097841951022,0.));
#7610=CARTESIAN_POINT('Ctrl Pts',(1.46151866232026,-6.27097841951022,5.));
#7611=CARTESIAN_POINT('Ctrl Pts',(1.47087364577056,-6.28132132201856,0.));
#7612=CARTESIAN_POINT('Ctrl Pts',(1.47087364577056,-6.28132132201856,5.));
#7613=CARTESIAN_POINT('Ctrl Pts',(1.48028958199367,-6.29163894473887,0.));
#7614=CARTESIAN_POINT('Ctrl Pts',(1.48028958199367,-6.29163894473887,5.));
#7615=CARTESIAN_POINT('Ctrl Pts',(1.48976625500796,-6.3019312959976,0.));
#7616=CARTESIAN_POINT('Ctrl Pts',(1.48976625500796,-6.3019312959976,5.));
#7617=CARTESIAN_POINT('Ctrl Pts',(1.49739606011654,-6.31014497839516,0.));
#7618=CARTESIAN_POINT('Ctrl Pts',(1.49739606011654,-6.31014497839516,5.));
#7619=CARTESIAN_POINT('Ctrl Pts',(1.50314563532395,-6.31629388950439,0.));
#7620=CARTESIAN_POINT('Ctrl Pts',(1.50314563532395,-6.31629388950439,5.));
#7621=CARTESIAN_POINT('Ctrl Pts',(1.5069907798334,-6.32038812050359,0.));
#7622=CARTESIAN_POINT('Ctrl Pts',(1.5069907798334,-6.32038812050359,5.));
#7623=CARTESIAN_POINT('Ctrl Pts',(1.50891637568092,-6.32243397523469,0.));
#7624=CARTESIAN_POINT('Ctrl Pts',(1.50891637568092,-6.32243397523469,5.));
#7625=CARTESIAN_POINT('Ctrl Pts',(1.50891637568092,-6.32243397523469,3.));
#7626=CARTESIAN_POINT('Ctrl Pts',(1.48165217269735,-6.29346704599269,3.));
#7627=CARTESIAN_POINT('Ctrl Pts',(1.45511104614312,-6.26419567830094,3.));
#7628=CARTESIAN_POINT('Ctrl Pts',(1.42931919367631,-6.23462263162704,3.));
#7629=CARTESIAN_POINT('Ctrl Pts',(1.39206138156592,-6.19190266733112,3.));
#7630=CARTESIAN_POINT('Ctrl Pts',(1.35637222941126,-6.148558662193,3.));
#7631=CARTESIAN_POINT('Ctrl Pts',(1.32238918251607,-6.10461057745516,3.));
#7632=CARTESIAN_POINT('Ctrl Pts',(1.28830580551537,-6.06053274225697,3.));
#7633=CARTESIAN_POINT('Ctrl Pts',(1.25593572104233,-6.01584820840543,3.));
#7634=CARTESIAN_POINT('Ctrl Pts',(1.2254800097415,-5.97056727781531,3.));
#7635=CARTESIAN_POINT('Ctrl Pts',(1.20622874230455,-5.94194488591075,3.));
#7636=CARTESIAN_POINT('Ctrl Pts',(1.18773747820152,-5.91308562312525,3.));
#7637=CARTESIAN_POINT('Ctrl Pts',(1.17010157117636,-5.88398248701452,3.));
#7638=CARTESIAN_POINT('Ctrl Pts',(1.15990410272488,-5.8671544150642,3.));
#7639=CARTESIAN_POINT('Ctrl Pts',(1.14998664897005,-5.85024643903991,3.));
#7640=CARTESIAN_POINT('Ctrl Pts',(1.1403615525958,-5.83325930836733,3.));
#7641=CARTESIAN_POINT('Ctrl Pts',(1.13243879141291,-5.81927659336185,3.));
#7642=CARTESIAN_POINT('Ctrl Pts',(1.1247180572102,-5.80523919494652,3.));
#7643=CARTESIAN_POINT('Ctrl Pts',(1.11723390105482,-5.79114041853709,3.));
#7644=CARTESIAN_POINT('Ctrl Pts',(1.10824945970554,-5.77421538021379,3.));
#7645=CARTESIAN_POINT('Ctrl Pts',(1.09961098725646,-5.75720049917346,3.));
#7646=CARTESIAN_POINT('Ctrl Pts',(1.09127463576836,-5.74011266690204,3.));
#7647=CARTESIAN_POINT('Ctrl Pts',(1.08652602289038,-5.730378972192,3.));
#7648=CARTESIAN_POINT('Ctrl Pts',(1.081871998945,-5.72062254344766,3.));
#7649=CARTESIAN_POINT('Ctrl Pts',(1.07733784431562,-5.71083777952037,3.));
#7650=CARTESIAN_POINT('Ctrl Pts',(1.07265472832444,-5.70073155506101,3.));
#7651=CARTESIAN_POINT('Ctrl Pts',(1.06810565953706,-5.69059344457925,3.));
#7652=CARTESIAN_POINT('Ctrl Pts',(1.06374237542258,-5.68041114713077,3.));
#7653=CARTESIAN_POINT('Ctrl Pts',(1.06029758218403,-5.67237226896396,3.));
#7654=CARTESIAN_POINT('Ctrl Pts',(1.05697051633267,-5.66430533706474,3.));
#7655=CARTESIAN_POINT('Ctrl Pts',(1.05375024813168,-5.65621418921465,3.));
#7656=CARTESIAN_POINT('Ctrl Pts',(1.05012990011637,-5.64711781300236,3.));
#7657=CARTESIAN_POINT('Ctrl Pts',(1.04663786125885,-5.63799254729799,3.));
#7658=CARTESIAN_POINT('Ctrl Pts',(1.04322179100689,-5.62885431038267,3.));
#7659=CARTESIAN_POINT('Ctrl Pts',(1.04065973831792,-5.62200063269617,3.));
#7660=CARTESIAN_POINT('Ctrl Pts',(1.03813831816425,-5.61514022505535,3.));
#7661=CARTESIAN_POINT('Ctrl Pts',(1.035673161077,-5.60827033137757,3.));
#7662=CARTESIAN_POINT('Ctrl Pts',(1.03325500934005,-5.60153143209384,3.));
#7663=CARTESIAN_POINT('Ctrl Pts',(1.03089087464818,-5.5947834484985,3.));
#7664=CARTESIAN_POINT('Ctrl Pts',(1.02865808080576,-5.58800772064634,3.));
#7665=CARTESIAN_POINT('Ctrl Pts',(1.02636018356943,-5.58103442736245,3.));
#7666=CARTESIAN_POINT('Ctrl Pts',(1.02420617368029,-5.57403054466215,3.));
#7667=CARTESIAN_POINT('Ctrl Pts',(1.02230261201262,-5.56696974034248,3.));
#7668=CARTESIAN_POINT('Ctrl Pts',(1.02066088856989,-5.56088016196269,3.));
#7669=CARTESIAN_POINT('Ctrl Pts',(1.01920771795289,-5.55474766666385,3.));
#7670=CARTESIAN_POINT('Ctrl Pts',(1.01798157548947,-5.54856268063003,3.));
#7671=CARTESIAN_POINT('Ctrl Pts',(1.0177860182124,-5.54757623813776,3.));
#7672=CARTESIAN_POINT('Ctrl Pts',(1.01759613071382,-5.54658848654539,3.));
#7673=CARTESIAN_POINT('Ctrl Pts',(1.01741193565758,-5.54559942020005,3.));
#7674=CARTESIAN_POINT('Ctrl Pts',(1.01741193565758,-5.54559942020005,0.));
#7675=CARTESIAN_POINT('Ctrl Pts',(1.01786907095309,-5.54805408508242,0.));
#7676=CARTESIAN_POINT('Ctrl Pts',(1.01884173918604,-5.55294992776407,0.));
#7677=CARTESIAN_POINT('Ctrl Pts',(1.02047593367316,-5.56025323073798,0.));
#7678=CARTESIAN_POINT('Ctrl Pts',(1.02298893501341,-5.5699141148725,0.));
#7679=CARTESIAN_POINT('Ctrl Pts',(1.0265920093086,-5.58188574691602,0.));
#7680=CARTESIAN_POINT('Ctrl Pts',(1.0305352067731,-5.59378303177112,0.));
#7681=CARTESIAN_POINT('Ctrl Pts',(1.03469720458533,-5.60563576495326,0.));
#7682=CARTESIAN_POINT('Ctrl Pts',(1.0389849080137,-5.6174663801428,0.));
#7683=CARTESIAN_POINT('Ctrl Pts',(1.04335930513689,-5.62928342739771,0.));
#7684=CARTESIAN_POINT('Ctrl Pts',(1.04781921096411,-5.64108579958947,0.));
#7685=CARTESIAN_POINT('Ctrl Pts',(1.05238669485785,-5.65286653006167,0.));
#7686=CARTESIAN_POINT('Ctrl Pts',(1.05709215421021,-5.66461667845023,0.));
#7687=CARTESIAN_POINT('Ctrl Pts',(1.0619589925987,-5.67632932272437,0.));
#7688=CARTESIAN_POINT('Ctrl Pts',(1.06699007647151,-5.6880030831731,0.));
#7689=CARTESIAN_POINT('Ctrl Pts',(1.0721748175686,-5.69964022851143,0.));
#7690=CARTESIAN_POINT('Ctrl Pts',(1.07749477236206,-5.71124517114716,0.));
#7691=CARTESIAN_POINT('Ctrl Pts',(1.0829296538982,-5.72282285506128,0.));
#7692=CARTESIAN_POINT('Ctrl Pts',(1.08846348534017,-5.73437710450944,0.));
#7693=CARTESIAN_POINT('Ctrl Pts',(1.09408975420321,-5.74590924076557,0.));
#7694=CARTESIAN_POINT('Ctrl Pts',(1.09980818352341,-5.75741894256626,0.));
#7695=CARTESIAN_POINT('Ctrl Pts',(1.10562230388205,-5.76890489227278,0.));
#7696=CARTESIAN_POINT('Ctrl Pts',(1.11153679630349,-5.78036548340088,0.));
#7697=CARTESIAN_POINT('Ctrl Pts',(1.11755476300799,-5.79179954732443,0.));
#7698=CARTESIAN_POINT('Ctrl Pts',(1.12367553409366,-5.80320693699794,0.));
#7699=CARTESIAN_POINT('Ctrl Pts',(1.12989606967943,-5.81458815113645,0.));
#7700=CARTESIAN_POINT('Ctrl Pts',(1.1362119566512,-5.82594406658934,0.));
#7701=CARTESIAN_POINT('Ctrl Pts',(1.14261852417561,-5.83727563905459,0.));
#7702=CARTESIAN_POINT('Ctrl Pts',(1.14911198944322,-5.84858359566359,0.));
#7703=CARTESIAN_POINT('Ctrl Pts',(1.15569034497195,-5.85986819675512,0.));
#7704=CARTESIAN_POINT('Ctrl Pts',(1.16235273568729,-5.87112940179879,0.));
#7705=CARTESIAN_POINT('Ctrl Pts',(1.16909902311952,-5.88236698525272,0.));
#7706=CARTESIAN_POINT('Ctrl Pts',(1.17592929369792,-5.89358066740665,0.));
#7707=CARTESIAN_POINT('Ctrl Pts',(1.18284335253412,-5.90477024908382,0.));
#7708=CARTESIAN_POINT('Ctrl Pts',(1.18984033733829,-5.91593571431468,0.));
#7709=CARTESIAN_POINT('Ctrl Pts',(1.19691898340344,-5.92707715930837,0.));
#7710=CARTESIAN_POINT('Ctrl Pts',(1.20407780284033,-5.93819474432264,0.));
#7711=CARTESIAN_POINT('Ctrl Pts',(1.21131528925387,-5.94928863875461,0.));
#7712=CARTESIAN_POINT('Ctrl Pts',(1.21863012731248,-5.96035896495888,0.));
#7713=CARTESIAN_POINT('Ctrl Pts',(1.22602135036306,-5.97140575590094,0.));
#7714=CARTESIAN_POINT('Ctrl Pts',(1.23348822374373,-5.98242898581981,0.));
#7715=CARTESIAN_POINT('Ctrl Pts',(1.24103016423611,-5.99342859128481,0.));
#7716=CARTESIAN_POINT('Ctrl Pts',(1.24864664815868,-6.00440449531646,0.));
#7717=CARTESIAN_POINT('Ctrl Pts',(1.25633711671303,-6.01535663220971,0.));
#7718=CARTESIAN_POINT('Ctrl Pts',(1.26410090340727,-6.0262849666478,0.));
#7719=CARTESIAN_POINT('Ctrl Pts',(1.27193728336313,-6.03718948106548,0.));
#7720=CARTESIAN_POINT('Ctrl Pts',(1.27984550619121,-6.04807016734567,0.));
#7721=CARTESIAN_POINT('Ctrl Pts',(1.28782483351033,-6.0589270172823,0.));
#7722=CARTESIAN_POINT('Ctrl Pts',(1.29587457673388,-6.06976001312446,0.));
#7723=CARTESIAN_POINT('Ctrl Pts',(1.30399412597917,-6.08056912011908,0.));
#7724=CARTESIAN_POINT('Ctrl Pts',(1.31218292744161,-6.09135429076866,0.));
#7725=CARTESIAN_POINT('Ctrl Pts',(1.32044046677444,-6.10211546773038,0.));
#7726=CARTESIAN_POINT('Ctrl Pts',(1.32876625027417,-6.11285258734186,0.));
#7727=CARTESIAN_POINT('Ctrl Pts',(1.33715978516289,-6.12356558318895,0.));
#7728=CARTESIAN_POINT('Ctrl Pts',(1.34562056378324,-6.13425438940872,0.));
#7729=CARTESIAN_POINT('Ctrl Pts',(1.35414807614665,-6.14491894098749,0.));
#7730=CARTESIAN_POINT('Ctrl Pts',(1.36274181894172,-6.15555917460835,0.));
#7731=CARTESIAN_POINT('Ctrl Pts',(1.3714013051301,-6.16617502935804,0.));
#7732=CARTESIAN_POINT('Ctrl Pts',(1.38012607353164,-6.17676644792151,0.));
#7733=CARTESIAN_POINT('Ctrl Pts',(1.38891569588326,-6.18733337704413,0.));
#7734=CARTESIAN_POINT('Ctrl Pts',(1.39776976512777,-6.19787576193353,0.));
#7735=CARTESIAN_POINT('Ctrl Pts',(1.40668788503938,-6.20839354128648,0.));
#7736=CARTESIAN_POINT('Ctrl Pts',(1.41566965922574,-6.2188866424404,0.));
#7737=CARTESIAN_POINT('Ctrl Pts',(1.42471467913841,-6.22935497618784,0.));
#7738=CARTESIAN_POINT('Ctrl Pts',(1.43382251427347,-6.23979843319319,0.));
#7739=CARTESIAN_POINT('Ctrl Pts',(1.4429927312137,-6.25021689717083,0.));
#7740=CARTESIAN_POINT('Ctrl Pts',(1.45222491023722,-6.2606102570435,0.));
#7741=CARTESIAN_POINT('Ctrl Pts',(1.46151866232026,-6.27097841951022,0.));
#7742=CARTESIAN_POINT('Ctrl Pts',(1.47087364577056,-6.28132132201856,0.));
#7743=CARTESIAN_POINT('Ctrl Pts',(1.48028958199367,-6.29163894473887,0.));
#7744=CARTESIAN_POINT('Ctrl Pts',(1.48976625500796,-6.3019312959976,0.));
#7745=CARTESIAN_POINT('Ctrl Pts',(1.49739606011654,-6.31014497839516,0.));
#7746=CARTESIAN_POINT('Ctrl Pts',(1.50314563532395,-6.31629388950439,0.));
#7747=CARTESIAN_POINT('Ctrl Pts',(1.5069907798334,-6.32038812050359,0.));
#7748=CARTESIAN_POINT('Ctrl Pts',(1.50891637568092,-6.32243397523469,0.));
#7749=CARTESIAN_POINT('Ctrl Pts',(0.178865027213272,-6.49753855717995,0.));
#7750=CARTESIAN_POINT('Ctrl Pts',(0.178865027213272,-6.49753855717995,5.));
#7751=CARTESIAN_POINT('Ctrl Pts',(0.180195503805463,-6.49506403237982,0.));
#7752=CARTESIAN_POINT('Ctrl Pts',(0.180195503805463,-6.49506403237982,5.));
#7753=CARTESIAN_POINT('Ctrl Pts',(0.182849963235317,-6.49011411228869,0.));
#7754=CARTESIAN_POINT('Ctrl Pts',(0.182849963235317,-6.49011411228869,5.));
#7755=CARTESIAN_POINT('Ctrl Pts',(0.186812171116629,-6.4826866206798,0.));
#7756=CARTESIAN_POINT('Ctrl Pts',(0.186812171116629,-6.4826866206798,5.));
#7757=CARTESIAN_POINT('Ctrl Pts',(0.192056139485646,-6.47277807385054,0.));
#7758=CARTESIAN_POINT('Ctrl Pts',(0.192056139485646,-6.47277807385054,5.));
#7759=CARTESIAN_POINT('Ctrl Pts',(0.198546046172803,-6.46038368249619,0.));
#7760=CARTESIAN_POINT('Ctrl Pts',(0.198546046172803,-6.46038368249619,5.));
#7761=CARTESIAN_POINT('Ctrl Pts',(0.204970744889204,-6.44798060062272,0.));
#7762=CARTESIAN_POINT('Ctrl Pts',(0.204970744889204,-6.44798060062272,5.));
#7763=CARTESIAN_POINT('Ctrl Pts',(0.211330024857559,-6.43556887608757,0.));
#7764=CARTESIAN_POINT('Ctrl Pts',(0.211330024857559,-6.43556887608757,5.));
#7765=CARTESIAN_POINT('Ctrl Pts',(0.217623622108584,-6.42314860015025,0.));
#7766=CARTESIAN_POINT('Ctrl Pts',(0.217623622108584,-6.42314860015025,5.));
#7767=CARTESIAN_POINT('Ctrl Pts',(0.223851222782677,-6.41071992166824,0.));
#7768=CARTESIAN_POINT('Ctrl Pts',(0.223851222782677,-6.41071992166824,5.));
#7769=CARTESIAN_POINT('Ctrl Pts',(0.230012475259791,-6.39828303145012,0.));
#7770=CARTESIAN_POINT('Ctrl Pts',(0.230012475259791,-6.39828303145012,5.));
#7771=CARTESIAN_POINT('Ctrl Pts',(0.236107002868635,-6.38583814542031,0.));
#7772=CARTESIAN_POINT('Ctrl Pts',(0.236107002868635,-6.38583814542031,5.));
#7773=CARTESIAN_POINT('Ctrl Pts',(0.242134417057254,-6.37338548807871,0.));
#7774=CARTESIAN_POINT('Ctrl Pts',(0.242134417057254,-6.37338548807871,5.));
#7775=CARTESIAN_POINT('Ctrl Pts',(0.248094330288935,-6.36092527645804,0.));
#7776=CARTESIAN_POINT('Ctrl Pts',(0.248094330288935,-6.36092527645804,5.));
#7777=CARTESIAN_POINT('Ctrl Pts',(0.253986371024776,-6.34845770246617,0.));
#7778=CARTESIAN_POINT('Ctrl Pts',(0.253986371024776,-6.34845770246617,5.));
#7779=CARTESIAN_POINT('Ctrl Pts',(0.259810175185615,-6.33598293888369,0.));
#7780=CARTESIAN_POINT('Ctrl Pts',(0.259810175185615,-6.33598293888369,5.));
#7781=CARTESIAN_POINT('Ctrl Pts',(0.265565375913197,-6.32350114747573,0.));
#7782=CARTESIAN_POINT('Ctrl Pts',(0.265565375913197,-6.32350114747573,5.));
#7783=CARTESIAN_POINT('Ctrl Pts',(0.271251594201757,-6.31101248652181,0.));
#7784=CARTESIAN_POINT('Ctrl Pts',(0.271251594201757,-6.31101248652181,5.));
#7785=CARTESIAN_POINT('Ctrl Pts',(0.276868430164238,-6.29851711830459,0.));
#7786=CARTESIAN_POINT('Ctrl Pts',(0.276868430164238,-6.29851711830459,5.));
#7787=CARTESIAN_POINT('Ctrl Pts',(0.282415453169069,-6.28601521754838,0.));
#7788=CARTESIAN_POINT('Ctrl Pts',(0.282415453169069,-6.28601521754838,5.));
#7789=CARTESIAN_POINT('Ctrl Pts',(0.287892208538822,-6.27350696914566,0.));
#7790=CARTESIAN_POINT('Ctrl Pts',(0.287892208538822,-6.27350696914566,5.));
#7791=CARTESIAN_POINT('Ctrl Pts',(0.293298226499643,-6.26099256452244,0.));
#7792=CARTESIAN_POINT('Ctrl Pts',(0.293298226499643,-6.26099256452244,5.));
#7793=CARTESIAN_POINT('Ctrl Pts',(0.298633031267191,-6.24847219847188,0.));
#7794=CARTESIAN_POINT('Ctrl Pts',(0.298633031267191,-6.24847219847188,5.));
#7795=CARTESIAN_POINT('Ctrl Pts',(0.303896149528674,-6.23594606600406,0.));
#7796=CARTESIAN_POINT('Ctrl Pts',(0.303896149528674,-6.23594606600406,5.));
#7797=CARTESIAN_POINT('Ctrl Pts',(0.309087122486442,-6.22341435881045,0.));
#7798=CARTESIAN_POINT('Ctrl Pts',(0.309087122486442,-6.22341435881045,5.));
#7799=CARTESIAN_POINT('Ctrl Pts',(0.314205489736569,-6.21087726616404,0.));
#7800=CARTESIAN_POINT('Ctrl Pts',(0.314205489736569,-6.21087726616404,5.));
#7801=CARTESIAN_POINT('Ctrl Pts',(0.319250769299667,-6.19833497657649,0.));
#7802=CARTESIAN_POINT('Ctrl Pts',(0.319250769299667,-6.19833497657649,5.));
#7803=CARTESIAN_POINT('Ctrl Pts',(0.324222438534817,-6.18578767926202,0.));
#7804=CARTESIAN_POINT('Ctrl Pts',(0.324222438534817,-6.18578767926202,5.));
#7805=CARTESIAN_POINT('Ctrl Pts',(0.32911991733535,-6.17323556563879,0.));
#7806=CARTESIAN_POINT('Ctrl Pts',(0.32911991733535,-6.17323556563879,5.));
#7807=CARTESIAN_POINT('Ctrl Pts',(0.333942545171941,-6.16067883107219,0.));
#7808=CARTESIAN_POINT('Ctrl Pts',(0.333942545171941,-6.16067883107219,5.));
#7809=CARTESIAN_POINT('Ctrl Pts',(0.338689610947032,-6.14811767459578,0.));
#7810=CARTESIAN_POINT('Ctrl Pts',(0.338689610947032,-6.14811767459578,5.));
#7811=CARTESIAN_POINT('Ctrl Pts',(0.343360391940972,-6.13555229826511,0.));
#7812=CARTESIAN_POINT('Ctrl Pts',(0.343360391940972,-6.13555229826511,5.));
#7813=CARTESIAN_POINT('Ctrl Pts',(0.347954192521333,-6.12298290665924,0.));
#7814=CARTESIAN_POINT('Ctrl Pts',(0.347954192521333,-6.12298290665924,5.));
#7815=CARTESIAN_POINT('Ctrl Pts',(0.352470378047056,-6.11040970639233,0.));
#7816=CARTESIAN_POINT('Ctrl Pts',(0.352470378047056,-6.11040970639233,5.));
#7817=CARTESIAN_POINT('Ctrl Pts',(0.35690842576602,-6.09783290555823,0.));
#7818=CARTESIAN_POINT('Ctrl Pts',(0.35690842576602,-6.09783290555823,5.));
#7819=CARTESIAN_POINT('Ctrl Pts',(0.361267849764494,-6.08525271405218,0.));
#7820=CARTESIAN_POINT('Ctrl Pts',(0.361267849764494,-6.08525271405218,5.));
#7821=CARTESIAN_POINT('Ctrl Pts',(0.365548103113839,-6.07266934409154,0.));
#7822=CARTESIAN_POINT('Ctrl Pts',(0.365548103113839,-6.07266934409154,5.));
#7823=CARTESIAN_POINT('Ctrl Pts',(0.369748482852616,-6.06008301070399,0.));
#7824=CARTESIAN_POINT('Ctrl Pts',(0.369748482852616,-6.06008301070399,5.));
#7825=CARTESIAN_POINT('Ctrl Pts',(0.373868046733522,-6.04749393223552,0.));
#7826=CARTESIAN_POINT('Ctrl Pts',(0.373868046733522,-6.04749393223552,5.));
#7827=CARTESIAN_POINT('Ctrl Pts',(0.37790549257611,-6.03490233093356,0.));
#7828=CARTESIAN_POINT('Ctrl Pts',(0.37790549257611,-6.03490233093356,5.));
#7829=CARTESIAN_POINT('Ctrl Pts',(0.38185932147127,-6.02230843305678,0.));
#7830=CARTESIAN_POINT('Ctrl Pts',(0.38185932147127,-6.02230843305678,5.));
#7831=CARTESIAN_POINT('Ctrl Pts',(0.385728054750594,-6.00971246890214,0.));
#7832=CARTESIAN_POINT('Ctrl Pts',(0.385728054750594,-6.00971246890214,5.));
#7833=CARTESIAN_POINT('Ctrl Pts',(0.389510445900183,-5.99711467286903,0.));
#7834=CARTESIAN_POINT('Ctrl Pts',(0.389510445900183,-5.99711467286903,5.));
#7835=CARTESIAN_POINT('Ctrl Pts',(0.393205666145236,-5.98451528355985,0.));
#7836=CARTESIAN_POINT('Ctrl Pts',(0.393205666145236,-5.98451528355985,5.));
#7837=CARTESIAN_POINT('Ctrl Pts',(0.396813578788784,-5.97191454380543,0.));
#7838=CARTESIAN_POINT('Ctrl Pts',(0.396813578788784,-5.97191454380543,5.));
#7839=CARTESIAN_POINT('Ctrl Pts',(0.400334339709458,-5.95931270141557,0.));
#7840=CARTESIAN_POINT('Ctrl Pts',(0.400334339709458,-5.95931270141557,5.));
#7841=CARTESIAN_POINT('Ctrl Pts',(0.403767873530294,-5.9467100100856,0.));
#7842=CARTESIAN_POINT('Ctrl Pts',(0.403767873530294,-5.9467100100856,5.));
#7843=CARTESIAN_POINT('Ctrl Pts',(0.407113364802789,-5.93410673027444,0.));
#7844=CARTESIAN_POINT('Ctrl Pts',(0.407113364802789,-5.93410673027444,5.));
#7845=CARTESIAN_POINT('Ctrl Pts',(0.41036880706752,-5.92150313008874,0.));
#7846=CARTESIAN_POINT('Ctrl Pts',(0.41036880706752,-5.92150313008874,5.));
#7847=CARTESIAN_POINT('Ctrl Pts',(0.41353035821569,-5.90889948623663,0.));
#7848=CARTESIAN_POINT('Ctrl Pts',(0.41353035821569,-5.90889948623663,5.));
#7849=CARTESIAN_POINT('Ctrl Pts',(0.416593259215902,-5.89629608448538,0.));
#7850=CARTESIAN_POINT('Ctrl Pts',(0.416593259215902,-5.89629608448538,5.));
#7851=CARTESIAN_POINT('Ctrl Pts',(0.419553020381936,-5.88369322006151,0.));
#7852=CARTESIAN_POINT('Ctrl Pts',(0.419553020381936,-5.88369322006151,5.));
#7853=CARTESIAN_POINT('Ctrl Pts',(0.422406576337227,-5.87109119802239,0.));
#7854=CARTESIAN_POINT('Ctrl Pts',(0.422406576337227,-5.87109119802239,5.));
#7855=CARTESIAN_POINT('Ctrl Pts',(0.425153318064403,-5.85849033378644,0.));
#7856=CARTESIAN_POINT('Ctrl Pts',(0.425153318064403,-5.85849033378644,5.));
#7857=CARTESIAN_POINT('Ctrl Pts',(0.427796544540829,-5.84589095324612,0.));
#7858=CARTESIAN_POINT('Ctrl Pts',(0.427796544540829,-5.84589095324612,5.));
#7859=CARTESIAN_POINT('Ctrl Pts',(0.430341193077549,-5.83329339660781,0.));
#7860=CARTESIAN_POINT('Ctrl Pts',(0.430341193077549,-5.83329339660781,5.));
#7861=CARTESIAN_POINT('Ctrl Pts',(0.432791014984204,-5.8206980228311,0.));
#7862=CARTESIAN_POINT('Ctrl Pts',(0.432791014984204,-5.8206980228311,5.));
#7863=CARTESIAN_POINT('Ctrl Pts',(0.435145825883281,-5.80810521391617,0.));
#7864=CARTESIAN_POINT('Ctrl Pts',(0.435145825883281,-5.80810521391617,5.));
#7865=CARTESIAN_POINT('Ctrl Pts',(0.437398993226714,-5.79551537916548,0.));
#7866=CARTESIAN_POINT('Ctrl Pts',(0.437398993226714,-5.79551537916548,5.));
#7867=CARTESIAN_POINT('Ctrl Pts',(0.439534094784962,-5.78292895974139,0.));
#7868=CARTESIAN_POINT('Ctrl Pts',(0.439534094784962,-5.78292895974139,5.));
#7869=CARTESIAN_POINT('Ctrl Pts',(0.441530255269071,-5.77034643077497,0.));
#7870=CARTESIAN_POINT('Ctrl Pts',(0.441530255269071,-5.77034643077497,5.));
#7871=CARTESIAN_POINT('Ctrl Pts',(0.44336851758395,-5.75776830374384,0.));
#7872=CARTESIAN_POINT('Ctrl Pts',(0.44336851758395,-5.75776830374384,5.));
#7873=CARTESIAN_POINT('Ctrl Pts',(0.445038067069112,-5.74519512768093,0.));
#7874=CARTESIAN_POINT('Ctrl Pts',(0.445038067069112,-5.74519512768093,5.));
#7875=CARTESIAN_POINT('Ctrl Pts',(0.446542029596369,-5.73262749339334,0.));
#7876=CARTESIAN_POINT('Ctrl Pts',(0.446542029596369,-5.73262749339334,5.));
#7877=CARTESIAN_POINT('Ctrl Pts',(0.447904802839064,-5.72006602975779,0.));
#7878=CARTESIAN_POINT('Ctrl Pts',(0.447904802839064,-5.72006602975779,5.));
#7879=CARTESIAN_POINT('Ctrl Pts',(0.44915806235978,-5.70751150507885,0.));
#7880=CARTESIAN_POINT('Ctrl Pts',(0.44915806235978,-5.70751150507885,5.));
#7881=CARTESIAN_POINT('Ctrl Pts',(0.450324928629071,-5.69496493665854,0.));
#7882=CARTESIAN_POINT('Ctrl Pts',(0.450324928629071,-5.69496493665854,5.));
#7883=CARTESIAN_POINT('Ctrl Pts',(0.451404543579666,-5.68242770059905,0.));
#7884=CARTESIAN_POINT('Ctrl Pts',(0.451404543579666,-5.68242770059905,5.));
#7885=CARTESIAN_POINT('Ctrl Pts',(0.452357011671402,-5.66990163520683,0.));
#7886=CARTESIAN_POINT('Ctrl Pts',(0.452357011671402,-5.66990163520683,5.));
#7887=CARTESIAN_POINT('Ctrl Pts',(0.453086604035009,-5.65738916590016,0.));
#7888=CARTESIAN_POINT('Ctrl Pts',(0.453086604035009,-5.65738916590016,5.));
#7889=CARTESIAN_POINT('Ctrl Pts',(0.453468420176943,-5.64489291307797,0.));
#7890=CARTESIAN_POINT('Ctrl Pts',(0.453468420176943,-5.64489291307797,5.));
#7891=CARTESIAN_POINT('Ctrl Pts',(0.453395372266455,-5.63491080298044,0.));
#7892=CARTESIAN_POINT('Ctrl Pts',(0.453395372266455,-5.63491080298044,5.));
#7893=CARTESIAN_POINT('Ctrl Pts',(0.453083649024941,-5.62743339336405,0.));
#7894=CARTESIAN_POINT('Ctrl Pts',(0.453083649024941,-5.62743339336405,5.));
#7895=CARTESIAN_POINT('Ctrl Pts',(0.452756037063718,-5.62245262741315,0.));
#7896=CARTESIAN_POINT('Ctrl Pts',(0.452756037063718,-5.62245262741315,5.));
#7897=CARTESIAN_POINT('Ctrl Pts',(0.452562281830853,-5.61996328788771,0.));
#7898=CARTESIAN_POINT('Ctrl Pts',(0.452562281830853,-5.61996328788771,5.));
#7899=CARTESIAN_POINT('',(0.178865027213269,-6.49753855717994,3.));
#7900=CARTESIAN_POINT('Ctrl Pts',(0.452562281830853,-5.61996328788771,3.));
#7901=CARTESIAN_POINT('Ctrl Pts',(0.453065213362336,-5.6264248802865,3.));
#7902=CARTESIAN_POINT('Ctrl Pts',(0.453320568274321,-5.63289500705034,3.));
#7903=CARTESIAN_POINT('Ctrl Pts',(0.453363085594694,-5.63937304967108,3.));
#7904=CARTESIAN_POINT('Ctrl Pts',(0.453421475205961,-5.64826943324078,3.));
#7905=CARTESIAN_POINT('Ctrl Pts',(0.453082703903972,-5.65718071530352,3.));
#7906=CARTESIAN_POINT('Ctrl Pts',(0.452542686326469,-5.66610306094118,3.));
#7907=CARTESIAN_POINT('Ctrl Pts',(0.452132608289299,-5.67287850333134,3.));
#7908=CARTESIAN_POINT('Ctrl Pts',(0.451610836280548,-5.6796602459048,3.));
#7909=CARTESIAN_POINT('Ctrl Pts',(0.451041867496385,-5.68644661217413,3.));
#7910=CARTESIAN_POINT('Ctrl Pts',(0.450432390857223,-5.69371613525005,3.));
#7911=CARTESIAN_POINT('Ctrl Pts',(0.449768604027873,-5.70099095447804,3.));
#7912=CARTESIAN_POINT('Ctrl Pts',(0.44906313257433,-5.70826972759927,3.));
#7913=CARTESIAN_POINT('Ctrl Pts',(0.447966325096757,-5.71958614975475,3.));
#7914=CARTESIAN_POINT('Ctrl Pts',(0.446763081844841,-5.73091208615581,3.));
#7915=CARTESIAN_POINT('Ctrl Pts',(0.445365291473814,-5.74224483426075,3.));
#7916=CARTESIAN_POINT('Ctrl Pts',(0.444235742325068,-5.75140278543869,3.));
#7917=CARTESIAN_POINT('Ctrl Pts',(0.442974920394014,-5.76056525686875,3.));
#7918=CARTESIAN_POINT('Ctrl Pts',(0.441584521158303,-5.7697312465432,3.));
#7919=CARTESIAN_POINT('Ctrl Pts',(0.439479404380565,-5.7836088999198,3.));
#7920=CARTESIAN_POINT('Ctrl Pts',(0.437086888287829,-5.79749458830554,3.));
#7921=CARTESIAN_POINT('Ctrl Pts',(0.434517038901027,-5.81138545830973,3.));
#7922=CARTESIAN_POINT('Ctrl Pts',(0.432194217407804,-5.82394106237394,3.));
#7923=CARTESIAN_POINT('Ctrl Pts',(0.429727315426863,-5.83650091802502,3.));
#7924=CARTESIAN_POINT('Ctrl Pts',(0.427115587873017,-5.8490633426337,3.));
#7925=CARTESIAN_POINT('Ctrl Pts',(0.424218949775874,-5.86299618860011,3.));
#7926=CARTESIAN_POINT('Ctrl Pts',(0.421134882999862,-5.87693220462381,3.));
#7927=CARTESIAN_POINT('Ctrl Pts',(0.417854428814914,-5.89086942946155,3.));
#7928=CARTESIAN_POINT('Ctrl Pts',(0.413456939185662,-5.90955245267394,3.));
#7929=CARTESIAN_POINT('Ctrl Pts',(0.408715888325917,-5.92823763108827,3.));
#7930=CARTESIAN_POINT('Ctrl Pts',(0.403689109035537,-5.94692081090398,3.));
#7931=CARTESIAN_POINT('Ctrl Pts',(0.396916477855577,-5.97209285026582,3.));
#7932=CARTESIAN_POINT('Ctrl Pts',(0.389617411235625,-5.9972612493549,3.));
#7933=CARTESIAN_POINT('Ctrl Pts',(0.381804112836333,-6.02241719046049,3.));
#7934=CARTESIAN_POINT('Ctrl Pts',(0.373862029424612,-6.04798777183994,3.));
#7935=CARTESIAN_POINT('Ctrl Pts',(0.365397483477013,-6.0735454968283,3.));
#7936=CARTESIAN_POINT('Ctrl Pts',(0.356451247713979,-6.0990820654885,3.));
#7937=CARTESIAN_POINT('Ctrl Pts',(0.340550646221078,-6.14446951251285,3.));
#7938=CARTESIAN_POINT('Ctrl Pts',(0.323113260929046,-6.18978985678029,3.));
#7939=CARTESIAN_POINT('Ctrl Pts',(0.304271535894261,-6.23500114936255,3.));
#7940=CARTESIAN_POINT('Ctrl Pts',(0.284764244839514,-6.28180948786315,3.));
#7941=CARTESIAN_POINT('Ctrl Pts',(0.263748379490773,-6.32850057699708,3.));
#7942=CARTESIAN_POINT('Ctrl Pts',(0.2413233751435,-6.37503280093021,3.));
#7943=CARTESIAN_POINT('Ctrl Pts',(0.223663960300268,-6.41167635440685,3.));
#7944=CARTESIAN_POINT('Ctrl Pts',(0.205131461728585,-6.44821905719619,3.));
#7945=CARTESIAN_POINT('Ctrl Pts',(0.18575933900999,-6.48464572133486,3.));
#7946=CARTESIAN_POINT('Ctrl Pts',(0.18347298177651,-6.4889449077614,3.));
#7947=CARTESIAN_POINT('Ctrl Pts',(0.181174875752306,-6.49324251955861,3.));
#7948=CARTESIAN_POINT('Ctrl Pts',(0.178865027213272,-6.49753855717995,3.));
#7949=CARTESIAN_POINT('',(0.178865027213269,-6.49753855717994,0.));
#7950=CARTESIAN_POINT('',(0.178865027213269,-6.49753855717994,0.));
#7951=CARTESIAN_POINT('Ctrl Pts',(0.452562281830853,-5.61996328788771,0.));
#7952=CARTESIAN_POINT('Ctrl Pts',(0.452756037063718,-5.62245262741315,0.));
#7953=CARTESIAN_POINT('Ctrl Pts',(0.453083649024941,-5.62743339336405,0.));
#7954=CARTESIAN_POINT('Ctrl Pts',(0.453395372266455,-5.63491080298044,0.));
#7955=CARTESIAN_POINT('Ctrl Pts',(0.453468420176943,-5.64489291307797,0.));
#7956=CARTESIAN_POINT('Ctrl Pts',(0.453086604035009,-5.65738916590016,0.));
#7957=CARTESIAN_POINT('Ctrl Pts',(0.452357011671402,-5.66990163520683,0.));
#7958=CARTESIAN_POINT('Ctrl Pts',(0.451404543579666,-5.68242770059905,0.));
#7959=CARTESIAN_POINT('Ctrl Pts',(0.450324928629071,-5.69496493665854,0.));
#7960=CARTESIAN_POINT('Ctrl Pts',(0.44915806235978,-5.70751150507885,0.));
#7961=CARTESIAN_POINT('Ctrl Pts',(0.447904802839064,-5.72006602975779,0.));
#7962=CARTESIAN_POINT('Ctrl Pts',(0.446542029596369,-5.73262749339334,0.));
#7963=CARTESIAN_POINT('Ctrl Pts',(0.445038067069112,-5.74519512768093,0.));
#7964=CARTESIAN_POINT('Ctrl Pts',(0.44336851758395,-5.75776830374384,0.));
#7965=CARTESIAN_POINT('Ctrl Pts',(0.441530255269071,-5.77034643077497,0.));
#7966=CARTESIAN_POINT('Ctrl Pts',(0.439534094784962,-5.78292895974139,0.));
#7967=CARTESIAN_POINT('Ctrl Pts',(0.437398993226714,-5.79551537916548,0.));
#7968=CARTESIAN_POINT('Ctrl Pts',(0.435145825883281,-5.80810521391617,0.));
#7969=CARTESIAN_POINT('Ctrl Pts',(0.432791014984204,-5.8206980228311,0.));
#7970=CARTESIAN_POINT('Ctrl Pts',(0.430341193077549,-5.83329339660781,0.));
#7971=CARTESIAN_POINT('Ctrl Pts',(0.427796544540829,-5.84589095324612,0.));
#7972=CARTESIAN_POINT('Ctrl Pts',(0.425153318064403,-5.85849033378644,0.));
#7973=CARTESIAN_POINT('Ctrl Pts',(0.422406576337227,-5.87109119802239,0.));
#7974=CARTESIAN_POINT('Ctrl Pts',(0.419553020381936,-5.88369322006151,0.));
#7975=CARTESIAN_POINT('Ctrl Pts',(0.416593259215902,-5.89629608448538,0.));
#7976=CARTESIAN_POINT('Ctrl Pts',(0.41353035821569,-5.90889948623663,0.));
#7977=CARTESIAN_POINT('Ctrl Pts',(0.41036880706752,-5.92150313008874,0.));
#7978=CARTESIAN_POINT('Ctrl Pts',(0.407113364802789,-5.93410673027444,0.));
#7979=CARTESIAN_POINT('Ctrl Pts',(0.403767873530294,-5.9467100100856,0.));
#7980=CARTESIAN_POINT('Ctrl Pts',(0.400334339709458,-5.95931270141557,0.));
#7981=CARTESIAN_POINT('Ctrl Pts',(0.396813578788784,-5.97191454380543,0.));
#7982=CARTESIAN_POINT('Ctrl Pts',(0.393205666145236,-5.98451528355985,0.));
#7983=CARTESIAN_POINT('Ctrl Pts',(0.389510445900183,-5.99711467286903,0.));
#7984=CARTESIAN_POINT('Ctrl Pts',(0.385728054750594,-6.00971246890214,0.));
#7985=CARTESIAN_POINT('Ctrl Pts',(0.38185932147127,-6.02230843305678,0.));
#7986=CARTESIAN_POINT('Ctrl Pts',(0.37790549257611,-6.03490233093356,0.));
#7987=CARTESIAN_POINT('Ctrl Pts',(0.373868046733522,-6.04749393223552,0.));
#7988=CARTESIAN_POINT('Ctrl Pts',(0.369748482852616,-6.06008301070399,0.));
#7989=CARTESIAN_POINT('Ctrl Pts',(0.365548103113839,-6.07266934409154,0.));
#7990=CARTESIAN_POINT('Ctrl Pts',(0.361267849764494,-6.08525271405218,0.));
#7991=CARTESIAN_POINT('Ctrl Pts',(0.35690842576602,-6.09783290555823,0.));
#7992=CARTESIAN_POINT('Ctrl Pts',(0.352470378047056,-6.11040970639233,0.));
#7993=CARTESIAN_POINT('Ctrl Pts',(0.347954192521333,-6.12298290665924,0.));
#7994=CARTESIAN_POINT('Ctrl Pts',(0.343360391940972,-6.13555229826511,0.));
#7995=CARTESIAN_POINT('Ctrl Pts',(0.338689610947032,-6.14811767459578,0.));
#7996=CARTESIAN_POINT('Ctrl Pts',(0.333942545171941,-6.16067883107219,0.));
#7997=CARTESIAN_POINT('Ctrl Pts',(0.32911991733535,-6.17323556563879,0.));
#7998=CARTESIAN_POINT('Ctrl Pts',(0.324222438534817,-6.18578767926202,0.));
#7999=CARTESIAN_POINT('Ctrl Pts',(0.319250769299667,-6.19833497657649,0.));
#8000=CARTESIAN_POINT('Ctrl Pts',(0.314205489736569,-6.21087726616404,0.));
#8001=CARTESIAN_POINT('Ctrl Pts',(0.309087122486442,-6.22341435881045,0.));
#8002=CARTESIAN_POINT('Ctrl Pts',(0.303896149528674,-6.23594606600406,0.));
#8003=CARTESIAN_POINT('Ctrl Pts',(0.298633031267191,-6.24847219847188,0.));
#8004=CARTESIAN_POINT('Ctrl Pts',(0.293298226499643,-6.26099256452244,0.));
#8005=CARTESIAN_POINT('Ctrl Pts',(0.287892208538822,-6.27350696914566,0.));
#8006=CARTESIAN_POINT('Ctrl Pts',(0.282415453169069,-6.28601521754838,0.));
#8007=CARTESIAN_POINT('Ctrl Pts',(0.276868430164238,-6.29851711830459,0.));
#8008=CARTESIAN_POINT('Ctrl Pts',(0.271251594201757,-6.31101248652181,0.));
#8009=CARTESIAN_POINT('Ctrl Pts',(0.265565375913197,-6.32350114747573,0.));
#8010=CARTESIAN_POINT('Ctrl Pts',(0.259810175185615,-6.33598293888369,0.));
#8011=CARTESIAN_POINT('Ctrl Pts',(0.253986371024776,-6.34845770246617,0.));
#8012=CARTESIAN_POINT('Ctrl Pts',(0.248094330288935,-6.36092527645804,0.));
#8013=CARTESIAN_POINT('Ctrl Pts',(0.242134417057254,-6.37338548807871,0.));
#8014=CARTESIAN_POINT('Ctrl Pts',(0.236107002868635,-6.38583814542031,0.));
#8015=CARTESIAN_POINT('Ctrl Pts',(0.230012475259791,-6.39828303145012,0.));
#8016=CARTESIAN_POINT('Ctrl Pts',(0.223851222782677,-6.41071992166824,0.));
#8017=CARTESIAN_POINT('Ctrl Pts',(0.217623622108584,-6.42314860015025,0.));
#8018=CARTESIAN_POINT('Ctrl Pts',(0.211330024857559,-6.43556887608757,0.));
#8019=CARTESIAN_POINT('Ctrl Pts',(0.204970744889204,-6.44798060062272,0.));
#8020=CARTESIAN_POINT('Ctrl Pts',(0.198546046172803,-6.46038368249619,0.));
#8021=CARTESIAN_POINT('Ctrl Pts',(0.192056139485646,-6.47277807385054,0.));
#8022=CARTESIAN_POINT('Ctrl Pts',(0.186812171116629,-6.4826866206798,0.));
#8023=CARTESIAN_POINT('Ctrl Pts',(0.182849963235317,-6.49011411228869,0.));
#8024=CARTESIAN_POINT('Ctrl Pts',(0.180195503805463,-6.49506403237982,0.));
#8025=CARTESIAN_POINT('Ctrl Pts',(0.178865027213272,-6.49753855717995,0.));
#8026=CARTESIAN_POINT('Origin',(-1.73472347592632E-17,2.62345700718924E-12,
0.));
#8027=CARTESIAN_POINT('',(-0.178865027213273,-6.49753855717994,3.));
#8028=CARTESIAN_POINT('Origin',(-1.73472347592632E-17,2.62345700718924E-12,
3.));
#8029=CARTESIAN_POINT('',(-0.178865027213274,-6.49753855717994,0.));
#8030=CARTESIAN_POINT('',(-0.178865027213274,-6.49753855717994,0.));
#8031=CARTESIAN_POINT('Origin',(-1.73472347592632E-17,2.62345700718924E-12,
0.));
#8032=CARTESIAN_POINT('Ctrl Pts',(-0.452562281830855,-5.61996328788771,
0.));
#8033=CARTESIAN_POINT('Ctrl Pts',(-0.452562281830855,-5.61996328788771,
5.));
#8034=CARTESIAN_POINT('Ctrl Pts',(-0.45275603706372,-5.62245262741315,0.));
#8035=CARTESIAN_POINT('Ctrl Pts',(-0.45275603706372,-5.62245262741315,5.));
#8036=CARTESIAN_POINT('Ctrl Pts',(-0.453083649024943,-5.62743339336405,
0.));
#8037=CARTESIAN_POINT('Ctrl Pts',(-0.453083649024943,-5.62743339336405,
5.));
#8038=CARTESIAN_POINT('Ctrl Pts',(-0.453395372266457,-5.63491080298044,
0.));
#8039=CARTESIAN_POINT('Ctrl Pts',(-0.453395372266457,-5.63491080298044,
5.));
#8040=CARTESIAN_POINT('Ctrl Pts',(-0.453468420176945,-5.64489291307798,
0.));
#8041=CARTESIAN_POINT('Ctrl Pts',(-0.453468420176945,-5.64489291307798,
5.));
#8042=CARTESIAN_POINT('Ctrl Pts',(-0.453086604035011,-5.65738916590016,
0.));
#8043=CARTESIAN_POINT('Ctrl Pts',(-0.453086604035011,-5.65738916590016,
5.));
#8044=CARTESIAN_POINT('Ctrl Pts',(-0.452357011671404,-5.66990163520683,
0.));
#8045=CARTESIAN_POINT('Ctrl Pts',(-0.452357011671404,-5.66990163520683,
5.));
#8046=CARTESIAN_POINT('Ctrl Pts',(-0.451404543579668,-5.68242770059906,
0.));
#8047=CARTESIAN_POINT('Ctrl Pts',(-0.451404543579668,-5.68242770059906,
5.));
#8048=CARTESIAN_POINT('Ctrl Pts',(-0.450324928629073,-5.69496493665854,
0.));
#8049=CARTESIAN_POINT('Ctrl Pts',(-0.450324928629073,-5.69496493665854,
5.));
#8050=CARTESIAN_POINT('Ctrl Pts',(-0.449158062359782,-5.70751150507885,
0.));
#8051=CARTESIAN_POINT('Ctrl Pts',(-0.449158062359782,-5.70751150507885,
5.));
#8052=CARTESIAN_POINT('Ctrl Pts',(-0.447904802839065,-5.72006602975779,
0.));
#8053=CARTESIAN_POINT('Ctrl Pts',(-0.447904802839065,-5.72006602975779,
5.));
#8054=CARTESIAN_POINT('Ctrl Pts',(-0.446542029596372,-5.73262749339334,
0.));
#8055=CARTESIAN_POINT('Ctrl Pts',(-0.446542029596372,-5.73262749339334,
5.));
#8056=CARTESIAN_POINT('Ctrl Pts',(-0.445038067069114,-5.74519512768093,
0.));
#8057=CARTESIAN_POINT('Ctrl Pts',(-0.445038067069114,-5.74519512768093,
5.));
#8058=CARTESIAN_POINT('Ctrl Pts',(-0.443368517583952,-5.75776830374384,
0.));
#8059=CARTESIAN_POINT('Ctrl Pts',(-0.443368517583952,-5.75776830374384,
5.));
#8060=CARTESIAN_POINT('Ctrl Pts',(-0.441530255269073,-5.77034643077497,
0.));
#8061=CARTESIAN_POINT('Ctrl Pts',(-0.441530255269073,-5.77034643077497,
5.));
#8062=CARTESIAN_POINT('Ctrl Pts',(-0.439534094784963,-5.78292895974139,
0.));
#8063=CARTESIAN_POINT('Ctrl Pts',(-0.439534094784963,-5.78292895974139,
5.));
#8064=CARTESIAN_POINT('Ctrl Pts',(-0.437398993226715,-5.79551537916548,
0.));
#8065=CARTESIAN_POINT('Ctrl Pts',(-0.437398993226715,-5.79551537916548,
5.));
#8066=CARTESIAN_POINT('Ctrl Pts',(-0.435145825883283,-5.80810521391617,
0.));
#8067=CARTESIAN_POINT('Ctrl Pts',(-0.435145825883283,-5.80810521391617,
5.));
#8068=CARTESIAN_POINT('Ctrl Pts',(-0.432791014984206,-5.8206980228311,0.));
#8069=CARTESIAN_POINT('Ctrl Pts',(-0.432791014984206,-5.8206980228311,5.));
#8070=CARTESIAN_POINT('Ctrl Pts',(-0.430341193077551,-5.83329339660781,
0.));
#8071=CARTESIAN_POINT('Ctrl Pts',(-0.430341193077551,-5.83329339660781,
5.));
#8072=CARTESIAN_POINT('Ctrl Pts',(-0.427796544540831,-5.84589095324612,
0.));
#8073=CARTESIAN_POINT('Ctrl Pts',(-0.427796544540831,-5.84589095324612,
5.));
#8074=CARTESIAN_POINT('Ctrl Pts',(-0.425153318064405,-5.85849033378644,
0.));
#8075=CARTESIAN_POINT('Ctrl Pts',(-0.425153318064405,-5.85849033378644,
5.));
#8076=CARTESIAN_POINT('Ctrl Pts',(-0.422406576337229,-5.87109119802239,
0.));
#8077=CARTESIAN_POINT('Ctrl Pts',(-0.422406576337229,-5.87109119802239,
5.));
#8078=CARTESIAN_POINT('Ctrl Pts',(-0.419553020381938,-5.88369322006151,
0.));
#8079=CARTESIAN_POINT('Ctrl Pts',(-0.419553020381938,-5.88369322006151,
5.));
#8080=CARTESIAN_POINT('Ctrl Pts',(-0.416593259215904,-5.89629608448538,
0.));
#8081=CARTESIAN_POINT('Ctrl Pts',(-0.416593259215904,-5.89629608448538,
5.));
#8082=CARTESIAN_POINT('Ctrl Pts',(-0.413530358215691,-5.90889948623663,
0.));
#8083=CARTESIAN_POINT('Ctrl Pts',(-0.413530358215691,-5.90889948623663,
5.));
#8084=CARTESIAN_POINT('Ctrl Pts',(-0.410368807067522,-5.92150313008874,
0.));
#8085=CARTESIAN_POINT('Ctrl Pts',(-0.410368807067522,-5.92150313008874,
5.));
#8086=CARTESIAN_POINT('Ctrl Pts',(-0.407113364802791,-5.93410673027444,
0.));
#8087=CARTESIAN_POINT('Ctrl Pts',(-0.407113364802791,-5.93410673027444,
5.));
#8088=CARTESIAN_POINT('Ctrl Pts',(-0.403767873530295,-5.9467100100856,0.));
#8089=CARTESIAN_POINT('Ctrl Pts',(-0.403767873530295,-5.9467100100856,5.));
#8090=CARTESIAN_POINT('Ctrl Pts',(-0.40033433970946,-5.95931270141556,0.));
#8091=CARTESIAN_POINT('Ctrl Pts',(-0.40033433970946,-5.95931270141556,5.));
#8092=CARTESIAN_POINT('Ctrl Pts',(-0.396813578788786,-5.97191454380542,
0.));
#8093=CARTESIAN_POINT('Ctrl Pts',(-0.396813578788786,-5.97191454380542,
5.));
#8094=CARTESIAN_POINT('Ctrl Pts',(-0.393205666145238,-5.98451528355985,
0.));
#8095=CARTESIAN_POINT('Ctrl Pts',(-0.393205666145238,-5.98451528355985,
5.));
#8096=CARTESIAN_POINT('Ctrl Pts',(-0.389510445900184,-5.99711467286903,
0.));
#8097=CARTESIAN_POINT('Ctrl Pts',(-0.389510445900184,-5.99711467286903,
5.));
#8098=CARTESIAN_POINT('Ctrl Pts',(-0.385728054750596,-6.00971246890214,
0.));
#8099=CARTESIAN_POINT('Ctrl Pts',(-0.385728054750596,-6.00971246890214,
5.));
#8100=CARTESIAN_POINT('Ctrl Pts',(-0.381859321471272,-6.02230843305678,
0.));
#8101=CARTESIAN_POINT('Ctrl Pts',(-0.381859321471272,-6.02230843305678,
5.));
#8102=CARTESIAN_POINT('Ctrl Pts',(-0.377905492576112,-6.03490233093356,
0.));
#8103=CARTESIAN_POINT('Ctrl Pts',(-0.377905492576112,-6.03490233093356,
5.));
#8104=CARTESIAN_POINT('Ctrl Pts',(-0.373868046733525,-6.04749393223552,
0.));
#8105=CARTESIAN_POINT('Ctrl Pts',(-0.373868046733525,-6.04749393223552,
5.));
#8106=CARTESIAN_POINT('Ctrl Pts',(-0.369748482852618,-6.06008301070398,
0.));
#8107=CARTESIAN_POINT('Ctrl Pts',(-0.369748482852618,-6.06008301070398,
5.));
#8108=CARTESIAN_POINT('Ctrl Pts',(-0.365548103113841,-6.07266934409155,
0.));
#8109=CARTESIAN_POINT('Ctrl Pts',(-0.365548103113841,-6.07266934409155,
5.));
#8110=CARTESIAN_POINT('Ctrl Pts',(-0.361267849764497,-6.08525271405218,
0.));
#8111=CARTESIAN_POINT('Ctrl Pts',(-0.361267849764497,-6.08525271405218,
5.));
#8112=CARTESIAN_POINT('Ctrl Pts',(-0.356908425766022,-6.09783290555823,
0.));
#8113=CARTESIAN_POINT('Ctrl Pts',(-0.356908425766022,-6.09783290555823,
5.));
#8114=CARTESIAN_POINT('Ctrl Pts',(-0.352470378047058,-6.11040970639233,
0.));
#8115=CARTESIAN_POINT('Ctrl Pts',(-0.352470378047058,-6.11040970639233,
5.));
#8116=CARTESIAN_POINT('Ctrl Pts',(-0.347954192521335,-6.12298290665924,
0.));
#8117=CARTESIAN_POINT('Ctrl Pts',(-0.347954192521335,-6.12298290665924,
5.));
#8118=CARTESIAN_POINT('Ctrl Pts',(-0.343360391940974,-6.13555229826511,
0.));
#8119=CARTESIAN_POINT('Ctrl Pts',(-0.343360391940974,-6.13555229826511,
5.));
#8120=CARTESIAN_POINT('Ctrl Pts',(-0.338689610947034,-6.14811767459578,
0.));
#8121=CARTESIAN_POINT('Ctrl Pts',(-0.338689610947034,-6.14811767459578,
5.));
#8122=CARTESIAN_POINT('Ctrl Pts',(-0.333942545171943,-6.16067883107219,
0.));
#8123=CARTESIAN_POINT('Ctrl Pts',(-0.333942545171943,-6.16067883107219,
5.));
#8124=CARTESIAN_POINT('Ctrl Pts',(-0.329119917335351,-6.17323556563879,
0.));
#8125=CARTESIAN_POINT('Ctrl Pts',(-0.329119917335351,-6.17323556563879,
5.));
#8126=CARTESIAN_POINT('Ctrl Pts',(-0.324222438534819,-6.18578767926202,
0.));
#8127=CARTESIAN_POINT('Ctrl Pts',(-0.324222438534819,-6.18578767926202,
5.));
#8128=CARTESIAN_POINT('Ctrl Pts',(-0.319250769299669,-6.19833497657649,
0.));
#8129=CARTESIAN_POINT('Ctrl Pts',(-0.319250769299669,-6.19833497657649,
5.));
#8130=CARTESIAN_POINT('Ctrl Pts',(-0.314205489736571,-6.21087726616404,
0.));
#8131=CARTESIAN_POINT('Ctrl Pts',(-0.314205489736571,-6.21087726616404,
5.));
#8132=CARTESIAN_POINT('Ctrl Pts',(-0.309087122486444,-6.22341435881045,
0.));
#8133=CARTESIAN_POINT('Ctrl Pts',(-0.309087122486444,-6.22341435881045,
5.));
#8134=CARTESIAN_POINT('Ctrl Pts',(-0.303896149528676,-6.23594606600406,
0.));
#8135=CARTESIAN_POINT('Ctrl Pts',(-0.303896149528676,-6.23594606600406,
5.));
#8136=CARTESIAN_POINT('Ctrl Pts',(-0.298633031267193,-6.24847219847188,
0.));
#8137=CARTESIAN_POINT('Ctrl Pts',(-0.298633031267193,-6.24847219847188,
5.));
#8138=CARTESIAN_POINT('Ctrl Pts',(-0.293298226499645,-6.26099256452244,
0.));
#8139=CARTESIAN_POINT('Ctrl Pts',(-0.293298226499645,-6.26099256452244,
5.));
#8140=CARTESIAN_POINT('Ctrl Pts',(-0.287892208538824,-6.27350696914566,
0.));
#8141=CARTESIAN_POINT('Ctrl Pts',(-0.287892208538824,-6.27350696914566,
5.));
#8142=CARTESIAN_POINT('Ctrl Pts',(-0.282415453169071,-6.28601521754838,
0.));
#8143=CARTESIAN_POINT('Ctrl Pts',(-0.282415453169071,-6.28601521754838,
5.));
#8144=CARTESIAN_POINT('Ctrl Pts',(-0.27686843016424,-6.29851711830459,0.));
#8145=CARTESIAN_POINT('Ctrl Pts',(-0.27686843016424,-6.29851711830459,5.));
#8146=CARTESIAN_POINT('Ctrl Pts',(-0.271251594201758,-6.31101248652181,
0.));
#8147=CARTESIAN_POINT('Ctrl Pts',(-0.271251594201758,-6.31101248652181,
5.));
#8148=CARTESIAN_POINT('Ctrl Pts',(-0.265565375913199,-6.32350114747573,
0.));
#8149=CARTESIAN_POINT('Ctrl Pts',(-0.265565375913199,-6.32350114747573,
5.));
#8150=CARTESIAN_POINT('Ctrl Pts',(-0.259810175185617,-6.33598293888369,
0.));
#8151=CARTESIAN_POINT('Ctrl Pts',(-0.259810175185617,-6.33598293888369,
5.));
#8152=CARTESIAN_POINT('Ctrl Pts',(-0.253986371024778,-6.34845770246617,
0.));
#8153=CARTESIAN_POINT('Ctrl Pts',(-0.253986371024778,-6.34845770246617,
5.));
#8154=CARTESIAN_POINT('Ctrl Pts',(-0.248094330288937,-6.36092527645804,
0.));
#8155=CARTESIAN_POINT('Ctrl Pts',(-0.248094330288937,-6.36092527645804,
5.));
#8156=CARTESIAN_POINT('Ctrl Pts',(-0.242134417057256,-6.37338548807871,
0.));
#8157=CARTESIAN_POINT('Ctrl Pts',(-0.242134417057256,-6.37338548807871,
5.));
#8158=CARTESIAN_POINT('Ctrl Pts',(-0.236107002868637,-6.38583814542031,
0.));
#8159=CARTESIAN_POINT('Ctrl Pts',(-0.236107002868637,-6.38583814542031,
5.));
#8160=CARTESIAN_POINT('Ctrl Pts',(-0.230012475259793,-6.39828303145012,
0.));
#8161=CARTESIAN_POINT('Ctrl Pts',(-0.230012475259793,-6.39828303145012,
5.));
#8162=CARTESIAN_POINT('Ctrl Pts',(-0.223851222782679,-6.41071992166824,
0.));
#8163=CARTESIAN_POINT('Ctrl Pts',(-0.223851222782679,-6.41071992166824,
5.));
#8164=CARTESIAN_POINT('Ctrl Pts',(-0.217623622108586,-6.42314860015025,
0.));
#8165=CARTESIAN_POINT('Ctrl Pts',(-0.217623622108586,-6.42314860015025,
5.));
#8166=CARTESIAN_POINT('Ctrl Pts',(-0.211330024857561,-6.43556887608757,
0.));
#8167=CARTESIAN_POINT('Ctrl Pts',(-0.211330024857561,-6.43556887608757,
5.));
#8168=CARTESIAN_POINT('Ctrl Pts',(-0.204970744889206,-6.44798060062272,
0.));
#8169=CARTESIAN_POINT('Ctrl Pts',(-0.204970744889206,-6.44798060062272,
5.));
#8170=CARTESIAN_POINT('Ctrl Pts',(-0.198546046172804,-6.46038368249619,
0.));
#8171=CARTESIAN_POINT('Ctrl Pts',(-0.198546046172804,-6.46038368249619,
5.));
#8172=CARTESIAN_POINT('Ctrl Pts',(-0.192056139485648,-6.47277807385054,
0.));
#8173=CARTESIAN_POINT('Ctrl Pts',(-0.192056139485648,-6.47277807385054,
5.));
#8174=CARTESIAN_POINT('Ctrl Pts',(-0.186812171116631,-6.4826866206798,0.));
#8175=CARTESIAN_POINT('Ctrl Pts',(-0.186812171116631,-6.4826866206798,5.));
#8176=CARTESIAN_POINT('Ctrl Pts',(-0.182849963235319,-6.49011411228869,
0.));
#8177=CARTESIAN_POINT('Ctrl Pts',(-0.182849963235319,-6.49011411228869,
5.));
#8178=CARTESIAN_POINT('Ctrl Pts',(-0.180195503805465,-6.49506403237982,
0.));
#8179=CARTESIAN_POINT('Ctrl Pts',(-0.180195503805465,-6.49506403237982,
5.));
#8180=CARTESIAN_POINT('Ctrl Pts',(-0.178865027213274,-6.49753855717994,
0.));
#8181=CARTESIAN_POINT('Ctrl Pts',(-0.178865027213274,-6.49753855717994,
5.));
#8182=CARTESIAN_POINT('Ctrl Pts',(-0.178865027213274,-6.49753855717994,
3.));
#8183=CARTESIAN_POINT('Ctrl Pts',(-0.19770303208792,-6.46250215705033,3.));
#8184=CARTESIAN_POINT('Ctrl Pts',(-0.215763804292479,-6.42735883791001,
3.));
#8185=CARTESIAN_POINT('Ctrl Pts',(-0.233022753034973,-6.392118045653,3.));
#8186=CARTESIAN_POINT('Ctrl Pts',(-0.25795429559822,-6.3412106975157,3.));
#8187=CARTESIAN_POINT('Ctrl Pts',(-0.281209115344339,-6.2901065712844,3.));
#8188=CARTESIAN_POINT('Ctrl Pts',(-0.302659616654605,-6.23886052150093,
3.));
#8189=CARTESIAN_POINT('Ctrl Pts',(-0.324173447520423,-6.187463175041,3.));
#8190=CARTESIAN_POINT('Ctrl Pts',(-0.343875339720495,-6.13592323541917,
3.));
#8191=CARTESIAN_POINT('Ctrl Pts',(-0.361573730598939,-6.08430269702132,
3.));
#8192=CARTESIAN_POINT('Ctrl Pts',(-0.372761006720971,-6.05167299522578,
3.));
#8193=CARTESIAN_POINT('Ctrl Pts',(-0.383152869319599,-6.01901119706681,
3.));
#8194=CARTESIAN_POINT('Ctrl Pts',(-0.39265540138785,-5.98633521806695,3.));
#8195=CARTESIAN_POINT('Ctrl Pts',(-0.398149974120505,-5.9674412493925,3.));
#8196=CARTESIAN_POINT('Ctrl Pts',(-0.403353392719759,-5.94854257244555,
3.));
#8197=CARTESIAN_POINT('Ctrl Pts',(-0.40825392903393,-5.92964310563758,3.));
#8198=CARTESIAN_POINT('Ctrl Pts',(-0.412287735735301,-5.91408627859359,
3.));
#8199=CARTESIAN_POINT('Ctrl Pts',(-0.416112246250709,-5.89852891986186,
3.));
#8200=CARTESIAN_POINT('Ctrl Pts',(-0.41969235412602,-5.88297350544475,3.));
#8201=CARTESIAN_POINT('Ctrl Pts',(-0.423990135823454,-5.86429982920195,
3.));
#8202=CARTESIAN_POINT('Ctrl Pts',(-0.42793048421561,-5.84562891489887,3.));
#8203=CARTESIAN_POINT('Ctrl Pts',(-0.431560124998199,-5.82696572977633,
3.));
#8204=CARTESIAN_POINT('Ctrl Pts',(-0.433627667245777,-5.8163346712153,3.));
#8205=CARTESIAN_POINT('Ctrl Pts',(-0.435597959599351,-5.80570613468062,
3.));
#8206=CARTESIAN_POINT('Ctrl Pts',(-0.437445133399406,-5.79508125292285,
3.));
#8207=CARTESIAN_POINT('Ctrl Pts',(-0.439352992711593,-5.78410731013423,
3.));
#8208=CARTESIAN_POINT('Ctrl Pts',(-0.441123119658273,-5.77313726178235,
3.));
#8209=CARTESIAN_POINT('Ctrl Pts',(-0.442702355963757,-5.76217261670972,
3.));
#8210=CARTESIAN_POINT('Ctrl Pts',(-0.44394915594736,-5.75351607857841,3.));
#8211=CARTESIAN_POINT('Ctrl Pts',(-0.445074979166951,-5.74486291271238,
3.));
#8212=CARTESIAN_POINT('Ctrl Pts',(-0.446091376228736,-5.73621399729989,
3.));
#8213=CARTESIAN_POINT('Ctrl Pts',(-0.447234048470154,-5.72649055758149,
3.));
#8214=CARTESIAN_POINT('Ctrl Pts',(-0.448245306431927,-5.71677242161029,
3.));
#8215=CARTESIAN_POINT('Ctrl Pts',(-0.449179827159357,-5.70706141853338,
3.));
#8216=CARTESIAN_POINT('Ctrl Pts',(-0.44988071770493,-5.69977816622569,3.));
#8217=CARTESIAN_POINT('Ctrl Pts',(-0.450540618395,-5.69249892975528,3.));
#8218=CARTESIAN_POINT('Ctrl Pts',(-0.4511437179691,-5.68522509242992,3.));
#8219=CARTESIAN_POINT('Ctrl Pts',(-0.451735317706275,-5.67808995184162,
3.));
#8220=CARTESIAN_POINT('Ctrl Pts',(-0.452272389791502,-5.67096001712216,
3.));
#8221=CARTESIAN_POINT('Ctrl Pts',(-0.452675415615606,-5.66383727702177,
3.));
#8222=CARTESIAN_POINT('Ctrl Pts',(-0.453090192791921,-5.6565068533869,3.));
#8223=CARTESIAN_POINT('Ctrl Pts',(-0.453358068340051,-5.64918412343049,
3.));
#8224=CARTESIAN_POINT('Ctrl Pts',(-0.453369297084358,-5.64187123218136,
3.));
#8225=CARTESIAN_POINT('Ctrl Pts',(-0.453378981295328,-5.63556424186054,
3.));
#8226=CARTESIAN_POINT('Ctrl Pts',(-0.453195429746275,-5.62926459804152,
3.));
#8227=CARTESIAN_POINT('Ctrl Pts',(-0.452779000238542,-5.62297301127586,
3.));
#8228=CARTESIAN_POINT('Ctrl Pts',(-0.452712583959604,-5.62196956705823,
3.));
#8229=CARTESIAN_POINT('Ctrl Pts',(-0.452640352275265,-5.62096632579366,
3.));
#8230=CARTESIAN_POINT('Ctrl Pts',(-0.452562281830855,-5.61996328788771,
3.));
#8231=CARTESIAN_POINT('Ctrl Pts',(-0.452562281830855,-5.61996328788771,
0.));
#8232=CARTESIAN_POINT('Ctrl Pts',(-0.45275603706372,-5.62245262741315,0.));
#8233=CARTESIAN_POINT('Ctrl Pts',(-0.453083649024943,-5.62743339336405,
0.));
#8234=CARTESIAN_POINT('Ctrl Pts',(-0.453395372266457,-5.63491080298044,
0.));
#8235=CARTESIAN_POINT('Ctrl Pts',(-0.453468420176945,-5.64489291307798,
0.));
#8236=CARTESIAN_POINT('Ctrl Pts',(-0.453086604035011,-5.65738916590016,
0.));
#8237=CARTESIAN_POINT('Ctrl Pts',(-0.452357011671404,-5.66990163520683,
0.));
#8238=CARTESIAN_POINT('Ctrl Pts',(-0.451404543579668,-5.68242770059906,
0.));
#8239=CARTESIAN_POINT('Ctrl Pts',(-0.450324928629073,-5.69496493665854,
0.));
#8240=CARTESIAN_POINT('Ctrl Pts',(-0.449158062359782,-5.70751150507885,
0.));
#8241=CARTESIAN_POINT('Ctrl Pts',(-0.447904802839065,-5.72006602975779,
0.));
#8242=CARTESIAN_POINT('Ctrl Pts',(-0.446542029596372,-5.73262749339334,
0.));
#8243=CARTESIAN_POINT('Ctrl Pts',(-0.445038067069114,-5.74519512768093,
0.));
#8244=CARTESIAN_POINT('Ctrl Pts',(-0.443368517583952,-5.75776830374384,
0.));
#8245=CARTESIAN_POINT('Ctrl Pts',(-0.441530255269073,-5.77034643077497,
0.));
#8246=CARTESIAN_POINT('Ctrl Pts',(-0.439534094784963,-5.78292895974139,
0.));
#8247=CARTESIAN_POINT('Ctrl Pts',(-0.437398993226715,-5.79551537916548,
0.));
#8248=CARTESIAN_POINT('Ctrl Pts',(-0.435145825883283,-5.80810521391617,
0.));
#8249=CARTESIAN_POINT('Ctrl Pts',(-0.432791014984206,-5.8206980228311,0.));
#8250=CARTESIAN_POINT('Ctrl Pts',(-0.430341193077551,-5.83329339660781,
0.));
#8251=CARTESIAN_POINT('Ctrl Pts',(-0.427796544540831,-5.84589095324612,
0.));
#8252=CARTESIAN_POINT('Ctrl Pts',(-0.425153318064405,-5.85849033378644,
0.));
#8253=CARTESIAN_POINT('Ctrl Pts',(-0.422406576337229,-5.87109119802239,
0.));
#8254=CARTESIAN_POINT('Ctrl Pts',(-0.419553020381938,-5.88369322006151,
0.));
#8255=CARTESIAN_POINT('Ctrl Pts',(-0.416593259215904,-5.89629608448538,
0.));
#8256=CARTESIAN_POINT('Ctrl Pts',(-0.413530358215691,-5.90889948623663,
0.));
#8257=CARTESIAN_POINT('Ctrl Pts',(-0.410368807067522,-5.92150313008874,
0.));
#8258=CARTESIAN_POINT('Ctrl Pts',(-0.407113364802791,-5.93410673027444,
0.));
#8259=CARTESIAN_POINT('Ctrl Pts',(-0.403767873530295,-5.9467100100856,0.));
#8260=CARTESIAN_POINT('Ctrl Pts',(-0.40033433970946,-5.95931270141556,0.));
#8261=CARTESIAN_POINT('Ctrl Pts',(-0.396813578788786,-5.97191454380542,
0.));
#8262=CARTESIAN_POINT('Ctrl Pts',(-0.393205666145238,-5.98451528355985,
0.));
#8263=CARTESIAN_POINT('Ctrl Pts',(-0.389510445900184,-5.99711467286903,
0.));
#8264=CARTESIAN_POINT('Ctrl Pts',(-0.385728054750596,-6.00971246890214,
0.));
#8265=CARTESIAN_POINT('Ctrl Pts',(-0.381859321471272,-6.02230843305678,
0.));
#8266=CARTESIAN_POINT('Ctrl Pts',(-0.377905492576112,-6.03490233093356,
0.));
#8267=CARTESIAN_POINT('Ctrl Pts',(-0.373868046733525,-6.04749393223552,
0.));
#8268=CARTESIAN_POINT('Ctrl Pts',(-0.369748482852618,-6.06008301070398,
0.));
#8269=CARTESIAN_POINT('Ctrl Pts',(-0.365548103113841,-6.07266934409155,
0.));
#8270=CARTESIAN_POINT('Ctrl Pts',(-0.361267849764497,-6.08525271405218,
0.));
#8271=CARTESIAN_POINT('Ctrl Pts',(-0.356908425766022,-6.09783290555823,
0.));
#8272=CARTESIAN_POINT('Ctrl Pts',(-0.352470378047058,-6.11040970639233,
0.));
#8273=CARTESIAN_POINT('Ctrl Pts',(-0.347954192521335,-6.12298290665924,
0.));
#8274=CARTESIAN_POINT('Ctrl Pts',(-0.343360391940974,-6.13555229826511,
0.));
#8275=CARTESIAN_POINT('Ctrl Pts',(-0.338689610947034,-6.14811767459578,
0.));
#8276=CARTESIAN_POINT('Ctrl Pts',(-0.333942545171943,-6.16067883107219,
0.));
#8277=CARTESIAN_POINT('Ctrl Pts',(-0.329119917335351,-6.17323556563879,
0.));
#8278=CARTESIAN_POINT('Ctrl Pts',(-0.324222438534819,-6.18578767926202,
0.));
#8279=CARTESIAN_POINT('Ctrl Pts',(-0.319250769299669,-6.19833497657649,
0.));
#8280=CARTESIAN_POINT('Ctrl Pts',(-0.314205489736571,-6.21087726616404,
0.));
#8281=CARTESIAN_POINT('Ctrl Pts',(-0.309087122486444,-6.22341435881045,
0.));
#8282=CARTESIAN_POINT('Ctrl Pts',(-0.303896149528676,-6.23594606600406,
0.));
#8283=CARTESIAN_POINT('Ctrl Pts',(-0.298633031267193,-6.24847219847188,
0.));
#8284=CARTESIAN_POINT('Ctrl Pts',(-0.293298226499645,-6.26099256452244,
0.));
#8285=CARTESIAN_POINT('Ctrl Pts',(-0.287892208538824,-6.27350696914566,
0.));
#8286=CARTESIAN_POINT('Ctrl Pts',(-0.282415453169071,-6.28601521754838,
0.));
#8287=CARTESIAN_POINT('Ctrl Pts',(-0.27686843016424,-6.29851711830459,0.));
#8288=CARTESIAN_POINT('Ctrl Pts',(-0.271251594201758,-6.31101248652181,
0.));
#8289=CARTESIAN_POINT('Ctrl Pts',(-0.265565375913199,-6.32350114747573,
0.));
#8290=CARTESIAN_POINT('Ctrl Pts',(-0.259810175185617,-6.33598293888369,
0.));
#8291=CARTESIAN_POINT('Ctrl Pts',(-0.253986371024778,-6.34845770246617,
0.));
#8292=CARTESIAN_POINT('Ctrl Pts',(-0.248094330288937,-6.36092527645804,
0.));
#8293=CARTESIAN_POINT('Ctrl Pts',(-0.242134417057256,-6.37338548807871,
0.));
#8294=CARTESIAN_POINT('Ctrl Pts',(-0.236107002868637,-6.38583814542031,
0.));
#8295=CARTESIAN_POINT('Ctrl Pts',(-0.230012475259793,-6.39828303145012,
0.));
#8296=CARTESIAN_POINT('Ctrl Pts',(-0.223851222782679,-6.41071992166824,
0.));
#8297=CARTESIAN_POINT('Ctrl Pts',(-0.217623622108586,-6.42314860015025,
0.));
#8298=CARTESIAN_POINT('Ctrl Pts',(-0.211330024857561,-6.43556887608757,
0.));
#8299=CARTESIAN_POINT('Ctrl Pts',(-0.204970744889206,-6.44798060062272,
0.));
#8300=CARTESIAN_POINT('Ctrl Pts',(-0.198546046172804,-6.46038368249619,
0.));
#8301=CARTESIAN_POINT('Ctrl Pts',(-0.192056139485648,-6.47277807385054,
0.));
#8302=CARTESIAN_POINT('Ctrl Pts',(-0.186812171116631,-6.4826866206798,0.));
#8303=CARTESIAN_POINT('Ctrl Pts',(-0.182849963235319,-6.49011411228869,
0.));
#8304=CARTESIAN_POINT('Ctrl Pts',(-0.180195503805465,-6.49506403237982,
0.));
#8305=CARTESIAN_POINT('Ctrl Pts',(-0.178865027213274,-6.49753855717994,
0.));
#8306=CARTESIAN_POINT('Ctrl Pts',(-1.50891637568093,-6.32243397523469,0.));
#8307=CARTESIAN_POINT('Ctrl Pts',(-1.50891637568093,-6.32243397523469,5.));
#8308=CARTESIAN_POINT('Ctrl Pts',(-1.50699077983341,-6.32038812050359,0.));
#8309=CARTESIAN_POINT('Ctrl Pts',(-1.50699077983341,-6.32038812050359,5.));
#8310=CARTESIAN_POINT('Ctrl Pts',(-1.50314563532396,-6.31629388950439,0.));
#8311=CARTESIAN_POINT('Ctrl Pts',(-1.50314563532396,-6.31629388950439,5.));
#8312=CARTESIAN_POINT('Ctrl Pts',(-1.49739606011655,-6.31014497839516,0.));
#8313=CARTESIAN_POINT('Ctrl Pts',(-1.49739606011655,-6.31014497839516,5.));
#8314=CARTESIAN_POINT('Ctrl Pts',(-1.48976625500797,-6.3019312959976,0.));
#8315=CARTESIAN_POINT('Ctrl Pts',(-1.48976625500797,-6.3019312959976,5.));
#8316=CARTESIAN_POINT('Ctrl Pts',(-1.48028958199368,-6.29163894473887,0.));
#8317=CARTESIAN_POINT('Ctrl Pts',(-1.48028958199368,-6.29163894473887,5.));
#8318=CARTESIAN_POINT('Ctrl Pts',(-1.47087364577057,-6.28132132201856,0.));
#8319=CARTESIAN_POINT('Ctrl Pts',(-1.47087364577057,-6.28132132201856,5.));
#8320=CARTESIAN_POINT('Ctrl Pts',(-1.46151866232026,-6.27097841951022,0.));
#8321=CARTESIAN_POINT('Ctrl Pts',(-1.46151866232026,-6.27097841951022,5.));
#8322=CARTESIAN_POINT('Ctrl Pts',(-1.45222491023723,-6.2606102570435,0.));
#8323=CARTESIAN_POINT('Ctrl Pts',(-1.45222491023723,-6.2606102570435,5.));
#8324=CARTESIAN_POINT('Ctrl Pts',(-1.44299273121371,-6.25021689717083,0.));
#8325=CARTESIAN_POINT('Ctrl Pts',(-1.44299273121371,-6.25021689717083,5.));
#8326=CARTESIAN_POINT('Ctrl Pts',(-1.43382251427348,-6.23979843319319,0.));
#8327=CARTESIAN_POINT('Ctrl Pts',(-1.43382251427348,-6.23979843319319,5.));
#8328=CARTESIAN_POINT('Ctrl Pts',(-1.42471467913842,-6.22935497618784,0.));
#8329=CARTESIAN_POINT('Ctrl Pts',(-1.42471467913842,-6.22935497618784,5.));
#8330=CARTESIAN_POINT('Ctrl Pts',(-1.41566965922575,-6.2188866424404,0.));
#8331=CARTESIAN_POINT('Ctrl Pts',(-1.41566965922575,-6.2188866424404,5.));
#8332=CARTESIAN_POINT('Ctrl Pts',(-1.40668788503939,-6.20839354128648,0.));
#8333=CARTESIAN_POINT('Ctrl Pts',(-1.40668788503939,-6.20839354128648,5.));
#8334=CARTESIAN_POINT('Ctrl Pts',(-1.39776976512777,-6.19787576193353,0.));
#8335=CARTESIAN_POINT('Ctrl Pts',(-1.39776976512777,-6.19787576193353,5.));
#8336=CARTESIAN_POINT('Ctrl Pts',(-1.38891569588327,-6.18733337704413,0.));
#8337=CARTESIAN_POINT('Ctrl Pts',(-1.38891569588327,-6.18733337704413,5.));
#8338=CARTESIAN_POINT('Ctrl Pts',(-1.38012607353164,-6.17676644792151,0.));
#8339=CARTESIAN_POINT('Ctrl Pts',(-1.38012607353164,-6.17676644792151,5.));
#8340=CARTESIAN_POINT('Ctrl Pts',(-1.3714013051301,-6.16617502935804,0.));
#8341=CARTESIAN_POINT('Ctrl Pts',(-1.3714013051301,-6.16617502935804,5.));
#8342=CARTESIAN_POINT('Ctrl Pts',(-1.36274181894173,-6.15555917460835,0.));
#8343=CARTESIAN_POINT('Ctrl Pts',(-1.36274181894173,-6.15555917460835,5.));
#8344=CARTESIAN_POINT('Ctrl Pts',(-1.35414807614666,-6.14491894098749,0.));
#8345=CARTESIAN_POINT('Ctrl Pts',(-1.35414807614666,-6.14491894098749,5.));
#8346=CARTESIAN_POINT('Ctrl Pts',(-1.34562056378325,-6.13425438940872,0.));
#8347=CARTESIAN_POINT('Ctrl Pts',(-1.34562056378325,-6.13425438940872,5.));
#8348=CARTESIAN_POINT('Ctrl Pts',(-1.3371597851629,-6.12356558318895,0.));
#8349=CARTESIAN_POINT('Ctrl Pts',(-1.3371597851629,-6.12356558318895,5.));
#8350=CARTESIAN_POINT('Ctrl Pts',(-1.32876625027417,-6.11285258734186,0.));
#8351=CARTESIAN_POINT('Ctrl Pts',(-1.32876625027417,-6.11285258734186,5.));
#8352=CARTESIAN_POINT('Ctrl Pts',(-1.32044046677444,-6.10211546773038,0.));
#8353=CARTESIAN_POINT('Ctrl Pts',(-1.32044046677444,-6.10211546773038,5.));
#8354=CARTESIAN_POINT('Ctrl Pts',(-1.31218292744161,-6.09135429076866,0.));
#8355=CARTESIAN_POINT('Ctrl Pts',(-1.31218292744161,-6.09135429076866,5.));
#8356=CARTESIAN_POINT('Ctrl Pts',(-1.30399412597918,-6.08056912011908,0.));
#8357=CARTESIAN_POINT('Ctrl Pts',(-1.30399412597918,-6.08056912011908,5.));
#8358=CARTESIAN_POINT('Ctrl Pts',(-1.29587457673388,-6.06976001312446,0.));
#8359=CARTESIAN_POINT('Ctrl Pts',(-1.29587457673388,-6.06976001312446,5.));
#8360=CARTESIAN_POINT('Ctrl Pts',(-1.28782483351034,-6.0589270172823,0.));
#8361=CARTESIAN_POINT('Ctrl Pts',(-1.28782483351034,-6.0589270172823,5.));
#8362=CARTESIAN_POINT('Ctrl Pts',(-1.27984550619122,-6.04807016734567,0.));
#8363=CARTESIAN_POINT('Ctrl Pts',(-1.27984550619122,-6.04807016734567,5.));
#8364=CARTESIAN_POINT('Ctrl Pts',(-1.27193728336314,-6.03718948106548,0.));
#8365=CARTESIAN_POINT('Ctrl Pts',(-1.27193728336314,-6.03718948106548,5.));
#8366=CARTESIAN_POINT('Ctrl Pts',(-1.26410090340728,-6.0262849666478,0.));
#8367=CARTESIAN_POINT('Ctrl Pts',(-1.26410090340728,-6.0262849666478,5.));
#8368=CARTESIAN_POINT('Ctrl Pts',(-1.25633711671304,-6.01535663220971,0.));
#8369=CARTESIAN_POINT('Ctrl Pts',(-1.25633711671304,-6.01535663220971,5.));
#8370=CARTESIAN_POINT('Ctrl Pts',(-1.24864664815869,-6.00440449531646,0.));
#8371=CARTESIAN_POINT('Ctrl Pts',(-1.24864664815869,-6.00440449531646,5.));
#8372=CARTESIAN_POINT('Ctrl Pts',(-1.24103016423612,-5.99342859128481,0.));
#8373=CARTESIAN_POINT('Ctrl Pts',(-1.24103016423612,-5.99342859128481,5.));
#8374=CARTESIAN_POINT('Ctrl Pts',(-1.23348822374374,-5.9824289858198,0.));
#8375=CARTESIAN_POINT('Ctrl Pts',(-1.23348822374374,-5.9824289858198,5.));
#8376=CARTESIAN_POINT('Ctrl Pts',(-1.22602135036307,-5.97140575590094,0.));
#8377=CARTESIAN_POINT('Ctrl Pts',(-1.22602135036307,-5.97140575590094,5.));
#8378=CARTESIAN_POINT('Ctrl Pts',(-1.21863012731249,-5.96035896495888,0.));
#8379=CARTESIAN_POINT('Ctrl Pts',(-1.21863012731249,-5.96035896495888,5.));
#8380=CARTESIAN_POINT('Ctrl Pts',(-1.21131528925388,-5.94928863875461,0.));
#8381=CARTESIAN_POINT('Ctrl Pts',(-1.21131528925388,-5.94928863875461,5.));
#8382=CARTESIAN_POINT('Ctrl Pts',(-1.20407780284033,-5.93819474432264,0.));
#8383=CARTESIAN_POINT('Ctrl Pts',(-1.20407780284033,-5.93819474432264,5.));
#8384=CARTESIAN_POINT('Ctrl Pts',(-1.19691898340345,-5.92707715930837,0.));
#8385=CARTESIAN_POINT('Ctrl Pts',(-1.19691898340345,-5.92707715930837,5.));
#8386=CARTESIAN_POINT('Ctrl Pts',(-1.1898403373383,-5.91593571431468,0.));
#8387=CARTESIAN_POINT('Ctrl Pts',(-1.1898403373383,-5.91593571431468,5.));
#8388=CARTESIAN_POINT('Ctrl Pts',(-1.18284335253413,-5.90477024908382,0.));
#8389=CARTESIAN_POINT('Ctrl Pts',(-1.18284335253413,-5.90477024908382,5.));
#8390=CARTESIAN_POINT('Ctrl Pts',(-1.17592929369792,-5.89358066740665,0.));
#8391=CARTESIAN_POINT('Ctrl Pts',(-1.17592929369792,-5.89358066740665,5.));
#8392=CARTESIAN_POINT('Ctrl Pts',(-1.16909902311953,-5.88236698525272,0.));
#8393=CARTESIAN_POINT('Ctrl Pts',(-1.16909902311953,-5.88236698525272,5.));
#8394=CARTESIAN_POINT('Ctrl Pts',(-1.1623527356873,-5.87112940179879,0.));
#8395=CARTESIAN_POINT('Ctrl Pts',(-1.1623527356873,-5.87112940179879,5.));
#8396=CARTESIAN_POINT('Ctrl Pts',(-1.15569034497196,-5.85986819675512,0.));
#8397=CARTESIAN_POINT('Ctrl Pts',(-1.15569034497196,-5.85986819675512,5.));
#8398=CARTESIAN_POINT('Ctrl Pts',(-1.14911198944323,-5.84858359566359,0.));
#8399=CARTESIAN_POINT('Ctrl Pts',(-1.14911198944323,-5.84858359566359,5.));
#8400=CARTESIAN_POINT('Ctrl Pts',(-1.14261852417562,-5.83727563905459,0.));
#8401=CARTESIAN_POINT('Ctrl Pts',(-1.14261852417562,-5.83727563905459,5.));
#8402=CARTESIAN_POINT('Ctrl Pts',(-1.1362119566512,-5.82594406658934,0.));
#8403=CARTESIAN_POINT('Ctrl Pts',(-1.1362119566512,-5.82594406658934,5.));
#8404=CARTESIAN_POINT('Ctrl Pts',(-1.12989606967944,-5.81458815113645,0.));
#8405=CARTESIAN_POINT('Ctrl Pts',(-1.12989606967944,-5.81458815113645,5.));
#8406=CARTESIAN_POINT('Ctrl Pts',(-1.12367553409367,-5.80320693699794,0.));
#8407=CARTESIAN_POINT('Ctrl Pts',(-1.12367553409367,-5.80320693699794,5.));
#8408=CARTESIAN_POINT('Ctrl Pts',(-1.117554763008,-5.79179954732443,0.));
#8409=CARTESIAN_POINT('Ctrl Pts',(-1.117554763008,-5.79179954732443,5.));
#8410=CARTESIAN_POINT('Ctrl Pts',(-1.1115367963035,-5.78036548340087,0.));
#8411=CARTESIAN_POINT('Ctrl Pts',(-1.1115367963035,-5.78036548340087,5.));
#8412=CARTESIAN_POINT('Ctrl Pts',(-1.10562230388206,-5.76890489227278,0.));
#8413=CARTESIAN_POINT('Ctrl Pts',(-1.10562230388206,-5.76890489227278,5.));
#8414=CARTESIAN_POINT('Ctrl Pts',(-1.09980818352342,-5.75741894256626,0.));
#8415=CARTESIAN_POINT('Ctrl Pts',(-1.09980818352342,-5.75741894256626,5.));
#8416=CARTESIAN_POINT('Ctrl Pts',(-1.09408975420322,-5.74590924076557,0.));
#8417=CARTESIAN_POINT('Ctrl Pts',(-1.09408975420322,-5.74590924076557,5.));
#8418=CARTESIAN_POINT('Ctrl Pts',(-1.08846348534018,-5.73437710450943,0.));
#8419=CARTESIAN_POINT('Ctrl Pts',(-1.08846348534018,-5.73437710450943,5.));
#8420=CARTESIAN_POINT('Ctrl Pts',(-1.08292965389821,-5.72282285506128,0.));
#8421=CARTESIAN_POINT('Ctrl Pts',(-1.08292965389821,-5.72282285506128,5.));
#8422=CARTESIAN_POINT('Ctrl Pts',(-1.07749477236207,-5.71124517114716,0.));
#8423=CARTESIAN_POINT('Ctrl Pts',(-1.07749477236207,-5.71124517114716,5.));
#8424=CARTESIAN_POINT('Ctrl Pts',(-1.0721748175686,-5.69964022851143,0.));
#8425=CARTESIAN_POINT('Ctrl Pts',(-1.0721748175686,-5.69964022851143,5.));
#8426=CARTESIAN_POINT('Ctrl Pts',(-1.06699007647152,-5.6880030831731,0.));
#8427=CARTESIAN_POINT('Ctrl Pts',(-1.06699007647152,-5.6880030831731,5.));
#8428=CARTESIAN_POINT('Ctrl Pts',(-1.06195899259871,-5.67632932272437,0.));
#8429=CARTESIAN_POINT('Ctrl Pts',(-1.06195899259871,-5.67632932272437,5.));
#8430=CARTESIAN_POINT('Ctrl Pts',(-1.05709215421022,-5.66461667845023,0.));
#8431=CARTESIAN_POINT('Ctrl Pts',(-1.05709215421022,-5.66461667845023,5.));
#8432=CARTESIAN_POINT('Ctrl Pts',(-1.05238669485786,-5.65286653006167,0.));
#8433=CARTESIAN_POINT('Ctrl Pts',(-1.05238669485786,-5.65286653006167,5.));
#8434=CARTESIAN_POINT('Ctrl Pts',(-1.04781921096412,-5.64108579958946,0.));
#8435=CARTESIAN_POINT('Ctrl Pts',(-1.04781921096412,-5.64108579958946,5.));
#8436=CARTESIAN_POINT('Ctrl Pts',(-1.04335930513689,-5.62928342739771,0.));
#8437=CARTESIAN_POINT('Ctrl Pts',(-1.04335930513689,-5.62928342739771,5.));
#8438=CARTESIAN_POINT('Ctrl Pts',(-1.0389849080137,-5.6174663801428,0.));
#8439=CARTESIAN_POINT('Ctrl Pts',(-1.0389849080137,-5.6174663801428,5.));
#8440=CARTESIAN_POINT('Ctrl Pts',(-1.03469720458533,-5.60563576495326,0.));
#8441=CARTESIAN_POINT('Ctrl Pts',(-1.03469720458533,-5.60563576495326,5.));
#8442=CARTESIAN_POINT('Ctrl Pts',(-1.0305352067731,-5.59378303177112,0.));
#8443=CARTESIAN_POINT('Ctrl Pts',(-1.0305352067731,-5.59378303177112,5.));
#8444=CARTESIAN_POINT('Ctrl Pts',(-1.0265920093086,-5.58188574691602,0.));
#8445=CARTESIAN_POINT('Ctrl Pts',(-1.0265920093086,-5.58188574691602,5.));
#8446=CARTESIAN_POINT('Ctrl Pts',(-1.02298893501342,-5.56991411487249,0.));
#8447=CARTESIAN_POINT('Ctrl Pts',(-1.02298893501342,-5.56991411487249,5.));
#8448=CARTESIAN_POINT('Ctrl Pts',(-1.02047593367316,-5.56025323073798,0.));
#8449=CARTESIAN_POINT('Ctrl Pts',(-1.02047593367316,-5.56025323073798,5.));
#8450=CARTESIAN_POINT('Ctrl Pts',(-1.01884173918604,-5.55294992776407,0.));
#8451=CARTESIAN_POINT('Ctrl Pts',(-1.01884173918604,-5.55294992776407,5.));
#8452=CARTESIAN_POINT('Ctrl Pts',(-1.0178690709531,-5.54805408508242,0.));
#8453=CARTESIAN_POINT('Ctrl Pts',(-1.0178690709531,-5.54805408508242,5.));
#8454=CARTESIAN_POINT('Ctrl Pts',(-1.01741193565759,-5.54559942020005,0.));
#8455=CARTESIAN_POINT('Ctrl Pts',(-1.01741193565759,-5.54559942020005,5.));
#8456=CARTESIAN_POINT('',(-1.50891637568093,-6.32243397523469,3.));
#8457=CARTESIAN_POINT('Ctrl Pts',(-1.01741193565759,-5.54559942020005,3.));
#8458=CARTESIAN_POINT('Ctrl Pts',(-1.01859852427705,-5.55197100743615,3.));
#8459=CARTESIAN_POINT('Ctrl Pts',(-1.02002646240352,-5.55828676069161,3.));
#8460=CARTESIAN_POINT('Ctrl Pts',(-1.02166203463107,-5.56455507365545,3.));
#8461=CARTESIAN_POINT('Ctrl Pts',(-1.02390818809798,-5.57316343264941,3.));
#8462=CARTESIAN_POINT('Ctrl Pts',(-1.02654182556191,-5.58168338967424,3.));
#8463=CARTESIAN_POINT('Ctrl Pts',(-1.0293727154647,-5.59016194692297,3.));
#8464=CARTESIAN_POINT('Ctrl Pts',(-1.03152243396124,-5.59660038570633,3.));
#8465=CARTESIAN_POINT('Ctrl Pts',(-1.03378167115699,-5.60301600147238,3.));
#8466=CARTESIAN_POINT('Ctrl Pts',(-1.03608769363758,-5.60942386796134,3.));
#8467=CARTESIAN_POINT('Ctrl Pts',(-1.03855789388476,-5.61628794388348,3.));
#8468=CARTESIAN_POINT('Ctrl Pts',(-1.04108192449229,-5.62314307898412,3.));
#8469=CARTESIAN_POINT('Ctrl Pts',(-1.04364724269777,-5.62999124447773,3.));
#8470=CARTESIAN_POINT('Ctrl Pts',(-1.04763558294262,-5.64063819423362,3.));
#8471=CARTESIAN_POINT('Ctrl Pts',(-1.05172919471868,-5.65126678643957,3.));
#8472=CARTESIAN_POINT('Ctrl Pts',(-1.05601248758017,-5.66185160574662,3.));
#8473=CARTESIAN_POINT('Ctrl Pts',(-1.05947380045361,-5.67040515847234,3.));
#8474=CARTESIAN_POINT('Ctrl Pts',(-1.06306308302507,-5.67892910153016,3.));
#8475=CARTESIAN_POINT('Ctrl Pts',(-1.06677843825023,-5.68742290587686,3.));
#8476=CARTESIAN_POINT('Ctrl Pts',(-1.07240362590798,-5.70028284536655,3.));
#8477=CARTESIAN_POINT('Ctrl Pts',(-1.07830849959991,-5.71307616166283,3.));
#8478=CARTESIAN_POINT('Ctrl Pts',(-1.08438600520197,-5.72582858578437,3.));
#8479=CARTESIAN_POINT('Ctrl Pts',(-1.08987930792802,-5.73735517757668,3.));
#8480=CARTESIAN_POINT('Ctrl Pts',(-1.09551288210994,-5.74884858531229,3.));
#8481=CARTESIAN_POINT('Ctrl Pts',(-1.10128701194826,-5.76030699085389,3.));
#8482=CARTESIAN_POINT('Ctrl Pts',(-1.10769103538443,-5.7730153815005,3.));
#8483=CARTESIAN_POINT('Ctrl Pts',(-1.11427692149332,-5.78567832407561,3.));
#8484=CARTESIAN_POINT('Ctrl Pts',(-1.12105281613656,-5.79829160547378,3.));
#8485=CARTESIAN_POINT('Ctrl Pts',(-1.13013598716682,-5.8151998660393,3.));
#8486=CARTESIAN_POINT('Ctrl Pts',(-1.13955157066977,-5.83202128818045,3.));
#8487=CARTESIAN_POINT('Ctrl Pts',(-1.14924262936774,-5.84876682786402,3.));
#8488=CARTESIAN_POINT('Ctrl Pts',(-1.16229949195965,-5.87132826490514,3.));
#8489=CARTESIAN_POINT('Ctrl Pts',(-1.17586390996956,-5.89374993419419,3.));
#8490=CARTESIAN_POINT('Ctrl Pts',(-1.1899218133748,-5.91602647701646,3.));
#8491=CARTESIAN_POINT('Ctrl Pts',(-1.2042114303024,-5.93867019949949,3.));
#8492=CARTESIAN_POINT('Ctrl Pts',(-1.21900237980681,-5.96116628040794,3.));
#8493=CARTESIAN_POINT('Ctrl Pts',(-1.23425313028276,-5.98351725537482,3.));
#8494=CARTESIAN_POINT('Ctrl Pts',(-1.26135906758361,-6.02324278409685,3.));
#8495=CARTESIAN_POINT('Ctrl Pts',(-1.28993205657001,-6.06250574761878,3.));
#8496=CARTESIAN_POINT('Ctrl Pts',(-1.31983330892635,-6.1012999054316,3.));
#8497=CARTESIAN_POINT('Ctrl Pts',(-1.35079079462565,-6.14146443002724,3.));
#8498=CARTESIAN_POINT('Ctrl Pts',(-1.38317510482698,-6.1811252526734,3.));
#8499=CARTESIAN_POINT('Ctrl Pts',(-1.41687942143997,-6.22026791130931,3.));
#8500=CARTESIAN_POINT('Ctrl Pts',(-1.44342115586634,-6.25109227313173,3.));
#8501=CARTESIAN_POINT('Ctrl Pts',(-1.47078012233803,-6.28159324997298,3.));
#8502=CARTESIAN_POINT('Ctrl Pts',(-1.49892007044678,-6.31176483136395,3.));
#8503=CARTESIAN_POINT('Ctrl Pts',(-1.50224123325683,-6.31532577375264,3.));
#8504=CARTESIAN_POINT('Ctrl Pts',(-1.50557333698311,-6.31888215435545,3.));
#8505=CARTESIAN_POINT('Ctrl Pts',(-1.50891637568093,-6.32243397523469,3.));
#8506=CARTESIAN_POINT('',(-1.50891637568093,-6.32243397523469,0.));
#8507=CARTESIAN_POINT('',(-1.50891637568093,-6.32243397523469,0.));
#8508=CARTESIAN_POINT('Ctrl Pts',(-1.01741193565759,-5.54559942020005,0.));
#8509=CARTESIAN_POINT('Ctrl Pts',(-1.0178690709531,-5.54805408508242,0.));
#8510=CARTESIAN_POINT('Ctrl Pts',(-1.01884173918604,-5.55294992776407,0.));
#8511=CARTESIAN_POINT('Ctrl Pts',(-1.02047593367316,-5.56025323073798,0.));
#8512=CARTESIAN_POINT('Ctrl Pts',(-1.02298893501342,-5.56991411487249,0.));
#8513=CARTESIAN_POINT('Ctrl Pts',(-1.0265920093086,-5.58188574691602,0.));
#8514=CARTESIAN_POINT('Ctrl Pts',(-1.0305352067731,-5.59378303177112,0.));
#8515=CARTESIAN_POINT('Ctrl Pts',(-1.03469720458533,-5.60563576495326,0.));
#8516=CARTESIAN_POINT('Ctrl Pts',(-1.0389849080137,-5.6174663801428,0.));
#8517=CARTESIAN_POINT('Ctrl Pts',(-1.04335930513689,-5.62928342739771,0.));
#8518=CARTESIAN_POINT('Ctrl Pts',(-1.04781921096412,-5.64108579958946,0.));
#8519=CARTESIAN_POINT('Ctrl Pts',(-1.05238669485786,-5.65286653006167,0.));
#8520=CARTESIAN_POINT('Ctrl Pts',(-1.05709215421022,-5.66461667845023,0.));
#8521=CARTESIAN_POINT('Ctrl Pts',(-1.06195899259871,-5.67632932272437,0.));
#8522=CARTESIAN_POINT('Ctrl Pts',(-1.06699007647152,-5.6880030831731,0.));
#8523=CARTESIAN_POINT('Ctrl Pts',(-1.0721748175686,-5.69964022851143,0.));
#8524=CARTESIAN_POINT('Ctrl Pts',(-1.07749477236207,-5.71124517114716,0.));
#8525=CARTESIAN_POINT('Ctrl Pts',(-1.08292965389821,-5.72282285506128,0.));
#8526=CARTESIAN_POINT('Ctrl Pts',(-1.08846348534018,-5.73437710450943,0.));
#8527=CARTESIAN_POINT('Ctrl Pts',(-1.09408975420322,-5.74590924076557,0.));
#8528=CARTESIAN_POINT('Ctrl Pts',(-1.09980818352342,-5.75741894256626,0.));
#8529=CARTESIAN_POINT('Ctrl Pts',(-1.10562230388206,-5.76890489227278,0.));
#8530=CARTESIAN_POINT('Ctrl Pts',(-1.1115367963035,-5.78036548340087,0.));
#8531=CARTESIAN_POINT('Ctrl Pts',(-1.117554763008,-5.79179954732443,0.));
#8532=CARTESIAN_POINT('Ctrl Pts',(-1.12367553409367,-5.80320693699794,0.));
#8533=CARTESIAN_POINT('Ctrl Pts',(-1.12989606967944,-5.81458815113645,0.));
#8534=CARTESIAN_POINT('Ctrl Pts',(-1.1362119566512,-5.82594406658934,0.));
#8535=CARTESIAN_POINT('Ctrl Pts',(-1.14261852417562,-5.83727563905459,0.));
#8536=CARTESIAN_POINT('Ctrl Pts',(-1.14911198944323,-5.84858359566359,0.));
#8537=CARTESIAN_POINT('Ctrl Pts',(-1.15569034497196,-5.85986819675512,0.));
#8538=CARTESIAN_POINT('Ctrl Pts',(-1.1623527356873,-5.87112940179879,0.));
#8539=CARTESIAN_POINT('Ctrl Pts',(-1.16909902311953,-5.88236698525272,0.));
#8540=CARTESIAN_POINT('Ctrl Pts',(-1.17592929369792,-5.89358066740665,0.));
#8541=CARTESIAN_POINT('Ctrl Pts',(-1.18284335253413,-5.90477024908382,0.));
#8542=CARTESIAN_POINT('Ctrl Pts',(-1.1898403373383,-5.91593571431468,0.));
#8543=CARTESIAN_POINT('Ctrl Pts',(-1.19691898340345,-5.92707715930837,0.));
#8544=CARTESIAN_POINT('Ctrl Pts',(-1.20407780284033,-5.93819474432264,0.));
#8545=CARTESIAN_POINT('Ctrl Pts',(-1.21131528925388,-5.94928863875461,0.));
#8546=CARTESIAN_POINT('Ctrl Pts',(-1.21863012731249,-5.96035896495888,0.));
#8547=CARTESIAN_POINT('Ctrl Pts',(-1.22602135036307,-5.97140575590094,0.));
#8548=CARTESIAN_POINT('Ctrl Pts',(-1.23348822374374,-5.9824289858198,0.));
#8549=CARTESIAN_POINT('Ctrl Pts',(-1.24103016423612,-5.99342859128481,0.));
#8550=CARTESIAN_POINT('Ctrl Pts',(-1.24864664815869,-6.00440449531646,0.));
#8551=CARTESIAN_POINT('Ctrl Pts',(-1.25633711671304,-6.01535663220971,0.));
#8552=CARTESIAN_POINT('Ctrl Pts',(-1.26410090340728,-6.0262849666478,0.));
#8553=CARTESIAN_POINT('Ctrl Pts',(-1.27193728336314,-6.03718948106548,0.));
#8554=CARTESIAN_POINT('Ctrl Pts',(-1.27984550619122,-6.04807016734567,0.));
#8555=CARTESIAN_POINT('Ctrl Pts',(-1.28782483351034,-6.0589270172823,0.));
#8556=CARTESIAN_POINT('Ctrl Pts',(-1.29587457673388,-6.06976001312446,0.));
#8557=CARTESIAN_POINT('Ctrl Pts',(-1.30399412597918,-6.08056912011908,0.));
#8558=CARTESIAN_POINT('Ctrl Pts',(-1.31218292744161,-6.09135429076866,0.));
#8559=CARTESIAN_POINT('Ctrl Pts',(-1.32044046677444,-6.10211546773038,0.));
#8560=CARTESIAN_POINT('Ctrl Pts',(-1.32876625027417,-6.11285258734186,0.));
#8561=CARTESIAN_POINT('Ctrl Pts',(-1.3371597851629,-6.12356558318895,0.));
#8562=CARTESIAN_POINT('Ctrl Pts',(-1.34562056378325,-6.13425438940872,0.));
#8563=CARTESIAN_POINT('Ctrl Pts',(-1.35414807614666,-6.14491894098749,0.));
#8564=CARTESIAN_POINT('Ctrl Pts',(-1.36274181894173,-6.15555917460835,0.));
#8565=CARTESIAN_POINT('Ctrl Pts',(-1.3714013051301,-6.16617502935804,0.));
#8566=CARTESIAN_POINT('Ctrl Pts',(-1.38012607353164,-6.17676644792151,0.));
#8567=CARTESIAN_POINT('Ctrl Pts',(-1.38891569588327,-6.18733337704413,0.));
#8568=CARTESIAN_POINT('Ctrl Pts',(-1.39776976512777,-6.19787576193353,0.));
#8569=CARTESIAN_POINT('Ctrl Pts',(-1.40668788503939,-6.20839354128648,0.));
#8570=CARTESIAN_POINT('Ctrl Pts',(-1.41566965922575,-6.2188866424404,0.));
#8571=CARTESIAN_POINT('Ctrl Pts',(-1.42471467913842,-6.22935497618784,0.));
#8572=CARTESIAN_POINT('Ctrl Pts',(-1.43382251427348,-6.23979843319319,0.));
#8573=CARTESIAN_POINT('Ctrl Pts',(-1.44299273121371,-6.25021689717083,0.));
#8574=CARTESIAN_POINT('Ctrl Pts',(-1.45222491023723,-6.2606102570435,0.));
#8575=CARTESIAN_POINT('Ctrl Pts',(-1.46151866232026,-6.27097841951022,0.));
#8576=CARTESIAN_POINT('Ctrl Pts',(-1.47087364577057,-6.28132132201856,0.));
#8577=CARTESIAN_POINT('Ctrl Pts',(-1.48028958199368,-6.29163894473887,0.));
#8578=CARTESIAN_POINT('Ctrl Pts',(-1.48976625500797,-6.3019312959976,0.));
#8579=CARTESIAN_POINT('Ctrl Pts',(-1.49739606011655,-6.31014497839516,0.));
#8580=CARTESIAN_POINT('Ctrl Pts',(-1.50314563532396,-6.31629388950439,0.));
#8581=CARTESIAN_POINT('Ctrl Pts',(-1.50699077983341,-6.32038812050359,0.));
#8582=CARTESIAN_POINT('Ctrl Pts',(-1.50891637568093,-6.32243397523469,0.));
#8583=CARTESIAN_POINT('Origin',(6.7898388132617E-13,2.53406936719785E-12,
0.));
#8584=CARTESIAN_POINT('',(-1.85445707409132,-6.22984662414354,3.));
#8585=CARTESIAN_POINT('Origin',(6.7898388132617E-13,2.53406936719785E-12,
3.));
#8586=CARTESIAN_POINT('',(-1.85445707409133,-6.22984662414354,0.));
#8587=CARTESIAN_POINT('',(-1.85445707409133,-6.22984662414354,0.));
#8588=CARTESIAN_POINT('Origin',(6.7898388132617E-13,2.53406936719785E-12,
0.));
#8589=CARTESIAN_POINT('Ctrl Pts',(-1.89169512770706,-5.31133594493429,0.));
#8590=CARTESIAN_POINT('Ctrl Pts',(-1.89169512770706,-5.31133594493429,5.));
#8591=CARTESIAN_POINT('Ctrl Pts',(-1.89252656936937,-5.31369031472796,0.));
#8592=CARTESIAN_POINT('Ctrl Pts',(-1.89252656936937,-5.31369031472796,5.));
#8593=CARTESIAN_POINT('Ctrl Pts',(-1.89413213531101,-5.31841657297966,0.));
#8594=CARTESIAN_POINT('Ctrl Pts',(-1.89413213531101,-5.31841657297966,5.));
#8595=CARTESIAN_POINT('Ctrl Pts',(-1.89636853285739,-5.32555851613017,0.));
#8596=CARTESIAN_POINT('Ctrl Pts',(-1.89636853285739,-5.32555851613017,5.));
#8597=CARTESIAN_POINT('Ctrl Pts',(-1.89902265192425,-5.3351815878838,0.));
#8598=CARTESIAN_POINT('Ctrl Pts',(-1.89902265192425,-5.3351815878838,5.));
#8599=CARTESIAN_POINT('Ctrl Pts',(-1.90188811407465,-5.34735086250585,0.));
#8600=CARTESIAN_POINT('Ctrl Pts',(-1.90188811407465,-5.34735086250585,5.));
#8601=CARTESIAN_POINT('Ctrl Pts',(-1.90442184732581,-5.35962581215867,0.));
#8602=CARTESIAN_POINT('Ctrl Pts',(-1.90442184732581,-5.35962581215867,5.));
#8603=CARTESIAN_POINT('Ctrl Pts',(-1.90674381808099,-5.3719715791048,0.));
#8604=CARTESIAN_POINT('Ctrl Pts',(-1.90674381808099,-5.3719715791048,5.));
#8605=CARTESIAN_POINT('Ctrl Pts',(-1.90894586558291,-5.38436104411553,0.));
#8606=CARTESIAN_POINT('Ctrl Pts',(-1.90894586558291,-5.38436104411553,5.));
#8607=CARTESIAN_POINT('Ctrl Pts',(-1.91106605017543,-5.39678210579759,0.));
#8608=CARTESIAN_POINT('Ctrl Pts',(-1.91106605017543,-5.39678210579759,5.));
#8609=CARTESIAN_POINT('Ctrl Pts',(-1.91310484452645,-5.40923321285418,0.));
#8610=CARTESIAN_POINT('Ctrl Pts',(-1.91310484452645,-5.40923321285418,5.));
#8611=CARTESIAN_POINT('Ctrl Pts',(-1.9150396526792,-5.42171936666512,0.));
#8612=CARTESIAN_POINT('Ctrl Pts',(-1.9150396526792,-5.42171936666512,5.));
#8613=CARTESIAN_POINT('Ctrl Pts',(-1.91683967953786,-5.43424802334403,0.));
#8614=CARTESIAN_POINT('Ctrl Pts',(-1.91683967953786,-5.43424802334403,5.));
#8615=CARTESIAN_POINT('Ctrl Pts',(-1.91848119599438,-5.44682489002518,0.));
#8616=CARTESIAN_POINT('Ctrl Pts',(-1.91848119599438,-5.44682489002518,5.));
#8617=CARTESIAN_POINT('Ctrl Pts',(-1.91996102977632,-5.45945020506787,0.));
#8618=CARTESIAN_POINT('Ctrl Pts',(-1.91996102977632,-5.45945020506787,5.));
#8619=CARTESIAN_POINT('Ctrl Pts',(-1.92128948494337,-5.47212063910694,0.));
#8620=CARTESIAN_POINT('Ctrl Pts',(-1.92128948494337,-5.47212063910694,5.));
#8621=CARTESIAN_POINT('Ctrl Pts',(-1.92248474026311,-5.48483079163567,0.));
#8622=CARTESIAN_POINT('Ctrl Pts',(-1.92248474026311,-5.48483079163567,5.));
#8623=CARTESIAN_POINT('Ctrl Pts',(-1.92356683674331,-5.49757480079036,0.));
#8624=CARTESIAN_POINT('Ctrl Pts',(-1.92356683674331,-5.49757480079036,5.));
#8625=CARTESIAN_POINT('Ctrl Pts',(-1.92455152285838,-5.51034799005511,0.));
#8626=CARTESIAN_POINT('Ctrl Pts',(-1.92455152285838,-5.51034799005511,5.));
#8627=CARTESIAN_POINT('Ctrl Pts',(-1.92544509922253,-5.52314824744435,0.));
#8628=CARTESIAN_POINT('Ctrl Pts',(-1.92544509922253,-5.52314824744435,5.));
#8629=CARTESIAN_POINT('Ctrl Pts',(-1.92624764506184,-5.53597515625383,0.));
#8630=CARTESIAN_POINT('Ctrl Pts',(-1.92624764506184,-5.53597515625383,5.));
#8631=CARTESIAN_POINT('Ctrl Pts',(-1.92695544398386,-5.54882934066559,0.));
#8632=CARTESIAN_POINT('Ctrl Pts',(-1.92695544398386,-5.54882934066559,5.));
#8633=CARTESIAN_POINT('Ctrl Pts',(-1.92756363886045,-5.56171174993562,0.));
#8634=CARTESIAN_POINT('Ctrl Pts',(-1.92756363886045,-5.56171174993562,5.));
#8635=CARTESIAN_POINT('Ctrl Pts',(-1.928068958777,-5.57462292311417,0.));
#8636=CARTESIAN_POINT('Ctrl Pts',(-1.928068958777,-5.57462292311417,5.));
#8637=CARTESIAN_POINT('Ctrl Pts',(-1.92847191036282,-5.58756239790513,0.));
#8638=CARTESIAN_POINT('Ctrl Pts',(-1.92847191036282,-5.58756239790513,5.));
#8639=CARTESIAN_POINT('Ctrl Pts',(-1.92877537558965,-5.60052908626788,0.));
#8640=CARTESIAN_POINT('Ctrl Pts',(-1.92877537558965,-5.60052908626788,5.));
#8641=CARTESIAN_POINT('Ctrl Pts',(-1.92898361475111,-5.61352154101919,0.));
#8642=CARTESIAN_POINT('Ctrl Pts',(-1.92898361475111,-5.61352154101919,5.));
#8643=CARTESIAN_POINT('Ctrl Pts',(-1.92910115075653,-5.62653825440113,0.));
#8644=CARTESIAN_POINT('Ctrl Pts',(-1.92910115075653,-5.62653825440113,5.));
#8645=CARTESIAN_POINT('Ctrl Pts',(-1.92913162318069,-5.63957796472322,0.));
#8646=CARTESIAN_POINT('Ctrl Pts',(-1.92913162318069,-5.63957796472322,5.));
#8647=CARTESIAN_POINT('Ctrl Pts',(-1.92907690072345,-5.65263989370442,0.));
#8648=CARTESIAN_POINT('Ctrl Pts',(-1.92907690072345,-5.65263989370442,5.));
#8649=CARTESIAN_POINT('Ctrl Pts',(-1.92893770363586,-5.66572357870713,0.));
#8650=CARTESIAN_POINT('Ctrl Pts',(-1.92893770363586,-5.66572357870713,5.));
#8651=CARTESIAN_POINT('Ctrl Pts',(-1.92871403906529,-5.6788287551715,0.));
#8652=CARTESIAN_POINT('Ctrl Pts',(-1.92871403906529,-5.6788287551715,5.));
#8653=CARTESIAN_POINT('Ctrl Pts',(-1.92840569230664,-5.69195522407597,0.));
#8654=CARTESIAN_POINT('Ctrl Pts',(-1.92840569230664,-5.69195522407597,5.));
#8655=CARTESIAN_POINT('Ctrl Pts',(-1.92801273254981,-5.70510271548421,0.));
#8656=CARTESIAN_POINT('Ctrl Pts',(-1.92801273254981,-5.70510271548421,5.));
#8657=CARTESIAN_POINT('Ctrl Pts',(-1.92753589857494,-5.7182707844213,0.));
#8658=CARTESIAN_POINT('Ctrl Pts',(-1.92753589857494,-5.7182707844213,5.));
#8659=CARTESIAN_POINT('Ctrl Pts',(-1.92697633375496,-5.73145888185327,0.));
#8660=CARTESIAN_POINT('Ctrl Pts',(-1.92697633375496,-5.73145888185327,5.));
#8661=CARTESIAN_POINT('Ctrl Pts',(-1.92633540676865,-5.74466640262281,0.));
#8662=CARTESIAN_POINT('Ctrl Pts',(-1.92633540676865,-5.74466640262281,5.));
#8663=CARTESIAN_POINT('Ctrl Pts',(-1.92561450689096,-5.75789274023457,0.));
#8664=CARTESIAN_POINT('Ctrl Pts',(-1.92561450689096,-5.75789274023457,5.));
#8665=CARTESIAN_POINT('Ctrl Pts',(-1.92481483440977,-5.77113734298496,0.));
#8666=CARTESIAN_POINT('Ctrl Pts',(-1.92481483440977,-5.77113734298496,5.));
#8667=CARTESIAN_POINT('Ctrl Pts',(-1.92393724295396,-5.78439975609636,0.));
#8668=CARTESIAN_POINT('Ctrl Pts',(-1.92393724295396,-5.78439975609636,5.));
#8669=CARTESIAN_POINT('Ctrl Pts',(-1.92298235587889,-5.7976795899282,0.));
#8670=CARTESIAN_POINT('Ctrl Pts',(-1.92298235587889,-5.7976795899282,5.));
#8671=CARTESIAN_POINT('Ctrl Pts',(-1.92195064655116,-5.81097649793869,0.));
#8672=CARTESIAN_POINT('Ctrl Pts',(-1.92195064655116,-5.81097649793869,5.));
#8673=CARTESIAN_POINT('Ctrl Pts',(-1.92084253000252,-5.82429015162088,0.));
#8674=CARTESIAN_POINT('Ctrl Pts',(-1.92084253000252,-5.82429015162088,5.));
#8675=CARTESIAN_POINT('Ctrl Pts',(-1.91965845731408,-5.83762021467333,0.));
#8676=CARTESIAN_POINT('Ctrl Pts',(-1.91965845731408,-5.83762021467333,5.));
#8677=CARTESIAN_POINT('Ctrl Pts',(-1.91839898802635,-5.85096632326489,0.));
#8678=CARTESIAN_POINT('Ctrl Pts',(-1.91839898802635,-5.85096632326489,5.));
#8679=CARTESIAN_POINT('Ctrl Pts',(-1.9170647411197,-5.86432809974446,0.));
#8680=CARTESIAN_POINT('Ctrl Pts',(-1.9170647411197,-5.86432809974446,5.));
#8681=CARTESIAN_POINT('Ctrl Pts',(-1.91565636239189,-5.87770516188776,0.));
#8682=CARTESIAN_POINT('Ctrl Pts',(-1.91565636239189,-5.87770516188776,5.));
#8683=CARTESIAN_POINT('Ctrl Pts',(-1.91417448719674,-5.89109713339752,0.));
#8684=CARTESIAN_POINT('Ctrl Pts',(-1.91417448719674,-5.89109713339752,5.));
#8685=CARTESIAN_POINT('Ctrl Pts',(-1.91261970299229,-5.90450365460769,0.));
#8686=CARTESIAN_POINT('Ctrl Pts',(-1.91261970299229,-5.90450365460769,5.));
#8687=CARTESIAN_POINT('Ctrl Pts',(-1.91099252057589,-5.9179243904799,0.));
#8688=CARTESIAN_POINT('Ctrl Pts',(-1.91099252057589,-5.9179243904799,5.));
#8689=CARTESIAN_POINT('Ctrl Pts',(-1.90929339580767,-5.93135902297781,0.));
#8690=CARTESIAN_POINT('Ctrl Pts',(-1.90929339580767,-5.93135902297781,5.));
#8691=CARTESIAN_POINT('Ctrl Pts',(-1.90752274545355,-5.94480724526769,0.));
#8692=CARTESIAN_POINT('Ctrl Pts',(-1.90752274545355,-5.94480724526769,5.));
#8693=CARTESIAN_POINT('Ctrl Pts',(-1.90568096524211,-5.95826875536457,0.));
#8694=CARTESIAN_POINT('Ctrl Pts',(-1.90568096524211,-5.95826875536457,5.));
#8695=CARTESIAN_POINT('Ctrl Pts',(-1.90376844872447,-5.97174324936315,0.));
#8696=CARTESIAN_POINT('Ctrl Pts',(-1.90376844872447,-5.97174324936315,5.));
#8697=CARTESIAN_POINT('Ctrl Pts',(-1.90178560261334,-5.98523041639577,0.));
#8698=CARTESIAN_POINT('Ctrl Pts',(-1.90178560261334,-5.98523041639577,5.));
#8699=CARTESIAN_POINT('Ctrl Pts',(-1.89973283606493,-5.99872994516466,0.));
#8700=CARTESIAN_POINT('Ctrl Pts',(-1.89973283606493,-5.99872994516466,5.));
#8701=CARTESIAN_POINT('Ctrl Pts',(-1.89761055330123,-6.01224152918006,0.));
#8702=CARTESIAN_POINT('Ctrl Pts',(-1.89761055330123,-6.01224152918006,5.));
#8703=CARTESIAN_POINT('Ctrl Pts',(-1.89541914565322,-6.02576487217037,0.));
#8704=CARTESIAN_POINT('Ctrl Pts',(-1.89541914565322,-6.02576487217037,5.));
#8705=CARTESIAN_POINT('Ctrl Pts',(-1.89315898385709,-6.03929969390921,0.));
#8706=CARTESIAN_POINT('Ctrl Pts',(-1.89315898385709,-6.03929969390921,5.));
#8707=CARTESIAN_POINT('Ctrl Pts',(-1.89083041217222,-6.05284573414521,0.));
#8708=CARTESIAN_POINT('Ctrl Pts',(-1.89083041217222,-6.05284573414521,5.));
#8709=CARTESIAN_POINT('Ctrl Pts',(-1.88843375572431,-6.06640274189815,0.));
#8710=CARTESIAN_POINT('Ctrl Pts',(-1.88843375572431,-6.06640274189815,5.));
#8711=CARTESIAN_POINT('Ctrl Pts',(-1.88596932700334,-6.07997046596502,0.));
#8712=CARTESIAN_POINT('Ctrl Pts',(-1.88596932700334,-6.07997046596502,5.));
#8713=CARTESIAN_POINT('Ctrl Pts',(-1.88343743296385,-6.09354864522197,0.));
#8714=CARTESIAN_POINT('Ctrl Pts',(-1.88343743296385,-6.09354864522197,5.));
#8715=CARTESIAN_POINT('Ctrl Pts',(-1.88083838281546,-6.10713699813888,0.));
#8716=CARTESIAN_POINT('Ctrl Pts',(-1.88083838281546,-6.10713699813888,5.));
#8717=CARTESIAN_POINT('Ctrl Pts',(-1.87817249471769,-6.12073521477637,0.));
#8718=CARTESIAN_POINT('Ctrl Pts',(-1.87817249471769,-6.12073521477637,5.));
#8719=CARTESIAN_POINT('Ctrl Pts',(-1.87544008587806,-6.13434297771954,0.));
#8720=CARTESIAN_POINT('Ctrl Pts',(-1.87544008587806,-6.13434297771954,5.));
#8721=CARTESIAN_POINT('Ctrl Pts',(-1.87264146424774,-6.14795998091171,0.));
#8722=CARTESIAN_POINT('Ctrl Pts',(-1.87264146424774,-6.14795998091171,5.));
#8723=CARTESIAN_POINT('Ctrl Pts',(-1.86977692008072,-6.16158594903997,0.));
#8724=CARTESIAN_POINT('Ctrl Pts',(-1.86977692008072,-6.16158594903997,5.));
#8725=CARTESIAN_POINT('Ctrl Pts',(-1.86684671801495,-6.17522065708621,0.));
#8726=CARTESIAN_POINT('Ctrl Pts',(-1.86684671801495,-6.17522065708621,5.));
#8727=CARTESIAN_POINT('Ctrl Pts',(-1.86385108940547,-6.18886394858022,0.));
#8728=CARTESIAN_POINT('Ctrl Pts',(-1.86385108940547,-6.18886394858022,5.));
#8729=CARTESIAN_POINT('Ctrl Pts',(-1.8607902254611,-6.20251572274209,0.));
#8730=CARTESIAN_POINT('Ctrl Pts',(-1.8607902254611,-6.20251572274209,5.));
#8731=CARTESIAN_POINT('Ctrl Pts',(-1.85828946160992,-6.21344388291129,0.));
#8732=CARTESIAN_POINT('Ctrl Pts',(-1.85828946160992,-6.21344388291129,5.));
#8733=CARTESIAN_POINT('Ctrl Pts',(-1.85638463897396,-6.22164378374119,0.));
#8734=CARTESIAN_POINT('Ctrl Pts',(-1.85638463897396,-6.22164378374119,5.));
#8735=CARTESIAN_POINT('Ctrl Pts',(-1.85510176164715,-6.22711206405019,0.));
#8736=CARTESIAN_POINT('Ctrl Pts',(-1.85510176164715,-6.22711206405019,5.));
#8737=CARTESIAN_POINT('Ctrl Pts',(-1.85445707409133,-6.22984662414354,0.));
#8738=CARTESIAN_POINT('Ctrl Pts',(-1.85445707409133,-6.22984662414354,5.));
#8739=CARTESIAN_POINT('Ctrl Pts',(-1.85445707409133,-6.22984662414354,3.));
#8740=CARTESIAN_POINT('Ctrl Pts',(-1.86358510186249,-6.19112842608211,3.));
#8741=CARTESIAN_POINT('Ctrl Pts',(-1.87193470785301,-6.15250811480389,3.));
#8742=CARTESIAN_POINT('Ctrl Pts',(-1.87948458395936,-6.11400117890688,3.));
#8743=CARTESIAN_POINT('Ctrl Pts',(-1.89039081359209,-6.05837569851095,3.));
#8744=CARTESIAN_POINT('Ctrl Pts',(-1.89962652343151,-6.00299411287062,3.));
#8745=CARTESIAN_POINT('Ctrl Pts',(-1.90708266297412,-5.94794243158087,3.));
#8746=CARTESIAN_POINT('Ctrl Pts',(-1.91456081570557,-5.89272821805195,3.));
#8747=CARTESIAN_POINT('Ctrl Pts',(-1.92025186425712,-5.83784523434066,3.));
#8748=CARTESIAN_POINT('Ctrl Pts',(-1.92398681863972,-5.78340294248914,3.));
#8749=CARTESIAN_POINT('Ctrl Pts',(-1.92634770934267,-5.74898959027304,3.));
#8750=CARTESIAN_POINT('Ctrl Pts',(-1.92793198241145,-5.71475110352349,3.));
#8751=CARTESIAN_POINT('Ctrl Pts',(-1.92865355785934,-5.6807290948178,3.));
#8752=CARTESIAN_POINT('Ctrl Pts',(-1.92907078861825,-5.6610568227728,3.));
#8753=CARTESIAN_POINT('Ctrl Pts',(-1.92920556749904,-5.6414553591183,3.));
#8754=CARTESIAN_POINT('Ctrl Pts',(-1.92904758013673,-5.62193152421795,3.));
#8755=CARTESIAN_POINT('Ctrl Pts',(-1.92891753508659,-5.60586075721772,3.));
#8756=CARTESIAN_POINT('Ctrl Pts',(-1.92858518783445,-5.58984364648548,3.));
#8757=CARTESIAN_POINT('Ctrl Pts',(-1.92801726898629,-5.57389166987478,3.));
#8758=CARTESIAN_POINT('Ctrl Pts',(-1.92733550427153,-5.55474193603705,3.));
#8759=CARTESIAN_POINT('Ctrl Pts',(-1.92630920034121,-5.53568738057428,3.));
#8760=CARTESIAN_POINT('Ctrl Pts',(-1.92498477636768,-5.51672070797276,3.));
#8761=CARTESIAN_POINT('Ctrl Pts',(-1.92423034839738,-5.50591677464014,3.));
#8762=CARTESIAN_POINT('Ctrl Pts',(-1.92338263699135,-5.4951404475226,3.));
#8763=CARTESIAN_POINT('Ctrl Pts',(-1.92241694812093,-5.48439951607483,3.));
#8764=CARTESIAN_POINT('Ctrl Pts',(-1.92141953330881,-5.47330571096819,3.));
#8765=CARTESIAN_POINT('Ctrl Pts',(-1.92029008720178,-5.46225131535799,3.));
#8766=CARTESIAN_POINT('Ctrl Pts',(-1.91897765336524,-5.45125154504849,3.));
#8767=CARTESIAN_POINT('Ctrl Pts',(-1.9179414927371,-5.4425672757193,3.));
#8768=CARTESIAN_POINT('Ctrl Pts',(-1.91678935033472,-5.43391757483877,3.));
#8769=CARTESIAN_POINT('Ctrl Pts',(-1.91553261047866,-5.42530030115479,3.));
#8770=CARTESIAN_POINT('Ctrl Pts',(-1.91411973572438,-5.41561243426636,3.));
#8771=CARTESIAN_POINT('Ctrl Pts',(-1.91258129723394,-5.40596370292277,3.));
#8772=CARTESIAN_POINT('Ctrl Pts',(-1.91097058239576,-5.39634172248375,3.));
#8773=CARTESIAN_POINT('Ctrl Pts',(-1.90976254626712,-5.38912523715448,3.));
#8774=CARTESIAN_POINT('Ctrl Pts',(-1.90851595635354,-5.38192323978144,3.));
#8775=CARTESIAN_POINT('Ctrl Pts',(-1.90721589817667,-5.37474115879263,3.));
#8776=CARTESIAN_POINT('Ctrl Pts',(-1.90594062936891,-5.36769602494957,3.));
#8777=CARTESIAN_POINT('Ctrl Pts',(-1.90461403827203,-5.36067003238442,3.));
#8778=CARTESIAN_POINT('Ctrl Pts',(-1.90315983053445,-5.35368568301282,3.));
#8779=CARTESIAN_POINT('Ctrl Pts',(-1.90166322127475,-5.34649768526506,3.));
#8780=CARTESIAN_POINT('Ctrl Pts',(-1.90002670720891,-5.33935513997917,3.));
#8781=CARTESIAN_POINT('Ctrl Pts',(-1.89814483781138,-5.33228852323559,3.));
#8782=CARTESIAN_POINT('Ctrl Pts',(-1.89652182282903,-5.32619393194011,3.));
#8783=CARTESIAN_POINT('Ctrl Pts',(-1.89471405785016,-5.32015644991531,3.));
#8784=CARTESIAN_POINT('Ctrl Pts',(-1.89268343535551,-5.31418702365734,3.));
#8785=CARTESIAN_POINT('Ctrl Pts',(-1.89235957167957,-5.31323496076222,3.));
#8786=CARTESIAN_POINT('Ctrl Pts',(-1.89203014328139,-5.31228459904241,3.));
#8787=CARTESIAN_POINT('Ctrl Pts',(-1.89169512770706,-5.31133594493429,3.));
#8788=CARTESIAN_POINT('Ctrl Pts',(-1.89169512770706,-5.31133594493429,0.));
#8789=CARTESIAN_POINT('Ctrl Pts',(-1.89252656936937,-5.31369031472796,0.));
#8790=CARTESIAN_POINT('Ctrl Pts',(-1.89413213531101,-5.31841657297966,0.));
#8791=CARTESIAN_POINT('Ctrl Pts',(-1.89636853285739,-5.32555851613017,0.));
#8792=CARTESIAN_POINT('Ctrl Pts',(-1.89902265192425,-5.3351815878838,0.));
#8793=CARTESIAN_POINT('Ctrl Pts',(-1.90188811407465,-5.34735086250585,0.));
#8794=CARTESIAN_POINT('Ctrl Pts',(-1.90442184732581,-5.35962581215867,0.));
#8795=CARTESIAN_POINT('Ctrl Pts',(-1.90674381808099,-5.3719715791048,0.));
#8796=CARTESIAN_POINT('Ctrl Pts',(-1.90894586558291,-5.38436104411553,0.));
#8797=CARTESIAN_POINT('Ctrl Pts',(-1.91106605017543,-5.39678210579759,0.));
#8798=CARTESIAN_POINT('Ctrl Pts',(-1.91310484452645,-5.40923321285418,0.));
#8799=CARTESIAN_POINT('Ctrl Pts',(-1.9150396526792,-5.42171936666512,0.));
#8800=CARTESIAN_POINT('Ctrl Pts',(-1.91683967953786,-5.43424802334403,0.));
#8801=CARTESIAN_POINT('Ctrl Pts',(-1.91848119599438,-5.44682489002518,0.));
#8802=CARTESIAN_POINT('Ctrl Pts',(-1.91996102977632,-5.45945020506787,0.));
#8803=CARTESIAN_POINT('Ctrl Pts',(-1.92128948494337,-5.47212063910694,0.));
#8804=CARTESIAN_POINT('Ctrl Pts',(-1.92248474026311,-5.48483079163567,0.));
#8805=CARTESIAN_POINT('Ctrl Pts',(-1.92356683674331,-5.49757480079036,0.));
#8806=CARTESIAN_POINT('Ctrl Pts',(-1.92455152285838,-5.51034799005511,0.));
#8807=CARTESIAN_POINT('Ctrl Pts',(-1.92544509922253,-5.52314824744435,0.));
#8808=CARTESIAN_POINT('Ctrl Pts',(-1.92624764506184,-5.53597515625383,0.));
#8809=CARTESIAN_POINT('Ctrl Pts',(-1.92695544398386,-5.54882934066559,0.));
#8810=CARTESIAN_POINT('Ctrl Pts',(-1.92756363886045,-5.56171174993562,0.));
#8811=CARTESIAN_POINT('Ctrl Pts',(-1.928068958777,-5.57462292311417,0.));
#8812=CARTESIAN_POINT('Ctrl Pts',(-1.92847191036282,-5.58756239790513,0.));
#8813=CARTESIAN_POINT('Ctrl Pts',(-1.92877537558965,-5.60052908626788,0.));
#8814=CARTESIAN_POINT('Ctrl Pts',(-1.92898361475111,-5.61352154101919,0.));
#8815=CARTESIAN_POINT('Ctrl Pts',(-1.92910115075653,-5.62653825440113,0.));
#8816=CARTESIAN_POINT('Ctrl Pts',(-1.92913162318069,-5.63957796472322,0.));
#8817=CARTESIAN_POINT('Ctrl Pts',(-1.92907690072345,-5.65263989370442,0.));
#8818=CARTESIAN_POINT('Ctrl Pts',(-1.92893770363586,-5.66572357870713,0.));
#8819=CARTESIAN_POINT('Ctrl Pts',(-1.92871403906529,-5.6788287551715,0.));
#8820=CARTESIAN_POINT('Ctrl Pts',(-1.92840569230664,-5.69195522407597,0.));
#8821=CARTESIAN_POINT('Ctrl Pts',(-1.92801273254981,-5.70510271548421,0.));
#8822=CARTESIAN_POINT('Ctrl Pts',(-1.92753589857494,-5.7182707844213,0.));
#8823=CARTESIAN_POINT('Ctrl Pts',(-1.92697633375496,-5.73145888185327,0.));
#8824=CARTESIAN_POINT('Ctrl Pts',(-1.92633540676865,-5.74466640262281,0.));
#8825=CARTESIAN_POINT('Ctrl Pts',(-1.92561450689096,-5.75789274023457,0.));
#8826=CARTESIAN_POINT('Ctrl Pts',(-1.92481483440977,-5.77113734298496,0.));
#8827=CARTESIAN_POINT('Ctrl Pts',(-1.92393724295396,-5.78439975609636,0.));
#8828=CARTESIAN_POINT('Ctrl Pts',(-1.92298235587889,-5.7976795899282,0.));
#8829=CARTESIAN_POINT('Ctrl Pts',(-1.92195064655116,-5.81097649793869,0.));
#8830=CARTESIAN_POINT('Ctrl Pts',(-1.92084253000252,-5.82429015162088,0.));
#8831=CARTESIAN_POINT('Ctrl Pts',(-1.91965845731408,-5.83762021467333,0.));
#8832=CARTESIAN_POINT('Ctrl Pts',(-1.91839898802635,-5.85096632326489,0.));
#8833=CARTESIAN_POINT('Ctrl Pts',(-1.9170647411197,-5.86432809974446,0.));
#8834=CARTESIAN_POINT('Ctrl Pts',(-1.91565636239189,-5.87770516188776,0.));
#8835=CARTESIAN_POINT('Ctrl Pts',(-1.91417448719674,-5.89109713339752,0.));
#8836=CARTESIAN_POINT('Ctrl Pts',(-1.91261970299229,-5.90450365460769,0.));
#8837=CARTESIAN_POINT('Ctrl Pts',(-1.91099252057589,-5.9179243904799,0.));
#8838=CARTESIAN_POINT('Ctrl Pts',(-1.90929339580767,-5.93135902297781,0.));
#8839=CARTESIAN_POINT('Ctrl Pts',(-1.90752274545355,-5.94480724526769,0.));
#8840=CARTESIAN_POINT('Ctrl Pts',(-1.90568096524211,-5.95826875536457,0.));
#8841=CARTESIAN_POINT('Ctrl Pts',(-1.90376844872447,-5.97174324936315,0.));
#8842=CARTESIAN_POINT('Ctrl Pts',(-1.90178560261334,-5.98523041639577,0.));
#8843=CARTESIAN_POINT('Ctrl Pts',(-1.89973283606493,-5.99872994516466,0.));
#8844=CARTESIAN_POINT('Ctrl Pts',(-1.89761055330123,-6.01224152918006,0.));
#8845=CARTESIAN_POINT('Ctrl Pts',(-1.89541914565322,-6.02576487217037,0.));
#8846=CARTESIAN_POINT('Ctrl Pts',(-1.89315898385709,-6.03929969390921,0.));
#8847=CARTESIAN_POINT('Ctrl Pts',(-1.89083041217222,-6.05284573414521,0.));
#8848=CARTESIAN_POINT('Ctrl Pts',(-1.88843375572431,-6.06640274189815,0.));
#8849=CARTESIAN_POINT('Ctrl Pts',(-1.88596932700334,-6.07997046596502,0.));
#8850=CARTESIAN_POINT('Ctrl Pts',(-1.88343743296385,-6.09354864522197,0.));
#8851=CARTESIAN_POINT('Ctrl Pts',(-1.88083838281546,-6.10713699813888,0.));
#8852=CARTESIAN_POINT('Ctrl Pts',(-1.87817249471769,-6.12073521477637,0.));
#8853=CARTESIAN_POINT('Ctrl Pts',(-1.87544008587806,-6.13434297771954,0.));
#8854=CARTESIAN_POINT('Ctrl Pts',(-1.87264146424774,-6.14795998091171,0.));
#8855=CARTESIAN_POINT('Ctrl Pts',(-1.86977692008072,-6.16158594903997,0.));
#8856=CARTESIAN_POINT('Ctrl Pts',(-1.86684671801495,-6.17522065708621,0.));
#8857=CARTESIAN_POINT('Ctrl Pts',(-1.86385108940547,-6.18886394858022,0.));
#8858=CARTESIAN_POINT('Ctrl Pts',(-1.8607902254611,-6.20251572274209,0.));
#8859=CARTESIAN_POINT('Ctrl Pts',(-1.85828946160992,-6.21344388291129,0.));
#8860=CARTESIAN_POINT('Ctrl Pts',(-1.85638463897396,-6.22164378374119,0.));
#8861=CARTESIAN_POINT('Ctrl Pts',(-1.85510176164715,-6.22711206405019,0.));
#8862=CARTESIAN_POINT('Ctrl Pts',(-1.85445707409133,-6.22984662414354,0.));
#8863=CARTESIAN_POINT('Ctrl Pts',(-3.09386762117469,-5.71646596619336,0.));
#8864=CARTESIAN_POINT('Ctrl Pts',(-3.09386762117469,-5.71646596619336,5.));
#8865=CARTESIAN_POINT('Ctrl Pts',(-3.09147813224665,-5.71498820315025,0.));
#8866=CARTESIAN_POINT('Ctrl Pts',(-3.09147813224665,-5.71498820315025,5.));
#8867=CARTESIAN_POINT('Ctrl Pts',(-3.08670434290151,-5.71202867631955,0.));
#8868=CARTESIAN_POINT('Ctrl Pts',(-3.08670434290151,-5.71202867631955,5.));
#8869=CARTESIAN_POINT('Ctrl Pts',(-3.07955922441678,-5.70757738384052,0.));
#8870=CARTESIAN_POINT('Ctrl Pts',(-3.07955922441678,-5.70757738384052,5.));
#8871=CARTESIAN_POINT('Ctrl Pts',(-3.07006354117793,-5.7016183147563,0.));
#8872=CARTESIAN_POINT('Ctrl Pts',(-3.07006354117793,-5.7016183147563,5.));
#8873=CARTESIAN_POINT('Ctrl Pts',(-3.05824592144149,-5.69412941032256,0.));
#8874=CARTESIAN_POINT('Ctrl Pts',(-3.05824592144149,-5.69412941032256,5.));
#8875=CARTESIAN_POINT('Ctrl Pts',(-3.0464804282047,-5.68660037569312,0.));
#8876=CARTESIAN_POINT('Ctrl Pts',(-3.0464804282047,-5.68660037569312,5.));
#8877=CARTESIAN_POINT('Ctrl Pts',(-3.03476726793474,-5.67903114692508,0.));
#8878=CARTESIAN_POINT('Ctrl Pts',(-3.03476726793474,-5.67903114692508,5.));
#8879=CARTESIAN_POINT('Ctrl Pts',(-3.02310671486551,-5.67142167106686,0.));
#8880=CARTESIAN_POINT('Ctrl Pts',(-3.02310671486551,-5.67142167106686,5.));
#8881=CARTESIAN_POINT('Ctrl Pts',(-3.01149911523611,-5.66377192010302,0.));
#8882=CARTESIAN_POINT('Ctrl Pts',(-3.01149911523611,-5.66377192010302,5.));
#8883=CARTESIAN_POINT('Ctrl Pts',(-2.99994486896274,-5.65608188346861,0.));
#8884=CARTESIAN_POINT('Ctrl Pts',(-2.99994486896274,-5.65608188346861,5.));
#8885=CARTESIAN_POINT('Ctrl Pts',(-2.98844441021451,-5.64835155982401,0.));
#8886=CARTESIAN_POINT('Ctrl Pts',(-2.98844441021451,-5.64835155982401,5.));
#8887=CARTESIAN_POINT('Ctrl Pts',(-2.97699818773724,-5.64058094931587,0.));
#8888=CARTESIAN_POINT('Ctrl Pts',(-2.97699818773724,-5.64058094931587,5.));
#8889=CARTESIAN_POINT('Ctrl Pts',(-2.96560664566392,-5.63277004613168,0.));
#8890=CARTESIAN_POINT('Ctrl Pts',(-2.96560664566392,-5.63277004613168,5.));
#8891=CARTESIAN_POINT('Ctrl Pts',(-2.95427020171061,-5.62491883069908,0.));
#8892=CARTESIAN_POINT('Ctrl Pts',(-2.95427020171061,-5.62491883069908,5.));
#8893=CARTESIAN_POINT('Ctrl Pts',(-2.94298925756942,-5.61702727061087,0.));
#8894=CARTESIAN_POINT('Ctrl Pts',(-2.94298925756942,-5.61702727061087,5.));
#8895=CARTESIAN_POINT('Ctrl Pts',(-2.93176421183147,-5.60909532253062,0.));
#8896=CARTESIAN_POINT('Ctrl Pts',(-2.93176421183147,-5.60909532253062,5.));
#8897=CARTESIAN_POINT('Ctrl Pts',(-2.92059547186516,-5.60112293402956,0.));
#8898=CARTESIAN_POINT('Ctrl Pts',(-2.92059547186516,-5.60112293402956,5.));
#8899=CARTESIAN_POINT('Ctrl Pts',(-2.90948346512415,-5.59311004570505,0.));
#8900=CARTESIAN_POINT('Ctrl Pts',(-2.90948346512415,-5.59311004570505,5.));
#8901=CARTESIAN_POINT('Ctrl Pts',(-2.89842865190848,-5.58505659355699,0.));
#8902=CARTESIAN_POINT('Ctrl Pts',(-2.89842865190848,-5.58505659355699,5.));
#8903=CARTESIAN_POINT('Ctrl Pts',(-2.8874315184266,-5.57696251036827,0.));
#8904=CARTESIAN_POINT('Ctrl Pts',(-2.8874315184266,-5.57696251036827,5.));
#8905=CARTESIAN_POINT('Ctrl Pts',(-2.87649256722761,-5.56882772703174,0.));
#8906=CARTESIAN_POINT('Ctrl Pts',(-2.87649256722761,-5.56882772703174,5.));
#8907=CARTESIAN_POINT('Ctrl Pts',(-2.8656123077494,-5.56065217435104,0.));
#8908=CARTESIAN_POINT('Ctrl Pts',(-2.8656123077494,-5.56065217435104,5.));
#8909=CARTESIAN_POINT('Ctrl Pts',(-2.85479124739793,-5.55243578455348,0.));
#8910=CARTESIAN_POINT('Ctrl Pts',(-2.85479124739793,-5.55243578455348,5.));
#8911=CARTESIAN_POINT('Ctrl Pts',(-2.84402987934933,-5.54417849424991,0.));
#8912=CARTESIAN_POINT('Ctrl Pts',(-2.84402987934933,-5.54417849424991,5.));
#8913=CARTESIAN_POINT('Ctrl Pts',(-2.83332869696162,-5.53588023715359,0.));
#8914=CARTESIAN_POINT('Ctrl Pts',(-2.83332869696162,-5.53588023715359,5.));
#8915=CARTESIAN_POINT('Ctrl Pts',(-2.82268821189701,-5.52754093553069,0.));
#8916=CARTESIAN_POINT('Ctrl Pts',(-2.82268821189701,-5.52754093553069,5.));
#8917=CARTESIAN_POINT('Ctrl Pts',(-2.81210897138292,-5.51916049192511,0.));
#8918=CARTESIAN_POINT('Ctrl Pts',(-2.81210897138292,-5.51916049192511,5.));
#8919=CARTESIAN_POINT('Ctrl Pts',(-2.80159157351555,-5.51073878205647,0.));
#8920=CARTESIAN_POINT('Ctrl Pts',(-2.80159157351555,-5.51073878205647,5.));
#8921=CARTESIAN_POINT('Ctrl Pts',(-2.79113668801276,-5.5022756448515,0.));
#8922=CARTESIAN_POINT('Ctrl Pts',(-2.79113668801276,-5.5022756448515,5.));
#8923=CARTESIAN_POINT('Ctrl Pts',(-2.78074503021989,-5.49377089712956,0.));
#8924=CARTESIAN_POINT('Ctrl Pts',(-2.78074503021989,-5.49377089712956,5.));
#8925=CARTESIAN_POINT('Ctrl Pts',(-2.77041732705829,-5.48522435251607,0.));
#8926=CARTESIAN_POINT('Ctrl Pts',(-2.77041732705829,-5.48522435251607,5.));
#8927=CARTESIAN_POINT('Ctrl Pts',(-2.76015428325285,-5.47663584036545,0.));
#8928=CARTESIAN_POINT('Ctrl Pts',(-2.76015428325285,-5.47663584036545,5.));
#8929=CARTESIAN_POINT('Ctrl Pts',(-2.74995655172591,-5.46800522229029,0.));
#8930=CARTESIAN_POINT('Ctrl Pts',(-2.74995655172591,-5.46800522229029,5.));
#8931=CARTESIAN_POINT('Ctrl Pts',(-2.73982468924103,-5.45933241712911,0.));
#8932=CARTESIAN_POINT('Ctrl Pts',(-2.73982468924103,-5.45933241712911,5.));
#8933=CARTESIAN_POINT('Ctrl Pts',(-2.72975922155946,-5.45061736369964,0.));
#8934=CARTESIAN_POINT('Ctrl Pts',(-2.72975922155946,-5.45061736369964,5.));
#8935=CARTESIAN_POINT('Ctrl Pts',(-2.71976072844398,-5.44185997232318,0.));
#8936=CARTESIAN_POINT('Ctrl Pts',(-2.71976072844398,-5.44185997232318,5.));
#8937=CARTESIAN_POINT('Ctrl Pts',(-2.70982992619087,-5.43306007773844,0.));
#8938=CARTESIAN_POINT('Ctrl Pts',(-2.70982992619087,-5.43306007773844,5.));
#8939=CARTESIAN_POINT('Ctrl Pts',(-2.69996773998327,-5.42421739791497,0.));
#8940=CARTESIAN_POINT('Ctrl Pts',(-2.69996773998327,-5.42421739791497,5.));
#8941=CARTESIAN_POINT('Ctrl Pts',(-2.6901754086662,-5.41533147423444,0.));
#8942=CARTESIAN_POINT('Ctrl Pts',(-2.6901754086662,-5.41533147423444,5.));
#8943=CARTESIAN_POINT('Ctrl Pts',(-2.68045434346238,-5.40640175318806,0.));
#8944=CARTESIAN_POINT('Ctrl Pts',(-2.68045434346238,-5.40640175318806,5.));
#8945=CARTESIAN_POINT('Ctrl Pts',(-2.6708059400847,-5.39742769488465,0.));
#8946=CARTESIAN_POINT('Ctrl Pts',(-2.6708059400847,-5.39742769488465,5.));
#8947=CARTESIAN_POINT('Ctrl Pts',(-2.66123139524555,-5.38840887906307,0.));
#8948=CARTESIAN_POINT('Ctrl Pts',(-2.66123139524555,-5.38840887906307,5.));
#8949=CARTESIAN_POINT('Ctrl Pts',(-2.65173154598617,-5.37934509797168,0.));
#8950=CARTESIAN_POINT('Ctrl Pts',(-2.65173154598617,-5.37934509797168,5.));
#8951=CARTESIAN_POINT('Ctrl Pts',(-2.64230663210501,-5.37023649355965,0.));
#8952=CARTESIAN_POINT('Ctrl Pts',(-2.64230663210501,-5.37023649355965,5.));
#8953=CARTESIAN_POINT('Ctrl Pts',(-2.63295664251212,-5.36108335837588,0.));
#8954=CARTESIAN_POINT('Ctrl Pts',(-2.63295664251212,-5.36108335837588,5.));
#8955=CARTESIAN_POINT('Ctrl Pts',(-2.62368176933354,-5.35188587443849,0.));
#8956=CARTESIAN_POINT('Ctrl Pts',(-2.62368176933354,-5.35188587443849,5.));
#8957=CARTESIAN_POINT('Ctrl Pts',(-2.61448284899785,-5.34264385958727,0.));
#8958=CARTESIAN_POINT('Ctrl Pts',(-2.61448284899785,-5.34264385958727,5.));
#8959=CARTESIAN_POINT('Ctrl Pts',(-2.60536175320318,-5.33335654277967,0.));
#8960=CARTESIAN_POINT('Ctrl Pts',(-2.60536175320318,-5.33335654277967,5.));
#8961=CARTESIAN_POINT('Ctrl Pts',(-2.59632194766745,-5.32402224259758,0.));
#8962=CARTESIAN_POINT('Ctrl Pts',(-2.59632194766745,-5.32402224259758,5.));
#8963=CARTESIAN_POINT('Ctrl Pts',(-2.58736769671637,-5.314638827007,0.));
#8964=CARTESIAN_POINT('Ctrl Pts',(-2.58736769671637,-5.314638827007,5.));
#8965=CARTESIAN_POINT('Ctrl Pts',(-2.57850303614551,-5.3052043068385,0.));
#8966=CARTESIAN_POINT('Ctrl Pts',(-2.57850303614551,-5.3052043068385,5.));
#8967=CARTESIAN_POINT('Ctrl Pts',(-2.56973077317755,-5.29571741359121,0.));
#8968=CARTESIAN_POINT('Ctrl Pts',(-2.56973077317755,-5.29571741359121,5.));
#8969=CARTESIAN_POINT('Ctrl Pts',(-2.5610515929462,-5.28617811591683,0.));
#8970=CARTESIAN_POINT('Ctrl Pts',(-2.5610515929462,-5.28617811591683,5.));
#8971=CARTESIAN_POINT('Ctrl Pts',(-2.5524628013995,-5.27658834553518,0.));
#8972=CARTESIAN_POINT('Ctrl Pts',(-2.5524628013995,-5.27658834553518,5.));
#8973=CARTESIAN_POINT('Ctrl Pts',(-2.54396029280384,-5.26695086572915,0.));
#8974=CARTESIAN_POINT('Ctrl Pts',(-2.54396029280384,-5.26695086572915,5.));
#8975=CARTESIAN_POINT('Ctrl Pts',(-2.53554099790958,-5.25726786302168,0.));
#8976=CARTESIAN_POINT('Ctrl Pts',(-2.53554099790958,-5.25726786302168,5.));
#8977=CARTESIAN_POINT('Ctrl Pts',(-2.5272052673924,-5.24753957604589,0.));
#8978=CARTESIAN_POINT('Ctrl Pts',(-2.5272052673924,-5.24753957604589,5.));
#8979=CARTESIAN_POINT('Ctrl Pts',(-2.51895904985867,-5.23776304299406,0.));
#8980=CARTESIAN_POINT('Ctrl Pts',(-2.51895904985867,-5.23776304299406,5.));
#8981=CARTESIAN_POINT('Ctrl Pts',(-2.51081678795752,-5.22793043480924,0.));
#8982=CARTESIAN_POINT('Ctrl Pts',(-2.51081678795752,-5.22793043480924,5.));
#8983=CARTESIAN_POINT('Ctrl Pts',(-2.50279679778504,-5.21803172532252,0.));
#8984=CARTESIAN_POINT('Ctrl Pts',(-2.50279679778504,-5.21803172532252,5.));
#8985=CARTESIAN_POINT('Ctrl Pts',(-2.49491575240597,-5.20805787893897,0.));
#8986=CARTESIAN_POINT('Ctrl Pts',(-2.49491575240597,-5.20805787893897,5.));
#8987=CARTESIAN_POINT('Ctrl Pts',(-2.48718329210749,-5.19800396380482,0.));
#8988=CARTESIAN_POINT('Ctrl Pts',(-2.48718329210749,-5.19800396380482,5.));
#8989=CARTESIAN_POINT('Ctrl Pts',(-2.47959700520876,-5.18787205450993,0.));
#8990=CARTESIAN_POINT('Ctrl Pts',(-2.47959700520876,-5.18787205450993,5.));
#8991=CARTESIAN_POINT('Ctrl Pts',(-2.47213607714321,-5.17767489451417,0.));
#8992=CARTESIAN_POINT('Ctrl Pts',(-2.47213607714321,-5.17767489451417,5.));
#8993=CARTESIAN_POINT('Ctrl Pts',(-2.46477346022126,-5.16742898697013,0.));
#8994=CARTESIAN_POINT('Ctrl Pts',(-2.46477346022126,-5.16742898697013,5.));
#8995=CARTESIAN_POINT('Ctrl Pts',(-2.45748964017908,-5.15714677312246,0.));
#8996=CARTESIAN_POINT('Ctrl Pts',(-2.45748964017908,-5.15714677312246,5.));
#8997=CARTESIAN_POINT('Ctrl Pts',(-2.45028604817582,-5.14682901567701,0.));
#8998=CARTESIAN_POINT('Ctrl Pts',(-2.45028604817582,-5.14682901567701,5.));
#8999=CARTESIAN_POINT('Ctrl Pts',(-2.44319815391597,-5.13645735888374,0.));
#9000=CARTESIAN_POINT('Ctrl Pts',(-2.44319815391597,-5.13645735888374,5.));
#9001=CARTESIAN_POINT('Ctrl Pts',(-2.43631007374134,-5.1259860387819,0.));
#9002=CARTESIAN_POINT('Ctrl Pts',(-2.43631007374134,-5.1259860387819,5.));
#9003=CARTESIAN_POINT('Ctrl Pts',(-2.42973128485176,-5.11535487445674,0.));
#9004=CARTESIAN_POINT('Ctrl Pts',(-2.42973128485176,-5.11535487445674,5.));
#9005=CARTESIAN_POINT('Ctrl Pts',(-2.42480349114917,-5.10667358957365,0.));
#9006=CARTESIAN_POINT('Ctrl Pts',(-2.42480349114917,-5.10667358957365,5.));
#9007=CARTESIAN_POINT('Ctrl Pts',(-2.42133474658708,-5.10004210127061,0.));
#9008=CARTESIAN_POINT('Ctrl Pts',(-2.42133474658708,-5.10004210127061,5.));
#9009=CARTESIAN_POINT('Ctrl Pts',(-2.41912808389263,-5.09556482544621,0.));
#9010=CARTESIAN_POINT('Ctrl Pts',(-2.41912808389263,-5.09556482544621,5.));
#9011=CARTESIAN_POINT('Ctrl Pts',(-2.41805121108369,-5.0933121165621,0.));
#9012=CARTESIAN_POINT('Ctrl Pts',(-2.41805121108369,-5.0933121165621,5.));
#9013=CARTESIAN_POINT('',(-3.09386762117469,-5.71646596619335,3.));
#9014=CARTESIAN_POINT('Ctrl Pts',(-2.41805121108369,-5.0933121165621,3.));
#9015=CARTESIAN_POINT('Ctrl Pts',(-2.42084645580071,-5.09915948549464,3.));
#9016=CARTESIAN_POINT('Ctrl Pts',(-2.42386037534218,-5.10489045709436,3.));
#9017=CARTESIAN_POINT('Ctrl Pts',(-2.42706257557334,-5.11052186523141,3.));
#9018=CARTESIAN_POINT('Ctrl Pts',(-2.43146020047155,-5.11825555421017,3.));
#9019=CARTESIAN_POINT('Ctrl Pts',(-2.43620922605654,-5.12580356520576,3.));
#9020=CARTESIAN_POINT('Ctrl Pts',(-2.44113806781599,-5.13326053440054,3.));
#9021=CARTESIAN_POINT('Ctrl Pts',(-2.44488092700884,-5.13892320061375,3.));
#9022=CARTESIAN_POINT('Ctrl Pts',(-2.44872366611017,-5.14453547595994,3.));
#9023=CARTESIAN_POINT('Ctrl Pts',(-2.45260959066592,-5.15012815715652,3.));
#9024=CARTESIAN_POINT('Ctrl Pts',(-2.4567721744562,-5.15611901049378,3.));
#9025=CARTESIAN_POINT('Ctrl Pts',(-2.4609844403269,-5.16208729533817,3.));
#9026=CARTESIAN_POINT('Ctrl Pts',(-2.46523478308772,-5.16803816204247,3.));
#9027=CARTESIAN_POINT('Ctrl Pts',(-2.47184285730462,-5.17729006737101,3.));
#9028=CARTESIAN_POINT('Ctrl Pts',(-2.47854786472879,-5.18649699439074,3.));
#9029=CARTESIAN_POINT('Ctrl Pts',(-2.48542476075231,-5.19561254695949,3.));
#9030=CARTESIAN_POINT('Ctrl Pts',(-2.49098195459966,-5.20297879075276,3.));
#9031=CARTESIAN_POINT('Ctrl Pts',(-2.49665509413739,-5.210283312808,3.));
#9032=CARTESIAN_POINT('Ctrl Pts',(-2.50244221003494,-5.21752609309994,3.));
#9033=CARTESIAN_POINT('Ctrl Pts',(-2.51120412132597,-5.22849193507406,3.));
#9034=CARTESIAN_POINT('Ctrl Pts',(-2.5202189452291,-5.23932103591288,3.));
#9035=CARTESIAN_POINT('Ctrl Pts',(-2.52938993507892,-5.25006595751795,3.));
#9036=CARTESIAN_POINT('Ctrl Pts',(-2.53767935953715,-5.25977801885631,3.));
#9037=CARTESIAN_POINT('Ctrl Pts',(-2.54609568715152,-5.26942172193297,3.));
#9038=CARTESIAN_POINT('Ctrl Pts',(-2.55463872187009,-5.27899523700564,3.));
#9039=CARTESIAN_POINT('Ctrl Pts',(-2.56411370703226,-5.28961311651235,3.));
#9040=CARTESIAN_POINT('Ctrl Pts',(-2.57375259522042,-5.30014002702975,3.));
#9041=CARTESIAN_POINT('Ctrl Pts',(-2.58356216430077,-5.31056979070632,3.));
#9042=CARTESIAN_POINT('Ctrl Pts',(-2.5967120136333,-5.32455101860711,3.));
#9043=CARTESIAN_POINT('Ctrl Pts',(-2.61016047331991,-5.33836233235244,3.));
#9044=CARTESIAN_POINT('Ctrl Pts',(-2.62385538178653,-5.3520290510454,3.));
#9045=CARTESIAN_POINT('Ctrl Pts',(-2.64230667219531,-5.37044236108348,3.));
#9046=CARTESIAN_POINT('Ctrl Pts',(-2.66121204893596,-5.38858930083067,3.));
#9047=CARTESIAN_POINT('Ctrl Pts',(-2.68055653447268,-5.40646833575586,3.));
#9048=CARTESIAN_POINT('Ctrl Pts',(-2.70021987113872,-5.42464206709291,3.));
#9049=CARTESIAN_POINT('Ctrl Pts',(-2.72032924543665,-5.44254343320138,3.));
#9050=CARTESIAN_POINT('Ctrl Pts',(-2.74084519718652,-5.46018563248506,3.));
#9051=CARTESIAN_POINT('Ctrl Pts',(-2.77730924548582,-5.49154201383306,3.));
#9052=CARTESIAN_POINT('Ctrl Pts',(-2.81507063621341,-5.52207189059145,3.));
#9053=CARTESIAN_POINT('Ctrl Pts',(-2.85399369498825,-5.55180515595075,3.));
#9054=CARTESIAN_POINT('Ctrl Pts',(-2.89429167394273,-5.58258872074274,3.));
#9055=CARTESIAN_POINT('Ctrl Pts',(-2.93583749188156,-5.61251645745377,3.));
#9056=CARTESIAN_POINT('Ctrl Pts',(-2.97852422739507,-5.64160204336207,3.));
#9057=CARTESIAN_POINT('Ctrl Pts',(-3.0121395061252,-5.6645065842124,3.));
#9058=CARTESIAN_POINT('Ctrl Pts',(-3.04646047220484,-5.68688724393768,3.));
#9059=CARTESIAN_POINT('Ctrl Pts',(-3.08145055480456,-5.70874759916662,3.));
#9060=CARTESIAN_POINT('Ctrl Pts',(-3.08558019122856,-5.71132762506218,3.));
#9061=CARTESIAN_POINT('Ctrl Pts',(-3.08971921508806,-5.71390041289421,3.));
#9062=CARTESIAN_POINT('Ctrl Pts',(-3.09386762117469,-5.71646596619336,3.));
#9063=CARTESIAN_POINT('',(-3.09386762117469,-5.71646596619335,0.));
#9064=CARTESIAN_POINT('',(-3.09386762117469,-5.71646596619335,0.));
#9065=CARTESIAN_POINT('Ctrl Pts',(-2.41805121108369,-5.0933121165621,0.));
#9066=CARTESIAN_POINT('Ctrl Pts',(-2.41912808389263,-5.09556482544621,0.));
#9067=CARTESIAN_POINT('Ctrl Pts',(-2.42133474658708,-5.10004210127061,0.));
#9068=CARTESIAN_POINT('Ctrl Pts',(-2.42480349114917,-5.10667358957365,0.));
#9069=CARTESIAN_POINT('Ctrl Pts',(-2.42973128485176,-5.11535487445674,0.));
#9070=CARTESIAN_POINT('Ctrl Pts',(-2.43631007374134,-5.1259860387819,0.));
#9071=CARTESIAN_POINT('Ctrl Pts',(-2.44319815391597,-5.13645735888374,0.));
#9072=CARTESIAN_POINT('Ctrl Pts',(-2.45028604817582,-5.14682901567701,0.));
#9073=CARTESIAN_POINT('Ctrl Pts',(-2.45748964017908,-5.15714677312246,0.));
#9074=CARTESIAN_POINT('Ctrl Pts',(-2.46477346022126,-5.16742898697013,0.));
#9075=CARTESIAN_POINT('Ctrl Pts',(-2.47213607714321,-5.17767489451417,0.));
#9076=CARTESIAN_POINT('Ctrl Pts',(-2.47959700520876,-5.18787205450993,0.));
#9077=CARTESIAN_POINT('Ctrl Pts',(-2.48718329210749,-5.19800396380482,0.));
#9078=CARTESIAN_POINT('Ctrl Pts',(-2.49491575240597,-5.20805787893897,0.));
#9079=CARTESIAN_POINT('Ctrl Pts',(-2.50279679778504,-5.21803172532252,0.));
#9080=CARTESIAN_POINT('Ctrl Pts',(-2.51081678795752,-5.22793043480924,0.));
#9081=CARTESIAN_POINT('Ctrl Pts',(-2.51895904985867,-5.23776304299406,0.));
#9082=CARTESIAN_POINT('Ctrl Pts',(-2.5272052673924,-5.24753957604589,0.));
#9083=CARTESIAN_POINT('Ctrl Pts',(-2.53554099790958,-5.25726786302168,0.));
#9084=CARTESIAN_POINT('Ctrl Pts',(-2.54396029280384,-5.26695086572915,0.));
#9085=CARTESIAN_POINT('Ctrl Pts',(-2.5524628013995,-5.27658834553518,0.));
#9086=CARTESIAN_POINT('Ctrl Pts',(-2.5610515929462,-5.28617811591683,0.));
#9087=CARTESIAN_POINT('Ctrl Pts',(-2.56973077317755,-5.29571741359121,0.));
#9088=CARTESIAN_POINT('Ctrl Pts',(-2.57850303614551,-5.3052043068385,0.));
#9089=CARTESIAN_POINT('Ctrl Pts',(-2.58736769671637,-5.314638827007,0.));
#9090=CARTESIAN_POINT('Ctrl Pts',(-2.59632194766745,-5.32402224259758,0.));
#9091=CARTESIAN_POINT('Ctrl Pts',(-2.60536175320318,-5.33335654277967,0.));
#9092=CARTESIAN_POINT('Ctrl Pts',(-2.61448284899785,-5.34264385958727,0.));
#9093=CARTESIAN_POINT('Ctrl Pts',(-2.62368176933354,-5.35188587443849,0.));
#9094=CARTESIAN_POINT('Ctrl Pts',(-2.63295664251212,-5.36108335837588,0.));
#9095=CARTESIAN_POINT('Ctrl Pts',(-2.64230663210501,-5.37023649355965,0.));
#9096=CARTESIAN_POINT('Ctrl Pts',(-2.65173154598617,-5.37934509797168,0.));
#9097=CARTESIAN_POINT('Ctrl Pts',(-2.66123139524555,-5.38840887906307,0.));
#9098=CARTESIAN_POINT('Ctrl Pts',(-2.6708059400847,-5.39742769488465,0.));
#9099=CARTESIAN_POINT('Ctrl Pts',(-2.68045434346238,-5.40640175318806,0.));
#9100=CARTESIAN_POINT('Ctrl Pts',(-2.6901754086662,-5.41533147423444,0.));
#9101=CARTESIAN_POINT('Ctrl Pts',(-2.69996773998327,-5.42421739791497,0.));
#9102=CARTESIAN_POINT('Ctrl Pts',(-2.70982992619087,-5.43306007773844,0.));
#9103=CARTESIAN_POINT('Ctrl Pts',(-2.71976072844398,-5.44185997232318,0.));
#9104=CARTESIAN_POINT('Ctrl Pts',(-2.72975922155946,-5.45061736369964,0.));
#9105=CARTESIAN_POINT('Ctrl Pts',(-2.73982468924103,-5.45933241712911,0.));
#9106=CARTESIAN_POINT('Ctrl Pts',(-2.74995655172591,-5.46800522229029,0.));
#9107=CARTESIAN_POINT('Ctrl Pts',(-2.76015428325285,-5.47663584036545,0.));
#9108=CARTESIAN_POINT('Ctrl Pts',(-2.77041732705829,-5.48522435251607,0.));
#9109=CARTESIAN_POINT('Ctrl Pts',(-2.78074503021989,-5.49377089712956,0.));
#9110=CARTESIAN_POINT('Ctrl Pts',(-2.79113668801276,-5.5022756448515,0.));
#9111=CARTESIAN_POINT('Ctrl Pts',(-2.80159157351555,-5.51073878205647,0.));
#9112=CARTESIAN_POINT('Ctrl Pts',(-2.81210897138292,-5.51916049192511,0.));
#9113=CARTESIAN_POINT('Ctrl Pts',(-2.82268821189701,-5.52754093553069,0.));
#9114=CARTESIAN_POINT('Ctrl Pts',(-2.83332869696162,-5.53588023715359,0.));
#9115=CARTESIAN_POINT('Ctrl Pts',(-2.84402987934933,-5.54417849424991,0.));
#9116=CARTESIAN_POINT('Ctrl Pts',(-2.85479124739793,-5.55243578455348,0.));
#9117=CARTESIAN_POINT('Ctrl Pts',(-2.8656123077494,-5.56065217435104,0.));
#9118=CARTESIAN_POINT('Ctrl Pts',(-2.87649256722761,-5.56882772703174,0.));
#9119=CARTESIAN_POINT('Ctrl Pts',(-2.8874315184266,-5.57696251036827,0.));
#9120=CARTESIAN_POINT('Ctrl Pts',(-2.89842865190848,-5.58505659355699,0.));
#9121=CARTESIAN_POINT('Ctrl Pts',(-2.90948346512415,-5.59311004570505,0.));
#9122=CARTESIAN_POINT('Ctrl Pts',(-2.92059547186516,-5.60112293402956,0.));
#9123=CARTESIAN_POINT('Ctrl Pts',(-2.93176421183147,-5.60909532253062,0.));
#9124=CARTESIAN_POINT('Ctrl Pts',(-2.94298925756942,-5.61702727061087,0.));
#9125=CARTESIAN_POINT('Ctrl Pts',(-2.95427020171061,-5.62491883069908,0.));
#9126=CARTESIAN_POINT('Ctrl Pts',(-2.96560664566392,-5.63277004613168,0.));
#9127=CARTESIAN_POINT('Ctrl Pts',(-2.97699818773724,-5.64058094931587,0.));
#9128=CARTESIAN_POINT('Ctrl Pts',(-2.98844441021451,-5.64835155982401,0.));
#9129=CARTESIAN_POINT('Ctrl Pts',(-2.99994486896274,-5.65608188346861,0.));
#9130=CARTESIAN_POINT('Ctrl Pts',(-3.01149911523611,-5.66377192010302,0.));
#9131=CARTESIAN_POINT('Ctrl Pts',(-3.02310671486551,-5.67142167106686,0.));
#9132=CARTESIAN_POINT('Ctrl Pts',(-3.03476726793474,-5.67903114692508,0.));
#9133=CARTESIAN_POINT('Ctrl Pts',(-3.0464804282047,-5.68660037569312,0.));
#9134=CARTESIAN_POINT('Ctrl Pts',(-3.05824592144149,-5.69412941032256,0.));
#9135=CARTESIAN_POINT('Ctrl Pts',(-3.07006354117793,-5.7016183147563,0.));
#9136=CARTESIAN_POINT('Ctrl Pts',(-3.07955922441678,-5.70757738384052,0.));
#9137=CARTESIAN_POINT('Ctrl Pts',(-3.08670434290151,-5.71202867631955,0.));
#9138=CARTESIAN_POINT('Ctrl Pts',(-3.09147813224665,-5.71498820315025,0.));
#9139=CARTESIAN_POINT('Ctrl Pts',(-3.09386762117469,-5.71646596619336,0.));
#9140=CARTESIAN_POINT('Origin',(1.31171348044864E-12,2.27198908757956E-12,
0.));
#9141=CARTESIAN_POINT('',(-3.40367093600526,-5.53760093898008,3.));
#9142=CARTESIAN_POINT('Origin',(1.31171348044864E-12,2.27198908757956E-12,
3.));
#9143=CARTESIAN_POINT('',(-3.40367093600526,-5.53760093898008,0.));
#9144=CARTESIAN_POINT('',(-3.40367093600526,-5.53760093898008,0.));
#9145=CARTESIAN_POINT('Origin',(1.31171348044864E-12,2.27198908757956E-12,
0.));
#9146=CARTESIAN_POINT('Ctrl Pts',(-3.20191207680403,-4.64074983473125,0.));
#9147=CARTESIAN_POINT('Ctrl Pts',(-3.20191207680403,-4.64074983473125,5.));
#9148=CARTESIAN_POINT('Ctrl Pts',(-3.20332454352053,-4.64280878838249,0.));
#9149=CARTESIAN_POINT('Ctrl Pts',(-3.20332454352053,-4.64280878838249,5.));
#9150=CARTESIAN_POINT('Ctrl Pts',(-3.20609864677698,-4.64695845224566,0.));
#9151=CARTESIAN_POINT('Ctrl Pts',(-3.20609864677698,-4.64695845224566,5.));
#9152=CARTESIAN_POINT('Ctrl Pts',(-3.21010731183127,-4.6532782173072,0.));
#9153=CARTESIAN_POINT('Ctrl Pts',(-3.21010731183127,-4.6532782173072,5.));
#9154=CARTESIAN_POINT('Ctrl Pts',(-3.21516162822622,-4.66188645427979,0.));
#9155=CARTESIAN_POINT('Ctrl Pts',(-3.21516162822622,-4.66188645427979,5.));
#9156=CARTESIAN_POINT('Ctrl Pts',(-3.22107909215882,-4.67289943474689,0.));
#9157=CARTESIAN_POINT('Ctrl Pts',(-3.22107909215882,-4.67289943474689,5.));
#9158=CARTESIAN_POINT('Ctrl Pts',(-3.22670348129086,-4.68410034721234,0.));
#9159=CARTESIAN_POINT('Ctrl Pts',(-3.22670348129086,-4.68410034721234,5.));
#9160=CARTESIAN_POINT('Ctrl Pts',(-3.23214165242324,-4.69542447209734,0.));
#9161=CARTESIAN_POINT('Ctrl Pts',(-3.23214165242324,-4.69542447209734,5.));
#9162=CARTESIAN_POINT('Ctrl Pts',(-3.23747529647946,-4.70682184449339,0.));
#9163=CARTESIAN_POINT('Ctrl Pts',(-3.23747529647946,-4.70682184449339,5.));
#9164=CARTESIAN_POINT('Ctrl Pts',(-3.24273804485759,-4.71827092461035,0.));
#9165=CARTESIAN_POINT('Ctrl Pts',(-3.24273804485759,-4.71827092461035,5.));
#9166=CARTESIAN_POINT('Ctrl Pts',(-3.24792995261459,-4.72977009167511,0.));
#9167=CARTESIAN_POINT('Ctrl Pts',(-3.24792995261459,-4.72977009167511,5.));
#9168=CARTESIAN_POINT('Ctrl Pts',(-3.25303048818459,-4.74133002491356,0.));
#9169=CARTESIAN_POINT('Ctrl Pts',(-3.25303048818459,-4.74133002491356,5.));
#9170=CARTESIAN_POINT('Ctrl Pts',(-3.25801183557344,-4.75296589673571,0.));
#9171=CARTESIAN_POINT('Ctrl Pts',(-3.25801183557344,-4.75296589673571,5.));
#9172=CARTESIAN_POINT('Ctrl Pts',(-3.26285255133787,-4.76468936135502,0.));
#9173=CARTESIAN_POINT('Ctrl Pts',(-3.26285255133787,-4.76468936135502,5.));
#9174=CARTESIAN_POINT('Ctrl Pts',(-3.26754963298993,-4.77650147005345,0.));
#9175=CARTESIAN_POINT('Ctrl Pts',(-3.26754963298993,-4.77650147005345,5.));
#9176=CARTESIAN_POINT('Ctrl Pts',(-3.27211217178387,-4.78839634002428,0.));
#9177=CARTESIAN_POINT('Ctrl Pts',(-3.27211217178387,-4.78839634002428,5.));
#9178=CARTESIAN_POINT('Ctrl Pts',(-3.27655632930681,-4.80036404976735,0.));
#9179=CARTESIAN_POINT('Ctrl Pts',(-3.27655632930681,-4.80036404976735,5.));
#9180=CARTESIAN_POINT('Ctrl Pts',(-3.28089994652377,-4.81239375016261,0.));
#9181=CARTESIAN_POINT('Ctrl Pts',(-3.28089994652377,-4.81239375016261,5.));
#9182=CARTESIAN_POINT('Ctrl Pts',(-3.28515702492152,-4.82447684803748,0.));
#9183=CARTESIAN_POINT('Ctrl Pts',(-3.28515702492152,-4.82447684803748,5.));
#9184=CARTESIAN_POINT('Ctrl Pts',(-3.28933310380397,-4.8366096726516,0.));
#9185=CARTESIAN_POINT('Ctrl Pts',(-3.28933310380397,-4.8366096726516,5.));
#9186=CARTESIAN_POINT('Ctrl Pts',(-3.29342815184662,-4.84879180099435,0.));
#9187=CARTESIAN_POINT('Ctrl Pts',(-3.29342815184662,-4.84879180099435,5.));
#9188=CARTESIAN_POINT('Ctrl Pts',(-3.29743874084024,-4.86102479785243,0.));
#9189=CARTESIAN_POINT('Ctrl Pts',(-3.29743874084024,-4.86102479785243,5.));
#9190=CARTESIAN_POINT('Ctrl Pts',(-3.30136042484485,-4.87331083725398,0.));
#9191=CARTESIAN_POINT('Ctrl Pts',(-3.30136042484485,-4.87331083725398,5.));
#9192=CARTESIAN_POINT('Ctrl Pts',(-3.305190183916,-4.88565128645656,0.));
#9193=CARTESIAN_POINT('Ctrl Pts',(-3.305190183916,-4.88565128645656,5.));
#9194=CARTESIAN_POINT('Ctrl Pts',(-3.30892838776902,-4.8980455677911,0.));
#9195=CARTESIAN_POINT('Ctrl Pts',(-3.30892838776902,-4.8980455677911,5.));
#9196=CARTESIAN_POINT('Ctrl Pts',(-3.31257753856918,-4.91049188438189,0.));
#9197=CARTESIAN_POINT('Ctrl Pts',(-3.31257753856918,-4.91049188438189,5.));
#9198=CARTESIAN_POINT('Ctrl Pts',(-3.31614137688556,-4.92298773571215,0.));
#9199=CARTESIAN_POINT('Ctrl Pts',(-3.31614137688556,-4.92298773571215,5.));
#9200=CARTESIAN_POINT('Ctrl Pts',(-3.3196238812766,-4.93553049478448,0.));
#9201=CARTESIAN_POINT('Ctrl Pts',(-3.3196238812766,-4.93553049478448,5.));
#9202=CARTESIAN_POINT('Ctrl Pts',(-3.32302824075206,-4.94811800090819,0.));
#9203=CARTESIAN_POINT('Ctrl Pts',(-3.32302824075206,-4.94811800090819,5.));
#9204=CARTESIAN_POINT('Ctrl Pts',(-3.32635605890345,-4.96074901866642,0.));
#9205=CARTESIAN_POINT('Ctrl Pts',(-3.32635605890345,-4.96074901866642,5.));
#9206=CARTESIAN_POINT('Ctrl Pts',(-3.32960791170042,-4.97342291477086,0.));
#9207=CARTESIAN_POINT('Ctrl Pts',(-3.32960791170042,-4.97342291477086,5.));
#9208=CARTESIAN_POINT('Ctrl Pts',(-3.33278373757369,-4.98613943182645,0.));
#9209=CARTESIAN_POINT('Ctrl Pts',(-3.33278373757369,-4.98613943182645,5.));
#9210=CARTESIAN_POINT('Ctrl Pts',(-3.33588327762348,-4.99889843316289,0.));
#9211=CARTESIAN_POINT('Ctrl Pts',(-3.33588327762348,-4.99889843316289,5.));
#9212=CARTESIAN_POINT('Ctrl Pts',(-3.33890652881744,-5.01169964013405,0.));
#9213=CARTESIAN_POINT('Ctrl Pts',(-3.33890652881744,-5.01169964013405,5.));
#9214=CARTESIAN_POINT('Ctrl Pts',(-3.3418540895944,-5.02454243171679,0.));
#9215=CARTESIAN_POINT('Ctrl Pts',(-3.3418540895944,-5.02454243171679,5.));
#9216=CARTESIAN_POINT('Ctrl Pts',(-3.34472692226737,-5.03742598165833,0.));
#9217=CARTESIAN_POINT('Ctrl Pts',(-3.34472692226737,-5.03742598165833,5.));
#9218=CARTESIAN_POINT('Ctrl Pts',(-3.34752619225226,-5.05034935118145,0.));
#9219=CARTESIAN_POINT('Ctrl Pts',(-3.34752619225226,-5.05034935118145,5.));
#9220=CARTESIAN_POINT('Ctrl Pts',(-3.35025308451312,-5.06331159488583,0.));
#9221=CARTESIAN_POINT('Ctrl Pts',(-3.35025308451312,-5.06331159488583,5.));
#9222=CARTESIAN_POINT('Ctrl Pts',(-3.35290861564757,-5.07631186920934,0.));
#9223=CARTESIAN_POINT('Ctrl Pts',(-3.35290861564757,-5.07631186920934,5.));
#9224=CARTESIAN_POINT('Ctrl Pts',(-3.35549349249273,-5.08934951393514,0.));
#9225=CARTESIAN_POINT('Ctrl Pts',(-3.35549349249273,-5.08934951393514,5.));
#9226=CARTESIAN_POINT('Ctrl Pts',(-3.3580082163172,-5.10242399136309,0.));
#9227=CARTESIAN_POINT('Ctrl Pts',(-3.3580082163172,-5.10242399136309,5.));
#9228=CARTESIAN_POINT('Ctrl Pts',(-3.36045315466642,-5.11553484424324,0.));
#9229=CARTESIAN_POINT('Ctrl Pts',(-3.36045315466642,-5.11553484424324,5.));
#9230=CARTESIAN_POINT('Ctrl Pts',(-3.3628286234064,-5.12868164784412,0.));
#9231=CARTESIAN_POINT('Ctrl Pts',(-3.3628286234064,-5.12868164784412,5.));
#9232=CARTESIAN_POINT('Ctrl Pts',(-3.36513497120682,-5.1418639605751,0.));
#9233=CARTESIAN_POINT('Ctrl Pts',(-3.36513497120682,-5.1418639605751,5.));
#9234=CARTESIAN_POINT('Ctrl Pts',(-3.36737264437589,-5.15508128618253,0.));
#9235=CARTESIAN_POINT('Ctrl Pts',(-3.36737264437589,-5.15508128618253,5.));
#9236=CARTESIAN_POINT('Ctrl Pts',(-3.36954214305943,-5.16833309967956,0.));
#9237=CARTESIAN_POINT('Ctrl Pts',(-3.36954214305943,-5.16833309967956,5.));
#9238=CARTESIAN_POINT('Ctrl Pts',(-3.37164399212325,-5.18161886472111,0.));
#9239=CARTESIAN_POINT('Ctrl Pts',(-3.37164399212325,-5.18161886472111,5.));
#9240=CARTESIAN_POINT('Ctrl Pts',(-3.37367870787911,-5.19493805339029,0.));
#9241=CARTESIAN_POINT('Ctrl Pts',(-3.37367870787911,-5.19493805339029,5.));
#9242=CARTESIAN_POINT('Ctrl Pts',(-3.37564676467948,-5.20829016623102,0.));
#9243=CARTESIAN_POINT('Ctrl Pts',(-3.37564676467948,-5.20829016623102,5.));
#9244=CARTESIAN_POINT('Ctrl Pts',(-3.37754856920242,-5.22167474741702,0.));
#9245=CARTESIAN_POINT('Ctrl Pts',(-3.37754856920242,-5.22167474741702,5.));
#9246=CARTESIAN_POINT('Ctrl Pts',(-3.37938447946112,-5.23509137176347,0.));
#9247=CARTESIAN_POINT('Ctrl Pts',(-3.37938447946112,-5.23509137176347,5.));
#9248=CARTESIAN_POINT('Ctrl Pts',(-3.38115481860614,-5.24853963502481,0.));
#9249=CARTESIAN_POINT('Ctrl Pts',(-3.38115481860614,-5.24853963502481,5.));
#9250=CARTESIAN_POINT('Ctrl Pts',(-3.38285989072248,-5.26201914308385,0.));
#9251=CARTESIAN_POINT('Ctrl Pts',(-3.38285989072248,-5.26201914308385,5.));
#9252=CARTESIAN_POINT('Ctrl Pts',(-3.38449999729484,-5.27552950053209,0.));
#9253=CARTESIAN_POINT('Ctrl Pts',(-3.38449999729484,-5.27552950053209,5.));
#9254=CARTESIAN_POINT('Ctrl Pts',(-3.38607545071906,-5.28907030182945,0.));
#9255=CARTESIAN_POINT('Ctrl Pts',(-3.38607545071906,-5.28907030182945,5.));
#9256=CARTESIAN_POINT('Ctrl Pts',(-3.3875865656399,-5.30264114038792,0.));
#9257=CARTESIAN_POINT('Ctrl Pts',(-3.3875865656399,-5.30264114038792,5.));
#9258=CARTESIAN_POINT('Ctrl Pts',(-3.38903365318045,-5.31624161554081,0.));
#9259=CARTESIAN_POINT('Ctrl Pts',(-3.38903365318045,-5.31624161554081,5.));
#9260=CARTESIAN_POINT('Ctrl Pts',(-3.39041701465666,-5.3298713398278,0.));
#9261=CARTESIAN_POINT('Ctrl Pts',(-3.39041701465666,-5.3298713398278,5.));
#9262=CARTESIAN_POINT('Ctrl Pts',(-3.39173693564426,-5.34352994661742,0.));
#9263=CARTESIAN_POINT('Ctrl Pts',(-3.39173693564426,-5.34352994661742,5.));
#9264=CARTESIAN_POINT('Ctrl Pts',(-3.39299368131428,-5.35721709542525,0.));
#9265=CARTESIAN_POINT('Ctrl Pts',(-3.39299368131428,-5.35721709542525,5.));
#9266=CARTESIAN_POINT('Ctrl Pts',(-3.39418750075557,-5.37093245967431,0.));
#9267=CARTESIAN_POINT('Ctrl Pts',(-3.39418750075557,-5.37093245967431,5.));
#9268=CARTESIAN_POINT('Ctrl Pts',(-3.39531863079413,-5.38467571584275,0.));
#9269=CARTESIAN_POINT('Ctrl Pts',(-3.39531863079413,-5.38467571584275,5.));
#9270=CARTESIAN_POINT('Ctrl Pts',(-3.39638730034148,-5.39844653225862,0.));
#9271=CARTESIAN_POINT('Ctrl Pts',(-3.39638730034148,-5.39844653225862,5.));
#9272=CARTESIAN_POINT('Ctrl Pts',(-3.3973937352058,-5.41224455695537,0.));
#9273=CARTESIAN_POINT('Ctrl Pts',(-3.3973937352058,-5.41224455695537,5.));
#9274=CARTESIAN_POINT('Ctrl Pts',(-3.39833816248738,-5.42606940820881,0.));
#9275=CARTESIAN_POINT('Ctrl Pts',(-3.39833816248738,-5.42606940820881,5.));
#9276=CARTESIAN_POINT('Ctrl Pts',(-3.39922080643213,-5.43992069732034,0.));
#9277=CARTESIAN_POINT('Ctrl Pts',(-3.39922080643213,-5.43992069732034,5.));
#9278=CARTESIAN_POINT('Ctrl Pts',(-3.40004188528475,-5.45379804895828,0.));
#9279=CARTESIAN_POINT('Ctrl Pts',(-3.40004188528475,-5.45379804895828,5.));
#9280=CARTESIAN_POINT('Ctrl Pts',(-3.40080160815283,-5.46770112206752,0.));
#9281=CARTESIAN_POINT('Ctrl Pts',(-3.40080160815283,-5.46770112206752,5.));
#9282=CARTESIAN_POINT('Ctrl Pts',(-3.40150017241804,-5.48162963080392,0.));
#9283=CARTESIAN_POINT('Ctrl Pts',(-3.40150017241804,-5.48162963080392,5.));
#9284=CARTESIAN_POINT('Ctrl Pts',(-3.4021377610547,-5.49558336414975,0.));
#9285=CARTESIAN_POINT('Ctrl Pts',(-3.4021377610547,-5.49558336414975,5.));
#9286=CARTESIAN_POINT('Ctrl Pts',(-3.40271453267261,-5.50956217527065,0.));
#9287=CARTESIAN_POINT('Ctrl Pts',(-3.40271453267261,-5.50956217527065,5.));
#9288=CARTESIAN_POINT('Ctrl Pts',(-3.40312739626303,-5.52076521272388,0.));
#9289=CARTESIAN_POINT('Ctrl Pts',(-3.40312739626303,-5.52076521272388,5.));
#9290=CARTESIAN_POINT('Ctrl Pts',(-3.40340976938718,-5.52917871308423,0.));
#9291=CARTESIAN_POINT('Ctrl Pts',(-3.40340976938718,-5.52917871308423,5.));
#9292=CARTESIAN_POINT('Ctrl Pts',(-3.40358590013318,-5.53479269934479,0.));
#9293=CARTESIAN_POINT('Ctrl Pts',(-3.40358590013318,-5.53479269934479,5.));
#9294=CARTESIAN_POINT('Ctrl Pts',(-3.40367093600526,-5.53760093898008,0.));
#9295=CARTESIAN_POINT('Ctrl Pts',(-3.40367093600526,-5.53760093898008,5.));
#9296=CARTESIAN_POINT('Ctrl Pts',(-3.40367093600526,-5.53760093898008,3.));
#9297=CARTESIAN_POINT('Ctrl Pts',(-3.40246692672058,-5.49783952404184,3.));
#9298=CARTESIAN_POINT('Ctrl Pts',(-3.40053635469611,-5.45837413085826,3.));
#9299=CARTESIAN_POINT('Ctrl Pts',(-3.3978626466284,-5.41922523520929,3.));
#9300=CARTESIAN_POINT('Ctrl Pts',(-3.39400032177901,-5.36267240720353,3.));
#9301=CARTESIAN_POINT('Ctrl Pts',(-3.38858752332816,-5.30678752577783,3.));
#9302=CARTESIAN_POINT('Ctrl Pts',(-3.38154117749959,-5.2516818941682,3.));
#9303=CARTESIAN_POINT('Ctrl Pts',(-3.37447402833406,-5.19641357099458,3.));
#9304=CARTESIAN_POINT('Ctrl Pts',(-3.36576639767206,-5.14192772785357,3.));
#9305=CARTESIAN_POINT('Ctrl Pts',(-3.35528338458003,-5.08837383478623,3.));
#9306=CARTESIAN_POINT('Ctrl Pts',(-3.34865699889982,-5.05452204551294,3.));
#9307=CARTESIAN_POINT('Ctrl Pts',(-3.34132571669756,-5.02104016674709,3.));
#9308=CARTESIAN_POINT('Ctrl Pts',(-3.33321716121789,-4.98799067229234,3.));
#9309=CARTESIAN_POINT('Ctrl Pts',(-3.32852861654206,-4.96888072950991,3.));
#9310=CARTESIAN_POINT('Ctrl Pts',(-3.32358557086551,-4.94991228630431,3.));
#9311=CARTESIAN_POINT('Ctrl Pts',(-3.31837982651674,-4.93109460019495,3.));
#9312=CARTESIAN_POINT('Ctrl Pts',(-3.31409479207571,-4.91560508943974,3.));
#9313=CARTESIAN_POINT('Ctrl Pts',(-3.30962823597716,-4.90021976632227,3.));
#9314=CARTESIAN_POINT('Ctrl Pts',(-3.30495099314126,-4.88495832835045,3.));
#9315=CARTESIAN_POINT('Ctrl Pts',(-3.29933614317671,-4.86663755958525,3.));
#9316=CARTESIAN_POINT('Ctrl Pts',(-3.29341312786256,-4.84849789938085,3.));
#9317=CARTESIAN_POINT('Ctrl Pts',(-3.2872248964582,-4.83052028664635,3.));
#9318=CARTESIAN_POINT('Ctrl Pts',(-3.2836999112897,-4.82027974874248,3.));
#9319=CARTESIAN_POINT('Ctrl Pts',(-3.2800919662557,-4.81009001992446,3.));
#9320=CARTESIAN_POINT('Ctrl Pts',(-3.27637922481547,-4.79996501551265,3.));
#9321=CARTESIAN_POINT('Ctrl Pts',(-3.27254450804171,-4.78950737258831,3.));
#9322=CARTESIAN_POINT('Ctrl Pts',(-3.26859245875846,-4.77912196852812,3.));
#9323=CARTESIAN_POINT('Ctrl Pts',(-3.26447779496927,-4.76883668916622,3.));
#9324=CARTESIAN_POINT('Ctrl Pts',(-3.26122928636294,-4.7607165072419,3.));
#9325=CARTESIAN_POINT('Ctrl Pts',(-3.25787769493835,-4.75265973416697,3.));
#9326=CARTESIAN_POINT('Ctrl Pts',(-3.25443346290789,-4.74466135517179,3.));
#9327=CARTESIAN_POINT('Ctrl Pts',(-3.25056132623574,-4.73566927323564,3.));
#9328=CARTESIAN_POINT('Ctrl Pts',(-3.24657803333225,-4.72674749161932,3.));
#9329=CARTESIAN_POINT('Ctrl Pts',(-3.24253185048139,-4.71787025588793,3.));
#9330=CARTESIAN_POINT('Ctrl Pts',(-3.23949721334324,-4.71121232908939,3.));
#9331=CARTESIAN_POINT('Ctrl Pts',(-3.23642908586749,-4.70457837503575,3.));
#9332=CARTESIAN_POINT('Ctrl Pts',(-3.23331446675489,-4.69797749733685,3.));
#9333=CARTESIAN_POINT('Ctrl Pts',(-3.23025923686443,-4.69150248446372,3.));
#9334=CARTESIAN_POINT('Ctrl Pts',(-3.22715938757675,-4.68505924383113,3.));
#9335=CARTESIAN_POINT('Ctrl Pts',(-3.22394704813162,-4.67868925705171,3.));
#9336=CARTESIAN_POINT('Ctrl Pts',(-3.22064104388168,-4.67213353536523,3.));
#9337=CARTESIAN_POINT('Ctrl Pts',(-3.21721166592902,-4.66565792741388,3.));
#9338=CARTESIAN_POINT('Ctrl Pts',(-3.21356494467759,-4.65931916343523,3.));
#9339=CARTESIAN_POINT('Ctrl Pts',(-3.21041983628929,-4.65385230748816,3.));
#9340=CARTESIAN_POINT('Ctrl Pts',(-3.20711105407476,-4.6484884316783,3.));
#9341=CARTESIAN_POINT('Ctrl Pts',(-3.20360462215859,-4.64324797246077,3.));
#9342=CARTESIAN_POINT('Ctrl Pts',(-3.20304538186042,-4.64241217240948,3.));
#9343=CARTESIAN_POINT('Ctrl Pts',(-3.20248120674988,-4.64157945582345,3.));
#9344=CARTESIAN_POINT('Ctrl Pts',(-3.20191207680403,-4.64074983473125,3.));
#9345=CARTESIAN_POINT('Ctrl Pts',(-3.20191207680403,-4.64074983473125,0.));
#9346=CARTESIAN_POINT('Ctrl Pts',(-3.20332454352053,-4.64280878838249,0.));
#9347=CARTESIAN_POINT('Ctrl Pts',(-3.20609864677698,-4.64695845224566,0.));
#9348=CARTESIAN_POINT('Ctrl Pts',(-3.21010731183127,-4.6532782173072,0.));
#9349=CARTESIAN_POINT('Ctrl Pts',(-3.21516162822622,-4.66188645427979,0.));
#9350=CARTESIAN_POINT('Ctrl Pts',(-3.22107909215882,-4.67289943474689,0.));
#9351=CARTESIAN_POINT('Ctrl Pts',(-3.22670348129086,-4.68410034721234,0.));
#9352=CARTESIAN_POINT('Ctrl Pts',(-3.23214165242324,-4.69542447209734,0.));
#9353=CARTESIAN_POINT('Ctrl Pts',(-3.23747529647946,-4.70682184449339,0.));
#9354=CARTESIAN_POINT('Ctrl Pts',(-3.24273804485759,-4.71827092461035,0.));
#9355=CARTESIAN_POINT('Ctrl Pts',(-3.24792995261459,-4.72977009167511,0.));
#9356=CARTESIAN_POINT('Ctrl Pts',(-3.25303048818459,-4.74133002491356,0.));
#9357=CARTESIAN_POINT('Ctrl Pts',(-3.25801183557344,-4.75296589673571,0.));
#9358=CARTESIAN_POINT('Ctrl Pts',(-3.26285255133787,-4.76468936135502,0.));
#9359=CARTESIAN_POINT('Ctrl Pts',(-3.26754963298993,-4.77650147005345,0.));
#9360=CARTESIAN_POINT('Ctrl Pts',(-3.27211217178387,-4.78839634002428,0.));
#9361=CARTESIAN_POINT('Ctrl Pts',(-3.27655632930681,-4.80036404976735,0.));
#9362=CARTESIAN_POINT('Ctrl Pts',(-3.28089994652377,-4.81239375016261,0.));
#9363=CARTESIAN_POINT('Ctrl Pts',(-3.28515702492152,-4.82447684803748,0.));
#9364=CARTESIAN_POINT('Ctrl Pts',(-3.28933310380397,-4.8366096726516,0.));
#9365=CARTESIAN_POINT('Ctrl Pts',(-3.29342815184662,-4.84879180099435,0.));
#9366=CARTESIAN_POINT('Ctrl Pts',(-3.29743874084024,-4.86102479785243,0.));
#9367=CARTESIAN_POINT('Ctrl Pts',(-3.30136042484485,-4.87331083725398,0.));
#9368=CARTESIAN_POINT('Ctrl Pts',(-3.305190183916,-4.88565128645656,0.));
#9369=CARTESIAN_POINT('Ctrl Pts',(-3.30892838776902,-4.8980455677911,0.));
#9370=CARTESIAN_POINT('Ctrl Pts',(-3.31257753856918,-4.91049188438189,0.));
#9371=CARTESIAN_POINT('Ctrl Pts',(-3.31614137688556,-4.92298773571215,0.));
#9372=CARTESIAN_POINT('Ctrl Pts',(-3.3196238812766,-4.93553049478448,0.));
#9373=CARTESIAN_POINT('Ctrl Pts',(-3.32302824075206,-4.94811800090819,0.));
#9374=CARTESIAN_POINT('Ctrl Pts',(-3.32635605890345,-4.96074901866642,0.));
#9375=CARTESIAN_POINT('Ctrl Pts',(-3.32960791170042,-4.97342291477086,0.));
#9376=CARTESIAN_POINT('Ctrl Pts',(-3.33278373757369,-4.98613943182645,0.));
#9377=CARTESIAN_POINT('Ctrl Pts',(-3.33588327762348,-4.99889843316289,0.));
#9378=CARTESIAN_POINT('Ctrl Pts',(-3.33890652881744,-5.01169964013405,0.));
#9379=CARTESIAN_POINT('Ctrl Pts',(-3.3418540895944,-5.02454243171679,0.));
#9380=CARTESIAN_POINT('Ctrl Pts',(-3.34472692226737,-5.03742598165833,0.));
#9381=CARTESIAN_POINT('Ctrl Pts',(-3.34752619225226,-5.05034935118145,0.));
#9382=CARTESIAN_POINT('Ctrl Pts',(-3.35025308451312,-5.06331159488583,0.));
#9383=CARTESIAN_POINT('Ctrl Pts',(-3.35290861564757,-5.07631186920934,0.));
#9384=CARTESIAN_POINT('Ctrl Pts',(-3.35549349249273,-5.08934951393514,0.));
#9385=CARTESIAN_POINT('Ctrl Pts',(-3.3580082163172,-5.10242399136309,0.));
#9386=CARTESIAN_POINT('Ctrl Pts',(-3.36045315466642,-5.11553484424324,0.));
#9387=CARTESIAN_POINT('Ctrl Pts',(-3.3628286234064,-5.12868164784412,0.));
#9388=CARTESIAN_POINT('Ctrl Pts',(-3.36513497120682,-5.1418639605751,0.));
#9389=CARTESIAN_POINT('Ctrl Pts',(-3.36737264437589,-5.15508128618253,0.));
#9390=CARTESIAN_POINT('Ctrl Pts',(-3.36954214305943,-5.16833309967956,0.));
#9391=CARTESIAN_POINT('Ctrl Pts',(-3.37164399212325,-5.18161886472111,0.));
#9392=CARTESIAN_POINT('Ctrl Pts',(-3.37367870787911,-5.19493805339029,0.));
#9393=CARTESIAN_POINT('Ctrl Pts',(-3.37564676467948,-5.20829016623102,0.));
#9394=CARTESIAN_POINT('Ctrl Pts',(-3.37754856920242,-5.22167474741702,0.));
#9395=CARTESIAN_POINT('Ctrl Pts',(-3.37938447946112,-5.23509137176347,0.));
#9396=CARTESIAN_POINT('Ctrl Pts',(-3.38115481860614,-5.24853963502481,0.));
#9397=CARTESIAN_POINT('Ctrl Pts',(-3.38285989072248,-5.26201914308385,0.));
#9398=CARTESIAN_POINT('Ctrl Pts',(-3.38449999729484,-5.27552950053209,0.));
#9399=CARTESIAN_POINT('Ctrl Pts',(-3.38607545071906,-5.28907030182945,0.));
#9400=CARTESIAN_POINT('Ctrl Pts',(-3.3875865656399,-5.30264114038792,0.));
#9401=CARTESIAN_POINT('Ctrl Pts',(-3.38903365318045,-5.31624161554081,0.));
#9402=CARTESIAN_POINT('Ctrl Pts',(-3.39041701465666,-5.3298713398278,0.));
#9403=CARTESIAN_POINT('Ctrl Pts',(-3.39173693564426,-5.34352994661742,0.));
#9404=CARTESIAN_POINT('Ctrl Pts',(-3.39299368131428,-5.35721709542525,0.));
#9405=CARTESIAN_POINT('Ctrl Pts',(-3.39418750075557,-5.37093245967431,0.));
#9406=CARTESIAN_POINT('Ctrl Pts',(-3.39531863079413,-5.38467571584275,0.));
#9407=CARTESIAN_POINT('Ctrl Pts',(-3.39638730034148,-5.39844653225862,0.));
#9408=CARTESIAN_POINT('Ctrl Pts',(-3.3973937352058,-5.41224455695537,0.));
#9409=CARTESIAN_POINT('Ctrl Pts',(-3.39833816248738,-5.42606940820881,0.));
#9410=CARTESIAN_POINT('Ctrl Pts',(-3.39922080643213,-5.43992069732034,0.));
#9411=CARTESIAN_POINT('Ctrl Pts',(-3.40004188528475,-5.45379804895828,0.));
#9412=CARTESIAN_POINT('Ctrl Pts',(-3.40080160815283,-5.46770112206752,0.));
#9413=CARTESIAN_POINT('Ctrl Pts',(-3.40150017241804,-5.48162963080392,0.));
#9414=CARTESIAN_POINT('Ctrl Pts',(-3.4021377610547,-5.49558336414975,0.));
#9415=CARTESIAN_POINT('Ctrl Pts',(-3.40271453267261,-5.50956217527065,0.));
#9416=CARTESIAN_POINT('Ctrl Pts',(-3.40312739626303,-5.52076521272388,0.));
#9417=CARTESIAN_POINT('Ctrl Pts',(-3.40340976938718,-5.52917871308423,0.));
#9418=CARTESIAN_POINT('Ctrl Pts',(-3.40358590013318,-5.53479269934479,0.));
#9419=CARTESIAN_POINT('Ctrl Pts',(-3.40367093600526,-5.53760093898008,0.));
#9420=CARTESIAN_POINT('Ctrl Pts',(-4.46797690114338,-4.72093024846261,0.));
#9421=CARTESIAN_POINT('Ctrl Pts',(-4.46797690114338,-4.72093024846261,5.));
#9422=CARTESIAN_POINT('Ctrl Pts',(-4.46528635885645,-4.72012128421678,0.));
#9423=CARTESIAN_POINT('Ctrl Pts',(-4.46528635885645,-4.72012128421678,5.));
#9424=CARTESIAN_POINT('Ctrl Pts',(-4.45990925053044,-4.71849814841724,0.));
#9425=CARTESIAN_POINT('Ctrl Pts',(-4.45990925053044,-4.71849814841724,5.));
#9426=CARTESIAN_POINT('Ctrl Pts',(-4.45185551678524,-4.71604782279474,0.));
#9427=CARTESIAN_POINT('Ctrl Pts',(-4.45185551678524,-4.71604782279474,5.));
#9428=CARTESIAN_POINT('Ctrl Pts',(-4.44114107053651,-4.71274946773412,0.));
#9429=CARTESIAN_POINT('Ctrl Pts',(-4.44114107053651,-4.71274946773412,5.));
#9430=CARTESIAN_POINT('Ctrl Pts',(-4.42778785533341,-4.70857436658654,0.));
#9431=CARTESIAN_POINT('Ctrl Pts',(-4.42778785533341,-4.70857436658654,5.));
#9432=CARTESIAN_POINT('Ctrl Pts',(-4.41447460400362,-4.70434701131565,0.));
#9433=CARTESIAN_POINT('Ctrl Pts',(-4.41447460400362,-4.70434701131565,5.));
#9434=CARTESIAN_POINT('Ctrl Pts',(-4.40120149942951,-4.70006728671971,0.));
#9435=CARTESIAN_POINT('Ctrl Pts',(-4.40120149942951,-4.70006728671971,5.));
#9436=CARTESIAN_POINT('Ctrl Pts',(-4.38796879279576,-4.69573507067448,0.));
#9437=CARTESIAN_POINT('Ctrl Pts',(-4.38796879279576,-4.69573507067448,5.));
#9438=CARTESIAN_POINT('Ctrl Pts',(-4.37477681129277,-4.69135024650583,0.));
#9439=CARTESIAN_POINT('Ctrl Pts',(-4.37477681129277,-4.69135024650583,5.));
#9440=CARTESIAN_POINT('Ctrl Pts',(-4.3616259384755,-4.6869127005029,0.));
#9441=CARTESIAN_POINT('Ctrl Pts',(-4.3616259384755,-4.6869127005029,5.));
#9442=CARTESIAN_POINT('Ctrl Pts',(-4.34851659337238,-4.68242231900047,0.));
#9443=CARTESIAN_POINT('Ctrl Pts',(-4.34851659337238,-4.68242231900047,5.));
#9444=CARTESIAN_POINT('Ctrl Pts',(-4.33544920947656,-4.67787898599623,0.));
#9445=CARTESIAN_POINT('Ctrl Pts',(-4.33544920947656,-4.67787898599623,5.));
#9446=CARTESIAN_POINT('Ctrl Pts',(-4.32242421428316,-4.67328258092563,0.));
#9447=CARTESIAN_POINT('Ctrl Pts',(-4.32242421428316,-4.67328258092563,5.));
#9448=CARTESIAN_POINT('Ctrl Pts',(-4.30944200620922,-4.66863297677038,0.));
#9449=CARTESIAN_POINT('Ctrl Pts',(-4.30944200620922,-4.66863297677038,5.));
#9450=CARTESIAN_POINT('Ctrl Pts',(-4.29650296487192,-4.66393003826194,0.));
#9451=CARTESIAN_POINT('Ctrl Pts',(-4.29650296487192,-4.66393003826194,5.));
#9452=CARTESIAN_POINT('Ctrl Pts',(-4.28360746406442,-4.65917362037757,0.));
#9453=CARTESIAN_POINT('Ctrl Pts',(-4.28360746406442,-4.65917362037757,5.));
#9454=CARTESIAN_POINT('Ctrl Pts',(-4.27075588370482,-4.65436356704027,0.));
#9455=CARTESIAN_POINT('Ctrl Pts',(-4.27075588370482,-4.65436356704027,5.));
#9456=CARTESIAN_POINT('Ctrl Pts',(-4.25794862130713,-4.64949971023834,0.));
#9457=CARTESIAN_POINT('Ctrl Pts',(-4.25794862130713,-4.64949971023834,5.));
#9458=CARTESIAN_POINT('Ctrl Pts',(-4.24518610492257,-4.64458186901801,0.));
#9459=CARTESIAN_POINT('Ctrl Pts',(-4.24518610492257,-4.64458186901801,5.));
#9460=CARTESIAN_POINT('Ctrl Pts',(-4.23246878679539,-4.63960985261253,0.));
#9461=CARTESIAN_POINT('Ctrl Pts',(-4.23246878679539,-4.63960985261253,5.));
#9462=CARTESIAN_POINT('Ctrl Pts',(-4.21979713446449,-4.63458346420026,0.));
#9463=CARTESIAN_POINT('Ctrl Pts',(-4.21979713446449,-4.63458346420026,5.));
#9464=CARTESIAN_POINT('Ctrl Pts',(-4.20717162209976,-4.6295025050904,0.));
#9465=CARTESIAN_POINT('Ctrl Pts',(-4.20717162209976,-4.6295025050904,5.));
#9466=CARTESIAN_POINT('Ctrl Pts',(-4.19459272227684,-4.62436677849325,0.));
#9467=CARTESIAN_POINT('Ctrl Pts',(-4.19459272227684,-4.62436677849325,5.));
#9468=CARTESIAN_POINT('Ctrl Pts',(-4.182060894961,-4.6191760955362,0.));
#9469=CARTESIAN_POINT('Ctrl Pts',(-4.182060894961,-4.6191760955362,5.));
#9470=CARTESIAN_POINT('Ctrl Pts',(-4.16957659954319,-4.61393026450073,0.));
#9471=CARTESIAN_POINT('Ctrl Pts',(-4.16957659954319,-4.61393026450073,5.));
#9472=CARTESIAN_POINT('Ctrl Pts',(-4.15714031013218,-4.60862907787381,0.));
#9473=CARTESIAN_POINT('Ctrl Pts',(-4.15714031013218,-4.60862907787381,5.));
#9474=CARTESIAN_POINT('Ctrl Pts',(-4.14475253008557,-4.60327229988718,0.));
#9475=CARTESIAN_POINT('Ctrl Pts',(-4.14475253008557,-4.60327229988718,5.));
#9476=CARTESIAN_POINT('Ctrl Pts',(-4.13241380495378,-4.59785965569654,0.));
#9477=CARTESIAN_POINT('Ctrl Pts',(-4.13241380495378,-4.59785965569654,5.));
#9478=CARTESIAN_POINT('Ctrl Pts',(-4.12012473994578,-4.59239081638133,0.));
#9479=CARTESIAN_POINT('Ctrl Pts',(-4.12012473994578,-4.59239081638133,5.));
#9480=CARTESIAN_POINT('Ctrl Pts',(-4.10788597862146,-4.58686541985762,0.));
#9481=CARTESIAN_POINT('Ctrl Pts',(-4.10788597862146,-4.58686541985762,5.));
#9482=CARTESIAN_POINT('Ctrl Pts',(-4.09569817489564,-4.5812830979603,0.));
#9483=CARTESIAN_POINT('Ctrl Pts',(-4.09569817489564,-4.5812830979603,5.));
#9484=CARTESIAN_POINT('Ctrl Pts',(-4.08356196531394,-4.57564350346219,0.));
#9485=CARTESIAN_POINT('Ctrl Pts',(-4.08356196531394,-4.57564350346219,5.));
#9486=CARTESIAN_POINT('Ctrl Pts',(-4.07147794473366,-4.56994633370257,0.));
#9487=CARTESIAN_POINT('Ctrl Pts',(-4.07147794473366,-4.56994633370257,5.));
#9488=CARTESIAN_POINT('Ctrl Pts',(-4.05944662994092,-4.56419136618446,0.));
#9489=CARTESIAN_POINT('Ctrl Pts',(-4.05944662994092,-4.56419136618446,5.));
#9490=CARTESIAN_POINT('Ctrl Pts',(-4.04746851294699,-4.5583784057333,0.));
#9491=CARTESIAN_POINT('Ctrl Pts',(-4.04746851294699,-4.5583784057333,5.));
#9492=CARTESIAN_POINT('Ctrl Pts',(-4.03554413054912,-4.55250721567247,0.));
#9493=CARTESIAN_POINT('Ctrl Pts',(-4.03554413054912,-4.55250721567247,5.));
#9494=CARTESIAN_POINT('Ctrl Pts',(-4.02367413186366,-4.5465774509807,0.));
#9495=CARTESIAN_POINT('Ctrl Pts',(-4.02367413186366,-4.5465774509807,5.));
#9496=CARTESIAN_POINT('Ctrl Pts',(-4.011859337554,-4.54058859978248,0.));
#9497=CARTESIAN_POINT('Ctrl Pts',(-4.011859337554,-4.54058859978248,5.));
#9498=CARTESIAN_POINT('Ctrl Pts',(-4.00010082555341,-4.53453989844983,0.));
#9499=CARTESIAN_POINT('Ctrl Pts',(-4.00010082555341,-4.53453989844983,5.));
#9500=CARTESIAN_POINT('Ctrl Pts',(-3.98839981573975,-4.52843044708301,0.));
#9501=CARTESIAN_POINT('Ctrl Pts',(-3.98839981573975,-4.52843044708301,5.));
#9502=CARTESIAN_POINT('Ctrl Pts',(-3.97675751653401,-4.52225936295009,0.));
#9503=CARTESIAN_POINT('Ctrl Pts',(-3.97675751653401,-4.52225936295009,5.));
#9504=CARTESIAN_POINT('Ctrl Pts',(-3.96517497510002,-4.51602593037805,0.));
#9505=CARTESIAN_POINT('Ctrl Pts',(-3.96517497510002,-4.51602593037805,5.));
#9506=CARTESIAN_POINT('Ctrl Pts',(-3.95365294618744,-4.50972973205197,0.));
#9507=CARTESIAN_POINT('Ctrl Pts',(-3.95365294618744,-4.50972973205197,5.));
#9508=CARTESIAN_POINT('Ctrl Pts',(-3.94219169816293,-4.50337084301983,0.));
#9509=CARTESIAN_POINT('Ctrl Pts',(-3.94219169816293,-4.50337084301983,5.));
#9510=CARTESIAN_POINT('Ctrl Pts',(-3.93079129603167,-4.49694954873246,0.));
#9511=CARTESIAN_POINT('Ctrl Pts',(-3.93079129603167,-4.49694954873246,5.));
#9512=CARTESIAN_POINT('Ctrl Pts',(-3.91945197248291,-4.49046597527999,0.));
#9513=CARTESIAN_POINT('Ctrl Pts',(-3.91945197248291,-4.49046597527999,5.));
#9514=CARTESIAN_POINT('Ctrl Pts',(-3.90817448829806,-4.48391973022551,0.));
#9515=CARTESIAN_POINT('Ctrl Pts',(-3.90817448829806,-4.48391973022551,5.));
#9516=CARTESIAN_POINT('Ctrl Pts',(-3.89696045183824,-4.47730958436799,0.));
#9517=CARTESIAN_POINT('Ctrl Pts',(-3.89696045183824,-4.47730958436799,5.));
#9518=CARTESIAN_POINT('Ctrl Pts',(-3.88581277554681,-4.47063301658844,0.));
#9519=CARTESIAN_POINT('Ctrl Pts',(-3.88581277554681,-4.47063301658844,5.));
#9520=CARTESIAN_POINT('Ctrl Pts',(-3.87473502663513,-4.46388686381147,0.));
#9521=CARTESIAN_POINT('Ctrl Pts',(-3.87473502663513,-4.46388686381147,5.));
#9522=CARTESIAN_POINT('Ctrl Pts',(-3.86373058854744,-4.45706816010617,0.));
#9523=CARTESIAN_POINT('Ctrl Pts',(-3.86373058854744,-4.45706816010617,5.));
#9524=CARTESIAN_POINT('Ctrl Pts',(-3.85280184454044,-4.45017495363212,0.));
#9525=CARTESIAN_POINT('Ctrl Pts',(-3.85280184454044,-4.45017495363212,5.));
#9526=CARTESIAN_POINT('Ctrl Pts',(-3.84194944828893,-4.44320703678353,0.));
#9527=CARTESIAN_POINT('Ctrl Pts',(-3.84194944828893,-4.44320703678353,5.));
#9528=CARTESIAN_POINT('Ctrl Pts',(-3.83117129750443,-4.43616697273041,0.));
#9529=CARTESIAN_POINT('Ctrl Pts',(-3.83117129750443,-4.43616697273041,5.));
#9530=CARTESIAN_POINT('Ctrl Pts',(-3.82046414154305,-4.42905849324113,0.));
#9531=CARTESIAN_POINT('Ctrl Pts',(-3.82046414154305,-4.42905849324113,5.));
#9532=CARTESIAN_POINT('Ctrl Pts',(-3.80982558165106,-4.42188450471493,0.));
#9533=CARTESIAN_POINT('Ctrl Pts',(-3.80982558165106,-4.42188450471493,5.));
#9534=CARTESIAN_POINT('Ctrl Pts',(-3.79925601831798,-4.41464514689215,0.));
#9535=CARTESIAN_POINT('Ctrl Pts',(-3.79925601831798,-4.41464514689215,5.));
#9536=CARTESIAN_POINT('Ctrl Pts',(-3.78876043088406,-4.40733601927361,0.));
#9537=CARTESIAN_POINT('Ctrl Pts',(-3.78876043088406,-4.40733601927361,5.));
#9538=CARTESIAN_POINT('Ctrl Pts',(-3.77835074356807,-4.39994582153834,0.));
#9539=CARTESIAN_POINT('Ctrl Pts',(-3.77835074356807,-4.39994582153834,5.));
#9540=CARTESIAN_POINT('Ctrl Pts',(-3.76804205339679,-4.39246012859636,0.));
#9541=CARTESIAN_POINT('Ctrl Pts',(-3.76804205339679,-4.39246012859636,5.));
#9542=CARTESIAN_POINT('Ctrl Pts',(-3.75784812673,-4.38486589742647,0.));
#9543=CARTESIAN_POINT('Ctrl Pts',(-3.75784812673,-4.38486589742647,5.));
#9544=CARTESIAN_POINT('Ctrl Pts',(-3.74777699891238,-4.37715586913382,0.));
#9545=CARTESIAN_POINT('Ctrl Pts',(-3.74777699891238,-4.37715586913382,5.));
#9546=CARTESIAN_POINT('Ctrl Pts',(-3.73782687738248,-4.36933267180727,0.));
#9547=CARTESIAN_POINT('Ctrl Pts',(-3.73782687738248,-4.36933267180727,5.));
#9548=CARTESIAN_POINT('Ctrl Pts',(-3.72798095506302,-4.36141400189007,0.));
#9549=CARTESIAN_POINT('Ctrl Pts',(-3.72798095506302,-4.36141400189007,5.));
#9550=CARTESIAN_POINT('Ctrl Pts',(-3.71821737722228,-4.3534228006607,0.));
#9551=CARTESIAN_POINT('Ctrl Pts',(-3.71821737722228,-4.3534228006607,5.));
#9552=CARTESIAN_POINT('Ctrl Pts',(-3.70852051455991,-4.34537613610183,0.));
#9553=CARTESIAN_POINT('Ctrl Pts',(-3.70852051455991,-4.34537613610183,5.));
#9554=CARTESIAN_POINT('Ctrl Pts',(-3.69889194687227,-4.33727437451947,0.));
#9555=CARTESIAN_POINT('Ctrl Pts',(-3.69889194687227,-4.33727437451947,5.));
#9556=CARTESIAN_POINT('Ctrl Pts',(-3.68936118444531,-4.32909060538557,0.));
#9557=CARTESIAN_POINT('Ctrl Pts',(-3.68936118444531,-4.32909060538557,5.));
#9558=CARTESIAN_POINT('Ctrl Pts',(-3.67999763284137,-4.32075885319724,0.));
#9559=CARTESIAN_POINT('Ctrl Pts',(-3.67999763284137,-4.32075885319724,5.));
#9560=CARTESIAN_POINT('Ctrl Pts',(-3.67089146294826,-4.31219265287039,0.));
#9561=CARTESIAN_POINT('Ctrl Pts',(-3.67089146294826,-4.31219265287039,5.));
#9562=CARTESIAN_POINT('Ctrl Pts',(-3.66388469788059,-4.30508258245701,0.));
#9563=CARTESIAN_POINT('Ctrl Pts',(-3.66388469788059,-4.30508258245701,5.));
#9564=CARTESIAN_POINT('Ctrl Pts',(-3.65881779245306,-4.29957483379362,0.));
#9565=CARTESIAN_POINT('Ctrl Pts',(-3.65881779245306,-4.29957483379362,5.));
#9566=CARTESIAN_POINT('Ctrl Pts',(-3.65552751571306,-4.29582124377486,0.));
#9567=CARTESIAN_POINT('Ctrl Pts',(-3.65552751571306,-4.29582124377486,5.));
#9568=CARTESIAN_POINT('Ctrl Pts',(-3.65390429249299,-4.2939240092767,0.));
#9569=CARTESIAN_POINT('Ctrl Pts',(-3.65390429249299,-4.2939240092767,5.));
#9570=CARTESIAN_POINT('',(-4.46797690114338,-4.72093024846261,3.));
#9571=CARTESIAN_POINT('Ctrl Pts',(-3.65390429249299,-4.2939240092767,3.));
#9572=CARTESIAN_POINT('Ctrl Pts',(-3.65811770199864,-4.29884867137504,3.));
#9573=CARTESIAN_POINT('Ctrl Pts',(-3.66251220931815,-4.3036043050743,3.));
#9574=CARTESIAN_POINT('Ctrl Pts',(-3.66706281289805,-4.30821503722536,3.));
#9575=CARTESIAN_POINT('Ctrl Pts',(-3.67331221835812,-4.31454701806567,3.));
#9576=CARTESIAN_POINT('Ctrl Pts',(-3.67985299381864,-4.32060869855643,3.));
#9577=CARTESIAN_POINT('Ctrl Pts',(-3.68654389501412,-4.32653589956993,3.));
#9578=CARTESIAN_POINT('Ctrl Pts',(-3.69162482523462,-4.33103689186866,3.));
#9579=CARTESIAN_POINT('Ctrl Pts',(-3.69678918992219,-4.335463359505,3.));
#9580=CARTESIAN_POINT('Ctrl Pts',(-3.7019901972164,-4.3398597234281,3.));
#9581=CARTESIAN_POINT('Ctrl Pts',(-3.70756149134413,-4.34456908742676,3.));
#9582=CARTESIAN_POINT('Ctrl Pts',(-3.71317493352069,-4.34924379326668,3.));
#9583=CARTESIAN_POINT('Ctrl Pts',(-3.71882064700241,-4.3538918194509,3.));
#9584=CARTESIAN_POINT('Ctrl Pts',(-3.72759812585148,-4.36111817829004,3.));
#9585=CARTESIAN_POINT('Ctrl Pts',(-3.73645759374591,-4.36827600325898,3.));
#9586=CARTESIAN_POINT('Ctrl Pts',(-3.74545944382949,-4.37530107924276,3.));
#9587=CARTESIAN_POINT('Ctrl Pts',(-3.75273380507146,-4.38097801675936,3.));
#9588=CARTESIAN_POINT('Ctrl Pts',(-3.76010418648889,-4.38656532670235,3.));
#9589=CARTESIAN_POINT('Ctrl Pts',(-3.7675686806716,-4.392063499429,3.));
#9590=CARTESIAN_POINT('Ctrl Pts',(-3.77887020582896,-4.40038793988925,3.));
#9591=CARTESIAN_POINT('Ctrl Pts',(-3.79038063460031,-4.40851483995443,3.));
#9592=CARTESIAN_POINT('Ctrl Pts',(-3.80202012090396,-4.4165200104024,3.));
#9593=CARTESIAN_POINT('Ctrl Pts',(-3.81254075650882,-4.42375568034871,3.));
#9594=CARTESIAN_POINT('Ctrl Pts',(-3.82316627872949,-4.43089247633103,3.));
#9595=CARTESIAN_POINT('Ctrl Pts',(-3.83389602462219,-4.43792868169601,3.));
#9596=CARTESIAN_POINT('Ctrl Pts',(-3.84579626692887,-4.44573245912002,3.));
#9597=CARTESIAN_POINT('Ctrl Pts',(-3.85783128289441,-4.45340594602319,3.));
#9598=CARTESIAN_POINT('Ctrl Pts',(-3.87000602048918,-4.46094142081833,3.));
#9599=CARTESIAN_POINT('Ctrl Pts',(-3.88632640763565,-4.47104281848967,3.));
#9600=CARTESIAN_POINT('Ctrl Pts',(-3.90289125321594,-4.480902805643,3.));
#9601=CARTESIAN_POINT('Ctrl Pts',(-3.91965672608455,-4.49055933906274,3.));
#9602=CARTESIAN_POINT('Ctrl Pts',(-3.94224501935846,-4.50356968542182,3.));
#9603=CARTESIAN_POINT('Ctrl Pts',(-3.96520298464394,-4.51620521164616,3.));
#9604=CARTESIAN_POINT('Ctrl Pts',(-3.98851575758645,-4.52846831196405,3.));
#9605=CARTESIAN_POINT('Ctrl Pts',(-4.01221279009556,-4.54093354240285,3.));
#9606=CARTESIAN_POINT('Ctrl Pts',(-4.0362701685644,-4.55302024519923,3.));
#9607=CARTESIAN_POINT('Ctrl Pts',(-4.06065319338436,-4.56475138207832,3.));
#9608=CARTESIAN_POINT('Ctrl Pts',(-4.10399038797401,-4.58560173044325,3.));
#9609=CARTESIAN_POINT('Ctrl Pts',(-4.14836680398844,-4.60531795975496,3.));
#9610=CARTESIAN_POINT('Ctrl Pts',(-4.19365912696667,-4.62396405973162,3.));
#9611=CARTESIAN_POINT('Ctrl Pts',(-4.24055135826433,-4.64326881549178,3.));
#9612=CARTESIAN_POINT('Ctrl Pts',(-4.28842740485059,-4.66142394031928,3.));
#9613=CARTESIAN_POINT('Ctrl Pts',(-4.33718752851553,-4.67847031874719,3.));
#9614=CARTESIAN_POINT('Ctrl Pts',(-4.37558552564302,-4.69189413191073,3.));
#9615=CARTESIAN_POINT('Ctrl Pts',(-4.41452957399051,-4.70462926944468,3.));
#9616=CARTESIAN_POINT('Ctrl Pts',(-4.45398527454898,-4.71668865133416,3.));
#9617=CARTESIAN_POINT('Ctrl Pts',(-4.45864195723397,-4.71811193653861,3.));
#9618=CARTESIAN_POINT('Ctrl Pts',(-4.46330583413779,-4.71952580066197,3.));
#9619=CARTESIAN_POINT('Ctrl Pts',(-4.46797690114338,-4.72093024846261,3.));
#9620=CARTESIAN_POINT('',(-4.46797690114338,-4.72093024846261,0.));
#9621=CARTESIAN_POINT('',(-4.46797690114338,-4.72093024846261,0.));
#9622=CARTESIAN_POINT('Ctrl Pts',(-3.65390429249299,-4.2939240092767,0.));
#9623=CARTESIAN_POINT('Ctrl Pts',(-3.65552751571306,-4.29582124377486,0.));
#9624=CARTESIAN_POINT('Ctrl Pts',(-3.65881779245306,-4.29957483379362,0.));
#9625=CARTESIAN_POINT('Ctrl Pts',(-3.66388469788059,-4.30508258245701,0.));
#9626=CARTESIAN_POINT('Ctrl Pts',(-3.67089146294826,-4.31219265287039,0.));
#9627=CARTESIAN_POINT('Ctrl Pts',(-3.67999763284137,-4.32075885319724,0.));
#9628=CARTESIAN_POINT('Ctrl Pts',(-3.68936118444531,-4.32909060538557,0.));
#9629=CARTESIAN_POINT('Ctrl Pts',(-3.69889194687227,-4.33727437451947,0.));
#9630=CARTESIAN_POINT('Ctrl Pts',(-3.70852051455991,-4.34537613610183,0.));
#9631=CARTESIAN_POINT('Ctrl Pts',(-3.71821737722228,-4.3534228006607,0.));
#9632=CARTESIAN_POINT('Ctrl Pts',(-3.72798095506302,-4.36141400189007,0.));
#9633=CARTESIAN_POINT('Ctrl Pts',(-3.73782687738248,-4.36933267180727,0.));
#9634=CARTESIAN_POINT('Ctrl Pts',(-3.74777699891238,-4.37715586913382,0.));
#9635=CARTESIAN_POINT('Ctrl Pts',(-3.75784812673,-4.38486589742647,0.));
#9636=CARTESIAN_POINT('Ctrl Pts',(-3.76804205339679,-4.39246012859636,0.));
#9637=CARTESIAN_POINT('Ctrl Pts',(-3.77835074356807,-4.39994582153834,0.));
#9638=CARTESIAN_POINT('Ctrl Pts',(-3.78876043088406,-4.40733601927361,0.));
#9639=CARTESIAN_POINT('Ctrl Pts',(-3.79925601831798,-4.41464514689215,0.));
#9640=CARTESIAN_POINT('Ctrl Pts',(-3.80982558165106,-4.42188450471493,0.));
#9641=CARTESIAN_POINT('Ctrl Pts',(-3.82046414154305,-4.42905849324113,0.));
#9642=CARTESIAN_POINT('Ctrl Pts',(-3.83117129750443,-4.43616697273041,0.));
#9643=CARTESIAN_POINT('Ctrl Pts',(-3.84194944828893,-4.44320703678353,0.));
#9644=CARTESIAN_POINT('Ctrl Pts',(-3.85280184454044,-4.45017495363212,0.));
#9645=CARTESIAN_POINT('Ctrl Pts',(-3.86373058854744,-4.45706816010617,0.));
#9646=CARTESIAN_POINT('Ctrl Pts',(-3.87473502663513,-4.46388686381147,0.));
#9647=CARTESIAN_POINT('Ctrl Pts',(-3.88581277554681,-4.47063301658844,0.));
#9648=CARTESIAN_POINT('Ctrl Pts',(-3.89696045183824,-4.47730958436799,0.));
#9649=CARTESIAN_POINT('Ctrl Pts',(-3.90817448829806,-4.48391973022551,0.));
#9650=CARTESIAN_POINT('Ctrl Pts',(-3.91945197248291,-4.49046597527999,0.));
#9651=CARTESIAN_POINT('Ctrl Pts',(-3.93079129603167,-4.49694954873246,0.));
#9652=CARTESIAN_POINT('Ctrl Pts',(-3.94219169816293,-4.50337084301983,0.));
#9653=CARTESIAN_POINT('Ctrl Pts',(-3.95365294618744,-4.50972973205197,0.));
#9654=CARTESIAN_POINT('Ctrl Pts',(-3.96517497510002,-4.51602593037805,0.));
#9655=CARTESIAN_POINT('Ctrl Pts',(-3.97675751653401,-4.52225936295009,0.));
#9656=CARTESIAN_POINT('Ctrl Pts',(-3.98839981573975,-4.52843044708301,0.));
#9657=CARTESIAN_POINT('Ctrl Pts',(-4.00010082555341,-4.53453989844983,0.));
#9658=CARTESIAN_POINT('Ctrl Pts',(-4.011859337554,-4.54058859978248,0.));
#9659=CARTESIAN_POINT('Ctrl Pts',(-4.02367413186366,-4.5465774509807,0.));
#9660=CARTESIAN_POINT('Ctrl Pts',(-4.03554413054912,-4.55250721567247,0.));
#9661=CARTESIAN_POINT('Ctrl Pts',(-4.04746851294699,-4.5583784057333,0.));
#9662=CARTESIAN_POINT('Ctrl Pts',(-4.05944662994092,-4.56419136618446,0.));
#9663=CARTESIAN_POINT('Ctrl Pts',(-4.07147794473366,-4.56994633370257,0.));
#9664=CARTESIAN_POINT('Ctrl Pts',(-4.08356196531394,-4.57564350346219,0.));
#9665=CARTESIAN_POINT('Ctrl Pts',(-4.09569817489564,-4.5812830979603,0.));
#9666=CARTESIAN_POINT('Ctrl Pts',(-4.10788597862146,-4.58686541985762,0.));
#9667=CARTESIAN_POINT('Ctrl Pts',(-4.12012473994578,-4.59239081638133,0.));
#9668=CARTESIAN_POINT('Ctrl Pts',(-4.13241380495378,-4.59785965569654,0.));
#9669=CARTESIAN_POINT('Ctrl Pts',(-4.14475253008557,-4.60327229988718,0.));
#9670=CARTESIAN_POINT('Ctrl Pts',(-4.15714031013218,-4.60862907787381,0.));
#9671=CARTESIAN_POINT('Ctrl Pts',(-4.16957659954319,-4.61393026450073,0.));
#9672=CARTESIAN_POINT('Ctrl Pts',(-4.182060894961,-4.6191760955362,0.));
#9673=CARTESIAN_POINT('Ctrl Pts',(-4.19459272227684,-4.62436677849325,0.));
#9674=CARTESIAN_POINT('Ctrl Pts',(-4.20717162209976,-4.6295025050904,0.));
#9675=CARTESIAN_POINT('Ctrl Pts',(-4.21979713446449,-4.63458346420026,0.));
#9676=CARTESIAN_POINT('Ctrl Pts',(-4.23246878679539,-4.63960985261253,0.));
#9677=CARTESIAN_POINT('Ctrl Pts',(-4.24518610492257,-4.64458186901801,0.));
#9678=CARTESIAN_POINT('Ctrl Pts',(-4.25794862130713,-4.64949971023834,0.));
#9679=CARTESIAN_POINT('Ctrl Pts',(-4.27075588370482,-4.65436356704027,0.));
#9680=CARTESIAN_POINT('Ctrl Pts',(-4.28360746406442,-4.65917362037757,0.));
#9681=CARTESIAN_POINT('Ctrl Pts',(-4.29650296487192,-4.66393003826194,0.));
#9682=CARTESIAN_POINT('Ctrl Pts',(-4.30944200620922,-4.66863297677038,0.));
#9683=CARTESIAN_POINT('Ctrl Pts',(-4.32242421428316,-4.67328258092563,0.));
#9684=CARTESIAN_POINT('Ctrl Pts',(-4.33544920947656,-4.67787898599623,0.));
#9685=CARTESIAN_POINT('Ctrl Pts',(-4.34851659337238,-4.68242231900047,0.));
#9686=CARTESIAN_POINT('Ctrl Pts',(-4.3616259384755,-4.6869127005029,0.));
#9687=CARTESIAN_POINT('Ctrl Pts',(-4.37477681129277,-4.69135024650583,0.));
#9688=CARTESIAN_POINT('Ctrl Pts',(-4.38796879279576,-4.69573507067448,0.));
#9689=CARTESIAN_POINT('Ctrl Pts',(-4.40120149942951,-4.70006728671971,0.));
#9690=CARTESIAN_POINT('Ctrl Pts',(-4.41447460400362,-4.70434701131565,0.));
#9691=CARTESIAN_POINT('Ctrl Pts',(-4.42778785533341,-4.70857436658654,0.));
#9692=CARTESIAN_POINT('Ctrl Pts',(-4.44114107053651,-4.71274946773412,0.));
#9693=CARTESIAN_POINT('Ctrl Pts',(-4.45185551678524,-4.71604782279474,0.));
#9694=CARTESIAN_POINT('Ctrl Pts',(-4.45990925053044,-4.71849814841724,0.));
#9695=CARTESIAN_POINT('Ctrl Pts',(-4.46528635885645,-4.72012128421678,0.));
#9696=CARTESIAN_POINT('Ctrl Pts',(-4.46797690114338,-4.72093024846261,0.));
#9697=CARTESIAN_POINT('Origin',(1.85505197358755E-12,1.85507650628221E-12,
0.));
#9698=CARTESIAN_POINT('',(-4.72093024846262,-4.46797690114337,3.));
#9699=CARTESIAN_POINT('Origin',(1.85505197358755E-12,1.85507650628221E-12,
3.));
#9700=CARTESIAN_POINT('',(-4.72093024846262,-4.46797690114337,0.));
#9701=CARTESIAN_POINT('',(-4.72093024846262,-4.46797690114337,0.));
#9702=CARTESIAN_POINT('Origin',(1.85505197358755E-12,1.85507650628221E-12,
0.));
#9703=CARTESIAN_POINT('Ctrl Pts',(-4.2939240092767,-3.65390429249299,0.));
#9704=CARTESIAN_POINT('Ctrl Pts',(-4.2939240092767,-3.65390429249299,5.));
#9705=CARTESIAN_POINT('Ctrl Pts',(-4.29582124377486,-3.65552751571305,0.));
#9706=CARTESIAN_POINT('Ctrl Pts',(-4.29582124377486,-3.65552751571305,5.));
#9707=CARTESIAN_POINT('Ctrl Pts',(-4.29957483379363,-3.65881779245306,0.));
#9708=CARTESIAN_POINT('Ctrl Pts',(-4.29957483379363,-3.65881779245306,5.));
#9709=CARTESIAN_POINT('Ctrl Pts',(-4.30508258245701,-3.66388469788059,0.));
#9710=CARTESIAN_POINT('Ctrl Pts',(-4.30508258245701,-3.66388469788059,5.));
#9711=CARTESIAN_POINT('Ctrl Pts',(-4.31219265287039,-3.67089146294825,0.));
#9712=CARTESIAN_POINT('Ctrl Pts',(-4.31219265287039,-3.67089146294825,5.));
#9713=CARTESIAN_POINT('Ctrl Pts',(-4.32075885319725,-3.67999763284137,0.));
#9714=CARTESIAN_POINT('Ctrl Pts',(-4.32075885319725,-3.67999763284137,5.));
#9715=CARTESIAN_POINT('Ctrl Pts',(-4.32909060538558,-3.68936118444531,0.));
#9716=CARTESIAN_POINT('Ctrl Pts',(-4.32909060538558,-3.68936118444531,5.));
#9717=CARTESIAN_POINT('Ctrl Pts',(-4.33727437451948,-3.69889194687227,0.));
#9718=CARTESIAN_POINT('Ctrl Pts',(-4.33727437451948,-3.69889194687227,5.));
#9719=CARTESIAN_POINT('Ctrl Pts',(-4.34537613610183,-3.7085205145599,0.));
#9720=CARTESIAN_POINT('Ctrl Pts',(-4.34537613610183,-3.7085205145599,5.));
#9721=CARTESIAN_POINT('Ctrl Pts',(-4.35342280066071,-3.71821737722228,0.));
#9722=CARTESIAN_POINT('Ctrl Pts',(-4.35342280066071,-3.71821737722228,5.));
#9723=CARTESIAN_POINT('Ctrl Pts',(-4.36141400189008,-3.72798095506302,0.));
#9724=CARTESIAN_POINT('Ctrl Pts',(-4.36141400189008,-3.72798095506302,5.));
#9725=CARTESIAN_POINT('Ctrl Pts',(-4.36933267180727,-3.73782687738247,0.));
#9726=CARTESIAN_POINT('Ctrl Pts',(-4.36933267180727,-3.73782687738247,5.));
#9727=CARTESIAN_POINT('Ctrl Pts',(-4.37715586913383,-3.74777699891238,0.));
#9728=CARTESIAN_POINT('Ctrl Pts',(-4.37715586913383,-3.74777699891238,5.));
#9729=CARTESIAN_POINT('Ctrl Pts',(-4.38486589742647,-3.75784812672999,0.));
#9730=CARTESIAN_POINT('Ctrl Pts',(-4.38486589742647,-3.75784812672999,5.));
#9731=CARTESIAN_POINT('Ctrl Pts',(-4.39246012859636,-3.76804205339678,0.));
#9732=CARTESIAN_POINT('Ctrl Pts',(-4.39246012859636,-3.76804205339678,5.));
#9733=CARTESIAN_POINT('Ctrl Pts',(-4.39994582153834,-3.77835074356806,0.));
#9734=CARTESIAN_POINT('Ctrl Pts',(-4.39994582153834,-3.77835074356806,5.));
#9735=CARTESIAN_POINT('Ctrl Pts',(-4.40733601927362,-3.78876043088405,0.));
#9736=CARTESIAN_POINT('Ctrl Pts',(-4.40733601927362,-3.78876043088405,5.));
#9737=CARTESIAN_POINT('Ctrl Pts',(-4.41464514689215,-3.79925601831797,0.));
#9738=CARTESIAN_POINT('Ctrl Pts',(-4.41464514689215,-3.79925601831797,5.));
#9739=CARTESIAN_POINT('Ctrl Pts',(-4.42188450471494,-3.80982558165105,0.));
#9740=CARTESIAN_POINT('Ctrl Pts',(-4.42188450471494,-3.80982558165105,5.));
#9741=CARTESIAN_POINT('Ctrl Pts',(-4.42905849324114,-3.82046414154304,0.));
#9742=CARTESIAN_POINT('Ctrl Pts',(-4.42905849324114,-3.82046414154304,5.));
#9743=CARTESIAN_POINT('Ctrl Pts',(-4.43616697273042,-3.83117129750443,0.));
#9744=CARTESIAN_POINT('Ctrl Pts',(-4.43616697273042,-3.83117129750443,5.));
#9745=CARTESIAN_POINT('Ctrl Pts',(-4.44320703678353,-3.84194944828893,0.));
#9746=CARTESIAN_POINT('Ctrl Pts',(-4.44320703678353,-3.84194944828893,5.));
#9747=CARTESIAN_POINT('Ctrl Pts',(-4.45017495363213,-3.85280184454043,0.));
#9748=CARTESIAN_POINT('Ctrl Pts',(-4.45017495363213,-3.85280184454043,5.));
#9749=CARTESIAN_POINT('Ctrl Pts',(-4.45706816010617,-3.86373058854744,0.));
#9750=CARTESIAN_POINT('Ctrl Pts',(-4.45706816010617,-3.86373058854744,5.));
#9751=CARTESIAN_POINT('Ctrl Pts',(-4.46388686381147,-3.87473502663513,0.));
#9752=CARTESIAN_POINT('Ctrl Pts',(-4.46388686381147,-3.87473502663513,5.));
#9753=CARTESIAN_POINT('Ctrl Pts',(-4.47063301658844,-3.88581277554681,0.));
#9754=CARTESIAN_POINT('Ctrl Pts',(-4.47063301658844,-3.88581277554681,5.));
#9755=CARTESIAN_POINT('Ctrl Pts',(-4.47730958436799,-3.89696045183823,0.));
#9756=CARTESIAN_POINT('Ctrl Pts',(-4.47730958436799,-3.89696045183823,5.));
#9757=CARTESIAN_POINT('Ctrl Pts',(-4.48391973022552,-3.90817448829806,0.));
#9758=CARTESIAN_POINT('Ctrl Pts',(-4.48391973022552,-3.90817448829806,5.));
#9759=CARTESIAN_POINT('Ctrl Pts',(-4.49046597527999,-3.9194519724829,0.));
#9760=CARTESIAN_POINT('Ctrl Pts',(-4.49046597527999,-3.9194519724829,5.));
#9761=CARTESIAN_POINT('Ctrl Pts',(-4.49694954873247,-3.93079129603167,0.));
#9762=CARTESIAN_POINT('Ctrl Pts',(-4.49694954873247,-3.93079129603167,5.));
#9763=CARTESIAN_POINT('Ctrl Pts',(-4.50337084301984,-3.94219169816293,0.));
#9764=CARTESIAN_POINT('Ctrl Pts',(-4.50337084301984,-3.94219169816293,5.));
#9765=CARTESIAN_POINT('Ctrl Pts',(-4.50972973205198,-3.95365294618743,0.));
#9766=CARTESIAN_POINT('Ctrl Pts',(-4.50972973205198,-3.95365294618743,5.));
#9767=CARTESIAN_POINT('Ctrl Pts',(-4.51602593037805,-3.96517497510001,0.));
#9768=CARTESIAN_POINT('Ctrl Pts',(-4.51602593037805,-3.96517497510001,5.));
#9769=CARTESIAN_POINT('Ctrl Pts',(-4.52225936295009,-3.97675751653401,0.));
#9770=CARTESIAN_POINT('Ctrl Pts',(-4.52225936295009,-3.97675751653401,5.));
#9771=CARTESIAN_POINT('Ctrl Pts',(-4.52843044708301,-3.98839981573975,0.));
#9772=CARTESIAN_POINT('Ctrl Pts',(-4.52843044708301,-3.98839981573975,5.));
#9773=CARTESIAN_POINT('Ctrl Pts',(-4.53453989844983,-4.00010082555341,0.));
#9774=CARTESIAN_POINT('Ctrl Pts',(-4.53453989844983,-4.00010082555341,5.));
#9775=CARTESIAN_POINT('Ctrl Pts',(-4.54058859978248,-4.01185933755399,0.));
#9776=CARTESIAN_POINT('Ctrl Pts',(-4.54058859978248,-4.01185933755399,5.));
#9777=CARTESIAN_POINT('Ctrl Pts',(-4.5465774509807,-4.02367413186365,0.));
#9778=CARTESIAN_POINT('Ctrl Pts',(-4.5465774509807,-4.02367413186365,5.));
#9779=CARTESIAN_POINT('Ctrl Pts',(-4.55250721567247,-4.03554413054912,0.));
#9780=CARTESIAN_POINT('Ctrl Pts',(-4.55250721567247,-4.03554413054912,5.));
#9781=CARTESIAN_POINT('Ctrl Pts',(-4.5583784057333,-4.04746851294698,0.));
#9782=CARTESIAN_POINT('Ctrl Pts',(-4.5583784057333,-4.04746851294698,5.));
#9783=CARTESIAN_POINT('Ctrl Pts',(-4.56419136618446,-4.05944662994092,0.));
#9784=CARTESIAN_POINT('Ctrl Pts',(-4.56419136618446,-4.05944662994092,5.));
#9785=CARTESIAN_POINT('Ctrl Pts',(-4.56994633370258,-4.07147794473365,0.));
#9786=CARTESIAN_POINT('Ctrl Pts',(-4.56994633370258,-4.07147794473365,5.));
#9787=CARTESIAN_POINT('Ctrl Pts',(-4.57564350346219,-4.08356196531394,0.));
#9788=CARTESIAN_POINT('Ctrl Pts',(-4.57564350346219,-4.08356196531394,5.));
#9789=CARTESIAN_POINT('Ctrl Pts',(-4.5812830979603,-4.09569817489563,0.));
#9790=CARTESIAN_POINT('Ctrl Pts',(-4.5812830979603,-4.09569817489563,5.));
#9791=CARTESIAN_POINT('Ctrl Pts',(-4.58686541985762,-4.10788597862146,0.));
#9792=CARTESIAN_POINT('Ctrl Pts',(-4.58686541985762,-4.10788597862146,5.));
#9793=CARTESIAN_POINT('Ctrl Pts',(-4.59239081638133,-4.12012473994578,0.));
#9794=CARTESIAN_POINT('Ctrl Pts',(-4.59239081638133,-4.12012473994578,5.));
#9795=CARTESIAN_POINT('Ctrl Pts',(-4.59785965569655,-4.13241380495378,0.));
#9796=CARTESIAN_POINT('Ctrl Pts',(-4.59785965569655,-4.13241380495378,5.));
#9797=CARTESIAN_POINT('Ctrl Pts',(-4.60327229988718,-4.14475253008556,0.));
#9798=CARTESIAN_POINT('Ctrl Pts',(-4.60327229988718,-4.14475253008556,5.));
#9799=CARTESIAN_POINT('Ctrl Pts',(-4.60862907787381,-4.15714031013217,0.));
#9800=CARTESIAN_POINT('Ctrl Pts',(-4.60862907787381,-4.15714031013217,5.));
#9801=CARTESIAN_POINT('Ctrl Pts',(-4.61393026450073,-4.16957659954319,0.));
#9802=CARTESIAN_POINT('Ctrl Pts',(-4.61393026450073,-4.16957659954319,5.));
#9803=CARTESIAN_POINT('Ctrl Pts',(-4.6191760955362,-4.18206089496099,0.));
#9804=CARTESIAN_POINT('Ctrl Pts',(-4.6191760955362,-4.18206089496099,5.));
#9805=CARTESIAN_POINT('Ctrl Pts',(-4.62436677849325,-4.19459272227684,0.));
#9806=CARTESIAN_POINT('Ctrl Pts',(-4.62436677849325,-4.19459272227684,5.));
#9807=CARTESIAN_POINT('Ctrl Pts',(-4.62950250509041,-4.20717162209975,0.));
#9808=CARTESIAN_POINT('Ctrl Pts',(-4.62950250509041,-4.20717162209975,5.));
#9809=CARTESIAN_POINT('Ctrl Pts',(-4.63458346420026,-4.21979713446448,0.));
#9810=CARTESIAN_POINT('Ctrl Pts',(-4.63458346420026,-4.21979713446448,5.));
#9811=CARTESIAN_POINT('Ctrl Pts',(-4.63960985261254,-4.23246878679539,0.));
#9812=CARTESIAN_POINT('Ctrl Pts',(-4.63960985261254,-4.23246878679539,5.));
#9813=CARTESIAN_POINT('Ctrl Pts',(-4.64458186901801,-4.24518610492257,0.));
#9814=CARTESIAN_POINT('Ctrl Pts',(-4.64458186901801,-4.24518610492257,5.));
#9815=CARTESIAN_POINT('Ctrl Pts',(-4.64949971023834,-4.25794862130712,0.));
#9816=CARTESIAN_POINT('Ctrl Pts',(-4.64949971023834,-4.25794862130712,5.));
#9817=CARTESIAN_POINT('Ctrl Pts',(-4.65436356704027,-4.27075588370482,0.));
#9818=CARTESIAN_POINT('Ctrl Pts',(-4.65436356704027,-4.27075588370482,5.));
#9819=CARTESIAN_POINT('Ctrl Pts',(-4.65917362037758,-4.28360746406442,0.));
#9820=CARTESIAN_POINT('Ctrl Pts',(-4.65917362037758,-4.28360746406442,5.));
#9821=CARTESIAN_POINT('Ctrl Pts',(-4.66393003826195,-4.29650296487191,0.));
#9822=CARTESIAN_POINT('Ctrl Pts',(-4.66393003826195,-4.29650296487191,5.));
#9823=CARTESIAN_POINT('Ctrl Pts',(-4.66863297677039,-4.30944200620922,0.));
#9824=CARTESIAN_POINT('Ctrl Pts',(-4.66863297677039,-4.30944200620922,5.));
#9825=CARTESIAN_POINT('Ctrl Pts',(-4.67328258092564,-4.32242421428315,0.));
#9826=CARTESIAN_POINT('Ctrl Pts',(-4.67328258092564,-4.32242421428315,5.));
#9827=CARTESIAN_POINT('Ctrl Pts',(-4.67787898599623,-4.33544920947655,0.));
#9828=CARTESIAN_POINT('Ctrl Pts',(-4.67787898599623,-4.33544920947655,5.));
#9829=CARTESIAN_POINT('Ctrl Pts',(-4.68242231900047,-4.34851659337238,0.));
#9830=CARTESIAN_POINT('Ctrl Pts',(-4.68242231900047,-4.34851659337238,5.));
#9831=CARTESIAN_POINT('Ctrl Pts',(-4.6869127005029,-4.36162593847549,0.));
#9832=CARTESIAN_POINT('Ctrl Pts',(-4.6869127005029,-4.36162593847549,5.));
#9833=CARTESIAN_POINT('Ctrl Pts',(-4.69135024650584,-4.37477681129277,0.));
#9834=CARTESIAN_POINT('Ctrl Pts',(-4.69135024650584,-4.37477681129277,5.));
#9835=CARTESIAN_POINT('Ctrl Pts',(-4.69573507067448,-4.38796879279576,0.));
#9836=CARTESIAN_POINT('Ctrl Pts',(-4.69573507067448,-4.38796879279576,5.));
#9837=CARTESIAN_POINT('Ctrl Pts',(-4.70006728671971,-4.4012014994295,0.));
#9838=CARTESIAN_POINT('Ctrl Pts',(-4.70006728671971,-4.4012014994295,5.));
#9839=CARTESIAN_POINT('Ctrl Pts',(-4.70434701131565,-4.41447460400362,0.));
#9840=CARTESIAN_POINT('Ctrl Pts',(-4.70434701131565,-4.41447460400362,5.));
#9841=CARTESIAN_POINT('Ctrl Pts',(-4.70857436658654,-4.4277878553334,0.));
#9842=CARTESIAN_POINT('Ctrl Pts',(-4.70857436658654,-4.4277878553334,5.));
#9843=CARTESIAN_POINT('Ctrl Pts',(-4.71274946773413,-4.4411410705365,0.));
#9844=CARTESIAN_POINT('Ctrl Pts',(-4.71274946773413,-4.4411410705365,5.));
#9845=CARTESIAN_POINT('Ctrl Pts',(-4.71604782279474,-4.45185551678524,0.));
#9846=CARTESIAN_POINT('Ctrl Pts',(-4.71604782279474,-4.45185551678524,5.));
#9847=CARTESIAN_POINT('Ctrl Pts',(-4.71849814841725,-4.45990925053043,0.));
#9848=CARTESIAN_POINT('Ctrl Pts',(-4.71849814841725,-4.45990925053043,5.));
#9849=CARTESIAN_POINT('Ctrl Pts',(-4.72012128421679,-4.46528635885644,0.));
#9850=CARTESIAN_POINT('Ctrl Pts',(-4.72012128421679,-4.46528635885644,5.));
#9851=CARTESIAN_POINT('Ctrl Pts',(-4.72093024846262,-4.46797690114337,0.));
#9852=CARTESIAN_POINT('Ctrl Pts',(-4.72093024846262,-4.46797690114337,5.));
#9853=CARTESIAN_POINT('Ctrl Pts',(-4.72093024846262,-4.46797690114337,3.));
#9854=CARTESIAN_POINT('Ctrl Pts',(-4.70947625335363,-4.42988194409951,3.));
#9855=CARTESIAN_POINT('Ctrl Pts',(-4.6973970685978,-4.39226097038809,3.));
#9856=CARTESIAN_POINT('Ctrl Pts',(-4.68468198513507,-4.35513804758039,3.));
#9857=CARTESIAN_POINT('Ctrl Pts',(-4.66631431688657,-4.30151185373385,3.));
#9858=CARTESIAN_POINT('Ctrl Pts',(-4.64662188344166,-4.2489321388348,3.));
#9859=CARTESIAN_POINT('Ctrl Pts',(-4.62555324909178,-4.19752791462861,3.));
#9860=CARTESIAN_POINT('Ctrl Pts',(-4.60442241256419,-4.14597192668511,3.));
#9861=CARTESIAN_POINT('Ctrl Pts',(-4.58190951332596,-4.09559634426843,3.));
#9862=CARTESIAN_POINT('Ctrl Pts',(-4.55792293277458,-4.04658045928244,3.));
#9863=CARTESIAN_POINT('Ctrl Pts',(-4.54276084795402,-4.01559717660401,3.));
#9864=CARTESIAN_POINT('Ctrl Pts',(-4.52701362526361,-3.9851536406816,3.));
#9865=CARTESIAN_POINT('Ctrl Pts',(-4.51062752353643,-3.95532892905815,3.));
#9866=CARTESIAN_POINT('Ctrl Pts',(-4.50115271997087,-3.93808362637808,3.));
#9867=CARTESIAN_POINT('Ctrl Pts',(-4.49146871009973,-3.92104087150112,3.));
#9868=CARTESIAN_POINT('Ctrl Pts',(-4.48156997160273,-3.90421172821791,3.));
#9869=CARTESIAN_POINT('Ctrl Pts',(-4.4734219657871,-3.89035905826555,3.));
#9870=CARTESIAN_POINT('Ctrl Pts',(-4.46512558925935,-3.8766540071053,3.));
#9871=CARTESIAN_POINT('Ctrl Pts',(-4.45665776880586,-3.8631231495469,3.));
#9872=CARTESIAN_POINT('Ctrl Pts',(-4.44649247633535,-3.84687987594262,3.));
#9873=CARTESIAN_POINT('Ctrl Pts',(-4.43607639333958,-3.83089129883619,3.));
#9874=CARTESIAN_POINT('Ctrl Pts',(-4.42544607224409,-3.8151278905413,3.));
#9875=CARTESIAN_POINT('Ctrl Pts',(-4.41939075179101,-3.80614862380036,3.));
#9876=CARTESIAN_POINT('Ctrl Pts',(-4.41326844862038,-3.79723990646082,3.));
#9877=CARTESIAN_POINT('Ctrl Pts',(-4.40706167180348,-3.78842083140262,3.));
#9878=CARTESIAN_POINT('Ctrl Pts',(-4.40065098267848,-3.77931202175212,3.));
#9879=CARTESIAN_POINT('Ctrl Pts',(-4.39414565584608,-3.77030335737428,3.));
#9880=CARTESIAN_POINT('Ctrl Pts',(-4.38750916964143,-3.76143349375956,3.));
#9881=CARTESIAN_POINT('Ctrl Pts',(-4.38226969355075,-3.75443077622142,3.));
#9882=CARTESIAN_POINT('Ctrl Pts',(-4.37694705852153,-3.74751598672509,3.));
#9883=CARTESIAN_POINT('Ctrl Pts',(-4.37155005303853,-3.7406815787316,3.));
#9884=CARTESIAN_POINT('Ctrl Pts',(-4.36548253416407,-3.73299807727382,3.));
#9885=CARTESIAN_POINT('Ctrl Pts',(-4.35932584167669,-3.72541125006019,3.));
#9886=CARTESIAN_POINT('Ctrl Pts',(-4.35311993148832,-3.71788372798339,3.));
#9887=CARTESIAN_POINT('Ctrl Pts',(-4.34846549884704,-3.71223808642578,3.));
#9888=CARTESIAN_POINT('Ctrl Pts',(-4.3437849216267,-3.7066242686988,3.));
#9889=CARTESIAN_POINT('Ctrl Pts',(-4.33906799772417,-3.70105443319815,3.));
#9890=CARTESIAN_POINT('Ctrl Pts',(-4.33444101561952,-3.69559080272206,3.));
#9891=CARTESIAN_POINT('Ctrl Pts',(-4.3297791577477,-3.69016941022343,3.));
#9892=CARTESIAN_POINT('Ctrl Pts',(-4.32502760221994,-3.68484789010857,3.));
#9893=CARTESIAN_POINT('Ctrl Pts',(-4.3201375017063,-3.67937120608477,3.));
#9894=CARTESIAN_POINT('Ctrl Pts',(-4.31514896630735,-3.67400383745072,3.));
#9895=CARTESIAN_POINT('Ctrl Pts',(-4.30998591122929,-3.6688249025291,3.));
#9896=CARTESIAN_POINT('Ctrl Pts',(-4.30553304337672,-3.66435833913314,3.));
#9897=CARTESIAN_POINT('Ctrl Pts',(-4.30094873196921,-3.66003360881459,3.));
#9898=CARTESIAN_POINT('Ctrl Pts',(-4.29620544817506,-3.65587924527683,3.));
#9899=CARTESIAN_POINT('Ctrl Pts',(-4.29544894255463,-3.6552166664597,3.));
#9900=CARTESIAN_POINT('Ctrl Pts',(-4.294688468331,-3.65455834326474,3.));
#9901=CARTESIAN_POINT('Ctrl Pts',(-4.2939240092767,-3.65390429249299,3.));
#9902=CARTESIAN_POINT('Ctrl Pts',(-4.2939240092767,-3.65390429249299,0.));
#9903=CARTESIAN_POINT('Ctrl Pts',(-4.29582124377486,-3.65552751571305,0.));
#9904=CARTESIAN_POINT('Ctrl Pts',(-4.29957483379363,-3.65881779245306,0.));
#9905=CARTESIAN_POINT('Ctrl Pts',(-4.30508258245701,-3.66388469788059,0.));
#9906=CARTESIAN_POINT('Ctrl Pts',(-4.31219265287039,-3.67089146294825,0.));
#9907=CARTESIAN_POINT('Ctrl Pts',(-4.32075885319725,-3.67999763284137,0.));
#9908=CARTESIAN_POINT('Ctrl Pts',(-4.32909060538558,-3.68936118444531,0.));
#9909=CARTESIAN_POINT('Ctrl Pts',(-4.33727437451948,-3.69889194687227,0.));
#9910=CARTESIAN_POINT('Ctrl Pts',(-4.34537613610183,-3.7085205145599,0.));
#9911=CARTESIAN_POINT('Ctrl Pts',(-4.35342280066071,-3.71821737722228,0.));
#9912=CARTESIAN_POINT('Ctrl Pts',(-4.36141400189008,-3.72798095506302,0.));
#9913=CARTESIAN_POINT('Ctrl Pts',(-4.36933267180727,-3.73782687738247,0.));
#9914=CARTESIAN_POINT('Ctrl Pts',(-4.37715586913383,-3.74777699891238,0.));
#9915=CARTESIAN_POINT('Ctrl Pts',(-4.38486589742647,-3.75784812672999,0.));
#9916=CARTESIAN_POINT('Ctrl Pts',(-4.39246012859636,-3.76804205339678,0.));
#9917=CARTESIAN_POINT('Ctrl Pts',(-4.39994582153834,-3.77835074356806,0.));
#9918=CARTESIAN_POINT('Ctrl Pts',(-4.40733601927362,-3.78876043088405,0.));
#9919=CARTESIAN_POINT('Ctrl Pts',(-4.41464514689215,-3.79925601831797,0.));
#9920=CARTESIAN_POINT('Ctrl Pts',(-4.42188450471494,-3.80982558165105,0.));
#9921=CARTESIAN_POINT('Ctrl Pts',(-4.42905849324114,-3.82046414154304,0.));
#9922=CARTESIAN_POINT('Ctrl Pts',(-4.43616697273042,-3.83117129750443,0.));
#9923=CARTESIAN_POINT('Ctrl Pts',(-4.44320703678353,-3.84194944828893,0.));
#9924=CARTESIAN_POINT('Ctrl Pts',(-4.45017495363213,-3.85280184454043,0.));
#9925=CARTESIAN_POINT('Ctrl Pts',(-4.45706816010617,-3.86373058854744,0.));
#9926=CARTESIAN_POINT('Ctrl Pts',(-4.46388686381147,-3.87473502663513,0.));
#9927=CARTESIAN_POINT('Ctrl Pts',(-4.47063301658844,-3.88581277554681,0.));
#9928=CARTESIAN_POINT('Ctrl Pts',(-4.47730958436799,-3.89696045183823,0.));
#9929=CARTESIAN_POINT('Ctrl Pts',(-4.48391973022552,-3.90817448829806,0.));
#9930=CARTESIAN_POINT('Ctrl Pts',(-4.49046597527999,-3.9194519724829,0.));
#9931=CARTESIAN_POINT('Ctrl Pts',(-4.49694954873247,-3.93079129603167,0.));
#9932=CARTESIAN_POINT('Ctrl Pts',(-4.50337084301984,-3.94219169816293,0.));
#9933=CARTESIAN_POINT('Ctrl Pts',(-4.50972973205198,-3.95365294618743,0.));
#9934=CARTESIAN_POINT('Ctrl Pts',(-4.51602593037805,-3.96517497510001,0.));
#9935=CARTESIAN_POINT('Ctrl Pts',(-4.52225936295009,-3.97675751653401,0.));
#9936=CARTESIAN_POINT('Ctrl Pts',(-4.52843044708301,-3.98839981573975,0.));
#9937=CARTESIAN_POINT('Ctrl Pts',(-4.53453989844983,-4.00010082555341,0.));
#9938=CARTESIAN_POINT('Ctrl Pts',(-4.54058859978248,-4.01185933755399,0.));
#9939=CARTESIAN_POINT('Ctrl Pts',(-4.5465774509807,-4.02367413186365,0.));
#9940=CARTESIAN_POINT('Ctrl Pts',(-4.55250721567247,-4.03554413054912,0.));
#9941=CARTESIAN_POINT('Ctrl Pts',(-4.5583784057333,-4.04746851294698,0.));
#9942=CARTESIAN_POINT('Ctrl Pts',(-4.56419136618446,-4.05944662994092,0.));
#9943=CARTESIAN_POINT('Ctrl Pts',(-4.56994633370258,-4.07147794473365,0.));
#9944=CARTESIAN_POINT('Ctrl Pts',(-4.57564350346219,-4.08356196531394,0.));
#9945=CARTESIAN_POINT('Ctrl Pts',(-4.5812830979603,-4.09569817489563,0.));
#9946=CARTESIAN_POINT('Ctrl Pts',(-4.58686541985762,-4.10788597862146,0.));
#9947=CARTESIAN_POINT('Ctrl Pts',(-4.59239081638133,-4.12012473994578,0.));
#9948=CARTESIAN_POINT('Ctrl Pts',(-4.59785965569655,-4.13241380495378,0.));
#9949=CARTESIAN_POINT('Ctrl Pts',(-4.60327229988718,-4.14475253008556,0.));
#9950=CARTESIAN_POINT('Ctrl Pts',(-4.60862907787381,-4.15714031013217,0.));
#9951=CARTESIAN_POINT('Ctrl Pts',(-4.61393026450073,-4.16957659954319,0.));
#9952=CARTESIAN_POINT('Ctrl Pts',(-4.6191760955362,-4.18206089496099,0.));
#9953=CARTESIAN_POINT('Ctrl Pts',(-4.62436677849325,-4.19459272227684,0.));
#9954=CARTESIAN_POINT('Ctrl Pts',(-4.62950250509041,-4.20717162209975,0.));
#9955=CARTESIAN_POINT('Ctrl Pts',(-4.63458346420026,-4.21979713446448,0.));
#9956=CARTESIAN_POINT('Ctrl Pts',(-4.63960985261254,-4.23246878679539,0.));
#9957=CARTESIAN_POINT('Ctrl Pts',(-4.64458186901801,-4.24518610492257,0.));
#9958=CARTESIAN_POINT('Ctrl Pts',(-4.64949971023834,-4.25794862130712,0.));
#9959=CARTESIAN_POINT('Ctrl Pts',(-4.65436356704027,-4.27075588370482,0.));
#9960=CARTESIAN_POINT('Ctrl Pts',(-4.65917362037758,-4.28360746406442,0.));
#9961=CARTESIAN_POINT('Ctrl Pts',(-4.66393003826195,-4.29650296487191,0.));
#9962=CARTESIAN_POINT('Ctrl Pts',(-4.66863297677039,-4.30944200620922,0.));
#9963=CARTESIAN_POINT('Ctrl Pts',(-4.67328258092564,-4.32242421428315,0.));
#9964=CARTESIAN_POINT('Ctrl Pts',(-4.67787898599623,-4.33544920947655,0.));
#9965=CARTESIAN_POINT('Ctrl Pts',(-4.68242231900047,-4.34851659337238,0.));
#9966=CARTESIAN_POINT('Ctrl Pts',(-4.6869127005029,-4.36162593847549,0.));
#9967=CARTESIAN_POINT('Ctrl Pts',(-4.69135024650584,-4.37477681129277,0.));
#9968=CARTESIAN_POINT('Ctrl Pts',(-4.69573507067448,-4.38796879279576,0.));
#9969=CARTESIAN_POINT('Ctrl Pts',(-4.70006728671971,-4.4012014994295,0.));
#9970=CARTESIAN_POINT('Ctrl Pts',(-4.70434701131565,-4.41447460400362,0.));
#9971=CARTESIAN_POINT('Ctrl Pts',(-4.70857436658654,-4.4277878553334,0.));
#9972=CARTESIAN_POINT('Ctrl Pts',(-4.71274946773413,-4.4411410705365,0.));
#9973=CARTESIAN_POINT('Ctrl Pts',(-4.71604782279474,-4.45185551678524,0.));
#9974=CARTESIAN_POINT('Ctrl Pts',(-4.71849814841725,-4.45990925053043,0.));
#9975=CARTESIAN_POINT('Ctrl Pts',(-4.72012128421679,-4.46528635885644,0.));
#9976=CARTESIAN_POINT('Ctrl Pts',(-4.72093024846262,-4.46797690114337,0.));
#9977=CARTESIAN_POINT('Ctrl Pts',(-5.53760093898008,-3.40367093600526,0.));
#9978=CARTESIAN_POINT('Ctrl Pts',(-5.53760093898008,-3.40367093600526,5.));
#9979=CARTESIAN_POINT('Ctrl Pts',(-5.53479269934479,-3.40358590013318,0.));
#9980=CARTESIAN_POINT('Ctrl Pts',(-5.53479269934479,-3.40358590013318,5.));
#9981=CARTESIAN_POINT('Ctrl Pts',(-5.52917871308423,-3.40340976938718,0.));
#9982=CARTESIAN_POINT('Ctrl Pts',(-5.52917871308423,-3.40340976938718,5.));
#9983=CARTESIAN_POINT('Ctrl Pts',(-5.52076521272389,-3.40312739626302,0.));
#9984=CARTESIAN_POINT('Ctrl Pts',(-5.52076521272389,-3.40312739626302,5.));
#9985=CARTESIAN_POINT('Ctrl Pts',(-5.50956217527065,-3.40271453267261,0.));
#9986=CARTESIAN_POINT('Ctrl Pts',(-5.50956217527065,-3.40271453267261,5.));
#9987=CARTESIAN_POINT('Ctrl Pts',(-5.49558336414976,-3.4021377610547,0.));
#9988=CARTESIAN_POINT('Ctrl Pts',(-5.49558336414976,-3.4021377610547,5.));
#9989=CARTESIAN_POINT('Ctrl Pts',(-5.48162963080392,-3.40150017241803,0.));
#9990=CARTESIAN_POINT('Ctrl Pts',(-5.48162963080392,-3.40150017241803,5.));
#9991=CARTESIAN_POINT('Ctrl Pts',(-5.46770112206752,-3.40080160815282,0.));
#9992=CARTESIAN_POINT('Ctrl Pts',(-5.46770112206752,-3.40080160815282,5.));
#9993=CARTESIAN_POINT('Ctrl Pts',(-5.45379804895828,-3.40004188528474,0.));
#9994=CARTESIAN_POINT('Ctrl Pts',(-5.45379804895828,-3.40004188528474,5.));
#9995=CARTESIAN_POINT('Ctrl Pts',(-5.43992069732034,-3.39922080643213,0.));
#9996=CARTESIAN_POINT('Ctrl Pts',(-5.43992069732034,-3.39922080643213,5.));
#9997=CARTESIAN_POINT('Ctrl Pts',(-5.42606940820882,-3.39833816248738,0.));
#9998=CARTESIAN_POINT('Ctrl Pts',(-5.42606940820882,-3.39833816248738,5.));
#9999=CARTESIAN_POINT('Ctrl Pts',(-5.41224455695537,-3.3973937352058,0.));
#10000=CARTESIAN_POINT('Ctrl Pts',(-5.41224455695537,-3.3973937352058,5.));
#10001=CARTESIAN_POINT('Ctrl Pts',(-5.39844653225862,-3.39638730034147,
0.));
#10002=CARTESIAN_POINT('Ctrl Pts',(-5.39844653225862,-3.39638730034147,
5.));
#10003=CARTESIAN_POINT('Ctrl Pts',(-5.38467571584275,-3.39531863079412,
0.));
#10004=CARTESIAN_POINT('Ctrl Pts',(-5.38467571584275,-3.39531863079412,
5.));
#10005=CARTESIAN_POINT('Ctrl Pts',(-5.37093245967431,-3.39418750075556,
0.));
#10006=CARTESIAN_POINT('Ctrl Pts',(-5.37093245967431,-3.39418750075556,
5.));
#10007=CARTESIAN_POINT('Ctrl Pts',(-5.35721709542526,-3.39299368131427,
0.));
#10008=CARTESIAN_POINT('Ctrl Pts',(-5.35721709542526,-3.39299368131427,
5.));
#10009=CARTESIAN_POINT('Ctrl Pts',(-5.34352994661743,-3.39173693564425,
0.));
#10010=CARTESIAN_POINT('Ctrl Pts',(-5.34352994661743,-3.39173693564425,
5.));
#10011=CARTESIAN_POINT('Ctrl Pts',(-5.3298713398278,-3.39041701465665,0.));
#10012=CARTESIAN_POINT('Ctrl Pts',(-5.3298713398278,-3.39041701465665,5.));
#10013=CARTESIAN_POINT('Ctrl Pts',(-5.31624161554082,-3.38903365318044,
0.));
#10014=CARTESIAN_POINT('Ctrl Pts',(-5.31624161554082,-3.38903365318044,
5.));
#10015=CARTESIAN_POINT('Ctrl Pts',(-5.30264114038793,-3.3875865656399,0.));
#10016=CARTESIAN_POINT('Ctrl Pts',(-5.30264114038793,-3.3875865656399,5.));
#10017=CARTESIAN_POINT('Ctrl Pts',(-5.28907030182945,-3.38607545071906,
0.));
#10018=CARTESIAN_POINT('Ctrl Pts',(-5.28907030182945,-3.38607545071906,
5.));
#10019=CARTESIAN_POINT('Ctrl Pts',(-5.27552950053209,-3.38449999729483,
0.));
#10020=CARTESIAN_POINT('Ctrl Pts',(-5.27552950053209,-3.38449999729483,
5.));
#10021=CARTESIAN_POINT('Ctrl Pts',(-5.26201914308385,-3.38285989072248,
0.));
#10022=CARTESIAN_POINT('Ctrl Pts',(-5.26201914308385,-3.38285989072248,
5.));
#10023=CARTESIAN_POINT('Ctrl Pts',(-5.24853963502481,-3.38115481860613,
0.));
#10024=CARTESIAN_POINT('Ctrl Pts',(-5.24853963502481,-3.38115481860613,
5.));
#10025=CARTESIAN_POINT('Ctrl Pts',(-5.23509137176347,-3.37938447946111,
0.));
#10026=CARTESIAN_POINT('Ctrl Pts',(-5.23509137176347,-3.37938447946111,
5.));
#10027=CARTESIAN_POINT('Ctrl Pts',(-5.22167474741702,-3.37754856920242,
0.));
#10028=CARTESIAN_POINT('Ctrl Pts',(-5.22167474741702,-3.37754856920242,
5.));
#10029=CARTESIAN_POINT('Ctrl Pts',(-5.20829016623103,-3.37564676467948,
0.));
#10030=CARTESIAN_POINT('Ctrl Pts',(-5.20829016623103,-3.37564676467948,
5.));
#10031=CARTESIAN_POINT('Ctrl Pts',(-5.19493805339029,-3.3736787078791,0.));
#10032=CARTESIAN_POINT('Ctrl Pts',(-5.19493805339029,-3.3736787078791,5.));
#10033=CARTESIAN_POINT('Ctrl Pts',(-5.18161886472112,-3.37164399212324,
0.));
#10034=CARTESIAN_POINT('Ctrl Pts',(-5.18161886472112,-3.37164399212324,
5.));
#10035=CARTESIAN_POINT('Ctrl Pts',(-5.16833309967956,-3.36954214305943,
0.));
#10036=CARTESIAN_POINT('Ctrl Pts',(-5.16833309967956,-3.36954214305943,
5.));
#10037=CARTESIAN_POINT('Ctrl Pts',(-5.15508128618253,-3.36737264437588,
0.));
#10038=CARTESIAN_POINT('Ctrl Pts',(-5.15508128618253,-3.36737264437588,
5.));
#10039=CARTESIAN_POINT('Ctrl Pts',(-5.1418639605751,-3.36513497120682,0.));
#10040=CARTESIAN_POINT('Ctrl Pts',(-5.1418639605751,-3.36513497120682,5.));
#10041=CARTESIAN_POINT('Ctrl Pts',(-5.12868164784412,-3.3628286234064,0.));
#10042=CARTESIAN_POINT('Ctrl Pts',(-5.12868164784412,-3.3628286234064,5.));
#10043=CARTESIAN_POINT('Ctrl Pts',(-5.11553484424324,-3.36045315466642,
0.));
#10044=CARTESIAN_POINT('Ctrl Pts',(-5.11553484424324,-3.36045315466642,
5.));
#10045=CARTESIAN_POINT('Ctrl Pts',(-5.10242399136309,-3.3580082163172,0.));
#10046=CARTESIAN_POINT('Ctrl Pts',(-5.10242399136309,-3.3580082163172,5.));
#10047=CARTESIAN_POINT('Ctrl Pts',(-5.08934951393515,-3.35549349249272,
0.));
#10048=CARTESIAN_POINT('Ctrl Pts',(-5.08934951393515,-3.35549349249272,
5.));
#10049=CARTESIAN_POINT('Ctrl Pts',(-5.07631186920934,-3.35290861564757,
0.));
#10050=CARTESIAN_POINT('Ctrl Pts',(-5.07631186920934,-3.35290861564757,
5.));
#10051=CARTESIAN_POINT('Ctrl Pts',(-5.06331159488583,-3.35025308451311,
0.));
#10052=CARTESIAN_POINT('Ctrl Pts',(-5.06331159488583,-3.35025308451311,
5.));
#10053=CARTESIAN_POINT('Ctrl Pts',(-5.05034935118145,-3.34752619225226,
0.));
#10054=CARTESIAN_POINT('Ctrl Pts',(-5.05034935118145,-3.34752619225226,
5.));
#10055=CARTESIAN_POINT('Ctrl Pts',(-5.03742598165833,-3.34472692226736,
0.));
#10056=CARTESIAN_POINT('Ctrl Pts',(-5.03742598165833,-3.34472692226736,
5.));
#10057=CARTESIAN_POINT('Ctrl Pts',(-5.02454243171679,-3.3418540895944,0.));
#10058=CARTESIAN_POINT('Ctrl Pts',(-5.02454243171679,-3.3418540895944,5.));
#10059=CARTESIAN_POINT('Ctrl Pts',(-5.01169964013405,-3.33890652881744,
0.));
#10060=CARTESIAN_POINT('Ctrl Pts',(-5.01169964013405,-3.33890652881744,
5.));
#10061=CARTESIAN_POINT('Ctrl Pts',(-4.99889843316289,-3.33588327762348,
0.));
#10062=CARTESIAN_POINT('Ctrl Pts',(-4.99889843316289,-3.33588327762348,
5.));
#10063=CARTESIAN_POINT('Ctrl Pts',(-4.98613943182645,-3.33278373757368,
0.));
#10064=CARTESIAN_POINT('Ctrl Pts',(-4.98613943182645,-3.33278373757368,
5.));
#10065=CARTESIAN_POINT('Ctrl Pts',(-4.97342291477086,-3.32960791170042,
0.));
#10066=CARTESIAN_POINT('Ctrl Pts',(-4.97342291477086,-3.32960791170042,
5.));
#10067=CARTESIAN_POINT('Ctrl Pts',(-4.96074901866642,-3.32635605890344,
0.));
#10068=CARTESIAN_POINT('Ctrl Pts',(-4.96074901866642,-3.32635605890344,
5.));
#10069=CARTESIAN_POINT('Ctrl Pts',(-4.9481180009082,-3.32302824075205,0.));
#10070=CARTESIAN_POINT('Ctrl Pts',(-4.9481180009082,-3.32302824075205,5.));
#10071=CARTESIAN_POINT('Ctrl Pts',(-4.93553049478448,-3.3196238812766,0.));
#10072=CARTESIAN_POINT('Ctrl Pts',(-4.93553049478448,-3.3196238812766,5.));
#10073=CARTESIAN_POINT('Ctrl Pts',(-4.92298773571216,-3.31614137688556,
0.));
#10074=CARTESIAN_POINT('Ctrl Pts',(-4.92298773571216,-3.31614137688556,
5.));
#10075=CARTESIAN_POINT('Ctrl Pts',(-4.91049188438189,-3.31257753856918,
0.));
#10076=CARTESIAN_POINT('Ctrl Pts',(-4.91049188438189,-3.31257753856918,
5.));
#10077=CARTESIAN_POINT('Ctrl Pts',(-4.8980455677911,-3.30892838776901,0.));
#10078=CARTESIAN_POINT('Ctrl Pts',(-4.8980455677911,-3.30892838776901,5.));
#10079=CARTESIAN_POINT('Ctrl Pts',(-4.88565128645656,-3.305190183916,0.));
#10080=CARTESIAN_POINT('Ctrl Pts',(-4.88565128645656,-3.305190183916,5.));
#10081=CARTESIAN_POINT('Ctrl Pts',(-4.87331083725399,-3.30136042484484,
0.));
#10082=CARTESIAN_POINT('Ctrl Pts',(-4.87331083725399,-3.30136042484484,
5.));
#10083=CARTESIAN_POINT('Ctrl Pts',(-4.86102479785243,-3.29743874084024,
0.));
#10084=CARTESIAN_POINT('Ctrl Pts',(-4.86102479785243,-3.29743874084024,
5.));
#10085=CARTESIAN_POINT('Ctrl Pts',(-4.84879180099435,-3.29342815184662,
0.));
#10086=CARTESIAN_POINT('Ctrl Pts',(-4.84879180099435,-3.29342815184662,
5.));
#10087=CARTESIAN_POINT('Ctrl Pts',(-4.8366096726516,-3.28933310380396,0.));
#10088=CARTESIAN_POINT('Ctrl Pts',(-4.8366096726516,-3.28933310380396,5.));
#10089=CARTESIAN_POINT('Ctrl Pts',(-4.82447684803748,-3.28515702492152,
0.));
#10090=CARTESIAN_POINT('Ctrl Pts',(-4.82447684803748,-3.28515702492152,
5.));
#10091=CARTESIAN_POINT('Ctrl Pts',(-4.81239375016261,-3.28089994652376,
0.));
#10092=CARTESIAN_POINT('Ctrl Pts',(-4.81239375016261,-3.28089994652376,
5.));
#10093=CARTESIAN_POINT('Ctrl Pts',(-4.80036404976735,-3.27655632930681,
0.));
#10094=CARTESIAN_POINT('Ctrl Pts',(-4.80036404976735,-3.27655632930681,
5.));
#10095=CARTESIAN_POINT('Ctrl Pts',(-4.78839634002428,-3.27211217178387,
0.));
#10096=CARTESIAN_POINT('Ctrl Pts',(-4.78839634002428,-3.27211217178387,
5.));
#10097=CARTESIAN_POINT('Ctrl Pts',(-4.77650147005345,-3.26754963298993,
0.));
#10098=CARTESIAN_POINT('Ctrl Pts',(-4.77650147005345,-3.26754963298993,
5.));
#10099=CARTESIAN_POINT('Ctrl Pts',(-4.76468936135502,-3.26285255133787,
0.));
#10100=CARTESIAN_POINT('Ctrl Pts',(-4.76468936135502,-3.26285255133787,
5.));
#10101=CARTESIAN_POINT('Ctrl Pts',(-4.75296589673571,-3.25801183557344,
0.));
#10102=CARTESIAN_POINT('Ctrl Pts',(-4.75296589673571,-3.25801183557344,
5.));
#10103=CARTESIAN_POINT('Ctrl Pts',(-4.74133002491356,-3.25303048818459,
0.));
#10104=CARTESIAN_POINT('Ctrl Pts',(-4.74133002491356,-3.25303048818459,
5.));
#10105=CARTESIAN_POINT('Ctrl Pts',(-4.72977009167511,-3.24792995261458,
0.));
#10106=CARTESIAN_POINT('Ctrl Pts',(-4.72977009167511,-3.24792995261458,
5.));
#10107=CARTESIAN_POINT('Ctrl Pts',(-4.71827092461035,-3.24273804485759,
0.));
#10108=CARTESIAN_POINT('Ctrl Pts',(-4.71827092461035,-3.24273804485759,
5.));
#10109=CARTESIAN_POINT('Ctrl Pts',(-4.70682184449339,-3.23747529647946,
0.));
#10110=CARTESIAN_POINT('Ctrl Pts',(-4.70682184449339,-3.23747529647946,
5.));
#10111=CARTESIAN_POINT('Ctrl Pts',(-4.69542447209734,-3.23214165242324,
0.));
#10112=CARTESIAN_POINT('Ctrl Pts',(-4.69542447209734,-3.23214165242324,
5.));
#10113=CARTESIAN_POINT('Ctrl Pts',(-4.68410034721234,-3.22670348129086,
0.));
#10114=CARTESIAN_POINT('Ctrl Pts',(-4.68410034721234,-3.22670348129086,
5.));
#10115=CARTESIAN_POINT('Ctrl Pts',(-4.67289943474689,-3.22107909215882,
0.));
#10116=CARTESIAN_POINT('Ctrl Pts',(-4.67289943474689,-3.22107909215882,
5.));
#10117=CARTESIAN_POINT('Ctrl Pts',(-4.6618864542798,-3.21516162822622,0.));
#10118=CARTESIAN_POINT('Ctrl Pts',(-4.6618864542798,-3.21516162822622,5.));
#10119=CARTESIAN_POINT('Ctrl Pts',(-4.6532782173072,-3.21010731183127,0.));
#10120=CARTESIAN_POINT('Ctrl Pts',(-4.6532782173072,-3.21010731183127,5.));
#10121=CARTESIAN_POINT('Ctrl Pts',(-4.64695845224567,-3.20609864677698,
0.));
#10122=CARTESIAN_POINT('Ctrl Pts',(-4.64695845224567,-3.20609864677698,
5.));
#10123=CARTESIAN_POINT('Ctrl Pts',(-4.64280878838249,-3.20332454352052,
0.));
#10124=CARTESIAN_POINT('Ctrl Pts',(-4.64280878838249,-3.20332454352052,
5.));
#10125=CARTESIAN_POINT('Ctrl Pts',(-4.64074983473125,-3.20191207680403,
0.));
#10126=CARTESIAN_POINT('Ctrl Pts',(-4.64074983473125,-3.20191207680403,
5.));
#10127=CARTESIAN_POINT('',(-5.53760093898009,-3.40367093600526,3.));
#10128=CARTESIAN_POINT('Ctrl Pts',(-4.64074983473125,-3.20191207680403,
3.));
#10129=CARTESIAN_POINT('Ctrl Pts',(-4.70604887233214,-3.24670799398012,
3.));
#10130=CARTESIAN_POINT('Ctrl Pts',(-4.85903459071085,-3.30788221739158,
3.));
#10131=CARTESIAN_POINT('Ctrl Pts',(-5.2181111025451,-3.38232656502105,3.));
#10132=CARTESIAN_POINT('Ctrl Pts',(-5.37947478953773,-3.39888274241671,
3.));
#10133=CARTESIAN_POINT('Ctrl Pts',(-5.53760093898008,-3.40367093600526,
3.));
#10134=CARTESIAN_POINT('',(-5.53760093898009,-3.40367093600526,0.));
#10135=CARTESIAN_POINT('',(-5.53760093898009,-3.40367093600526,0.));
#10136=CARTESIAN_POINT('Ctrl Pts',(-4.64074983473125,-3.20191207680403,
0.));
#10137=CARTESIAN_POINT('Ctrl Pts',(-4.64280878838249,-3.20332454352052,
0.));
#10138=CARTESIAN_POINT('Ctrl Pts',(-4.64695845224567,-3.20609864677698,
0.));
#10139=CARTESIAN_POINT('Ctrl Pts',(-4.6532782173072,-3.21010731183127,0.));
#10140=CARTESIAN_POINT('Ctrl Pts',(-4.6618864542798,-3.21516162822622,0.));
#10141=CARTESIAN_POINT('Ctrl Pts',(-4.67289943474689,-3.22107909215882,
0.));
#10142=CARTESIAN_POINT('Ctrl Pts',(-4.68410034721234,-3.22670348129086,
0.));
#10143=CARTESIAN_POINT('Ctrl Pts',(-4.69542447209734,-3.23214165242324,
0.));
#10144=CARTESIAN_POINT('Ctrl Pts',(-4.70682184449339,-3.23747529647946,
0.));
#10145=CARTESIAN_POINT('Ctrl Pts',(-4.71827092461035,-3.24273804485759,
0.));
#10146=CARTESIAN_POINT('Ctrl Pts',(-4.72977009167511,-3.24792995261458,
0.));
#10147=CARTESIAN_POINT('Ctrl Pts',(-4.74133002491356,-3.25303048818459,
0.));
#10148=CARTESIAN_POINT('Ctrl Pts',(-4.75296589673571,-3.25801183557344,
0.));
#10149=CARTESIAN_POINT('Ctrl Pts',(-4.76468936135502,-3.26285255133787,
0.));
#10150=CARTESIAN_POINT('Ctrl Pts',(-4.77650147005345,-3.26754963298993,
0.));
#10151=CARTESIAN_POINT('Ctrl Pts',(-4.78839634002428,-3.27211217178387,
0.));
#10152=CARTESIAN_POINT('Ctrl Pts',(-4.80036404976735,-3.27655632930681,
0.));
#10153=CARTESIAN_POINT('Ctrl Pts',(-4.81239375016261,-3.28089994652376,
0.));
#10154=CARTESIAN_POINT('Ctrl Pts',(-4.82447684803748,-3.28515702492152,
0.));
#10155=CARTESIAN_POINT('Ctrl Pts',(-4.8366096726516,-3.28933310380396,0.));
#10156=CARTESIAN_POINT('Ctrl Pts',(-4.84879180099435,-3.29342815184662,
0.));
#10157=CARTESIAN_POINT('Ctrl Pts',(-4.86102479785243,-3.29743874084024,
0.));
#10158=CARTESIAN_POINT('Ctrl Pts',(-4.87331083725399,-3.30136042484484,
0.));
#10159=CARTESIAN_POINT('Ctrl Pts',(-4.88565128645656,-3.305190183916,0.));
#10160=CARTESIAN_POINT('Ctrl Pts',(-4.8980455677911,-3.30892838776901,0.));
#10161=CARTESIAN_POINT('Ctrl Pts',(-4.91049188438189,-3.31257753856918,
0.));
#10162=CARTESIAN_POINT('Ctrl Pts',(-4.92298773571216,-3.31614137688556,
0.));
#10163=CARTESIAN_POINT('Ctrl Pts',(-4.93553049478448,-3.3196238812766,0.));
#10164=CARTESIAN_POINT('Ctrl Pts',(-4.9481180009082,-3.32302824075205,0.));
#10165=CARTESIAN_POINT('Ctrl Pts',(-4.96074901866642,-3.32635605890344,
0.));
#10166=CARTESIAN_POINT('Ctrl Pts',(-4.97342291477086,-3.32960791170042,
0.));
#10167=CARTESIAN_POINT('Ctrl Pts',(-4.98613943182645,-3.33278373757368,
0.));
#10168=CARTESIAN_POINT('Ctrl Pts',(-4.99889843316289,-3.33588327762348,
0.));
#10169=CARTESIAN_POINT('Ctrl Pts',(-5.01169964013405,-3.33890652881744,
0.));
#10170=CARTESIAN_POINT('Ctrl Pts',(-5.02454243171679,-3.3418540895944,0.));
#10171=CARTESIAN_POINT('Ctrl Pts',(-5.03742598165833,-3.34472692226736,
0.));
#10172=CARTESIAN_POINT('Ctrl Pts',(-5.05034935118145,-3.34752619225226,
0.));
#10173=CARTESIAN_POINT('Ctrl Pts',(-5.06331159488583,-3.35025308451311,
0.));
#10174=CARTESIAN_POINT('Ctrl Pts',(-5.07631186920934,-3.35290861564757,
0.));
#10175=CARTESIAN_POINT('Ctrl Pts',(-5.08934951393515,-3.35549349249272,
0.));
#10176=CARTESIAN_POINT('Ctrl Pts',(-5.10242399136309,-3.3580082163172,0.));
#10177=CARTESIAN_POINT('Ctrl Pts',(-5.11553484424324,-3.36045315466642,
0.));
#10178=CARTESIAN_POINT('Ctrl Pts',(-5.12868164784412,-3.3628286234064,0.));
#10179=CARTESIAN_POINT('Ctrl Pts',(-5.1418639605751,-3.36513497120682,0.));
#10180=CARTESIAN_POINT('Ctrl Pts',(-5.15508128618253,-3.36737264437588,
0.));
#10181=CARTESIAN_POINT('Ctrl Pts',(-5.16833309967956,-3.36954214305943,
0.));
#10182=CARTESIAN_POINT('Ctrl Pts',(-5.18161886472112,-3.37164399212324,
0.));
#10183=CARTESIAN_POINT('Ctrl Pts',(-5.19493805339029,-3.3736787078791,0.));
#10184=CARTESIAN_POINT('Ctrl Pts',(-5.20829016623103,-3.37564676467948,
0.));
#10185=CARTESIAN_POINT('Ctrl Pts',(-5.22167474741702,-3.37754856920242,
0.));
#10186=CARTESIAN_POINT('Ctrl Pts',(-5.23509137176347,-3.37938447946111,
0.));
#10187=CARTESIAN_POINT('Ctrl Pts',(-5.24853963502481,-3.38115481860613,
0.));
#10188=CARTESIAN_POINT('Ctrl Pts',(-5.26201914308385,-3.38285989072248,
0.));
#10189=CARTESIAN_POINT('Ctrl Pts',(-5.27552950053209,-3.38449999729483,
0.));
#10190=CARTESIAN_POINT('Ctrl Pts',(-5.28907030182945,-3.38607545071906,
0.));
#10191=CARTESIAN_POINT('Ctrl Pts',(-5.30264114038793,-3.3875865656399,0.));
#10192=CARTESIAN_POINT('Ctrl Pts',(-5.31624161554082,-3.38903365318044,
0.));
#10193=CARTESIAN_POINT('Ctrl Pts',(-5.3298713398278,-3.39041701465665,0.));
#10194=CARTESIAN_POINT('Ctrl Pts',(-5.34352994661743,-3.39173693564425,
0.));
#10195=CARTESIAN_POINT('Ctrl Pts',(-5.35721709542526,-3.39299368131427,
0.));
#10196=CARTESIAN_POINT('Ctrl Pts',(-5.37093245967431,-3.39418750075556,
0.));
#10197=CARTESIAN_POINT('Ctrl Pts',(-5.38467571584275,-3.39531863079412,
0.));
#10198=CARTESIAN_POINT('Ctrl Pts',(-5.39844653225862,-3.39638730034147,
0.));
#10199=CARTESIAN_POINT('Ctrl Pts',(-5.41224455695537,-3.3973937352058,0.));
#10200=CARTESIAN_POINT('Ctrl Pts',(-5.42606940820882,-3.39833816248738,
0.));
#10201=CARTESIAN_POINT('Ctrl Pts',(-5.43992069732034,-3.39922080643213,
0.));
#10202=CARTESIAN_POINT('Ctrl Pts',(-5.45379804895828,-3.40004188528474,
0.));
#10203=CARTESIAN_POINT('Ctrl Pts',(-5.46770112206752,-3.40080160815282,
0.));
#10204=CARTESIAN_POINT('Ctrl Pts',(-5.48162963080392,-3.40150017241803,
0.));
#10205=CARTESIAN_POINT('Ctrl Pts',(-5.49558336414976,-3.4021377610547,0.));
#10206=CARTESIAN_POINT('Ctrl Pts',(-5.50956217527065,-3.40271453267261,
0.));
#10207=CARTESIAN_POINT('Ctrl Pts',(-5.52076521272389,-3.40312739626302,
0.));
#10208=CARTESIAN_POINT('Ctrl Pts',(-5.52917871308423,-3.40340976938718,
0.));
#10209=CARTESIAN_POINT('Ctrl Pts',(-5.53479269934479,-3.40358590013318,
0.));
#10210=CARTESIAN_POINT('Ctrl Pts',(-5.53760093898008,-3.40367093600526,
0.));
#10211=CARTESIAN_POINT('Origin',(2.2719717403448E-12,1.31174352674061E-12,
0.));
#10212=CARTESIAN_POINT('',(-5.71646596619336,-3.09386762117468,3.));
#10213=CARTESIAN_POINT('Origin',(2.2719717403448E-12,1.31174352674061E-12,
3.));
#10214=CARTESIAN_POINT('',(-5.71646596619336,-3.09386762117468,0.));
#10215=CARTESIAN_POINT('',(-5.71646596619336,-3.09386762117468,0.));
#10216=CARTESIAN_POINT('Origin',(2.2719717403448E-12,1.31174352674061E-12,
0.));
#10217=CARTESIAN_POINT('Ctrl Pts',(-5.0933121165621,-2.41805121108368,0.));
#10218=CARTESIAN_POINT('Ctrl Pts',(-5.0933121165621,-2.41805121108368,5.));
#10219=CARTESIAN_POINT('Ctrl Pts',(-5.09556482544621,-2.41912808389262,
0.));
#10220=CARTESIAN_POINT('Ctrl Pts',(-5.09556482544621,-2.41912808389262,
5.));
#10221=CARTESIAN_POINT('Ctrl Pts',(-5.10004210127061,-2.42133474658707,
0.));
#10222=CARTESIAN_POINT('Ctrl Pts',(-5.10004210127061,-2.42133474658707,
5.));
#10223=CARTESIAN_POINT('Ctrl Pts',(-5.10667358957365,-2.42480349114916,
0.));
#10224=CARTESIAN_POINT('Ctrl Pts',(-5.10667358957365,-2.42480349114916,
5.));
#10225=CARTESIAN_POINT('Ctrl Pts',(-5.11535487445674,-2.42973128485176,
0.));
#10226=CARTESIAN_POINT('Ctrl Pts',(-5.11535487445674,-2.42973128485176,
5.));
#10227=CARTESIAN_POINT('Ctrl Pts',(-5.1259860387819,-2.43631007374134,0.));
#10228=CARTESIAN_POINT('Ctrl Pts',(-5.1259860387819,-2.43631007374134,5.));
#10229=CARTESIAN_POINT('Ctrl Pts',(-5.13645735888374,-2.44319815391596,
0.));
#10230=CARTESIAN_POINT('Ctrl Pts',(-5.13645735888374,-2.44319815391596,
5.));
#10231=CARTESIAN_POINT('Ctrl Pts',(-5.14682901567701,-2.45028604817581,
0.));
#10232=CARTESIAN_POINT('Ctrl Pts',(-5.14682901567701,-2.45028604817581,
5.));
#10233=CARTESIAN_POINT('Ctrl Pts',(-5.15714677312246,-2.45748964017908,
0.));
#10234=CARTESIAN_POINT('Ctrl Pts',(-5.15714677312246,-2.45748964017908,
5.));
#10235=CARTESIAN_POINT('Ctrl Pts',(-5.16742898697013,-2.46477346022126,
0.));
#10236=CARTESIAN_POINT('Ctrl Pts',(-5.16742898697013,-2.46477346022126,
5.));
#10237=CARTESIAN_POINT('Ctrl Pts',(-5.17767489451417,-2.4721360771432,0.));
#10238=CARTESIAN_POINT('Ctrl Pts',(-5.17767489451417,-2.4721360771432,5.));
#10239=CARTESIAN_POINT('Ctrl Pts',(-5.18787205450993,-2.47959700520875,
0.));
#10240=CARTESIAN_POINT('Ctrl Pts',(-5.18787205450993,-2.47959700520875,
5.));
#10241=CARTESIAN_POINT('Ctrl Pts',(-5.19800396380483,-2.48718329210749,
0.));
#10242=CARTESIAN_POINT('Ctrl Pts',(-5.19800396380483,-2.48718329210749,
5.));
#10243=CARTESIAN_POINT('Ctrl Pts',(-5.20805787893898,-2.49491575240597,
0.));
#10244=CARTESIAN_POINT('Ctrl Pts',(-5.20805787893898,-2.49491575240597,
5.));
#10245=CARTESIAN_POINT('Ctrl Pts',(-5.21803172532252,-2.50279679778504,
0.));
#10246=CARTESIAN_POINT('Ctrl Pts',(-5.21803172532252,-2.50279679778504,
5.));
#10247=CARTESIAN_POINT('Ctrl Pts',(-5.22793043480924,-2.51081678795752,
0.));
#10248=CARTESIAN_POINT('Ctrl Pts',(-5.22793043480924,-2.51081678795752,
5.));
#10249=CARTESIAN_POINT('Ctrl Pts',(-5.23776304299406,-2.51895904985866,
0.));
#10250=CARTESIAN_POINT('Ctrl Pts',(-5.23776304299406,-2.51895904985866,
5.));
#10251=CARTESIAN_POINT('Ctrl Pts',(-5.24753957604589,-2.5272052673924,0.));
#10252=CARTESIAN_POINT('Ctrl Pts',(-5.24753957604589,-2.5272052673924,5.));
#10253=CARTESIAN_POINT('Ctrl Pts',(-5.25726786302169,-2.53554099790957,
0.));
#10254=CARTESIAN_POINT('Ctrl Pts',(-5.25726786302169,-2.53554099790957,
5.));
#10255=CARTESIAN_POINT('Ctrl Pts',(-5.26695086572915,-2.54396029280384,
0.));
#10256=CARTESIAN_POINT('Ctrl Pts',(-5.26695086572915,-2.54396029280384,
5.));
#10257=CARTESIAN_POINT('Ctrl Pts',(-5.27658834553518,-2.5524628013995,0.));
#10258=CARTESIAN_POINT('Ctrl Pts',(-5.27658834553518,-2.5524628013995,5.));
#10259=CARTESIAN_POINT('Ctrl Pts',(-5.28617811591683,-2.5610515929462,0.));
#10260=CARTESIAN_POINT('Ctrl Pts',(-5.28617811591683,-2.5610515929462,5.));
#10261=CARTESIAN_POINT('Ctrl Pts',(-5.29571741359122,-2.56973077317754,
0.));
#10262=CARTESIAN_POINT('Ctrl Pts',(-5.29571741359122,-2.56973077317754,
5.));
#10263=CARTESIAN_POINT('Ctrl Pts',(-5.3052043068385,-2.5785030361455,0.));
#10264=CARTESIAN_POINT('Ctrl Pts',(-5.3052043068385,-2.5785030361455,5.));
#10265=CARTESIAN_POINT('Ctrl Pts',(-5.31463882700701,-2.58736769671636,
0.));
#10266=CARTESIAN_POINT('Ctrl Pts',(-5.31463882700701,-2.58736769671636,
5.));
#10267=CARTESIAN_POINT('Ctrl Pts',(-5.32402224259758,-2.59632194766745,
0.));
#10268=CARTESIAN_POINT('Ctrl Pts',(-5.32402224259758,-2.59632194766745,
5.));
#10269=CARTESIAN_POINT('Ctrl Pts',(-5.33335654277968,-2.60536175320318,
0.));
#10270=CARTESIAN_POINT('Ctrl Pts',(-5.33335654277968,-2.60536175320318,
5.));
#10271=CARTESIAN_POINT('Ctrl Pts',(-5.34264385958727,-2.61448284899784,
0.));
#10272=CARTESIAN_POINT('Ctrl Pts',(-5.34264385958727,-2.61448284899784,
5.));
#10273=CARTESIAN_POINT('Ctrl Pts',(-5.35188587443849,-2.62368176933354,
0.));
#10274=CARTESIAN_POINT('Ctrl Pts',(-5.35188587443849,-2.62368176933354,
5.));
#10275=CARTESIAN_POINT('Ctrl Pts',(-5.36108335837588,-2.63295664251212,
0.));
#10276=CARTESIAN_POINT('Ctrl Pts',(-5.36108335837588,-2.63295664251212,
5.));
#10277=CARTESIAN_POINT('Ctrl Pts',(-5.37023649355965,-2.642306632105,0.));
#10278=CARTESIAN_POINT('Ctrl Pts',(-5.37023649355965,-2.642306632105,5.));
#10279=CARTESIAN_POINT('Ctrl Pts',(-5.37934509797168,-2.65173154598617,
0.));
#10280=CARTESIAN_POINT('Ctrl Pts',(-5.37934509797168,-2.65173154598617,
5.));
#10281=CARTESIAN_POINT('Ctrl Pts',(-5.38840887906307,-2.66123139524555,
0.));
#10282=CARTESIAN_POINT('Ctrl Pts',(-5.38840887906307,-2.66123139524555,
5.));
#10283=CARTESIAN_POINT('Ctrl Pts',(-5.39742769488465,-2.6708059400847,0.));
#10284=CARTESIAN_POINT('Ctrl Pts',(-5.39742769488465,-2.6708059400847,5.));
#10285=CARTESIAN_POINT('Ctrl Pts',(-5.40640175318806,-2.68045434346238,
0.));
#10286=CARTESIAN_POINT('Ctrl Pts',(-5.40640175318806,-2.68045434346238,
5.));
#10287=CARTESIAN_POINT('Ctrl Pts',(-5.41533147423444,-2.69017540866619,
0.));
#10288=CARTESIAN_POINT('Ctrl Pts',(-5.41533147423444,-2.69017540866619,
5.));
#10289=CARTESIAN_POINT('Ctrl Pts',(-5.42421739791497,-2.69996773998326,
0.));
#10290=CARTESIAN_POINT('Ctrl Pts',(-5.42421739791497,-2.69996773998326,
5.));
#10291=CARTESIAN_POINT('Ctrl Pts',(-5.43306007773845,-2.70982992619087,
0.));
#10292=CARTESIAN_POINT('Ctrl Pts',(-5.43306007773845,-2.70982992619087,
5.));
#10293=CARTESIAN_POINT('Ctrl Pts',(-5.44185997232318,-2.71976072844397,
0.));
#10294=CARTESIAN_POINT('Ctrl Pts',(-5.44185997232318,-2.71976072844397,
5.));
#10295=CARTESIAN_POINT('Ctrl Pts',(-5.45061736369964,-2.72975922155946,
0.));
#10296=CARTESIAN_POINT('Ctrl Pts',(-5.45061736369964,-2.72975922155946,
5.));
#10297=CARTESIAN_POINT('Ctrl Pts',(-5.45933241712911,-2.73982468924102,
0.));
#10298=CARTESIAN_POINT('Ctrl Pts',(-5.45933241712911,-2.73982468924102,
5.));
#10299=CARTESIAN_POINT('Ctrl Pts',(-5.4680052222903,-2.74995655172591,0.));
#10300=CARTESIAN_POINT('Ctrl Pts',(-5.4680052222903,-2.74995655172591,5.));
#10301=CARTESIAN_POINT('Ctrl Pts',(-5.47663584036545,-2.76015428325284,
0.));
#10302=CARTESIAN_POINT('Ctrl Pts',(-5.47663584036545,-2.76015428325284,
5.));
#10303=CARTESIAN_POINT('Ctrl Pts',(-5.48522435251607,-2.77041732705829,
0.));
#10304=CARTESIAN_POINT('Ctrl Pts',(-5.48522435251607,-2.77041732705829,
5.));
#10305=CARTESIAN_POINT('Ctrl Pts',(-5.49377089712957,-2.78074503021989,
0.));
#10306=CARTESIAN_POINT('Ctrl Pts',(-5.49377089712957,-2.78074503021989,
5.));
#10307=CARTESIAN_POINT('Ctrl Pts',(-5.50227564485151,-2.79113668801276,
0.));
#10308=CARTESIAN_POINT('Ctrl Pts',(-5.50227564485151,-2.79113668801276,
5.));
#10309=CARTESIAN_POINT('Ctrl Pts',(-5.51073878205647,-2.80159157351555,
0.));
#10310=CARTESIAN_POINT('Ctrl Pts',(-5.51073878205647,-2.80159157351555,
5.));
#10311=CARTESIAN_POINT('Ctrl Pts',(-5.51916049192511,-2.81210897138292,
0.));
#10312=CARTESIAN_POINT('Ctrl Pts',(-5.51916049192511,-2.81210897138292,
5.));
#10313=CARTESIAN_POINT('Ctrl Pts',(-5.52754093553069,-2.822688211897,0.));
#10314=CARTESIAN_POINT('Ctrl Pts',(-5.52754093553069,-2.822688211897,5.));
#10315=CARTESIAN_POINT('Ctrl Pts',(-5.53588023715359,-2.83332869696162,
0.));
#10316=CARTESIAN_POINT('Ctrl Pts',(-5.53588023715359,-2.83332869696162,
5.));
#10317=CARTESIAN_POINT('Ctrl Pts',(-5.54417849424991,-2.84402987934933,
0.));
#10318=CARTESIAN_POINT('Ctrl Pts',(-5.54417849424991,-2.84402987934933,
5.));
#10319=CARTESIAN_POINT('Ctrl Pts',(-5.55243578455349,-2.85479124739792,
0.));
#10320=CARTESIAN_POINT('Ctrl Pts',(-5.55243578455349,-2.85479124739792,
5.));
#10321=CARTESIAN_POINT('Ctrl Pts',(-5.56065217435104,-2.86561230774939,
0.));
#10322=CARTESIAN_POINT('Ctrl Pts',(-5.56065217435104,-2.86561230774939,
5.));
#10323=CARTESIAN_POINT('Ctrl Pts',(-5.56882772703174,-2.87649256722761,
0.));
#10324=CARTESIAN_POINT('Ctrl Pts',(-5.56882772703174,-2.87649256722761,
5.));
#10325=CARTESIAN_POINT('Ctrl Pts',(-5.57696251036827,-2.8874315184266,0.));
#10326=CARTESIAN_POINT('Ctrl Pts',(-5.57696251036827,-2.8874315184266,5.));
#10327=CARTESIAN_POINT('Ctrl Pts',(-5.585056593557,-2.89842865190848,0.));
#10328=CARTESIAN_POINT('Ctrl Pts',(-5.585056593557,-2.89842865190848,5.));
#10329=CARTESIAN_POINT('Ctrl Pts',(-5.59311004570506,-2.90948346512415,
0.));
#10330=CARTESIAN_POINT('Ctrl Pts',(-5.59311004570506,-2.90948346512415,
5.));
#10331=CARTESIAN_POINT('Ctrl Pts',(-5.60112293402956,-2.92059547186515,
0.));
#10332=CARTESIAN_POINT('Ctrl Pts',(-5.60112293402956,-2.92059547186515,
5.));
#10333=CARTESIAN_POINT('Ctrl Pts',(-5.60909532253063,-2.93176421183147,
0.));
#10334=CARTESIAN_POINT('Ctrl Pts',(-5.60909532253063,-2.93176421183147,
5.));
#10335=CARTESIAN_POINT('Ctrl Pts',(-5.61702727061087,-2.94298925756942,
0.));
#10336=CARTESIAN_POINT('Ctrl Pts',(-5.61702727061087,-2.94298925756942,
5.));
#10337=CARTESIAN_POINT('Ctrl Pts',(-5.62491883069909,-2.95427020171061,
0.));
#10338=CARTESIAN_POINT('Ctrl Pts',(-5.62491883069909,-2.95427020171061,
5.));
#10339=CARTESIAN_POINT('Ctrl Pts',(-5.63277004613168,-2.96560664566391,
0.));
#10340=CARTESIAN_POINT('Ctrl Pts',(-5.63277004613168,-2.96560664566391,
5.));
#10341=CARTESIAN_POINT('Ctrl Pts',(-5.64058094931588,-2.97699818773723,
0.));
#10342=CARTESIAN_POINT('Ctrl Pts',(-5.64058094931588,-2.97699818773723,
5.));
#10343=CARTESIAN_POINT('Ctrl Pts',(-5.64835155982401,-2.98844441021451,
0.));
#10344=CARTESIAN_POINT('Ctrl Pts',(-5.64835155982401,-2.98844441021451,
5.));
#10345=CARTESIAN_POINT('Ctrl Pts',(-5.65608188346861,-2.99994486896274,
0.));
#10346=CARTESIAN_POINT('Ctrl Pts',(-5.65608188346861,-2.99994486896274,
5.));
#10347=CARTESIAN_POINT('Ctrl Pts',(-5.66377192010302,-3.01149911523611,
0.));
#10348=CARTESIAN_POINT('Ctrl Pts',(-5.66377192010302,-3.01149911523611,
5.));
#10349=CARTESIAN_POINT('Ctrl Pts',(-5.67142167106686,-3.0231067148655,0.));
#10350=CARTESIAN_POINT('Ctrl Pts',(-5.67142167106686,-3.0231067148655,5.));
#10351=CARTESIAN_POINT('Ctrl Pts',(-5.67903114692508,-3.03476726793474,
0.));
#10352=CARTESIAN_POINT('Ctrl Pts',(-5.67903114692508,-3.03476726793474,
5.));
#10353=CARTESIAN_POINT('Ctrl Pts',(-5.68660037569312,-3.04648042820469,
0.));
#10354=CARTESIAN_POINT('Ctrl Pts',(-5.68660037569312,-3.04648042820469,
5.));
#10355=CARTESIAN_POINT('Ctrl Pts',(-5.69412941032256,-3.05824592144148,
0.));
#10356=CARTESIAN_POINT('Ctrl Pts',(-5.69412941032256,-3.05824592144148,
5.));
#10357=CARTESIAN_POINT('Ctrl Pts',(-5.7016183147563,-3.07006354117793,0.));
#10358=CARTESIAN_POINT('Ctrl Pts',(-5.7016183147563,-3.07006354117793,5.));
#10359=CARTESIAN_POINT('Ctrl Pts',(-5.70757738384052,-3.07955922441677,
0.));
#10360=CARTESIAN_POINT('Ctrl Pts',(-5.70757738384052,-3.07955922441677,
5.));
#10361=CARTESIAN_POINT('Ctrl Pts',(-5.71202867631955,-3.0867043429015,0.));
#10362=CARTESIAN_POINT('Ctrl Pts',(-5.71202867631955,-3.0867043429015,5.));
#10363=CARTESIAN_POINT('Ctrl Pts',(-5.71498820315025,-3.09147813224664,
0.));
#10364=CARTESIAN_POINT('Ctrl Pts',(-5.71498820315025,-3.09147813224664,
5.));
#10365=CARTESIAN_POINT('Ctrl Pts',(-5.71646596619336,-3.09386762117468,
0.));
#10366=CARTESIAN_POINT('Ctrl Pts',(-5.71646596619336,-3.09386762117468,
5.));
#10367=CARTESIAN_POINT('Ctrl Pts',(-5.71646596619336,-3.09386762117468,
3.));
#10368=CARTESIAN_POINT('Ctrl Pts',(-5.69554255607147,-3.06003523034831,
3.));
#10369=CARTESIAN_POINT('Ctrl Pts',(-5.67413793503561,-3.02682248325294,
3.));
#10370=CARTESIAN_POINT('Ctrl Pts',(-5.65224798807395,-2.99425539908607,
3.));
#10371=CARTESIAN_POINT('Ctrl Pts',(-5.62062670259006,-2.9472103757417,3.));
#10372=CARTESIAN_POINT('Ctrl Pts',(-5.58799664086676,-2.90151904790845,
3.));
#10373=CARTESIAN_POINT('Ctrl Pts',(-5.55434151052133,-2.85731934390498,
3.));
#10374=CARTESIAN_POINT('Ctrl Pts',(-5.52058701823872,-2.81298914662552,
3.));
#10375=CARTESIAN_POINT('Ctrl Pts',(-5.48580306732308,-2.77015683767922,
3.));
#10376=CARTESIAN_POINT('Ctrl Pts',(-5.44994756515954,-2.72901931238531,
3.));
#10377=CARTESIAN_POINT('Ctrl Pts',(-5.42728305281197,-2.70301599647247,
3.));
#10378=CARTESIAN_POINT('Ctrl Pts',(-5.40419303744666,-2.67768548067989,
3.));
#10379=CARTESIAN_POINT('Ctrl Pts',(-5.38064607585851,-2.65311805728004,
3.));
#10380=CARTESIAN_POINT('Ctrl Pts',(-5.36703070516707,-2.63891263314197,
3.));
#10381=CARTESIAN_POINT('Ctrl Pts',(-5.35326567992058,-2.62495700175141,
3.));
#10382=CARTESIAN_POINT('Ctrl Pts',(-5.33934852948717,-2.61126327919159,
3.));
#10383=CARTESIAN_POINT('Ctrl Pts',(-5.32789282540351,-2.59999148657861,
3.));
#10384=CARTESIAN_POINT('Ctrl Pts',(-5.31633201277161,-2.58890068393601,
3.));
#10385=CARTESIAN_POINT('Ctrl Pts',(-5.30465068264527,-2.57802251234621,
3.));
#10386=CARTESIAN_POINT('Ctrl Pts',(-5.29062769541638,-2.56496368602871,
3.));
#10387=CARTESIAN_POINT('Ctrl Pts',(-5.27642838344306,-2.55221578700669,
3.));
#10388=CARTESIAN_POINT('Ctrl Pts',(-5.26208041133022,-2.53974083326064,
3.));
#10389=CARTESIAN_POINT('Ctrl Pts',(-5.25390741566767,-2.53263475986886,
3.));
#10390=CARTESIAN_POINT('Ctrl Pts',(-5.24568797919698,-2.52561416836904,
3.));
#10391=CARTESIAN_POINT('Ctrl Pts',(-5.237410148579,-2.51870202805304,3.));
#10392=CARTESIAN_POINT('Ctrl Pts',(-5.22886036502457,-2.51156280204965,
3.));
#10393=CARTESIAN_POINT('Ctrl Pts',(-5.22024508796874,-2.50454480299169,
3.));
#10394=CARTESIAN_POINT('Ctrl Pts',(-5.21153904496991,-2.49769482171709,
3.));
#10395=CARTESIAN_POINT('Ctrl Pts',(-5.20466566303323,-2.49228679219485,
3.));
#10396=CARTESIAN_POINT('Ctrl Pts',(-5.19773471318195,-2.48698521775613,
3.));
#10397=CARTESIAN_POINT('Ctrl Pts',(-5.19075273125262,-2.48178053437651,
3.));
#10398=CARTESIAN_POINT('Ctrl Pts',(-5.18290332157029,-2.47592923133289,
3.));
#10399=CARTESIAN_POINT('Ctrl Pts',(-5.17499279792813,-2.47019438826715,
3.));
#10400=CARTESIAN_POINT('Ctrl Pts',(-5.16705008293654,-2.46452956804274,
3.));
#10401=CARTESIAN_POINT('Ctrl Pts',(-5.16109304669284,-2.46028095287443,
3.));
#10402=CARTESIAN_POINT('Ctrl Pts',(-5.15511899333854,-2.45606984388085,
3.));
#10403=CARTESIAN_POINT('Ctrl Pts',(-5.14912121522301,-2.4519106256692,3.));
#10404=CARTESIAN_POINT('Ctrl Pts',(-5.14323780207757,-2.44783071497064,
3.));
#10405=CARTESIAN_POINT('Ctrl Pts',(-5.13733163352074,-2.44380062953847,
3.));
#10406=CARTESIAN_POINT('Ctrl Pts',(-5.13136467255597,-2.43989022888373,
3.));
#10407=CARTESIAN_POINT('Ctrl Pts',(-5.12522372806443,-2.43586580950135,
3.));
#10408=CARTESIAN_POINT('Ctrl Pts',(-5.11901599567983,-2.43197245749998,
3.));
#10409=CARTESIAN_POINT('Ctrl Pts',(-5.11268846046404,-2.42830628750362,
3.));
#10410=CARTESIAN_POINT('Ctrl Pts',(-5.1072312887313,-2.42514440557183,3.));
#10411=CARTESIAN_POINT('Ctrl Pts',(-5.10168386137573,-2.42215354396805,
3.));
#10412=CARTESIAN_POINT('Ctrl Pts',(-5.09602697265375,-2.41936838911907,
3.));
#10413=CARTESIAN_POINT('Ctrl Pts',(-5.09512475633871,-2.41892418519919,
3.));
#10414=CARTESIAN_POINT('Ctrl Pts',(-5.09421980808353,-2.41848511904455,
3.));
#10415=CARTESIAN_POINT('Ctrl Pts',(-5.0933121165621,-2.41805121108368,3.));
#10416=CARTESIAN_POINT('Ctrl Pts',(-5.0933121165621,-2.41805121108368,0.));
#10417=CARTESIAN_POINT('Ctrl Pts',(-5.09556482544621,-2.41912808389262,
0.));
#10418=CARTESIAN_POINT('Ctrl Pts',(-5.10004210127061,-2.42133474658707,
0.));
#10419=CARTESIAN_POINT('Ctrl Pts',(-5.10667358957365,-2.42480349114916,
0.));
#10420=CARTESIAN_POINT('Ctrl Pts',(-5.11535487445674,-2.42973128485176,
0.));
#10421=CARTESIAN_POINT('Ctrl Pts',(-5.1259860387819,-2.43631007374134,0.));
#10422=CARTESIAN_POINT('Ctrl Pts',(-5.13645735888374,-2.44319815391596,
0.));
#10423=CARTESIAN_POINT('Ctrl Pts',(-5.14682901567701,-2.45028604817581,
0.));
#10424=CARTESIAN_POINT('Ctrl Pts',(-5.15714677312246,-2.45748964017908,
0.));
#10425=CARTESIAN_POINT('Ctrl Pts',(-5.16742898697013,-2.46477346022126,
0.));
#10426=CARTESIAN_POINT('Ctrl Pts',(-5.17767489451417,-2.4721360771432,0.));
#10427=CARTESIAN_POINT('Ctrl Pts',(-5.18787205450993,-2.47959700520875,
0.));
#10428=CARTESIAN_POINT('Ctrl Pts',(-5.19800396380483,-2.48718329210749,
0.));
#10429=CARTESIAN_POINT('Ctrl Pts',(-5.20805787893898,-2.49491575240597,
0.));
#10430=CARTESIAN_POINT('Ctrl Pts',(-5.21803172532252,-2.50279679778504,
0.));
#10431=CARTESIAN_POINT('Ctrl Pts',(-5.22793043480924,-2.51081678795752,
0.));
#10432=CARTESIAN_POINT('Ctrl Pts',(-5.23776304299406,-2.51895904985866,
0.));
#10433=CARTESIAN_POINT('Ctrl Pts',(-5.24753957604589,-2.5272052673924,0.));
#10434=CARTESIAN_POINT('Ctrl Pts',(-5.25726786302169,-2.53554099790957,
0.));
#10435=CARTESIAN_POINT('Ctrl Pts',(-5.26695086572915,-2.54396029280384,
0.));
#10436=CARTESIAN_POINT('Ctrl Pts',(-5.27658834553518,-2.5524628013995,0.));
#10437=CARTESIAN_POINT('Ctrl Pts',(-5.28617811591683,-2.5610515929462,0.));
#10438=CARTESIAN_POINT('Ctrl Pts',(-5.29571741359122,-2.56973077317754,
0.));
#10439=CARTESIAN_POINT('Ctrl Pts',(-5.3052043068385,-2.5785030361455,0.));
#10440=CARTESIAN_POINT('Ctrl Pts',(-5.31463882700701,-2.58736769671636,
0.));
#10441=CARTESIAN_POINT('Ctrl Pts',(-5.32402224259758,-2.59632194766745,
0.));
#10442=CARTESIAN_POINT('Ctrl Pts',(-5.33335654277968,-2.60536175320318,
0.));
#10443=CARTESIAN_POINT('Ctrl Pts',(-5.34264385958727,-2.61448284899784,
0.));
#10444=CARTESIAN_POINT('Ctrl Pts',(-5.35188587443849,-2.62368176933354,
0.));
#10445=CARTESIAN_POINT('Ctrl Pts',(-5.36108335837588,-2.63295664251212,
0.));
#10446=CARTESIAN_POINT('Ctrl Pts',(-5.37023649355965,-2.642306632105,0.));
#10447=CARTESIAN_POINT('Ctrl Pts',(-5.37934509797168,-2.65173154598617,
0.));
#10448=CARTESIAN_POINT('Ctrl Pts',(-5.38840887906307,-2.66123139524555,
0.));
#10449=CARTESIAN_POINT('Ctrl Pts',(-5.39742769488465,-2.6708059400847,0.));
#10450=CARTESIAN_POINT('Ctrl Pts',(-5.40640175318806,-2.68045434346238,
0.));
#10451=CARTESIAN_POINT('Ctrl Pts',(-5.41533147423444,-2.69017540866619,
0.));
#10452=CARTESIAN_POINT('Ctrl Pts',(-5.42421739791497,-2.69996773998326,
0.));
#10453=CARTESIAN_POINT('Ctrl Pts',(-5.43306007773845,-2.70982992619087,
0.));
#10454=CARTESIAN_POINT('Ctrl Pts',(-5.44185997232318,-2.71976072844397,
0.));
#10455=CARTESIAN_POINT('Ctrl Pts',(-5.45061736369964,-2.72975922155946,
0.));
#10456=CARTESIAN_POINT('Ctrl Pts',(-5.45933241712911,-2.73982468924102,
0.));
#10457=CARTESIAN_POINT('Ctrl Pts',(-5.4680052222903,-2.74995655172591,0.));
#10458=CARTESIAN_POINT('Ctrl Pts',(-5.47663584036545,-2.76015428325284,
0.));
#10459=CARTESIAN_POINT('Ctrl Pts',(-5.48522435251607,-2.77041732705829,
0.));
#10460=CARTESIAN_POINT('Ctrl Pts',(-5.49377089712957,-2.78074503021989,
0.));
#10461=CARTESIAN_POINT('Ctrl Pts',(-5.50227564485151,-2.79113668801276,
0.));
#10462=CARTESIAN_POINT('Ctrl Pts',(-5.51073878205647,-2.80159157351555,
0.));
#10463=CARTESIAN_POINT('Ctrl Pts',(-5.51916049192511,-2.81210897138292,
0.));
#10464=CARTESIAN_POINT('Ctrl Pts',(-5.52754093553069,-2.822688211897,0.));
#10465=CARTESIAN_POINT('Ctrl Pts',(-5.53588023715359,-2.83332869696162,
0.));
#10466=CARTESIAN_POINT('Ctrl Pts',(-5.54417849424991,-2.84402987934933,
0.));
#10467=CARTESIAN_POINT('Ctrl Pts',(-5.55243578455349,-2.85479124739792,
0.));
#10468=CARTESIAN_POINT('Ctrl Pts',(-5.56065217435104,-2.86561230774939,
0.));
#10469=CARTESIAN_POINT('Ctrl Pts',(-5.56882772703174,-2.87649256722761,
0.));
#10470=CARTESIAN_POINT('Ctrl Pts',(-5.57696251036827,-2.8874315184266,0.));
#10471=CARTESIAN_POINT('Ctrl Pts',(-5.585056593557,-2.89842865190848,0.));
#10472=CARTESIAN_POINT('Ctrl Pts',(-5.59311004570506,-2.90948346512415,
0.));
#10473=CARTESIAN_POINT('Ctrl Pts',(-5.60112293402956,-2.92059547186515,
0.));
#10474=CARTESIAN_POINT('Ctrl Pts',(-5.60909532253063,-2.93176421183147,
0.));
#10475=CARTESIAN_POINT('Ctrl Pts',(-5.61702727061087,-2.94298925756942,
0.));
#10476=CARTESIAN_POINT('Ctrl Pts',(-5.62491883069909,-2.95427020171061,
0.));
#10477=CARTESIAN_POINT('Ctrl Pts',(-5.63277004613168,-2.96560664566391,
0.));
#10478=CARTESIAN_POINT('Ctrl Pts',(-5.64058094931588,-2.97699818773723,
0.));
#10479=CARTESIAN_POINT('Ctrl Pts',(-5.64835155982401,-2.98844441021451,
0.));
#10480=CARTESIAN_POINT('Ctrl Pts',(-5.65608188346861,-2.99994486896274,
0.));
#10481=CARTESIAN_POINT('Ctrl Pts',(-5.66377192010302,-3.01149911523611,
0.));
#10482=CARTESIAN_POINT('Ctrl Pts',(-5.67142167106686,-3.0231067148655,0.));
#10483=CARTESIAN_POINT('Ctrl Pts',(-5.67903114692508,-3.03476726793474,
0.));
#10484=CARTESIAN_POINT('Ctrl Pts',(-5.68660037569312,-3.04648042820469,
0.));
#10485=CARTESIAN_POINT('Ctrl Pts',(-5.69412941032256,-3.05824592144148,
0.));
#10486=CARTESIAN_POINT('Ctrl Pts',(-5.7016183147563,-3.07006354117793,0.));
#10487=CARTESIAN_POINT('Ctrl Pts',(-5.70757738384052,-3.07955922441677,
0.));
#10488=CARTESIAN_POINT('Ctrl Pts',(-5.71202867631955,-3.0867043429015,0.));
#10489=CARTESIAN_POINT('Ctrl Pts',(-5.71498820315025,-3.09147813224664,
0.));
#10490=CARTESIAN_POINT('Ctrl Pts',(-5.71646596619336,-3.09386762117468,
0.));
#10491=CARTESIAN_POINT('Ctrl Pts',(-6.22984662414354,-1.85445707409132,
0.));
#10492=CARTESIAN_POINT('Ctrl Pts',(-6.22984662414354,-1.85445707409132,
5.));
#10493=CARTESIAN_POINT('Ctrl Pts',(-6.22711206405019,-1.85510176164714,
0.));
#10494=CARTESIAN_POINT('Ctrl Pts',(-6.22711206405019,-1.85510176164714,
5.));
#10495=CARTESIAN_POINT('Ctrl Pts',(-6.2216437837412,-1.85638463897395,0.));
#10496=CARTESIAN_POINT('Ctrl Pts',(-6.2216437837412,-1.85638463897395,5.));
#10497=CARTESIAN_POINT('Ctrl Pts',(-6.21344388291129,-1.85828946160992,
0.));
#10498=CARTESIAN_POINT('Ctrl Pts',(-6.21344388291129,-1.85828946160992,
5.));
#10499=CARTESIAN_POINT('Ctrl Pts',(-6.20251572274209,-1.86079022546109,
0.));
#10500=CARTESIAN_POINT('Ctrl Pts',(-6.20251572274209,-1.86079022546109,
5.));
#10501=CARTESIAN_POINT('Ctrl Pts',(-6.18886394858022,-1.86385108940546,
0.));
#10502=CARTESIAN_POINT('Ctrl Pts',(-6.18886394858022,-1.86385108940546,
5.));
#10503=CARTESIAN_POINT('Ctrl Pts',(-6.17522065708621,-1.86684671801494,
0.));
#10504=CARTESIAN_POINT('Ctrl Pts',(-6.17522065708621,-1.86684671801494,
5.));
#10505=CARTESIAN_POINT('Ctrl Pts',(-6.16158594903997,-1.86977692008071,
0.));
#10506=CARTESIAN_POINT('Ctrl Pts',(-6.16158594903997,-1.86977692008071,
5.));
#10507=CARTESIAN_POINT('Ctrl Pts',(-6.14795998091171,-1.87264146424773,
0.));
#10508=CARTESIAN_POINT('Ctrl Pts',(-6.14795998091171,-1.87264146424773,
5.));
#10509=CARTESIAN_POINT('Ctrl Pts',(-6.13434297771954,-1.87544008587805,
0.));
#10510=CARTESIAN_POINT('Ctrl Pts',(-6.13434297771954,-1.87544008587805,
5.));
#10511=CARTESIAN_POINT('Ctrl Pts',(-6.12073521477637,-1.87817249471769,
0.));
#10512=CARTESIAN_POINT('Ctrl Pts',(-6.12073521477637,-1.87817249471769,
5.));
#10513=CARTESIAN_POINT('Ctrl Pts',(-6.10713699813888,-1.88083838281546,
0.));
#10514=CARTESIAN_POINT('Ctrl Pts',(-6.10713699813888,-1.88083838281546,
5.));
#10515=CARTESIAN_POINT('Ctrl Pts',(-6.09354864522197,-1.88343743296384,
0.));
#10516=CARTESIAN_POINT('Ctrl Pts',(-6.09354864522197,-1.88343743296384,
5.));
#10517=CARTESIAN_POINT('Ctrl Pts',(-6.07997046596502,-1.88596932700333,
0.));
#10518=CARTESIAN_POINT('Ctrl Pts',(-6.07997046596502,-1.88596932700333,
5.));
#10519=CARTESIAN_POINT('Ctrl Pts',(-6.06640274189815,-1.8884337557243,0.));
#10520=CARTESIAN_POINT('Ctrl Pts',(-6.06640274189815,-1.8884337557243,5.));
#10521=CARTESIAN_POINT('Ctrl Pts',(-6.05284573414521,-1.89083041217221,
0.));
#10522=CARTESIAN_POINT('Ctrl Pts',(-6.05284573414521,-1.89083041217221,
5.));
#10523=CARTESIAN_POINT('Ctrl Pts',(-6.03929969390922,-1.89315898385708,
0.));
#10524=CARTESIAN_POINT('Ctrl Pts',(-6.03929969390922,-1.89315898385708,
5.));
#10525=CARTESIAN_POINT('Ctrl Pts',(-6.02576487217037,-1.89541914565322,
0.));
#10526=CARTESIAN_POINT('Ctrl Pts',(-6.02576487217037,-1.89541914565322,
5.));
#10527=CARTESIAN_POINT('Ctrl Pts',(-6.01224152918007,-1.89761055330122,
0.));
#10528=CARTESIAN_POINT('Ctrl Pts',(-6.01224152918007,-1.89761055330122,
5.));
#10529=CARTESIAN_POINT('Ctrl Pts',(-5.99872994516466,-1.89973283606492,
0.));
#10530=CARTESIAN_POINT('Ctrl Pts',(-5.99872994516466,-1.89973283606492,
5.));
#10531=CARTESIAN_POINT('Ctrl Pts',(-5.98523041639578,-1.90178560261333,
0.));
#10532=CARTESIAN_POINT('Ctrl Pts',(-5.98523041639578,-1.90178560261333,
5.));
#10533=CARTESIAN_POINT('Ctrl Pts',(-5.97174324936315,-1.90376844872447,
0.));
#10534=CARTESIAN_POINT('Ctrl Pts',(-5.97174324936315,-1.90376844872447,
5.));
#10535=CARTESIAN_POINT('Ctrl Pts',(-5.95826875536457,-1.90568096524211,
0.));
#10536=CARTESIAN_POINT('Ctrl Pts',(-5.95826875536457,-1.90568096524211,
5.));
#10537=CARTESIAN_POINT('Ctrl Pts',(-5.94480724526769,-1.90752274545354,
0.));
#10538=CARTESIAN_POINT('Ctrl Pts',(-5.94480724526769,-1.90752274545354,
5.));
#10539=CARTESIAN_POINT('Ctrl Pts',(-5.93135902297781,-1.90929339580766,
0.));
#10540=CARTESIAN_POINT('Ctrl Pts',(-5.93135902297781,-1.90929339580766,
5.));
#10541=CARTESIAN_POINT('Ctrl Pts',(-5.9179243904799,-1.91099252057589,0.));
#10542=CARTESIAN_POINT('Ctrl Pts',(-5.9179243904799,-1.91099252057589,5.));
#10543=CARTESIAN_POINT('Ctrl Pts',(-5.90450365460769,-1.91261970299228,
0.));
#10544=CARTESIAN_POINT('Ctrl Pts',(-5.90450365460769,-1.91261970299228,
5.));
#10545=CARTESIAN_POINT('Ctrl Pts',(-5.89109713339752,-1.91417448719673,
0.));
#10546=CARTESIAN_POINT('Ctrl Pts',(-5.89109713339752,-1.91417448719673,
5.));
#10547=CARTESIAN_POINT('Ctrl Pts',(-5.87770516188776,-1.91565636239189,
0.));
#10548=CARTESIAN_POINT('Ctrl Pts',(-5.87770516188776,-1.91565636239189,
5.));
#10549=CARTESIAN_POINT('Ctrl Pts',(-5.86432809974447,-1.9170647411197,0.));
#10550=CARTESIAN_POINT('Ctrl Pts',(-5.86432809974447,-1.9170647411197,5.));
#10551=CARTESIAN_POINT('Ctrl Pts',(-5.85096632326489,-1.91839898802634,
0.));
#10552=CARTESIAN_POINT('Ctrl Pts',(-5.85096632326489,-1.91839898802634,
5.));
#10553=CARTESIAN_POINT('Ctrl Pts',(-5.83762021467333,-1.91965845731407,
0.));
#10554=CARTESIAN_POINT('Ctrl Pts',(-5.83762021467333,-1.91965845731407,
5.));
#10555=CARTESIAN_POINT('Ctrl Pts',(-5.82429015162088,-1.92084253000251,
0.));
#10556=CARTESIAN_POINT('Ctrl Pts',(-5.82429015162088,-1.92084253000251,
5.));
#10557=CARTESIAN_POINT('Ctrl Pts',(-5.81097649793869,-1.92195064655116,
0.));
#10558=CARTESIAN_POINT('Ctrl Pts',(-5.81097649793869,-1.92195064655116,
5.));
#10559=CARTESIAN_POINT('Ctrl Pts',(-5.7976795899282,-1.92298235587888,0.));
#10560=CARTESIAN_POINT('Ctrl Pts',(-5.7976795899282,-1.92298235587888,5.));
#10561=CARTESIAN_POINT('Ctrl Pts',(-5.78439975609636,-1.92393724295395,
0.));
#10562=CARTESIAN_POINT('Ctrl Pts',(-5.78439975609636,-1.92393724295395,
5.));
#10563=CARTESIAN_POINT('Ctrl Pts',(-5.77113734298496,-1.92481483440976,
0.));
#10564=CARTESIAN_POINT('Ctrl Pts',(-5.77113734298496,-1.92481483440976,
5.));
#10565=CARTESIAN_POINT('Ctrl Pts',(-5.75789274023457,-1.92561450689096,
0.));
#10566=CARTESIAN_POINT('Ctrl Pts',(-5.75789274023457,-1.92561450689096,
5.));
#10567=CARTESIAN_POINT('Ctrl Pts',(-5.74466640262281,-1.92633540676864,
0.));
#10568=CARTESIAN_POINT('Ctrl Pts',(-5.74466640262281,-1.92633540676864,
5.));
#10569=CARTESIAN_POINT('Ctrl Pts',(-5.73145888185328,-1.92697633375496,
0.));
#10570=CARTESIAN_POINT('Ctrl Pts',(-5.73145888185328,-1.92697633375496,
5.));
#10571=CARTESIAN_POINT('Ctrl Pts',(-5.7182707844213,-1.92753589857493,0.));
#10572=CARTESIAN_POINT('Ctrl Pts',(-5.7182707844213,-1.92753589857493,5.));
#10573=CARTESIAN_POINT('Ctrl Pts',(-5.70510271548421,-1.9280127325498,0.));
#10574=CARTESIAN_POINT('Ctrl Pts',(-5.70510271548421,-1.9280127325498,5.));
#10575=CARTESIAN_POINT('Ctrl Pts',(-5.69195522407597,-1.92840569230663,
0.));
#10576=CARTESIAN_POINT('Ctrl Pts',(-5.69195522407597,-1.92840569230663,
5.));
#10577=CARTESIAN_POINT('Ctrl Pts',(-5.6788287551715,-1.92871403906528,0.));
#10578=CARTESIAN_POINT('Ctrl Pts',(-5.6788287551715,-1.92871403906528,5.));
#10579=CARTESIAN_POINT('Ctrl Pts',(-5.66572357870713,-1.92893770363585,
0.));
#10580=CARTESIAN_POINT('Ctrl Pts',(-5.66572357870713,-1.92893770363585,
5.));
#10581=CARTESIAN_POINT('Ctrl Pts',(-5.65263989370442,-1.92907690072345,
0.));
#10582=CARTESIAN_POINT('Ctrl Pts',(-5.65263989370442,-1.92907690072345,
5.));
#10583=CARTESIAN_POINT('Ctrl Pts',(-5.63957796472322,-1.92913162318068,
0.));
#10584=CARTESIAN_POINT('Ctrl Pts',(-5.63957796472322,-1.92913162318068,
5.));
#10585=CARTESIAN_POINT('Ctrl Pts',(-5.62653825440113,-1.92910115075653,
0.));
#10586=CARTESIAN_POINT('Ctrl Pts',(-5.62653825440113,-1.92910115075653,
5.));
#10587=CARTESIAN_POINT('Ctrl Pts',(-5.61352154101919,-1.92898361475111,
0.));
#10588=CARTESIAN_POINT('Ctrl Pts',(-5.61352154101919,-1.92898361475111,
5.));
#10589=CARTESIAN_POINT('Ctrl Pts',(-5.60052908626788,-1.92877537558964,
0.));
#10590=CARTESIAN_POINT('Ctrl Pts',(-5.60052908626788,-1.92877537558964,
5.));
#10591=CARTESIAN_POINT('Ctrl Pts',(-5.58756239790513,-1.92847191036281,
0.));
#10592=CARTESIAN_POINT('Ctrl Pts',(-5.58756239790513,-1.92847191036281,
5.));
#10593=CARTESIAN_POINT('Ctrl Pts',(-5.57462292311417,-1.92806895877699,
0.));
#10594=CARTESIAN_POINT('Ctrl Pts',(-5.57462292311417,-1.92806895877699,
5.));
#10595=CARTESIAN_POINT('Ctrl Pts',(-5.56171174993562,-1.92756363886044,
0.));
#10596=CARTESIAN_POINT('Ctrl Pts',(-5.56171174993562,-1.92756363886044,
5.));
#10597=CARTESIAN_POINT('Ctrl Pts',(-5.54882934066559,-1.92695544398385,
0.));
#10598=CARTESIAN_POINT('Ctrl Pts',(-5.54882934066559,-1.92695544398385,
5.));
#10599=CARTESIAN_POINT('Ctrl Pts',(-5.53597515625383,-1.92624764506183,
0.));
#10600=CARTESIAN_POINT('Ctrl Pts',(-5.53597515625383,-1.92624764506183,
5.));
#10601=CARTESIAN_POINT('Ctrl Pts',(-5.52314824744435,-1.92544509922253,
0.));
#10602=CARTESIAN_POINT('Ctrl Pts',(-5.52314824744435,-1.92544509922253,
5.));
#10603=CARTESIAN_POINT('Ctrl Pts',(-5.51034799005511,-1.92455152285837,
0.));
#10604=CARTESIAN_POINT('Ctrl Pts',(-5.51034799005511,-1.92455152285837,
5.));
#10605=CARTESIAN_POINT('Ctrl Pts',(-5.49757480079036,-1.9235668367433,0.));
#10606=CARTESIAN_POINT('Ctrl Pts',(-5.49757480079036,-1.9235668367433,5.));
#10607=CARTESIAN_POINT('Ctrl Pts',(-5.48483079163567,-1.9224847402631,0.));
#10608=CARTESIAN_POINT('Ctrl Pts',(-5.48483079163567,-1.9224847402631,5.));
#10609=CARTESIAN_POINT('Ctrl Pts',(-5.47212063910694,-1.92128948494336,
0.));
#10610=CARTESIAN_POINT('Ctrl Pts',(-5.47212063910694,-1.92128948494336,
5.));
#10611=CARTESIAN_POINT('Ctrl Pts',(-5.45945020506787,-1.91996102977632,
0.));
#10612=CARTESIAN_POINT('Ctrl Pts',(-5.45945020506787,-1.91996102977632,
5.));
#10613=CARTESIAN_POINT('Ctrl Pts',(-5.44682489002518,-1.91848119599438,
0.));
#10614=CARTESIAN_POINT('Ctrl Pts',(-5.44682489002518,-1.91848119599438,
5.));
#10615=CARTESIAN_POINT('Ctrl Pts',(-5.43424802334404,-1.91683967953785,
0.));
#10616=CARTESIAN_POINT('Ctrl Pts',(-5.43424802334404,-1.91683967953785,
5.));
#10617=CARTESIAN_POINT('Ctrl Pts',(-5.42171936666512,-1.91503965267919,
0.));
#10618=CARTESIAN_POINT('Ctrl Pts',(-5.42171936666512,-1.91503965267919,
5.));
#10619=CARTESIAN_POINT('Ctrl Pts',(-5.40923321285419,-1.91310484452644,
0.));
#10620=CARTESIAN_POINT('Ctrl Pts',(-5.40923321285419,-1.91310484452644,
5.));
#10621=CARTESIAN_POINT('Ctrl Pts',(-5.39678210579759,-1.91106605017543,
0.));
#10622=CARTESIAN_POINT('Ctrl Pts',(-5.39678210579759,-1.91106605017543,
5.));
#10623=CARTESIAN_POINT('Ctrl Pts',(-5.38436104411553,-1.9089458655829,0.));
#10624=CARTESIAN_POINT('Ctrl Pts',(-5.38436104411553,-1.9089458655829,5.));
#10625=CARTESIAN_POINT('Ctrl Pts',(-5.37197157910481,-1.90674381808099,
0.));
#10626=CARTESIAN_POINT('Ctrl Pts',(-5.37197157910481,-1.90674381808099,
5.));
#10627=CARTESIAN_POINT('Ctrl Pts',(-5.35962581215867,-1.9044218473258,0.));
#10628=CARTESIAN_POINT('Ctrl Pts',(-5.35962581215867,-1.9044218473258,5.));
#10629=CARTESIAN_POINT('Ctrl Pts',(-5.34735086250585,-1.90188811407465,
0.));
#10630=CARTESIAN_POINT('Ctrl Pts',(-5.34735086250585,-1.90188811407465,
5.));
#10631=CARTESIAN_POINT('Ctrl Pts',(-5.3351815878838,-1.89902265192424,0.));
#10632=CARTESIAN_POINT('Ctrl Pts',(-5.3351815878838,-1.89902265192424,5.));
#10633=CARTESIAN_POINT('Ctrl Pts',(-5.32555851613017,-1.89636853285739,
0.));
#10634=CARTESIAN_POINT('Ctrl Pts',(-5.32555851613017,-1.89636853285739,
5.));
#10635=CARTESIAN_POINT('Ctrl Pts',(-5.31841657297967,-1.894132135311,0.));
#10636=CARTESIAN_POINT('Ctrl Pts',(-5.31841657297967,-1.894132135311,5.));
#10637=CARTESIAN_POINT('Ctrl Pts',(-5.31369031472796,-1.89252656936936,
0.));
#10638=CARTESIAN_POINT('Ctrl Pts',(-5.31369031472796,-1.89252656936936,
5.));
#10639=CARTESIAN_POINT('Ctrl Pts',(-5.31133594493429,-1.89169512770705,
0.));
#10640=CARTESIAN_POINT('Ctrl Pts',(-5.31133594493429,-1.89169512770705,
5.));
#10641=CARTESIAN_POINT('',(-6.22984662414354,-1.85445707409131,3.));
#10642=CARTESIAN_POINT('Ctrl Pts',(-5.31133594493429,-1.89169512770705,
3.));
#10643=CARTESIAN_POINT('Ctrl Pts',(-5.31744719565267,-1.89385330543672,
3.));
#10644=CARTESIAN_POINT('Ctrl Pts',(-5.32363076747894,-1.89577455137184,
3.));
#10645=CARTESIAN_POINT('Ctrl Pts',(-5.32987707185803,-1.89749226075492,
3.));
#10646=CARTESIAN_POINT('Ctrl Pts',(-5.33845520616514,-1.89985121428879,
3.));
#10647=CARTESIAN_POINT('Ctrl Pts',(-5.34715052411977,-1.9018303958531,3.));
#10648=CARTESIAN_POINT('Ctrl Pts',(-5.35590861503601,-1.90361805190634,
3.));
#10649=CARTESIAN_POINT('Ctrl Pts',(-5.36255932583126,-1.90497556046902,
3.));
#10650=CARTESIAN_POINT('Ctrl Pts',(-5.36924503066333,-1.90622681154733,
3.));
#10651=CARTESIAN_POINT('Ctrl Pts',(-5.375947417067,-1.90743367074191,3.));
#10652=CARTESIAN_POINT('Ctrl Pts',(-5.38312698131268,-1.90872645253649,
3.));
#10653=CARTESIAN_POINT('Ctrl Pts',(-5.39032571775999,-1.90996814546077,
3.));
#10654=CARTESIAN_POINT('Ctrl Pts',(-5.39753906214953,-1.91117059747285,
3.));
#10655=CARTESIAN_POINT('Ctrl Pts',(-5.40875376123481,-1.91304006838006,
3.));
#10656=CARTESIAN_POINT('Ctrl Pts',(-5.42000519798111,-1.91480919269195,
3.));
#10657=CARTESIAN_POINT('Ctrl Pts',(-5.43131356682768,-1.91639216191574,
3.));
#10658=CARTESIAN_POINT('Ctrl Pts',(-5.44045181721823,-1.91767135339984,
3.));
#10659=CARTESIAN_POINT('Ctrl Pts',(-5.44962840973319,-1.91882491504055,
3.));
#10660=CARTESIAN_POINT('Ctrl Pts',(-5.45884193768554,-1.91985422520486,
3.));
#10661=CARTESIAN_POINT('Ctrl Pts',(-5.47279156580597,-1.92141263953724,
3.));
#10662=CARTESIAN_POINT('Ctrl Pts',(-5.48682333956554,-1.92269552706214,
3.));
#10663=CARTESIAN_POINT('Ctrl Pts',(-5.50090601561804,-1.92380846487995,
3.));
#10664=CARTESIAN_POINT('Ctrl Pts',(-5.51363498828578,-1.92481442106407,
3.));
#10665=CARTESIAN_POINT('Ctrl Pts',(-5.5264053584453,-1.92568230657576,3.));
#10666=CARTESIAN_POINT('Ctrl Pts',(-5.53921569364377,-1.92641096622151,
3.));
#10667=CARTESIAN_POINT('Ctrl Pts',(-5.55342349450417,-1.92721911456277,
3.));
#10668=CARTESIAN_POINT('Ctrl Pts',(-5.56768286751648,-1.9278470411737,3.));
#10669=CARTESIAN_POINT('Ctrl Pts',(-5.58199423695514,-1.92828558497844,
3.));
#10670=CARTESIAN_POINT('Ctrl Pts',(-5.60117880565649,-1.92887345840219,
3.));
#10671=CARTESIAN_POINT('Ctrl Pts',(-5.62045437631268,-1.92913003496779,
3.));
#10672=CARTESIAN_POINT('Ctrl Pts',(-5.63980196843042,-1.92911010178752,
3.));
#10673=CARTESIAN_POINT('Ctrl Pts',(-5.66586917738686,-1.92908324560966,
3.));
#10674=CARTESIAN_POINT('Ctrl Pts',(-5.69206912162877,-1.9285469496685,3.));
#10675=CARTESIAN_POINT('Ctrl Pts',(-5.71839012536165,-1.92751071960382,
3.));
#10676=CARTESIAN_POINT('Ctrl Pts',(-5.74514497273428,-1.92645740957412,
3.));
#10677=CARTESIAN_POINT('Ctrl Pts',(-5.77202262504109,-1.92489611200988,
3.));
#10678=CARTESIAN_POINT('Ctrl Pts',(-5.799004512402,-1.92286406215278,3.));
#10679=CARTESIAN_POINT('Ctrl Pts',(-5.84696079806175,-1.91925239621856,
3.));
#10680=CARTESIAN_POINT('Ctrl Pts',(-5.8952500163494,-1.91413894365873,3.));
#10681=CARTESIAN_POINT('Ctrl Pts',(-5.94379736866805,-1.90764077842557,
3.));
#10682=CARTESIAN_POINT('Ctrl Pts',(-5.99405961009453,-1.90091307167785,
3.));
#10683=CARTESIAN_POINT('Ctrl Pts',(-6.04459904508724,-1.89269784769307,
3.));
#10684=CARTESIAN_POINT('Ctrl Pts',(-6.09534974008921,-1.88308038262042,
3.));
#10685=CARTESIAN_POINT('Ctrl Pts',(-6.13531528776406,-1.87550674724741,
3.));
#10686=CARTESIAN_POINT('Ctrl Pts',(-6.17540939185317,-1.86706367566876,
3.));
#10687=CARTESIAN_POINT('Ctrl Pts',(-6.21560872193331,-1.8577795564245,3.));
#10688=CARTESIAN_POINT('Ctrl Pts',(-6.22035316989652,-1.85668381625791,
3.));
#10689=CARTESIAN_POINT('Ctrl Pts',(-6.22509913769537,-1.85557632008705,
3.));
#10690=CARTESIAN_POINT('Ctrl Pts',(-6.22984662414354,-1.85445707409132,
3.));
#10691=CARTESIAN_POINT('',(-6.22984662414354,-1.85445707409131,0.));
#10692=CARTESIAN_POINT('',(-6.22984662414354,-1.85445707409131,0.));
#10693=CARTESIAN_POINT('Ctrl Pts',(-5.31133594493429,-1.89169512770705,
0.));
#10694=CARTESIAN_POINT('Ctrl Pts',(-5.31369031472796,-1.89252656936936,
0.));
#10695=CARTESIAN_POINT('Ctrl Pts',(-5.31841657297967,-1.894132135311,0.));
#10696=CARTESIAN_POINT('Ctrl Pts',(-5.32555851613017,-1.89636853285739,
0.));
#10697=CARTESIAN_POINT('Ctrl Pts',(-5.3351815878838,-1.89902265192424,0.));
#10698=CARTESIAN_POINT('Ctrl Pts',(-5.34735086250585,-1.90188811407465,
0.));
#10699=CARTESIAN_POINT('Ctrl Pts',(-5.35962581215867,-1.9044218473258,0.));
#10700=CARTESIAN_POINT('Ctrl Pts',(-5.37197157910481,-1.90674381808099,
0.));
#10701=CARTESIAN_POINT('Ctrl Pts',(-5.38436104411553,-1.9089458655829,0.));
#10702=CARTESIAN_POINT('Ctrl Pts',(-5.39678210579759,-1.91106605017543,
0.));
#10703=CARTESIAN_POINT('Ctrl Pts',(-5.40923321285419,-1.91310484452644,
0.));
#10704=CARTESIAN_POINT('Ctrl Pts',(-5.42171936666512,-1.91503965267919,
0.));
#10705=CARTESIAN_POINT('Ctrl Pts',(-5.43424802334404,-1.91683967953785,
0.));
#10706=CARTESIAN_POINT('Ctrl Pts',(-5.44682489002518,-1.91848119599438,
0.));
#10707=CARTESIAN_POINT('Ctrl Pts',(-5.45945020506787,-1.91996102977632,
0.));
#10708=CARTESIAN_POINT('Ctrl Pts',(-5.47212063910694,-1.92128948494336,
0.));
#10709=CARTESIAN_POINT('Ctrl Pts',(-5.48483079163567,-1.9224847402631,0.));
#10710=CARTESIAN_POINT('Ctrl Pts',(-5.49757480079036,-1.9235668367433,0.));
#10711=CARTESIAN_POINT('Ctrl Pts',(-5.51034799005511,-1.92455152285837,
0.));
#10712=CARTESIAN_POINT('Ctrl Pts',(-5.52314824744435,-1.92544509922253,
0.));
#10713=CARTESIAN_POINT('Ctrl Pts',(-5.53597515625383,-1.92624764506183,
0.));
#10714=CARTESIAN_POINT('Ctrl Pts',(-5.54882934066559,-1.92695544398385,
0.));
#10715=CARTESIAN_POINT('Ctrl Pts',(-5.56171174993562,-1.92756363886044,
0.));
#10716=CARTESIAN_POINT('Ctrl Pts',(-5.57462292311417,-1.92806895877699,
0.));
#10717=CARTESIAN_POINT('Ctrl Pts',(-5.58756239790513,-1.92847191036281,
0.));
#10718=CARTESIAN_POINT('Ctrl Pts',(-5.60052908626788,-1.92877537558964,
0.));
#10719=CARTESIAN_POINT('Ctrl Pts',(-5.61352154101919,-1.92898361475111,
0.));
#10720=CARTESIAN_POINT('Ctrl Pts',(-5.62653825440113,-1.92910115075653,
0.));
#10721=CARTESIAN_POINT('Ctrl Pts',(-5.63957796472322,-1.92913162318068,
0.));
#10722=CARTESIAN_POINT('Ctrl Pts',(-5.65263989370442,-1.92907690072345,
0.));
#10723=CARTESIAN_POINT('Ctrl Pts',(-5.66572357870713,-1.92893770363585,
0.));
#10724=CARTESIAN_POINT('Ctrl Pts',(-5.6788287551715,-1.92871403906528,0.));
#10725=CARTESIAN_POINT('Ctrl Pts',(-5.69195522407597,-1.92840569230663,
0.));
#10726=CARTESIAN_POINT('Ctrl Pts',(-5.70510271548421,-1.9280127325498,0.));
#10727=CARTESIAN_POINT('Ctrl Pts',(-5.7182707844213,-1.92753589857493,0.));
#10728=CARTESIAN_POINT('Ctrl Pts',(-5.73145888185328,-1.92697633375496,
0.));
#10729=CARTESIAN_POINT('Ctrl Pts',(-5.74466640262281,-1.92633540676864,
0.));
#10730=CARTESIAN_POINT('Ctrl Pts',(-5.75789274023457,-1.92561450689096,
0.));
#10731=CARTESIAN_POINT('Ctrl Pts',(-5.77113734298496,-1.92481483440976,
0.));
#10732=CARTESIAN_POINT('Ctrl Pts',(-5.78439975609636,-1.92393724295395,
0.));
#10733=CARTESIAN_POINT('Ctrl Pts',(-5.7976795899282,-1.92298235587888,0.));
#10734=CARTESIAN_POINT('Ctrl Pts',(-5.81097649793869,-1.92195064655116,
0.));
#10735=CARTESIAN_POINT('Ctrl Pts',(-5.82429015162088,-1.92084253000251,
0.));
#10736=CARTESIAN_POINT('Ctrl Pts',(-5.83762021467333,-1.91965845731407,
0.));
#10737=CARTESIAN_POINT('Ctrl Pts',(-5.85096632326489,-1.91839898802634,
0.));
#10738=CARTESIAN_POINT('Ctrl Pts',(-5.86432809974447,-1.9170647411197,0.));
#10739=CARTESIAN_POINT('Ctrl Pts',(-5.87770516188776,-1.91565636239189,
0.));
#10740=CARTESIAN_POINT('Ctrl Pts',(-5.89109713339752,-1.91417448719673,
0.));
#10741=CARTESIAN_POINT('Ctrl Pts',(-5.90450365460769,-1.91261970299228,
0.));
#10742=CARTESIAN_POINT('Ctrl Pts',(-5.9179243904799,-1.91099252057589,0.));
#10743=CARTESIAN_POINT('Ctrl Pts',(-5.93135902297781,-1.90929339580766,
0.));
#10744=CARTESIAN_POINT('Ctrl Pts',(-5.94480724526769,-1.90752274545354,
0.));
#10745=CARTESIAN_POINT('Ctrl Pts',(-5.95826875536457,-1.90568096524211,
0.));
#10746=CARTESIAN_POINT('Ctrl Pts',(-5.97174324936315,-1.90376844872447,
0.));
#10747=CARTESIAN_POINT('Ctrl Pts',(-5.98523041639578,-1.90178560261333,
0.));
#10748=CARTESIAN_POINT('Ctrl Pts',(-5.99872994516466,-1.89973283606492,
0.));
#10749=CARTESIAN_POINT('Ctrl Pts',(-6.01224152918007,-1.89761055330122,
0.));
#10750=CARTESIAN_POINT('Ctrl Pts',(-6.02576487217037,-1.89541914565322,
0.));
#10751=CARTESIAN_POINT('Ctrl Pts',(-6.03929969390922,-1.89315898385708,
0.));
#10752=CARTESIAN_POINT('Ctrl Pts',(-6.05284573414521,-1.89083041217221,
0.));
#10753=CARTESIAN_POINT('Ctrl Pts',(-6.06640274189815,-1.8884337557243,0.));
#10754=CARTESIAN_POINT('Ctrl Pts',(-6.07997046596502,-1.88596932700333,
0.));
#10755=CARTESIAN_POINT('Ctrl Pts',(-6.09354864522197,-1.88343743296384,
0.));
#10756=CARTESIAN_POINT('Ctrl Pts',(-6.10713699813888,-1.88083838281546,
0.));
#10757=CARTESIAN_POINT('Ctrl Pts',(-6.12073521477637,-1.87817249471769,
0.));
#10758=CARTESIAN_POINT('Ctrl Pts',(-6.13434297771954,-1.87544008587805,
0.));
#10759=CARTESIAN_POINT('Ctrl Pts',(-6.14795998091171,-1.87264146424773,
0.));
#10760=CARTESIAN_POINT('Ctrl Pts',(-6.16158594903997,-1.86977692008071,
0.));
#10761=CARTESIAN_POINT('Ctrl Pts',(-6.17522065708621,-1.86684671801494,
0.));
#10762=CARTESIAN_POINT('Ctrl Pts',(-6.18886394858022,-1.86385108940546,
0.));
#10763=CARTESIAN_POINT('Ctrl Pts',(-6.20251572274209,-1.86079022546109,
0.));
#10764=CARTESIAN_POINT('Ctrl Pts',(-6.21344388291129,-1.85828946160992,
0.));
#10765=CARTESIAN_POINT('Ctrl Pts',(-6.2216437837412,-1.85638463897395,0.));
#10766=CARTESIAN_POINT('Ctrl Pts',(-6.22711206405019,-1.85510176164714,
0.));
#10767=CARTESIAN_POINT('Ctrl Pts',(-6.22984662414354,-1.85445707409132,
0.));
#10768=CARTESIAN_POINT('Origin',(2.53406038760838E-12,6.79017393610305E-13,
0.));
#10769=CARTESIAN_POINT('',(-6.32243397523469,-1.50891637568092,3.));
#10770=CARTESIAN_POINT('Origin',(2.53406038760838E-12,6.79017393610305E-13,
3.));
#10771=CARTESIAN_POINT('',(-6.32243397523469,-1.50891637568092,0.));
#10772=CARTESIAN_POINT('',(-6.32243397523469,-1.50891637568092,0.));
#10773=CARTESIAN_POINT('Origin',(2.53406038760838E-12,6.79017393610305E-13,
0.));
#10774=CARTESIAN_POINT('Ctrl Pts',(-5.54559942020005,-1.01741193565758,
0.));
#10775=CARTESIAN_POINT('Ctrl Pts',(-5.54559942020005,-1.01741193565758,
5.));
#10776=CARTESIAN_POINT('Ctrl Pts',(-5.54805408508242,-1.01786907095309,
0.));
#10777=CARTESIAN_POINT('Ctrl Pts',(-5.54805408508242,-1.01786907095309,
5.));
#10778=CARTESIAN_POINT('Ctrl Pts',(-5.55294992776407,-1.01884173918604,
0.));
#10779=CARTESIAN_POINT('Ctrl Pts',(-5.55294992776407,-1.01884173918604,
5.));
#10780=CARTESIAN_POINT('Ctrl Pts',(-5.56025323073798,-1.02047593367316,
0.));
#10781=CARTESIAN_POINT('Ctrl Pts',(-5.56025323073798,-1.02047593367316,
5.));
#10782=CARTESIAN_POINT('Ctrl Pts',(-5.5699141148725,-1.02298893501341,0.));
#10783=CARTESIAN_POINT('Ctrl Pts',(-5.5699141148725,-1.02298893501341,5.));
#10784=CARTESIAN_POINT('Ctrl Pts',(-5.58188574691602,-1.0265920093086,0.));
#10785=CARTESIAN_POINT('Ctrl Pts',(-5.58188574691602,-1.0265920093086,5.));
#10786=CARTESIAN_POINT('Ctrl Pts',(-5.59378303177112,-1.0305352067731,0.));
#10787=CARTESIAN_POINT('Ctrl Pts',(-5.59378303177112,-1.0305352067731,5.));
#10788=CARTESIAN_POINT('Ctrl Pts',(-5.60563576495326,-1.03469720458533,
0.));
#10789=CARTESIAN_POINT('Ctrl Pts',(-5.60563576495326,-1.03469720458533,
5.));
#10790=CARTESIAN_POINT('Ctrl Pts',(-5.6174663801428,-1.0389849080137,0.));
#10791=CARTESIAN_POINT('Ctrl Pts',(-5.6174663801428,-1.0389849080137,5.));
#10792=CARTESIAN_POINT('Ctrl Pts',(-5.62928342739771,-1.04335930513689,
0.));
#10793=CARTESIAN_POINT('Ctrl Pts',(-5.62928342739771,-1.04335930513689,
5.));
#10794=CARTESIAN_POINT('Ctrl Pts',(-5.64108579958947,-1.04781921096411,
0.));
#10795=CARTESIAN_POINT('Ctrl Pts',(-5.64108579958947,-1.04781921096411,
5.));
#10796=CARTESIAN_POINT('Ctrl Pts',(-5.65286653006167,-1.05238669485785,
0.));
#10797=CARTESIAN_POINT('Ctrl Pts',(-5.65286653006167,-1.05238669485785,
5.));
#10798=CARTESIAN_POINT('Ctrl Pts',(-5.66461667845023,-1.05709215421021,
0.));
#10799=CARTESIAN_POINT('Ctrl Pts',(-5.66461667845023,-1.05709215421021,
5.));
#10800=CARTESIAN_POINT('Ctrl Pts',(-5.67632932272437,-1.0619589925987,0.));
#10801=CARTESIAN_POINT('Ctrl Pts',(-5.67632932272437,-1.0619589925987,5.));
#10802=CARTESIAN_POINT('Ctrl Pts',(-5.6880030831731,-1.06699007647151,0.));
#10803=CARTESIAN_POINT('Ctrl Pts',(-5.6880030831731,-1.06699007647151,5.));
#10804=CARTESIAN_POINT('Ctrl Pts',(-5.69964022851143,-1.0721748175686,0.));
#10805=CARTESIAN_POINT('Ctrl Pts',(-5.69964022851143,-1.0721748175686,5.));
#10806=CARTESIAN_POINT('Ctrl Pts',(-5.71124517114716,-1.07749477236206,
0.));
#10807=CARTESIAN_POINT('Ctrl Pts',(-5.71124517114716,-1.07749477236206,
5.));
#10808=CARTESIAN_POINT('Ctrl Pts',(-5.72282285506128,-1.0829296538982,0.));
#10809=CARTESIAN_POINT('Ctrl Pts',(-5.72282285506128,-1.0829296538982,5.));
#10810=CARTESIAN_POINT('Ctrl Pts',(-5.73437710450944,-1.08846348534017,
0.));
#10811=CARTESIAN_POINT('Ctrl Pts',(-5.73437710450944,-1.08846348534017,
5.));
#10812=CARTESIAN_POINT('Ctrl Pts',(-5.74590924076557,-1.09408975420321,
0.));
#10813=CARTESIAN_POINT('Ctrl Pts',(-5.74590924076557,-1.09408975420321,
5.));
#10814=CARTESIAN_POINT('Ctrl Pts',(-5.75741894256626,-1.09980818352341,
0.));
#10815=CARTESIAN_POINT('Ctrl Pts',(-5.75741894256626,-1.09980818352341,
5.));
#10816=CARTESIAN_POINT('Ctrl Pts',(-5.76890489227278,-1.10562230388205,
0.));
#10817=CARTESIAN_POINT('Ctrl Pts',(-5.76890489227278,-1.10562230388205,
5.));
#10818=CARTESIAN_POINT('Ctrl Pts',(-5.78036548340088,-1.11153679630349,
0.));
#10819=CARTESIAN_POINT('Ctrl Pts',(-5.78036548340088,-1.11153679630349,
5.));
#10820=CARTESIAN_POINT('Ctrl Pts',(-5.79179954732443,-1.117554763008,0.));
#10821=CARTESIAN_POINT('Ctrl Pts',(-5.79179954732443,-1.117554763008,5.));
#10822=CARTESIAN_POINT('Ctrl Pts',(-5.80320693699794,-1.12367553409366,
0.));
#10823=CARTESIAN_POINT('Ctrl Pts',(-5.80320693699794,-1.12367553409366,
5.));
#10824=CARTESIAN_POINT('Ctrl Pts',(-5.81458815113645,-1.12989606967943,
0.));
#10825=CARTESIAN_POINT('Ctrl Pts',(-5.81458815113645,-1.12989606967943,
5.));
#10826=CARTESIAN_POINT('Ctrl Pts',(-5.82594406658934,-1.1362119566512,0.));
#10827=CARTESIAN_POINT('Ctrl Pts',(-5.82594406658934,-1.1362119566512,5.));
#10828=CARTESIAN_POINT('Ctrl Pts',(-5.83727563905459,-1.14261852417561,
0.));
#10829=CARTESIAN_POINT('Ctrl Pts',(-5.83727563905459,-1.14261852417561,
5.));
#10830=CARTESIAN_POINT('Ctrl Pts',(-5.84858359566359,-1.14911198944322,
0.));
#10831=CARTESIAN_POINT('Ctrl Pts',(-5.84858359566359,-1.14911198944322,
5.));
#10832=CARTESIAN_POINT('Ctrl Pts',(-5.85986819675512,-1.15569034497195,
0.));
#10833=CARTESIAN_POINT('Ctrl Pts',(-5.85986819675512,-1.15569034497195,
5.));
#10834=CARTESIAN_POINT('Ctrl Pts',(-5.87112940179879,-1.16235273568729,
0.));
#10835=CARTESIAN_POINT('Ctrl Pts',(-5.87112940179879,-1.16235273568729,
5.));
#10836=CARTESIAN_POINT('Ctrl Pts',(-5.88236698525272,-1.16909902311952,
0.));
#10837=CARTESIAN_POINT('Ctrl Pts',(-5.88236698525272,-1.16909902311952,
5.));
#10838=CARTESIAN_POINT('Ctrl Pts',(-5.89358066740665,-1.17592929369792,
0.));
#10839=CARTESIAN_POINT('Ctrl Pts',(-5.89358066740665,-1.17592929369792,
5.));
#10840=CARTESIAN_POINT('Ctrl Pts',(-5.90477024908382,-1.18284335253412,
0.));
#10841=CARTESIAN_POINT('Ctrl Pts',(-5.90477024908382,-1.18284335253412,
5.));
#10842=CARTESIAN_POINT('Ctrl Pts',(-5.91593571431468,-1.18984033733829,
0.));
#10843=CARTESIAN_POINT('Ctrl Pts',(-5.91593571431468,-1.18984033733829,
5.));
#10844=CARTESIAN_POINT('Ctrl Pts',(-5.92707715930837,-1.19691898340344,
0.));
#10845=CARTESIAN_POINT('Ctrl Pts',(-5.92707715930837,-1.19691898340344,
5.));
#10846=CARTESIAN_POINT('Ctrl Pts',(-5.93819474432264,-1.20407780284033,
0.));
#10847=CARTESIAN_POINT('Ctrl Pts',(-5.93819474432264,-1.20407780284033,
5.));
#10848=CARTESIAN_POINT('Ctrl Pts',(-5.94928863875461,-1.21131528925387,
0.));
#10849=CARTESIAN_POINT('Ctrl Pts',(-5.94928863875461,-1.21131528925387,
5.));
#10850=CARTESIAN_POINT('Ctrl Pts',(-5.96035896495888,-1.21863012731248,
0.));
#10851=CARTESIAN_POINT('Ctrl Pts',(-5.96035896495888,-1.21863012731248,
5.));
#10852=CARTESIAN_POINT('Ctrl Pts',(-5.97140575590094,-1.22602135036306,
0.));
#10853=CARTESIAN_POINT('Ctrl Pts',(-5.97140575590094,-1.22602135036306,
5.));
#10854=CARTESIAN_POINT('Ctrl Pts',(-5.98242898581981,-1.23348822374373,
0.));
#10855=CARTESIAN_POINT('Ctrl Pts',(-5.98242898581981,-1.23348822374373,
5.));
#10856=CARTESIAN_POINT('Ctrl Pts',(-5.99342859128481,-1.24103016423611,
0.));
#10857=CARTESIAN_POINT('Ctrl Pts',(-5.99342859128481,-1.24103016423611,
5.));
#10858=CARTESIAN_POINT('Ctrl Pts',(-6.00440449531646,-1.24864664815868,
0.));
#10859=CARTESIAN_POINT('Ctrl Pts',(-6.00440449531646,-1.24864664815868,
5.));
#10860=CARTESIAN_POINT('Ctrl Pts',(-6.01535663220971,-1.25633711671303,
0.));
#10861=CARTESIAN_POINT('Ctrl Pts',(-6.01535663220971,-1.25633711671303,
5.));
#10862=CARTESIAN_POINT('Ctrl Pts',(-6.0262849666478,-1.26410090340727,0.));
#10863=CARTESIAN_POINT('Ctrl Pts',(-6.0262849666478,-1.26410090340727,5.));
#10864=CARTESIAN_POINT('Ctrl Pts',(-6.03718948106548,-1.27193728336313,
0.));
#10865=CARTESIAN_POINT('Ctrl Pts',(-6.03718948106548,-1.27193728336313,
5.));
#10866=CARTESIAN_POINT('Ctrl Pts',(-6.04807016734567,-1.27984550619121,
0.));
#10867=CARTESIAN_POINT('Ctrl Pts',(-6.04807016734567,-1.27984550619121,
5.));
#10868=CARTESIAN_POINT('Ctrl Pts',(-6.0589270172823,-1.28782483351033,0.));
#10869=CARTESIAN_POINT('Ctrl Pts',(-6.0589270172823,-1.28782483351033,5.));
#10870=CARTESIAN_POINT('Ctrl Pts',(-6.06976001312446,-1.29587457673388,
0.));
#10871=CARTESIAN_POINT('Ctrl Pts',(-6.06976001312446,-1.29587457673388,
5.));
#10872=CARTESIAN_POINT('Ctrl Pts',(-6.08056912011908,-1.30399412597917,
0.));
#10873=CARTESIAN_POINT('Ctrl Pts',(-6.08056912011908,-1.30399412597917,
5.));
#10874=CARTESIAN_POINT('Ctrl Pts',(-6.09135429076866,-1.31218292744161,
0.));
#10875=CARTESIAN_POINT('Ctrl Pts',(-6.09135429076866,-1.31218292744161,
5.));
#10876=CARTESIAN_POINT('Ctrl Pts',(-6.10211546773038,-1.32044046677444,
0.));
#10877=CARTESIAN_POINT('Ctrl Pts',(-6.10211546773038,-1.32044046677444,
5.));
#10878=CARTESIAN_POINT('Ctrl Pts',(-6.11285258734186,-1.32876625027417,
0.));
#10879=CARTESIAN_POINT('Ctrl Pts',(-6.11285258734186,-1.32876625027417,
5.));
#10880=CARTESIAN_POINT('Ctrl Pts',(-6.12356558318895,-1.33715978516289,
0.));
#10881=CARTESIAN_POINT('Ctrl Pts',(-6.12356558318895,-1.33715978516289,
5.));
#10882=CARTESIAN_POINT('Ctrl Pts',(-6.13425438940872,-1.34562056378324,
0.));
#10883=CARTESIAN_POINT('Ctrl Pts',(-6.13425438940872,-1.34562056378324,
5.));
#10884=CARTESIAN_POINT('Ctrl Pts',(-6.14491894098749,-1.35414807614665,
0.));
#10885=CARTESIAN_POINT('Ctrl Pts',(-6.14491894098749,-1.35414807614665,
5.));
#10886=CARTESIAN_POINT('Ctrl Pts',(-6.15555917460835,-1.36274181894172,
0.));
#10887=CARTESIAN_POINT('Ctrl Pts',(-6.15555917460835,-1.36274181894172,
5.));
#10888=CARTESIAN_POINT('Ctrl Pts',(-6.16617502935804,-1.3714013051301,0.));
#10889=CARTESIAN_POINT('Ctrl Pts',(-6.16617502935804,-1.3714013051301,5.));
#10890=CARTESIAN_POINT('Ctrl Pts',(-6.17676644792151,-1.38012607353164,
0.));
#10891=CARTESIAN_POINT('Ctrl Pts',(-6.17676644792151,-1.38012607353164,
5.));
#10892=CARTESIAN_POINT('Ctrl Pts',(-6.18733337704413,-1.38891569588326,
0.));
#10893=CARTESIAN_POINT('Ctrl Pts',(-6.18733337704413,-1.38891569588326,
5.));
#10894=CARTESIAN_POINT('Ctrl Pts',(-6.19787576193353,-1.39776976512777,
0.));
#10895=CARTESIAN_POINT('Ctrl Pts',(-6.19787576193353,-1.39776976512777,
5.));
#10896=CARTESIAN_POINT('Ctrl Pts',(-6.20839354128648,-1.40668788503938,
0.));
#10897=CARTESIAN_POINT('Ctrl Pts',(-6.20839354128648,-1.40668788503938,
5.));
#10898=CARTESIAN_POINT('Ctrl Pts',(-6.2188866424404,-1.41566965922574,0.));
#10899=CARTESIAN_POINT('Ctrl Pts',(-6.2188866424404,-1.41566965922574,5.));
#10900=CARTESIAN_POINT('Ctrl Pts',(-6.22935497618784,-1.42471467913841,
0.));
#10901=CARTESIAN_POINT('Ctrl Pts',(-6.22935497618784,-1.42471467913841,
5.));
#10902=CARTESIAN_POINT('Ctrl Pts',(-6.23979843319319,-1.43382251427347,
0.));
#10903=CARTESIAN_POINT('Ctrl Pts',(-6.23979843319319,-1.43382251427347,
5.));
#10904=CARTESIAN_POINT('Ctrl Pts',(-6.25021689717083,-1.4429927312137,0.));
#10905=CARTESIAN_POINT('Ctrl Pts',(-6.25021689717083,-1.4429927312137,5.));
#10906=CARTESIAN_POINT('Ctrl Pts',(-6.2606102570435,-1.45222491023722,0.));
#10907=CARTESIAN_POINT('Ctrl Pts',(-6.2606102570435,-1.45222491023722,5.));
#10908=CARTESIAN_POINT('Ctrl Pts',(-6.27097841951022,-1.46151866232026,
0.));
#10909=CARTESIAN_POINT('Ctrl Pts',(-6.27097841951022,-1.46151866232026,
5.));
#10910=CARTESIAN_POINT('Ctrl Pts',(-6.28132132201856,-1.47087364577056,
0.));
#10911=CARTESIAN_POINT('Ctrl Pts',(-6.28132132201856,-1.47087364577056,
5.));
#10912=CARTESIAN_POINT('Ctrl Pts',(-6.29163894473887,-1.48028958199367,
0.));
#10913=CARTESIAN_POINT('Ctrl Pts',(-6.29163894473887,-1.48028958199367,
5.));
#10914=CARTESIAN_POINT('Ctrl Pts',(-6.3019312959976,-1.48976625500797,0.));
#10915=CARTESIAN_POINT('Ctrl Pts',(-6.3019312959976,-1.48976625500797,5.));
#10916=CARTESIAN_POINT('Ctrl Pts',(-6.31014497839516,-1.49739606011654,
0.));
#10917=CARTESIAN_POINT('Ctrl Pts',(-6.31014497839516,-1.49739606011654,
5.));
#10918=CARTESIAN_POINT('Ctrl Pts',(-6.31629388950439,-1.50314563532395,
0.));
#10919=CARTESIAN_POINT('Ctrl Pts',(-6.31629388950439,-1.50314563532395,
5.));
#10920=CARTESIAN_POINT('Ctrl Pts',(-6.32038812050359,-1.5069907798334,0.));
#10921=CARTESIAN_POINT('Ctrl Pts',(-6.32038812050359,-1.5069907798334,5.));
#10922=CARTESIAN_POINT('Ctrl Pts',(-6.32243397523469,-1.50891637568092,
0.));
#10923=CARTESIAN_POINT('Ctrl Pts',(-6.32243397523469,-1.50891637568092,
5.));
#10924=CARTESIAN_POINT('Ctrl Pts',(-6.32243397523469,-1.50891637568092,
3.));
#10925=CARTESIAN_POINT('Ctrl Pts',(-6.29346704600407,-1.48165217270807,
3.));
#10926=CARTESIAN_POINT('Ctrl Pts',(-6.26419567832396,-1.455111046164,3.));
#10927=CARTESIAN_POINT('Ctrl Pts',(-6.23462263166192,-1.42931919370673,
3.));
#10928=CARTESIAN_POINT('Ctrl Pts',(-6.19190266735819,-1.39206138158838,
3.));
#10929=CARTESIAN_POINT('Ctrl Pts',(-6.14855866221203,-1.35637222942633,
3.));
#10930=CARTESIAN_POINT('Ctrl Pts',(-6.10461057746591,-1.32238918252439,
3.));
#10931=CARTESIAN_POINT('Ctrl Pts',(-6.06053274226692,-1.28830580552271,
3.));
#10932=CARTESIAN_POINT('Ctrl Pts',(-6.01584820841457,-1.25593572104875,
3.));
#10933=CARTESIAN_POINT('Ctrl Pts',(-5.97056727782359,-1.22548000974707,
3.));
#10934=CARTESIAN_POINT('Ctrl Pts',(-5.94194488590331,-1.20622874229937,
3.));
#10935=CARTESIAN_POINT('Ctrl Pts',(-5.91308562310182,-1.18773747818642,
3.));
#10936=CARTESIAN_POINT('Ctrl Pts',(-5.88398248697484,-1.17010157115232,
3.));
#10937=CARTESIAN_POINT('Ctrl Pts',(-5.86715441503716,-1.15990410270901,
3.));
#10938=CARTESIAN_POINT('Ctrl Pts',(-5.85024643902564,-1.14998664896194,
3.));
#10939=CARTESIAN_POINT('Ctrl Pts',(-5.83325930836594,-1.14036155259502,
3.));
#10940=CARTESIAN_POINT('Ctrl Pts',(-5.8192765933605,-1.13243879141216,3.));
#10941=CARTESIAN_POINT('Ctrl Pts',(-5.80523919494522,-1.12471805720949,
3.));
#10942=CARTESIAN_POINT('Ctrl Pts',(-5.79114041853582,-1.11723390105415,
3.));
#10943=CARTESIAN_POINT('Ctrl Pts',(-5.77421538021115,-1.10824945970415,
3.));
#10944=CARTESIAN_POINT('Ctrl Pts',(-5.75720049916943,-1.09961098725442,
3.));
#10945=CARTESIAN_POINT('Ctrl Pts',(-5.74011266689661,-1.09127463576571,
3.));
#10946=CARTESIAN_POINT('Ctrl Pts',(-5.73037897218627,-1.08652602288763,
3.));
#10947=CARTESIAN_POINT('Ctrl Pts',(-5.72062254344164,-1.08187199894214,
3.));
#10948=CARTESIAN_POINT('Ctrl Pts',(-5.71083777951404,-1.07733784431269,
3.));
#10949=CARTESIAN_POINT('Ctrl Pts',(-5.70073155505554,-1.07265472832197,
3.));
#10950=CARTESIAN_POINT('Ctrl Pts',(-5.69059344457465,-1.06810565953504,
3.));
#10951=CARTESIAN_POINT('Ctrl Pts',(-5.68041114712704,-1.06374237542098,
3.));
#10952=CARTESIAN_POINT('Ctrl Pts',(-5.67237226896072,-1.06029758218268,
3.));
#10953=CARTESIAN_POINT('Ctrl Pts',(-5.664305337062,-1.05697051633156,3.));
#10954=CARTESIAN_POINT('Ctrl Pts',(-5.65621418921242,-1.05375024813079,
3.));
#10955=CARTESIAN_POINT('Ctrl Pts',(-5.6471178130003,-1.05012990011557,3.));
#10956=CARTESIAN_POINT('Ctrl Pts',(-5.63799254729612,-1.04663786125814,
3.));
#10957=CARTESIAN_POINT('Ctrl Pts',(-5.62885431038098,-1.04322179100626,
3.));
#10958=CARTESIAN_POINT('Ctrl Pts',(-5.62200063269463,-1.04065973831735,
3.));
#10959=CARTESIAN_POINT('Ctrl Pts',(-5.61514022505395,-1.03813831816373,
3.));
#10960=CARTESIAN_POINT('Ctrl Pts',(-5.60827033137631,-1.03567316107654,
3.));
#10961=CARTESIAN_POINT('Ctrl Pts',(-5.60153143209231,-1.03325500933951,
3.));
#10962=CARTESIAN_POINT('Ctrl Pts',(-5.5947834484967,-1.03089087464756,3.));
#10963=CARTESIAN_POINT('Ctrl Pts',(-5.58800772064427,-1.02865808080508,
3.));
#10964=CARTESIAN_POINT('Ctrl Pts',(-5.58103442736073,-1.02636018356889,
3.));
#10965=CARTESIAN_POINT('Ctrl Pts',(-5.57403054466076,-1.02420617367989,
3.));
#10966=CARTESIAN_POINT('Ctrl Pts',(-5.56696974034143,-1.02230261201233,
3.));
#10967=CARTESIAN_POINT('Ctrl Pts',(-5.5608801619619,-1.0206608885697,3.));
#10968=CARTESIAN_POINT('Ctrl Pts',(-5.55474766666331,-1.01920771795278,
3.));
#10969=CARTESIAN_POINT('Ctrl Pts',(-5.54856268062975,-1.01798157548942,
3.));
#10970=CARTESIAN_POINT('Ctrl Pts',(-5.54757623813757,-1.01778601821237,
3.));
#10971=CARTESIAN_POINT('Ctrl Pts',(-5.5465884865453,-1.01759613071381,3.));
#10972=CARTESIAN_POINT('Ctrl Pts',(-5.54559942020005,-1.01741193565758,
3.));
#10973=CARTESIAN_POINT('Ctrl Pts',(-5.54559942020005,-1.01741193565758,
0.));
#10974=CARTESIAN_POINT('Ctrl Pts',(-5.54805408508242,-1.01786907095309,
0.));
#10975=CARTESIAN_POINT('Ctrl Pts',(-5.55294992776407,-1.01884173918604,
0.));
#10976=CARTESIAN_POINT('Ctrl Pts',(-5.56025323073798,-1.02047593367316,
0.));
#10977=CARTESIAN_POINT('Ctrl Pts',(-5.5699141148725,-1.02298893501341,0.));
#10978=CARTESIAN_POINT('Ctrl Pts',(-5.58188574691602,-1.0265920093086,0.));
#10979=CARTESIAN_POINT('Ctrl Pts',(-5.59378303177112,-1.0305352067731,0.));
#10980=CARTESIAN_POINT('Ctrl Pts',(-5.60563576495326,-1.03469720458533,
0.));
#10981=CARTESIAN_POINT('Ctrl Pts',(-5.6174663801428,-1.0389849080137,0.));
#10982=CARTESIAN_POINT('Ctrl Pts',(-5.62928342739771,-1.04335930513689,
0.));
#10983=CARTESIAN_POINT('Ctrl Pts',(-5.64108579958947,-1.04781921096411,
0.));
#10984=CARTESIAN_POINT('Ctrl Pts',(-5.65286653006167,-1.05238669485785,
0.));
#10985=CARTESIAN_POINT('Ctrl Pts',(-5.66461667845023,-1.05709215421021,
0.));
#10986=CARTESIAN_POINT('Ctrl Pts',(-5.67632932272437,-1.0619589925987,0.));
#10987=CARTESIAN_POINT('Ctrl Pts',(-5.6880030831731,-1.06699007647151,0.));
#10988=CARTESIAN_POINT('Ctrl Pts',(-5.69964022851143,-1.0721748175686,0.));
#10989=CARTESIAN_POINT('Ctrl Pts',(-5.71124517114716,-1.07749477236206,
0.));
#10990=CARTESIAN_POINT('Ctrl Pts',(-5.72282285506128,-1.0829296538982,0.));
#10991=CARTESIAN_POINT('Ctrl Pts',(-5.73437710450944,-1.08846348534017,
0.));
#10992=CARTESIAN_POINT('Ctrl Pts',(-5.74590924076557,-1.09408975420321,
0.));
#10993=CARTESIAN_POINT('Ctrl Pts',(-5.75741894256626,-1.09980818352341,
0.));
#10994=CARTESIAN_POINT('Ctrl Pts',(-5.76890489227278,-1.10562230388205,
0.));
#10995=CARTESIAN_POINT('Ctrl Pts',(-5.78036548340088,-1.11153679630349,
0.));
#10996=CARTESIAN_POINT('Ctrl Pts',(-5.79179954732443,-1.117554763008,0.));
#10997=CARTESIAN_POINT('Ctrl Pts',(-5.80320693699794,-1.12367553409366,
0.));
#10998=CARTESIAN_POINT('Ctrl Pts',(-5.81458815113645,-1.12989606967943,
0.));
#10999=CARTESIAN_POINT('Ctrl Pts',(-5.82594406658934,-1.1362119566512,0.));
#11000=CARTESIAN_POINT('Ctrl Pts',(-5.83727563905459,-1.14261852417561,
0.));
#11001=CARTESIAN_POINT('Ctrl Pts',(-5.84858359566359,-1.14911198944322,
0.));
#11002=CARTESIAN_POINT('Ctrl Pts',(-5.85986819675512,-1.15569034497195,
0.));
#11003=CARTESIAN_POINT('Ctrl Pts',(-5.87112940179879,-1.16235273568729,
0.));
#11004=CARTESIAN_POINT('Ctrl Pts',(-5.88236698525272,-1.16909902311952,
0.));
#11005=CARTESIAN_POINT('Ctrl Pts',(-5.89358066740665,-1.17592929369792,
0.));
#11006=CARTESIAN_POINT('Ctrl Pts',(-5.90477024908382,-1.18284335253412,
0.));
#11007=CARTESIAN_POINT('Ctrl Pts',(-5.91593571431468,-1.18984033733829,
0.));
#11008=CARTESIAN_POINT('Ctrl Pts',(-5.92707715930837,-1.19691898340344,
0.));
#11009=CARTESIAN_POINT('Ctrl Pts',(-5.93819474432264,-1.20407780284033,
0.));
#11010=CARTESIAN_POINT('Ctrl Pts',(-5.94928863875461,-1.21131528925387,
0.));
#11011=CARTESIAN_POINT('Ctrl Pts',(-5.96035896495888,-1.21863012731248,
0.));
#11012=CARTESIAN_POINT('Ctrl Pts',(-5.97140575590094,-1.22602135036306,
0.));
#11013=CARTESIAN_POINT('Ctrl Pts',(-5.98242898581981,-1.23348822374373,
0.));
#11014=CARTESIAN_POINT('Ctrl Pts',(-5.99342859128481,-1.24103016423611,
0.));
#11015=CARTESIAN_POINT('Ctrl Pts',(-6.00440449531646,-1.24864664815868,
0.));
#11016=CARTESIAN_POINT('Ctrl Pts',(-6.01535663220971,-1.25633711671303,
0.));
#11017=CARTESIAN_POINT('Ctrl Pts',(-6.0262849666478,-1.26410090340727,0.));
#11018=CARTESIAN_POINT('Ctrl Pts',(-6.03718948106548,-1.27193728336313,
0.));
#11019=CARTESIAN_POINT('Ctrl Pts',(-6.04807016734567,-1.27984550619121,
0.));
#11020=CARTESIAN_POINT('Ctrl Pts',(-6.0589270172823,-1.28782483351033,0.));
#11021=CARTESIAN_POINT('Ctrl Pts',(-6.06976001312446,-1.29587457673388,
0.));
#11022=CARTESIAN_POINT('Ctrl Pts',(-6.08056912011908,-1.30399412597917,
0.));
#11023=CARTESIAN_POINT('Ctrl Pts',(-6.09135429076866,-1.31218292744161,
0.));
#11024=CARTESIAN_POINT('Ctrl Pts',(-6.10211546773038,-1.32044046677444,
0.));
#11025=CARTESIAN_POINT('Ctrl Pts',(-6.11285258734186,-1.32876625027417,
0.));
#11026=CARTESIAN_POINT('Ctrl Pts',(-6.12356558318895,-1.33715978516289,
0.));
#11027=CARTESIAN_POINT('Ctrl Pts',(-6.13425438940872,-1.34562056378324,
0.));
#11028=CARTESIAN_POINT('Ctrl Pts',(-6.14491894098749,-1.35414807614665,
0.));
#11029=CARTESIAN_POINT('Ctrl Pts',(-6.15555917460835,-1.36274181894172,
0.));
#11030=CARTESIAN_POINT('Ctrl Pts',(-6.16617502935804,-1.3714013051301,0.));
#11031=CARTESIAN_POINT('Ctrl Pts',(-6.17676644792151,-1.38012607353164,
0.));
#11032=CARTESIAN_POINT('Ctrl Pts',(-6.18733337704413,-1.38891569588326,
0.));
#11033=CARTESIAN_POINT('Ctrl Pts',(-6.19787576193353,-1.39776976512777,
0.));
#11034=CARTESIAN_POINT('Ctrl Pts',(-6.20839354128648,-1.40668788503938,
0.));
#11035=CARTESIAN_POINT('Ctrl Pts',(-6.2188866424404,-1.41566965922574,0.));
#11036=CARTESIAN_POINT('Ctrl Pts',(-6.22935497618784,-1.42471467913841,
0.));
#11037=CARTESIAN_POINT('Ctrl Pts',(-6.23979843319319,-1.43382251427347,
0.));
#11038=CARTESIAN_POINT('Ctrl Pts',(-6.25021689717083,-1.4429927312137,0.));
#11039=CARTESIAN_POINT('Ctrl Pts',(-6.2606102570435,-1.45222491023722,0.));
#11040=CARTESIAN_POINT('Ctrl Pts',(-6.27097841951022,-1.46151866232026,
0.));
#11041=CARTESIAN_POINT('Ctrl Pts',(-6.28132132201856,-1.47087364577056,
0.));
#11042=CARTESIAN_POINT('Ctrl Pts',(-6.29163894473887,-1.48028958199367,
0.));
#11043=CARTESIAN_POINT('Ctrl Pts',(-6.3019312959976,-1.48976625500797,0.));
#11044=CARTESIAN_POINT('Ctrl Pts',(-6.31014497839516,-1.49739606011654,
0.));
#11045=CARTESIAN_POINT('Ctrl Pts',(-6.31629388950439,-1.50314563532395,
0.));
#11046=CARTESIAN_POINT('Ctrl Pts',(-6.32038812050359,-1.5069907798334,0.));
#11047=CARTESIAN_POINT('Ctrl Pts',(-6.32243397523469,-1.50891637568092,
0.));
#11048=CARTESIAN_POINT('Ctrl Pts',(-6.49753855717995,-0.178865027213272,
0.));
#11049=CARTESIAN_POINT('Ctrl Pts',(-6.49753855717995,-0.178865027213272,
5.));
#11050=CARTESIAN_POINT('Ctrl Pts',(-6.49506403237982,-0.180195503805463,
0.));
#11051=CARTESIAN_POINT('Ctrl Pts',(-6.49506403237982,-0.180195503805463,
5.));
#11052=CARTESIAN_POINT('Ctrl Pts',(-6.49011411228869,-0.182849963235317,
0.));
#11053=CARTESIAN_POINT('Ctrl Pts',(-6.49011411228869,-0.182849963235317,
5.));
#11054=CARTESIAN_POINT('Ctrl Pts',(-6.4826866206798,-0.186812171116629,
0.));
#11055=CARTESIAN_POINT('Ctrl Pts',(-6.4826866206798,-0.186812171116629,
5.));
#11056=CARTESIAN_POINT('Ctrl Pts',(-6.47277807385054,-0.192056139485647,
0.));
#11057=CARTESIAN_POINT('Ctrl Pts',(-6.47277807385054,-0.192056139485647,
5.));
#11058=CARTESIAN_POINT('Ctrl Pts',(-6.46038368249619,-0.198546046172803,
0.));
#11059=CARTESIAN_POINT('Ctrl Pts',(-6.46038368249619,-0.198546046172803,
5.));
#11060=CARTESIAN_POINT('Ctrl Pts',(-6.44798060062272,-0.204970744889204,
0.));
#11061=CARTESIAN_POINT('Ctrl Pts',(-6.44798060062272,-0.204970744889204,
5.));
#11062=CARTESIAN_POINT('Ctrl Pts',(-6.43556887608757,-0.21133002485756,
0.));
#11063=CARTESIAN_POINT('Ctrl Pts',(-6.43556887608757,-0.21133002485756,
5.));
#11064=CARTESIAN_POINT('Ctrl Pts',(-6.42314860015025,-0.217623622108584,
0.));
#11065=CARTESIAN_POINT('Ctrl Pts',(-6.42314860015025,-0.217623622108584,
5.));
#11066=CARTESIAN_POINT('Ctrl Pts',(-6.41071992166824,-0.223851222782677,
0.));
#11067=CARTESIAN_POINT('Ctrl Pts',(-6.41071992166824,-0.223851222782677,
5.));
#11068=CARTESIAN_POINT('Ctrl Pts',(-6.39828303145012,-0.230012475259791,
0.));
#11069=CARTESIAN_POINT('Ctrl Pts',(-6.39828303145012,-0.230012475259791,
5.));
#11070=CARTESIAN_POINT('Ctrl Pts',(-6.38583814542031,-0.236107002868635,
0.));
#11071=CARTESIAN_POINT('Ctrl Pts',(-6.38583814542031,-0.236107002868635,
5.));
#11072=CARTESIAN_POINT('Ctrl Pts',(-6.37338548807871,-0.242134417057254,
0.));
#11073=CARTESIAN_POINT('Ctrl Pts',(-6.37338548807871,-0.242134417057254,
5.));
#11074=CARTESIAN_POINT('Ctrl Pts',(-6.36092527645804,-0.248094330288935,
0.));
#11075=CARTESIAN_POINT('Ctrl Pts',(-6.36092527645804,-0.248094330288935,
5.));
#11076=CARTESIAN_POINT('Ctrl Pts',(-6.34845770246617,-0.253986371024776,
0.));
#11077=CARTESIAN_POINT('Ctrl Pts',(-6.34845770246617,-0.253986371024776,
5.));
#11078=CARTESIAN_POINT('Ctrl Pts',(-6.33598293888369,-0.259810175185615,
0.));
#11079=CARTESIAN_POINT('Ctrl Pts',(-6.33598293888369,-0.259810175185615,
5.));
#11080=CARTESIAN_POINT('Ctrl Pts',(-6.32350114747572,-0.265565375913198,
0.));
#11081=CARTESIAN_POINT('Ctrl Pts',(-6.32350114747572,-0.265565375913198,
5.));
#11082=CARTESIAN_POINT('Ctrl Pts',(-6.31101248652181,-0.271251594201757,
0.));
#11083=CARTESIAN_POINT('Ctrl Pts',(-6.31101248652181,-0.271251594201757,
5.));
#11084=CARTESIAN_POINT('Ctrl Pts',(-6.29851711830459,-0.276868430164239,
0.));
#11085=CARTESIAN_POINT('Ctrl Pts',(-6.29851711830459,-0.276868430164239,
5.));
#11086=CARTESIAN_POINT('Ctrl Pts',(-6.28601521754838,-0.282415453169069,
0.));
#11087=CARTESIAN_POINT('Ctrl Pts',(-6.28601521754838,-0.282415453169069,
5.));
#11088=CARTESIAN_POINT('Ctrl Pts',(-6.27350696914566,-0.287892208538822,
0.));
#11089=CARTESIAN_POINT('Ctrl Pts',(-6.27350696914566,-0.287892208538822,
5.));
#11090=CARTESIAN_POINT('Ctrl Pts',(-6.26099256452244,-0.293298226499643,
0.));
#11091=CARTESIAN_POINT('Ctrl Pts',(-6.26099256452244,-0.293298226499643,
5.));
#11092=CARTESIAN_POINT('Ctrl Pts',(-6.24847219847188,-0.298633031267191,
0.));
#11093=CARTESIAN_POINT('Ctrl Pts',(-6.24847219847188,-0.298633031267191,
5.));
#11094=CARTESIAN_POINT('Ctrl Pts',(-6.23594606600406,-0.303896149528674,
0.));
#11095=CARTESIAN_POINT('Ctrl Pts',(-6.23594606600406,-0.303896149528674,
5.));
#11096=CARTESIAN_POINT('Ctrl Pts',(-6.22341435881045,-0.309087122486442,
0.));
#11097=CARTESIAN_POINT('Ctrl Pts',(-6.22341435881045,-0.309087122486442,
5.));
#11098=CARTESIAN_POINT('Ctrl Pts',(-6.21087726616404,-0.314205489736569,
0.));
#11099=CARTESIAN_POINT('Ctrl Pts',(-6.21087726616404,-0.314205489736569,
5.));
#11100=CARTESIAN_POINT('Ctrl Pts',(-6.19833497657649,-0.319250769299667,
0.));
#11101=CARTESIAN_POINT('Ctrl Pts',(-6.19833497657649,-0.319250769299667,
5.));
#11102=CARTESIAN_POINT('Ctrl Pts',(-6.18578767926202,-0.324222438534818,
0.));
#11103=CARTESIAN_POINT('Ctrl Pts',(-6.18578767926202,-0.324222438534818,
5.));
#11104=CARTESIAN_POINT('Ctrl Pts',(-6.17323556563879,-0.32911991733535,
0.));
#11105=CARTESIAN_POINT('Ctrl Pts',(-6.17323556563879,-0.32911991733535,
5.));
#11106=CARTESIAN_POINT('Ctrl Pts',(-6.16067883107219,-0.333942545171941,
0.));
#11107=CARTESIAN_POINT('Ctrl Pts',(-6.16067883107219,-0.333942545171941,
5.));
#11108=CARTESIAN_POINT('Ctrl Pts',(-6.14811767459578,-0.338689610947032,
0.));
#11109=CARTESIAN_POINT('Ctrl Pts',(-6.14811767459578,-0.338689610947032,
5.));
#11110=CARTESIAN_POINT('Ctrl Pts',(-6.13555229826511,-0.343360391940972,
0.));
#11111=CARTESIAN_POINT('Ctrl Pts',(-6.13555229826511,-0.343360391940972,
5.));
#11112=CARTESIAN_POINT('Ctrl Pts',(-6.12298290665924,-0.347954192521333,
0.));
#11113=CARTESIAN_POINT('Ctrl Pts',(-6.12298290665924,-0.347954192521333,
5.));
#11114=CARTESIAN_POINT('Ctrl Pts',(-6.11040970639233,-0.352470378047056,
0.));
#11115=CARTESIAN_POINT('Ctrl Pts',(-6.11040970639233,-0.352470378047056,
5.));
#11116=CARTESIAN_POINT('Ctrl Pts',(-6.09783290555823,-0.35690842576602,
0.));
#11117=CARTESIAN_POINT('Ctrl Pts',(-6.09783290555823,-0.35690842576602,
5.));
#11118=CARTESIAN_POINT('Ctrl Pts',(-6.08525271405218,-0.361267849764495,
0.));
#11119=CARTESIAN_POINT('Ctrl Pts',(-6.08525271405218,-0.361267849764495,
5.));
#11120=CARTESIAN_POINT('Ctrl Pts',(-6.07266934409154,-0.365548103113839,
0.));
#11121=CARTESIAN_POINT('Ctrl Pts',(-6.07266934409154,-0.365548103113839,
5.));
#11122=CARTESIAN_POINT('Ctrl Pts',(-6.06008301070399,-0.369748482852616,
0.));
#11123=CARTESIAN_POINT('Ctrl Pts',(-6.06008301070399,-0.369748482852616,
5.));
#11124=CARTESIAN_POINT('Ctrl Pts',(-6.04749393223552,-0.373868046733523,
0.));
#11125=CARTESIAN_POINT('Ctrl Pts',(-6.04749393223552,-0.373868046733523,
5.));
#11126=CARTESIAN_POINT('Ctrl Pts',(-6.03490233093356,-0.37790549257611,
0.));
#11127=CARTESIAN_POINT('Ctrl Pts',(-6.03490233093356,-0.37790549257611,
5.));
#11128=CARTESIAN_POINT('Ctrl Pts',(-6.02230843305678,-0.38185932147127,
0.));
#11129=CARTESIAN_POINT('Ctrl Pts',(-6.02230843305678,-0.38185932147127,
5.));
#11130=CARTESIAN_POINT('Ctrl Pts',(-6.00971246890214,-0.385728054750595,
0.));
#11131=CARTESIAN_POINT('Ctrl Pts',(-6.00971246890214,-0.385728054750595,
5.));
#11132=CARTESIAN_POINT('Ctrl Pts',(-5.99711467286903,-0.389510445900183,
0.));
#11133=CARTESIAN_POINT('Ctrl Pts',(-5.99711467286903,-0.389510445900183,
5.));
#11134=CARTESIAN_POINT('Ctrl Pts',(-5.98451528355985,-0.393205666145236,
0.));
#11135=CARTESIAN_POINT('Ctrl Pts',(-5.98451528355985,-0.393205666145236,
5.));
#11136=CARTESIAN_POINT('Ctrl Pts',(-5.97191454380543,-0.396813578788785,
0.));
#11137=CARTESIAN_POINT('Ctrl Pts',(-5.97191454380543,-0.396813578788785,
5.));
#11138=CARTESIAN_POINT('Ctrl Pts',(-5.95931270141557,-0.400334339709459,
0.));
#11139=CARTESIAN_POINT('Ctrl Pts',(-5.95931270141557,-0.400334339709459,
5.));
#11140=CARTESIAN_POINT('Ctrl Pts',(-5.9467100100856,-0.403767873530294,
0.));
#11141=CARTESIAN_POINT('Ctrl Pts',(-5.9467100100856,-0.403767873530294,
5.));
#11142=CARTESIAN_POINT('Ctrl Pts',(-5.93410673027444,-0.407113364802789,
0.));
#11143=CARTESIAN_POINT('Ctrl Pts',(-5.93410673027444,-0.407113364802789,
5.));
#11144=CARTESIAN_POINT('Ctrl Pts',(-5.92150313008874,-0.41036880706752,
0.));
#11145=CARTESIAN_POINT('Ctrl Pts',(-5.92150313008874,-0.41036880706752,
5.));
#11146=CARTESIAN_POINT('Ctrl Pts',(-5.90889948623663,-0.41353035821569,
0.));
#11147=CARTESIAN_POINT('Ctrl Pts',(-5.90889948623663,-0.41353035821569,
5.));
#11148=CARTESIAN_POINT('Ctrl Pts',(-5.89629608448538,-0.416593259215902,
0.));
#11149=CARTESIAN_POINT('Ctrl Pts',(-5.89629608448538,-0.416593259215902,
5.));
#11150=CARTESIAN_POINT('Ctrl Pts',(-5.88369322006151,-0.419553020381937,
0.));
#11151=CARTESIAN_POINT('Ctrl Pts',(-5.88369322006151,-0.419553020381937,
5.));
#11152=CARTESIAN_POINT('Ctrl Pts',(-5.87109119802239,-0.422406576337228,
0.));
#11153=CARTESIAN_POINT('Ctrl Pts',(-5.87109119802239,-0.422406576337228,
5.));
#11154=CARTESIAN_POINT('Ctrl Pts',(-5.85849033378644,-0.425153318064404,
0.));
#11155=CARTESIAN_POINT('Ctrl Pts',(-5.85849033378644,-0.425153318064404,
5.));
#11156=CARTESIAN_POINT('Ctrl Pts',(-5.84589095324612,-0.427796544540829,
0.));
#11157=CARTESIAN_POINT('Ctrl Pts',(-5.84589095324612,-0.427796544540829,
5.));
#11158=CARTESIAN_POINT('Ctrl Pts',(-5.83329339660781,-0.43034119307755,
0.));
#11159=CARTESIAN_POINT('Ctrl Pts',(-5.83329339660781,-0.43034119307755,
5.));
#11160=CARTESIAN_POINT('Ctrl Pts',(-5.8206980228311,-0.432791014984204,
0.));
#11161=CARTESIAN_POINT('Ctrl Pts',(-5.8206980228311,-0.432791014984204,
5.));
#11162=CARTESIAN_POINT('Ctrl Pts',(-5.80810521391617,-0.435145825883281,
0.));
#11163=CARTESIAN_POINT('Ctrl Pts',(-5.80810521391617,-0.435145825883281,
5.));
#11164=CARTESIAN_POINT('Ctrl Pts',(-5.79551537916548,-0.437398993226714,
0.));
#11165=CARTESIAN_POINT('Ctrl Pts',(-5.79551537916548,-0.437398993226714,
5.));
#11166=CARTESIAN_POINT('Ctrl Pts',(-5.78292895974139,-0.439534094784962,
0.));
#11167=CARTESIAN_POINT('Ctrl Pts',(-5.78292895974139,-0.439534094784962,
5.));
#11168=CARTESIAN_POINT('Ctrl Pts',(-5.77034643077497,-0.441530255269071,
0.));
#11169=CARTESIAN_POINT('Ctrl Pts',(-5.77034643077497,-0.441530255269071,
5.));
#11170=CARTESIAN_POINT('Ctrl Pts',(-5.75776830374384,-0.44336851758395,
0.));
#11171=CARTESIAN_POINT('Ctrl Pts',(-5.75776830374384,-0.44336851758395,
5.));
#11172=CARTESIAN_POINT('Ctrl Pts',(-5.74519512768093,-0.445038067069112,
0.));
#11173=CARTESIAN_POINT('Ctrl Pts',(-5.74519512768093,-0.445038067069112,
5.));
#11174=CARTESIAN_POINT('Ctrl Pts',(-5.73262749339334,-0.446542029596369,
0.));
#11175=CARTESIAN_POINT('Ctrl Pts',(-5.73262749339334,-0.446542029596369,
5.));
#11176=CARTESIAN_POINT('Ctrl Pts',(-5.72006602975779,-0.447904802839064,
0.));
#11177=CARTESIAN_POINT('Ctrl Pts',(-5.72006602975779,-0.447904802839064,
5.));
#11178=CARTESIAN_POINT('Ctrl Pts',(-5.70751150507885,-0.449158062359781,
0.));
#11179=CARTESIAN_POINT('Ctrl Pts',(-5.70751150507885,-0.449158062359781,
5.));
#11180=CARTESIAN_POINT('Ctrl Pts',(-5.69496493665854,-0.450324928629072,
0.));
#11181=CARTESIAN_POINT('Ctrl Pts',(-5.69496493665854,-0.450324928629072,
5.));
#11182=CARTESIAN_POINT('Ctrl Pts',(-5.68242770059905,-0.451404543579667,
0.));
#11183=CARTESIAN_POINT('Ctrl Pts',(-5.68242770059905,-0.451404543579667,
5.));
#11184=CARTESIAN_POINT('Ctrl Pts',(-5.66990163520683,-0.452357011671402,
0.));
#11185=CARTESIAN_POINT('Ctrl Pts',(-5.66990163520683,-0.452357011671402,
5.));
#11186=CARTESIAN_POINT('Ctrl Pts',(-5.65738916590016,-0.453086604035009,
0.));
#11187=CARTESIAN_POINT('Ctrl Pts',(-5.65738916590016,-0.453086604035009,
5.));
#11188=CARTESIAN_POINT('Ctrl Pts',(-5.64489291307797,-0.453468420176944,
0.));
#11189=CARTESIAN_POINT('Ctrl Pts',(-5.64489291307797,-0.453468420176944,
5.));
#11190=CARTESIAN_POINT('Ctrl Pts',(-5.63491080298044,-0.453395372266456,
0.));
#11191=CARTESIAN_POINT('Ctrl Pts',(-5.63491080298044,-0.453395372266456,
5.));
#11192=CARTESIAN_POINT('Ctrl Pts',(-5.62743339336405,-0.453083649024941,
0.));
#11193=CARTESIAN_POINT('Ctrl Pts',(-5.62743339336405,-0.453083649024941,
5.));
#11194=CARTESIAN_POINT('Ctrl Pts',(-5.62245262741315,-0.452756037063719,
0.));
#11195=CARTESIAN_POINT('Ctrl Pts',(-5.62245262741315,-0.452756037063719,
5.));
#11196=CARTESIAN_POINT('Ctrl Pts',(-5.61996328788771,-0.452562281830853,
0.));
#11197=CARTESIAN_POINT('Ctrl Pts',(-5.61996328788771,-0.452562281830853,
5.));
#11198=CARTESIAN_POINT('',(-6.49753855717994,-0.178865027213269,3.));
#11199=CARTESIAN_POINT('Ctrl Pts',(-5.61996328788771,-0.452562281830853,
3.));
#11200=CARTESIAN_POINT('Ctrl Pts',(-5.62642488028646,-0.453065213362332,
3.));
#11201=CARTESIAN_POINT('Ctrl Pts',(-5.63289500705026,-0.453320568274318,
3.));
#11202=CARTESIAN_POINT('Ctrl Pts',(-5.63937304967095,-0.453363085594694,
3.));
#11203=CARTESIAN_POINT('Ctrl Pts',(-5.64826943324065,-0.453421475205964,
3.));
#11204=CARTESIAN_POINT('Ctrl Pts',(-5.65718071530339,-0.453082703903978,
3.));
#11205=CARTESIAN_POINT('Ctrl Pts',(-5.66610306094105,-0.452542686326477,
3.));
#11206=CARTESIAN_POINT('Ctrl Pts',(-5.67287850333124,-0.452132608289307,
3.));
#11207=CARTESIAN_POINT('Ctrl Pts',(-5.67966024590473,-0.451610836280553,
3.));
#11208=CARTESIAN_POINT('Ctrl Pts',(-5.6864466121741,-0.451041867496388,
3.));
#11209=CARTESIAN_POINT('Ctrl Pts',(-5.69371613525002,-0.450432390857226,
3.));
#11210=CARTESIAN_POINT('Ctrl Pts',(-5.70099095447801,-0.449768604027876,
3.));
#11211=CARTESIAN_POINT('Ctrl Pts',(-5.70826972759924,-0.449063132574333,
3.));
#11212=CARTESIAN_POINT('Ctrl Pts',(-5.7195861497548,-0.447966325096753,
3.));
#11213=CARTESIAN_POINT('Ctrl Pts',(-5.73091208615594,-0.446763081844828,
3.));
#11214=CARTESIAN_POINT('Ctrl Pts',(-5.74224483426095,-0.445365291473789,
3.));
#11215=CARTESIAN_POINT('Ctrl Pts',(-5.75140278543906,-0.444235742325022,
3.));
#11216=CARTESIAN_POINT('Ctrl Pts',(-5.76056525686927,-0.442974920393941,
3.));
#11217=CARTESIAN_POINT('Ctrl Pts',(-5.76973124654388,-0.441584521158201,
3.));
#11218=CARTESIAN_POINT('Ctrl Pts',(-5.78360889991982,-0.439479404380552,
3.));
#11219=CARTESIAN_POINT('Ctrl Pts',(-5.79749458830491,-0.437086888287933,
3.));
#11220=CARTESIAN_POINT('Ctrl Pts',(-5.81138545830845,-0.434517038901264,
3.));
#11221=CARTESIAN_POINT('Ctrl Pts',(-5.82394106237386,-0.432194217407829,
3.));
#11222=CARTESIAN_POINT('Ctrl Pts',(-5.83650091802614,-0.429727315426649,
3.));
#11223=CARTESIAN_POINT('Ctrl Pts',(-5.84906334263601,-0.427115587872536,
3.));
#11224=CARTESIAN_POINT('Ctrl Pts',(-5.86299618860235,-0.42421894977539,
3.));
#11225=CARTESIAN_POINT('Ctrl Pts',(-5.87693220462596,-0.421134882999375,
3.));
#11226=CARTESIAN_POINT('Ctrl Pts',(-5.89086942946362,-0.417854428814428,
3.));
#11227=CARTESIAN_POINT('Ctrl Pts',(-5.90955245267497,-0.413456939185395,
3.));
#11228=CARTESIAN_POINT('Ctrl Pts',(-5.92823763108826,-0.408715888325909,
3.));
#11229=CARTESIAN_POINT('Ctrl Pts',(-5.94692081090293,-0.40368910903582,
3.));
#11230=CARTESIAN_POINT('Ctrl Pts',(-5.97209285025972,-0.396916477857232,
3.));
#11231=CARTESIAN_POINT('Ctrl Pts',(-5.99726124934375,-0.389617411238867,
3.));
#11232=CARTESIAN_POINT('Ctrl Pts',(-6.02241719044431,-0.38180411284136,
3.));
#11233=CARTESIAN_POINT('Ctrl Pts',(-6.04798777182288,-0.373862029430135,
3.));
#11234=CARTESIAN_POINT('Ctrl Pts',(-6.07354549681036,-0.365397483483055,
3.));
#11235=CARTESIAN_POINT('Ctrl Pts',(-6.09908206546969,-0.356451247720568,
3.));
#11236=CARTESIAN_POINT('Ctrl Pts',(-6.14446951249105,-0.340550646229148,
3.));
#11237=CARTESIAN_POINT('Ctrl Pts',(-6.1897898567555,-0.32311326093878,3.));
#11238=CARTESIAN_POINT('Ctrl Pts',(-6.2350011493348,-0.304271535905823,
3.));
#11239=CARTESIAN_POINT('Ctrl Pts',(-6.28180948779277,-0.284764244869462,
3.));
#11240=CARTESIAN_POINT('Ctrl Pts',(-6.32850057688428,-0.263748379541832,
3.));
#11241=CARTESIAN_POINT('Ctrl Pts',(-6.37503280077533,-0.241323375218142,
3.));
#11242=CARTESIAN_POINT('Ctrl Pts',(-6.41167635417946,-0.223663960412454,
3.));
#11243=CARTESIAN_POINT('Ctrl Pts',(-6.44821905689675,-0.205131461881697,
3.));
#11244=CARTESIAN_POINT('Ctrl Pts',(-6.48464572096383,-0.18575933920731,
3.));
#11245=CARTESIAN_POINT('Ctrl Pts',(-6.48894490751413,-0.183472981908733,
3.));
#11246=CARTESIAN_POINT('Ctrl Pts',(-6.49324251943502,-0.181174875818755,
3.));
#11247=CARTESIAN_POINT('Ctrl Pts',(-6.49753855717995,-0.178865027213272,
3.));
#11248=CARTESIAN_POINT('',(-6.49753855717994,-0.178865027213269,0.));
#11249=CARTESIAN_POINT('',(-6.49753855717994,-0.178865027213269,0.));
#11250=CARTESIAN_POINT('Ctrl Pts',(-5.61996328788771,-0.452562281830853,
0.));
#11251=CARTESIAN_POINT('Ctrl Pts',(-5.62245262741315,-0.452756037063719,
0.));
#11252=CARTESIAN_POINT('Ctrl Pts',(-5.62743339336405,-0.453083649024941,
0.));
#11253=CARTESIAN_POINT('Ctrl Pts',(-5.63491080298044,-0.453395372266456,
0.));
#11254=CARTESIAN_POINT('Ctrl Pts',(-5.64489291307797,-0.453468420176944,
0.));
#11255=CARTESIAN_POINT('Ctrl Pts',(-5.65738916590016,-0.453086604035009,
0.));
#11256=CARTESIAN_POINT('Ctrl Pts',(-5.66990163520683,-0.452357011671402,
0.));
#11257=CARTESIAN_POINT('Ctrl Pts',(-5.68242770059905,-0.451404543579667,
0.));
#11258=CARTESIAN_POINT('Ctrl Pts',(-5.69496493665854,-0.450324928629072,
0.));
#11259=CARTESIAN_POINT('Ctrl Pts',(-5.70751150507885,-0.449158062359781,
0.));
#11260=CARTESIAN_POINT('Ctrl Pts',(-5.72006602975779,-0.447904802839064,
0.));
#11261=CARTESIAN_POINT('Ctrl Pts',(-5.73262749339334,-0.446542029596369,
0.));
#11262=CARTESIAN_POINT('Ctrl Pts',(-5.74519512768093,-0.445038067069112,
0.));
#11263=CARTESIAN_POINT('Ctrl Pts',(-5.75776830374384,-0.44336851758395,
0.));
#11264=CARTESIAN_POINT('Ctrl Pts',(-5.77034643077497,-0.441530255269071,
0.));
#11265=CARTESIAN_POINT('Ctrl Pts',(-5.78292895974139,-0.439534094784962,
0.));
#11266=CARTESIAN_POINT('Ctrl Pts',(-5.79551537916548,-0.437398993226714,
0.));
#11267=CARTESIAN_POINT('Ctrl Pts',(-5.80810521391617,-0.435145825883281,
0.));
#11268=CARTESIAN_POINT('Ctrl Pts',(-5.8206980228311,-0.432791014984204,
0.));
#11269=CARTESIAN_POINT('Ctrl Pts',(-5.83329339660781,-0.43034119307755,
0.));
#11270=CARTESIAN_POINT('Ctrl Pts',(-5.84589095324612,-0.427796544540829,
0.));
#11271=CARTESIAN_POINT('Ctrl Pts',(-5.85849033378644,-0.425153318064404,
0.));
#11272=CARTESIAN_POINT('Ctrl Pts',(-5.87109119802239,-0.422406576337228,
0.));
#11273=CARTESIAN_POINT('Ctrl Pts',(-5.88369322006151,-0.419553020381937,
0.));
#11274=CARTESIAN_POINT('Ctrl Pts',(-5.89629608448538,-0.416593259215902,
0.));
#11275=CARTESIAN_POINT('Ctrl Pts',(-5.90889948623663,-0.41353035821569,
0.));
#11276=CARTESIAN_POINT('Ctrl Pts',(-5.92150313008874,-0.41036880706752,
0.));
#11277=CARTESIAN_POINT('Ctrl Pts',(-5.93410673027444,-0.407113364802789,
0.));
#11278=CARTESIAN_POINT('Ctrl Pts',(-5.9467100100856,-0.403767873530294,
0.));
#11279=CARTESIAN_POINT('Ctrl Pts',(-5.95931270141557,-0.400334339709459,
0.));
#11280=CARTESIAN_POINT('Ctrl Pts',(-5.97191454380543,-0.396813578788785,
0.));
#11281=CARTESIAN_POINT('Ctrl Pts',(-5.98451528355985,-0.393205666145236,
0.));
#11282=CARTESIAN_POINT('Ctrl Pts',(-5.99711467286903,-0.389510445900183,
0.));
#11283=CARTESIAN_POINT('Ctrl Pts',(-6.00971246890214,-0.385728054750595,
0.));
#11284=CARTESIAN_POINT('Ctrl Pts',(-6.02230843305678,-0.38185932147127,
0.));
#11285=CARTESIAN_POINT('Ctrl Pts',(-6.03490233093356,-0.37790549257611,
0.));
#11286=CARTESIAN_POINT('Ctrl Pts',(-6.04749393223552,-0.373868046733523,
0.));
#11287=CARTESIAN_POINT('Ctrl Pts',(-6.06008301070399,-0.369748482852616,
0.));
#11288=CARTESIAN_POINT('Ctrl Pts',(-6.07266934409154,-0.365548103113839,
0.));
#11289=CARTESIAN_POINT('Ctrl Pts',(-6.08525271405218,-0.361267849764495,
0.));
#11290=CARTESIAN_POINT('Ctrl Pts',(-6.09783290555823,-0.35690842576602,
0.));
#11291=CARTESIAN_POINT('Ctrl Pts',(-6.11040970639233,-0.352470378047056,
0.));
#11292=CARTESIAN_POINT('Ctrl Pts',(-6.12298290665924,-0.347954192521333,
0.));
#11293=CARTESIAN_POINT('Ctrl Pts',(-6.13555229826511,-0.343360391940972,
0.));
#11294=CARTESIAN_POINT('Ctrl Pts',(-6.14811767459578,-0.338689610947032,
0.));
#11295=CARTESIAN_POINT('Ctrl Pts',(-6.16067883107219,-0.333942545171941,
0.));
#11296=CARTESIAN_POINT('Ctrl Pts',(-6.17323556563879,-0.32911991733535,
0.));
#11297=CARTESIAN_POINT('Ctrl Pts',(-6.18578767926202,-0.324222438534818,
0.));
#11298=CARTESIAN_POINT('Ctrl Pts',(-6.19833497657649,-0.319250769299667,
0.));
#11299=CARTESIAN_POINT('Ctrl Pts',(-6.21087726616404,-0.314205489736569,
0.));
#11300=CARTESIAN_POINT('Ctrl Pts',(-6.22341435881045,-0.309087122486442,
0.));
#11301=CARTESIAN_POINT('Ctrl Pts',(-6.23594606600406,-0.303896149528674,
0.));
#11302=CARTESIAN_POINT('Ctrl Pts',(-6.24847219847188,-0.298633031267191,
0.));
#11303=CARTESIAN_POINT('Ctrl Pts',(-6.26099256452244,-0.293298226499643,
0.));
#11304=CARTESIAN_POINT('Ctrl Pts',(-6.27350696914566,-0.287892208538822,
0.));
#11305=CARTESIAN_POINT('Ctrl Pts',(-6.28601521754838,-0.282415453169069,
0.));
#11306=CARTESIAN_POINT('Ctrl Pts',(-6.29851711830459,-0.276868430164239,
0.));
#11307=CARTESIAN_POINT('Ctrl Pts',(-6.31101248652181,-0.271251594201757,
0.));
#11308=CARTESIAN_POINT('Ctrl Pts',(-6.32350114747572,-0.265565375913198,
0.));
#11309=CARTESIAN_POINT('Ctrl Pts',(-6.33598293888369,-0.259810175185615,
0.));
#11310=CARTESIAN_POINT('Ctrl Pts',(-6.34845770246617,-0.253986371024776,
0.));
#11311=CARTESIAN_POINT('Ctrl Pts',(-6.36092527645804,-0.248094330288935,
0.));
#11312=CARTESIAN_POINT('Ctrl Pts',(-6.37338548807871,-0.242134417057254,
0.));
#11313=CARTESIAN_POINT('Ctrl Pts',(-6.38583814542031,-0.236107002868635,
0.));
#11314=CARTESIAN_POINT('Ctrl Pts',(-6.39828303145012,-0.230012475259791,
0.));
#11315=CARTESIAN_POINT('Ctrl Pts',(-6.41071992166824,-0.223851222782677,
0.));
#11316=CARTESIAN_POINT('Ctrl Pts',(-6.42314860015025,-0.217623622108584,
0.));
#11317=CARTESIAN_POINT('Ctrl Pts',(-6.43556887608757,-0.21133002485756,
0.));
#11318=CARTESIAN_POINT('Ctrl Pts',(-6.44798060062272,-0.204970744889204,
0.));
#11319=CARTESIAN_POINT('Ctrl Pts',(-6.46038368249619,-0.198546046172803,
0.));
#11320=CARTESIAN_POINT('Ctrl Pts',(-6.47277807385054,-0.192056139485647,
0.));
#11321=CARTESIAN_POINT('Ctrl Pts',(-6.4826866206798,-0.186812171116629,
0.));
#11322=CARTESIAN_POINT('Ctrl Pts',(-6.49011411228869,-0.182849963235317,
0.));
#11323=CARTESIAN_POINT('Ctrl Pts',(-6.49506403237982,-0.180195503805463,
0.));
#11324=CARTESIAN_POINT('Ctrl Pts',(-6.49753855717995,-0.178865027213272,
0.));
#11325=CARTESIAN_POINT('Origin',(2.62345700718924E-12,1.73472347593894E-17,
0.));
#11326=CARTESIAN_POINT('Origin',(2.62345700718924E-12,1.73472347593894E-17,
3.));
#11327=CARTESIAN_POINT('Origin',(2.62345700718924E-12,1.73472347593894E-17,
0.));
#11328=CARTESIAN_POINT('Origin',(0.,0.,0.));
#11329=CARTESIAN_POINT('Origin',(0.,0.,3.));
#11330=CARTESIAN_POINT('Origin',(0.,0.,0.));
#11331=CARTESIAN_POINT('Origin',(0.,0.,0.));
#11332=CARTESIAN_POINT('Origin',(0.,0.,3.));
#11333=CARTESIAN_POINT('Origin',(0.,0.,0.));
#11334=CARTESIAN_POINT('Origin',(0.,0.,0.));
#11335=CARTESIAN_POINT('Origin',(0.,0.,3.));
#11336=CARTESIAN_POINT('Origin',(0.,0.,0.));
#11337=CARTESIAN_POINT('Origin',(0.,0.,0.));
#11338=CARTESIAN_POINT('Origin',(0.,0.,3.));
#11339=CARTESIAN_POINT('Origin',(0.,0.,0.));
#11340=CARTESIAN_POINT('Origin',(0.,0.,0.));
#11341=CARTESIAN_POINT('Origin',(0.,0.,3.));
#11342=CARTESIAN_POINT('Origin',(0.,0.,0.));
#11343=CARTESIAN_POINT('Origin',(0.,0.,0.));
#11344=CARTESIAN_POINT('Origin',(0.,0.,3.));
#11345=CARTESIAN_POINT('Origin',(0.,0.,0.));
#11346=CARTESIAN_POINT('Origin',(0.,0.,0.));
#11347=CARTESIAN_POINT('Origin',(0.,0.,3.));
#11348=CARTESIAN_POINT('Origin',(0.,0.,0.));
#11349=CARTESIAN_POINT('Origin',(0.,0.,0.));
#11350=CARTESIAN_POINT('Origin',(0.,0.,3.));
#11351=CARTESIAN_POINT('Origin',(0.,0.,0.));
#11352=CARTESIAN_POINT('Origin',(0.,0.,0.));
#11353=CARTESIAN_POINT('Origin',(0.,0.,3.));
#11354=CARTESIAN_POINT('Origin',(0.,0.,0.));
#11355=CARTESIAN_POINT('Origin',(0.,0.,0.));
#11356=CARTESIAN_POINT('Origin',(0.,0.,3.));
#11357=CARTESIAN_POINT('Origin',(0.,0.,0.));
#11358=CARTESIAN_POINT('Origin',(0.,0.,0.));
#11359=CARTESIAN_POINT('Origin',(0.,0.,3.));
#11360=CARTESIAN_POINT('Origin',(0.,0.,0.));
#11361=CARTESIAN_POINT('Ctrl Pts',(-5.31133594493429,1.89169512770706,0.));
#11362=CARTESIAN_POINT('Ctrl Pts',(-5.31133594493429,1.89169512770706,5.));
#11363=CARTESIAN_POINT('Ctrl Pts',(-5.31369031472796,1.89252656936937,0.));
#11364=CARTESIAN_POINT('Ctrl Pts',(-5.31369031472796,1.89252656936937,5.));
#11365=CARTESIAN_POINT('Ctrl Pts',(-5.31841657297966,1.89413213531101,0.));
#11366=CARTESIAN_POINT('Ctrl Pts',(-5.31841657297966,1.89413213531101,5.));
#11367=CARTESIAN_POINT('Ctrl Pts',(-5.32555851613017,1.89636853285739,0.));
#11368=CARTESIAN_POINT('Ctrl Pts',(-5.32555851613017,1.89636853285739,5.));
#11369=CARTESIAN_POINT('Ctrl Pts',(-5.3351815878838,1.89902265192424,0.));
#11370=CARTESIAN_POINT('Ctrl Pts',(-5.3351815878838,1.89902265192424,5.));
#11371=CARTESIAN_POINT('Ctrl Pts',(-5.34735086250585,1.90188811407465,0.));
#11372=CARTESIAN_POINT('Ctrl Pts',(-5.34735086250585,1.90188811407465,5.));
#11373=CARTESIAN_POINT('Ctrl Pts',(-5.35962581215867,1.90442184732581,0.));
#11374=CARTESIAN_POINT('Ctrl Pts',(-5.35962581215867,1.90442184732581,5.));
#11375=CARTESIAN_POINT('Ctrl Pts',(-5.3719715791048,1.90674381808099,0.));
#11376=CARTESIAN_POINT('Ctrl Pts',(-5.3719715791048,1.90674381808099,5.));
#11377=CARTESIAN_POINT('Ctrl Pts',(-5.38436104411553,1.9089458655829,0.));
#11378=CARTESIAN_POINT('Ctrl Pts',(-5.38436104411553,1.9089458655829,5.));
#11379=CARTESIAN_POINT('Ctrl Pts',(-5.39678210579759,1.91106605017543,0.));
#11380=CARTESIAN_POINT('Ctrl Pts',(-5.39678210579759,1.91106605017543,5.));
#11381=CARTESIAN_POINT('Ctrl Pts',(-5.40923321285418,1.91310484452645,0.));
#11382=CARTESIAN_POINT('Ctrl Pts',(-5.40923321285418,1.91310484452645,5.));
#11383=CARTESIAN_POINT('Ctrl Pts',(-5.42171936666512,1.91503965267919,0.));
#11384=CARTESIAN_POINT('Ctrl Pts',(-5.42171936666512,1.91503965267919,5.));
#11385=CARTESIAN_POINT('Ctrl Pts',(-5.43424802334403,1.91683967953786,0.));
#11386=CARTESIAN_POINT('Ctrl Pts',(-5.43424802334403,1.91683967953786,5.));
#11387=CARTESIAN_POINT('Ctrl Pts',(-5.44682489002518,1.91848119599438,0.));
#11388=CARTESIAN_POINT('Ctrl Pts',(-5.44682489002518,1.91848119599438,5.));
#11389=CARTESIAN_POINT('Ctrl Pts',(-5.45945020506787,1.91996102977632,0.));
#11390=CARTESIAN_POINT('Ctrl Pts',(-5.45945020506787,1.91996102977632,5.));
#11391=CARTESIAN_POINT('Ctrl Pts',(-5.47212063910694,1.92128948494336,0.));
#11392=CARTESIAN_POINT('Ctrl Pts',(-5.47212063910694,1.92128948494336,5.));
#11393=CARTESIAN_POINT('Ctrl Pts',(-5.48483079163567,1.9224847402631,0.));
#11394=CARTESIAN_POINT('Ctrl Pts',(-5.48483079163567,1.9224847402631,5.));
#11395=CARTESIAN_POINT('Ctrl Pts',(-5.49757480079036,1.9235668367433,0.));
#11396=CARTESIAN_POINT('Ctrl Pts',(-5.49757480079036,1.9235668367433,5.));
#11397=CARTESIAN_POINT('Ctrl Pts',(-5.51034799005511,1.92455152285838,0.));
#11398=CARTESIAN_POINT('Ctrl Pts',(-5.51034799005511,1.92455152285838,5.));
#11399=CARTESIAN_POINT('Ctrl Pts',(-5.52314824744435,1.92544509922253,0.));
#11400=CARTESIAN_POINT('Ctrl Pts',(-5.52314824744435,1.92544509922253,5.));
#11401=CARTESIAN_POINT('Ctrl Pts',(-5.53597515625383,1.92624764506184,0.));
#11402=CARTESIAN_POINT('Ctrl Pts',(-5.53597515625383,1.92624764506184,5.));
#11403=CARTESIAN_POINT('Ctrl Pts',(-5.54882934066559,1.92695544398385,0.));
#11404=CARTESIAN_POINT('Ctrl Pts',(-5.54882934066559,1.92695544398385,5.));
#11405=CARTESIAN_POINT('Ctrl Pts',(-5.56171174993562,1.92756363886044,0.));
#11406=CARTESIAN_POINT('Ctrl Pts',(-5.56171174993562,1.92756363886044,5.));
#11407=CARTESIAN_POINT('Ctrl Pts',(-5.57462292311417,1.92806895877699,0.));
#11408=CARTESIAN_POINT('Ctrl Pts',(-5.57462292311417,1.92806895877699,5.));
#11409=CARTESIAN_POINT('Ctrl Pts',(-5.58756239790513,1.92847191036282,0.));
#11410=CARTESIAN_POINT('Ctrl Pts',(-5.58756239790513,1.92847191036282,5.));
#11411=CARTESIAN_POINT('Ctrl Pts',(-5.60052908626788,1.92877537558965,0.));
#11412=CARTESIAN_POINT('Ctrl Pts',(-5.60052908626788,1.92877537558965,5.));
#11413=CARTESIAN_POINT('Ctrl Pts',(-5.61352154101919,1.92898361475111,0.));
#11414=CARTESIAN_POINT('Ctrl Pts',(-5.61352154101919,1.92898361475111,5.));
#11415=CARTESIAN_POINT('Ctrl Pts',(-5.62653825440113,1.92910115075653,0.));
#11416=CARTESIAN_POINT('Ctrl Pts',(-5.62653825440113,1.92910115075653,5.));
#11417=CARTESIAN_POINT('Ctrl Pts',(-5.63957796472322,1.92913162318069,0.));
#11418=CARTESIAN_POINT('Ctrl Pts',(-5.63957796472322,1.92913162318069,5.));
#11419=CARTESIAN_POINT('Ctrl Pts',(-5.65263989370442,1.92907690072345,0.));
#11420=CARTESIAN_POINT('Ctrl Pts',(-5.65263989370442,1.92907690072345,5.));
#11421=CARTESIAN_POINT('Ctrl Pts',(-5.66572357870713,1.92893770363586,0.));
#11422=CARTESIAN_POINT('Ctrl Pts',(-5.66572357870713,1.92893770363586,5.));
#11423=CARTESIAN_POINT('Ctrl Pts',(-5.6788287551715,1.92871403906528,0.));
#11424=CARTESIAN_POINT('Ctrl Pts',(-5.6788287551715,1.92871403906528,5.));
#11425=CARTESIAN_POINT('Ctrl Pts',(-5.69195522407597,1.92840569230664,0.));
#11426=CARTESIAN_POINT('Ctrl Pts',(-5.69195522407597,1.92840569230664,5.));
#11427=CARTESIAN_POINT('Ctrl Pts',(-5.70510271548421,1.92801273254981,0.));
#11428=CARTESIAN_POINT('Ctrl Pts',(-5.70510271548421,1.92801273254981,5.));
#11429=CARTESIAN_POINT('Ctrl Pts',(-5.7182707844213,1.92753589857493,0.));
#11430=CARTESIAN_POINT('Ctrl Pts',(-5.7182707844213,1.92753589857493,5.));
#11431=CARTESIAN_POINT('Ctrl Pts',(-5.73145888185328,1.92697633375496,0.));
#11432=CARTESIAN_POINT('Ctrl Pts',(-5.73145888185328,1.92697633375496,5.));
#11433=CARTESIAN_POINT('Ctrl Pts',(-5.74466640262281,1.92633540676865,0.));
#11434=CARTESIAN_POINT('Ctrl Pts',(-5.74466640262281,1.92633540676865,5.));
#11435=CARTESIAN_POINT('Ctrl Pts',(-5.75789274023457,1.92561450689096,0.));
#11436=CARTESIAN_POINT('Ctrl Pts',(-5.75789274023457,1.92561450689096,5.));
#11437=CARTESIAN_POINT('Ctrl Pts',(-5.77113734298496,1.92481483440976,0.));
#11438=CARTESIAN_POINT('Ctrl Pts',(-5.77113734298496,1.92481483440976,5.));
#11439=CARTESIAN_POINT('Ctrl Pts',(-5.78439975609636,1.92393724295396,0.));
#11440=CARTESIAN_POINT('Ctrl Pts',(-5.78439975609636,1.92393724295396,5.));
#11441=CARTESIAN_POINT('Ctrl Pts',(-5.7976795899282,1.92298235587889,0.));
#11442=CARTESIAN_POINT('Ctrl Pts',(-5.7976795899282,1.92298235587889,5.));
#11443=CARTESIAN_POINT('Ctrl Pts',(-5.81097649793869,1.92195064655116,0.));
#11444=CARTESIAN_POINT('Ctrl Pts',(-5.81097649793869,1.92195064655116,5.));
#11445=CARTESIAN_POINT('Ctrl Pts',(-5.82429015162088,1.92084253000252,0.));
#11446=CARTESIAN_POINT('Ctrl Pts',(-5.82429015162088,1.92084253000252,5.));
#11447=CARTESIAN_POINT('Ctrl Pts',(-5.83762021467333,1.91965845731408,0.));
#11448=CARTESIAN_POINT('Ctrl Pts',(-5.83762021467333,1.91965845731408,5.));
#11449=CARTESIAN_POINT('Ctrl Pts',(-5.85096632326489,1.91839898802635,0.));
#11450=CARTESIAN_POINT('Ctrl Pts',(-5.85096632326489,1.91839898802635,5.));
#11451=CARTESIAN_POINT('Ctrl Pts',(-5.86432809974447,1.9170647411197,0.));
#11452=CARTESIAN_POINT('Ctrl Pts',(-5.86432809974447,1.9170647411197,5.));
#11453=CARTESIAN_POINT('Ctrl Pts',(-5.87770516188776,1.91565636239189,0.));
#11454=CARTESIAN_POINT('Ctrl Pts',(-5.87770516188776,1.91565636239189,5.));
#11455=CARTESIAN_POINT('Ctrl Pts',(-5.89109713339752,1.91417448719674,0.));
#11456=CARTESIAN_POINT('Ctrl Pts',(-5.89109713339752,1.91417448719674,5.));
#11457=CARTESIAN_POINT('Ctrl Pts',(-5.90450365460769,1.91261970299229,0.));
#11458=CARTESIAN_POINT('Ctrl Pts',(-5.90450365460769,1.91261970299229,5.));
#11459=CARTESIAN_POINT('Ctrl Pts',(-5.9179243904799,1.91099252057589,0.));
#11460=CARTESIAN_POINT('Ctrl Pts',(-5.9179243904799,1.91099252057589,5.));
#11461=CARTESIAN_POINT('Ctrl Pts',(-5.93135902297781,1.90929339580767,0.));
#11462=CARTESIAN_POINT('Ctrl Pts',(-5.93135902297781,1.90929339580767,5.));
#11463=CARTESIAN_POINT('Ctrl Pts',(-5.94480724526769,1.90752274545354,0.));
#11464=CARTESIAN_POINT('Ctrl Pts',(-5.94480724526769,1.90752274545354,5.));
#11465=CARTESIAN_POINT('Ctrl Pts',(-5.95826875536457,1.90568096524211,0.));
#11466=CARTESIAN_POINT('Ctrl Pts',(-5.95826875536457,1.90568096524211,5.));
#11467=CARTESIAN_POINT('Ctrl Pts',(-5.97174324936315,1.90376844872447,0.));
#11468=CARTESIAN_POINT('Ctrl Pts',(-5.97174324936315,1.90376844872447,5.));
#11469=CARTESIAN_POINT('Ctrl Pts',(-5.98523041639578,1.90178560261334,0.));
#11470=CARTESIAN_POINT('Ctrl Pts',(-5.98523041639578,1.90178560261334,5.));
#11471=CARTESIAN_POINT('Ctrl Pts',(-5.99872994516466,1.89973283606492,0.));
#11472=CARTESIAN_POINT('Ctrl Pts',(-5.99872994516466,1.89973283606492,5.));
#11473=CARTESIAN_POINT('Ctrl Pts',(-6.01224152918006,1.89761055330123,0.));
#11474=CARTESIAN_POINT('Ctrl Pts',(-6.01224152918006,1.89761055330123,5.));
#11475=CARTESIAN_POINT('Ctrl Pts',(-6.02576487217037,1.89541914565322,0.));
#11476=CARTESIAN_POINT('Ctrl Pts',(-6.02576487217037,1.89541914565322,5.));
#11477=CARTESIAN_POINT('Ctrl Pts',(-6.03929969390921,1.89315898385709,0.));
#11478=CARTESIAN_POINT('Ctrl Pts',(-6.03929969390921,1.89315898385709,5.));
#11479=CARTESIAN_POINT('Ctrl Pts',(-6.05284573414521,1.89083041217222,0.));
#11480=CARTESIAN_POINT('Ctrl Pts',(-6.05284573414521,1.89083041217222,5.));
#11481=CARTESIAN_POINT('Ctrl Pts',(-6.06640274189815,1.88843375572431,0.));
#11482=CARTESIAN_POINT('Ctrl Pts',(-6.06640274189815,1.88843375572431,5.));
#11483=CARTESIAN_POINT('Ctrl Pts',(-6.07997046596502,1.88596932700333,0.));
#11484=CARTESIAN_POINT('Ctrl Pts',(-6.07997046596502,1.88596932700333,5.));
#11485=CARTESIAN_POINT('Ctrl Pts',(-6.09354864522197,1.88343743296385,0.));
#11486=CARTESIAN_POINT('Ctrl Pts',(-6.09354864522197,1.88343743296385,5.));
#11487=CARTESIAN_POINT('Ctrl Pts',(-6.10713699813888,1.88083838281546,0.));
#11488=CARTESIAN_POINT('Ctrl Pts',(-6.10713699813888,1.88083838281546,5.));
#11489=CARTESIAN_POINT('Ctrl Pts',(-6.12073521477637,1.87817249471769,0.));
#11490=CARTESIAN_POINT('Ctrl Pts',(-6.12073521477637,1.87817249471769,5.));
#11491=CARTESIAN_POINT('Ctrl Pts',(-6.13434297771954,1.87544008587806,0.));
#11492=CARTESIAN_POINT('Ctrl Pts',(-6.13434297771954,1.87544008587806,5.));
#11493=CARTESIAN_POINT('Ctrl Pts',(-6.14795998091171,1.87264146424774,0.));
#11494=CARTESIAN_POINT('Ctrl Pts',(-6.14795998091171,1.87264146424774,5.));
#11495=CARTESIAN_POINT('Ctrl Pts',(-6.16158594903997,1.86977692008072,0.));
#11496=CARTESIAN_POINT('Ctrl Pts',(-6.16158594903997,1.86977692008072,5.));
#11497=CARTESIAN_POINT('Ctrl Pts',(-6.17522065708621,1.86684671801495,0.));
#11498=CARTESIAN_POINT('Ctrl Pts',(-6.17522065708621,1.86684671801495,5.));
#11499=CARTESIAN_POINT('Ctrl Pts',(-6.18886394858022,1.86385108940546,0.));
#11500=CARTESIAN_POINT('Ctrl Pts',(-6.18886394858022,1.86385108940546,5.));
#11501=CARTESIAN_POINT('Ctrl Pts',(-6.20251572274209,1.86079022546109,0.));
#11502=CARTESIAN_POINT('Ctrl Pts',(-6.20251572274209,1.86079022546109,5.));
#11503=CARTESIAN_POINT('Ctrl Pts',(-6.21344388291129,1.85828946160992,0.));
#11504=CARTESIAN_POINT('Ctrl Pts',(-6.21344388291129,1.85828946160992,5.));
#11505=CARTESIAN_POINT('Ctrl Pts',(-6.22164378374119,1.85638463897395,0.));
#11506=CARTESIAN_POINT('Ctrl Pts',(-6.22164378374119,1.85638463897395,5.));
#11507=CARTESIAN_POINT('Ctrl Pts',(-6.22711206405019,1.85510176164714,0.));
#11508=CARTESIAN_POINT('Ctrl Pts',(-6.22711206405019,1.85510176164714,5.));
#11509=CARTESIAN_POINT('Ctrl Pts',(-6.22984662414354,1.85445707409132,0.));
#11510=CARTESIAN_POINT('Ctrl Pts',(-6.22984662414354,1.85445707409132,5.));
#11511=CARTESIAN_POINT('',(-6.22984662414354,1.85445707409132,0.));
#11512=CARTESIAN_POINT('Ctrl Pts',(-6.,1.89951931821105,0.));
#11513=CARTESIAN_POINT('Ctrl Pts',(-6.00244791342682,1.89913980481888,0.));
#11514=CARTESIAN_POINT('Ctrl Pts',(-6.00759819796127,1.89833548818094,0.));
#11515=CARTESIAN_POINT('Ctrl Pts',(-6.01545366638378,1.89709000892746,0.));
#11516=CARTESIAN_POINT('Ctrl Pts',(-6.02601881931771,1.89537673935843,0.));
#11517=CARTESIAN_POINT('Ctrl Pts',(-6.03929969390921,1.89315898385709,0.));
#11518=CARTESIAN_POINT('Ctrl Pts',(-6.05284573414521,1.89083041217222,0.));
#11519=CARTESIAN_POINT('Ctrl Pts',(-6.06640274189815,1.88843375572431,0.));
#11520=CARTESIAN_POINT('Ctrl Pts',(-6.07997046596502,1.88596932700333,0.));
#11521=CARTESIAN_POINT('Ctrl Pts',(-6.09354864522197,1.88343743296385,0.));
#11522=CARTESIAN_POINT('Ctrl Pts',(-6.10713699813888,1.88083838281546,0.));
#11523=CARTESIAN_POINT('Ctrl Pts',(-6.12073521477637,1.87817249471769,0.));
#11524=CARTESIAN_POINT('Ctrl Pts',(-6.13434297771954,1.87544008587806,0.));
#11525=CARTESIAN_POINT('Ctrl Pts',(-6.14795998091171,1.87264146424774,0.));
#11526=CARTESIAN_POINT('Ctrl Pts',(-6.16158594903997,1.86977692008072,0.));
#11527=CARTESIAN_POINT('Ctrl Pts',(-6.17522065708621,1.86684671801495,0.));
#11528=CARTESIAN_POINT('Ctrl Pts',(-6.18886394858022,1.86385108940546,0.));
#11529=CARTESIAN_POINT('Ctrl Pts',(-6.20251572274209,1.86079022546109,0.));
#11530=CARTESIAN_POINT('Ctrl Pts',(-6.21344388291129,1.85828946160992,0.));
#11531=CARTESIAN_POINT('Ctrl Pts',(-6.22164378374119,1.85638463897395,0.));
#11532=CARTESIAN_POINT('Ctrl Pts',(-6.22711206405019,1.85510176164714,0.));
#11533=CARTESIAN_POINT('Ctrl Pts',(-6.22984662414354,1.85445707409132,0.));
#11534=CARTESIAN_POINT('',(-6.22984662414354,1.85445707409132,3.));
#11535=CARTESIAN_POINT('',(-6.22984662414354,1.85445707409132,0.));
#11536=CARTESIAN_POINT('Ctrl Pts',(-6.22984662414354,1.85445707409132,3.));
#11537=CARTESIAN_POINT('Ctrl Pts',(-6.19114188947932,1.86358192779267,3.));
#11538=CARTESIAN_POINT('Ctrl Pts',(-6.15253497585767,1.87192889937987,3.));
#11539=CARTESIAN_POINT('Ctrl Pts',(-6.11404134875561,1.87947670776102,3.));
#11540=CARTESIAN_POINT('Ctrl Pts',(-6.07590359660106,1.88695473638605,3.));
#11541=CARTESIAN_POINT('Ctrl Pts',(-6.03788095132381,1.89364642737333,3.));
#11542=CARTESIAN_POINT('Ctrl Pts',(-6.00000000001377,1.89951931820892,3.));
#11543=CARTESIAN_POINT('Origin',(0.,0.,3.));
#11544=CARTESIAN_POINT('',(-6.32243397523469,1.50891637568093,3.));
#11545=CARTESIAN_POINT('Origin',(2.53406936719785E-12,-6.78983881326169E-13,
3.));
#11546=CARTESIAN_POINT('Ctrl Pts',(-6.00000000000075,1.24560202238812,3.));
#11547=CARTESIAN_POINT('Ctrl Pts',(-6.03523333675746,1.27007989671526,3.));
#11548=CARTESIAN_POINT('Ctrl Pts',(-6.07009961610897,1.29570384649987,3.));
#11549=CARTESIAN_POINT('Ctrl Pts',(-6.1045945983261,1.32237682668126,3.));
#11550=CARTESIAN_POINT('Ctrl Pts',(-6.14455148690039,1.35327318402225,3.));
#11551=CARTESIAN_POINT('Ctrl Pts',(-6.18400881229652,1.38558028342701,3.));
#11552=CARTESIAN_POINT('Ctrl Pts',(-6.22295221968219,1.41919355637343,3.));
#11553=CARTESIAN_POINT('Ctrl Pts',(-6.25354053048959,1.44559528414104,3.));
#11554=CARTESIAN_POINT('Ctrl Pts',(-6.28380956758678,1.4728011638536,3.));
#11555=CARTESIAN_POINT('Ctrl Pts',(-6.31375397248125,1.50077685207461,3.));
#11556=CARTESIAN_POINT('Ctrl Pts',(-6.3166503268631,1.50348278353158,3.));
#11557=CARTESIAN_POINT('Ctrl Pts',(-6.31954366080178,1.5061959589351,3.));
#11558=CARTESIAN_POINT('Ctrl Pts',(-6.32243397523469,1.50891637568093,3.));
#11559=CARTESIAN_POINT('Origin',(0.,0.,0.));
#11560=CARTESIAN_POINT('',(-6.32243397523469,1.50891637568093,0.));
#11561=CARTESIAN_POINT('Ctrl Pts',(-6.00000000000001,1.2456020223876,0.));
#11562=CARTESIAN_POINT('Ctrl Pts',(-6.00088009263082,1.24621345459347,0.));
#11563=CARTESIAN_POINT('Ctrl Pts',(-6.0039542265286,1.24835171442575,0.));
#11564=CARTESIAN_POINT('Ctrl Pts',(-6.00921859840071,1.25202867287239,0.));
#11565=CARTESIAN_POINT('Ctrl Pts',(-6.01666583206406,1.25726720797871,0.));
#11566=CARTESIAN_POINT('Ctrl Pts',(-6.0262849666478,1.26410090340727,0.));
#11567=CARTESIAN_POINT('Ctrl Pts',(-6.03718948106548,1.27193728336314,0.));
#11568=CARTESIAN_POINT('Ctrl Pts',(-6.04807016734567,1.27984550619122,0.));
#11569=CARTESIAN_POINT('Ctrl Pts',(-6.0589270172823,1.28782483351034,0.));
#11570=CARTESIAN_POINT('Ctrl Pts',(-6.06976001312446,1.29587457673388,0.));
#11571=CARTESIAN_POINT('Ctrl Pts',(-6.08056912011908,1.30399412597918,0.));
#11572=CARTESIAN_POINT('Ctrl Pts',(-6.09135429076866,1.31218292744161,0.));
#11573=CARTESIAN_POINT('Ctrl Pts',(-6.10211546773038,1.32044046677444,0.));
#11574=CARTESIAN_POINT('Ctrl Pts',(-6.11285258734186,1.32876625027417,0.));
#11575=CARTESIAN_POINT('Ctrl Pts',(-6.12356558318895,1.3371597851629,0.));
#11576=CARTESIAN_POINT('Ctrl Pts',(-6.13425438940872,1.34562056378324,0.));
#11577=CARTESIAN_POINT('Ctrl Pts',(-6.14491894098749,1.35414807614665,0.));
#11578=CARTESIAN_POINT('Ctrl Pts',(-6.15555917460835,1.36274181894173,0.));
#11579=CARTESIAN_POINT('Ctrl Pts',(-6.16617502935804,1.3714013051301,0.));
#11580=CARTESIAN_POINT('Ctrl Pts',(-6.17676644792151,1.38012607353164,0.));
#11581=CARTESIAN_POINT('Ctrl Pts',(-6.18733337704413,1.38891569588327,0.));
#11582=CARTESIAN_POINT('Ctrl Pts',(-6.19787576193352,1.39776976512777,0.));
#11583=CARTESIAN_POINT('Ctrl Pts',(-6.20839354128648,1.40668788503939,0.));
#11584=CARTESIAN_POINT('Ctrl Pts',(-6.2188866424404,1.41566965922575,0.));
#11585=CARTESIAN_POINT('Ctrl Pts',(-6.22935497618784,1.42471467913841,0.));
#11586=CARTESIAN_POINT('Ctrl Pts',(-6.23979843319319,1.43382251427347,0.));
#11587=CARTESIAN_POINT('Ctrl Pts',(-6.25021689717083,1.44299273121371,0.));
#11588=CARTESIAN_POINT('Ctrl Pts',(-6.2606102570435,1.45222491023723,0.));
#11589=CARTESIAN_POINT('Ctrl Pts',(-6.27097841951022,1.46151866232026,0.));
#11590=CARTESIAN_POINT('Ctrl Pts',(-6.28132132201856,1.47087364577056,0.));
#11591=CARTESIAN_POINT('Ctrl Pts',(-6.29163894473887,1.48028958199368,0.));
#11592=CARTESIAN_POINT('Ctrl Pts',(-6.3019312959976,1.48976625500797,0.));
#11593=CARTESIAN_POINT('Ctrl Pts',(-6.31014497839516,1.49739606011655,0.));
#11594=CARTESIAN_POINT('Ctrl Pts',(-6.31629388950439,1.50314563532395,0.));
#11595=CARTESIAN_POINT('Ctrl Pts',(-6.32038812050359,1.50699077983341,0.));
#11596=CARTESIAN_POINT('Ctrl Pts',(-6.32243397523469,1.50891637568093,0.));
#11597=CARTESIAN_POINT('Origin',(2.53406936719785E-12,-6.78983881326169E-13,
0.));
#11598=CARTESIAN_POINT('Ctrl Pts',(-6.32243397523469,1.50891637568093,0.));
#11599=CARTESIAN_POINT('Ctrl Pts',(-6.32243397523469,1.50891637568093,5.));
#11600=CARTESIAN_POINT('Ctrl Pts',(-6.32038812050359,1.50699077983341,0.));
#11601=CARTESIAN_POINT('Ctrl Pts',(-6.32038812050359,1.50699077983341,5.));
#11602=CARTESIAN_POINT('Ctrl Pts',(-6.31629388950439,1.50314563532395,0.));
#11603=CARTESIAN_POINT('Ctrl Pts',(-6.31629388950439,1.50314563532395,5.));
#11604=CARTESIAN_POINT('Ctrl Pts',(-6.31014497839516,1.49739606011655,0.));
#11605=CARTESIAN_POINT('Ctrl Pts',(-6.31014497839516,1.49739606011655,5.));
#11606=CARTESIAN_POINT('Ctrl Pts',(-6.3019312959976,1.48976625500797,0.));
#11607=CARTESIAN_POINT('Ctrl Pts',(-6.3019312959976,1.48976625500797,5.));
#11608=CARTESIAN_POINT('Ctrl Pts',(-6.29163894473887,1.48028958199368,0.));
#11609=CARTESIAN_POINT('Ctrl Pts',(-6.29163894473887,1.48028958199368,5.));
#11610=CARTESIAN_POINT('Ctrl Pts',(-6.28132132201856,1.47087364577056,0.));
#11611=CARTESIAN_POINT('Ctrl Pts',(-6.28132132201856,1.47087364577056,5.));
#11612=CARTESIAN_POINT('Ctrl Pts',(-6.27097841951022,1.46151866232026,0.));
#11613=CARTESIAN_POINT('Ctrl Pts',(-6.27097841951022,1.46151866232026,5.));
#11614=CARTESIAN_POINT('Ctrl Pts',(-6.2606102570435,1.45222491023723,0.));
#11615=CARTESIAN_POINT('Ctrl Pts',(-6.2606102570435,1.45222491023723,5.));
#11616=CARTESIAN_POINT('Ctrl Pts',(-6.25021689717083,1.44299273121371,0.));
#11617=CARTESIAN_POINT('Ctrl Pts',(-6.25021689717083,1.44299273121371,5.));
#11618=CARTESIAN_POINT('Ctrl Pts',(-6.23979843319319,1.43382251427347,0.));
#11619=CARTESIAN_POINT('Ctrl Pts',(-6.23979843319319,1.43382251427347,5.));
#11620=CARTESIAN_POINT('Ctrl Pts',(-6.22935497618784,1.42471467913841,0.));
#11621=CARTESIAN_POINT('Ctrl Pts',(-6.22935497618784,1.42471467913841,5.));
#11622=CARTESIAN_POINT('Ctrl Pts',(-6.2188866424404,1.41566965922575,0.));
#11623=CARTESIAN_POINT('Ctrl Pts',(-6.2188866424404,1.41566965922575,5.));
#11624=CARTESIAN_POINT('Ctrl Pts',(-6.20839354128648,1.40668788503939,0.));
#11625=CARTESIAN_POINT('Ctrl Pts',(-6.20839354128648,1.40668788503939,5.));
#11626=CARTESIAN_POINT('Ctrl Pts',(-6.19787576193352,1.39776976512777,0.));
#11627=CARTESIAN_POINT('Ctrl Pts',(-6.19787576193352,1.39776976512777,5.));
#11628=CARTESIAN_POINT('Ctrl Pts',(-6.18733337704413,1.38891569588327,0.));
#11629=CARTESIAN_POINT('Ctrl Pts',(-6.18733337704413,1.38891569588327,5.));
#11630=CARTESIAN_POINT('Ctrl Pts',(-6.17676644792151,1.38012607353164,0.));
#11631=CARTESIAN_POINT('Ctrl Pts',(-6.17676644792151,1.38012607353164,5.));
#11632=CARTESIAN_POINT('Ctrl Pts',(-6.16617502935804,1.3714013051301,0.));
#11633=CARTESIAN_POINT('Ctrl Pts',(-6.16617502935804,1.3714013051301,5.));
#11634=CARTESIAN_POINT('Ctrl Pts',(-6.15555917460835,1.36274181894173,0.));
#11635=CARTESIAN_POINT('Ctrl Pts',(-6.15555917460835,1.36274181894173,5.));
#11636=CARTESIAN_POINT('Ctrl Pts',(-6.14491894098749,1.35414807614665,0.));
#11637=CARTESIAN_POINT('Ctrl Pts',(-6.14491894098749,1.35414807614665,5.));
#11638=CARTESIAN_POINT('Ctrl Pts',(-6.13425438940872,1.34562056378324,0.));
#11639=CARTESIAN_POINT('Ctrl Pts',(-6.13425438940872,1.34562056378324,5.));
#11640=CARTESIAN_POINT('Ctrl Pts',(-6.12356558318895,1.3371597851629,0.));
#11641=CARTESIAN_POINT('Ctrl Pts',(-6.12356558318895,1.3371597851629,5.));
#11642=CARTESIAN_POINT('Ctrl Pts',(-6.11285258734186,1.32876625027417,0.));
#11643=CARTESIAN_POINT('Ctrl Pts',(-6.11285258734186,1.32876625027417,5.));
#11644=CARTESIAN_POINT('Ctrl Pts',(-6.10211546773038,1.32044046677444,0.));
#11645=CARTESIAN_POINT('Ctrl Pts',(-6.10211546773038,1.32044046677444,5.));
#11646=CARTESIAN_POINT('Ctrl Pts',(-6.09135429076866,1.31218292744161,0.));
#11647=CARTESIAN_POINT('Ctrl Pts',(-6.09135429076866,1.31218292744161,5.));
#11648=CARTESIAN_POINT('Ctrl Pts',(-6.08056912011908,1.30399412597918,0.));
#11649=CARTESIAN_POINT('Ctrl Pts',(-6.08056912011908,1.30399412597918,5.));
#11650=CARTESIAN_POINT('Ctrl Pts',(-6.06976001312446,1.29587457673388,0.));
#11651=CARTESIAN_POINT('Ctrl Pts',(-6.06976001312446,1.29587457673388,5.));
#11652=CARTESIAN_POINT('Ctrl Pts',(-6.0589270172823,1.28782483351034,0.));
#11653=CARTESIAN_POINT('Ctrl Pts',(-6.0589270172823,1.28782483351034,5.));
#11654=CARTESIAN_POINT('Ctrl Pts',(-6.04807016734567,1.27984550619122,0.));
#11655=CARTESIAN_POINT('Ctrl Pts',(-6.04807016734567,1.27984550619122,5.));
#11656=CARTESIAN_POINT('Ctrl Pts',(-6.03718948106548,1.27193728336314,0.));
#11657=CARTESIAN_POINT('Ctrl Pts',(-6.03718948106548,1.27193728336314,5.));
#11658=CARTESIAN_POINT('Ctrl Pts',(-6.0262849666478,1.26410090340727,0.));
#11659=CARTESIAN_POINT('Ctrl Pts',(-6.0262849666478,1.26410090340727,5.));
#11660=CARTESIAN_POINT('Ctrl Pts',(-6.01535663220971,1.25633711671303,0.));
#11661=CARTESIAN_POINT('Ctrl Pts',(-6.01535663220971,1.25633711671303,5.));
#11662=CARTESIAN_POINT('Ctrl Pts',(-6.00440449531646,1.24864664815869,0.));
#11663=CARTESIAN_POINT('Ctrl Pts',(-6.00440449531646,1.24864664815869,5.));
#11664=CARTESIAN_POINT('Ctrl Pts',(-5.99342859128481,1.24103016423611,0.));
#11665=CARTESIAN_POINT('Ctrl Pts',(-5.99342859128481,1.24103016423611,5.));
#11666=CARTESIAN_POINT('Ctrl Pts',(-5.98242898581981,1.23348822374374,0.));
#11667=CARTESIAN_POINT('Ctrl Pts',(-5.98242898581981,1.23348822374374,5.));
#11668=CARTESIAN_POINT('Ctrl Pts',(-5.97140575590094,1.22602135036307,0.));
#11669=CARTESIAN_POINT('Ctrl Pts',(-5.97140575590094,1.22602135036307,5.));
#11670=CARTESIAN_POINT('Ctrl Pts',(-5.96035896495888,1.21863012731249,0.));
#11671=CARTESIAN_POINT('Ctrl Pts',(-5.96035896495888,1.21863012731249,5.));
#11672=CARTESIAN_POINT('Ctrl Pts',(-5.94928863875461,1.21131528925387,0.));
#11673=CARTESIAN_POINT('Ctrl Pts',(-5.94928863875461,1.21131528925387,5.));
#11674=CARTESIAN_POINT('Ctrl Pts',(-5.93819474432264,1.20407780284033,0.));
#11675=CARTESIAN_POINT('Ctrl Pts',(-5.93819474432264,1.20407780284033,5.));
#11676=CARTESIAN_POINT('Ctrl Pts',(-5.92707715930837,1.19691898340344,0.));
#11677=CARTESIAN_POINT('Ctrl Pts',(-5.92707715930837,1.19691898340344,5.));
#11678=CARTESIAN_POINT('Ctrl Pts',(-5.91593571431468,1.18984033733829,0.));
#11679=CARTESIAN_POINT('Ctrl Pts',(-5.91593571431468,1.18984033733829,5.));
#11680=CARTESIAN_POINT('Ctrl Pts',(-5.90477024908382,1.18284335253412,0.));
#11681=CARTESIAN_POINT('Ctrl Pts',(-5.90477024908382,1.18284335253412,5.));
#11682=CARTESIAN_POINT('Ctrl Pts',(-5.89358066740665,1.17592929369792,0.));
#11683=CARTESIAN_POINT('Ctrl Pts',(-5.89358066740665,1.17592929369792,5.));
#11684=CARTESIAN_POINT('Ctrl Pts',(-5.88236698525272,1.16909902311952,0.));
#11685=CARTESIAN_POINT('Ctrl Pts',(-5.88236698525272,1.16909902311952,5.));
#11686=CARTESIAN_POINT('Ctrl Pts',(-5.87112940179879,1.1623527356873,0.));
#11687=CARTESIAN_POINT('Ctrl Pts',(-5.87112940179879,1.1623527356873,5.));
#11688=CARTESIAN_POINT('Ctrl Pts',(-5.85986819675512,1.15569034497195,0.));
#11689=CARTESIAN_POINT('Ctrl Pts',(-5.85986819675512,1.15569034497195,5.));
#11690=CARTESIAN_POINT('Ctrl Pts',(-5.84858359566359,1.14911198944323,0.));
#11691=CARTESIAN_POINT('Ctrl Pts',(-5.84858359566359,1.14911198944323,5.));
#11692=CARTESIAN_POINT('Ctrl Pts',(-5.83727563905459,1.14261852417562,0.));
#11693=CARTESIAN_POINT('Ctrl Pts',(-5.83727563905459,1.14261852417562,5.));
#11694=CARTESIAN_POINT('Ctrl Pts',(-5.82594406658934,1.1362119566512,0.));
#11695=CARTESIAN_POINT('Ctrl Pts',(-5.82594406658934,1.1362119566512,5.));
#11696=CARTESIAN_POINT('Ctrl Pts',(-5.81458815113645,1.12989606967944,0.));
#11697=CARTESIAN_POINT('Ctrl Pts',(-5.81458815113645,1.12989606967944,5.));
#11698=CARTESIAN_POINT('Ctrl Pts',(-5.80320693699794,1.12367553409366,0.));
#11699=CARTESIAN_POINT('Ctrl Pts',(-5.80320693699794,1.12367553409366,5.));
#11700=CARTESIAN_POINT('Ctrl Pts',(-5.79179954732443,1.117554763008,0.));
#11701=CARTESIAN_POINT('Ctrl Pts',(-5.79179954732443,1.117554763008,5.));
#11702=CARTESIAN_POINT('Ctrl Pts',(-5.78036548340088,1.1115367963035,0.));
#11703=CARTESIAN_POINT('Ctrl Pts',(-5.78036548340088,1.1115367963035,5.));
#11704=CARTESIAN_POINT('Ctrl Pts',(-5.76890489227278,1.10562230388206,0.));
#11705=CARTESIAN_POINT('Ctrl Pts',(-5.76890489227278,1.10562230388206,5.));
#11706=CARTESIAN_POINT('Ctrl Pts',(-5.75741894256626,1.09980818352342,0.));
#11707=CARTESIAN_POINT('Ctrl Pts',(-5.75741894256626,1.09980818352342,5.));
#11708=CARTESIAN_POINT('Ctrl Pts',(-5.74590924076557,1.09408975420322,0.));
#11709=CARTESIAN_POINT('Ctrl Pts',(-5.74590924076557,1.09408975420322,5.));
#11710=CARTESIAN_POINT('Ctrl Pts',(-5.73437710450943,1.08846348534017,0.));
#11711=CARTESIAN_POINT('Ctrl Pts',(-5.73437710450943,1.08846348534017,5.));
#11712=CARTESIAN_POINT('Ctrl Pts',(-5.72282285506128,1.08292965389821,0.));
#11713=CARTESIAN_POINT('Ctrl Pts',(-5.72282285506128,1.08292965389821,5.));
#11714=CARTESIAN_POINT('Ctrl Pts',(-5.71124517114716,1.07749477236206,0.));
#11715=CARTESIAN_POINT('Ctrl Pts',(-5.71124517114716,1.07749477236206,5.));
#11716=CARTESIAN_POINT('Ctrl Pts',(-5.69964022851143,1.0721748175686,0.));
#11717=CARTESIAN_POINT('Ctrl Pts',(-5.69964022851143,1.0721748175686,5.));
#11718=CARTESIAN_POINT('Ctrl Pts',(-5.6880030831731,1.06699007647152,0.));
#11719=CARTESIAN_POINT('Ctrl Pts',(-5.6880030831731,1.06699007647152,5.));
#11720=CARTESIAN_POINT('Ctrl Pts',(-5.67632932272437,1.06195899259871,0.));
#11721=CARTESIAN_POINT('Ctrl Pts',(-5.67632932272437,1.06195899259871,5.));
#11722=CARTESIAN_POINT('Ctrl Pts',(-5.66461667845023,1.05709215421021,0.));
#11723=CARTESIAN_POINT('Ctrl Pts',(-5.66461667845023,1.05709215421021,5.));
#11724=CARTESIAN_POINT('Ctrl Pts',(-5.65286653006167,1.05238669485785,0.));
#11725=CARTESIAN_POINT('Ctrl Pts',(-5.65286653006167,1.05238669485785,5.));
#11726=CARTESIAN_POINT('Ctrl Pts',(-5.64108579958947,1.04781921096411,0.));
#11727=CARTESIAN_POINT('Ctrl Pts',(-5.64108579958947,1.04781921096411,5.));
#11728=CARTESIAN_POINT('Ctrl Pts',(-5.62928342739771,1.04335930513689,0.));
#11729=CARTESIAN_POINT('Ctrl Pts',(-5.62928342739771,1.04335930513689,5.));
#11730=CARTESIAN_POINT('Ctrl Pts',(-5.6174663801428,1.0389849080137,0.));
#11731=CARTESIAN_POINT('Ctrl Pts',(-5.6174663801428,1.0389849080137,5.));
#11732=CARTESIAN_POINT('Ctrl Pts',(-5.60563576495326,1.03469720458533,0.));
#11733=CARTESIAN_POINT('Ctrl Pts',(-5.60563576495326,1.03469720458533,5.));
#11734=CARTESIAN_POINT('Ctrl Pts',(-5.59378303177112,1.0305352067731,0.));
#11735=CARTESIAN_POINT('Ctrl Pts',(-5.59378303177112,1.0305352067731,5.));
#11736=CARTESIAN_POINT('Ctrl Pts',(-5.58188574691602,1.0265920093086,0.));
#11737=CARTESIAN_POINT('Ctrl Pts',(-5.58188574691602,1.0265920093086,5.));
#11738=CARTESIAN_POINT('Ctrl Pts',(-5.56991411487249,1.02298893501342,0.));
#11739=CARTESIAN_POINT('Ctrl Pts',(-5.56991411487249,1.02298893501342,5.));
#11740=CARTESIAN_POINT('Ctrl Pts',(-5.56025323073798,1.02047593367316,0.));
#11741=CARTESIAN_POINT('Ctrl Pts',(-5.56025323073798,1.02047593367316,5.));
#11742=CARTESIAN_POINT('Ctrl Pts',(-5.55294992776407,1.01884173918604,0.));
#11743=CARTESIAN_POINT('Ctrl Pts',(-5.55294992776407,1.01884173918604,5.));
#11744=CARTESIAN_POINT('Ctrl Pts',(-5.54805408508242,1.01786907095309,0.));
#11745=CARTESIAN_POINT('Ctrl Pts',(-5.54805408508242,1.01786907095309,5.));
#11746=CARTESIAN_POINT('Ctrl Pts',(-5.54559942020005,1.01741193565759,0.));
#11747=CARTESIAN_POINT('Ctrl Pts',(-5.54559942020005,1.01741193565759,5.));
#11748=CARTESIAN_POINT('',(-6.32243397523469,1.50891637568093,0.));
#11749=CARTESIAN_POINT('Origin',(2.53406936719785E-12,-6.78983881326169E-13,
0.));
#11750=CARTESIAN_POINT('',(0.,0.,0.));
#11751=UNCERTAINTY_MEASURE_WITH_UNIT(LENGTH_MEASURE(0.01),#11757,
'DISTANCE_ACCURACY_VALUE',
'Maximum model space distance between geometric entities at asserted c
onnectivities');
#11752=UNCERTAINTY_MEASURE_WITH_UNIT(LENGTH_MEASURE(0.01),#11757,
'DISTANCE_ACCURACY_VALUE',
'Maximum model space distance between geometric entities at asserted c
onnectivities');
#11753=UNCERTAINTY_MEASURE_WITH_UNIT(LENGTH_MEASURE(0.01),#11757,
'DISTANCE_ACCURACY_VALUE',
'Maximum model space distance between geometric entities at asserted c
onnectivities');
#11754=(
GEOMETRIC_REPRESENTATION_CONTEXT(3)
GLOBAL_UNCERTAINTY_ASSIGNED_CONTEXT((#11751))
GLOBAL_UNIT_ASSIGNED_CONTEXT((#11757,#11759,#11760))
REPRESENTATION_CONTEXT('','3D')
);
#11755=(
GEOMETRIC_REPRESENTATION_CONTEXT(3)
GLOBAL_UNCERTAINTY_ASSIGNED_CONTEXT((#11752))
GLOBAL_UNIT_ASSIGNED_CONTEXT((#11757,#11759,#11760))
REPRESENTATION_CONTEXT('','3D')
);
#11756=(
GEOMETRIC_REPRESENTATION_CONTEXT(3)
GLOBAL_UNCERTAINTY_ASSIGNED_CONTEXT((#11753))
GLOBAL_UNIT_ASSIGNED_CONTEXT((#11757,#11759,#11760))
REPRESENTATION_CONTEXT('','3D')
);
#11757=(
LENGTH_UNIT()
NAMED_UNIT(*)
SI_UNIT(.MILLI.,.METRE.)
);
#11758=(
LENGTH_UNIT()
NAMED_UNIT(*)
SI_UNIT($,.METRE.)
);
#11759=(
NAMED_UNIT(*)
PLANE_ANGLE_UNIT()
SI_UNIT($,.RADIAN.)
);
#11760=(
NAMED_UNIT(*)
SI_UNIT($,.STERADIAN.)
SOLID_ANGLE_UNIT()
);
#11761=SHAPE_DEFINITION_REPRESENTATION(#11763,#11766);
#11762=SHAPE_DEFINITION_REPRESENTATION(#11764,#11767);
#11763=PRODUCT_DEFINITION_SHAPE('',$,#11769);
#11764=PRODUCT_DEFINITION_SHAPE('',$,#11770);
#11765=PRODUCT_DEFINITION_SHAPE($,$,#14);
#11766=SHAPE_REPRESENTATION('',(#2535,#2746),#11754);
#11767=SHAPE_REPRESENTATION('',(#2536),#11755);
#11768=PRODUCT_DEFINITION_CONTEXT('part definition',#11776,'design');
#11769=PRODUCT_DEFINITION('sg90_hand_right','sg90_hand_right v8',#11771,
#11768);
#11770=PRODUCT_DEFINITION('Spur Gear (24 teeth)','Spur Gear (24 teeth)',
#11772,#11768);
#11771=PRODUCT_DEFINITION_FORMATION('',$,#11778);
#11772=PRODUCT_DEFINITION_FORMATION('',$,#11779);
#11773=PRODUCT_RELATED_PRODUCT_CATEGORY('sg90_hand_right v8',
'sg90_hand_right v8',(#11778));
#11774=PRODUCT_RELATED_PRODUCT_CATEGORY('Spur Gear (24 teeth)',
'Spur Gear (24 teeth)',(#11779));
#11775=APPLICATION_PROTOCOL_DEFINITION('international standard',
'automotive_design',2009,#11776);
#11776=APPLICATION_CONTEXT(
'Core Data for Automotive Mechanical Design Process');
#11777=PRODUCT_CONTEXT('part definition',#11776,'mechanical');
#11778=PRODUCT('sg90_hand_right','sg90_hand_right v8',$,(#11777));
#11779=PRODUCT('Spur Gear (24 teeth)','Spur Gear (24 teeth)',
'Spur Gear; Module: 0.5; Num Teeth: 24; Pressure Angle: 20.0; Backlash
: 0.00 mm',(#11777));
#11780=PRESENTATION_STYLE_ASSIGNMENT((#11781));
#11781=SURFACE_STYLE_USAGE(.BOTH.,#11782);
#11782=SURFACE_SIDE_STYLE('',(#11783));
#11783=SURFACE_STYLE_FILL_AREA(#11784);
#11784=FILL_AREA_STYLE('\X2\92FC\X0\ - \X2\30B530C630F3\X0\',(#11785));
#11785=FILL_AREA_STYLE_COLOUR('\X2\92FC\X0\ - \X2\30B530C630F3\X0\',#11786);
#11786=COLOUR_RGB('\X2\92FC\X0\ - \X2\30B530C630F3\X0\',0.627450980392157,
0.627450980392157,0.627450980392157);
ENDSEC;
END-ISO-10303-21;
