ISO-10303-21;
HEADER;
/* Generated by software containing ST-Developer
 * from STEP Tools, Inc. (www.steptools.com) 
 */

FILE_DESCRIPTION(
/* description */ (''),
/* implementation_level */ '2;1');

FILE_NAME(
/* name */ 'sg90_0_base_plate.step',
/* time_stamp */ '2026-02-02T00:05:32+09:00',
/* author */ (''),
/* organization */ (''),
/* preprocessor_version */ 'ST-DEVELOPER v20.1',
/* originating_system */ 'Autodesk Translation Framework v14.24.0.0',
/* authorisation */ '');

FILE_SCHEMA (('AUTOMOTIVE_DESIGN { 1 0 10303 214 3 1 1 }'));
ENDSEC;

DATA;
#10=MECHANICAL_DESIGN_GEOMETRIC_PRESENTATION_REPRESENTATION('',(#13),#6266);
#11=SHAPE_REPRESENTATION_RELATIONSHIP('SRR','None',#6273,#12);
#12=ADVANCED_BREP_SHAPE_REPRESENTATION('',(#14),#6265);
#13=STYLED_ITEM('',(#6282),#14);
#14=MANIFOLD_SOLID_BREP('\X2\30DC30C730A3\X0\10',#3686);
#15=ELLIPSE('',#3725,0.407836463283326,0.4);
#16=ELLIPSE('',#3726,0.407836463283327,0.4);
#17=ELLIPSE('',#3728,0.40783646328333,0.4);
#18=ELLIPSE('',#3730,0.40783646328333,0.4);
#19=ELLIPSE('',#3732,0.407836463283325,0.4);
#20=ELLIPSE('',#3734,0.407836463283327,0.4);
#21=ELLIPSE('',#3736,0.407836463283327,0.4);
#22=ELLIPSE('',#3737,0.407836463283326,0.4);
#23=ELLIPSE('',#3739,0.407836463283326,0.4);
#24=ELLIPSE('',#3741,0.407836463283326,0.4);
#25=ELLIPSE('',#3744,0.407836463283329,0.4);
#26=ELLIPSE('',#3746,0.407836463283328,0.4);
#27=ELLIPSE('',#3748,0.407836463283328,0.4);
#28=ELLIPSE('',#3750,0.407836463283328,0.4);
#29=ELLIPSE('',#3752,0.407836463283329,0.4);
#30=ELLIPSE('',#3754,0.407836463283327,0.4);
#31=ELLIPSE('',#3770,0.407836463283327,0.4);
#32=ELLIPSE('',#3771,0.407836463283329,0.4);
#33=ELLIPSE('',#3773,0.407836463283326,0.4);
#34=ELLIPSE('',#3774,0.407836463283326,0.4);
#35=ELLIPSE('',#3776,0.407836463283329,0.4);
#36=ELLIPSE('',#3778,0.407836463283326,0.4);
#37=ELLIPSE('',#3780,0.407836463283329,0.4);
#38=ELLIPSE('',#3782,0.407836463283326,0.4);
#39=ELLIPSE('',#3784,0.407836463283329,0.4);
#40=ELLIPSE('',#3786,0.407836463283326,0.4);
#41=ELLIPSE('',#3788,0.407836463283329,0.4);
#42=ELLIPSE('',#3790,0.407836463283324,0.4);
#43=ELLIPSE('',#3792,0.407836463283329,0.4);
#44=ELLIPSE('',#3794,0.407836463283326,0.4);
#45=ELLIPSE('',#3796,0.407836463283329,0.4);
#46=ELLIPSE('',#3798,0.407836463283324,0.4);
#47=ELLIPSE('',#3810,0.407836463283329,0.4);
#48=ELLIPSE('',#3811,0.407836463283327,0.4);
#49=ELLIPSE('',#3813,0.407836463283329,0.4);
#50=ELLIPSE('',#3815,0.407836463283325,0.4);
#51=ELLIPSE('',#3817,0.407836463283329,0.4);
#52=ELLIPSE('',#3819,0.407836463283326,0.4);
#53=ELLIPSE('',#3821,0.407836463283327,0.4);
#54=ELLIPSE('',#3823,0.407836463283328,0.4);
#55=ELLIPSE('',#3825,0.407836463283328,0.4);
#56=ELLIPSE('',#3827,0.407836463283329,0.4);
#57=ELLIPSE('',#3829,0.407836463283328,0.4);
#58=ELLIPSE('',#3831,0.407836463283326,0.4);
#59=ELLIPSE('',#3833,0.407836463283328,0.4);
#60=ELLIPSE('',#3835,0.407836463283327,0.4);
#61=ELLIPSE('',#3837,0.407836463283326,0.4);
#62=ELLIPSE('',#3839,0.407836463283328,0.4);
#63=ELLIPSE('',#3850,0.407836463283327,0.4);
#64=ELLIPSE('',#3851,0.407836463283328,0.4);
#65=ELLIPSE('',#3853,0.407836463283328,0.4);
#66=ELLIPSE('',#3855,0.407836463283327,0.4);
#67=ELLIPSE('',#3856,0.407836463283328,0.4);
#68=ELLIPSE('',#3858,0.407836463283328,0.4);
#69=ELLIPSE('',#3860,0.407836463283327,0.4);
#70=ELLIPSE('',#3862,0.407836463283327,0.4);
#71=ELLIPSE('',#3864,0.407836463283328,0.4);
#72=ELLIPSE('',#3866,0.407836463283329,0.4);
#73=ELLIPSE('',#3868,0.407836463283327,0.4);
#74=ELLIPSE('',#3870,0.407836463283326,0.4);
#75=ELLIPSE('',#3872,0.407836463283329,0.4);
#76=ELLIPSE('',#3875,0.407836463283328,0.4);
#77=ELLIPSE('',#3877,0.407836463283327,0.4);
#78=ELLIPSE('',#3879,0.407836463283328,0.4);
#79=ELLIPSE('',#3890,0.407836463283328,0.4);
#80=ELLIPSE('',#3891,0.407836463283327,0.4);
#81=ELLIPSE('',#3893,0.407836463283328,0.4);
#82=ELLIPSE('',#3895,0.407836463283327,0.4);
#83=ELLIPSE('',#3897,0.407836463283327,0.4);
#84=ELLIPSE('',#3899,0.407836463283327,0.4);
#85=ELLIPSE('',#3901,0.407836463283327,0.4);
#86=ELLIPSE('',#3903,0.407836463283328,0.4);
#87=ELLIPSE('',#3905,0.407836463283327,0.4);
#88=ELLIPSE('',#3907,0.407836463283327,0.4);
#89=ELLIPSE('',#3909,0.407836463283327,0.4);
#90=ELLIPSE('',#3911,0.407836463283327,0.4);
#91=ELLIPSE('',#3913,0.407836463283327,0.4);
#92=ELLIPSE('',#3915,0.407836463283328,0.4);
#93=ELLIPSE('',#3917,0.407836463283327,0.4);
#94=ELLIPSE('',#3919,0.407836463283327,0.4);
#95=ELLIPSE('',#3923,0.407836463283328,0.4);
#96=ELLIPSE('',#3924,0.407836463283328,0.4);
#97=ELLIPSE('',#3926,0.407836463283329,0.4);
#98=ELLIPSE('',#3928,0.407836463283326,0.4);
#99=ELLIPSE('',#3930,0.407836463283324,0.4);
#100=ELLIPSE('',#3932,0.407836463283329,0.4);
#101=ELLIPSE('',#3934,0.407836463283331,0.4);
#102=ELLIPSE('',#3936,0.407836463283325,0.4);
#103=ELLIPSE('',#3938,0.407836463283329,0.4);
#104=ELLIPSE('',#3940,0.407836463283329,0.4);
#105=ELLIPSE('',#3942,0.407836463283329,0.4);
#106=ELLIPSE('',#3944,0.407836463283326,0.4);
#107=ELLIPSE('',#3946,0.407836463283324,0.4);
#108=ELLIPSE('',#3948,0.407836463283329,0.4);
#109=ELLIPSE('',#3950,0.407836463283328,0.4);
#110=ELLIPSE('',#3952,0.407836463283329,0.4);
#111=ELLIPSE('',#3956,0.407836463283329,0.4);
#112=ELLIPSE('',#3957,0.407836463283324,0.4);
#113=ELLIPSE('',#3959,0.407836463283326,0.4);
#114=ELLIPSE('',#3961,0.407836463283326,0.4);
#115=ELLIPSE('',#3963,0.407836463283326,0.4);
#116=ELLIPSE('',#3965,0.407836463283327,0.4);
#117=ELLIPSE('',#3967,0.407836463283329,0.4);
#118=ELLIPSE('',#3969,0.407836463283329,0.4);
#119=ELLIPSE('',#3971,0.407836463283324,0.4);
#120=ELLIPSE('',#3973,0.407836463283329,0.4);
#121=ELLIPSE('',#3975,0.407836463283326,0.4);
#122=ELLIPSE('',#3977,0.407836463283326,0.4);
#123=ELLIPSE('',#3979,0.407836463283326,0.4);
#124=ELLIPSE('',#3981,0.407836463283327,0.4);
#125=ELLIPSE('',#3983,0.407836463283329,0.4);
#126=ELLIPSE('',#3985,0.407836463283329,0.4);
#127=ELLIPSE('',#3991,0.407836463283327,0.4);
#128=ELLIPSE('',#3992,0.407836463283326,0.4);
#129=ELLIPSE('',#3994,0.407836463283327,0.4);
#130=ELLIPSE('',#3996,0.407836463283329,0.4);
#131=ELLIPSE('',#3998,0.407836463283325,0.4);
#132=ELLIPSE('',#4000,0.407836463283328,0.4);
#133=ELLIPSE('',#4002,0.407836463283326,0.4);
#134=ELLIPSE('',#4004,0.407836463283329,0.4);
#135=ELLIPSE('',#4006,0.407836463283326,0.4);
#136=ELLIPSE('',#4008,0.407836463283328,0.4);
#137=ELLIPSE('',#4010,0.407836463283327,0.4);
#138=ELLIPSE('',#4012,0.407836463283329,0.4);
#139=ELLIPSE('',#4014,0.407836463283325,0.4);
#140=ELLIPSE('',#4016,0.407836463283328,0.4);
#141=ELLIPSE('',#4018,0.407836463283326,0.4);
#142=ELLIPSE('',#4020,0.407836463283329,0.4);
#143=FACE_BOUND('',#485,.T.);
#144=FACE_BOUND('',#486,.T.);
#145=FACE_BOUND('',#487,.T.);
#146=FACE_BOUND('',#488,.T.);
#147=FACE_BOUND('',#489,.T.);
#148=FACE_BOUND('',#522,.T.);
#149=FACE_BOUND('',#523,.T.);
#150=FACE_BOUND('',#524,.T.);
#151=FACE_BOUND('',#525,.T.);
#152=FACE_BOUND('',#526,.T.);
#153=FACE_BOUND('',#527,.T.);
#154=FACE_BOUND('',#528,.T.);
#155=FACE_BOUND('',#529,.T.);
#156=FACE_BOUND('',#530,.T.);
#157=PLANE('',#3706);
#158=PLANE('',#3756);
#159=PLANE('',#3757);
#160=PLANE('',#3758);
#161=PLANE('',#3759);
#162=PLANE('',#3760);
#163=PLANE('',#3761);
#164=PLANE('',#3762);
#165=PLANE('',#3763);
#166=PLANE('',#3764);
#167=PLANE('',#3801);
#168=PLANE('',#3802);
#169=PLANE('',#3803);
#170=PLANE('',#3804);
#171=PLANE('',#3805);
#172=PLANE('',#3806);
#173=PLANE('',#3807);
#174=PLANE('',#3808);
#175=PLANE('',#3841);
#176=PLANE('',#3842);
#177=PLANE('',#3843);
#178=PLANE('',#3844);
#179=PLANE('',#3845);
#180=PLANE('',#3846);
#181=PLANE('',#3847);
#182=PLANE('',#3848);
#183=PLANE('',#3881);
#184=PLANE('',#3882);
#185=PLANE('',#3883);
#186=PLANE('',#3884);
#187=PLANE('',#3885);
#188=PLANE('',#3886);
#189=PLANE('',#3887);
#190=PLANE('',#3888);
#191=PLANE('',#3921);
#192=PLANE('',#3954);
#193=PLANE('',#3987);
#194=PLANE('',#3988);
#195=PLANE('',#3989);
#196=PLANE('',#4022);
#197=PLANE('',#4023);
#198=PLANE('',#4024);
#199=PLANE('',#4025);
#200=PLANE('',#4026);
#201=PLANE('',#4027);
#202=PLANE('',#4028);
#203=PLANE('',#4029);
#204=PLANE('',#4030);
#205=PLANE('',#4031);
#206=PLANE('',#4032);
#207=PLANE('',#4033);
#208=PLANE('',#4034);
#209=PLANE('',#4035);
#210=PLANE('',#4036);
#211=PLANE('',#4037);
#212=PLANE('',#4038);
#213=PLANE('',#4039);
#214=PLANE('',#4040);
#215=PLANE('',#4041);
#216=PLANE('',#4042);
#217=PLANE('',#4043);
#218=PLANE('',#4044);
#219=PLANE('',#4045);
#220=PLANE('',#4046);
#221=PLANE('',#4047);
#222=PLANE('',#4048);
#223=PLANE('',#4049);
#224=PLANE('',#4050);
#225=PLANE('',#4051);
#226=PLANE('',#4052);
#227=PLANE('',#4069);
#228=PLANE('',#4070);
#229=PLANE('',#4071);
#230=PLANE('',#4072);
#231=PLANE('',#4073);
#232=PLANE('',#4074);
#233=PLANE('',#4075);
#234=PLANE('',#4076);
#235=PLANE('',#4077);
#236=PLANE('',#4078);
#237=PLANE('',#4079);
#238=PLANE('',#4080);
#239=PLANE('',#4081);
#240=PLANE('',#4082);
#241=PLANE('',#4083);
#242=PLANE('',#4084);
#243=CONICAL_SURFACE('',#3703,2.75,0.785398163397449);
#244=CONICAL_SURFACE('',#3712,2.75,0.785398163397449);
#245=CONICAL_SURFACE('',#3716,2.75,0.785398163397449);
#246=CONICAL_SURFACE('',#3720,2.75,0.785398163397449);
#247=CONICAL_SURFACE('',#4053,2.75,0.785398163397437);
#248=CONICAL_SURFACE('',#4057,2.75,0.785398163397448);
#249=CONICAL_SURFACE('',#4061,2.75,0.785398163397448);
#250=CONICAL_SURFACE('',#4065,2.75,0.785398163397437);
#251=FACE_OUTER_BOUND('',#482,.T.);
#252=FACE_OUTER_BOUND('',#483,.T.);
#253=FACE_OUTER_BOUND('',#484,.T.);
#254=FACE_OUTER_BOUND('',#490,.T.);
#255=FACE_OUTER_BOUND('',#491,.T.);
#256=FACE_OUTER_BOUND('',#492,.T.);
#257=FACE_OUTER_BOUND('',#493,.T.);
#258=FACE_OUTER_BOUND('',#494,.T.);
#259=FACE_OUTER_BOUND('',#495,.T.);
#260=FACE_OUTER_BOUND('',#496,.T.);
#261=FACE_OUTER_BOUND('',#497,.T.);
#262=FACE_OUTER_BOUND('',#498,.T.);
#263=FACE_OUTER_BOUND('',#499,.T.);
#264=FACE_OUTER_BOUND('',#500,.T.);
#265=FACE_OUTER_BOUND('',#501,.T.);
#266=FACE_OUTER_BOUND('',#502,.T.);
#267=FACE_OUTER_BOUND('',#503,.T.);
#268=FACE_OUTER_BOUND('',#504,.T.);
#269=FACE_OUTER_BOUND('',#505,.T.);
#270=FACE_OUTER_BOUND('',#506,.T.);
#271=FACE_OUTER_BOUND('',#507,.T.);
#272=FACE_OUTER_BOUND('',#508,.T.);
#273=FACE_OUTER_BOUND('',#509,.T.);
#274=FACE_OUTER_BOUND('',#510,.T.);
#275=FACE_OUTER_BOUND('',#511,.T.);
#276=FACE_OUTER_BOUND('',#512,.T.);
#277=FACE_OUTER_BOUND('',#513,.T.);
#278=FACE_OUTER_BOUND('',#514,.T.);
#279=FACE_OUTER_BOUND('',#515,.T.);
#280=FACE_OUTER_BOUND('',#516,.T.);
#281=FACE_OUTER_BOUND('',#517,.T.);
#282=FACE_OUTER_BOUND('',#518,.T.);
#283=FACE_OUTER_BOUND('',#519,.T.);
#284=FACE_OUTER_BOUND('',#520,.T.);
#285=FACE_OUTER_BOUND('',#521,.T.);
#286=FACE_OUTER_BOUND('',#531,.T.);
#287=FACE_OUTER_BOUND('',#532,.T.);
#288=FACE_OUTER_BOUND('',#533,.T.);
#289=FACE_OUTER_BOUND('',#534,.T.);
#290=FACE_OUTER_BOUND('',#535,.T.);
#291=FACE_OUTER_BOUND('',#536,.T.);
#292=FACE_OUTER_BOUND('',#537,.T.);
#293=FACE_OUTER_BOUND('',#538,.T.);
#294=FACE_OUTER_BOUND('',#539,.T.);
#295=FACE_OUTER_BOUND('',#540,.T.);
#296=FACE_OUTER_BOUND('',#541,.T.);
#297=FACE_OUTER_BOUND('',#542,.T.);
#298=FACE_OUTER_BOUND('',#543,.T.);
#299=FACE_OUTER_BOUND('',#544,.T.);
#300=FACE_OUTER_BOUND('',#545,.T.);
#301=FACE_OUTER_BOUND('',#546,.T.);
#302=FACE_OUTER_BOUND('',#547,.T.);
#303=FACE_OUTER_BOUND('',#548,.T.);
#304=FACE_OUTER_BOUND('',#549,.T.);
#305=FACE_OUTER_BOUND('',#550,.T.);
#306=FACE_OUTER_BOUND('',#551,.T.);
#307=FACE_OUTER_BOUND('',#552,.T.);
#308=FACE_OUTER_BOUND('',#553,.T.);
#309=FACE_OUTER_BOUND('',#554,.T.);
#310=FACE_OUTER_BOUND('',#555,.T.);
#311=FACE_OUTER_BOUND('',#556,.T.);
#312=FACE_OUTER_BOUND('',#557,.T.);
#313=FACE_OUTER_BOUND('',#558,.T.);
#314=FACE_OUTER_BOUND('',#559,.T.);
#315=FACE_OUTER_BOUND('',#560,.T.);
#316=FACE_OUTER_BOUND('',#561,.T.);
#317=FACE_OUTER_BOUND('',#562,.T.);
#318=FACE_OUTER_BOUND('',#563,.T.);
#319=FACE_OUTER_BOUND('',#564,.T.);
#320=FACE_OUTER_BOUND('',#565,.T.);
#321=FACE_OUTER_BOUND('',#566,.T.);
#322=FACE_OUTER_BOUND('',#567,.T.);
#323=FACE_OUTER_BOUND('',#568,.T.);
#324=FACE_OUTER_BOUND('',#569,.T.);
#325=FACE_OUTER_BOUND('',#570,.T.);
#326=FACE_OUTER_BOUND('',#571,.T.);
#327=FACE_OUTER_BOUND('',#572,.T.);
#328=FACE_OUTER_BOUND('',#573,.T.);
#329=FACE_OUTER_BOUND('',#574,.T.);
#330=FACE_OUTER_BOUND('',#575,.T.);
#331=FACE_OUTER_BOUND('',#576,.T.);
#332=FACE_OUTER_BOUND('',#577,.T.);
#333=FACE_OUTER_BOUND('',#578,.T.);
#334=FACE_OUTER_BOUND('',#579,.T.);
#335=FACE_OUTER_BOUND('',#580,.T.);
#336=FACE_OUTER_BOUND('',#581,.T.);
#337=FACE_OUTER_BOUND('',#582,.T.);
#338=FACE_OUTER_BOUND('',#583,.T.);
#339=FACE_OUTER_BOUND('',#584,.T.);
#340=FACE_OUTER_BOUND('',#585,.T.);
#341=FACE_OUTER_BOUND('',#586,.T.);
#342=FACE_OUTER_BOUND('',#587,.T.);
#343=FACE_OUTER_BOUND('',#588,.T.);
#344=FACE_OUTER_BOUND('',#589,.T.);
#345=FACE_OUTER_BOUND('',#590,.T.);
#346=FACE_OUTER_BOUND('',#591,.T.);
#347=FACE_OUTER_BOUND('',#592,.T.);
#348=FACE_OUTER_BOUND('',#593,.T.);
#349=FACE_OUTER_BOUND('',#594,.T.);
#350=FACE_OUTER_BOUND('',#595,.T.);
#351=FACE_OUTER_BOUND('',#596,.T.);
#352=FACE_OUTER_BOUND('',#597,.T.);
#353=FACE_OUTER_BOUND('',#598,.T.);
#354=FACE_OUTER_BOUND('',#599,.T.);
#355=FACE_OUTER_BOUND('',#600,.T.);
#356=FACE_OUTER_BOUND('',#601,.T.);
#357=FACE_OUTER_BOUND('',#602,.T.);
#358=FACE_OUTER_BOUND('',#603,.T.);
#359=FACE_OUTER_BOUND('',#604,.T.);
#360=FACE_OUTER_BOUND('',#605,.T.);
#361=FACE_OUTER_BOUND('',#606,.T.);
#362=FACE_OUTER_BOUND('',#607,.T.);
#363=FACE_OUTER_BOUND('',#608,.T.);
#364=FACE_OUTER_BOUND('',#609,.T.);
#365=FACE_OUTER_BOUND('',#610,.T.);
#366=FACE_OUTER_BOUND('',#611,.T.);
#367=FACE_OUTER_BOUND('',#612,.T.);
#368=FACE_OUTER_BOUND('',#613,.T.);
#369=FACE_OUTER_BOUND('',#614,.T.);
#370=FACE_OUTER_BOUND('',#615,.T.);
#371=FACE_OUTER_BOUND('',#616,.T.);
#372=FACE_OUTER_BOUND('',#617,.T.);
#373=FACE_OUTER_BOUND('',#618,.T.);
#374=FACE_OUTER_BOUND('',#619,.T.);
#375=FACE_OUTER_BOUND('',#620,.T.);
#376=FACE_OUTER_BOUND('',#621,.T.);
#377=FACE_OUTER_BOUND('',#622,.T.);
#378=FACE_OUTER_BOUND('',#623,.T.);
#379=FACE_OUTER_BOUND('',#624,.T.);
#380=FACE_OUTER_BOUND('',#625,.T.);
#381=FACE_OUTER_BOUND('',#626,.T.);
#382=FACE_OUTER_BOUND('',#627,.T.);
#383=FACE_OUTER_BOUND('',#628,.T.);
#384=FACE_OUTER_BOUND('',#629,.T.);
#385=FACE_OUTER_BOUND('',#630,.T.);
#386=FACE_OUTER_BOUND('',#631,.T.);
#387=FACE_OUTER_BOUND('',#632,.T.);
#388=FACE_OUTER_BOUND('',#633,.T.);
#389=FACE_OUTER_BOUND('',#634,.T.);
#390=FACE_OUTER_BOUND('',#635,.T.);
#391=FACE_OUTER_BOUND('',#636,.T.);
#392=FACE_OUTER_BOUND('',#637,.T.);
#393=FACE_OUTER_BOUND('',#638,.T.);
#394=FACE_OUTER_BOUND('',#639,.T.);
#395=FACE_OUTER_BOUND('',#640,.T.);
#396=FACE_OUTER_BOUND('',#641,.T.);
#397=FACE_OUTER_BOUND('',#642,.T.);
#398=FACE_OUTER_BOUND('',#643,.T.);
#399=FACE_OUTER_BOUND('',#644,.T.);
#400=FACE_OUTER_BOUND('',#645,.T.);
#401=FACE_OUTER_BOUND('',#646,.T.);
#402=FACE_OUTER_BOUND('',#647,.T.);
#403=FACE_OUTER_BOUND('',#648,.T.);
#404=FACE_OUTER_BOUND('',#649,.T.);
#405=FACE_OUTER_BOUND('',#650,.T.);
#406=FACE_OUTER_BOUND('',#651,.T.);
#407=FACE_OUTER_BOUND('',#652,.T.);
#408=FACE_OUTER_BOUND('',#653,.T.);
#409=FACE_OUTER_BOUND('',#654,.T.);
#410=FACE_OUTER_BOUND('',#655,.T.);
#411=FACE_OUTER_BOUND('',#656,.T.);
#412=FACE_OUTER_BOUND('',#657,.T.);
#413=FACE_OUTER_BOUND('',#658,.T.);
#414=FACE_OUTER_BOUND('',#659,.T.);
#415=FACE_OUTER_BOUND('',#660,.T.);
#416=FACE_OUTER_BOUND('',#661,.T.);
#417=FACE_OUTER_BOUND('',#662,.T.);
#418=FACE_OUTER_BOUND('',#663,.T.);
#419=FACE_OUTER_BOUND('',#664,.T.);
#420=FACE_OUTER_BOUND('',#665,.T.);
#421=FACE_OUTER_BOUND('',#666,.T.);
#422=FACE_OUTER_BOUND('',#667,.T.);
#423=FACE_OUTER_BOUND('',#668,.T.);
#424=FACE_OUTER_BOUND('',#669,.T.);
#425=FACE_OUTER_BOUND('',#670,.T.);
#426=FACE_OUTER_BOUND('',#671,.T.);
#427=FACE_OUTER_BOUND('',#672,.T.);
#428=FACE_OUTER_BOUND('',#673,.T.);
#429=FACE_OUTER_BOUND('',#674,.T.);
#430=FACE_OUTER_BOUND('',#675,.T.);
#431=FACE_OUTER_BOUND('',#676,.T.);
#432=FACE_OUTER_BOUND('',#677,.T.);
#433=FACE_OUTER_BOUND('',#678,.T.);
#434=FACE_OUTER_BOUND('',#679,.T.);
#435=FACE_OUTER_BOUND('',#680,.T.);
#436=FACE_OUTER_BOUND('',#681,.T.);
#437=FACE_OUTER_BOUND('',#682,.T.);
#438=FACE_OUTER_BOUND('',#683,.T.);
#439=FACE_OUTER_BOUND('',#684,.T.);
#440=FACE_OUTER_BOUND('',#685,.T.);
#441=FACE_OUTER_BOUND('',#686,.T.);
#442=FACE_OUTER_BOUND('',#687,.T.);
#443=FACE_OUTER_BOUND('',#688,.T.);
#444=FACE_OUTER_BOUND('',#689,.T.);
#445=FACE_OUTER_BOUND('',#690,.T.);
#446=FACE_OUTER_BOUND('',#691,.T.);
#447=FACE_OUTER_BOUND('',#692,.T.);
#448=FACE_OUTER_BOUND('',#693,.T.);
#449=FACE_OUTER_BOUND('',#694,.T.);
#450=FACE_OUTER_BOUND('',#695,.T.);
#451=FACE_OUTER_BOUND('',#696,.T.);
#452=FACE_OUTER_BOUND('',#697,.T.);
#453=FACE_OUTER_BOUND('',#698,.T.);
#454=FACE_OUTER_BOUND('',#699,.T.);
#455=FACE_OUTER_BOUND('',#700,.T.);
#456=FACE_OUTER_BOUND('',#701,.T.);
#457=FACE_OUTER_BOUND('',#702,.T.);
#458=FACE_OUTER_BOUND('',#703,.T.);
#459=FACE_OUTER_BOUND('',#704,.T.);
#460=FACE_OUTER_BOUND('',#705,.T.);
#461=FACE_OUTER_BOUND('',#706,.T.);
#462=FACE_OUTER_BOUND('',#707,.T.);
#463=FACE_OUTER_BOUND('',#708,.T.);
#464=FACE_OUTER_BOUND('',#709,.T.);
#465=FACE_OUTER_BOUND('',#710,.T.);
#466=FACE_OUTER_BOUND('',#711,.T.);
#467=FACE_OUTER_BOUND('',#712,.T.);
#468=FACE_OUTER_BOUND('',#713,.T.);
#469=FACE_OUTER_BOUND('',#714,.T.);
#470=FACE_OUTER_BOUND('',#715,.T.);
#471=FACE_OUTER_BOUND('',#716,.T.);
#472=FACE_OUTER_BOUND('',#717,.T.);
#473=FACE_OUTER_BOUND('',#718,.T.);
#474=FACE_OUTER_BOUND('',#719,.T.);
#475=FACE_OUTER_BOUND('',#720,.T.);
#476=FACE_OUTER_BOUND('',#721,.T.);
#477=FACE_OUTER_BOUND('',#722,.T.);
#478=FACE_OUTER_BOUND('',#723,.T.);
#479=FACE_OUTER_BOUND('',#724,.T.);
#480=FACE_OUTER_BOUND('',#725,.T.);
#481=FACE_OUTER_BOUND('',#726,.T.);
#482=EDGE_LOOP('',(#2288,#2289,#2290,#2291));
#483=EDGE_LOOP('',(#2292,#2293,#2294,#2295));
#484=EDGE_LOOP('',(#2296,#2297,#2298,#2299,#2300,#2301,#2302,#2303));
#485=EDGE_LOOP('',(#2304));
#486=EDGE_LOOP('',(#2305));
#487=EDGE_LOOP('',(#2306));
#488=EDGE_LOOP('',(#2307));
#489=EDGE_LOOP('',(#2308));
#490=EDGE_LOOP('',(#2309,#2310,#2311,#2312));
#491=EDGE_LOOP('',(#2313,#2314,#2315,#2316));
#492=EDGE_LOOP('',(#2317,#2318,#2319,#2320));
#493=EDGE_LOOP('',(#2321,#2322,#2323,#2324));
#494=EDGE_LOOP('',(#2325,#2326,#2327,#2328));
#495=EDGE_LOOP('',(#2329,#2330,#2331,#2332));
#496=EDGE_LOOP('',(#2333,#2334,#2335,#2336));
#497=EDGE_LOOP('',(#2337,#2338,#2339,#2340));
#498=EDGE_LOOP('',(#2341,#2342,#2343,#2344));
#499=EDGE_LOOP('',(#2345,#2346,#2347,#2348));
#500=EDGE_LOOP('',(#2349,#2350,#2351,#2352));
#501=EDGE_LOOP('',(#2353,#2354,#2355,#2356));
#502=EDGE_LOOP('',(#2357,#2358,#2359,#2360));
#503=EDGE_LOOP('',(#2361,#2362,#2363,#2364));
#504=EDGE_LOOP('',(#2365,#2366,#2367,#2368));
#505=EDGE_LOOP('',(#2369,#2370,#2371,#2372));
#506=EDGE_LOOP('',(#2373,#2374,#2375,#2376));
#507=EDGE_LOOP('',(#2377,#2378,#2379,#2380));
#508=EDGE_LOOP('',(#2381,#2382,#2383,#2384));
#509=EDGE_LOOP('',(#2385,#2386,#2387,#2388));
#510=EDGE_LOOP('',(#2389,#2390,#2391,#2392));
#511=EDGE_LOOP('',(#2393,#2394,#2395,#2396));
#512=EDGE_LOOP('',(#2397,#2398,#2399,#2400));
#513=EDGE_LOOP('',(#2401,#2402,#2403,#2404));
#514=EDGE_LOOP('',(#2405,#2406,#2407,#2408));
#515=EDGE_LOOP('',(#2409,#2410,#2411,#2412));
#516=EDGE_LOOP('',(#2413,#2414,#2415,#2416));
#517=EDGE_LOOP('',(#2417,#2418,#2419,#2420));
#518=EDGE_LOOP('',(#2421,#2422,#2423,#2424));
#519=EDGE_LOOP('',(#2425,#2426,#2427,#2428));
#520=EDGE_LOOP('',(#2429,#2430,#2431,#2432));
#521=EDGE_LOOP('',(#2433,#2434,#2435,#2436,#2437,#2438,#2439,#2440));
#522=EDGE_LOOP('',(#2441));
#523=EDGE_LOOP('',(#2442,#2443,#2444,#2445,#2446,#2447,#2448,#2449,#2450,
#2451,#2452,#2453,#2454,#2455,#2456,#2457));
#524=EDGE_LOOP('',(#2458,#2459,#2460,#2461,#2462,#2463,#2464,#2465,#2466,
#2467,#2468,#2469,#2470,#2471,#2472,#2473));
#525=EDGE_LOOP('',(#2474));
#526=EDGE_LOOP('',(#2475));
#527=EDGE_LOOP('',(#2476));
#528=EDGE_LOOP('',(#2477));
#529=EDGE_LOOP('',(#2478,#2479,#2480,#2481,#2482,#2483,#2484,#2485,#2486,
#2487,#2488,#2489,#2490,#2491,#2492,#2493));
#530=EDGE_LOOP('',(#2494,#2495,#2496,#2497,#2498,#2499,#2500,#2501,#2502,
#2503,#2504,#2505,#2506,#2507,#2508,#2509));
#531=EDGE_LOOP('',(#2510,#2511,#2512,#2513));
#532=EDGE_LOOP('',(#2514,#2515,#2516,#2517));
#533=EDGE_LOOP('',(#2518,#2519,#2520,#2521));
#534=EDGE_LOOP('',(#2522,#2523,#2524,#2525));
#535=EDGE_LOOP('',(#2526,#2527,#2528,#2529));
#536=EDGE_LOOP('',(#2530,#2531,#2532,#2533));
#537=EDGE_LOOP('',(#2534,#2535,#2536,#2537));
#538=EDGE_LOOP('',(#2538,#2539,#2540,#2541));
#539=EDGE_LOOP('',(#2542,#2543,#2544,#2545));
#540=EDGE_LOOP('',(#2546,#2547,#2548,#2549));
#541=EDGE_LOOP('',(#2550,#2551,#2552,#2553));
#542=EDGE_LOOP('',(#2554,#2555,#2556,#2557));
#543=EDGE_LOOP('',(#2558,#2559,#2560,#2561));
#544=EDGE_LOOP('',(#2562,#2563,#2564,#2565));
#545=EDGE_LOOP('',(#2566,#2567,#2568,#2569));
#546=EDGE_LOOP('',(#2570,#2571,#2572,#2573));
#547=EDGE_LOOP('',(#2574,#2575,#2576,#2577));
#548=EDGE_LOOP('',(#2578,#2579,#2580,#2581));
#549=EDGE_LOOP('',(#2582,#2583,#2584,#2585));
#550=EDGE_LOOP('',(#2586,#2587,#2588,#2589));
#551=EDGE_LOOP('',(#2590,#2591,#2592,#2593));
#552=EDGE_LOOP('',(#2594,#2595,#2596,#2597));
#553=EDGE_LOOP('',(#2598,#2599,#2600,#2601));
#554=EDGE_LOOP('',(#2602,#2603,#2604,#2605));
#555=EDGE_LOOP('',(#2606,#2607,#2608,#2609));
#556=EDGE_LOOP('',(#2610,#2611,#2612,#2613));
#557=EDGE_LOOP('',(#2614,#2615,#2616,#2617));
#558=EDGE_LOOP('',(#2618,#2619,#2620,#2621));
#559=EDGE_LOOP('',(#2622,#2623,#2624,#2625));
#560=EDGE_LOOP('',(#2626,#2627,#2628,#2629));
#561=EDGE_LOOP('',(#2630,#2631,#2632,#2633));
#562=EDGE_LOOP('',(#2634,#2635,#2636,#2637));
#563=EDGE_LOOP('',(#2638,#2639,#2640,#2641));
#564=EDGE_LOOP('',(#2642,#2643,#2644,#2645));
#565=EDGE_LOOP('',(#2646,#2647,#2648,#2649));
#566=EDGE_LOOP('',(#2650,#2651,#2652,#2653));
#567=EDGE_LOOP('',(#2654,#2655,#2656,#2657));
#568=EDGE_LOOP('',(#2658,#2659,#2660,#2661));
#569=EDGE_LOOP('',(#2662,#2663,#2664,#2665));
#570=EDGE_LOOP('',(#2666,#2667,#2668,#2669));
#571=EDGE_LOOP('',(#2670,#2671,#2672,#2673));
#572=EDGE_LOOP('',(#2674,#2675,#2676,#2677));
#573=EDGE_LOOP('',(#2678,#2679,#2680,#2681));
#574=EDGE_LOOP('',(#2682,#2683,#2684,#2685));
#575=EDGE_LOOP('',(#2686,#2687,#2688,#2689));
#576=EDGE_LOOP('',(#2690,#2691,#2692,#2693));
#577=EDGE_LOOP('',(#2694,#2695,#2696,#2697));
#578=EDGE_LOOP('',(#2698,#2699,#2700,#2701));
#579=EDGE_LOOP('',(#2702,#2703,#2704,#2705));
#580=EDGE_LOOP('',(#2706,#2707,#2708,#2709));
#581=EDGE_LOOP('',(#2710,#2711,#2712,#2713));
#582=EDGE_LOOP('',(#2714,#2715,#2716,#2717));
#583=EDGE_LOOP('',(#2718,#2719,#2720,#2721));
#584=EDGE_LOOP('',(#2722,#2723,#2724,#2725));
#585=EDGE_LOOP('',(#2726,#2727,#2728,#2729));
#586=EDGE_LOOP('',(#2730,#2731,#2732,#2733));
#587=EDGE_LOOP('',(#2734,#2735,#2736,#2737));
#588=EDGE_LOOP('',(#2738,#2739,#2740,#2741));
#589=EDGE_LOOP('',(#2742,#2743,#2744,#2745));
#590=EDGE_LOOP('',(#2746,#2747,#2748,#2749));
#591=EDGE_LOOP('',(#2750,#2751,#2752,#2753));
#592=EDGE_LOOP('',(#2754,#2755,#2756,#2757));
#593=EDGE_LOOP('',(#2758,#2759,#2760,#2761));
#594=EDGE_LOOP('',(#2762,#2763,#2764,#2765));
#595=EDGE_LOOP('',(#2766,#2767,#2768,#2769));
#596=EDGE_LOOP('',(#2770,#2771,#2772,#2773));
#597=EDGE_LOOP('',(#2774,#2775,#2776,#2777));
#598=EDGE_LOOP('',(#2778,#2779,#2780,#2781));
#599=EDGE_LOOP('',(#2782,#2783,#2784,#2785));
#600=EDGE_LOOP('',(#2786,#2787,#2788,#2789));
#601=EDGE_LOOP('',(#2790,#2791,#2792,#2793));
#602=EDGE_LOOP('',(#2794,#2795,#2796,#2797));
#603=EDGE_LOOP('',(#2798,#2799,#2800,#2801));
#604=EDGE_LOOP('',(#2802,#2803,#2804,#2805));
#605=EDGE_LOOP('',(#2806,#2807,#2808,#2809));
#606=EDGE_LOOP('',(#2810,#2811,#2812,#2813));
#607=EDGE_LOOP('',(#2814,#2815,#2816,#2817));
#608=EDGE_LOOP('',(#2818,#2819,#2820,#2821));
#609=EDGE_LOOP('',(#2822,#2823,#2824,#2825));
#610=EDGE_LOOP('',(#2826,#2827,#2828,#2829));
#611=EDGE_LOOP('',(#2830,#2831,#2832,#2833));
#612=EDGE_LOOP('',(#2834,#2835,#2836,#2837));
#613=EDGE_LOOP('',(#2838,#2839,#2840,#2841));
#614=EDGE_LOOP('',(#2842,#2843,#2844,#2845));
#615=EDGE_LOOP('',(#2846,#2847,#2848,#2849));
#616=EDGE_LOOP('',(#2850,#2851,#2852,#2853));
#617=EDGE_LOOP('',(#2854,#2855,#2856,#2857));
#618=EDGE_LOOP('',(#2858,#2859,#2860,#2861));
#619=EDGE_LOOP('',(#2862,#2863,#2864,#2865,#2866,#2867,#2868,#2869,#2870,
#2871,#2872,#2873,#2874,#2875,#2876,#2877));
#620=EDGE_LOOP('',(#2878,#2879,#2880,#2881));
#621=EDGE_LOOP('',(#2882,#2883,#2884,#2885));
#622=EDGE_LOOP('',(#2886,#2887,#2888,#2889));
#623=EDGE_LOOP('',(#2890,#2891,#2892,#2893));
#624=EDGE_LOOP('',(#2894,#2895,#2896,#2897));
#625=EDGE_LOOP('',(#2898,#2899,#2900,#2901));
#626=EDGE_LOOP('',(#2902,#2903,#2904,#2905));
#627=EDGE_LOOP('',(#2906,#2907,#2908,#2909));
#628=EDGE_LOOP('',(#2910,#2911,#2912,#2913));
#629=EDGE_LOOP('',(#2914,#2915,#2916,#2917));
#630=EDGE_LOOP('',(#2918,#2919,#2920,#2921));
#631=EDGE_LOOP('',(#2922,#2923,#2924,#2925));
#632=EDGE_LOOP('',(#2926,#2927,#2928,#2929));
#633=EDGE_LOOP('',(#2930,#2931,#2932,#2933));
#634=EDGE_LOOP('',(#2934,#2935,#2936,#2937));
#635=EDGE_LOOP('',(#2938,#2939,#2940,#2941));
#636=EDGE_LOOP('',(#2942,#2943,#2944,#2945,#2946,#2947,#2948,#2949,#2950,
#2951,#2952,#2953,#2954,#2955,#2956,#2957));
#637=EDGE_LOOP('',(#2958,#2959,#2960,#2961));
#638=EDGE_LOOP('',(#2962,#2963,#2964,#2965));
#639=EDGE_LOOP('',(#2966,#2967,#2968,#2969));
#640=EDGE_LOOP('',(#2970,#2971,#2972,#2973));
#641=EDGE_LOOP('',(#2974,#2975,#2976,#2977));
#642=EDGE_LOOP('',(#2978,#2979,#2980,#2981));
#643=EDGE_LOOP('',(#2982,#2983,#2984,#2985));
#644=EDGE_LOOP('',(#2986,#2987,#2988,#2989));
#645=EDGE_LOOP('',(#2990,#2991,#2992,#2993));
#646=EDGE_LOOP('',(#2994,#2995,#2996,#2997));
#647=EDGE_LOOP('',(#2998,#2999,#3000,#3001));
#648=EDGE_LOOP('',(#3002,#3003,#3004,#3005));
#649=EDGE_LOOP('',(#3006,#3007,#3008,#3009));
#650=EDGE_LOOP('',(#3010,#3011,#3012,#3013));
#651=EDGE_LOOP('',(#3014,#3015,#3016,#3017));
#652=EDGE_LOOP('',(#3018,#3019,#3020,#3021));
#653=EDGE_LOOP('',(#3022,#3023,#3024,#3025));
#654=EDGE_LOOP('',(#3026,#3027,#3028,#3029));
#655=EDGE_LOOP('',(#3030,#3031,#3032,#3033,#3034,#3035,#3036,#3037,#3038,
#3039,#3040,#3041,#3042,#3043,#3044,#3045));
#656=EDGE_LOOP('',(#3046,#3047,#3048,#3049));
#657=EDGE_LOOP('',(#3050,#3051,#3052,#3053));
#658=EDGE_LOOP('',(#3054,#3055,#3056,#3057));
#659=EDGE_LOOP('',(#3058,#3059,#3060,#3061));
#660=EDGE_LOOP('',(#3062,#3063,#3064,#3065));
#661=EDGE_LOOP('',(#3066,#3067,#3068,#3069));
#662=EDGE_LOOP('',(#3070,#3071,#3072,#3073));
#663=EDGE_LOOP('',(#3074,#3075,#3076,#3077));
#664=EDGE_LOOP('',(#3078,#3079,#3080,#3081));
#665=EDGE_LOOP('',(#3082,#3083,#3084,#3085));
#666=EDGE_LOOP('',(#3086,#3087,#3088,#3089));
#667=EDGE_LOOP('',(#3090,#3091,#3092,#3093));
#668=EDGE_LOOP('',(#3094,#3095,#3096,#3097));
#669=EDGE_LOOP('',(#3098,#3099,#3100,#3101));
#670=EDGE_LOOP('',(#3102,#3103,#3104,#3105));
#671=EDGE_LOOP('',(#3106,#3107,#3108,#3109));
#672=EDGE_LOOP('',(#3110,#3111,#3112,#3113,#3114,#3115,#3116,#3117,#3118,
#3119,#3120,#3121,#3122,#3123,#3124,#3125));
#673=EDGE_LOOP('',(#3126,#3127,#3128,#3129));
#674=EDGE_LOOP('',(#3130,#3131,#3132,#3133));
#675=EDGE_LOOP('',(#3134,#3135,#3136,#3137));
#676=EDGE_LOOP('',(#3138,#3139,#3140,#3141));
#677=EDGE_LOOP('',(#3142,#3143,#3144,#3145));
#678=EDGE_LOOP('',(#3146,#3147,#3148,#3149));
#679=EDGE_LOOP('',(#3150,#3151,#3152,#3153));
#680=EDGE_LOOP('',(#3154,#3155,#3156,#3157));
#681=EDGE_LOOP('',(#3158,#3159,#3160,#3161));
#682=EDGE_LOOP('',(#3162,#3163,#3164,#3165));
#683=EDGE_LOOP('',(#3166,#3167,#3168,#3169));
#684=EDGE_LOOP('',(#3170,#3171,#3172,#3173));
#685=EDGE_LOOP('',(#3174,#3175,#3176,#3177));
#686=EDGE_LOOP('',(#3178,#3179,#3180,#3181));
#687=EDGE_LOOP('',(#3182,#3183,#3184,#3185));
#688=EDGE_LOOP('',(#3186,#3187,#3188,#3189));
#689=EDGE_LOOP('',(#3190,#3191,#3192,#3193));
#690=EDGE_LOOP('',(#3194,#3195,#3196,#3197));
#691=EDGE_LOOP('',(#3198,#3199,#3200,#3201));
#692=EDGE_LOOP('',(#3202,#3203,#3204,#3205));
#693=EDGE_LOOP('',(#3206,#3207,#3208,#3209));
#694=EDGE_LOOP('',(#3210,#3211,#3212,#3213));
#695=EDGE_LOOP('',(#3214,#3215,#3216,#3217));
#696=EDGE_LOOP('',(#3218,#3219,#3220,#3221));
#697=EDGE_LOOP('',(#3222,#3223,#3224,#3225));
#698=EDGE_LOOP('',(#3226,#3227,#3228,#3229));
#699=EDGE_LOOP('',(#3230,#3231,#3232,#3233));
#700=EDGE_LOOP('',(#3234,#3235,#3236,#3237));
#701=EDGE_LOOP('',(#3238,#3239,#3240,#3241));
#702=EDGE_LOOP('',(#3242,#3243,#3244,#3245));
#703=EDGE_LOOP('',(#3246,#3247,#3248,#3249));
#704=EDGE_LOOP('',(#3250,#3251,#3252,#3253));
#705=EDGE_LOOP('',(#3254,#3255,#3256,#3257));
#706=EDGE_LOOP('',(#3258,#3259,#3260,#3261));
#707=EDGE_LOOP('',(#3262,#3263,#3264,#3265));
#708=EDGE_LOOP('',(#3266,#3267,#3268,#3269));
#709=EDGE_LOOP('',(#3270,#3271,#3272,#3273));
#710=EDGE_LOOP('',(#3274,#3275,#3276,#3277));
#711=EDGE_LOOP('',(#3278,#3279,#3280,#3281));
#712=EDGE_LOOP('',(#3282,#3283,#3284,#3285));
#713=EDGE_LOOP('',(#3286,#3287,#3288,#3289));
#714=EDGE_LOOP('',(#3290,#3291,#3292,#3293));
#715=EDGE_LOOP('',(#3294,#3295,#3296,#3297));
#716=EDGE_LOOP('',(#3298,#3299,#3300,#3301));
#717=EDGE_LOOP('',(#3302,#3303,#3304,#3305));
#718=EDGE_LOOP('',(#3306,#3307,#3308,#3309));
#719=EDGE_LOOP('',(#3310));
#720=EDGE_LOOP('',(#3311));
#721=EDGE_LOOP('',(#3312));
#722=EDGE_LOOP('',(#3313));
#723=EDGE_LOOP('',(#3314));
#724=EDGE_LOOP('',(#3315));
#725=EDGE_LOOP('',(#3316));
#726=EDGE_LOOP('',(#3317));
#727=LINE('',#5223,#1088);
#728=LINE('',#5229,#1089);
#729=LINE('',#5234,#1090);
#730=LINE('',#5236,#1091);
#731=LINE('',#5238,#1092);
#732=LINE('',#5240,#1093);
#733=LINE('',#5242,#1094);
#734=LINE('',#5244,#1095);
#735=LINE('',#5246,#1096);
#736=LINE('',#5247,#1097);
#737=LINE('',#5256,#1098);
#738=LINE('',#5260,#1099);
#739=LINE('',#5264,#1100);
#740=LINE('',#5268,#1101);
#741=LINE('',#5272,#1102);
#742=LINE('',#5276,#1103);
#743=LINE('',#5280,#1104);
#744=LINE('',#5285,#1105);
#745=LINE('',#5289,#1106);
#746=LINE('',#5293,#1107);
#747=LINE('',#5296,#1108);
#748=LINE('',#5299,#1109);
#749=LINE('',#5302,#1110);
#750=LINE('',#5305,#1111);
#751=LINE('',#5308,#1112);
#752=LINE('',#5311,#1113);
#753=LINE('',#5314,#1114);
#754=LINE('',#5318,#1115);
#755=LINE('',#5322,#1116);
#756=LINE('',#5326,#1117);
#757=LINE('',#5328,#1118);
#758=LINE('',#5332,#1119);
#759=LINE('',#5334,#1120);
#760=LINE('',#5337,#1121);
#761=LINE('',#5338,#1122);
#762=LINE('',#5341,#1123);
#763=LINE('',#5343,#1124);
#764=LINE('',#5347,#1125);
#765=LINE('',#5349,#1126);
#766=LINE('',#5353,#1127);
#767=LINE('',#5355,#1128);
#768=LINE('',#5359,#1129);
#769=LINE('',#5361,#1130);
#770=LINE('',#5365,#1131);
#771=LINE('',#5367,#1132);
#772=LINE('',#5371,#1133);
#773=LINE('',#5373,#1134);
#774=LINE('',#5376,#1135);
#775=LINE('',#5377,#1136);
#776=LINE('',#5380,#1137);
#777=LINE('',#5382,#1138);
#778=LINE('',#5383,#1139);
#779=LINE('',#5386,#1140);
#780=LINE('',#5387,#1141);
#781=LINE('',#5390,#1142);
#782=LINE('',#5391,#1143);
#783=LINE('',#5394,#1144);
#784=LINE('',#5395,#1145);
#785=LINE('',#5398,#1146);
#786=LINE('',#5399,#1147);
#787=LINE('',#5402,#1148);
#788=LINE('',#5403,#1149);
#789=LINE('',#5406,#1150);
#790=LINE('',#5407,#1151);
#791=LINE('',#5410,#1152);
#792=LINE('',#5411,#1153);
#793=LINE('',#5415,#1154);
#794=LINE('',#5417,#1155);
#795=LINE('',#5419,#1156);
#796=LINE('',#5421,#1157);
#797=LINE('',#5423,#1158);
#798=LINE('',#5425,#1159);
#799=LINE('',#5427,#1160);
#800=LINE('',#5428,#1161);
#801=LINE('',#5431,#1162);
#802=LINE('',#5433,#1163);
#803=LINE('',#5435,#1164);
#804=LINE('',#5437,#1165);
#805=LINE('',#5439,#1166);
#806=LINE('',#5441,#1167);
#807=LINE('',#5443,#1168);
#808=LINE('',#5445,#1169);
#809=LINE('',#5447,#1170);
#810=LINE('',#5449,#1171);
#811=LINE('',#5451,#1172);
#812=LINE('',#5453,#1173);
#813=LINE('',#5455,#1174);
#814=LINE('',#5457,#1175);
#815=LINE('',#5459,#1176);
#816=LINE('',#5460,#1177);
#817=LINE('',#5463,#1178);
#818=LINE('',#5465,#1179);
#819=LINE('',#5467,#1180);
#820=LINE('',#5469,#1181);
#821=LINE('',#5471,#1182);
#822=LINE('',#5473,#1183);
#823=LINE('',#5475,#1184);
#824=LINE('',#5477,#1185);
#825=LINE('',#5479,#1186);
#826=LINE('',#5481,#1187);
#827=LINE('',#5483,#1188);
#828=LINE('',#5485,#1189);
#829=LINE('',#5487,#1190);
#830=LINE('',#5489,#1191);
#831=LINE('',#5491,#1192);
#832=LINE('',#5492,#1193);
#833=LINE('',#5503,#1194);
#834=LINE('',#5505,#1195);
#835=LINE('',#5507,#1196);
#836=LINE('',#5509,#1197);
#837=LINE('',#5511,#1198);
#838=LINE('',#5513,#1199);
#839=LINE('',#5515,#1200);
#840=LINE('',#5517,#1201);
#841=LINE('',#5519,#1202);
#842=LINE('',#5521,#1203);
#843=LINE('',#5523,#1204);
#844=LINE('',#5525,#1205);
#845=LINE('',#5527,#1206);
#846=LINE('',#5529,#1207);
#847=LINE('',#5531,#1208);
#848=LINE('',#5532,#1209);
#849=LINE('',#5537,#1210);
#850=LINE('',#5542,#1211);
#851=LINE('',#5547,#1212);
#852=LINE('',#5551,#1213);
#853=LINE('',#5555,#1214);
#854=LINE('',#5559,#1215);
#855=LINE('',#5563,#1216);
#856=LINE('',#5567,#1217);
#857=LINE('',#5571,#1218);
#858=LINE('',#5575,#1219);
#859=LINE('',#5579,#1220);
#860=LINE('',#5583,#1221);
#861=LINE('',#5587,#1222);
#862=LINE('',#5591,#1223);
#863=LINE('',#5594,#1224);
#864=LINE('',#5596,#1225);
#865=LINE('',#5599,#1226);
#866=LINE('',#5601,#1227);
#867=LINE('',#5602,#1228);
#868=LINE('',#5605,#1229);
#869=LINE('',#5606,#1230);
#870=LINE('',#5609,#1231);
#871=LINE('',#5610,#1232);
#872=LINE('',#5613,#1233);
#873=LINE('',#5614,#1234);
#874=LINE('',#5617,#1235);
#875=LINE('',#5618,#1236);
#876=LINE('',#5621,#1237);
#877=LINE('',#5622,#1238);
#878=LINE('',#5625,#1239);
#879=LINE('',#5626,#1240);
#880=LINE('',#5629,#1241);
#881=LINE('',#5630,#1242);
#882=LINE('',#5634,#1243);
#883=LINE('',#5639,#1244);
#884=LINE('',#5643,#1245);
#885=LINE('',#5647,#1246);
#886=LINE('',#5651,#1247);
#887=LINE('',#5655,#1248);
#888=LINE('',#5659,#1249);
#889=LINE('',#5663,#1250);
#890=LINE('',#5667,#1251);
#891=LINE('',#5671,#1252);
#892=LINE('',#5675,#1253);
#893=LINE('',#5679,#1254);
#894=LINE('',#5683,#1255);
#895=LINE('',#5687,#1256);
#896=LINE('',#5691,#1257);
#897=LINE('',#5694,#1258);
#898=LINE('',#5697,#1259);
#899=LINE('',#5699,#1260);
#900=LINE('',#5700,#1261);
#901=LINE('',#5703,#1262);
#902=LINE('',#5704,#1263);
#903=LINE('',#5707,#1264);
#904=LINE('',#5708,#1265);
#905=LINE('',#5711,#1266);
#906=LINE('',#5712,#1267);
#907=LINE('',#5715,#1268);
#908=LINE('',#5716,#1269);
#909=LINE('',#5719,#1270);
#910=LINE('',#5720,#1271);
#911=LINE('',#5723,#1272);
#912=LINE('',#5724,#1273);
#913=LINE('',#5727,#1274);
#914=LINE('',#5728,#1275);
#915=LINE('',#5732,#1276);
#916=LINE('',#5737,#1277);
#917=LINE('',#5742,#1278);
#918=LINE('',#5747,#1279);
#919=LINE('',#5751,#1280);
#920=LINE('',#5755,#1281);
#921=LINE('',#5759,#1282);
#922=LINE('',#5763,#1283);
#923=LINE('',#5767,#1284);
#924=LINE('',#5771,#1285);
#925=LINE('',#5775,#1286);
#926=LINE('',#5778,#1287);
#927=LINE('',#5781,#1288);
#928=LINE('',#5785,#1289);
#929=LINE('',#5789,#1290);
#930=LINE('',#5792,#1291);
#931=LINE('',#5795,#1292);
#932=LINE('',#5797,#1293);
#933=LINE('',#5798,#1294);
#934=LINE('',#5801,#1295);
#935=LINE('',#5802,#1296);
#936=LINE('',#5805,#1297);
#937=LINE('',#5806,#1298);
#938=LINE('',#5809,#1299);
#939=LINE('',#5810,#1300);
#940=LINE('',#5813,#1301);
#941=LINE('',#5814,#1302);
#942=LINE('',#5817,#1303);
#943=LINE('',#5818,#1304);
#944=LINE('',#5821,#1305);
#945=LINE('',#5822,#1306);
#946=LINE('',#5825,#1307);
#947=LINE('',#5826,#1308);
#948=LINE('',#5830,#1309);
#949=LINE('',#5835,#1310);
#950=LINE('',#5838,#1311);
#951=LINE('',#5841,#1312);
#952=LINE('',#5844,#1313);
#953=LINE('',#5847,#1314);
#954=LINE('',#5850,#1315);
#955=LINE('',#5853,#1316);
#956=LINE('',#5856,#1317);
#957=LINE('',#5859,#1318);
#958=LINE('',#5862,#1319);
#959=LINE('',#5865,#1320);
#960=LINE('',#5868,#1321);
#961=LINE('',#5871,#1322);
#962=LINE('',#5874,#1323);
#963=LINE('',#5877,#1324);
#964=LINE('',#5879,#1325);
#965=LINE('',#5882,#1326);
#966=LINE('',#5886,#1327);
#967=LINE('',#5890,#1328);
#968=LINE('',#5894,#1329);
#969=LINE('',#5898,#1330);
#970=LINE('',#5902,#1331);
#971=LINE('',#5905,#1332);
#972=LINE('',#5910,#1333);
#973=LINE('',#5915,#1334);
#974=LINE('',#5918,#1335);
#975=LINE('',#5921,#1336);
#976=LINE('',#5924,#1337);
#977=LINE('',#5927,#1338);
#978=LINE('',#5930,#1339);
#979=LINE('',#5933,#1340);
#980=LINE('',#5936,#1341);
#981=LINE('',#5939,#1342);
#982=LINE('',#5942,#1343);
#983=LINE('',#5945,#1344);
#984=LINE('',#5948,#1345);
#985=LINE('',#5951,#1346);
#986=LINE('',#5954,#1347);
#987=LINE('',#5957,#1348);
#988=LINE('',#5959,#1349);
#989=LINE('',#5962,#1350);
#990=LINE('',#5966,#1351);
#991=LINE('',#5970,#1352);
#992=LINE('',#5974,#1353);
#993=LINE('',#5978,#1354);
#994=LINE('',#5982,#1355);
#995=LINE('',#5985,#1356);
#996=LINE('',#5990,#1357);
#997=LINE('',#5995,#1358);
#998=LINE('',#5999,#1359);
#999=LINE('',#6003,#1360);
#1000=LINE('',#6006,#1361);
#1001=LINE('',#6009,#1362);
#1002=LINE('',#6012,#1363);
#1003=LINE('',#6015,#1364);
#1004=LINE('',#6018,#1365);
#1005=LINE('',#6021,#1366);
#1006=LINE('',#6024,#1367);
#1007=LINE('',#6027,#1368);
#1008=LINE('',#6030,#1369);
#1009=LINE('',#6033,#1370);
#1010=LINE('',#6036,#1371);
#1011=LINE('',#6039,#1372);
#1012=LINE('',#6041,#1373);
#1013=LINE('',#6044,#1374);
#1014=LINE('',#6046,#1375);
#1015=LINE('',#6050,#1376);
#1016=LINE('',#6054,#1377);
#1017=LINE('',#6058,#1378);
#1018=LINE('',#6062,#1379);
#1019=LINE('',#6065,#1380);
#1020=LINE('',#6067,#1381);
#1021=LINE('',#6068,#1382);
#1022=LINE('',#6074,#1383);
#1023=LINE('',#6079,#1384);
#1024=LINE('',#6082,#1385);
#1025=LINE('',#6085,#1386);
#1026=LINE('',#6088,#1387);
#1027=LINE('',#6091,#1388);
#1028=LINE('',#6094,#1389);
#1029=LINE('',#6097,#1390);
#1030=LINE('',#6100,#1391);
#1031=LINE('',#6103,#1392);
#1032=LINE('',#6106,#1393);
#1033=LINE('',#6109,#1394);
#1034=LINE('',#6112,#1395);
#1035=LINE('',#6115,#1396);
#1036=LINE('',#6118,#1397);
#1037=LINE('',#6121,#1398);
#1038=LINE('',#6123,#1399);
#1039=LINE('',#6126,#1400);
#1040=LINE('',#6130,#1401);
#1041=LINE('',#6134,#1402);
#1042=LINE('',#6138,#1403);
#1043=LINE('',#6142,#1404);
#1044=LINE('',#6146,#1405);
#1045=LINE('',#6149,#1406);
#1046=LINE('',#6152,#1407);
#1047=LINE('',#6154,#1408);
#1048=LINE('',#6156,#1409);
#1049=LINE('',#6158,#1410);
#1050=LINE('',#6160,#1411);
#1051=LINE('',#6163,#1412);
#1052=LINE('',#6165,#1413);
#1053=LINE('',#6167,#1414);
#1054=LINE('',#6169,#1415);
#1055=LINE('',#6171,#1416);
#1056=LINE('',#6173,#1417);
#1057=LINE('',#6175,#1418);
#1058=LINE('',#6178,#1419);
#1059=LINE('',#6180,#1420);
#1060=LINE('',#6182,#1421);
#1061=LINE('',#6184,#1422);
#1062=LINE('',#6186,#1423);
#1063=LINE('',#6188,#1424);
#1064=LINE('',#6190,#1425);
#1065=LINE('',#6193,#1426);
#1066=LINE('',#6195,#1427);
#1067=LINE('',#6197,#1428);
#1068=LINE('',#6199,#1429);
#1069=LINE('',#6201,#1430);
#1070=LINE('',#6203,#1431);
#1071=LINE('',#6205,#1432);
#1072=LINE('',#6209,#1433);
#1073=LINE('',#6213,#1434);
#1074=LINE('',#6217,#1435);
#1075=LINE('',#6221,#1436);
#1076=LINE('',#6225,#1437);
#1077=LINE('',#6229,#1438);
#1078=LINE('',#6233,#1439);
#1079=LINE('',#6237,#1440);
#1080=LINE('',#6240,#1441);
#1081=LINE('',#6241,#1442);
#1082=LINE('',#6243,#1443);
#1083=LINE('',#6244,#1444);
#1084=LINE('',#6246,#1445);
#1085=LINE('',#6247,#1446);
#1086=LINE('',#6249,#1447);
#1087=LINE('',#6251,#1448);
#1088=VECTOR('',#4091,10.);
#1089=VECTOR('',#4098,2.75);
#1090=VECTOR('',#4103,10.);
#1091=VECTOR('',#4104,10.);
#1092=VECTOR('',#4105,10.);
#1093=VECTOR('',#4106,10.);
#1094=VECTOR('',#4107,10.);
#1095=VECTOR('',#4108,10.);
#1096=VECTOR('',#4109,10.);
#1097=VECTOR('',#4110,10.);
#1098=VECTOR('',#4119,2.55);
#1099=VECTOR('',#4124,2.75);
#1100=VECTOR('',#4129,2.55);
#1101=VECTOR('',#4134,2.75);
#1102=VECTOR('',#4139,2.55);
#1103=VECTOR('',#4144,2.75);
#1104=VECTOR('',#4149,2.55);
#1105=VECTOR('',#4154,10.);
#1106=VECTOR('',#4157,10.);
#1107=VECTOR('',#4162,10.);
#1108=VECTOR('',#4165,10.);
#1109=VECTOR('',#4168,10.);
#1110=VECTOR('',#4171,10.);
#1111=VECTOR('',#4174,10.);
#1112=VECTOR('',#4177,10.);
#1113=VECTOR('',#4180,10.);
#1114=VECTOR('',#4183,10.);
#1115=VECTOR('',#4186,10.);
#1116=VECTOR('',#4189,10.);
#1117=VECTOR('',#4194,10.);
#1118=VECTOR('',#4195,10.);
#1119=VECTOR('',#4200,10.);
#1120=VECTOR('',#4201,10.);
#1121=VECTOR('',#4206,10.);
#1122=VECTOR('',#4207,10.);
#1123=VECTOR('',#4210,10.);
#1124=VECTOR('',#4211,10.);
#1125=VECTOR('',#4216,10.);
#1126=VECTOR('',#4217,10.);
#1127=VECTOR('',#4222,10.);
#1128=VECTOR('',#4223,10.);
#1129=VECTOR('',#4228,10.);
#1130=VECTOR('',#4229,10.);
#1131=VECTOR('',#4234,10.);
#1132=VECTOR('',#4235,10.);
#1133=VECTOR('',#4240,10.);
#1134=VECTOR('',#4241,10.);
#1135=VECTOR('',#4246,10.);
#1136=VECTOR('',#4247,10.);
#1137=VECTOR('',#4250,10.);
#1138=VECTOR('',#4251,10.);
#1139=VECTOR('',#4252,10.);
#1140=VECTOR('',#4255,10.);
#1141=VECTOR('',#4256,10.);
#1142=VECTOR('',#4259,10.);
#1143=VECTOR('',#4260,10.);
#1144=VECTOR('',#4263,10.);
#1145=VECTOR('',#4264,10.);
#1146=VECTOR('',#4267,10.);
#1147=VECTOR('',#4268,10.);
#1148=VECTOR('',#4271,10.);
#1149=VECTOR('',#4272,10.);
#1150=VECTOR('',#4275,10.);
#1151=VECTOR('',#4276,10.);
#1152=VECTOR('',#4279,10.);
#1153=VECTOR('',#4280,10.);
#1154=VECTOR('',#4283,10.);
#1155=VECTOR('',#4284,10.);
#1156=VECTOR('',#4285,10.);
#1157=VECTOR('',#4286,10.);
#1158=VECTOR('',#4287,10.);
#1159=VECTOR('',#4288,10.);
#1160=VECTOR('',#4289,10.);
#1161=VECTOR('',#4290,10.);
#1162=VECTOR('',#4291,10.);
#1163=VECTOR('',#4292,10.);
#1164=VECTOR('',#4293,10.);
#1165=VECTOR('',#4294,10.);
#1166=VECTOR('',#4295,10.);
#1167=VECTOR('',#4296,10.);
#1168=VECTOR('',#4297,10.);
#1169=VECTOR('',#4298,10.);
#1170=VECTOR('',#4299,10.);
#1171=VECTOR('',#4300,10.);
#1172=VECTOR('',#4301,10.);
#1173=VECTOR('',#4302,10.);
#1174=VECTOR('',#4303,10.);
#1175=VECTOR('',#4304,10.);
#1176=VECTOR('',#4305,10.);
#1177=VECTOR('',#4306,10.);
#1178=VECTOR('',#4307,10.);
#1179=VECTOR('',#4308,10.);
#1180=VECTOR('',#4309,10.);
#1181=VECTOR('',#4310,10.);
#1182=VECTOR('',#4311,10.);
#1183=VECTOR('',#4312,10.);
#1184=VECTOR('',#4313,10.);
#1185=VECTOR('',#4314,10.);
#1186=VECTOR('',#4315,10.);
#1187=VECTOR('',#4316,10.);
#1188=VECTOR('',#4317,10.);
#1189=VECTOR('',#4318,10.);
#1190=VECTOR('',#4319,10.);
#1191=VECTOR('',#4320,10.);
#1192=VECTOR('',#4321,10.);
#1193=VECTOR('',#4322,10.);
#1194=VECTOR('',#4331,10.);
#1195=VECTOR('',#4332,10.);
#1196=VECTOR('',#4333,10.);
#1197=VECTOR('',#4334,10.);
#1198=VECTOR('',#4335,10.);
#1199=VECTOR('',#4336,10.);
#1200=VECTOR('',#4337,10.);
#1201=VECTOR('',#4338,10.);
#1202=VECTOR('',#4339,10.);
#1203=VECTOR('',#4340,10.);
#1204=VECTOR('',#4341,10.);
#1205=VECTOR('',#4342,10.);
#1206=VECTOR('',#4343,10.);
#1207=VECTOR('',#4344,10.);
#1208=VECTOR('',#4345,10.);
#1209=VECTOR('',#4346,10.);
#1210=VECTOR('',#4351,10.);
#1211=VECTOR('',#4356,10.);
#1212=VECTOR('',#4363,10.);
#1213=VECTOR('',#4368,10.);
#1214=VECTOR('',#4373,10.);
#1215=VECTOR('',#4378,10.);
#1216=VECTOR('',#4383,10.);
#1217=VECTOR('',#4388,10.);
#1218=VECTOR('',#4393,10.);
#1219=VECTOR('',#4398,10.);
#1220=VECTOR('',#4403,10.);
#1221=VECTOR('',#4408,10.);
#1222=VECTOR('',#4413,10.);
#1223=VECTOR('',#4418,10.);
#1224=VECTOR('',#4423,10.);
#1225=VECTOR('',#4426,10.);
#1226=VECTOR('',#4429,10.);
#1227=VECTOR('',#4430,10.);
#1228=VECTOR('',#4431,10.);
#1229=VECTOR('',#4434,10.);
#1230=VECTOR('',#4435,10.);
#1231=VECTOR('',#4438,10.);
#1232=VECTOR('',#4439,10.);
#1233=VECTOR('',#4442,10.);
#1234=VECTOR('',#4443,10.);
#1235=VECTOR('',#4446,10.);
#1236=VECTOR('',#4447,10.);
#1237=VECTOR('',#4450,10.);
#1238=VECTOR('',#4451,10.);
#1239=VECTOR('',#4454,10.);
#1240=VECTOR('',#4455,10.);
#1241=VECTOR('',#4458,10.);
#1242=VECTOR('',#4459,10.);
#1243=VECTOR('',#4462,10.);
#1244=VECTOR('',#4469,10.);
#1245=VECTOR('',#4474,10.);
#1246=VECTOR('',#4479,10.);
#1247=VECTOR('',#4484,10.);
#1248=VECTOR('',#4489,10.);
#1249=VECTOR('',#4494,10.);
#1250=VECTOR('',#4499,10.);
#1251=VECTOR('',#4504,10.);
#1252=VECTOR('',#4509,10.);
#1253=VECTOR('',#4514,10.);
#1254=VECTOR('',#4519,10.);
#1255=VECTOR('',#4524,10.);
#1256=VECTOR('',#4529,10.);
#1257=VECTOR('',#4534,10.);
#1258=VECTOR('',#4539,10.);
#1259=VECTOR('',#4542,10.);
#1260=VECTOR('',#4543,10.);
#1261=VECTOR('',#4544,10.);
#1262=VECTOR('',#4547,10.);
#1263=VECTOR('',#4548,10.);
#1264=VECTOR('',#4551,10.);
#1265=VECTOR('',#4552,10.);
#1266=VECTOR('',#4555,10.);
#1267=VECTOR('',#4556,10.);
#1268=VECTOR('',#4559,10.);
#1269=VECTOR('',#4560,10.);
#1270=VECTOR('',#4563,10.);
#1271=VECTOR('',#4564,10.);
#1272=VECTOR('',#4567,10.);
#1273=VECTOR('',#4568,10.);
#1274=VECTOR('',#4571,10.);
#1275=VECTOR('',#4572,10.);
#1276=VECTOR('',#4575,10.);
#1277=VECTOR('',#4582,10.);
#1278=VECTOR('',#4587,10.);
#1279=VECTOR('',#4594,10.);
#1280=VECTOR('',#4599,10.);
#1281=VECTOR('',#4604,10.);
#1282=VECTOR('',#4609,10.);
#1283=VECTOR('',#4614,10.);
#1284=VECTOR('',#4619,10.);
#1285=VECTOR('',#4624,10.);
#1286=VECTOR('',#4629,10.);
#1287=VECTOR('',#4634,10.);
#1288=VECTOR('',#4637,10.);
#1289=VECTOR('',#4642,10.);
#1290=VECTOR('',#4647,10.);
#1291=VECTOR('',#4652,10.);
#1292=VECTOR('',#4655,10.);
#1293=VECTOR('',#4656,10.);
#1294=VECTOR('',#4657,10.);
#1295=VECTOR('',#4660,10.);
#1296=VECTOR('',#4661,10.);
#1297=VECTOR('',#4664,10.);
#1298=VECTOR('',#4665,10.);
#1299=VECTOR('',#4668,10.);
#1300=VECTOR('',#4669,10.);
#1301=VECTOR('',#4672,10.);
#1302=VECTOR('',#4673,10.);
#1303=VECTOR('',#4676,10.);
#1304=VECTOR('',#4677,10.);
#1305=VECTOR('',#4680,10.);
#1306=VECTOR('',#4681,10.);
#1307=VECTOR('',#4684,10.);
#1308=VECTOR('',#4685,10.);
#1309=VECTOR('',#4688,10.);
#1310=VECTOR('',#4695,10.);
#1311=VECTOR('',#4698,10.);
#1312=VECTOR('',#4701,10.);
#1313=VECTOR('',#4704,10.);
#1314=VECTOR('',#4707,10.);
#1315=VECTOR('',#4710,10.);
#1316=VECTOR('',#4713,10.);
#1317=VECTOR('',#4716,10.);
#1318=VECTOR('',#4719,10.);
#1319=VECTOR('',#4722,10.);
#1320=VECTOR('',#4725,10.);
#1321=VECTOR('',#4728,10.);
#1322=VECTOR('',#4731,10.);
#1323=VECTOR('',#4734,10.);
#1324=VECTOR('',#4737,10.);
#1325=VECTOR('',#4740,10.);
#1326=VECTOR('',#4743,10.);
#1327=VECTOR('',#4748,10.);
#1328=VECTOR('',#4753,10.);
#1329=VECTOR('',#4758,10.);
#1330=VECTOR('',#4763,10.);
#1331=VECTOR('',#4768,10.);
#1332=VECTOR('',#4773,10.);
#1333=VECTOR('',#4778,10.);
#1334=VECTOR('',#4785,10.);
#1335=VECTOR('',#4788,10.);
#1336=VECTOR('',#4791,10.);
#1337=VECTOR('',#4794,10.);
#1338=VECTOR('',#4797,10.);
#1339=VECTOR('',#4800,10.);
#1340=VECTOR('',#4803,10.);
#1341=VECTOR('',#4806,10.);
#1342=VECTOR('',#4809,10.);
#1343=VECTOR('',#4812,10.);
#1344=VECTOR('',#4815,10.);
#1345=VECTOR('',#4818,10.);
#1346=VECTOR('',#4821,10.);
#1347=VECTOR('',#4824,10.);
#1348=VECTOR('',#4827,10.);
#1349=VECTOR('',#4830,10.);
#1350=VECTOR('',#4833,10.);
#1351=VECTOR('',#4838,10.);
#1352=VECTOR('',#4843,10.);
#1353=VECTOR('',#4848,10.);
#1354=VECTOR('',#4853,10.);
#1355=VECTOR('',#4858,10.);
#1356=VECTOR('',#4863,10.);
#1357=VECTOR('',#4868,10.);
#1358=VECTOR('',#4875,10.);
#1359=VECTOR('',#4880,10.);
#1360=VECTOR('',#4885,10.);
#1361=VECTOR('',#4888,10.);
#1362=VECTOR('',#4891,10.);
#1363=VECTOR('',#4894,10.);
#1364=VECTOR('',#4897,10.);
#1365=VECTOR('',#4900,10.);
#1366=VECTOR('',#4903,10.);
#1367=VECTOR('',#4906,10.);
#1368=VECTOR('',#4909,10.);
#1369=VECTOR('',#4912,10.);
#1370=VECTOR('',#4915,10.);
#1371=VECTOR('',#4918,10.);
#1372=VECTOR('',#4921,10.);
#1373=VECTOR('',#4922,10.);
#1374=VECTOR('',#4927,10.);
#1375=VECTOR('',#4928,10.);
#1376=VECTOR('',#4933,10.);
#1377=VECTOR('',#4938,10.);
#1378=VECTOR('',#4943,10.);
#1379=VECTOR('',#4948,10.);
#1380=VECTOR('',#4953,10.);
#1381=VECTOR('',#4956,10.);
#1382=VECTOR('',#4957,10.);
#1383=VECTOR('',#4964,10.);
#1384=VECTOR('',#4971,10.);
#1385=VECTOR('',#4974,10.);
#1386=VECTOR('',#4977,10.);
#1387=VECTOR('',#4980,10.);
#1388=VECTOR('',#4983,10.);
#1389=VECTOR('',#4986,10.);
#1390=VECTOR('',#4989,10.);
#1391=VECTOR('',#4992,10.);
#1392=VECTOR('',#4995,10.);
#1393=VECTOR('',#4998,10.);
#1394=VECTOR('',#5001,10.);
#1395=VECTOR('',#5004,10.);
#1396=VECTOR('',#5007,10.);
#1397=VECTOR('',#5010,10.);
#1398=VECTOR('',#5013,10.);
#1399=VECTOR('',#5016,10.);
#1400=VECTOR('',#5019,10.);
#1401=VECTOR('',#5024,10.);
#1402=VECTOR('',#5029,10.);
#1403=VECTOR('',#5034,10.);
#1404=VECTOR('',#5039,10.);
#1405=VECTOR('',#5044,10.);
#1406=VECTOR('',#5049,10.);
#1407=VECTOR('',#5054,10.);
#1408=VECTOR('',#5057,10.);
#1409=VECTOR('',#5060,10.);
#1410=VECTOR('',#5063,10.);
#1411=VECTOR('',#5066,10.);
#1412=VECTOR('',#5071,10.);
#1413=VECTOR('',#5074,10.);
#1414=VECTOR('',#5077,10.);
#1415=VECTOR('',#5080,10.);
#1416=VECTOR('',#5083,10.);
#1417=VECTOR('',#5086,10.);
#1418=VECTOR('',#5089,10.);
#1419=VECTOR('',#5094,10.);
#1420=VECTOR('',#5097,10.);
#1421=VECTOR('',#5100,10.);
#1422=VECTOR('',#5103,10.);
#1423=VECTOR('',#5106,10.);
#1424=VECTOR('',#5109,10.);
#1425=VECTOR('',#5112,10.);
#1426=VECTOR('',#5117,10.);
#1427=VECTOR('',#5120,10.);
#1428=VECTOR('',#5123,10.);
#1429=VECTOR('',#5126,10.);
#1430=VECTOR('',#5129,10.);
#1431=VECTOR('',#5132,10.);
#1432=VECTOR('',#5135,10.);
#1433=VECTOR('',#5140,2.75);
#1434=VECTOR('',#5145,2.55000000000001);
#1435=VECTOR('',#5150,2.75);
#1436=VECTOR('',#5155,2.55);
#1437=VECTOR('',#5160,2.75);
#1438=VECTOR('',#5165,2.55);
#1439=VECTOR('',#5170,2.75);
#1440=VECTOR('',#5175,2.55000000000001);
#1441=VECTOR('',#5180,10.);
#1442=VECTOR('',#5181,10.);
#1443=VECTOR('',#5184,10.);
#1444=VECTOR('',#5185,10.);
#1445=VECTOR('',#5188,10.);
#1446=VECTOR('',#5189,10.);
#1447=VECTOR('',#5192,10.);
#1448=VECTOR('',#5195,10.);
#1449=CIRCLE('',#3701,10.);
#1450=CIRCLE('',#3702,10.);
#1451=CIRCLE('',#3704,2.95);
#1452=CIRCLE('',#3705,2.55);
#1453=CIRCLE('',#3707,2.95);
#1454=CIRCLE('',#3708,2.95);
#1455=CIRCLE('',#3709,2.95);
#1456=CIRCLE('',#3711,2.55);
#1457=CIRCLE('',#3713,2.55);
#1458=CIRCLE('',#3715,2.55);
#1459=CIRCLE('',#3717,2.55);
#1460=CIRCLE('',#3719,2.55);
#1461=CIRCLE('',#3721,2.55);
#1462=CIRCLE('',#3723,2.55);
#1463=CIRCLE('',#3765,2.95);
#1464=CIRCLE('',#3766,2.95);
#1465=CIRCLE('',#3767,2.95);
#1466=CIRCLE('',#3768,2.95);
#1467=CIRCLE('',#4054,2.55000000000001);
#1468=CIRCLE('',#4056,2.55000000000001);
#1469=CIRCLE('',#4058,2.55);
#1470=CIRCLE('',#4060,2.55);
#1471=CIRCLE('',#4062,2.55);
#1472=CIRCLE('',#4064,2.55);
#1473=CIRCLE('',#4066,2.55000000000001);
#1474=CIRCLE('',#4068,2.55000000000001);
#1475=VERTEX_POINT('',#5220);
#1476=VERTEX_POINT('',#5222);
#1477=VERTEX_POINT('',#5226);
#1478=VERTEX_POINT('',#5228);
#1479=VERTEX_POINT('',#5232);
#1480=VERTEX_POINT('',#5233);
#1481=VERTEX_POINT('',#5235);
#1482=VERTEX_POINT('',#5237);
#1483=VERTEX_POINT('',#5239);
#1484=VERTEX_POINT('',#5241);
#1485=VERTEX_POINT('',#5243);
#1486=VERTEX_POINT('',#5245);
#1487=VERTEX_POINT('',#5248);
#1488=VERTEX_POINT('',#5250);
#1489=VERTEX_POINT('',#5252);
#1490=VERTEX_POINT('',#5255);
#1491=VERTEX_POINT('',#5259);
#1492=VERTEX_POINT('',#5263);
#1493=VERTEX_POINT('',#5267);
#1494=VERTEX_POINT('',#5271);
#1495=VERTEX_POINT('',#5275);
#1496=VERTEX_POINT('',#5279);
#1497=VERTEX_POINT('',#5283);
#1498=VERTEX_POINT('',#5284);
#1499=VERTEX_POINT('',#5286);
#1500=VERTEX_POINT('',#5288);
#1501=VERTEX_POINT('',#5292);
#1502=VERTEX_POINT('',#5294);
#1503=VERTEX_POINT('',#5298);
#1504=VERTEX_POINT('',#5300);
#1505=VERTEX_POINT('',#5304);
#1506=VERTEX_POINT('',#5306);
#1507=VERTEX_POINT('',#5310);
#1508=VERTEX_POINT('',#5312);
#1509=VERTEX_POINT('',#5316);
#1510=VERTEX_POINT('',#5317);
#1511=VERTEX_POINT('',#5319);
#1512=VERTEX_POINT('',#5321);
#1513=VERTEX_POINT('',#5325);
#1514=VERTEX_POINT('',#5327);
#1515=VERTEX_POINT('',#5331);
#1516=VERTEX_POINT('',#5333);
#1517=VERTEX_POINT('',#5340);
#1518=VERTEX_POINT('',#5342);
#1519=VERTEX_POINT('',#5346);
#1520=VERTEX_POINT('',#5348);
#1521=VERTEX_POINT('',#5352);
#1522=VERTEX_POINT('',#5354);
#1523=VERTEX_POINT('',#5358);
#1524=VERTEX_POINT('',#5360);
#1525=VERTEX_POINT('',#5364);
#1526=VERTEX_POINT('',#5366);
#1527=VERTEX_POINT('',#5370);
#1528=VERTEX_POINT('',#5372);
#1529=VERTEX_POINT('',#5379);
#1530=VERTEX_POINT('',#5381);
#1531=VERTEX_POINT('',#5385);
#1532=VERTEX_POINT('',#5389);
#1533=VERTEX_POINT('',#5393);
#1534=VERTEX_POINT('',#5397);
#1535=VERTEX_POINT('',#5401);
#1536=VERTEX_POINT('',#5405);
#1537=VERTEX_POINT('',#5409);
#1538=VERTEX_POINT('',#5413);
#1539=VERTEX_POINT('',#5414);
#1540=VERTEX_POINT('',#5416);
#1541=VERTEX_POINT('',#5418);
#1542=VERTEX_POINT('',#5420);
#1543=VERTEX_POINT('',#5422);
#1544=VERTEX_POINT('',#5424);
#1545=VERTEX_POINT('',#5426);
#1546=VERTEX_POINT('',#5429);
#1547=VERTEX_POINT('',#5430);
#1548=VERTEX_POINT('',#5432);
#1549=VERTEX_POINT('',#5434);
#1550=VERTEX_POINT('',#5436);
#1551=VERTEX_POINT('',#5438);
#1552=VERTEX_POINT('',#5440);
#1553=VERTEX_POINT('',#5442);
#1554=VERTEX_POINT('',#5444);
#1555=VERTEX_POINT('',#5446);
#1556=VERTEX_POINT('',#5448);
#1557=VERTEX_POINT('',#5450);
#1558=VERTEX_POINT('',#5452);
#1559=VERTEX_POINT('',#5454);
#1560=VERTEX_POINT('',#5456);
#1561=VERTEX_POINT('',#5458);
#1562=VERTEX_POINT('',#5461);
#1563=VERTEX_POINT('',#5462);
#1564=VERTEX_POINT('',#5464);
#1565=VERTEX_POINT('',#5466);
#1566=VERTEX_POINT('',#5468);
#1567=VERTEX_POINT('',#5470);
#1568=VERTEX_POINT('',#5472);
#1569=VERTEX_POINT('',#5474);
#1570=VERTEX_POINT('',#5476);
#1571=VERTEX_POINT('',#5478);
#1572=VERTEX_POINT('',#5480);
#1573=VERTEX_POINT('',#5482);
#1574=VERTEX_POINT('',#5484);
#1575=VERTEX_POINT('',#5486);
#1576=VERTEX_POINT('',#5488);
#1577=VERTEX_POINT('',#5490);
#1578=VERTEX_POINT('',#5493);
#1579=VERTEX_POINT('',#5495);
#1580=VERTEX_POINT('',#5497);
#1581=VERTEX_POINT('',#5499);
#1582=VERTEX_POINT('',#5501);
#1583=VERTEX_POINT('',#5502);
#1584=VERTEX_POINT('',#5504);
#1585=VERTEX_POINT('',#5506);
#1586=VERTEX_POINT('',#5508);
#1587=VERTEX_POINT('',#5510);
#1588=VERTEX_POINT('',#5512);
#1589=VERTEX_POINT('',#5514);
#1590=VERTEX_POINT('',#5516);
#1591=VERTEX_POINT('',#5518);
#1592=VERTEX_POINT('',#5520);
#1593=VERTEX_POINT('',#5522);
#1594=VERTEX_POINT('',#5524);
#1595=VERTEX_POINT('',#5526);
#1596=VERTEX_POINT('',#5528);
#1597=VERTEX_POINT('',#5530);
#1598=VERTEX_POINT('',#5534);
#1599=VERTEX_POINT('',#5536);
#1600=VERTEX_POINT('',#5540);
#1601=VERTEX_POINT('',#5541);
#1602=VERTEX_POINT('',#5546);
#1603=VERTEX_POINT('',#5550);
#1604=VERTEX_POINT('',#5554);
#1605=VERTEX_POINT('',#5558);
#1606=VERTEX_POINT('',#5562);
#1607=VERTEX_POINT('',#5566);
#1608=VERTEX_POINT('',#5570);
#1609=VERTEX_POINT('',#5574);
#1610=VERTEX_POINT('',#5578);
#1611=VERTEX_POINT('',#5582);
#1612=VERTEX_POINT('',#5586);
#1613=VERTEX_POINT('',#5590);
#1614=VERTEX_POINT('',#5598);
#1615=VERTEX_POINT('',#5600);
#1616=VERTEX_POINT('',#5604);
#1617=VERTEX_POINT('',#5608);
#1618=VERTEX_POINT('',#5612);
#1619=VERTEX_POINT('',#5616);
#1620=VERTEX_POINT('',#5620);
#1621=VERTEX_POINT('',#5624);
#1622=VERTEX_POINT('',#5628);
#1623=VERTEX_POINT('',#5632);
#1624=VERTEX_POINT('',#5633);
#1625=VERTEX_POINT('',#5638);
#1626=VERTEX_POINT('',#5642);
#1627=VERTEX_POINT('',#5646);
#1628=VERTEX_POINT('',#5650);
#1629=VERTEX_POINT('',#5654);
#1630=VERTEX_POINT('',#5658);
#1631=VERTEX_POINT('',#5662);
#1632=VERTEX_POINT('',#5666);
#1633=VERTEX_POINT('',#5670);
#1634=VERTEX_POINT('',#5674);
#1635=VERTEX_POINT('',#5678);
#1636=VERTEX_POINT('',#5682);
#1637=VERTEX_POINT('',#5686);
#1638=VERTEX_POINT('',#5690);
#1639=VERTEX_POINT('',#5696);
#1640=VERTEX_POINT('',#5698);
#1641=VERTEX_POINT('',#5702);
#1642=VERTEX_POINT('',#5706);
#1643=VERTEX_POINT('',#5710);
#1644=VERTEX_POINT('',#5714);
#1645=VERTEX_POINT('',#5718);
#1646=VERTEX_POINT('',#5722);
#1647=VERTEX_POINT('',#5726);
#1648=VERTEX_POINT('',#5730);
#1649=VERTEX_POINT('',#5731);
#1650=VERTEX_POINT('',#5736);
#1651=VERTEX_POINT('',#5740);
#1652=VERTEX_POINT('',#5741);
#1653=VERTEX_POINT('',#5746);
#1654=VERTEX_POINT('',#5750);
#1655=VERTEX_POINT('',#5754);
#1656=VERTEX_POINT('',#5758);
#1657=VERTEX_POINT('',#5762);
#1658=VERTEX_POINT('',#5766);
#1659=VERTEX_POINT('',#5770);
#1660=VERTEX_POINT('',#5774);
#1661=VERTEX_POINT('',#5780);
#1662=VERTEX_POINT('',#5784);
#1663=VERTEX_POINT('',#5788);
#1664=VERTEX_POINT('',#5794);
#1665=VERTEX_POINT('',#5796);
#1666=VERTEX_POINT('',#5800);
#1667=VERTEX_POINT('',#5804);
#1668=VERTEX_POINT('',#5808);
#1669=VERTEX_POINT('',#5812);
#1670=VERTEX_POINT('',#5816);
#1671=VERTEX_POINT('',#5820);
#1672=VERTEX_POINT('',#5824);
#1673=VERTEX_POINT('',#5828);
#1674=VERTEX_POINT('',#5829);
#1675=VERTEX_POINT('',#5834);
#1676=VERTEX_POINT('',#5836);
#1677=VERTEX_POINT('',#5840);
#1678=VERTEX_POINT('',#5842);
#1679=VERTEX_POINT('',#5846);
#1680=VERTEX_POINT('',#5848);
#1681=VERTEX_POINT('',#5852);
#1682=VERTEX_POINT('',#5854);
#1683=VERTEX_POINT('',#5858);
#1684=VERTEX_POINT('',#5860);
#1685=VERTEX_POINT('',#5864);
#1686=VERTEX_POINT('',#5866);
#1687=VERTEX_POINT('',#5870);
#1688=VERTEX_POINT('',#5872);
#1689=VERTEX_POINT('',#5876);
#1690=VERTEX_POINT('',#5881);
#1691=VERTEX_POINT('',#5885);
#1692=VERTEX_POINT('',#5889);
#1693=VERTEX_POINT('',#5893);
#1694=VERTEX_POINT('',#5897);
#1695=VERTEX_POINT('',#5901);
#1696=VERTEX_POINT('',#5908);
#1697=VERTEX_POINT('',#5909);
#1698=VERTEX_POINT('',#5914);
#1699=VERTEX_POINT('',#5916);
#1700=VERTEX_POINT('',#5920);
#1701=VERTEX_POINT('',#5922);
#1702=VERTEX_POINT('',#5926);
#1703=VERTEX_POINT('',#5928);
#1704=VERTEX_POINT('',#5932);
#1705=VERTEX_POINT('',#5934);
#1706=VERTEX_POINT('',#5938);
#1707=VERTEX_POINT('',#5940);
#1708=VERTEX_POINT('',#5944);
#1709=VERTEX_POINT('',#5946);
#1710=VERTEX_POINT('',#5950);
#1711=VERTEX_POINT('',#5952);
#1712=VERTEX_POINT('',#5956);
#1713=VERTEX_POINT('',#5961);
#1714=VERTEX_POINT('',#5965);
#1715=VERTEX_POINT('',#5969);
#1716=VERTEX_POINT('',#5973);
#1717=VERTEX_POINT('',#5977);
#1718=VERTEX_POINT('',#5981);
#1719=VERTEX_POINT('',#5988);
#1720=VERTEX_POINT('',#5989);
#1721=VERTEX_POINT('',#5994);
#1722=VERTEX_POINT('',#5998);
#1723=VERTEX_POINT('',#6002);
#1724=VERTEX_POINT('',#6004);
#1725=VERTEX_POINT('',#6008);
#1726=VERTEX_POINT('',#6010);
#1727=VERTEX_POINT('',#6014);
#1728=VERTEX_POINT('',#6016);
#1729=VERTEX_POINT('',#6020);
#1730=VERTEX_POINT('',#6022);
#1731=VERTEX_POINT('',#6026);
#1732=VERTEX_POINT('',#6028);
#1733=VERTEX_POINT('',#6032);
#1734=VERTEX_POINT('',#6034);
#1735=VERTEX_POINT('',#6038);
#1736=VERTEX_POINT('',#6040);
#1737=VERTEX_POINT('',#6045);
#1738=VERTEX_POINT('',#6049);
#1739=VERTEX_POINT('',#6053);
#1740=VERTEX_POINT('',#6057);
#1741=VERTEX_POINT('',#6061);
#1742=VERTEX_POINT('',#6072);
#1743=VERTEX_POINT('',#6073);
#1744=VERTEX_POINT('',#6078);
#1745=VERTEX_POINT('',#6080);
#1746=VERTEX_POINT('',#6084);
#1747=VERTEX_POINT('',#6086);
#1748=VERTEX_POINT('',#6090);
#1749=VERTEX_POINT('',#6092);
#1750=VERTEX_POINT('',#6096);
#1751=VERTEX_POINT('',#6098);
#1752=VERTEX_POINT('',#6102);
#1753=VERTEX_POINT('',#6104);
#1754=VERTEX_POINT('',#6108);
#1755=VERTEX_POINT('',#6110);
#1756=VERTEX_POINT('',#6114);
#1757=VERTEX_POINT('',#6116);
#1758=VERTEX_POINT('',#6120);
#1759=VERTEX_POINT('',#6125);
#1760=VERTEX_POINT('',#6129);
#1761=VERTEX_POINT('',#6133);
#1762=VERTEX_POINT('',#6137);
#1763=VERTEX_POINT('',#6141);
#1764=VERTEX_POINT('',#6145);
#1765=VERTEX_POINT('',#6208);
#1766=VERTEX_POINT('',#6212);
#1767=VERTEX_POINT('',#6216);
#1768=VERTEX_POINT('',#6220);
#1769=VERTEX_POINT('',#6224);
#1770=VERTEX_POINT('',#6228);
#1771=VERTEX_POINT('',#6232);
#1772=VERTEX_POINT('',#6236);
#1773=EDGE_CURVE('',#1475,#1475,#1449,.T.);
#1774=EDGE_CURVE('',#1475,#1476,#727,.T.);
#1775=EDGE_CURVE('',#1476,#1476,#1450,.T.);
#1776=EDGE_CURVE('',#1477,#1477,#1451,.T.);
#1777=EDGE_CURVE('',#1477,#1478,#728,.T.);
#1778=EDGE_CURVE('',#1478,#1478,#1452,.T.);
#1779=EDGE_CURVE('',#1479,#1480,#729,.T.);
#1780=EDGE_CURVE('',#1479,#1481,#730,.T.);
#1781=EDGE_CURVE('',#1481,#1482,#731,.T.);
#1782=EDGE_CURVE('',#1483,#1482,#732,.T.);
#1783=EDGE_CURVE('',#1483,#1484,#733,.T.);
#1784=EDGE_CURVE('',#1485,#1484,#734,.T.);
#1785=EDGE_CURVE('',#1486,#1485,#735,.T.);
#1786=EDGE_CURVE('',#1480,#1486,#736,.T.);
#1787=EDGE_CURVE('',#1487,#1487,#1453,.T.);
#1788=EDGE_CURVE('',#1488,#1488,#1454,.T.);
#1789=EDGE_CURVE('',#1489,#1489,#1455,.T.);
#1790=EDGE_CURVE('',#1478,#1490,#737,.T.);
#1791=EDGE_CURVE('',#1490,#1490,#1456,.T.);
#1792=EDGE_CURVE('',#1487,#1491,#738,.T.);
#1793=EDGE_CURVE('',#1491,#1491,#1457,.T.);
#1794=EDGE_CURVE('',#1491,#1492,#739,.T.);
#1795=EDGE_CURVE('',#1492,#1492,#1458,.T.);
#1796=EDGE_CURVE('',#1489,#1493,#740,.T.);
#1797=EDGE_CURVE('',#1493,#1493,#1459,.T.);
#1798=EDGE_CURVE('',#1493,#1494,#741,.T.);
#1799=EDGE_CURVE('',#1494,#1494,#1460,.T.);
#1800=EDGE_CURVE('',#1488,#1495,#742,.T.);
#1801=EDGE_CURVE('',#1495,#1495,#1461,.T.);
#1802=EDGE_CURVE('',#1495,#1496,#743,.T.);
#1803=EDGE_CURVE('',#1496,#1496,#1462,.T.);
#1804=EDGE_CURVE('',#1497,#1498,#744,.T.);
#1805=EDGE_CURVE('',#1498,#1499,#15,.T.);
#1806=EDGE_CURVE('',#1499,#1500,#745,.T.);
#1807=EDGE_CURVE('',#1497,#1500,#16,.T.);
#1808=EDGE_CURVE('',#1498,#1501,#746,.T.);
#1809=EDGE_CURVE('',#1501,#1502,#17,.T.);
#1810=EDGE_CURVE('',#1502,#1499,#747,.T.);
#1811=EDGE_CURVE('',#1501,#1503,#748,.T.);
#1812=EDGE_CURVE('',#1503,#1504,#18,.T.);
#1813=EDGE_CURVE('',#1504,#1502,#749,.T.);
#1814=EDGE_CURVE('',#1503,#1505,#750,.T.);
#1815=EDGE_CURVE('',#1505,#1506,#19,.T.);
#1816=EDGE_CURVE('',#1506,#1504,#751,.T.);
#1817=EDGE_CURVE('',#1505,#1507,#752,.T.);
#1818=EDGE_CURVE('',#1507,#1508,#20,.T.);
#1819=EDGE_CURVE('',#1508,#1506,#753,.T.);
#1820=EDGE_CURVE('',#1509,#1510,#754,.T.);
#1821=EDGE_CURVE('',#1510,#1511,#21,.T.);
#1822=EDGE_CURVE('',#1511,#1512,#755,.T.);
#1823=EDGE_CURVE('',#1512,#1509,#22,.T.);
#1824=EDGE_CURVE('',#1513,#1511,#756,.T.);
#1825=EDGE_CURVE('',#1510,#1514,#757,.T.);
#1826=EDGE_CURVE('',#1514,#1513,#23,.T.);
#1827=EDGE_CURVE('',#1515,#1513,#758,.T.);
#1828=EDGE_CURVE('',#1514,#1516,#759,.T.);
#1829=EDGE_CURVE('',#1516,#1515,#24,.T.);
#1830=EDGE_CURVE('',#1507,#1509,#760,.T.);
#1831=EDGE_CURVE('',#1512,#1508,#761,.T.);
#1832=EDGE_CURVE('',#1517,#1515,#762,.T.);
#1833=EDGE_CURVE('',#1516,#1518,#763,.T.);
#1834=EDGE_CURVE('',#1518,#1517,#25,.T.);
#1835=EDGE_CURVE('',#1519,#1517,#764,.T.);
#1836=EDGE_CURVE('',#1518,#1520,#765,.T.);
#1837=EDGE_CURVE('',#1520,#1519,#26,.T.);
#1838=EDGE_CURVE('',#1521,#1519,#766,.T.);
#1839=EDGE_CURVE('',#1520,#1522,#767,.T.);
#1840=EDGE_CURVE('',#1522,#1521,#27,.T.);
#1841=EDGE_CURVE('',#1523,#1521,#768,.T.);
#1842=EDGE_CURVE('',#1522,#1524,#769,.T.);
#1843=EDGE_CURVE('',#1524,#1523,#28,.T.);
#1844=EDGE_CURVE('',#1525,#1523,#770,.T.);
#1845=EDGE_CURVE('',#1524,#1526,#771,.T.);
#1846=EDGE_CURVE('',#1526,#1525,#29,.T.);
#1847=EDGE_CURVE('',#1527,#1525,#772,.T.);
#1848=EDGE_CURVE('',#1526,#1528,#773,.T.);
#1849=EDGE_CURVE('',#1528,#1527,#30,.T.);
#1850=EDGE_CURVE('',#1500,#1527,#774,.T.);
#1851=EDGE_CURVE('',#1528,#1497,#775,.T.);
#1852=EDGE_CURVE('',#1524,#1529,#776,.T.);
#1853=EDGE_CURVE('',#1530,#1529,#777,.T.);
#1854=EDGE_CURVE('',#1526,#1530,#778,.T.);
#1855=EDGE_CURVE('',#1522,#1531,#779,.T.);
#1856=EDGE_CURVE('',#1529,#1531,#780,.T.);
#1857=EDGE_CURVE('',#1520,#1532,#781,.T.);
#1858=EDGE_CURVE('',#1531,#1532,#782,.T.);
#1859=EDGE_CURVE('',#1518,#1533,#783,.T.);
#1860=EDGE_CURVE('',#1532,#1533,#784,.T.);
#1861=EDGE_CURVE('',#1516,#1534,#785,.T.);
#1862=EDGE_CURVE('',#1533,#1534,#786,.T.);
#1863=EDGE_CURVE('',#1514,#1535,#787,.T.);
#1864=EDGE_CURVE('',#1534,#1535,#788,.T.);
#1865=EDGE_CURVE('',#1510,#1536,#789,.T.);
#1866=EDGE_CURVE('',#1535,#1536,#790,.T.);
#1867=EDGE_CURVE('',#1509,#1537,#791,.T.);
#1868=EDGE_CURVE('',#1536,#1537,#792,.T.);
#1869=EDGE_CURVE('',#1538,#1539,#793,.T.);
#1870=EDGE_CURVE('',#1540,#1539,#794,.T.);
#1871=EDGE_CURVE('',#1541,#1540,#795,.T.);
#1872=EDGE_CURVE('',#1542,#1541,#796,.T.);
#1873=EDGE_CURVE('',#1542,#1543,#797,.T.);
#1874=EDGE_CURVE('',#1543,#1544,#798,.T.);
#1875=EDGE_CURVE('',#1544,#1545,#799,.T.);
#1876=EDGE_CURVE('',#1538,#1545,#800,.T.);
#1877=EDGE_CURVE('',#1546,#1547,#801,.T.);
#1878=EDGE_CURVE('',#1548,#1546,#802,.T.);
#1879=EDGE_CURVE('',#1549,#1548,#803,.T.);
#1880=EDGE_CURVE('',#1550,#1549,#804,.T.);
#1881=EDGE_CURVE('',#1551,#1550,#805,.T.);
#1882=EDGE_CURVE('',#1552,#1551,#806,.T.);
#1883=EDGE_CURVE('',#1553,#1552,#807,.T.);
#1884=EDGE_CURVE('',#1554,#1553,#808,.T.);
#1885=EDGE_CURVE('',#1555,#1554,#809,.T.);
#1886=EDGE_CURVE('',#1556,#1555,#810,.T.);
#1887=EDGE_CURVE('',#1557,#1556,#811,.T.);
#1888=EDGE_CURVE('',#1558,#1557,#812,.T.);
#1889=EDGE_CURVE('',#1559,#1558,#813,.T.);
#1890=EDGE_CURVE('',#1560,#1559,#814,.T.);
#1891=EDGE_CURVE('',#1561,#1560,#815,.T.);
#1892=EDGE_CURVE('',#1547,#1561,#816,.T.);
#1893=EDGE_CURVE('',#1562,#1563,#817,.T.);
#1894=EDGE_CURVE('',#1564,#1562,#818,.T.);
#1895=EDGE_CURVE('',#1565,#1564,#819,.T.);
#1896=EDGE_CURVE('',#1566,#1565,#820,.T.);
#1897=EDGE_CURVE('',#1567,#1566,#821,.T.);
#1898=EDGE_CURVE('',#1568,#1567,#822,.T.);
#1899=EDGE_CURVE('',#1569,#1568,#823,.T.);
#1900=EDGE_CURVE('',#1570,#1569,#824,.T.);
#1901=EDGE_CURVE('',#1571,#1570,#825,.T.);
#1902=EDGE_CURVE('',#1572,#1571,#826,.T.);
#1903=EDGE_CURVE('',#1573,#1572,#827,.T.);
#1904=EDGE_CURVE('',#1574,#1573,#828,.T.);
#1905=EDGE_CURVE('',#1575,#1574,#829,.T.);
#1906=EDGE_CURVE('',#1576,#1575,#830,.T.);
#1907=EDGE_CURVE('',#1577,#1576,#831,.T.);
#1908=EDGE_CURVE('',#1563,#1577,#832,.T.);
#1909=EDGE_CURVE('',#1578,#1578,#1463,.T.);
#1910=EDGE_CURVE('',#1579,#1579,#1464,.T.);
#1911=EDGE_CURVE('',#1580,#1580,#1465,.T.);
#1912=EDGE_CURVE('',#1581,#1581,#1466,.T.);
#1913=EDGE_CURVE('',#1582,#1583,#833,.T.);
#1914=EDGE_CURVE('',#1584,#1582,#834,.T.);
#1915=EDGE_CURVE('',#1585,#1584,#835,.T.);
#1916=EDGE_CURVE('',#1586,#1585,#836,.T.);
#1917=EDGE_CURVE('',#1587,#1586,#837,.T.);
#1918=EDGE_CURVE('',#1588,#1587,#838,.T.);
#1919=EDGE_CURVE('',#1589,#1588,#839,.T.);
#1920=EDGE_CURVE('',#1590,#1589,#840,.T.);
#1921=EDGE_CURVE('',#1591,#1590,#841,.T.);
#1922=EDGE_CURVE('',#1592,#1591,#842,.T.);
#1923=EDGE_CURVE('',#1593,#1592,#843,.T.);
#1924=EDGE_CURVE('',#1594,#1593,#844,.T.);
#1925=EDGE_CURVE('',#1595,#1594,#845,.T.);
#1926=EDGE_CURVE('',#1596,#1595,#846,.T.);
#1927=EDGE_CURVE('',#1597,#1596,#847,.T.);
#1928=EDGE_CURVE('',#1583,#1597,#848,.T.);
#1929=EDGE_CURVE('',#1560,#1598,#31,.T.);
#1930=EDGE_CURVE('',#1598,#1599,#849,.T.);
#1931=EDGE_CURVE('',#1599,#1561,#32,.T.);
#1932=EDGE_CURVE('',#1600,#1601,#850,.T.);
#1933=EDGE_CURVE('',#1601,#1546,#33,.T.);
#1934=EDGE_CURVE('',#1600,#1547,#34,.T.);
#1935=EDGE_CURVE('',#1601,#1602,#851,.T.);
#1936=EDGE_CURVE('',#1602,#1548,#35,.T.);
#1937=EDGE_CURVE('',#1602,#1603,#852,.T.);
#1938=EDGE_CURVE('',#1603,#1549,#36,.T.);
#1939=EDGE_CURVE('',#1603,#1604,#853,.T.);
#1940=EDGE_CURVE('',#1604,#1550,#37,.T.);
#1941=EDGE_CURVE('',#1604,#1605,#854,.T.);
#1942=EDGE_CURVE('',#1605,#1551,#38,.T.);
#1943=EDGE_CURVE('',#1605,#1606,#855,.T.);
#1944=EDGE_CURVE('',#1606,#1552,#39,.T.);
#1945=EDGE_CURVE('',#1606,#1607,#856,.T.);
#1946=EDGE_CURVE('',#1607,#1553,#40,.T.);
#1947=EDGE_CURVE('',#1607,#1608,#857,.T.);
#1948=EDGE_CURVE('',#1608,#1554,#41,.T.);
#1949=EDGE_CURVE('',#1608,#1609,#858,.T.);
#1950=EDGE_CURVE('',#1609,#1555,#42,.T.);
#1951=EDGE_CURVE('',#1609,#1610,#859,.T.);
#1952=EDGE_CURVE('',#1610,#1556,#43,.T.);
#1953=EDGE_CURVE('',#1610,#1611,#860,.T.);
#1954=EDGE_CURVE('',#1611,#1557,#44,.T.);
#1955=EDGE_CURVE('',#1611,#1612,#861,.T.);
#1956=EDGE_CURVE('',#1612,#1558,#45,.T.);
#1957=EDGE_CURVE('',#1612,#1613,#862,.T.);
#1958=EDGE_CURVE('',#1613,#1559,#46,.T.);
#1959=EDGE_CURVE('',#1613,#1598,#863,.T.);
#1960=EDGE_CURVE('',#1599,#1600,#864,.T.);
#1961=EDGE_CURVE('',#1607,#1614,#865,.T.);
#1962=EDGE_CURVE('',#1615,#1614,#866,.T.);
#1963=EDGE_CURVE('',#1608,#1615,#867,.T.);
#1964=EDGE_CURVE('',#1606,#1616,#868,.T.);
#1965=EDGE_CURVE('',#1614,#1616,#869,.T.);
#1966=EDGE_CURVE('',#1605,#1617,#870,.T.);
#1967=EDGE_CURVE('',#1616,#1617,#871,.T.);
#1968=EDGE_CURVE('',#1604,#1618,#872,.T.);
#1969=EDGE_CURVE('',#1617,#1618,#873,.T.);
#1970=EDGE_CURVE('',#1603,#1619,#874,.T.);
#1971=EDGE_CURVE('',#1618,#1619,#875,.T.);
#1972=EDGE_CURVE('',#1602,#1620,#876,.T.);
#1973=EDGE_CURVE('',#1619,#1620,#877,.T.);
#1974=EDGE_CURVE('',#1601,#1621,#878,.T.);
#1975=EDGE_CURVE('',#1620,#1621,#879,.T.);
#1976=EDGE_CURVE('',#1600,#1622,#880,.T.);
#1977=EDGE_CURVE('',#1621,#1622,#881,.T.);
#1978=EDGE_CURVE('',#1623,#1624,#882,.T.);
#1979=EDGE_CURVE('',#1624,#1582,#47,.T.);
#1980=EDGE_CURVE('',#1583,#1623,#48,.T.);
#1981=EDGE_CURVE('',#1624,#1625,#883,.T.);
#1982=EDGE_CURVE('',#1625,#1584,#49,.T.);
#1983=EDGE_CURVE('',#1625,#1626,#884,.T.);
#1984=EDGE_CURVE('',#1626,#1585,#50,.T.);
#1985=EDGE_CURVE('',#1626,#1627,#885,.T.);
#1986=EDGE_CURVE('',#1627,#1586,#51,.T.);
#1987=EDGE_CURVE('',#1627,#1628,#886,.T.);
#1988=EDGE_CURVE('',#1628,#1587,#52,.T.);
#1989=EDGE_CURVE('',#1628,#1629,#887,.T.);
#1990=EDGE_CURVE('',#1629,#1588,#53,.T.);
#1991=EDGE_CURVE('',#1629,#1630,#888,.T.);
#1992=EDGE_CURVE('',#1630,#1589,#54,.T.);
#1993=EDGE_CURVE('',#1630,#1631,#889,.T.);
#1994=EDGE_CURVE('',#1631,#1590,#55,.T.);
#1995=EDGE_CURVE('',#1631,#1632,#890,.T.);
#1996=EDGE_CURVE('',#1632,#1591,#56,.T.);
#1997=EDGE_CURVE('',#1632,#1633,#891,.T.);
#1998=EDGE_CURVE('',#1633,#1592,#57,.T.);
#1999=EDGE_CURVE('',#1633,#1634,#892,.T.);
#2000=EDGE_CURVE('',#1634,#1593,#58,.T.);
#2001=EDGE_CURVE('',#1634,#1635,#893,.T.);
#2002=EDGE_CURVE('',#1635,#1594,#59,.T.);
#2003=EDGE_CURVE('',#1635,#1636,#894,.T.);
#2004=EDGE_CURVE('',#1636,#1595,#60,.T.);
#2005=EDGE_CURVE('',#1636,#1637,#895,.T.);
#2006=EDGE_CURVE('',#1637,#1596,#61,.T.);
#2007=EDGE_CURVE('',#1637,#1638,#896,.T.);
#2008=EDGE_CURVE('',#1638,#1597,#62,.T.);
#2009=EDGE_CURVE('',#1638,#1623,#897,.T.);
#2010=EDGE_CURVE('',#1630,#1639,#898,.T.);
#2011=EDGE_CURVE('',#1640,#1639,#899,.T.);
#2012=EDGE_CURVE('',#1631,#1640,#900,.T.);
#2013=EDGE_CURVE('',#1629,#1641,#901,.T.);
#2014=EDGE_CURVE('',#1639,#1641,#902,.T.);
#2015=EDGE_CURVE('',#1628,#1642,#903,.T.);
#2016=EDGE_CURVE('',#1641,#1642,#904,.T.);
#2017=EDGE_CURVE('',#1627,#1643,#905,.T.);
#2018=EDGE_CURVE('',#1642,#1643,#906,.T.);
#2019=EDGE_CURVE('',#1626,#1644,#907,.T.);
#2020=EDGE_CURVE('',#1643,#1644,#908,.T.);
#2021=EDGE_CURVE('',#1625,#1645,#909,.T.);
#2022=EDGE_CURVE('',#1644,#1645,#910,.T.);
#2023=EDGE_CURVE('',#1624,#1646,#911,.T.);
#2024=EDGE_CURVE('',#1645,#1646,#912,.T.);
#2025=EDGE_CURVE('',#1623,#1647,#913,.T.);
#2026=EDGE_CURVE('',#1646,#1647,#914,.T.);
#2027=EDGE_CURVE('',#1648,#1649,#915,.T.);
#2028=EDGE_CURVE('',#1649,#1576,#63,.T.);
#2029=EDGE_CURVE('',#1648,#1575,#64,.T.);
#2030=EDGE_CURVE('',#1649,#1650,#916,.T.);
#2031=EDGE_CURVE('',#1650,#1577,#65,.T.);
#2032=EDGE_CURVE('',#1651,#1652,#917,.T.);
#2033=EDGE_CURVE('',#1652,#1562,#66,.T.);
#2034=EDGE_CURVE('',#1563,#1651,#67,.T.);
#2035=EDGE_CURVE('',#1652,#1653,#918,.T.);
#2036=EDGE_CURVE('',#1653,#1564,#68,.T.);
#2037=EDGE_CURVE('',#1653,#1654,#919,.T.);
#2038=EDGE_CURVE('',#1654,#1565,#69,.T.);
#2039=EDGE_CURVE('',#1654,#1655,#920,.T.);
#2040=EDGE_CURVE('',#1655,#1566,#70,.T.);
#2041=EDGE_CURVE('',#1655,#1656,#921,.T.);
#2042=EDGE_CURVE('',#1656,#1567,#71,.T.);
#2043=EDGE_CURVE('',#1656,#1657,#922,.T.);
#2044=EDGE_CURVE('',#1657,#1568,#72,.T.);
#2045=EDGE_CURVE('',#1657,#1658,#923,.T.);
#2046=EDGE_CURVE('',#1658,#1569,#73,.T.);
#2047=EDGE_CURVE('',#1658,#1659,#924,.T.);
#2048=EDGE_CURVE('',#1659,#1570,#74,.T.);
#2049=EDGE_CURVE('',#1659,#1660,#925,.T.);
#2050=EDGE_CURVE('',#1660,#1571,#75,.T.);
#2051=EDGE_CURVE('',#1650,#1651,#926,.T.);
#2052=EDGE_CURVE('',#1660,#1661,#927,.T.);
#2053=EDGE_CURVE('',#1661,#1572,#76,.T.);
#2054=EDGE_CURVE('',#1661,#1662,#928,.T.);
#2055=EDGE_CURVE('',#1662,#1573,#77,.T.);
#2056=EDGE_CURVE('',#1662,#1663,#929,.T.);
#2057=EDGE_CURVE('',#1663,#1574,#78,.T.);
#2058=EDGE_CURVE('',#1663,#1648,#930,.T.);
#2059=EDGE_CURVE('',#1658,#1664,#931,.T.);
#2060=EDGE_CURVE('',#1665,#1664,#932,.T.);
#2061=EDGE_CURVE('',#1659,#1665,#933,.T.);
#2062=EDGE_CURVE('',#1657,#1666,#934,.T.);
#2063=EDGE_CURVE('',#1664,#1666,#935,.T.);
#2064=EDGE_CURVE('',#1656,#1667,#936,.T.);
#2065=EDGE_CURVE('',#1666,#1667,#937,.T.);
#2066=EDGE_CURVE('',#1655,#1668,#938,.T.);
#2067=EDGE_CURVE('',#1667,#1668,#939,.T.);
#2068=EDGE_CURVE('',#1654,#1669,#940,.T.);
#2069=EDGE_CURVE('',#1668,#1669,#941,.T.);
#2070=EDGE_CURVE('',#1653,#1670,#942,.T.);
#2071=EDGE_CURVE('',#1669,#1670,#943,.T.);
#2072=EDGE_CURVE('',#1652,#1671,#944,.T.);
#2073=EDGE_CURVE('',#1670,#1671,#945,.T.);
#2074=EDGE_CURVE('',#1651,#1672,#946,.T.);
#2075=EDGE_CURVE('',#1671,#1672,#947,.T.);
#2076=EDGE_CURVE('',#1673,#1674,#948,.T.);
#2077=EDGE_CURVE('',#1674,#1665,#79,.T.);
#2078=EDGE_CURVE('',#1673,#1664,#80,.T.);
#2079=EDGE_CURVE('',#1674,#1675,#949,.T.);
#2080=EDGE_CURVE('',#1675,#1676,#81,.T.);
#2081=EDGE_CURVE('',#1676,#1665,#950,.T.);
#2082=EDGE_CURVE('',#1675,#1677,#951,.T.);
#2083=EDGE_CURVE('',#1677,#1678,#82,.T.);
#2084=EDGE_CURVE('',#1678,#1676,#952,.T.);
#2085=EDGE_CURVE('',#1677,#1679,#953,.T.);
#2086=EDGE_CURVE('',#1679,#1680,#83,.T.);
#2087=EDGE_CURVE('',#1680,#1678,#954,.T.);
#2088=EDGE_CURVE('',#1679,#1681,#955,.T.);
#2089=EDGE_CURVE('',#1681,#1682,#84,.T.);
#2090=EDGE_CURVE('',#1682,#1680,#956,.T.);
#2091=EDGE_CURVE('',#1681,#1683,#957,.T.);
#2092=EDGE_CURVE('',#1683,#1684,#85,.T.);
#2093=EDGE_CURVE('',#1684,#1682,#958,.T.);
#2094=EDGE_CURVE('',#1683,#1685,#959,.T.);
#2095=EDGE_CURVE('',#1685,#1686,#86,.T.);
#2096=EDGE_CURVE('',#1686,#1684,#960,.T.);
#2097=EDGE_CURVE('',#1685,#1687,#961,.T.);
#2098=EDGE_CURVE('',#1687,#1688,#87,.T.);
#2099=EDGE_CURVE('',#1688,#1686,#962,.T.);
#2100=EDGE_CURVE('',#1687,#1689,#963,.T.);
#2101=EDGE_CURVE('',#1689,#1672,#88,.T.);
#2102=EDGE_CURVE('',#1672,#1688,#964,.T.);
#2103=EDGE_CURVE('',#1689,#1690,#965,.T.);
#2104=EDGE_CURVE('',#1690,#1671,#89,.T.);
#2105=EDGE_CURVE('',#1690,#1691,#966,.T.);
#2106=EDGE_CURVE('',#1691,#1670,#90,.T.);
#2107=EDGE_CURVE('',#1691,#1692,#967,.T.);
#2108=EDGE_CURVE('',#1692,#1669,#91,.T.);
#2109=EDGE_CURVE('',#1692,#1693,#968,.T.);
#2110=EDGE_CURVE('',#1693,#1668,#92,.T.);
#2111=EDGE_CURVE('',#1693,#1694,#969,.T.);
#2112=EDGE_CURVE('',#1694,#1667,#93,.T.);
#2113=EDGE_CURVE('',#1694,#1695,#970,.T.);
#2114=EDGE_CURVE('',#1695,#1666,#94,.T.);
#2115=EDGE_CURVE('',#1695,#1673,#971,.T.);
#2116=EDGE_CURVE('',#1696,#1697,#972,.T.);
#2117=EDGE_CURVE('',#1697,#1530,#95,.T.);
#2118=EDGE_CURVE('',#1696,#1529,#96,.T.);
#2119=EDGE_CURVE('',#1697,#1698,#973,.T.);
#2120=EDGE_CURVE('',#1698,#1699,#97,.T.);
#2121=EDGE_CURVE('',#1699,#1530,#974,.T.);
#2122=EDGE_CURVE('',#1698,#1700,#975,.T.);
#2123=EDGE_CURVE('',#1700,#1701,#98,.T.);
#2124=EDGE_CURVE('',#1701,#1699,#976,.T.);
#2125=EDGE_CURVE('',#1700,#1702,#977,.T.);
#2126=EDGE_CURVE('',#1702,#1703,#99,.T.);
#2127=EDGE_CURVE('',#1703,#1701,#978,.T.);
#2128=EDGE_CURVE('',#1702,#1704,#979,.T.);
#2129=EDGE_CURVE('',#1704,#1705,#100,.T.);
#2130=EDGE_CURVE('',#1705,#1703,#980,.T.);
#2131=EDGE_CURVE('',#1704,#1706,#981,.T.);
#2132=EDGE_CURVE('',#1706,#1707,#101,.T.);
#2133=EDGE_CURVE('',#1707,#1705,#982,.T.);
#2134=EDGE_CURVE('',#1706,#1708,#983,.T.);
#2135=EDGE_CURVE('',#1708,#1709,#102,.T.);
#2136=EDGE_CURVE('',#1709,#1707,#984,.T.);
#2137=EDGE_CURVE('',#1708,#1710,#985,.T.);
#2138=EDGE_CURVE('',#1710,#1711,#103,.T.);
#2139=EDGE_CURVE('',#1711,#1709,#986,.T.);
#2140=EDGE_CURVE('',#1710,#1712,#987,.T.);
#2141=EDGE_CURVE('',#1712,#1537,#104,.T.);
#2142=EDGE_CURVE('',#1537,#1711,#988,.T.);
#2143=EDGE_CURVE('',#1712,#1713,#989,.T.);
#2144=EDGE_CURVE('',#1713,#1536,#105,.T.);
#2145=EDGE_CURVE('',#1713,#1714,#990,.T.);
#2146=EDGE_CURVE('',#1714,#1535,#106,.T.);
#2147=EDGE_CURVE('',#1714,#1715,#991,.T.);
#2148=EDGE_CURVE('',#1715,#1534,#107,.T.);
#2149=EDGE_CURVE('',#1715,#1716,#992,.T.);
#2150=EDGE_CURVE('',#1716,#1533,#108,.T.);
#2151=EDGE_CURVE('',#1716,#1717,#993,.T.);
#2152=EDGE_CURVE('',#1717,#1532,#109,.T.);
#2153=EDGE_CURVE('',#1717,#1718,#994,.T.);
#2154=EDGE_CURVE('',#1718,#1531,#110,.T.);
#2155=EDGE_CURVE('',#1718,#1696,#995,.T.);
#2156=EDGE_CURVE('',#1719,#1720,#996,.T.);
#2157=EDGE_CURVE('',#1720,#1616,#111,.T.);
#2158=EDGE_CURVE('',#1719,#1617,#112,.T.);
#2159=EDGE_CURVE('',#1720,#1721,#997,.T.);
#2160=EDGE_CURVE('',#1721,#1614,#113,.T.);
#2161=EDGE_CURVE('',#1721,#1722,#998,.T.);
#2162=EDGE_CURVE('',#1722,#1615,#114,.T.);
#2163=EDGE_CURVE('',#1722,#1723,#999,.T.);
#2164=EDGE_CURVE('',#1723,#1724,#115,.T.);
#2165=EDGE_CURVE('',#1724,#1615,#1000,.T.);
#2166=EDGE_CURVE('',#1723,#1725,#1001,.T.);
#2167=EDGE_CURVE('',#1725,#1726,#116,.T.);
#2168=EDGE_CURVE('',#1726,#1724,#1002,.T.);
#2169=EDGE_CURVE('',#1725,#1727,#1003,.T.);
#2170=EDGE_CURVE('',#1727,#1728,#117,.T.);
#2171=EDGE_CURVE('',#1728,#1726,#1004,.T.);
#2172=EDGE_CURVE('',#1727,#1729,#1005,.T.);
#2173=EDGE_CURVE('',#1729,#1730,#118,.T.);
#2174=EDGE_CURVE('',#1730,#1728,#1006,.T.);
#2175=EDGE_CURVE('',#1729,#1731,#1007,.T.);
#2176=EDGE_CURVE('',#1731,#1732,#119,.T.);
#2177=EDGE_CURVE('',#1732,#1730,#1008,.T.);
#2178=EDGE_CURVE('',#1731,#1733,#1009,.T.);
#2179=EDGE_CURVE('',#1733,#1734,#120,.T.);
#2180=EDGE_CURVE('',#1734,#1732,#1010,.T.);
#2181=EDGE_CURVE('',#1735,#1734,#1011,.T.);
#2182=EDGE_CURVE('',#1733,#1736,#1012,.T.);
#2183=EDGE_CURVE('',#1736,#1735,#121,.T.);
#2184=EDGE_CURVE('',#1622,#1735,#1013,.T.);
#2185=EDGE_CURVE('',#1736,#1737,#1014,.T.);
#2186=EDGE_CURVE('',#1737,#1622,#122,.T.);
#2187=EDGE_CURVE('',#1737,#1738,#1015,.T.);
#2188=EDGE_CURVE('',#1738,#1621,#123,.T.);
#2189=EDGE_CURVE('',#1738,#1739,#1016,.T.);
#2190=EDGE_CURVE('',#1739,#1620,#124,.T.);
#2191=EDGE_CURVE('',#1739,#1740,#1017,.T.);
#2192=EDGE_CURVE('',#1740,#1619,#125,.T.);
#2193=EDGE_CURVE('',#1740,#1741,#1018,.T.);
#2194=EDGE_CURVE('',#1741,#1618,#126,.T.);
#2195=EDGE_CURVE('',#1741,#1719,#1019,.T.);
#2196=EDGE_CURVE('',#1598,#1734,#1020,.T.);
#2197=EDGE_CURVE('',#1599,#1735,#1021,.T.);
#2198=EDGE_CURVE('',#1742,#1743,#1022,.T.);
#2199=EDGE_CURVE('',#1743,#1640,#127,.T.);
#2200=EDGE_CURVE('',#1742,#1639,#128,.T.);
#2201=EDGE_CURVE('',#1743,#1744,#1023,.T.);
#2202=EDGE_CURVE('',#1744,#1745,#129,.T.);
#2203=EDGE_CURVE('',#1745,#1640,#1024,.T.);
#2204=EDGE_CURVE('',#1744,#1746,#1025,.T.);
#2205=EDGE_CURVE('',#1746,#1747,#130,.T.);
#2206=EDGE_CURVE('',#1747,#1745,#1026,.T.);
#2207=EDGE_CURVE('',#1746,#1748,#1027,.T.);
#2208=EDGE_CURVE('',#1748,#1749,#131,.T.);
#2209=EDGE_CURVE('',#1749,#1747,#1028,.T.);
#2210=EDGE_CURVE('',#1748,#1750,#1029,.T.);
#2211=EDGE_CURVE('',#1750,#1751,#132,.T.);
#2212=EDGE_CURVE('',#1751,#1749,#1030,.T.);
#2213=EDGE_CURVE('',#1750,#1752,#1031,.T.);
#2214=EDGE_CURVE('',#1752,#1753,#133,.T.);
#2215=EDGE_CURVE('',#1753,#1751,#1032,.T.);
#2216=EDGE_CURVE('',#1752,#1754,#1033,.T.);
#2217=EDGE_CURVE('',#1754,#1755,#134,.T.);
#2218=EDGE_CURVE('',#1755,#1753,#1034,.T.);
#2219=EDGE_CURVE('',#1754,#1756,#1035,.T.);
#2220=EDGE_CURVE('',#1756,#1757,#135,.T.);
#2221=EDGE_CURVE('',#1757,#1755,#1036,.T.);
#2222=EDGE_CURVE('',#1756,#1758,#1037,.T.);
#2223=EDGE_CURVE('',#1758,#1647,#136,.T.);
#2224=EDGE_CURVE('',#1647,#1757,#1038,.T.);
#2225=EDGE_CURVE('',#1758,#1759,#1039,.T.);
#2226=EDGE_CURVE('',#1759,#1646,#137,.T.);
#2227=EDGE_CURVE('',#1759,#1760,#1040,.T.);
#2228=EDGE_CURVE('',#1760,#1645,#138,.T.);
#2229=EDGE_CURVE('',#1760,#1761,#1041,.T.);
#2230=EDGE_CURVE('',#1761,#1644,#139,.T.);
#2231=EDGE_CURVE('',#1761,#1762,#1042,.T.);
#2232=EDGE_CURVE('',#1762,#1643,#140,.T.);
#2233=EDGE_CURVE('',#1762,#1763,#1043,.T.);
#2234=EDGE_CURVE('',#1763,#1642,#141,.T.);
#2235=EDGE_CURVE('',#1763,#1764,#1044,.T.);
#2236=EDGE_CURVE('',#1764,#1641,#142,.T.);
#2237=EDGE_CURVE('',#1764,#1742,#1045,.T.);
#2238=EDGE_CURVE('',#1609,#1724,#1046,.T.);
#2239=EDGE_CURVE('',#1610,#1726,#1047,.T.);
#2240=EDGE_CURVE('',#1611,#1728,#1048,.T.);
#2241=EDGE_CURVE('',#1612,#1730,#1049,.T.);
#2242=EDGE_CURVE('',#1613,#1732,#1050,.T.);
#2243=EDGE_CURVE('',#1528,#1699,#1051,.T.);
#2244=EDGE_CURVE('',#1497,#1701,#1052,.T.);
#2245=EDGE_CURVE('',#1498,#1703,#1053,.T.);
#2246=EDGE_CURVE('',#1501,#1705,#1054,.T.);
#2247=EDGE_CURVE('',#1503,#1707,#1055,.T.);
#2248=EDGE_CURVE('',#1505,#1709,#1056,.T.);
#2249=EDGE_CURVE('',#1507,#1711,#1057,.T.);
#2250=EDGE_CURVE('',#1632,#1745,#1058,.T.);
#2251=EDGE_CURVE('',#1633,#1747,#1059,.T.);
#2252=EDGE_CURVE('',#1634,#1749,#1060,.T.);
#2253=EDGE_CURVE('',#1635,#1751,#1061,.T.);
#2254=EDGE_CURVE('',#1636,#1753,#1062,.T.);
#2255=EDGE_CURVE('',#1637,#1755,#1063,.T.);
#2256=EDGE_CURVE('',#1638,#1757,#1064,.T.);
#2257=EDGE_CURVE('',#1660,#1676,#1065,.T.);
#2258=EDGE_CURVE('',#1661,#1678,#1066,.T.);
#2259=EDGE_CURVE('',#1662,#1680,#1067,.T.);
#2260=EDGE_CURVE('',#1663,#1682,#1068,.T.);
#2261=EDGE_CURVE('',#1648,#1684,#1069,.T.);
#2262=EDGE_CURVE('',#1649,#1686,#1070,.T.);
#2263=EDGE_CURVE('',#1650,#1688,#1071,.T.);
#2264=EDGE_CURVE('',#1581,#1765,#1072,.T.);
#2265=EDGE_CURVE('',#1765,#1765,#1467,.T.);
#2266=EDGE_CURVE('',#1765,#1766,#1073,.T.);
#2267=EDGE_CURVE('',#1766,#1766,#1468,.T.);
#2268=EDGE_CURVE('',#1578,#1767,#1074,.T.);
#2269=EDGE_CURVE('',#1767,#1767,#1469,.T.);
#2270=EDGE_CURVE('',#1767,#1768,#1075,.T.);
#2271=EDGE_CURVE('',#1768,#1768,#1470,.T.);
#2272=EDGE_CURVE('',#1580,#1769,#1076,.T.);
#2273=EDGE_CURVE('',#1769,#1769,#1471,.T.);
#2274=EDGE_CURVE('',#1769,#1770,#1077,.T.);
#2275=EDGE_CURVE('',#1770,#1770,#1472,.T.);
#2276=EDGE_CURVE('',#1579,#1771,#1078,.T.);
#2277=EDGE_CURVE('',#1771,#1771,#1473,.T.);
#2278=EDGE_CURVE('',#1771,#1772,#1079,.T.);
#2279=EDGE_CURVE('',#1772,#1772,#1474,.T.);
#2280=EDGE_CURVE('',#1484,#1540,#1080,.T.);
#2281=EDGE_CURVE('',#1539,#1485,#1081,.T.);
#2282=EDGE_CURVE('',#1483,#1541,#1082,.T.);
#2283=EDGE_CURVE('',#1482,#1542,#1083,.T.);
#2284=EDGE_CURVE('',#1545,#1480,#1084,.T.);
#2285=EDGE_CURVE('',#1538,#1486,#1085,.T.);
#2286=EDGE_CURVE('',#1543,#1481,#1086,.T.);
#2287=EDGE_CURVE('',#1544,#1479,#1087,.T.);
#2288=ORIENTED_EDGE('',*,*,#1773,.F.);
#2289=ORIENTED_EDGE('',*,*,#1774,.T.);
#2290=ORIENTED_EDGE('',*,*,#1775,.F.);
#2291=ORIENTED_EDGE('',*,*,#1774,.F.);
#2292=ORIENTED_EDGE('',*,*,#1776,.T.);
#2293=ORIENTED_EDGE('',*,*,#1777,.T.);
#2294=ORIENTED_EDGE('',*,*,#1778,.T.);
#2295=ORIENTED_EDGE('',*,*,#1777,.F.);
#2296=ORIENTED_EDGE('',*,*,#1779,.F.);
#2297=ORIENTED_EDGE('',*,*,#1780,.T.);
#2298=ORIENTED_EDGE('',*,*,#1781,.T.);
#2299=ORIENTED_EDGE('',*,*,#1782,.F.);
#2300=ORIENTED_EDGE('',*,*,#1783,.T.);
#2301=ORIENTED_EDGE('',*,*,#1784,.F.);
#2302=ORIENTED_EDGE('',*,*,#1785,.F.);
#2303=ORIENTED_EDGE('',*,*,#1786,.F.);
#2304=ORIENTED_EDGE('',*,*,#1775,.T.);
#2305=ORIENTED_EDGE('',*,*,#1787,.F.);
#2306=ORIENTED_EDGE('',*,*,#1788,.F.);
#2307=ORIENTED_EDGE('',*,*,#1789,.F.);
#2308=ORIENTED_EDGE('',*,*,#1776,.F.);
#2309=ORIENTED_EDGE('',*,*,#1778,.F.);
#2310=ORIENTED_EDGE('',*,*,#1790,.T.);
#2311=ORIENTED_EDGE('',*,*,#1791,.T.);
#2312=ORIENTED_EDGE('',*,*,#1790,.F.);
#2313=ORIENTED_EDGE('',*,*,#1787,.T.);
#2314=ORIENTED_EDGE('',*,*,#1792,.T.);
#2315=ORIENTED_EDGE('',*,*,#1793,.T.);
#2316=ORIENTED_EDGE('',*,*,#1792,.F.);
#2317=ORIENTED_EDGE('',*,*,#1793,.F.);
#2318=ORIENTED_EDGE('',*,*,#1794,.T.);
#2319=ORIENTED_EDGE('',*,*,#1795,.T.);
#2320=ORIENTED_EDGE('',*,*,#1794,.F.);
#2321=ORIENTED_EDGE('',*,*,#1789,.T.);
#2322=ORIENTED_EDGE('',*,*,#1796,.T.);
#2323=ORIENTED_EDGE('',*,*,#1797,.T.);
#2324=ORIENTED_EDGE('',*,*,#1796,.F.);
#2325=ORIENTED_EDGE('',*,*,#1797,.F.);
#2326=ORIENTED_EDGE('',*,*,#1798,.T.);
#2327=ORIENTED_EDGE('',*,*,#1799,.T.);
#2328=ORIENTED_EDGE('',*,*,#1798,.F.);
#2329=ORIENTED_EDGE('',*,*,#1788,.T.);
#2330=ORIENTED_EDGE('',*,*,#1800,.T.);
#2331=ORIENTED_EDGE('',*,*,#1801,.T.);
#2332=ORIENTED_EDGE('',*,*,#1800,.F.);
#2333=ORIENTED_EDGE('',*,*,#1801,.F.);
#2334=ORIENTED_EDGE('',*,*,#1802,.T.);
#2335=ORIENTED_EDGE('',*,*,#1803,.T.);
#2336=ORIENTED_EDGE('',*,*,#1802,.F.);
#2337=ORIENTED_EDGE('',*,*,#1804,.T.);
#2338=ORIENTED_EDGE('',*,*,#1805,.T.);
#2339=ORIENTED_EDGE('',*,*,#1806,.T.);
#2340=ORIENTED_EDGE('',*,*,#1807,.F.);
#2341=ORIENTED_EDGE('',*,*,#1808,.T.);
#2342=ORIENTED_EDGE('',*,*,#1809,.T.);
#2343=ORIENTED_EDGE('',*,*,#1810,.T.);
#2344=ORIENTED_EDGE('',*,*,#1805,.F.);
#2345=ORIENTED_EDGE('',*,*,#1811,.T.);
#2346=ORIENTED_EDGE('',*,*,#1812,.T.);
#2347=ORIENTED_EDGE('',*,*,#1813,.T.);
#2348=ORIENTED_EDGE('',*,*,#1809,.F.);
#2349=ORIENTED_EDGE('',*,*,#1814,.T.);
#2350=ORIENTED_EDGE('',*,*,#1815,.T.);
#2351=ORIENTED_EDGE('',*,*,#1816,.T.);
#2352=ORIENTED_EDGE('',*,*,#1812,.F.);
#2353=ORIENTED_EDGE('',*,*,#1817,.T.);
#2354=ORIENTED_EDGE('',*,*,#1818,.T.);
#2355=ORIENTED_EDGE('',*,*,#1819,.T.);
#2356=ORIENTED_EDGE('',*,*,#1815,.F.);
#2357=ORIENTED_EDGE('',*,*,#1820,.T.);
#2358=ORIENTED_EDGE('',*,*,#1821,.T.);
#2359=ORIENTED_EDGE('',*,*,#1822,.T.);
#2360=ORIENTED_EDGE('',*,*,#1823,.T.);
#2361=ORIENTED_EDGE('',*,*,#1824,.T.);
#2362=ORIENTED_EDGE('',*,*,#1821,.F.);
#2363=ORIENTED_EDGE('',*,*,#1825,.T.);
#2364=ORIENTED_EDGE('',*,*,#1826,.T.);
#2365=ORIENTED_EDGE('',*,*,#1827,.T.);
#2366=ORIENTED_EDGE('',*,*,#1826,.F.);
#2367=ORIENTED_EDGE('',*,*,#1828,.T.);
#2368=ORIENTED_EDGE('',*,*,#1829,.T.);
#2369=ORIENTED_EDGE('',*,*,#1830,.T.);
#2370=ORIENTED_EDGE('',*,*,#1823,.F.);
#2371=ORIENTED_EDGE('',*,*,#1831,.T.);
#2372=ORIENTED_EDGE('',*,*,#1818,.F.);
#2373=ORIENTED_EDGE('',*,*,#1832,.T.);
#2374=ORIENTED_EDGE('',*,*,#1829,.F.);
#2375=ORIENTED_EDGE('',*,*,#1833,.T.);
#2376=ORIENTED_EDGE('',*,*,#1834,.T.);
#2377=ORIENTED_EDGE('',*,*,#1835,.T.);
#2378=ORIENTED_EDGE('',*,*,#1834,.F.);
#2379=ORIENTED_EDGE('',*,*,#1836,.T.);
#2380=ORIENTED_EDGE('',*,*,#1837,.T.);
#2381=ORIENTED_EDGE('',*,*,#1838,.T.);
#2382=ORIENTED_EDGE('',*,*,#1837,.F.);
#2383=ORIENTED_EDGE('',*,*,#1839,.T.);
#2384=ORIENTED_EDGE('',*,*,#1840,.T.);
#2385=ORIENTED_EDGE('',*,*,#1841,.T.);
#2386=ORIENTED_EDGE('',*,*,#1840,.F.);
#2387=ORIENTED_EDGE('',*,*,#1842,.T.);
#2388=ORIENTED_EDGE('',*,*,#1843,.T.);
#2389=ORIENTED_EDGE('',*,*,#1844,.T.);
#2390=ORIENTED_EDGE('',*,*,#1843,.F.);
#2391=ORIENTED_EDGE('',*,*,#1845,.T.);
#2392=ORIENTED_EDGE('',*,*,#1846,.T.);
#2393=ORIENTED_EDGE('',*,*,#1847,.T.);
#2394=ORIENTED_EDGE('',*,*,#1846,.F.);
#2395=ORIENTED_EDGE('',*,*,#1848,.T.);
#2396=ORIENTED_EDGE('',*,*,#1849,.T.);
#2397=ORIENTED_EDGE('',*,*,#1850,.T.);
#2398=ORIENTED_EDGE('',*,*,#1849,.F.);
#2399=ORIENTED_EDGE('',*,*,#1851,.T.);
#2400=ORIENTED_EDGE('',*,*,#1807,.T.);
#2401=ORIENTED_EDGE('',*,*,#1845,.F.);
#2402=ORIENTED_EDGE('',*,*,#1852,.T.);
#2403=ORIENTED_EDGE('',*,*,#1853,.F.);
#2404=ORIENTED_EDGE('',*,*,#1854,.F.);
#2405=ORIENTED_EDGE('',*,*,#1842,.F.);
#2406=ORIENTED_EDGE('',*,*,#1855,.T.);
#2407=ORIENTED_EDGE('',*,*,#1856,.F.);
#2408=ORIENTED_EDGE('',*,*,#1852,.F.);
#2409=ORIENTED_EDGE('',*,*,#1839,.F.);
#2410=ORIENTED_EDGE('',*,*,#1857,.T.);
#2411=ORIENTED_EDGE('',*,*,#1858,.F.);
#2412=ORIENTED_EDGE('',*,*,#1855,.F.);
#2413=ORIENTED_EDGE('',*,*,#1836,.F.);
#2414=ORIENTED_EDGE('',*,*,#1859,.T.);
#2415=ORIENTED_EDGE('',*,*,#1860,.F.);
#2416=ORIENTED_EDGE('',*,*,#1857,.F.);
#2417=ORIENTED_EDGE('',*,*,#1833,.F.);
#2418=ORIENTED_EDGE('',*,*,#1861,.T.);
#2419=ORIENTED_EDGE('',*,*,#1862,.F.);
#2420=ORIENTED_EDGE('',*,*,#1859,.F.);
#2421=ORIENTED_EDGE('',*,*,#1828,.F.);
#2422=ORIENTED_EDGE('',*,*,#1863,.T.);
#2423=ORIENTED_EDGE('',*,*,#1864,.F.);
#2424=ORIENTED_EDGE('',*,*,#1861,.F.);
#2425=ORIENTED_EDGE('',*,*,#1825,.F.);
#2426=ORIENTED_EDGE('',*,*,#1865,.T.);
#2427=ORIENTED_EDGE('',*,*,#1866,.F.);
#2428=ORIENTED_EDGE('',*,*,#1863,.F.);
#2429=ORIENTED_EDGE('',*,*,#1820,.F.);
#2430=ORIENTED_EDGE('',*,*,#1867,.T.);
#2431=ORIENTED_EDGE('',*,*,#1868,.F.);
#2432=ORIENTED_EDGE('',*,*,#1865,.F.);
#2433=ORIENTED_EDGE('',*,*,#1869,.T.);
#2434=ORIENTED_EDGE('',*,*,#1870,.F.);
#2435=ORIENTED_EDGE('',*,*,#1871,.F.);
#2436=ORIENTED_EDGE('',*,*,#1872,.F.);
#2437=ORIENTED_EDGE('',*,*,#1873,.T.);
#2438=ORIENTED_EDGE('',*,*,#1874,.T.);
#2439=ORIENTED_EDGE('',*,*,#1875,.T.);
#2440=ORIENTED_EDGE('',*,*,#1876,.F.);
#2441=ORIENTED_EDGE('',*,*,#1773,.T.);
#2442=ORIENTED_EDGE('',*,*,#1877,.F.);
#2443=ORIENTED_EDGE('',*,*,#1878,.F.);
#2444=ORIENTED_EDGE('',*,*,#1879,.F.);
#2445=ORIENTED_EDGE('',*,*,#1880,.F.);
#2446=ORIENTED_EDGE('',*,*,#1881,.F.);
#2447=ORIENTED_EDGE('',*,*,#1882,.F.);
#2448=ORIENTED_EDGE('',*,*,#1883,.F.);
#2449=ORIENTED_EDGE('',*,*,#1884,.F.);
#2450=ORIENTED_EDGE('',*,*,#1885,.F.);
#2451=ORIENTED_EDGE('',*,*,#1886,.F.);
#2452=ORIENTED_EDGE('',*,*,#1887,.F.);
#2453=ORIENTED_EDGE('',*,*,#1888,.F.);
#2454=ORIENTED_EDGE('',*,*,#1889,.F.);
#2455=ORIENTED_EDGE('',*,*,#1890,.F.);
#2456=ORIENTED_EDGE('',*,*,#1891,.F.);
#2457=ORIENTED_EDGE('',*,*,#1892,.F.);
#2458=ORIENTED_EDGE('',*,*,#1893,.F.);
#2459=ORIENTED_EDGE('',*,*,#1894,.F.);
#2460=ORIENTED_EDGE('',*,*,#1895,.F.);
#2461=ORIENTED_EDGE('',*,*,#1896,.F.);
#2462=ORIENTED_EDGE('',*,*,#1897,.F.);
#2463=ORIENTED_EDGE('',*,*,#1898,.F.);
#2464=ORIENTED_EDGE('',*,*,#1899,.F.);
#2465=ORIENTED_EDGE('',*,*,#1900,.F.);
#2466=ORIENTED_EDGE('',*,*,#1901,.F.);
#2467=ORIENTED_EDGE('',*,*,#1902,.F.);
#2468=ORIENTED_EDGE('',*,*,#1903,.F.);
#2469=ORIENTED_EDGE('',*,*,#1904,.F.);
#2470=ORIENTED_EDGE('',*,*,#1905,.F.);
#2471=ORIENTED_EDGE('',*,*,#1906,.F.);
#2472=ORIENTED_EDGE('',*,*,#1907,.F.);
#2473=ORIENTED_EDGE('',*,*,#1908,.F.);
#2474=ORIENTED_EDGE('',*,*,#1909,.F.);
#2475=ORIENTED_EDGE('',*,*,#1910,.F.);
#2476=ORIENTED_EDGE('',*,*,#1911,.F.);
#2477=ORIENTED_EDGE('',*,*,#1912,.F.);
#2478=ORIENTED_EDGE('',*,*,#1913,.F.);
#2479=ORIENTED_EDGE('',*,*,#1914,.F.);
#2480=ORIENTED_EDGE('',*,*,#1915,.F.);
#2481=ORIENTED_EDGE('',*,*,#1916,.F.);
#2482=ORIENTED_EDGE('',*,*,#1917,.F.);
#2483=ORIENTED_EDGE('',*,*,#1918,.F.);
#2484=ORIENTED_EDGE('',*,*,#1919,.F.);
#2485=ORIENTED_EDGE('',*,*,#1920,.F.);
#2486=ORIENTED_EDGE('',*,*,#1921,.F.);
#2487=ORIENTED_EDGE('',*,*,#1922,.F.);
#2488=ORIENTED_EDGE('',*,*,#1923,.F.);
#2489=ORIENTED_EDGE('',*,*,#1924,.F.);
#2490=ORIENTED_EDGE('',*,*,#1925,.F.);
#2491=ORIENTED_EDGE('',*,*,#1926,.F.);
#2492=ORIENTED_EDGE('',*,*,#1927,.F.);
#2493=ORIENTED_EDGE('',*,*,#1928,.F.);
#2494=ORIENTED_EDGE('',*,*,#1822,.F.);
#2495=ORIENTED_EDGE('',*,*,#1824,.F.);
#2496=ORIENTED_EDGE('',*,*,#1827,.F.);
#2497=ORIENTED_EDGE('',*,*,#1832,.F.);
#2498=ORIENTED_EDGE('',*,*,#1835,.F.);
#2499=ORIENTED_EDGE('',*,*,#1838,.F.);
#2500=ORIENTED_EDGE('',*,*,#1841,.F.);
#2501=ORIENTED_EDGE('',*,*,#1844,.F.);
#2502=ORIENTED_EDGE('',*,*,#1847,.F.);
#2503=ORIENTED_EDGE('',*,*,#1850,.F.);
#2504=ORIENTED_EDGE('',*,*,#1806,.F.);
#2505=ORIENTED_EDGE('',*,*,#1810,.F.);
#2506=ORIENTED_EDGE('',*,*,#1813,.F.);
#2507=ORIENTED_EDGE('',*,*,#1816,.F.);
#2508=ORIENTED_EDGE('',*,*,#1819,.F.);
#2509=ORIENTED_EDGE('',*,*,#1831,.F.);
#2510=ORIENTED_EDGE('',*,*,#1891,.T.);
#2511=ORIENTED_EDGE('',*,*,#1929,.T.);
#2512=ORIENTED_EDGE('',*,*,#1930,.T.);
#2513=ORIENTED_EDGE('',*,*,#1931,.T.);
#2514=ORIENTED_EDGE('',*,*,#1932,.T.);
#2515=ORIENTED_EDGE('',*,*,#1933,.T.);
#2516=ORIENTED_EDGE('',*,*,#1877,.T.);
#2517=ORIENTED_EDGE('',*,*,#1934,.F.);
#2518=ORIENTED_EDGE('',*,*,#1935,.T.);
#2519=ORIENTED_EDGE('',*,*,#1936,.T.);
#2520=ORIENTED_EDGE('',*,*,#1878,.T.);
#2521=ORIENTED_EDGE('',*,*,#1933,.F.);
#2522=ORIENTED_EDGE('',*,*,#1937,.T.);
#2523=ORIENTED_EDGE('',*,*,#1938,.T.);
#2524=ORIENTED_EDGE('',*,*,#1879,.T.);
#2525=ORIENTED_EDGE('',*,*,#1936,.F.);
#2526=ORIENTED_EDGE('',*,*,#1939,.T.);
#2527=ORIENTED_EDGE('',*,*,#1940,.T.);
#2528=ORIENTED_EDGE('',*,*,#1880,.T.);
#2529=ORIENTED_EDGE('',*,*,#1938,.F.);
#2530=ORIENTED_EDGE('',*,*,#1941,.T.);
#2531=ORIENTED_EDGE('',*,*,#1942,.T.);
#2532=ORIENTED_EDGE('',*,*,#1881,.T.);
#2533=ORIENTED_EDGE('',*,*,#1940,.F.);
#2534=ORIENTED_EDGE('',*,*,#1943,.T.);
#2535=ORIENTED_EDGE('',*,*,#1944,.T.);
#2536=ORIENTED_EDGE('',*,*,#1882,.T.);
#2537=ORIENTED_EDGE('',*,*,#1942,.F.);
#2538=ORIENTED_EDGE('',*,*,#1945,.T.);
#2539=ORIENTED_EDGE('',*,*,#1946,.T.);
#2540=ORIENTED_EDGE('',*,*,#1883,.T.);
#2541=ORIENTED_EDGE('',*,*,#1944,.F.);
#2542=ORIENTED_EDGE('',*,*,#1884,.T.);
#2543=ORIENTED_EDGE('',*,*,#1946,.F.);
#2544=ORIENTED_EDGE('',*,*,#1947,.T.);
#2545=ORIENTED_EDGE('',*,*,#1948,.T.);
#2546=ORIENTED_EDGE('',*,*,#1885,.T.);
#2547=ORIENTED_EDGE('',*,*,#1948,.F.);
#2548=ORIENTED_EDGE('',*,*,#1949,.T.);
#2549=ORIENTED_EDGE('',*,*,#1950,.T.);
#2550=ORIENTED_EDGE('',*,*,#1886,.T.);
#2551=ORIENTED_EDGE('',*,*,#1950,.F.);
#2552=ORIENTED_EDGE('',*,*,#1951,.T.);
#2553=ORIENTED_EDGE('',*,*,#1952,.T.);
#2554=ORIENTED_EDGE('',*,*,#1887,.T.);
#2555=ORIENTED_EDGE('',*,*,#1952,.F.);
#2556=ORIENTED_EDGE('',*,*,#1953,.T.);
#2557=ORIENTED_EDGE('',*,*,#1954,.T.);
#2558=ORIENTED_EDGE('',*,*,#1888,.T.);
#2559=ORIENTED_EDGE('',*,*,#1954,.F.);
#2560=ORIENTED_EDGE('',*,*,#1955,.T.);
#2561=ORIENTED_EDGE('',*,*,#1956,.T.);
#2562=ORIENTED_EDGE('',*,*,#1889,.T.);
#2563=ORIENTED_EDGE('',*,*,#1956,.F.);
#2564=ORIENTED_EDGE('',*,*,#1957,.T.);
#2565=ORIENTED_EDGE('',*,*,#1958,.T.);
#2566=ORIENTED_EDGE('',*,*,#1890,.T.);
#2567=ORIENTED_EDGE('',*,*,#1958,.F.);
#2568=ORIENTED_EDGE('',*,*,#1959,.T.);
#2569=ORIENTED_EDGE('',*,*,#1929,.F.);
#2570=ORIENTED_EDGE('',*,*,#1892,.T.);
#2571=ORIENTED_EDGE('',*,*,#1931,.F.);
#2572=ORIENTED_EDGE('',*,*,#1960,.T.);
#2573=ORIENTED_EDGE('',*,*,#1934,.T.);
#2574=ORIENTED_EDGE('',*,*,#1947,.F.);
#2575=ORIENTED_EDGE('',*,*,#1961,.T.);
#2576=ORIENTED_EDGE('',*,*,#1962,.F.);
#2577=ORIENTED_EDGE('',*,*,#1963,.F.);
#2578=ORIENTED_EDGE('',*,*,#1945,.F.);
#2579=ORIENTED_EDGE('',*,*,#1964,.T.);
#2580=ORIENTED_EDGE('',*,*,#1965,.F.);
#2581=ORIENTED_EDGE('',*,*,#1961,.F.);
#2582=ORIENTED_EDGE('',*,*,#1943,.F.);
#2583=ORIENTED_EDGE('',*,*,#1966,.T.);
#2584=ORIENTED_EDGE('',*,*,#1967,.F.);
#2585=ORIENTED_EDGE('',*,*,#1964,.F.);
#2586=ORIENTED_EDGE('',*,*,#1941,.F.);
#2587=ORIENTED_EDGE('',*,*,#1968,.T.);
#2588=ORIENTED_EDGE('',*,*,#1969,.F.);
#2589=ORIENTED_EDGE('',*,*,#1966,.F.);
#2590=ORIENTED_EDGE('',*,*,#1939,.F.);
#2591=ORIENTED_EDGE('',*,*,#1970,.T.);
#2592=ORIENTED_EDGE('',*,*,#1971,.F.);
#2593=ORIENTED_EDGE('',*,*,#1968,.F.);
#2594=ORIENTED_EDGE('',*,*,#1937,.F.);
#2595=ORIENTED_EDGE('',*,*,#1972,.T.);
#2596=ORIENTED_EDGE('',*,*,#1973,.F.);
#2597=ORIENTED_EDGE('',*,*,#1970,.F.);
#2598=ORIENTED_EDGE('',*,*,#1935,.F.);
#2599=ORIENTED_EDGE('',*,*,#1974,.T.);
#2600=ORIENTED_EDGE('',*,*,#1975,.F.);
#2601=ORIENTED_EDGE('',*,*,#1972,.F.);
#2602=ORIENTED_EDGE('',*,*,#1932,.F.);
#2603=ORIENTED_EDGE('',*,*,#1976,.T.);
#2604=ORIENTED_EDGE('',*,*,#1977,.F.);
#2605=ORIENTED_EDGE('',*,*,#1974,.F.);
#2606=ORIENTED_EDGE('',*,*,#1978,.T.);
#2607=ORIENTED_EDGE('',*,*,#1979,.T.);
#2608=ORIENTED_EDGE('',*,*,#1913,.T.);
#2609=ORIENTED_EDGE('',*,*,#1980,.T.);
#2610=ORIENTED_EDGE('',*,*,#1981,.T.);
#2611=ORIENTED_EDGE('',*,*,#1982,.T.);
#2612=ORIENTED_EDGE('',*,*,#1914,.T.);
#2613=ORIENTED_EDGE('',*,*,#1979,.F.);
#2614=ORIENTED_EDGE('',*,*,#1983,.T.);
#2615=ORIENTED_EDGE('',*,*,#1984,.T.);
#2616=ORIENTED_EDGE('',*,*,#1915,.T.);
#2617=ORIENTED_EDGE('',*,*,#1982,.F.);
#2618=ORIENTED_EDGE('',*,*,#1985,.T.);
#2619=ORIENTED_EDGE('',*,*,#1986,.T.);
#2620=ORIENTED_EDGE('',*,*,#1916,.T.);
#2621=ORIENTED_EDGE('',*,*,#1984,.F.);
#2622=ORIENTED_EDGE('',*,*,#1987,.T.);
#2623=ORIENTED_EDGE('',*,*,#1988,.T.);
#2624=ORIENTED_EDGE('',*,*,#1917,.T.);
#2625=ORIENTED_EDGE('',*,*,#1986,.F.);
#2626=ORIENTED_EDGE('',*,*,#1989,.T.);
#2627=ORIENTED_EDGE('',*,*,#1990,.T.);
#2628=ORIENTED_EDGE('',*,*,#1918,.T.);
#2629=ORIENTED_EDGE('',*,*,#1988,.F.);
#2630=ORIENTED_EDGE('',*,*,#1991,.T.);
#2631=ORIENTED_EDGE('',*,*,#1992,.T.);
#2632=ORIENTED_EDGE('',*,*,#1919,.T.);
#2633=ORIENTED_EDGE('',*,*,#1990,.F.);
#2634=ORIENTED_EDGE('',*,*,#1920,.T.);
#2635=ORIENTED_EDGE('',*,*,#1992,.F.);
#2636=ORIENTED_EDGE('',*,*,#1993,.T.);
#2637=ORIENTED_EDGE('',*,*,#1994,.T.);
#2638=ORIENTED_EDGE('',*,*,#1921,.T.);
#2639=ORIENTED_EDGE('',*,*,#1994,.F.);
#2640=ORIENTED_EDGE('',*,*,#1995,.T.);
#2641=ORIENTED_EDGE('',*,*,#1996,.T.);
#2642=ORIENTED_EDGE('',*,*,#1922,.T.);
#2643=ORIENTED_EDGE('',*,*,#1996,.F.);
#2644=ORIENTED_EDGE('',*,*,#1997,.T.);
#2645=ORIENTED_EDGE('',*,*,#1998,.T.);
#2646=ORIENTED_EDGE('',*,*,#1923,.T.);
#2647=ORIENTED_EDGE('',*,*,#1998,.F.);
#2648=ORIENTED_EDGE('',*,*,#1999,.T.);
#2649=ORIENTED_EDGE('',*,*,#2000,.T.);
#2650=ORIENTED_EDGE('',*,*,#1924,.T.);
#2651=ORIENTED_EDGE('',*,*,#2000,.F.);
#2652=ORIENTED_EDGE('',*,*,#2001,.T.);
#2653=ORIENTED_EDGE('',*,*,#2002,.T.);
#2654=ORIENTED_EDGE('',*,*,#1925,.T.);
#2655=ORIENTED_EDGE('',*,*,#2002,.F.);
#2656=ORIENTED_EDGE('',*,*,#2003,.T.);
#2657=ORIENTED_EDGE('',*,*,#2004,.T.);
#2658=ORIENTED_EDGE('',*,*,#1926,.T.);
#2659=ORIENTED_EDGE('',*,*,#2004,.F.);
#2660=ORIENTED_EDGE('',*,*,#2005,.T.);
#2661=ORIENTED_EDGE('',*,*,#2006,.T.);
#2662=ORIENTED_EDGE('',*,*,#1927,.T.);
#2663=ORIENTED_EDGE('',*,*,#2006,.F.);
#2664=ORIENTED_EDGE('',*,*,#2007,.T.);
#2665=ORIENTED_EDGE('',*,*,#2008,.T.);
#2666=ORIENTED_EDGE('',*,*,#1928,.T.);
#2667=ORIENTED_EDGE('',*,*,#2008,.F.);
#2668=ORIENTED_EDGE('',*,*,#2009,.T.);
#2669=ORIENTED_EDGE('',*,*,#1980,.F.);
#2670=ORIENTED_EDGE('',*,*,#1993,.F.);
#2671=ORIENTED_EDGE('',*,*,#2010,.T.);
#2672=ORIENTED_EDGE('',*,*,#2011,.F.);
#2673=ORIENTED_EDGE('',*,*,#2012,.F.);
#2674=ORIENTED_EDGE('',*,*,#1991,.F.);
#2675=ORIENTED_EDGE('',*,*,#2013,.T.);
#2676=ORIENTED_EDGE('',*,*,#2014,.F.);
#2677=ORIENTED_EDGE('',*,*,#2010,.F.);
#2678=ORIENTED_EDGE('',*,*,#1989,.F.);
#2679=ORIENTED_EDGE('',*,*,#2015,.T.);
#2680=ORIENTED_EDGE('',*,*,#2016,.F.);
#2681=ORIENTED_EDGE('',*,*,#2013,.F.);
#2682=ORIENTED_EDGE('',*,*,#1987,.F.);
#2683=ORIENTED_EDGE('',*,*,#2017,.T.);
#2684=ORIENTED_EDGE('',*,*,#2018,.F.);
#2685=ORIENTED_EDGE('',*,*,#2015,.F.);
#2686=ORIENTED_EDGE('',*,*,#1985,.F.);
#2687=ORIENTED_EDGE('',*,*,#2019,.T.);
#2688=ORIENTED_EDGE('',*,*,#2020,.F.);
#2689=ORIENTED_EDGE('',*,*,#2017,.F.);
#2690=ORIENTED_EDGE('',*,*,#1983,.F.);
#2691=ORIENTED_EDGE('',*,*,#2021,.T.);
#2692=ORIENTED_EDGE('',*,*,#2022,.F.);
#2693=ORIENTED_EDGE('',*,*,#2019,.F.);
#2694=ORIENTED_EDGE('',*,*,#1981,.F.);
#2695=ORIENTED_EDGE('',*,*,#2023,.T.);
#2696=ORIENTED_EDGE('',*,*,#2024,.F.);
#2697=ORIENTED_EDGE('',*,*,#2021,.F.);
#2698=ORIENTED_EDGE('',*,*,#1978,.F.);
#2699=ORIENTED_EDGE('',*,*,#2025,.T.);
#2700=ORIENTED_EDGE('',*,*,#2026,.F.);
#2701=ORIENTED_EDGE('',*,*,#2023,.F.);
#2702=ORIENTED_EDGE('',*,*,#2027,.T.);
#2703=ORIENTED_EDGE('',*,*,#2028,.T.);
#2704=ORIENTED_EDGE('',*,*,#1906,.T.);
#2705=ORIENTED_EDGE('',*,*,#2029,.F.);
#2706=ORIENTED_EDGE('',*,*,#2030,.T.);
#2707=ORIENTED_EDGE('',*,*,#2031,.T.);
#2708=ORIENTED_EDGE('',*,*,#1907,.T.);
#2709=ORIENTED_EDGE('',*,*,#2028,.F.);
#2710=ORIENTED_EDGE('',*,*,#2032,.T.);
#2711=ORIENTED_EDGE('',*,*,#2033,.T.);
#2712=ORIENTED_EDGE('',*,*,#1893,.T.);
#2713=ORIENTED_EDGE('',*,*,#2034,.T.);
#2714=ORIENTED_EDGE('',*,*,#2035,.T.);
#2715=ORIENTED_EDGE('',*,*,#2036,.T.);
#2716=ORIENTED_EDGE('',*,*,#1894,.T.);
#2717=ORIENTED_EDGE('',*,*,#2033,.F.);
#2718=ORIENTED_EDGE('',*,*,#2037,.T.);
#2719=ORIENTED_EDGE('',*,*,#2038,.T.);
#2720=ORIENTED_EDGE('',*,*,#1895,.T.);
#2721=ORIENTED_EDGE('',*,*,#2036,.F.);
#2722=ORIENTED_EDGE('',*,*,#2039,.T.);
#2723=ORIENTED_EDGE('',*,*,#2040,.T.);
#2724=ORIENTED_EDGE('',*,*,#1896,.T.);
#2725=ORIENTED_EDGE('',*,*,#2038,.F.);
#2726=ORIENTED_EDGE('',*,*,#1897,.T.);
#2727=ORIENTED_EDGE('',*,*,#2040,.F.);
#2728=ORIENTED_EDGE('',*,*,#2041,.T.);
#2729=ORIENTED_EDGE('',*,*,#2042,.T.);
#2730=ORIENTED_EDGE('',*,*,#1898,.T.);
#2731=ORIENTED_EDGE('',*,*,#2042,.F.);
#2732=ORIENTED_EDGE('',*,*,#2043,.T.);
#2733=ORIENTED_EDGE('',*,*,#2044,.T.);
#2734=ORIENTED_EDGE('',*,*,#1899,.T.);
#2735=ORIENTED_EDGE('',*,*,#2044,.F.);
#2736=ORIENTED_EDGE('',*,*,#2045,.T.);
#2737=ORIENTED_EDGE('',*,*,#2046,.T.);
#2738=ORIENTED_EDGE('',*,*,#1900,.T.);
#2739=ORIENTED_EDGE('',*,*,#2046,.F.);
#2740=ORIENTED_EDGE('',*,*,#2047,.T.);
#2741=ORIENTED_EDGE('',*,*,#2048,.T.);
#2742=ORIENTED_EDGE('',*,*,#1901,.T.);
#2743=ORIENTED_EDGE('',*,*,#2048,.F.);
#2744=ORIENTED_EDGE('',*,*,#2049,.T.);
#2745=ORIENTED_EDGE('',*,*,#2050,.T.);
#2746=ORIENTED_EDGE('',*,*,#2051,.T.);
#2747=ORIENTED_EDGE('',*,*,#2034,.F.);
#2748=ORIENTED_EDGE('',*,*,#1908,.T.);
#2749=ORIENTED_EDGE('',*,*,#2031,.F.);
#2750=ORIENTED_EDGE('',*,*,#1902,.T.);
#2751=ORIENTED_EDGE('',*,*,#2050,.F.);
#2752=ORIENTED_EDGE('',*,*,#2052,.T.);
#2753=ORIENTED_EDGE('',*,*,#2053,.T.);
#2754=ORIENTED_EDGE('',*,*,#1903,.T.);
#2755=ORIENTED_EDGE('',*,*,#2053,.F.);
#2756=ORIENTED_EDGE('',*,*,#2054,.T.);
#2757=ORIENTED_EDGE('',*,*,#2055,.T.);
#2758=ORIENTED_EDGE('',*,*,#1904,.T.);
#2759=ORIENTED_EDGE('',*,*,#2055,.F.);
#2760=ORIENTED_EDGE('',*,*,#2056,.T.);
#2761=ORIENTED_EDGE('',*,*,#2057,.T.);
#2762=ORIENTED_EDGE('',*,*,#1905,.T.);
#2763=ORIENTED_EDGE('',*,*,#2057,.F.);
#2764=ORIENTED_EDGE('',*,*,#2058,.T.);
#2765=ORIENTED_EDGE('',*,*,#2029,.T.);
#2766=ORIENTED_EDGE('',*,*,#2047,.F.);
#2767=ORIENTED_EDGE('',*,*,#2059,.T.);
#2768=ORIENTED_EDGE('',*,*,#2060,.F.);
#2769=ORIENTED_EDGE('',*,*,#2061,.F.);
#2770=ORIENTED_EDGE('',*,*,#2045,.F.);
#2771=ORIENTED_EDGE('',*,*,#2062,.T.);
#2772=ORIENTED_EDGE('',*,*,#2063,.F.);
#2773=ORIENTED_EDGE('',*,*,#2059,.F.);
#2774=ORIENTED_EDGE('',*,*,#2043,.F.);
#2775=ORIENTED_EDGE('',*,*,#2064,.T.);
#2776=ORIENTED_EDGE('',*,*,#2065,.F.);
#2777=ORIENTED_EDGE('',*,*,#2062,.F.);
#2778=ORIENTED_EDGE('',*,*,#2041,.F.);
#2779=ORIENTED_EDGE('',*,*,#2066,.T.);
#2780=ORIENTED_EDGE('',*,*,#2067,.F.);
#2781=ORIENTED_EDGE('',*,*,#2064,.F.);
#2782=ORIENTED_EDGE('',*,*,#2039,.F.);
#2783=ORIENTED_EDGE('',*,*,#2068,.T.);
#2784=ORIENTED_EDGE('',*,*,#2069,.F.);
#2785=ORIENTED_EDGE('',*,*,#2066,.F.);
#2786=ORIENTED_EDGE('',*,*,#2037,.F.);
#2787=ORIENTED_EDGE('',*,*,#2070,.T.);
#2788=ORIENTED_EDGE('',*,*,#2071,.F.);
#2789=ORIENTED_EDGE('',*,*,#2068,.F.);
#2790=ORIENTED_EDGE('',*,*,#2035,.F.);
#2791=ORIENTED_EDGE('',*,*,#2072,.T.);
#2792=ORIENTED_EDGE('',*,*,#2073,.F.);
#2793=ORIENTED_EDGE('',*,*,#2070,.F.);
#2794=ORIENTED_EDGE('',*,*,#2032,.F.);
#2795=ORIENTED_EDGE('',*,*,#2074,.T.);
#2796=ORIENTED_EDGE('',*,*,#2075,.F.);
#2797=ORIENTED_EDGE('',*,*,#2072,.F.);
#2798=ORIENTED_EDGE('',*,*,#2076,.T.);
#2799=ORIENTED_EDGE('',*,*,#2077,.T.);
#2800=ORIENTED_EDGE('',*,*,#2060,.T.);
#2801=ORIENTED_EDGE('',*,*,#2078,.F.);
#2802=ORIENTED_EDGE('',*,*,#2079,.T.);
#2803=ORIENTED_EDGE('',*,*,#2080,.T.);
#2804=ORIENTED_EDGE('',*,*,#2081,.T.);
#2805=ORIENTED_EDGE('',*,*,#2077,.F.);
#2806=ORIENTED_EDGE('',*,*,#2082,.T.);
#2807=ORIENTED_EDGE('',*,*,#2083,.T.);
#2808=ORIENTED_EDGE('',*,*,#2084,.T.);
#2809=ORIENTED_EDGE('',*,*,#2080,.F.);
#2810=ORIENTED_EDGE('',*,*,#2085,.T.);
#2811=ORIENTED_EDGE('',*,*,#2086,.T.);
#2812=ORIENTED_EDGE('',*,*,#2087,.T.);
#2813=ORIENTED_EDGE('',*,*,#2083,.F.);
#2814=ORIENTED_EDGE('',*,*,#2088,.T.);
#2815=ORIENTED_EDGE('',*,*,#2089,.T.);
#2816=ORIENTED_EDGE('',*,*,#2090,.T.);
#2817=ORIENTED_EDGE('',*,*,#2086,.F.);
#2818=ORIENTED_EDGE('',*,*,#2091,.T.);
#2819=ORIENTED_EDGE('',*,*,#2092,.T.);
#2820=ORIENTED_EDGE('',*,*,#2093,.T.);
#2821=ORIENTED_EDGE('',*,*,#2089,.F.);
#2822=ORIENTED_EDGE('',*,*,#2094,.T.);
#2823=ORIENTED_EDGE('',*,*,#2095,.T.);
#2824=ORIENTED_EDGE('',*,*,#2096,.T.);
#2825=ORIENTED_EDGE('',*,*,#2092,.F.);
#2826=ORIENTED_EDGE('',*,*,#2097,.T.);
#2827=ORIENTED_EDGE('',*,*,#2098,.T.);
#2828=ORIENTED_EDGE('',*,*,#2099,.T.);
#2829=ORIENTED_EDGE('',*,*,#2095,.F.);
#2830=ORIENTED_EDGE('',*,*,#2100,.T.);
#2831=ORIENTED_EDGE('',*,*,#2101,.T.);
#2832=ORIENTED_EDGE('',*,*,#2102,.T.);
#2833=ORIENTED_EDGE('',*,*,#2098,.F.);
#2834=ORIENTED_EDGE('',*,*,#2075,.T.);
#2835=ORIENTED_EDGE('',*,*,#2101,.F.);
#2836=ORIENTED_EDGE('',*,*,#2103,.T.);
#2837=ORIENTED_EDGE('',*,*,#2104,.T.);
#2838=ORIENTED_EDGE('',*,*,#2073,.T.);
#2839=ORIENTED_EDGE('',*,*,#2104,.F.);
#2840=ORIENTED_EDGE('',*,*,#2105,.T.);
#2841=ORIENTED_EDGE('',*,*,#2106,.T.);
#2842=ORIENTED_EDGE('',*,*,#2071,.T.);
#2843=ORIENTED_EDGE('',*,*,#2106,.F.);
#2844=ORIENTED_EDGE('',*,*,#2107,.T.);
#2845=ORIENTED_EDGE('',*,*,#2108,.T.);
#2846=ORIENTED_EDGE('',*,*,#2069,.T.);
#2847=ORIENTED_EDGE('',*,*,#2108,.F.);
#2848=ORIENTED_EDGE('',*,*,#2109,.T.);
#2849=ORIENTED_EDGE('',*,*,#2110,.T.);
#2850=ORIENTED_EDGE('',*,*,#2067,.T.);
#2851=ORIENTED_EDGE('',*,*,#2110,.F.);
#2852=ORIENTED_EDGE('',*,*,#2111,.T.);
#2853=ORIENTED_EDGE('',*,*,#2112,.T.);
#2854=ORIENTED_EDGE('',*,*,#2065,.T.);
#2855=ORIENTED_EDGE('',*,*,#2112,.F.);
#2856=ORIENTED_EDGE('',*,*,#2113,.T.);
#2857=ORIENTED_EDGE('',*,*,#2114,.T.);
#2858=ORIENTED_EDGE('',*,*,#2063,.T.);
#2859=ORIENTED_EDGE('',*,*,#2114,.F.);
#2860=ORIENTED_EDGE('',*,*,#2115,.T.);
#2861=ORIENTED_EDGE('',*,*,#2078,.T.);
#2862=ORIENTED_EDGE('',*,*,#2076,.F.);
#2863=ORIENTED_EDGE('',*,*,#2115,.F.);
#2864=ORIENTED_EDGE('',*,*,#2113,.F.);
#2865=ORIENTED_EDGE('',*,*,#2111,.F.);
#2866=ORIENTED_EDGE('',*,*,#2109,.F.);
#2867=ORIENTED_EDGE('',*,*,#2107,.F.);
#2868=ORIENTED_EDGE('',*,*,#2105,.F.);
#2869=ORIENTED_EDGE('',*,*,#2103,.F.);
#2870=ORIENTED_EDGE('',*,*,#2100,.F.);
#2871=ORIENTED_EDGE('',*,*,#2097,.F.);
#2872=ORIENTED_EDGE('',*,*,#2094,.F.);
#2873=ORIENTED_EDGE('',*,*,#2091,.F.);
#2874=ORIENTED_EDGE('',*,*,#2088,.F.);
#2875=ORIENTED_EDGE('',*,*,#2085,.F.);
#2876=ORIENTED_EDGE('',*,*,#2082,.F.);
#2877=ORIENTED_EDGE('',*,*,#2079,.F.);
#2878=ORIENTED_EDGE('',*,*,#2116,.T.);
#2879=ORIENTED_EDGE('',*,*,#2117,.T.);
#2880=ORIENTED_EDGE('',*,*,#1853,.T.);
#2881=ORIENTED_EDGE('',*,*,#2118,.F.);
#2882=ORIENTED_EDGE('',*,*,#2119,.T.);
#2883=ORIENTED_EDGE('',*,*,#2120,.T.);
#2884=ORIENTED_EDGE('',*,*,#2121,.T.);
#2885=ORIENTED_EDGE('',*,*,#2117,.F.);
#2886=ORIENTED_EDGE('',*,*,#2122,.T.);
#2887=ORIENTED_EDGE('',*,*,#2123,.T.);
#2888=ORIENTED_EDGE('',*,*,#2124,.T.);
#2889=ORIENTED_EDGE('',*,*,#2120,.F.);
#2890=ORIENTED_EDGE('',*,*,#2125,.T.);
#2891=ORIENTED_EDGE('',*,*,#2126,.T.);
#2892=ORIENTED_EDGE('',*,*,#2127,.T.);
#2893=ORIENTED_EDGE('',*,*,#2123,.F.);
#2894=ORIENTED_EDGE('',*,*,#2128,.T.);
#2895=ORIENTED_EDGE('',*,*,#2129,.T.);
#2896=ORIENTED_EDGE('',*,*,#2130,.T.);
#2897=ORIENTED_EDGE('',*,*,#2126,.F.);
#2898=ORIENTED_EDGE('',*,*,#2131,.T.);
#2899=ORIENTED_EDGE('',*,*,#2132,.T.);
#2900=ORIENTED_EDGE('',*,*,#2133,.T.);
#2901=ORIENTED_EDGE('',*,*,#2129,.F.);
#2902=ORIENTED_EDGE('',*,*,#2134,.T.);
#2903=ORIENTED_EDGE('',*,*,#2135,.T.);
#2904=ORIENTED_EDGE('',*,*,#2136,.T.);
#2905=ORIENTED_EDGE('',*,*,#2132,.F.);
#2906=ORIENTED_EDGE('',*,*,#2137,.T.);
#2907=ORIENTED_EDGE('',*,*,#2138,.T.);
#2908=ORIENTED_EDGE('',*,*,#2139,.T.);
#2909=ORIENTED_EDGE('',*,*,#2135,.F.);
#2910=ORIENTED_EDGE('',*,*,#2140,.T.);
#2911=ORIENTED_EDGE('',*,*,#2141,.T.);
#2912=ORIENTED_EDGE('',*,*,#2142,.T.);
#2913=ORIENTED_EDGE('',*,*,#2138,.F.);
#2914=ORIENTED_EDGE('',*,*,#1868,.T.);
#2915=ORIENTED_EDGE('',*,*,#2141,.F.);
#2916=ORIENTED_EDGE('',*,*,#2143,.T.);
#2917=ORIENTED_EDGE('',*,*,#2144,.T.);
#2918=ORIENTED_EDGE('',*,*,#1866,.T.);
#2919=ORIENTED_EDGE('',*,*,#2144,.F.);
#2920=ORIENTED_EDGE('',*,*,#2145,.T.);
#2921=ORIENTED_EDGE('',*,*,#2146,.T.);
#2922=ORIENTED_EDGE('',*,*,#1864,.T.);
#2923=ORIENTED_EDGE('',*,*,#2146,.F.);
#2924=ORIENTED_EDGE('',*,*,#2147,.T.);
#2925=ORIENTED_EDGE('',*,*,#2148,.T.);
#2926=ORIENTED_EDGE('',*,*,#1862,.T.);
#2927=ORIENTED_EDGE('',*,*,#2148,.F.);
#2928=ORIENTED_EDGE('',*,*,#2149,.T.);
#2929=ORIENTED_EDGE('',*,*,#2150,.T.);
#2930=ORIENTED_EDGE('',*,*,#1860,.T.);
#2931=ORIENTED_EDGE('',*,*,#2150,.F.);
#2932=ORIENTED_EDGE('',*,*,#2151,.T.);
#2933=ORIENTED_EDGE('',*,*,#2152,.T.);
#2934=ORIENTED_EDGE('',*,*,#1858,.T.);
#2935=ORIENTED_EDGE('',*,*,#2152,.F.);
#2936=ORIENTED_EDGE('',*,*,#2153,.T.);
#2937=ORIENTED_EDGE('',*,*,#2154,.T.);
#2938=ORIENTED_EDGE('',*,*,#1856,.T.);
#2939=ORIENTED_EDGE('',*,*,#2154,.F.);
#2940=ORIENTED_EDGE('',*,*,#2155,.T.);
#2941=ORIENTED_EDGE('',*,*,#2118,.T.);
#2942=ORIENTED_EDGE('',*,*,#2116,.F.);
#2943=ORIENTED_EDGE('',*,*,#2155,.F.);
#2944=ORIENTED_EDGE('',*,*,#2153,.F.);
#2945=ORIENTED_EDGE('',*,*,#2151,.F.);
#2946=ORIENTED_EDGE('',*,*,#2149,.F.);
#2947=ORIENTED_EDGE('',*,*,#2147,.F.);
#2948=ORIENTED_EDGE('',*,*,#2145,.F.);
#2949=ORIENTED_EDGE('',*,*,#2143,.F.);
#2950=ORIENTED_EDGE('',*,*,#2140,.F.);
#2951=ORIENTED_EDGE('',*,*,#2137,.F.);
#2952=ORIENTED_EDGE('',*,*,#2134,.F.);
#2953=ORIENTED_EDGE('',*,*,#2131,.F.);
#2954=ORIENTED_EDGE('',*,*,#2128,.F.);
#2955=ORIENTED_EDGE('',*,*,#2125,.F.);
#2956=ORIENTED_EDGE('',*,*,#2122,.F.);
#2957=ORIENTED_EDGE('',*,*,#2119,.F.);
#2958=ORIENTED_EDGE('',*,*,#2156,.T.);
#2959=ORIENTED_EDGE('',*,*,#2157,.T.);
#2960=ORIENTED_EDGE('',*,*,#1967,.T.);
#2961=ORIENTED_EDGE('',*,*,#2158,.F.);
#2962=ORIENTED_EDGE('',*,*,#2159,.T.);
#2963=ORIENTED_EDGE('',*,*,#2160,.T.);
#2964=ORIENTED_EDGE('',*,*,#1965,.T.);
#2965=ORIENTED_EDGE('',*,*,#2157,.F.);
#2966=ORIENTED_EDGE('',*,*,#2161,.T.);
#2967=ORIENTED_EDGE('',*,*,#2162,.T.);
#2968=ORIENTED_EDGE('',*,*,#1962,.T.);
#2969=ORIENTED_EDGE('',*,*,#2160,.F.);
#2970=ORIENTED_EDGE('',*,*,#2163,.T.);
#2971=ORIENTED_EDGE('',*,*,#2164,.T.);
#2972=ORIENTED_EDGE('',*,*,#2165,.T.);
#2973=ORIENTED_EDGE('',*,*,#2162,.F.);
#2974=ORIENTED_EDGE('',*,*,#2166,.T.);
#2975=ORIENTED_EDGE('',*,*,#2167,.T.);
#2976=ORIENTED_EDGE('',*,*,#2168,.T.);
#2977=ORIENTED_EDGE('',*,*,#2164,.F.);
#2978=ORIENTED_EDGE('',*,*,#2169,.T.);
#2979=ORIENTED_EDGE('',*,*,#2170,.T.);
#2980=ORIENTED_EDGE('',*,*,#2171,.T.);
#2981=ORIENTED_EDGE('',*,*,#2167,.F.);
#2982=ORIENTED_EDGE('',*,*,#2172,.T.);
#2983=ORIENTED_EDGE('',*,*,#2173,.T.);
#2984=ORIENTED_EDGE('',*,*,#2174,.T.);
#2985=ORIENTED_EDGE('',*,*,#2170,.F.);
#2986=ORIENTED_EDGE('',*,*,#2175,.T.);
#2987=ORIENTED_EDGE('',*,*,#2176,.T.);
#2988=ORIENTED_EDGE('',*,*,#2177,.T.);
#2989=ORIENTED_EDGE('',*,*,#2173,.F.);
#2990=ORIENTED_EDGE('',*,*,#2178,.T.);
#2991=ORIENTED_EDGE('',*,*,#2179,.T.);
#2992=ORIENTED_EDGE('',*,*,#2180,.T.);
#2993=ORIENTED_EDGE('',*,*,#2176,.F.);
#2994=ORIENTED_EDGE('',*,*,#2181,.T.);
#2995=ORIENTED_EDGE('',*,*,#2179,.F.);
#2996=ORIENTED_EDGE('',*,*,#2182,.T.);
#2997=ORIENTED_EDGE('',*,*,#2183,.T.);
#2998=ORIENTED_EDGE('',*,*,#2184,.T.);
#2999=ORIENTED_EDGE('',*,*,#2183,.F.);
#3000=ORIENTED_EDGE('',*,*,#2185,.T.);
#3001=ORIENTED_EDGE('',*,*,#2186,.T.);
#3002=ORIENTED_EDGE('',*,*,#1977,.T.);
#3003=ORIENTED_EDGE('',*,*,#2186,.F.);
#3004=ORIENTED_EDGE('',*,*,#2187,.T.);
#3005=ORIENTED_EDGE('',*,*,#2188,.T.);
#3006=ORIENTED_EDGE('',*,*,#1975,.T.);
#3007=ORIENTED_EDGE('',*,*,#2188,.F.);
#3008=ORIENTED_EDGE('',*,*,#2189,.T.);
#3009=ORIENTED_EDGE('',*,*,#2190,.T.);
#3010=ORIENTED_EDGE('',*,*,#1973,.T.);
#3011=ORIENTED_EDGE('',*,*,#2190,.F.);
#3012=ORIENTED_EDGE('',*,*,#2191,.T.);
#3013=ORIENTED_EDGE('',*,*,#2192,.T.);
#3014=ORIENTED_EDGE('',*,*,#1971,.T.);
#3015=ORIENTED_EDGE('',*,*,#2192,.F.);
#3016=ORIENTED_EDGE('',*,*,#2193,.T.);
#3017=ORIENTED_EDGE('',*,*,#2194,.T.);
#3018=ORIENTED_EDGE('',*,*,#1969,.T.);
#3019=ORIENTED_EDGE('',*,*,#2194,.F.);
#3020=ORIENTED_EDGE('',*,*,#2195,.T.);
#3021=ORIENTED_EDGE('',*,*,#2158,.T.);
#3022=ORIENTED_EDGE('',*,*,#1930,.F.);
#3023=ORIENTED_EDGE('',*,*,#2196,.T.);
#3024=ORIENTED_EDGE('',*,*,#2181,.F.);
#3025=ORIENTED_EDGE('',*,*,#2197,.F.);
#3026=ORIENTED_EDGE('',*,*,#1960,.F.);
#3027=ORIENTED_EDGE('',*,*,#2197,.T.);
#3028=ORIENTED_EDGE('',*,*,#2184,.F.);
#3029=ORIENTED_EDGE('',*,*,#1976,.F.);
#3030=ORIENTED_EDGE('',*,*,#2156,.F.);
#3031=ORIENTED_EDGE('',*,*,#2195,.F.);
#3032=ORIENTED_EDGE('',*,*,#2193,.F.);
#3033=ORIENTED_EDGE('',*,*,#2191,.F.);
#3034=ORIENTED_EDGE('',*,*,#2189,.F.);
#3035=ORIENTED_EDGE('',*,*,#2187,.F.);
#3036=ORIENTED_EDGE('',*,*,#2185,.F.);
#3037=ORIENTED_EDGE('',*,*,#2182,.F.);
#3038=ORIENTED_EDGE('',*,*,#2178,.F.);
#3039=ORIENTED_EDGE('',*,*,#2175,.F.);
#3040=ORIENTED_EDGE('',*,*,#2172,.F.);
#3041=ORIENTED_EDGE('',*,*,#2169,.F.);
#3042=ORIENTED_EDGE('',*,*,#2166,.F.);
#3043=ORIENTED_EDGE('',*,*,#2163,.F.);
#3044=ORIENTED_EDGE('',*,*,#2161,.F.);
#3045=ORIENTED_EDGE('',*,*,#2159,.F.);
#3046=ORIENTED_EDGE('',*,*,#2198,.T.);
#3047=ORIENTED_EDGE('',*,*,#2199,.T.);
#3048=ORIENTED_EDGE('',*,*,#2011,.T.);
#3049=ORIENTED_EDGE('',*,*,#2200,.F.);
#3050=ORIENTED_EDGE('',*,*,#2201,.T.);
#3051=ORIENTED_EDGE('',*,*,#2202,.T.);
#3052=ORIENTED_EDGE('',*,*,#2203,.T.);
#3053=ORIENTED_EDGE('',*,*,#2199,.F.);
#3054=ORIENTED_EDGE('',*,*,#2204,.T.);
#3055=ORIENTED_EDGE('',*,*,#2205,.T.);
#3056=ORIENTED_EDGE('',*,*,#2206,.T.);
#3057=ORIENTED_EDGE('',*,*,#2202,.F.);
#3058=ORIENTED_EDGE('',*,*,#2207,.T.);
#3059=ORIENTED_EDGE('',*,*,#2208,.T.);
#3060=ORIENTED_EDGE('',*,*,#2209,.T.);
#3061=ORIENTED_EDGE('',*,*,#2205,.F.);
#3062=ORIENTED_EDGE('',*,*,#2210,.T.);
#3063=ORIENTED_EDGE('',*,*,#2211,.T.);
#3064=ORIENTED_EDGE('',*,*,#2212,.T.);
#3065=ORIENTED_EDGE('',*,*,#2208,.F.);
#3066=ORIENTED_EDGE('',*,*,#2213,.T.);
#3067=ORIENTED_EDGE('',*,*,#2214,.T.);
#3068=ORIENTED_EDGE('',*,*,#2215,.T.);
#3069=ORIENTED_EDGE('',*,*,#2211,.F.);
#3070=ORIENTED_EDGE('',*,*,#2216,.T.);
#3071=ORIENTED_EDGE('',*,*,#2217,.T.);
#3072=ORIENTED_EDGE('',*,*,#2218,.T.);
#3073=ORIENTED_EDGE('',*,*,#2214,.F.);
#3074=ORIENTED_EDGE('',*,*,#2219,.T.);
#3075=ORIENTED_EDGE('',*,*,#2220,.T.);
#3076=ORIENTED_EDGE('',*,*,#2221,.T.);
#3077=ORIENTED_EDGE('',*,*,#2217,.F.);
#3078=ORIENTED_EDGE('',*,*,#2222,.T.);
#3079=ORIENTED_EDGE('',*,*,#2223,.T.);
#3080=ORIENTED_EDGE('',*,*,#2224,.T.);
#3081=ORIENTED_EDGE('',*,*,#2220,.F.);
#3082=ORIENTED_EDGE('',*,*,#2026,.T.);
#3083=ORIENTED_EDGE('',*,*,#2223,.F.);
#3084=ORIENTED_EDGE('',*,*,#2225,.T.);
#3085=ORIENTED_EDGE('',*,*,#2226,.T.);
#3086=ORIENTED_EDGE('',*,*,#2024,.T.);
#3087=ORIENTED_EDGE('',*,*,#2226,.F.);
#3088=ORIENTED_EDGE('',*,*,#2227,.T.);
#3089=ORIENTED_EDGE('',*,*,#2228,.T.);
#3090=ORIENTED_EDGE('',*,*,#2022,.T.);
#3091=ORIENTED_EDGE('',*,*,#2228,.F.);
#3092=ORIENTED_EDGE('',*,*,#2229,.T.);
#3093=ORIENTED_EDGE('',*,*,#2230,.T.);
#3094=ORIENTED_EDGE('',*,*,#2020,.T.);
#3095=ORIENTED_EDGE('',*,*,#2230,.F.);
#3096=ORIENTED_EDGE('',*,*,#2231,.T.);
#3097=ORIENTED_EDGE('',*,*,#2232,.T.);
#3098=ORIENTED_EDGE('',*,*,#2018,.T.);
#3099=ORIENTED_EDGE('',*,*,#2232,.F.);
#3100=ORIENTED_EDGE('',*,*,#2233,.T.);
#3101=ORIENTED_EDGE('',*,*,#2234,.T.);
#3102=ORIENTED_EDGE('',*,*,#2016,.T.);
#3103=ORIENTED_EDGE('',*,*,#2234,.F.);
#3104=ORIENTED_EDGE('',*,*,#2235,.T.);
#3105=ORIENTED_EDGE('',*,*,#2236,.T.);
#3106=ORIENTED_EDGE('',*,*,#2014,.T.);
#3107=ORIENTED_EDGE('',*,*,#2236,.F.);
#3108=ORIENTED_EDGE('',*,*,#2237,.T.);
#3109=ORIENTED_EDGE('',*,*,#2200,.T.);
#3110=ORIENTED_EDGE('',*,*,#2198,.F.);
#3111=ORIENTED_EDGE('',*,*,#2237,.F.);
#3112=ORIENTED_EDGE('',*,*,#2235,.F.);
#3113=ORIENTED_EDGE('',*,*,#2233,.F.);
#3114=ORIENTED_EDGE('',*,*,#2231,.F.);
#3115=ORIENTED_EDGE('',*,*,#2229,.F.);
#3116=ORIENTED_EDGE('',*,*,#2227,.F.);
#3117=ORIENTED_EDGE('',*,*,#2225,.F.);
#3118=ORIENTED_EDGE('',*,*,#2222,.F.);
#3119=ORIENTED_EDGE('',*,*,#2219,.F.);
#3120=ORIENTED_EDGE('',*,*,#2216,.F.);
#3121=ORIENTED_EDGE('',*,*,#2213,.F.);
#3122=ORIENTED_EDGE('',*,*,#2210,.F.);
#3123=ORIENTED_EDGE('',*,*,#2207,.F.);
#3124=ORIENTED_EDGE('',*,*,#2204,.F.);
#3125=ORIENTED_EDGE('',*,*,#2201,.F.);
#3126=ORIENTED_EDGE('',*,*,#1949,.F.);
#3127=ORIENTED_EDGE('',*,*,#1963,.T.);
#3128=ORIENTED_EDGE('',*,*,#2165,.F.);
#3129=ORIENTED_EDGE('',*,*,#2238,.F.);
#3130=ORIENTED_EDGE('',*,*,#1951,.F.);
#3131=ORIENTED_EDGE('',*,*,#2238,.T.);
#3132=ORIENTED_EDGE('',*,*,#2168,.F.);
#3133=ORIENTED_EDGE('',*,*,#2239,.F.);
#3134=ORIENTED_EDGE('',*,*,#1953,.F.);
#3135=ORIENTED_EDGE('',*,*,#2239,.T.);
#3136=ORIENTED_EDGE('',*,*,#2171,.F.);
#3137=ORIENTED_EDGE('',*,*,#2240,.F.);
#3138=ORIENTED_EDGE('',*,*,#1955,.F.);
#3139=ORIENTED_EDGE('',*,*,#2240,.T.);
#3140=ORIENTED_EDGE('',*,*,#2174,.F.);
#3141=ORIENTED_EDGE('',*,*,#2241,.F.);
#3142=ORIENTED_EDGE('',*,*,#1957,.F.);
#3143=ORIENTED_EDGE('',*,*,#2241,.T.);
#3144=ORIENTED_EDGE('',*,*,#2177,.F.);
#3145=ORIENTED_EDGE('',*,*,#2242,.F.);
#3146=ORIENTED_EDGE('',*,*,#1959,.F.);
#3147=ORIENTED_EDGE('',*,*,#2242,.T.);
#3148=ORIENTED_EDGE('',*,*,#2180,.F.);
#3149=ORIENTED_EDGE('',*,*,#2196,.F.);
#3150=ORIENTED_EDGE('',*,*,#1848,.F.);
#3151=ORIENTED_EDGE('',*,*,#1854,.T.);
#3152=ORIENTED_EDGE('',*,*,#2121,.F.);
#3153=ORIENTED_EDGE('',*,*,#2243,.F.);
#3154=ORIENTED_EDGE('',*,*,#1851,.F.);
#3155=ORIENTED_EDGE('',*,*,#2243,.T.);
#3156=ORIENTED_EDGE('',*,*,#2124,.F.);
#3157=ORIENTED_EDGE('',*,*,#2244,.F.);
#3158=ORIENTED_EDGE('',*,*,#1804,.F.);
#3159=ORIENTED_EDGE('',*,*,#2244,.T.);
#3160=ORIENTED_EDGE('',*,*,#2127,.F.);
#3161=ORIENTED_EDGE('',*,*,#2245,.F.);
#3162=ORIENTED_EDGE('',*,*,#1808,.F.);
#3163=ORIENTED_EDGE('',*,*,#2245,.T.);
#3164=ORIENTED_EDGE('',*,*,#2130,.F.);
#3165=ORIENTED_EDGE('',*,*,#2246,.F.);
#3166=ORIENTED_EDGE('',*,*,#1811,.F.);
#3167=ORIENTED_EDGE('',*,*,#2246,.T.);
#3168=ORIENTED_EDGE('',*,*,#2133,.F.);
#3169=ORIENTED_EDGE('',*,*,#2247,.F.);
#3170=ORIENTED_EDGE('',*,*,#1814,.F.);
#3171=ORIENTED_EDGE('',*,*,#2247,.T.);
#3172=ORIENTED_EDGE('',*,*,#2136,.F.);
#3173=ORIENTED_EDGE('',*,*,#2248,.F.);
#3174=ORIENTED_EDGE('',*,*,#1817,.F.);
#3175=ORIENTED_EDGE('',*,*,#2248,.T.);
#3176=ORIENTED_EDGE('',*,*,#2139,.F.);
#3177=ORIENTED_EDGE('',*,*,#2249,.F.);
#3178=ORIENTED_EDGE('',*,*,#1830,.F.);
#3179=ORIENTED_EDGE('',*,*,#2249,.T.);
#3180=ORIENTED_EDGE('',*,*,#2142,.F.);
#3181=ORIENTED_EDGE('',*,*,#1867,.F.);
#3182=ORIENTED_EDGE('',*,*,#1995,.F.);
#3183=ORIENTED_EDGE('',*,*,#2012,.T.);
#3184=ORIENTED_EDGE('',*,*,#2203,.F.);
#3185=ORIENTED_EDGE('',*,*,#2250,.F.);
#3186=ORIENTED_EDGE('',*,*,#1997,.F.);
#3187=ORIENTED_EDGE('',*,*,#2250,.T.);
#3188=ORIENTED_EDGE('',*,*,#2206,.F.);
#3189=ORIENTED_EDGE('',*,*,#2251,.F.);
#3190=ORIENTED_EDGE('',*,*,#1999,.F.);
#3191=ORIENTED_EDGE('',*,*,#2251,.T.);
#3192=ORIENTED_EDGE('',*,*,#2209,.F.);
#3193=ORIENTED_EDGE('',*,*,#2252,.F.);
#3194=ORIENTED_EDGE('',*,*,#2001,.F.);
#3195=ORIENTED_EDGE('',*,*,#2252,.T.);
#3196=ORIENTED_EDGE('',*,*,#2212,.F.);
#3197=ORIENTED_EDGE('',*,*,#2253,.F.);
#3198=ORIENTED_EDGE('',*,*,#2003,.F.);
#3199=ORIENTED_EDGE('',*,*,#2253,.T.);
#3200=ORIENTED_EDGE('',*,*,#2215,.F.);
#3201=ORIENTED_EDGE('',*,*,#2254,.F.);
#3202=ORIENTED_EDGE('',*,*,#2005,.F.);
#3203=ORIENTED_EDGE('',*,*,#2254,.T.);
#3204=ORIENTED_EDGE('',*,*,#2218,.F.);
#3205=ORIENTED_EDGE('',*,*,#2255,.F.);
#3206=ORIENTED_EDGE('',*,*,#2007,.F.);
#3207=ORIENTED_EDGE('',*,*,#2255,.T.);
#3208=ORIENTED_EDGE('',*,*,#2221,.F.);
#3209=ORIENTED_EDGE('',*,*,#2256,.F.);
#3210=ORIENTED_EDGE('',*,*,#2009,.F.);
#3211=ORIENTED_EDGE('',*,*,#2256,.T.);
#3212=ORIENTED_EDGE('',*,*,#2224,.F.);
#3213=ORIENTED_EDGE('',*,*,#2025,.F.);
#3214=ORIENTED_EDGE('',*,*,#2049,.F.);
#3215=ORIENTED_EDGE('',*,*,#2061,.T.);
#3216=ORIENTED_EDGE('',*,*,#2081,.F.);
#3217=ORIENTED_EDGE('',*,*,#2257,.F.);
#3218=ORIENTED_EDGE('',*,*,#2052,.F.);
#3219=ORIENTED_EDGE('',*,*,#2257,.T.);
#3220=ORIENTED_EDGE('',*,*,#2084,.F.);
#3221=ORIENTED_EDGE('',*,*,#2258,.F.);
#3222=ORIENTED_EDGE('',*,*,#2054,.F.);
#3223=ORIENTED_EDGE('',*,*,#2258,.T.);
#3224=ORIENTED_EDGE('',*,*,#2087,.F.);
#3225=ORIENTED_EDGE('',*,*,#2259,.F.);
#3226=ORIENTED_EDGE('',*,*,#2056,.F.);
#3227=ORIENTED_EDGE('',*,*,#2259,.T.);
#3228=ORIENTED_EDGE('',*,*,#2090,.F.);
#3229=ORIENTED_EDGE('',*,*,#2260,.F.);
#3230=ORIENTED_EDGE('',*,*,#2058,.F.);
#3231=ORIENTED_EDGE('',*,*,#2260,.T.);
#3232=ORIENTED_EDGE('',*,*,#2093,.F.);
#3233=ORIENTED_EDGE('',*,*,#2261,.F.);
#3234=ORIENTED_EDGE('',*,*,#2027,.F.);
#3235=ORIENTED_EDGE('',*,*,#2261,.T.);
#3236=ORIENTED_EDGE('',*,*,#2096,.F.);
#3237=ORIENTED_EDGE('',*,*,#2262,.F.);
#3238=ORIENTED_EDGE('',*,*,#2030,.F.);
#3239=ORIENTED_EDGE('',*,*,#2262,.T.);
#3240=ORIENTED_EDGE('',*,*,#2099,.F.);
#3241=ORIENTED_EDGE('',*,*,#2263,.F.);
#3242=ORIENTED_EDGE('',*,*,#2051,.F.);
#3243=ORIENTED_EDGE('',*,*,#2263,.T.);
#3244=ORIENTED_EDGE('',*,*,#2102,.F.);
#3245=ORIENTED_EDGE('',*,*,#2074,.F.);
#3246=ORIENTED_EDGE('',*,*,#1912,.T.);
#3247=ORIENTED_EDGE('',*,*,#2264,.T.);
#3248=ORIENTED_EDGE('',*,*,#2265,.T.);
#3249=ORIENTED_EDGE('',*,*,#2264,.F.);
#3250=ORIENTED_EDGE('',*,*,#2265,.F.);
#3251=ORIENTED_EDGE('',*,*,#2266,.T.);
#3252=ORIENTED_EDGE('',*,*,#2267,.T.);
#3253=ORIENTED_EDGE('',*,*,#2266,.F.);
#3254=ORIENTED_EDGE('',*,*,#1909,.T.);
#3255=ORIENTED_EDGE('',*,*,#2268,.T.);
#3256=ORIENTED_EDGE('',*,*,#2269,.T.);
#3257=ORIENTED_EDGE('',*,*,#2268,.F.);
#3258=ORIENTED_EDGE('',*,*,#2269,.F.);
#3259=ORIENTED_EDGE('',*,*,#2270,.T.);
#3260=ORIENTED_EDGE('',*,*,#2271,.T.);
#3261=ORIENTED_EDGE('',*,*,#2270,.F.);
#3262=ORIENTED_EDGE('',*,*,#1911,.T.);
#3263=ORIENTED_EDGE('',*,*,#2272,.T.);
#3264=ORIENTED_EDGE('',*,*,#2273,.T.);
#3265=ORIENTED_EDGE('',*,*,#2272,.F.);
#3266=ORIENTED_EDGE('',*,*,#2273,.F.);
#3267=ORIENTED_EDGE('',*,*,#2274,.T.);
#3268=ORIENTED_EDGE('',*,*,#2275,.T.);
#3269=ORIENTED_EDGE('',*,*,#2274,.F.);
#3270=ORIENTED_EDGE('',*,*,#1910,.T.);
#3271=ORIENTED_EDGE('',*,*,#2276,.T.);
#3272=ORIENTED_EDGE('',*,*,#2277,.T.);
#3273=ORIENTED_EDGE('',*,*,#2276,.F.);
#3274=ORIENTED_EDGE('',*,*,#2277,.F.);
#3275=ORIENTED_EDGE('',*,*,#2278,.T.);
#3276=ORIENTED_EDGE('',*,*,#2279,.T.);
#3277=ORIENTED_EDGE('',*,*,#2278,.F.);
#3278=ORIENTED_EDGE('',*,*,#1784,.T.);
#3279=ORIENTED_EDGE('',*,*,#2280,.T.);
#3280=ORIENTED_EDGE('',*,*,#1870,.T.);
#3281=ORIENTED_EDGE('',*,*,#2281,.T.);
#3282=ORIENTED_EDGE('',*,*,#1872,.T.);
#3283=ORIENTED_EDGE('',*,*,#2282,.F.);
#3284=ORIENTED_EDGE('',*,*,#1782,.T.);
#3285=ORIENTED_EDGE('',*,*,#2283,.T.);
#3286=ORIENTED_EDGE('',*,*,#1876,.T.);
#3287=ORIENTED_EDGE('',*,*,#2284,.T.);
#3288=ORIENTED_EDGE('',*,*,#1786,.T.);
#3289=ORIENTED_EDGE('',*,*,#2285,.F.);
#3290=ORIENTED_EDGE('',*,*,#1873,.F.);
#3291=ORIENTED_EDGE('',*,*,#2283,.F.);
#3292=ORIENTED_EDGE('',*,*,#1781,.F.);
#3293=ORIENTED_EDGE('',*,*,#2286,.F.);
#3294=ORIENTED_EDGE('',*,*,#1874,.F.);
#3295=ORIENTED_EDGE('',*,*,#2286,.T.);
#3296=ORIENTED_EDGE('',*,*,#1780,.F.);
#3297=ORIENTED_EDGE('',*,*,#2287,.F.);
#3298=ORIENTED_EDGE('',*,*,#1875,.F.);
#3299=ORIENTED_EDGE('',*,*,#2287,.T.);
#3300=ORIENTED_EDGE('',*,*,#1779,.T.);
#3301=ORIENTED_EDGE('',*,*,#2284,.F.);
#3302=ORIENTED_EDGE('',*,*,#2285,.T.);
#3303=ORIENTED_EDGE('',*,*,#1785,.T.);
#3304=ORIENTED_EDGE('',*,*,#2281,.F.);
#3305=ORIENTED_EDGE('',*,*,#1869,.F.);
#3306=ORIENTED_EDGE('',*,*,#2282,.T.);
#3307=ORIENTED_EDGE('',*,*,#1871,.T.);
#3308=ORIENTED_EDGE('',*,*,#2280,.F.);
#3309=ORIENTED_EDGE('',*,*,#1783,.F.);
#3310=ORIENTED_EDGE('',*,*,#1803,.F.);
#3311=ORIENTED_EDGE('',*,*,#1795,.F.);
#3312=ORIENTED_EDGE('',*,*,#1791,.F.);
#3313=ORIENTED_EDGE('',*,*,#1799,.F.);
#3314=ORIENTED_EDGE('',*,*,#2267,.F.);
#3315=ORIENTED_EDGE('',*,*,#2279,.F.);
#3316=ORIENTED_EDGE('',*,*,#2271,.F.);
#3317=ORIENTED_EDGE('',*,*,#2275,.F.);
#3318=CYLINDRICAL_SURFACE('',#3700,10.);
#3319=CYLINDRICAL_SURFACE('',#3710,2.55);
#3320=CYLINDRICAL_SURFACE('',#3714,2.55);
#3321=CYLINDRICAL_SURFACE('',#3718,2.55);
#3322=CYLINDRICAL_SURFACE('',#3722,2.55);
#3323=CYLINDRICAL_SURFACE('',#3724,0.4);
#3324=CYLINDRICAL_SURFACE('',#3727,0.4);
#3325=CYLINDRICAL_SURFACE('',#3729,0.4);
#3326=CYLINDRICAL_SURFACE('',#3731,0.4);
#3327=CYLINDRICAL_SURFACE('',#3733,0.4);
#3328=CYLINDRICAL_SURFACE('',#3735,0.4);
#3329=CYLINDRICAL_SURFACE('',#3738,0.4);
#3330=CYLINDRICAL_SURFACE('',#3740,0.4);
#3331=CYLINDRICAL_SURFACE('',#3742,0.4);
#3332=CYLINDRICAL_SURFACE('',#3743,0.4);
#3333=CYLINDRICAL_SURFACE('',#3745,0.4);
#3334=CYLINDRICAL_SURFACE('',#3747,0.4);
#3335=CYLINDRICAL_SURFACE('',#3749,0.4);
#3336=CYLINDRICAL_SURFACE('',#3751,0.4);
#3337=CYLINDRICAL_SURFACE('',#3753,0.4);
#3338=CYLINDRICAL_SURFACE('',#3755,0.4);
#3339=CYLINDRICAL_SURFACE('',#3769,0.4);
#3340=CYLINDRICAL_SURFACE('',#3772,0.4);
#3341=CYLINDRICAL_SURFACE('',#3775,0.4);
#3342=CYLINDRICAL_SURFACE('',#3777,0.4);
#3343=CYLINDRICAL_SURFACE('',#3779,0.4);
#3344=CYLINDRICAL_SURFACE('',#3781,0.4);
#3345=CYLINDRICAL_SURFACE('',#3783,0.4);
#3346=CYLINDRICAL_SURFACE('',#3785,0.4);
#3347=CYLINDRICAL_SURFACE('',#3787,0.4);
#3348=CYLINDRICAL_SURFACE('',#3789,0.4);
#3349=CYLINDRICAL_SURFACE('',#3791,0.4);
#3350=CYLINDRICAL_SURFACE('',#3793,0.4);
#3351=CYLINDRICAL_SURFACE('',#3795,0.4);
#3352=CYLINDRICAL_SURFACE('',#3797,0.4);
#3353=CYLINDRICAL_SURFACE('',#3799,0.4);
#3354=CYLINDRICAL_SURFACE('',#3800,0.4);
#3355=CYLINDRICAL_SURFACE('',#3809,0.4);
#3356=CYLINDRICAL_SURFACE('',#3812,0.4);
#3357=CYLINDRICAL_SURFACE('',#3814,0.4);
#3358=CYLINDRICAL_SURFACE('',#3816,0.4);
#3359=CYLINDRICAL_SURFACE('',#3818,0.4);
#3360=CYLINDRICAL_SURFACE('',#3820,0.4);
#3361=CYLINDRICAL_SURFACE('',#3822,0.4);
#3362=CYLINDRICAL_SURFACE('',#3824,0.4);
#3363=CYLINDRICAL_SURFACE('',#3826,0.4);
#3364=CYLINDRICAL_SURFACE('',#3828,0.4);
#3365=CYLINDRICAL_SURFACE('',#3830,0.4);
#3366=CYLINDRICAL_SURFACE('',#3832,0.4);
#3367=CYLINDRICAL_SURFACE('',#3834,0.4);
#3368=CYLINDRICAL_SURFACE('',#3836,0.4);
#3369=CYLINDRICAL_SURFACE('',#3838,0.4);
#3370=CYLINDRICAL_SURFACE('',#3840,0.4);
#3371=CYLINDRICAL_SURFACE('',#3849,0.4);
#3372=CYLINDRICAL_SURFACE('',#3852,0.4);
#3373=CYLINDRICAL_SURFACE('',#3854,0.4);
#3374=CYLINDRICAL_SURFACE('',#3857,0.4);
#3375=CYLINDRICAL_SURFACE('',#3859,0.4);
#3376=CYLINDRICAL_SURFACE('',#3861,0.4);
#3377=CYLINDRICAL_SURFACE('',#3863,0.4);
#3378=CYLINDRICAL_SURFACE('',#3865,0.4);
#3379=CYLINDRICAL_SURFACE('',#3867,0.4);
#3380=CYLINDRICAL_SURFACE('',#3869,0.4);
#3381=CYLINDRICAL_SURFACE('',#3871,0.4);
#3382=CYLINDRICAL_SURFACE('',#3873,0.4);
#3383=CYLINDRICAL_SURFACE('',#3874,0.4);
#3384=CYLINDRICAL_SURFACE('',#3876,0.4);
#3385=CYLINDRICAL_SURFACE('',#3878,0.4);
#3386=CYLINDRICAL_SURFACE('',#3880,0.4);
#3387=CYLINDRICAL_SURFACE('',#3889,0.4);
#3388=CYLINDRICAL_SURFACE('',#3892,0.4);
#3389=CYLINDRICAL_SURFACE('',#3894,0.4);
#3390=CYLINDRICAL_SURFACE('',#3896,0.4);
#3391=CYLINDRICAL_SURFACE('',#3898,0.4);
#3392=CYLINDRICAL_SURFACE('',#3900,0.4);
#3393=CYLINDRICAL_SURFACE('',#3902,0.4);
#3394=CYLINDRICAL_SURFACE('',#3904,0.4);
#3395=CYLINDRICAL_SURFACE('',#3906,0.4);
#3396=CYLINDRICAL_SURFACE('',#3908,0.4);
#3397=CYLINDRICAL_SURFACE('',#3910,0.4);
#3398=CYLINDRICAL_SURFACE('',#3912,0.4);
#3399=CYLINDRICAL_SURFACE('',#3914,0.4);
#3400=CYLINDRICAL_SURFACE('',#3916,0.4);
#3401=CYLINDRICAL_SURFACE('',#3918,0.4);
#3402=CYLINDRICAL_SURFACE('',#3920,0.4);
#3403=CYLINDRICAL_SURFACE('',#3922,0.4);
#3404=CYLINDRICAL_SURFACE('',#3925,0.4);
#3405=CYLINDRICAL_SURFACE('',#3927,0.4);
#3406=CYLINDRICAL_SURFACE('',#3929,0.4);
#3407=CYLINDRICAL_SURFACE('',#3931,0.4);
#3408=CYLINDRICAL_SURFACE('',#3933,0.4);
#3409=CYLINDRICAL_SURFACE('',#3935,0.4);
#3410=CYLINDRICAL_SURFACE('',#3937,0.4);
#3411=CYLINDRICAL_SURFACE('',#3939,0.4);
#3412=CYLINDRICAL_SURFACE('',#3941,0.4);
#3413=CYLINDRICAL_SURFACE('',#3943,0.4);
#3414=CYLINDRICAL_SURFACE('',#3945,0.4);
#3415=CYLINDRICAL_SURFACE('',#3947,0.4);
#3416=CYLINDRICAL_SURFACE('',#3949,0.4);
#3417=CYLINDRICAL_SURFACE('',#3951,0.4);
#3418=CYLINDRICAL_SURFACE('',#3953,0.4);
#3419=CYLINDRICAL_SURFACE('',#3955,0.4);
#3420=CYLINDRICAL_SURFACE('',#3958,0.4);
#3421=CYLINDRICAL_SURFACE('',#3960,0.4);
#3422=CYLINDRICAL_SURFACE('',#3962,0.4);
#3423=CYLINDRICAL_SURFACE('',#3964,0.4);
#3424=CYLINDRICAL_SURFACE('',#3966,0.4);
#3425=CYLINDRICAL_SURFACE('',#3968,0.4);
#3426=CYLINDRICAL_SURFACE('',#3970,0.4);
#3427=CYLINDRICAL_SURFACE('',#3972,0.4);
#3428=CYLINDRICAL_SURFACE('',#3974,0.4);
#3429=CYLINDRICAL_SURFACE('',#3976,0.4);
#3430=CYLINDRICAL_SURFACE('',#3978,0.4);
#3431=CYLINDRICAL_SURFACE('',#3980,0.4);
#3432=CYLINDRICAL_SURFACE('',#3982,0.4);
#3433=CYLINDRICAL_SURFACE('',#3984,0.4);
#3434=CYLINDRICAL_SURFACE('',#3986,0.4);
#3435=CYLINDRICAL_SURFACE('',#3990,0.4);
#3436=CYLINDRICAL_SURFACE('',#3993,0.4);
#3437=CYLINDRICAL_SURFACE('',#3995,0.4);
#3438=CYLINDRICAL_SURFACE('',#3997,0.4);
#3439=CYLINDRICAL_SURFACE('',#3999,0.4);
#3440=CYLINDRICAL_SURFACE('',#4001,0.4);
#3441=CYLINDRICAL_SURFACE('',#4003,0.4);
#3442=CYLINDRICAL_SURFACE('',#4005,0.4);
#3443=CYLINDRICAL_SURFACE('',#4007,0.4);
#3444=CYLINDRICAL_SURFACE('',#4009,0.4);
#3445=CYLINDRICAL_SURFACE('',#4011,0.4);
#3446=CYLINDRICAL_SURFACE('',#4013,0.4);
#3447=CYLINDRICAL_SURFACE('',#4015,0.4);
#3448=CYLINDRICAL_SURFACE('',#4017,0.4);
#3449=CYLINDRICAL_SURFACE('',#4019,0.4);
#3450=CYLINDRICAL_SURFACE('',#4021,0.4);
#3451=CYLINDRICAL_SURFACE('',#4055,2.55000000000001);
#3452=CYLINDRICAL_SURFACE('',#4059,2.55);
#3453=CYLINDRICAL_SURFACE('',#4063,2.55);
#3454=CYLINDRICAL_SURFACE('',#4067,2.55000000000001);
#3455=ADVANCED_FACE('',(#251),#3318,.F.);
#3456=ADVANCED_FACE('',(#252),#243,.F.);
#3457=ADVANCED_FACE('',(#253,#143,#144,#145,#146,#147),#157,.F.);
#3458=ADVANCED_FACE('',(#254),#3319,.F.);
#3459=ADVANCED_FACE('',(#255),#244,.F.);
#3460=ADVANCED_FACE('',(#256),#3320,.F.);
#3461=ADVANCED_FACE('',(#257),#245,.F.);
#3462=ADVANCED_FACE('',(#258),#3321,.F.);
#3463=ADVANCED_FACE('',(#259),#246,.F.);
#3464=ADVANCED_FACE('',(#260),#3322,.F.);
#3465=ADVANCED_FACE('',(#261),#3323,.F.);
#3466=ADVANCED_FACE('',(#262),#3324,.F.);
#3467=ADVANCED_FACE('',(#263),#3325,.F.);
#3468=ADVANCED_FACE('',(#264),#3326,.F.);
#3469=ADVANCED_FACE('',(#265),#3327,.F.);
#3470=ADVANCED_FACE('',(#266),#3328,.F.);
#3471=ADVANCED_FACE('',(#267),#3329,.F.);
#3472=ADVANCED_FACE('',(#268),#3330,.F.);
#3473=ADVANCED_FACE('',(#269),#3331,.F.);
#3474=ADVANCED_FACE('',(#270),#3332,.F.);
#3475=ADVANCED_FACE('',(#271),#3333,.F.);
#3476=ADVANCED_FACE('',(#272),#3334,.F.);
#3477=ADVANCED_FACE('',(#273),#3335,.F.);
#3478=ADVANCED_FACE('',(#274),#3336,.F.);
#3479=ADVANCED_FACE('',(#275),#3337,.F.);
#3480=ADVANCED_FACE('',(#276),#3338,.F.);
#3481=ADVANCED_FACE('',(#277),#158,.T.);
#3482=ADVANCED_FACE('',(#278),#159,.T.);
#3483=ADVANCED_FACE('',(#279),#160,.T.);
#3484=ADVANCED_FACE('',(#280),#161,.T.);
#3485=ADVANCED_FACE('',(#281),#162,.T.);
#3486=ADVANCED_FACE('',(#282),#163,.T.);
#3487=ADVANCED_FACE('',(#283),#164,.T.);
#3488=ADVANCED_FACE('',(#284),#165,.T.);
#3489=ADVANCED_FACE('',(#285,#148,#149,#150,#151,#152,#153,#154,#155,#156),
#166,.T.);
#3490=ADVANCED_FACE('',(#286),#3339,.F.);
#3491=ADVANCED_FACE('',(#287),#3340,.F.);
#3492=ADVANCED_FACE('',(#288),#3341,.F.);
#3493=ADVANCED_FACE('',(#289),#3342,.F.);
#3494=ADVANCED_FACE('',(#290),#3343,.F.);
#3495=ADVANCED_FACE('',(#291),#3344,.F.);
#3496=ADVANCED_FACE('',(#292),#3345,.F.);
#3497=ADVANCED_FACE('',(#293),#3346,.F.);
#3498=ADVANCED_FACE('',(#294),#3347,.F.);
#3499=ADVANCED_FACE('',(#295),#3348,.F.);
#3500=ADVANCED_FACE('',(#296),#3349,.F.);
#3501=ADVANCED_FACE('',(#297),#3350,.F.);
#3502=ADVANCED_FACE('',(#298),#3351,.F.);
#3503=ADVANCED_FACE('',(#299),#3352,.F.);
#3504=ADVANCED_FACE('',(#300),#3353,.F.);
#3505=ADVANCED_FACE('',(#301),#3354,.F.);
#3506=ADVANCED_FACE('',(#302),#167,.T.);
#3507=ADVANCED_FACE('',(#303),#168,.T.);
#3508=ADVANCED_FACE('',(#304),#169,.T.);
#3509=ADVANCED_FACE('',(#305),#170,.T.);
#3510=ADVANCED_FACE('',(#306),#171,.T.);
#3511=ADVANCED_FACE('',(#307),#172,.T.);
#3512=ADVANCED_FACE('',(#308),#173,.T.);
#3513=ADVANCED_FACE('',(#309),#174,.T.);
#3514=ADVANCED_FACE('',(#310),#3355,.F.);
#3515=ADVANCED_FACE('',(#311),#3356,.F.);
#3516=ADVANCED_FACE('',(#312),#3357,.F.);
#3517=ADVANCED_FACE('',(#313),#3358,.F.);
#3518=ADVANCED_FACE('',(#314),#3359,.F.);
#3519=ADVANCED_FACE('',(#315),#3360,.F.);
#3520=ADVANCED_FACE('',(#316),#3361,.F.);
#3521=ADVANCED_FACE('',(#317),#3362,.F.);
#3522=ADVANCED_FACE('',(#318),#3363,.F.);
#3523=ADVANCED_FACE('',(#319),#3364,.F.);
#3524=ADVANCED_FACE('',(#320),#3365,.F.);
#3525=ADVANCED_FACE('',(#321),#3366,.F.);
#3526=ADVANCED_FACE('',(#322),#3367,.F.);
#3527=ADVANCED_FACE('',(#323),#3368,.F.);
#3528=ADVANCED_FACE('',(#324),#3369,.F.);
#3529=ADVANCED_FACE('',(#325),#3370,.F.);
#3530=ADVANCED_FACE('',(#326),#175,.T.);
#3531=ADVANCED_FACE('',(#327),#176,.T.);
#3532=ADVANCED_FACE('',(#328),#177,.T.);
#3533=ADVANCED_FACE('',(#329),#178,.T.);
#3534=ADVANCED_FACE('',(#330),#179,.T.);
#3535=ADVANCED_FACE('',(#331),#180,.T.);
#3536=ADVANCED_FACE('',(#332),#181,.T.);
#3537=ADVANCED_FACE('',(#333),#182,.T.);
#3538=ADVANCED_FACE('',(#334),#3371,.F.);
#3539=ADVANCED_FACE('',(#335),#3372,.F.);
#3540=ADVANCED_FACE('',(#336),#3373,.F.);
#3541=ADVANCED_FACE('',(#337),#3374,.F.);
#3542=ADVANCED_FACE('',(#338),#3375,.F.);
#3543=ADVANCED_FACE('',(#339),#3376,.F.);
#3544=ADVANCED_FACE('',(#340),#3377,.F.);
#3545=ADVANCED_FACE('',(#341),#3378,.F.);
#3546=ADVANCED_FACE('',(#342),#3379,.F.);
#3547=ADVANCED_FACE('',(#343),#3380,.F.);
#3548=ADVANCED_FACE('',(#344),#3381,.F.);
#3549=ADVANCED_FACE('',(#345),#3382,.F.);
#3550=ADVANCED_FACE('',(#346),#3383,.F.);
#3551=ADVANCED_FACE('',(#347),#3384,.F.);
#3552=ADVANCED_FACE('',(#348),#3385,.F.);
#3553=ADVANCED_FACE('',(#349),#3386,.F.);
#3554=ADVANCED_FACE('',(#350),#183,.T.);
#3555=ADVANCED_FACE('',(#351),#184,.T.);
#3556=ADVANCED_FACE('',(#352),#185,.T.);
#3557=ADVANCED_FACE('',(#353),#186,.T.);
#3558=ADVANCED_FACE('',(#354),#187,.T.);
#3559=ADVANCED_FACE('',(#355),#188,.T.);
#3560=ADVANCED_FACE('',(#356),#189,.T.);
#3561=ADVANCED_FACE('',(#357),#190,.T.);
#3562=ADVANCED_FACE('',(#358),#3387,.T.);
#3563=ADVANCED_FACE('',(#359),#3388,.T.);
#3564=ADVANCED_FACE('',(#360),#3389,.T.);
#3565=ADVANCED_FACE('',(#361),#3390,.T.);
#3566=ADVANCED_FACE('',(#362),#3391,.T.);
#3567=ADVANCED_FACE('',(#363),#3392,.T.);
#3568=ADVANCED_FACE('',(#364),#3393,.T.);
#3569=ADVANCED_FACE('',(#365),#3394,.T.);
#3570=ADVANCED_FACE('',(#366),#3395,.T.);
#3571=ADVANCED_FACE('',(#367),#3396,.T.);
#3572=ADVANCED_FACE('',(#368),#3397,.T.);
#3573=ADVANCED_FACE('',(#369),#3398,.T.);
#3574=ADVANCED_FACE('',(#370),#3399,.T.);
#3575=ADVANCED_FACE('',(#371),#3400,.T.);
#3576=ADVANCED_FACE('',(#372),#3401,.T.);
#3577=ADVANCED_FACE('',(#373),#3402,.T.);
#3578=ADVANCED_FACE('',(#374),#191,.T.);
#3579=ADVANCED_FACE('',(#375),#3403,.T.);
#3580=ADVANCED_FACE('',(#376),#3404,.T.);
#3581=ADVANCED_FACE('',(#377),#3405,.T.);
#3582=ADVANCED_FACE('',(#378),#3406,.T.);
#3583=ADVANCED_FACE('',(#379),#3407,.T.);
#3584=ADVANCED_FACE('',(#380),#3408,.T.);
#3585=ADVANCED_FACE('',(#381),#3409,.T.);
#3586=ADVANCED_FACE('',(#382),#3410,.T.);
#3587=ADVANCED_FACE('',(#383),#3411,.T.);
#3588=ADVANCED_FACE('',(#384),#3412,.T.);
#3589=ADVANCED_FACE('',(#385),#3413,.T.);
#3590=ADVANCED_FACE('',(#386),#3414,.T.);
#3591=ADVANCED_FACE('',(#387),#3415,.T.);
#3592=ADVANCED_FACE('',(#388),#3416,.T.);
#3593=ADVANCED_FACE('',(#389),#3417,.T.);
#3594=ADVANCED_FACE('',(#390),#3418,.T.);
#3595=ADVANCED_FACE('',(#391),#192,.T.);
#3596=ADVANCED_FACE('',(#392),#3419,.T.);
#3597=ADVANCED_FACE('',(#393),#3420,.T.);
#3598=ADVANCED_FACE('',(#394),#3421,.T.);
#3599=ADVANCED_FACE('',(#395),#3422,.T.);
#3600=ADVANCED_FACE('',(#396),#3423,.T.);
#3601=ADVANCED_FACE('',(#397),#3424,.T.);
#3602=ADVANCED_FACE('',(#398),#3425,.T.);
#3603=ADVANCED_FACE('',(#399),#3426,.T.);
#3604=ADVANCED_FACE('',(#400),#3427,.T.);
#3605=ADVANCED_FACE('',(#401),#3428,.T.);
#3606=ADVANCED_FACE('',(#402),#3429,.T.);
#3607=ADVANCED_FACE('',(#403),#3430,.T.);
#3608=ADVANCED_FACE('',(#404),#3431,.T.);
#3609=ADVANCED_FACE('',(#405),#3432,.T.);
#3610=ADVANCED_FACE('',(#406),#3433,.T.);
#3611=ADVANCED_FACE('',(#407),#3434,.T.);
#3612=ADVANCED_FACE('',(#408),#193,.T.);
#3613=ADVANCED_FACE('',(#409),#194,.T.);
#3614=ADVANCED_FACE('',(#410),#195,.T.);
#3615=ADVANCED_FACE('',(#411),#3435,.T.);
#3616=ADVANCED_FACE('',(#412),#3436,.T.);
#3617=ADVANCED_FACE('',(#413),#3437,.T.);
#3618=ADVANCED_FACE('',(#414),#3438,.T.);
#3619=ADVANCED_FACE('',(#415),#3439,.T.);
#3620=ADVANCED_FACE('',(#416),#3440,.T.);
#3621=ADVANCED_FACE('',(#417),#3441,.T.);
#3622=ADVANCED_FACE('',(#418),#3442,.T.);
#3623=ADVANCED_FACE('',(#419),#3443,.T.);
#3624=ADVANCED_FACE('',(#420),#3444,.T.);
#3625=ADVANCED_FACE('',(#421),#3445,.T.);
#3626=ADVANCED_FACE('',(#422),#3446,.T.);
#3627=ADVANCED_FACE('',(#423),#3447,.T.);
#3628=ADVANCED_FACE('',(#424),#3448,.T.);
#3629=ADVANCED_FACE('',(#425),#3449,.T.);
#3630=ADVANCED_FACE('',(#426),#3450,.T.);
#3631=ADVANCED_FACE('',(#427),#196,.T.);
#3632=ADVANCED_FACE('',(#428),#197,.T.);
#3633=ADVANCED_FACE('',(#429),#198,.T.);
#3634=ADVANCED_FACE('',(#430),#199,.T.);
#3635=ADVANCED_FACE('',(#431),#200,.T.);
#3636=ADVANCED_FACE('',(#432),#201,.T.);
#3637=ADVANCED_FACE('',(#433),#202,.T.);
#3638=ADVANCED_FACE('',(#434),#203,.T.);
#3639=ADVANCED_FACE('',(#435),#204,.T.);
#3640=ADVANCED_FACE('',(#436),#205,.T.);
#3641=ADVANCED_FACE('',(#437),#206,.T.);
#3642=ADVANCED_FACE('',(#438),#207,.T.);
#3643=ADVANCED_FACE('',(#439),#208,.T.);
#3644=ADVANCED_FACE('',(#440),#209,.T.);
#3645=ADVANCED_FACE('',(#441),#210,.T.);
#3646=ADVANCED_FACE('',(#442),#211,.T.);
#3647=ADVANCED_FACE('',(#443),#212,.T.);
#3648=ADVANCED_FACE('',(#444),#213,.T.);
#3649=ADVANCED_FACE('',(#445),#214,.T.);
#3650=ADVANCED_FACE('',(#446),#215,.T.);
#3651=ADVANCED_FACE('',(#447),#216,.T.);
#3652=ADVANCED_FACE('',(#448),#217,.T.);
#3653=ADVANCED_FACE('',(#449),#218,.T.);
#3654=ADVANCED_FACE('',(#450),#219,.T.);
#3655=ADVANCED_FACE('',(#451),#220,.T.);
#3656=ADVANCED_FACE('',(#452),#221,.T.);
#3657=ADVANCED_FACE('',(#453),#222,.T.);
#3658=ADVANCED_FACE('',(#454),#223,.T.);
#3659=ADVANCED_FACE('',(#455),#224,.T.);
#3660=ADVANCED_FACE('',(#456),#225,.T.);
#3661=ADVANCED_FACE('',(#457),#226,.T.);
#3662=ADVANCED_FACE('',(#458),#247,.F.);
#3663=ADVANCED_FACE('',(#459),#3451,.F.);
#3664=ADVANCED_FACE('',(#460),#248,.F.);
#3665=ADVANCED_FACE('',(#461),#3452,.F.);
#3666=ADVANCED_FACE('',(#462),#249,.F.);
#3667=ADVANCED_FACE('',(#463),#3453,.F.);
#3668=ADVANCED_FACE('',(#464),#250,.F.);
#3669=ADVANCED_FACE('',(#465),#3454,.F.);
#3670=ADVANCED_FACE('',(#466),#227,.T.);
#3671=ADVANCED_FACE('',(#467),#228,.T.);
#3672=ADVANCED_FACE('',(#468),#229,.T.);
#3673=ADVANCED_FACE('',(#469),#230,.T.);
#3674=ADVANCED_FACE('',(#470),#231,.T.);
#3675=ADVANCED_FACE('',(#471),#232,.T.);
#3676=ADVANCED_FACE('',(#472),#233,.T.);
#3677=ADVANCED_FACE('',(#473),#234,.T.);
#3678=ADVANCED_FACE('',(#474),#235,.T.);
#3679=ADVANCED_FACE('',(#475),#236,.T.);
#3680=ADVANCED_FACE('',(#476),#237,.T.);
#3681=ADVANCED_FACE('',(#477),#238,.T.);
#3682=ADVANCED_FACE('',(#478),#239,.T.);
#3683=ADVANCED_FACE('',(#479),#240,.T.);
#3684=ADVANCED_FACE('',(#480),#241,.T.);
#3685=ADVANCED_FACE('',(#481),#242,.T.);
#3686=CLOSED_SHELL('',(#3455,#3456,#3457,#3458,#3459,#3460,#3461,#3462,
#3463,#3464,#3465,#3466,#3467,#3468,#3469,#3470,#3471,#3472,#3473,#3474,
#3475,#3476,#3477,#3478,#3479,#3480,#3481,#3482,#3483,#3484,#3485,#3486,
#3487,#3488,#3489,#3490,#3491,#3492,#3493,#3494,#3495,#3496,#3497,#3498,
#3499,#3500,#3501,#3502,#3503,#3504,#3505,#3506,#3507,#3508,#3509,#3510,
#3511,#3512,#3513,#3514,#3515,#3516,#3517,#3518,#3519,#3520,#3521,#3522,
#3523,#3524,#3525,#3526,#3527,#3528,#3529,#3530,#3531,#3532,#3533,#3534,
#3535,#3536,#3537,#3538,#3539,#3540,#3541,#3542,#3543,#3544,#3545,#3546,
#3547,#3548,#3549,#3550,#3551,#3552,#3553,#3554,#3555,#3556,#3557,#3558,
#3559,#3560,#3561,#3562,#3563,#3564,#3565,#3566,#3567,#3568,#3569,#3570,
#3571,#3572,#3573,#3574,#3575,#3576,#3577,#3578,#3579,#3580,#3581,#3582,
#3583,#3584,#3585,#3586,#3587,#3588,#3589,#3590,#3591,#3592,#3593,#3594,
#3595,#3596,#3597,#3598,#3599,#3600,#3601,#3602,#3603,#3604,#3605,#3606,
#3607,#3608,#3609,#3610,#3611,#3612,#3613,#3614,#3615,#3616,#3617,#3618,
#3619,#3620,#3621,#3622,#3623,#3624,#3625,#3626,#3627,#3628,#3629,#3630,
#3631,#3632,#3633,#3634,#3635,#3636,#3637,#3638,#3639,#3640,#3641,#3642,
#3643,#3644,#3645,#3646,#3647,#3648,#3649,#3650,#3651,#3652,#3653,#3654,
#3655,#3656,#3657,#3658,#3659,#3660,#3661,#3662,#3663,#3664,#3665,#3666,
#3667,#3668,#3669,#3670,#3671,#3672,#3673,#3674,#3675,#3676,#3677,#3678,
#3679,#3680,#3681,#3682,#3683,#3684,#3685));
#3687=DERIVED_UNIT_ELEMENT(#3689,1.);
#3688=DERIVED_UNIT_ELEMENT(#6268,-3.);
#3689=(
MASS_UNIT()
NAMED_UNIT(*)
SI_UNIT(.KILO.,.GRAM.)
);
#3690=DERIVED_UNIT((#3687,#3688));
#3691=MEASURE_REPRESENTATION_ITEM('density measure',
POSITIVE_RATIO_MEASURE(7850.),#3690);
#3692=PROPERTY_DEFINITION_REPRESENTATION(#3697,#3694);
#3693=PROPERTY_DEFINITION_REPRESENTATION(#3698,#3695);
#3694=REPRESENTATION('material name',(#3696),#6265);
#3695=REPRESENTATION('density',(#3691),#6265);
#3696=DESCRIPTIVE_REPRESENTATION_ITEM('\X2\92FC\X0\','\X2\92FC\X0\');
#3697=PROPERTY_DEFINITION('material property','material name',#6275);
#3698=PROPERTY_DEFINITION('material property','density of part',#6275);
#3699=AXIS2_PLACEMENT_3D('',#5218,#4085,#4086);
#3700=AXIS2_PLACEMENT_3D('',#5219,#4087,#4088);
#3701=AXIS2_PLACEMENT_3D('',#5221,#4089,#4090);
#3702=AXIS2_PLACEMENT_3D('',#5224,#4092,#4093);
#3703=AXIS2_PLACEMENT_3D('',#5225,#4094,#4095);
#3704=AXIS2_PLACEMENT_3D('',#5227,#4096,#4097);
#3705=AXIS2_PLACEMENT_3D('',#5230,#4099,#4100);
#3706=AXIS2_PLACEMENT_3D('',#5231,#4101,#4102);
#3707=AXIS2_PLACEMENT_3D('',#5249,#4111,#4112);
#3708=AXIS2_PLACEMENT_3D('',#5251,#4113,#4114);
#3709=AXIS2_PLACEMENT_3D('',#5253,#4115,#4116);
#3710=AXIS2_PLACEMENT_3D('',#5254,#4117,#4118);
#3711=AXIS2_PLACEMENT_3D('',#5257,#4120,#4121);
#3712=AXIS2_PLACEMENT_3D('',#5258,#4122,#4123);
#3713=AXIS2_PLACEMENT_3D('',#5261,#4125,#4126);
#3714=AXIS2_PLACEMENT_3D('',#5262,#4127,#4128);
#3715=AXIS2_PLACEMENT_3D('',#5265,#4130,#4131);
#3716=AXIS2_PLACEMENT_3D('',#5266,#4132,#4133);
#3717=AXIS2_PLACEMENT_3D('',#5269,#4135,#4136);
#3718=AXIS2_PLACEMENT_3D('',#5270,#4137,#4138);
#3719=AXIS2_PLACEMENT_3D('',#5273,#4140,#4141);
#3720=AXIS2_PLACEMENT_3D('',#5274,#4142,#4143);
#3721=AXIS2_PLACEMENT_3D('',#5277,#4145,#4146);
#3722=AXIS2_PLACEMENT_3D('',#5278,#4147,#4148);
#3723=AXIS2_PLACEMENT_3D('',#5281,#4150,#4151);
#3724=AXIS2_PLACEMENT_3D('',#5282,#4152,#4153);
#3725=AXIS2_PLACEMENT_3D('',#5287,#4155,#4156);
#3726=AXIS2_PLACEMENT_3D('',#5290,#4158,#4159);
#3727=AXIS2_PLACEMENT_3D('',#5291,#4160,#4161);
#3728=AXIS2_PLACEMENT_3D('',#5295,#4163,#4164);
#3729=AXIS2_PLACEMENT_3D('',#5297,#4166,#4167);
#3730=AXIS2_PLACEMENT_3D('',#5301,#4169,#4170);
#3731=AXIS2_PLACEMENT_3D('',#5303,#4172,#4173);
#3732=AXIS2_PLACEMENT_3D('',#5307,#4175,#4176);
#3733=AXIS2_PLACEMENT_3D('',#5309,#4178,#4179);
#3734=AXIS2_PLACEMENT_3D('',#5313,#4181,#4182);
#3735=AXIS2_PLACEMENT_3D('',#5315,#4184,#4185);
#3736=AXIS2_PLACEMENT_3D('',#5320,#4187,#4188);
#3737=AXIS2_PLACEMENT_3D('',#5323,#4190,#4191);
#3738=AXIS2_PLACEMENT_3D('',#5324,#4192,#4193);
#3739=AXIS2_PLACEMENT_3D('',#5329,#4196,#4197);
#3740=AXIS2_PLACEMENT_3D('',#5330,#4198,#4199);
#3741=AXIS2_PLACEMENT_3D('',#5335,#4202,#4203);
#3742=AXIS2_PLACEMENT_3D('',#5336,#4204,#4205);
#3743=AXIS2_PLACEMENT_3D('',#5339,#4208,#4209);
#3744=AXIS2_PLACEMENT_3D('',#5344,#4212,#4213);
#3745=AXIS2_PLACEMENT_3D('',#5345,#4214,#4215);
#3746=AXIS2_PLACEMENT_3D('',#5350,#4218,#4219);
#3747=AXIS2_PLACEMENT_3D('',#5351,#4220,#4221);
#3748=AXIS2_PLACEMENT_3D('',#5356,#4224,#4225);
#3749=AXIS2_PLACEMENT_3D('',#5357,#4226,#4227);
#3750=AXIS2_PLACEMENT_3D('',#5362,#4230,#4231);
#3751=AXIS2_PLACEMENT_3D('',#5363,#4232,#4233);
#3752=AXIS2_PLACEMENT_3D('',#5368,#4236,#4237);
#3753=AXIS2_PLACEMENT_3D('',#5369,#4238,#4239);
#3754=AXIS2_PLACEMENT_3D('',#5374,#4242,#4243);
#3755=AXIS2_PLACEMENT_3D('',#5375,#4244,#4245);
#3756=AXIS2_PLACEMENT_3D('',#5378,#4248,#4249);
#3757=AXIS2_PLACEMENT_3D('',#5384,#4253,#4254);
#3758=AXIS2_PLACEMENT_3D('',#5388,#4257,#4258);
#3759=AXIS2_PLACEMENT_3D('',#5392,#4261,#4262);
#3760=AXIS2_PLACEMENT_3D('',#5396,#4265,#4266);
#3761=AXIS2_PLACEMENT_3D('',#5400,#4269,#4270);
#3762=AXIS2_PLACEMENT_3D('',#5404,#4273,#4274);
#3763=AXIS2_PLACEMENT_3D('',#5408,#4277,#4278);
#3764=AXIS2_PLACEMENT_3D('',#5412,#4281,#4282);
#3765=AXIS2_PLACEMENT_3D('',#5494,#4323,#4324);
#3766=AXIS2_PLACEMENT_3D('',#5496,#4325,#4326);
#3767=AXIS2_PLACEMENT_3D('',#5498,#4327,#4328);
#3768=AXIS2_PLACEMENT_3D('',#5500,#4329,#4330);
#3769=AXIS2_PLACEMENT_3D('',#5533,#4347,#4348);
#3770=AXIS2_PLACEMENT_3D('',#5535,#4349,#4350);
#3771=AXIS2_PLACEMENT_3D('',#5538,#4352,#4353);
#3772=AXIS2_PLACEMENT_3D('',#5539,#4354,#4355);
#3773=AXIS2_PLACEMENT_3D('',#5543,#4357,#4358);
#3774=AXIS2_PLACEMENT_3D('',#5544,#4359,#4360);
#3775=AXIS2_PLACEMENT_3D('',#5545,#4361,#4362);
#3776=AXIS2_PLACEMENT_3D('',#5548,#4364,#4365);
#3777=AXIS2_PLACEMENT_3D('',#5549,#4366,#4367);
#3778=AXIS2_PLACEMENT_3D('',#5552,#4369,#4370);
#3779=AXIS2_PLACEMENT_3D('',#5553,#4371,#4372);
#3780=AXIS2_PLACEMENT_3D('',#5556,#4374,#4375);
#3781=AXIS2_PLACEMENT_3D('',#5557,#4376,#4377);
#3782=AXIS2_PLACEMENT_3D('',#5560,#4379,#4380);
#3783=AXIS2_PLACEMENT_3D('',#5561,#4381,#4382);
#3784=AXIS2_PLACEMENT_3D('',#5564,#4384,#4385);
#3785=AXIS2_PLACEMENT_3D('',#5565,#4386,#4387);
#3786=AXIS2_PLACEMENT_3D('',#5568,#4389,#4390);
#3787=AXIS2_PLACEMENT_3D('',#5569,#4391,#4392);
#3788=AXIS2_PLACEMENT_3D('',#5572,#4394,#4395);
#3789=AXIS2_PLACEMENT_3D('',#5573,#4396,#4397);
#3790=AXIS2_PLACEMENT_3D('',#5576,#4399,#4400);
#3791=AXIS2_PLACEMENT_3D('',#5577,#4401,#4402);
#3792=AXIS2_PLACEMENT_3D('',#5580,#4404,#4405);
#3793=AXIS2_PLACEMENT_3D('',#5581,#4406,#4407);
#3794=AXIS2_PLACEMENT_3D('',#5584,#4409,#4410);
#3795=AXIS2_PLACEMENT_3D('',#5585,#4411,#4412);
#3796=AXIS2_PLACEMENT_3D('',#5588,#4414,#4415);
#3797=AXIS2_PLACEMENT_3D('',#5589,#4416,#4417);
#3798=AXIS2_PLACEMENT_3D('',#5592,#4419,#4420);
#3799=AXIS2_PLACEMENT_3D('',#5593,#4421,#4422);
#3800=AXIS2_PLACEMENT_3D('',#5595,#4424,#4425);
#3801=AXIS2_PLACEMENT_3D('',#5597,#4427,#4428);
#3802=AXIS2_PLACEMENT_3D('',#5603,#4432,#4433);
#3803=AXIS2_PLACEMENT_3D('',#5607,#4436,#4437);
#3804=AXIS2_PLACEMENT_3D('',#5611,#4440,#4441);
#3805=AXIS2_PLACEMENT_3D('',#5615,#4444,#4445);
#3806=AXIS2_PLACEMENT_3D('',#5619,#4448,#4449);
#3807=AXIS2_PLACEMENT_3D('',#5623,#4452,#4453);
#3808=AXIS2_PLACEMENT_3D('',#5627,#4456,#4457);
#3809=AXIS2_PLACEMENT_3D('',#5631,#4460,#4461);
#3810=AXIS2_PLACEMENT_3D('',#5635,#4463,#4464);
#3811=AXIS2_PLACEMENT_3D('',#5636,#4465,#4466);
#3812=AXIS2_PLACEMENT_3D('',#5637,#4467,#4468);
#3813=AXIS2_PLACEMENT_3D('',#5640,#4470,#4471);
#3814=AXIS2_PLACEMENT_3D('',#5641,#4472,#4473);
#3815=AXIS2_PLACEMENT_3D('',#5644,#4475,#4476);
#3816=AXIS2_PLACEMENT_3D('',#5645,#4477,#4478);
#3817=AXIS2_PLACEMENT_3D('',#5648,#4480,#4481);
#3818=AXIS2_PLACEMENT_3D('',#5649,#4482,#4483);
#3819=AXIS2_PLACEMENT_3D('',#5652,#4485,#4486);
#3820=AXIS2_PLACEMENT_3D('',#5653,#4487,#4488);
#3821=AXIS2_PLACEMENT_3D('',#5656,#4490,#4491);
#3822=AXIS2_PLACEMENT_3D('',#5657,#4492,#4493);
#3823=AXIS2_PLACEMENT_3D('',#5660,#4495,#4496);
#3824=AXIS2_PLACEMENT_3D('',#5661,#4497,#4498);
#3825=AXIS2_PLACEMENT_3D('',#5664,#4500,#4501);
#3826=AXIS2_PLACEMENT_3D('',#5665,#4502,#4503);
#3827=AXIS2_PLACEMENT_3D('',#5668,#4505,#4506);
#3828=AXIS2_PLACEMENT_3D('',#5669,#4507,#4508);
#3829=AXIS2_PLACEMENT_3D('',#5672,#4510,#4511);
#3830=AXIS2_PLACEMENT_3D('',#5673,#4512,#4513);
#3831=AXIS2_PLACEMENT_3D('',#5676,#4515,#4516);
#3832=AXIS2_PLACEMENT_3D('',#5677,#4517,#4518);
#3833=AXIS2_PLACEMENT_3D('',#5680,#4520,#4521);
#3834=AXIS2_PLACEMENT_3D('',#5681,#4522,#4523);
#3835=AXIS2_PLACEMENT_3D('',#5684,#4525,#4526);
#3836=AXIS2_PLACEMENT_3D('',#5685,#4527,#4528);
#3837=AXIS2_PLACEMENT_3D('',#5688,#4530,#4531);
#3838=AXIS2_PLACEMENT_3D('',#5689,#4532,#4533);
#3839=AXIS2_PLACEMENT_3D('',#5692,#4535,#4536);
#3840=AXIS2_PLACEMENT_3D('',#5693,#4537,#4538);
#3841=AXIS2_PLACEMENT_3D('',#5695,#4540,#4541);
#3842=AXIS2_PLACEMENT_3D('',#5701,#4545,#4546);
#3843=AXIS2_PLACEMENT_3D('',#5705,#4549,#4550);
#3844=AXIS2_PLACEMENT_3D('',#5709,#4553,#4554);
#3845=AXIS2_PLACEMENT_3D('',#5713,#4557,#4558);
#3846=AXIS2_PLACEMENT_3D('',#5717,#4561,#4562);
#3847=AXIS2_PLACEMENT_3D('',#5721,#4565,#4566);
#3848=AXIS2_PLACEMENT_3D('',#5725,#4569,#4570);
#3849=AXIS2_PLACEMENT_3D('',#5729,#4573,#4574);
#3850=AXIS2_PLACEMENT_3D('',#5733,#4576,#4577);
#3851=AXIS2_PLACEMENT_3D('',#5734,#4578,#4579);
#3852=AXIS2_PLACEMENT_3D('',#5735,#4580,#4581);
#3853=AXIS2_PLACEMENT_3D('',#5738,#4583,#4584);
#3854=AXIS2_PLACEMENT_3D('',#5739,#4585,#4586);
#3855=AXIS2_PLACEMENT_3D('',#5743,#4588,#4589);
#3856=AXIS2_PLACEMENT_3D('',#5744,#4590,#4591);
#3857=AXIS2_PLACEMENT_3D('',#5745,#4592,#4593);
#3858=AXIS2_PLACEMENT_3D('',#5748,#4595,#4596);
#3859=AXIS2_PLACEMENT_3D('',#5749,#4597,#4598);
#3860=AXIS2_PLACEMENT_3D('',#5752,#4600,#4601);
#3861=AXIS2_PLACEMENT_3D('',#5753,#4602,#4603);
#3862=AXIS2_PLACEMENT_3D('',#5756,#4605,#4606);
#3863=AXIS2_PLACEMENT_3D('',#5757,#4607,#4608);
#3864=AXIS2_PLACEMENT_3D('',#5760,#4610,#4611);
#3865=AXIS2_PLACEMENT_3D('',#5761,#4612,#4613);
#3866=AXIS2_PLACEMENT_3D('',#5764,#4615,#4616);
#3867=AXIS2_PLACEMENT_3D('',#5765,#4617,#4618);
#3868=AXIS2_PLACEMENT_3D('',#5768,#4620,#4621);
#3869=AXIS2_PLACEMENT_3D('',#5769,#4622,#4623);
#3870=AXIS2_PLACEMENT_3D('',#5772,#4625,#4626);
#3871=AXIS2_PLACEMENT_3D('',#5773,#4627,#4628);
#3872=AXIS2_PLACEMENT_3D('',#5776,#4630,#4631);
#3873=AXIS2_PLACEMENT_3D('',#5777,#4632,#4633);
#3874=AXIS2_PLACEMENT_3D('',#5779,#4635,#4636);
#3875=AXIS2_PLACEMENT_3D('',#5782,#4638,#4639);
#3876=AXIS2_PLACEMENT_3D('',#5783,#4640,#4641);
#3877=AXIS2_PLACEMENT_3D('',#5786,#4643,#4644);
#3878=AXIS2_PLACEMENT_3D('',#5787,#4645,#4646);
#3879=AXIS2_PLACEMENT_3D('',#5790,#4648,#4649);
#3880=AXIS2_PLACEMENT_3D('',#5791,#4650,#4651);
#3881=AXIS2_PLACEMENT_3D('',#5793,#4653,#4654);
#3882=AXIS2_PLACEMENT_3D('',#5799,#4658,#4659);
#3883=AXIS2_PLACEMENT_3D('',#5803,#4662,#4663);
#3884=AXIS2_PLACEMENT_3D('',#5807,#4666,#4667);
#3885=AXIS2_PLACEMENT_3D('',#5811,#4670,#4671);
#3886=AXIS2_PLACEMENT_3D('',#5815,#4674,#4675);
#3887=AXIS2_PLACEMENT_3D('',#5819,#4678,#4679);
#3888=AXIS2_PLACEMENT_3D('',#5823,#4682,#4683);
#3889=AXIS2_PLACEMENT_3D('',#5827,#4686,#4687);
#3890=AXIS2_PLACEMENT_3D('',#5831,#4689,#4690);
#3891=AXIS2_PLACEMENT_3D('',#5832,#4691,#4692);
#3892=AXIS2_PLACEMENT_3D('',#5833,#4693,#4694);
#3893=AXIS2_PLACEMENT_3D('',#5837,#4696,#4697);
#3894=AXIS2_PLACEMENT_3D('',#5839,#4699,#4700);
#3895=AXIS2_PLACEMENT_3D('',#5843,#4702,#4703);
#3896=AXIS2_PLACEMENT_3D('',#5845,#4705,#4706);
#3897=AXIS2_PLACEMENT_3D('',#5849,#4708,#4709);
#3898=AXIS2_PLACEMENT_3D('',#5851,#4711,#4712);
#3899=AXIS2_PLACEMENT_3D('',#5855,#4714,#4715);
#3900=AXIS2_PLACEMENT_3D('',#5857,#4717,#4718);
#3901=AXIS2_PLACEMENT_3D('',#5861,#4720,#4721);
#3902=AXIS2_PLACEMENT_3D('',#5863,#4723,#4724);
#3903=AXIS2_PLACEMENT_3D('',#5867,#4726,#4727);
#3904=AXIS2_PLACEMENT_3D('',#5869,#4729,#4730);
#3905=AXIS2_PLACEMENT_3D('',#5873,#4732,#4733);
#3906=AXIS2_PLACEMENT_3D('',#5875,#4735,#4736);
#3907=AXIS2_PLACEMENT_3D('',#5878,#4738,#4739);
#3908=AXIS2_PLACEMENT_3D('',#5880,#4741,#4742);
#3909=AXIS2_PLACEMENT_3D('',#5883,#4744,#4745);
#3910=AXIS2_PLACEMENT_3D('',#5884,#4746,#4747);
#3911=AXIS2_PLACEMENT_3D('',#5887,#4749,#4750);
#3912=AXIS2_PLACEMENT_3D('',#5888,#4751,#4752);
#3913=AXIS2_PLACEMENT_3D('',#5891,#4754,#4755);
#3914=AXIS2_PLACEMENT_3D('',#5892,#4756,#4757);
#3915=AXIS2_PLACEMENT_3D('',#5895,#4759,#4760);
#3916=AXIS2_PLACEMENT_3D('',#5896,#4761,#4762);
#3917=AXIS2_PLACEMENT_3D('',#5899,#4764,#4765);
#3918=AXIS2_PLACEMENT_3D('',#5900,#4766,#4767);
#3919=AXIS2_PLACEMENT_3D('',#5903,#4769,#4770);
#3920=AXIS2_PLACEMENT_3D('',#5904,#4771,#4772);
#3921=AXIS2_PLACEMENT_3D('',#5906,#4774,#4775);
#3922=AXIS2_PLACEMENT_3D('',#5907,#4776,#4777);
#3923=AXIS2_PLACEMENT_3D('',#5911,#4779,#4780);
#3924=AXIS2_PLACEMENT_3D('',#5912,#4781,#4782);
#3925=AXIS2_PLACEMENT_3D('',#5913,#4783,#4784);
#3926=AXIS2_PLACEMENT_3D('',#5917,#4786,#4787);
#3927=AXIS2_PLACEMENT_3D('',#5919,#4789,#4790);
#3928=AXIS2_PLACEMENT_3D('',#5923,#4792,#4793);
#3929=AXIS2_PLACEMENT_3D('',#5925,#4795,#4796);
#3930=AXIS2_PLACEMENT_3D('',#5929,#4798,#4799);
#3931=AXIS2_PLACEMENT_3D('',#5931,#4801,#4802);
#3932=AXIS2_PLACEMENT_3D('',#5935,#4804,#4805);
#3933=AXIS2_PLACEMENT_3D('',#5937,#4807,#4808);
#3934=AXIS2_PLACEMENT_3D('',#5941,#4810,#4811);
#3935=AXIS2_PLACEMENT_3D('',#5943,#4813,#4814);
#3936=AXIS2_PLACEMENT_3D('',#5947,#4816,#4817);
#3937=AXIS2_PLACEMENT_3D('',#5949,#4819,#4820);
#3938=AXIS2_PLACEMENT_3D('',#5953,#4822,#4823);
#3939=AXIS2_PLACEMENT_3D('',#5955,#4825,#4826);
#3940=AXIS2_PLACEMENT_3D('',#5958,#4828,#4829);
#3941=AXIS2_PLACEMENT_3D('',#5960,#4831,#4832);
#3942=AXIS2_PLACEMENT_3D('',#5963,#4834,#4835);
#3943=AXIS2_PLACEMENT_3D('',#5964,#4836,#4837);
#3944=AXIS2_PLACEMENT_3D('',#5967,#4839,#4840);
#3945=AXIS2_PLACEMENT_3D('',#5968,#4841,#4842);
#3946=AXIS2_PLACEMENT_3D('',#5971,#4844,#4845);
#3947=AXIS2_PLACEMENT_3D('',#5972,#4846,#4847);
#3948=AXIS2_PLACEMENT_3D('',#5975,#4849,#4850);
#3949=AXIS2_PLACEMENT_3D('',#5976,#4851,#4852);
#3950=AXIS2_PLACEMENT_3D('',#5979,#4854,#4855);
#3951=AXIS2_PLACEMENT_3D('',#5980,#4856,#4857);
#3952=AXIS2_PLACEMENT_3D('',#5983,#4859,#4860);
#3953=AXIS2_PLACEMENT_3D('',#5984,#4861,#4862);
#3954=AXIS2_PLACEMENT_3D('',#5986,#4864,#4865);
#3955=AXIS2_PLACEMENT_3D('',#5987,#4866,#4867);
#3956=AXIS2_PLACEMENT_3D('',#5991,#4869,#4870);
#3957=AXIS2_PLACEMENT_3D('',#5992,#4871,#4872);
#3958=AXIS2_PLACEMENT_3D('',#5993,#4873,#4874);
#3959=AXIS2_PLACEMENT_3D('',#5996,#4876,#4877);
#3960=AXIS2_PLACEMENT_3D('',#5997,#4878,#4879);
#3961=AXIS2_PLACEMENT_3D('',#6000,#4881,#4882);
#3962=AXIS2_PLACEMENT_3D('',#6001,#4883,#4884);
#3963=AXIS2_PLACEMENT_3D('',#6005,#4886,#4887);
#3964=AXIS2_PLACEMENT_3D('',#6007,#4889,#4890);
#3965=AXIS2_PLACEMENT_3D('',#6011,#4892,#4893);
#3966=AXIS2_PLACEMENT_3D('',#6013,#4895,#4896);
#3967=AXIS2_PLACEMENT_3D('',#6017,#4898,#4899);
#3968=AXIS2_PLACEMENT_3D('',#6019,#4901,#4902);
#3969=AXIS2_PLACEMENT_3D('',#6023,#4904,#4905);
#3970=AXIS2_PLACEMENT_3D('',#6025,#4907,#4908);
#3971=AXIS2_PLACEMENT_3D('',#6029,#4910,#4911);
#3972=AXIS2_PLACEMENT_3D('',#6031,#4913,#4914);
#3973=AXIS2_PLACEMENT_3D('',#6035,#4916,#4917);
#3974=AXIS2_PLACEMENT_3D('',#6037,#4919,#4920);
#3975=AXIS2_PLACEMENT_3D('',#6042,#4923,#4924);
#3976=AXIS2_PLACEMENT_3D('',#6043,#4925,#4926);
#3977=AXIS2_PLACEMENT_3D('',#6047,#4929,#4930);
#3978=AXIS2_PLACEMENT_3D('',#6048,#4931,#4932);
#3979=AXIS2_PLACEMENT_3D('',#6051,#4934,#4935);
#3980=AXIS2_PLACEMENT_3D('',#6052,#4936,#4937);
#3981=AXIS2_PLACEMENT_3D('',#6055,#4939,#4940);
#3982=AXIS2_PLACEMENT_3D('',#6056,#4941,#4942);
#3983=AXIS2_PLACEMENT_3D('',#6059,#4944,#4945);
#3984=AXIS2_PLACEMENT_3D('',#6060,#4946,#4947);
#3985=AXIS2_PLACEMENT_3D('',#6063,#4949,#4950);
#3986=AXIS2_PLACEMENT_3D('',#6064,#4951,#4952);
#3987=AXIS2_PLACEMENT_3D('',#6066,#4954,#4955);
#3988=AXIS2_PLACEMENT_3D('',#6069,#4958,#4959);
#3989=AXIS2_PLACEMENT_3D('',#6070,#4960,#4961);
#3990=AXIS2_PLACEMENT_3D('',#6071,#4962,#4963);
#3991=AXIS2_PLACEMENT_3D('',#6075,#4965,#4966);
#3992=AXIS2_PLACEMENT_3D('',#6076,#4967,#4968);
#3993=AXIS2_PLACEMENT_3D('',#6077,#4969,#4970);
#3994=AXIS2_PLACEMENT_3D('',#6081,#4972,#4973);
#3995=AXIS2_PLACEMENT_3D('',#6083,#4975,#4976);
#3996=AXIS2_PLACEMENT_3D('',#6087,#4978,#4979);
#3997=AXIS2_PLACEMENT_3D('',#6089,#4981,#4982);
#3998=AXIS2_PLACEMENT_3D('',#6093,#4984,#4985);
#3999=AXIS2_PLACEMENT_3D('',#6095,#4987,#4988);
#4000=AXIS2_PLACEMENT_3D('',#6099,#4990,#4991);
#4001=AXIS2_PLACEMENT_3D('',#6101,#4993,#4994);
#4002=AXIS2_PLACEMENT_3D('',#6105,#4996,#4997);
#4003=AXIS2_PLACEMENT_3D('',#6107,#4999,#5000);
#4004=AXIS2_PLACEMENT_3D('',#6111,#5002,#5003);
#4005=AXIS2_PLACEMENT_3D('',#6113,#5005,#5006);
#4006=AXIS2_PLACEMENT_3D('',#6117,#5008,#5009);
#4007=AXIS2_PLACEMENT_3D('',#6119,#5011,#5012);
#4008=AXIS2_PLACEMENT_3D('',#6122,#5014,#5015);
#4009=AXIS2_PLACEMENT_3D('',#6124,#5017,#5018);
#4010=AXIS2_PLACEMENT_3D('',#6127,#5020,#5021);
#4011=AXIS2_PLACEMENT_3D('',#6128,#5022,#5023);
#4012=AXIS2_PLACEMENT_3D('',#6131,#5025,#5026);
#4013=AXIS2_PLACEMENT_3D('',#6132,#5027,#5028);
#4014=AXIS2_PLACEMENT_3D('',#6135,#5030,#5031);
#4015=AXIS2_PLACEMENT_3D('',#6136,#5032,#5033);
#4016=AXIS2_PLACEMENT_3D('',#6139,#5035,#5036);
#4017=AXIS2_PLACEMENT_3D('',#6140,#5037,#5038);
#4018=AXIS2_PLACEMENT_3D('',#6143,#5040,#5041);
#4019=AXIS2_PLACEMENT_3D('',#6144,#5042,#5043);
#4020=AXIS2_PLACEMENT_3D('',#6147,#5045,#5046);
#4021=AXIS2_PLACEMENT_3D('',#6148,#5047,#5048);
#4022=AXIS2_PLACEMENT_3D('',#6150,#5050,#5051);
#4023=AXIS2_PLACEMENT_3D('',#6151,#5052,#5053);
#4024=AXIS2_PLACEMENT_3D('',#6153,#5055,#5056);
#4025=AXIS2_PLACEMENT_3D('',#6155,#5058,#5059);
#4026=AXIS2_PLACEMENT_3D('',#6157,#5061,#5062);
#4027=AXIS2_PLACEMENT_3D('',#6159,#5064,#5065);
#4028=AXIS2_PLACEMENT_3D('',#6161,#5067,#5068);
#4029=AXIS2_PLACEMENT_3D('',#6162,#5069,#5070);
#4030=AXIS2_PLACEMENT_3D('',#6164,#5072,#5073);
#4031=AXIS2_PLACEMENT_3D('',#6166,#5075,#5076);
#4032=AXIS2_PLACEMENT_3D('',#6168,#5078,#5079);
#4033=AXIS2_PLACEMENT_3D('',#6170,#5081,#5082);
#4034=AXIS2_PLACEMENT_3D('',#6172,#5084,#5085);
#4035=AXIS2_PLACEMENT_3D('',#6174,#5087,#5088);
#4036=AXIS2_PLACEMENT_3D('',#6176,#5090,#5091);
#4037=AXIS2_PLACEMENT_3D('',#6177,#5092,#5093);
#4038=AXIS2_PLACEMENT_3D('',#6179,#5095,#5096);
#4039=AXIS2_PLACEMENT_3D('',#6181,#5098,#5099);
#4040=AXIS2_PLACEMENT_3D('',#6183,#5101,#5102);
#4041=AXIS2_PLACEMENT_3D('',#6185,#5104,#5105);
#4042=AXIS2_PLACEMENT_3D('',#6187,#5107,#5108);
#4043=AXIS2_PLACEMENT_3D('',#6189,#5110,#5111);
#4044=AXIS2_PLACEMENT_3D('',#6191,#5113,#5114);
#4045=AXIS2_PLACEMENT_3D('',#6192,#5115,#5116);
#4046=AXIS2_PLACEMENT_3D('',#6194,#5118,#5119);
#4047=AXIS2_PLACEMENT_3D('',#6196,#5121,#5122);
#4048=AXIS2_PLACEMENT_3D('',#6198,#5124,#5125);
#4049=AXIS2_PLACEMENT_3D('',#6200,#5127,#5128);
#4050=AXIS2_PLACEMENT_3D('',#6202,#5130,#5131);
#4051=AXIS2_PLACEMENT_3D('',#6204,#5133,#5134);
#4052=AXIS2_PLACEMENT_3D('',#6206,#5136,#5137);
#4053=AXIS2_PLACEMENT_3D('',#6207,#5138,#5139);
#4054=AXIS2_PLACEMENT_3D('',#6210,#5141,#5142);
#4055=AXIS2_PLACEMENT_3D('',#6211,#5143,#5144);
#4056=AXIS2_PLACEMENT_3D('',#6214,#5146,#5147);
#4057=AXIS2_PLACEMENT_3D('',#6215,#5148,#5149);
#4058=AXIS2_PLACEMENT_3D('',#6218,#5151,#5152);
#4059=AXIS2_PLACEMENT_3D('',#6219,#5153,#5154);
#4060=AXIS2_PLACEMENT_3D('',#6222,#5156,#5157);
#4061=AXIS2_PLACEMENT_3D('',#6223,#5158,#5159);
#4062=AXIS2_PLACEMENT_3D('',#6226,#5161,#5162);
#4063=AXIS2_PLACEMENT_3D('',#6227,#5163,#5164);
#4064=AXIS2_PLACEMENT_3D('',#6230,#5166,#5167);
#4065=AXIS2_PLACEMENT_3D('',#6231,#5168,#5169);
#4066=AXIS2_PLACEMENT_3D('',#6234,#5171,#5172);
#4067=AXIS2_PLACEMENT_3D('',#6235,#5173,#5174);
#4068=AXIS2_PLACEMENT_3D('',#6238,#5176,#5177);
#4069=AXIS2_PLACEMENT_3D('',#6239,#5178,#5179);
#4070=AXIS2_PLACEMENT_3D('',#6242,#5182,#5183);
#4071=AXIS2_PLACEMENT_3D('',#6245,#5186,#5187);
#4072=AXIS2_PLACEMENT_3D('',#6248,#5190,#5191);
#4073=AXIS2_PLACEMENT_3D('',#6250,#5193,#5194);
#4074=AXIS2_PLACEMENT_3D('',#6252,#5196,#5197);
#4075=AXIS2_PLACEMENT_3D('',#6253,#5198,#5199);
#4076=AXIS2_PLACEMENT_3D('',#6254,#5200,#5201);
#4077=AXIS2_PLACEMENT_3D('',#6255,#5202,#5203);
#4078=AXIS2_PLACEMENT_3D('',#6256,#5204,#5205);
#4079=AXIS2_PLACEMENT_3D('',#6257,#5206,#5207);
#4080=AXIS2_PLACEMENT_3D('',#6258,#5208,#5209);
#4081=AXIS2_PLACEMENT_3D('',#6259,#5210,#5211);
#4082=AXIS2_PLACEMENT_3D('',#6260,#5212,#5213);
#4083=AXIS2_PLACEMENT_3D('',#6261,#5214,#5215);
#4084=AXIS2_PLACEMENT_3D('',#6262,#5216,#5217);
#4085=DIRECTION('axis',(0.,0.,1.));
#4086=DIRECTION('refdir',(1.,0.,0.));
#4087=DIRECTION('center_axis',(0.,0.,-1.));
#4088=DIRECTION('ref_axis',(-1.,0.,0.));
#4089=DIRECTION('center_axis',(0.,0.,-1.));
#4090=DIRECTION('ref_axis',(-1.,0.,0.));
#4091=DIRECTION('',(0.,0.,-1.));
#4092=DIRECTION('center_axis',(0.,0.,1.));
#4093=DIRECTION('ref_axis',(-1.,0.,0.));
#4094=DIRECTION('center_axis',(0.,0.,-1.));
#4095=DIRECTION('ref_axis',(1.,0.,0.));
#4096=DIRECTION('center_axis',(0.,0.,-1.));
#4097=DIRECTION('ref_axis',(1.,0.,0.));
#4098=DIRECTION('',(0.707106781186548,-8.65956056235494E-17,0.707106781186547));
#4099=DIRECTION('center_axis',(0.,0.,1.));
#4100=DIRECTION('ref_axis',(1.,0.,0.));
#4101=DIRECTION('center_axis',(0.,0.,1.));
#4102=DIRECTION('ref_axis',(1.,0.,0.));
#4103=DIRECTION('',(-1.,0.,0.));
#4104=DIRECTION('',(0.,-1.,0.));
#4105=DIRECTION('',(-1.,0.,0.));
#4106=DIRECTION('',(-2.22044604925031E-16,-1.,0.));
#4107=DIRECTION('',(-1.,0.,0.));
#4108=DIRECTION('',(0.,-1.,0.));
#4109=DIRECTION('',(-1.,0.,0.));
#4110=DIRECTION('',(-2.22044604925031E-16,-1.,0.));
#4111=DIRECTION('center_axis',(0.,0.,-1.));
#4112=DIRECTION('ref_axis',(1.,0.,0.));
#4113=DIRECTION('center_axis',(0.,0.,-1.));
#4114=DIRECTION('ref_axis',(1.,0.,0.));
#4115=DIRECTION('center_axis',(0.,0.,-1.));
#4116=DIRECTION('ref_axis',(1.,0.,0.));
#4117=DIRECTION('center_axis',(0.,0.,1.));
#4118=DIRECTION('ref_axis',(1.,0.,0.));
#4119=DIRECTION('',(0.,0.,1.));
#4120=DIRECTION('center_axis',(0.,0.,1.));
#4121=DIRECTION('ref_axis',(1.,0.,0.));
#4122=DIRECTION('center_axis',(0.,0.,-1.));
#4123=DIRECTION('ref_axis',(1.,0.,0.));
#4124=DIRECTION('',(0.707106781186548,-8.65956056235494E-17,0.707106781186547));
#4125=DIRECTION('center_axis',(0.,0.,1.));
#4126=DIRECTION('ref_axis',(1.,0.,0.));
#4127=DIRECTION('center_axis',(0.,0.,1.));
#4128=DIRECTION('ref_axis',(1.,0.,0.));
#4129=DIRECTION('',(0.,0.,1.));
#4130=DIRECTION('center_axis',(0.,0.,1.));
#4131=DIRECTION('ref_axis',(1.,0.,0.));
#4132=DIRECTION('center_axis',(0.,0.,-1.));
#4133=DIRECTION('ref_axis',(1.,0.,0.));
#4134=DIRECTION('',(0.707106781186548,-8.65956056235493E-17,0.707106781186547));
#4135=DIRECTION('center_axis',(0.,0.,1.));
#4136=DIRECTION('ref_axis',(1.,0.,0.));
#4137=DIRECTION('center_axis',(0.,0.,1.));
#4138=DIRECTION('ref_axis',(1.,0.,0.));
#4139=DIRECTION('',(0.,0.,1.));
#4140=DIRECTION('center_axis',(0.,0.,1.));
#4141=DIRECTION('ref_axis',(1.,0.,0.));
#4142=DIRECTION('center_axis',(0.,0.,-1.));
#4143=DIRECTION('ref_axis',(1.,0.,0.));
#4144=DIRECTION('',(0.707106781186548,-8.65956056235493E-17,0.707106781186547));
#4145=DIRECTION('center_axis',(0.,0.,1.));
#4146=DIRECTION('ref_axis',(1.,0.,0.));
#4147=DIRECTION('center_axis',(0.,0.,1.));
#4148=DIRECTION('ref_axis',(1.,0.,0.));
#4149=DIRECTION('',(0.,0.,1.));
#4150=DIRECTION('center_axis',(0.,0.,1.));
#4151=DIRECTION('ref_axis',(1.,0.,0.));
#4152=DIRECTION('center_axis',(-0.382683190068037,0.923879632873975,0.));
#4153=DIRECTION('ref_axis',(0.653281553405324,0.270597878743208,-0.70710678118655));
#4154=DIRECTION('',(-0.382683190068037,0.923879632873975,0.));
#4155=DIRECTION('center_axis',(-0.195090064794973,0.980785331567664,0.));
#4156=DIRECTION('ref_axis',(0.980785331567664,0.195090064794973,0.));
#4157=DIRECTION('',(0.382683190068037,-0.923879632873975,0.));
#4158=DIRECTION('center_axis',(-0.555570014958015,0.831469758006598,-6.92337652213824E-15));
#4159=DIRECTION('ref_axis',(0.831469758006598,0.555570014958015,-3.48061642086044E-14));
#4160=DIRECTION('center_axis',(2.62260428655576E-7,0.999999999999966,0.));
#4161=DIRECTION('ref_axis',(0.707106781186512,-1.85446132443077E-7,-0.707106781186559));
#4162=DIRECTION('',(2.62260428655575E-7,0.999999999999966,0.));
#4163=DIRECTION('center_axis',(0.195090579237316,0.98078522923872,-2.72222585928272E-15));
#4164=DIRECTION('ref_axis',(0.98078522923872,-0.195090579237316,-1.36855535688563E-14));
#4165=DIRECTION('',(-2.62260428655575E-7,-0.999999999999966,0.));
#4166=DIRECTION('center_axis',(0.382683674662119,0.923879432148534,0.));
#4167=DIRECTION('ref_axis',(0.653281411471004,-0.270598221402972,-0.707106781186548));
#4168=DIRECTION('',(0.382683674662119,0.923879432148534,0.));
#4169=DIRECTION('center_axis',(0.555570451081186,0.831469466598412,-4.61558273045177E-15));
#4170=DIRECTION('ref_axis',(0.831469466598412,-0.555570451081186,-2.32041013399706E-14));
#4171=DIRECTION('',(-0.382683674662119,-0.923879432148534,0.));
#4172=DIRECTION('center_axis',(0.707106966632654,0.707106595740393,0.));
#4173=DIRECTION('ref_axis',(0.499999868869758,-0.500000131130207,-0.707106781186548));
#4174=DIRECTION('',(0.707106966632654,0.707106595740393,0.));
#4175=DIRECTION('center_axis',(0.83146975800659,0.555570014958028,0.));
#4176=DIRECTION('ref_axis',(0.555570014958028,-0.83146975800659,0.));
#4177=DIRECTION('',(-0.707106966632654,-0.707106595740393,0.));
#4178=DIRECTION('center_axis',(0.923879632873977,0.382683190068032,0.));
#4179=DIRECTION('ref_axis',(0.2705978787432,-0.653281553405327,-0.70710678118655));
#4180=DIRECTION('',(0.923879632873977,0.382683190068032,0.));
#4181=DIRECTION('center_axis',(0.980785331567669,0.195090064794952,0.));
#4182=DIRECTION('ref_axis',(0.195090064794952,-0.980785331567669,0.));
#4183=DIRECTION('',(-0.923879632873977,-0.382683190068032,0.));
#4184=DIRECTION('center_axis',(0.923879432148535,-0.382683674662117,0.));
#4185=DIRECTION('ref_axis',(-0.270598221402972,-0.653281411471004,-0.707106781186548));
#4186=DIRECTION('',(0.923879432148535,-0.382683674662117,0.));
#4187=DIRECTION('center_axis',(0.831469466598433,-0.555570451081154,-1.5420177664792E-15));
#4188=DIRECTION('ref_axis',(-0.555570451081154,-0.831469466598433,-7.75224681498082E-15));
#4189=DIRECTION('',(-0.923879432148535,0.382683674662117,0.));
#4190=DIRECTION('center_axis',(-0.980785229238723,0.1950905792373,-5.41485132391772E-16));
#4191=DIRECTION('ref_axis',(0.1950905792373,0.980785229238723,2.72222959047232E-15));
#4192=DIRECTION('center_axis',(0.707106595740396,-0.70710696663265,0.));
#4193=DIRECTION('ref_axis',(-0.500000131130197,-0.499999868869772,-0.707106781186545));
#4194=DIRECTION('',(-0.707106595740396,0.70710696663265,0.));
#4195=DIRECTION('',(0.707106595740396,-0.70710696663265,0.));
#4196=DIRECTION('center_axis',(0.555570014958025,-0.831469758006592,6.92337652213818E-15));
#4197=DIRECTION('ref_axis',(-0.831469758006592,-0.555570014958025,3.48061642086062E-14));
#4198=DIRECTION('center_axis',(0.382683190068037,-0.923879632873975,0.));
#4199=DIRECTION('ref_axis',(-0.653281553405324,-0.270597878743208,-0.70710678118655));
#4200=DIRECTION('',(-0.382683190068037,0.923879632873975,0.));
#4201=DIRECTION('',(0.382683190068037,-0.923879632873975,0.));
#4202=DIRECTION('center_axis',(0.195090064794969,-0.980785331567665,0.));
#4203=DIRECTION('ref_axis',(-0.980785331567665,-0.195090064794969,0.));
#4204=DIRECTION('center_axis',(0.999999999999966,-2.6226042307411E-7,0.));
#4205=DIRECTION('ref_axis',(-1.85446132443075E-7,-0.707106781186522,-0.707106781186549));
#4206=DIRECTION('',(0.999999999999966,-2.6226042307411E-7,0.));
#4207=DIRECTION('',(-0.999999999999966,2.6226042307411E-7,0.));
#4208=DIRECTION('center_axis',(-2.62260428655576E-7,-0.999999999999966,
0.));
#4209=DIRECTION('ref_axis',(-0.707106781186527,1.85446124592611E-7,-0.707106781186543));
#4210=DIRECTION('',(2.62260428655575E-7,0.999999999999966,0.));
#4211=DIRECTION('',(-2.62260428655575E-7,-0.999999999999966,0.));
#4212=DIRECTION('center_axis',(-0.195090579237311,-0.980785229238721,0.));
#4213=DIRECTION('ref_axis',(-0.980785229238721,0.195090579237311,0.));
#4214=DIRECTION('center_axis',(-0.38268367466212,-0.923879432148534,0.));
#4215=DIRECTION('ref_axis',(-0.653281411471005,0.270598221402969,-0.707106781186548));
#4216=DIRECTION('',(0.38268367466212,0.923879432148534,0.));
#4217=DIRECTION('',(-0.38268367466212,-0.923879432148534,0.));
#4218=DIRECTION('center_axis',(-0.55557045108117,-0.831469466598422,-1.15389568261296E-15));
#4219=DIRECTION('ref_axis',(-0.831469466598422,0.55557045108117,-5.80102533499328E-15));
#4220=DIRECTION('center_axis',(-0.707106966632647,-0.707106595740399,0.));
#4221=DIRECTION('ref_axis',(-0.499999868869761,0.500000131130198,-0.707106781186552));
#4222=DIRECTION('',(0.707106966632647,0.707106595740399,0.));
#4223=DIRECTION('',(-0.707106966632647,-0.707106595740399,0.));
#4224=DIRECTION('center_axis',(-0.831469758006602,-0.55557001495801,7.71008277997156E-16));
#4225=DIRECTION('ref_axis',(-0.55557001495801,0.831469758006602,3.87612036473104E-15));
#4226=DIRECTION('center_axis',(-0.923879632873976,-0.382683190068035,0.));
#4227=DIRECTION('ref_axis',(-0.270597878743186,0.653281553405328,-0.707106781186555));
#4228=DIRECTION('',(0.923879632873976,0.382683190068035,0.));
#4229=DIRECTION('',(-0.923879632873976,-0.382683190068035,0.));
#4230=DIRECTION('center_axis',(-0.980785331567669,-0.195090064794952,-1.35370926131856E-16));
#4231=DIRECTION('ref_axis',(-0.195090064794952,0.980785331567669,-6.8055560302832E-16));
#4232=DIRECTION('center_axis',(-0.999999999999966,2.62260427539282E-7,0.));
#4233=DIRECTION('ref_axis',(1.8544611674215E-7,0.707106781186522,-0.707106781186549));
#4234=DIRECTION('',(0.999999999999966,-2.62260427539282E-7,0.));
#4235=DIRECTION('',(-0.999999999999966,2.62260427539282E-7,0.));
#4236=DIRECTION('center_axis',(-0.980785229238723,0.195090579237301,-5.41485132391775E-16));
#4237=DIRECTION('ref_axis',(0.195090579237301,0.980785229238723,-2.72222959047198E-15));
#4238=DIRECTION('center_axis',(-0.923879432148534,0.382683674662118,0.));
#4239=DIRECTION('ref_axis',(0.270598221402971,0.653281411471007,-0.707106781186546));
#4240=DIRECTION('',(0.923879432148534,-0.382683674662118,0.));
#4241=DIRECTION('',(-0.923879432148534,0.382683674662118,0.));
#4242=DIRECTION('center_axis',(-0.831469466598435,0.555570451081152,7.71008883239598E-16));
#4243=DIRECTION('ref_axis',(0.555570451081152,0.831469466598435,3.87612340749046E-15));
#4244=DIRECTION('center_axis',(-0.707106595740396,0.707106966632651,0.));
#4245=DIRECTION('ref_axis',(0.500000131130199,0.499999868869766,-0.707106781186548));
#4246=DIRECTION('',(0.707106595740396,-0.70710696663265,0.));
#4247=DIRECTION('',(-0.707106595740396,0.70710696663265,0.));
#4248=DIRECTION('center_axis',(-2.62260427539282E-7,-0.999999999999966,
0.));
#4249=DIRECTION('ref_axis',(0.999999999999966,-2.62260427539282E-7,0.));
#4250=DIRECTION('',(0.,0.,1.));
#4251=DIRECTION('',(0.999999999999966,-2.62260427539282E-7,0.));
#4252=DIRECTION('',(0.,0.,1.));
#4253=DIRECTION('center_axis',(0.382683190068035,-0.923879632873976,0.));
#4254=DIRECTION('ref_axis',(0.923879632873976,0.382683190068035,0.));
#4255=DIRECTION('',(0.,0.,1.));
#4256=DIRECTION('',(0.923879632873976,0.382683190068035,0.));
#4257=DIRECTION('center_axis',(0.707106595740399,-0.707106966632647,0.));
#4258=DIRECTION('ref_axis',(0.707106966632647,0.707106595740399,0.));
#4259=DIRECTION('',(0.,0.,1.));
#4260=DIRECTION('',(0.707106966632647,0.707106595740399,0.));
#4261=DIRECTION('center_axis',(0.923879432148534,-0.38268367466212,0.));
#4262=DIRECTION('ref_axis',(0.38268367466212,0.923879432148534,0.));
#4263=DIRECTION('',(0.,0.,1.));
#4264=DIRECTION('',(0.38268367466212,0.923879432148534,0.));
#4265=DIRECTION('center_axis',(0.999999999999966,-2.62260428655576E-7,0.));
#4266=DIRECTION('ref_axis',(2.62260428655575E-7,0.999999999999966,0.));
#4267=DIRECTION('',(0.,0.,1.));
#4268=DIRECTION('',(2.62260428655575E-7,0.999999999999966,0.));
#4269=DIRECTION('center_axis',(0.923879632873975,0.382683190068037,0.));
#4270=DIRECTION('ref_axis',(-0.382683190068037,0.923879632873975,0.));
#4271=DIRECTION('',(0.,0.,1.));
#4272=DIRECTION('',(-0.382683190068037,0.923879632873975,0.));
#4273=DIRECTION('center_axis',(0.70710696663265,0.707106595740396,0.));
#4274=DIRECTION('ref_axis',(-0.707106595740396,0.70710696663265,0.));
#4275=DIRECTION('',(0.,0.,1.));
#4276=DIRECTION('',(-0.707106595740396,0.70710696663265,0.));
#4277=DIRECTION('center_axis',(0.382683674662117,0.923879432148535,0.));
#4278=DIRECTION('ref_axis',(-0.923879432148535,0.382683674662117,0.));
#4279=DIRECTION('',(0.,0.,1.));
#4280=DIRECTION('',(-0.923879432148535,0.382683674662117,0.));
#4281=DIRECTION('center_axis',(0.,0.,1.));
#4282=DIRECTION('ref_axis',(1.,0.,0.));
#4283=DIRECTION('',(-1.,0.,0.));
#4284=DIRECTION('',(0.,1.,0.));
#4285=DIRECTION('',(-1.,0.,0.));
#4286=DIRECTION('',(2.22044604925031E-16,1.,0.));
#4287=DIRECTION('',(1.,0.,0.));
#4288=DIRECTION('',(0.,1.,0.));
#4289=DIRECTION('',(-1.,0.,0.));
#4290=DIRECTION('',(2.22044604925031E-16,1.,0.));
#4291=DIRECTION('',(0.923879532511286,0.382683432365092,0.));
#4292=DIRECTION('',(1.,0.,0.));
#4293=DIRECTION('',(0.923879532511289,-0.382683432365084,0.));
#4294=DIRECTION('',(0.707106781186547,-0.707106781186547,0.));
#4295=DIRECTION('',(0.382683432365092,-0.923879532511286,0.));
#4296=DIRECTION('',(0.,-1.,0.));
#4297=DIRECTION('',(-0.382683432365084,-0.923879532511289,0.));
#4298=DIRECTION('',(-0.707106781186548,-0.707106781186548,0.));
#4299=DIRECTION('',(-0.923879532511286,-0.382683432365092,0.));
#4300=DIRECTION('',(-1.,0.,0.));
#4301=DIRECTION('',(-0.923879532511289,0.382683432365084,0.));
#4302=DIRECTION('',(-0.707106781186547,0.707106781186547,0.));
#4303=DIRECTION('',(-0.382683432365092,0.923879532511286,0.));
#4304=DIRECTION('',(0.,1.,0.));
#4305=DIRECTION('',(0.382683432365084,0.923879532511289,0.));
#4306=DIRECTION('',(0.707106781186548,0.707106781186548,0.));
#4307=DIRECTION('',(0.382683404831328,0.923879543916144,0.));
#4308=DIRECTION('',(0.707106760113118,0.707106802259976,0.));
#4309=DIRECTION('',(0.923879521106429,0.382683459898851,0.));
#4310=DIRECTION('',(1.,2.98023290239005E-8,0.));
#4311=DIRECTION('',(0.923879543916144,-0.382683404831328,0.));
#4312=DIRECTION('',(0.707106802259976,-0.707106760113118,0.));
#4313=DIRECTION('',(0.382683459898851,-0.923879521106429,0.));
#4314=DIRECTION('',(2.98023290239005E-8,-1.,0.));
#4315=DIRECTION('',(-0.382683404831328,-0.923879543916144,0.));
#4316=DIRECTION('',(-0.707106760113118,-0.707106802259976,0.));
#4317=DIRECTION('',(-0.923879521106429,-0.382683459898852,0.));
#4318=DIRECTION('',(-1.,-2.98023290239005E-8,0.));
#4319=DIRECTION('',(-0.923879543916144,0.382683404831329,0.));
#4320=DIRECTION('',(-0.707106802259976,0.707106760113118,0.));
#4321=DIRECTION('',(-0.382683459898851,0.923879521106429,0.));
#4322=DIRECTION('',(-2.9802327907607E-8,1.,0.));
#4323=DIRECTION('center_axis',(0.,0.,1.));
#4324=DIRECTION('ref_axis',(-1.,0.,0.));
#4325=DIRECTION('center_axis',(0.,0.,1.));
#4326=DIRECTION('ref_axis',(-1.,0.,0.));
#4327=DIRECTION('center_axis',(0.,0.,1.));
#4328=DIRECTION('ref_axis',(-1.,0.,0.));
#4329=DIRECTION('center_axis',(0.,0.,1.));
#4330=DIRECTION('ref_axis',(-1.,0.,0.));
#4331=DIRECTION('',(0.382683432365088,0.923879532511288,0.));
#4332=DIRECTION('',(0.707106781186546,0.707106781186549,0.));
#4333=DIRECTION('',(0.923879532511286,0.382683432365093,0.));
#4334=DIRECTION('',(1.,0.,0.));
#4335=DIRECTION('',(0.923879532511289,-0.382683432365084,0.));
#4336=DIRECTION('',(0.707106781186549,-0.707106781186546,0.));
#4337=DIRECTION('',(0.38268343236509,-0.923879532511287,0.));
#4338=DIRECTION('',(2.79073402838274E-15,-1.,0.));
#4339=DIRECTION('',(-0.382683432365088,-0.923879532511288,0.));
#4340=DIRECTION('',(-0.707106781186546,-0.707106781186549,0.));
#4341=DIRECTION('',(-0.923879532511286,-0.382683432365093,0.));
#4342=DIRECTION('',(-1.,0.,0.));
#4343=DIRECTION('',(-0.923879532511289,0.382683432365085,0.));
#4344=DIRECTION('',(-0.707106781186549,0.707106781186546,0.));
#4345=DIRECTION('',(-0.38268343236509,0.923879532511287,0.));
#4346=DIRECTION('',(-4.46517444541238E-15,1.,0.));
#4347=DIRECTION('center_axis',(-0.382683432365084,-0.923879532511289,0.));
#4348=DIRECTION('ref_axis',(-0.6532814824382,0.270598050073097,-0.707106781186537));
#4349=DIRECTION('center_axis',(0.195090322016126,0.980785280403231,0.));
#4350=DIRECTION('ref_axis',(0.980785280403231,-0.195090322016126,0.));
#4351=DIRECTION('',(-0.382683432365084,-0.923879532511289,0.));
#4352=DIRECTION('center_axis',(-0.555570233019612,-0.831469612302539,0.));
#4353=DIRECTION('ref_axis',(-0.831469612302539,0.555570233019612,0.));
#4354=DIRECTION('center_axis',(-0.923879532511286,-0.382683432365092,0.));
#4355=DIRECTION('ref_axis',(-0.2705980500731,0.653281482438191,-0.707106781186544));
#4356=DIRECTION('',(-0.923879532511286,-0.382683432365092,0.));
#4357=DIRECTION('center_axis',(-0.980785280403227,-0.195090322016147,0.));
#4358=DIRECTION('ref_axis',(-0.195090322016147,0.980785280403227,0.));
#4359=DIRECTION('center_axis',(-0.831469612302539,-0.555570233019612,0.));
#4360=DIRECTION('ref_axis',(-0.555570233019612,0.831469612302539,0.));
#4361=DIRECTION('center_axis',(-1.,0.,0.));
#4362=DIRECTION('ref_axis',(0.,0.707106781186555,-0.70710678118654));
#4363=DIRECTION('',(-1.,0.,0.));
#4364=DIRECTION('center_axis',(-0.980785280403227,0.195090322016147,0.));
#4365=DIRECTION('ref_axis',(0.195090322016147,0.980785280403227,0.));
#4366=DIRECTION('center_axis',(-0.923879532511289,0.382683432365084,0.));
#4367=DIRECTION('ref_axis',(0.270598050073083,0.653281482438203,-0.70710678118654));
#4368=DIRECTION('',(-0.923879532511289,0.382683432365084,0.));
#4369=DIRECTION('center_axis',(-0.831469612302556,0.555570233019587,0.));
#4370=DIRECTION('ref_axis',(0.555570233019587,0.831469612302556,0.));
#4371=DIRECTION('center_axis',(-0.707106781186548,0.707106781186548,0.));
#4372=DIRECTION('ref_axis',(0.499999999999993,0.499999999999993,-0.707106781186557));
#4373=DIRECTION('',(-0.707106781186548,0.707106781186548,0.));
#4374=DIRECTION('center_axis',(-0.555570233019587,0.831469612302556,0.));
#4375=DIRECTION('ref_axis',(0.831469612302556,0.555570233019587,0.));
#4376=DIRECTION('center_axis',(-0.382683432365092,0.923879532511286,0.));
#4377=DIRECTION('ref_axis',(0.653281482438182,0.270598050073103,-0.707106781186552));
#4378=DIRECTION('',(-0.382683432365092,0.923879532511286,0.));
#4379=DIRECTION('center_axis',(-0.195090322016147,0.980785280403227,0.));
#4380=DIRECTION('ref_axis',(0.980785280403227,0.195090322016147,0.));
#4381=DIRECTION('center_axis',(0.,1.,0.));
#4382=DIRECTION('ref_axis',(0.70710678118654,0.,-0.707106781186555));
#4383=DIRECTION('',(0.,1.,0.));
#4384=DIRECTION('center_axis',(0.195090322016147,0.980785280403227,-2.1777808010342E-14));
#4385=DIRECTION('ref_axis',(0.980785280403227,-0.195090322016147,-1.09484434262316E-13));
#4386=DIRECTION('center_axis',(0.382683432365084,0.923879532511289,0.));
#4387=DIRECTION('ref_axis',(0.653281482438194,-0.270598050073085,-0.707106781186547));
#4388=DIRECTION('',(0.382683432365084,0.923879532511289,0.));
#4389=DIRECTION('center_axis',(0.555570233019587,0.831469612302556,0.));
#4390=DIRECTION('ref_axis',(0.831469612302555,-0.555570233019587,0.));
#4391=DIRECTION('center_axis',(0.707106781186548,0.707106781186548,0.));
#4392=DIRECTION('ref_axis',(0.500000000000001,-0.500000000000001,-0.707106781186546));
#4393=DIRECTION('',(0.707106781186548,0.707106781186548,0.));
#4394=DIRECTION('center_axis',(0.831469612302556,0.555570233019587,0.));
#4395=DIRECTION('ref_axis',(0.555570233019587,-0.831469612302556,0.));
#4396=DIRECTION('center_axis',(0.923879532511286,0.382683432365092,0.));
#4397=DIRECTION('ref_axis',(0.270598050073097,-0.6532814824382,-0.707106781186537));
#4398=DIRECTION('',(0.923879532511286,0.382683432365092,0.));
#4399=DIRECTION('center_axis',(0.980785280403223,0.195090322016168,0.));
#4400=DIRECTION('ref_axis',(0.195090322016168,-0.980785280403223,0.));
#4401=DIRECTION('center_axis',(1.,0.,0.));
#4402=DIRECTION('ref_axis',(0.,-0.707106781186555,-0.70710678118654));
#4403=DIRECTION('',(1.,0.,0.));
#4404=DIRECTION('center_axis',(0.980785280403227,-0.195090322016147,0.));
#4405=DIRECTION('ref_axis',(-0.195090322016147,-0.980785280403227,0.));
#4406=DIRECTION('center_axis',(0.923879532511289,-0.382683432365084,0.));
#4407=DIRECTION('ref_axis',(-0.270598050073083,-0.653281482438203,-0.70710678118654));
#4408=DIRECTION('',(0.923879532511289,-0.382683432365084,0.));
#4409=DIRECTION('center_axis',(0.831469612302556,-0.555570233019587,0.));
#4410=DIRECTION('ref_axis',(-0.555570233019587,-0.831469612302556,0.));
#4411=DIRECTION('center_axis',(0.707106781186548,-0.707106781186548,0.));
#4412=DIRECTION('ref_axis',(-0.499999999999993,-0.499999999999993,-0.707106781186557));
#4413=DIRECTION('',(0.707106781186548,-0.707106781186548,0.));
#4414=DIRECTION('center_axis',(0.555570233019587,-0.831469612302556,0.));
#4415=DIRECTION('ref_axis',(-0.831469612302556,-0.555570233019587,0.));
#4416=DIRECTION('center_axis',(0.382683432365092,-0.923879532511286,0.));
#4417=DIRECTION('ref_axis',(-0.653281482438185,-0.270598050073088,-0.707106781186555));
#4418=DIRECTION('',(0.382683432365092,-0.923879532511286,0.));
#4419=DIRECTION('center_axis',(0.195090322016168,-0.980785280403223,0.));
#4420=DIRECTION('ref_axis',(-0.980785280403223,-0.195090322016168,0.));
#4421=DIRECTION('center_axis',(0.,-1.,0.));
#4422=DIRECTION('ref_axis',(-0.70710678118654,0.,-0.707106781186555));
#4423=DIRECTION('',(0.,-1.,0.));
#4424=DIRECTION('center_axis',(-0.707106781186548,-0.707106781186548,0.));
#4425=DIRECTION('ref_axis',(-0.500000000000001,0.500000000000001,-0.707106781186546));
#4426=DIRECTION('',(-0.707106781186548,-0.707106781186548,0.));
#4427=DIRECTION('center_axis',(-0.707106781186548,0.707106781186548,0.));
#4428=DIRECTION('ref_axis',(-0.707106781186548,-0.707106781186548,0.));
#4429=DIRECTION('',(0.,0.,1.));
#4430=DIRECTION('',(-0.707106781186548,-0.707106781186548,0.));
#4431=DIRECTION('',(0.,0.,1.));
#4432=DIRECTION('center_axis',(-0.923879532511289,0.382683432365084,0.));
#4433=DIRECTION('ref_axis',(-0.382683432365084,-0.923879532511289,0.));
#4434=DIRECTION('',(0.,0.,1.));
#4435=DIRECTION('',(-0.382683432365084,-0.923879532511289,0.));
#4436=DIRECTION('center_axis',(-1.,0.,0.));
#4437=DIRECTION('ref_axis',(0.,-1.,0.));
#4438=DIRECTION('',(0.,0.,1.));
#4439=DIRECTION('',(0.,-1.,0.));
#4440=DIRECTION('center_axis',(-0.923879532511286,-0.382683432365092,0.));
#4441=DIRECTION('ref_axis',(0.382683432365092,-0.923879532511286,0.));
#4442=DIRECTION('',(0.,0.,1.));
#4443=DIRECTION('',(0.382683432365092,-0.923879532511286,0.));
#4444=DIRECTION('center_axis',(-0.707106781186548,-0.707106781186548,0.));
#4445=DIRECTION('ref_axis',(0.707106781186548,-0.707106781186548,0.));
#4446=DIRECTION('',(0.,0.,1.));
#4447=DIRECTION('',(0.707106781186548,-0.707106781186548,0.));
#4448=DIRECTION('center_axis',(-0.382683432365084,-0.923879532511289,0.));
#4449=DIRECTION('ref_axis',(0.923879532511289,-0.382683432365084,0.));
#4450=DIRECTION('',(0.,0.,1.));
#4451=DIRECTION('',(0.923879532511289,-0.382683432365084,0.));
#4452=DIRECTION('center_axis',(0.,-1.,0.));
#4453=DIRECTION('ref_axis',(1.,0.,0.));
#4454=DIRECTION('',(0.,0.,1.));
#4455=DIRECTION('',(1.,0.,0.));
#4456=DIRECTION('center_axis',(0.382683432365092,-0.923879532511286,0.));
#4457=DIRECTION('ref_axis',(0.923879532511286,0.382683432365092,0.));
#4458=DIRECTION('',(0.,0.,1.));
#4459=DIRECTION('',(0.923879532511286,0.382683432365092,0.));
#4460=DIRECTION('center_axis',(-0.382683432365088,-0.923879532511288,0.));
#4461=DIRECTION('ref_axis',(-0.65328148243819,0.270598050073087,-0.70710678118655));
#4462=DIRECTION('',(-0.382683432365088,-0.923879532511288,0.));
#4463=DIRECTION('center_axis',(-0.555570233019612,-0.831469612302539,0.));
#4464=DIRECTION('ref_axis',(-0.831469612302539,0.555570233019612,0.));
#4465=DIRECTION('center_axis',(0.195090322016126,0.980785280403231,0.));
#4466=DIRECTION('ref_axis',(0.980785280403231,-0.195090322016126,0.));
#4467=DIRECTION('center_axis',(-0.707106781186546,-0.707106781186549,0.));
#4468=DIRECTION('ref_axis',(-0.500000000000008,0.499999999999988,-0.70710678118655));
#4469=DIRECTION('',(-0.707106781186546,-0.707106781186549,0.));
#4470=DIRECTION('center_axis',(-0.831469612302557,-0.555570233019585,-2.30779176963613E-15));
#4471=DIRECTION('ref_axis',(-0.555570233019585,0.831469612302557,-1.16020527030933E-14));
#4472=DIRECTION('center_axis',(-0.923879532511286,-0.382683432365093,0.));
#4473=DIRECTION('ref_axis',(-0.270598050073097,0.6532814824382,-0.707106781186537));
#4474=DIRECTION('',(-0.923879532511286,-0.382683432365093,0.));
#4475=DIRECTION('center_axis',(-0.980785280403224,-0.195090322016162,0.));
#4476=DIRECTION('ref_axis',(-0.195090322016162,0.980785280403224,0.));
#4477=DIRECTION('center_axis',(-1.,0.,0.));
#4478=DIRECTION('ref_axis',(0.,0.70710678118654,-0.707106781186555));
#4479=DIRECTION('',(-1.,0.,0.));
#4480=DIRECTION('center_axis',(-0.980785280403227,0.195090322016145,5.44445200258551E-15));
#4481=DIRECTION('ref_axis',(0.195090322016145,0.980785280403227,2.73711085655793E-14));
#4482=DIRECTION('center_axis',(-0.923879532511289,0.382683432365084,0.));
#4483=DIRECTION('ref_axis',(0.270598050073093,0.653281482438192,-0.707106781186546));
#4484=DIRECTION('',(-0.923879532511289,0.382683432365084,0.));
#4485=DIRECTION('center_axis',(-0.831469612302558,0.555570233019583,0.));
#4486=DIRECTION('ref_axis',(0.555570233019583,0.831469612302558,0.));
#4487=DIRECTION('center_axis',(-0.707106781186549,0.707106781186546,0.));
#4488=DIRECTION('ref_axis',(0.500000000000001,0.500000000000001,-0.707106781186546));
#4489=DIRECTION('',(-0.707106781186549,0.707106781186546,0.));
#4490=DIRECTION('center_axis',(-0.555570233019607,0.831469612302542,-3.85504290309207E-15));
#4491=DIRECTION('ref_axis',(0.831469612302542,0.555570233019607,-1.93806094305546E-14));
#4492=DIRECTION('center_axis',(-0.38268343236509,0.923879532511287,0.));
#4493=DIRECTION('ref_axis',(0.653281482438189,0.270598050073101,-0.707106781186546));
#4494=DIRECTION('',(-0.38268343236509,0.923879532511287,0.));
#4495=DIRECTION('center_axis',(-0.195090322016126,0.980785280403231,-5.41484418459597E-16));
#4496=DIRECTION('ref_axis',(0.980785280403231,0.195090322016126,-2.72222600129269E-15));
#4497=DIRECTION('center_axis',(-2.79073402838274E-15,1.,0.));
#4498=DIRECTION('ref_axis',(0.707106781186547,0.,-0.707106781186548));
#4499=DIRECTION('',(-2.79073402838274E-15,1.,0.));
#4500=DIRECTION('center_axis',(0.195090322016126,0.980785280403231,-2.70742209229799E-16));
#4501=DIRECTION('ref_axis',(0.980785280403231,-0.195090322016126,-1.36111300064636E-15));
#4502=DIRECTION('center_axis',(0.382683432365088,0.923879532511288,0.));
#4503=DIRECTION('ref_axis',(0.653281482438191,-0.270598050073086,-0.707106781186549));
#4504=DIRECTION('',(0.382683432365088,0.923879532511288,0.));
#4505=DIRECTION('center_axis',(0.555570233019613,0.831469612302538,-7.71008580618421E-16));
#4506=DIRECTION('ref_axis',(0.831469612302538,-0.555570233019613,-3.87612188611058E-15));
#4507=DIRECTION('center_axis',(0.707106781186546,0.707106781186549,0.));
#4508=DIRECTION('ref_axis',(0.500000000000006,-0.499999999999989,-0.707106781186551));
#4509=DIRECTION('',(0.707106781186546,0.707106781186549,0.));
#4510=DIRECTION('center_axis',(0.831469612302551,0.555570233019594,1.73084382722708E-15));
#4511=DIRECTION('ref_axis',(0.555570233019594,-0.831469612302551,8.70153952732042E-15));
#4512=DIRECTION('center_axis',(0.923879532511286,0.382683432365093,0.));
#4513=DIRECTION('ref_axis',(0.270598050073097,-0.6532814824382,-0.707106781186537));
#4514=DIRECTION('',(0.923879532511286,0.382683432365093,0.));
#4515=DIRECTION('center_axis',(0.980785280403226,0.195090322016151,2.72222600129275E-15));
#4516=DIRECTION('ref_axis',(0.195090322016151,-0.980785280403226,1.36855542827923E-14));
#4517=DIRECTION('center_axis',(1.,0.,0.));
#4518=DIRECTION('ref_axis',(0.,-0.70710678118654,-0.707106781186555));
#4519=DIRECTION('',(1.,0.,0.));
#4520=DIRECTION('center_axis',(0.980785280403228,-0.195090322016139,5.44445200258552E-15));
#4521=DIRECTION('ref_axis',(-0.195090322016139,-0.980785280403228,2.73711085655803E-14));
#4522=DIRECTION('center_axis',(0.923879532511289,-0.382683432365085,0.));
#4523=DIRECTION('ref_axis',(-0.270598050073097,-0.6532814824382,-0.707106781186537));
#4524=DIRECTION('',(0.923879532511289,-0.382683432365085,0.));
#4525=DIRECTION('center_axis',(0.831469612302553,-0.555570233019591,0.));
#4526=DIRECTION('ref_axis',(-0.555570233019591,-0.831469612302553,0.));
#4527=DIRECTION('center_axis',(0.707106781186549,-0.707106781186546,0.));
#4528=DIRECTION('ref_axis',(-0.500000000000001,-0.500000000000001,-0.707106781186546));
#4529=DIRECTION('',(0.707106781186549,-0.707106781186546,0.));
#4530=DIRECTION('center_axis',(0.555570233019615,-0.831469612302537,1.54201716123685E-15));
#4531=DIRECTION('ref_axis',(-0.831469612302537,-0.555570233019614,7.75224377222233E-15));
#4532=DIRECTION('center_axis',(0.38268343236509,-0.923879532511287,0.));
#4533=DIRECTION('ref_axis',(-0.653281482438187,-0.270598050073101,-0.707106781186548));
#4534=DIRECTION('',(0.38268343236509,-0.923879532511287,0.));
#4535=DIRECTION('center_axis',(0.195090322016126,-0.980785280403231,-5.41484418459597E-16));
#4536=DIRECTION('ref_axis',(-0.980785280403231,-0.195090322016126,-2.72222600129269E-15));
#4537=DIRECTION('center_axis',(4.46517444541238E-15,-1.,0.));
#4538=DIRECTION('ref_axis',(-0.707106781186548,0.,-0.707106781186548));
#4539=DIRECTION('',(4.46517444541238E-15,-1.,0.));
#4540=DIRECTION('center_axis',(-1.,-2.79073402838274E-15,0.));
#4541=DIRECTION('ref_axis',(2.79073402838274E-15,-1.,0.));
#4542=DIRECTION('',(0.,0.,1.));
#4543=DIRECTION('',(2.79073402838274E-15,-1.,0.));
#4544=DIRECTION('',(0.,0.,1.));
#4545=DIRECTION('center_axis',(-0.923879532511287,-0.38268343236509,0.));
#4546=DIRECTION('ref_axis',(0.38268343236509,-0.923879532511287,0.));
#4547=DIRECTION('',(0.,0.,1.));
#4548=DIRECTION('',(0.38268343236509,-0.923879532511287,0.));
#4549=DIRECTION('center_axis',(-0.707106781186546,-0.707106781186549,0.));
#4550=DIRECTION('ref_axis',(0.707106781186549,-0.707106781186546,0.));
#4551=DIRECTION('',(0.,0.,1.));
#4552=DIRECTION('',(0.707106781186549,-0.707106781186546,0.));
#4553=DIRECTION('center_axis',(-0.382683432365084,-0.923879532511289,0.));
#4554=DIRECTION('ref_axis',(0.923879532511289,-0.382683432365084,0.));
#4555=DIRECTION('',(0.,0.,1.));
#4556=DIRECTION('',(0.923879532511289,-0.382683432365084,0.));
#4557=DIRECTION('center_axis',(0.,-1.,0.));
#4558=DIRECTION('ref_axis',(1.,0.,0.));
#4559=DIRECTION('',(0.,0.,1.));
#4560=DIRECTION('',(1.,0.,0.));
#4561=DIRECTION('center_axis',(0.382683432365093,-0.923879532511286,0.));
#4562=DIRECTION('ref_axis',(0.923879532511286,0.382683432365093,0.));
#4563=DIRECTION('',(0.,0.,1.));
#4564=DIRECTION('',(0.923879532511286,0.382683432365093,0.));
#4565=DIRECTION('center_axis',(0.707106781186549,-0.707106781186546,0.));
#4566=DIRECTION('ref_axis',(0.707106781186546,0.707106781186549,0.));
#4567=DIRECTION('',(0.,0.,1.));
#4568=DIRECTION('',(0.707106781186546,0.707106781186549,0.));
#4569=DIRECTION('center_axis',(0.923879532511288,-0.382683432365088,0.));
#4570=DIRECTION('ref_axis',(0.382683432365088,0.923879532511288,0.));
#4571=DIRECTION('',(0.,0.,1.));
#4572=DIRECTION('',(0.382683432365088,0.923879532511288,0.));
#4573=DIRECTION('center_axis',(0.707106802259976,-0.707106760113118,0.));
#4574=DIRECTION('ref_axis',(-0.499999985098835,-0.500000014901164,-0.707106781186547));
#4575=DIRECTION('',(0.707106802259976,-0.707106760113118,0.));
#4576=DIRECTION('center_axis',(0.555570257799338,-0.831469595745255,0.));
#4577=DIRECTION('ref_axis',(-0.831469595745255,-0.555570257799338,0.));
#4578=DIRECTION('center_axis',(0.831469628859827,-0.555570208239879,2.30779181559178E-15));
#4579=DIRECTION('ref_axis',(-0.555570208239879,-0.831469628859827,1.16020529341289E-14));
#4580=DIRECTION('center_axis',(0.382683459898851,-0.923879521106429,0.));
#4581=DIRECTION('ref_axis',(-0.653281474373735,-0.270598069542412,-0.707106781186546));
#4582=DIRECTION('',(0.382683459898851,-0.923879521106429,0.));
#4583=DIRECTION('center_axis',(0.195090351245809,-0.980785274589085,-2.72222598515527E-15));
#4584=DIRECTION('ref_axis',(-0.980785274589085,-0.195090351245809,-1.3685554201662E-14));
#4585=DIRECTION('center_axis',(-0.382683404831328,-0.923879543916144,0.));
#4586=DIRECTION('ref_axis',(-0.653281490502642,0.270598030603789,-0.707106781186545));
#4587=DIRECTION('',(-0.382683404831328,-0.923879543916144,0.));
#4588=DIRECTION('center_axis',(-0.555570208239865,-0.831469628859836,0.));
#4589=DIRECTION('ref_axis',(-0.831469628859836,0.555570208239865,0.));
#4590=DIRECTION('center_axis',(0.195090292786439,0.980785286217377,-5.44445203486052E-15));
#4591=DIRECTION('ref_axis',(0.980785286217377,-0.195090292786439,2.73711087278388E-14));
#4592=DIRECTION('center_axis',(-0.707106760113118,-0.707106802259976,0.));
#4593=DIRECTION('ref_axis',(-0.500000014901167,0.499999985098834,-0.707106781186546));
#4594=DIRECTION('',(-0.707106760113118,-0.707106802259976,0.));
#4595=DIRECTION('center_axis',(-0.831469595745264,-0.555570257799324,-4.61558344736081E-15));
#4596=DIRECTION('ref_axis',(-0.555570257799324,0.831469595745264,-2.32041049441181E-14));
#4597=DIRECTION('center_axis',(-0.923879521106429,-0.382683459898851,0.));
#4598=DIRECTION('ref_axis',(-0.270598069542405,0.653281474373737,-0.707106781186548));
#4599=DIRECTION('',(-0.923879521106429,-0.382683459898851,0.));
#4600=DIRECTION('center_axis',(-0.980785274589083,-0.195090351245819,0.));
#4601=DIRECTION('ref_axis',(-0.195090351245819,0.980785274589083,0.));
#4602=DIRECTION('center_axis',(-1.,-2.98023290239005E-8,0.));
#4603=DIRECTION('ref_axis',(-2.10734277096504E-8,0.707106781186546,-0.707106781186548));
#4604=DIRECTION('',(-1.,-2.98023290239005E-8,0.));
#4605=DIRECTION('center_axis',(-0.980785286217376,0.195090292786442,-1.35371084332732E-16));
#4606=DIRECTION('ref_axis',(0.195090292786442,0.980785286217376,-6.80556398357843E-16));
#4607=DIRECTION('center_axis',(-0.923879543916144,0.382683404831328,0.));
#4608=DIRECTION('ref_axis',(0.270598030603786,0.65328149050264,-0.707106781186548));
#4609=DIRECTION('',(-0.923879543916144,0.382683404831328,0.));
#4610=DIRECTION('center_axis',(-0.831469628859828,0.555570208239877,-5.76947953897946E-16));
#4611=DIRECTION('ref_axis',(0.555570208239877,0.831469628859828,-2.90051323353224E-15));
#4612=DIRECTION('center_axis',(-0.707106802259976,0.707106760113118,0.));
#4613=DIRECTION('ref_axis',(0.499999985098836,0.500000014901164,-0.707106781186547));
#4614=DIRECTION('',(-0.707106802259976,0.707106760113118,0.));
#4615=DIRECTION('center_axis',(-0.555570257799317,0.831469595745268,-2.693296031184E-15));
#4616=DIRECTION('ref_axis',(0.831469595745268,0.555570257799317,-1.35401135015558E-14));
#4617=DIRECTION('center_axis',(-0.382683459898851,0.923879521106429,0.));
#4618=DIRECTION('ref_axis',(0.653281474373739,0.270598069542408,-0.707106781186545));
#4619=DIRECTION('',(-0.382683459898851,0.923879521106429,0.));
#4620=DIRECTION('center_axis',(-0.195090351245823,0.980785274589082,-2.7899115476038E-15));
#4621=DIRECTION('ref_axis',(0.980785274589082,0.195090351245823,-1.40258325028072E-14));
#4622=DIRECTION('center_axis',(-2.98023290239005E-8,1.,0.));
#4623=DIRECTION('ref_axis',(0.707106781186548,2.10734277096504E-8,-0.707106781186546));
#4624=DIRECTION('',(-2.98023290239005E-8,1.,0.));
#4625=DIRECTION('center_axis',(0.195090292786423,0.98078528621738,3.38427710831796E-16));
#4626=DIRECTION('ref_axis',(0.98078528621738,-0.195090292786423,1.70139099589461E-15));
#4627=DIRECTION('center_axis',(0.382683404831328,0.923879543916144,0.));
#4628=DIRECTION('ref_axis',(0.653281490502639,-0.270598030603783,-0.70710678118655));
#4629=DIRECTION('',(0.382683404831328,0.923879543916144,0.));
#4630=DIRECTION('center_axis',(0.555570208239882,0.831469628859824,-7.71008546229637E-16));
#4631=DIRECTION('ref_axis',(0.831469628859824,-0.555570208239882,-3.87612171322652E-15));
#4632=DIRECTION('center_axis',(2.9802327907607E-8,-1.,0.));
#4633=DIRECTION('ref_axis',(-0.707106781186547,-2.10734277096504E-8,-0.707106781186547));
#4634=DIRECTION('',(2.9802327907607E-8,-1.,0.));
#4635=DIRECTION('center_axis',(0.707106760113118,0.707106802259976,0.));
#4636=DIRECTION('ref_axis',(0.500000014901167,-0.499999985098834,-0.707106781186546));
#4637=DIRECTION('',(0.707106760113118,0.707106802259976,0.));
#4638=DIRECTION('center_axis',(0.831469595745259,0.555570257799332,-7.69961790738954E-15));
#4639=DIRECTION('ref_axis',(0.555570257799332,-0.831469595745259,-3.87085931800985E-14));
#4640=DIRECTION('center_axis',(0.923879521106429,0.382683459898852,0.));
#4641=DIRECTION('ref_axis',(0.270598069542412,-0.653281474373735,-0.707106781186546));
#4642=DIRECTION('',(0.923879521106429,0.382683459898852,0.));
#4643=DIRECTION('center_axis',(0.980785274589082,0.195090351245825,-5.44445197031052E-15));
#4644=DIRECTION('ref_axis',(0.195090351245825,-0.980785274589082,-2.7371108403326E-14));
#4645=DIRECTION('center_axis',(1.,2.98023290239005E-8,0.));
#4646=DIRECTION('ref_axis',(2.10734277096505E-8,-0.707106781186545,-0.707106781186549));
#4647=DIRECTION('',(1.,2.98023290239005E-8,0.));
#4648=DIRECTION('center_axis',(0.980785286217374,-0.195090292786453,2.72222601743025E-15));
#4649=DIRECTION('ref_axis',(-0.195090292786453,-0.980785286217374,1.36855543639188E-14));
#4650=DIRECTION('center_axis',(0.923879543916144,-0.382683404831329,0.));
#4651=DIRECTION('ref_axis',(-0.27059803060379,-0.65328149050264,-0.707106781186547));
#4652=DIRECTION('',(0.923879543916144,-0.382683404831329,0.));
#4653=DIRECTION('center_axis',(-1.,-2.98023290239005E-8,0.));
#4654=DIRECTION('ref_axis',(2.98023290239005E-8,-1.,0.));
#4655=DIRECTION('',(0.,0.,1.));
#4656=DIRECTION('',(2.98023290239005E-8,-1.,0.));
#4657=DIRECTION('',(0.,0.,1.));
#4658=DIRECTION('center_axis',(-0.923879521106429,-0.382683459898851,0.));
#4659=DIRECTION('ref_axis',(0.382683459898851,-0.923879521106429,0.));
#4660=DIRECTION('',(0.,0.,1.));
#4661=DIRECTION('',(0.382683459898851,-0.923879521106429,0.));
#4662=DIRECTION('center_axis',(-0.707106760113118,-0.707106802259976,0.));
#4663=DIRECTION('ref_axis',(0.707106802259976,-0.707106760113118,0.));
#4664=DIRECTION('',(0.,0.,1.));
#4665=DIRECTION('',(0.707106802259976,-0.707106760113118,0.));
#4666=DIRECTION('center_axis',(-0.382683404831328,-0.923879543916144,0.));
#4667=DIRECTION('ref_axis',(0.923879543916144,-0.382683404831328,0.));
#4668=DIRECTION('',(0.,0.,1.));
#4669=DIRECTION('',(0.923879543916144,-0.382683404831328,0.));
#4670=DIRECTION('center_axis',(2.98023290239005E-8,-1.,0.));
#4671=DIRECTION('ref_axis',(1.,2.98023290239005E-8,0.));
#4672=DIRECTION('',(0.,0.,1.));
#4673=DIRECTION('',(1.,2.98023290239005E-8,0.));
#4674=DIRECTION('center_axis',(0.382683459898851,-0.923879521106429,0.));
#4675=DIRECTION('ref_axis',(0.923879521106429,0.382683459898851,0.));
#4676=DIRECTION('',(0.,0.,1.));
#4677=DIRECTION('',(0.923879521106429,0.382683459898851,0.));
#4678=DIRECTION('center_axis',(0.707106802259976,-0.707106760113118,0.));
#4679=DIRECTION('ref_axis',(0.707106760113118,0.707106802259976,0.));
#4680=DIRECTION('',(0.,0.,1.));
#4681=DIRECTION('',(0.707106760113118,0.707106802259976,0.));
#4682=DIRECTION('center_axis',(0.923879543916144,-0.382683404831328,0.));
#4683=DIRECTION('ref_axis',(0.382683404831328,0.923879543916144,0.));
#4684=DIRECTION('',(0.,0.,1.));
#4685=DIRECTION('',(0.382683404831328,0.923879543916144,0.));
#4686=DIRECTION('center_axis',(2.98023290239005E-8,-1.,0.));
#4687=DIRECTION('ref_axis',(-0.707106781186546,-2.10734277096504E-8,0.707106781186548));
#4688=DIRECTION('',(-2.98023290239005E-8,1.,0.));
#4689=DIRECTION('center_axis',(-0.195090292786445,-0.980785286217376,0.));
#4690=DIRECTION('ref_axis',(-0.980785286217376,0.195090292786445,0.));
#4691=DIRECTION('center_axis',(0.195090351245815,-0.980785274589084,0.));
#4692=DIRECTION('ref_axis',(-0.980785274589084,-0.195090351245815,0.));
#4693=DIRECTION('center_axis',(-0.382683404831328,-0.923879543916144,0.));
#4694=DIRECTION('ref_axis',(-0.65328149050264,0.270598030603786,0.707106781186548));
#4695=DIRECTION('',(0.382683404831328,0.923879543916144,0.));
#4696=DIRECTION('center_axis',(-0.555570208239875,-0.831469628859829,-3.85504273114814E-16));
#4697=DIRECTION('ref_axis',(-0.831469628859829,0.555570208239875,-1.93806085661333E-15));
#4698=DIRECTION('',(-0.382683404831328,-0.923879543916144,0.));
#4699=DIRECTION('center_axis',(-0.707106760113118,-0.707106802259976,0.));
#4700=DIRECTION('ref_axis',(-0.500000014901164,0.499999985098835,0.707106781186547));
#4701=DIRECTION('',(0.707106760113118,0.707106802259976,0.));
#4702=DIRECTION('center_axis',(-0.831469595745258,-0.555570257799333,0.));
#4703=DIRECTION('ref_axis',(-0.555570257799333,0.831469595745258,0.));
#4704=DIRECTION('',(-0.707106760113118,-0.707106802259976,0.));
#4705=DIRECTION('center_axis',(-0.923879521106429,-0.382683459898852,0.));
#4706=DIRECTION('ref_axis',(-0.270598069542409,0.653281474373736,0.707106781186547));
#4707=DIRECTION('',(0.923879521106429,0.382683459898852,0.));
#4708=DIRECTION('center_axis',(-0.980785274589083,-0.195090351245818,0.));
#4709=DIRECTION('ref_axis',(-0.195090351245818,0.980785274589083,0.));
#4710=DIRECTION('',(-0.923879521106429,-0.382683459898852,0.));
#4711=DIRECTION('center_axis',(-1.,-2.98023290239005E-8,0.));
#4712=DIRECTION('ref_axis',(-2.1073429672266E-8,0.707106781186547,0.707106781186547));
#4713=DIRECTION('',(1.,2.98023290239005E-8,0.));
#4714=DIRECTION('center_axis',(-0.980785286217376,0.195090292786443,0.));
#4715=DIRECTION('ref_axis',(0.195090292786443,0.980785286217376,0.));
#4716=DIRECTION('',(-1.,-2.98023290239005E-8,0.));
#4717=DIRECTION('center_axis',(-0.923879543916144,0.382683404831329,0.));
#4718=DIRECTION('ref_axis',(0.27059803060379,0.65328149050264,0.707106781186547));
#4719=DIRECTION('',(0.923879543916144,-0.382683404831329,0.));
#4720=DIRECTION('center_axis',(-0.831469628859832,0.55557020823987,0.));
#4721=DIRECTION('ref_axis',(0.55557020823987,0.831469628859832,0.));
#4722=DIRECTION('',(-0.923879543916144,0.382683404831329,0.));
#4723=DIRECTION('center_axis',(-0.707106802259976,0.707106760113118,0.));
#4724=DIRECTION('ref_axis',(0.499999985098835,0.500000014901164,0.707106781186547));
#4725=DIRECTION('',(0.707106802259976,-0.707106760113118,0.));
#4726=DIRECTION('center_axis',(-0.555570257799328,0.831469595745261,0.));
#4727=DIRECTION('ref_axis',(0.831469595745261,0.555570257799328,0.));
#4728=DIRECTION('',(-0.707106802259976,0.707106760113118,0.));
#4729=DIRECTION('center_axis',(-0.382683459898851,0.923879521106429,0.));
#4730=DIRECTION('ref_axis',(0.653281474373736,0.270598069542409,0.707106781186547));
#4731=DIRECTION('',(0.382683459898851,-0.923879521106429,0.));
#4732=DIRECTION('center_axis',(-0.195090351245815,0.980785274589084,0.));
#4733=DIRECTION('ref_axis',(0.980785274589084,0.195090351245815,0.));
#4734=DIRECTION('',(-0.382683459898851,0.923879521106429,0.));
#4735=DIRECTION('center_axis',(-2.9802327907607E-8,1.,0.));
#4736=DIRECTION('ref_axis',(0.707106781186547,2.10734277096504E-8,0.707106781186547));
#4737=DIRECTION('',(2.9802327907607E-8,-1.,0.));
#4738=DIRECTION('center_axis',(0.195090292786442,0.980785286217376,0.));
#4739=DIRECTION('ref_axis',(0.980785286217376,-0.195090292786442,0.));
#4740=DIRECTION('',(-2.9802327907607E-8,1.,0.));
#4741=DIRECTION('center_axis',(0.382683404831328,0.923879543916144,0.));
#4742=DIRECTION('ref_axis',(0.65328149050264,-0.27059803060379,0.707106781186547));
#4743=DIRECTION('',(-0.382683404831328,-0.923879543916144,0.));
#4744=DIRECTION('center_axis',(0.555570208239868,0.831469628859834,1.1538959077959E-15));
#4745=DIRECTION('ref_axis',(0.831469628859834,-0.555570208239868,5.80102646706483E-15));
#4746=DIRECTION('center_axis',(0.707106760113118,0.707106802259976,0.));
#4747=DIRECTION('ref_axis',(0.500000014901164,-0.499999985098835,0.707106781186547));
#4748=DIRECTION('',(-0.707106760113118,-0.707106802259976,0.));
#4749=DIRECTION('center_axis',(0.831469595745257,0.555570257799334,0.));
#4750=DIRECTION('ref_axis',(0.555570257799334,-0.831469595745257,0.));
#4751=DIRECTION('center_axis',(0.923879521106429,0.382683459898851,0.));
#4752=DIRECTION('ref_axis',(0.270598069542407,-0.653281474373736,0.707106781186548));
#4753=DIRECTION('',(-0.923879521106429,-0.382683459898851,0.));
#4754=DIRECTION('center_axis',(0.980785274589084,0.195090351245814,0.));
#4755=DIRECTION('ref_axis',(0.195090351245814,-0.980785274589084,0.));
#4756=DIRECTION('center_axis',(1.,2.98023290239005E-8,0.));
#4757=DIRECTION('ref_axis',(2.1073429672266E-8,-0.707106781186546,0.707106781186548));
#4758=DIRECTION('',(-1.,-2.98023290239005E-8,0.));
#4759=DIRECTION('center_axis',(0.980785286217376,-0.195090292786443,0.));
#4760=DIRECTION('ref_axis',(-0.195090292786443,-0.980785286217376,0.));
#4761=DIRECTION('center_axis',(0.923879543916144,-0.382683404831328,0.));
#4762=DIRECTION('ref_axis',(-0.270598030603788,-0.653281490502639,0.707106781186548));
#4763=DIRECTION('',(-0.923879543916144,0.382683404831328,0.));
#4764=DIRECTION('center_axis',(0.831469628859831,-0.555570208239873,0.));
#4765=DIRECTION('ref_axis',(-0.555570208239873,-0.831469628859831,0.));
#4766=DIRECTION('center_axis',(0.707106802259976,-0.707106760113118,0.));
#4767=DIRECTION('ref_axis',(-0.499999985098835,-0.500000014901164,0.707106781186547));
#4768=DIRECTION('',(-0.707106802259976,0.707106760113118,0.));
#4769=DIRECTION('center_axis',(0.555570257799334,-0.831469595745257,-3.85504307503596E-16));
#4770=DIRECTION('ref_axis',(-0.831469595745257,-0.555570257799334,-1.93806102949747E-15));
#4771=DIRECTION('center_axis',(0.382683459898851,-0.923879521106429,0.));
#4772=DIRECTION('ref_axis',(-0.653281474373735,-0.270598069542409,0.707106781186548));
#4773=DIRECTION('',(-0.382683459898851,0.923879521106429,0.));
#4774=DIRECTION('center_axis',(0.,0.,1.));
#4775=DIRECTION('ref_axis',(1.,0.,0.));
#4776=DIRECTION('center_axis',(0.999999999999966,-2.62260427539282E-7,0.));
#4777=DIRECTION('ref_axis',(-1.85446132443074E-7,-0.707106781186524,0.707106781186547));
#4778=DIRECTION('',(-0.999999999999966,2.62260427539282E-7,0.));
#4779=DIRECTION('center_axis',(0.980785229238723,-0.1950905792373,-5.41485132391772E-16));
#4780=DIRECTION('ref_axis',(-0.1950905792373,-0.980785229238723,-2.72222959047198E-15));
#4781=DIRECTION('center_axis',(0.980785331567669,0.195090064794951,0.));
#4782=DIRECTION('ref_axis',(0.195090064794951,-0.980785331567669,0.));
#4783=DIRECTION('center_axis',(0.923879432148534,-0.382683674662118,0.));
#4784=DIRECTION('ref_axis',(-0.270598221402986,-0.653281411471004,0.707106781186543));
#4785=DIRECTION('',(-0.923879432148534,0.382683674662118,0.));
#4786=DIRECTION('center_axis',(0.831469466598422,-0.55557045108117,-1.54201776647925E-15));
#4787=DIRECTION('ref_axis',(-0.55557045108117,-0.831469466598422,-7.75224681498026E-15));
#4788=DIRECTION('',(0.923879432148534,-0.382683674662118,0.));
#4789=DIRECTION('center_axis',(0.707106595740396,-0.707106966632651,0.));
#4790=DIRECTION('ref_axis',(-0.500000131130186,-0.499999868869773,0.707106781186552));
#4791=DIRECTION('',(-0.707106595740396,0.70710696663265,0.));
#4792=DIRECTION('center_axis',(0.555570014958021,-0.831469758006594,1.15389608702303E-15));
#4793=DIRECTION('ref_axis',(-0.831469758006594,-0.555570014958021,5.80102736810092E-15));
#4794=DIRECTION('',(0.707106595740396,-0.70710696663265,0.));
#4795=DIRECTION('center_axis',(0.382683190068037,-0.923879632873975,0.));
#4796=DIRECTION('ref_axis',(-0.653281553405324,-0.270597878743208,0.70710678118655));
#4797=DIRECTION('',(-0.382683190068037,0.923879632873975,0.));
#4798=DIRECTION('center_axis',(0.195090064794998,-0.980785331567659,0.));
#4799=DIRECTION('ref_axis',(-0.980785331567659,-0.195090064794998,0.));
#4800=DIRECTION('',(0.382683190068037,-0.923879632873975,0.));
#4801=DIRECTION('center_axis',(-2.62260428655576E-7,-0.999999999999966,
0.));
#4802=DIRECTION('ref_axis',(-0.707106781186527,1.85446128517842E-7,0.707106781186543));
#4803=DIRECTION('',(2.62260428655575E-7,0.999999999999966,0.));
#4804=DIRECTION('center_axis',(-0.195090579237311,-0.980785229238721,0.));
#4805=DIRECTION('ref_axis',(-0.980785229238721,0.195090579237311,0.));
#4806=DIRECTION('',(-2.62260428655575E-7,-0.999999999999966,0.));
#4807=DIRECTION('center_axis',(-0.382683674662119,-0.923879432148534,0.));
#4808=DIRECTION('ref_axis',(-0.653281411471005,0.270598221402969,0.707106781186548));
#4809=DIRECTION('',(0.382683674662119,0.923879432148534,0.));
#4810=DIRECTION('center_axis',(-0.555570451081196,-0.831469466598405,-4.61558273045173E-15));
#4811=DIRECTION('ref_axis',(-0.831469466598405,0.555570451081196,-2.32041013399689E-14));
#4812=DIRECTION('',(-0.382683674662119,-0.923879432148534,0.));
#4813=DIRECTION('center_axis',(-0.707106966632654,-0.707106595740393,0.));
#4814=DIRECTION('ref_axis',(-0.499999868869759,0.500000131130204,0.707106781186549));
#4815=DIRECTION('',(0.707106966632654,0.707106595740393,0.));
#4816=DIRECTION('center_axis',(-0.831469758006587,-0.555570014958032,-1.54201655599437E-15));
#4817=DIRECTION('ref_axis',(-0.555570014958032,0.831469758006587,-7.7522407294638E-15));
#4818=DIRECTION('',(-0.707106966632654,-0.707106595740393,0.));
#4819=DIRECTION('center_axis',(-0.923879632873977,-0.382683190068032,0.));
#4820=DIRECTION('ref_axis',(-0.270597878743187,0.653281553405326,0.707106781186556));
#4821=DIRECTION('',(0.923879632873977,0.382683190068032,0.));
#4822=DIRECTION('center_axis',(-0.980785331567673,-0.19509006479493,0.));
#4823=DIRECTION('ref_axis',(-0.19509006479493,0.980785331567673,0.));
#4824=DIRECTION('',(-0.923879632873977,-0.382683190068032,0.));
#4825=DIRECTION('center_axis',(-0.999999999999966,2.6226042307411E-7,0.));
#4826=DIRECTION('ref_axis',(1.85446132443074E-7,0.707106781186524,0.707106781186547));
#4827=DIRECTION('',(0.999999999999966,-2.6226042307411E-7,0.));
#4828=DIRECTION('center_axis',(-0.980785229238723,0.1950905792373,-5.41485132391772E-16));
#4829=DIRECTION('ref_axis',(0.1950905792373,0.980785229238723,-2.72222959047192E-15));
#4830=DIRECTION('',(-0.999999999999966,2.6226042307411E-7,0.));
#4831=DIRECTION('center_axis',(-0.923879432148535,0.382683674662117,0.));
#4832=DIRECTION('ref_axis',(0.270598221402986,0.653281411471004,0.707106781186543));
#4833=DIRECTION('',(0.923879432148535,-0.382683674662117,0.));
#4834=DIRECTION('center_axis',(-0.831469466598422,0.55557045108117,0.));
#4835=DIRECTION('ref_axis',(0.55557045108117,0.831469466598422,0.));
#4836=DIRECTION('center_axis',(-0.707106595740396,0.70710696663265,0.));
#4837=DIRECTION('ref_axis',(0.500000131130186,0.499999868869773,0.707106781186552));
#4838=DIRECTION('',(0.707106595740396,-0.70710696663265,0.));
#4839=DIRECTION('center_axis',(-0.555570014958025,0.831469758006592,2.30779217404606E-15));
#4840=DIRECTION('ref_axis',(0.831469758006592,0.555570014958025,1.16020547362021E-14));
#4841=DIRECTION('center_axis',(-0.382683190068037,0.923879632873975,0.));
#4842=DIRECTION('ref_axis',(0.653281553405323,0.270597878743212,0.707106781186549));
#4843=DIRECTION('',(0.382683190068037,-0.923879632873975,0.));
#4844=DIRECTION('center_axis',(-0.195090064795003,0.980785331567658,0.));
#4845=DIRECTION('ref_axis',(0.980785331567658,0.195090064795003,0.));
#4846=DIRECTION('center_axis',(2.62260428655576E-7,0.999999999999966,0.));
#4847=DIRECTION('ref_axis',(0.707106781186527,-1.85446126555227E-7,0.707106781186543));
#4848=DIRECTION('',(-2.62260428655575E-7,-0.999999999999966,0.));
#4849=DIRECTION('center_axis',(0.195090579237304,0.980785229238722,0.));
#4850=DIRECTION('ref_axis',(0.980785229238722,-0.195090579237304,0.));
#4851=DIRECTION('center_axis',(0.38268367466212,0.923879432148534,0.));
#4852=DIRECTION('ref_axis',(0.653281411471004,-0.270598221402972,0.707106781186548));
#4853=DIRECTION('',(-0.38268367466212,-0.923879432148534,0.));
#4854=DIRECTION('center_axis',(0.555570451081168,0.831469466598424,1.15389568261296E-15));
#4855=DIRECTION('ref_axis',(0.831469466598424,-0.555570451081168,5.8010253349934E-15));
#4856=DIRECTION('center_axis',(0.707106966632647,0.707106595740399,0.));
#4857=DIRECTION('ref_axis',(0.499999868869761,-0.500000131130198,0.707106781186552));
#4858=DIRECTION('',(-0.707106966632647,-0.707106595740399,0.));
#4859=DIRECTION('center_axis',(0.831469758006616,0.555570014957989,-2.31302483399138E-15));
#4860=DIRECTION('ref_axis',(0.555570014957989,-0.831469758006615,-1.16283610941912E-14));
#4861=DIRECTION('center_axis',(0.923879632873976,0.382683190068035,0.));
#4862=DIRECTION('ref_axis',(0.270597878743213,-0.653281553405328,0.707106781186544));
#4863=DIRECTION('',(-0.923879632873976,-0.382683190068035,0.));
#4864=DIRECTION('center_axis',(0.,0.,1.));
#4865=DIRECTION('ref_axis',(1.,0.,0.));
#4866=DIRECTION('center_axis',(0.,-1.,0.));
#4867=DIRECTION('ref_axis',(-0.70710678118654,0.,0.707106781186555));
#4868=DIRECTION('',(0.,1.,0.));
#4869=DIRECTION('center_axis',(-0.195090322016147,-0.980785280403227,0.));
#4870=DIRECTION('ref_axis',(-0.980785280403227,0.195090322016147,0.));
#4871=DIRECTION('center_axis',(0.195090322016168,-0.980785280403223,0.));
#4872=DIRECTION('ref_axis',(-0.980785280403223,-0.195090322016168,0.));
#4873=DIRECTION('center_axis',(-0.382683432365084,-0.923879532511289,0.));
#4874=DIRECTION('ref_axis',(-0.653281482438203,0.270598050073083,0.70710678118654));
#4875=DIRECTION('',(0.382683432365084,0.923879532511289,0.));
#4876=DIRECTION('center_axis',(-0.555570233019587,-0.831469612302556,0.));
#4877=DIRECTION('ref_axis',(-0.831469612302556,0.555570233019587,0.));
#4878=DIRECTION('center_axis',(-0.707106781186548,-0.707106781186548,0.));
#4879=DIRECTION('ref_axis',(-0.499999999999993,0.499999999999993,0.707106781186557));
#4880=DIRECTION('',(0.707106781186548,0.707106781186548,0.));
#4881=DIRECTION('center_axis',(-0.831469612302539,-0.555570233019612,0.));
#4882=DIRECTION('ref_axis',(-0.555570233019612,0.831469612302539,0.));
#4883=DIRECTION('center_axis',(-0.923879532511286,-0.382683432365092,0.));
#4884=DIRECTION('ref_axis',(-0.270598050073083,0.653281482438203,0.70710678118654));
#4885=DIRECTION('',(0.923879532511286,0.382683432365092,0.));
#4886=DIRECTION('center_axis',(-0.980785280403227,-0.195090322016147,0.));
#4887=DIRECTION('ref_axis',(-0.195090322016147,0.980785280403227,0.));
#4888=DIRECTION('',(-0.923879532511286,-0.382683432365092,0.));
#4889=DIRECTION('center_axis',(-1.,0.,0.));
#4890=DIRECTION('ref_axis',(0.,0.707106781186555,0.70710678118654));
#4891=DIRECTION('',(1.,0.,0.));
#4892=DIRECTION('center_axis',(-0.980785280403231,0.195090322016126,0.));
#4893=DIRECTION('ref_axis',(0.195090322016126,0.980785280403231,0.));
#4894=DIRECTION('',(-1.,0.,0.));
#4895=DIRECTION('center_axis',(-0.923879532511289,0.382683432365084,0.));
#4896=DIRECTION('ref_axis',(0.270598050073088,0.653281482438185,0.707106781186555));
#4897=DIRECTION('',(0.923879532511289,-0.382683432365084,0.));
#4898=DIRECTION('center_axis',(-0.831469612302539,0.555570233019612,0.));
#4899=DIRECTION('ref_axis',(0.555570233019612,0.831469612302539,0.));
#4900=DIRECTION('',(-0.923879532511289,0.382683432365084,0.));
#4901=DIRECTION('center_axis',(-0.707106781186548,0.707106781186548,0.));
#4902=DIRECTION('ref_axis',(0.500000000000009,0.500000000000009,0.707106781186535));
#4903=DIRECTION('',(0.707106781186548,-0.707106781186548,0.));
#4904=DIRECTION('center_axis',(-0.555570233019587,0.831469612302556,0.));
#4905=DIRECTION('ref_axis',(0.831469612302556,0.555570233019587,0.));
#4906=DIRECTION('',(-0.707106781186548,0.707106781186548,0.));
#4907=DIRECTION('center_axis',(-0.382683432365092,0.923879532511286,0.));
#4908=DIRECTION('ref_axis',(0.653281482438185,0.270598050073088,0.707106781186555));
#4909=DIRECTION('',(0.382683432365092,-0.923879532511286,0.));
#4910=DIRECTION('center_axis',(-0.195090322016168,0.980785280403223,0.));
#4911=DIRECTION('ref_axis',(0.980785280403223,0.195090322016168,0.));
#4912=DIRECTION('',(-0.382683432365092,0.923879532511286,0.));
#4913=DIRECTION('center_axis',(0.,1.,0.));
#4914=DIRECTION('ref_axis',(0.70710678118654,0.,0.707106781186555));
#4915=DIRECTION('',(0.,-1.,0.));
#4916=DIRECTION('center_axis',(0.195090322016147,0.980785280403227,0.));
#4917=DIRECTION('ref_axis',(0.980785280403227,-0.195090322016147,0.));
#4918=DIRECTION('',(0.,1.,0.));
#4919=DIRECTION('center_axis',(0.382683432365084,0.923879532511289,0.));
#4920=DIRECTION('ref_axis',(0.653281482438203,-0.270598050073083,0.70710678118654));
#4921=DIRECTION('',(0.382683432365084,0.923879532511289,0.));
#4922=DIRECTION('',(-0.382683432365084,-0.923879532511289,0.));
#4923=DIRECTION('center_axis',(0.555570233019587,0.831469612302556,0.));
#4924=DIRECTION('ref_axis',(0.831469612302556,-0.555570233019587,0.));
#4925=DIRECTION('center_axis',(0.707106781186548,0.707106781186548,0.));
#4926=DIRECTION('ref_axis',(0.499999999999993,-0.499999999999993,0.707106781186557));
#4927=DIRECTION('',(0.707106781186548,0.707106781186548,0.));
#4928=DIRECTION('',(-0.707106781186548,-0.707106781186548,0.));
#4929=DIRECTION('center_axis',(0.831469612302539,0.555570233019612,0.));
#4930=DIRECTION('ref_axis',(0.555570233019612,-0.831469612302539,0.));
#4931=DIRECTION('center_axis',(0.923879532511286,0.382683432365092,0.));
#4932=DIRECTION('ref_axis',(0.270598050073083,-0.653281482438203,0.70710678118654));
#4933=DIRECTION('',(-0.923879532511286,-0.382683432365092,0.));
#4934=DIRECTION('center_axis',(0.980785280403227,0.195090322016147,0.));
#4935=DIRECTION('ref_axis',(0.195090322016147,-0.980785280403227,0.));
#4936=DIRECTION('center_axis',(1.,0.,0.));
#4937=DIRECTION('ref_axis',(0.,-0.707106781186555,0.70710678118654));
#4938=DIRECTION('',(-1.,0.,0.));
#4939=DIRECTION('center_axis',(0.980785280403231,-0.195090322016126,0.));
#4940=DIRECTION('ref_axis',(-0.195090322016126,-0.980785280403231,0.));
#4941=DIRECTION('center_axis',(0.923879532511289,-0.382683432365084,0.));
#4942=DIRECTION('ref_axis',(-0.270598050073088,-0.653281482438185,0.707106781186555));
#4943=DIRECTION('',(-0.923879532511289,0.382683432365084,0.));
#4944=DIRECTION('center_axis',(0.831469612302539,-0.555570233019612,0.));
#4945=DIRECTION('ref_axis',(-0.555570233019612,-0.831469612302539,0.));
#4946=DIRECTION('center_axis',(0.707106781186548,-0.707106781186548,0.));
#4947=DIRECTION('ref_axis',(-0.500000000000009,-0.500000000000009,0.707106781186535));
#4948=DIRECTION('',(-0.707106781186548,0.707106781186548,0.));
#4949=DIRECTION('center_axis',(0.555570233019587,-0.831469612302556,0.));
#4950=DIRECTION('ref_axis',(-0.831469612302556,-0.555570233019587,0.));
#4951=DIRECTION('center_axis',(0.382683432365092,-0.923879532511286,0.));
#4952=DIRECTION('ref_axis',(-0.653281482438185,-0.270598050073088,0.707106781186555));
#4953=DIRECTION('',(-0.382683432365092,0.923879532511286,0.));
#4954=DIRECTION('center_axis',(0.923879532511289,-0.382683432365084,0.));
#4955=DIRECTION('ref_axis',(0.382683432365084,0.923879532511289,0.));
#4956=DIRECTION('',(0.,0.,1.));
#4957=DIRECTION('',(0.,0.,1.));
#4958=DIRECTION('center_axis',(0.707106781186548,-0.707106781186548,0.));
#4959=DIRECTION('ref_axis',(0.707106781186548,0.707106781186548,0.));
#4960=DIRECTION('center_axis',(0.,0.,1.));
#4961=DIRECTION('ref_axis',(1.,0.,0.));
#4962=DIRECTION('center_axis',(2.79073402838274E-15,-1.,0.));
#4963=DIRECTION('ref_axis',(-0.707106781186548,0.,0.707106781186548));
#4964=DIRECTION('',(-2.79073402838274E-15,1.,0.));
#4965=DIRECTION('center_axis',(-0.195090322016126,-0.980785280403231,4.06113313844698E-16));
#4966=DIRECTION('ref_axis',(-0.980785280403231,0.195090322016126,2.04166950096954E-15));
#4967=DIRECTION('center_axis',(0.195090322016147,-0.980785280403227,0.));
#4968=DIRECTION('ref_axis',(-0.980785280403227,-0.195090322016147,0.));
#4969=DIRECTION('center_axis',(-0.382683432365088,-0.923879532511288,0.));
#4970=DIRECTION('ref_axis',(-0.653281482438193,0.270598050073086,0.707106781186548));
#4971=DIRECTION('',(0.382683432365088,0.923879532511288,0.));
#4972=DIRECTION('center_axis',(-0.555570233019592,-0.831469612302552,1.92752145154598E-15));
#4973=DIRECTION('ref_axis',(-0.831469612302552,0.555570233019592,9.69030471527734E-15));
#4974=DIRECTION('',(-0.382683432365088,-0.923879532511288,0.));
#4975=DIRECTION('center_axis',(-0.707106781186546,-0.707106781186549,0.));
#4976=DIRECTION('ref_axis',(-0.499999999999997,0.500000000000013,0.707106781186541));
#4977=DIRECTION('',(0.707106781186546,0.707106781186549,0.));
#4978=DIRECTION('center_axis',(-0.831469612302557,-0.555570233019584,0.));
#4979=DIRECTION('ref_axis',(-0.555570233019584,0.831469612302558,0.));
#4980=DIRECTION('',(-0.707106781186546,-0.707106781186549,0.));
#4981=DIRECTION('center_axis',(-0.923879532511286,-0.382683432365093,0.));
#4982=DIRECTION('ref_axis',(-0.270598050073105,0.653281482438182,0.707106781186551));
#4983=DIRECTION('',(0.923879532511286,0.382683432365093,0.));
#4984=DIRECTION('center_axis',(-0.980785280403225,-0.195090322016155,0.));
#4985=DIRECTION('ref_axis',(-0.195090322016155,0.980785280403225,0.));
#4986=DIRECTION('',(-0.923879532511286,-0.382683432365093,0.));
#4987=DIRECTION('center_axis',(-1.,0.,0.));
#4988=DIRECTION('ref_axis',(0.,0.70710678118654,0.707106781186555));
#4989=DIRECTION('',(1.,0.,0.));
#4990=DIRECTION('center_axis',(-0.980785280403229,0.195090322016136,0.));
#4991=DIRECTION('ref_axis',(0.195090322016136,0.980785280403229,0.));
#4992=DIRECTION('',(-1.,0.,0.));
#4993=DIRECTION('center_axis',(-0.923879532511289,0.382683432365085,0.));
#4994=DIRECTION('ref_axis',(0.270598050073094,0.653281482438201,0.707106781186538));
#4995=DIRECTION('',(0.923879532511289,-0.382683432365085,0.));
#4996=DIRECTION('center_axis',(-0.831469612302557,0.555570233019585,2.30779176963613E-15));
#4997=DIRECTION('ref_axis',(0.555570233019585,0.831469612302557,1.16020527030956E-14));
#4998=DIRECTION('',(-0.923879532511289,0.382683432365085,0.));
#4999=DIRECTION('center_axis',(-0.707106781186549,0.707106781186546,0.));
#5000=DIRECTION('ref_axis',(0.500000000000005,0.499999999999989,0.707106781186552));
#5001=DIRECTION('',(0.707106781186549,-0.707106781186546,0.));
#5002=DIRECTION('center_axis',(-0.555570233019591,0.831469612302553,0.));
#5003=DIRECTION('ref_axis',(0.831469612302553,0.555570233019591,0.));
#5004=DIRECTION('',(-0.707106781186549,0.707106781186546,0.));
#5005=DIRECTION('center_axis',(-0.38268343236509,0.923879532511287,0.));
#5006=DIRECTION('ref_axis',(0.653281482438186,0.270598050073115,0.707106781186543));
#5007=DIRECTION('',(0.38268343236509,-0.923879532511287,0.));
#5008=DIRECTION('center_axis',(-0.195090322016147,0.980785280403227,0.));
#5009=DIRECTION('ref_axis',(0.980785280403227,0.195090322016147,0.));
#5010=DIRECTION('',(-0.38268343236509,0.923879532511287,0.));
#5011=DIRECTION('center_axis',(-4.46517444541238E-15,1.,0.));
#5012=DIRECTION('ref_axis',(0.707106781186548,0.,0.707106781186548));
#5013=DIRECTION('',(4.46517444541238E-15,-1.,0.));
#5014=DIRECTION('center_axis',(0.195090322016126,0.980785280403231,5.41484418459597E-16));
#5015=DIRECTION('ref_axis',(0.980785280403231,-0.195090322016126,2.7222260012927E-15));
#5016=DIRECTION('',(-4.46517444541238E-15,1.,0.));
#5017=DIRECTION('center_axis',(0.382683432365088,0.923879532511288,0.));
#5018=DIRECTION('ref_axis',(0.653281482438194,-0.270598050073085,0.707106781186547));
#5019=DIRECTION('',(-0.382683432365088,-0.923879532511288,0.));
#5020=DIRECTION('center_axis',(0.555570233019592,0.831469612302552,1.54201716123678E-15));
#5021=DIRECTION('ref_axis',(0.831469612302552,-0.555570233019592,7.75224377222191E-15));
#5022=DIRECTION('center_axis',(0.707106781186546,0.707106781186549,0.));
#5023=DIRECTION('ref_axis',(0.499999999999997,-0.500000000000013,0.707106781186541));
#5024=DIRECTION('',(-0.707106781186546,-0.707106781186549,0.));
#5025=DIRECTION('center_axis',(0.831469612302557,0.555570233019585,0.));
#5026=DIRECTION('ref_axis',(0.555570233019585,-0.831469612302557,0.));
#5027=DIRECTION('center_axis',(0.923879532511286,0.382683432365093,0.));
#5028=DIRECTION('ref_axis',(0.270598050073105,-0.653281482438182,0.707106781186551));
#5029=DIRECTION('',(-0.923879532511286,-0.382683432365093,0.));
#5030=DIRECTION('center_axis',(0.980785280403225,0.195090322016155,0.));
#5031=DIRECTION('ref_axis',(0.195090322016155,-0.980785280403225,0.));
#5032=DIRECTION('center_axis',(1.,0.,0.));
#5033=DIRECTION('ref_axis',(0.,-0.70710678118654,0.707106781186555));
#5034=DIRECTION('',(-1.,0.,0.));
#5035=DIRECTION('center_axis',(0.980785280403229,-0.195090322016138,0.));
#5036=DIRECTION('ref_axis',(-0.195090322016138,-0.980785280403229,0.));
#5037=DIRECTION('center_axis',(0.923879532511289,-0.382683432365084,0.));
#5038=DIRECTION('ref_axis',(-0.270598050073092,-0.653281482438201,0.707106781186538));
#5039=DIRECTION('',(-0.923879532511289,0.382683432365084,0.));
#5040=DIRECTION('center_axis',(0.831469612302556,-0.555570233019586,2.30779176963612E-15));
#5041=DIRECTION('ref_axis',(-0.555570233019586,-0.831469612302556,1.16020527030955E-14));
#5042=DIRECTION('center_axis',(0.707106781186549,-0.707106781186546,0.));
#5043=DIRECTION('ref_axis',(-0.500000000000003,-0.49999999999999,0.707106781186553));
#5044=DIRECTION('',(-0.707106781186549,0.707106781186546,0.));
#5045=DIRECTION('center_axis',(0.555570233019591,-0.831469612302553,-1.15651287092759E-15));
#5046=DIRECTION('ref_axis',(-0.831469612302553,-0.555570233019591,-5.81418282916566E-15));
#5047=DIRECTION('center_axis',(0.38268343236509,-0.923879532511287,0.));
#5048=DIRECTION('ref_axis',(-0.653281482438187,-0.270598050073115,0.707106781186543));
#5049=DIRECTION('',(-0.38268343236509,0.923879532511287,0.));
#5050=DIRECTION('center_axis',(0.,0.,1.));
#5051=DIRECTION('ref_axis',(1.,0.,0.));
#5052=DIRECTION('center_axis',(-0.382683432365092,0.923879532511286,0.));
#5053=DIRECTION('ref_axis',(-0.923879532511286,-0.382683432365092,0.));
#5054=DIRECTION('',(0.,0.,1.));
#5055=DIRECTION('center_axis',(0.,1.,0.));
#5056=DIRECTION('ref_axis',(-1.,0.,0.));
#5057=DIRECTION('',(0.,0.,1.));
#5058=DIRECTION('center_axis',(0.382683432365084,0.923879532511289,0.));
#5059=DIRECTION('ref_axis',(-0.923879532511289,0.382683432365084,0.));
#5060=DIRECTION('',(0.,0.,1.));
#5061=DIRECTION('center_axis',(0.707106781186548,0.707106781186548,0.));
#5062=DIRECTION('ref_axis',(-0.707106781186548,0.707106781186548,0.));
#5063=DIRECTION('',(0.,0.,1.));
#5064=DIRECTION('center_axis',(0.923879532511286,0.382683432365092,0.));
#5065=DIRECTION('ref_axis',(-0.382683432365092,0.923879532511286,0.));
#5066=DIRECTION('',(0.,0.,1.));
#5067=DIRECTION('center_axis',(1.,0.,0.));
#5068=DIRECTION('ref_axis',(0.,1.,0.));
#5069=DIRECTION('center_axis',(-0.382683674662118,-0.923879432148534,0.));
#5070=DIRECTION('ref_axis',(0.923879432148534,-0.382683674662118,0.));
#5071=DIRECTION('',(0.,0.,1.));
#5072=DIRECTION('center_axis',(-0.707106966632651,-0.707106595740396,0.));
#5073=DIRECTION('ref_axis',(0.707106595740396,-0.70710696663265,0.));
#5074=DIRECTION('',(0.,0.,1.));
#5075=DIRECTION('center_axis',(-0.923879632873975,-0.382683190068037,0.));
#5076=DIRECTION('ref_axis',(0.382683190068037,-0.923879632873975,0.));
#5077=DIRECTION('',(0.,0.,1.));
#5078=DIRECTION('center_axis',(-0.999999999999966,2.62260428655576E-7,0.));
#5079=DIRECTION('ref_axis',(-2.62260428655575E-7,-0.999999999999966,0.));
#5080=DIRECTION('',(0.,0.,1.));
#5081=DIRECTION('center_axis',(-0.923879432148534,0.382683674662119,0.));
#5082=DIRECTION('ref_axis',(-0.382683674662119,-0.923879432148534,0.));
#5083=DIRECTION('',(0.,0.,1.));
#5084=DIRECTION('center_axis',(-0.707106595740393,0.707106966632654,0.));
#5085=DIRECTION('ref_axis',(-0.707106966632654,-0.707106595740393,0.));
#5086=DIRECTION('',(0.,0.,1.));
#5087=DIRECTION('center_axis',(-0.382683190068032,0.923879632873977,0.));
#5088=DIRECTION('ref_axis',(-0.923879632873977,-0.382683190068032,0.));
#5089=DIRECTION('',(0.,0.,1.));
#5090=DIRECTION('center_axis',(2.6226042307411E-7,0.999999999999966,0.));
#5091=DIRECTION('ref_axis',(-0.999999999999966,2.6226042307411E-7,0.));
#5092=DIRECTION('center_axis',(-0.923879532511288,0.382683432365088,0.));
#5093=DIRECTION('ref_axis',(-0.382683432365088,-0.923879532511288,0.));
#5094=DIRECTION('',(0.,0.,1.));
#5095=DIRECTION('center_axis',(-0.707106781186549,0.707106781186546,0.));
#5096=DIRECTION('ref_axis',(-0.707106781186546,-0.707106781186549,0.));
#5097=DIRECTION('',(0.,0.,1.));
#5098=DIRECTION('center_axis',(-0.382683432365093,0.923879532511286,0.));
#5099=DIRECTION('ref_axis',(-0.923879532511286,-0.382683432365093,0.));
#5100=DIRECTION('',(0.,0.,1.));
#5101=DIRECTION('center_axis',(0.,1.,0.));
#5102=DIRECTION('ref_axis',(-1.,0.,0.));
#5103=DIRECTION('',(0.,0.,1.));
#5104=DIRECTION('center_axis',(0.382683432365085,0.923879532511289,0.));
#5105=DIRECTION('ref_axis',(-0.923879532511289,0.382683432365085,0.));
#5106=DIRECTION('',(0.,0.,1.));
#5107=DIRECTION('center_axis',(0.707106781186546,0.707106781186549,0.));
#5108=DIRECTION('ref_axis',(-0.707106781186549,0.707106781186546,0.));
#5109=DIRECTION('',(0.,0.,1.));
#5110=DIRECTION('center_axis',(0.923879532511287,0.38268343236509,0.));
#5111=DIRECTION('ref_axis',(-0.38268343236509,0.923879532511287,0.));
#5112=DIRECTION('',(0.,0.,1.));
#5113=DIRECTION('center_axis',(1.,4.46517444541238E-15,0.));
#5114=DIRECTION('ref_axis',(-4.46517444541238E-15,1.,0.));
#5115=DIRECTION('center_axis',(-0.923879543916144,0.382683404831328,0.));
#5116=DIRECTION('ref_axis',(-0.382683404831328,-0.923879543916144,0.));
#5117=DIRECTION('',(0.,0.,1.));
#5118=DIRECTION('center_axis',(-0.707106802259976,0.707106760113118,0.));
#5119=DIRECTION('ref_axis',(-0.707106760113118,-0.707106802259976,0.));
#5120=DIRECTION('',(0.,0.,1.));
#5121=DIRECTION('center_axis',(-0.382683459898852,0.923879521106429,0.));
#5122=DIRECTION('ref_axis',(-0.923879521106429,-0.382683459898852,0.));
#5123=DIRECTION('',(0.,0.,1.));
#5124=DIRECTION('center_axis',(-2.98023290239005E-8,1.,0.));
#5125=DIRECTION('ref_axis',(-1.,-2.98023290239005E-8,0.));
#5126=DIRECTION('',(0.,0.,1.));
#5127=DIRECTION('center_axis',(0.382683404831329,0.923879543916144,0.));
#5128=DIRECTION('ref_axis',(-0.923879543916144,0.382683404831329,0.));
#5129=DIRECTION('',(0.,0.,1.));
#5130=DIRECTION('center_axis',(0.707106760113118,0.707106802259976,0.));
#5131=DIRECTION('ref_axis',(-0.707106802259976,0.707106760113118,0.));
#5132=DIRECTION('',(0.,0.,1.));
#5133=DIRECTION('center_axis',(0.923879521106429,0.382683459898851,0.));
#5134=DIRECTION('ref_axis',(-0.382683459898851,0.923879521106429,0.));
#5135=DIRECTION('',(0.,0.,1.));
#5136=DIRECTION('center_axis',(1.,2.9802327907607E-8,0.));
#5137=DIRECTION('ref_axis',(-2.9802327907607E-8,1.,0.));
#5138=DIRECTION('center_axis',(0.,0.,1.));
#5139=DIRECTION('ref_axis',(-1.,0.,0.));
#5140=DIRECTION('',(-0.70710678118654,-8.65956056235484E-17,-0.707106781186555));
#5141=DIRECTION('center_axis',(0.,0.,-1.));
#5142=DIRECTION('ref_axis',(-1.,0.,0.));
#5143=DIRECTION('center_axis',(0.,0.,-1.));
#5144=DIRECTION('ref_axis',(-1.,0.,0.));
#5145=DIRECTION('',(0.,0.,-1.));
#5146=DIRECTION('center_axis',(0.,0.,-1.));
#5147=DIRECTION('ref_axis',(-1.,0.,0.));
#5148=DIRECTION('center_axis',(0.,0.,1.));
#5149=DIRECTION('ref_axis',(-1.,0.,0.));
#5150=DIRECTION('',(-0.707106781186547,-8.65956056235493E-17,-0.707106781186547));
#5151=DIRECTION('center_axis',(0.,0.,-1.));
#5152=DIRECTION('ref_axis',(-1.,0.,0.));
#5153=DIRECTION('center_axis',(0.,0.,-1.));
#5154=DIRECTION('ref_axis',(-1.,0.,0.));
#5155=DIRECTION('',(0.,0.,-1.));
#5156=DIRECTION('center_axis',(0.,0.,-1.));
#5157=DIRECTION('ref_axis',(-1.,0.,0.));
#5158=DIRECTION('center_axis',(0.,0.,1.));
#5159=DIRECTION('ref_axis',(-1.,0.,0.));
#5160=DIRECTION('',(-0.707106781186547,-8.65956056235493E-17,-0.707106781186547));
#5161=DIRECTION('center_axis',(0.,0.,-1.));
#5162=DIRECTION('ref_axis',(-1.,0.,0.));
#5163=DIRECTION('center_axis',(0.,0.,-1.));
#5164=DIRECTION('ref_axis',(-1.,0.,0.));
#5165=DIRECTION('',(0.,0.,-1.));
#5166=DIRECTION('center_axis',(0.,0.,-1.));
#5167=DIRECTION('ref_axis',(-1.,0.,0.));
#5168=DIRECTION('center_axis',(0.,0.,1.));
#5169=DIRECTION('ref_axis',(-1.,0.,0.));
#5170=DIRECTION('',(-0.70710678118654,-8.65956056235484E-17,-0.707106781186555));
#5171=DIRECTION('center_axis',(0.,0.,-1.));
#5172=DIRECTION('ref_axis',(-1.,0.,0.));
#5173=DIRECTION('center_axis',(0.,0.,-1.));
#5174=DIRECTION('ref_axis',(-1.,0.,0.));
#5175=DIRECTION('',(0.,0.,-1.));
#5176=DIRECTION('center_axis',(0.,0.,-1.));
#5177=DIRECTION('ref_axis',(-1.,0.,0.));
#5178=DIRECTION('center_axis',(-1.,0.,0.));
#5179=DIRECTION('ref_axis',(0.,0.,1.));
#5180=DIRECTION('',(0.,0.,1.));
#5181=DIRECTION('',(0.,0.,-1.));
#5182=DIRECTION('center_axis',(-1.,2.22044604925031E-16,0.));
#5183=DIRECTION('ref_axis',(0.,0.,1.));
#5184=DIRECTION('',(0.,0.,1.));
#5185=DIRECTION('',(0.,0.,1.));
#5186=DIRECTION('center_axis',(-1.,0.,0.));
#5187=DIRECTION('ref_axis',(0.,0.,1.));
#5188=DIRECTION('',(0.,0.,-1.));
#5189=DIRECTION('',(0.,0.,-1.));
#5190=DIRECTION('center_axis',(0.,-1.,0.));
#5191=DIRECTION('ref_axis',(-1.,0.,0.));
#5192=DIRECTION('',(0.,0.,-1.));
#5193=DIRECTION('center_axis',(1.,0.,0.));
#5194=DIRECTION('ref_axis',(0.,-1.,0.));
#5195=DIRECTION('',(0.,0.,-1.));
#5196=DIRECTION('center_axis',(0.,1.,0.));
#5197=DIRECTION('ref_axis',(1.,0.,0.));
#5198=DIRECTION('center_axis',(0.,1.,0.));
#5199=DIRECTION('ref_axis',(-1.,0.,0.));
#5200=DIRECTION('center_axis',(0.,-1.,0.));
#5201=DIRECTION('ref_axis',(1.,0.,0.));
#5202=DIRECTION('center_axis',(0.,0.,-1.));
#5203=DIRECTION('ref_axis',(1.,0.,0.));
#5204=DIRECTION('center_axis',(0.,0.,-1.));
#5205=DIRECTION('ref_axis',(1.,0.,0.));
#5206=DIRECTION('center_axis',(0.,0.,-1.));
#5207=DIRECTION('ref_axis',(1.,0.,0.));
#5208=DIRECTION('center_axis',(0.,0.,-1.));
#5209=DIRECTION('ref_axis',(1.,0.,0.));
#5210=DIRECTION('center_axis',(0.,0.,1.));
#5211=DIRECTION('ref_axis',(-1.,0.,0.));
#5212=DIRECTION('center_axis',(0.,0.,1.));
#5213=DIRECTION('ref_axis',(-1.,0.,0.));
#5214=DIRECTION('center_axis',(0.,0.,1.));
#5215=DIRECTION('ref_axis',(-1.,0.,0.));
#5216=DIRECTION('center_axis',(0.,0.,1.));
#5217=DIRECTION('ref_axis',(-1.,0.,0.));
#5218=CARTESIAN_POINT('',(0.,0.,0.));
#5219=CARTESIAN_POINT('Origin',(24.,25.,5.));
#5220=CARTESIAN_POINT('',(34.,25.,5.));
#5221=CARTESIAN_POINT('Origin',(24.,25.,5.));
#5222=CARTESIAN_POINT('',(34.,25.,0.));
#5223=CARTESIAN_POINT('',(34.,25.,5.));
#5224=CARTESIAN_POINT('Origin',(24.,25.,0.));
#5225=CARTESIAN_POINT('Origin',(5.,5.,0.2));
#5226=CARTESIAN_POINT('',(2.05,5.,0.));
#5227=CARTESIAN_POINT('Origin',(5.,5.,0.));
#5228=CARTESIAN_POINT('',(2.45,5.,0.4));
#5229=CARTESIAN_POINT('',(2.25,5.,0.2));
#5230=CARTESIAN_POINT('Origin',(5.,5.,0.4));
#5231=CARTESIAN_POINT('Origin',(45.,45.,0.));
#5232=CARTESIAN_POINT('',(75.,75.,0.));
#5233=CARTESIAN_POINT('',(-27.,75.,0.));
#5234=CARTESIAN_POINT('',(-25.,75.,0.));
#5235=CARTESIAN_POINT('',(75.,-25.,0.));
#5236=CARTESIAN_POINT('',(75.,-25.,0.));
#5237=CARTESIAN_POINT('',(-27.,-25.,0.));
#5238=CARTESIAN_POINT('',(-25.,-25.,0.));
#5239=CARTESIAN_POINT('',(-27.,4.44089209850063E-16,0.));
#5240=CARTESIAN_POINT('',(-27.,75.,0.));
#5241=CARTESIAN_POINT('',(-91.,0.,0.));
#5242=CARTESIAN_POINT('',(0.,0.,0.));
#5243=CARTESIAN_POINT('',(-91.,50.,0.));
#5244=CARTESIAN_POINT('',(-91.,50.,0.));
#5245=CARTESIAN_POINT('',(-27.,50.,0.));
#5246=CARTESIAN_POINT('',(50.,50.,0.));
#5247=CARTESIAN_POINT('',(-27.,75.,0.));
#5248=CARTESIAN_POINT('',(2.05,45.,0.));
#5249=CARTESIAN_POINT('Origin',(5.,45.,0.));
#5250=CARTESIAN_POINT('',(42.05,5.,0.));
#5251=CARTESIAN_POINT('Origin',(45.,5.,0.));
#5252=CARTESIAN_POINT('',(42.05,45.,0.));
#5253=CARTESIAN_POINT('Origin',(45.,45.,0.));
#5254=CARTESIAN_POINT('Origin',(5.,5.,0.));
#5255=CARTESIAN_POINT('',(2.45,5.,3.5));
#5256=CARTESIAN_POINT('',(2.45,5.,0.));
#5257=CARTESIAN_POINT('Origin',(5.,5.,3.5));
#5258=CARTESIAN_POINT('Origin',(5.,45.,0.2));
#5259=CARTESIAN_POINT('',(2.45,45.,0.4));
#5260=CARTESIAN_POINT('',(2.25,45.,0.2));
#5261=CARTESIAN_POINT('Origin',(5.,45.,0.4));
#5262=CARTESIAN_POINT('Origin',(5.,45.,0.));
#5263=CARTESIAN_POINT('',(2.45,45.,3.5));
#5264=CARTESIAN_POINT('',(2.45,45.,0.));
#5265=CARTESIAN_POINT('Origin',(5.,45.,3.5));
#5266=CARTESIAN_POINT('Origin',(45.,45.,0.2));
#5267=CARTESIAN_POINT('',(42.45,45.,0.4));
#5268=CARTESIAN_POINT('',(42.25,45.,0.2));
#5269=CARTESIAN_POINT('Origin',(45.,45.,0.4));
#5270=CARTESIAN_POINT('Origin',(45.,45.,0.));
#5271=CARTESIAN_POINT('',(42.45,45.,3.5));
#5272=CARTESIAN_POINT('',(42.45,45.,0.));
#5273=CARTESIAN_POINT('Origin',(45.,45.,3.5));
#5274=CARTESIAN_POINT('Origin',(45.,5.,0.2));
#5275=CARTESIAN_POINT('',(42.45,5.,0.4));
#5276=CARTESIAN_POINT('',(42.25,5.,0.2));
#5277=CARTESIAN_POINT('Origin',(45.,5.,0.4));
#5278=CARTESIAN_POINT('Origin',(45.,5.,0.));
#5279=CARTESIAN_POINT('',(42.45,5.,3.5));
#5280=CARTESIAN_POINT('',(42.45,5.,0.));
#5281=CARTESIAN_POINT('Origin',(45.,5.,3.5));
#5282=CARTESIAN_POINT('Origin',(36.298825353947,16.0142237817805,5.4));
#5283=CARTESIAN_POINT('',(41.8806018713026,3.58386424915161,5.4));
#5284=CARTESIAN_POINT('',(41.4999997578241,4.50271971497174,5.4));
#5285=CARTESIAN_POINT('',(36.6683772070966,16.1672970578077,5.4));
#5286=CARTESIAN_POINT('',(41.0999997369574,4.42315487292405,5.));
#5287=CARTESIAN_POINT('Origin',(41.0999997369574,4.42315487292405,5.4));
#5288=CARTESIAN_POINT('',(41.5414981858701,3.35728253914486,5.));
#5289=CARTESIAN_POINT('',(36.298825353947,16.0142237817805,5.));
#5290=CARTESIAN_POINT('Origin',(41.5414981858701,3.35728253914486,5.4));
#5291=CARTESIAN_POINT('Origin',(41.1000025760535,15.2486387394202,5.4));
#5292=CARTESIAN_POINT('',(41.5000000186584,5.49728159633042,5.4));
#5293=CARTESIAN_POINT('',(41.5000025760535,15.248638634516,5.4));
#5294=CARTESIAN_POINT('',(41.1000000395251,5.57684664818646,5.));
#5295=CARTESIAN_POINT('Origin',(41.1000000395251,5.57684664818646,5.4));
#5296=CARTESIAN_POINT('',(41.1000025760535,15.2486387394202,5.));
#5297=CARTESIAN_POINT('Origin',(43.5601914016678,11.5162695949321,5.4));
#5298=CARTESIAN_POINT('',(41.8806026140956,6.41613686251669,5.4));
#5299=CARTESIAN_POINT('',(43.9297431745273,11.3631961250672,5.4));
#5300=CARTESIAN_POINT('',(41.54149904751,6.64271875039036,5.));
#5301=CARTESIAN_POINT('Origin',(41.54149904751,6.64271875039036,5.4));
#5302=CARTESIAN_POINT('',(43.5601914016678,11.5162695949321,5.));
#5303=CARTESIAN_POINT('Origin',(42.3752037106167,7.47642297620162,5.4));
#5304=CARTESIAN_POINT('',(42.5838642491516,7.11939812869741,5.4));
#5305=CARTESIAN_POINT('',(42.6580463489128,7.19358018954856,5.4));
#5306=CARTESIAN_POINT('',(42.3572825391449,7.45850181412986,5.));
#5307=CARTESIAN_POINT('Origin',(42.3572825391449,7.45850181412986,5.4));
#5308=CARTESIAN_POINT('',(42.3752037106167,7.47642297620162,5.));
#5309=CARTESIAN_POINT('Origin',(38.5467056515866,5.88011035766486,5.4));
#5310=CARTESIAN_POINT('',(43.5027197149718,7.50000024217582,5.4));
#5311=CARTESIAN_POINT('',(38.6997789276138,5.51055850451527,5.4));
#5312=CARTESIAN_POINT('',(43.4231548729241,7.90000026304254,5.));
#5313=CARTESIAN_POINT('Origin',(43.4231548729241,7.90000026304254,5.4));
#5314=CARTESIAN_POINT('',(38.5467056515866,5.88011035766486,5.));
#5315=CARTESIAN_POINT('Origin',(33.695205306544,12.407326728526,5.4));
#5316=CARTESIAN_POINT('',(44.4972815963304,7.4999999813416,5.4));
#5317=CARTESIAN_POINT('',(45.4161368625167,7.11939738590438,5.4));
#5318=CARTESIAN_POINT('',(33.5421318366792,12.0377749556665,5.4));
#5319=CARTESIAN_POINT('',(45.6427187503904,7.45850095248996,5.));
#5320=CARTESIAN_POINT('Origin',(45.6427187503904,7.45850095248996,5.4));
#5321=CARTESIAN_POINT('',(44.5768466481865,7.89999996047485,5.));
#5322=CARTESIAN_POINT('',(33.695205306544,12.407326728526,5.));
#5323=CARTESIAN_POINT('Origin',(44.5768466481865,7.89999996047485,5.4));
#5324=CARTESIAN_POINT('Origin',(36.4764280902801,16.6247964205122,5.4));
#5325=CARTESIAN_POINT('',(46.4585018141299,6.6427174608551,5.));
#5326=CARTESIAN_POINT('',(36.4764280902801,16.6247964205122,5.));
#5327=CARTESIAN_POINT('',(46.1193981286974,6.41613575084836,5.4));
#5328=CARTESIAN_POINT('',(36.193585303627,16.341953782216,5.4));
#5329=CARTESIAN_POINT('Origin',(46.4585018141299,6.64271746085511,5.4));
#5330=CARTESIAN_POINT('Origin',(41.8476284878586,17.7743586368014,5.4));
#5331=CARTESIAN_POINT('',(46.9000002630425,5.57684512707592,5.));
#5332=CARTESIAN_POINT('',(41.8476284878586,17.7743586368014,5.));
#5333=CARTESIAN_POINT('',(46.5000002421758,5.49728028502822,5.4));
#5334=CARTESIAN_POINT('',(41.4780766347091,17.6212853607742,5.4));
#5335=CARTESIAN_POINT('Origin',(46.9000002630425,5.57684512707592,5.4));
#5336=CARTESIAN_POINT('Origin',(34.7486386082914,7.90000253802485,5.4));
#5337=CARTESIAN_POINT('',(34.7486385033872,7.50000253802486,5.4));
#5338=CARTESIAN_POINT('',(34.7486386082914,7.90000253802485,5.));
#5339=CARTESIAN_POINT('Origin',(46.9000026691538,14.7513562776303,5.4));
#5340=CARTESIAN_POINT('',(46.8999999604749,4.42315335181351,5.));
#5341=CARTESIAN_POINT('',(46.9000026691538,14.7513562776303,5.));
#5342=CARTESIAN_POINT('',(46.4999999813416,4.50271840366955,5.4));
#5343=CARTESIAN_POINT('',(46.5000026691538,14.7513563825345,5.4));
#5344=CARTESIAN_POINT('Origin',(46.8999999604749,4.42315335181351,5.4));
#5345=CARTESIAN_POINT('Origin',(48.7283910169141,8.83727656326212,5.4));
#5346=CARTESIAN_POINT('',(46.45850095249,3.35728124960962,5.));
#5347=CARTESIAN_POINT('',(48.7283910169141,8.83727656326212,5.));
#5348=CARTESIAN_POINT('',(46.1193973859044,3.58386313748328,5.4));
#5349=CARTESIAN_POINT('',(48.3588392440546,8.99035003312697,5.4));
#5350=CARTESIAN_POINT('Origin',(46.45850095249,3.35728124960962,5.4));
#5351=CARTESIAN_POINT('Origin',(46.1247913064338,3.0235717785911,5.4));
#5352=CARTESIAN_POINT('',(45.6427174608551,2.5414981858701,5.));
#5353=CARTESIAN_POINT('',(46.1247913064338,3.0235717785911,5.));
#5354=CARTESIAN_POINT('',(45.4161357508484,2.88060187130256,5.4));
#5355=CARTESIAN_POINT('',(45.8419486681377,3.30641456524416,5.4));
#5356=CARTESIAN_POINT('Origin',(45.6427174608551,2.5414981858701,5.4));
#5357=CARTESIAN_POINT('Origin',(40.3068405066076,0.331307223753203,5.4));
#5358=CARTESIAN_POINT('',(44.5768451270759,2.09999973695742,5.));
#5359=CARTESIAN_POINT('',(40.3068405066076,0.331307223753203,5.));
#5360=CARTESIAN_POINT('',(44.4972802850282,2.49999975782414,5.4));
#5361=CARTESIAN_POINT('',(40.1537672305804,0.700859076902792,5.4));
#5362=CARTESIAN_POINT('Origin',(44.5768451270759,2.09999973695742,5.4));
#5363=CARTESIAN_POINT('Origin',(34.2513561465014,2.10000244492457,5.4));
#5364=CARTESIAN_POINT('',(43.4231533518135,2.10000003952512,5.));
#5365=CARTESIAN_POINT('',(34.2513561465014,2.10000244492457,5.));
#5366=CARTESIAN_POINT('',(43.5027184036696,2.50000001865836,5.4));
#5367=CARTESIAN_POINT('',(34.2513562514056,2.50000244492456,5.4));
#5368=CARTESIAN_POINT('Origin',(43.4231533518135,2.10000003952512,5.4));
#5369=CARTESIAN_POINT('Origin',(31.0162122748741,7.23912711327973,5.4));
#5370=CARTESIAN_POINT('',(42.3572812496096,2.54149904751,5.));
#5371=CARTESIAN_POINT('',(31.0162122748741,7.23912711327973,5.));
#5372=CARTESIAN_POINT('',(42.5838631374833,2.88060261409559,5.4));
#5373=CARTESIAN_POINT('',(31.1692857447389,7.60867888613914,5.4));
#5374=CARTESIAN_POINT('Origin',(42.3572812496096,2.54149904751,5.4));
#5375=CARTESIAN_POINT('Origin',(32.0235768926694,12.8752088246951,5.4));
#5376=CARTESIAN_POINT('',(32.0235768926694,12.8752088246951,5.));
#5377=CARTESIAN_POINT('',(32.3064196793225,13.1580514629912,5.4));
#5378=CARTESIAN_POINT('Origin',(43.5027184036696,2.50000001865836,5.));
#5379=CARTESIAN_POINT('',(44.4972802850282,2.49999975782414,7.6));
#5380=CARTESIAN_POINT('',(44.4972802850282,2.49999975782414,5.));
#5381=CARTESIAN_POINT('',(43.5027184036696,2.50000001865836,7.6));
#5382=CARTESIAN_POINT('',(43.7513588740092,2.49999995344981,7.6));
#5383=CARTESIAN_POINT('',(43.5027184036696,2.50000001865836,5.));
#5384=CARTESIAN_POINT('Origin',(44.4972802850282,2.49999975782414,5.));
#5385=CARTESIAN_POINT('',(45.4161357508484,2.88060187130256,7.6));
#5386=CARTESIAN_POINT('',(45.4161357508484,2.88060187130256,5.));
#5387=CARTESIAN_POINT('',(44.7269941514833,2.59515028619374,7.6));
#5388=CARTESIAN_POINT('Origin',(45.4161357508484,2.88060187130256,5.));
#5389=CARTESIAN_POINT('',(46.1193973859044,3.58386313748328,7.6));
#5390=CARTESIAN_POINT('',(46.1193973859044,3.58386313748328,5.));
#5391=CARTESIAN_POINT('',(45.5919511596124,3.05641718784775,7.6));
#5392=CARTESIAN_POINT('Origin',(46.1193973859044,3.58386313748328,5.));
#5393=CARTESIAN_POINT('',(46.4999999813416,4.50271840366955,7.6));
#5394=CARTESIAN_POINT('',(46.4999999813416,4.50271840366955,5.));
#5395=CARTESIAN_POINT('',(46.2145480347637,3.81357695402985,7.6));
#5396=CARTESIAN_POINT('Origin',(46.4999999813416,4.50271840366955,5.));
#5397=CARTESIAN_POINT('',(46.5000002421758,5.49728028502822,7.6));
#5398=CARTESIAN_POINT('',(46.5000002421758,5.49728028502822,5.));
#5399=CARTESIAN_POINT('',(46.5000000465502,4.75135887400921,7.6));
#5400=CARTESIAN_POINT('Origin',(46.5000002421758,5.49728028502822,5.));
#5401=CARTESIAN_POINT('',(46.1193981286974,6.41613575084836,7.6));
#5402=CARTESIAN_POINT('',(46.1193981286974,6.41613575084836,5.));
#5403=CARTESIAN_POINT('',(46.4048497138062,5.72699415148326,7.6));
#5404=CARTESIAN_POINT('Origin',(46.1193981286974,6.41613575084836,5.));
#5405=CARTESIAN_POINT('',(45.4161368625167,7.11939738590438,7.6));
#5406=CARTESIAN_POINT('',(45.4161368625167,7.11939738590438,5.));
#5407=CARTESIAN_POINT('',(45.9435828121522,6.59195115961237,7.6));
#5408=CARTESIAN_POINT('Origin',(45.4161368625167,7.11939738590438,5.));
#5409=CARTESIAN_POINT('',(44.4972815963304,7.4999999813416,7.6));
#5410=CARTESIAN_POINT('',(44.4972815963304,7.4999999813416,5.));
#5411=CARTESIAN_POINT('',(45.1864230459701,7.21454803476369,7.6));
#5412=CARTESIAN_POINT('Origin',(25.,25.,5.));
#5413=CARTESIAN_POINT('',(-27.,50.,5.));
#5414=CARTESIAN_POINT('',(-91.,50.,5.));
#5415=CARTESIAN_POINT('',(50.,50.,5.));
#5416=CARTESIAN_POINT('',(-91.,0.,5.));
#5417=CARTESIAN_POINT('',(-91.,50.,5.));
#5418=CARTESIAN_POINT('',(-27.,4.44089209850063E-16,5.));
#5419=CARTESIAN_POINT('',(0.,0.,5.));
#5420=CARTESIAN_POINT('',(-27.,-25.,5.));
#5421=CARTESIAN_POINT('',(-27.,75.,5.));
#5422=CARTESIAN_POINT('',(75.,-25.,5.));
#5423=CARTESIAN_POINT('',(-25.,-25.,5.));
#5424=CARTESIAN_POINT('',(75.,75.,5.));
#5425=CARTESIAN_POINT('',(75.,-25.,5.));
#5426=CARTESIAN_POINT('',(-27.,75.,5.));
#5427=CARTESIAN_POINT('',(75.,75.,5.));
#5428=CARTESIAN_POINT('',(-27.,75.,5.));
#5429=CARTESIAN_POINT('',(44.576845865401,42.1,5.));
#5430=CARTESIAN_POINT('',(45.6427180423165,42.5414987114345,5.));
#5431=CARTESIAN_POINT('',(33.2357770060581,37.402375466653,5.));
#5432=CARTESIAN_POINT('',(43.423154134599,42.1,5.));
#5433=CARTESIAN_POINT('',(34.2513595407754,42.1,5.));
#5434=CARTESIAN_POINT('',(42.3572819576835,42.5414987114345,5.));
#5435=CARTESIAN_POINT('',(38.087280910206,44.310191056647,5.));
#5436=CARTESIAN_POINT('',(41.5414987114345,43.3572819576835,5.));
#5437=CARTESIAN_POINT('',(42.023574979764,42.875205689354,5.));
#5438=CARTESIAN_POINT('',(41.1,44.423154134599,5.));
#5439=CARTESIAN_POINT('',(43.3698898879252,38.9431551820764,5.));
#5440=CARTESIAN_POINT('',(41.1,45.576845865401,5.));
#5441=CARTESIAN_POINT('',(41.1,35.2486404592246,5.));
#5442=CARTESIAN_POINT('',(41.5414987114345,46.6427180423165,5.));
#5443=CARTESIAN_POINT('',(36.4891232447816,34.4452046685217,5.));
#5444=CARTESIAN_POINT('',(42.3572819576835,47.4585012885655,5.));
#5445=CARTESIAN_POINT('',(32.375205689354,37.476425020236,5.));
#5446=CARTESIAN_POINT('',(43.423154134599,47.9,5.));
#5447=CARTESIAN_POINT('',(31.4756407608042,42.9511779239402,5.));
#5448=CARTESIAN_POINT('',(44.576845865401,47.9,5.));
#5449=CARTESIAN_POINT('',(34.7486404592246,47.9,5.));
#5450=CARTESIAN_POINT('',(45.6427180423165,47.4585012885655,5.));
#5451=CARTESIAN_POINT('',(40.7662724803871,49.4783911764907,5.));
#5452=CARTESIAN_POINT('',(46.4585012885655,46.6427180423165,5.));
#5453=CARTESIAN_POINT('',(46.476425020236,46.624794310646,5.));
#5454=CARTESIAN_POINT('',(46.9,45.576845865401,5.));
#5455=CARTESIAN_POINT('',(48.9186923452125,40.7032914273304,5.));
#5456=CARTESIAN_POINT('',(46.9,44.423154134599,5.));
#5457=CARTESIAN_POINT('',(46.9,34.7513595407754,5.));
#5458=CARTESIAN_POINT('',(46.4585012885655,43.3572819576835,5.));
#5459=CARTESIAN_POINT('',(41.6573233646253,31.7662130983406,5.));
#5460=CARTESIAN_POINT('',(36.124794310646,33.023574979764,5.));
#5461=CARTESIAN_POINT('',(6.45850141963415,3.35728197608714,5.));
#5462=CARTESIAN_POINT('',(6.9000001140489,4.42315420175956,5.));
#5463=CARTESIAN_POINT('',(11.6573230583383,15.9083487425814,5.));
#5464=CARTESIAN_POINT('',(5.64271817045097,2.54149867827947,5.));
#5465=CARTESIAN_POINT('',(16.1247941257512,13.0235752583602,5.));
#5466=CARTESIAN_POINT('',(4.57684597109393,2.09999992033378,5.));
#5467=CARTESIAN_POINT('',(17.377912730102,7.40237583171523,5.));
#5468=CARTESIAN_POINT('',(3.42315420175958,2.09999988595108,5.));
#5469=CARTESIAN_POINT('',(14.2513599155924,2.10000020865683,5.));
#5470=CARTESIAN_POINT('',(2.35728197608715,2.54149858036583,5.));
#5471=CARTESIAN_POINT('',(8.08728137325798,0.168055317734372,5.));
#5472=CARTESIAN_POINT('',(1.54149867827948,3.35728182954901,5.));
#5473=CARTESIAN_POINT('',(2.02357527326142,2.87520526330108,5.));
#5474=CARTESIAN_POINT('',(1.09999992033379,4.42315402890604,5.));
#5475=CARTESIAN_POINT('',(-0.77224579221207,8.9431546392215,5.));
#5476=CARTESIAN_POINT('',(1.09999988595109,5.57684579824039,5.));
#5477=CARTESIAN_POINT('',(1.0999995977091,15.2486400695064,5.));
#5478=CARTESIAN_POINT('',(1.54149858036584,6.64271802391283,5.));
#5479=CARTESIAN_POINT('',(6.48912268705785,18.5873402506693,5.));
#5480=CARTESIAN_POINT('',(2.35728182954902,7.45850132172048,5.));
#5481=CARTESIAN_POINT('',(12.3752052483999,17.4764253376863,5.));
#5482=CARTESIAN_POINT('',(3.42315402890606,7.90000007966618,5.));
#5483=CARTESIAN_POINT('',(15.6177762631488,12.9511784228886,5.));
#5484=CARTESIAN_POINT('',(4.57684579824042,7.90000011404888,5.));
#5485=CARTESIAN_POINT('',(14.7486406804542,7.90000041719206,5.));
#5486=CARTESIAN_POINT('',(5.64271802391284,7.45850141963413,5.));
#5487=CARTESIAN_POINT('',(10.7662728813458,5.33625568901482,5.));
#5488=CARTESIAN_POINT('',(6.4585013217205,6.64271817045096,5.));
#5489=CARTESIAN_POINT('',(6.47642535258749,6.62479414065232,5.));
#5490=CARTESIAN_POINT('',(6.9000000796662,5.57684597109391,5.));
#5491=CARTESIAN_POINT('',(4.77655679896128,10.7032911061746,5.));
#5492=CARTESIAN_POINT('',(6.89999980624434,14.7513593046446,5.));
#5493=CARTESIAN_POINT('',(-43.05,5.,5.));
#5494=CARTESIAN_POINT('Origin',(-46.,5.,5.));
#5495=CARTESIAN_POINT('',(-83.05,45.,5.));
#5496=CARTESIAN_POINT('Origin',(-86.,45.,5.));
#5497=CARTESIAN_POINT('',(-43.05,45.,5.));
#5498=CARTESIAN_POINT('Origin',(-46.,45.,5.));
#5499=CARTESIAN_POINT('',(-83.05,5.,5.));
#5500=CARTESIAN_POINT('Origin',(-86.,5.,5.));
#5501=CARTESIAN_POINT('',(6.45850128856545,43.3572819576835,5.));
#5502=CARTESIAN_POINT('',(6.89999999999999,44.423154134599,5.));
#5503=CARTESIAN_POINT('',(4.58625555275973,38.837280910206,5.));
#5504=CARTESIAN_POINT('',(5.6427180423165,42.5414987114345,5.));
#5505=CARTESIAN_POINT('',(6.12479431064595,43.0235749797639,5.));
#5506=CARTESIAN_POINT('',(4.57684586540102,42.1,5.));
#5507=CARTESIAN_POINT('',(10.3068448179236,44.4734432785185,5.));
#5508=CARTESIAN_POINT('',(3.42315413459898,42.1,5.));
#5509=CARTESIAN_POINT('',(14.2513595407754,42.1,5.));
#5510=CARTESIAN_POINT('',(2.35728195768349,42.5414987114345,5.));
#5511=CARTESIAN_POINT('',(15.1583487220716,37.2391232447816,5.));
#5512=CARTESIAN_POINT('',(1.54149871143453,43.3572819576835,5.));
#5513=CARTESIAN_POINT('',(12.023574979764,32.875205689354,5.));
#5514=CARTESIAN_POINT('',(1.09999999999999,44.423154134599,5.));
#5515=CARTESIAN_POINT('',(6.29882207605973,31.8720873702109,5.));
#5516=CARTESIAN_POINT('',(1.09999999999999,45.576845865401,5.));
#5517=CARTESIAN_POINT('',(1.10000000000002,35.2486404592245,5.));
#5518=CARTESIAN_POINT('',(1.54149871143452,46.6427180423165,5.));
#5519=CARTESIAN_POINT('',(-0.581944567083961,41.5162724803871,5.));
#5520=CARTESIAN_POINT('',(2.35728195768347,47.4585012885654,5.));
#5521=CARTESIAN_POINT('',(2.37520568935402,47.476425020236,5.));
#5522=CARTESIAN_POINT('',(3.42315413459897,47.9,5.));
#5523=CARTESIAN_POINT('',(8.54670857266961,50.0222457358057,5.));
#5524=CARTESIAN_POINT('',(4.576845865401,47.9,5.));
#5525=CARTESIAN_POINT('',(14.7486404592246,47.9,5.));
#5526=CARTESIAN_POINT('',(5.64271804231649,47.4585012885655,5.));
#5527=CARTESIAN_POINT('',(17.8373402922526,42.4073233646253,5.));
#5528=CARTESIAN_POINT('',(6.45850128856545,46.6427180423165,5.));
#5529=CARTESIAN_POINT('',(16.476425020236,36.624794310646,5.));
#5530=CARTESIAN_POINT('',(6.89999999999999,45.576845865401,5.));
#5531=CARTESIAN_POINT('',(11.847624533347,33.6322236154648,5.));
#5532=CARTESIAN_POINT('',(6.90000000000004,34.7513595407754,5.));
#5533=CARTESIAN_POINT('Origin',(41.6573233646253,31.7662130983406,5.4));
#5534=CARTESIAN_POINT('',(46.5,44.5027190815508,5.4));
#5535=CARTESIAN_POINT('Origin',(46.9,44.423154134599,5.4));
#5536=CARTESIAN_POINT('',(46.1193976625564,43.5838637566237,5.4));
#5537=CARTESIAN_POINT('',(41.2877715516208,31.9192864712866,5.4));
#5538=CARTESIAN_POINT('Origin',(46.4585012885655,43.3572819576835,5.4));
#5539=CARTESIAN_POINT('Origin',(33.2357770060581,37.402375466653,5.4));
#5540=CARTESIAN_POINT('',(45.4161362433763,42.8806023374435,5.4));
#5541=CARTESIAN_POINT('',(44.4972809184491,42.5,5.4));
#5542=CARTESIAN_POINT('',(33.0827036331121,37.7719272796575,5.4));
#5543=CARTESIAN_POINT('Origin',(44.576845865401,42.1,5.4));
#5544=CARTESIAN_POINT('Origin',(45.6427180423165,42.5414987114345,5.4));
#5545=CARTESIAN_POINT('Origin',(34.2513595407754,42.1,5.4));
#5546=CARTESIAN_POINT('',(43.5027190815509,42.5,5.4));
#5547=CARTESIAN_POINT('',(34.2513595407754,42.5,5.4));
#5548=CARTESIAN_POINT('Origin',(43.423154134599,42.1,5.4));
#5549=CARTESIAN_POINT('Origin',(38.087280910206,44.310191056647,5.4));
#5550=CARTESIAN_POINT('',(42.5838637566237,42.8806023374435,5.4));
#5551=CARTESIAN_POINT('',(38.240354283152,44.6797428696515,5.4));
#5552=CARTESIAN_POINT('Origin',(42.3572819576835,42.5414987114345,5.4));
#5553=CARTESIAN_POINT('Origin',(42.023574979764,42.875205689354,5.4));
#5554=CARTESIAN_POINT('',(41.8806023374436,43.5838637566237,5.4));
#5555=CARTESIAN_POINT('',(42.3064176922386,43.1580484018286,5.4));
#5556=CARTESIAN_POINT('Origin',(41.5414987114345,43.3572819576835,5.4));
#5557=CARTESIAN_POINT('Origin',(43.3698898879252,38.9431551820764,5.4));
#5558=CARTESIAN_POINT('',(41.5,44.5027190815508,5.4));
#5559=CARTESIAN_POINT('',(43.7394417009297,39.0962285550224,5.4));
#5560=CARTESIAN_POINT('Origin',(41.1,44.423154134599,5.4));
#5561=CARTESIAN_POINT('Origin',(41.1,35.2486404592246,5.4));
#5562=CARTESIAN_POINT('',(41.5,45.4972809184491,5.4));
#5563=CARTESIAN_POINT('',(41.5,35.2486404592246,5.4));
#5564=CARTESIAN_POINT('Origin',(41.1,45.576845865401,5.4));
#5565=CARTESIAN_POINT('Origin',(36.4891232447816,34.4452046685217,5.4));
#5566=CARTESIAN_POINT('',(41.8806023374436,46.4161362433763,5.4));
#5567=CARTESIAN_POINT('',(36.8586750577861,34.2921312955757,5.4));
#5568=CARTESIAN_POINT('Origin',(41.5414987114345,46.6427180423165,5.4));
#5569=CARTESIAN_POINT('Origin',(32.375205689354,37.476425020236,5.4));
#5570=CARTESIAN_POINT('',(42.5838637566237,47.1193976625564,5.4));
#5571=CARTESIAN_POINT('',(32.6580484018287,37.1935823077614,5.4));
#5572=CARTESIAN_POINT('Origin',(42.3572819576835,47.4585012885655,5.4));
#5573=CARTESIAN_POINT('Origin',(31.4756407608042,42.9511779239402,5.4));
#5574=CARTESIAN_POINT('',(43.5027190815509,47.5,5.4));
#5575=CARTESIAN_POINT('',(31.6287141337502,42.5816261109357,5.4));
#5576=CARTESIAN_POINT('Origin',(43.423154134599,47.9,5.4));
#5577=CARTESIAN_POINT('Origin',(34.7486404592246,47.9,5.4));
#5578=CARTESIAN_POINT('',(44.4972809184491,47.5,5.4));
#5579=CARTESIAN_POINT('',(34.7486404592246,47.5,5.4));
#5580=CARTESIAN_POINT('Origin',(44.576845865401,47.9,5.4));
#5581=CARTESIAN_POINT('Origin',(40.7662724803871,49.4783911764907,5.4));
#5582=CARTESIAN_POINT('',(45.4161362433763,47.1193976625564,5.4));
#5583=CARTESIAN_POINT('',(40.613199107441,49.1088393634862,5.4));
#5584=CARTESIAN_POINT('Origin',(45.6427180423165,47.4585012885655,5.4));
#5585=CARTESIAN_POINT('Origin',(46.476425020236,46.624794310646,5.4));
#5586=CARTESIAN_POINT('',(46.1193976625564,46.4161362433763,5.4));
#5587=CARTESIAN_POINT('',(46.1935823077614,46.3419515981713,5.4));
#5588=CARTESIAN_POINT('Origin',(46.4585012885655,46.6427180423165,5.4));
#5589=CARTESIAN_POINT('Origin',(48.9186923452125,40.7032914273304,5.4));
#5590=CARTESIAN_POINT('',(46.5,45.4972809184491,5.4));
#5591=CARTESIAN_POINT('',(48.5491405322079,40.5502180543843,5.4));
#5592=CARTESIAN_POINT('Origin',(46.9,45.576845865401,5.4));
#5593=CARTESIAN_POINT('Origin',(46.9,34.7513595407754,5.4));
#5594=CARTESIAN_POINT('',(46.5,34.7513595407754,5.4));
#5595=CARTESIAN_POINT('Origin',(36.124794310646,33.023574979764,5.4));
#5596=CARTESIAN_POINT('',(35.8419515981713,33.3064176922386,5.4));
#5597=CARTESIAN_POINT('Origin',(42.5838637566237,47.1193976625564,5.));
#5598=CARTESIAN_POINT('',(41.8806023374436,46.4161362433763,7.6));
#5599=CARTESIAN_POINT('',(41.8806023374436,46.4161362433763,5.));
#5600=CARTESIAN_POINT('',(42.5838637566237,47.1193976625564,7.6));
#5601=CARTESIAN_POINT('',(42.4080484018287,46.9435823077614,7.6));
#5602=CARTESIAN_POINT('',(42.5838637566237,47.1193976625564,5.));
#5603=CARTESIAN_POINT('Origin',(41.8806023374436,46.4161362433763,5.));
#5604=CARTESIAN_POINT('',(41.5,45.4972809184491,7.6));
#5605=CARTESIAN_POINT('',(41.5,45.4972809184491,5.));
#5606=CARTESIAN_POINT('',(41.7854517530827,46.1864224121445,7.6));
#5607=CARTESIAN_POINT('Origin',(41.5,45.4972809184491,5.));
#5608=CARTESIAN_POINT('',(41.5,44.5027190815508,7.6));
#5609=CARTESIAN_POINT('',(41.5,44.5027190815508,5.));
#5610=CARTESIAN_POINT('',(41.5,45.2486404592246,7.6));
#5611=CARTESIAN_POINT('Origin',(41.5,44.5027190815508,5.));
#5612=CARTESIAN_POINT('',(41.8806023374436,43.5838637566237,7.6));
#5613=CARTESIAN_POINT('',(41.8806023374436,43.5838637566237,5.));
#5614=CARTESIAN_POINT('',(41.5951505843609,44.273005250319,7.6));
#5615=CARTESIAN_POINT('Origin',(41.8806023374436,43.5838637566237,5.));
#5616=CARTESIAN_POINT('',(42.5838637566237,42.8806023374435,7.6));
#5617=CARTESIAN_POINT('',(42.5838637566237,42.8806023374435,5.));
#5618=CARTESIAN_POINT('',(42.0564176922386,43.4080484018286,7.6));
#5619=CARTESIAN_POINT('Origin',(42.5838637566237,42.8806023374435,5.));
#5620=CARTESIAN_POINT('',(43.5027190815509,42.5,7.6));
#5621=CARTESIAN_POINT('',(43.5027190815509,42.5,5.));
#5622=CARTESIAN_POINT('',(42.8135775878555,42.7854517530827,7.6));
#5623=CARTESIAN_POINT('Origin',(43.5027190815509,42.5,5.));
#5624=CARTESIAN_POINT('',(44.4972809184491,42.5,7.6));
#5625=CARTESIAN_POINT('',(44.4972809184491,42.5,5.));
#5626=CARTESIAN_POINT('',(43.7513595407754,42.5,7.6));
#5627=CARTESIAN_POINT('Origin',(44.4972809184491,42.5,5.));
#5628=CARTESIAN_POINT('',(45.4161362433763,42.8806023374435,7.6));
#5629=CARTESIAN_POINT('',(45.4161362433763,42.8806023374435,5.));
#5630=CARTESIAN_POINT('',(44.7269947496809,42.5951505843609,7.6));
#5631=CARTESIAN_POINT('Origin',(4.58625555275973,38.837280910206,5.4));
#5632=CARTESIAN_POINT('',(6.49999999999999,44.5027190815508,5.4));
#5633=CARTESIAN_POINT('',(6.11939766255643,43.5838637566237,5.4));
#5634=CARTESIAN_POINT('',(4.21670373975521,38.9903542831521,5.4));
#5635=CARTESIAN_POINT('Origin',(6.45850128856545,43.3572819576835,5.4));
#5636=CARTESIAN_POINT('Origin',(6.89999999999999,44.423154134599,5.4));
#5637=CARTESIAN_POINT('Origin',(6.12479431064595,43.0235749797639,5.4));
#5638=CARTESIAN_POINT('',(5.4161362433763,42.8806023374435,5.4));
#5639=CARTESIAN_POINT('',(5.84195159817132,43.3064176922386,5.4));
#5640=CARTESIAN_POINT('Origin',(5.6427180423165,42.5414987114345,5.4));
#5641=CARTESIAN_POINT('Origin',(10.3068448179236,44.4734432785185,5.4));
#5642=CARTESIAN_POINT('',(4.49728091844914,42.5,5.4));
#5643=CARTESIAN_POINT('',(10.1537714449775,44.842995091523,5.4));
#5644=CARTESIAN_POINT('Origin',(4.57684586540102,42.1,5.4));
#5645=CARTESIAN_POINT('Origin',(14.2513595407754,42.1,5.4));
#5646=CARTESIAN_POINT('',(3.50271908155085,42.5,5.4));
#5647=CARTESIAN_POINT('',(14.2513595407754,42.5,5.4));
#5648=CARTESIAN_POINT('Origin',(3.42315413459898,42.1,5.4));
#5649=CARTESIAN_POINT('Origin',(15.1583487220716,37.2391232447816,5.4));
#5650=CARTESIAN_POINT('',(2.58386375662369,42.8806023374435,5.4));
#5651=CARTESIAN_POINT('',(15.3114220950176,37.6086750577861,5.4));
#5652=CARTESIAN_POINT('Origin',(2.35728195768349,42.5414987114345,5.4));
#5653=CARTESIAN_POINT('Origin',(12.023574979764,32.875205689354,5.4));
#5654=CARTESIAN_POINT('',(1.88060233744356,43.5838637566237,5.4));
#5655=CARTESIAN_POINT('',(12.3064176922386,33.1580484018287,5.4));
#5656=CARTESIAN_POINT('Origin',(1.54149871143453,43.3572819576835,5.4));
#5657=CARTESIAN_POINT('Origin',(6.29882207605973,31.8720873702109,5.4));
#5658=CARTESIAN_POINT('',(1.49999999999999,44.5027190815508,5.4));
#5659=CARTESIAN_POINT('',(6.66837388906424,32.0251607431569,5.4));
#5660=CARTESIAN_POINT('Origin',(1.09999999999999,44.423154134599,5.4));
#5661=CARTESIAN_POINT('Origin',(1.10000000000002,35.2486404592245,5.4));
#5662=CARTESIAN_POINT('',(1.49999999999999,45.4972809184491,5.4));
#5663=CARTESIAN_POINT('',(1.50000000000002,35.2486404592245,5.4));
#5664=CARTESIAN_POINT('Origin',(1.09999999999999,45.576845865401,5.4));
#5665=CARTESIAN_POINT('Origin',(-0.581944567083961,41.5162724803871,5.4));
#5666=CARTESIAN_POINT('',(1.88060233744355,46.4161362433763,5.4));
#5667=CARTESIAN_POINT('',(-0.212392754079446,41.3631991074411,5.4));
#5668=CARTESIAN_POINT('Origin',(1.54149871143453,46.6427180423165,5.4));
#5669=CARTESIAN_POINT('Origin',(2.37520568935402,47.476425020236,5.4));
#5670=CARTESIAN_POINT('',(2.58386375662368,47.1193976625564,5.4));
#5671=CARTESIAN_POINT('',(2.65804840182864,47.1935823077614,5.4));
#5672=CARTESIAN_POINT('Origin',(2.35728195768347,47.4585012885654,5.4));
#5673=CARTESIAN_POINT('Origin',(8.54670857266961,50.0222457358057,5.4));
#5674=CARTESIAN_POINT('',(3.50271908155084,47.5,5.4));
#5675=CARTESIAN_POINT('',(8.69978194561565,49.6526939228012,5.4));
#5676=CARTESIAN_POINT('Origin',(3.42315413459897,47.9,5.4));
#5677=CARTESIAN_POINT('Origin',(14.7486404592246,47.9,5.4));
#5678=CARTESIAN_POINT('',(4.49728091844913,47.5,5.4));
#5679=CARTESIAN_POINT('',(14.7486404592246,47.5,5.4));
#5680=CARTESIAN_POINT('Origin',(4.576845865401,47.9,5.4));
#5681=CARTESIAN_POINT('Origin',(17.8373402922526,42.4073233646253,5.4));
#5682=CARTESIAN_POINT('',(5.41613624337629,47.1193976625564,5.4));
#5683=CARTESIAN_POINT('',(17.6842669193066,42.0377715516208,5.4));
#5684=CARTESIAN_POINT('Origin',(5.64271804231649,47.4585012885655,5.4));
#5685=CARTESIAN_POINT('Origin',(16.476425020236,36.624794310646,5.4));
#5686=CARTESIAN_POINT('',(6.11939766255642,46.4161362433763,5.4));
#5687=CARTESIAN_POINT('',(16.1935823077614,36.3419515981713,5.4));
#5688=CARTESIAN_POINT('Origin',(6.45850128856545,46.6427180423165,5.4));
#5689=CARTESIAN_POINT('Origin',(11.847624533347,33.6322236154648,5.4));
#5690=CARTESIAN_POINT('',(6.49999999999999,45.4972809184491,5.4));
#5691=CARTESIAN_POINT('',(11.4780727203425,33.4791502425188,5.4));
#5692=CARTESIAN_POINT('Origin',(6.89999999999999,45.576845865401,5.4));
#5693=CARTESIAN_POINT('Origin',(6.90000000000004,34.7513595407754,5.4));
#5694=CARTESIAN_POINT('',(6.50000000000004,34.7513595407754,5.4));
#5695=CARTESIAN_POINT('Origin',(1.49999999999999,45.4972809184491,5.));
#5696=CARTESIAN_POINT('',(1.49999999999999,44.5027190815508,7.6));
#5697=CARTESIAN_POINT('',(1.49999999999999,44.5027190815508,5.));
#5698=CARTESIAN_POINT('',(1.49999999999999,45.4972809184491,7.6));
#5699=CARTESIAN_POINT('',(1.49999999999999,45.2486404592245,7.6));
#5700=CARTESIAN_POINT('',(1.49999999999999,45.4972809184491,5.));
#5701=CARTESIAN_POINT('Origin',(1.49999999999999,44.5027190815508,5.));
#5702=CARTESIAN_POINT('',(1.88060233744356,43.5838637566237,7.6));
#5703=CARTESIAN_POINT('',(1.88060233744356,43.5838637566237,5.));
#5704=CARTESIAN_POINT('',(1.59515058436088,44.273005250319,7.6));
#5705=CARTESIAN_POINT('Origin',(1.88060233744356,43.5838637566237,5.));
#5706=CARTESIAN_POINT('',(2.58386375662369,42.8806023374435,7.6));
#5707=CARTESIAN_POINT('',(2.58386375662369,42.8806023374435,5.));
#5708=CARTESIAN_POINT('',(2.05641769223859,43.4080484018286,7.6));
#5709=CARTESIAN_POINT('Origin',(2.58386375662369,42.8806023374435,5.));
#5710=CARTESIAN_POINT('',(3.50271908155085,42.5,7.6));
#5711=CARTESIAN_POINT('',(3.50271908155085,42.5,5.));
#5712=CARTESIAN_POINT('',(2.81357758785548,42.7854517530826,7.6));
#5713=CARTESIAN_POINT('Origin',(3.50271908155085,42.5,5.));
#5714=CARTESIAN_POINT('',(4.49728091844914,42.5,7.6));
#5715=CARTESIAN_POINT('',(4.49728091844914,42.5,5.));
#5716=CARTESIAN_POINT('',(3.75135954077542,42.5,7.6));
#5717=CARTESIAN_POINT('Origin',(4.49728091844914,42.5,5.));
#5718=CARTESIAN_POINT('',(5.4161362433763,42.8806023374435,7.6));
#5719=CARTESIAN_POINT('',(5.4161362433763,42.8806023374435,5.));
#5720=CARTESIAN_POINT('',(4.72699474968093,42.5951505843609,7.6));
#5721=CARTESIAN_POINT('Origin',(5.4161362433763,42.8806023374435,5.));
#5722=CARTESIAN_POINT('',(6.11939766255643,43.5838637566237,7.6));
#5723=CARTESIAN_POINT('',(6.11939766255643,43.5838637566237,5.));
#5724=CARTESIAN_POINT('',(5.59195159817133,43.0564176922386,7.6));
#5725=CARTESIAN_POINT('Origin',(6.11939766255643,43.5838637566237,5.));
#5726=CARTESIAN_POINT('',(6.49999999999999,44.5027190815508,7.6));
#5727=CARTESIAN_POINT('',(6.49999999999999,44.5027190815508,5.));
#5728=CARTESIAN_POINT('',(6.21454824691732,43.8135775878555,7.6));
#5729=CARTESIAN_POINT('Origin',(6.47642535258749,6.62479414065232,5.4));
#5730=CARTESIAN_POINT('',(5.41613623507871,7.11939778687244,5.4));
#5731=CARTESIAN_POINT('',(6.11939770246414,6.41613636140467,5.4));
#5732=CARTESIAN_POINT('',(6.19358264854224,6.34195141974833,5.4));
#5733=CARTESIAN_POINT('Origin',(6.4585013217205,6.64271817045096,5.4));
#5734=CARTESIAN_POINT('Origin',(5.64271802391284,7.45850141963413,5.4));
#5735=CARTESIAN_POINT('Origin',(4.77655679896128,10.7032911061746,5.4));
#5736=CARTESIAN_POINT('',(6.50000008203742,5.49728101222111,5.4));
#5737=CARTESIAN_POINT('',(4.40700499051871,10.5502177222151,5.4));
#5738=CARTESIAN_POINT('Origin',(6.9000000796662,5.57684597109391,5.4));
#5739=CARTESIAN_POINT('Origin',(11.6573230583383,15.9083487425814,5.4));
#5740=CARTESIAN_POINT('',(6.50000011167768,4.5027191367905,5.4));
#5741=CARTESIAN_POINT('',(6.11939778687246,3.58386376492127,5.4));
#5742=CARTESIAN_POINT('',(11.2877712407718,16.061422104514,5.4));
#5743=CARTESIAN_POINT('Origin',(6.45850141963415,3.35728197608714,5.4));
#5744=CARTESIAN_POINT('Origin',(6.9000001140489,4.42315420175956,5.4));
#5745=CARTESIAN_POINT('Origin',(16.1247941257512,13.0235752583602,5.4));
#5746=CARTESIAN_POINT('',(5.41613636140468,2.88060229753584,5.4));
#5747=CARTESIAN_POINT('',(15.8419514048472,13.3064179624055,5.4));
#5748=CARTESIAN_POINT('Origin',(5.64271817045097,2.54149867827947,5.4));
#5749=CARTESIAN_POINT('Origin',(17.377912730102,7.40237583171523,5.4));
#5750=CARTESIAN_POINT('',(4.49728101222113,2.49999991796256,5.4));
#5751=CARTESIAN_POINT('',(17.2248393461424,7.77192764015781,5.4));
#5752=CARTESIAN_POINT('Origin',(4.57684597109393,2.09999992033378,5.4));
#5753=CARTESIAN_POINT('Origin',(14.2513599155924,2.10000020865683,5.4));
#5754=CARTESIAN_POINT('',(3.50271913679051,2.4999998883223,5.4));
#5755=CARTESIAN_POINT('',(14.2513599036714,2.50000020865683,5.4));
#5756=CARTESIAN_POINT('Origin',(3.42315420175958,2.09999988595108,5.4));
#5757=CARTESIAN_POINT('Origin',(8.08728137325798,0.168055317734372,5.4));
#5758=CARTESIAN_POINT('',(2.58386376492128,2.88060221312752,5.4));
#5759=CARTESIAN_POINT('',(8.24035473519051,0.53760713530083,5.4));
#5760=CARTESIAN_POINT('Origin',(2.35728197608715,2.54149858036583,5.4));
#5761=CARTESIAN_POINT('Origin',(2.02357527326142,2.87520526330108,5.4));
#5762=CARTESIAN_POINT('',(1.88060229753585,3.58386363859529,5.4));
#5763=CARTESIAN_POINT('',(2.30641797730667,3.15804798420507,5.4));
#5764=CARTESIAN_POINT('Origin',(1.54149867827948,3.35728182954901,5.4));
#5765=CARTESIAN_POINT('Origin',(-0.77224579221207,8.9431546392215,5.4));
#5766=CARTESIAN_POINT('',(1.49999991796257,4.50271898777885,5.4));
#5767=CARTESIAN_POINT('',(-0.402693983769494,9.09622802318104,5.4));
#5768=CARTESIAN_POINT('Origin',(1.09999992033379,4.42315402890605,5.4));
#5769=CARTESIAN_POINT('Origin',(1.0999995977091,15.2486400695064,5.4));
#5770=CARTESIAN_POINT('',(1.49999988832231,5.49728086320946,5.4));
#5771=CARTESIAN_POINT('',(1.4999995977091,15.2486400814274,5.4));
#5772=CARTESIAN_POINT('Origin',(1.09999988595109,5.57684579824039,5.4));
#5773=CARTESIAN_POINT('Origin',(6.48912268705785,18.5873402506693,5.4));
#5774=CARTESIAN_POINT('',(1.88060221312753,6.41613623507869,5.4));
#5775=CARTESIAN_POINT('',(6.85867450462431,18.4342668887368,5.4));
#5776=CARTESIAN_POINT('Origin',(1.54149858036584,6.64271802391283,5.4));
#5777=CARTESIAN_POINT('Origin',(6.89999980624434,14.7513593046446,5.4));
#5778=CARTESIAN_POINT('',(6.49999980624434,14.7513592927237,5.4));
#5779=CARTESIAN_POINT('Origin',(12.3752052483999,17.4764253376863,5.4));
#5780=CARTESIAN_POINT('',(2.58386363859531,7.11939770246412,5.4));
#5781=CARTESIAN_POINT('',(12.6580479693039,17.1935826336411,5.4));
#5782=CARTESIAN_POINT('Origin',(2.35728182954902,7.45850132172049,5.4));
#5783=CARTESIAN_POINT('Origin',(15.6177762631488,12.9511784228886,5.4));
#5784=CARTESIAN_POINT('',(3.50271898777886,7.5000000820374,5.4));
#5785=CARTESIAN_POINT('',(15.7708496471084,12.581626614446,5.4));
#5786=CARTESIAN_POINT('Origin',(3.42315402890606,7.90000007966618,5.4));
#5787=CARTESIAN_POINT('Origin',(14.7486406804542,7.90000041719206,5.4));
#5788=CARTESIAN_POINT('',(4.49728086320948,7.50000011167766,5.4));
#5789=CARTESIAN_POINT('',(14.7486406923751,7.50000041719206,5.4));
#5790=CARTESIAN_POINT('Origin',(4.57684579824042,7.90000011404888,5.4));
#5791=CARTESIAN_POINT('Origin',(10.7662728813458,5.33625568901482,5.4));
#5792=CARTESIAN_POINT('',(10.6131995194133,4.96670387144836,5.4));
#5793=CARTESIAN_POINT('Origin',(1.49999988832231,5.49728086320946,5.));
#5794=CARTESIAN_POINT('',(1.49999991796257,4.50271898777885,7.6));
#5795=CARTESIAN_POINT('',(1.49999991796257,4.50271898777885,5.));
#5796=CARTESIAN_POINT('',(1.49999988832231,5.49728086320946,7.6));
#5797=CARTESIAN_POINT('',(1.49999989573238,5.24864039435181,7.6));
#5798=CARTESIAN_POINT('',(1.49999988832231,5.49728086320946,5.));
#5799=CARTESIAN_POINT('Origin',(1.49999991796257,4.50271898777885,5.));
#5800=CARTESIAN_POINT('',(1.88060229753585,3.58386363859529,7.6));
#5801=CARTESIAN_POINT('',(1.88060229753585,3.58386363859529,5.));
#5802=CARTESIAN_POINT('',(1.59515051285589,4.27300515048296,7.6));
#5803=CARTESIAN_POINT('Origin',(1.88060229753585,3.58386363859529,5.));
#5804=CARTESIAN_POINT('',(2.58386376492128,2.88060221312752,7.6));
#5805=CARTESIAN_POINT('',(2.58386376492128,2.88060221312752,5.));
#5806=CARTESIAN_POINT('',(2.05641766438221,3.40804828222835,7.6));
#5807=CARTESIAN_POINT('Origin',(2.58386376492128,2.88060221312752,5.));
#5808=CARTESIAN_POINT('',(3.50271913679051,2.4999998883223,7.6));
#5809=CARTESIAN_POINT('',(3.50271913679051,2.4999998883223,5.));
#5810=CARTESIAN_POINT('',(2.81357760788859,2.78545163192621,7.6));
#5811=CARTESIAN_POINT('Origin',(3.50271913679051,2.4999998883223,5.));
#5812=CARTESIAN_POINT('',(4.49728101222113,2.49999991796256,7.6));
#5813=CARTESIAN_POINT('',(4.49728101222113,2.49999991796256,5.));
#5814=CARTESIAN_POINT('',(3.75135960564817,2.49999989573236,7.6));
#5815=CARTESIAN_POINT('Origin',(4.49728101222113,2.49999991796256,5.));
#5816=CARTESIAN_POINT('',(5.41613636140468,2.88060229753584,7.6));
#5817=CARTESIAN_POINT('',(5.41613636140468,2.88060229753584,5.));
#5818=CARTESIAN_POINT('',(4.72699484951702,2.59515051285588,7.6));
#5819=CARTESIAN_POINT('Origin',(5.41613636140468,2.88060229753584,5.));
#5820=CARTESIAN_POINT('',(6.11939778687246,3.58386376492127,7.6));
#5821=CARTESIAN_POINT('',(6.11939778687246,3.58386376492127,5.));
#5822=CARTESIAN_POINT('',(5.59195171777163,3.0564176643822,7.6));
#5823=CARTESIAN_POINT('Origin',(6.11939778687246,3.58386376492127,5.));
#5824=CARTESIAN_POINT('',(6.50000011167768,4.5027191367905,7.6));
#5825=CARTESIAN_POINT('',(6.50000011167768,4.5027191367905,5.));
#5826=CARTESIAN_POINT('',(6.21454836807376,3.81357760788858,7.6));
#5827=CARTESIAN_POINT('Origin',(1.89999989573238,5.24864040627274,7.6));
#5828=CARTESIAN_POINT('',(1.89999991559135,4.58228394665164,8.));
#5829=CARTESIAN_POINT('',(1.89999989069353,5.41771592817853,8.));
#5830=CARTESIAN_POINT('',(1.89999989573238,5.24864040627274,8.));
#5831=CARTESIAN_POINT('Origin',(1.89999989069353,5.41771592817853,7.6));
#5832=CARTESIAN_POINT('Origin',(1.89999991559135,4.58228394665164,7.6));
#5833=CARTESIAN_POINT('Origin',(2.15500344949269,6.03334903017885,7.6));
#5834=CARTESIAN_POINT('',(2.21970584588923,6.18955444624456,8.));
#5835=CARTESIAN_POINT('',(2.15500344949269,6.03334903017885,8.));
#5836=CARTESIAN_POINT('',(1.88060221312753,6.41613623507869,7.6));
#5837=CARTESIAN_POINT('Origin',(2.21970584588923,6.18955444624456,7.6));
#5838=CARTESIAN_POINT('',(1.78545163192623,6.18642239211138,7.6));
#5839=CARTESIAN_POINT('Origin',(2.69089100313236,6.66073963157252,7.6));
#5840=CARTESIAN_POINT('',(2.81044544764159,6.78029408320776,8.));
#5841=CARTESIAN_POINT('',(2.69089100313236,6.66073963157252,8.));
#5842=CARTESIAN_POINT('',(2.58386363859531,7.11939770246412,7.6));
#5843=CARTESIAN_POINT('Origin',(2.81044544764159,6.78029408320776,7.6));
#5844=CARTESIAN_POINT('',(2.40804828222836,6.94358233561776,7.6));
#5845=CARTESIAN_POINT('Origin',(3.42607853444251,7.03529767870151,7.6));
#5846=CARTESIAN_POINT('',(3.58228394665166,7.10000008440862,8.));
#5847=CARTESIAN_POINT('',(3.42607853444251,7.03529767870151,8.));
#5848=CARTESIAN_POINT('',(3.50271898777886,7.5000000820374,7.6));
#5849=CARTESIAN_POINT('Origin',(3.58228394665166,7.10000008440862,7.6));
#5850=CARTESIAN_POINT('',(3.27300515048297,7.40484948714408,7.6));
#5851=CARTESIAN_POINT('Origin',(4.24864040627276,7.1000001042676,7.6));
#5852=CARTESIAN_POINT('',(4.41771592817855,7.10000010930644,8.));
#5853=CARTESIAN_POINT('',(4.24864040627276,7.1000001042676,8.));
#5854=CARTESIAN_POINT('',(4.49728086320948,7.50000011167766,7.6));
#5855=CARTESIAN_POINT('Origin',(4.41771592817855,7.10000010930644,7.6));
#5856=CARTESIAN_POINT('',(4.24864039435183,7.5000001042676,7.6));
#5857=CARTESIAN_POINT('Origin',(5.03334903017887,6.84499655050729,7.6));
#5858=CARTESIAN_POINT('',(5.18955444624458,6.78029415411075,8.));
#5859=CARTESIAN_POINT('',(5.03334903017887,6.84499655050729,8.));
#5860=CARTESIAN_POINT('',(5.41613623507871,7.11939778687244,7.6));
#5861=CARTESIAN_POINT('Origin',(5.18955444624458,6.78029415411075,7.6));
#5862=CARTESIAN_POINT('',(5.1864223921114,7.21454836807375,7.6));
#5863=CARTESIAN_POINT('Origin',(5.66073963157253,6.30910899686762,7.6));
#5864=CARTESIAN_POINT('',(5.78029408320777,6.18955455235838,8.));
#5865=CARTESIAN_POINT('',(5.66073963157253,6.30910899686762,8.));
#5866=CARTESIAN_POINT('',(6.11939770246414,6.41613636140467,7.6));
#5867=CARTESIAN_POINT('Origin',(5.78029408320777,6.18955455235838,7.6));
#5868=CARTESIAN_POINT('',(5.94358233561778,6.59195171777161,7.6));
#5869=CARTESIAN_POINT('Origin',(6.03529767870153,5.57392146555746,7.6));
#5870=CARTESIAN_POINT('',(6.10000008440864,5.41771605334832,8.));
#5871=CARTESIAN_POINT('',(6.03529767870153,5.57392146555746,8.));
#5872=CARTESIAN_POINT('',(6.50000008203742,5.49728101222111,7.6));
#5873=CARTESIAN_POINT('Origin',(6.10000008440864,5.41771605334832,7.6));
#5874=CARTESIAN_POINT('',(6.4048494871441,5.726994849517,7.6));
#5875=CARTESIAN_POINT('Origin',(6.10000010426761,4.75135959372722,7.6));
#5876=CARTESIAN_POINT('',(6.10000010930646,4.58228407182143,8.));
#5877=CARTESIAN_POINT('',(6.10000010426761,4.75135959372722,8.));
#5878=CARTESIAN_POINT('Origin',(6.10000010930646,4.58228407182143,7.6));
#5879=CARTESIAN_POINT('',(6.50000010426761,4.75135960564815,7.6));
#5880=CARTESIAN_POINT('Origin',(5.8449965505073,3.96665096982111,7.6));
#5881=CARTESIAN_POINT('',(5.78029415411076,3.8104455537554,8.));
#5882=CARTESIAN_POINT('',(5.8449965505073,3.96665096982111,8.));
#5883=CARTESIAN_POINT('Origin',(5.78029415411076,3.8104455537554,7.6));
#5884=CARTESIAN_POINT('Origin',(5.30910899686764,3.33926036842744,7.6));
#5885=CARTESIAN_POINT('',(5.1895545523584,3.2197059167922,8.));
#5886=CARTESIAN_POINT('',(5.30910899686764,3.33926036842744,8.));
#5887=CARTESIAN_POINT('Origin',(5.1895545523584,3.2197059167922,7.6));
#5888=CARTESIAN_POINT('Origin',(4.57392146555748,2.96470232129845,7.6));
#5889=CARTESIAN_POINT('',(4.41771605334834,2.89999991559134,8.));
#5890=CARTESIAN_POINT('',(4.57392146555748,2.96470232129845,8.));
#5891=CARTESIAN_POINT('Origin',(4.41771605334834,2.89999991559134,7.6));
#5892=CARTESIAN_POINT('Origin',(3.75135959372723,2.89999989573236,7.6));
#5893=CARTESIAN_POINT('',(3.58228407182144,2.89999989069352,8.));
#5894=CARTESIAN_POINT('',(3.75135959372723,2.89999989573236,8.));
#5895=CARTESIAN_POINT('Origin',(3.58228407182144,2.89999989069352,7.6));
#5896=CARTESIAN_POINT('Origin',(2.96665096982112,3.15500344949267,7.6));
#5897=CARTESIAN_POINT('',(2.81044555375542,3.21970584588921,8.));
#5898=CARTESIAN_POINT('',(2.96665096982112,3.15500344949267,8.));
#5899=CARTESIAN_POINT('Origin',(2.81044555375542,3.21970584588921,7.6));
#5900=CARTESIAN_POINT('Origin',(2.33926036842746,3.69089100313234,7.6));
#5901=CARTESIAN_POINT('',(2.21970591679222,3.81044544764158,8.));
#5902=CARTESIAN_POINT('',(2.33926036842746,3.69089100313234,8.));
#5903=CARTESIAN_POINT('Origin',(2.21970591679222,3.81044544764158,7.6));
#5904=CARTESIAN_POINT('Origin',(1.96470232129847,4.4260785344425,7.6));
#5905=CARTESIAN_POINT('',(1.96470232129847,4.4260785344425,8.));
#5906=CARTESIAN_POINT('Origin',(4.,4.99999999999998,8.));
#5907=CARTESIAN_POINT('Origin',(43.7513589789134,2.8999999534498,7.6));
#5908=CARTESIAN_POINT('',(44.4177154429806,2.89999977869086,8.));
#5909=CARTESIAN_POINT('',(43.5822834555256,2.89999999779161,8.));
#5910=CARTESIAN_POINT('',(43.7513589789134,2.8999999534498,8.));
#5911=CARTESIAN_POINT('Origin',(43.5822834555256,2.89999999779161,7.6));
#5912=CARTESIAN_POINT('Origin',(44.4177154429806,2.89999977869086,7.6));
#5913=CARTESIAN_POINT('Origin',(42.9666504238947,3.1550037380957,7.6));
#5914=CARTESIAN_POINT('',(42.810445025357,3.21970618068116,8.));
#5915=CARTESIAN_POINT('',(42.9666504238947,3.1550037380957,8.));
#5916=CARTESIAN_POINT('',(42.5838631374833,2.88060261409559,7.6));
#5917=CARTESIAN_POINT('Origin',(42.810445025357,3.21970618068116,7.6));
#5918=CARTESIAN_POINT('',(42.8135769540299,2.78545196523628,7.6));
#5919=CARTESIAN_POINT('Origin',(42.3392599745008,3.69089147868376,7.6));
#5920=CARTESIAN_POINT('',(42.219705556735,3.81044595915835,8.));
#5921=CARTESIAN_POINT('',(42.3392599745008,3.69089147868376,8.));
#5922=CARTESIAN_POINT('',(41.8806018713026,3.58386424915161,7.6));
#5923=CARTESIAN_POINT('Origin',(42.219705556735,3.81044595915835,7.6));
#5924=CARTESIAN_POINT('',(42.0564171878478,3.4080488403876,7.6));
#5925=CARTESIAN_POINT('Origin',(41.9647021393433,4.42607912454392,7.6));
#5926=CARTESIAN_POINT('',(41.8999997786909,4.58228455701945,8.));
#5927=CARTESIAN_POINT('',(41.9647021393433,4.42607912454392,8.));
#5928=CARTESIAN_POINT('',(41.4999997578241,4.50271971497174,7.6));
#5929=CARTESIAN_POINT('Origin',(41.8999997786909,4.58228455701945,7.6));
#5930=CARTESIAN_POINT('',(41.5951502861938,4.27300584851671,7.6));
#5931=CARTESIAN_POINT('Origin',(41.8999999534498,5.24864102108658,7.6));
#5932=CARTESIAN_POINT('',(41.8999999977916,5.41771654447438,8.));
#5933=CARTESIAN_POINT('',(41.8999999534498,5.24864102108658,8.));
#5934=CARTESIAN_POINT('',(41.5000000186584,5.49728159633042,7.6));
#5935=CARTESIAN_POINT('Origin',(41.8999999977916,5.41771654447438,7.6));
#5936=CARTESIAN_POINT('',(41.4999999534498,5.24864112599075,7.6));
#5937=CARTESIAN_POINT('Origin',(42.1550037380957,6.03334957610527,7.6));
#5938=CARTESIAN_POINT('',(42.2197061806812,6.18955497464301,8.));
#5939=CARTESIAN_POINT('',(42.1550037380957,6.03334957610527,8.));
#5940=CARTESIAN_POINT('',(41.8806026140956,6.41613686251669,7.6));
#5941=CARTESIAN_POINT('Origin',(42.2197061806812,6.18955497464301,7.6));
#5942=CARTESIAN_POINT('',(41.7854519652363,6.18642304597012,7.6));
#5943=CARTESIAN_POINT('Origin',(42.6908914786838,6.66074002549917,7.6));
#5944=CARTESIAN_POINT('',(42.8104459591584,6.78029444326496,8.));
#5945=CARTESIAN_POINT('',(42.6908914786838,6.66074002549917,8.));
#5946=CARTESIAN_POINT('',(42.5838642491516,7.11939812869741,7.6));
#5947=CARTESIAN_POINT('Origin',(42.8104459591584,6.78029444326496,7.6));
#5948=CARTESIAN_POINT('',(42.4080488403876,6.94358281215223,7.6));
#5949=CARTESIAN_POINT('Origin',(43.4260791245439,7.03529786065663,7.6));
#5950=CARTESIAN_POINT('',(43.5822845570194,7.1000002213091,8.));
#5951=CARTESIAN_POINT('',(43.4260791245439,7.03529786065663,8.));
#5952=CARTESIAN_POINT('',(43.5027197149718,7.50000024217582,7.6));
#5953=CARTESIAN_POINT('Origin',(43.5822845570194,7.1000002213091,7.6));
#5954=CARTESIAN_POINT('',(43.2730058485167,7.40484971380622,7.6));
#5955=CARTESIAN_POINT('Origin',(44.2486410210866,7.10000004655017,7.6));
#5956=CARTESIAN_POINT('',(44.4177165444744,7.10000000220835,8.));
#5957=CARTESIAN_POINT('',(44.2486410210866,7.10000004655017,8.));
#5958=CARTESIAN_POINT('Origin',(44.4177165444744,7.10000000220835,7.6));
#5959=CARTESIAN_POINT('',(44.2486411259908,7.50000004655016,7.6));
#5960=CARTESIAN_POINT('Origin',(45.0333495761053,6.84499626190427,7.6));
#5961=CARTESIAN_POINT('',(45.189554974643,6.7802938193188,8.));
#5962=CARTESIAN_POINT('',(45.0333495761053,6.84499626190427,8.));
#5963=CARTESIAN_POINT('Origin',(45.189554974643,6.7802938193188,7.6));
#5964=CARTESIAN_POINT('Origin',(45.6607400254992,6.30910852131621,7.6));
#5965=CARTESIAN_POINT('',(45.780294443265,6.18955404084161,8.));
#5966=CARTESIAN_POINT('',(45.6607400254992,6.30910852131621,8.));
#5967=CARTESIAN_POINT('Origin',(45.780294443265,6.18955404084161,7.6));
#5968=CARTESIAN_POINT('Origin',(46.0352978606566,5.57392087545605,7.6));
#5969=CARTESIAN_POINT('',(46.1000002213091,5.41771544298052,8.));
#5970=CARTESIAN_POINT('',(46.0352978606566,5.57392087545605,8.));
#5971=CARTESIAN_POINT('Origin',(46.1000002213091,5.41771544298052,7.6));
#5972=CARTESIAN_POINT('Origin',(46.1000000465502,4.75135897891339,7.6));
#5973=CARTESIAN_POINT('',(46.1000000022084,4.58228345552558,8.));
#5974=CARTESIAN_POINT('',(46.1000000465502,4.75135897891339,8.));
#5975=CARTESIAN_POINT('Origin',(46.1000000022084,4.58228345552558,7.6));
#5976=CARTESIAN_POINT('Origin',(45.8449962619043,3.96665042389469,7.6));
#5977=CARTESIAN_POINT('',(45.7802938193188,3.81044502535695,8.));
#5978=CARTESIAN_POINT('',(45.8449962619043,3.96665042389469,8.));
#5979=CARTESIAN_POINT('Origin',(45.7802938193188,3.81044502535695,7.6));
#5980=CARTESIAN_POINT('Origin',(45.3091085213162,3.3392599745008,7.6));
#5981=CARTESIAN_POINT('',(45.1895540408416,3.21970555673502,8.));
#5982=CARTESIAN_POINT('',(45.3091085213162,3.3392599745008,8.));
#5983=CARTESIAN_POINT('Origin',(45.1895540408416,3.21970555673502,7.6));
#5984=CARTESIAN_POINT('Origin',(44.5739208754561,2.96470213934333,7.6));
#5985=CARTESIAN_POINT('',(44.5739208754561,2.96470213934333,8.));
#5986=CARTESIAN_POINT('Origin',(44.,4.99999999999998,8.));
#5987=CARTESIAN_POINT('Origin',(41.9,45.2486404592246,7.6));
#5988=CARTESIAN_POINT('',(41.9,44.5822840285027,8.));
#5989=CARTESIAN_POINT('',(41.9,45.4177159714973,8.));
#5990=CARTESIAN_POINT('',(41.9,45.2486404592246,8.));
#5991=CARTESIAN_POINT('Origin',(41.9,45.4177159714973,7.6));
#5992=CARTESIAN_POINT('Origin',(41.9,44.5822840285027,7.6));
#5993=CARTESIAN_POINT('Origin',(42.1550035660872,46.0333490391984,7.6));
#5994=CARTESIAN_POINT('',(42.2197059634526,46.1895544444361,8.));
#5995=CARTESIAN_POINT('',(42.1550035660872,46.0333490391984,8.));
#5996=CARTESIAN_POINT('Origin',(42.2197059634526,46.1895544444361,7.6));
#5997=CARTESIAN_POINT('Origin',(42.6908911143033,46.6607395952868,7.6));
#5998=CARTESIAN_POINT('',(42.8104455555639,46.7802940365474,8.));
#5999=CARTESIAN_POINT('',(42.6908911143033,46.6607395952868,8.));
#6000=CARTESIAN_POINT('Origin',(42.8104455555639,46.7802940365474,7.6));
#6001=CARTESIAN_POINT('Origin',(43.4260786232651,47.0352976026346,7.6));
#6002=CARTESIAN_POINT('',(43.5822840285027,47.1,8.));
#6003=CARTESIAN_POINT('',(43.4260786232651,47.0352976026346,8.));
#6004=CARTESIAN_POINT('',(43.5027190815509,47.5,7.6));
#6005=CARTESIAN_POINT('Origin',(43.5822840285027,47.1,7.6));
#6006=CARTESIAN_POINT('',(43.2730052503191,47.4048494156391,7.6));
#6007=CARTESIAN_POINT('Origin',(44.2486404592246,47.1,7.6));
#6008=CARTESIAN_POINT('',(44.4177159714973,47.1,8.));
#6009=CARTESIAN_POINT('',(44.2486404592246,47.1,8.));
#6010=CARTESIAN_POINT('',(44.4972809184491,47.5,7.6));
#6011=CARTESIAN_POINT('Origin',(44.4177159714973,47.1,7.6));
#6012=CARTESIAN_POINT('',(44.2486404592246,47.5,7.6));
#6013=CARTESIAN_POINT('Origin',(45.0333490391985,46.8449964339128,7.6));
#6014=CARTESIAN_POINT('',(45.1895544444361,46.7802940365474,8.));
#6015=CARTESIAN_POINT('',(45.0333490391985,46.8449964339128,8.));
#6016=CARTESIAN_POINT('',(45.4161362433763,47.1193976625564,7.6));
#6017=CARTESIAN_POINT('Origin',(45.1895544444361,46.7802940365474,7.6));
#6018=CARTESIAN_POINT('',(45.1864224121445,47.2145482469173,7.6));
#6019=CARTESIAN_POINT('Origin',(45.6607395952868,46.3091088856967,7.6));
#6020=CARTESIAN_POINT('',(45.7802940365474,46.1895544444361,8.));
#6021=CARTESIAN_POINT('',(45.6607395952868,46.3091088856967,8.));
#6022=CARTESIAN_POINT('',(46.1193976625564,46.4161362433763,7.6));
#6023=CARTESIAN_POINT('Origin',(45.7802940365474,46.1895544444361,7.6));
#6024=CARTESIAN_POINT('',(45.9435823077614,46.5919515981713,7.6));
#6025=CARTESIAN_POINT('Origin',(46.0352976026346,45.5739213767349,7.6));
#6026=CARTESIAN_POINT('',(46.1,45.4177159714973,8.));
#6027=CARTESIAN_POINT('',(46.0352976026346,45.5739213767349,8.));
#6028=CARTESIAN_POINT('',(46.5,45.4972809184491,7.6));
#6029=CARTESIAN_POINT('Origin',(46.1,45.4177159714973,7.6));
#6030=CARTESIAN_POINT('',(46.4048494156391,45.7269947496809,7.6));
#6031=CARTESIAN_POINT('Origin',(46.1,44.7513595407754,7.6));
#6032=CARTESIAN_POINT('',(46.1,44.5822840285027,8.));
#6033=CARTESIAN_POINT('',(46.1,44.7513595407754,8.));
#6034=CARTESIAN_POINT('',(46.5,44.5027190815508,7.6));
#6035=CARTESIAN_POINT('Origin',(46.1,44.5822840285027,7.6));
#6036=CARTESIAN_POINT('',(46.5,44.7513595407754,7.6));
#6037=CARTESIAN_POINT('Origin',(45.8449964339128,43.9666509608015,7.6));
#6038=CARTESIAN_POINT('',(46.1193976625564,43.5838637566237,7.6));
#6039=CARTESIAN_POINT('',(46.2145482469173,43.8135775878555,7.6));
#6040=CARTESIAN_POINT('',(45.7802940365474,43.8104455555639,8.));
#6041=CARTESIAN_POINT('',(45.8449964339128,43.9666509608015,8.));
#6042=CARTESIAN_POINT('Origin',(45.7802940365474,43.8104455555639,7.6));
#6043=CARTESIAN_POINT('Origin',(45.3091088856967,43.3392604047132,7.6));
#6044=CARTESIAN_POINT('',(45.5919515981713,43.0564176922386,7.6));
#6045=CARTESIAN_POINT('',(45.1895544444361,43.2197059634526,8.));
#6046=CARTESIAN_POINT('',(45.3091088856967,43.3392604047132,8.));
#6047=CARTESIAN_POINT('Origin',(45.1895544444361,43.2197059634526,7.6));
#6048=CARTESIAN_POINT('Origin',(44.5739213767349,42.9647023973654,7.6));
#6049=CARTESIAN_POINT('',(44.4177159714973,42.9,8.));
#6050=CARTESIAN_POINT('',(44.5739213767349,42.9647023973654,8.));
#6051=CARTESIAN_POINT('Origin',(44.4177159714973,42.9,7.6));
#6052=CARTESIAN_POINT('Origin',(43.7513595407754,42.9,7.6));
#6053=CARTESIAN_POINT('',(43.5822840285027,42.9,8.));
#6054=CARTESIAN_POINT('',(43.7513595407754,42.9,8.));
#6055=CARTESIAN_POINT('Origin',(43.5822840285027,42.9,7.6));
#6056=CARTESIAN_POINT('Origin',(42.9666509608015,43.1550035660872,7.6));
#6057=CARTESIAN_POINT('',(42.8104455555639,43.2197059634526,8.));
#6058=CARTESIAN_POINT('',(42.9666509608015,43.1550035660872,8.));
#6059=CARTESIAN_POINT('Origin',(42.8104455555639,43.2197059634526,7.6));
#6060=CARTESIAN_POINT('Origin',(42.3392604047132,43.6908911143033,7.6));
#6061=CARTESIAN_POINT('',(42.2197059634526,43.8104455555639,8.));
#6062=CARTESIAN_POINT('',(42.3392604047132,43.6908911143033,8.));
#6063=CARTESIAN_POINT('Origin',(42.2197059634526,43.8104455555639,7.6));
#6064=CARTESIAN_POINT('Origin',(41.9647023973654,44.4260786232651,7.6));
#6065=CARTESIAN_POINT('',(41.9647023973654,44.4260786232651,8.));
#6066=CARTESIAN_POINT('Origin',(46.1193976625564,43.5838637566237,5.));
#6067=CARTESIAN_POINT('',(46.5,44.5027190815508,5.));
#6068=CARTESIAN_POINT('',(46.1193976625564,43.5838637566237,5.));
#6069=CARTESIAN_POINT('Origin',(45.4161362433763,42.8806023374435,5.));
#6070=CARTESIAN_POINT('Origin',(44.,45.,8.));
#6071=CARTESIAN_POINT('Origin',(1.89999999999999,45.2486404592245,7.6));
#6072=CARTESIAN_POINT('',(1.89999999999999,44.5822840285027,8.));
#6073=CARTESIAN_POINT('',(1.89999999999999,45.4177159714973,8.));
#6074=CARTESIAN_POINT('',(1.89999999999999,45.2486404592245,8.));
#6075=CARTESIAN_POINT('Origin',(1.89999999999999,45.4177159714973,7.6));
#6076=CARTESIAN_POINT('Origin',(1.89999999999999,44.5822840285027,7.6));
#6077=CARTESIAN_POINT('Origin',(2.15500356608718,46.0333490391984,7.6));
#6078=CARTESIAN_POINT('',(2.21970596345259,46.1895544444361,8.));
#6079=CARTESIAN_POINT('',(2.15500356608718,46.0333490391984,8.));
#6080=CARTESIAN_POINT('',(1.88060233744355,46.4161362433763,7.6));
#6081=CARTESIAN_POINT('Origin',(2.21970596345258,46.1895544444361,7.6));
#6082=CARTESIAN_POINT('',(1.78545175308266,46.1864224121445,7.6));
#6083=CARTESIAN_POINT('Origin',(2.69089111430327,46.6607395952867,7.6));
#6084=CARTESIAN_POINT('',(2.81044555556388,46.7802940365474,8.));
#6085=CARTESIAN_POINT('',(2.69089111430327,46.6607395952867,8.));
#6086=CARTESIAN_POINT('',(2.58386375662368,47.1193976625564,7.6));
#6087=CARTESIAN_POINT('Origin',(2.81044555556388,46.7802940365474,7.6));
#6088=CARTESIAN_POINT('',(2.40804840182865,46.9435823077614,7.6));
#6089=CARTESIAN_POINT('Origin',(3.42607862326509,47.0352976026346,7.6));
#6090=CARTESIAN_POINT('',(3.58228402850271,47.1,8.));
#6091=CARTESIAN_POINT('',(3.42607862326509,47.0352976026346,8.));
#6092=CARTESIAN_POINT('',(3.50271908155084,47.5,7.6));
#6093=CARTESIAN_POINT('Origin',(3.58228402850271,47.1,7.6));
#6094=CARTESIAN_POINT('',(3.27300525031905,47.4048494156391,7.6));
#6095=CARTESIAN_POINT('Origin',(4.24864045922456,47.1,7.6));
#6096=CARTESIAN_POINT('',(4.41771597149726,47.1,8.));
#6097=CARTESIAN_POINT('',(4.24864045922456,47.1,8.));
#6098=CARTESIAN_POINT('',(4.49728091844913,47.5,7.6));
#6099=CARTESIAN_POINT('Origin',(4.41771597149726,47.1,7.6));
#6100=CARTESIAN_POINT('',(4.24864045922456,47.5,7.6));
#6101=CARTESIAN_POINT('Origin',(5.03334903919846,46.8449964339128,7.6));
#6102=CARTESIAN_POINT('',(5.18955444443609,46.7802940365474,8.));
#6103=CARTESIAN_POINT('',(5.03334903919846,46.8449964339128,8.));
#6104=CARTESIAN_POINT('',(5.41613624337629,47.1193976625564,7.6));
#6105=CARTESIAN_POINT('Origin',(5.18955444443609,46.7802940365474,7.6));
#6106=CARTESIAN_POINT('',(5.18642241214449,47.2145482469173,7.6));
#6107=CARTESIAN_POINT('Origin',(5.66073959528677,46.3091088856967,7.6));
#6108=CARTESIAN_POINT('',(5.78029403654739,46.1895544444361,8.));
#6109=CARTESIAN_POINT('',(5.66073959528677,46.3091088856967,8.));
#6110=CARTESIAN_POINT('',(6.11939766255642,46.4161362433763,7.6));
#6111=CARTESIAN_POINT('Origin',(5.78029403654739,46.1895544444361,7.6));
#6112=CARTESIAN_POINT('',(5.94358230776139,46.5919515981713,7.6));
#6113=CARTESIAN_POINT('Origin',(6.03529760263458,45.5739213767349,7.6));
#6114=CARTESIAN_POINT('',(6.09999999999999,45.4177159714973,8.));
#6115=CARTESIAN_POINT('',(6.03529760263458,45.5739213767349,8.));
#6116=CARTESIAN_POINT('',(6.49999999999999,45.4972809184491,7.6));
#6117=CARTESIAN_POINT('Origin',(6.09999999999999,45.4177159714973,7.6));
#6118=CARTESIAN_POINT('',(6.4048494156391,45.7269947496809,7.6));
#6119=CARTESIAN_POINT('Origin',(6.09999999999999,44.7513595407754,7.6));
#6120=CARTESIAN_POINT('',(6.09999999999999,44.5822840285027,8.));
#6121=CARTESIAN_POINT('',(6.09999999999999,44.7513595407754,8.));
#6122=CARTESIAN_POINT('Origin',(6.09999999999999,44.5822840285027,7.6));
#6123=CARTESIAN_POINT('',(6.49999999999999,44.7513595407754,7.6));
#6124=CARTESIAN_POINT('Origin',(5.8449964339128,43.9666509608015,7.6));
#6125=CARTESIAN_POINT('',(5.78029403654739,43.8104455555639,8.));
#6126=CARTESIAN_POINT('',(5.8449964339128,43.9666509608015,8.));
#6127=CARTESIAN_POINT('Origin',(5.7802940365474,43.8104455555639,7.6));
#6128=CARTESIAN_POINT('Origin',(5.30910888569671,43.3392604047132,7.6));
#6129=CARTESIAN_POINT('',(5.1895544444361,43.2197059634526,8.));
#6130=CARTESIAN_POINT('',(5.30910888569671,43.3392604047132,8.));
#6131=CARTESIAN_POINT('Origin',(5.1895544444361,43.2197059634526,7.6));
#6132=CARTESIAN_POINT('Origin',(4.57392137673489,42.9647023973654,7.6));
#6133=CARTESIAN_POINT('',(4.41771597149727,42.9,8.));
#6134=CARTESIAN_POINT('',(4.57392137673489,42.9647023973654,8.));
#6135=CARTESIAN_POINT('Origin',(4.41771597149727,42.9,7.6));
#6136=CARTESIAN_POINT('Origin',(3.75135954077542,42.9,7.6));
#6137=CARTESIAN_POINT('',(3.58228402850272,42.9,8.));
#6138=CARTESIAN_POINT('',(3.75135954077542,42.9,8.));
#6139=CARTESIAN_POINT('Origin',(3.58228402850272,42.9,7.6));
#6140=CARTESIAN_POINT('Origin',(2.96665096080152,43.1550035660872,7.6));
#6141=CARTESIAN_POINT('',(2.81044555556389,43.2197059634526,8.));
#6142=CARTESIAN_POINT('',(2.96665096080152,43.1550035660872,8.));
#6143=CARTESIAN_POINT('Origin',(2.81044555556389,43.2197059634526,7.6));
#6144=CARTESIAN_POINT('Origin',(2.33926040471321,43.6908911143033,7.6));
#6145=CARTESIAN_POINT('',(2.21970596345259,43.8104455555639,8.));
#6146=CARTESIAN_POINT('',(2.33926040471321,43.6908911143033,8.));
#6147=CARTESIAN_POINT('Origin',(2.21970596345259,43.8104455555639,7.6));
#6148=CARTESIAN_POINT('Origin',(1.9647023973654,44.4260786232651,7.6));
#6149=CARTESIAN_POINT('',(1.9647023973654,44.4260786232651,8.));
#6150=CARTESIAN_POINT('Origin',(3.99999999999999,45.,8.));
#6151=CARTESIAN_POINT('Origin',(43.5027190815509,47.5,5.));
#6152=CARTESIAN_POINT('',(43.5027190815509,47.5,5.));
#6153=CARTESIAN_POINT('Origin',(44.4972809184491,47.5,5.));
#6154=CARTESIAN_POINT('',(44.4972809184491,47.5,5.));
#6155=CARTESIAN_POINT('Origin',(45.4161362433763,47.1193976625564,5.));
#6156=CARTESIAN_POINT('',(45.4161362433763,47.1193976625564,5.));
#6157=CARTESIAN_POINT('Origin',(46.1193976625564,46.4161362433763,5.));
#6158=CARTESIAN_POINT('',(46.1193976625564,46.4161362433763,5.));
#6159=CARTESIAN_POINT('Origin',(46.5,45.4972809184491,5.));
#6160=CARTESIAN_POINT('',(46.5,45.4972809184491,5.));
#6161=CARTESIAN_POINT('Origin',(46.5,44.5027190815508,5.));
#6162=CARTESIAN_POINT('Origin',(42.5838631374833,2.88060261409559,5.));
#6163=CARTESIAN_POINT('',(42.5838631374833,2.88060261409559,5.));
#6164=CARTESIAN_POINT('Origin',(41.8806018713026,3.58386424915161,5.));
#6165=CARTESIAN_POINT('',(41.8806018713026,3.58386424915161,5.));
#6166=CARTESIAN_POINT('Origin',(41.4999997578241,4.50271971497174,5.));
#6167=CARTESIAN_POINT('',(41.4999997578241,4.50271971497174,5.));
#6168=CARTESIAN_POINT('Origin',(41.5000000186584,5.49728159633042,5.));
#6169=CARTESIAN_POINT('',(41.5000000186584,5.49728159633042,5.));
#6170=CARTESIAN_POINT('Origin',(41.8806026140956,6.41613686251669,5.));
#6171=CARTESIAN_POINT('',(41.8806026140956,6.41613686251669,5.));
#6172=CARTESIAN_POINT('Origin',(42.5838642491516,7.11939812869741,5.));
#6173=CARTESIAN_POINT('',(42.5838642491516,7.11939812869741,5.));
#6174=CARTESIAN_POINT('Origin',(43.5027197149718,7.50000024217582,5.));
#6175=CARTESIAN_POINT('',(43.5027197149718,7.50000024217582,5.));
#6176=CARTESIAN_POINT('Origin',(44.4972815963304,7.4999999813416,5.));
#6177=CARTESIAN_POINT('Origin',(1.88060233744355,46.4161362433763,5.));
#6178=CARTESIAN_POINT('',(1.88060233744355,46.4161362433763,5.));
#6179=CARTESIAN_POINT('Origin',(2.58386375662368,47.1193976625564,5.));
#6180=CARTESIAN_POINT('',(2.58386375662368,47.1193976625564,5.));
#6181=CARTESIAN_POINT('Origin',(3.50271908155084,47.5,5.));
#6182=CARTESIAN_POINT('',(3.50271908155084,47.5,5.));
#6183=CARTESIAN_POINT('Origin',(4.49728091844913,47.5,5.));
#6184=CARTESIAN_POINT('',(4.49728091844913,47.5,5.));
#6185=CARTESIAN_POINT('Origin',(5.41613624337629,47.1193976625564,5.));
#6186=CARTESIAN_POINT('',(5.41613624337629,47.1193976625564,5.));
#6187=CARTESIAN_POINT('Origin',(6.11939766255642,46.4161362433763,5.));
#6188=CARTESIAN_POINT('',(6.11939766255642,46.4161362433763,5.));
#6189=CARTESIAN_POINT('Origin',(6.49999999999999,45.4972809184491,5.));
#6190=CARTESIAN_POINT('',(6.49999999999999,45.4972809184491,5.));
#6191=CARTESIAN_POINT('Origin',(6.49999999999999,44.5027190815508,5.));
#6192=CARTESIAN_POINT('Origin',(1.88060221312753,6.41613623507869,5.));
#6193=CARTESIAN_POINT('',(1.88060221312753,6.41613623507869,5.));
#6194=CARTESIAN_POINT('Origin',(2.58386363859531,7.11939770246412,5.));
#6195=CARTESIAN_POINT('',(2.58386363859531,7.11939770246412,5.));
#6196=CARTESIAN_POINT('Origin',(3.50271898777886,7.5000000820374,5.));
#6197=CARTESIAN_POINT('',(3.50271898777886,7.5000000820374,5.));
#6198=CARTESIAN_POINT('Origin',(4.49728086320948,7.50000011167766,5.));
#6199=CARTESIAN_POINT('',(4.49728086320948,7.50000011167766,5.));
#6200=CARTESIAN_POINT('Origin',(5.41613623507871,7.11939778687244,5.));
#6201=CARTESIAN_POINT('',(5.41613623507871,7.11939778687244,5.));
#6202=CARTESIAN_POINT('Origin',(6.11939770246414,6.41613636140467,5.));
#6203=CARTESIAN_POINT('',(6.11939770246414,6.41613636140467,5.));
#6204=CARTESIAN_POINT('Origin',(6.50000008203742,5.49728101222111,5.));
#6205=CARTESIAN_POINT('',(6.50000008203742,5.49728101222111,5.));
#6206=CARTESIAN_POINT('Origin',(6.50000011167768,4.5027191367905,5.));
#6207=CARTESIAN_POINT('Origin',(-86.,5.,4.8));
#6208=CARTESIAN_POINT('',(-83.45,5.,4.6));
#6209=CARTESIAN_POINT('',(-83.25,5.,4.8));
#6210=CARTESIAN_POINT('Origin',(-86.,5.,4.6));
#6211=CARTESIAN_POINT('Origin',(-86.,5.,5.));
#6212=CARTESIAN_POINT('',(-83.45,5.,1.));
#6213=CARTESIAN_POINT('',(-83.45,5.,5.));
#6214=CARTESIAN_POINT('Origin',(-86.,5.,1.));
#6215=CARTESIAN_POINT('Origin',(-46.,5.,4.8));
#6216=CARTESIAN_POINT('',(-43.45,5.,4.6));
#6217=CARTESIAN_POINT('',(-43.25,5.,4.8));
#6218=CARTESIAN_POINT('Origin',(-46.,5.,4.6));
#6219=CARTESIAN_POINT('Origin',(-46.,5.,5.));
#6220=CARTESIAN_POINT('',(-43.45,5.,1.));
#6221=CARTESIAN_POINT('',(-43.45,5.,5.));
#6222=CARTESIAN_POINT('Origin',(-46.,5.,1.));
#6223=CARTESIAN_POINT('Origin',(-46.,45.,4.8));
#6224=CARTESIAN_POINT('',(-43.45,45.,4.6));
#6225=CARTESIAN_POINT('',(-43.25,45.,4.8));
#6226=CARTESIAN_POINT('Origin',(-46.,45.,4.6));
#6227=CARTESIAN_POINT('Origin',(-46.,45.,5.));
#6228=CARTESIAN_POINT('',(-43.45,45.,1.));
#6229=CARTESIAN_POINT('',(-43.45,45.,5.));
#6230=CARTESIAN_POINT('Origin',(-46.,45.,1.));
#6231=CARTESIAN_POINT('Origin',(-86.,45.,4.8));
#6232=CARTESIAN_POINT('',(-83.45,45.,4.6));
#6233=CARTESIAN_POINT('',(-83.25,45.,4.8));
#6234=CARTESIAN_POINT('Origin',(-86.,45.,4.6));
#6235=CARTESIAN_POINT('Origin',(-86.,45.,5.));
#6236=CARTESIAN_POINT('',(-83.45,45.,1.));
#6237=CARTESIAN_POINT('',(-83.45,45.,5.));
#6238=CARTESIAN_POINT('Origin',(-86.,45.,1.));
#6239=CARTESIAN_POINT('Origin',(-91.,50.,0.));
#6240=CARTESIAN_POINT('',(-91.,0.,0.));
#6241=CARTESIAN_POINT('',(-91.,50.,0.));
#6242=CARTESIAN_POINT('Origin',(-27.,-25.,5.));
#6243=CARTESIAN_POINT('',(-27.,0.,2.5));
#6244=CARTESIAN_POINT('',(-27.,-25.,5.));
#6245=CARTESIAN_POINT('Origin',(-27.,50.,5.));
#6246=CARTESIAN_POINT('',(-27.,75.,5.));
#6247=CARTESIAN_POINT('',(-27.,50.,2.5));
#6248=CARTESIAN_POINT('Origin',(75.,-25.,5.));
#6249=CARTESIAN_POINT('',(75.,-25.,5.));
#6250=CARTESIAN_POINT('Origin',(75.,75.,5.));
#6251=CARTESIAN_POINT('',(75.,75.,5.));
#6252=CARTESIAN_POINT('Origin',(-25.,75.,5.));
#6253=CARTESIAN_POINT('Origin',(50.,50.,0.));
#6254=CARTESIAN_POINT('Origin',(0.,0.,0.));
#6255=CARTESIAN_POINT('Origin',(45.,5.,3.5));
#6256=CARTESIAN_POINT('Origin',(5.,45.,3.5));
#6257=CARTESIAN_POINT('Origin',(5.,5.,3.5));
#6258=CARTESIAN_POINT('Origin',(45.,45.,3.5));
#6259=CARTESIAN_POINT('Origin',(-86.,5.,1.));
#6260=CARTESIAN_POINT('Origin',(-86.,45.,1.));
#6261=CARTESIAN_POINT('Origin',(-46.,5.,1.));
#6262=CARTESIAN_POINT('Origin',(-46.,45.,1.));
#6263=UNCERTAINTY_MEASURE_WITH_UNIT(LENGTH_MEASURE(0.01),#6267,
'DISTANCE_ACCURACY_VALUE',
'Maximum model space distance between geometric entities at asserted c
onnectivities');
#6264=UNCERTAINTY_MEASURE_WITH_UNIT(LENGTH_MEASURE(0.01),#6267,
'DISTANCE_ACCURACY_VALUE',
'Maximum model space distance between geometric entities at asserted c
onnectivities');
#6265=(
GEOMETRIC_REPRESENTATION_CONTEXT(3)
GLOBAL_UNCERTAINTY_ASSIGNED_CONTEXT((#6263))
GLOBAL_UNIT_ASSIGNED_CONTEXT((#6267,#6269,#6270))
REPRESENTATION_CONTEXT('','3D')
);
#6266=(
GEOMETRIC_REPRESENTATION_CONTEXT(3)
GLOBAL_UNCERTAINTY_ASSIGNED_CONTEXT((#6264))
GLOBAL_UNIT_ASSIGNED_CONTEXT((#6267,#6269,#6270))
REPRESENTATION_CONTEXT('','3D')
);
#6267=(
LENGTH_UNIT()
NAMED_UNIT(*)
SI_UNIT(.MILLI.,.METRE.)
);
#6268=(
LENGTH_UNIT()
NAMED_UNIT(*)
SI_UNIT($,.METRE.)
);
#6269=(
NAMED_UNIT(*)
PLANE_ANGLE_UNIT()
SI_UNIT($,.RADIAN.)
);
#6270=(
NAMED_UNIT(*)
SI_UNIT($,.STERADIAN.)
SOLID_ANGLE_UNIT()
);
#6271=SHAPE_DEFINITION_REPRESENTATION(#6272,#6273);
#6272=PRODUCT_DEFINITION_SHAPE('',$,#6275);
#6273=SHAPE_REPRESENTATION('',(#3699),#6265);
#6274=PRODUCT_DEFINITION_CONTEXT('part definition',#6279,'design');
#6275=PRODUCT_DEFINITION('sg90_0_base_plate','sg90_0_base_plate v21',#6276,
#6274);
#6276=PRODUCT_DEFINITION_FORMATION('',$,#6281);
#6277=PRODUCT_RELATED_PRODUCT_CATEGORY('sg90_0_base_plate v21',
'sg90_0_base_plate v21',(#6281));
#6278=APPLICATION_PROTOCOL_DEFINITION('international standard',
'automotive_design',2009,#6279);
#6279=APPLICATION_CONTEXT(
'Core Data for Automotive Mechanical Design Process');
#6280=PRODUCT_CONTEXT('part definition',#6279,'mechanical');
#6281=PRODUCT('sg90_0_base_plate','sg90_0_base_plate v21',$,(#6280));
#6282=PRESENTATION_STYLE_ASSIGNMENT((#6283));
#6283=SURFACE_STYLE_USAGE(.BOTH.,#6284);
#6284=SURFACE_SIDE_STYLE('',(#6285));
#6285=SURFACE_STYLE_FILL_AREA(#6286);
#6286=FILL_AREA_STYLE('\X2\92FC\X0\ - \X2\30B530C630F3\X0\',(#6287));
#6287=FILL_AREA_STYLE_COLOUR('\X2\92FC\X0\ - \X2\30B530C630F3\X0\',#6288);
#6288=COLOUR_RGB('\X2\92FC\X0\ - \X2\30B530C630F3\X0\',0.627450980392157,
0.627450980392157,0.627450980392157);
ENDSEC;
END-ISO-10303-21;
