ISO-10303-21;
HEADER;
/* Generated by software containing ST-Developer
 * from STEP Tools, Inc. (www.steptools.com) 
 */

FILE_DESCRIPTION(
/* description */ (''),
/* implementation_level */ '2;1');

FILE_NAME(
/* name */ 'sg90_1_convex.step',
/* time_stamp */ '2026-02-01T20:54:50+09:00',
/* author */ (''),
/* organization */ (''),
/* preprocessor_version */ 'ST-DEVELOPER v20.1',
/* originating_system */ 'Autodesk Translation Framework v14.24.0.0',
/* authorisation */ '');

FILE_SCHEMA (('AUTOMOTIVE_DESIGN { 1 0 10303 214 3 1 1 }'));
ENDSEC;

DATA;
#10=MECHANICAL_DESIGN_GEOMETRIC_PRESENTATION_REPRESENTATION('',(#13),#5804);
#11=SHAPE_REPRESENTATION_RELATIONSHIP('SRR','None',#5811,#12);
#12=ADVANCED_BREP_SHAPE_REPRESENTATION('',(#14),#5803);
#13=STYLED_ITEM('',(#5820),#14);
#14=MANIFOLD_SOLID_BREP('\X2\30DC30C730A3\X0\1',#3544);
#15=FACE_BOUND('',#405,.T.);
#16=FACE_BOUND('',#406,.T.);
#17=FACE_BOUND('',#485,.T.);
#18=FACE_BOUND('',#532,.T.);
#19=CIRCLE('',#3599,10.);
#20=CIRCLE('',#3691,10.);
#21=PLANE('',#3590);
#22=PLANE('',#3591);
#23=PLANE('',#3592);
#24=PLANE('',#3593);
#25=PLANE('',#3594);
#26=PLANE('',#3595);
#27=PLANE('',#3596);
#28=PLANE('',#3597);
#29=PLANE('',#3598);
#30=PLANE('',#3632);
#31=PLANE('',#3633);
#32=PLANE('',#3634);
#33=PLANE('',#3635);
#34=PLANE('',#3636);
#35=PLANE('',#3637);
#36=PLANE('',#3638);
#37=PLANE('',#3639);
#38=PLANE('',#3640);
#39=PLANE('',#3641);
#40=PLANE('',#3642);
#41=PLANE('',#3643);
#42=PLANE('',#3644);
#43=PLANE('',#3645);
#44=PLANE('',#3646);
#45=PLANE('',#3647);
#46=PLANE('',#3648);
#47=PLANE('',#3649);
#48=PLANE('',#3650);
#49=PLANE('',#3651);
#50=PLANE('',#3652);
#51=PLANE('',#3653);
#52=PLANE('',#3654);
#53=PLANE('',#3655);
#54=PLANE('',#3656);
#55=PLANE('',#3657);
#56=PLANE('',#3658);
#57=PLANE('',#3659);
#58=PLANE('',#3660);
#59=PLANE('',#3661);
#60=PLANE('',#3662);
#61=PLANE('',#3663);
#62=PLANE('',#3664);
#63=PLANE('',#3665);
#64=PLANE('',#3666);
#65=PLANE('',#3667);
#66=PLANE('',#3668);
#67=PLANE('',#3669);
#68=PLANE('',#3670);
#69=PLANE('',#3671);
#70=PLANE('',#3672);
#71=PLANE('',#3673);
#72=PLANE('',#3674);
#73=PLANE('',#3675);
#74=PLANE('',#3676);
#75=PLANE('',#3677);
#76=PLANE('',#3678);
#77=PLANE('',#3679);
#78=PLANE('',#3680);
#79=PLANE('',#3681);
#80=PLANE('',#3682);
#81=PLANE('',#3683);
#82=PLANE('',#3684);
#83=PLANE('',#3685);
#84=PLANE('',#3686);
#85=PLANE('',#3687);
#86=PLANE('',#3688);
#87=PLANE('',#3689);
#88=PLANE('',#3692);
#89=PLANE('',#3693);
#90=PLANE('',#3694);
#91=PLANE('',#3727);
#92=PLANE('',#3728);
#93=PLANE('',#3729);
#94=PLANE('',#3730);
#95=PLANE('',#3731);
#96=PLANE('',#3732);
#97=PLANE('',#3733);
#98=PLANE('',#3734);
#99=PLANE('',#3763);
#100=PLANE('',#3764);
#101=PLANE('',#3765);
#102=PLANE('',#3766);
#103=PLANE('',#3767);
#104=PLANE('',#3768);
#105=PLANE('',#3769);
#106=PLANE('',#3770);
#107=PLANE('',#3771);
#108=PLANE('',#3772);
#109=PLANE('',#3773);
#110=PLANE('',#3774);
#111=PLANE('',#3775);
#112=PLANE('',#3776);
#113=PLANE('',#3777);
#114=PLANE('',#3778);
#115=PLANE('',#3779);
#116=PLANE('',#3780);
#117=PLANE('',#3781);
#118=PLANE('',#3782);
#119=PLANE('',#3783);
#120=PLANE('',#3784);
#121=PLANE('',#3785);
#122=PLANE('',#3786);
#123=PLANE('',#3787);
#124=PLANE('',#3788);
#125=PLANE('',#3789);
#126=PLANE('',#3790);
#127=PLANE('',#3791);
#128=PLANE('',#3792);
#129=PLANE('',#3793);
#130=PLANE('',#3794);
#131=PLANE('',#3795);
#132=PLANE('',#3796);
#133=PLANE('',#3797);
#134=PLANE('',#3798);
#135=PLANE('',#3799);
#136=PLANE('',#3800);
#137=PLANE('',#3801);
#138=PLANE('',#3802);
#139=PLANE('',#3803);
#140=PLANE('',#3804);
#141=PLANE('',#3805);
#142=PLANE('',#3806);
#143=PLANE('',#3807);
#144=PLANE('',#3808);
#145=PLANE('',#3809);
#146=PLANE('',#3810);
#147=PLANE('',#3811);
#148=PLANE('',#3812);
#149=PLANE('',#3813);
#150=PLANE('',#3814);
#151=PLANE('',#3815);
#152=PLANE('',#3816);
#153=PLANE('',#3817);
#154=PLANE('',#3818);
#155=PLANE('',#3819);
#156=PLANE('',#3820);
#157=PLANE('',#3821);
#158=PLANE('',#3822);
#159=PLANE('',#3823);
#160=PLANE('',#3824);
#161=PLANE('',#3825);
#162=PLANE('',#3826);
#163=PLANE('',#3827);
#164=PLANE('',#3828);
#165=PLANE('',#3829);
#166=PLANE('',#3830);
#167=PLANE('',#3831);
#168=PLANE('',#3832);
#169=FACE_OUTER_BOUND('',#380,.T.);
#170=FACE_OUTER_BOUND('',#381,.T.);
#171=FACE_OUTER_BOUND('',#382,.T.);
#172=FACE_OUTER_BOUND('',#383,.T.);
#173=FACE_OUTER_BOUND('',#384,.T.);
#174=FACE_OUTER_BOUND('',#385,.T.);
#175=FACE_OUTER_BOUND('',#386,.T.);
#176=FACE_OUTER_BOUND('',#387,.T.);
#177=FACE_OUTER_BOUND('',#388,.T.);
#178=FACE_OUTER_BOUND('',#389,.T.);
#179=FACE_OUTER_BOUND('',#390,.T.);
#180=FACE_OUTER_BOUND('',#391,.T.);
#181=FACE_OUTER_BOUND('',#392,.T.);
#182=FACE_OUTER_BOUND('',#393,.T.);
#183=FACE_OUTER_BOUND('',#394,.T.);
#184=FACE_OUTER_BOUND('',#395,.T.);
#185=FACE_OUTER_BOUND('',#396,.T.);
#186=FACE_OUTER_BOUND('',#397,.T.);
#187=FACE_OUTER_BOUND('',#398,.T.);
#188=FACE_OUTER_BOUND('',#399,.T.);
#189=FACE_OUTER_BOUND('',#400,.T.);
#190=FACE_OUTER_BOUND('',#401,.T.);
#191=FACE_OUTER_BOUND('',#402,.T.);
#192=FACE_OUTER_BOUND('',#403,.T.);
#193=FACE_OUTER_BOUND('',#404,.T.);
#194=FACE_OUTER_BOUND('',#407,.T.);
#195=FACE_OUTER_BOUND('',#408,.T.);
#196=FACE_OUTER_BOUND('',#409,.T.);
#197=FACE_OUTER_BOUND('',#410,.T.);
#198=FACE_OUTER_BOUND('',#411,.T.);
#199=FACE_OUTER_BOUND('',#412,.T.);
#200=FACE_OUTER_BOUND('',#413,.T.);
#201=FACE_OUTER_BOUND('',#414,.T.);
#202=FACE_OUTER_BOUND('',#415,.T.);
#203=FACE_OUTER_BOUND('',#416,.T.);
#204=FACE_OUTER_BOUND('',#417,.T.);
#205=FACE_OUTER_BOUND('',#418,.T.);
#206=FACE_OUTER_BOUND('',#419,.T.);
#207=FACE_OUTER_BOUND('',#420,.T.);
#208=FACE_OUTER_BOUND('',#421,.T.);
#209=FACE_OUTER_BOUND('',#422,.T.);
#210=FACE_OUTER_BOUND('',#423,.T.);
#211=FACE_OUTER_BOUND('',#424,.T.);
#212=FACE_OUTER_BOUND('',#425,.T.);
#213=FACE_OUTER_BOUND('',#426,.T.);
#214=FACE_OUTER_BOUND('',#427,.T.);
#215=FACE_OUTER_BOUND('',#428,.T.);
#216=FACE_OUTER_BOUND('',#429,.T.);
#217=FACE_OUTER_BOUND('',#430,.T.);
#218=FACE_OUTER_BOUND('',#431,.T.);
#219=FACE_OUTER_BOUND('',#432,.T.);
#220=FACE_OUTER_BOUND('',#433,.T.);
#221=FACE_OUTER_BOUND('',#434,.T.);
#222=FACE_OUTER_BOUND('',#435,.T.);
#223=FACE_OUTER_BOUND('',#436,.T.);
#224=FACE_OUTER_BOUND('',#437,.T.);
#225=FACE_OUTER_BOUND('',#438,.T.);
#226=FACE_OUTER_BOUND('',#439,.T.);
#227=FACE_OUTER_BOUND('',#440,.T.);
#228=FACE_OUTER_BOUND('',#441,.T.);
#229=FACE_OUTER_BOUND('',#442,.T.);
#230=FACE_OUTER_BOUND('',#443,.T.);
#231=FACE_OUTER_BOUND('',#444,.T.);
#232=FACE_OUTER_BOUND('',#445,.T.);
#233=FACE_OUTER_BOUND('',#446,.T.);
#234=FACE_OUTER_BOUND('',#447,.T.);
#235=FACE_OUTER_BOUND('',#448,.T.);
#236=FACE_OUTER_BOUND('',#449,.T.);
#237=FACE_OUTER_BOUND('',#450,.T.);
#238=FACE_OUTER_BOUND('',#451,.T.);
#239=FACE_OUTER_BOUND('',#452,.T.);
#240=FACE_OUTER_BOUND('',#453,.T.);
#241=FACE_OUTER_BOUND('',#454,.T.);
#242=FACE_OUTER_BOUND('',#455,.T.);
#243=FACE_OUTER_BOUND('',#456,.T.);
#244=FACE_OUTER_BOUND('',#457,.T.);
#245=FACE_OUTER_BOUND('',#458,.T.);
#246=FACE_OUTER_BOUND('',#459,.T.);
#247=FACE_OUTER_BOUND('',#460,.T.);
#248=FACE_OUTER_BOUND('',#461,.T.);
#249=FACE_OUTER_BOUND('',#462,.T.);
#250=FACE_OUTER_BOUND('',#463,.T.);
#251=FACE_OUTER_BOUND('',#464,.T.);
#252=FACE_OUTER_BOUND('',#465,.T.);
#253=FACE_OUTER_BOUND('',#466,.T.);
#254=FACE_OUTER_BOUND('',#467,.T.);
#255=FACE_OUTER_BOUND('',#468,.T.);
#256=FACE_OUTER_BOUND('',#469,.T.);
#257=FACE_OUTER_BOUND('',#470,.T.);
#258=FACE_OUTER_BOUND('',#471,.T.);
#259=FACE_OUTER_BOUND('',#472,.T.);
#260=FACE_OUTER_BOUND('',#473,.T.);
#261=FACE_OUTER_BOUND('',#474,.T.);
#262=FACE_OUTER_BOUND('',#475,.T.);
#263=FACE_OUTER_BOUND('',#476,.T.);
#264=FACE_OUTER_BOUND('',#477,.T.);
#265=FACE_OUTER_BOUND('',#478,.T.);
#266=FACE_OUTER_BOUND('',#479,.T.);
#267=FACE_OUTER_BOUND('',#480,.T.);
#268=FACE_OUTER_BOUND('',#481,.T.);
#269=FACE_OUTER_BOUND('',#482,.T.);
#270=FACE_OUTER_BOUND('',#483,.T.);
#271=FACE_OUTER_BOUND('',#484,.T.);
#272=FACE_OUTER_BOUND('',#486,.T.);
#273=FACE_OUTER_BOUND('',#487,.T.);
#274=FACE_OUTER_BOUND('',#488,.T.);
#275=FACE_OUTER_BOUND('',#489,.T.);
#276=FACE_OUTER_BOUND('',#490,.T.);
#277=FACE_OUTER_BOUND('',#491,.T.);
#278=FACE_OUTER_BOUND('',#492,.T.);
#279=FACE_OUTER_BOUND('',#493,.T.);
#280=FACE_OUTER_BOUND('',#494,.T.);
#281=FACE_OUTER_BOUND('',#495,.T.);
#282=FACE_OUTER_BOUND('',#496,.T.);
#283=FACE_OUTER_BOUND('',#497,.T.);
#284=FACE_OUTER_BOUND('',#498,.T.);
#285=FACE_OUTER_BOUND('',#499,.T.);
#286=FACE_OUTER_BOUND('',#500,.T.);
#287=FACE_OUTER_BOUND('',#501,.T.);
#288=FACE_OUTER_BOUND('',#502,.T.);
#289=FACE_OUTER_BOUND('',#503,.T.);
#290=FACE_OUTER_BOUND('',#504,.T.);
#291=FACE_OUTER_BOUND('',#505,.T.);
#292=FACE_OUTER_BOUND('',#506,.T.);
#293=FACE_OUTER_BOUND('',#507,.T.);
#294=FACE_OUTER_BOUND('',#508,.T.);
#295=FACE_OUTER_BOUND('',#509,.T.);
#296=FACE_OUTER_BOUND('',#510,.T.);
#297=FACE_OUTER_BOUND('',#511,.T.);
#298=FACE_OUTER_BOUND('',#512,.T.);
#299=FACE_OUTER_BOUND('',#513,.T.);
#300=FACE_OUTER_BOUND('',#514,.T.);
#301=FACE_OUTER_BOUND('',#515,.T.);
#302=FACE_OUTER_BOUND('',#516,.T.);
#303=FACE_OUTER_BOUND('',#517,.T.);
#304=FACE_OUTER_BOUND('',#518,.T.);
#305=FACE_OUTER_BOUND('',#519,.T.);
#306=FACE_OUTER_BOUND('',#520,.T.);
#307=FACE_OUTER_BOUND('',#521,.T.);
#308=FACE_OUTER_BOUND('',#522,.T.);
#309=FACE_OUTER_BOUND('',#523,.T.);
#310=FACE_OUTER_BOUND('',#524,.T.);
#311=FACE_OUTER_BOUND('',#525,.T.);
#312=FACE_OUTER_BOUND('',#526,.T.);
#313=FACE_OUTER_BOUND('',#527,.T.);
#314=FACE_OUTER_BOUND('',#528,.T.);
#315=FACE_OUTER_BOUND('',#529,.T.);
#316=FACE_OUTER_BOUND('',#530,.T.);
#317=FACE_OUTER_BOUND('',#531,.T.);
#318=FACE_OUTER_BOUND('',#533,.T.);
#319=FACE_OUTER_BOUND('',#534,.T.);
#320=FACE_OUTER_BOUND('',#535,.T.);
#321=FACE_OUTER_BOUND('',#536,.T.);
#322=FACE_OUTER_BOUND('',#537,.T.);
#323=FACE_OUTER_BOUND('',#538,.T.);
#324=FACE_OUTER_BOUND('',#539,.T.);
#325=FACE_OUTER_BOUND('',#540,.T.);
#326=FACE_OUTER_BOUND('',#541,.T.);
#327=FACE_OUTER_BOUND('',#542,.T.);
#328=FACE_OUTER_BOUND('',#543,.T.);
#329=FACE_OUTER_BOUND('',#544,.T.);
#330=FACE_OUTER_BOUND('',#545,.T.);
#331=FACE_OUTER_BOUND('',#546,.T.);
#332=FACE_OUTER_BOUND('',#547,.T.);
#333=FACE_OUTER_BOUND('',#548,.T.);
#334=FACE_OUTER_BOUND('',#549,.T.);
#335=FACE_OUTER_BOUND('',#550,.T.);
#336=FACE_OUTER_BOUND('',#551,.T.);
#337=FACE_OUTER_BOUND('',#552,.T.);
#338=FACE_OUTER_BOUND('',#553,.T.);
#339=FACE_OUTER_BOUND('',#554,.T.);
#340=FACE_OUTER_BOUND('',#555,.T.);
#341=FACE_OUTER_BOUND('',#556,.T.);
#342=FACE_OUTER_BOUND('',#557,.T.);
#343=FACE_OUTER_BOUND('',#558,.T.);
#344=FACE_OUTER_BOUND('',#559,.T.);
#345=FACE_OUTER_BOUND('',#560,.T.);
#346=FACE_OUTER_BOUND('',#561,.T.);
#347=FACE_OUTER_BOUND('',#562,.T.);
#348=FACE_OUTER_BOUND('',#563,.T.);
#349=FACE_OUTER_BOUND('',#564,.T.);
#350=FACE_OUTER_BOUND('',#565,.T.);
#351=FACE_OUTER_BOUND('',#566,.T.);
#352=FACE_OUTER_BOUND('',#567,.T.);
#353=FACE_OUTER_BOUND('',#568,.T.);
#354=FACE_OUTER_BOUND('',#569,.T.);
#355=FACE_OUTER_BOUND('',#570,.T.);
#356=FACE_OUTER_BOUND('',#571,.T.);
#357=FACE_OUTER_BOUND('',#572,.T.);
#358=FACE_OUTER_BOUND('',#573,.T.);
#359=FACE_OUTER_BOUND('',#574,.T.);
#360=FACE_OUTER_BOUND('',#575,.T.);
#361=FACE_OUTER_BOUND('',#576,.T.);
#362=FACE_OUTER_BOUND('',#577,.T.);
#363=FACE_OUTER_BOUND('',#578,.T.);
#364=FACE_OUTER_BOUND('',#579,.T.);
#365=FACE_OUTER_BOUND('',#580,.T.);
#366=FACE_OUTER_BOUND('',#581,.T.);
#367=FACE_OUTER_BOUND('',#582,.T.);
#368=FACE_OUTER_BOUND('',#583,.T.);
#369=FACE_OUTER_BOUND('',#584,.T.);
#370=FACE_OUTER_BOUND('',#585,.T.);
#371=FACE_OUTER_BOUND('',#586,.T.);
#372=FACE_OUTER_BOUND('',#587,.T.);
#373=FACE_OUTER_BOUND('',#588,.T.);
#374=FACE_OUTER_BOUND('',#589,.T.);
#375=FACE_OUTER_BOUND('',#590,.T.);
#376=FACE_OUTER_BOUND('',#591,.T.);
#377=FACE_OUTER_BOUND('',#592,.T.);
#378=FACE_OUTER_BOUND('',#593,.T.);
#379=FACE_OUTER_BOUND('',#594,.T.);
#380=EDGE_LOOP('',(#2288,#2289,#2290,#2291));
#381=EDGE_LOOP('',(#2292,#2293,#2294,#2295));
#382=EDGE_LOOP('',(#2296,#2297,#2298,#2299));
#383=EDGE_LOOP('',(#2300,#2301,#2302,#2303));
#384=EDGE_LOOP('',(#2304,#2305,#2306,#2307));
#385=EDGE_LOOP('',(#2308,#2309,#2310,#2311));
#386=EDGE_LOOP('',(#2312,#2313,#2314,#2315));
#387=EDGE_LOOP('',(#2316,#2317,#2318,#2319));
#388=EDGE_LOOP('',(#2320,#2321,#2322,#2323));
#389=EDGE_LOOP('',(#2324,#2325,#2326,#2327));
#390=EDGE_LOOP('',(#2328,#2329,#2330,#2331));
#391=EDGE_LOOP('',(#2332,#2333,#2334,#2335));
#392=EDGE_LOOP('',(#2336,#2337,#2338,#2339));
#393=EDGE_LOOP('',(#2340,#2341,#2342,#2343));
#394=EDGE_LOOP('',(#2344,#2345,#2346,#2347));
#395=EDGE_LOOP('',(#2348,#2349,#2350,#2351));
#396=EDGE_LOOP('',(#2352,#2353,#2354,#2355));
#397=EDGE_LOOP('',(#2356,#2357,#2358,#2359));
#398=EDGE_LOOP('',(#2360,#2361,#2362,#2363));
#399=EDGE_LOOP('',(#2364,#2365,#2366,#2367));
#400=EDGE_LOOP('',(#2368,#2369,#2370,#2371));
#401=EDGE_LOOP('',(#2372,#2373,#2374,#2375));
#402=EDGE_LOOP('',(#2376,#2377,#2378,#2379));
#403=EDGE_LOOP('',(#2380,#2381,#2382,#2383));
#404=EDGE_LOOP('',(#2384,#2385,#2386,#2387,#2388,#2389,#2390,#2391));
#405=EDGE_LOOP('',(#2392,#2393,#2394,#2395,#2396,#2397,#2398,#2399,#2400,
#2401,#2402,#2403,#2404,#2405,#2406,#2407));
#406=EDGE_LOOP('',(#2408,#2409,#2410,#2411,#2412,#2413,#2414,#2415,#2416,
#2417,#2418,#2419,#2420,#2421,#2422,#2423));
#407=EDGE_LOOP('',(#2424,#2425,#2426,#2427));
#408=EDGE_LOOP('',(#2428,#2429,#2430,#2431));
#409=EDGE_LOOP('',(#2432,#2433,#2434,#2435));
#410=EDGE_LOOP('',(#2436,#2437,#2438,#2439));
#411=EDGE_LOOP('',(#2440,#2441,#2442,#2443));
#412=EDGE_LOOP('',(#2444,#2445,#2446,#2447));
#413=EDGE_LOOP('',(#2448,#2449,#2450,#2451));
#414=EDGE_LOOP('',(#2452,#2453,#2454,#2455));
#415=EDGE_LOOP('',(#2456,#2457,#2458,#2459));
#416=EDGE_LOOP('',(#2460,#2461,#2462,#2463));
#417=EDGE_LOOP('',(#2464,#2465,#2466,#2467));
#418=EDGE_LOOP('',(#2468,#2469,#2470,#2471));
#419=EDGE_LOOP('',(#2472,#2473,#2474,#2475));
#420=EDGE_LOOP('',(#2476,#2477,#2478,#2479));
#421=EDGE_LOOP('',(#2480,#2481,#2482,#2483));
#422=EDGE_LOOP('',(#2484,#2485,#2486,#2487));
#423=EDGE_LOOP('',(#2488,#2489,#2490,#2491));
#424=EDGE_LOOP('',(#2492,#2493,#2494,#2495));
#425=EDGE_LOOP('',(#2496,#2497,#2498,#2499));
#426=EDGE_LOOP('',(#2500,#2501,#2502,#2503));
#427=EDGE_LOOP('',(#2504,#2505,#2506,#2507));
#428=EDGE_LOOP('',(#2508,#2509,#2510,#2511));
#429=EDGE_LOOP('',(#2512,#2513,#2514,#2515));
#430=EDGE_LOOP('',(#2516,#2517,#2518,#2519));
#431=EDGE_LOOP('',(#2520,#2521,#2522,#2523));
#432=EDGE_LOOP('',(#2524,#2525,#2526,#2527));
#433=EDGE_LOOP('',(#2528,#2529,#2530,#2531));
#434=EDGE_LOOP('',(#2532,#2533,#2534,#2535));
#435=EDGE_LOOP('',(#2536,#2537,#2538,#2539));
#436=EDGE_LOOP('',(#2540,#2541,#2542,#2543));
#437=EDGE_LOOP('',(#2544,#2545,#2546,#2547));
#438=EDGE_LOOP('',(#2548,#2549,#2550,#2551));
#439=EDGE_LOOP('',(#2552,#2553,#2554,#2555));
#440=EDGE_LOOP('',(#2556,#2557,#2558,#2559));
#441=EDGE_LOOP('',(#2560,#2561,#2562,#2563));
#442=EDGE_LOOP('',(#2564,#2565,#2566,#2567));
#443=EDGE_LOOP('',(#2568,#2569,#2570,#2571));
#444=EDGE_LOOP('',(#2572,#2573,#2574,#2575));
#445=EDGE_LOOP('',(#2576,#2577,#2578,#2579));
#446=EDGE_LOOP('',(#2580,#2581,#2582,#2583));
#447=EDGE_LOOP('',(#2584,#2585,#2586,#2587));
#448=EDGE_LOOP('',(#2588,#2589,#2590,#2591));
#449=EDGE_LOOP('',(#2592,#2593,#2594,#2595));
#450=EDGE_LOOP('',(#2596,#2597,#2598,#2599));
#451=EDGE_LOOP('',(#2600,#2601,#2602,#2603));
#452=EDGE_LOOP('',(#2604,#2605,#2606,#2607));
#453=EDGE_LOOP('',(#2608,#2609,#2610,#2611));
#454=EDGE_LOOP('',(#2612,#2613,#2614,#2615));
#455=EDGE_LOOP('',(#2616,#2617,#2618,#2619,#2620,#2621,#2622,#2623,#2624,
#2625,#2626,#2627,#2628,#2629,#2630,#2631));
#456=EDGE_LOOP('',(#2632,#2633,#2634,#2635));
#457=EDGE_LOOP('',(#2636,#2637,#2638,#2639));
#458=EDGE_LOOP('',(#2640,#2641,#2642,#2643));
#459=EDGE_LOOP('',(#2644,#2645,#2646,#2647));
#460=EDGE_LOOP('',(#2648,#2649,#2650,#2651));
#461=EDGE_LOOP('',(#2652,#2653,#2654,#2655));
#462=EDGE_LOOP('',(#2656,#2657,#2658,#2659));
#463=EDGE_LOOP('',(#2660,#2661,#2662,#2663));
#464=EDGE_LOOP('',(#2664,#2665,#2666,#2667));
#465=EDGE_LOOP('',(#2668,#2669,#2670,#2671));
#466=EDGE_LOOP('',(#2672,#2673,#2674,#2675));
#467=EDGE_LOOP('',(#2676,#2677,#2678,#2679));
#468=EDGE_LOOP('',(#2680,#2681,#2682,#2683));
#469=EDGE_LOOP('',(#2684,#2685,#2686,#2687));
#470=EDGE_LOOP('',(#2688,#2689,#2690,#2691));
#471=EDGE_LOOP('',(#2692,#2693,#2694,#2695));
#472=EDGE_LOOP('',(#2696,#2697,#2698,#2699));
#473=EDGE_LOOP('',(#2700,#2701,#2702,#2703));
#474=EDGE_LOOP('',(#2704,#2705,#2706,#2707));
#475=EDGE_LOOP('',(#2708,#2709,#2710,#2711));
#476=EDGE_LOOP('',(#2712,#2713,#2714,#2715,#2716,#2717,#2718,#2719,#2720,
#2721,#2722,#2723,#2724,#2725,#2726,#2727));
#477=EDGE_LOOP('',(#2728,#2729,#2730,#2731));
#478=EDGE_LOOP('',(#2732,#2733,#2734,#2735));
#479=EDGE_LOOP('',(#2736,#2737,#2738,#2739));
#480=EDGE_LOOP('',(#2740,#2741,#2742,#2743));
#481=EDGE_LOOP('',(#2744,#2745,#2746,#2747));
#482=EDGE_LOOP('',(#2748,#2749,#2750,#2751,#2752,#2753,#2754,#2755));
#483=EDGE_LOOP('',(#2756,#2757,#2758,#2759));
#484=EDGE_LOOP('',(#2760,#2761,#2762,#2763,#2764,#2765,#2766,#2767));
#485=EDGE_LOOP('',(#2768,#2769,#2770,#2771,#2772,#2773,#2774,#2775,#2776,
#2777,#2778,#2779,#2780,#2781,#2782,#2783));
#486=EDGE_LOOP('',(#2784,#2785,#2786,#2787));
#487=EDGE_LOOP('',(#2788,#2789,#2790,#2791));
#488=EDGE_LOOP('',(#2792,#2793,#2794,#2795));
#489=EDGE_LOOP('',(#2796,#2797,#2798,#2799));
#490=EDGE_LOOP('',(#2800,#2801,#2802,#2803));
#491=EDGE_LOOP('',(#2804,#2805,#2806,#2807));
#492=EDGE_LOOP('',(#2808,#2809,#2810,#2811));
#493=EDGE_LOOP('',(#2812,#2813,#2814,#2815));
#494=EDGE_LOOP('',(#2816,#2817,#2818,#2819));
#495=EDGE_LOOP('',(#2820,#2821,#2822,#2823));
#496=EDGE_LOOP('',(#2824,#2825,#2826,#2827));
#497=EDGE_LOOP('',(#2828,#2829,#2830,#2831));
#498=EDGE_LOOP('',(#2832,#2833,#2834,#2835));
#499=EDGE_LOOP('',(#2836,#2837,#2838,#2839));
#500=EDGE_LOOP('',(#2840,#2841,#2842,#2843));
#501=EDGE_LOOP('',(#2844,#2845,#2846,#2847));
#502=EDGE_LOOP('',(#2848,#2849,#2850,#2851));
#503=EDGE_LOOP('',(#2852,#2853,#2854,#2855));
#504=EDGE_LOOP('',(#2856,#2857,#2858,#2859));
#505=EDGE_LOOP('',(#2860,#2861,#2862,#2863));
#506=EDGE_LOOP('',(#2864,#2865,#2866,#2867));
#507=EDGE_LOOP('',(#2868,#2869,#2870,#2871));
#508=EDGE_LOOP('',(#2872,#2873,#2874,#2875));
#509=EDGE_LOOP('',(#2876,#2877,#2878,#2879));
#510=EDGE_LOOP('',(#2880,#2881,#2882,#2883));
#511=EDGE_LOOP('',(#2884,#2885,#2886,#2887));
#512=EDGE_LOOP('',(#2888,#2889,#2890,#2891));
#513=EDGE_LOOP('',(#2892,#2893,#2894,#2895));
#514=EDGE_LOOP('',(#2896,#2897,#2898,#2899));
#515=EDGE_LOOP('',(#2900,#2901,#2902,#2903));
#516=EDGE_LOOP('',(#2904,#2905,#2906,#2907));
#517=EDGE_LOOP('',(#2908,#2909,#2910,#2911));
#518=EDGE_LOOP('',(#2912,#2913,#2914,#2915));
#519=EDGE_LOOP('',(#2916,#2917,#2918,#2919));
#520=EDGE_LOOP('',(#2920,#2921,#2922,#2923));
#521=EDGE_LOOP('',(#2924,#2925,#2926,#2927));
#522=EDGE_LOOP('',(#2928,#2929,#2930,#2931));
#523=EDGE_LOOP('',(#2932,#2933,#2934,#2935));
#524=EDGE_LOOP('',(#2936,#2937,#2938,#2939));
#525=EDGE_LOOP('',(#2940,#2941,#2942,#2943));
#526=EDGE_LOOP('',(#2944,#2945,#2946,#2947));
#527=EDGE_LOOP('',(#2948,#2949,#2950,#2951));
#528=EDGE_LOOP('',(#2952,#2953,#2954,#2955));
#529=EDGE_LOOP('',(#2956,#2957,#2958,#2959));
#530=EDGE_LOOP('',(#2960,#2961,#2962,#2963));
#531=EDGE_LOOP('',(#2964,#2965,#2966,#2967,#2968,#2969,#2970,#2971));
#532=EDGE_LOOP('',(#2972,#2973,#2974,#2975,#2976,#2977,#2978,#2979,#2980,
#2981,#2982,#2983,#2984,#2985));
#533=EDGE_LOOP('',(#2986,#2987,#2988,#2989));
#534=EDGE_LOOP('',(#2990,#2991,#2992,#2993));
#535=EDGE_LOOP('',(#2994,#2995,#2996,#2997));
#536=EDGE_LOOP('',(#2998,#2999,#3000,#3001));
#537=EDGE_LOOP('',(#3002,#3003,#3004,#3005));
#538=EDGE_LOOP('',(#3006,#3007,#3008,#3009));
#539=EDGE_LOOP('',(#3010,#3011,#3012,#3013));
#540=EDGE_LOOP('',(#3014,#3015,#3016,#3017));
#541=EDGE_LOOP('',(#3018,#3019,#3020,#3021));
#542=EDGE_LOOP('',(#3022,#3023,#3024,#3025));
#543=EDGE_LOOP('',(#3026,#3027,#3028,#3029));
#544=EDGE_LOOP('',(#3030,#3031,#3032,#3033));
#545=EDGE_LOOP('',(#3034,#3035,#3036,#3037));
#546=EDGE_LOOP('',(#3038,#3039,#3040,#3041));
#547=EDGE_LOOP('',(#3042,#3043,#3044,#3045));
#548=EDGE_LOOP('',(#3046,#3047,#3048,#3049));
#549=EDGE_LOOP('',(#3050,#3051,#3052,#3053,#3054,#3055,#3056,#3057,#3058,
#3059,#3060,#3061,#3062,#3063,#3064,#3065));
#550=EDGE_LOOP('',(#3066,#3067,#3068,#3069));
#551=EDGE_LOOP('',(#3070,#3071,#3072,#3073));
#552=EDGE_LOOP('',(#3074,#3075,#3076,#3077));
#553=EDGE_LOOP('',(#3078,#3079,#3080,#3081));
#554=EDGE_LOOP('',(#3082,#3083,#3084,#3085));
#555=EDGE_LOOP('',(#3086,#3087,#3088,#3089));
#556=EDGE_LOOP('',(#3090,#3091,#3092,#3093));
#557=EDGE_LOOP('',(#3094,#3095,#3096,#3097));
#558=EDGE_LOOP('',(#3098,#3099,#3100,#3101));
#559=EDGE_LOOP('',(#3102,#3103,#3104,#3105));
#560=EDGE_LOOP('',(#3106,#3107,#3108,#3109));
#561=EDGE_LOOP('',(#3110,#3111,#3112,#3113));
#562=EDGE_LOOP('',(#3114,#3115,#3116,#3117));
#563=EDGE_LOOP('',(#3118,#3119,#3120,#3121));
#564=EDGE_LOOP('',(#3122,#3123,#3124,#3125,#3126,#3127,#3128,#3129,#3130,
#3131,#3132,#3133,#3134,#3135));
#565=EDGE_LOOP('',(#3136,#3137,#3138,#3139));
#566=EDGE_LOOP('',(#3140,#3141,#3142,#3143));
#567=EDGE_LOOP('',(#3144,#3145,#3146,#3147));
#568=EDGE_LOOP('',(#3148,#3149,#3150,#3151));
#569=EDGE_LOOP('',(#3152,#3153,#3154,#3155));
#570=EDGE_LOOP('',(#3156,#3157,#3158,#3159));
#571=EDGE_LOOP('',(#3160,#3161,#3162,#3163));
#572=EDGE_LOOP('',(#3164,#3165,#3166,#3167));
#573=EDGE_LOOP('',(#3168,#3169,#3170,#3171));
#574=EDGE_LOOP('',(#3172,#3173,#3174,#3175));
#575=EDGE_LOOP('',(#3176,#3177,#3178,#3179));
#576=EDGE_LOOP('',(#3180,#3181,#3182,#3183));
#577=EDGE_LOOP('',(#3184,#3185,#3186,#3187));
#578=EDGE_LOOP('',(#3188,#3189,#3190,#3191));
#579=EDGE_LOOP('',(#3192,#3193,#3194,#3195));
#580=EDGE_LOOP('',(#3196,#3197,#3198,#3199,#3200,#3201,#3202,#3203,#3204,
#3205));
#581=EDGE_LOOP('',(#3206,#3207,#3208,#3209,#3210,#3211,#3212,#3213,#3214,
#3215));
#582=EDGE_LOOP('',(#3216,#3217,#3218,#3219));
#583=EDGE_LOOP('',(#3220,#3221,#3222,#3223,#3224,#3225));
#584=EDGE_LOOP('',(#3226,#3227,#3228,#3229));
#585=EDGE_LOOP('',(#3230,#3231,#3232,#3233));
#586=EDGE_LOOP('',(#3234,#3235,#3236,#3237));
#587=EDGE_LOOP('',(#3238,#3239,#3240,#3241));
#588=EDGE_LOOP('',(#3242,#3243,#3244,#3245));
#589=EDGE_LOOP('',(#3246,#3247,#3248,#3249));
#590=EDGE_LOOP('',(#3250,#3251,#3252,#3253));
#591=EDGE_LOOP('',(#3254,#3255,#3256,#3257));
#592=EDGE_LOOP('',(#3258,#3259,#3260,#3261));
#593=EDGE_LOOP('',(#3262,#3263,#3264,#3265));
#594=EDGE_LOOP('',(#3266,#3267,#3268,#3269));
#595=ELLIPSE('',#3559,0.407836463283325,0.4);
#596=ELLIPSE('',#3560,0.407836463283327,0.4);
#597=ELLIPSE('',#3562,0.40783646328333,0.4);
#598=ELLIPSE('',#3564,0.407836463283326,0.4);
#599=ELLIPSE('',#3566,0.407836463283323,0.4);
#600=ELLIPSE('',#3568,0.40783646328333,0.4);
#601=ELLIPSE('',#3570,0.407836463283331,0.4);
#602=ELLIPSE('',#3572,0.407836463283327,0.4);
#603=ELLIPSE('',#3574,0.407836463283324,0.4);
#604=ELLIPSE('',#3576,0.407836463283329,0.4);
#605=ELLIPSE('',#3578,0.407836463283325,0.4);
#606=ELLIPSE('',#3580,0.407836463283327,0.4);
#607=ELLIPSE('',#3582,0.407836463283329,0.4);
#608=ELLIPSE('',#3584,0.407836463283328,0.4);
#609=ELLIPSE('',#3586,0.407836463283325,0.4);
#610=ELLIPSE('',#3588,0.407836463283329,0.4);
#611=ELLIPSE('',#3601,0.407836463283329,0.4);
#612=ELLIPSE('',#3602,0.407836463283327,0.4);
#613=ELLIPSE('',#3604,0.407836463283328,0.4);
#614=ELLIPSE('',#3606,0.407836463283325,0.4);
#615=ELLIPSE('',#3608,0.407836463283328,0.4);
#616=ELLIPSE('',#3610,0.407836463283328,0.4);
#617=ELLIPSE('',#3612,0.407836463283328,0.4);
#618=ELLIPSE('',#3614,0.407836463283326,0.4);
#619=ELLIPSE('',#3616,0.407836463283328,0.4);
#620=ELLIPSE('',#3618,0.407836463283327,0.4);
#621=ELLIPSE('',#3620,0.407836463283327,0.4);
#622=ELLIPSE('',#3622,0.407836463283327,0.4);
#623=ELLIPSE('',#3624,0.407836463283329,0.4);
#624=ELLIPSE('',#3626,0.407836463283328,0.4);
#625=ELLIPSE('',#3628,0.407836463283327,0.4);
#626=ELLIPSE('',#3630,0.407836463283326,0.4);
#627=ELLIPSE('',#3696,0.407836463283328,0.4);
#628=ELLIPSE('',#3697,0.407836463283327,0.4);
#629=ELLIPSE('',#3699,0.407836463283327,0.4);
#630=ELLIPSE('',#3701,0.407836463283327,0.4);
#631=ELLIPSE('',#3703,0.407836463283326,0.4);
#632=ELLIPSE('',#3704,0.407836463283325,0.4);
#633=ELLIPSE('',#3706,0.407836463283326,0.4);
#634=ELLIPSE('',#3708,0.407836463283328,0.4);
#635=ELLIPSE('',#3710,0.407836463283327,0.4);
#636=ELLIPSE('',#3712,0.407836463283328,0.4);
#637=ELLIPSE('',#3714,0.407836463283327,0.4);
#638=ELLIPSE('',#3716,0.407836463283327,0.4);
#639=ELLIPSE('',#3719,0.407836463283328,0.4);
#640=ELLIPSE('',#3721,0.407836463283327,0.4);
#641=ELLIPSE('',#3723,0.407836463283329,0.4);
#642=ELLIPSE('',#3725,0.407836463283326,0.4);
#643=ELLIPSE('',#3736,0.41028674530902,0.4);
#644=ELLIPSE('',#3737,0.41028674530902,0.4);
#645=ELLIPSE('',#3739,0.410286745309018,0.4);
#646=ELLIPSE('',#3741,0.410286745309025,0.4);
#647=ELLIPSE('',#3743,0.410286745309021,0.4);
#648=ELLIPSE('',#3745,0.410286745309022,0.4);
#649=ELLIPSE('',#3747,0.410286745309025,0.4);
#650=ELLIPSE('',#3749,0.410286745309019,0.4);
#651=ELLIPSE('',#3751,0.410286745309023,0.4);
#652=ELLIPSE('',#3753,0.410286745309022,0.4);
#653=ELLIPSE('',#3755,0.410286745309021,0.4);
#654=ELLIPSE('',#3757,0.410286745309021,0.4);
#655=ELLIPSE('',#3759,0.410286745309022,0.4);
#656=ELLIPSE('',#3761,0.410286745309022,0.4);
#657=LINE('',#4816,#1084);
#658=LINE('',#4820,#1085);
#659=LINE('',#4824,#1086);
#660=LINE('',#4827,#1087);
#661=LINE('',#4830,#1088);
#662=LINE('',#4833,#1089);
#663=LINE('',#4836,#1090);
#664=LINE('',#4839,#1091);
#665=LINE('',#4842,#1092);
#666=LINE('',#4845,#1093);
#667=LINE('',#4848,#1094);
#668=LINE('',#4851,#1095);
#669=LINE('',#4854,#1096);
#670=LINE('',#4857,#1097);
#671=LINE('',#4860,#1098);
#672=LINE('',#4862,#1099);
#673=LINE('',#4866,#1100);
#674=LINE('',#4868,#1101);
#675=LINE('',#4872,#1102);
#676=LINE('',#4874,#1103);
#677=LINE('',#4878,#1104);
#678=LINE('',#4880,#1105);
#679=LINE('',#4884,#1106);
#680=LINE('',#4886,#1107);
#681=LINE('',#4890,#1108);
#682=LINE('',#4892,#1109);
#683=LINE('',#4896,#1110);
#684=LINE('',#4898,#1111);
#685=LINE('',#4902,#1112);
#686=LINE('',#4904,#1113);
#687=LINE('',#4907,#1114);
#688=LINE('',#4908,#1115);
#689=LINE('',#4911,#1116);
#690=LINE('',#4913,#1117);
#691=LINE('',#4914,#1118);
#692=LINE('',#4917,#1119);
#693=LINE('',#4918,#1120);
#694=LINE('',#4921,#1121);
#695=LINE('',#4922,#1122);
#696=LINE('',#4925,#1123);
#697=LINE('',#4926,#1124);
#698=LINE('',#4929,#1125);
#699=LINE('',#4930,#1126);
#700=LINE('',#4933,#1127);
#701=LINE('',#4934,#1128);
#702=LINE('',#4937,#1129);
#703=LINE('',#4938,#1130);
#704=LINE('',#4941,#1131);
#705=LINE('',#4942,#1132);
#706=LINE('',#4946,#1133);
#707=LINE('',#4948,#1134);
#708=LINE('',#4950,#1135);
#709=LINE('',#4952,#1136);
#710=LINE('',#4954,#1137);
#711=LINE('',#4956,#1138);
#712=LINE('',#4958,#1139);
#713=LINE('',#4962,#1140);
#714=LINE('',#4964,#1141);
#715=LINE('',#4966,#1142);
#716=LINE('',#4968,#1143);
#717=LINE('',#4970,#1144);
#718=LINE('',#4972,#1145);
#719=LINE('',#4974,#1146);
#720=LINE('',#4976,#1147);
#721=LINE('',#4978,#1148);
#722=LINE('',#4980,#1149);
#723=LINE('',#4982,#1150);
#724=LINE('',#4984,#1151);
#725=LINE('',#4986,#1152);
#726=LINE('',#4988,#1153);
#727=LINE('',#4990,#1154);
#728=LINE('',#4991,#1155);
#729=LINE('',#4996,#1156);
#730=LINE('',#5001,#1157);
#731=LINE('',#5005,#1158);
#732=LINE('',#5009,#1159);
#733=LINE('',#5013,#1160);
#734=LINE('',#5017,#1161);
#735=LINE('',#5021,#1162);
#736=LINE('',#5024,#1163);
#737=LINE('',#5028,#1164);
#738=LINE('',#5032,#1165);
#739=LINE('',#5036,#1166);
#740=LINE('',#5040,#1167);
#741=LINE('',#5044,#1168);
#742=LINE('',#5048,#1169);
#743=LINE('',#5052,#1170);
#744=LINE('',#5055,#1171);
#745=LINE('',#5058,#1172);
#746=LINE('',#5060,#1173);
#747=LINE('',#5061,#1174);
#748=LINE('',#5064,#1175);
#749=LINE('',#5065,#1176);
#750=LINE('',#5068,#1177);
#751=LINE('',#5069,#1178);
#752=LINE('',#5072,#1179);
#753=LINE('',#5073,#1180);
#754=LINE('',#5076,#1181);
#755=LINE('',#5077,#1182);
#756=LINE('',#5080,#1183);
#757=LINE('',#5081,#1184);
#758=LINE('',#5084,#1185);
#759=LINE('',#5085,#1186);
#760=LINE('',#5088,#1187);
#761=LINE('',#5089,#1188);
#762=LINE('',#5093,#1189);
#763=LINE('',#5094,#1190);
#764=LINE('',#5096,#1191);
#765=LINE('',#5097,#1192);
#766=LINE('',#5100,#1193);
#767=LINE('',#5101,#1194);
#768=LINE('',#5104,#1195);
#769=LINE('',#5105,#1196);
#770=LINE('',#5108,#1197);
#771=LINE('',#5109,#1198);
#772=LINE('',#5112,#1199);
#773=LINE('',#5113,#1200);
#774=LINE('',#5116,#1201);
#775=LINE('',#5117,#1202);
#776=LINE('',#5120,#1203);
#777=LINE('',#5121,#1204);
#778=LINE('',#5124,#1205);
#779=LINE('',#5125,#1206);
#780=LINE('',#5128,#1207);
#781=LINE('',#5129,#1208);
#782=LINE('',#5132,#1209);
#783=LINE('',#5134,#1210);
#784=LINE('',#5135,#1211);
#785=LINE('',#5138,#1212);
#786=LINE('',#5140,#1213);
#787=LINE('',#5141,#1214);
#788=LINE('',#5144,#1215);
#789=LINE('',#5146,#1216);
#790=LINE('',#5147,#1217);
#791=LINE('',#5150,#1218);
#792=LINE('',#5152,#1219);
#793=LINE('',#5153,#1220);
#794=LINE('',#5156,#1221);
#795=LINE('',#5158,#1222);
#796=LINE('',#5159,#1223);
#797=LINE('',#5162,#1224);
#798=LINE('',#5164,#1225);
#799=LINE('',#5165,#1226);
#800=LINE('',#5167,#1227);
#801=LINE('',#5168,#1228);
#802=LINE('',#5170,#1229);
#803=LINE('',#5172,#1230);
#804=LINE('',#5174,#1231);
#805=LINE('',#5176,#1232);
#806=LINE('',#5178,#1233);
#807=LINE('',#5180,#1234);
#808=LINE('',#5182,#1235);
#809=LINE('',#5188,#1236);
#810=LINE('',#5190,#1237);
#811=LINE('',#5192,#1238);
#812=LINE('',#5193,#1239);
#813=LINE('',#5196,#1240);
#814=LINE('',#5198,#1241);
#815=LINE('',#5199,#1242);
#816=LINE('',#5202,#1243);
#817=LINE('',#5204,#1244);
#818=LINE('',#5205,#1245);
#819=LINE('',#5208,#1246);
#820=LINE('',#5210,#1247);
#821=LINE('',#5211,#1248);
#822=LINE('',#5214,#1249);
#823=LINE('',#5215,#1250);
#824=LINE('',#5216,#1251);
#825=LINE('',#5219,#1252);
#826=LINE('',#5220,#1253);
#827=LINE('',#5223,#1254);
#828=LINE('',#5224,#1255);
#829=LINE('',#5227,#1256);
#830=LINE('',#5228,#1257);
#831=LINE('',#5231,#1258);
#832=LINE('',#5232,#1259);
#833=LINE('',#5235,#1260);
#834=LINE('',#5236,#1261);
#835=LINE('',#5239,#1262);
#836=LINE('',#5240,#1263);
#837=LINE('',#5243,#1264);
#838=LINE('',#5244,#1265);
#839=LINE('',#5247,#1266);
#840=LINE('',#5248,#1267);
#841=LINE('',#5251,#1268);
#842=LINE('',#5253,#1269);
#843=LINE('',#5254,#1270);
#844=LINE('',#5257,#1271);
#845=LINE('',#5259,#1272);
#846=LINE('',#5260,#1273);
#847=LINE('',#5262,#1274);
#848=LINE('',#5263,#1275);
#849=LINE('',#5265,#1276);
#850=LINE('',#5267,#1277);
#851=LINE('',#5269,#1278);
#852=LINE('',#5271,#1279);
#853=LINE('',#5274,#1280);
#854=LINE('',#5276,#1281);
#855=LINE('',#5278,#1282);
#856=LINE('',#5282,#1283);
#857=LINE('',#5285,#1284);
#858=LINE('',#5288,#1285);
#859=LINE('',#5290,#1286);
#860=LINE('',#5292,#1287);
#861=LINE('',#5294,#1288);
#862=LINE('',#5296,#1289);
#863=LINE('',#5297,#1290);
#864=LINE('',#5300,#1291);
#865=LINE('',#5301,#1292);
#866=LINE('',#5304,#1293);
#867=LINE('',#5306,#1294);
#868=LINE('',#5308,#1295);
#869=LINE('',#5310,#1296);
#870=LINE('',#5312,#1297);
#871=LINE('',#5313,#1298);
#872=LINE('',#5316,#1299);
#873=LINE('',#5318,#1300);
#874=LINE('',#5320,#1301);
#875=LINE('',#5322,#1302);
#876=LINE('',#5324,#1303);
#877=LINE('',#5326,#1304);
#878=LINE('',#5328,#1305);
#879=LINE('',#5330,#1306);
#880=LINE('',#5332,#1307);
#881=LINE('',#5334,#1308);
#882=LINE('',#5336,#1309);
#883=LINE('',#5338,#1310);
#884=LINE('',#5340,#1311);
#885=LINE('',#5342,#1312);
#886=LINE('',#5344,#1313);
#887=LINE('',#5345,#1314);
#888=LINE('',#5349,#1315);
#889=LINE('',#5354,#1316);
#890=LINE('',#5358,#1317);
#891=LINE('',#5363,#1318);
#892=LINE('',#5368,#1319);
#893=LINE('',#5372,#1320);
#894=LINE('',#5376,#1321);
#895=LINE('',#5380,#1322);
#896=LINE('',#5384,#1323);
#897=LINE('',#5388,#1324);
#898=LINE('',#5391,#1325);
#899=LINE('',#5394,#1326);
#900=LINE('',#5398,#1327);
#901=LINE('',#5402,#1328);
#902=LINE('',#5406,#1329);
#903=LINE('',#5409,#1330);
#904=LINE('',#5412,#1331);
#905=LINE('',#5414,#1332);
#906=LINE('',#5415,#1333);
#907=LINE('',#5418,#1334);
#908=LINE('',#5419,#1335);
#909=LINE('',#5422,#1336);
#910=LINE('',#5423,#1337);
#911=LINE('',#5426,#1338);
#912=LINE('',#5427,#1339);
#913=LINE('',#5430,#1340);
#914=LINE('',#5431,#1341);
#915=LINE('',#5434,#1342);
#916=LINE('',#5435,#1343);
#917=LINE('',#5438,#1344);
#918=LINE('',#5439,#1345);
#919=LINE('',#5442,#1346);
#920=LINE('',#5443,#1347);
#921=LINE('',#5447,#1348);
#922=LINE('',#5451,#1349);
#923=LINE('',#5455,#1350);
#924=LINE('',#5458,#1351);
#925=LINE('',#5461,#1352);
#926=LINE('',#5464,#1353);
#927=LINE('',#5467,#1354);
#928=LINE('',#5470,#1355);
#929=LINE('',#5473,#1356);
#930=LINE('',#5476,#1357);
#931=LINE('',#5479,#1358);
#932=LINE('',#5482,#1359);
#933=LINE('',#5485,#1360);
#934=LINE('',#5487,#1361);
#935=LINE('',#5491,#1362);
#936=LINE('',#5493,#1363);
#937=LINE('',#5497,#1364);
#938=LINE('',#5499,#1365);
#939=LINE('',#5503,#1366);
#940=LINE('',#5505,#1367);
#941=LINE('',#5509,#1368);
#942=LINE('',#5511,#1369);
#943=LINE('',#5515,#1370);
#944=LINE('',#5517,#1371);
#945=LINE('',#5521,#1372);
#946=LINE('',#5523,#1373);
#947=LINE('',#5526,#1374);
#948=LINE('',#5527,#1375);
#949=LINE('',#5530,#1376);
#950=LINE('',#5532,#1377);
#951=LINE('',#5533,#1378);
#952=LINE('',#5536,#1379);
#953=LINE('',#5537,#1380);
#954=LINE('',#5540,#1381);
#955=LINE('',#5541,#1382);
#956=LINE('',#5544,#1383);
#957=LINE('',#5545,#1384);
#958=LINE('',#5548,#1385);
#959=LINE('',#5549,#1386);
#960=LINE('',#5552,#1387);
#961=LINE('',#5553,#1388);
#962=LINE('',#5556,#1389);
#963=LINE('',#5557,#1390);
#964=LINE('',#5561,#1391);
#965=LINE('',#5563,#1392);
#966=LINE('',#5565,#1393);
#967=LINE('',#5567,#1394);
#968=LINE('',#5569,#1395);
#969=LINE('',#5571,#1396);
#970=LINE('',#5573,#1397);
#971=LINE('',#5574,#1398);
#972=LINE('',#5578,#1399);
#973=LINE('',#5579,#1400);
#974=LINE('',#5580,#1401);
#975=LINE('',#5583,#1402);
#976=LINE('',#5585,#1403);
#977=LINE('',#5586,#1404);
#978=LINE('',#5589,#1405);
#979=LINE('',#5591,#1406);
#980=LINE('',#5592,#1407);
#981=LINE('',#5595,#1408);
#982=LINE('',#5597,#1409);
#983=LINE('',#5598,#1410);
#984=LINE('',#5601,#1411);
#985=LINE('',#5603,#1412);
#986=LINE('',#5604,#1413);
#987=LINE('',#5607,#1414);
#988=LINE('',#5609,#1415);
#989=LINE('',#5610,#1416);
#990=LINE('',#5613,#1417);
#991=LINE('',#5615,#1418);
#992=LINE('',#5616,#1419);
#993=LINE('',#5619,#1420);
#994=LINE('',#5621,#1421);
#995=LINE('',#5622,#1422);
#996=LINE('',#5625,#1423);
#997=LINE('',#5626,#1424);
#998=LINE('',#5627,#1425);
#999=LINE('',#5630,#1426);
#1000=LINE('',#5631,#1427);
#1001=LINE('',#5634,#1428);
#1002=LINE('',#5635,#1429);
#1003=LINE('',#5638,#1430);
#1004=LINE('',#5639,#1431);
#1005=LINE('',#5642,#1432);
#1006=LINE('',#5643,#1433);
#1007=LINE('',#5646,#1434);
#1008=LINE('',#5647,#1435);
#1009=LINE('',#5650,#1436);
#1010=LINE('',#5651,#1437);
#1011=LINE('',#5653,#1438);
#1012=LINE('',#5658,#1439);
#1013=LINE('',#5659,#1440);
#1014=LINE('',#5660,#1441);
#1015=LINE('',#5663,#1442);
#1016=LINE('',#5665,#1443);
#1017=LINE('',#5666,#1444);
#1018=LINE('',#5669,#1445);
#1019=LINE('',#5671,#1446);
#1020=LINE('',#5672,#1447);
#1021=LINE('',#5675,#1448);
#1022=LINE('',#5677,#1449);
#1023=LINE('',#5678,#1450);
#1024=LINE('',#5681,#1451);
#1025=LINE('',#5683,#1452);
#1026=LINE('',#5684,#1453);
#1027=LINE('',#5687,#1454);
#1028=LINE('',#5689,#1455);
#1029=LINE('',#5690,#1456);
#1030=LINE('',#5693,#1457);
#1031=LINE('',#5695,#1458);
#1032=LINE('',#5696,#1459);
#1033=LINE('',#5699,#1460);
#1034=LINE('',#5700,#1461);
#1035=LINE('',#5701,#1462);
#1036=LINE('',#5704,#1463);
#1037=LINE('',#5705,#1464);
#1038=LINE('',#5708,#1465);
#1039=LINE('',#5709,#1466);
#1040=LINE('',#5712,#1467);
#1041=LINE('',#5713,#1468);
#1042=LINE('',#5716,#1469);
#1043=LINE('',#5717,#1470);
#1044=LINE('',#5720,#1471);
#1045=LINE('',#5721,#1472);
#1046=LINE('',#5723,#1473);
#1047=LINE('',#5726,#1474);
#1048=LINE('',#5728,#1475);
#1049=LINE('',#5730,#1476);
#1050=LINE('',#5732,#1477);
#1051=LINE('',#5734,#1478);
#1052=LINE('',#5736,#1479);
#1053=LINE('',#5738,#1480);
#1054=LINE('',#5741,#1481);
#1055=LINE('',#5743,#1482);
#1056=LINE('',#5745,#1483);
#1057=LINE('',#5747,#1484);
#1058=LINE('',#5749,#1485);
#1059=LINE('',#5751,#1486);
#1060=LINE('',#5755,#1487);
#1061=LINE('',#5757,#1488);
#1062=LINE('',#5759,#1489);
#1063=LINE('',#5761,#1490);
#1064=LINE('',#5763,#1491);
#1065=LINE('',#5765,#1492);
#1066=LINE('',#5767,#1493);
#1067=LINE('',#5768,#1494);
#1068=LINE('',#5770,#1495);
#1069=LINE('',#5772,#1496);
#1070=LINE('',#5774,#1497);
#1071=LINE('',#5775,#1498);
#1072=LINE('',#5776,#1499);
#1073=LINE('',#5778,#1500);
#1074=LINE('',#5779,#1501);
#1075=LINE('',#5781,#1502);
#1076=LINE('',#5783,#1503);
#1077=LINE('',#5785,#1504);
#1078=LINE('',#5787,#1505);
#1079=LINE('',#5789,#1506);
#1080=LINE('',#5792,#1507);
#1081=LINE('',#5794,#1508);
#1082=LINE('',#5796,#1509);
#1083=LINE('',#5799,#1510);
#1084=VECTOR('',#3837,10.);
#1085=VECTOR('',#3840,10.);
#1086=VECTOR('',#3845,10.);
#1087=VECTOR('',#3848,10.);
#1088=VECTOR('',#3851,10.);
#1089=VECTOR('',#3854,10.);
#1090=VECTOR('',#3857,10.);
#1091=VECTOR('',#3860,10.);
#1092=VECTOR('',#3863,10.);
#1093=VECTOR('',#3866,10.);
#1094=VECTOR('',#3869,10.);
#1095=VECTOR('',#3872,10.);
#1096=VECTOR('',#3875,10.);
#1097=VECTOR('',#3878,10.);
#1098=VECTOR('',#3881,10.);
#1099=VECTOR('',#3882,10.);
#1100=VECTOR('',#3887,10.);
#1101=VECTOR('',#3888,10.);
#1102=VECTOR('',#3893,10.);
#1103=VECTOR('',#3894,10.);
#1104=VECTOR('',#3899,10.);
#1105=VECTOR('',#3900,10.);
#1106=VECTOR('',#3905,10.);
#1107=VECTOR('',#3906,10.);
#1108=VECTOR('',#3911,10.);
#1109=VECTOR('',#3912,10.);
#1110=VECTOR('',#3917,10.);
#1111=VECTOR('',#3918,10.);
#1112=VECTOR('',#3923,10.);
#1113=VECTOR('',#3924,10.);
#1114=VECTOR('',#3929,10.);
#1115=VECTOR('',#3930,10.);
#1116=VECTOR('',#3933,10.);
#1117=VECTOR('',#3934,10.);
#1118=VECTOR('',#3935,10.);
#1119=VECTOR('',#3938,10.);
#1120=VECTOR('',#3939,10.);
#1121=VECTOR('',#3942,10.);
#1122=VECTOR('',#3943,10.);
#1123=VECTOR('',#3946,10.);
#1124=VECTOR('',#3947,10.);
#1125=VECTOR('',#3950,10.);
#1126=VECTOR('',#3951,10.);
#1127=VECTOR('',#3954,10.);
#1128=VECTOR('',#3955,10.);
#1129=VECTOR('',#3958,10.);
#1130=VECTOR('',#3959,10.);
#1131=VECTOR('',#3962,10.);
#1132=VECTOR('',#3963,10.);
#1133=VECTOR('',#3966,10.);
#1134=VECTOR('',#3967,10.);
#1135=VECTOR('',#3968,10.);
#1136=VECTOR('',#3969,10.);
#1137=VECTOR('',#3970,10.);
#1138=VECTOR('',#3971,10.);
#1139=VECTOR('',#3972,10.);
#1140=VECTOR('',#3975,10.);
#1141=VECTOR('',#3976,10.);
#1142=VECTOR('',#3977,10.);
#1143=VECTOR('',#3978,10.);
#1144=VECTOR('',#3979,10.);
#1145=VECTOR('',#3980,10.);
#1146=VECTOR('',#3981,10.);
#1147=VECTOR('',#3982,10.);
#1148=VECTOR('',#3983,10.);
#1149=VECTOR('',#3984,10.);
#1150=VECTOR('',#3985,10.);
#1151=VECTOR('',#3986,10.);
#1152=VECTOR('',#3987,10.);
#1153=VECTOR('',#3988,10.);
#1154=VECTOR('',#3989,10.);
#1155=VECTOR('',#3990,10.);
#1156=VECTOR('',#3995,10.);
#1157=VECTOR('',#4002,10.);
#1158=VECTOR('',#4007,10.);
#1159=VECTOR('',#4012,10.);
#1160=VECTOR('',#4017,10.);
#1161=VECTOR('',#4022,10.);
#1162=VECTOR('',#4027,10.);
#1163=VECTOR('',#4030,10.);
#1164=VECTOR('',#4035,10.);
#1165=VECTOR('',#4040,10.);
#1166=VECTOR('',#4045,10.);
#1167=VECTOR('',#4050,10.);
#1168=VECTOR('',#4055,10.);
#1169=VECTOR('',#4060,10.);
#1170=VECTOR('',#4065,10.);
#1171=VECTOR('',#4070,10.);
#1172=VECTOR('',#4073,10.);
#1173=VECTOR('',#4074,10.);
#1174=VECTOR('',#4075,10.);
#1175=VECTOR('',#4078,10.);
#1176=VECTOR('',#4079,10.);
#1177=VECTOR('',#4082,10.);
#1178=VECTOR('',#4083,10.);
#1179=VECTOR('',#4086,10.);
#1180=VECTOR('',#4087,10.);
#1181=VECTOR('',#4090,10.);
#1182=VECTOR('',#4091,10.);
#1183=VECTOR('',#4094,10.);
#1184=VECTOR('',#4095,10.);
#1185=VECTOR('',#4098,10.);
#1186=VECTOR('',#4099,10.);
#1187=VECTOR('',#4102,10.);
#1188=VECTOR('',#4103,10.);
#1189=VECTOR('',#4106,10.);
#1190=VECTOR('',#4107,10.);
#1191=VECTOR('',#4108,10.);
#1192=VECTOR('',#4109,10.);
#1193=VECTOR('',#4112,10.);
#1194=VECTOR('',#4113,10.);
#1195=VECTOR('',#4116,10.);
#1196=VECTOR('',#4117,10.);
#1197=VECTOR('',#4120,10.);
#1198=VECTOR('',#4121,10.);
#1199=VECTOR('',#4124,10.);
#1200=VECTOR('',#4125,10.);
#1201=VECTOR('',#4128,10.);
#1202=VECTOR('',#4129,10.);
#1203=VECTOR('',#4132,10.);
#1204=VECTOR('',#4133,10.);
#1205=VECTOR('',#4136,10.);
#1206=VECTOR('',#4137,10.);
#1207=VECTOR('',#4140,10.);
#1208=VECTOR('',#4141,10.);
#1209=VECTOR('',#4144,10.);
#1210=VECTOR('',#4145,10.);
#1211=VECTOR('',#4146,10.);
#1212=VECTOR('',#4149,10.);
#1213=VECTOR('',#4150,10.);
#1214=VECTOR('',#4151,10.);
#1215=VECTOR('',#4154,10.);
#1216=VECTOR('',#4155,10.);
#1217=VECTOR('',#4156,10.);
#1218=VECTOR('',#4159,10.);
#1219=VECTOR('',#4160,10.);
#1220=VECTOR('',#4161,10.);
#1221=VECTOR('',#4164,10.);
#1222=VECTOR('',#4165,10.);
#1223=VECTOR('',#4166,10.);
#1224=VECTOR('',#4169,10.);
#1225=VECTOR('',#4170,10.);
#1226=VECTOR('',#4171,10.);
#1227=VECTOR('',#4174,10.);
#1228=VECTOR('',#4175,10.);
#1229=VECTOR('',#4178,10.);
#1230=VECTOR('',#4181,10.);
#1231=VECTOR('',#4184,10.);
#1232=VECTOR('',#4187,10.);
#1233=VECTOR('',#4190,10.);
#1234=VECTOR('',#4193,10.);
#1235=VECTOR('',#4196,10.);
#1236=VECTOR('',#4203,10.);
#1237=VECTOR('',#4204,10.);
#1238=VECTOR('',#4205,10.);
#1239=VECTOR('',#4206,10.);
#1240=VECTOR('',#4209,10.);
#1241=VECTOR('',#4210,10.);
#1242=VECTOR('',#4211,10.);
#1243=VECTOR('',#4214,10.);
#1244=VECTOR('',#4215,10.);
#1245=VECTOR('',#4216,10.);
#1246=VECTOR('',#4219,10.);
#1247=VECTOR('',#4220,10.);
#1248=VECTOR('',#4221,10.);
#1249=VECTOR('',#4224,10.);
#1250=VECTOR('',#4225,10.);
#1251=VECTOR('',#4226,10.);
#1252=VECTOR('',#4229,10.);
#1253=VECTOR('',#4230,10.);
#1254=VECTOR('',#4233,10.);
#1255=VECTOR('',#4234,10.);
#1256=VECTOR('',#4237,10.);
#1257=VECTOR('',#4238,10.);
#1258=VECTOR('',#4241,10.);
#1259=VECTOR('',#4242,10.);
#1260=VECTOR('',#4245,10.);
#1261=VECTOR('',#4246,10.);
#1262=VECTOR('',#4249,10.);
#1263=VECTOR('',#4250,10.);
#1264=VECTOR('',#4253,10.);
#1265=VECTOR('',#4254,10.);
#1266=VECTOR('',#4257,10.);
#1267=VECTOR('',#4258,10.);
#1268=VECTOR('',#4261,10.);
#1269=VECTOR('',#4262,10.);
#1270=VECTOR('',#4263,10.);
#1271=VECTOR('',#4266,10.);
#1272=VECTOR('',#4267,10.);
#1273=VECTOR('',#4268,10.);
#1274=VECTOR('',#4271,10.);
#1275=VECTOR('',#4272,10.);
#1276=VECTOR('',#4275,10.);
#1277=VECTOR('',#4278,10.);
#1278=VECTOR('',#4281,10.);
#1279=VECTOR('',#4284,10.);
#1280=VECTOR('',#4289,10.);
#1281=VECTOR('',#4292,10.);
#1282=VECTOR('',#4295,10.);
#1283=VECTOR('',#4300,10.);
#1284=VECTOR('',#4303,10.);
#1285=VECTOR('',#4306,10.);
#1286=VECTOR('',#4307,10.);
#1287=VECTOR('',#4308,10.);
#1288=VECTOR('',#4309,10.);
#1289=VECTOR('',#4310,10.);
#1290=VECTOR('',#4311,10.);
#1291=VECTOR('',#4314,10.);
#1292=VECTOR('',#4315,10.);
#1293=VECTOR('',#4318,10.);
#1294=VECTOR('',#4319,10.);
#1295=VECTOR('',#4320,10.);
#1296=VECTOR('',#4321,10.);
#1297=VECTOR('',#4322,10.);
#1298=VECTOR('',#4323,10.);
#1299=VECTOR('',#4324,10.);
#1300=VECTOR('',#4325,10.);
#1301=VECTOR('',#4326,10.);
#1302=VECTOR('',#4327,10.);
#1303=VECTOR('',#4328,10.);
#1304=VECTOR('',#4329,10.);
#1305=VECTOR('',#4330,10.);
#1306=VECTOR('',#4331,10.);
#1307=VECTOR('',#4332,10.);
#1308=VECTOR('',#4333,10.);
#1309=VECTOR('',#4334,10.);
#1310=VECTOR('',#4335,10.);
#1311=VECTOR('',#4336,10.);
#1312=VECTOR('',#4337,10.);
#1313=VECTOR('',#4338,10.);
#1314=VECTOR('',#4339,10.);
#1315=VECTOR('',#4342,10.);
#1316=VECTOR('',#4349,10.);
#1317=VECTOR('',#4354,10.);
#1318=VECTOR('',#4359,10.);
#1319=VECTOR('',#4366,10.);
#1320=VECTOR('',#4371,10.);
#1321=VECTOR('',#4376,10.);
#1322=VECTOR('',#4381,10.);
#1323=VECTOR('',#4386,10.);
#1324=VECTOR('',#4391,10.);
#1325=VECTOR('',#4396,10.);
#1326=VECTOR('',#4399,10.);
#1327=VECTOR('',#4404,10.);
#1328=VECTOR('',#4409,10.);
#1329=VECTOR('',#4414,10.);
#1330=VECTOR('',#4419,10.);
#1331=VECTOR('',#4422,10.);
#1332=VECTOR('',#4423,10.);
#1333=VECTOR('',#4424,10.);
#1334=VECTOR('',#4427,10.);
#1335=VECTOR('',#4428,10.);
#1336=VECTOR('',#4431,10.);
#1337=VECTOR('',#4432,10.);
#1338=VECTOR('',#4435,10.);
#1339=VECTOR('',#4436,10.);
#1340=VECTOR('',#4439,10.);
#1341=VECTOR('',#4440,10.);
#1342=VECTOR('',#4443,10.);
#1343=VECTOR('',#4444,10.);
#1344=VECTOR('',#4447,10.);
#1345=VECTOR('',#4448,10.);
#1346=VECTOR('',#4451,10.);
#1347=VECTOR('',#4452,10.);
#1348=VECTOR('',#4455,10.);
#1349=VECTOR('',#4458,10.);
#1350=VECTOR('',#4463,10.);
#1351=VECTOR('',#4466,10.);
#1352=VECTOR('',#4469,10.);
#1353=VECTOR('',#4472,10.);
#1354=VECTOR('',#4475,10.);
#1355=VECTOR('',#4478,10.);
#1356=VECTOR('',#4481,10.);
#1357=VECTOR('',#4484,10.);
#1358=VECTOR('',#4487,10.);
#1359=VECTOR('',#4490,10.);
#1360=VECTOR('',#4493,10.);
#1361=VECTOR('',#4494,10.);
#1362=VECTOR('',#4499,10.);
#1363=VECTOR('',#4500,10.);
#1364=VECTOR('',#4505,10.);
#1365=VECTOR('',#4506,10.);
#1366=VECTOR('',#4511,10.);
#1367=VECTOR('',#4512,10.);
#1368=VECTOR('',#4517,10.);
#1369=VECTOR('',#4518,10.);
#1370=VECTOR('',#4523,10.);
#1371=VECTOR('',#4524,10.);
#1372=VECTOR('',#4529,10.);
#1373=VECTOR('',#4530,10.);
#1374=VECTOR('',#4535,10.);
#1375=VECTOR('',#4536,10.);
#1376=VECTOR('',#4539,10.);
#1377=VECTOR('',#4540,10.);
#1378=VECTOR('',#4541,10.);
#1379=VECTOR('',#4544,10.);
#1380=VECTOR('',#4545,10.);
#1381=VECTOR('',#4548,10.);
#1382=VECTOR('',#4549,10.);
#1383=VECTOR('',#4552,10.);
#1384=VECTOR('',#4553,10.);
#1385=VECTOR('',#4556,10.);
#1386=VECTOR('',#4557,10.);
#1387=VECTOR('',#4560,10.);
#1388=VECTOR('',#4561,10.);
#1389=VECTOR('',#4564,10.);
#1390=VECTOR('',#4565,10.);
#1391=VECTOR('',#4568,10.);
#1392=VECTOR('',#4569,10.);
#1393=VECTOR('',#4570,10.);
#1394=VECTOR('',#4571,10.);
#1395=VECTOR('',#4572,10.);
#1396=VECTOR('',#4573,10.);
#1397=VECTOR('',#4574,10.);
#1398=VECTOR('',#4575,10.);
#1399=VECTOR('',#4578,10.);
#1400=VECTOR('',#4579,10.);
#1401=VECTOR('',#4580,10.);
#1402=VECTOR('',#4583,10.);
#1403=VECTOR('',#4584,10.);
#1404=VECTOR('',#4585,10.);
#1405=VECTOR('',#4588,10.);
#1406=VECTOR('',#4589,10.);
#1407=VECTOR('',#4590,10.);
#1408=VECTOR('',#4593,10.);
#1409=VECTOR('',#4594,10.);
#1410=VECTOR('',#4595,10.);
#1411=VECTOR('',#4598,10.);
#1412=VECTOR('',#4599,10.);
#1413=VECTOR('',#4600,10.);
#1414=VECTOR('',#4603,10.);
#1415=VECTOR('',#4604,10.);
#1416=VECTOR('',#4605,10.);
#1417=VECTOR('',#4608,10.);
#1418=VECTOR('',#4609,10.);
#1419=VECTOR('',#4610,10.);
#1420=VECTOR('',#4613,10.);
#1421=VECTOR('',#4614,10.);
#1422=VECTOR('',#4615,10.);
#1423=VECTOR('',#4618,10.);
#1424=VECTOR('',#4619,10.);
#1425=VECTOR('',#4620,10.);
#1426=VECTOR('',#4623,10.);
#1427=VECTOR('',#4624,10.);
#1428=VECTOR('',#4627,10.);
#1429=VECTOR('',#4628,10.);
#1430=VECTOR('',#4631,10.);
#1431=VECTOR('',#4632,10.);
#1432=VECTOR('',#4635,10.);
#1433=VECTOR('',#4636,10.);
#1434=VECTOR('',#4639,10.);
#1435=VECTOR('',#4640,10.);
#1436=VECTOR('',#4643,10.);
#1437=VECTOR('',#4644,10.);
#1438=VECTOR('',#4647,10.);
#1439=VECTOR('',#4652,10.);
#1440=VECTOR('',#4653,10.);
#1441=VECTOR('',#4654,10.);
#1442=VECTOR('',#4657,10.);
#1443=VECTOR('',#4658,10.);
#1444=VECTOR('',#4659,10.);
#1445=VECTOR('',#4662,10.);
#1446=VECTOR('',#4663,10.);
#1447=VECTOR('',#4664,10.);
#1448=VECTOR('',#4667,10.);
#1449=VECTOR('',#4668,10.);
#1450=VECTOR('',#4669,10.);
#1451=VECTOR('',#4672,10.);
#1452=VECTOR('',#4673,10.);
#1453=VECTOR('',#4674,10.);
#1454=VECTOR('',#4677,10.);
#1455=VECTOR('',#4678,10.);
#1456=VECTOR('',#4679,10.);
#1457=VECTOR('',#4682,10.);
#1458=VECTOR('',#4683,10.);
#1459=VECTOR('',#4684,10.);
#1460=VECTOR('',#4687,10.);
#1461=VECTOR('',#4688,10.);
#1462=VECTOR('',#4689,10.);
#1463=VECTOR('',#4692,10.);
#1464=VECTOR('',#4693,10.);
#1465=VECTOR('',#4696,10.);
#1466=VECTOR('',#4697,10.);
#1467=VECTOR('',#4700,10.);
#1468=VECTOR('',#4701,10.);
#1469=VECTOR('',#4704,10.);
#1470=VECTOR('',#4705,10.);
#1471=VECTOR('',#4708,10.);
#1472=VECTOR('',#4709,10.);
#1473=VECTOR('',#4712,10.);
#1474=VECTOR('',#4717,10.);
#1475=VECTOR('',#4720,10.);
#1476=VECTOR('',#4723,10.);
#1477=VECTOR('',#4726,10.);
#1478=VECTOR('',#4729,10.);
#1479=VECTOR('',#4732,10.);
#1480=VECTOR('',#4735,10.);
#1481=VECTOR('',#4740,10.);
#1482=VECTOR('',#4743,10.);
#1483=VECTOR('',#4746,10.);
#1484=VECTOR('',#4749,10.);
#1485=VECTOR('',#4752,10.);
#1486=VECTOR('',#4755,10.);
#1487=VECTOR('',#4760,10.);
#1488=VECTOR('',#4761,10.);
#1489=VECTOR('',#4762,10.);
#1490=VECTOR('',#4763,10.);
#1491=VECTOR('',#4764,10.);
#1492=VECTOR('',#4765,10.);
#1493=VECTOR('',#4766,10.);
#1494=VECTOR('',#4767,10.);
#1495=VECTOR('',#4770,10.);
#1496=VECTOR('',#4771,10.);
#1497=VECTOR('',#4772,10.);
#1498=VECTOR('',#4773,10.);
#1499=VECTOR('',#4774,10.);
#1500=VECTOR('',#4777,10.);
#1501=VECTOR('',#4778,10.);
#1502=VECTOR('',#4781,10.);
#1503=VECTOR('',#4784,10.);
#1504=VECTOR('',#4787,10.);
#1505=VECTOR('',#4790,10.);
#1506=VECTOR('',#4793,10.);
#1507=VECTOR('',#4798,10.);
#1508=VECTOR('',#4801,10.);
#1509=VECTOR('',#4804,10.);
#1510=VECTOR('',#4809,10.);
#1511=VERTEX_POINT('',#4814);
#1512=VERTEX_POINT('',#4815);
#1513=VERTEX_POINT('',#4817);
#1514=VERTEX_POINT('',#4819);
#1515=VERTEX_POINT('',#4823);
#1516=VERTEX_POINT('',#4825);
#1517=VERTEX_POINT('',#4829);
#1518=VERTEX_POINT('',#4831);
#1519=VERTEX_POINT('',#4835);
#1520=VERTEX_POINT('',#4837);
#1521=VERTEX_POINT('',#4841);
#1522=VERTEX_POINT('',#4843);
#1523=VERTEX_POINT('',#4847);
#1524=VERTEX_POINT('',#4849);
#1525=VERTEX_POINT('',#4853);
#1526=VERTEX_POINT('',#4855);
#1527=VERTEX_POINT('',#4859);
#1528=VERTEX_POINT('',#4861);
#1529=VERTEX_POINT('',#4865);
#1530=VERTEX_POINT('',#4867);
#1531=VERTEX_POINT('',#4871);
#1532=VERTEX_POINT('',#4873);
#1533=VERTEX_POINT('',#4877);
#1534=VERTEX_POINT('',#4879);
#1535=VERTEX_POINT('',#4883);
#1536=VERTEX_POINT('',#4885);
#1537=VERTEX_POINT('',#4889);
#1538=VERTEX_POINT('',#4891);
#1539=VERTEX_POINT('',#4895);
#1540=VERTEX_POINT('',#4897);
#1541=VERTEX_POINT('',#4901);
#1542=VERTEX_POINT('',#4903);
#1543=VERTEX_POINT('',#4910);
#1544=VERTEX_POINT('',#4912);
#1545=VERTEX_POINT('',#4916);
#1546=VERTEX_POINT('',#4920);
#1547=VERTEX_POINT('',#4924);
#1548=VERTEX_POINT('',#4928);
#1549=VERTEX_POINT('',#4932);
#1550=VERTEX_POINT('',#4936);
#1551=VERTEX_POINT('',#4940);
#1552=VERTEX_POINT('',#4944);
#1553=VERTEX_POINT('',#4945);
#1554=VERTEX_POINT('',#4947);
#1555=VERTEX_POINT('',#4949);
#1556=VERTEX_POINT('',#4951);
#1557=VERTEX_POINT('',#4953);
#1558=VERTEX_POINT('',#4955);
#1559=VERTEX_POINT('',#4957);
#1560=VERTEX_POINT('',#4960);
#1561=VERTEX_POINT('',#4961);
#1562=VERTEX_POINT('',#4963);
#1563=VERTEX_POINT('',#4965);
#1564=VERTEX_POINT('',#4967);
#1565=VERTEX_POINT('',#4969);
#1566=VERTEX_POINT('',#4971);
#1567=VERTEX_POINT('',#4973);
#1568=VERTEX_POINT('',#4975);
#1569=VERTEX_POINT('',#4977);
#1570=VERTEX_POINT('',#4979);
#1571=VERTEX_POINT('',#4981);
#1572=VERTEX_POINT('',#4983);
#1573=VERTEX_POINT('',#4985);
#1574=VERTEX_POINT('',#4987);
#1575=VERTEX_POINT('',#4989);
#1576=VERTEX_POINT('',#4993);
#1577=VERTEX_POINT('',#4995);
#1578=VERTEX_POINT('',#4999);
#1579=VERTEX_POINT('',#5003);
#1580=VERTEX_POINT('',#5007);
#1581=VERTEX_POINT('',#5011);
#1582=VERTEX_POINT('',#5015);
#1583=VERTEX_POINT('',#5019);
#1584=VERTEX_POINT('',#5023);
#1585=VERTEX_POINT('',#5027);
#1586=VERTEX_POINT('',#5031);
#1587=VERTEX_POINT('',#5035);
#1588=VERTEX_POINT('',#5039);
#1589=VERTEX_POINT('',#5043);
#1590=VERTEX_POINT('',#5047);
#1591=VERTEX_POINT('',#5051);
#1592=VERTEX_POINT('',#5057);
#1593=VERTEX_POINT('',#5059);
#1594=VERTEX_POINT('',#5063);
#1595=VERTEX_POINT('',#5067);
#1596=VERTEX_POINT('',#5071);
#1597=VERTEX_POINT('',#5075);
#1598=VERTEX_POINT('',#5079);
#1599=VERTEX_POINT('',#5083);
#1600=VERTEX_POINT('',#5087);
#1601=VERTEX_POINT('',#5091);
#1602=VERTEX_POINT('',#5092);
#1603=VERTEX_POINT('',#5095);
#1604=VERTEX_POINT('',#5099);
#1605=VERTEX_POINT('',#5103);
#1606=VERTEX_POINT('',#5107);
#1607=VERTEX_POINT('',#5111);
#1608=VERTEX_POINT('',#5115);
#1609=VERTEX_POINT('',#5119);
#1610=VERTEX_POINT('',#5123);
#1611=VERTEX_POINT('',#5127);
#1612=VERTEX_POINT('',#5131);
#1613=VERTEX_POINT('',#5133);
#1614=VERTEX_POINT('',#5137);
#1615=VERTEX_POINT('',#5139);
#1616=VERTEX_POINT('',#5143);
#1617=VERTEX_POINT('',#5145);
#1618=VERTEX_POINT('',#5149);
#1619=VERTEX_POINT('',#5151);
#1620=VERTEX_POINT('',#5155);
#1621=VERTEX_POINT('',#5157);
#1622=VERTEX_POINT('',#5161);
#1623=VERTEX_POINT('',#5163);
#1624=VERTEX_POINT('',#5186);
#1625=VERTEX_POINT('',#5187);
#1626=VERTEX_POINT('',#5189);
#1627=VERTEX_POINT('',#5191);
#1628=VERTEX_POINT('',#5195);
#1629=VERTEX_POINT('',#5197);
#1630=VERTEX_POINT('',#5201);
#1631=VERTEX_POINT('',#5203);
#1632=VERTEX_POINT('',#5207);
#1633=VERTEX_POINT('',#5209);
#1634=VERTEX_POINT('',#5213);
#1635=VERTEX_POINT('',#5218);
#1636=VERTEX_POINT('',#5222);
#1637=VERTEX_POINT('',#5226);
#1638=VERTEX_POINT('',#5230);
#1639=VERTEX_POINT('',#5234);
#1640=VERTEX_POINT('',#5238);
#1641=VERTEX_POINT('',#5242);
#1642=VERTEX_POINT('',#5246);
#1643=VERTEX_POINT('',#5250);
#1644=VERTEX_POINT('',#5252);
#1645=VERTEX_POINT('',#5256);
#1646=VERTEX_POINT('',#5258);
#1647=VERTEX_POINT('',#5281);
#1648=VERTEX_POINT('',#5283);
#1649=VERTEX_POINT('',#5287);
#1650=VERTEX_POINT('',#5289);
#1651=VERTEX_POINT('',#5291);
#1652=VERTEX_POINT('',#5293);
#1653=VERTEX_POINT('',#5295);
#1654=VERTEX_POINT('',#5299);
#1655=VERTEX_POINT('',#5303);
#1656=VERTEX_POINT('',#5305);
#1657=VERTEX_POINT('',#5307);
#1658=VERTEX_POINT('',#5309);
#1659=VERTEX_POINT('',#5311);
#1660=VERTEX_POINT('',#5314);
#1661=VERTEX_POINT('',#5315);
#1662=VERTEX_POINT('',#5317);
#1663=VERTEX_POINT('',#5319);
#1664=VERTEX_POINT('',#5321);
#1665=VERTEX_POINT('',#5323);
#1666=VERTEX_POINT('',#5325);
#1667=VERTEX_POINT('',#5327);
#1668=VERTEX_POINT('',#5329);
#1669=VERTEX_POINT('',#5331);
#1670=VERTEX_POINT('',#5333);
#1671=VERTEX_POINT('',#5335);
#1672=VERTEX_POINT('',#5337);
#1673=VERTEX_POINT('',#5339);
#1674=VERTEX_POINT('',#5341);
#1675=VERTEX_POINT('',#5343);
#1676=VERTEX_POINT('',#5347);
#1677=VERTEX_POINT('',#5348);
#1678=VERTEX_POINT('',#5353);
#1679=VERTEX_POINT('',#5357);
#1680=VERTEX_POINT('',#5361);
#1681=VERTEX_POINT('',#5362);
#1682=VERTEX_POINT('',#5367);
#1683=VERTEX_POINT('',#5371);
#1684=VERTEX_POINT('',#5375);
#1685=VERTEX_POINT('',#5379);
#1686=VERTEX_POINT('',#5383);
#1687=VERTEX_POINT('',#5387);
#1688=VERTEX_POINT('',#5393);
#1689=VERTEX_POINT('',#5397);
#1690=VERTEX_POINT('',#5401);
#1691=VERTEX_POINT('',#5405);
#1692=VERTEX_POINT('',#5411);
#1693=VERTEX_POINT('',#5413);
#1694=VERTEX_POINT('',#5417);
#1695=VERTEX_POINT('',#5421);
#1696=VERTEX_POINT('',#5425);
#1697=VERTEX_POINT('',#5429);
#1698=VERTEX_POINT('',#5433);
#1699=VERTEX_POINT('',#5437);
#1700=VERTEX_POINT('',#5441);
#1701=VERTEX_POINT('',#5445);
#1702=VERTEX_POINT('',#5446);
#1703=VERTEX_POINT('',#5448);
#1704=VERTEX_POINT('',#5450);
#1705=VERTEX_POINT('',#5454);
#1706=VERTEX_POINT('',#5456);
#1707=VERTEX_POINT('',#5460);
#1708=VERTEX_POINT('',#5462);
#1709=VERTEX_POINT('',#5466);
#1710=VERTEX_POINT('',#5468);
#1711=VERTEX_POINT('',#5472);
#1712=VERTEX_POINT('',#5474);
#1713=VERTEX_POINT('',#5478);
#1714=VERTEX_POINT('',#5480);
#1715=VERTEX_POINT('',#5484);
#1716=VERTEX_POINT('',#5486);
#1717=VERTEX_POINT('',#5490);
#1718=VERTEX_POINT('',#5492);
#1719=VERTEX_POINT('',#5496);
#1720=VERTEX_POINT('',#5498);
#1721=VERTEX_POINT('',#5502);
#1722=VERTEX_POINT('',#5504);
#1723=VERTEX_POINT('',#5508);
#1724=VERTEX_POINT('',#5510);
#1725=VERTEX_POINT('',#5514);
#1726=VERTEX_POINT('',#5516);
#1727=VERTEX_POINT('',#5520);
#1728=VERTEX_POINT('',#5522);
#1729=VERTEX_POINT('',#5529);
#1730=VERTEX_POINT('',#5531);
#1731=VERTEX_POINT('',#5535);
#1732=VERTEX_POINT('',#5539);
#1733=VERTEX_POINT('',#5543);
#1734=VERTEX_POINT('',#5547);
#1735=VERTEX_POINT('',#5551);
#1736=VERTEX_POINT('',#5555);
#1737=VERTEX_POINT('',#5559);
#1738=VERTEX_POINT('',#5560);
#1739=VERTEX_POINT('',#5562);
#1740=VERTEX_POINT('',#5564);
#1741=VERTEX_POINT('',#5566);
#1742=VERTEX_POINT('',#5568);
#1743=VERTEX_POINT('',#5570);
#1744=VERTEX_POINT('',#5572);
#1745=VERTEX_POINT('',#5576);
#1746=VERTEX_POINT('',#5577);
#1747=VERTEX_POINT('',#5582);
#1748=VERTEX_POINT('',#5584);
#1749=VERTEX_POINT('',#5588);
#1750=VERTEX_POINT('',#5590);
#1751=VERTEX_POINT('',#5594);
#1752=VERTEX_POINT('',#5596);
#1753=VERTEX_POINT('',#5600);
#1754=VERTEX_POINT('',#5602);
#1755=VERTEX_POINT('',#5606);
#1756=VERTEX_POINT('',#5608);
#1757=VERTEX_POINT('',#5612);
#1758=VERTEX_POINT('',#5614);
#1759=VERTEX_POINT('',#5618);
#1760=VERTEX_POINT('',#5620);
#1761=VERTEX_POINT('',#5624);
#1762=VERTEX_POINT('',#5629);
#1763=VERTEX_POINT('',#5633);
#1764=VERTEX_POINT('',#5637);
#1765=VERTEX_POINT('',#5641);
#1766=VERTEX_POINT('',#5645);
#1767=VERTEX_POINT('',#5649);
#1768=VERTEX_POINT('',#5656);
#1769=VERTEX_POINT('',#5657);
#1770=VERTEX_POINT('',#5662);
#1771=VERTEX_POINT('',#5664);
#1772=VERTEX_POINT('',#5668);
#1773=VERTEX_POINT('',#5670);
#1774=VERTEX_POINT('',#5674);
#1775=VERTEX_POINT('',#5676);
#1776=VERTEX_POINT('',#5680);
#1777=VERTEX_POINT('',#5682);
#1778=VERTEX_POINT('',#5686);
#1779=VERTEX_POINT('',#5688);
#1780=VERTEX_POINT('',#5692);
#1781=VERTEX_POINT('',#5694);
#1782=VERTEX_POINT('',#5698);
#1783=VERTEX_POINT('',#5703);
#1784=VERTEX_POINT('',#5707);
#1785=VERTEX_POINT('',#5711);
#1786=VERTEX_POINT('',#5715);
#1787=VERTEX_POINT('',#5719);
#1788=VERTEX_POINT('',#5754);
#1789=VERTEX_POINT('',#5756);
#1790=VERTEX_POINT('',#5758);
#1791=VERTEX_POINT('',#5760);
#1792=VERTEX_POINT('',#5762);
#1793=VERTEX_POINT('',#5764);
#1794=VERTEX_POINT('',#5766);
#1795=VERTEX_POINT('',#5771);
#1796=VERTEX_POINT('',#5773);
#1797=EDGE_CURVE('',#1511,#1512,#657,.T.);
#1798=EDGE_CURVE('',#1512,#1513,#595,.T.);
#1799=EDGE_CURVE('',#1513,#1514,#658,.T.);
#1800=EDGE_CURVE('',#1511,#1514,#596,.T.);
#1801=EDGE_CURVE('',#1512,#1515,#659,.T.);
#1802=EDGE_CURVE('',#1515,#1516,#597,.T.);
#1803=EDGE_CURVE('',#1516,#1513,#660,.T.);
#1804=EDGE_CURVE('',#1515,#1517,#661,.T.);
#1805=EDGE_CURVE('',#1517,#1518,#598,.T.);
#1806=EDGE_CURVE('',#1518,#1516,#662,.T.);
#1807=EDGE_CURVE('',#1517,#1519,#663,.T.);
#1808=EDGE_CURVE('',#1519,#1520,#599,.T.);
#1809=EDGE_CURVE('',#1520,#1518,#664,.T.);
#1810=EDGE_CURVE('',#1519,#1521,#665,.T.);
#1811=EDGE_CURVE('',#1521,#1522,#600,.T.);
#1812=EDGE_CURVE('',#1522,#1520,#666,.T.);
#1813=EDGE_CURVE('',#1521,#1523,#667,.T.);
#1814=EDGE_CURVE('',#1523,#1524,#601,.T.);
#1815=EDGE_CURVE('',#1524,#1522,#668,.T.);
#1816=EDGE_CURVE('',#1523,#1525,#669,.T.);
#1817=EDGE_CURVE('',#1525,#1526,#602,.T.);
#1818=EDGE_CURVE('',#1526,#1524,#670,.T.);
#1819=EDGE_CURVE('',#1527,#1526,#671,.T.);
#1820=EDGE_CURVE('',#1525,#1528,#672,.T.);
#1821=EDGE_CURVE('',#1528,#1527,#603,.T.);
#1822=EDGE_CURVE('',#1529,#1527,#673,.T.);
#1823=EDGE_CURVE('',#1528,#1530,#674,.T.);
#1824=EDGE_CURVE('',#1530,#1529,#604,.T.);
#1825=EDGE_CURVE('',#1531,#1529,#675,.T.);
#1826=EDGE_CURVE('',#1530,#1532,#676,.T.);
#1827=EDGE_CURVE('',#1532,#1531,#605,.T.);
#1828=EDGE_CURVE('',#1533,#1531,#677,.T.);
#1829=EDGE_CURVE('',#1532,#1534,#678,.T.);
#1830=EDGE_CURVE('',#1534,#1533,#606,.T.);
#1831=EDGE_CURVE('',#1535,#1533,#679,.T.);
#1832=EDGE_CURVE('',#1534,#1536,#680,.T.);
#1833=EDGE_CURVE('',#1536,#1535,#607,.T.);
#1834=EDGE_CURVE('',#1537,#1535,#681,.T.);
#1835=EDGE_CURVE('',#1536,#1538,#682,.T.);
#1836=EDGE_CURVE('',#1538,#1537,#608,.T.);
#1837=EDGE_CURVE('',#1539,#1537,#683,.T.);
#1838=EDGE_CURVE('',#1538,#1540,#684,.T.);
#1839=EDGE_CURVE('',#1540,#1539,#609,.T.);
#1840=EDGE_CURVE('',#1541,#1539,#685,.T.);
#1841=EDGE_CURVE('',#1540,#1542,#686,.T.);
#1842=EDGE_CURVE('',#1542,#1541,#610,.T.);
#1843=EDGE_CURVE('',#1514,#1541,#687,.T.);
#1844=EDGE_CURVE('',#1542,#1511,#688,.T.);
#1845=EDGE_CURVE('',#1531,#1543,#689,.T.);
#1846=EDGE_CURVE('',#1544,#1543,#690,.T.);
#1847=EDGE_CURVE('',#1544,#1529,#691,.T.);
#1848=EDGE_CURVE('',#1545,#1533,#692,.T.);
#1849=EDGE_CURVE('',#1543,#1545,#693,.T.);
#1850=EDGE_CURVE('',#1546,#1535,#694,.T.);
#1851=EDGE_CURVE('',#1545,#1546,#695,.T.);
#1852=EDGE_CURVE('',#1547,#1537,#696,.T.);
#1853=EDGE_CURVE('',#1546,#1547,#697,.T.);
#1854=EDGE_CURVE('',#1548,#1539,#698,.T.);
#1855=EDGE_CURVE('',#1547,#1548,#699,.T.);
#1856=EDGE_CURVE('',#1549,#1541,#700,.T.);
#1857=EDGE_CURVE('',#1548,#1549,#701,.T.);
#1858=EDGE_CURVE('',#1550,#1514,#702,.T.);
#1859=EDGE_CURVE('',#1549,#1550,#703,.T.);
#1860=EDGE_CURVE('',#1551,#1513,#704,.T.);
#1861=EDGE_CURVE('',#1550,#1551,#705,.T.);
#1862=EDGE_CURVE('',#1552,#1553,#706,.T.);
#1863=EDGE_CURVE('',#1554,#1552,#707,.T.);
#1864=EDGE_CURVE('',#1555,#1554,#708,.T.);
#1865=EDGE_CURVE('',#1556,#1555,#709,.T.);
#1866=EDGE_CURVE('',#1557,#1556,#710,.T.);
#1867=EDGE_CURVE('',#1558,#1557,#711,.T.);
#1868=EDGE_CURVE('',#1559,#1558,#712,.T.);
#1869=EDGE_CURVE('',#1553,#1559,#19,.T.);
#1870=EDGE_CURVE('',#1560,#1561,#713,.T.);
#1871=EDGE_CURVE('',#1562,#1560,#714,.T.);
#1872=EDGE_CURVE('',#1563,#1562,#715,.T.);
#1873=EDGE_CURVE('',#1564,#1563,#716,.T.);
#1874=EDGE_CURVE('',#1565,#1564,#717,.T.);
#1875=EDGE_CURVE('',#1566,#1565,#718,.T.);
#1876=EDGE_CURVE('',#1567,#1566,#719,.T.);
#1877=EDGE_CURVE('',#1568,#1567,#720,.T.);
#1878=EDGE_CURVE('',#1569,#1568,#721,.T.);
#1879=EDGE_CURVE('',#1570,#1569,#722,.T.);
#1880=EDGE_CURVE('',#1571,#1570,#723,.T.);
#1881=EDGE_CURVE('',#1572,#1571,#724,.T.);
#1882=EDGE_CURVE('',#1573,#1572,#725,.T.);
#1883=EDGE_CURVE('',#1574,#1573,#726,.T.);
#1884=EDGE_CURVE('',#1575,#1574,#727,.T.);
#1885=EDGE_CURVE('',#1561,#1575,#728,.T.);
#1886=EDGE_CURVE('',#1561,#1576,#611,.T.);
#1887=EDGE_CURVE('',#1576,#1577,#729,.T.);
#1888=EDGE_CURVE('',#1560,#1577,#612,.T.);
#1889=EDGE_CURVE('',#1575,#1578,#613,.T.);
#1890=EDGE_CURVE('',#1578,#1576,#730,.T.);
#1891=EDGE_CURVE('',#1574,#1579,#614,.T.);
#1892=EDGE_CURVE('',#1579,#1578,#731,.T.);
#1893=EDGE_CURVE('',#1573,#1580,#615,.T.);
#1894=EDGE_CURVE('',#1580,#1579,#732,.T.);
#1895=EDGE_CURVE('',#1572,#1581,#616,.T.);
#1896=EDGE_CURVE('',#1581,#1580,#733,.T.);
#1897=EDGE_CURVE('',#1571,#1582,#617,.T.);
#1898=EDGE_CURVE('',#1582,#1581,#734,.T.);
#1899=EDGE_CURVE('',#1570,#1583,#618,.T.);
#1900=EDGE_CURVE('',#1583,#1582,#735,.T.);
#1901=EDGE_CURVE('',#1584,#1583,#736,.T.);
#1902=EDGE_CURVE('',#1569,#1584,#619,.T.);
#1903=EDGE_CURVE('',#1585,#1584,#737,.T.);
#1904=EDGE_CURVE('',#1568,#1585,#620,.T.);
#1905=EDGE_CURVE('',#1586,#1585,#738,.T.);
#1906=EDGE_CURVE('',#1567,#1586,#621,.T.);
#1907=EDGE_CURVE('',#1587,#1586,#739,.T.);
#1908=EDGE_CURVE('',#1566,#1587,#622,.T.);
#1909=EDGE_CURVE('',#1588,#1587,#740,.T.);
#1910=EDGE_CURVE('',#1565,#1588,#623,.T.);
#1911=EDGE_CURVE('',#1589,#1588,#741,.T.);
#1912=EDGE_CURVE('',#1564,#1589,#624,.T.);
#1913=EDGE_CURVE('',#1590,#1589,#742,.T.);
#1914=EDGE_CURVE('',#1563,#1590,#625,.T.);
#1915=EDGE_CURVE('',#1591,#1590,#743,.T.);
#1916=EDGE_CURVE('',#1562,#1591,#626,.T.);
#1917=EDGE_CURVE('',#1577,#1591,#744,.T.);
#1918=EDGE_CURVE('',#1592,#1586,#745,.T.);
#1919=EDGE_CURVE('',#1593,#1592,#746,.T.);
#1920=EDGE_CURVE('',#1593,#1585,#747,.T.);
#1921=EDGE_CURVE('',#1594,#1587,#748,.T.);
#1922=EDGE_CURVE('',#1592,#1594,#749,.T.);
#1923=EDGE_CURVE('',#1595,#1588,#750,.T.);
#1924=EDGE_CURVE('',#1594,#1595,#751,.T.);
#1925=EDGE_CURVE('',#1596,#1589,#752,.T.);
#1926=EDGE_CURVE('',#1595,#1596,#753,.T.);
#1927=EDGE_CURVE('',#1590,#1597,#754,.T.);
#1928=EDGE_CURVE('',#1596,#1597,#755,.T.);
#1929=EDGE_CURVE('',#1598,#1591,#756,.T.);
#1930=EDGE_CURVE('',#1597,#1598,#757,.T.);
#1931=EDGE_CURVE('',#1599,#1577,#758,.T.);
#1932=EDGE_CURVE('',#1598,#1599,#759,.T.);
#1933=EDGE_CURVE('',#1600,#1576,#760,.T.);
#1934=EDGE_CURVE('',#1599,#1600,#761,.T.);
#1935=EDGE_CURVE('',#1601,#1602,#762,.T.);
#1936=EDGE_CURVE('',#1602,#1551,#763,.T.);
#1937=EDGE_CURVE('',#1551,#1603,#764,.T.);
#1938=EDGE_CURVE('',#1601,#1603,#765,.T.);
#1939=EDGE_CURVE('',#1602,#1604,#766,.T.);
#1940=EDGE_CURVE('',#1604,#1550,#767,.T.);
#1941=EDGE_CURVE('',#1604,#1605,#768,.T.);
#1942=EDGE_CURVE('',#1605,#1549,#769,.T.);
#1943=EDGE_CURVE('',#1605,#1606,#770,.T.);
#1944=EDGE_CURVE('',#1606,#1548,#771,.T.);
#1945=EDGE_CURVE('',#1606,#1607,#772,.T.);
#1946=EDGE_CURVE('',#1607,#1547,#773,.T.);
#1947=EDGE_CURVE('',#1607,#1608,#774,.T.);
#1948=EDGE_CURVE('',#1608,#1546,#775,.T.);
#1949=EDGE_CURVE('',#1608,#1609,#776,.T.);
#1950=EDGE_CURVE('',#1609,#1545,#777,.T.);
#1951=EDGE_CURVE('',#1609,#1610,#778,.T.);
#1952=EDGE_CURVE('',#1610,#1543,#779,.T.);
#1953=EDGE_CURVE('',#1610,#1611,#780,.T.);
#1954=EDGE_CURVE('',#1611,#1544,#781,.T.);
#1955=EDGE_CURVE('',#1612,#1544,#782,.T.);
#1956=EDGE_CURVE('',#1611,#1613,#783,.T.);
#1957=EDGE_CURVE('',#1613,#1612,#784,.T.);
#1958=EDGE_CURVE('',#1614,#1612,#785,.T.);
#1959=EDGE_CURVE('',#1613,#1615,#786,.T.);
#1960=EDGE_CURVE('',#1615,#1614,#787,.T.);
#1961=EDGE_CURVE('',#1616,#1614,#788,.T.);
#1962=EDGE_CURVE('',#1615,#1617,#789,.T.);
#1963=EDGE_CURVE('',#1617,#1616,#790,.T.);
#1964=EDGE_CURVE('',#1618,#1616,#791,.T.);
#1965=EDGE_CURVE('',#1617,#1619,#792,.T.);
#1966=EDGE_CURVE('',#1619,#1618,#793,.T.);
#1967=EDGE_CURVE('',#1620,#1618,#794,.T.);
#1968=EDGE_CURVE('',#1619,#1621,#795,.T.);
#1969=EDGE_CURVE('',#1621,#1620,#796,.T.);
#1970=EDGE_CURVE('',#1622,#1620,#797,.T.);
#1971=EDGE_CURVE('',#1621,#1623,#798,.T.);
#1972=EDGE_CURVE('',#1623,#1622,#799,.T.);
#1973=EDGE_CURVE('',#1603,#1622,#800,.T.);
#1974=EDGE_CURVE('',#1623,#1601,#801,.T.);
#1975=EDGE_CURVE('',#1612,#1527,#802,.T.);
#1976=EDGE_CURVE('',#1614,#1526,#803,.T.);
#1977=EDGE_CURVE('',#1616,#1524,#804,.T.);
#1978=EDGE_CURVE('',#1618,#1522,#805,.T.);
#1979=EDGE_CURVE('',#1620,#1520,#806,.T.);
#1980=EDGE_CURVE('',#1622,#1518,#807,.T.);
#1981=EDGE_CURVE('',#1603,#1516,#808,.T.);
#1982=EDGE_CURVE('',#1624,#1625,#809,.T.);
#1983=EDGE_CURVE('',#1625,#1626,#810,.T.);
#1984=EDGE_CURVE('',#1626,#1627,#811,.T.);
#1985=EDGE_CURVE('',#1624,#1627,#812,.T.);
#1986=EDGE_CURVE('',#1625,#1628,#813,.T.);
#1987=EDGE_CURVE('',#1628,#1629,#814,.T.);
#1988=EDGE_CURVE('',#1629,#1626,#815,.T.);
#1989=EDGE_CURVE('',#1628,#1630,#816,.T.);
#1990=EDGE_CURVE('',#1630,#1631,#817,.T.);
#1991=EDGE_CURVE('',#1631,#1629,#818,.T.);
#1992=EDGE_CURVE('',#1630,#1632,#819,.T.);
#1993=EDGE_CURVE('',#1632,#1633,#820,.T.);
#1994=EDGE_CURVE('',#1633,#1631,#821,.T.);
#1995=EDGE_CURVE('',#1632,#1634,#822,.T.);
#1996=EDGE_CURVE('',#1634,#1600,#823,.T.);
#1997=EDGE_CURVE('',#1600,#1633,#824,.T.);
#1998=EDGE_CURVE('',#1634,#1635,#825,.T.);
#1999=EDGE_CURVE('',#1635,#1599,#826,.T.);
#2000=EDGE_CURVE('',#1635,#1636,#827,.T.);
#2001=EDGE_CURVE('',#1636,#1598,#828,.T.);
#2002=EDGE_CURVE('',#1636,#1637,#829,.T.);
#2003=EDGE_CURVE('',#1637,#1597,#830,.T.);
#2004=EDGE_CURVE('',#1637,#1638,#831,.T.);
#2005=EDGE_CURVE('',#1638,#1596,#832,.T.);
#2006=EDGE_CURVE('',#1638,#1639,#833,.T.);
#2007=EDGE_CURVE('',#1639,#1595,#834,.T.);
#2008=EDGE_CURVE('',#1639,#1640,#835,.T.);
#2009=EDGE_CURVE('',#1640,#1594,#836,.T.);
#2010=EDGE_CURVE('',#1640,#1641,#837,.T.);
#2011=EDGE_CURVE('',#1641,#1592,#838,.T.);
#2012=EDGE_CURVE('',#1641,#1642,#839,.T.);
#2013=EDGE_CURVE('',#1642,#1593,#840,.T.);
#2014=EDGE_CURVE('',#1643,#1593,#841,.T.);
#2015=EDGE_CURVE('',#1642,#1644,#842,.T.);
#2016=EDGE_CURVE('',#1644,#1643,#843,.T.);
#2017=EDGE_CURVE('',#1645,#1643,#844,.T.);
#2018=EDGE_CURVE('',#1644,#1646,#845,.T.);
#2019=EDGE_CURVE('',#1646,#1645,#846,.T.);
#2020=EDGE_CURVE('',#1627,#1645,#847,.T.);
#2021=EDGE_CURVE('',#1646,#1624,#848,.T.);
#2022=EDGE_CURVE('',#1643,#1584,#849,.T.);
#2023=EDGE_CURVE('',#1645,#1583,#850,.T.);
#2024=EDGE_CURVE('',#1627,#1582,#851,.T.);
#2025=EDGE_CURVE('',#1626,#1581,#852,.T.);
#2026=EDGE_CURVE('',#1629,#1580,#853,.T.);
#2027=EDGE_CURVE('',#1631,#1579,#854,.T.);
#2028=EDGE_CURVE('',#1633,#1578,#855,.T.);
#2029=EDGE_CURVE('',#1647,#1559,#856,.T.);
#2030=EDGE_CURVE('',#1648,#1647,#20,.T.);
#2031=EDGE_CURVE('',#1553,#1648,#857,.T.);
#2032=EDGE_CURVE('',#1649,#1558,#858,.T.);
#2033=EDGE_CURVE('',#1650,#1649,#859,.T.);
#2034=EDGE_CURVE('',#1651,#1650,#860,.T.);
#2035=EDGE_CURVE('',#1652,#1651,#861,.T.);
#2036=EDGE_CURVE('',#1653,#1652,#862,.T.);
#2037=EDGE_CURVE('',#1653,#1647,#863,.T.);
#2038=EDGE_CURVE('',#1654,#1557,#864,.T.);
#2039=EDGE_CURVE('',#1649,#1654,#865,.T.);
#2040=EDGE_CURVE('',#1655,#1556,#866,.T.);
#2041=EDGE_CURVE('',#1655,#1656,#867,.T.);
#2042=EDGE_CURVE('',#1656,#1657,#868,.T.);
#2043=EDGE_CURVE('',#1657,#1658,#869,.T.);
#2044=EDGE_CURVE('',#1658,#1659,#870,.T.);
#2045=EDGE_CURVE('',#1659,#1654,#871,.T.);
#2046=EDGE_CURVE('',#1660,#1661,#872,.T.);
#2047=EDGE_CURVE('',#1662,#1660,#873,.T.);
#2048=EDGE_CURVE('',#1663,#1662,#874,.T.);
#2049=EDGE_CURVE('',#1664,#1663,#875,.T.);
#2050=EDGE_CURVE('',#1665,#1664,#876,.T.);
#2051=EDGE_CURVE('',#1666,#1665,#877,.T.);
#2052=EDGE_CURVE('',#1667,#1666,#878,.T.);
#2053=EDGE_CURVE('',#1668,#1667,#879,.T.);
#2054=EDGE_CURVE('',#1669,#1668,#880,.T.);
#2055=EDGE_CURVE('',#1670,#1669,#881,.T.);
#2056=EDGE_CURVE('',#1671,#1670,#882,.T.);
#2057=EDGE_CURVE('',#1672,#1671,#883,.T.);
#2058=EDGE_CURVE('',#1673,#1672,#884,.T.);
#2059=EDGE_CURVE('',#1674,#1673,#885,.T.);
#2060=EDGE_CURVE('',#1675,#1674,#886,.T.);
#2061=EDGE_CURVE('',#1661,#1675,#887,.T.);
#2062=EDGE_CURVE('',#1676,#1677,#888,.T.);
#2063=EDGE_CURVE('',#1677,#1673,#627,.T.);
#2064=EDGE_CURVE('',#1676,#1672,#628,.T.);
#2065=EDGE_CURVE('',#1677,#1678,#889,.T.);
#2066=EDGE_CURVE('',#1678,#1674,#629,.T.);
#2067=EDGE_CURVE('',#1678,#1679,#890,.T.);
#2068=EDGE_CURVE('',#1679,#1675,#630,.T.);
#2069=EDGE_CURVE('',#1680,#1681,#891,.T.);
#2070=EDGE_CURVE('',#1681,#1660,#631,.T.);
#2071=EDGE_CURVE('',#1661,#1680,#632,.T.);
#2072=EDGE_CURVE('',#1681,#1682,#892,.T.);
#2073=EDGE_CURVE('',#1682,#1662,#633,.T.);
#2074=EDGE_CURVE('',#1682,#1683,#893,.T.);
#2075=EDGE_CURVE('',#1683,#1663,#634,.T.);
#2076=EDGE_CURVE('',#1683,#1684,#894,.T.);
#2077=EDGE_CURVE('',#1684,#1664,#635,.T.);
#2078=EDGE_CURVE('',#1684,#1685,#895,.T.);
#2079=EDGE_CURVE('',#1685,#1665,#636,.T.);
#2080=EDGE_CURVE('',#1685,#1686,#896,.T.);
#2081=EDGE_CURVE('',#1686,#1666,#637,.T.);
#2082=EDGE_CURVE('',#1686,#1687,#897,.T.);
#2083=EDGE_CURVE('',#1687,#1667,#638,.T.);
#2084=EDGE_CURVE('',#1679,#1680,#898,.T.);
#2085=EDGE_CURVE('',#1687,#1688,#899,.T.);
#2086=EDGE_CURVE('',#1688,#1668,#639,.T.);
#2087=EDGE_CURVE('',#1688,#1689,#900,.T.);
#2088=EDGE_CURVE('',#1689,#1669,#640,.T.);
#2089=EDGE_CURVE('',#1689,#1690,#901,.T.);
#2090=EDGE_CURVE('',#1690,#1670,#641,.T.);
#2091=EDGE_CURVE('',#1690,#1691,#902,.T.);
#2092=EDGE_CURVE('',#1691,#1671,#642,.T.);
#2093=EDGE_CURVE('',#1691,#1676,#903,.T.);
#2094=EDGE_CURVE('',#1687,#1692,#904,.T.);
#2095=EDGE_CURVE('',#1693,#1692,#905,.T.);
#2096=EDGE_CURVE('',#1688,#1693,#906,.T.);
#2097=EDGE_CURVE('',#1686,#1694,#907,.T.);
#2098=EDGE_CURVE('',#1692,#1694,#908,.T.);
#2099=EDGE_CURVE('',#1685,#1695,#909,.T.);
#2100=EDGE_CURVE('',#1694,#1695,#910,.T.);
#2101=EDGE_CURVE('',#1684,#1696,#911,.T.);
#2102=EDGE_CURVE('',#1695,#1696,#912,.T.);
#2103=EDGE_CURVE('',#1683,#1697,#913,.T.);
#2104=EDGE_CURVE('',#1696,#1697,#914,.T.);
#2105=EDGE_CURVE('',#1682,#1698,#915,.T.);
#2106=EDGE_CURVE('',#1697,#1698,#916,.T.);
#2107=EDGE_CURVE('',#1681,#1699,#917,.T.);
#2108=EDGE_CURVE('',#1698,#1699,#918,.T.);
#2109=EDGE_CURVE('',#1680,#1700,#919,.T.);
#2110=EDGE_CURVE('',#1699,#1700,#920,.T.);
#2111=EDGE_CURVE('',#1701,#1702,#921,.T.);
#2112=EDGE_CURVE('',#1702,#1703,#643,.T.);
#2113=EDGE_CURVE('',#1703,#1704,#922,.T.);
#2114=EDGE_CURVE('',#1704,#1701,#644,.T.);
#2115=EDGE_CURVE('',#1702,#1705,#923,.T.);
#2116=EDGE_CURVE('',#1705,#1706,#645,.T.);
#2117=EDGE_CURVE('',#1706,#1703,#924,.T.);
#2118=EDGE_CURVE('',#1705,#1707,#925,.T.);
#2119=EDGE_CURVE('',#1707,#1708,#646,.T.);
#2120=EDGE_CURVE('',#1708,#1706,#926,.T.);
#2121=EDGE_CURVE('',#1707,#1709,#927,.T.);
#2122=EDGE_CURVE('',#1709,#1710,#647,.T.);
#2123=EDGE_CURVE('',#1710,#1708,#928,.T.);
#2124=EDGE_CURVE('',#1709,#1711,#929,.T.);
#2125=EDGE_CURVE('',#1711,#1712,#648,.T.);
#2126=EDGE_CURVE('',#1712,#1710,#930,.T.);
#2127=EDGE_CURVE('',#1711,#1713,#931,.T.);
#2128=EDGE_CURVE('',#1713,#1714,#649,.T.);
#2129=EDGE_CURVE('',#1714,#1712,#932,.T.);
#2130=EDGE_CURVE('',#1715,#1714,#933,.T.);
#2131=EDGE_CURVE('',#1713,#1716,#934,.T.);
#2132=EDGE_CURVE('',#1716,#1715,#650,.T.);
#2133=EDGE_CURVE('',#1717,#1715,#935,.T.);
#2134=EDGE_CURVE('',#1716,#1718,#936,.T.);
#2135=EDGE_CURVE('',#1718,#1717,#651,.T.);
#2136=EDGE_CURVE('',#1719,#1717,#937,.T.);
#2137=EDGE_CURVE('',#1718,#1720,#938,.T.);
#2138=EDGE_CURVE('',#1720,#1719,#652,.T.);
#2139=EDGE_CURVE('',#1721,#1719,#939,.T.);
#2140=EDGE_CURVE('',#1720,#1722,#940,.T.);
#2141=EDGE_CURVE('',#1722,#1721,#653,.T.);
#2142=EDGE_CURVE('',#1723,#1721,#941,.T.);
#2143=EDGE_CURVE('',#1722,#1724,#942,.T.);
#2144=EDGE_CURVE('',#1724,#1723,#654,.T.);
#2145=EDGE_CURVE('',#1725,#1723,#943,.T.);
#2146=EDGE_CURVE('',#1724,#1726,#944,.T.);
#2147=EDGE_CURVE('',#1726,#1725,#655,.T.);
#2148=EDGE_CURVE('',#1727,#1725,#945,.T.);
#2149=EDGE_CURVE('',#1726,#1728,#946,.T.);
#2150=EDGE_CURVE('',#1728,#1727,#656,.T.);
#2151=EDGE_CURVE('',#1704,#1727,#947,.T.);
#2152=EDGE_CURVE('',#1728,#1701,#948,.T.);
#2153=EDGE_CURVE('',#1713,#1729,#949,.T.);
#2154=EDGE_CURVE('',#1730,#1729,#950,.T.);
#2155=EDGE_CURVE('',#1716,#1730,#951,.T.);
#2156=EDGE_CURVE('',#1711,#1731,#952,.T.);
#2157=EDGE_CURVE('',#1729,#1731,#953,.T.);
#2158=EDGE_CURVE('',#1709,#1732,#954,.T.);
#2159=EDGE_CURVE('',#1731,#1732,#955,.T.);
#2160=EDGE_CURVE('',#1707,#1733,#956,.T.);
#2161=EDGE_CURVE('',#1732,#1733,#957,.T.);
#2162=EDGE_CURVE('',#1705,#1734,#958,.T.);
#2163=EDGE_CURVE('',#1733,#1734,#959,.T.);
#2164=EDGE_CURVE('',#1702,#1735,#960,.T.);
#2165=EDGE_CURVE('',#1734,#1735,#961,.T.);
#2166=EDGE_CURVE('',#1701,#1736,#962,.T.);
#2167=EDGE_CURVE('',#1735,#1736,#963,.T.);
#2168=EDGE_CURVE('',#1737,#1738,#964,.T.);
#2169=EDGE_CURVE('',#1738,#1739,#965,.T.);
#2170=EDGE_CURVE('',#1739,#1740,#966,.T.);
#2171=EDGE_CURVE('',#1740,#1741,#967,.T.);
#2172=EDGE_CURVE('',#1741,#1742,#968,.T.);
#2173=EDGE_CURVE('',#1742,#1743,#969,.T.);
#2174=EDGE_CURVE('',#1743,#1744,#970,.T.);
#2175=EDGE_CURVE('',#1737,#1744,#971,.T.);
#2176=EDGE_CURVE('',#1745,#1746,#972,.T.);
#2177=EDGE_CURVE('',#1746,#1693,#973,.T.);
#2178=EDGE_CURVE('',#1745,#1692,#974,.T.);
#2179=EDGE_CURVE('',#1746,#1747,#975,.T.);
#2180=EDGE_CURVE('',#1747,#1748,#976,.T.);
#2181=EDGE_CURVE('',#1748,#1693,#977,.T.);
#2182=EDGE_CURVE('',#1747,#1749,#978,.T.);
#2183=EDGE_CURVE('',#1749,#1750,#979,.T.);
#2184=EDGE_CURVE('',#1750,#1748,#980,.T.);
#2185=EDGE_CURVE('',#1749,#1751,#981,.T.);
#2186=EDGE_CURVE('',#1751,#1752,#982,.T.);
#2187=EDGE_CURVE('',#1752,#1750,#983,.T.);
#2188=EDGE_CURVE('',#1751,#1753,#984,.T.);
#2189=EDGE_CURVE('',#1753,#1754,#985,.T.);
#2190=EDGE_CURVE('',#1754,#1752,#986,.T.);
#2191=EDGE_CURVE('',#1753,#1755,#987,.T.);
#2192=EDGE_CURVE('',#1755,#1756,#988,.T.);
#2193=EDGE_CURVE('',#1756,#1754,#989,.T.);
#2194=EDGE_CURVE('',#1755,#1757,#990,.T.);
#2195=EDGE_CURVE('',#1757,#1758,#991,.T.);
#2196=EDGE_CURVE('',#1758,#1756,#992,.T.);
#2197=EDGE_CURVE('',#1757,#1759,#993,.T.);
#2198=EDGE_CURVE('',#1759,#1760,#994,.T.);
#2199=EDGE_CURVE('',#1760,#1758,#995,.T.);
#2200=EDGE_CURVE('',#1759,#1761,#996,.T.);
#2201=EDGE_CURVE('',#1761,#1700,#997,.T.);
#2202=EDGE_CURVE('',#1700,#1760,#998,.T.);
#2203=EDGE_CURVE('',#1761,#1762,#999,.T.);
#2204=EDGE_CURVE('',#1762,#1699,#1000,.T.);
#2205=EDGE_CURVE('',#1762,#1763,#1001,.T.);
#2206=EDGE_CURVE('',#1763,#1698,#1002,.T.);
#2207=EDGE_CURVE('',#1763,#1764,#1003,.T.);
#2208=EDGE_CURVE('',#1764,#1697,#1004,.T.);
#2209=EDGE_CURVE('',#1764,#1765,#1005,.T.);
#2210=EDGE_CURVE('',#1765,#1696,#1006,.T.);
#2211=EDGE_CURVE('',#1765,#1766,#1007,.T.);
#2212=EDGE_CURVE('',#1766,#1695,#1008,.T.);
#2213=EDGE_CURVE('',#1766,#1767,#1009,.T.);
#2214=EDGE_CURVE('',#1767,#1694,#1010,.T.);
#2215=EDGE_CURVE('',#1767,#1745,#1011,.T.);
#2216=EDGE_CURVE('',#1768,#1769,#1012,.T.);
#2217=EDGE_CURVE('',#1769,#1730,#1013,.T.);
#2218=EDGE_CURVE('',#1768,#1729,#1014,.T.);
#2219=EDGE_CURVE('',#1769,#1770,#1015,.T.);
#2220=EDGE_CURVE('',#1770,#1771,#1016,.T.);
#2221=EDGE_CURVE('',#1771,#1730,#1017,.T.);
#2222=EDGE_CURVE('',#1770,#1772,#1018,.T.);
#2223=EDGE_CURVE('',#1772,#1773,#1019,.T.);
#2224=EDGE_CURVE('',#1773,#1771,#1020,.T.);
#2225=EDGE_CURVE('',#1772,#1774,#1021,.T.);
#2226=EDGE_CURVE('',#1774,#1775,#1022,.T.);
#2227=EDGE_CURVE('',#1775,#1773,#1023,.T.);
#2228=EDGE_CURVE('',#1774,#1776,#1024,.T.);
#2229=EDGE_CURVE('',#1776,#1777,#1025,.T.);
#2230=EDGE_CURVE('',#1777,#1775,#1026,.T.);
#2231=EDGE_CURVE('',#1776,#1778,#1027,.T.);
#2232=EDGE_CURVE('',#1778,#1779,#1028,.T.);
#2233=EDGE_CURVE('',#1779,#1777,#1029,.T.);
#2234=EDGE_CURVE('',#1778,#1780,#1030,.T.);
#2235=EDGE_CURVE('',#1780,#1781,#1031,.T.);
#2236=EDGE_CURVE('',#1781,#1779,#1032,.T.);
#2237=EDGE_CURVE('',#1780,#1782,#1033,.T.);
#2238=EDGE_CURVE('',#1782,#1736,#1034,.T.);
#2239=EDGE_CURVE('',#1736,#1781,#1035,.T.);
#2240=EDGE_CURVE('',#1782,#1783,#1036,.T.);
#2241=EDGE_CURVE('',#1783,#1735,#1037,.T.);
#2242=EDGE_CURVE('',#1783,#1784,#1038,.T.);
#2243=EDGE_CURVE('',#1784,#1734,#1039,.T.);
#2244=EDGE_CURVE('',#1784,#1785,#1040,.T.);
#2245=EDGE_CURVE('',#1785,#1733,#1041,.T.);
#2246=EDGE_CURVE('',#1785,#1786,#1042,.T.);
#2247=EDGE_CURVE('',#1786,#1732,#1043,.T.);
#2248=EDGE_CURVE('',#1786,#1787,#1044,.T.);
#2249=EDGE_CURVE('',#1787,#1731,#1045,.T.);
#2250=EDGE_CURVE('',#1787,#1768,#1046,.T.);
#2251=EDGE_CURVE('',#1689,#1748,#1047,.T.);
#2252=EDGE_CURVE('',#1690,#1750,#1048,.T.);
#2253=EDGE_CURVE('',#1691,#1752,#1049,.T.);
#2254=EDGE_CURVE('',#1676,#1754,#1050,.T.);
#2255=EDGE_CURVE('',#1677,#1756,#1051,.T.);
#2256=EDGE_CURVE('',#1678,#1758,#1052,.T.);
#2257=EDGE_CURVE('',#1679,#1760,#1053,.T.);
#2258=EDGE_CURVE('',#1718,#1771,#1054,.T.);
#2259=EDGE_CURVE('',#1720,#1773,#1055,.T.);
#2260=EDGE_CURVE('',#1722,#1775,#1056,.T.);
#2261=EDGE_CURVE('',#1724,#1777,#1057,.T.);
#2262=EDGE_CURVE('',#1726,#1779,#1058,.T.);
#2263=EDGE_CURVE('',#1728,#1781,#1059,.T.);
#2264=EDGE_CURVE('',#1648,#1788,#1060,.T.);
#2265=EDGE_CURVE('',#1789,#1788,#1061,.T.);
#2266=EDGE_CURVE('',#1790,#1789,#1062,.T.);
#2267=EDGE_CURVE('',#1791,#1790,#1063,.T.);
#2268=EDGE_CURVE('',#1792,#1791,#1064,.T.);
#2269=EDGE_CURVE('',#1793,#1792,#1065,.T.);
#2270=EDGE_CURVE('',#1794,#1793,#1066,.T.);
#2271=EDGE_CURVE('',#1794,#1552,#1067,.T.);
#2272=EDGE_CURVE('',#1656,#1653,#1068,.T.);
#2273=EDGE_CURVE('',#1795,#1655,#1069,.T.);
#2274=EDGE_CURVE('',#1796,#1795,#1070,.T.);
#2275=EDGE_CURVE('',#1744,#1796,#1071,.T.);
#2276=EDGE_CURVE('',#1788,#1743,#1072,.T.);
#2277=EDGE_CURVE('',#1794,#1737,#1073,.T.);
#2278=EDGE_CURVE('',#1738,#1793,#1074,.T.);
#2279=EDGE_CURVE('',#1554,#1796,#1075,.T.);
#2280=EDGE_CURVE('',#1652,#1657,#1076,.T.);
#2281=EDGE_CURVE('',#1789,#1742,#1077,.T.);
#2282=EDGE_CURVE('',#1651,#1658,#1078,.T.);
#2283=EDGE_CURVE('',#1650,#1659,#1079,.T.);
#2284=EDGE_CURVE('',#1792,#1739,#1080,.T.);
#2285=EDGE_CURVE('',#1791,#1740,#1081,.T.);
#2286=EDGE_CURVE('',#1790,#1741,#1082,.T.);
#2287=EDGE_CURVE('',#1795,#1555,#1083,.T.);
#2288=ORIENTED_EDGE('',*,*,#1797,.T.);
#2289=ORIENTED_EDGE('',*,*,#1798,.T.);
#2290=ORIENTED_EDGE('',*,*,#1799,.T.);
#2291=ORIENTED_EDGE('',*,*,#1800,.F.);
#2292=ORIENTED_EDGE('',*,*,#1801,.T.);
#2293=ORIENTED_EDGE('',*,*,#1802,.T.);
#2294=ORIENTED_EDGE('',*,*,#1803,.T.);
#2295=ORIENTED_EDGE('',*,*,#1798,.F.);
#2296=ORIENTED_EDGE('',*,*,#1804,.T.);
#2297=ORIENTED_EDGE('',*,*,#1805,.T.);
#2298=ORIENTED_EDGE('',*,*,#1806,.T.);
#2299=ORIENTED_EDGE('',*,*,#1802,.F.);
#2300=ORIENTED_EDGE('',*,*,#1807,.T.);
#2301=ORIENTED_EDGE('',*,*,#1808,.T.);
#2302=ORIENTED_EDGE('',*,*,#1809,.T.);
#2303=ORIENTED_EDGE('',*,*,#1805,.F.);
#2304=ORIENTED_EDGE('',*,*,#1810,.T.);
#2305=ORIENTED_EDGE('',*,*,#1811,.T.);
#2306=ORIENTED_EDGE('',*,*,#1812,.T.);
#2307=ORIENTED_EDGE('',*,*,#1808,.F.);
#2308=ORIENTED_EDGE('',*,*,#1813,.T.);
#2309=ORIENTED_EDGE('',*,*,#1814,.T.);
#2310=ORIENTED_EDGE('',*,*,#1815,.T.);
#2311=ORIENTED_EDGE('',*,*,#1811,.F.);
#2312=ORIENTED_EDGE('',*,*,#1816,.T.);
#2313=ORIENTED_EDGE('',*,*,#1817,.T.);
#2314=ORIENTED_EDGE('',*,*,#1818,.T.);
#2315=ORIENTED_EDGE('',*,*,#1814,.F.);
#2316=ORIENTED_EDGE('',*,*,#1819,.T.);
#2317=ORIENTED_EDGE('',*,*,#1817,.F.);
#2318=ORIENTED_EDGE('',*,*,#1820,.T.);
#2319=ORIENTED_EDGE('',*,*,#1821,.T.);
#2320=ORIENTED_EDGE('',*,*,#1822,.T.);
#2321=ORIENTED_EDGE('',*,*,#1821,.F.);
#2322=ORIENTED_EDGE('',*,*,#1823,.T.);
#2323=ORIENTED_EDGE('',*,*,#1824,.T.);
#2324=ORIENTED_EDGE('',*,*,#1825,.T.);
#2325=ORIENTED_EDGE('',*,*,#1824,.F.);
#2326=ORIENTED_EDGE('',*,*,#1826,.T.);
#2327=ORIENTED_EDGE('',*,*,#1827,.T.);
#2328=ORIENTED_EDGE('',*,*,#1828,.T.);
#2329=ORIENTED_EDGE('',*,*,#1827,.F.);
#2330=ORIENTED_EDGE('',*,*,#1829,.T.);
#2331=ORIENTED_EDGE('',*,*,#1830,.T.);
#2332=ORIENTED_EDGE('',*,*,#1831,.T.);
#2333=ORIENTED_EDGE('',*,*,#1830,.F.);
#2334=ORIENTED_EDGE('',*,*,#1832,.T.);
#2335=ORIENTED_EDGE('',*,*,#1833,.T.);
#2336=ORIENTED_EDGE('',*,*,#1834,.T.);
#2337=ORIENTED_EDGE('',*,*,#1833,.F.);
#2338=ORIENTED_EDGE('',*,*,#1835,.T.);
#2339=ORIENTED_EDGE('',*,*,#1836,.T.);
#2340=ORIENTED_EDGE('',*,*,#1837,.T.);
#2341=ORIENTED_EDGE('',*,*,#1836,.F.);
#2342=ORIENTED_EDGE('',*,*,#1838,.T.);
#2343=ORIENTED_EDGE('',*,*,#1839,.T.);
#2344=ORIENTED_EDGE('',*,*,#1840,.T.);
#2345=ORIENTED_EDGE('',*,*,#1839,.F.);
#2346=ORIENTED_EDGE('',*,*,#1841,.T.);
#2347=ORIENTED_EDGE('',*,*,#1842,.T.);
#2348=ORIENTED_EDGE('',*,*,#1843,.T.);
#2349=ORIENTED_EDGE('',*,*,#1842,.F.);
#2350=ORIENTED_EDGE('',*,*,#1844,.T.);
#2351=ORIENTED_EDGE('',*,*,#1800,.T.);
#2352=ORIENTED_EDGE('',*,*,#1825,.F.);
#2353=ORIENTED_EDGE('',*,*,#1845,.T.);
#2354=ORIENTED_EDGE('',*,*,#1846,.F.);
#2355=ORIENTED_EDGE('',*,*,#1847,.T.);
#2356=ORIENTED_EDGE('',*,*,#1828,.F.);
#2357=ORIENTED_EDGE('',*,*,#1848,.F.);
#2358=ORIENTED_EDGE('',*,*,#1849,.F.);
#2359=ORIENTED_EDGE('',*,*,#1845,.F.);
#2360=ORIENTED_EDGE('',*,*,#1831,.F.);
#2361=ORIENTED_EDGE('',*,*,#1850,.F.);
#2362=ORIENTED_EDGE('',*,*,#1851,.F.);
#2363=ORIENTED_EDGE('',*,*,#1848,.T.);
#2364=ORIENTED_EDGE('',*,*,#1834,.F.);
#2365=ORIENTED_EDGE('',*,*,#1852,.F.);
#2366=ORIENTED_EDGE('',*,*,#1853,.F.);
#2367=ORIENTED_EDGE('',*,*,#1850,.T.);
#2368=ORIENTED_EDGE('',*,*,#1837,.F.);
#2369=ORIENTED_EDGE('',*,*,#1854,.F.);
#2370=ORIENTED_EDGE('',*,*,#1855,.F.);
#2371=ORIENTED_EDGE('',*,*,#1852,.T.);
#2372=ORIENTED_EDGE('',*,*,#1840,.F.);
#2373=ORIENTED_EDGE('',*,*,#1856,.F.);
#2374=ORIENTED_EDGE('',*,*,#1857,.F.);
#2375=ORIENTED_EDGE('',*,*,#1854,.T.);
#2376=ORIENTED_EDGE('',*,*,#1843,.F.);
#2377=ORIENTED_EDGE('',*,*,#1858,.F.);
#2378=ORIENTED_EDGE('',*,*,#1859,.F.);
#2379=ORIENTED_EDGE('',*,*,#1856,.T.);
#2380=ORIENTED_EDGE('',*,*,#1799,.F.);
#2381=ORIENTED_EDGE('',*,*,#1860,.F.);
#2382=ORIENTED_EDGE('',*,*,#1861,.F.);
#2383=ORIENTED_EDGE('',*,*,#1858,.T.);
#2384=ORIENTED_EDGE('',*,*,#1862,.F.);
#2385=ORIENTED_EDGE('',*,*,#1863,.F.);
#2386=ORIENTED_EDGE('',*,*,#1864,.F.);
#2387=ORIENTED_EDGE('',*,*,#1865,.F.);
#2388=ORIENTED_EDGE('',*,*,#1866,.F.);
#2389=ORIENTED_EDGE('',*,*,#1867,.F.);
#2390=ORIENTED_EDGE('',*,*,#1868,.F.);
#2391=ORIENTED_EDGE('',*,*,#1869,.F.);
#2392=ORIENTED_EDGE('',*,*,#1870,.F.);
#2393=ORIENTED_EDGE('',*,*,#1871,.F.);
#2394=ORIENTED_EDGE('',*,*,#1872,.F.);
#2395=ORIENTED_EDGE('',*,*,#1873,.F.);
#2396=ORIENTED_EDGE('',*,*,#1874,.F.);
#2397=ORIENTED_EDGE('',*,*,#1875,.F.);
#2398=ORIENTED_EDGE('',*,*,#1876,.F.);
#2399=ORIENTED_EDGE('',*,*,#1877,.F.);
#2400=ORIENTED_EDGE('',*,*,#1878,.F.);
#2401=ORIENTED_EDGE('',*,*,#1879,.F.);
#2402=ORIENTED_EDGE('',*,*,#1880,.F.);
#2403=ORIENTED_EDGE('',*,*,#1881,.F.);
#2404=ORIENTED_EDGE('',*,*,#1882,.F.);
#2405=ORIENTED_EDGE('',*,*,#1883,.F.);
#2406=ORIENTED_EDGE('',*,*,#1884,.F.);
#2407=ORIENTED_EDGE('',*,*,#1885,.F.);
#2408=ORIENTED_EDGE('',*,*,#1797,.F.);
#2409=ORIENTED_EDGE('',*,*,#1844,.F.);
#2410=ORIENTED_EDGE('',*,*,#1841,.F.);
#2411=ORIENTED_EDGE('',*,*,#1838,.F.);
#2412=ORIENTED_EDGE('',*,*,#1835,.F.);
#2413=ORIENTED_EDGE('',*,*,#1832,.F.);
#2414=ORIENTED_EDGE('',*,*,#1829,.F.);
#2415=ORIENTED_EDGE('',*,*,#1826,.F.);
#2416=ORIENTED_EDGE('',*,*,#1823,.F.);
#2417=ORIENTED_EDGE('',*,*,#1820,.F.);
#2418=ORIENTED_EDGE('',*,*,#1816,.F.);
#2419=ORIENTED_EDGE('',*,*,#1813,.F.);
#2420=ORIENTED_EDGE('',*,*,#1810,.F.);
#2421=ORIENTED_EDGE('',*,*,#1807,.F.);
#2422=ORIENTED_EDGE('',*,*,#1804,.F.);
#2423=ORIENTED_EDGE('',*,*,#1801,.F.);
#2424=ORIENTED_EDGE('',*,*,#1870,.T.);
#2425=ORIENTED_EDGE('',*,*,#1886,.T.);
#2426=ORIENTED_EDGE('',*,*,#1887,.T.);
#2427=ORIENTED_EDGE('',*,*,#1888,.F.);
#2428=ORIENTED_EDGE('',*,*,#1885,.T.);
#2429=ORIENTED_EDGE('',*,*,#1889,.T.);
#2430=ORIENTED_EDGE('',*,*,#1890,.T.);
#2431=ORIENTED_EDGE('',*,*,#1886,.F.);
#2432=ORIENTED_EDGE('',*,*,#1884,.T.);
#2433=ORIENTED_EDGE('',*,*,#1891,.T.);
#2434=ORIENTED_EDGE('',*,*,#1892,.T.);
#2435=ORIENTED_EDGE('',*,*,#1889,.F.);
#2436=ORIENTED_EDGE('',*,*,#1883,.T.);
#2437=ORIENTED_EDGE('',*,*,#1893,.T.);
#2438=ORIENTED_EDGE('',*,*,#1894,.T.);
#2439=ORIENTED_EDGE('',*,*,#1891,.F.);
#2440=ORIENTED_EDGE('',*,*,#1882,.T.);
#2441=ORIENTED_EDGE('',*,*,#1895,.T.);
#2442=ORIENTED_EDGE('',*,*,#1896,.T.);
#2443=ORIENTED_EDGE('',*,*,#1893,.F.);
#2444=ORIENTED_EDGE('',*,*,#1881,.T.);
#2445=ORIENTED_EDGE('',*,*,#1897,.T.);
#2446=ORIENTED_EDGE('',*,*,#1898,.T.);
#2447=ORIENTED_EDGE('',*,*,#1895,.F.);
#2448=ORIENTED_EDGE('',*,*,#1880,.T.);
#2449=ORIENTED_EDGE('',*,*,#1899,.T.);
#2450=ORIENTED_EDGE('',*,*,#1900,.T.);
#2451=ORIENTED_EDGE('',*,*,#1897,.F.);
#2452=ORIENTED_EDGE('',*,*,#1901,.T.);
#2453=ORIENTED_EDGE('',*,*,#1899,.F.);
#2454=ORIENTED_EDGE('',*,*,#1879,.T.);
#2455=ORIENTED_EDGE('',*,*,#1902,.T.);
#2456=ORIENTED_EDGE('',*,*,#1903,.T.);
#2457=ORIENTED_EDGE('',*,*,#1902,.F.);
#2458=ORIENTED_EDGE('',*,*,#1878,.T.);
#2459=ORIENTED_EDGE('',*,*,#1904,.T.);
#2460=ORIENTED_EDGE('',*,*,#1905,.T.);
#2461=ORIENTED_EDGE('',*,*,#1904,.F.);
#2462=ORIENTED_EDGE('',*,*,#1877,.T.);
#2463=ORIENTED_EDGE('',*,*,#1906,.T.);
#2464=ORIENTED_EDGE('',*,*,#1907,.T.);
#2465=ORIENTED_EDGE('',*,*,#1906,.F.);
#2466=ORIENTED_EDGE('',*,*,#1876,.T.);
#2467=ORIENTED_EDGE('',*,*,#1908,.T.);
#2468=ORIENTED_EDGE('',*,*,#1909,.T.);
#2469=ORIENTED_EDGE('',*,*,#1908,.F.);
#2470=ORIENTED_EDGE('',*,*,#1875,.T.);
#2471=ORIENTED_EDGE('',*,*,#1910,.T.);
#2472=ORIENTED_EDGE('',*,*,#1911,.T.);
#2473=ORIENTED_EDGE('',*,*,#1910,.F.);
#2474=ORIENTED_EDGE('',*,*,#1874,.T.);
#2475=ORIENTED_EDGE('',*,*,#1912,.T.);
#2476=ORIENTED_EDGE('',*,*,#1913,.T.);
#2477=ORIENTED_EDGE('',*,*,#1912,.F.);
#2478=ORIENTED_EDGE('',*,*,#1873,.T.);
#2479=ORIENTED_EDGE('',*,*,#1914,.T.);
#2480=ORIENTED_EDGE('',*,*,#1915,.T.);
#2481=ORIENTED_EDGE('',*,*,#1914,.F.);
#2482=ORIENTED_EDGE('',*,*,#1872,.T.);
#2483=ORIENTED_EDGE('',*,*,#1916,.T.);
#2484=ORIENTED_EDGE('',*,*,#1917,.T.);
#2485=ORIENTED_EDGE('',*,*,#1916,.F.);
#2486=ORIENTED_EDGE('',*,*,#1871,.T.);
#2487=ORIENTED_EDGE('',*,*,#1888,.T.);
#2488=ORIENTED_EDGE('',*,*,#1905,.F.);
#2489=ORIENTED_EDGE('',*,*,#1918,.F.);
#2490=ORIENTED_EDGE('',*,*,#1919,.F.);
#2491=ORIENTED_EDGE('',*,*,#1920,.T.);
#2492=ORIENTED_EDGE('',*,*,#1907,.F.);
#2493=ORIENTED_EDGE('',*,*,#1921,.F.);
#2494=ORIENTED_EDGE('',*,*,#1922,.F.);
#2495=ORIENTED_EDGE('',*,*,#1918,.T.);
#2496=ORIENTED_EDGE('',*,*,#1909,.F.);
#2497=ORIENTED_EDGE('',*,*,#1923,.F.);
#2498=ORIENTED_EDGE('',*,*,#1924,.F.);
#2499=ORIENTED_EDGE('',*,*,#1921,.T.);
#2500=ORIENTED_EDGE('',*,*,#1911,.F.);
#2501=ORIENTED_EDGE('',*,*,#1925,.F.);
#2502=ORIENTED_EDGE('',*,*,#1926,.F.);
#2503=ORIENTED_EDGE('',*,*,#1923,.T.);
#2504=ORIENTED_EDGE('',*,*,#1913,.F.);
#2505=ORIENTED_EDGE('',*,*,#1927,.T.);
#2506=ORIENTED_EDGE('',*,*,#1928,.F.);
#2507=ORIENTED_EDGE('',*,*,#1925,.T.);
#2508=ORIENTED_EDGE('',*,*,#1915,.F.);
#2509=ORIENTED_EDGE('',*,*,#1929,.F.);
#2510=ORIENTED_EDGE('',*,*,#1930,.F.);
#2511=ORIENTED_EDGE('',*,*,#1927,.F.);
#2512=ORIENTED_EDGE('',*,*,#1917,.F.);
#2513=ORIENTED_EDGE('',*,*,#1931,.F.);
#2514=ORIENTED_EDGE('',*,*,#1932,.F.);
#2515=ORIENTED_EDGE('',*,*,#1929,.T.);
#2516=ORIENTED_EDGE('',*,*,#1887,.F.);
#2517=ORIENTED_EDGE('',*,*,#1933,.F.);
#2518=ORIENTED_EDGE('',*,*,#1934,.F.);
#2519=ORIENTED_EDGE('',*,*,#1931,.T.);
#2520=ORIENTED_EDGE('',*,*,#1935,.T.);
#2521=ORIENTED_EDGE('',*,*,#1936,.T.);
#2522=ORIENTED_EDGE('',*,*,#1937,.T.);
#2523=ORIENTED_EDGE('',*,*,#1938,.F.);
#2524=ORIENTED_EDGE('',*,*,#1939,.T.);
#2525=ORIENTED_EDGE('',*,*,#1940,.T.);
#2526=ORIENTED_EDGE('',*,*,#1861,.T.);
#2527=ORIENTED_EDGE('',*,*,#1936,.F.);
#2528=ORIENTED_EDGE('',*,*,#1941,.T.);
#2529=ORIENTED_EDGE('',*,*,#1942,.T.);
#2530=ORIENTED_EDGE('',*,*,#1859,.T.);
#2531=ORIENTED_EDGE('',*,*,#1940,.F.);
#2532=ORIENTED_EDGE('',*,*,#1943,.T.);
#2533=ORIENTED_EDGE('',*,*,#1944,.T.);
#2534=ORIENTED_EDGE('',*,*,#1857,.T.);
#2535=ORIENTED_EDGE('',*,*,#1942,.F.);
#2536=ORIENTED_EDGE('',*,*,#1945,.T.);
#2537=ORIENTED_EDGE('',*,*,#1946,.T.);
#2538=ORIENTED_EDGE('',*,*,#1855,.T.);
#2539=ORIENTED_EDGE('',*,*,#1944,.F.);
#2540=ORIENTED_EDGE('',*,*,#1947,.T.);
#2541=ORIENTED_EDGE('',*,*,#1948,.T.);
#2542=ORIENTED_EDGE('',*,*,#1853,.T.);
#2543=ORIENTED_EDGE('',*,*,#1946,.F.);
#2544=ORIENTED_EDGE('',*,*,#1949,.T.);
#2545=ORIENTED_EDGE('',*,*,#1950,.T.);
#2546=ORIENTED_EDGE('',*,*,#1851,.T.);
#2547=ORIENTED_EDGE('',*,*,#1948,.F.);
#2548=ORIENTED_EDGE('',*,*,#1849,.T.);
#2549=ORIENTED_EDGE('',*,*,#1950,.F.);
#2550=ORIENTED_EDGE('',*,*,#1951,.T.);
#2551=ORIENTED_EDGE('',*,*,#1952,.T.);
#2552=ORIENTED_EDGE('',*,*,#1846,.T.);
#2553=ORIENTED_EDGE('',*,*,#1952,.F.);
#2554=ORIENTED_EDGE('',*,*,#1953,.T.);
#2555=ORIENTED_EDGE('',*,*,#1954,.T.);
#2556=ORIENTED_EDGE('',*,*,#1955,.T.);
#2557=ORIENTED_EDGE('',*,*,#1954,.F.);
#2558=ORIENTED_EDGE('',*,*,#1956,.T.);
#2559=ORIENTED_EDGE('',*,*,#1957,.T.);
#2560=ORIENTED_EDGE('',*,*,#1958,.T.);
#2561=ORIENTED_EDGE('',*,*,#1957,.F.);
#2562=ORIENTED_EDGE('',*,*,#1959,.T.);
#2563=ORIENTED_EDGE('',*,*,#1960,.T.);
#2564=ORIENTED_EDGE('',*,*,#1961,.T.);
#2565=ORIENTED_EDGE('',*,*,#1960,.F.);
#2566=ORIENTED_EDGE('',*,*,#1962,.T.);
#2567=ORIENTED_EDGE('',*,*,#1963,.T.);
#2568=ORIENTED_EDGE('',*,*,#1964,.T.);
#2569=ORIENTED_EDGE('',*,*,#1963,.F.);
#2570=ORIENTED_EDGE('',*,*,#1965,.T.);
#2571=ORIENTED_EDGE('',*,*,#1966,.T.);
#2572=ORIENTED_EDGE('',*,*,#1967,.T.);
#2573=ORIENTED_EDGE('',*,*,#1966,.F.);
#2574=ORIENTED_EDGE('',*,*,#1968,.T.);
#2575=ORIENTED_EDGE('',*,*,#1969,.T.);
#2576=ORIENTED_EDGE('',*,*,#1970,.T.);
#2577=ORIENTED_EDGE('',*,*,#1969,.F.);
#2578=ORIENTED_EDGE('',*,*,#1971,.T.);
#2579=ORIENTED_EDGE('',*,*,#1972,.T.);
#2580=ORIENTED_EDGE('',*,*,#1973,.T.);
#2581=ORIENTED_EDGE('',*,*,#1972,.F.);
#2582=ORIENTED_EDGE('',*,*,#1974,.T.);
#2583=ORIENTED_EDGE('',*,*,#1938,.T.);
#2584=ORIENTED_EDGE('',*,*,#1822,.F.);
#2585=ORIENTED_EDGE('',*,*,#1847,.F.);
#2586=ORIENTED_EDGE('',*,*,#1955,.F.);
#2587=ORIENTED_EDGE('',*,*,#1975,.T.);
#2588=ORIENTED_EDGE('',*,*,#1819,.F.);
#2589=ORIENTED_EDGE('',*,*,#1975,.F.);
#2590=ORIENTED_EDGE('',*,*,#1958,.F.);
#2591=ORIENTED_EDGE('',*,*,#1976,.T.);
#2592=ORIENTED_EDGE('',*,*,#1818,.F.);
#2593=ORIENTED_EDGE('',*,*,#1976,.F.);
#2594=ORIENTED_EDGE('',*,*,#1961,.F.);
#2595=ORIENTED_EDGE('',*,*,#1977,.T.);
#2596=ORIENTED_EDGE('',*,*,#1815,.F.);
#2597=ORIENTED_EDGE('',*,*,#1977,.F.);
#2598=ORIENTED_EDGE('',*,*,#1964,.F.);
#2599=ORIENTED_EDGE('',*,*,#1978,.T.);
#2600=ORIENTED_EDGE('',*,*,#1812,.F.);
#2601=ORIENTED_EDGE('',*,*,#1978,.F.);
#2602=ORIENTED_EDGE('',*,*,#1967,.F.);
#2603=ORIENTED_EDGE('',*,*,#1979,.T.);
#2604=ORIENTED_EDGE('',*,*,#1809,.F.);
#2605=ORIENTED_EDGE('',*,*,#1979,.F.);
#2606=ORIENTED_EDGE('',*,*,#1970,.F.);
#2607=ORIENTED_EDGE('',*,*,#1980,.T.);
#2608=ORIENTED_EDGE('',*,*,#1806,.F.);
#2609=ORIENTED_EDGE('',*,*,#1980,.F.);
#2610=ORIENTED_EDGE('',*,*,#1973,.F.);
#2611=ORIENTED_EDGE('',*,*,#1981,.T.);
#2612=ORIENTED_EDGE('',*,*,#1803,.F.);
#2613=ORIENTED_EDGE('',*,*,#1981,.F.);
#2614=ORIENTED_EDGE('',*,*,#1937,.F.);
#2615=ORIENTED_EDGE('',*,*,#1860,.T.);
#2616=ORIENTED_EDGE('',*,*,#1935,.F.);
#2617=ORIENTED_EDGE('',*,*,#1974,.F.);
#2618=ORIENTED_EDGE('',*,*,#1971,.F.);
#2619=ORIENTED_EDGE('',*,*,#1968,.F.);
#2620=ORIENTED_EDGE('',*,*,#1965,.F.);
#2621=ORIENTED_EDGE('',*,*,#1962,.F.);
#2622=ORIENTED_EDGE('',*,*,#1959,.F.);
#2623=ORIENTED_EDGE('',*,*,#1956,.F.);
#2624=ORIENTED_EDGE('',*,*,#1953,.F.);
#2625=ORIENTED_EDGE('',*,*,#1951,.F.);
#2626=ORIENTED_EDGE('',*,*,#1949,.F.);
#2627=ORIENTED_EDGE('',*,*,#1947,.F.);
#2628=ORIENTED_EDGE('',*,*,#1945,.F.);
#2629=ORIENTED_EDGE('',*,*,#1943,.F.);
#2630=ORIENTED_EDGE('',*,*,#1941,.F.);
#2631=ORIENTED_EDGE('',*,*,#1939,.F.);
#2632=ORIENTED_EDGE('',*,*,#1982,.T.);
#2633=ORIENTED_EDGE('',*,*,#1983,.T.);
#2634=ORIENTED_EDGE('',*,*,#1984,.T.);
#2635=ORIENTED_EDGE('',*,*,#1985,.F.);
#2636=ORIENTED_EDGE('',*,*,#1986,.T.);
#2637=ORIENTED_EDGE('',*,*,#1987,.T.);
#2638=ORIENTED_EDGE('',*,*,#1988,.T.);
#2639=ORIENTED_EDGE('',*,*,#1983,.F.);
#2640=ORIENTED_EDGE('',*,*,#1989,.T.);
#2641=ORIENTED_EDGE('',*,*,#1990,.T.);
#2642=ORIENTED_EDGE('',*,*,#1991,.T.);
#2643=ORIENTED_EDGE('',*,*,#1987,.F.);
#2644=ORIENTED_EDGE('',*,*,#1992,.T.);
#2645=ORIENTED_EDGE('',*,*,#1993,.T.);
#2646=ORIENTED_EDGE('',*,*,#1994,.T.);
#2647=ORIENTED_EDGE('',*,*,#1990,.F.);
#2648=ORIENTED_EDGE('',*,*,#1995,.T.);
#2649=ORIENTED_EDGE('',*,*,#1996,.T.);
#2650=ORIENTED_EDGE('',*,*,#1997,.T.);
#2651=ORIENTED_EDGE('',*,*,#1993,.F.);
#2652=ORIENTED_EDGE('',*,*,#1998,.T.);
#2653=ORIENTED_EDGE('',*,*,#1999,.T.);
#2654=ORIENTED_EDGE('',*,*,#1934,.T.);
#2655=ORIENTED_EDGE('',*,*,#1996,.F.);
#2656=ORIENTED_EDGE('',*,*,#2000,.T.);
#2657=ORIENTED_EDGE('',*,*,#2001,.T.);
#2658=ORIENTED_EDGE('',*,*,#1932,.T.);
#2659=ORIENTED_EDGE('',*,*,#1999,.F.);
#2660=ORIENTED_EDGE('',*,*,#1930,.T.);
#2661=ORIENTED_EDGE('',*,*,#2001,.F.);
#2662=ORIENTED_EDGE('',*,*,#2002,.T.);
#2663=ORIENTED_EDGE('',*,*,#2003,.T.);
#2664=ORIENTED_EDGE('',*,*,#1928,.T.);
#2665=ORIENTED_EDGE('',*,*,#2003,.F.);
#2666=ORIENTED_EDGE('',*,*,#2004,.T.);
#2667=ORIENTED_EDGE('',*,*,#2005,.T.);
#2668=ORIENTED_EDGE('',*,*,#1926,.T.);
#2669=ORIENTED_EDGE('',*,*,#2005,.F.);
#2670=ORIENTED_EDGE('',*,*,#2006,.T.);
#2671=ORIENTED_EDGE('',*,*,#2007,.T.);
#2672=ORIENTED_EDGE('',*,*,#1924,.T.);
#2673=ORIENTED_EDGE('',*,*,#2007,.F.);
#2674=ORIENTED_EDGE('',*,*,#2008,.T.);
#2675=ORIENTED_EDGE('',*,*,#2009,.T.);
#2676=ORIENTED_EDGE('',*,*,#1922,.T.);
#2677=ORIENTED_EDGE('',*,*,#2009,.F.);
#2678=ORIENTED_EDGE('',*,*,#2010,.T.);
#2679=ORIENTED_EDGE('',*,*,#2011,.T.);
#2680=ORIENTED_EDGE('',*,*,#1919,.T.);
#2681=ORIENTED_EDGE('',*,*,#2011,.F.);
#2682=ORIENTED_EDGE('',*,*,#2012,.T.);
#2683=ORIENTED_EDGE('',*,*,#2013,.T.);
#2684=ORIENTED_EDGE('',*,*,#2014,.T.);
#2685=ORIENTED_EDGE('',*,*,#2013,.F.);
#2686=ORIENTED_EDGE('',*,*,#2015,.T.);
#2687=ORIENTED_EDGE('',*,*,#2016,.T.);
#2688=ORIENTED_EDGE('',*,*,#2017,.T.);
#2689=ORIENTED_EDGE('',*,*,#2016,.F.);
#2690=ORIENTED_EDGE('',*,*,#2018,.T.);
#2691=ORIENTED_EDGE('',*,*,#2019,.T.);
#2692=ORIENTED_EDGE('',*,*,#2020,.T.);
#2693=ORIENTED_EDGE('',*,*,#2019,.F.);
#2694=ORIENTED_EDGE('',*,*,#2021,.T.);
#2695=ORIENTED_EDGE('',*,*,#1985,.T.);
#2696=ORIENTED_EDGE('',*,*,#1903,.F.);
#2697=ORIENTED_EDGE('',*,*,#1920,.F.);
#2698=ORIENTED_EDGE('',*,*,#2014,.F.);
#2699=ORIENTED_EDGE('',*,*,#2022,.T.);
#2700=ORIENTED_EDGE('',*,*,#1901,.F.);
#2701=ORIENTED_EDGE('',*,*,#2022,.F.);
#2702=ORIENTED_EDGE('',*,*,#2017,.F.);
#2703=ORIENTED_EDGE('',*,*,#2023,.T.);
#2704=ORIENTED_EDGE('',*,*,#1900,.F.);
#2705=ORIENTED_EDGE('',*,*,#2023,.F.);
#2706=ORIENTED_EDGE('',*,*,#2020,.F.);
#2707=ORIENTED_EDGE('',*,*,#2024,.T.);
#2708=ORIENTED_EDGE('',*,*,#1898,.F.);
#2709=ORIENTED_EDGE('',*,*,#2024,.F.);
#2710=ORIENTED_EDGE('',*,*,#1984,.F.);
#2711=ORIENTED_EDGE('',*,*,#2025,.T.);
#2712=ORIENTED_EDGE('',*,*,#1982,.F.);
#2713=ORIENTED_EDGE('',*,*,#2021,.F.);
#2714=ORIENTED_EDGE('',*,*,#2018,.F.);
#2715=ORIENTED_EDGE('',*,*,#2015,.F.);
#2716=ORIENTED_EDGE('',*,*,#2012,.F.);
#2717=ORIENTED_EDGE('',*,*,#2010,.F.);
#2718=ORIENTED_EDGE('',*,*,#2008,.F.);
#2719=ORIENTED_EDGE('',*,*,#2006,.F.);
#2720=ORIENTED_EDGE('',*,*,#2004,.F.);
#2721=ORIENTED_EDGE('',*,*,#2002,.F.);
#2722=ORIENTED_EDGE('',*,*,#2000,.F.);
#2723=ORIENTED_EDGE('',*,*,#1998,.F.);
#2724=ORIENTED_EDGE('',*,*,#1995,.F.);
#2725=ORIENTED_EDGE('',*,*,#1992,.F.);
#2726=ORIENTED_EDGE('',*,*,#1989,.F.);
#2727=ORIENTED_EDGE('',*,*,#1986,.F.);
#2728=ORIENTED_EDGE('',*,*,#1896,.F.);
#2729=ORIENTED_EDGE('',*,*,#2025,.F.);
#2730=ORIENTED_EDGE('',*,*,#1988,.F.);
#2731=ORIENTED_EDGE('',*,*,#2026,.T.);
#2732=ORIENTED_EDGE('',*,*,#1894,.F.);
#2733=ORIENTED_EDGE('',*,*,#2026,.F.);
#2734=ORIENTED_EDGE('',*,*,#1991,.F.);
#2735=ORIENTED_EDGE('',*,*,#2027,.T.);
#2736=ORIENTED_EDGE('',*,*,#1892,.F.);
#2737=ORIENTED_EDGE('',*,*,#2027,.F.);
#2738=ORIENTED_EDGE('',*,*,#1994,.F.);
#2739=ORIENTED_EDGE('',*,*,#2028,.T.);
#2740=ORIENTED_EDGE('',*,*,#1890,.F.);
#2741=ORIENTED_EDGE('',*,*,#2028,.F.);
#2742=ORIENTED_EDGE('',*,*,#1997,.F.);
#2743=ORIENTED_EDGE('',*,*,#1933,.T.);
#2744=ORIENTED_EDGE('',*,*,#1869,.T.);
#2745=ORIENTED_EDGE('',*,*,#2029,.F.);
#2746=ORIENTED_EDGE('',*,*,#2030,.F.);
#2747=ORIENTED_EDGE('',*,*,#2031,.F.);
#2748=ORIENTED_EDGE('',*,*,#1868,.T.);
#2749=ORIENTED_EDGE('',*,*,#2032,.F.);
#2750=ORIENTED_EDGE('',*,*,#2033,.F.);
#2751=ORIENTED_EDGE('',*,*,#2034,.F.);
#2752=ORIENTED_EDGE('',*,*,#2035,.F.);
#2753=ORIENTED_EDGE('',*,*,#2036,.F.);
#2754=ORIENTED_EDGE('',*,*,#2037,.T.);
#2755=ORIENTED_EDGE('',*,*,#2029,.T.);
#2756=ORIENTED_EDGE('',*,*,#1867,.T.);
#2757=ORIENTED_EDGE('',*,*,#2038,.F.);
#2758=ORIENTED_EDGE('',*,*,#2039,.F.);
#2759=ORIENTED_EDGE('',*,*,#2032,.T.);
#2760=ORIENTED_EDGE('',*,*,#1866,.T.);
#2761=ORIENTED_EDGE('',*,*,#2040,.F.);
#2762=ORIENTED_EDGE('',*,*,#2041,.T.);
#2763=ORIENTED_EDGE('',*,*,#2042,.T.);
#2764=ORIENTED_EDGE('',*,*,#2043,.T.);
#2765=ORIENTED_EDGE('',*,*,#2044,.T.);
#2766=ORIENTED_EDGE('',*,*,#2045,.T.);
#2767=ORIENTED_EDGE('',*,*,#2038,.T.);
#2768=ORIENTED_EDGE('',*,*,#2046,.F.);
#2769=ORIENTED_EDGE('',*,*,#2047,.F.);
#2770=ORIENTED_EDGE('',*,*,#2048,.F.);
#2771=ORIENTED_EDGE('',*,*,#2049,.F.);
#2772=ORIENTED_EDGE('',*,*,#2050,.F.);
#2773=ORIENTED_EDGE('',*,*,#2051,.F.);
#2774=ORIENTED_EDGE('',*,*,#2052,.F.);
#2775=ORIENTED_EDGE('',*,*,#2053,.F.);
#2776=ORIENTED_EDGE('',*,*,#2054,.F.);
#2777=ORIENTED_EDGE('',*,*,#2055,.F.);
#2778=ORIENTED_EDGE('',*,*,#2056,.F.);
#2779=ORIENTED_EDGE('',*,*,#2057,.F.);
#2780=ORIENTED_EDGE('',*,*,#2058,.F.);
#2781=ORIENTED_EDGE('',*,*,#2059,.F.);
#2782=ORIENTED_EDGE('',*,*,#2060,.F.);
#2783=ORIENTED_EDGE('',*,*,#2061,.F.);
#2784=ORIENTED_EDGE('',*,*,#2062,.T.);
#2785=ORIENTED_EDGE('',*,*,#2063,.T.);
#2786=ORIENTED_EDGE('',*,*,#2058,.T.);
#2787=ORIENTED_EDGE('',*,*,#2064,.F.);
#2788=ORIENTED_EDGE('',*,*,#2065,.T.);
#2789=ORIENTED_EDGE('',*,*,#2066,.T.);
#2790=ORIENTED_EDGE('',*,*,#2059,.T.);
#2791=ORIENTED_EDGE('',*,*,#2063,.F.);
#2792=ORIENTED_EDGE('',*,*,#2067,.T.);
#2793=ORIENTED_EDGE('',*,*,#2068,.T.);
#2794=ORIENTED_EDGE('',*,*,#2060,.T.);
#2795=ORIENTED_EDGE('',*,*,#2066,.F.);
#2796=ORIENTED_EDGE('',*,*,#2069,.T.);
#2797=ORIENTED_EDGE('',*,*,#2070,.T.);
#2798=ORIENTED_EDGE('',*,*,#2046,.T.);
#2799=ORIENTED_EDGE('',*,*,#2071,.T.);
#2800=ORIENTED_EDGE('',*,*,#2072,.T.);
#2801=ORIENTED_EDGE('',*,*,#2073,.T.);
#2802=ORIENTED_EDGE('',*,*,#2047,.T.);
#2803=ORIENTED_EDGE('',*,*,#2070,.F.);
#2804=ORIENTED_EDGE('',*,*,#2074,.T.);
#2805=ORIENTED_EDGE('',*,*,#2075,.T.);
#2806=ORIENTED_EDGE('',*,*,#2048,.T.);
#2807=ORIENTED_EDGE('',*,*,#2073,.F.);
#2808=ORIENTED_EDGE('',*,*,#2049,.T.);
#2809=ORIENTED_EDGE('',*,*,#2075,.F.);
#2810=ORIENTED_EDGE('',*,*,#2076,.T.);
#2811=ORIENTED_EDGE('',*,*,#2077,.T.);
#2812=ORIENTED_EDGE('',*,*,#2050,.T.);
#2813=ORIENTED_EDGE('',*,*,#2077,.F.);
#2814=ORIENTED_EDGE('',*,*,#2078,.T.);
#2815=ORIENTED_EDGE('',*,*,#2079,.T.);
#2816=ORIENTED_EDGE('',*,*,#2051,.T.);
#2817=ORIENTED_EDGE('',*,*,#2079,.F.);
#2818=ORIENTED_EDGE('',*,*,#2080,.T.);
#2819=ORIENTED_EDGE('',*,*,#2081,.T.);
#2820=ORIENTED_EDGE('',*,*,#2052,.T.);
#2821=ORIENTED_EDGE('',*,*,#2081,.F.);
#2822=ORIENTED_EDGE('',*,*,#2082,.T.);
#2823=ORIENTED_EDGE('',*,*,#2083,.T.);
#2824=ORIENTED_EDGE('',*,*,#2084,.T.);
#2825=ORIENTED_EDGE('',*,*,#2071,.F.);
#2826=ORIENTED_EDGE('',*,*,#2061,.T.);
#2827=ORIENTED_EDGE('',*,*,#2068,.F.);
#2828=ORIENTED_EDGE('',*,*,#2053,.T.);
#2829=ORIENTED_EDGE('',*,*,#2083,.F.);
#2830=ORIENTED_EDGE('',*,*,#2085,.T.);
#2831=ORIENTED_EDGE('',*,*,#2086,.T.);
#2832=ORIENTED_EDGE('',*,*,#2054,.T.);
#2833=ORIENTED_EDGE('',*,*,#2086,.F.);
#2834=ORIENTED_EDGE('',*,*,#2087,.T.);
#2835=ORIENTED_EDGE('',*,*,#2088,.T.);
#2836=ORIENTED_EDGE('',*,*,#2055,.T.);
#2837=ORIENTED_EDGE('',*,*,#2088,.F.);
#2838=ORIENTED_EDGE('',*,*,#2089,.T.);
#2839=ORIENTED_EDGE('',*,*,#2090,.T.);
#2840=ORIENTED_EDGE('',*,*,#2056,.T.);
#2841=ORIENTED_EDGE('',*,*,#2090,.F.);
#2842=ORIENTED_EDGE('',*,*,#2091,.T.);
#2843=ORIENTED_EDGE('',*,*,#2092,.T.);
#2844=ORIENTED_EDGE('',*,*,#2057,.T.);
#2845=ORIENTED_EDGE('',*,*,#2092,.F.);
#2846=ORIENTED_EDGE('',*,*,#2093,.T.);
#2847=ORIENTED_EDGE('',*,*,#2064,.T.);
#2848=ORIENTED_EDGE('',*,*,#2085,.F.);
#2849=ORIENTED_EDGE('',*,*,#2094,.T.);
#2850=ORIENTED_EDGE('',*,*,#2095,.F.);
#2851=ORIENTED_EDGE('',*,*,#2096,.F.);
#2852=ORIENTED_EDGE('',*,*,#2082,.F.);
#2853=ORIENTED_EDGE('',*,*,#2097,.T.);
#2854=ORIENTED_EDGE('',*,*,#2098,.F.);
#2855=ORIENTED_EDGE('',*,*,#2094,.F.);
#2856=ORIENTED_EDGE('',*,*,#2080,.F.);
#2857=ORIENTED_EDGE('',*,*,#2099,.T.);
#2858=ORIENTED_EDGE('',*,*,#2100,.F.);
#2859=ORIENTED_EDGE('',*,*,#2097,.F.);
#2860=ORIENTED_EDGE('',*,*,#2078,.F.);
#2861=ORIENTED_EDGE('',*,*,#2101,.T.);
#2862=ORIENTED_EDGE('',*,*,#2102,.F.);
#2863=ORIENTED_EDGE('',*,*,#2099,.F.);
#2864=ORIENTED_EDGE('',*,*,#2076,.F.);
#2865=ORIENTED_EDGE('',*,*,#2103,.T.);
#2866=ORIENTED_EDGE('',*,*,#2104,.F.);
#2867=ORIENTED_EDGE('',*,*,#2101,.F.);
#2868=ORIENTED_EDGE('',*,*,#2074,.F.);
#2869=ORIENTED_EDGE('',*,*,#2105,.T.);
#2870=ORIENTED_EDGE('',*,*,#2106,.F.);
#2871=ORIENTED_EDGE('',*,*,#2103,.F.);
#2872=ORIENTED_EDGE('',*,*,#2072,.F.);
#2873=ORIENTED_EDGE('',*,*,#2107,.T.);
#2874=ORIENTED_EDGE('',*,*,#2108,.F.);
#2875=ORIENTED_EDGE('',*,*,#2105,.F.);
#2876=ORIENTED_EDGE('',*,*,#2069,.F.);
#2877=ORIENTED_EDGE('',*,*,#2109,.T.);
#2878=ORIENTED_EDGE('',*,*,#2110,.F.);
#2879=ORIENTED_EDGE('',*,*,#2107,.F.);
#2880=ORIENTED_EDGE('',*,*,#2111,.T.);
#2881=ORIENTED_EDGE('',*,*,#2112,.T.);
#2882=ORIENTED_EDGE('',*,*,#2113,.T.);
#2883=ORIENTED_EDGE('',*,*,#2114,.T.);
#2884=ORIENTED_EDGE('',*,*,#2115,.T.);
#2885=ORIENTED_EDGE('',*,*,#2116,.T.);
#2886=ORIENTED_EDGE('',*,*,#2117,.T.);
#2887=ORIENTED_EDGE('',*,*,#2112,.F.);
#2888=ORIENTED_EDGE('',*,*,#2118,.T.);
#2889=ORIENTED_EDGE('',*,*,#2119,.T.);
#2890=ORIENTED_EDGE('',*,*,#2120,.T.);
#2891=ORIENTED_EDGE('',*,*,#2116,.F.);
#2892=ORIENTED_EDGE('',*,*,#2121,.T.);
#2893=ORIENTED_EDGE('',*,*,#2122,.T.);
#2894=ORIENTED_EDGE('',*,*,#2123,.T.);
#2895=ORIENTED_EDGE('',*,*,#2119,.F.);
#2896=ORIENTED_EDGE('',*,*,#2124,.T.);
#2897=ORIENTED_EDGE('',*,*,#2125,.T.);
#2898=ORIENTED_EDGE('',*,*,#2126,.T.);
#2899=ORIENTED_EDGE('',*,*,#2122,.F.);
#2900=ORIENTED_EDGE('',*,*,#2127,.T.);
#2901=ORIENTED_EDGE('',*,*,#2128,.T.);
#2902=ORIENTED_EDGE('',*,*,#2129,.T.);
#2903=ORIENTED_EDGE('',*,*,#2125,.F.);
#2904=ORIENTED_EDGE('',*,*,#2130,.T.);
#2905=ORIENTED_EDGE('',*,*,#2128,.F.);
#2906=ORIENTED_EDGE('',*,*,#2131,.T.);
#2907=ORIENTED_EDGE('',*,*,#2132,.T.);
#2908=ORIENTED_EDGE('',*,*,#2133,.T.);
#2909=ORIENTED_EDGE('',*,*,#2132,.F.);
#2910=ORIENTED_EDGE('',*,*,#2134,.T.);
#2911=ORIENTED_EDGE('',*,*,#2135,.T.);
#2912=ORIENTED_EDGE('',*,*,#2136,.T.);
#2913=ORIENTED_EDGE('',*,*,#2135,.F.);
#2914=ORIENTED_EDGE('',*,*,#2137,.T.);
#2915=ORIENTED_EDGE('',*,*,#2138,.T.);
#2916=ORIENTED_EDGE('',*,*,#2139,.T.);
#2917=ORIENTED_EDGE('',*,*,#2138,.F.);
#2918=ORIENTED_EDGE('',*,*,#2140,.T.);
#2919=ORIENTED_EDGE('',*,*,#2141,.T.);
#2920=ORIENTED_EDGE('',*,*,#2142,.T.);
#2921=ORIENTED_EDGE('',*,*,#2141,.F.);
#2922=ORIENTED_EDGE('',*,*,#2143,.T.);
#2923=ORIENTED_EDGE('',*,*,#2144,.T.);
#2924=ORIENTED_EDGE('',*,*,#2145,.T.);
#2925=ORIENTED_EDGE('',*,*,#2144,.F.);
#2926=ORIENTED_EDGE('',*,*,#2146,.T.);
#2927=ORIENTED_EDGE('',*,*,#2147,.T.);
#2928=ORIENTED_EDGE('',*,*,#2148,.T.);
#2929=ORIENTED_EDGE('',*,*,#2147,.F.);
#2930=ORIENTED_EDGE('',*,*,#2149,.T.);
#2931=ORIENTED_EDGE('',*,*,#2150,.T.);
#2932=ORIENTED_EDGE('',*,*,#2151,.T.);
#2933=ORIENTED_EDGE('',*,*,#2150,.F.);
#2934=ORIENTED_EDGE('',*,*,#2152,.T.);
#2935=ORIENTED_EDGE('',*,*,#2114,.F.);
#2936=ORIENTED_EDGE('',*,*,#2131,.F.);
#2937=ORIENTED_EDGE('',*,*,#2153,.T.);
#2938=ORIENTED_EDGE('',*,*,#2154,.F.);
#2939=ORIENTED_EDGE('',*,*,#2155,.F.);
#2940=ORIENTED_EDGE('',*,*,#2127,.F.);
#2941=ORIENTED_EDGE('',*,*,#2156,.T.);
#2942=ORIENTED_EDGE('',*,*,#2157,.F.);
#2943=ORIENTED_EDGE('',*,*,#2153,.F.);
#2944=ORIENTED_EDGE('',*,*,#2124,.F.);
#2945=ORIENTED_EDGE('',*,*,#2158,.T.);
#2946=ORIENTED_EDGE('',*,*,#2159,.F.);
#2947=ORIENTED_EDGE('',*,*,#2156,.F.);
#2948=ORIENTED_EDGE('',*,*,#2121,.F.);
#2949=ORIENTED_EDGE('',*,*,#2160,.T.);
#2950=ORIENTED_EDGE('',*,*,#2161,.F.);
#2951=ORIENTED_EDGE('',*,*,#2158,.F.);
#2952=ORIENTED_EDGE('',*,*,#2118,.F.);
#2953=ORIENTED_EDGE('',*,*,#2162,.T.);
#2954=ORIENTED_EDGE('',*,*,#2163,.F.);
#2955=ORIENTED_EDGE('',*,*,#2160,.F.);
#2956=ORIENTED_EDGE('',*,*,#2115,.F.);
#2957=ORIENTED_EDGE('',*,*,#2164,.T.);
#2958=ORIENTED_EDGE('',*,*,#2165,.F.);
#2959=ORIENTED_EDGE('',*,*,#2162,.F.);
#2960=ORIENTED_EDGE('',*,*,#2111,.F.);
#2961=ORIENTED_EDGE('',*,*,#2166,.T.);
#2962=ORIENTED_EDGE('',*,*,#2167,.F.);
#2963=ORIENTED_EDGE('',*,*,#2164,.F.);
#2964=ORIENTED_EDGE('',*,*,#2168,.T.);
#2965=ORIENTED_EDGE('',*,*,#2169,.T.);
#2966=ORIENTED_EDGE('',*,*,#2170,.T.);
#2967=ORIENTED_EDGE('',*,*,#2171,.T.);
#2968=ORIENTED_EDGE('',*,*,#2172,.T.);
#2969=ORIENTED_EDGE('',*,*,#2173,.T.);
#2970=ORIENTED_EDGE('',*,*,#2174,.T.);
#2971=ORIENTED_EDGE('',*,*,#2175,.F.);
#2972=ORIENTED_EDGE('',*,*,#2113,.F.);
#2973=ORIENTED_EDGE('',*,*,#2117,.F.);
#2974=ORIENTED_EDGE('',*,*,#2120,.F.);
#2975=ORIENTED_EDGE('',*,*,#2123,.F.);
#2976=ORIENTED_EDGE('',*,*,#2126,.F.);
#2977=ORIENTED_EDGE('',*,*,#2129,.F.);
#2978=ORIENTED_EDGE('',*,*,#2130,.F.);
#2979=ORIENTED_EDGE('',*,*,#2133,.F.);
#2980=ORIENTED_EDGE('',*,*,#2136,.F.);
#2981=ORIENTED_EDGE('',*,*,#2139,.F.);
#2982=ORIENTED_EDGE('',*,*,#2142,.F.);
#2983=ORIENTED_EDGE('',*,*,#2145,.F.);
#2984=ORIENTED_EDGE('',*,*,#2148,.F.);
#2985=ORIENTED_EDGE('',*,*,#2151,.F.);
#2986=ORIENTED_EDGE('',*,*,#2176,.T.);
#2987=ORIENTED_EDGE('',*,*,#2177,.T.);
#2988=ORIENTED_EDGE('',*,*,#2095,.T.);
#2989=ORIENTED_EDGE('',*,*,#2178,.F.);
#2990=ORIENTED_EDGE('',*,*,#2179,.T.);
#2991=ORIENTED_EDGE('',*,*,#2180,.T.);
#2992=ORIENTED_EDGE('',*,*,#2181,.T.);
#2993=ORIENTED_EDGE('',*,*,#2177,.F.);
#2994=ORIENTED_EDGE('',*,*,#2182,.T.);
#2995=ORIENTED_EDGE('',*,*,#2183,.T.);
#2996=ORIENTED_EDGE('',*,*,#2184,.T.);
#2997=ORIENTED_EDGE('',*,*,#2180,.F.);
#2998=ORIENTED_EDGE('',*,*,#2185,.T.);
#2999=ORIENTED_EDGE('',*,*,#2186,.T.);
#3000=ORIENTED_EDGE('',*,*,#2187,.T.);
#3001=ORIENTED_EDGE('',*,*,#2183,.F.);
#3002=ORIENTED_EDGE('',*,*,#2188,.T.);
#3003=ORIENTED_EDGE('',*,*,#2189,.T.);
#3004=ORIENTED_EDGE('',*,*,#2190,.T.);
#3005=ORIENTED_EDGE('',*,*,#2186,.F.);
#3006=ORIENTED_EDGE('',*,*,#2191,.T.);
#3007=ORIENTED_EDGE('',*,*,#2192,.T.);
#3008=ORIENTED_EDGE('',*,*,#2193,.T.);
#3009=ORIENTED_EDGE('',*,*,#2189,.F.);
#3010=ORIENTED_EDGE('',*,*,#2194,.T.);
#3011=ORIENTED_EDGE('',*,*,#2195,.T.);
#3012=ORIENTED_EDGE('',*,*,#2196,.T.);
#3013=ORIENTED_EDGE('',*,*,#2192,.F.);
#3014=ORIENTED_EDGE('',*,*,#2197,.T.);
#3015=ORIENTED_EDGE('',*,*,#2198,.T.);
#3016=ORIENTED_EDGE('',*,*,#2199,.T.);
#3017=ORIENTED_EDGE('',*,*,#2195,.F.);
#3018=ORIENTED_EDGE('',*,*,#2200,.T.);
#3019=ORIENTED_EDGE('',*,*,#2201,.T.);
#3020=ORIENTED_EDGE('',*,*,#2202,.T.);
#3021=ORIENTED_EDGE('',*,*,#2198,.F.);
#3022=ORIENTED_EDGE('',*,*,#2110,.T.);
#3023=ORIENTED_EDGE('',*,*,#2201,.F.);
#3024=ORIENTED_EDGE('',*,*,#2203,.T.);
#3025=ORIENTED_EDGE('',*,*,#2204,.T.);
#3026=ORIENTED_EDGE('',*,*,#2108,.T.);
#3027=ORIENTED_EDGE('',*,*,#2204,.F.);
#3028=ORIENTED_EDGE('',*,*,#2205,.T.);
#3029=ORIENTED_EDGE('',*,*,#2206,.T.);
#3030=ORIENTED_EDGE('',*,*,#2106,.T.);
#3031=ORIENTED_EDGE('',*,*,#2206,.F.);
#3032=ORIENTED_EDGE('',*,*,#2207,.T.);
#3033=ORIENTED_EDGE('',*,*,#2208,.T.);
#3034=ORIENTED_EDGE('',*,*,#2104,.T.);
#3035=ORIENTED_EDGE('',*,*,#2208,.F.);
#3036=ORIENTED_EDGE('',*,*,#2209,.T.);
#3037=ORIENTED_EDGE('',*,*,#2210,.T.);
#3038=ORIENTED_EDGE('',*,*,#2102,.T.);
#3039=ORIENTED_EDGE('',*,*,#2210,.F.);
#3040=ORIENTED_EDGE('',*,*,#2211,.T.);
#3041=ORIENTED_EDGE('',*,*,#2212,.T.);
#3042=ORIENTED_EDGE('',*,*,#2100,.T.);
#3043=ORIENTED_EDGE('',*,*,#2212,.F.);
#3044=ORIENTED_EDGE('',*,*,#2213,.T.);
#3045=ORIENTED_EDGE('',*,*,#2214,.T.);
#3046=ORIENTED_EDGE('',*,*,#2098,.T.);
#3047=ORIENTED_EDGE('',*,*,#2214,.F.);
#3048=ORIENTED_EDGE('',*,*,#2215,.T.);
#3049=ORIENTED_EDGE('',*,*,#2178,.T.);
#3050=ORIENTED_EDGE('',*,*,#2176,.F.);
#3051=ORIENTED_EDGE('',*,*,#2215,.F.);
#3052=ORIENTED_EDGE('',*,*,#2213,.F.);
#3053=ORIENTED_EDGE('',*,*,#2211,.F.);
#3054=ORIENTED_EDGE('',*,*,#2209,.F.);
#3055=ORIENTED_EDGE('',*,*,#2207,.F.);
#3056=ORIENTED_EDGE('',*,*,#2205,.F.);
#3057=ORIENTED_EDGE('',*,*,#2203,.F.);
#3058=ORIENTED_EDGE('',*,*,#2200,.F.);
#3059=ORIENTED_EDGE('',*,*,#2197,.F.);
#3060=ORIENTED_EDGE('',*,*,#2194,.F.);
#3061=ORIENTED_EDGE('',*,*,#2191,.F.);
#3062=ORIENTED_EDGE('',*,*,#2188,.F.);
#3063=ORIENTED_EDGE('',*,*,#2185,.F.);
#3064=ORIENTED_EDGE('',*,*,#2182,.F.);
#3065=ORIENTED_EDGE('',*,*,#2179,.F.);
#3066=ORIENTED_EDGE('',*,*,#2216,.T.);
#3067=ORIENTED_EDGE('',*,*,#2217,.T.);
#3068=ORIENTED_EDGE('',*,*,#2154,.T.);
#3069=ORIENTED_EDGE('',*,*,#2218,.F.);
#3070=ORIENTED_EDGE('',*,*,#2219,.T.);
#3071=ORIENTED_EDGE('',*,*,#2220,.T.);
#3072=ORIENTED_EDGE('',*,*,#2221,.T.);
#3073=ORIENTED_EDGE('',*,*,#2217,.F.);
#3074=ORIENTED_EDGE('',*,*,#2222,.T.);
#3075=ORIENTED_EDGE('',*,*,#2223,.T.);
#3076=ORIENTED_EDGE('',*,*,#2224,.T.);
#3077=ORIENTED_EDGE('',*,*,#2220,.F.);
#3078=ORIENTED_EDGE('',*,*,#2225,.T.);
#3079=ORIENTED_EDGE('',*,*,#2226,.T.);
#3080=ORIENTED_EDGE('',*,*,#2227,.T.);
#3081=ORIENTED_EDGE('',*,*,#2223,.F.);
#3082=ORIENTED_EDGE('',*,*,#2228,.T.);
#3083=ORIENTED_EDGE('',*,*,#2229,.T.);
#3084=ORIENTED_EDGE('',*,*,#2230,.T.);
#3085=ORIENTED_EDGE('',*,*,#2226,.F.);
#3086=ORIENTED_EDGE('',*,*,#2231,.T.);
#3087=ORIENTED_EDGE('',*,*,#2232,.T.);
#3088=ORIENTED_EDGE('',*,*,#2233,.T.);
#3089=ORIENTED_EDGE('',*,*,#2229,.F.);
#3090=ORIENTED_EDGE('',*,*,#2234,.T.);
#3091=ORIENTED_EDGE('',*,*,#2235,.T.);
#3092=ORIENTED_EDGE('',*,*,#2236,.T.);
#3093=ORIENTED_EDGE('',*,*,#2232,.F.);
#3094=ORIENTED_EDGE('',*,*,#2237,.T.);
#3095=ORIENTED_EDGE('',*,*,#2238,.T.);
#3096=ORIENTED_EDGE('',*,*,#2239,.T.);
#3097=ORIENTED_EDGE('',*,*,#2235,.F.);
#3098=ORIENTED_EDGE('',*,*,#2167,.T.);
#3099=ORIENTED_EDGE('',*,*,#2238,.F.);
#3100=ORIENTED_EDGE('',*,*,#2240,.T.);
#3101=ORIENTED_EDGE('',*,*,#2241,.T.);
#3102=ORIENTED_EDGE('',*,*,#2165,.T.);
#3103=ORIENTED_EDGE('',*,*,#2241,.F.);
#3104=ORIENTED_EDGE('',*,*,#2242,.T.);
#3105=ORIENTED_EDGE('',*,*,#2243,.T.);
#3106=ORIENTED_EDGE('',*,*,#2163,.T.);
#3107=ORIENTED_EDGE('',*,*,#2243,.F.);
#3108=ORIENTED_EDGE('',*,*,#2244,.T.);
#3109=ORIENTED_EDGE('',*,*,#2245,.T.);
#3110=ORIENTED_EDGE('',*,*,#2161,.T.);
#3111=ORIENTED_EDGE('',*,*,#2245,.F.);
#3112=ORIENTED_EDGE('',*,*,#2246,.T.);
#3113=ORIENTED_EDGE('',*,*,#2247,.T.);
#3114=ORIENTED_EDGE('',*,*,#2159,.T.);
#3115=ORIENTED_EDGE('',*,*,#2247,.F.);
#3116=ORIENTED_EDGE('',*,*,#2248,.T.);
#3117=ORIENTED_EDGE('',*,*,#2249,.T.);
#3118=ORIENTED_EDGE('',*,*,#2157,.T.);
#3119=ORIENTED_EDGE('',*,*,#2249,.F.);
#3120=ORIENTED_EDGE('',*,*,#2250,.T.);
#3121=ORIENTED_EDGE('',*,*,#2218,.T.);
#3122=ORIENTED_EDGE('',*,*,#2216,.F.);
#3123=ORIENTED_EDGE('',*,*,#2250,.F.);
#3124=ORIENTED_EDGE('',*,*,#2248,.F.);
#3125=ORIENTED_EDGE('',*,*,#2246,.F.);
#3126=ORIENTED_EDGE('',*,*,#2244,.F.);
#3127=ORIENTED_EDGE('',*,*,#2242,.F.);
#3128=ORIENTED_EDGE('',*,*,#2240,.F.);
#3129=ORIENTED_EDGE('',*,*,#2237,.F.);
#3130=ORIENTED_EDGE('',*,*,#2234,.F.);
#3131=ORIENTED_EDGE('',*,*,#2231,.F.);
#3132=ORIENTED_EDGE('',*,*,#2228,.F.);
#3133=ORIENTED_EDGE('',*,*,#2225,.F.);
#3134=ORIENTED_EDGE('',*,*,#2222,.F.);
#3135=ORIENTED_EDGE('',*,*,#2219,.F.);
#3136=ORIENTED_EDGE('',*,*,#2087,.F.);
#3137=ORIENTED_EDGE('',*,*,#2096,.T.);
#3138=ORIENTED_EDGE('',*,*,#2181,.F.);
#3139=ORIENTED_EDGE('',*,*,#2251,.F.);
#3140=ORIENTED_EDGE('',*,*,#2089,.F.);
#3141=ORIENTED_EDGE('',*,*,#2251,.T.);
#3142=ORIENTED_EDGE('',*,*,#2184,.F.);
#3143=ORIENTED_EDGE('',*,*,#2252,.F.);
#3144=ORIENTED_EDGE('',*,*,#2091,.F.);
#3145=ORIENTED_EDGE('',*,*,#2252,.T.);
#3146=ORIENTED_EDGE('',*,*,#2187,.F.);
#3147=ORIENTED_EDGE('',*,*,#2253,.F.);
#3148=ORIENTED_EDGE('',*,*,#2093,.F.);
#3149=ORIENTED_EDGE('',*,*,#2253,.T.);
#3150=ORIENTED_EDGE('',*,*,#2190,.F.);
#3151=ORIENTED_EDGE('',*,*,#2254,.F.);
#3152=ORIENTED_EDGE('',*,*,#2062,.F.);
#3153=ORIENTED_EDGE('',*,*,#2254,.T.);
#3154=ORIENTED_EDGE('',*,*,#2193,.F.);
#3155=ORIENTED_EDGE('',*,*,#2255,.F.);
#3156=ORIENTED_EDGE('',*,*,#2065,.F.);
#3157=ORIENTED_EDGE('',*,*,#2255,.T.);
#3158=ORIENTED_EDGE('',*,*,#2196,.F.);
#3159=ORIENTED_EDGE('',*,*,#2256,.F.);
#3160=ORIENTED_EDGE('',*,*,#2067,.F.);
#3161=ORIENTED_EDGE('',*,*,#2256,.T.);
#3162=ORIENTED_EDGE('',*,*,#2199,.F.);
#3163=ORIENTED_EDGE('',*,*,#2257,.F.);
#3164=ORIENTED_EDGE('',*,*,#2084,.F.);
#3165=ORIENTED_EDGE('',*,*,#2257,.T.);
#3166=ORIENTED_EDGE('',*,*,#2202,.F.);
#3167=ORIENTED_EDGE('',*,*,#2109,.F.);
#3168=ORIENTED_EDGE('',*,*,#2134,.F.);
#3169=ORIENTED_EDGE('',*,*,#2155,.T.);
#3170=ORIENTED_EDGE('',*,*,#2221,.F.);
#3171=ORIENTED_EDGE('',*,*,#2258,.F.);
#3172=ORIENTED_EDGE('',*,*,#2137,.F.);
#3173=ORIENTED_EDGE('',*,*,#2258,.T.);
#3174=ORIENTED_EDGE('',*,*,#2224,.F.);
#3175=ORIENTED_EDGE('',*,*,#2259,.F.);
#3176=ORIENTED_EDGE('',*,*,#2140,.F.);
#3177=ORIENTED_EDGE('',*,*,#2259,.T.);
#3178=ORIENTED_EDGE('',*,*,#2227,.F.);
#3179=ORIENTED_EDGE('',*,*,#2260,.F.);
#3180=ORIENTED_EDGE('',*,*,#2143,.F.);
#3181=ORIENTED_EDGE('',*,*,#2260,.T.);
#3182=ORIENTED_EDGE('',*,*,#2230,.F.);
#3183=ORIENTED_EDGE('',*,*,#2261,.F.);
#3184=ORIENTED_EDGE('',*,*,#2146,.F.);
#3185=ORIENTED_EDGE('',*,*,#2261,.T.);
#3186=ORIENTED_EDGE('',*,*,#2233,.F.);
#3187=ORIENTED_EDGE('',*,*,#2262,.F.);
#3188=ORIENTED_EDGE('',*,*,#2149,.F.);
#3189=ORIENTED_EDGE('',*,*,#2262,.T.);
#3190=ORIENTED_EDGE('',*,*,#2236,.F.);
#3191=ORIENTED_EDGE('',*,*,#2263,.F.);
#3192=ORIENTED_EDGE('',*,*,#2152,.F.);
#3193=ORIENTED_EDGE('',*,*,#2263,.T.);
#3194=ORIENTED_EDGE('',*,*,#2239,.F.);
#3195=ORIENTED_EDGE('',*,*,#2166,.F.);
#3196=ORIENTED_EDGE('',*,*,#1862,.T.);
#3197=ORIENTED_EDGE('',*,*,#2031,.T.);
#3198=ORIENTED_EDGE('',*,*,#2264,.T.);
#3199=ORIENTED_EDGE('',*,*,#2265,.F.);
#3200=ORIENTED_EDGE('',*,*,#2266,.F.);
#3201=ORIENTED_EDGE('',*,*,#2267,.F.);
#3202=ORIENTED_EDGE('',*,*,#2268,.F.);
#3203=ORIENTED_EDGE('',*,*,#2269,.F.);
#3204=ORIENTED_EDGE('',*,*,#2270,.F.);
#3205=ORIENTED_EDGE('',*,*,#2271,.T.);
#3206=ORIENTED_EDGE('',*,*,#2030,.T.);
#3207=ORIENTED_EDGE('',*,*,#2037,.F.);
#3208=ORIENTED_EDGE('',*,*,#2272,.F.);
#3209=ORIENTED_EDGE('',*,*,#2041,.F.);
#3210=ORIENTED_EDGE('',*,*,#2273,.F.);
#3211=ORIENTED_EDGE('',*,*,#2274,.F.);
#3212=ORIENTED_EDGE('',*,*,#2275,.F.);
#3213=ORIENTED_EDGE('',*,*,#2174,.F.);
#3214=ORIENTED_EDGE('',*,*,#2276,.F.);
#3215=ORIENTED_EDGE('',*,*,#2264,.F.);
#3216=ORIENTED_EDGE('',*,*,#2168,.F.);
#3217=ORIENTED_EDGE('',*,*,#2277,.F.);
#3218=ORIENTED_EDGE('',*,*,#2270,.T.);
#3219=ORIENTED_EDGE('',*,*,#2278,.F.);
#3220=ORIENTED_EDGE('',*,*,#1863,.T.);
#3221=ORIENTED_EDGE('',*,*,#2271,.F.);
#3222=ORIENTED_EDGE('',*,*,#2277,.T.);
#3223=ORIENTED_EDGE('',*,*,#2175,.T.);
#3224=ORIENTED_EDGE('',*,*,#2275,.T.);
#3225=ORIENTED_EDGE('',*,*,#2279,.F.);
#3226=ORIENTED_EDGE('',*,*,#2272,.T.);
#3227=ORIENTED_EDGE('',*,*,#2036,.T.);
#3228=ORIENTED_EDGE('',*,*,#2280,.T.);
#3229=ORIENTED_EDGE('',*,*,#2042,.F.);
#3230=ORIENTED_EDGE('',*,*,#2276,.T.);
#3231=ORIENTED_EDGE('',*,*,#2173,.F.);
#3232=ORIENTED_EDGE('',*,*,#2281,.F.);
#3233=ORIENTED_EDGE('',*,*,#2265,.T.);
#3234=ORIENTED_EDGE('',*,*,#2035,.T.);
#3235=ORIENTED_EDGE('',*,*,#2282,.T.);
#3236=ORIENTED_EDGE('',*,*,#2043,.F.);
#3237=ORIENTED_EDGE('',*,*,#2280,.F.);
#3238=ORIENTED_EDGE('',*,*,#2034,.T.);
#3239=ORIENTED_EDGE('',*,*,#2283,.T.);
#3240=ORIENTED_EDGE('',*,*,#2044,.F.);
#3241=ORIENTED_EDGE('',*,*,#2282,.F.);
#3242=ORIENTED_EDGE('',*,*,#2033,.T.);
#3243=ORIENTED_EDGE('',*,*,#2039,.T.);
#3244=ORIENTED_EDGE('',*,*,#2045,.F.);
#3245=ORIENTED_EDGE('',*,*,#2283,.F.);
#3246=ORIENTED_EDGE('',*,*,#2278,.T.);
#3247=ORIENTED_EDGE('',*,*,#2269,.T.);
#3248=ORIENTED_EDGE('',*,*,#2284,.T.);
#3249=ORIENTED_EDGE('',*,*,#2169,.F.);
#3250=ORIENTED_EDGE('',*,*,#2268,.T.);
#3251=ORIENTED_EDGE('',*,*,#2285,.T.);
#3252=ORIENTED_EDGE('',*,*,#2170,.F.);
#3253=ORIENTED_EDGE('',*,*,#2284,.F.);
#3254=ORIENTED_EDGE('',*,*,#2267,.T.);
#3255=ORIENTED_EDGE('',*,*,#2286,.T.);
#3256=ORIENTED_EDGE('',*,*,#2171,.F.);
#3257=ORIENTED_EDGE('',*,*,#2285,.F.);
#3258=ORIENTED_EDGE('',*,*,#2266,.T.);
#3259=ORIENTED_EDGE('',*,*,#2281,.T.);
#3260=ORIENTED_EDGE('',*,*,#2172,.F.);
#3261=ORIENTED_EDGE('',*,*,#2286,.F.);
#3262=ORIENTED_EDGE('',*,*,#1864,.T.);
#3263=ORIENTED_EDGE('',*,*,#2279,.T.);
#3264=ORIENTED_EDGE('',*,*,#2274,.T.);
#3265=ORIENTED_EDGE('',*,*,#2287,.T.);
#3266=ORIENTED_EDGE('',*,*,#1865,.T.);
#3267=ORIENTED_EDGE('',*,*,#2287,.F.);
#3268=ORIENTED_EDGE('',*,*,#2273,.T.);
#3269=ORIENTED_EDGE('',*,*,#2040,.T.);
#3270=CYLINDRICAL_SURFACE('',#3558,0.4);
#3271=CYLINDRICAL_SURFACE('',#3561,0.4);
#3272=CYLINDRICAL_SURFACE('',#3563,0.4);
#3273=CYLINDRICAL_SURFACE('',#3565,0.4);
#3274=CYLINDRICAL_SURFACE('',#3567,0.4);
#3275=CYLINDRICAL_SURFACE('',#3569,0.4);
#3276=CYLINDRICAL_SURFACE('',#3571,0.4);
#3277=CYLINDRICAL_SURFACE('',#3573,0.4);
#3278=CYLINDRICAL_SURFACE('',#3575,0.4);
#3279=CYLINDRICAL_SURFACE('',#3577,0.4);
#3280=CYLINDRICAL_SURFACE('',#3579,0.4);
#3281=CYLINDRICAL_SURFACE('',#3581,0.4);
#3282=CYLINDRICAL_SURFACE('',#3583,0.4);
#3283=CYLINDRICAL_SURFACE('',#3585,0.4);
#3284=CYLINDRICAL_SURFACE('',#3587,0.4);
#3285=CYLINDRICAL_SURFACE('',#3589,0.4);
#3286=CYLINDRICAL_SURFACE('',#3600,0.4);
#3287=CYLINDRICAL_SURFACE('',#3603,0.4);
#3288=CYLINDRICAL_SURFACE('',#3605,0.4);
#3289=CYLINDRICAL_SURFACE('',#3607,0.4);
#3290=CYLINDRICAL_SURFACE('',#3609,0.4);
#3291=CYLINDRICAL_SURFACE('',#3611,0.4);
#3292=CYLINDRICAL_SURFACE('',#3613,0.4);
#3293=CYLINDRICAL_SURFACE('',#3615,0.4);
#3294=CYLINDRICAL_SURFACE('',#3617,0.4);
#3295=CYLINDRICAL_SURFACE('',#3619,0.4);
#3296=CYLINDRICAL_SURFACE('',#3621,0.4);
#3297=CYLINDRICAL_SURFACE('',#3623,0.4);
#3298=CYLINDRICAL_SURFACE('',#3625,0.4);
#3299=CYLINDRICAL_SURFACE('',#3627,0.4);
#3300=CYLINDRICAL_SURFACE('',#3629,0.4);
#3301=CYLINDRICAL_SURFACE('',#3631,0.4);
#3302=CYLINDRICAL_SURFACE('',#3690,10.);
#3303=CYLINDRICAL_SURFACE('',#3695,0.4);
#3304=CYLINDRICAL_SURFACE('',#3698,0.4);
#3305=CYLINDRICAL_SURFACE('',#3700,0.4);
#3306=CYLINDRICAL_SURFACE('',#3702,0.4);
#3307=CYLINDRICAL_SURFACE('',#3705,0.4);
#3308=CYLINDRICAL_SURFACE('',#3707,0.4);
#3309=CYLINDRICAL_SURFACE('',#3709,0.4);
#3310=CYLINDRICAL_SURFACE('',#3711,0.4);
#3311=CYLINDRICAL_SURFACE('',#3713,0.4);
#3312=CYLINDRICAL_SURFACE('',#3715,0.4);
#3313=CYLINDRICAL_SURFACE('',#3717,0.4);
#3314=CYLINDRICAL_SURFACE('',#3718,0.4);
#3315=CYLINDRICAL_SURFACE('',#3720,0.4);
#3316=CYLINDRICAL_SURFACE('',#3722,0.4);
#3317=CYLINDRICAL_SURFACE('',#3724,0.4);
#3318=CYLINDRICAL_SURFACE('',#3726,0.4);
#3319=CYLINDRICAL_SURFACE('',#3735,0.4);
#3320=CYLINDRICAL_SURFACE('',#3738,0.4);
#3321=CYLINDRICAL_SURFACE('',#3740,0.4);
#3322=CYLINDRICAL_SURFACE('',#3742,0.4);
#3323=CYLINDRICAL_SURFACE('',#3744,0.4);
#3324=CYLINDRICAL_SURFACE('',#3746,0.4);
#3325=CYLINDRICAL_SURFACE('',#3748,0.4);
#3326=CYLINDRICAL_SURFACE('',#3750,0.4);
#3327=CYLINDRICAL_SURFACE('',#3752,0.4);
#3328=CYLINDRICAL_SURFACE('',#3754,0.4);
#3329=CYLINDRICAL_SURFACE('',#3756,0.4);
#3330=CYLINDRICAL_SURFACE('',#3758,0.4);
#3331=CYLINDRICAL_SURFACE('',#3760,0.4);
#3332=CYLINDRICAL_SURFACE('',#3762,0.4);
#3333=ADVANCED_FACE('',(#169),#3270,.F.);
#3334=ADVANCED_FACE('',(#170),#3271,.F.);
#3335=ADVANCED_FACE('',(#171),#3272,.F.);
#3336=ADVANCED_FACE('',(#172),#3273,.F.);
#3337=ADVANCED_FACE('',(#173),#3274,.F.);
#3338=ADVANCED_FACE('',(#174),#3275,.F.);
#3339=ADVANCED_FACE('',(#175),#3276,.F.);
#3340=ADVANCED_FACE('',(#176),#3277,.F.);
#3341=ADVANCED_FACE('',(#177),#3278,.F.);
#3342=ADVANCED_FACE('',(#178),#3279,.F.);
#3343=ADVANCED_FACE('',(#179),#3280,.F.);
#3344=ADVANCED_FACE('',(#180),#3281,.F.);
#3345=ADVANCED_FACE('',(#181),#3282,.F.);
#3346=ADVANCED_FACE('',(#182),#3283,.F.);
#3347=ADVANCED_FACE('',(#183),#3284,.F.);
#3348=ADVANCED_FACE('',(#184),#3285,.F.);
#3349=ADVANCED_FACE('',(#185),#21,.T.);
#3350=ADVANCED_FACE('',(#186),#22,.T.);
#3351=ADVANCED_FACE('',(#187),#23,.T.);
#3352=ADVANCED_FACE('',(#188),#24,.T.);
#3353=ADVANCED_FACE('',(#189),#25,.T.);
#3354=ADVANCED_FACE('',(#190),#26,.T.);
#3355=ADVANCED_FACE('',(#191),#27,.T.);
#3356=ADVANCED_FACE('',(#192),#28,.T.);
#3357=ADVANCED_FACE('',(#193,#15,#16),#29,.T.);
#3358=ADVANCED_FACE('',(#194),#3286,.F.);
#3359=ADVANCED_FACE('',(#195),#3287,.F.);
#3360=ADVANCED_FACE('',(#196),#3288,.F.);
#3361=ADVANCED_FACE('',(#197),#3289,.F.);
#3362=ADVANCED_FACE('',(#198),#3290,.F.);
#3363=ADVANCED_FACE('',(#199),#3291,.F.);
#3364=ADVANCED_FACE('',(#200),#3292,.F.);
#3365=ADVANCED_FACE('',(#201),#3293,.F.);
#3366=ADVANCED_FACE('',(#202),#3294,.F.);
#3367=ADVANCED_FACE('',(#203),#3295,.F.);
#3368=ADVANCED_FACE('',(#204),#3296,.F.);
#3369=ADVANCED_FACE('',(#205),#3297,.F.);
#3370=ADVANCED_FACE('',(#206),#3298,.F.);
#3371=ADVANCED_FACE('',(#207),#3299,.F.);
#3372=ADVANCED_FACE('',(#208),#3300,.F.);
#3373=ADVANCED_FACE('',(#209),#3301,.F.);
#3374=ADVANCED_FACE('',(#210),#30,.T.);
#3375=ADVANCED_FACE('',(#211),#31,.T.);
#3376=ADVANCED_FACE('',(#212),#32,.T.);
#3377=ADVANCED_FACE('',(#213),#33,.T.);
#3378=ADVANCED_FACE('',(#214),#34,.T.);
#3379=ADVANCED_FACE('',(#215),#35,.T.);
#3380=ADVANCED_FACE('',(#216),#36,.T.);
#3381=ADVANCED_FACE('',(#217),#37,.T.);
#3382=ADVANCED_FACE('',(#218),#38,.T.);
#3383=ADVANCED_FACE('',(#219),#39,.T.);
#3384=ADVANCED_FACE('',(#220),#40,.T.);
#3385=ADVANCED_FACE('',(#221),#41,.T.);
#3386=ADVANCED_FACE('',(#222),#42,.T.);
#3387=ADVANCED_FACE('',(#223),#43,.T.);
#3388=ADVANCED_FACE('',(#224),#44,.T.);
#3389=ADVANCED_FACE('',(#225),#45,.T.);
#3390=ADVANCED_FACE('',(#226),#46,.T.);
#3391=ADVANCED_FACE('',(#227),#47,.T.);
#3392=ADVANCED_FACE('',(#228),#48,.T.);
#3393=ADVANCED_FACE('',(#229),#49,.T.);
#3394=ADVANCED_FACE('',(#230),#50,.T.);
#3395=ADVANCED_FACE('',(#231),#51,.T.);
#3396=ADVANCED_FACE('',(#232),#52,.T.);
#3397=ADVANCED_FACE('',(#233),#53,.T.);
#3398=ADVANCED_FACE('',(#234),#54,.T.);
#3399=ADVANCED_FACE('',(#235),#55,.T.);
#3400=ADVANCED_FACE('',(#236),#56,.T.);
#3401=ADVANCED_FACE('',(#237),#57,.T.);
#3402=ADVANCED_FACE('',(#238),#58,.T.);
#3403=ADVANCED_FACE('',(#239),#59,.T.);
#3404=ADVANCED_FACE('',(#240),#60,.T.);
#3405=ADVANCED_FACE('',(#241),#61,.T.);
#3406=ADVANCED_FACE('',(#242),#62,.F.);
#3407=ADVANCED_FACE('',(#243),#63,.T.);
#3408=ADVANCED_FACE('',(#244),#64,.T.);
#3409=ADVANCED_FACE('',(#245),#65,.T.);
#3410=ADVANCED_FACE('',(#246),#66,.T.);
#3411=ADVANCED_FACE('',(#247),#67,.T.);
#3412=ADVANCED_FACE('',(#248),#68,.T.);
#3413=ADVANCED_FACE('',(#249),#69,.T.);
#3414=ADVANCED_FACE('',(#250),#70,.T.);
#3415=ADVANCED_FACE('',(#251),#71,.T.);
#3416=ADVANCED_FACE('',(#252),#72,.T.);
#3417=ADVANCED_FACE('',(#253),#73,.T.);
#3418=ADVANCED_FACE('',(#254),#74,.T.);
#3419=ADVANCED_FACE('',(#255),#75,.T.);
#3420=ADVANCED_FACE('',(#256),#76,.T.);
#3421=ADVANCED_FACE('',(#257),#77,.T.);
#3422=ADVANCED_FACE('',(#258),#78,.T.);
#3423=ADVANCED_FACE('',(#259),#79,.T.);
#3424=ADVANCED_FACE('',(#260),#80,.T.);
#3425=ADVANCED_FACE('',(#261),#81,.T.);
#3426=ADVANCED_FACE('',(#262),#82,.T.);
#3427=ADVANCED_FACE('',(#263),#83,.F.);
#3428=ADVANCED_FACE('',(#264),#84,.T.);
#3429=ADVANCED_FACE('',(#265),#85,.T.);
#3430=ADVANCED_FACE('',(#266),#86,.T.);
#3431=ADVANCED_FACE('',(#267),#87,.T.);
#3432=ADVANCED_FACE('',(#268),#3302,.F.);
#3433=ADVANCED_FACE('',(#269),#88,.T.);
#3434=ADVANCED_FACE('',(#270),#89,.F.);
#3435=ADVANCED_FACE('',(#271,#17),#90,.F.);
#3436=ADVANCED_FACE('',(#272),#3303,.F.);
#3437=ADVANCED_FACE('',(#273),#3304,.F.);
#3438=ADVANCED_FACE('',(#274),#3305,.F.);
#3439=ADVANCED_FACE('',(#275),#3306,.F.);
#3440=ADVANCED_FACE('',(#276),#3307,.F.);
#3441=ADVANCED_FACE('',(#277),#3308,.F.);
#3442=ADVANCED_FACE('',(#278),#3309,.F.);
#3443=ADVANCED_FACE('',(#279),#3310,.F.);
#3444=ADVANCED_FACE('',(#280),#3311,.F.);
#3445=ADVANCED_FACE('',(#281),#3312,.F.);
#3446=ADVANCED_FACE('',(#282),#3313,.F.);
#3447=ADVANCED_FACE('',(#283),#3314,.F.);
#3448=ADVANCED_FACE('',(#284),#3315,.F.);
#3449=ADVANCED_FACE('',(#285),#3316,.F.);
#3450=ADVANCED_FACE('',(#286),#3317,.F.);
#3451=ADVANCED_FACE('',(#287),#3318,.F.);
#3452=ADVANCED_FACE('',(#288),#91,.T.);
#3453=ADVANCED_FACE('',(#289),#92,.T.);
#3454=ADVANCED_FACE('',(#290),#93,.T.);
#3455=ADVANCED_FACE('',(#291),#94,.T.);
#3456=ADVANCED_FACE('',(#292),#95,.T.);
#3457=ADVANCED_FACE('',(#293),#96,.T.);
#3458=ADVANCED_FACE('',(#294),#97,.T.);
#3459=ADVANCED_FACE('',(#295),#98,.T.);
#3460=ADVANCED_FACE('',(#296),#3319,.F.);
#3461=ADVANCED_FACE('',(#297),#3320,.F.);
#3462=ADVANCED_FACE('',(#298),#3321,.F.);
#3463=ADVANCED_FACE('',(#299),#3322,.F.);
#3464=ADVANCED_FACE('',(#300),#3323,.F.);
#3465=ADVANCED_FACE('',(#301),#3324,.F.);
#3466=ADVANCED_FACE('',(#302),#3325,.F.);
#3467=ADVANCED_FACE('',(#303),#3326,.F.);
#3468=ADVANCED_FACE('',(#304),#3327,.F.);
#3469=ADVANCED_FACE('',(#305),#3328,.F.);
#3470=ADVANCED_FACE('',(#306),#3329,.F.);
#3471=ADVANCED_FACE('',(#307),#3330,.F.);
#3472=ADVANCED_FACE('',(#308),#3331,.F.);
#3473=ADVANCED_FACE('',(#309),#3332,.F.);
#3474=ADVANCED_FACE('',(#310),#99,.T.);
#3475=ADVANCED_FACE('',(#311),#100,.T.);
#3476=ADVANCED_FACE('',(#312),#101,.T.);
#3477=ADVANCED_FACE('',(#313),#102,.T.);
#3478=ADVANCED_FACE('',(#314),#103,.T.);
#3479=ADVANCED_FACE('',(#315),#104,.T.);
#3480=ADVANCED_FACE('',(#316),#105,.T.);
#3481=ADVANCED_FACE('',(#317,#18),#106,.F.);
#3482=ADVANCED_FACE('',(#318),#107,.T.);
#3483=ADVANCED_FACE('',(#319),#108,.T.);
#3484=ADVANCED_FACE('',(#320),#109,.T.);
#3485=ADVANCED_FACE('',(#321),#110,.T.);
#3486=ADVANCED_FACE('',(#322),#111,.T.);
#3487=ADVANCED_FACE('',(#323),#112,.T.);
#3488=ADVANCED_FACE('',(#324),#113,.T.);
#3489=ADVANCED_FACE('',(#325),#114,.T.);
#3490=ADVANCED_FACE('',(#326),#115,.T.);
#3491=ADVANCED_FACE('',(#327),#116,.T.);
#3492=ADVANCED_FACE('',(#328),#117,.T.);
#3493=ADVANCED_FACE('',(#329),#118,.T.);
#3494=ADVANCED_FACE('',(#330),#119,.T.);
#3495=ADVANCED_FACE('',(#331),#120,.T.);
#3496=ADVANCED_FACE('',(#332),#121,.T.);
#3497=ADVANCED_FACE('',(#333),#122,.T.);
#3498=ADVANCED_FACE('',(#334),#123,.T.);
#3499=ADVANCED_FACE('',(#335),#124,.T.);
#3500=ADVANCED_FACE('',(#336),#125,.T.);
#3501=ADVANCED_FACE('',(#337),#126,.T.);
#3502=ADVANCED_FACE('',(#338),#127,.T.);
#3503=ADVANCED_FACE('',(#339),#128,.T.);
#3504=ADVANCED_FACE('',(#340),#129,.T.);
#3505=ADVANCED_FACE('',(#341),#130,.T.);
#3506=ADVANCED_FACE('',(#342),#131,.T.);
#3507=ADVANCED_FACE('',(#343),#132,.T.);
#3508=ADVANCED_FACE('',(#344),#133,.T.);
#3509=ADVANCED_FACE('',(#345),#134,.T.);
#3510=ADVANCED_FACE('',(#346),#135,.T.);
#3511=ADVANCED_FACE('',(#347),#136,.T.);
#3512=ADVANCED_FACE('',(#348),#137,.T.);
#3513=ADVANCED_FACE('',(#349),#138,.T.);
#3514=ADVANCED_FACE('',(#350),#139,.T.);
#3515=ADVANCED_FACE('',(#351),#140,.T.);
#3516=ADVANCED_FACE('',(#352),#141,.T.);
#3517=ADVANCED_FACE('',(#353),#142,.T.);
#3518=ADVANCED_FACE('',(#354),#143,.T.);
#3519=ADVANCED_FACE('',(#355),#144,.T.);
#3520=ADVANCED_FACE('',(#356),#145,.T.);
#3521=ADVANCED_FACE('',(#357),#146,.T.);
#3522=ADVANCED_FACE('',(#358),#147,.T.);
#3523=ADVANCED_FACE('',(#359),#148,.T.);
#3524=ADVANCED_FACE('',(#360),#149,.T.);
#3525=ADVANCED_FACE('',(#361),#150,.T.);
#3526=ADVANCED_FACE('',(#362),#151,.T.);
#3527=ADVANCED_FACE('',(#363),#152,.T.);
#3528=ADVANCED_FACE('',(#364),#153,.T.);
#3529=ADVANCED_FACE('',(#365),#154,.T.);
#3530=ADVANCED_FACE('',(#366),#155,.F.);
#3531=ADVANCED_FACE('',(#367),#156,.F.);
#3532=ADVANCED_FACE('',(#368),#157,.T.);
#3533=ADVANCED_FACE('',(#369),#158,.F.);
#3534=ADVANCED_FACE('',(#370),#159,.F.);
#3535=ADVANCED_FACE('',(#371),#160,.F.);
#3536=ADVANCED_FACE('',(#372),#161,.F.);
#3537=ADVANCED_FACE('',(#373),#162,.F.);
#3538=ADVANCED_FACE('',(#374),#163,.F.);
#3539=ADVANCED_FACE('',(#375),#164,.F.);
#3540=ADVANCED_FACE('',(#376),#165,.F.);
#3541=ADVANCED_FACE('',(#377),#166,.F.);
#3542=ADVANCED_FACE('',(#378),#167,.T.);
#3543=ADVANCED_FACE('',(#379),#168,.T.);
#3544=CLOSED_SHELL('',(#3333,#3334,#3335,#3336,#3337,#3338,#3339,#3340,
#3341,#3342,#3343,#3344,#3345,#3346,#3347,#3348,#3349,#3350,#3351,#3352,
#3353,#3354,#3355,#3356,#3357,#3358,#3359,#3360,#3361,#3362,#3363,#3364,
#3365,#3366,#3367,#3368,#3369,#3370,#3371,#3372,#3373,#3374,#3375,#3376,
#3377,#3378,#3379,#3380,#3381,#3382,#3383,#3384,#3385,#3386,#3387,#3388,
#3389,#3390,#3391,#3392,#3393,#3394,#3395,#3396,#3397,#3398,#3399,#3400,
#3401,#3402,#3403,#3404,#3405,#3406,#3407,#3408,#3409,#3410,#3411,#3412,
#3413,#3414,#3415,#3416,#3417,#3418,#3419,#3420,#3421,#3422,#3423,#3424,
#3425,#3426,#3427,#3428,#3429,#3430,#3431,#3432,#3433,#3434,#3435,#3436,
#3437,#3438,#3439,#3440,#3441,#3442,#3443,#3444,#3445,#3446,#3447,#3448,
#3449,#3450,#3451,#3452,#3453,#3454,#3455,#3456,#3457,#3458,#3459,#3460,
#3461,#3462,#3463,#3464,#3465,#3466,#3467,#3468,#3469,#3470,#3471,#3472,
#3473,#3474,#3475,#3476,#3477,#3478,#3479,#3480,#3481,#3482,#3483,#3484,
#3485,#3486,#3487,#3488,#3489,#3490,#3491,#3492,#3493,#3494,#3495,#3496,
#3497,#3498,#3499,#3500,#3501,#3502,#3503,#3504,#3505,#3506,#3507,#3508,
#3509,#3510,#3511,#3512,#3513,#3514,#3515,#3516,#3517,#3518,#3519,#3520,
#3521,#3522,#3523,#3524,#3525,#3526,#3527,#3528,#3529,#3530,#3531,#3532,
#3533,#3534,#3535,#3536,#3537,#3538,#3539,#3540,#3541,#3542,#3543));
#3545=DERIVED_UNIT_ELEMENT(#3547,1.);
#3546=DERIVED_UNIT_ELEMENT(#5806,-3.);
#3547=(
MASS_UNIT()
NAMED_UNIT(*)
SI_UNIT(.KILO.,.GRAM.)
);
#3548=DERIVED_UNIT((#3545,#3546));
#3549=MEASURE_REPRESENTATION_ITEM('density measure',
POSITIVE_RATIO_MEASURE(7850.),#3548);
#3550=PROPERTY_DEFINITION_REPRESENTATION(#3555,#3552);
#3551=PROPERTY_DEFINITION_REPRESENTATION(#3556,#3553);
#3552=REPRESENTATION('material name',(#3554),#5803);
#3553=REPRESENTATION('density',(#3549),#5803);
#3554=DESCRIPTIVE_REPRESENTATION_ITEM('\X2\92FC\X0\','\X2\92FC\X0\');
#3555=PROPERTY_DEFINITION('material property','material name',#5813);
#3556=PROPERTY_DEFINITION('material property','density of part',#5813);
#3557=AXIS2_PLACEMENT_3D('',#4812,#3833,#3834);
#3558=AXIS2_PLACEMENT_3D('',#4813,#3835,#3836);
#3559=AXIS2_PLACEMENT_3D('',#4818,#3838,#3839);
#3560=AXIS2_PLACEMENT_3D('',#4821,#3841,#3842);
#3561=AXIS2_PLACEMENT_3D('',#4822,#3843,#3844);
#3562=AXIS2_PLACEMENT_3D('',#4826,#3846,#3847);
#3563=AXIS2_PLACEMENT_3D('',#4828,#3849,#3850);
#3564=AXIS2_PLACEMENT_3D('',#4832,#3852,#3853);
#3565=AXIS2_PLACEMENT_3D('',#4834,#3855,#3856);
#3566=AXIS2_PLACEMENT_3D('',#4838,#3858,#3859);
#3567=AXIS2_PLACEMENT_3D('',#4840,#3861,#3862);
#3568=AXIS2_PLACEMENT_3D('',#4844,#3864,#3865);
#3569=AXIS2_PLACEMENT_3D('',#4846,#3867,#3868);
#3570=AXIS2_PLACEMENT_3D('',#4850,#3870,#3871);
#3571=AXIS2_PLACEMENT_3D('',#4852,#3873,#3874);
#3572=AXIS2_PLACEMENT_3D('',#4856,#3876,#3877);
#3573=AXIS2_PLACEMENT_3D('',#4858,#3879,#3880);
#3574=AXIS2_PLACEMENT_3D('',#4863,#3883,#3884);
#3575=AXIS2_PLACEMENT_3D('',#4864,#3885,#3886);
#3576=AXIS2_PLACEMENT_3D('',#4869,#3889,#3890);
#3577=AXIS2_PLACEMENT_3D('',#4870,#3891,#3892);
#3578=AXIS2_PLACEMENT_3D('',#4875,#3895,#3896);
#3579=AXIS2_PLACEMENT_3D('',#4876,#3897,#3898);
#3580=AXIS2_PLACEMENT_3D('',#4881,#3901,#3902);
#3581=AXIS2_PLACEMENT_3D('',#4882,#3903,#3904);
#3582=AXIS2_PLACEMENT_3D('',#4887,#3907,#3908);
#3583=AXIS2_PLACEMENT_3D('',#4888,#3909,#3910);
#3584=AXIS2_PLACEMENT_3D('',#4893,#3913,#3914);
#3585=AXIS2_PLACEMENT_3D('',#4894,#3915,#3916);
#3586=AXIS2_PLACEMENT_3D('',#4899,#3919,#3920);
#3587=AXIS2_PLACEMENT_3D('',#4900,#3921,#3922);
#3588=AXIS2_PLACEMENT_3D('',#4905,#3925,#3926);
#3589=AXIS2_PLACEMENT_3D('',#4906,#3927,#3928);
#3590=AXIS2_PLACEMENT_3D('',#4909,#3931,#3932);
#3591=AXIS2_PLACEMENT_3D('',#4915,#3936,#3937);
#3592=AXIS2_PLACEMENT_3D('',#4919,#3940,#3941);
#3593=AXIS2_PLACEMENT_3D('',#4923,#3944,#3945);
#3594=AXIS2_PLACEMENT_3D('',#4927,#3948,#3949);
#3595=AXIS2_PLACEMENT_3D('',#4931,#3952,#3953);
#3596=AXIS2_PLACEMENT_3D('',#4935,#3956,#3957);
#3597=AXIS2_PLACEMENT_3D('',#4939,#3960,#3961);
#3598=AXIS2_PLACEMENT_3D('',#4943,#3964,#3965);
#3599=AXIS2_PLACEMENT_3D('',#4959,#3973,#3974);
#3600=AXIS2_PLACEMENT_3D('',#4992,#3991,#3992);
#3601=AXIS2_PLACEMENT_3D('',#4994,#3993,#3994);
#3602=AXIS2_PLACEMENT_3D('',#4997,#3996,#3997);
#3603=AXIS2_PLACEMENT_3D('',#4998,#3998,#3999);
#3604=AXIS2_PLACEMENT_3D('',#5000,#4000,#4001);
#3605=AXIS2_PLACEMENT_3D('',#5002,#4003,#4004);
#3606=AXIS2_PLACEMENT_3D('',#5004,#4005,#4006);
#3607=AXIS2_PLACEMENT_3D('',#5006,#4008,#4009);
#3608=AXIS2_PLACEMENT_3D('',#5008,#4010,#4011);
#3609=AXIS2_PLACEMENT_3D('',#5010,#4013,#4014);
#3610=AXIS2_PLACEMENT_3D('',#5012,#4015,#4016);
#3611=AXIS2_PLACEMENT_3D('',#5014,#4018,#4019);
#3612=AXIS2_PLACEMENT_3D('',#5016,#4020,#4021);
#3613=AXIS2_PLACEMENT_3D('',#5018,#4023,#4024);
#3614=AXIS2_PLACEMENT_3D('',#5020,#4025,#4026);
#3615=AXIS2_PLACEMENT_3D('',#5022,#4028,#4029);
#3616=AXIS2_PLACEMENT_3D('',#5025,#4031,#4032);
#3617=AXIS2_PLACEMENT_3D('',#5026,#4033,#4034);
#3618=AXIS2_PLACEMENT_3D('',#5029,#4036,#4037);
#3619=AXIS2_PLACEMENT_3D('',#5030,#4038,#4039);
#3620=AXIS2_PLACEMENT_3D('',#5033,#4041,#4042);
#3621=AXIS2_PLACEMENT_3D('',#5034,#4043,#4044);
#3622=AXIS2_PLACEMENT_3D('',#5037,#4046,#4047);
#3623=AXIS2_PLACEMENT_3D('',#5038,#4048,#4049);
#3624=AXIS2_PLACEMENT_3D('',#5041,#4051,#4052);
#3625=AXIS2_PLACEMENT_3D('',#5042,#4053,#4054);
#3626=AXIS2_PLACEMENT_3D('',#5045,#4056,#4057);
#3627=AXIS2_PLACEMENT_3D('',#5046,#4058,#4059);
#3628=AXIS2_PLACEMENT_3D('',#5049,#4061,#4062);
#3629=AXIS2_PLACEMENT_3D('',#5050,#4063,#4064);
#3630=AXIS2_PLACEMENT_3D('',#5053,#4066,#4067);
#3631=AXIS2_PLACEMENT_3D('',#5054,#4068,#4069);
#3632=AXIS2_PLACEMENT_3D('',#5056,#4071,#4072);
#3633=AXIS2_PLACEMENT_3D('',#5062,#4076,#4077);
#3634=AXIS2_PLACEMENT_3D('',#5066,#4080,#4081);
#3635=AXIS2_PLACEMENT_3D('',#5070,#4084,#4085);
#3636=AXIS2_PLACEMENT_3D('',#5074,#4088,#4089);
#3637=AXIS2_PLACEMENT_3D('',#5078,#4092,#4093);
#3638=AXIS2_PLACEMENT_3D('',#5082,#4096,#4097);
#3639=AXIS2_PLACEMENT_3D('',#5086,#4100,#4101);
#3640=AXIS2_PLACEMENT_3D('',#5090,#4104,#4105);
#3641=AXIS2_PLACEMENT_3D('',#5098,#4110,#4111);
#3642=AXIS2_PLACEMENT_3D('',#5102,#4114,#4115);
#3643=AXIS2_PLACEMENT_3D('',#5106,#4118,#4119);
#3644=AXIS2_PLACEMENT_3D('',#5110,#4122,#4123);
#3645=AXIS2_PLACEMENT_3D('',#5114,#4126,#4127);
#3646=AXIS2_PLACEMENT_3D('',#5118,#4130,#4131);
#3647=AXIS2_PLACEMENT_3D('',#5122,#4134,#4135);
#3648=AXIS2_PLACEMENT_3D('',#5126,#4138,#4139);
#3649=AXIS2_PLACEMENT_3D('',#5130,#4142,#4143);
#3650=AXIS2_PLACEMENT_3D('',#5136,#4147,#4148);
#3651=AXIS2_PLACEMENT_3D('',#5142,#4152,#4153);
#3652=AXIS2_PLACEMENT_3D('',#5148,#4157,#4158);
#3653=AXIS2_PLACEMENT_3D('',#5154,#4162,#4163);
#3654=AXIS2_PLACEMENT_3D('',#5160,#4167,#4168);
#3655=AXIS2_PLACEMENT_3D('',#5166,#4172,#4173);
#3656=AXIS2_PLACEMENT_3D('',#5169,#4176,#4177);
#3657=AXIS2_PLACEMENT_3D('',#5171,#4179,#4180);
#3658=AXIS2_PLACEMENT_3D('',#5173,#4182,#4183);
#3659=AXIS2_PLACEMENT_3D('',#5175,#4185,#4186);
#3660=AXIS2_PLACEMENT_3D('',#5177,#4188,#4189);
#3661=AXIS2_PLACEMENT_3D('',#5179,#4191,#4192);
#3662=AXIS2_PLACEMENT_3D('',#5181,#4194,#4195);
#3663=AXIS2_PLACEMENT_3D('',#5183,#4197,#4198);
#3664=AXIS2_PLACEMENT_3D('',#5184,#4199,#4200);
#3665=AXIS2_PLACEMENT_3D('',#5185,#4201,#4202);
#3666=AXIS2_PLACEMENT_3D('',#5194,#4207,#4208);
#3667=AXIS2_PLACEMENT_3D('',#5200,#4212,#4213);
#3668=AXIS2_PLACEMENT_3D('',#5206,#4217,#4218);
#3669=AXIS2_PLACEMENT_3D('',#5212,#4222,#4223);
#3670=AXIS2_PLACEMENT_3D('',#5217,#4227,#4228);
#3671=AXIS2_PLACEMENT_3D('',#5221,#4231,#4232);
#3672=AXIS2_PLACEMENT_3D('',#5225,#4235,#4236);
#3673=AXIS2_PLACEMENT_3D('',#5229,#4239,#4240);
#3674=AXIS2_PLACEMENT_3D('',#5233,#4243,#4244);
#3675=AXIS2_PLACEMENT_3D('',#5237,#4247,#4248);
#3676=AXIS2_PLACEMENT_3D('',#5241,#4251,#4252);
#3677=AXIS2_PLACEMENT_3D('',#5245,#4255,#4256);
#3678=AXIS2_PLACEMENT_3D('',#5249,#4259,#4260);
#3679=AXIS2_PLACEMENT_3D('',#5255,#4264,#4265);
#3680=AXIS2_PLACEMENT_3D('',#5261,#4269,#4270);
#3681=AXIS2_PLACEMENT_3D('',#5264,#4273,#4274);
#3682=AXIS2_PLACEMENT_3D('',#5266,#4276,#4277);
#3683=AXIS2_PLACEMENT_3D('',#5268,#4279,#4280);
#3684=AXIS2_PLACEMENT_3D('',#5270,#4282,#4283);
#3685=AXIS2_PLACEMENT_3D('',#5272,#4285,#4286);
#3686=AXIS2_PLACEMENT_3D('',#5273,#4287,#4288);
#3687=AXIS2_PLACEMENT_3D('',#5275,#4290,#4291);
#3688=AXIS2_PLACEMENT_3D('',#5277,#4293,#4294);
#3689=AXIS2_PLACEMENT_3D('',#5279,#4296,#4297);
#3690=AXIS2_PLACEMENT_3D('',#5280,#4298,#4299);
#3691=AXIS2_PLACEMENT_3D('',#5284,#4301,#4302);
#3692=AXIS2_PLACEMENT_3D('',#5286,#4304,#4305);
#3693=AXIS2_PLACEMENT_3D('',#5298,#4312,#4313);
#3694=AXIS2_PLACEMENT_3D('',#5302,#4316,#4317);
#3695=AXIS2_PLACEMENT_3D('',#5346,#4340,#4341);
#3696=AXIS2_PLACEMENT_3D('',#5350,#4343,#4344);
#3697=AXIS2_PLACEMENT_3D('',#5351,#4345,#4346);
#3698=AXIS2_PLACEMENT_3D('',#5352,#4347,#4348);
#3699=AXIS2_PLACEMENT_3D('',#5355,#4350,#4351);
#3700=AXIS2_PLACEMENT_3D('',#5356,#4352,#4353);
#3701=AXIS2_PLACEMENT_3D('',#5359,#4355,#4356);
#3702=AXIS2_PLACEMENT_3D('',#5360,#4357,#4358);
#3703=AXIS2_PLACEMENT_3D('',#5364,#4360,#4361);
#3704=AXIS2_PLACEMENT_3D('',#5365,#4362,#4363);
#3705=AXIS2_PLACEMENT_3D('',#5366,#4364,#4365);
#3706=AXIS2_PLACEMENT_3D('',#5369,#4367,#4368);
#3707=AXIS2_PLACEMENT_3D('',#5370,#4369,#4370);
#3708=AXIS2_PLACEMENT_3D('',#5373,#4372,#4373);
#3709=AXIS2_PLACEMENT_3D('',#5374,#4374,#4375);
#3710=AXIS2_PLACEMENT_3D('',#5377,#4377,#4378);
#3711=AXIS2_PLACEMENT_3D('',#5378,#4379,#4380);
#3712=AXIS2_PLACEMENT_3D('',#5381,#4382,#4383);
#3713=AXIS2_PLACEMENT_3D('',#5382,#4384,#4385);
#3714=AXIS2_PLACEMENT_3D('',#5385,#4387,#4388);
#3715=AXIS2_PLACEMENT_3D('',#5386,#4389,#4390);
#3716=AXIS2_PLACEMENT_3D('',#5389,#4392,#4393);
#3717=AXIS2_PLACEMENT_3D('',#5390,#4394,#4395);
#3718=AXIS2_PLACEMENT_3D('',#5392,#4397,#4398);
#3719=AXIS2_PLACEMENT_3D('',#5395,#4400,#4401);
#3720=AXIS2_PLACEMENT_3D('',#5396,#4402,#4403);
#3721=AXIS2_PLACEMENT_3D('',#5399,#4405,#4406);
#3722=AXIS2_PLACEMENT_3D('',#5400,#4407,#4408);
#3723=AXIS2_PLACEMENT_3D('',#5403,#4410,#4411);
#3724=AXIS2_PLACEMENT_3D('',#5404,#4412,#4413);
#3725=AXIS2_PLACEMENT_3D('',#5407,#4415,#4416);
#3726=AXIS2_PLACEMENT_3D('',#5408,#4417,#4418);
#3727=AXIS2_PLACEMENT_3D('',#5410,#4420,#4421);
#3728=AXIS2_PLACEMENT_3D('',#5416,#4425,#4426);
#3729=AXIS2_PLACEMENT_3D('',#5420,#4429,#4430);
#3730=AXIS2_PLACEMENT_3D('',#5424,#4433,#4434);
#3731=AXIS2_PLACEMENT_3D('',#5428,#4437,#4438);
#3732=AXIS2_PLACEMENT_3D('',#5432,#4441,#4442);
#3733=AXIS2_PLACEMENT_3D('',#5436,#4445,#4446);
#3734=AXIS2_PLACEMENT_3D('',#5440,#4449,#4450);
#3735=AXIS2_PLACEMENT_3D('',#5444,#4453,#4454);
#3736=AXIS2_PLACEMENT_3D('',#5449,#4456,#4457);
#3737=AXIS2_PLACEMENT_3D('',#5452,#4459,#4460);
#3738=AXIS2_PLACEMENT_3D('',#5453,#4461,#4462);
#3739=AXIS2_PLACEMENT_3D('',#5457,#4464,#4465);
#3740=AXIS2_PLACEMENT_3D('',#5459,#4467,#4468);
#3741=AXIS2_PLACEMENT_3D('',#5463,#4470,#4471);
#3742=AXIS2_PLACEMENT_3D('',#5465,#4473,#4474);
#3743=AXIS2_PLACEMENT_3D('',#5469,#4476,#4477);
#3744=AXIS2_PLACEMENT_3D('',#5471,#4479,#4480);
#3745=AXIS2_PLACEMENT_3D('',#5475,#4482,#4483);
#3746=AXIS2_PLACEMENT_3D('',#5477,#4485,#4486);
#3747=AXIS2_PLACEMENT_3D('',#5481,#4488,#4489);
#3748=AXIS2_PLACEMENT_3D('',#5483,#4491,#4492);
#3749=AXIS2_PLACEMENT_3D('',#5488,#4495,#4496);
#3750=AXIS2_PLACEMENT_3D('',#5489,#4497,#4498);
#3751=AXIS2_PLACEMENT_3D('',#5494,#4501,#4502);
#3752=AXIS2_PLACEMENT_3D('',#5495,#4503,#4504);
#3753=AXIS2_PLACEMENT_3D('',#5500,#4507,#4508);
#3754=AXIS2_PLACEMENT_3D('',#5501,#4509,#4510);
#3755=AXIS2_PLACEMENT_3D('',#5506,#4513,#4514);
#3756=AXIS2_PLACEMENT_3D('',#5507,#4515,#4516);
#3757=AXIS2_PLACEMENT_3D('',#5512,#4519,#4520);
#3758=AXIS2_PLACEMENT_3D('',#5513,#4521,#4522);
#3759=AXIS2_PLACEMENT_3D('',#5518,#4525,#4526);
#3760=AXIS2_PLACEMENT_3D('',#5519,#4527,#4528);
#3761=AXIS2_PLACEMENT_3D('',#5524,#4531,#4532);
#3762=AXIS2_PLACEMENT_3D('',#5525,#4533,#4534);
#3763=AXIS2_PLACEMENT_3D('',#5528,#4537,#4538);
#3764=AXIS2_PLACEMENT_3D('',#5534,#4542,#4543);
#3765=AXIS2_PLACEMENT_3D('',#5538,#4546,#4547);
#3766=AXIS2_PLACEMENT_3D('',#5542,#4550,#4551);
#3767=AXIS2_PLACEMENT_3D('',#5546,#4554,#4555);
#3768=AXIS2_PLACEMENT_3D('',#5550,#4558,#4559);
#3769=AXIS2_PLACEMENT_3D('',#5554,#4562,#4563);
#3770=AXIS2_PLACEMENT_3D('',#5558,#4566,#4567);
#3771=AXIS2_PLACEMENT_3D('',#5575,#4576,#4577);
#3772=AXIS2_PLACEMENT_3D('',#5581,#4581,#4582);
#3773=AXIS2_PLACEMENT_3D('',#5587,#4586,#4587);
#3774=AXIS2_PLACEMENT_3D('',#5593,#4591,#4592);
#3775=AXIS2_PLACEMENT_3D('',#5599,#4596,#4597);
#3776=AXIS2_PLACEMENT_3D('',#5605,#4601,#4602);
#3777=AXIS2_PLACEMENT_3D('',#5611,#4606,#4607);
#3778=AXIS2_PLACEMENT_3D('',#5617,#4611,#4612);
#3779=AXIS2_PLACEMENT_3D('',#5623,#4616,#4617);
#3780=AXIS2_PLACEMENT_3D('',#5628,#4621,#4622);
#3781=AXIS2_PLACEMENT_3D('',#5632,#4625,#4626);
#3782=AXIS2_PLACEMENT_3D('',#5636,#4629,#4630);
#3783=AXIS2_PLACEMENT_3D('',#5640,#4633,#4634);
#3784=AXIS2_PLACEMENT_3D('',#5644,#4637,#4638);
#3785=AXIS2_PLACEMENT_3D('',#5648,#4641,#4642);
#3786=AXIS2_PLACEMENT_3D('',#5652,#4645,#4646);
#3787=AXIS2_PLACEMENT_3D('',#5654,#4648,#4649);
#3788=AXIS2_PLACEMENT_3D('',#5655,#4650,#4651);
#3789=AXIS2_PLACEMENT_3D('',#5661,#4655,#4656);
#3790=AXIS2_PLACEMENT_3D('',#5667,#4660,#4661);
#3791=AXIS2_PLACEMENT_3D('',#5673,#4665,#4666);
#3792=AXIS2_PLACEMENT_3D('',#5679,#4670,#4671);
#3793=AXIS2_PLACEMENT_3D('',#5685,#4675,#4676);
#3794=AXIS2_PLACEMENT_3D('',#5691,#4680,#4681);
#3795=AXIS2_PLACEMENT_3D('',#5697,#4685,#4686);
#3796=AXIS2_PLACEMENT_3D('',#5702,#4690,#4691);
#3797=AXIS2_PLACEMENT_3D('',#5706,#4694,#4695);
#3798=AXIS2_PLACEMENT_3D('',#5710,#4698,#4699);
#3799=AXIS2_PLACEMENT_3D('',#5714,#4702,#4703);
#3800=AXIS2_PLACEMENT_3D('',#5718,#4706,#4707);
#3801=AXIS2_PLACEMENT_3D('',#5722,#4710,#4711);
#3802=AXIS2_PLACEMENT_3D('',#5724,#4713,#4714);
#3803=AXIS2_PLACEMENT_3D('',#5725,#4715,#4716);
#3804=AXIS2_PLACEMENT_3D('',#5727,#4718,#4719);
#3805=AXIS2_PLACEMENT_3D('',#5729,#4721,#4722);
#3806=AXIS2_PLACEMENT_3D('',#5731,#4724,#4725);
#3807=AXIS2_PLACEMENT_3D('',#5733,#4727,#4728);
#3808=AXIS2_PLACEMENT_3D('',#5735,#4730,#4731);
#3809=AXIS2_PLACEMENT_3D('',#5737,#4733,#4734);
#3810=AXIS2_PLACEMENT_3D('',#5739,#4736,#4737);
#3811=AXIS2_PLACEMENT_3D('',#5740,#4738,#4739);
#3812=AXIS2_PLACEMENT_3D('',#5742,#4741,#4742);
#3813=AXIS2_PLACEMENT_3D('',#5744,#4744,#4745);
#3814=AXIS2_PLACEMENT_3D('',#5746,#4747,#4748);
#3815=AXIS2_PLACEMENT_3D('',#5748,#4750,#4751);
#3816=AXIS2_PLACEMENT_3D('',#5750,#4753,#4754);
#3817=AXIS2_PLACEMENT_3D('',#5752,#4756,#4757);
#3818=AXIS2_PLACEMENT_3D('',#5753,#4758,#4759);
#3819=AXIS2_PLACEMENT_3D('',#5769,#4768,#4769);
#3820=AXIS2_PLACEMENT_3D('',#5777,#4775,#4776);
#3821=AXIS2_PLACEMENT_3D('',#5780,#4779,#4780);
#3822=AXIS2_PLACEMENT_3D('',#5782,#4782,#4783);
#3823=AXIS2_PLACEMENT_3D('',#5784,#4785,#4786);
#3824=AXIS2_PLACEMENT_3D('',#5786,#4788,#4789);
#3825=AXIS2_PLACEMENT_3D('',#5788,#4791,#4792);
#3826=AXIS2_PLACEMENT_3D('',#5790,#4794,#4795);
#3827=AXIS2_PLACEMENT_3D('',#5791,#4796,#4797);
#3828=AXIS2_PLACEMENT_3D('',#5793,#4799,#4800);
#3829=AXIS2_PLACEMENT_3D('',#5795,#4802,#4803);
#3830=AXIS2_PLACEMENT_3D('',#5797,#4805,#4806);
#3831=AXIS2_PLACEMENT_3D('',#5798,#4807,#4808);
#3832=AXIS2_PLACEMENT_3D('',#5800,#4810,#4811);
#3833=DIRECTION('axis',(0.,0.,1.));
#3834=DIRECTION('refdir',(1.,0.,0.));
#3835=DIRECTION('center_axis',(0.707106570452269,-0.707106991920763,0.));
#3836=DIRECTION('ref_axis',(-0.500000149011597,-0.499999850988375,0.707106781186536));
#3837=DIRECTION('',(0.707106570452269,-0.707106991920763,0.));
#3838=DIRECTION('center_axis',(0.555569985222347,-0.831469777875324,3.08403294692254E-15));
#3839=DIRECTION('ref_axis',(-0.831469777875324,-0.555569985222347,1.55044806290837E-14));
#3840=DIRECTION('',(-0.707106570452269,0.707106991920763,0.));
#3841=DIRECTION('center_axis',(0.831469446729673,-0.555570480816836,4.61558262015811E-15));
#3842=DIRECTION('ref_axis',(-0.555570480816836,-0.831469446729673,2.32041007854907E-14));
#3843=DIRECTION('center_axis',(0.382683157027506,-0.9238796465598,0.));
#3844=DIRECTION('ref_axis',(-0.653281563082662,-0.270597855380021,0.707106781186552));
#3845=DIRECTION('',(0.382683157027506,-0.9238796465598,0.));
#3846=DIRECTION('center_axis',(0.195090029719287,-0.980785338544642,0.));
#3847=DIRECTION('ref_axis',(-0.980785338544642,-0.195090029719287,0.));
#3848=DIRECTION('',(-0.382683157027506,0.9238796465598,0.));
#3849=DIRECTION('center_axis',(-2.98023232502263E-7,-0.999999999999956,
0.));
#3850=DIRECTION('ref_axis',(-0.70710678118652,2.10734261395578E-7,0.707106781186543));
#3851=DIRECTION('',(-2.98023232502263E-7,-0.999999999999956,0.));
#3852=DIRECTION('center_axis',(-0.195090614312899,-0.980785222261742,0.));
#3853=DIRECTION('ref_axis',(-0.980785222261742,0.195090614312899,0.));
#3854=DIRECTION('',(2.98023232502263E-7,0.999999999999956,0.));
#3855=DIRECTION('center_axis',(-0.38268370770264,-0.923879418462691,0.));
#3856=DIRECTION('ref_axis',(-0.653281401793652,0.270598244766152,0.707106781186546));
#3857=DIRECTION('',(-0.38268370770264,-0.923879418462691,0.));
#3858=DIRECTION('center_axis',(-0.555570480816797,-0.831469446729699,3.08403569802439E-15));
#3859=DIRECTION('ref_axis',(-0.831469446729699,0.555570480816798,1.55044944598082E-14));
#3860=DIRECTION('',(0.38268370770264,0.923879418462691,0.));
#3861=DIRECTION('center_axis',(-0.707106991920766,-0.707106570452266,0.));
#3862=DIRECTION('ref_axis',(-0.499999850988355,0.500000149011593,0.707106781186553));
#3863=DIRECTION('',(-0.707106991920766,-0.707106570452266,0.));
#3864=DIRECTION('center_axis',(-0.831469777875367,-0.555569985222283,0.));
#3865=DIRECTION('ref_axis',(-0.555569985222283,0.831469777875367,0.));
#3866=DIRECTION('',(0.707106991920766,0.707106570452266,0.));
#3867=DIRECTION('center_axis',(-0.9238796465598,-0.382683157027506,0.));
#3868=DIRECTION('ref_axis',(-0.27059785538003,0.653281563082656,0.707106781186555));
#3869=DIRECTION('',(-0.9238796465598,-0.382683157027506,0.));
#3870=DIRECTION('center_axis',(-0.980785338544644,-0.195090029719276,0.));
#3871=DIRECTION('ref_axis',(-0.195090029719276,0.980785338544644,0.));
#3872=DIRECTION('',(0.9238796465598,0.382683157027506,0.));
#3873=DIRECTION('center_axis',(-0.999999999999956,2.98023232502265E-7,0.));
#3874=DIRECTION('ref_axis',(2.10734245694653E-7,0.707106781186524,0.707106781186539));
#3875=DIRECTION('',(-0.999999999999956,2.98023232502265E-7,0.));
#3876=DIRECTION('center_axis',(-0.98078522226174,0.195090614312913,0.));
#3877=DIRECTION('ref_axis',(0.195090614312913,0.98078522226174,0.));
#3878=DIRECTION('',(0.999999999999956,-2.98023232502265E-7,0.));
#3879=DIRECTION('center_axis',(-0.923879418462693,0.382683707702635,0.));
#3880=DIRECTION('ref_axis',(0.270598244766138,0.65328140179365,0.707106781186553));
#3881=DIRECTION('',(0.923879418462693,-0.382683707702635,0.));
#3882=DIRECTION('',(-0.923879418462693,0.382683707702635,0.));
#3883=DIRECTION('center_axis',(-0.831469446729693,0.555570480816807,0.));
#3884=DIRECTION('ref_axis',(0.555570480816807,0.831469446729693,0.));
#3885=DIRECTION('center_axis',(-0.707106570452269,0.707106991920763,0.));
#3886=DIRECTION('ref_axis',(0.500000149011593,0.499999850988355,0.707106781186553));
#3887=DIRECTION('',(0.707106570452269,-0.707106991920763,0.));
#3888=DIRECTION('',(-0.707106570452269,0.707106991920763,0.));
#3889=DIRECTION('center_axis',(-0.555569985222304,0.831469777875353,-3.0840329469223E-15));
#3890=DIRECTION('ref_axis',(0.831469777875353,0.555569985222304,-1.55044806290784E-14));
#3891=DIRECTION('center_axis',(-0.382683157027511,0.923879646559798,0.));
#3892=DIRECTION('ref_axis',(0.653281563082664,0.270597855380035,0.707106781186546));
#3893=DIRECTION('',(0.382683157027511,-0.923879646559798,0.));
#3894=DIRECTION('',(-0.382683157027511,0.923879646559798,0.));
#3895=DIRECTION('center_axis',(-0.195090029719351,0.980785338544629,-5.41483607173074E-16));
#3896=DIRECTION('ref_axis',(0.980785338544629,0.195090029719351,-2.72222192268035E-15));
#3897=DIRECTION('center_axis',(2.98023234734848E-7,0.999999999999956,0.));
#3898=DIRECTION('ref_axis',(0.707106781186516,-2.1073426139558E-7,0.707106781186547));
#3899=DIRECTION('',(-2.98023234734848E-7,-0.999999999999956,0.));
#3900=DIRECTION('',(2.98023234734848E-7,0.999999999999956,0.));
#3901=DIRECTION('center_axis',(0.195090614312921,0.980785222261738,-5.41485229746177E-16));
#3902=DIRECTION('ref_axis',(0.980785222261738,-0.195090614312921,-2.7222300799058E-15));
#3903=DIRECTION('center_axis',(0.38268370770264,0.923879418462691,0.));
#3904=DIRECTION('ref_axis',(0.653281401793652,-0.270598244766152,0.707106781186546));
#3905=DIRECTION('',(-0.38268370770264,-0.923879418462691,0.));
#3906=DIRECTION('',(0.38268370770264,0.923879418462691,0.));
#3907=DIRECTION('center_axis',(0.555570480816855,0.831469446729661,3.08403569802471E-15));
#3908=DIRECTION('ref_axis',(0.831469446729661,-0.555570480816855,1.55044944598041E-14));
#3909=DIRECTION('center_axis',(0.707106991920766,0.707106570452266,0.));
#3910=DIRECTION('ref_axis',(0.499999850988367,-0.500000149011589,0.707106781186547));
#3911=DIRECTION('',(-0.707106991920766,-0.707106570452266,0.));
#3912=DIRECTION('',(0.707106991920766,0.707106570452266,0.));
#3913=DIRECTION('center_axis',(0.831469777875347,0.555569985222313,-2.30779222919294E-15));
#3914=DIRECTION('ref_axis',(0.555569985222313,-0.831469777875347,-1.16020550134427E-14));
#3915=DIRECTION('center_axis',(0.9238796465598,0.382683157027506,0.));
#3916=DIRECTION('ref_axis',(0.270597855380024,-0.653281563082674,0.70710678118654));
#3917=DIRECTION('',(-0.9238796465598,-0.382683157027506,0.));
#3918=DIRECTION('',(0.9238796465598,0.382683157027506,0.));
#3919=DIRECTION('center_axis',(0.980785338544631,0.195090029719342,-5.44445232533514E-15));
#3920=DIRECTION('ref_axis',(0.195090029719342,-0.980785338544631,-2.73711101881572E-14));
#3921=DIRECTION('center_axis',(0.999999999999956,-2.98023232502264E-7,0.));
#3922=DIRECTION('ref_axis',(-2.10734245694653E-7,-0.707106781186524,0.707106781186539));
#3923=DIRECTION('',(-0.999999999999956,2.98023232502264E-7,0.));
#3924=DIRECTION('',(0.999999999999956,-2.98023232502264E-7,0.));
#3925=DIRECTION('center_axis',(0.980785222261734,-0.195090614312943,5.44445167983539E-15));
#3926=DIRECTION('ref_axis',(-0.195090614312943,-0.980785222261734,2.73711069430039E-14));
#3927=DIRECTION('center_axis',(0.923879418462693,-0.382683707702635,0.));
#3928=DIRECTION('ref_axis',(-0.270598244766153,-0.653281401793648,0.70710678118655));
#3929=DIRECTION('',(-0.923879418462693,0.382683707702635,0.));
#3930=DIRECTION('',(0.923879418462693,-0.382683707702635,0.));
#3931=DIRECTION('center_axis',(-0.923879646559798,-0.382683157027511,0.));
#3932=DIRECTION('ref_axis',(-0.382683157027511,0.923879646559798,0.));
#3933=DIRECTION('',(0.,0.,-1.));
#3934=DIRECTION('',(-0.382683157027511,0.923879646559798,0.));
#3935=DIRECTION('',(0.,0.,1.));
#3936=DIRECTION('center_axis',(-0.999999999999956,2.98023234734848E-7,0.));
#3937=DIRECTION('ref_axis',(2.98023234734848E-7,0.999999999999956,0.));
#3938=DIRECTION('',(0.,0.,1.));
#3939=DIRECTION('',(2.98023234734848E-7,0.999999999999956,0.));
#3940=DIRECTION('center_axis',(-0.923879418462691,0.38268370770264,0.));
#3941=DIRECTION('ref_axis',(0.38268370770264,0.923879418462691,0.));
#3942=DIRECTION('',(0.,0.,1.));
#3943=DIRECTION('',(0.38268370770264,0.923879418462691,0.));
#3944=DIRECTION('center_axis',(-0.707106570452266,0.707106991920766,0.));
#3945=DIRECTION('ref_axis',(0.707106991920766,0.707106570452266,0.));
#3946=DIRECTION('',(0.,0.,1.));
#3947=DIRECTION('',(0.707106991920766,0.707106570452266,0.));
#3948=DIRECTION('center_axis',(-0.382683157027506,0.9238796465598,0.));
#3949=DIRECTION('ref_axis',(0.9238796465598,0.382683157027506,0.));
#3950=DIRECTION('',(0.,0.,1.));
#3951=DIRECTION('',(0.9238796465598,0.382683157027506,0.));
#3952=DIRECTION('center_axis',(2.98023232502264E-7,0.999999999999956,0.));
#3953=DIRECTION('ref_axis',(0.999999999999956,-2.98023232502264E-7,0.));
#3954=DIRECTION('',(0.,0.,1.));
#3955=DIRECTION('',(0.999999999999956,-2.98023232502264E-7,0.));
#3956=DIRECTION('center_axis',(0.382683707702635,0.923879418462693,0.));
#3957=DIRECTION('ref_axis',(0.923879418462693,-0.382683707702635,0.));
#3958=DIRECTION('',(0.,0.,1.));
#3959=DIRECTION('',(0.923879418462693,-0.382683707702635,0.));
#3960=DIRECTION('center_axis',(0.707106991920763,0.707106570452269,0.));
#3961=DIRECTION('ref_axis',(0.707106570452269,-0.707106991920763,0.));
#3962=DIRECTION('',(0.,0.,1.));
#3963=DIRECTION('',(0.707106570452269,-0.707106991920763,0.));
#3964=DIRECTION('center_axis',(0.,0.,-1.));
#3965=DIRECTION('ref_axis',(1.,0.,0.));
#3966=DIRECTION('',(0.,1.,0.));
#3967=DIRECTION('',(1.,0.,0.));
#3968=DIRECTION('',(0.,-1.,0.));
#3969=DIRECTION('',(-1.,0.,0.));
#3970=DIRECTION('',(0.,1.,0.));
#3971=DIRECTION('',(1.,0.,0.));
#3972=DIRECTION('',(0.,1.,0.));
#3973=DIRECTION('center_axis',(0.,0.,-1.));
#3974=DIRECTION('ref_axis',(-1.,0.,0.));
#3975=DIRECTION('',(0.707106781186548,0.707106781186548,0.));
#3976=DIRECTION('',(0.38268343236509,0.923879532511287,0.));
#3977=DIRECTION('',(0.,1.,0.));
#3978=DIRECTION('',(-0.382683432365089,0.923879532511287,0.));
#3979=DIRECTION('',(-0.707106781186548,0.707106781186548,0.));
#3980=DIRECTION('',(-0.923879532511286,0.382683432365091,0.));
#3981=DIRECTION('',(-1.,0.,0.));
#3982=DIRECTION('',(-0.923879532511287,-0.382683432365089,0.));
#3983=DIRECTION('',(-0.707106781186548,-0.707106781186548,0.));
#3984=DIRECTION('',(-0.382683432365091,-0.923879532511286,0.));
#3985=DIRECTION('',(0.,-1.,0.));
#3986=DIRECTION('',(0.382683432365089,-0.923879532511287,0.));
#3987=DIRECTION('',(0.707106781186547,-0.707106781186547,0.));
#3988=DIRECTION('',(0.923879532511286,-0.382683432365091,0.));
#3989=DIRECTION('',(1.,0.,0.));
#3990=DIRECTION('',(0.923879532511287,0.382683432365089,0.));
#3991=DIRECTION('center_axis',(0.707106781186548,0.707106781186548,0.));
#3992=DIRECTION('ref_axis',(0.499999999999999,-0.499999999999991,0.707106781186554));
#3993=DIRECTION('center_axis',(0.831469612302554,0.55557023301959,0.));
#3994=DIRECTION('ref_axis',(0.55557023301959,-0.831469612302553,0.));
#3995=DIRECTION('',(-0.707106781186548,-0.707106781186548,0.));
#3996=DIRECTION('center_axis',(0.555570233019599,0.831469612302547,0.));
#3997=DIRECTION('ref_axis',(0.831469612302547,-0.555570233019599,0.));
#3998=DIRECTION('center_axis',(0.923879532511287,0.382683432365089,0.));
#3999=DIRECTION('ref_axis',(0.270598050073087,-0.65328148243819,0.707106781186551));
#4000=DIRECTION('center_axis',(0.980785280403232,0.195090322016123,0.));
#4001=DIRECTION('ref_axis',(0.195090322016123,-0.980785280403231,0.));
#4002=DIRECTION('',(-0.923879532511287,-0.382683432365089,0.));
#4003=DIRECTION('center_axis',(1.,0.,0.));
#4004=DIRECTION('ref_axis',(0.,-0.707106781186548,0.707106781186547));
#4005=DIRECTION('center_axis',(0.980785280403236,-0.1950903220161,0.));
#4006=DIRECTION('ref_axis',(-0.1950903220161,-0.980785280403236,0.));
#4007=DIRECTION('',(-1.,0.,0.));
#4008=DIRECTION('center_axis',(0.923879532511286,-0.382683432365091,0.));
#4009=DIRECTION('ref_axis',(-0.270598050073103,-0.653281482438182,0.707106781186552));
#4010=DIRECTION('center_axis',(0.831469612302542,-0.555570233019607,0.));
#4011=DIRECTION('ref_axis',(-0.555570233019607,-0.831469612302542,0.));
#4012=DIRECTION('',(-0.923879532511286,0.382683432365091,0.));
#4013=DIRECTION('center_axis',(0.707106781186548,-0.707106781186548,0.));
#4014=DIRECTION('ref_axis',(-0.500000000000001,-0.500000000000001,0.707106781186546));
#4015=DIRECTION('center_axis',(0.555570233019601,-0.831469612302546,0.));
#4016=DIRECTION('ref_axis',(-0.831469612302546,-0.555570233019601,0.));
#4017=DIRECTION('',(-0.707106781186548,0.707106781186548,0.));
#4018=DIRECTION('center_axis',(0.382683432365089,-0.923879532511287,0.));
#4019=DIRECTION('ref_axis',(-0.653281482438187,-0.270598050073101,0.707106781186548));
#4020=DIRECTION('center_axis',(0.195090322016115,-0.980785280403233,0.));
#4021=DIRECTION('ref_axis',(-0.980785280403233,-0.195090322016115,0.));
#4022=DIRECTION('',(-0.382683432365089,0.923879532511287,0.));
#4023=DIRECTION('center_axis',(0.,-1.,0.));
#4024=DIRECTION('ref_axis',(-0.707106781186548,0.,0.707106781186547));
#4025=DIRECTION('center_axis',(-0.195090322016113,-0.980785280403234,0.));
#4026=DIRECTION('ref_axis',(-0.980785280403234,0.195090322016113,0.));
#4027=DIRECTION('',(0.,1.,0.));
#4028=DIRECTION('center_axis',(-0.382683432365091,-0.923879532511286,0.));
#4029=DIRECTION('ref_axis',(-0.653281482438182,0.270598050073103,0.707106781186551));
#4030=DIRECTION('',(0.382683432365091,0.923879532511286,0.));
#4031=DIRECTION('center_axis',(-0.555570233019604,-0.831469612302544,-4.61558353927218E-15));
#4032=DIRECTION('ref_axis',(-0.831469612302544,0.555570233019604,-2.32041054061889E-14));
#4033=DIRECTION('center_axis',(-0.707106781186548,-0.707106781186548,0.));
#4034=DIRECTION('ref_axis',(-0.500000000000001,0.500000000000001,0.707106781186546));
#4035=DIRECTION('',(0.707106781186548,0.707106781186548,0.));
#4036=DIRECTION('center_axis',(-0.831469612302541,-0.555570233019608,0.));
#4037=DIRECTION('ref_axis',(-0.555570233019608,0.831469612302541,0.));
#4038=DIRECTION('center_axis',(-0.923879532511287,-0.382683432365089,0.));
#4039=DIRECTION('ref_axis',(-0.270598050073101,0.653281482438187,0.707106781186548));
#4040=DIRECTION('',(0.923879532511287,0.382683432365089,0.));
#4041=DIRECTION('center_axis',(-0.980785280403231,-0.195090322016126,0.));
#4042=DIRECTION('ref_axis',(-0.195090322016126,0.980785280403231,0.));
#4043=DIRECTION('center_axis',(-1.,0.,0.));
#4044=DIRECTION('ref_axis',(0.,0.707106781186548,0.707106781186547));
#4045=DIRECTION('',(1.,0.,0.));
#4046=DIRECTION('center_axis',(-0.980785280403233,0.195090322016118,-5.44445200258555E-15));
#4047=DIRECTION('ref_axis',(0.195090322016118,0.980785280403233,-2.73711085655835E-14));
#4048=DIRECTION('center_axis',(-0.923879532511286,0.382683432365091,0.));
#4049=DIRECTION('ref_axis',(0.270598050073102,0.653281482438187,0.707106781186548));
#4050=DIRECTION('',(0.923879532511286,-0.382683432365091,0.));
#4051=DIRECTION('center_axis',(-0.831469612302535,0.555570233019618,0.));
#4052=DIRECTION('ref_axis',(0.555570233019618,0.831469612302534,0.));
#4053=DIRECTION('center_axis',(-0.707106781186548,0.707106781186548,0.));
#4054=DIRECTION('ref_axis',(0.500000000000001,0.500000000000001,0.707106781186546));
#4055=DIRECTION('',(0.707106781186548,-0.707106781186548,0.));
#4056=DIRECTION('center_axis',(-0.555570233019599,0.831469612302547,0.));
#4057=DIRECTION('ref_axis',(0.831469612302547,0.555570233019599,0.));
#4058=DIRECTION('center_axis',(-0.382683432365089,0.923879532511287,0.));
#4059=DIRECTION('ref_axis',(0.653281482438191,0.2705980500731,0.707106781186544));
#4060=DIRECTION('',(0.382683432365089,-0.923879532511287,0.));
#4061=DIRECTION('center_axis',(-0.195090322016136,0.980785280403229,0.));
#4062=DIRECTION('ref_axis',(0.980785280403229,0.195090322016136,0.));
#4063=DIRECTION('center_axis',(0.,1.,0.));
#4064=DIRECTION('ref_axis',(0.707106781186548,0.,0.707106781186547));
#4065=DIRECTION('',(0.,-1.,0.));
#4066=DIRECTION('center_axis',(0.195090322016115,0.980785280403233,-5.98593642104512E-15));
#4067=DIRECTION('ref_axis',(0.980785280403233,-0.195090322016115,-3.00933345668766E-14));
#4068=DIRECTION('center_axis',(0.38268343236509,0.923879532511287,0.));
#4069=DIRECTION('ref_axis',(0.653281482438187,-0.270598050073102,0.707106781186548));
#4070=DIRECTION('',(-0.38268343236509,-0.923879532511287,0.));
#4071=DIRECTION('center_axis',(0.382683432365089,-0.923879532511287,0.));
#4072=DIRECTION('ref_axis',(-0.923879532511287,-0.382683432365089,0.));
#4073=DIRECTION('',(0.,0.,1.));
#4074=DIRECTION('',(-0.923879532511287,-0.382683432365089,0.));
#4075=DIRECTION('',(0.,0.,1.));
#4076=DIRECTION('center_axis',(0.,-1.,0.));
#4077=DIRECTION('ref_axis',(-1.,0.,0.));
#4078=DIRECTION('',(0.,0.,1.));
#4079=DIRECTION('',(-1.,0.,0.));
#4080=DIRECTION('center_axis',(-0.382683432365091,-0.923879532511286,0.));
#4081=DIRECTION('ref_axis',(-0.923879532511286,0.382683432365091,0.));
#4082=DIRECTION('',(0.,0.,1.));
#4083=DIRECTION('',(-0.923879532511286,0.382683432365091,0.));
#4084=DIRECTION('center_axis',(-0.707106781186548,-0.707106781186548,0.));
#4085=DIRECTION('ref_axis',(-0.707106781186548,0.707106781186548,0.));
#4086=DIRECTION('',(0.,0.,1.));
#4087=DIRECTION('',(-0.707106781186548,0.707106781186548,0.));
#4088=DIRECTION('center_axis',(-0.923879532511287,-0.382683432365089,0.));
#4089=DIRECTION('ref_axis',(-0.382683432365089,0.923879532511287,0.));
#4090=DIRECTION('',(0.,0.,-1.));
#4091=DIRECTION('',(-0.382683432365089,0.923879532511287,0.));
#4092=DIRECTION('center_axis',(-1.,0.,0.));
#4093=DIRECTION('ref_axis',(0.,1.,0.));
#4094=DIRECTION('',(0.,0.,1.));
#4095=DIRECTION('',(0.,1.,0.));
#4096=DIRECTION('center_axis',(-0.923879532511287,0.38268343236509,0.));
#4097=DIRECTION('ref_axis',(0.38268343236509,0.923879532511287,0.));
#4098=DIRECTION('',(0.,0.,1.));
#4099=DIRECTION('',(0.38268343236509,0.923879532511287,0.));
#4100=DIRECTION('center_axis',(-0.707106781186548,0.707106781186548,0.));
#4101=DIRECTION('ref_axis',(0.707106781186548,0.707106781186548,0.));
#4102=DIRECTION('',(0.,0.,1.));
#4103=DIRECTION('',(0.707106781186548,0.707106781186548,0.));
#4104=DIRECTION('center_axis',(0.653281563082672,0.270597855380029,-0.70710678118654));
#4105=DIRECTION('ref_axis',(-0.734509513513823,0.,-0.678598389739975));
#4106=DIRECTION('',(-0.382683157027506,0.9238796465598,0.));
#4107=DIRECTION('',(0.593613314216875,0.396639479849781,0.700214507282556));
#4108=DIRECTION('',(0.382683157027506,-0.9238796465598,0.));
#4109=DIRECTION('',(0.700214548791597,0.139281116636918,0.700214507282556));
#4110=DIRECTION('center_axis',(0.500000149011591,0.499999850988361,-0.707106781186551));
#4111=DIRECTION('ref_axis',(-0.816496499816091,0.,-0.577350383898783));
#4112=DIRECTION('',(-0.707106570452269,0.707106991920763,0.));
#4113=DIRECTION('',(0.396639833670783,0.593613077801244,0.700214507282553));
#4114=DIRECTION('center_axis',(0.270598244766143,0.653281401793651,-0.707106781186551));
#4115=DIRECTION('ref_axis',(-0.933948745257484,0.,-0.357406968639354));
#4116=DIRECTION('',(-0.923879418462693,0.382683707702635,0.));
#4117=DIRECTION('',(0.139281533997399,0.700214465773435,0.700214507282557));
#4118=DIRECTION('center_axis',(2.10734248653489E-7,0.707106781186524,-0.70710678118654));
#4119=DIRECTION('ref_axis',(-0.999999999999956,0.,-2.98023232502258E-7));
#4120=DIRECTION('',(-0.999999999999956,2.98023232502264E-7,0.));
#4121=DIRECTION('',(-0.139281116637016,0.700214548791574,0.70021450728256));
#4122=DIRECTION('center_axis',(-0.270597855380026,0.653281563082666,-0.707106781186547));
#4123=DIRECTION('ref_axis',(-0.933948916931421,0.,0.357406520033736));
#4124=DIRECTION('',(-0.9238796465598,-0.382683157027506,0.));
#4125=DIRECTION('',(-0.396639479849692,0.593613314216934,0.700214507282556));
#4126=DIRECTION('center_axis',(-0.499999850988365,0.5000001490116,-0.707106781186541));
#4127=DIRECTION('ref_axis',(-0.816496662039384,0.,0.577350154480402));
#4128=DIRECTION('',(-0.707106991920766,-0.707106570452266,0.));
#4129=DIRECTION('',(-0.59361307780127,0.396639833670738,0.700214507282556));
#4130=DIRECTION('center_axis',(-0.65328140179365,0.270598244766146,-0.707106781186551));
#4131=DIRECTION('ref_axis',(-0.734509597021717,0.,0.678598299351682));
#4132=DIRECTION('',(-0.38268370770264,-0.923879418462691,0.));
#4133=DIRECTION('',(-0.700214465773449,0.139281533997355,0.700214507282552));
#4134=DIRECTION('center_axis',(-0.707106781186516,2.10734250232161E-7,-0.707106781186548));
#4135=DIRECTION('ref_axis',(-0.707106781186563,0.,0.707106781186532));
#4136=DIRECTION('',(-2.98023234734848E-7,-0.999999999999956,0.));
#4137=DIRECTION('',(-0.70021454879159,-0.139281116636979,0.700214507282551));
#4138=DIRECTION('center_axis',(-0.65328156308266,-0.270597855380028,-0.707106781186552));
#4139=DIRECTION('ref_axis',(-0.734509513513835,0.,0.678598389739963));
#4140=DIRECTION('',(0.382683157027511,-0.923879646559798,0.));
#4141=DIRECTION('',(-0.593613314216914,-0.396639479849732,0.700214507282551));
#4142=DIRECTION('center_axis',(-0.500000149011592,-0.499999850988362,-0.707106781186549));
#4143=DIRECTION('ref_axis',(-0.81649649981609,0.,0.577350383898784));
#4144=DIRECTION('',(-0.707106570452269,0.707106991920763,0.));
#4145=DIRECTION('',(0.707106570452269,-0.707106991920763,0.));
#4146=DIRECTION('',(-0.396639833670781,-0.593613077801244,0.700214507282553));
#4147=DIRECTION('center_axis',(-0.270598244766143,-0.653281401793651,-0.707106781186551));
#4148=DIRECTION('ref_axis',(-0.933948745257484,0.,0.357406968639354));
#4149=DIRECTION('',(-0.923879418462693,0.382683707702635,0.));
#4150=DIRECTION('',(0.923879418462693,-0.382683707702635,0.));
#4151=DIRECTION('',(-0.139281533997359,-0.700214465773447,0.700214507282554));
#4152=DIRECTION('center_axis',(-2.10734248653486E-7,-0.707106781186516,
-0.707106781186548));
#4153=DIRECTION('ref_axis',(-0.999999999999956,0.,2.98023232502251E-7));
#4154=DIRECTION('',(-0.999999999999956,2.98023232502265E-7,0.));
#4155=DIRECTION('',(0.999999999999956,-2.98023232502265E-7,0.));
#4156=DIRECTION('',(0.139281116636984,-0.700214548791585,0.700214507282556));
#4157=DIRECTION('center_axis',(0.270597855380026,-0.653281563082666,-0.707106781186547));
#4158=DIRECTION('ref_axis',(-0.933948916931421,0.,-0.357406520033736));
#4159=DIRECTION('',(-0.9238796465598,-0.382683157027506,0.));
#4160=DIRECTION('',(0.9238796465598,0.382683157027506,0.));
#4161=DIRECTION('',(0.396639479849689,-0.593613314216935,0.700214507282558));
#4162=DIRECTION('center_axis',(0.499999850988365,-0.5000001490116,-0.707106781186541));
#4163=DIRECTION('ref_axis',(-0.816496662039384,0.,-0.577350154480402));
#4164=DIRECTION('',(-0.707106991920766,-0.707106570452266,0.));
#4165=DIRECTION('',(0.707106991920766,0.707106570452266,0.));
#4166=DIRECTION('',(0.593613077801267,-0.396639833670739,0.700214507282558));
#4167=DIRECTION('center_axis',(0.653281401793651,-0.270598244766146,-0.70710678118655));
#4168=DIRECTION('ref_axis',(-0.734509597021716,0.,-0.678598299351683));
#4169=DIRECTION('',(-0.38268370770264,-0.923879418462691,0.));
#4170=DIRECTION('',(0.38268370770264,0.923879418462691,0.));
#4171=DIRECTION('',(0.700214465773449,-0.139281533997355,0.700214507282552));
#4172=DIRECTION('center_axis',(0.707106781186516,-2.10734248653486E-7,-0.707106781186548));
#4173=DIRECTION('ref_axis',(-0.707106781186563,0.,-0.707106781186532));
#4174=DIRECTION('',(-2.98023232502263E-7,-0.999999999999956,0.));
#4175=DIRECTION('',(2.98023232502263E-7,0.999999999999956,0.));
#4176=DIRECTION('center_axis',(-0.707106991920763,-0.707106570452269,0.));
#4177=DIRECTION('ref_axis',(-0.707106570452269,0.707106991920763,0.));
#4178=DIRECTION('',(0.,0.,1.));
#4179=DIRECTION('center_axis',(-0.382683707702635,-0.923879418462693,0.));
#4180=DIRECTION('ref_axis',(-0.923879418462693,0.382683707702635,0.));
#4181=DIRECTION('',(0.,0.,1.));
#4182=DIRECTION('center_axis',(-2.98023232502265E-7,-0.999999999999956,
0.));
#4183=DIRECTION('ref_axis',(-0.999999999999956,2.98023232502265E-7,0.));
#4184=DIRECTION('',(0.,0.,1.));
#4185=DIRECTION('center_axis',(0.382683157027506,-0.9238796465598,0.));
#4186=DIRECTION('ref_axis',(-0.9238796465598,-0.382683157027506,0.));
#4187=DIRECTION('',(0.,0.,1.));
#4188=DIRECTION('center_axis',(0.707106570452266,-0.707106991920766,0.));
#4189=DIRECTION('ref_axis',(-0.707106991920766,-0.707106570452266,0.));
#4190=DIRECTION('',(0.,0.,1.));
#4191=DIRECTION('center_axis',(0.923879418462691,-0.38268370770264,0.));
#4192=DIRECTION('ref_axis',(-0.38268370770264,-0.923879418462691,0.));
#4193=DIRECTION('',(0.,0.,1.));
#4194=DIRECTION('center_axis',(0.999999999999956,-2.98023232502263E-7,0.));
#4195=DIRECTION('ref_axis',(-2.98023232502263E-7,-0.999999999999956,0.));
#4196=DIRECTION('',(0.,0.,1.));
#4197=DIRECTION('center_axis',(0.9238796465598,0.382683157027506,0.));
#4198=DIRECTION('ref_axis',(0.382683157027506,-0.9238796465598,0.));
#4199=DIRECTION('center_axis',(0.,0.,1.));
#4200=DIRECTION('ref_axis',(1.,0.,0.));
#4201=DIRECTION('center_axis',(0.65328148243819,0.270598050073098,-0.707106781186546));
#4202=DIRECTION('ref_axis',(-0.734509555267754,0.,-0.678598344545848));
#4203=DIRECTION('',(-0.382683432365089,0.923879532511287,0.));
#4204=DIRECTION('',(0.593613196009097,0.396639656760282,0.700214507282555));
#4205=DIRECTION('',(0.382683432365089,-0.923879532511287,0.));
#4206=DIRECTION('',(0.700214507282554,0.139281325317144,0.700214507282554));
#4207=DIRECTION('center_axis',(0.500000000000001,0.500000000000001,-0.707106781186546));
#4208=DIRECTION('ref_axis',(-0.816496580927725,0.,-0.577350269189628));
#4209=DIRECTION('',(-0.707106781186548,0.707106781186548,0.));
#4210=DIRECTION('',(0.396639656760291,0.59361319600909,0.700214507282556));
#4211=DIRECTION('',(0.707106781186548,-0.707106781186548,0.));
#4212=DIRECTION('center_axis',(0.270598050073101,0.653281482438192,-0.707106781186543));
#4213=DIRECTION('ref_axis',(-0.933948831094463,0.,-0.357406744336598));
#4214=DIRECTION('',(-0.923879532511286,0.382683432365091,0.));
#4215=DIRECTION('',(0.139281325317133,0.700214507282555,0.700214507282555));
#4216=DIRECTION('',(0.923879532511286,-0.382683432365091,0.));
#4217=DIRECTION('center_axis',(0.,0.707106781186548,-0.707106781186548));
#4218=DIRECTION('ref_axis',(-1.,0.,0.));
#4219=DIRECTION('',(-1.,0.,0.));
#4220=DIRECTION('',(-0.139281325317146,0.700214507282554,0.700214507282554));
#4221=DIRECTION('',(1.,0.,0.));
#4222=DIRECTION('center_axis',(-0.270598050073098,0.65328148243819,-0.707106781186546));
#4223=DIRECTION('ref_axis',(-0.933948831094465,0.,0.357406744336593));
#4224=DIRECTION('',(-0.923879532511287,-0.382683432365089,0.));
#4225=DIRECTION('',(-0.396639656760281,0.593613196009097,0.700214507282555));
#4226=DIRECTION('',(0.923879532511287,0.382683432365089,0.));
#4227=DIRECTION('center_axis',(-0.500000000000001,0.500000000000001,-0.707106781186546));
#4228=DIRECTION('ref_axis',(-0.816496580927725,0.,0.577350269189628));
#4229=DIRECTION('',(-0.707106781186548,-0.707106781186548,0.));
#4230=DIRECTION('',(-0.593613196009107,0.39663965676027,0.700214507282553));
#4231=DIRECTION('center_axis',(-0.653281482438188,0.270598050073098,-0.707106781186548));
#4232=DIRECTION('ref_axis',(-0.734509555267756,0.,0.678598344545846));
#4233=DIRECTION('',(-0.38268343236509,-0.923879532511287,0.));
#4234=DIRECTION('',(-0.700214507282553,0.139281325317159,0.700214507282553));
#4235=DIRECTION('center_axis',(-0.707106781186548,0.,-0.707106781186548));
#4236=DIRECTION('ref_axis',(-0.707106781186548,0.,0.707106781186548));
#4237=DIRECTION('',(0.,-1.,0.));
#4238=DIRECTION('',(-0.700214507282554,-0.139281325317148,0.700214507282554));
#4239=DIRECTION('center_axis',(-0.65328148243819,-0.270598050073098,-0.707106781186546));
#4240=DIRECTION('ref_axis',(-0.734509555267754,0.,0.678598344545848));
#4241=DIRECTION('',(0.382683432365089,-0.923879532511287,0.));
#4242=DIRECTION('',(-0.593613196009098,-0.396639656760284,0.700214507282554));
#4243=DIRECTION('center_axis',(-0.5,-0.5,-0.707106781186547));
#4244=DIRECTION('ref_axis',(-0.816496580927726,0.,0.577350269189626));
#4245=DIRECTION('',(0.707106781186548,-0.707106781186548,0.));
#4246=DIRECTION('',(-0.396639656760284,-0.593613196009098,0.700214507282554));
#4247=DIRECTION('center_axis',(-0.2705980500731,-0.653281482438189,-0.707106781186547));
#4248=DIRECTION('ref_axis',(-0.933948831094464,0.,0.357406744336595));
#4249=DIRECTION('',(0.923879532511286,-0.382683432365091,0.));
#4250=DIRECTION('',(-0.139281325317152,-0.700214507282553,0.700214507282553));
#4251=DIRECTION('center_axis',(0.,-0.707106781186548,-0.707106781186548));
#4252=DIRECTION('ref_axis',(-1.,0.,0.));
#4253=DIRECTION('',(1.,0.,0.));
#4254=DIRECTION('',(0.139281325317148,-0.700214507282554,0.700214507282554));
#4255=DIRECTION('center_axis',(0.270598050073098,-0.65328148243819,-0.707106781186546));
#4256=DIRECTION('ref_axis',(-0.933948831094465,0.,-0.357406744336593));
#4257=DIRECTION('',(0.923879532511287,0.382683432365089,0.));
#4258=DIRECTION('',(0.396639656760278,-0.5936131960091,0.700214507282554));
#4259=DIRECTION('center_axis',(0.500000000000001,-0.500000000000001,-0.707106781186546));
#4260=DIRECTION('ref_axis',(-0.816496580927725,0.,-0.577350269189628));
#4261=DIRECTION('',(-0.707106781186548,-0.707106781186548,0.));
#4262=DIRECTION('',(0.707106781186548,0.707106781186548,0.));
#4263=DIRECTION('',(0.5936131960091,-0.396639656760278,0.700214507282554));
#4264=DIRECTION('center_axis',(0.653281482438189,-0.2705980500731,-0.707106781186547));
#4265=DIRECTION('ref_axis',(-0.734509555267755,0.,-0.678598344545848));
#4266=DIRECTION('',(-0.382683432365091,-0.923879532511286,0.));
#4267=DIRECTION('',(0.382683432365091,0.923879532511286,0.));
#4268=DIRECTION('',(0.700214507282553,-0.139281325317152,0.700214507282553));
#4269=DIRECTION('center_axis',(0.707106781186548,0.,-0.707106781186548));
#4270=DIRECTION('ref_axis',(-0.707106781186548,0.,-0.707106781186548));
#4271=DIRECTION('',(0.,-1.,0.));
#4272=DIRECTION('',(0.,1.,0.));
#4273=DIRECTION('center_axis',(0.707106781186548,-0.707106781186548,0.));
#4274=DIRECTION('ref_axis',(-0.707106781186548,-0.707106781186548,0.));
#4275=DIRECTION('',(0.,0.,1.));
#4276=DIRECTION('center_axis',(0.923879532511286,-0.382683432365091,0.));
#4277=DIRECTION('ref_axis',(-0.382683432365091,-0.923879532511286,0.));
#4278=DIRECTION('',(0.,0.,1.));
#4279=DIRECTION('center_axis',(1.,0.,0.));
#4280=DIRECTION('ref_axis',(0.,-1.,0.));
#4281=DIRECTION('',(0.,0.,1.));
#4282=DIRECTION('center_axis',(0.923879532511287,0.382683432365089,0.));
#4283=DIRECTION('ref_axis',(0.382683432365089,-0.923879532511287,0.));
#4284=DIRECTION('',(0.,0.,1.));
#4285=DIRECTION('center_axis',(0.,0.,1.));
#4286=DIRECTION('ref_axis',(1.,0.,0.));
#4287=DIRECTION('center_axis',(0.707106781186548,0.707106781186548,0.));
#4288=DIRECTION('ref_axis',(0.707106781186548,-0.707106781186548,0.));
#4289=DIRECTION('',(0.,0.,1.));
#4290=DIRECTION('center_axis',(0.382683432365091,0.923879532511286,0.));
#4291=DIRECTION('ref_axis',(0.923879532511286,-0.382683432365091,0.));
#4292=DIRECTION('',(0.,0.,1.));
#4293=DIRECTION('center_axis',(0.,1.,0.));
#4294=DIRECTION('ref_axis',(1.,0.,0.));
#4295=DIRECTION('',(0.,0.,1.));
#4296=DIRECTION('center_axis',(-0.382683432365089,0.923879532511287,0.));
#4297=DIRECTION('ref_axis',(0.923879532511287,0.382683432365089,0.));
#4298=DIRECTION('center_axis',(0.,0.,-1.));
#4299=DIRECTION('ref_axis',(-1.,0.,0.));
#4300=DIRECTION('',(0.,0.,-1.));
#4301=DIRECTION('center_axis',(0.,0.,-1.));
#4302=DIRECTION('ref_axis',(-1.,0.,0.));
#4303=DIRECTION('',(0.,0.,1.));
#4304=DIRECTION('center_axis',(1.,0.,0.));
#4305=DIRECTION('ref_axis',(0.,0.,-1.));
#4306=DIRECTION('',(0.,0.,-1.));
#4307=DIRECTION('',(0.,-1.,0.));
#4308=DIRECTION('',(0.,0.,-1.));
#4309=DIRECTION('',(0.,1.,0.));
#4310=DIRECTION('',(0.,0.,-1.));
#4311=DIRECTION('',(0.,-1.,0.));
#4312=DIRECTION('center_axis',(0.,1.,0.));
#4313=DIRECTION('ref_axis',(0.,0.,1.));
#4314=DIRECTION('',(0.,0.,-1.));
#4315=DIRECTION('',(1.,0.,0.));
#4316=DIRECTION('center_axis',(-1.,0.,0.));
#4317=DIRECTION('ref_axis',(0.,-1.,0.));
#4318=DIRECTION('',(0.,0.,-1.));
#4319=DIRECTION('',(0.,-1.,0.));
#4320=DIRECTION('',(0.,0.,-1.));
#4321=DIRECTION('',(0.,1.,0.));
#4322=DIRECTION('',(0.,0.,-1.));
#4323=DIRECTION('',(0.,-1.,0.));
#4324=DIRECTION('',(0.,0.382683432365093,0.923879532511285));
#4325=DIRECTION('',(0.,0.707106781186549,0.707106781186546));
#4326=DIRECTION('',(0.,0.923879532511285,0.382683432365093));
#4327=DIRECTION('',(0.,1.,2.23258722270619E-15));
#4328=DIRECTION('',(0.,0.923879532511288,-0.382683432365088));
#4329=DIRECTION('',(0.,0.707106781186549,-0.707106781186546));
#4330=DIRECTION('',(0.,0.382683432365093,-0.923879532511286));
#4331=DIRECTION('',(0.,0.,-1.));
#4332=DIRECTION('',(0.,-0.382683432365093,-0.923879532511285));
#4333=DIRECTION('',(0.,-0.707106781186549,-0.707106781186546));
#4334=DIRECTION('',(0.,-0.923879532511285,-0.382683432365093));
#4335=DIRECTION('',(0.,-1.,-2.23258722270619E-15));
#4336=DIRECTION('',(0.,-0.923879532511288,0.382683432365088));
#4337=DIRECTION('',(0.,-0.707106781186549,0.707106781186546));
#4338=DIRECTION('',(0.,-0.382683432365093,0.923879532511286));
#4339=DIRECTION('',(0.,0.,1.));
#4340=DIRECTION('center_axis',(0.,0.923879532511288,-0.382683432365088));
#4341=DIRECTION('ref_axis',(-0.707106781186547,-0.270598050073085,-0.653281482438194));
#4342=DIRECTION('',(0.,0.923879532511288,-0.382683432365088));
#4343=DIRECTION('center_axis',(3.08403432247368E-15,0.831469612302539,-0.555570233019612));
#4344=DIRECTION('ref_axis',(1.55044875444424E-14,-0.555570233019612,-0.831469612302539));
#4345=DIRECTION('center_axis',(0.,0.980785280403231,-0.195090322016126));
#4346=DIRECTION('ref_axis',(0.,-0.195090322016126,-0.980785280403231));
#4347=DIRECTION('center_axis',(0.,0.707106781186549,-0.707106781186546));
#4348=DIRECTION('ref_axis',(-0.707106781186541,-0.500000000000013,-0.499999999999997));
#4349=DIRECTION('',(0.,0.707106781186549,-0.707106781186546));
#4350=DIRECTION('center_axis',(0.,0.555570233019604,-0.831469612302544));
#4351=DIRECTION('ref_axis',(0.,-0.831469612302544,-0.555570233019604));
#4352=DIRECTION('center_axis',(0.,0.382683432365093,-0.923879532511286));
#4353=DIRECTION('ref_axis',(-0.707106781186552,-0.653281482438182,-0.270598050073103));
#4354=DIRECTION('',(0.,0.382683432365093,-0.923879532511286));
#4355=DIRECTION('center_axis',(0.,0.195090322016142,-0.980785280403228));
#4356=DIRECTION('ref_axis',(0.,-0.980785280403228,-0.195090322016142));
#4357=DIRECTION('center_axis',(0.,-0.382683432365093,-0.923879532511285));
#4358=DIRECTION('ref_axis',(-0.707106781186536,-0.653281482438199,0.270598050073101));
#4359=DIRECTION('',(0.,-0.382683432365093,-0.923879532511285));
#4360=DIRECTION('center_axis',(0.,-0.555570233019591,-0.831469612302553));
#4361=DIRECTION('ref_axis',(0.,-0.831469612302553,0.555570233019591));
#4362=DIRECTION('center_axis',(0.,0.195090322016157,0.980785280403225));
#4363=DIRECTION('ref_axis',(0.,0.980785280403225,-0.195090322016157));
#4364=DIRECTION('center_axis',(0.,-0.707106781186549,-0.707106781186546));
#4365=DIRECTION('ref_axis',(-0.707106781186541,-0.500000000000013,0.499999999999997));
#4366=DIRECTION('',(0.,-0.707106781186549,-0.707106781186546));
#4367=DIRECTION('center_axis',(3.08403432247369E-15,-0.831469612302537,
-0.555570233019615));
#4368=DIRECTION('ref_axis',(1.55044875444449E-14,-0.555570233019615,0.831469612302537));
#4369=DIRECTION('center_axis',(0.,-0.923879532511285,-0.382683432365093));
#4370=DIRECTION('ref_axis',(-0.707106781186551,-0.270598050073087,0.65328148243819));
#4371=DIRECTION('',(0.,-0.923879532511285,-0.382683432365093));
#4372=DIRECTION('center_axis',(0.,-0.980785280403231,-0.195090322016126));
#4373=DIRECTION('ref_axis',(0.,-0.195090322016126,0.980785280403231));
#4374=DIRECTION('center_axis',(0.,-1.,-2.23258722270619E-15));
#4375=DIRECTION('ref_axis',(-0.707106781186548,0.,0.707106781186548));
#4376=DIRECTION('',(0.,-1.,-2.23258722270619E-15));
#4377=DIRECTION('center_axis',(0.,-0.980785280403231,0.195090322016126));
#4378=DIRECTION('ref_axis',(0.,0.195090322016126,0.980785280403231));
#4379=DIRECTION('center_axis',(0.,-0.923879532511288,0.382683432365088));
#4380=DIRECTION('ref_axis',(-0.707106781186545,0.270598050073116,0.653281482438184));
#4381=DIRECTION('',(0.,-0.923879532511288,0.382683432365088));
#4382=DIRECTION('center_axis',(0.,-0.831469612302539,0.555570233019612));
#4383=DIRECTION('ref_axis',(0.,0.555570233019612,0.831469612302539));
#4384=DIRECTION('center_axis',(0.,-0.707106781186549,0.707106781186546));
#4385=DIRECTION('ref_axis',(-0.707106781186541,0.500000000000013,0.499999999999997));
#4386=DIRECTION('',(0.,-0.707106781186549,0.707106781186546));
#4387=DIRECTION('center_axis',(-9.23116707854436E-15,-0.555570233019604,
0.831469612302544));
#4388=DIRECTION('ref_axis',(-4.64082108123783E-14,0.831469612302544,0.555570233019604));
#4389=DIRECTION('center_axis',(0.,-0.382683432365093,0.923879532511286));
#4390=DIRECTION('ref_axis',(-0.707106781186537,0.6532814824382,0.270598050073097));
#4391=DIRECTION('',(0.,-0.382683432365093,0.923879532511286));
#4392=DIRECTION('center_axis',(0.,-0.195090322016142,0.980785280403228));
#4393=DIRECTION('ref_axis',(0.,0.980785280403228,0.195090322016142));
#4394=DIRECTION('center_axis',(0.,0.,-1.));
#4395=DIRECTION('ref_axis',(-0.70710678118654,-0.707106781186555,0.));
#4396=DIRECTION('',(0.,0.,-1.));
#4397=DIRECTION('center_axis',(0.,0.,1.));
#4398=DIRECTION('ref_axis',(-0.70710678118654,0.707106781186555,0.));
#4399=DIRECTION('',(0.,0.,1.));
#4400=DIRECTION('center_axis',(-5.44445200258552E-15,0.195090322016136,
0.980785280403229));
#4401=DIRECTION('ref_axis',(-2.73711085655807E-14,0.980785280403229,-0.195090322016136));
#4402=DIRECTION('center_axis',(0.,0.382683432365093,0.923879532511285));
#4403=DIRECTION('ref_axis',(-0.707106781186552,0.653281482438182,-0.270598050073103));
#4404=DIRECTION('',(0.,0.382683432365093,0.923879532511285));
#4405=DIRECTION('center_axis',(4.61558353927218E-15,0.555570233019604,0.831469612302544));
#4406=DIRECTION('ref_axis',(2.32041054061892E-14,0.831469612302544,-0.555570233019604));
#4407=DIRECTION('center_axis',(0.,0.707106781186549,0.707106781186546));
#4408=DIRECTION('ref_axis',(-0.707106781186541,0.500000000000013,-0.499999999999997));
#4409=DIRECTION('',(0.,0.707106781186549,0.707106781186546));
#4410=DIRECTION('center_axis',(0.,0.831469612302554,0.555570233019589));
#4411=DIRECTION('ref_axis',(0.,0.555570233019589,-0.831469612302554));
#4412=DIRECTION('center_axis',(0.,0.923879532511285,0.382683432365093));
#4413=DIRECTION('ref_axis',(-0.707106781186551,0.270598050073087,-0.65328148243819));
#4414=DIRECTION('',(0.,0.923879532511285,0.382683432365093));
#4415=DIRECTION('center_axis',(0.,0.980785280403227,0.195090322016147));
#4416=DIRECTION('ref_axis',(0.,0.195090322016147,-0.980785280403227));
#4417=DIRECTION('center_axis',(0.,1.,2.23258722270619E-15));
#4418=DIRECTION('ref_axis',(-0.707106781186548,0.,-0.707106781186548));
#4419=DIRECTION('',(0.,1.,2.23258722270619E-15));
#4420=DIRECTION('center_axis',(0.,-1.,0.));
#4421=DIRECTION('ref_axis',(0.,0.,-1.));
#4422=DIRECTION('',(1.,0.,0.));
#4423=DIRECTION('',(0.,0.,-1.));
#4424=DIRECTION('',(1.,0.,0.));
#4425=DIRECTION('center_axis',(0.,-0.923879532511286,-0.382683432365093));
#4426=DIRECTION('ref_axis',(0.,0.382683432365093,-0.923879532511286));
#4427=DIRECTION('',(1.,0.,0.));
#4428=DIRECTION('',(0.,0.382683432365093,-0.923879532511286));
#4429=DIRECTION('center_axis',(0.,-0.707106781186546,-0.707106781186549));
#4430=DIRECTION('ref_axis',(0.,0.707106781186549,-0.707106781186546));
#4431=DIRECTION('',(1.,0.,0.));
#4432=DIRECTION('',(0.,0.707106781186549,-0.707106781186546));
#4433=DIRECTION('center_axis',(0.,-0.382683432365088,-0.923879532511288));
#4434=DIRECTION('ref_axis',(0.,0.923879532511288,-0.382683432365088));
#4435=DIRECTION('',(1.,0.,0.));
#4436=DIRECTION('',(0.,0.923879532511288,-0.382683432365088));
#4437=DIRECTION('center_axis',(0.,2.23258722270619E-15,-1.));
#4438=DIRECTION('ref_axis',(0.,1.,2.23258722270619E-15));
#4439=DIRECTION('',(1.,0.,0.));
#4440=DIRECTION('',(0.,1.,2.23258722270619E-15));
#4441=DIRECTION('center_axis',(0.,0.382683432365093,-0.923879532511285));
#4442=DIRECTION('ref_axis',(0.,0.923879532511285,0.382683432365093));
#4443=DIRECTION('',(1.,0.,0.));
#4444=DIRECTION('',(0.,0.923879532511285,0.382683432365093));
#4445=DIRECTION('center_axis',(0.,0.707106781186546,-0.707106781186549));
#4446=DIRECTION('ref_axis',(0.,0.707106781186549,0.707106781186546));
#4447=DIRECTION('',(1.,0.,0.));
#4448=DIRECTION('',(0.,0.707106781186549,0.707106781186546));
#4449=DIRECTION('center_axis',(0.,0.923879532511285,-0.382683432365093));
#4450=DIRECTION('ref_axis',(0.,0.382683432365093,0.923879532511285));
#4451=DIRECTION('',(1.,0.,0.));
#4452=DIRECTION('',(0.,0.382683432365093,0.923879532511285));
#4453=DIRECTION('center_axis',(0.,2.9185229350147E-15,-1.));
#4454=DIRECTION('ref_axis',(-0.707106781186546,-0.707106781186549,-3.92523114670942E-15));
#4455=DIRECTION('',(0.,2.9185229350147E-15,-1.));
#4456=DIRECTION('center_axis',(-6.02955673811841E-15,-0.222520933956292,
-0.974927912181829));
#4457=DIRECTION('ref_axis',(-2.64172141360427E-14,-0.974927912181829,0.222520933956292));
#4458=DIRECTION('',(0.,-2.9185229350147E-15,1.));
#4459=DIRECTION('center_axis',(6.17619660848451E-16,-0.222520933956302,
0.974927912181826));
#4460=DIRECTION('ref_axis',(-2.70596853863503E-15,0.974927912181826,0.222520933956302));
#4461=DIRECTION('center_axis',(0.,-0.433883739117558,-0.900968867902419));
#4462=DIRECTION('ref_axis',(-0.707106781186548,-0.637081196131767,0.3068021341766));
#4463=DIRECTION('',(0.,-0.433883739117558,-0.900968867902419));
#4464=DIRECTION('center_axis',(4.34003656606426E-15,-0.623489801858703,
-0.781831482468054));
#4465=DIRECTION('ref_axis',(1.90149426074998E-14,-0.781831482468054,0.623489801858703));
#4466=DIRECTION('',(0.,0.433883739117558,0.900968867902419));
#4467=DIRECTION('center_axis',(0.,-0.78183148246803,-0.623489801858733));
#4468=DIRECTION('ref_axis',(-0.707106781186555,-0.440873866894957,0.552838342998274));
#4469=DIRECTION('',(0.,-0.78183148246803,-0.623489801858733));
#4470=DIRECTION('center_axis',(5.00138190807872E-15,-0.900968867902436,
-0.433883739117524));
#4471=DIRECTION('ref_axis',(2.19124858725586E-14,-0.433883739117524,0.900968867902436));
#4472=DIRECTION('',(0.,0.78183148246803,0.623489801858733));
#4473=DIRECTION('center_axis',(0.,-0.974927912181824,-0.222520933956315));
#4474=DIRECTION('ref_axis',(-0.707106781186548,-0.157346061356475,0.689378137871809));
#4475=DIRECTION('',(0.,-0.974927912181824,-0.222520933956315));
#4476=DIRECTION('center_axis',(1.11022302462516E-14,-1.,-1.08238741545399E-14));
#4477=DIRECTION('ref_axis',(4.8642048916914E-14,-1.08238741545394E-14,1.));
#4478=DIRECTION('',(0.,0.974927912181824,0.222520933956315));
#4479=DIRECTION('center_axis',(0.,-0.974927912181824,0.222520933956315));
#4480=DIRECTION('ref_axis',(-0.707106781186548,0.157346061356475,0.689378137871809));
#4481=DIRECTION('',(0.,-0.974927912181824,0.222520933956315));
#4482=DIRECTION('center_axis',(1.48198409879449E-14,-0.900968867902419,
0.433883739117558));
#4483=DIRECTION('ref_axis',(6.4929965807533E-14,0.433883739117558,0.900968867902419));
#4484=DIRECTION('',(0.,0.974927912181824,-0.222520933956315));
#4485=DIRECTION('center_axis',(0.,-0.78183148246803,0.623489801858734));
#4486=DIRECTION('ref_axis',(-0.707106781186548,0.440873866894968,0.552838342998274));
#4487=DIRECTION('',(0.,-0.78183148246803,0.623489801858734));
#4488=DIRECTION('center_axis',(-1.64811733664053E-14,-0.623489801858708,
0.78183148246805));
#4489=DIRECTION('ref_axis',(-7.22087385430811E-14,0.78183148246805,0.623489801858708));
#4490=DIRECTION('',(0.,0.78183148246803,-0.623489801858734));
#4491=DIRECTION('center_axis',(0.,-0.433883739117558,0.900968867902419));
#4492=DIRECTION('ref_axis',(-0.707106781186544,0.637081196131771,0.306802134176602));
#4493=DIRECTION('',(0.,0.433883739117558,-0.900968867902419));
#4494=DIRECTION('',(0.,-0.433883739117558,0.900968867902419));
#4495=DIRECTION('center_axis',(6.17619660848554E-16,-0.222520933956339,
0.974927912181818));
#4496=DIRECTION('ref_axis',(2.70596853863561E-15,0.974927912181818,0.222520933956339));
#4497=DIRECTION('center_axis',(0.,-4.86420489169118E-16,1.));
#4498=DIRECTION('ref_axis',(-0.707106781186546,0.707106781186549,0.));
#4499=DIRECTION('',(0.,4.86420489169118E-16,-1.));
#4500=DIRECTION('',(0.,-4.86420489169118E-16,1.));
#4501=DIRECTION('center_axis',(-6.33836656854271E-15,0.222520933956323,
0.974927912181822));
#4502=DIRECTION('ref_axis',(-2.77701984053568E-14,0.974927912181822,-0.222520933956323));
#4503=DIRECTION('center_axis',(0.,0.433883739117558,0.900968867902419));
#4504=DIRECTION('ref_axis',(-0.707106781186543,0.63708119613177,-0.306802134176606));
#4505=DIRECTION('',(0.,-0.433883739117558,-0.900968867902419));
#4506=DIRECTION('',(0.,0.433883739117558,0.900968867902419));
#4507=DIRECTION('center_axis',(0.,0.623489801858737,0.781831482468027));
#4508=DIRECTION('ref_axis',(0.,0.781831482468027,-0.623489801858737));
#4509=DIRECTION('center_axis',(0.,0.78183148246803,0.623489801858734));
#4510=DIRECTION('ref_axis',(-0.707106781186542,0.440873866894972,-0.552838342998279));
#4511=DIRECTION('',(0.,-0.78183148246803,-0.623489801858734));
#4512=DIRECTION('',(0.,0.78183148246803,0.623489801858734));
#4513=DIRECTION('center_axis',(-7.40992049397249E-15,0.900968867902415,
0.433883739117566));
#4514=DIRECTION('ref_axis',(-3.24649829037677E-14,0.433883739117566,-0.900968867902415));
#4515=DIRECTION('center_axis',(0.,0.974927912181824,0.222520933956315));
#4516=DIRECTION('ref_axis',(-0.707106781186552,0.157346061356476,-0.689378137871805));
#4517=DIRECTION('',(0.,-0.974927912181824,-0.222520933956315));
#4518=DIRECTION('',(0.,0.974927912181824,0.222520933956315));
#4519=DIRECTION('center_axis',(0.,1.,2.70596853863497E-15));
#4520=DIRECTION('ref_axis',(0.,2.70596853863497E-15,-1.));
#4521=DIRECTION('center_axis',(0.,0.974927912181824,-0.222520933956313));
#4522=DIRECTION('ref_axis',(-0.707106781186548,-0.157346061356475,-0.689378137871809));
#4523=DIRECTION('',(0.,-0.974927912181824,0.222520933956313));
#4524=DIRECTION('',(0.,0.974927912181824,-0.222520933956313));
#4525=DIRECTION('center_axis',(0.,0.90096886790242,-0.433883739117557));
#4526=DIRECTION('ref_axis',(0.,-0.433883739117557,-0.90096886790242));
#4527=DIRECTION('center_axis',(0.,0.78183148246803,-0.623489801858733));
#4528=DIRECTION('ref_axis',(-0.70710678118655,-0.440873866894969,-0.55283834299827));
#4529=DIRECTION('',(0.,-0.78183148246803,0.623489801858733));
#4530=DIRECTION('',(0.,0.78183148246803,-0.623489801858733));
#4531=DIRECTION('center_axis',(6.07056840017049E-15,0.623489801858729,-0.781831482468033));
#4532=DIRECTION('ref_axis',(2.65968979677971E-14,-0.781831482468033,-0.623489801858729));
#4533=DIRECTION('center_axis',(0.,0.433883739117558,-0.900968867902419));
#4534=DIRECTION('ref_axis',(-0.707106781186548,-0.637081196131767,-0.3068021341766));
#4535=DIRECTION('',(0.,-0.433883739117558,0.900968867902419));
#4536=DIRECTION('',(0.,0.433883739117558,-0.900968867902419));
#4537=DIRECTION('center_axis',(0.,-0.900968867902419,-0.433883739117558));
#4538=DIRECTION('ref_axis',(0.,0.433883739117558,-0.900968867902419));
#4539=DIRECTION('',(1.,0.,0.));
#4540=DIRECTION('',(0.,0.433883739117558,-0.900968867902419));
#4541=DIRECTION('',(1.,0.,0.));
#4542=DIRECTION('center_axis',(0.,-0.623489801858734,-0.78183148246803));
#4543=DIRECTION('ref_axis',(0.,0.78183148246803,-0.623489801858734));
#4544=DIRECTION('',(1.,0.,0.));
#4545=DIRECTION('',(0.,0.78183148246803,-0.623489801858734));
#4546=DIRECTION('center_axis',(0.,-0.222520933956315,-0.974927912181824));
#4547=DIRECTION('ref_axis',(0.,0.974927912181824,-0.222520933956315));
#4548=DIRECTION('',(1.,0.,0.));
#4549=DIRECTION('',(0.,0.974927912181824,-0.222520933956315));
#4550=DIRECTION('center_axis',(0.,0.222520933956315,-0.974927912181824));
#4551=DIRECTION('ref_axis',(0.,0.974927912181824,0.222520933956315));
#4552=DIRECTION('',(1.,0.,0.));
#4553=DIRECTION('',(0.,0.974927912181824,0.222520933956315));
#4554=DIRECTION('center_axis',(0.,0.623489801858733,-0.78183148246803));
#4555=DIRECTION('ref_axis',(0.,0.78183148246803,0.623489801858733));
#4556=DIRECTION('',(1.,0.,0.));
#4557=DIRECTION('',(0.,0.78183148246803,0.623489801858733));
#4558=DIRECTION('center_axis',(0.,0.900968867902419,-0.433883739117558));
#4559=DIRECTION('ref_axis',(0.,0.433883739117558,0.900968867902419));
#4560=DIRECTION('',(1.,0.,0.));
#4561=DIRECTION('',(0.,0.433883739117558,0.900968867902419));
#4562=DIRECTION('center_axis',(0.,1.,2.9185229350147E-15));
#4563=DIRECTION('ref_axis',(0.,-2.9185229350147E-15,1.));
#4564=DIRECTION('',(1.,0.,0.));
#4565=DIRECTION('',(0.,-2.9185229350147E-15,1.));
#4566=DIRECTION('center_axis',(-1.,0.,0.));
#4567=DIRECTION('ref_axis',(0.,-1.,0.));
#4568=DIRECTION('',(0.,1.,0.));
#4569=DIRECTION('',(0.,0.,1.));
#4570=DIRECTION('',(0.,-1.,0.));
#4571=DIRECTION('',(0.,0.,1.));
#4572=DIRECTION('',(0.,1.,0.));
#4573=DIRECTION('',(0.,0.,1.));
#4574=DIRECTION('',(0.,-1.,0.));
#4575=DIRECTION('',(0.,0.,1.));
#4576=DIRECTION('center_axis',(0.707106781186548,-0.707106781186548,0.));
#4577=DIRECTION('ref_axis',(0.,0.,-1.));
#4578=DIRECTION('',(0.,0.,1.));
#4579=DIRECTION('',(-0.700214507282552,-0.700214507282552,0.139281325317163));
#4580=DIRECTION('',(-0.700214507282552,-0.700214507282552,-0.139281325317163));
#4581=DIRECTION('center_axis',(0.707106781186551,-0.653281482438184,0.2705980500731));
#4582=DIRECTION('ref_axis',(0.357406744336593,0.,-0.933948831094465));
#4583=DIRECTION('',(0.,0.382683432365093,0.923879532511285));
#4584=DIRECTION('',(-0.700214507282553,-0.593613196009095,0.396639656760289));
#4585=DIRECTION('',(0.,-0.382683432365093,-0.923879532511285));
#4586=DIRECTION('center_axis',(0.707106781186549,-0.499999999999998,0.5));
#4587=DIRECTION('ref_axis',(0.577350269189625,0.,-0.816496580927727));
#4588=DIRECTION('',(0.,0.707106781186549,0.707106781186546));
#4589=DIRECTION('',(-0.700214507282553,-0.396639656760305,0.593613196009084));
#4590=DIRECTION('',(0.,-0.707106781186549,-0.707106781186546));
#4591=DIRECTION('center_axis',(0.707106781186545,-0.270598050073102,0.653281482438189));
#4592=DIRECTION('ref_axis',(0.678598344545849,0.,-0.734509555267754));
#4593=DIRECTION('',(0.,0.923879532511285,0.382683432365093));
#4594=DIRECTION('',(-0.700214507282553,-0.139281325317136,0.700214507282557));
#4595=DIRECTION('',(0.,-0.923879532511285,-0.382683432365093));
#4596=DIRECTION('center_axis',(0.707106781186549,-1.57867756476598E-15,
0.707106781186546));
#4597=DIRECTION('ref_axis',(0.707106781186546,0.,-0.707106781186549));
#4598=DIRECTION('',(0.,1.,2.23258722270619E-15));
#4599=DIRECTION('',(-0.700214507282551,0.139281325317151,0.700214507282555));
#4600=DIRECTION('',(0.,-1.,-2.23258722270619E-15));
#4601=DIRECTION('center_axis',(0.707106781186551,0.270598050073096,0.653281482438186));
#4602=DIRECTION('ref_axis',(0.678598344545844,0.,-0.734509555267758));
#4603=DIRECTION('',(0.,0.923879532511288,-0.382683432365088));
#4604=DIRECTION('',(-0.700214507282551,0.396639656760288,0.593613196009097));
#4605=DIRECTION('',(0.,-0.923879532511288,0.382683432365088));
#4606=DIRECTION('center_axis',(0.70710678118655,0.499999999999997,0.499999999999999));
#4607=DIRECTION('ref_axis',(0.577350269189624,0.,-0.816496580927728));
#4608=DIRECTION('',(0.,0.707106781186549,-0.707106781186546));
#4609=DIRECTION('',(-0.700214507282553,0.593613196009095,0.396639656760289));
#4610=DIRECTION('',(0.,-0.707106781186549,0.707106781186546));
#4611=DIRECTION('center_axis',(0.707106781186551,0.653281482438184,0.270598050073099));
#4612=DIRECTION('ref_axis',(0.357406744336593,0.,-0.933948831094465));
#4613=DIRECTION('',(0.,0.382683432365093,-0.923879532511286));
#4614=DIRECTION('',(-0.700214507282552,0.700214507282552,0.139281325317163));
#4615=DIRECTION('',(0.,-0.382683432365093,0.923879532511286));
#4616=DIRECTION('center_axis',(0.707106781186548,0.707106781186548,0.));
#4617=DIRECTION('ref_axis',(0.,0.,-1.));
#4618=DIRECTION('',(0.,0.,-1.));
#4619=DIRECTION('',(-0.700214507282552,0.700214507282552,-0.139281325317163));
#4620=DIRECTION('',(0.,0.,1.));
#4621=DIRECTION('center_axis',(0.707106781186551,0.653281482438184,-0.2705980500731));
#4622=DIRECTION('ref_axis',(-0.357406744336593,0.,-0.933948831094465));
#4623=DIRECTION('',(0.,-0.382683432365093,-0.923879532511285));
#4624=DIRECTION('',(-0.700214507282553,0.593613196009095,-0.396639656760289));
#4625=DIRECTION('center_axis',(0.707106781186549,0.499999999999998,-0.5));
#4626=DIRECTION('ref_axis',(-0.577350269189625,0.,-0.816496580927727));
#4627=DIRECTION('',(0.,-0.707106781186549,-0.707106781186546));
#4628=DIRECTION('',(-0.700214507282553,0.396639656760305,-0.593613196009084));
#4629=DIRECTION('center_axis',(0.707106781186545,0.270598050073102,-0.653281482438189));
#4630=DIRECTION('ref_axis',(-0.678598344545849,0.,-0.734509555267754));
#4631=DIRECTION('',(0.,-0.923879532511285,-0.382683432365093));
#4632=DIRECTION('',(-0.700214507282553,0.139281325317136,-0.700214507282557));
#4633=DIRECTION('center_axis',(0.707106781186549,1.57867756476598E-15,-0.707106781186546));
#4634=DIRECTION('ref_axis',(-0.707106781186546,0.,-0.707106781186549));
#4635=DIRECTION('',(0.,-1.,-2.23258722270619E-15));
#4636=DIRECTION('',(-0.700214507282551,-0.139281325317151,-0.700214507282555));
#4637=DIRECTION('center_axis',(0.707106781186551,-0.270598050073096,-0.653281482438186));
#4638=DIRECTION('ref_axis',(-0.678598344545844,0.,-0.734509555267758));
#4639=DIRECTION('',(0.,-0.923879532511288,0.382683432365088));
#4640=DIRECTION('',(-0.700214507282551,-0.396639656760288,-0.593613196009097));
#4641=DIRECTION('center_axis',(0.70710678118655,-0.499999999999997,-0.499999999999999));
#4642=DIRECTION('ref_axis',(-0.577350269189624,0.,-0.816496580927728));
#4643=DIRECTION('',(0.,-0.707106781186549,0.707106781186546));
#4644=DIRECTION('',(-0.700214507282553,-0.593613196009095,-0.396639656760289));
#4645=DIRECTION('center_axis',(0.707106781186551,-0.653281482438184,-0.270598050073099));
#4646=DIRECTION('ref_axis',(-0.357406744336593,0.,-0.933948831094465));
#4647=DIRECTION('',(0.,-0.382683432365093,0.923879532511286));
#4648=DIRECTION('center_axis',(1.,0.,0.));
#4649=DIRECTION('ref_axis',(0.,0.,-1.));
#4650=DIRECTION('center_axis',(0.707106781186547,-0.637081196131768,-0.3068021341766));
#4651=DIRECTION('ref_axis',(-0.398032496768192,0.,-0.917371316052818));
#4652=DIRECTION('',(0.,-0.433883739117558,0.900968867902419));
#4653=DIRECTION('',(-0.698073674007047,-0.698073674007047,-0.159330760735665));
#4654=DIRECTION('',(-0.698073674007047,-0.559811621558174,-0.446434870979755));
#4655=DIRECTION('center_axis',(0.707106781186548,-0.707106781186548,-3.43951226399561E-16));
#4656=DIRECTION('ref_axis',(-4.86420489169118E-16,0.,-1.));
#4657=DIRECTION('',(0.,-4.86420489169118E-16,1.));
#4658=DIRECTION('',(-0.698073674007048,-0.698073674007048,0.159330760735661));
#4659=DIRECTION('',(0.,4.86420489169118E-16,-1.));
#4660=DIRECTION('center_axis',(0.707106781186547,-0.637081196131769,0.3068021341766));
#4661=DIRECTION('ref_axis',(0.398032496768192,0.,-0.917371316052818));
#4662=DIRECTION('',(0.,0.433883739117558,0.900968867902419));
#4663=DIRECTION('',(-0.698073674007047,-0.559811621558171,0.446434870979759));
#4664=DIRECTION('',(0.,-0.433883739117558,-0.900968867902419));
#4665=DIRECTION('center_axis',(0.707106781186548,-0.440873866894967,0.552838342998275));
#4666=DIRECTION('ref_axis',(0.615928469617407,0.,-0.787802081943656));
#4667=DIRECTION('',(0.,0.78183148246803,0.623489801858734));
#4668=DIRECTION('',(-0.698073674007046,-0.310672011820735,0.645117079861913));
#4669=DIRECTION('',(0.,-0.78183148246803,-0.623489801858734));
#4670=DIRECTION('center_axis',(0.707106781186547,-0.157346061356474,0.689378137871811));
#4671=DIRECTION('ref_axis',(0.698073674007048,0.,-0.716025939235655));
#4672=DIRECTION('',(0.,0.974927912181824,0.222520933956315));
#4673=DIRECTION('',(-0.69807367400705,-1.35628056509278E-14,0.716025939235653));
#4674=DIRECTION('',(0.,-0.974927912181824,-0.222520933956315));
#4675=DIRECTION('center_axis',(0.707106781186545,0.157346061356474,0.689378137871814));
#4676=DIRECTION('ref_axis',(0.69807367400705,0.,-0.716025939235653));
#4677=DIRECTION('',(0.,0.974927912181824,-0.222520933956313));
#4678=DIRECTION('',(-0.698073674007049,0.310672011820739,0.645117079861908));
#4679=DIRECTION('',(0.,-0.974927912181824,0.222520933956313));
#4680=DIRECTION('center_axis',(0.707106781186548,0.440873866894967,0.552838342998275));
#4681=DIRECTION('ref_axis',(0.615928469617408,0.,-0.787802081943655));
#4682=DIRECTION('',(0.,0.78183148246803,-0.623489801858733));
#4683=DIRECTION('',(-0.698073674007048,0.559811621558175,0.446434870979752));
#4684=DIRECTION('',(0.,-0.78183148246803,0.623489801858733));
#4685=DIRECTION('center_axis',(0.707106781186547,0.637081196131768,0.306802134176601));
#4686=DIRECTION('ref_axis',(0.398032496768193,0.,-0.917371316052818));
#4687=DIRECTION('',(0.,0.433883739117558,-0.900968867902419));
#4688=DIRECTION('',(-0.698073674007048,0.698073674007048,0.159330760735661));
#4689=DIRECTION('',(0.,-0.433883739117558,0.900968867902419));
#4690=DIRECTION('center_axis',(0.707106781186548,0.707106781186548,2.06370735839736E-15));
#4691=DIRECTION('ref_axis',(2.9185229350147E-15,0.,-1.));
#4692=DIRECTION('',(0.,2.9185229350147E-15,-1.));
#4693=DIRECTION('',(-0.698073674007047,0.698073674007049,-0.159330760735661));
#4694=DIRECTION('center_axis',(0.707106781186547,0.637081196131768,-0.306802134176601));
#4695=DIRECTION('ref_axis',(-0.398032496768193,0.,-0.917371316052818));
#4696=DIRECTION('',(0.,-0.433883739117558,-0.900968867902419));
#4697=DIRECTION('',(-0.698073674007047,0.559811621558174,-0.446434870979755));
#4698=DIRECTION('center_axis',(0.707106781186548,0.440873866894967,-0.552838342998275));
#4699=DIRECTION('ref_axis',(-0.615928469617408,0.,-0.787802081943655));
#4700=DIRECTION('',(0.,-0.78183148246803,-0.623489801858733));
#4701=DIRECTION('',(-0.698073674007046,0.310672011820733,-0.645117079861913));
#4702=DIRECTION('center_axis',(0.707106781186547,0.157346061356474,-0.689378137871811));
#4703=DIRECTION('ref_axis',(-0.698073674007048,0.,-0.716025939235655));
#4704=DIRECTION('',(0.,-0.974927912181824,-0.222520933956315));
#4705=DIRECTION('',(-0.698073674007048,0.,-0.716025939235655));
#4706=DIRECTION('center_axis',(0.707106781186547,-0.157346061356474,-0.689378137871811));
#4707=DIRECTION('ref_axis',(-0.698073674007048,0.,-0.716025939235655));
#4708=DIRECTION('',(0.,-0.974927912181824,0.222520933956315));
#4709=DIRECTION('',(-0.698073674007047,-0.310672011820733,-0.645117079861913));
#4710=DIRECTION('center_axis',(0.707106781186548,-0.440873866894967,-0.552838342998275));
#4711=DIRECTION('ref_axis',(-0.615928469617408,0.,-0.787802081943655));
#4712=DIRECTION('',(0.,-0.78183148246803,0.623489801858734));
#4713=DIRECTION('center_axis',(1.,0.,0.));
#4714=DIRECTION('ref_axis',(0.,0.,-1.));
#4715=DIRECTION('center_axis',(0.,-0.923879532511285,0.382683432365093));
#4716=DIRECTION('ref_axis',(0.,-0.382683432365093,-0.923879532511285));
#4717=DIRECTION('',(1.,0.,0.));
#4718=DIRECTION('center_axis',(0.,-0.707106781186546,0.707106781186549));
#4719=DIRECTION('ref_axis',(0.,-0.707106781186549,-0.707106781186546));
#4720=DIRECTION('',(1.,0.,0.));
#4721=DIRECTION('center_axis',(0.,-0.382683432365093,0.923879532511285));
#4722=DIRECTION('ref_axis',(0.,-0.923879532511285,-0.382683432365093));
#4723=DIRECTION('',(1.,0.,0.));
#4724=DIRECTION('center_axis',(0.,-2.23258722270619E-15,1.));
#4725=DIRECTION('ref_axis',(0.,-1.,-2.23258722270619E-15));
#4726=DIRECTION('',(1.,0.,0.));
#4727=DIRECTION('center_axis',(0.,0.382683432365088,0.923879532511288));
#4728=DIRECTION('ref_axis',(0.,-0.923879532511288,0.382683432365088));
#4729=DIRECTION('',(1.,0.,0.));
#4730=DIRECTION('center_axis',(0.,0.707106781186546,0.707106781186549));
#4731=DIRECTION('ref_axis',(0.,-0.707106781186549,0.707106781186546));
#4732=DIRECTION('',(1.,0.,0.));
#4733=DIRECTION('center_axis',(0.,0.923879532511286,0.382683432365093));
#4734=DIRECTION('ref_axis',(0.,-0.382683432365093,0.923879532511286));
#4735=DIRECTION('',(1.,0.,0.));
#4736=DIRECTION('center_axis',(0.,1.,0.));
#4737=DIRECTION('ref_axis',(0.,0.,1.));
#4738=DIRECTION('center_axis',(0.,-1.,-4.86420489169118E-16));
#4739=DIRECTION('ref_axis',(0.,4.86420489169118E-16,-1.));
#4740=DIRECTION('',(1.,0.,0.));
#4741=DIRECTION('center_axis',(0.,-0.900968867902419,0.433883739117558));
#4742=DIRECTION('ref_axis',(0.,-0.433883739117558,-0.900968867902419));
#4743=DIRECTION('',(1.,0.,0.));
#4744=DIRECTION('center_axis',(0.,-0.623489801858734,0.78183148246803));
#4745=DIRECTION('ref_axis',(0.,-0.78183148246803,-0.623489801858734));
#4746=DIRECTION('',(1.,0.,0.));
#4747=DIRECTION('center_axis',(0.,-0.222520933956315,0.974927912181824));
#4748=DIRECTION('ref_axis',(0.,-0.974927912181824,-0.222520933956315));
#4749=DIRECTION('',(1.,0.,0.));
#4750=DIRECTION('center_axis',(0.,0.222520933956313,0.974927912181824));
#4751=DIRECTION('ref_axis',(0.,-0.974927912181824,0.222520933956313));
#4752=DIRECTION('',(1.,0.,0.));
#4753=DIRECTION('center_axis',(0.,0.623489801858733,0.78183148246803));
#4754=DIRECTION('ref_axis',(0.,-0.78183148246803,0.623489801858733));
#4755=DIRECTION('',(1.,0.,0.));
#4756=DIRECTION('center_axis',(0.,0.900968867902419,0.433883739117558));
#4757=DIRECTION('ref_axis',(0.,-0.433883739117558,0.900968867902419));
#4758=DIRECTION('center_axis',(1.,0.,0.));
#4759=DIRECTION('ref_axis',(0.,0.,-1.));
#4760=DIRECTION('',(0.,-1.,0.));
#4761=DIRECTION('',(0.,0.,1.));
#4762=DIRECTION('',(0.,1.,0.));
#4763=DIRECTION('',(0.,0.,1.));
#4764=DIRECTION('',(0.,-1.,0.));
#4765=DIRECTION('',(0.,0.,1.));
#4766=DIRECTION('',(0.,1.,0.));
#4767=DIRECTION('',(0.,0.,-1.));
#4768=DIRECTION('center_axis',(0.,0.,-1.));
#4769=DIRECTION('ref_axis',(-1.,0.,0.));
#4770=DIRECTION('',(-1.,0.,0.));
#4771=DIRECTION('',(1.,0.,0.));
#4772=DIRECTION('',(0.,1.,0.));
#4773=DIRECTION('',(-1.,0.,0.));
#4774=DIRECTION('',(1.,0.,0.));
#4775=DIRECTION('center_axis',(0.,0.,1.));
#4776=DIRECTION('ref_axis',(0.,1.,0.));
#4777=DIRECTION('',(1.,0.,0.));
#4778=DIRECTION('',(-1.,0.,0.));
#4779=DIRECTION('center_axis',(0.,-1.,0.));
#4780=DIRECTION('ref_axis',(1.,0.,0.));
#4781=DIRECTION('',(0.,0.,1.));
#4782=DIRECTION('center_axis',(0.,1.,0.));
#4783=DIRECTION('ref_axis',(0.,0.,1.));
#4784=DIRECTION('',(1.,0.,0.));
#4785=DIRECTION('center_axis',(0.,-1.,0.));
#4786=DIRECTION('ref_axis',(0.,0.,-1.));
#4787=DIRECTION('',(1.,0.,0.));
#4788=DIRECTION('center_axis',(0.,0.,1.));
#4789=DIRECTION('ref_axis',(0.,-1.,0.));
#4790=DIRECTION('',(1.,0.,0.));
#4791=DIRECTION('center_axis',(0.,1.,0.));
#4792=DIRECTION('ref_axis',(0.,0.,1.));
#4793=DIRECTION('',(1.,0.,0.));
#4794=DIRECTION('center_axis',(0.,0.,-1.));
#4795=DIRECTION('ref_axis',(0.,1.,0.));
#4796=DIRECTION('center_axis',(0.,-1.,0.));
#4797=DIRECTION('ref_axis',(0.,0.,-1.));
#4798=DIRECTION('',(1.,0.,0.));
#4799=DIRECTION('center_axis',(0.,0.,-1.));
#4800=DIRECTION('ref_axis',(0.,1.,0.));
#4801=DIRECTION('',(1.,0.,0.));
#4802=DIRECTION('center_axis',(0.,-1.,0.));
#4803=DIRECTION('ref_axis',(0.,0.,-1.));
#4804=DIRECTION('',(1.,0.,0.));
#4805=DIRECTION('center_axis',(0.,0.,1.));
#4806=DIRECTION('ref_axis',(0.,-1.,0.));
#4807=DIRECTION('center_axis',(-1.,0.,0.));
#4808=DIRECTION('ref_axis',(0.,-1.,0.));
#4809=DIRECTION('',(0.,0.,-1.));
#4810=DIRECTION('center_axis',(0.,1.,0.));
#4811=DIRECTION('ref_axis',(-1.,0.,0.));
#4812=CARTESIAN_POINT('',(0.,0.,0.));
#4813=CARTESIAN_POINT('Origin',(21.8747919227733,42.2264213943875,-1.4));
#4814=CARTESIAN_POINT('',(11.6427187117008,52.4585007042529,-1.));
#4815=CARTESIAN_POINT('',(12.4585016833891,51.6427172463198,-1.));
#4816=CARTESIAN_POINT('',(21.8747919227733,42.2264213943875,-1.));
#4817=CARTESIAN_POINT('',(12.1193979898535,51.4161355484404,-1.4));
#4818=CARTESIAN_POINT('Origin',(12.4585016833891,51.6427172463198,-1.4));
#4819=CARTESIAN_POINT('',(11.4161368116998,52.1193971457705,-1.4));
#4820=CARTESIAN_POINT('',(21.591949126005,41.9435787662066,-1.4));
#4821=CARTESIAN_POINT('Origin',(11.6427187117008,52.4585007042529,-1.4));
#4822=CARTESIAN_POINT('Origin',(17.5840961454396,39.2684271500673,-1.4));
#4823=CARTESIAN_POINT('',(12.9000000601547,50.5768449789035,-1.));
#4824=CARTESIAN_POINT('',(17.5840961454396,39.2684271500673,-1.));
#4825=CARTESIAN_POINT('',(12.5000000364426,50.4972801511609,-1.4));
#4826=CARTESIAN_POINT('Origin',(12.9000000601547,50.5768449789035,-1.4));
#4827=CARTESIAN_POINT('',(17.2145442868157,39.1153538872563,-1.4));
#4828=CARTESIAN_POINT('Origin',(12.8999969821105,40.2486425640754,-1.4));
#4829=CARTESIAN_POINT('',(12.8999997163278,49.4231532925618,-1.));
#4830=CARTESIAN_POINT('',(12.8999969821105,40.2486425640754,-1.));
#4831=CARTESIAN_POINT('',(12.49999974004,49.502718358723,-1.4));
#4832=CARTESIAN_POINT('Origin',(12.8999997163278,49.4231532925618,-1.4));
#4833=CARTESIAN_POINT('',(12.4999969821105,40.2486426832846,-1.4));
#4834=CARTESIAN_POINT('Origin',(10.7033330469935,44.1199352977212,-1.4));
#4835=CARTESIAN_POINT('',(12.4585007042529,48.3572812882993,-1.));
#4836=CARTESIAN_POINT('',(10.7033330469935,44.1199352977212,-1.));
#4837=CARTESIAN_POINT('',(12.1193971457705,48.5838631883002,-1.4));
#4838=CARTESIAN_POINT('Origin',(12.4585007042529,48.3572812882993,-1.4));
#4839=CARTESIAN_POINT('',(10.3337812796084,44.2730087808023,-1.4));
#4840=CARTESIAN_POINT('Origin',(12.2264273548521,48.1252080772249,-1.4));
#4841=CARTESIAN_POINT('',(11.6427172463198,47.5414983166109,-1.));
#4842=CARTESIAN_POINT('',(12.2264273548521,48.1252080772249,-1.));
#4843=CARTESIAN_POINT('',(11.4161355484404,47.8806020101465,-1.4));
#4844=CARTESIAN_POINT('Origin',(11.6427172463198,47.5414983166109,-1.4));
#4845=CARTESIAN_POINT('',(11.9435847266712,48.4080508739932,-1.4));
#4846=CARTESIAN_POINT('Origin',(16.3394991766165,49.4869674517396,-1.4));
#4847=CARTESIAN_POINT('',(10.5768449789035,47.0999999398453,-1.));
#4848=CARTESIAN_POINT('',(16.3394991766165,49.4869674517396,-1.));
#4849=CARTESIAN_POINT('',(10.4972801511609,47.4999999635575,-1.4));
#4850=CARTESIAN_POINT('Origin',(10.5768449789035,47.0999999398453,-1.4));
#4851=CARTESIAN_POINT('',(16.1864259138055,49.8565193103635,-1.4));
#4852=CARTESIAN_POINT('Origin',(20.2486425640736,47.0999970574249,-1.4));
#4853=CARTESIAN_POINT('',(9.42315329256185,47.1000002836722,-1.));
#4854=CARTESIAN_POINT('',(20.2486425640736,47.0999970574249,-1.));
#4855=CARTESIAN_POINT('',(9.502718358723,47.50000025996,-1.4));
#4856=CARTESIAN_POINT('Origin',(9.42315329256185,47.1000002836722,-1.4));
#4857=CARTESIAN_POINT('',(20.2486426832829,47.4999970574249,-1.4));
#4858=CARTESIAN_POINT('Origin',(21.1909988949005,42.2255949264573,-1.4));
#4859=CARTESIAN_POINT('',(8.58386318830021,47.8806028542295,-1.4));
#4860=CARTESIAN_POINT('',(21.3440723779815,42.5951466938424,-1.4));
#4861=CARTESIAN_POINT('',(8.35728128829926,47.5414992957471,-1.));
#4862=CARTESIAN_POINT('',(21.1909988949005,42.2255949264573,-1.));
#4863=CARTESIAN_POINT('Origin',(8.35728128829926,47.5414992957471,-1.4));
#4864=CARTESIAN_POINT('Origin',(18.1252021167603,37.7735726451497,-1.4));
#4865=CARTESIAN_POINT('',(7.88060201014654,48.5838644515596,-1.4));
#4866=CARTESIAN_POINT('',(18.4080449135286,38.0564152733306,-1.4));
#4867=CARTESIAN_POINT('',(7.54149831661088,48.3572827536802,-1.));
#4868=CARTESIAN_POINT('',(18.1252021167603,37.7735726451497,-1.));
#4869=CARTESIAN_POINT('Origin',(7.54149831661089,48.3572827536802,-1.4));
#4870=CARTESIAN_POINT('Origin',(12.4158954251904,36.5894372262043,-1.4));
#4871=CARTESIAN_POINT('',(7.49999996355745,49.5027198488391,-1.4));
#4872=CARTESIAN_POINT('',(12.7854472838143,36.7425104890153,-1.4));
#4873=CARTESIAN_POINT('',(7.09999993984526,49.4231550210965,-1.));
#4874=CARTESIAN_POINT('',(12.4158954251904,36.5894372262043,-1.));
#4875=CARTESIAN_POINT('Origin',(7.09999993984526,49.4231550210965,-1.4));
#4876=CARTESIAN_POINT('Origin',(7.09999705742664,39.7513633963911,-1.4));
#4877=CARTESIAN_POINT('',(7.50000025995997,50.497281641277,-1.4));
#4878=CARTESIAN_POINT('',(7.49999705742662,39.7513632771818,-1.4));
#4879=CARTESIAN_POINT('',(7.10000028367219,50.5768467074382,-1.));
#4880=CARTESIAN_POINT('',(7.09999705742664,39.7513633963911,-1.));
#4881=CARTESIAN_POINT('Origin',(7.10000028367219,50.5768467074382,-1.4));
#4882=CARTESIAN_POINT('Origin',(5.15453132927806,45.8800731316488,-1.4));
#4883=CARTESIAN_POINT('',(7.88060285422951,51.4161368116998,-1.4));
#4884=CARTESIAN_POINT('',(5.52408309666314,45.7269996485677,-1.4));
#4885=CARTESIAN_POINT('',(7.54149929574714,51.6427187117008,-1.));
#4886=CARTESIAN_POINT('',(5.15453132927806,45.8800731316488,-1.));
#4887=CARTESIAN_POINT('Origin',(7.54149929574714,51.6427187117008,-1.4));
#4888=CARTESIAN_POINT('Origin',(7.77357860561437,51.874797883238,-1.4));
#4889=CARTESIAN_POINT('',(8.58386445155964,52.1193979898535,-1.4));
#4890=CARTESIAN_POINT('',(8.05642123379528,51.5919550864697,-1.4));
#4891=CARTESIAN_POINT('',(8.3572827536802,52.4585016833891,-1.));
#4892=CARTESIAN_POINT('',(7.77357860561437,51.874797883238,-1.));
#4893=CARTESIAN_POINT('Origin',(8.3572827536802,52.4585016833891,-1.4));
#4894=CARTESIAN_POINT('Origin',(13.6605092527535,54.6551681719889,-1.4));
#4895=CARTESIAN_POINT('',(9.5027198488391,52.5000000364425,-1.4));
#4896=CARTESIAN_POINT('',(13.8135825155645,54.285616313365,-1.4));
#4897=CARTESIAN_POINT('',(9.42315502109652,52.9000000601547,-1.));
#4898=CARTESIAN_POINT('',(13.6605092527535,54.6551681719889,-1.));
#4899=CARTESIAN_POINT('Origin',(9.42315502109652,52.9000000601547,-1.4));
#4900=CARTESIAN_POINT('Origin',(19.7513633963893,52.8999969821087,-1.4));
#4901=CARTESIAN_POINT('',(10.497281641277,52.49999974004,-1.4));
#4902=CARTESIAN_POINT('',(19.75136327718,52.4999969821087,-1.4));
#4903=CARTESIAN_POINT('',(10.5768467074382,52.8999997163278,-1.));
#4904=CARTESIAN_POINT('',(19.7513633963893,52.8999969821087,-1.));
#4905=CARTESIAN_POINT('Origin',(10.5768467074382,52.8999997163278,-1.4));
#4906=CARTESIAN_POINT('Origin',(22.951136728828,47.7743966441728,-1.4));
#4907=CARTESIAN_POINT('',(22.7980632457469,47.4048448767877,-1.4));
#4908=CARTESIAN_POINT('',(22.951136728828,47.7743966441728,-1.));
#4909=CARTESIAN_POINT('Origin',(7.88060201014654,48.5838644515596,0.));
#4910=CARTESIAN_POINT('',(7.49999996355745,49.5027198488391,-3.6));
#4911=CARTESIAN_POINT('',(7.49999996355745,49.5027198488391,0.));
#4912=CARTESIAN_POINT('',(7.88060201014654,48.5838644515596,-3.6));
#4913=CARTESIAN_POINT('',(7.78545149849927,48.8135783008795,-3.6));
#4914=CARTESIAN_POINT('',(7.88060201014654,48.5838644515596,-4.));
#4915=CARTESIAN_POINT('Origin',(7.49999996355745,49.5027198488391,0.));
#4916=CARTESIAN_POINT('',(7.50000025995997,50.497281641277,-3.6));
#4917=CARTESIAN_POINT('',(7.50000025995997,50.497281641277,-4.));
#4918=CARTESIAN_POINT('',(7.50000003765808,49.7513602969486,-3.6));
#4919=CARTESIAN_POINT('Origin',(7.50000025995997,50.497281641277,0.));
#4920=CARTESIAN_POINT('',(7.88060285422951,51.4161368116998,-3.6));
#4921=CARTESIAN_POINT('',(7.88060285422951,51.4161368116998,-4.));
#4922=CARTESIAN_POINT('',(7.59515090852735,50.7269954338827,-3.6));
#4923=CARTESIAN_POINT('Origin',(7.88060285422951,51.4161368116998,0.));
#4924=CARTESIAN_POINT('',(8.58386445155964,52.1193979898535,-3.6));
#4925=CARTESIAN_POINT('',(8.58386445155964,52.1193979898535,-4.));
#4926=CARTESIAN_POINT('',(8.05641825356205,51.5919521062382,-3.6));
#4927=CARTESIAN_POINT('Origin',(8.58386445155964,52.1193979898535,0.));
#4928=CARTESIAN_POINT('',(9.5027198488391,52.5000000364425,-3.6));
#4929=CARTESIAN_POINT('',(9.5027198488391,52.5000000364425,-4.));
#4930=CARTESIAN_POINT('',(8.8135783008795,52.2145485015007,-3.6));
#4931=CARTESIAN_POINT('Origin',(9.5027198488391,52.5000000364425,0.));
#4932=CARTESIAN_POINT('',(10.497281641277,52.49999974004,-3.6));
#4933=CARTESIAN_POINT('',(10.497281641277,52.49999974004,-4.));
#4934=CARTESIAN_POINT('',(9.75136029694857,52.4999999623419,-3.6));
#4935=CARTESIAN_POINT('Origin',(10.497281641277,52.49999974004,0.));
#4936=CARTESIAN_POINT('',(11.4161368116998,52.1193971457705,-3.6));
#4937=CARTESIAN_POINT('',(11.4161368116998,52.1193971457705,-4.));
#4938=CARTESIAN_POINT('',(10.7269954338827,52.4048490914726,-3.6));
#4939=CARTESIAN_POINT('Origin',(11.4161368116998,52.1193971457705,0.));
#4940=CARTESIAN_POINT('',(12.1193979898535,51.4161355484404,-3.6));
#4941=CARTESIAN_POINT('',(12.1193979898535,51.4161355484404,-4.));
#4942=CARTESIAN_POINT('',(11.5919521062382,51.943581746438,-3.6));
#4943=CARTESIAN_POINT('Origin',(30.,30.,-1.));
#4944=CARTESIAN_POINT('',(23.45,0.,-1.));
#4945=CARTESIAN_POINT('',(23.45,24.125,-1.));
#4946=CARTESIAN_POINT('',(23.45,32.0625,-1.));
#4947=CARTESIAN_POINT('',(0.,0.,-1.));
#4948=CARTESIAN_POINT('',(15.,0.,-1.));
#4949=CARTESIAN_POINT('',(0.,60.,-1.));
#4950=CARTESIAN_POINT('',(0.,45.,-1.));
#4951=CARTESIAN_POINT('',(30.,60.,-1.));
#4952=CARTESIAN_POINT('',(45.,60.,-1.));
#4953=CARTESIAN_POINT('',(30.,45.875,-0.999999999999998));
#4954=CARTESIAN_POINT('',(30.,45.,-1.));
#4955=CARTESIAN_POINT('',(23.45,45.875,-0.999999999999998));
#4956=CARTESIAN_POINT('',(15.,45.875,-1.));
#4957=CARTESIAN_POINT('',(23.45,44.125,-1.));
#4958=CARTESIAN_POINT('',(23.45,32.0625,-1.));
#4959=CARTESIAN_POINT('Origin',(23.45,34.125,-1.));
#4960=CARTESIAN_POINT('',(7.54149871143454,11.6427180423165,-1.));
#4961=CARTESIAN_POINT('',(8.35728195768349,12.4585012885655,-1.));
#4962=CARTESIAN_POINT('',(17.773574979764,21.874794310646,-1.));
#4963=CARTESIAN_POINT('',(7.1,10.576845865401,-1.));
#4964=CARTESIAN_POINT('',(12.2255987713564,22.9511359344924,-1.));
#4965=CARTESIAN_POINT('',(7.1,9.42315413459899,-1.));
#4966=CARTESIAN_POINT('',(7.1,19.7513595407754,-1.));
#4967=CARTESIAN_POINT('',(7.54149871143453,8.35728195768349,-1.));
#4968=CARTESIAN_POINT('',(5.34483212821268,13.6605042149095,-1.));
#4969=CARTESIAN_POINT('',(8.35728195768348,7.54149871143454,-1.));
#4970=CARTESIAN_POINT('',(8.12520568935404,7.77357497976398,-1.));
#4971=CARTESIAN_POINT('',(9.42315413459899,7.1,-1.));
#4972=CARTESIAN_POINT('',(14.119931877373,5.1545309594909,-1.));
#4973=CARTESIAN_POINT('',(10.576845865401,7.1,-1.));
#4974=CARTESIAN_POINT('',(20.2486404592246,7.1,-1.));
#4975=CARTESIAN_POINT('',(11.6427180423165,7.54149871143454,-1.));
#4976=CARTESIAN_POINT('',(23.410563596956,12.4158999400781,-1.));
#4977=CARTESIAN_POINT('',(12.4585012885655,8.35728195768348,-1.));
#4978=CARTESIAN_POINT('',(22.226425020236,18.125205689354,-1.));
#4979=CARTESIAN_POINT('',(12.9,9.423154134599,-1.));
#4980=CARTESIAN_POINT('',(17.7744012286436,21.1909996892385,-1.));
#4981=CARTESIAN_POINT('',(12.9,10.576845865401,-1.));
#4982=CARTESIAN_POINT('',(12.9,20.2486404592246,-1.));
#4983=CARTESIAN_POINT('',(12.4585012885655,11.6427180423165,-1.));
#4984=CARTESIAN_POINT('',(10.5130322480564,16.3394957850906,-1.));
#4985=CARTESIAN_POINT('',(11.6427180423165,12.4585012885655,-1.));
#4986=CARTESIAN_POINT('',(11.874794310646,12.226425020236,-1.));
#4987=CARTESIAN_POINT('',(10.576845865401,12.9,-1.));
#4988=CARTESIAN_POINT('',(15.880068122627,10.7033334167781,-1.));
#4989=CARTESIAN_POINT('',(9.423154134599,12.9,-1.));
#4990=CARTESIAN_POINT('',(19.7513595407754,12.9,-1.));
#4991=CARTESIAN_POINT('',(20.7315720267749,17.5841000599218,-1.));
#4992=CARTESIAN_POINT('Origin',(17.773574979764,21.874794310646,-1.4));
#4993=CARTESIAN_POINT('',(8.5838637566237,12.1193976625564,-1.4));
#4994=CARTESIAN_POINT('Origin',(8.35728195768349,12.4585012885655,-1.4));
#4995=CARTESIAN_POINT('',(7.88060233744357,11.4161362433763,-1.4));
#4996=CARTESIAN_POINT('',(18.0564176922386,21.5919515981713,-1.4));
#4997=CARTESIAN_POINT('Origin',(7.54149871143454,11.6427180423165,-1.4));
#4998=CARTESIAN_POINT('Origin',(20.7315720267749,17.5841000599218,-1.4));
#4999=CARTESIAN_POINT('',(9.50271908155086,12.5,-1.4));
#5000=CARTESIAN_POINT('Origin',(9.423154134599,12.9,-1.4));
#5001=CARTESIAN_POINT('',(20.884645399721,17.2145482469173,-1.4));
#5002=CARTESIAN_POINT('Origin',(19.7513595407754,12.9,-1.4));
#5003=CARTESIAN_POINT('',(10.4972809184491,12.5,-1.4));
#5004=CARTESIAN_POINT('Origin',(10.576845865401,12.9,-1.4));
#5005=CARTESIAN_POINT('',(19.7513595407754,12.5,-1.4));
#5006=CARTESIAN_POINT('Origin',(15.880068122627,10.7033334167781,-1.4));
#5007=CARTESIAN_POINT('',(11.4161362433763,12.1193976625564,-1.4));
#5008=CARTESIAN_POINT('Origin',(11.6427180423165,12.4585012885655,-1.4));
#5009=CARTESIAN_POINT('',(15.7269947496809,10.3337816037736,-1.4));
#5010=CARTESIAN_POINT('Origin',(11.874794310646,12.226425020236,-1.4));
#5011=CARTESIAN_POINT('',(12.1193976625564,11.4161362433763,-1.4));
#5012=CARTESIAN_POINT('Origin',(12.4585012885655,11.6427180423165,-1.4));
#5013=CARTESIAN_POINT('',(11.5919515981713,11.9435823077614,-1.4));
#5014=CARTESIAN_POINT('Origin',(10.5130322480564,16.3394957850906,-1.4));
#5015=CARTESIAN_POINT('',(12.5,10.4972809184491,-1.4));
#5016=CARTESIAN_POINT('Origin',(12.9,10.576845865401,-1.4));
#5017=CARTESIAN_POINT('',(10.1434804350519,16.1864224121445,-1.4));
#5018=CARTESIAN_POINT('Origin',(12.9,20.2486404592246,-1.4));
#5019=CARTESIAN_POINT('',(12.5,9.50271908155085,-1.4));
#5020=CARTESIAN_POINT('Origin',(12.9,9.423154134599,-1.4));
#5021=CARTESIAN_POINT('',(12.5,20.2486404592246,-1.4));
#5022=CARTESIAN_POINT('Origin',(17.7744012286436,21.1909996892385,-1.4));
#5023=CARTESIAN_POINT('',(12.1193976625564,8.5838637566237,-1.4));
#5024=CARTESIAN_POINT('',(17.4048494156391,21.3440730621845,-1.4));
#5025=CARTESIAN_POINT('Origin',(12.4585012885655,8.35728195768349,-1.4));
#5026=CARTESIAN_POINT('Origin',(22.226425020236,18.125205689354,-1.4));
#5027=CARTESIAN_POINT('',(11.4161362433763,7.88060233744357,-1.4));
#5028=CARTESIAN_POINT('',(21.9435823077614,18.4080484018287,-1.4));
#5029=CARTESIAN_POINT('Origin',(11.6427180423165,7.54149871143454,-1.4));
#5030=CARTESIAN_POINT('Origin',(23.410563596956,12.4158999400781,-1.4));
#5031=CARTESIAN_POINT('',(10.4972809184491,7.5,-1.4));
#5032=CARTESIAN_POINT('',(23.25749022401,12.7854517530827,-1.4));
#5033=CARTESIAN_POINT('Origin',(10.576845865401,7.1,-1.4));
#5034=CARTESIAN_POINT('Origin',(20.2486404592246,7.1,-1.4));
#5035=CARTESIAN_POINT('',(9.50271908155085,7.5,-1.4));
#5036=CARTESIAN_POINT('',(20.2486404592246,7.5,-1.4));
#5037=CARTESIAN_POINT('Origin',(9.423154134599,7.1,-1.4));
#5038=CARTESIAN_POINT('Origin',(14.119931877373,5.1545309594909,-1.4));
#5039=CARTESIAN_POINT('',(8.5838637566237,7.88060233744357,-1.4));
#5040=CARTESIAN_POINT('',(14.273005250319,5.52408277249542,-1.4));
#5041=CARTESIAN_POINT('Origin',(8.35728195768348,7.54149871143454,-1.4));
#5042=CARTESIAN_POINT('Origin',(8.12520568935404,7.77357497976398,-1.4));
#5043=CARTESIAN_POINT('',(7.88060233744357,8.5838637566237,-1.4));
#5044=CARTESIAN_POINT('',(8.40804840182866,8.0564176922386,-1.4));
#5045=CARTESIAN_POINT('Origin',(7.54149871143453,8.35728195768349,-1.4));
#5046=CARTESIAN_POINT('Origin',(5.34483212821268,13.6605042149095,-1.4));
#5047=CARTESIAN_POINT('',(7.5,9.50271908155086,-1.4));
#5048=CARTESIAN_POINT('',(5.7143839412172,13.8135775878555,-1.4));
#5049=CARTESIAN_POINT('Origin',(7.1,9.42315413459899,-1.4));
#5050=CARTESIAN_POINT('Origin',(7.1,19.7513595407754,-1.4));
#5051=CARTESIAN_POINT('',(7.5,10.4972809184491,-1.4));
#5052=CARTESIAN_POINT('',(7.5,19.7513595407754,-1.4));
#5053=CARTESIAN_POINT('Origin',(7.1,10.576845865401,-1.4));
#5054=CARTESIAN_POINT('Origin',(12.2255987713564,22.9511359344924,-1.4));
#5055=CARTESIAN_POINT('',(12.5951505843609,22.7980625615464,-1.4));
#5056=CARTESIAN_POINT('Origin',(11.4161362433763,7.88060233744357,0.));
#5057=CARTESIAN_POINT('',(10.4972809184491,7.5,-3.6));
#5058=CARTESIAN_POINT('',(10.4972809184491,7.5,-4.));
#5059=CARTESIAN_POINT('',(11.4161362433763,7.88060233744357,-3.6));
#5060=CARTESIAN_POINT('',(11.1864224121445,7.78545175308267,-3.6));
#5061=CARTESIAN_POINT('',(11.4161362433763,7.88060233744357,-4.));
#5062=CARTESIAN_POINT('Origin',(10.4972809184491,7.5,0.));
#5063=CARTESIAN_POINT('',(9.50271908155085,7.5,-3.6));
#5064=CARTESIAN_POINT('',(9.50271908155085,7.5,-4.));
#5065=CARTESIAN_POINT('',(10.2486404592246,7.5,-3.6));
#5066=CARTESIAN_POINT('Origin',(9.50271908155085,7.5,0.));
#5067=CARTESIAN_POINT('',(8.5838637566237,7.88060233744357,-3.6));
#5068=CARTESIAN_POINT('',(8.5838637566237,7.88060233744357,-4.));
#5069=CARTESIAN_POINT('',(9.27300525031906,7.59515058436089,-3.6));
#5070=CARTESIAN_POINT('Origin',(8.5838637566237,7.88060233744357,0.));
#5071=CARTESIAN_POINT('',(7.88060233744357,8.5838637566237,-3.6));
#5072=CARTESIAN_POINT('',(7.88060233744357,8.5838637566237,-4.));
#5073=CARTESIAN_POINT('',(8.40804840182866,8.0564176922386,-3.6));
#5074=CARTESIAN_POINT('Origin',(7.88060233744357,8.5838637566237,0.));
#5075=CARTESIAN_POINT('',(7.5,9.50271908155086,-3.6));
#5076=CARTESIAN_POINT('',(7.5,9.50271908155086,0.));
#5077=CARTESIAN_POINT('',(7.78545175308267,8.81357758785549,-3.6));
#5078=CARTESIAN_POINT('Origin',(7.5,9.50271908155086,0.));
#5079=CARTESIAN_POINT('',(7.5,10.4972809184491,-3.6));
#5080=CARTESIAN_POINT('',(7.5,10.4972809184491,-4.));
#5081=CARTESIAN_POINT('',(7.5,9.75135954077543,-3.6));
#5082=CARTESIAN_POINT('Origin',(7.5,10.4972809184491,0.));
#5083=CARTESIAN_POINT('',(7.88060233744357,11.4161362433763,-3.6));
#5084=CARTESIAN_POINT('',(7.88060233744357,11.4161362433763,-4.));
#5085=CARTESIAN_POINT('',(7.59515058436089,10.7269947496809,-3.6));
#5086=CARTESIAN_POINT('Origin',(7.88060233744357,11.4161362433763,0.));
#5087=CARTESIAN_POINT('',(8.5838637566237,12.1193976625564,-3.6));
#5088=CARTESIAN_POINT('',(8.5838637566237,12.1193976625564,-4.));
#5089=CARTESIAN_POINT('',(8.0564176922386,11.5919515981713,-3.6));
#5090=CARTESIAN_POINT('Origin',(12.0297725721888,51.109885067715,-3.8));
#5091=CARTESIAN_POINT('',(12.1000000127304,50.4177153234184,-4.));
#5092=CARTESIAN_POINT('',(11.7802942963178,51.1895538505609,-4.));
#5093=CARTESIAN_POINT('',(11.8449966428768,51.0333484363095,-4.));
#5094=CARTESIAN_POINT('',(11.7802942963178,51.1895538505609,-4.));
#5095=CARTESIAN_POINT('',(12.5000000364426,50.4972801511609,-3.6));
#5096=CARTESIAN_POINT('',(12.2145485015007,51.1864216991205,-3.6));
#5097=CARTESIAN_POINT('',(12.1000000127304,50.4177153234184,-4.));
#5098=CARTESIAN_POINT('Origin',(11.4505307078541,51.8021604323475,-3.8));
#5099=CARTESIAN_POINT('',(11.1895549116988,51.7802935872881,-4.));
#5100=CARTESIAN_POINT('',(11.3091093094699,51.6607391182571,-4.));
#5101=CARTESIAN_POINT('',(11.1895549116988,51.7802935872881,-4.));
#5102=CARTESIAN_POINT('Origin',(10.6504586923422,52.2200732077801,-3.8));
#5103=CARTESIAN_POINT('',(10.4177165751158,52.0999997637523,-4.));
#5104=CARTESIAN_POINT('',(10.5739219508016,52.0352973240876,-4.));
#5105=CARTESIAN_POINT('',(10.4177165751158,52.0999997637523,-4.));
#5106=CARTESIAN_POINT('Origin',(9.75136023734393,52.2999999623419,-3.8));
#5107=CARTESIAN_POINT('',(9.5822846765817,52.1000000127304,-4.));
#5108=CARTESIAN_POINT('',(9.75136017773928,52.0999999623419,-4.));
#5109=CARTESIAN_POINT('',(9.5822846765817,52.1000000127304,-4.));
#5110=CARTESIAN_POINT('Origin',(8.890114932285,52.0297725721888,-3.8));
#5111=CARTESIAN_POINT('',(8.81044614943905,51.7802942963178,-4.));
#5112=CARTESIAN_POINT('',(8.9666515636905,51.8449966428768,-4.));
#5113=CARTESIAN_POINT('',(8.81044614943905,51.7802942963178,-4.));
#5114=CARTESIAN_POINT('Origin',(8.1978395676525,51.4505307078541,-3.8));
#5115=CARTESIAN_POINT('',(8.2197064127119,51.1895549116989,-4.));
#5116=CARTESIAN_POINT('',(8.33926088174295,51.3091093094699,-4.));
#5117=CARTESIAN_POINT('',(8.2197064127119,51.1895549116989,-4.));
#5118=CARTESIAN_POINT('Origin',(7.7799267922199,50.6504586923422,-3.8));
#5119=CARTESIAN_POINT('',(7.90000023624775,50.4177165751158,-4.));
#5120=CARTESIAN_POINT('',(7.96470267591244,50.5739219508016,-4.));
#5121=CARTESIAN_POINT('',(7.90000023624775,50.4177165751158,-4.));
#5122=CARTESIAN_POINT('Origin',(7.70000003765807,49.7513602373439,-3.8));
#5123=CARTESIAN_POINT('',(7.89999998726963,49.5822846765817,-4.));
#5124=CARTESIAN_POINT('',(7.90000003765806,49.7513601777393,-4.));
#5125=CARTESIAN_POINT('',(7.89999998726963,49.5822846765817,-4.));
#5126=CARTESIAN_POINT('Origin',(7.97022742781123,48.890114932285,-3.8));
#5127=CARTESIAN_POINT('',(8.21970570368221,48.8104461494391,-4.));
#5128=CARTESIAN_POINT('',(8.15500335712319,48.9666515636905,-4.));
#5129=CARTESIAN_POINT('',(8.21970570368221,48.8104461494391,-4.));
#5130=CARTESIAN_POINT('Origin',(8.54946929214595,48.1978395676525,-3.8));
#5131=CARTESIAN_POINT('',(8.58386318830021,47.8806028542295,-3.6));
#5132=CARTESIAN_POINT('',(8.40804789376179,48.056418253562,-3.6));
#5133=CARTESIAN_POINT('',(8.81044508830116,48.2197064127119,-4.));
#5134=CARTESIAN_POINT('',(8.6908906905301,48.3392608817429,-4.));
#5135=CARTESIAN_POINT('',(8.81044508830116,48.2197064127119,-4.));
#5136=CARTESIAN_POINT('Origin',(9.34954130765783,47.7799267922199,-3.8));
#5137=CARTESIAN_POINT('',(9.502718358723,47.50000025996,-3.6));
#5138=CARTESIAN_POINT('',(9.2730045661173,47.5951509085274,-3.6));
#5139=CARTESIAN_POINT('',(9.58228342488416,47.9000002362477,-4.));
#5140=CARTESIAN_POINT('',(9.42607804919836,47.9647026759124,-4.));
#5141=CARTESIAN_POINT('',(9.58228342488416,47.9000002362477,-4.));
#5142=CARTESIAN_POINT('Origin',(10.2486397626561,47.7000000376581,-3.8));
#5143=CARTESIAN_POINT('',(10.4972801511609,47.4999999635575,-3.6));
#5144=CARTESIAN_POINT('',(10.2486397030514,47.5000000376581,-3.6));
#5145=CARTESIAN_POINT('',(10.4177153234183,47.8999999872696,-4.));
#5146=CARTESIAN_POINT('',(10.2486398222607,47.9000000376581,-4.));
#5147=CARTESIAN_POINT('',(10.4177153234183,47.8999999872696,-4.));
#5148=CARTESIAN_POINT('Origin',(11.109885067715,47.9702274278112,-3.8));
#5149=CARTESIAN_POINT('',(11.4161355484404,47.8806020101465,-3.6));
#5150=CARTESIAN_POINT('',(11.1864216991205,47.7854514984993,-3.6));
#5151=CARTESIAN_POINT('',(11.189553850561,48.2197057036822,-4.));
#5152=CARTESIAN_POINT('',(11.0333484363095,48.1550033571232,-4.));
#5153=CARTESIAN_POINT('',(11.189553850561,48.2197057036822,-4.));
#5154=CARTESIAN_POINT('Origin',(11.8021604323475,48.5494692921459,-3.8));
#5155=CARTESIAN_POINT('',(12.1193971457705,48.5838631883002,-3.6));
#5156=CARTESIAN_POINT('',(11.943581746438,48.4080478937618,-3.6));
#5157=CARTESIAN_POINT('',(11.7802935872881,48.8104450883011,-4.));
#5158=CARTESIAN_POINT('',(11.6607391182571,48.6908906905301,-4.));
#5159=CARTESIAN_POINT('',(11.7802935872881,48.8104450883011,-4.));
#5160=CARTESIAN_POINT('Origin',(12.2200732077801,49.3495413076578,-3.8));
#5161=CARTESIAN_POINT('',(12.49999974004,49.502718358723,-3.6));
#5162=CARTESIAN_POINT('',(12.4048490914726,49.2730045661173,-3.6));
#5163=CARTESIAN_POINT('',(12.0999997637523,49.5822834248842,-4.));
#5164=CARTESIAN_POINT('',(12.0352973240876,49.4260780491984,-4.));
#5165=CARTESIAN_POINT('',(12.0999997637523,49.5822834248842,-4.));
#5166=CARTESIAN_POINT('Origin',(12.2999999623419,50.2486397626561,-3.8));
#5167=CARTESIAN_POINT('',(12.4999999623419,50.2486397030514,-3.6));
#5168=CARTESIAN_POINT('',(12.0999999623419,50.2486398222607,-4.));
#5169=CARTESIAN_POINT('Origin',(8.58386318830021,47.8806028542295,0.));
#5170=CARTESIAN_POINT('',(8.58386318830021,47.8806028542295,-4.));
#5171=CARTESIAN_POINT('Origin',(9.502718358723,47.50000025996,0.));
#5172=CARTESIAN_POINT('',(9.502718358723,47.50000025996,-4.));
#5173=CARTESIAN_POINT('Origin',(10.4972801511609,47.4999999635575,0.));
#5174=CARTESIAN_POINT('',(10.4972801511609,47.4999999635575,-4.));
#5175=CARTESIAN_POINT('Origin',(11.4161355484404,47.8806020101465,0.));
#5176=CARTESIAN_POINT('',(11.4161355484404,47.8806020101465,-4.));
#5177=CARTESIAN_POINT('Origin',(12.1193971457705,48.5838631883002,0.));
#5178=CARTESIAN_POINT('',(12.1193971457705,48.5838631883002,-4.));
#5179=CARTESIAN_POINT('Origin',(12.49999974004,49.502718358723,0.));
#5180=CARTESIAN_POINT('',(12.49999974004,49.502718358723,-4.));
#5181=CARTESIAN_POINT('Origin',(12.5000000364426,50.4972801511609,0.));
#5182=CARTESIAN_POINT('',(12.5000000364426,50.4972801511609,-4.));
#5183=CARTESIAN_POINT('Origin',(12.1193979898535,51.4161355484404,0.));
#5184=CARTESIAN_POINT('Origin',(10.,50.,-4.));
#5185=CARTESIAN_POINT('Origin',(12.0297723404151,11.1098857256715,-3.8));
#5186=CARTESIAN_POINT('',(12.1,10.4177159714973,-4.));
#5187=CARTESIAN_POINT('',(11.7802940365474,11.1895544444361,-4.));
#5188=CARTESIAN_POINT('',(11.8449964339128,11.0333490391985,-4.));
#5189=CARTESIAN_POINT('',(12.1193976625564,11.4161362433763,-3.6));
#5190=CARTESIAN_POINT('',(11.7802940365474,11.1895544444361,-4.));
#5191=CARTESIAN_POINT('',(12.5,10.4972809184491,-3.6));
#5192=CARTESIAN_POINT('',(12.2145482469173,11.1864224121445,-3.6));
#5193=CARTESIAN_POINT('',(12.1,10.4177159714973,-4.));
#5194=CARTESIAN_POINT('Origin',(11.450530241934,11.8021609515241,-3.8));
#5195=CARTESIAN_POINT('',(11.1895544444361,11.7802940365474,-4.));
#5196=CARTESIAN_POINT('',(11.3091088856967,11.6607395952868,-4.));
#5197=CARTESIAN_POINT('',(11.4161362433763,12.1193976625564,-3.6));
#5198=CARTESIAN_POINT('',(11.1895544444361,11.7802940365474,-4.));
#5199=CARTESIAN_POINT('',(11.5919515981713,11.9435823077614,-3.6));
#5200=CARTESIAN_POINT('Origin',(10.6504580632079,12.2200735091369,-3.8));
#5201=CARTESIAN_POINT('',(10.4177159714973,12.1,-4.));
#5202=CARTESIAN_POINT('',(10.5739213767349,12.0352976026346,-4.));
#5203=CARTESIAN_POINT('',(10.4972809184491,12.5,-3.6));
#5204=CARTESIAN_POINT('',(10.4177159714973,12.1,-4.));
#5205=CARTESIAN_POINT('',(10.7269947496809,12.4048494156391,-3.6));
#5206=CARTESIAN_POINT('Origin',(9.75135954077543,12.3,-3.8));
#5207=CARTESIAN_POINT('',(9.58228402850271,12.1,-4.));
#5208=CARTESIAN_POINT('',(9.75135954077543,12.1,-4.));
#5209=CARTESIAN_POINT('',(9.50271908155086,12.5,-3.6));
#5210=CARTESIAN_POINT('',(9.58228402850271,12.1,-4.));
#5211=CARTESIAN_POINT('',(9.75135954077543,12.5,-3.6));
#5212=CARTESIAN_POINT('Origin',(8.89011427432851,12.0297723404151,-3.8));
#5213=CARTESIAN_POINT('',(8.8104455555639,11.7802940365474,-4.));
#5214=CARTESIAN_POINT('',(8.96665096080152,11.8449964339128,-4.));
#5215=CARTESIAN_POINT('',(8.8104455555639,11.7802940365474,-4.));
#5216=CARTESIAN_POINT('',(8.81357758785549,12.2145482469173,-3.6));
#5217=CARTESIAN_POINT('Origin',(8.19783904847591,11.450530241934,-3.8));
#5218=CARTESIAN_POINT('',(8.2197059634526,11.1895544444361,-4.));
#5219=CARTESIAN_POINT('',(8.33926040471322,11.3091088856967,-4.));
#5220=CARTESIAN_POINT('',(8.2197059634526,11.1895544444361,-4.));
#5221=CARTESIAN_POINT('Origin',(7.77992649086315,10.6504580632079,-3.8));
#5222=CARTESIAN_POINT('',(7.9,10.4177159714973,-4.));
#5223=CARTESIAN_POINT('',(7.96470239736541,10.5739213767349,-4.));
#5224=CARTESIAN_POINT('',(7.9,10.4177159714973,-4.));
#5225=CARTESIAN_POINT('Origin',(7.7,9.75135954077543,-3.8));
#5226=CARTESIAN_POINT('',(7.9,9.58228402850272,-4.));
#5227=CARTESIAN_POINT('',(7.9,9.75135954077543,-4.));
#5228=CARTESIAN_POINT('',(7.9,9.58228402850272,-4.));
#5229=CARTESIAN_POINT('Origin',(7.97022765958493,8.89011427432851,-3.8));
#5230=CARTESIAN_POINT('',(8.21970596345259,8.81044555556391,-4.));
#5231=CARTESIAN_POINT('',(8.15500356608719,8.96665096080152,-4.));
#5232=CARTESIAN_POINT('',(8.21970596345259,8.81044555556391,-4.));
#5233=CARTESIAN_POINT('Origin',(8.54946975806597,8.19783904847591,-3.8));
#5234=CARTESIAN_POINT('',(8.81044555556391,8.2197059634526,-4.));
#5235=CARTESIAN_POINT('',(8.69089111430328,8.33926040471322,-4.));
#5236=CARTESIAN_POINT('',(8.81044555556391,8.2197059634526,-4.));
#5237=CARTESIAN_POINT('Origin',(9.34954193679208,7.77992649086315,-3.8));
#5238=CARTESIAN_POINT('',(9.58228402850272,7.9,-4.));
#5239=CARTESIAN_POINT('',(9.4260786232651,7.96470239736541,-4.));
#5240=CARTESIAN_POINT('',(9.58228402850272,7.9,-4.));
#5241=CARTESIAN_POINT('Origin',(10.2486404592246,7.7,-3.8));
#5242=CARTESIAN_POINT('',(10.4177159714973,7.9,-4.));
#5243=CARTESIAN_POINT('',(10.2486404592246,7.9,-4.));
#5244=CARTESIAN_POINT('',(10.4177159714973,7.9,-4.));
#5245=CARTESIAN_POINT('Origin',(11.1098857256715,7.97022765958493,-3.8));
#5246=CARTESIAN_POINT('',(11.1895544444361,8.2197059634526,-4.));
#5247=CARTESIAN_POINT('',(11.0333490391985,8.15500356608719,-4.));
#5248=CARTESIAN_POINT('',(11.1895544444361,8.2197059634526,-4.));
#5249=CARTESIAN_POINT('Origin',(11.8021609515241,8.54946975806597,-3.8));
#5250=CARTESIAN_POINT('',(12.1193976625564,8.5838637566237,-3.6));
#5251=CARTESIAN_POINT('',(11.9435823077614,8.40804840182866,-3.6));
#5252=CARTESIAN_POINT('',(11.7802940365474,8.8104455555639,-4.));
#5253=CARTESIAN_POINT('',(11.6607395952868,8.69089111430328,-4.));
#5254=CARTESIAN_POINT('',(11.7802940365474,8.8104455555639,-4.));
#5255=CARTESIAN_POINT('Origin',(12.2200735091369,9.34954193679208,-3.8));
#5256=CARTESIAN_POINT('',(12.5,9.50271908155085,-3.6));
#5257=CARTESIAN_POINT('',(12.4048494156391,9.27300525031906,-3.6));
#5258=CARTESIAN_POINT('',(12.1,9.58228402850272,-4.));
#5259=CARTESIAN_POINT('',(12.0352976026346,9.4260786232651,-4.));
#5260=CARTESIAN_POINT('',(12.1,9.58228402850272,-4.));
#5261=CARTESIAN_POINT('Origin',(12.3,10.2486404592246,-3.8));
#5262=CARTESIAN_POINT('',(12.5,10.2486404592246,-3.6));
#5263=CARTESIAN_POINT('',(12.1,10.2486404592246,-4.));
#5264=CARTESIAN_POINT('Origin',(12.1193976625564,8.5838637566237,0.));
#5265=CARTESIAN_POINT('',(12.1193976625564,8.5838637566237,-4.));
#5266=CARTESIAN_POINT('Origin',(12.5,9.50271908155085,0.));
#5267=CARTESIAN_POINT('',(12.5,9.50271908155085,-4.));
#5268=CARTESIAN_POINT('Origin',(12.5,10.4972809184491,0.));
#5269=CARTESIAN_POINT('',(12.5,10.4972809184491,-4.));
#5270=CARTESIAN_POINT('Origin',(12.1193976625564,11.4161362433763,0.));
#5271=CARTESIAN_POINT('',(12.1193976625564,11.4161362433763,-4.));
#5272=CARTESIAN_POINT('Origin',(10.,10.,-4.));
#5273=CARTESIAN_POINT('Origin',(11.4161362433763,12.1193976625564,0.));
#5274=CARTESIAN_POINT('',(11.4161362433763,12.1193976625564,-4.));
#5275=CARTESIAN_POINT('Origin',(10.4972809184491,12.5,0.));
#5276=CARTESIAN_POINT('',(10.4972809184491,12.5,-4.));
#5277=CARTESIAN_POINT('Origin',(9.50271908155086,12.5,0.));
#5278=CARTESIAN_POINT('',(9.50271908155086,12.5,-4.));
#5279=CARTESIAN_POINT('Origin',(8.5838637566237,12.1193976625564,0.));
#5280=CARTESIAN_POINT('Origin',(23.45,34.125,28.2));
#5281=CARTESIAN_POINT('',(23.45,44.125,28.2));
#5282=CARTESIAN_POINT('',(23.45,44.125,28.2));
#5283=CARTESIAN_POINT('',(23.45,24.125,28.2));
#5284=CARTESIAN_POINT('Origin',(23.45,34.125,28.2));
#5285=CARTESIAN_POINT('',(23.45,24.125,28.2));
#5286=CARTESIAN_POINT('Origin',(23.45,34.125,16.35));
#5287=CARTESIAN_POINT('',(23.45,45.875,17.55));
#5288=CARTESIAN_POINT('',(23.45,45.875,1.66533453693773E-15));
#5289=CARTESIAN_POINT('',(23.45,50.45,17.55));
#5290=CARTESIAN_POINT('',(23.45,40.,17.55));
#5291=CARTESIAN_POINT('',(23.45,50.45,20.7));
#5292=CARTESIAN_POINT('',(23.45,50.45,16.95));
#5293=CARTESIAN_POINT('',(23.45,45.875,20.7));
#5294=CARTESIAN_POINT('',(23.45,42.2875,20.7));
#5295=CARTESIAN_POINT('',(23.45,45.875,28.2));
#5296=CARTESIAN_POINT('',(23.45,45.875,18.525));
#5297=CARTESIAN_POINT('',(23.45,17.0625,28.2));
#5298=CARTESIAN_POINT('Origin',(0.,45.875,2.));
#5299=CARTESIAN_POINT('',(30.,45.875,17.55));
#5300=CARTESIAN_POINT('',(30.,45.875,1.));
#5301=CARTESIAN_POINT('',(0.,45.875,17.55));
#5302=CARTESIAN_POINT('Origin',(30.,60.,0.));
#5303=CARTESIAN_POINT('',(30.,60.,28.2));
#5304=CARTESIAN_POINT('',(30.,60.,0.));
#5305=CARTESIAN_POINT('',(30.,45.875,28.2));
#5306=CARTESIAN_POINT('',(30.,30.,28.2));
#5307=CARTESIAN_POINT('',(30.,45.875,20.7));
#5308=CARTESIAN_POINT('',(30.,45.875,10.35));
#5309=CARTESIAN_POINT('',(30.,50.45,20.7));
#5310=CARTESIAN_POINT('',(30.,55.225,20.7));
#5311=CARTESIAN_POINT('',(30.,50.45,17.55));
#5312=CARTESIAN_POINT('',(30.,50.45,8.775));
#5313=CARTESIAN_POINT('',(30.,52.9375,17.55));
#5314=CARTESIAN_POINT('',(30.,56.4585012885655,14.2072819778159));
#5315=CARTESIAN_POINT('',(30.,56.9,15.2731541547314));
#5316=CARTESIAN_POINT('',(30.,54.2215292641314,8.80675377777797));
#5317=CARTESIAN_POINT('',(30.,55.6427180423165,13.391498731567));
#5318=CARTESIAN_POINT('',(30.,53.4122943056129,11.1610749948633));
#5319=CARTESIAN_POINT('',(30.,54.576845865401,12.9500000201324));
#5320=CARTESIAN_POINT('',(30.,54.6388176703961,12.9756695822461));
#5321=CARTESIAN_POINT('',(30.,53.423154134599,12.9500000201324));
#5322=CARTESIAN_POINT('',(30.,56.7513595407754,12.9500000201324));
#5323=CARTESIAN_POINT('',(30.,52.3572819576835,13.391498731567));
#5324=CARTESIAN_POINT('',(30.,58.0230750106999,11.0446504074083));
#5325=CARTESIAN_POINT('',(30.,51.5414987114345,14.2072819778159));
#5326=CARTESIAN_POINT('',(30.,57.2360749847971,8.51270570445337));
#5327=CARTESIAN_POINT('',(30.,51.1,15.2731541547314));
#5328=CARTESIAN_POINT('',(30.,54.4668492235872,7.14486109668189));
#5329=CARTESIAN_POINT('',(30.,51.1,16.4268458855334));
#5330=CARTESIAN_POINT('',(30.,51.1,8.17364046929078));
#5331=CARTESIAN_POINT('',(30.,51.5414987114345,17.4927180624489));
#5332=CARTESIAN_POINT('',(30.,49.0533291442877,11.4857453479591));
#5333=CARTESIAN_POINT('',(30.,52.3572819576835,18.3085013086979));
#5334=CARTESIAN_POINT('',(30.,49.6627056843209,15.6139250353353));
#5335=CARTESIAN_POINT('',(30.,53.423154134599,18.7500000201324));
#5336=CARTESIAN_POINT('',(30.,52.8786814251422,18.5244720395334));
#5337=CARTESIAN_POINT('',(30.,54.576845865401,18.7500000201324));
#5338=CARTESIAN_POINT('',(30.,57.2486404592246,18.7500000201324));
#5339=CARTESIAN_POINT('',(30.,55.6427180423165,18.3085013086979));
#5340=CARTESIAN_POINT('',(30.,60.702066580881,16.212850527252));
#5341=CARTESIAN_POINT('',(30.,56.4585012885655,17.4927180624489));
#5342=CARTESIAN_POINT('',(30.,61.6889250252691,12.2622943257453));
#5343=CARTESIAN_POINT('',(30.,56.9,16.4268458855334));
#5344=CARTESIAN_POINT('',(30.,60.0156516808745,8.90499734193584));
#5345=CARTESIAN_POINT('',(30.,56.9,7.67635955084164));
#5346=CARTESIAN_POINT('Origin',(30.4,60.702066580881,16.212850527252));
#5347=CARTESIAN_POINT('',(30.4,54.4972809184491,18.3500000201324));
#5348=CARTESIAN_POINT('',(30.4,55.4161362433763,17.9693976826889));
#5349=CARTESIAN_POINT('',(30.4,60.548993207935,15.8432987142475));
#5350=CARTESIAN_POINT('Origin',(30.4,55.6427180423165,18.3085013086979));
#5351=CARTESIAN_POINT('Origin',(30.4,54.576845865401,18.7500000201324));
#5352=CARTESIAN_POINT('Origin',(30.4,61.6889250252691,12.2622943257453));
#5353=CARTESIAN_POINT('',(30.4,56.1193976625564,17.2661362635087));
#5354=CARTESIAN_POINT('',(30.4,61.4060823127945,11.9794516132707));
#5355=CARTESIAN_POINT('Origin',(30.4,56.4585012885655,17.4927180624489));
#5356=CARTESIAN_POINT('Origin',(30.4,60.0156516808745,8.90499734193584));
#5357=CARTESIAN_POINT('',(30.4,56.5,16.3472809385816));
#5358=CARTESIAN_POINT('',(30.4,59.6460998678699,8.75192396898981));
#5359=CARTESIAN_POINT('Origin',(30.4,56.9,16.4268458855334));
#5360=CARTESIAN_POINT('Origin',(30.4,54.2215292641314,8.80675377777797));
#5361=CARTESIAN_POINT('',(30.4,56.5,15.3527191016833));
#5362=CARTESIAN_POINT('',(30.4,56.1193976625564,14.4338637767561));
#5363=CARTESIAN_POINT('',(30.4,53.8519774511268,8.95982715072401));
#5364=CARTESIAN_POINT('Origin',(30.4,56.4585012885655,14.2072819778159));
#5365=CARTESIAN_POINT('Origin',(30.4,56.9,15.2731541547314));
#5366=CARTESIAN_POINT('Origin',(30.4,53.4122943056129,11.1610749948633));
#5367=CARTESIAN_POINT('',(30.4,55.4161362433763,13.730602357576));
#5368=CARTESIAN_POINT('',(30.4,53.1294515931382,11.4439177073379));
#5369=CARTESIAN_POINT('Origin',(30.4,55.6427180423165,13.391498731567));
#5370=CARTESIAN_POINT('Origin',(30.4,54.6388176703961,12.9756695822461));
#5371=CARTESIAN_POINT('',(30.4,54.4972809184491,13.3500000201324));
#5372=CARTESIAN_POINT('',(30.4,54.4857442974501,13.3452213952507));
#5373=CARTESIAN_POINT('Origin',(30.4,54.576845865401,12.9500000201324));
#5374=CARTESIAN_POINT('Origin',(30.4,56.7513595407754,12.9500000201324));
#5375=CARTESIAN_POINT('',(30.4,53.5027190815509,13.3500000201324));
#5376=CARTESIAN_POINT('',(30.4,56.7513595407754,13.3500000201324));
#5377=CARTESIAN_POINT('Origin',(30.4,53.423154134599,12.9500000201324));
#5378=CARTESIAN_POINT('Origin',(30.4,58.0230750106999,11.0446504074083));
#5379=CARTESIAN_POINT('',(30.4,52.5838637566237,13.730602357576));
#5380=CARTESIAN_POINT('',(30.4,58.176148383646,11.4142022204128));
#5381=CARTESIAN_POINT('Origin',(30.4,52.3572819576835,13.391498731567));
#5382=CARTESIAN_POINT('Origin',(30.4,57.2360749847971,8.51270570445337));
#5383=CARTESIAN_POINT('',(30.4,51.8806023374436,14.4338637767561));
#5384=CARTESIAN_POINT('',(30.4,57.5189176972717,8.79554841692799));
#5385=CARTESIAN_POINT('Origin',(30.4,51.5414987114345,14.2072819778159));
#5386=CARTESIAN_POINT('Origin',(30.4,54.4668492235872,7.14486109668189));
#5387=CARTESIAN_POINT('',(30.4,51.5,15.3527191016833));
#5388=CARTESIAN_POINT('',(30.4,54.8364010365917,7.29793446962793));
#5389=CARTESIAN_POINT('Origin',(30.4,51.1,15.2731541547314));
#5390=CARTESIAN_POINT('Origin',(30.4,56.9,7.67635955084164));
#5391=CARTESIAN_POINT('',(30.4,56.5,7.67635955084164));
#5392=CARTESIAN_POINT('Origin',(30.4,51.1,8.17364046929078));
#5393=CARTESIAN_POINT('',(30.4,51.5,16.3472809385816));
#5394=CARTESIAN_POINT('',(30.4,51.5,8.17364046929078));
#5395=CARTESIAN_POINT('Origin',(30.4,51.1,16.4268458855334));
#5396=CARTESIAN_POINT('Origin',(30.4,49.0533291442877,11.4857453479591));
#5397=CARTESIAN_POINT('',(30.4,51.8806023374436,17.2661362635087));
#5398=CARTESIAN_POINT('',(30.4,49.4228809572922,11.332671975013));
#5399=CARTESIAN_POINT('Origin',(30.4,51.5414987114345,17.4927180624489));
#5400=CARTESIAN_POINT('Origin',(30.4,49.6627056843209,15.6139250353353));
#5401=CARTESIAN_POINT('',(30.4,52.5838637566237,17.9693976826888));
#5402=CARTESIAN_POINT('',(30.4,49.9455483967956,15.3310823228607));
#5403=CARTESIAN_POINT('Origin',(30.4,52.3572819576835,18.3085013086979));
#5404=CARTESIAN_POINT('Origin',(30.4,52.8786814251422,18.5244720395334));
#5405=CARTESIAN_POINT('',(30.4,53.5027190815509,18.3500000201324));
#5406=CARTESIAN_POINT('',(30.4,53.0317547980882,18.1549202265289));
#5407=CARTESIAN_POINT('Origin',(30.4,53.423154134599,18.7500000201324));
#5408=CARTESIAN_POINT('Origin',(30.4,57.2486404592246,18.7500000201324));
#5409=CARTESIAN_POINT('',(30.4,57.2486404592246,18.3500000201324));
#5410=CARTESIAN_POINT('Origin',(30.,51.5,16.3472809385816));
#5411=CARTESIAN_POINT('',(32.6,51.5,15.3527191016833));
#5412=CARTESIAN_POINT('',(30.,51.5,15.3527191016833));
#5413=CARTESIAN_POINT('',(32.6,51.5,16.3472809385816));
#5414=CARTESIAN_POINT('',(32.6,51.5,16.098640479357));
#5415=CARTESIAN_POINT('',(30.,51.5,16.3472809385816));
#5416=CARTESIAN_POINT('Origin',(30.,51.5,15.3527191016833));
#5417=CARTESIAN_POINT('',(32.6,51.8806023374436,14.4338637767561));
#5418=CARTESIAN_POINT('',(30.,51.8806023374436,14.4338637767561));
#5419=CARTESIAN_POINT('',(32.6,51.5951505843609,15.1230052704515));
#5420=CARTESIAN_POINT('Origin',(30.,51.8806023374436,14.4338637767561));
#5421=CARTESIAN_POINT('',(32.6,52.5838637566237,13.730602357576));
#5422=CARTESIAN_POINT('',(30.,52.5838637566237,13.730602357576));
#5423=CARTESIAN_POINT('',(32.6,52.0564176922386,14.2580484219611));
#5424=CARTESIAN_POINT('Origin',(30.,52.5838637566237,13.730602357576));
#5425=CARTESIAN_POINT('',(32.6,53.5027190815509,13.3500000201324));
#5426=CARTESIAN_POINT('',(30.,53.5027190815509,13.3500000201324));
#5427=CARTESIAN_POINT('',(32.6,52.8135775878555,13.6354517732151));
#5428=CARTESIAN_POINT('Origin',(30.,53.5027190815509,13.3500000201324));
#5429=CARTESIAN_POINT('',(32.6,54.4972809184491,13.3500000201324));
#5430=CARTESIAN_POINT('',(30.,54.4972809184491,13.3500000201324));
#5431=CARTESIAN_POINT('',(32.6,53.7513595407754,13.3500000201324));
#5432=CARTESIAN_POINT('Origin',(30.,54.4972809184491,13.3500000201324));
#5433=CARTESIAN_POINT('',(32.6,55.4161362433763,13.730602357576));
#5434=CARTESIAN_POINT('',(30.,55.4161362433763,13.730602357576));
#5435=CARTESIAN_POINT('',(32.6,54.7269947496809,13.4451506044933));
#5436=CARTESIAN_POINT('Origin',(30.,55.4161362433763,13.730602357576));
#5437=CARTESIAN_POINT('',(32.6,56.1193976625564,14.4338637767561));
#5438=CARTESIAN_POINT('',(30.,56.1193976625564,14.4338637767561));
#5439=CARTESIAN_POINT('',(32.6,55.5919515981713,13.906417712371));
#5440=CARTESIAN_POINT('Origin',(30.,56.1193976625564,14.4338637767561));
#5441=CARTESIAN_POINT('',(32.6,56.5,15.3527191016833));
#5442=CARTESIAN_POINT('',(30.,56.5,15.3527191016833));
#5443=CARTESIAN_POINT('',(32.6,56.2145482469173,14.6635776079879));
#5444=CARTESIAN_POINT('Origin',(30.4,8.90000000000002,7.63969566707845));
#5445=CARTESIAN_POINT('',(30.4,8.49999999999999,16.4206087061078));
#5446=CARTESIAN_POINT('',(30.4,8.5,15.279391334157));
#5447=CARTESIAN_POINT('',(30.4,8.50000000000002,7.63969566707845));
#5448=CARTESIAN_POINT('',(30.,8.9,15.188093944401));
#5449=CARTESIAN_POINT('Origin',(30.4,8.9,15.188093944401));
#5450=CARTESIAN_POINT('',(30.,8.9,16.5119060958638));
#5451=CARTESIAN_POINT('',(30.,8.90000000000002,7.63969566707845));
#5452=CARTESIAN_POINT('Origin',(30.4,8.9,16.5119060958638));
#5453=CARTESIAN_POINT('Origin',(30.4,10.4739012234875,18.4563335110642));
#5454=CARTESIAN_POINT('',(30.4,8.00484433951209,14.25119001052));
#5455=CARTESIAN_POINT('',(30.4,10.1135136763266,18.6298870067112));
#5456=CARTESIAN_POINT('',(30.,8.32561943383404,13.995380408982));
#5457=CARTESIAN_POINT('Origin',(30.4,8.32561943383404,13.995380408982));
#5458=CARTESIAN_POINT('',(30.,10.4739012234875,18.4563335110642));
#5459=CARTESIAN_POINT('Origin',(30.4,20.2259412594405,23.4855703840397));
#5460=CARTESIAN_POINT('',(30.4,7.11260466978157,13.5396526174047));
#5461=CARTESIAN_POINT('',(30.4,19.9765453386971,23.7983029770269));
#5462=CARTESIAN_POINT('',(30.,7.2906214169466,13.1699970329682));
#5463=CARTESIAN_POINT('Origin',(30.4,7.29062141694661,13.1699970329682));
#5464=CARTESIAN_POINT('',(30.,20.2259412594405,23.4855703840397));
#5465=CARTESIAN_POINT('Origin',(30.4,30.3109749392735,18.4242425025937));
#5466=CARTESIAN_POINT('',(30.4,6.,13.285707861951));
#5467=CARTESIAN_POINT('',(30.4,30.2219665656909,18.8142136674664));
#5468=CARTESIAN_POINT('',(30.,6.,12.875421116642));
#5469=CARTESIAN_POINT('Origin',(30.4,6.,12.875421116642));
#5470=CARTESIAN_POINT('',(30.,30.3109749392735,18.4242425025937));
#5471=CARTESIAN_POINT('Origin',(30.4,32.4588821592011,6.8363539241464));
#5472=CARTESIAN_POINT('',(30.4,4.88739533021842,13.5396526174047));
#5473=CARTESIAN_POINT('',(30.4,32.5478905327836,7.22632508901913));
#5474=CARTESIAN_POINT('',(30.,4.70937858305336,13.1699970329683));
#5475=CARTESIAN_POINT('Origin',(30.4,4.70937858305337,13.1699970329682));
#5476=CARTESIAN_POINT('',(30.,32.4588821592011,6.8363539241464));
#5477=CARTESIAN_POINT('Origin',(30.4,24.3360041225147,-2.4817145483119));
#5478=CARTESIAN_POINT('',(30.4,3.9951556604879,14.25119001052));
#5479=CARTESIAN_POINT('',(30.4,24.5854000432582,-2.16898195532469));
#5480=CARTESIAN_POINT('',(30.,3.67438056616595,13.995380408982));
#5481=CARTESIAN_POINT('Origin',(30.4,3.67438056616595,13.995380408982));
#5482=CARTESIAN_POINT('',(30.,24.3360041225147,-2.4817145483119));
#5483=CARTESIAN_POINT('Origin',(30.4,11.4442962960827,-2.13901585375407));
#5484=CARTESIAN_POINT('',(30.,3.09999999999999,15.188093944401));
#5485=CARTESIAN_POINT('',(30.,11.4442962960827,-2.13901585375407));
#5486=CARTESIAN_POINT('',(30.4,3.49999999999999,15.279391334157));
#5487=CARTESIAN_POINT('',(30.4,11.8046838432437,-1.96546235810704));
#5488=CARTESIAN_POINT('Origin',(30.4,3.09999999999999,15.188093944401));
#5489=CARTESIAN_POINT('Origin',(30.4,3.1,8.21030435305388));
#5490=CARTESIAN_POINT('',(30.,3.09999999999999,16.5119060958639));
#5491=CARTESIAN_POINT('',(30.,3.1,8.21030435305388));
#5492=CARTESIAN_POINT('',(30.4,3.49999999999999,16.4206087061078));
#5493=CARTESIAN_POINT('',(30.4,3.5,8.21030435305388));
#5494=CARTESIAN_POINT('Origin',(30.4,3.09999999999999,16.5119060958639));
#5495=CARTESIAN_POINT('Origin',(30.4,5.49585961989743,21.4869598597646));
#5496=CARTESIAN_POINT('',(30.,3.67438056616596,17.7046196312828));
#5497=CARTESIAN_POINT('',(30.,5.49585961989743,21.4869598597646));
#5498=CARTESIAN_POINT('',(30.4,3.9951556604879,17.4488100297448));
#5499=CARTESIAN_POINT('',(30.4,5.8562471670584,21.3134063641175));
#5500=CARTESIAN_POINT('Origin',(30.4,3.67438056616596,17.7046196312828));
#5501=CARTESIAN_POINT('Origin',(30.4,17.0558202435251,28.3759616789119));
#5502=CARTESIAN_POINT('',(30.,4.70937858305336,18.5300030072966));
#5503=CARTESIAN_POINT('',(30.,17.0558202435251,28.3759616789119));
#5504=CARTESIAN_POINT('',(30.4,4.88739533021842,18.1603474228602));
#5505=CARTESIAN_POINT('',(30.4,17.3052161642686,28.0632290859247));
#5506=CARTESIAN_POINT('Origin',(30.4,4.70937858305336,18.5300030072966));
#5507=CARTESIAN_POINT('Origin',(30.4,29.5766558572176,24.2057967709751));
#5508=CARTESIAN_POINT('',(30.,5.99999999999999,18.8245789236228));
#5509=CARTESIAN_POINT('',(30.,29.5766558572176,24.2057967709751));
#5510=CARTESIAN_POINT('',(30.4,5.99999999999999,18.4142921783138));
#5511=CARTESIAN_POINT('',(30.4,29.6656642308001,23.8158256061023));
#5512=CARTESIAN_POINT('Origin',(30.4,5.99999999999999,18.8245789236228));
#5513=CARTESIAN_POINT('Origin',(30.4,34.3058059110385,12.3639634370742));
#5514=CARTESIAN_POINT('',(30.,7.29062141694661,18.5300030072966));
#5515=CARTESIAN_POINT('',(30.,34.3058059110385,12.3639634370742));
#5516=CARTESIAN_POINT('',(30.4,7.11260466978157,18.1603474228602));
#5517=CARTESIAN_POINT('',(30.4,34.2167975374559,11.9739922722015));
#5518=CARTESIAN_POINT('Origin',(30.4,7.29062141694662,18.5300030072966));
#5519=CARTESIAN_POINT('Origin',(30.4,28.3983648081606,1.69713935344502));
#5520=CARTESIAN_POINT('',(30.,8.32561943383403,17.7046196312828));
#5521=CARTESIAN_POINT('',(30.,28.3983648081606,1.69713935344502));
#5522=CARTESIAN_POINT('',(30.4,8.00484433951209,17.4488100297448));
#5523=CARTESIAN_POINT('',(30.4,28.1489688874171,1.38440676045781));
#5524=CARTESIAN_POINT('Origin',(30.4,8.32561943383403,17.7046196312828));
#5525=CARTESIAN_POINT('Origin',(30.4,16.9174935601607,-0.136590828690752));
#5526=CARTESIAN_POINT('',(30.,16.9174935601607,-0.136590828690752));
#5527=CARTESIAN_POINT('',(30.4,16.5571060129997,-0.310144324337775));
#5528=CARTESIAN_POINT('Origin',(30.,3.49999999999999,15.279391334157));
#5529=CARTESIAN_POINT('',(32.6,3.9951556604879,14.25119001052));
#5530=CARTESIAN_POINT('',(30.,3.9951556604879,14.25119001052));
#5531=CARTESIAN_POINT('',(32.6,3.49999999999999,15.279391334157));
#5532=CARTESIAN_POINT('',(32.6,3.62378891512197,15.0223410032478));
#5533=CARTESIAN_POINT('',(30.,3.49999999999999,15.279391334157));
#5534=CARTESIAN_POINT('Origin',(30.,3.9951556604879,14.25119001052));
#5535=CARTESIAN_POINT('',(32.6,4.88739533021842,13.5396526174047));
#5536=CARTESIAN_POINT('',(30.,4.88739533021842,13.5396526174047));
#5537=CARTESIAN_POINT('',(32.6,4.21821557792053,14.0733056622412));
#5538=CARTESIAN_POINT('Origin',(30.,4.88739533021842,13.5396526174047));
#5539=CARTESIAN_POINT('',(32.6,6.,13.285707861951));
#5540=CARTESIAN_POINT('',(30.,6.,13.285707861951));
#5541=CARTESIAN_POINT('',(32.6,5.16554649766382,13.4761664285413));
#5542=CARTESIAN_POINT('Origin',(30.,6.,13.285707861951));
#5543=CARTESIAN_POINT('',(32.6,7.11260466978157,13.5396526174047));
#5544=CARTESIAN_POINT('',(30.,7.11260466978157,13.5396526174047));
#5545=CARTESIAN_POINT('',(32.6,6.27815116744539,13.3491940508144));
#5546=CARTESIAN_POINT('Origin',(30.,7.11260466978157,13.5396526174047));
#5547=CARTESIAN_POINT('',(32.6,8.00484433951209,14.25119001052));
#5548=CARTESIAN_POINT('',(30.,8.00484433951209,14.25119001052));
#5549=CARTESIAN_POINT('',(32.6,7.3356645872142,13.7175369656835));
#5550=CARTESIAN_POINT('Origin',(30.,8.00484433951209,14.25119001052));
#5551=CARTESIAN_POINT('',(32.6,8.5,15.279391334157));
#5552=CARTESIAN_POINT('',(30.,8.5,15.279391334157));
#5553=CARTESIAN_POINT('',(32.6,8.12863325463407,14.5082403414293));
#5554=CARTESIAN_POINT('Origin',(30.,8.5,15.279391334157));
#5555=CARTESIAN_POINT('',(32.6,8.49999999999999,16.4206087061078));
#5556=CARTESIAN_POINT('',(30.,8.49999999999999,16.4206087061078));
#5557=CARTESIAN_POINT('',(32.6,8.5,15.5646956771447));
#5558=CARTESIAN_POINT('Origin',(30.,60.,0.));
#5559=CARTESIAN_POINT('',(30.,0.,7.00000001490116));
#5560=CARTESIAN_POINT('',(30.,22.375,7.00000001490116));
#5561=CARTESIAN_POINT('',(30.,30.,7.00000001490116));
#5562=CARTESIAN_POINT('',(30.,22.375,17.55));
#5563=CARTESIAN_POINT('',(30.,22.375,1.00000001490116));
#5564=CARTESIAN_POINT('',(30.,17.8,17.55));
#5565=CARTESIAN_POINT('',(30.,38.9,17.55));
#5566=CARTESIAN_POINT('',(30.,17.8,20.7));
#5567=CARTESIAN_POINT('',(30.,17.8,10.35));
#5568=CARTESIAN_POINT('',(30.,22.375,20.7));
#5569=CARTESIAN_POINT('',(30.,41.1875,20.7));
#5570=CARTESIAN_POINT('',(30.,22.375,28.2));
#5571=CARTESIAN_POINT('',(30.,22.375,15.35));
#5572=CARTESIAN_POINT('',(30.,0.,28.2));
#5573=CARTESIAN_POINT('',(30.,30.,28.2));
#5574=CARTESIAN_POINT('',(30.,0.,0.));
#5575=CARTESIAN_POINT('Origin',(32.8,51.7,16.098640479357));
#5576=CARTESIAN_POINT('',(33.,51.9,15.4322840486351));
#5577=CARTESIAN_POINT('',(33.,51.9,16.2677159916297));
#5578=CARTESIAN_POINT('',(33.,51.9,16.098640479357));
#5579=CARTESIAN_POINT('',(33.,51.9,16.2677159916297));
#5580=CARTESIAN_POINT('',(33.,51.9,15.4322840486351));
#5581=CARTESIAN_POINT('Origin',(32.8,51.9702276595849,16.9598857458039));
#5582=CARTESIAN_POINT('',(33.,52.2197059634526,17.0395544645685));
#5583=CARTESIAN_POINT('',(33.,52.1550035660872,16.8833490593309));
#5584=CARTESIAN_POINT('',(32.6,51.8806023374436,17.2661362635087));
#5585=CARTESIAN_POINT('',(33.,52.2197059634526,17.0395544645685));
#5586=CARTESIAN_POINT('',(32.6,51.7854517530827,17.0364224322769));
#5587=CARTESIAN_POINT('Origin',(32.8,52.549469758066,17.6521609716565));
#5588=CARTESIAN_POINT('',(33.,52.8104455555639,17.6302940566798));
#5589=CARTESIAN_POINT('',(33.,52.6908911143033,17.5107396154192));
#5590=CARTESIAN_POINT('',(32.6,52.5838637566237,17.9693976826888));
#5591=CARTESIAN_POINT('',(33.,52.8104455555639,17.6302940566798));
#5592=CARTESIAN_POINT('',(32.6,52.4080484018287,17.7935823278938));
#5593=CARTESIAN_POINT('Origin',(32.8,53.3495419367921,18.0700735292693));
#5594=CARTESIAN_POINT('',(33.,53.5822840285027,17.9500000201324));
#5595=CARTESIAN_POINT('',(33.,53.4260786232651,17.885297622767));
#5596=CARTESIAN_POINT('',(32.6,53.5027190815509,18.3500000201324));
#5597=CARTESIAN_POINT('',(33.,53.5822840285027,17.9500000201324));
#5598=CARTESIAN_POINT('',(32.6,53.2730052503191,18.2548494357715));
#5599=CARTESIAN_POINT('Origin',(32.8,54.2486404592246,18.1500000201324));
#5600=CARTESIAN_POINT('',(33.,54.4177159714973,17.9500000201324));
#5601=CARTESIAN_POINT('',(33.,54.2486404592246,17.9500000201324));
#5602=CARTESIAN_POINT('',(32.6,54.4972809184491,18.3500000201324));
#5603=CARTESIAN_POINT('',(33.,54.4177159714973,17.9500000201324));
#5604=CARTESIAN_POINT('',(32.6,54.2486404592246,18.3500000201324));
#5605=CARTESIAN_POINT('Origin',(32.8,55.1098857256715,17.8797723605475));
#5606=CARTESIAN_POINT('',(33.,55.1895544444361,17.6302940566798));
#5607=CARTESIAN_POINT('',(33.,55.0333490391985,17.6949964540452));
#5608=CARTESIAN_POINT('',(32.6,55.4161362433763,17.9693976826889));
#5609=CARTESIAN_POINT('',(33.,55.1895544444361,17.6302940566798));
#5610=CARTESIAN_POINT('',(32.6,55.1864224121445,18.0645482670497));
#5611=CARTESIAN_POINT('Origin',(32.8,55.8021609515241,17.3005302620664));
#5612=CARTESIAN_POINT('',(33.,55.7802940365474,17.0395544645685));
#5613=CARTESIAN_POINT('',(33.,55.6607395952868,17.1591089058291));
#5614=CARTESIAN_POINT('',(32.6,56.1193976625564,17.2661362635087));
#5615=CARTESIAN_POINT('',(33.,55.7802940365474,17.0395544645685));
#5616=CARTESIAN_POINT('',(32.6,55.9435823077614,17.4419516183038));
#5617=CARTESIAN_POINT('Origin',(32.8,56.2200735091369,16.5004580833403));
#5618=CARTESIAN_POINT('',(33.,56.1,16.2677159916297));
#5619=CARTESIAN_POINT('',(33.,56.0352976026346,16.4239213968673));
#5620=CARTESIAN_POINT('',(32.6,56.5,16.3472809385816));
#5621=CARTESIAN_POINT('',(33.,56.1,16.2677159916297));
#5622=CARTESIAN_POINT('',(32.6,56.4048494156391,16.5769947698134));
#5623=CARTESIAN_POINT('Origin',(32.8,56.3,15.6013595609078));
#5624=CARTESIAN_POINT('',(33.,56.1,15.4322840486351));
#5625=CARTESIAN_POINT('',(33.,56.1,15.6013595609078));
#5626=CARTESIAN_POINT('',(33.,56.1,15.4322840486351));
#5627=CARTESIAN_POINT('',(32.6,56.5,15.6013595609078));
#5628=CARTESIAN_POINT('Origin',(32.8,56.0297723404151,14.7401142944609));
#5629=CARTESIAN_POINT('',(33.,55.7802940365474,14.6604455756963));
#5630=CARTESIAN_POINT('',(33.,55.8449964339128,14.8166509809339));
#5631=CARTESIAN_POINT('',(33.,55.7802940365474,14.6604455756963));
#5632=CARTESIAN_POINT('Origin',(32.8,55.450530241934,14.0478390686083));
#5633=CARTESIAN_POINT('',(33.,55.1895544444361,14.069705983585));
#5634=CARTESIAN_POINT('',(33.,55.3091088856967,14.1892604248456));
#5635=CARTESIAN_POINT('',(33.,55.1895544444361,14.069705983585));
#5636=CARTESIAN_POINT('Origin',(32.8,54.6504580632079,13.6299265109956));
#5637=CARTESIAN_POINT('',(33.,54.4177159714973,13.7500000201324));
#5638=CARTESIAN_POINT('',(33.,54.5739213767349,13.8147024174978));
#5639=CARTESIAN_POINT('',(33.,54.4177159714973,13.7500000201324));
#5640=CARTESIAN_POINT('Origin',(32.8,53.7513595407754,13.5500000201324));
#5641=CARTESIAN_POINT('',(33.,53.5822840285027,13.7500000201324));
#5642=CARTESIAN_POINT('',(33.,53.7513595407754,13.7500000201324));
#5643=CARTESIAN_POINT('',(33.,53.5822840285027,13.7500000201324));
#5644=CARTESIAN_POINT('Origin',(32.8,52.8901142743285,13.8202276797174));
#5645=CARTESIAN_POINT('',(33.,52.8104455555639,14.069705983585));
#5646=CARTESIAN_POINT('',(33.,52.9666509608015,14.0050035862196));
#5647=CARTESIAN_POINT('',(33.,52.8104455555639,14.069705983585));
#5648=CARTESIAN_POINT('Origin',(32.8,52.1978390484759,14.3994697781984));
#5649=CARTESIAN_POINT('',(33.,52.2197059634526,14.6604455756963));
#5650=CARTESIAN_POINT('',(33.,52.3392604047132,14.5408911344357));
#5651=CARTESIAN_POINT('',(33.,52.2197059634526,14.6604455756963));
#5652=CARTESIAN_POINT('Origin',(32.8,51.7799264908631,15.1995419569245));
#5653=CARTESIAN_POINT('',(33.,51.9647023973654,15.2760786433975));
#5654=CARTESIAN_POINT('Origin',(33.,54.,15.8500000201324));
#5655=CARTESIAN_POINT('Origin',(32.8,3.80398268870245,15.1091177510713));
#5656=CARTESIAN_POINT('',(33.,4.31593075480983,14.506999612058));
#5657=CARTESIAN_POINT('',(33.,3.9,15.3706887239131));
#5658=CARTESIAN_POINT('',(33.,3.98417646228294,15.1958944988948));
#5659=CARTESIAN_POINT('',(33.,3.9,15.3706887239131));
#5660=CARTESIAN_POINT('',(33.,4.31593075480983,14.506999612058));
#5661=CARTESIAN_POINT('Origin',(32.8,3.69999999999999,16.1353043631201));
#5662=CARTESIAN_POINT('',(33.,3.89999999999999,16.3293113163517));
#5663=CARTESIAN_POINT('',(33.,3.89999999999999,16.1353043631201));
#5664=CARTESIAN_POINT('',(32.6,3.49999999999999,16.4206087061078));
#5665=CARTESIAN_POINT('',(33.,3.89999999999999,16.3293113163517));
#5666=CARTESIAN_POINT('',(32.6,3.49999999999999,16.1353043631201));
#5667=CARTESIAN_POINT('Origin',(32.8,4.05156051894641,17.1049829510121));
#5668=CARTESIAN_POINT('',(33.,4.31593075480983,17.1930004282068));
#5669=CARTESIAN_POINT('',(33.,4.23175429252689,17.0182062031886));
#5670=CARTESIAN_POINT('',(32.6,3.9951556604879,17.4488100297448));
#5671=CARTESIAN_POINT('',(33.,4.31593075480983,17.1930004282068));
#5672=CARTESIAN_POINT('',(32.6,3.87136674536592,17.1917596988356));
#5673=CARTESIAN_POINT('Origin',(32.8,4.78903337315754,17.8260967780877));
#5674=CARTESIAN_POINT('',(33.,5.06541207738348,17.7906918384237));
#5675=CARTESIAN_POINT('',(33.,4.91373133352929,17.6697304815941));
#5676=CARTESIAN_POINT('',(32.6,4.88739533021842,18.1603474228602));
#5677=CARTESIAN_POINT('',(33.,5.06541207738348,17.7906918384237));
#5678=CARTESIAN_POINT('',(32.6,4.66433541278579,17.9824630745813));
#5679=CARTESIAN_POINT('Origin',(32.8,5.76635301934586,18.155820407014));
#5680=CARTESIAN_POINT('',(33.,6.,18.0040054330048));
#5681=CARTESIAN_POINT('',(33.,5.81085720613713,17.9608348245777));
#5682=CARTESIAN_POINT('',(32.6,5.99999999999999,18.4142921783138));
#5683=CARTESIAN_POINT('',(33.,6.,18.0040054330048));
#5684=CARTESIAN_POINT('',(32.6,5.7218488325546,18.3508059894504));
#5685=CARTESIAN_POINT('Origin',(32.8,6.78994931554491,18.0288480292872));
#5686=CARTESIAN_POINT('',(33.,6.93458792261651,17.7906918384237));
#5687=CARTESIAN_POINT('',(33.,6.74544512875365,17.8338624468508));
#5688=CARTESIAN_POINT('',(32.6,7.11260466978157,18.1603474228602));
#5689=CARTESIAN_POINT('',(33.,6.93458792261651,17.7906918384237));
#5690=CARTESIAN_POINT('',(32.6,6.83445350233617,18.2238336117236));
#5691=CARTESIAN_POINT('Origin',(32.8,7.65708646170771,17.4703280815301));
#5692=CARTESIAN_POINT('',(33.,7.68406924519016,17.1930004282069));
#5693=CARTESIAN_POINT('',(33.,7.53238850133597,17.3139617850365));
#5694=CARTESIAN_POINT('',(32.6,8.00484433951209,17.4488100297448));
#5695=CARTESIAN_POINT('',(33.,7.68406924519016,17.1930004282069));
#5696=CARTESIAN_POINT('',(32.6,7.78178442207946,17.6266943780237));
#5697=CARTESIAN_POINT('Origin',(32.8,8.19601731129754,16.5908822891935));
#5698=CARTESIAN_POINT('',(33.,8.09999999999999,16.3293113163517));
#5699=CARTESIAN_POINT('',(33.,8.01582353771705,16.50410554137));
#5700=CARTESIAN_POINT('',(33.,8.09999999999999,16.3293113163517));
#5701=CARTESIAN_POINT('',(32.6,8.37621108487802,16.6776590370171));
#5702=CARTESIAN_POINT('Origin',(32.8,8.3,15.5646956771447));
#5703=CARTESIAN_POINT('',(33.,8.1,15.3706887239131));
#5704=CARTESIAN_POINT('',(33.,8.1,15.5646956771447));
#5705=CARTESIAN_POINT('',(33.,8.1,15.3706887239131));
#5706=CARTESIAN_POINT('Origin',(32.8,7.94843948105359,14.5950170892528));
#5707=CARTESIAN_POINT('',(33.,7.68406924519016,14.506999612058));
#5708=CARTESIAN_POINT('',(33.,7.7682457074731,14.6817938370763));
#5709=CARTESIAN_POINT('',(33.,7.68406924519016,14.506999612058));
#5710=CARTESIAN_POINT('Origin',(32.8,7.21096662684245,13.8739032621771));
#5711=CARTESIAN_POINT('',(33.,6.93458792261651,13.9093082018411));
#5712=CARTESIAN_POINT('',(33.,7.08626866647071,14.0302695586707));
#5713=CARTESIAN_POINT('',(33.,6.93458792261651,13.9093082018411));
#5714=CARTESIAN_POINT('Origin',(32.8,6.23364698065413,13.5441796332508));
#5715=CARTESIAN_POINT('',(33.,6.,13.6959946072601));
#5716=CARTESIAN_POINT('',(33.,6.18914279386286,13.7391652156872));
#5717=CARTESIAN_POINT('',(33.,6.,13.6959946072601));
#5718=CARTESIAN_POINT('Origin',(32.8,5.21005068445508,13.6711520109776));
#5719=CARTESIAN_POINT('',(33.,5.06541207738348,13.9093082018411));
#5720=CARTESIAN_POINT('',(33.,5.25455487124634,13.866137593414));
#5721=CARTESIAN_POINT('',(33.,5.06541207738348,13.9093082018411));
#5722=CARTESIAN_POINT('Origin',(32.8,4.34291353829228,14.2296719587348));
#5723=CARTESIAN_POINT('',(33.,4.46761149866402,14.3860382552284));
#5724=CARTESIAN_POINT('Origin',(33.,6.,15.8500000201324));
#5725=CARTESIAN_POINT('Origin',(30.,51.8806023374436,17.2661362635087));
#5726=CARTESIAN_POINT('',(30.,51.8806023374436,17.2661362635087));
#5727=CARTESIAN_POINT('Origin',(30.,52.5838637566237,17.9693976826888));
#5728=CARTESIAN_POINT('',(30.,52.5838637566237,17.9693976826888));
#5729=CARTESIAN_POINT('Origin',(30.,53.5027190815509,18.3500000201324));
#5730=CARTESIAN_POINT('',(30.,53.5027190815509,18.3500000201324));
#5731=CARTESIAN_POINT('Origin',(30.,54.4972809184491,18.3500000201324));
#5732=CARTESIAN_POINT('',(30.,54.4972809184491,18.3500000201324));
#5733=CARTESIAN_POINT('Origin',(30.,55.4161362433763,17.9693976826889));
#5734=CARTESIAN_POINT('',(30.,55.4161362433763,17.9693976826889));
#5735=CARTESIAN_POINT('Origin',(30.,56.1193976625564,17.2661362635087));
#5736=CARTESIAN_POINT('',(30.,56.1193976625564,17.2661362635087));
#5737=CARTESIAN_POINT('Origin',(30.,56.5,16.3472809385816));
#5738=CARTESIAN_POINT('',(30.,56.5,16.3472809385816));
#5739=CARTESIAN_POINT('Origin',(30.,56.5,15.3527191016833));
#5740=CARTESIAN_POINT('Origin',(30.,3.49999999999999,16.4206087061078));
#5741=CARTESIAN_POINT('',(30.,3.49999999999999,16.4206087061078));
#5742=CARTESIAN_POINT('Origin',(30.,3.9951556604879,17.4488100297448));
#5743=CARTESIAN_POINT('',(30.,3.9951556604879,17.4488100297448));
#5744=CARTESIAN_POINT('Origin',(30.,4.88739533021842,18.1603474228602));
#5745=CARTESIAN_POINT('',(30.,4.88739533021842,18.1603474228602));
#5746=CARTESIAN_POINT('Origin',(30.,5.99999999999999,18.4142921783138));
#5747=CARTESIAN_POINT('',(30.,5.99999999999999,18.4142921783138));
#5748=CARTESIAN_POINT('Origin',(30.,7.11260466978157,18.1603474228602));
#5749=CARTESIAN_POINT('',(30.,7.11260466978157,18.1603474228602));
#5750=CARTESIAN_POINT('Origin',(30.,8.00484433951209,17.4488100297448));
#5751=CARTESIAN_POINT('',(30.,8.00484433951209,17.4488100297448));
#5752=CARTESIAN_POINT('Origin',(30.,8.49999999999999,16.4206087061078));
#5753=CARTESIAN_POINT('Origin',(23.45,34.125,16.35));
#5754=CARTESIAN_POINT('',(23.45,22.375,28.2));
#5755=CARTESIAN_POINT('',(23.45,17.0625,28.2));
#5756=CARTESIAN_POINT('',(23.45,22.375,20.7));
#5757=CARTESIAN_POINT('',(23.45,22.375,23.525));
#5758=CARTESIAN_POINT('',(23.45,17.8,20.7));
#5759=CARTESIAN_POINT('',(23.45,28.25,20.7));
#5760=CARTESIAN_POINT('',(23.45,17.8,17.55));
#5761=CARTESIAN_POINT('',(23.45,17.8,18.525));
#5762=CARTESIAN_POINT('',(23.45,22.375,17.55));
#5763=CARTESIAN_POINT('',(23.45,25.9625,17.55));
#5764=CARTESIAN_POINT('',(23.45,22.375,7.00000001490116));
#5765=CARTESIAN_POINT('',(23.45,22.375,16.95));
#5766=CARTESIAN_POINT('',(23.45,0.,7.00000001490116));
#5767=CARTESIAN_POINT('',(23.45,22.375,7.00000001490116));
#5768=CARTESIAN_POINT('',(23.45,0.,0.));
#5769=CARTESIAN_POINT('Origin',(0.,0.,28.2));
#5770=CARTESIAN_POINT('',(0.,45.875,28.2));
#5771=CARTESIAN_POINT('',(0.,60.0000008940697,28.2));
#5772=CARTESIAN_POINT('',(30.,60.,28.2));
#5773=CARTESIAN_POINT('',(0.,0.,28.2));
#5774=CARTESIAN_POINT('',(0.,30.,28.2));
#5775=CARTESIAN_POINT('',(0.,0.,28.2));
#5776=CARTESIAN_POINT('',(0.,22.375,28.2));
#5777=CARTESIAN_POINT('Origin',(30.,0.,7.00000001490116));
#5778=CARTESIAN_POINT('',(15.,0.,7.00000001490116));
#5779=CARTESIAN_POINT('',(15.,22.375,7.00000001490116));
#5780=CARTESIAN_POINT('Origin',(0.,0.,0.));
#5781=CARTESIAN_POINT('',(0.,0.,0.));
#5782=CARTESIAN_POINT('Origin',(0.,45.875,20.7));
#5783=CARTESIAN_POINT('',(0.,45.875,20.7));
#5784=CARTESIAN_POINT('Origin',(0.,22.375,30.7));
#5785=CARTESIAN_POINT('',(0.,22.375,20.7));
#5786=CARTESIAN_POINT('Origin',(0.,50.45,20.7));
#5787=CARTESIAN_POINT('',(0.,50.45,20.7));
#5788=CARTESIAN_POINT('Origin',(0.,50.45,17.55));
#5789=CARTESIAN_POINT('',(0.,50.45,17.55));
#5790=CARTESIAN_POINT('Origin',(0.,45.875,17.55));
#5791=CARTESIAN_POINT('Origin',(0.,22.375,17.55));
#5792=CARTESIAN_POINT('',(0.,22.375,17.55));
#5793=CARTESIAN_POINT('Origin',(0.,17.8,17.55));
#5794=CARTESIAN_POINT('',(0.,17.8,17.55));
#5795=CARTESIAN_POINT('Origin',(0.,17.8,20.7));
#5796=CARTESIAN_POINT('',(0.,17.8,20.7));
#5797=CARTESIAN_POINT('Origin',(0.,22.375,20.7));
#5798=CARTESIAN_POINT('Origin',(0.,60.,0.));
#5799=CARTESIAN_POINT('',(0.,60.,0.));
#5800=CARTESIAN_POINT('Origin',(60.,60.,0.));
#5801=UNCERTAINTY_MEASURE_WITH_UNIT(LENGTH_MEASURE(0.01),#5805,
'DISTANCE_ACCURACY_VALUE',
'Maximum model space distance between geometric entities at asserted c
onnectivities');
#5802=UNCERTAINTY_MEASURE_WITH_UNIT(LENGTH_MEASURE(0.01),#5805,
'DISTANCE_ACCURACY_VALUE',
'Maximum model space distance between geometric entities at asserted c
onnectivities');
#5803=(
GEOMETRIC_REPRESENTATION_CONTEXT(3)
GLOBAL_UNCERTAINTY_ASSIGNED_CONTEXT((#5801))
GLOBAL_UNIT_ASSIGNED_CONTEXT((#5805,#5807,#5808))
REPRESENTATION_CONTEXT('','3D')
);
#5804=(
GEOMETRIC_REPRESENTATION_CONTEXT(3)
GLOBAL_UNCERTAINTY_ASSIGNED_CONTEXT((#5802))
GLOBAL_UNIT_ASSIGNED_CONTEXT((#5805,#5807,#5808))
REPRESENTATION_CONTEXT('','3D')
);
#5805=(
LENGTH_UNIT()
NAMED_UNIT(*)
SI_UNIT(.MILLI.,.METRE.)
);
#5806=(
LENGTH_UNIT()
NAMED_UNIT(*)
SI_UNIT($,.METRE.)
);
#5807=(
NAMED_UNIT(*)
PLANE_ANGLE_UNIT()
SI_UNIT($,.RADIAN.)
);
#5808=(
NAMED_UNIT(*)
SI_UNIT($,.STERADIAN.)
SOLID_ANGLE_UNIT()
);
#5809=SHAPE_DEFINITION_REPRESENTATION(#5810,#5811);
#5810=PRODUCT_DEFINITION_SHAPE('',$,#5813);
#5811=SHAPE_REPRESENTATION('',(#3557),#5803);
#5812=PRODUCT_DEFINITION_CONTEXT('part definition',#5817,'design');
#5813=PRODUCT_DEFINITION('sg90_1_convex','sg90_1_convex v23',#5814,#5812);
#5814=PRODUCT_DEFINITION_FORMATION('',$,#5819);
#5815=PRODUCT_RELATED_PRODUCT_CATEGORY('sg90_1_convex v23',
'sg90_1_convex v23',(#5819));
#5816=APPLICATION_PROTOCOL_DEFINITION('international standard',
'automotive_design',2009,#5817);
#5817=APPLICATION_CONTEXT(
'Core Data for Automotive Mechanical Design Process');
#5818=PRODUCT_CONTEXT('part definition',#5817,'mechanical');
#5819=PRODUCT('sg90_1_convex','sg90_1_convex v23',$,(#5818));
#5820=PRESENTATION_STYLE_ASSIGNMENT((#5821));
#5821=SURFACE_STYLE_USAGE(.BOTH.,#5822);
#5822=SURFACE_SIDE_STYLE('',(#5823));
#5823=SURFACE_STYLE_FILL_AREA(#5824);
#5824=FILL_AREA_STYLE('\X2\92FC\X0\ - \X2\30B530C630F3\X0\',(#5825));
#5825=FILL_AREA_STYLE_COLOUR('\X2\92FC\X0\ - \X2\30B530C630F3\X0\',#5826);
#5826=COLOUR_RGB('\X2\92FC\X0\ - \X2\30B530C630F3\X0\',0.627450980392157,
0.627450980392157,0.627450980392157);
ENDSEC;
END-ISO-10303-21;
