ISO-10303-21;
HEADER;
/* Generated by software containing ST-Developer
 * from STEP Tools, Inc. (www.steptools.com) 
 */

FILE_DESCRIPTION(
/* description */ (''),
/* implementation_level */ '2;1');

FILE_NAME(
/* name */ 'sg90_arm_base_boko.step',
/* time_stamp */ '2026-02-01T19:35:46+09:00',
/* author */ (''),
/* organization */ (''),
/* preprocessor_version */ 'ST-DEVELOPER v20.1',
/* originating_system */ 'Autodesk Translation Framework v14.24.0.0',
/* authorisation */ '');

FILE_SCHEMA (('AUTOMOTIVE_DESIGN { 1 0 10303 214 3 1 1 }'));
ENDSEC;

DATA;
#10=MECHANICAL_DESIGN_GEOMETRIC_PRESENTATION_REPRESENTATION('',(#13),#4745);
#11=SHAPE_REPRESENTATION_RELATIONSHIP('SRR','None',#4752,#12);
#12=ADVANCED_BREP_SHAPE_REPRESENTATION('',(#14),#4744);
#13=STYLED_ITEM('',(#4761),#14);
#14=MANIFOLD_SOLID_BREP('\X2\30DC30C730A3\X0\9',#2901);
#15=CIRCLE('',#3119,5.);
#16=CIRCLE('',#3121,5.);
#17=FACE_BOUND('',#338,.T.);
#18=FACE_BOUND('',#364,.T.);
#19=FACE_BOUND('',#390,.T.);
#20=PLANE('',#2947);
#21=PLANE('',#2948);
#22=PLANE('',#2949);
#23=PLANE('',#2950);
#24=PLANE('',#2951);
#25=PLANE('',#2952);
#26=PLANE('',#2953);
#27=PLANE('',#2954);
#28=PLANE('',#2955);
#29=PLANE('',#2988);
#30=PLANE('',#2989);
#31=PLANE('',#2990);
#32=PLANE('',#2991);
#33=PLANE('',#2992);
#34=PLANE('',#2993);
#35=PLANE('',#2994);
#36=PLANE('',#2995);
#37=PLANE('',#2996);
#38=PLANE('',#3029);
#39=PLANE('',#3030);
#40=PLANE('',#3031);
#41=PLANE('',#3032);
#42=PLANE('',#3033);
#43=PLANE('',#3034);
#44=PLANE('',#3035);
#45=PLANE('',#3036);
#46=PLANE('',#3037);
#47=PLANE('',#3038);
#48=PLANE('',#3039);
#49=PLANE('',#3040);
#50=PLANE('',#3041);
#51=PLANE('',#3042);
#52=PLANE('',#3043);
#53=PLANE('',#3044);
#54=PLANE('',#3045);
#55=PLANE('',#3046);
#56=PLANE('',#3047);
#57=PLANE('',#3048);
#58=PLANE('',#3049);
#59=PLANE('',#3050);
#60=PLANE('',#3051);
#61=PLANE('',#3052);
#62=PLANE('',#3053);
#63=PLANE('',#3054);
#64=PLANE('',#3055);
#65=PLANE('',#3056);
#66=PLANE('',#3057);
#67=PLANE('',#3058);
#68=PLANE('',#3059);
#69=PLANE('',#3060);
#70=PLANE('',#3061);
#71=PLANE('',#3062);
#72=PLANE('',#3063);
#73=PLANE('',#3064);
#74=PLANE('',#3065);
#75=PLANE('',#3066);
#76=PLANE('',#3067);
#77=PLANE('',#3068);
#78=PLANE('',#3069);
#79=PLANE('',#3070);
#80=PLANE('',#3071);
#81=PLANE('',#3072);
#82=PLANE('',#3073);
#83=PLANE('',#3074);
#84=PLANE('',#3075);
#85=PLANE('',#3076);
#86=PLANE('',#3077);
#87=PLANE('',#3078);
#88=PLANE('',#3079);
#89=PLANE('',#3080);
#90=PLANE('',#3081);
#91=PLANE('',#3082);
#92=PLANE('',#3083);
#93=PLANE('',#3084);
#94=PLANE('',#3085);
#95=PLANE('',#3086);
#96=PLANE('',#3087);
#97=PLANE('',#3088);
#98=PLANE('',#3089);
#99=PLANE('',#3090);
#100=PLANE('',#3091);
#101=PLANE('',#3092);
#102=PLANE('',#3093);
#103=PLANE('',#3094);
#104=PLANE('',#3095);
#105=PLANE('',#3096);
#106=PLANE('',#3097);
#107=PLANE('',#3098);
#108=PLANE('',#3099);
#109=PLANE('',#3100);
#110=PLANE('',#3101);
#111=PLANE('',#3102);
#112=PLANE('',#3103);
#113=PLANE('',#3104);
#114=PLANE('',#3105);
#115=PLANE('',#3106);
#116=PLANE('',#3107);
#117=PLANE('',#3108);
#118=PLANE('',#3109);
#119=PLANE('',#3110);
#120=PLANE('',#3111);
#121=PLANE('',#3112);
#122=PLANE('',#3113);
#123=PLANE('',#3114);
#124=PLANE('',#3115);
#125=PLANE('',#3116);
#126=PLANE('',#3117);
#127=PLANE('',#3118);
#128=PLANE('',#3122);
#129=PLANE('',#3123);
#130=PLANE('',#3124);
#131=PLANE('',#3125);
#132=PLANE('',#3126);
#133=PLANE('',#3127);
#134=PLANE('',#3128);
#135=PLANE('',#3129);
#136=PLANE('',#3130);
#137=PLANE('',#3131);
#138=PLANE('',#3132);
#139=PLANE('',#3133);
#140=PLANE('',#3134);
#141=PLANE('',#3135);
#142=FACE_OUTER_BOUND('',#313,.T.);
#143=FACE_OUTER_BOUND('',#314,.T.);
#144=FACE_OUTER_BOUND('',#315,.T.);
#145=FACE_OUTER_BOUND('',#316,.T.);
#146=FACE_OUTER_BOUND('',#317,.T.);
#147=FACE_OUTER_BOUND('',#318,.T.);
#148=FACE_OUTER_BOUND('',#319,.T.);
#149=FACE_OUTER_BOUND('',#320,.T.);
#150=FACE_OUTER_BOUND('',#321,.T.);
#151=FACE_OUTER_BOUND('',#322,.T.);
#152=FACE_OUTER_BOUND('',#323,.T.);
#153=FACE_OUTER_BOUND('',#324,.T.);
#154=FACE_OUTER_BOUND('',#325,.T.);
#155=FACE_OUTER_BOUND('',#326,.T.);
#156=FACE_OUTER_BOUND('',#327,.T.);
#157=FACE_OUTER_BOUND('',#328,.T.);
#158=FACE_OUTER_BOUND('',#329,.T.);
#159=FACE_OUTER_BOUND('',#330,.T.);
#160=FACE_OUTER_BOUND('',#331,.T.);
#161=FACE_OUTER_BOUND('',#332,.T.);
#162=FACE_OUTER_BOUND('',#333,.T.);
#163=FACE_OUTER_BOUND('',#334,.T.);
#164=FACE_OUTER_BOUND('',#335,.T.);
#165=FACE_OUTER_BOUND('',#336,.T.);
#166=FACE_OUTER_BOUND('',#337,.T.);
#167=FACE_OUTER_BOUND('',#339,.T.);
#168=FACE_OUTER_BOUND('',#340,.T.);
#169=FACE_OUTER_BOUND('',#341,.T.);
#170=FACE_OUTER_BOUND('',#342,.T.);
#171=FACE_OUTER_BOUND('',#343,.T.);
#172=FACE_OUTER_BOUND('',#344,.T.);
#173=FACE_OUTER_BOUND('',#345,.T.);
#174=FACE_OUTER_BOUND('',#346,.T.);
#175=FACE_OUTER_BOUND('',#347,.T.);
#176=FACE_OUTER_BOUND('',#348,.T.);
#177=FACE_OUTER_BOUND('',#349,.T.);
#178=FACE_OUTER_BOUND('',#350,.T.);
#179=FACE_OUTER_BOUND('',#351,.T.);
#180=FACE_OUTER_BOUND('',#352,.T.);
#181=FACE_OUTER_BOUND('',#353,.T.);
#182=FACE_OUTER_BOUND('',#354,.T.);
#183=FACE_OUTER_BOUND('',#355,.T.);
#184=FACE_OUTER_BOUND('',#356,.T.);
#185=FACE_OUTER_BOUND('',#357,.T.);
#186=FACE_OUTER_BOUND('',#358,.T.);
#187=FACE_OUTER_BOUND('',#359,.T.);
#188=FACE_OUTER_BOUND('',#360,.T.);
#189=FACE_OUTER_BOUND('',#361,.T.);
#190=FACE_OUTER_BOUND('',#362,.T.);
#191=FACE_OUTER_BOUND('',#363,.T.);
#192=FACE_OUTER_BOUND('',#365,.T.);
#193=FACE_OUTER_BOUND('',#366,.T.);
#194=FACE_OUTER_BOUND('',#367,.T.);
#195=FACE_OUTER_BOUND('',#368,.T.);
#196=FACE_OUTER_BOUND('',#369,.T.);
#197=FACE_OUTER_BOUND('',#370,.T.);
#198=FACE_OUTER_BOUND('',#371,.T.);
#199=FACE_OUTER_BOUND('',#372,.T.);
#200=FACE_OUTER_BOUND('',#373,.T.);
#201=FACE_OUTER_BOUND('',#374,.T.);
#202=FACE_OUTER_BOUND('',#375,.T.);
#203=FACE_OUTER_BOUND('',#376,.T.);
#204=FACE_OUTER_BOUND('',#377,.T.);
#205=FACE_OUTER_BOUND('',#378,.T.);
#206=FACE_OUTER_BOUND('',#379,.T.);
#207=FACE_OUTER_BOUND('',#380,.T.);
#208=FACE_OUTER_BOUND('',#381,.T.);
#209=FACE_OUTER_BOUND('',#382,.T.);
#210=FACE_OUTER_BOUND('',#383,.T.);
#211=FACE_OUTER_BOUND('',#384,.T.);
#212=FACE_OUTER_BOUND('',#385,.T.);
#213=FACE_OUTER_BOUND('',#386,.T.);
#214=FACE_OUTER_BOUND('',#387,.T.);
#215=FACE_OUTER_BOUND('',#388,.T.);
#216=FACE_OUTER_BOUND('',#389,.T.);
#217=FACE_OUTER_BOUND('',#391,.T.);
#218=FACE_OUTER_BOUND('',#392,.T.);
#219=FACE_OUTER_BOUND('',#393,.T.);
#220=FACE_OUTER_BOUND('',#394,.T.);
#221=FACE_OUTER_BOUND('',#395,.T.);
#222=FACE_OUTER_BOUND('',#396,.T.);
#223=FACE_OUTER_BOUND('',#397,.T.);
#224=FACE_OUTER_BOUND('',#398,.T.);
#225=FACE_OUTER_BOUND('',#399,.T.);
#226=FACE_OUTER_BOUND('',#400,.T.);
#227=FACE_OUTER_BOUND('',#401,.T.);
#228=FACE_OUTER_BOUND('',#402,.T.);
#229=FACE_OUTER_BOUND('',#403,.T.);
#230=FACE_OUTER_BOUND('',#404,.T.);
#231=FACE_OUTER_BOUND('',#405,.T.);
#232=FACE_OUTER_BOUND('',#406,.T.);
#233=FACE_OUTER_BOUND('',#407,.T.);
#234=FACE_OUTER_BOUND('',#408,.T.);
#235=FACE_OUTER_BOUND('',#409,.T.);
#236=FACE_OUTER_BOUND('',#410,.T.);
#237=FACE_OUTER_BOUND('',#411,.T.);
#238=FACE_OUTER_BOUND('',#412,.T.);
#239=FACE_OUTER_BOUND('',#413,.T.);
#240=FACE_OUTER_BOUND('',#414,.T.);
#241=FACE_OUTER_BOUND('',#415,.T.);
#242=FACE_OUTER_BOUND('',#416,.T.);
#243=FACE_OUTER_BOUND('',#417,.T.);
#244=FACE_OUTER_BOUND('',#418,.T.);
#245=FACE_OUTER_BOUND('',#419,.T.);
#246=FACE_OUTER_BOUND('',#420,.T.);
#247=FACE_OUTER_BOUND('',#421,.T.);
#248=FACE_OUTER_BOUND('',#422,.T.);
#249=FACE_OUTER_BOUND('',#423,.T.);
#250=FACE_OUTER_BOUND('',#424,.T.);
#251=FACE_OUTER_BOUND('',#425,.T.);
#252=FACE_OUTER_BOUND('',#426,.T.);
#253=FACE_OUTER_BOUND('',#427,.T.);
#254=FACE_OUTER_BOUND('',#428,.T.);
#255=FACE_OUTER_BOUND('',#429,.T.);
#256=FACE_OUTER_BOUND('',#430,.T.);
#257=FACE_OUTER_BOUND('',#431,.T.);
#258=FACE_OUTER_BOUND('',#432,.T.);
#259=FACE_OUTER_BOUND('',#433,.T.);
#260=FACE_OUTER_BOUND('',#434,.T.);
#261=FACE_OUTER_BOUND('',#435,.T.);
#262=FACE_OUTER_BOUND('',#436,.T.);
#263=FACE_OUTER_BOUND('',#437,.T.);
#264=FACE_OUTER_BOUND('',#438,.T.);
#265=FACE_OUTER_BOUND('',#439,.T.);
#266=FACE_OUTER_BOUND('',#440,.T.);
#267=FACE_OUTER_BOUND('',#441,.T.);
#268=FACE_OUTER_BOUND('',#442,.T.);
#269=FACE_OUTER_BOUND('',#443,.T.);
#270=FACE_OUTER_BOUND('',#444,.T.);
#271=FACE_OUTER_BOUND('',#445,.T.);
#272=FACE_OUTER_BOUND('',#446,.T.);
#273=FACE_OUTER_BOUND('',#447,.T.);
#274=FACE_OUTER_BOUND('',#448,.T.);
#275=FACE_OUTER_BOUND('',#449,.T.);
#276=FACE_OUTER_BOUND('',#450,.T.);
#277=FACE_OUTER_BOUND('',#451,.T.);
#278=FACE_OUTER_BOUND('',#452,.T.);
#279=FACE_OUTER_BOUND('',#453,.T.);
#280=FACE_OUTER_BOUND('',#454,.T.);
#281=FACE_OUTER_BOUND('',#455,.T.);
#282=FACE_OUTER_BOUND('',#456,.T.);
#283=FACE_OUTER_BOUND('',#457,.T.);
#284=FACE_OUTER_BOUND('',#458,.T.);
#285=FACE_OUTER_BOUND('',#459,.T.);
#286=FACE_OUTER_BOUND('',#460,.T.);
#287=FACE_OUTER_BOUND('',#461,.T.);
#288=FACE_OUTER_BOUND('',#462,.T.);
#289=FACE_OUTER_BOUND('',#463,.T.);
#290=FACE_OUTER_BOUND('',#464,.T.);
#291=FACE_OUTER_BOUND('',#465,.T.);
#292=FACE_OUTER_BOUND('',#466,.T.);
#293=FACE_OUTER_BOUND('',#467,.T.);
#294=FACE_OUTER_BOUND('',#468,.T.);
#295=FACE_OUTER_BOUND('',#469,.T.);
#296=FACE_OUTER_BOUND('',#470,.T.);
#297=FACE_OUTER_BOUND('',#471,.T.);
#298=FACE_OUTER_BOUND('',#472,.T.);
#299=FACE_OUTER_BOUND('',#473,.T.);
#300=FACE_OUTER_BOUND('',#474,.T.);
#301=FACE_OUTER_BOUND('',#475,.T.);
#302=FACE_OUTER_BOUND('',#476,.T.);
#303=FACE_OUTER_BOUND('',#477,.T.);
#304=FACE_OUTER_BOUND('',#478,.T.);
#305=FACE_OUTER_BOUND('',#479,.T.);
#306=FACE_OUTER_BOUND('',#480,.T.);
#307=FACE_OUTER_BOUND('',#481,.T.);
#308=FACE_OUTER_BOUND('',#482,.T.);
#309=FACE_OUTER_BOUND('',#483,.T.);
#310=FACE_OUTER_BOUND('',#484,.T.);
#311=FACE_OUTER_BOUND('',#485,.T.);
#312=FACE_OUTER_BOUND('',#486,.T.);
#313=EDGE_LOOP('',(#1877,#1878,#1879,#1880));
#314=EDGE_LOOP('',(#1881,#1882,#1883,#1884));
#315=EDGE_LOOP('',(#1885,#1886,#1887,#1888));
#316=EDGE_LOOP('',(#1889,#1890,#1891,#1892));
#317=EDGE_LOOP('',(#1893,#1894,#1895,#1896));
#318=EDGE_LOOP('',(#1897,#1898,#1899,#1900));
#319=EDGE_LOOP('',(#1901,#1902,#1903,#1904));
#320=EDGE_LOOP('',(#1905,#1906,#1907,#1908));
#321=EDGE_LOOP('',(#1909,#1910,#1911,#1912));
#322=EDGE_LOOP('',(#1913,#1914,#1915,#1916));
#323=EDGE_LOOP('',(#1917,#1918,#1919,#1920));
#324=EDGE_LOOP('',(#1921,#1922,#1923,#1924));
#325=EDGE_LOOP('',(#1925,#1926,#1927,#1928));
#326=EDGE_LOOP('',(#1929,#1930,#1931,#1932));
#327=EDGE_LOOP('',(#1933,#1934,#1935,#1936));
#328=EDGE_LOOP('',(#1937,#1938,#1939,#1940));
#329=EDGE_LOOP('',(#1941,#1942,#1943,#1944));
#330=EDGE_LOOP('',(#1945,#1946,#1947,#1948));
#331=EDGE_LOOP('',(#1949,#1950,#1951,#1952));
#332=EDGE_LOOP('',(#1953,#1954,#1955,#1956));
#333=EDGE_LOOP('',(#1957,#1958,#1959,#1960));
#334=EDGE_LOOP('',(#1961,#1962,#1963,#1964));
#335=EDGE_LOOP('',(#1965,#1966,#1967,#1968));
#336=EDGE_LOOP('',(#1969,#1970,#1971,#1972));
#337=EDGE_LOOP('',(#1973,#1974,#1975,#1976));
#338=EDGE_LOOP('',(#1977,#1978,#1979,#1980,#1981,#1982,#1983,#1984,#1985,
#1986,#1987,#1988,#1989,#1990,#1991,#1992));
#339=EDGE_LOOP('',(#1993,#1994,#1995,#1996));
#340=EDGE_LOOP('',(#1997,#1998,#1999,#2000));
#341=EDGE_LOOP('',(#2001,#2002,#2003,#2004));
#342=EDGE_LOOP('',(#2005,#2006,#2007,#2008));
#343=EDGE_LOOP('',(#2009,#2010,#2011,#2012));
#344=EDGE_LOOP('',(#2013,#2014,#2015,#2016));
#345=EDGE_LOOP('',(#2017,#2018,#2019,#2020));
#346=EDGE_LOOP('',(#2021,#2022,#2023,#2024));
#347=EDGE_LOOP('',(#2025,#2026,#2027,#2028));
#348=EDGE_LOOP('',(#2029,#2030,#2031,#2032));
#349=EDGE_LOOP('',(#2033,#2034,#2035,#2036));
#350=EDGE_LOOP('',(#2037,#2038,#2039,#2040));
#351=EDGE_LOOP('',(#2041,#2042,#2043,#2044));
#352=EDGE_LOOP('',(#2045,#2046,#2047,#2048));
#353=EDGE_LOOP('',(#2049,#2050,#2051,#2052));
#354=EDGE_LOOP('',(#2053,#2054,#2055,#2056));
#355=EDGE_LOOP('',(#2057,#2058,#2059,#2060));
#356=EDGE_LOOP('',(#2061,#2062,#2063,#2064));
#357=EDGE_LOOP('',(#2065,#2066,#2067,#2068));
#358=EDGE_LOOP('',(#2069,#2070,#2071,#2072));
#359=EDGE_LOOP('',(#2073,#2074,#2075,#2076));
#360=EDGE_LOOP('',(#2077,#2078,#2079,#2080));
#361=EDGE_LOOP('',(#2081,#2082,#2083,#2084));
#362=EDGE_LOOP('',(#2085,#2086,#2087,#2088));
#363=EDGE_LOOP('',(#2089,#2090,#2091,#2092,#2093,#2094,#2095,#2096,#2097,
#2098,#2099,#2100,#2101,#2102));
#364=EDGE_LOOP('',(#2103,#2104,#2105,#2106,#2107,#2108,#2109,#2110,#2111,
#2112,#2113,#2114,#2115,#2116,#2117,#2118));
#365=EDGE_LOOP('',(#2119,#2120,#2121,#2122));
#366=EDGE_LOOP('',(#2123,#2124,#2125,#2126));
#367=EDGE_LOOP('',(#2127,#2128,#2129,#2130));
#368=EDGE_LOOP('',(#2131,#2132,#2133,#2134));
#369=EDGE_LOOP('',(#2135,#2136,#2137,#2138));
#370=EDGE_LOOP('',(#2139,#2140,#2141,#2142));
#371=EDGE_LOOP('',(#2143,#2144,#2145,#2146));
#372=EDGE_LOOP('',(#2147,#2148,#2149,#2150));
#373=EDGE_LOOP('',(#2151,#2152,#2153,#2154));
#374=EDGE_LOOP('',(#2155,#2156,#2157,#2158));
#375=EDGE_LOOP('',(#2159,#2160,#2161,#2162));
#376=EDGE_LOOP('',(#2163,#2164,#2165,#2166));
#377=EDGE_LOOP('',(#2167,#2168,#2169,#2170));
#378=EDGE_LOOP('',(#2171,#2172,#2173,#2174));
#379=EDGE_LOOP('',(#2175,#2176,#2177,#2178));
#380=EDGE_LOOP('',(#2179,#2180,#2181,#2182));
#381=EDGE_LOOP('',(#2183,#2184,#2185,#2186));
#382=EDGE_LOOP('',(#2187,#2188,#2189,#2190));
#383=EDGE_LOOP('',(#2191,#2192,#2193,#2194));
#384=EDGE_LOOP('',(#2195,#2196,#2197,#2198));
#385=EDGE_LOOP('',(#2199,#2200,#2201,#2202));
#386=EDGE_LOOP('',(#2203,#2204,#2205,#2206));
#387=EDGE_LOOP('',(#2207,#2208,#2209,#2210));
#388=EDGE_LOOP('',(#2211,#2212,#2213,#2214));
#389=EDGE_LOOP('',(#2215,#2216,#2217,#2218,#2219,#2220,#2221,#2222));
#390=EDGE_LOOP('',(#2223,#2224,#2225,#2226,#2227,#2228,#2229,#2230,#2231,
#2232,#2233,#2234,#2235,#2236,#2237,#2238));
#391=EDGE_LOOP('',(#2239,#2240,#2241,#2242));
#392=EDGE_LOOP('',(#2243,#2244,#2245,#2246));
#393=EDGE_LOOP('',(#2247,#2248,#2249,#2250));
#394=EDGE_LOOP('',(#2251,#2252,#2253,#2254));
#395=EDGE_LOOP('',(#2255,#2256,#2257,#2258));
#396=EDGE_LOOP('',(#2259,#2260,#2261,#2262));
#397=EDGE_LOOP('',(#2263,#2264,#2265,#2266));
#398=EDGE_LOOP('',(#2267,#2268,#2269,#2270));
#399=EDGE_LOOP('',(#2271,#2272,#2273,#2274));
#400=EDGE_LOOP('',(#2275,#2276,#2277,#2278));
#401=EDGE_LOOP('',(#2279,#2280,#2281,#2282));
#402=EDGE_LOOP('',(#2283,#2284,#2285,#2286));
#403=EDGE_LOOP('',(#2287,#2288,#2289,#2290));
#404=EDGE_LOOP('',(#2291,#2292,#2293,#2294));
#405=EDGE_LOOP('',(#2295,#2296,#2297,#2298));
#406=EDGE_LOOP('',(#2299,#2300,#2301,#2302));
#407=EDGE_LOOP('',(#2303,#2304,#2305,#2306,#2307,#2308,#2309,#2310,#2311,
#2312,#2313,#2314,#2315,#2316,#2317,#2318));
#408=EDGE_LOOP('',(#2319,#2320,#2321,#2322));
#409=EDGE_LOOP('',(#2323,#2324,#2325,#2326));
#410=EDGE_LOOP('',(#2327,#2328,#2329,#2330));
#411=EDGE_LOOP('',(#2331,#2332,#2333,#2334));
#412=EDGE_LOOP('',(#2335,#2336,#2337,#2338));
#413=EDGE_LOOP('',(#2339,#2340,#2341,#2342));
#414=EDGE_LOOP('',(#2343,#2344,#2345,#2346));
#415=EDGE_LOOP('',(#2347,#2348,#2349,#2350));
#416=EDGE_LOOP('',(#2351,#2352,#2353,#2354));
#417=EDGE_LOOP('',(#2355,#2356,#2357,#2358));
#418=EDGE_LOOP('',(#2359,#2360,#2361,#2362));
#419=EDGE_LOOP('',(#2363,#2364,#2365,#2366));
#420=EDGE_LOOP('',(#2367,#2368,#2369,#2370));
#421=EDGE_LOOP('',(#2371,#2372,#2373,#2374));
#422=EDGE_LOOP('',(#2375,#2376,#2377,#2378));
#423=EDGE_LOOP('',(#2379,#2380,#2381,#2382));
#424=EDGE_LOOP('',(#2383,#2384,#2385,#2386));
#425=EDGE_LOOP('',(#2387,#2388,#2389,#2390));
#426=EDGE_LOOP('',(#2391,#2392,#2393,#2394,#2395,#2396,#2397,#2398,#2399,
#2400,#2401,#2402,#2403,#2404,#2405,#2406));
#427=EDGE_LOOP('',(#2407,#2408,#2409,#2410));
#428=EDGE_LOOP('',(#2411,#2412,#2413,#2414));
#429=EDGE_LOOP('',(#2415,#2416,#2417,#2418));
#430=EDGE_LOOP('',(#2419,#2420,#2421,#2422));
#431=EDGE_LOOP('',(#2423,#2424,#2425,#2426));
#432=EDGE_LOOP('',(#2427,#2428,#2429,#2430));
#433=EDGE_LOOP('',(#2431,#2432,#2433,#2434));
#434=EDGE_LOOP('',(#2435,#2436,#2437,#2438));
#435=EDGE_LOOP('',(#2439,#2440,#2441,#2442));
#436=EDGE_LOOP('',(#2443,#2444,#2445,#2446));
#437=EDGE_LOOP('',(#2447,#2448,#2449,#2450));
#438=EDGE_LOOP('',(#2451,#2452,#2453,#2454));
#439=EDGE_LOOP('',(#2455,#2456,#2457,#2458));
#440=EDGE_LOOP('',(#2459,#2460,#2461,#2462));
#441=EDGE_LOOP('',(#2463,#2464,#2465,#2466));
#442=EDGE_LOOP('',(#2467,#2468,#2469,#2470));
#443=EDGE_LOOP('',(#2471,#2472,#2473,#2474,#2475,#2476,#2477,#2478,#2479,
#2480,#2481,#2482,#2483,#2484,#2485,#2486));
#444=EDGE_LOOP('',(#2487,#2488,#2489,#2490));
#445=EDGE_LOOP('',(#2491,#2492,#2493,#2494));
#446=EDGE_LOOP('',(#2495,#2496,#2497,#2498));
#447=EDGE_LOOP('',(#2499,#2500,#2501,#2502));
#448=EDGE_LOOP('',(#2503,#2504,#2505,#2506));
#449=EDGE_LOOP('',(#2507,#2508,#2509,#2510));
#450=EDGE_LOOP('',(#2511,#2512,#2513,#2514,#2515,#2516,#2517,#2518,#2519,
#2520));
#451=EDGE_LOOP('',(#2521,#2522,#2523,#2524));
#452=EDGE_LOOP('',(#2525,#2526,#2527,#2528));
#453=EDGE_LOOP('',(#2529,#2530,#2531,#2532));
#454=EDGE_LOOP('',(#2533,#2534,#2535,#2536));
#455=EDGE_LOOP('',(#2537,#2538,#2539,#2540));
#456=EDGE_LOOP('',(#2541,#2542,#2543,#2544));
#457=EDGE_LOOP('',(#2545,#2546,#2547,#2548));
#458=EDGE_LOOP('',(#2549,#2550,#2551,#2552));
#459=EDGE_LOOP('',(#2553,#2554,#2555,#2556));
#460=EDGE_LOOP('',(#2557,#2558,#2559,#2560));
#461=EDGE_LOOP('',(#2561,#2562,#2563,#2564));
#462=EDGE_LOOP('',(#2565,#2566,#2567,#2568));
#463=EDGE_LOOP('',(#2569,#2570,#2571,#2572));
#464=EDGE_LOOP('',(#2573,#2574,#2575,#2576));
#465=EDGE_LOOP('',(#2577,#2578,#2579,#2580));
#466=EDGE_LOOP('',(#2581,#2582,#2583,#2584));
#467=EDGE_LOOP('',(#2585,#2586,#2587,#2588));
#468=EDGE_LOOP('',(#2589,#2590,#2591,#2592,#2593,#2594,#2595,#2596));
#469=EDGE_LOOP('',(#2597,#2598,#2599,#2600));
#470=EDGE_LOOP('',(#2601,#2602,#2603,#2604));
#471=EDGE_LOOP('',(#2605,#2606,#2607,#2608,#2609,#2610,#2611,#2612));
#472=EDGE_LOOP('',(#2613,#2614,#2615,#2616));
#473=EDGE_LOOP('',(#2617,#2618));
#474=EDGE_LOOP('',(#2619,#2620,#2621,#2622,#2623,#2624,#2625,#2626,#2627,
#2628,#2629,#2630,#2631,#2632));
#475=EDGE_LOOP('',(#2633,#2634,#2635,#2636));
#476=EDGE_LOOP('',(#2637,#2638,#2639,#2640));
#477=EDGE_LOOP('',(#2641,#2642,#2643,#2644));
#478=EDGE_LOOP('',(#2645,#2646,#2647,#2648));
#479=EDGE_LOOP('',(#2649,#2650,#2651,#2652));
#480=EDGE_LOOP('',(#2653,#2654,#2655,#2656));
#481=EDGE_LOOP('',(#2657,#2658,#2659,#2660));
#482=EDGE_LOOP('',(#2661,#2662,#2663,#2664));
#483=EDGE_LOOP('',(#2665,#2666,#2667,#2668));
#484=EDGE_LOOP('',(#2669,#2670,#2671,#2672));
#485=EDGE_LOOP('',(#2673,#2674,#2675,#2676));
#486=EDGE_LOOP('',(#2677,#2678,#2679,#2680));
#487=ELLIPSE('',#2916,0.407836463283328,0.4);
#488=ELLIPSE('',#2917,0.407836463283328,0.4);
#489=ELLIPSE('',#2919,0.407836463283328,0.4);
#490=ELLIPSE('',#2920,0.407836463283328,0.4);
#491=ELLIPSE('',#2922,0.407836463283326,0.4);
#492=ELLIPSE('',#2924,0.407836463283327,0.4);
#493=ELLIPSE('',#2926,0.407836463283328,0.4);
#494=ELLIPSE('',#2928,0.407836463283328,0.4);
#495=ELLIPSE('',#2930,0.407836463283327,0.4);
#496=ELLIPSE('',#2932,0.407836463283329,0.4);
#497=ELLIPSE('',#2934,0.407836463283326,0.4);
#498=ELLIPSE('',#2936,0.407836463283328,0.4);
#499=ELLIPSE('',#2938,0.407836463283328,0.4);
#500=ELLIPSE('',#2940,0.407836463283328,0.4);
#501=ELLIPSE('',#2942,0.407836463283326,0.4);
#502=ELLIPSE('',#2944,0.407836463283328,0.4);
#503=ELLIPSE('',#2957,0.407836463283327,0.4);
#504=ELLIPSE('',#2958,0.407836463283326,0.4);
#505=ELLIPSE('',#2960,0.407836463283328,0.4);
#506=ELLIPSE('',#2961,0.407836463283328,0.4);
#507=ELLIPSE('',#2963,0.407836463283329,0.4);
#508=ELLIPSE('',#2965,0.407836463283327,0.4);
#509=ELLIPSE('',#2967,0.407836463283328,0.4);
#510=ELLIPSE('',#2969,0.407836463283328,0.4);
#511=ELLIPSE('',#2971,0.407836463283328,0.4);
#512=ELLIPSE('',#2973,0.407836463283328,0.4);
#513=ELLIPSE('',#2975,0.407836463283325,0.4);
#514=ELLIPSE('',#2977,0.407836463283329,0.4);
#515=ELLIPSE('',#2979,0.407836463283326,0.4);
#516=ELLIPSE('',#2981,0.407836463283329,0.4);
#517=ELLIPSE('',#2984,0.407836463283326,0.4);
#518=ELLIPSE('',#2986,0.407836463283328,0.4);
#519=ELLIPSE('',#2998,0.407836463283329,0.4);
#520=ELLIPSE('',#2999,0.407836463283328,0.4);
#521=ELLIPSE('',#3001,0.407836463283327,0.4);
#522=ELLIPSE('',#3003,0.407836463283326,0.4);
#523=ELLIPSE('',#3005,0.407836463283327,0.4);
#524=ELLIPSE('',#3007,0.407836463283328,0.4);
#525=ELLIPSE('',#3009,0.407836463283329,0.4);
#526=ELLIPSE('',#3011,0.407836463283327,0.4);
#527=ELLIPSE('',#3012,0.407836463283327,0.4);
#528=ELLIPSE('',#3015,0.407836463283328,0.4);
#529=ELLIPSE('',#3017,0.407836463283327,0.4);
#530=ELLIPSE('',#3019,0.407836463283328,0.4);
#531=ELLIPSE('',#3021,0.407836463283328,0.4);
#532=ELLIPSE('',#3023,0.407836463283327,0.4);
#533=ELLIPSE('',#3025,0.407836463283328,0.4);
#534=ELLIPSE('',#3027,0.407836463283327,0.4);
#535=LINE('',#3936,#887);
#536=LINE('',#3940,#888);
#537=LINE('',#3945,#889);
#538=LINE('',#3949,#890);
#539=LINE('',#3953,#891);
#540=LINE('',#3956,#892);
#541=LINE('',#3959,#893);
#542=LINE('',#3962,#894);
#543=LINE('',#3965,#895);
#544=LINE('',#3968,#896);
#545=LINE('',#3971,#897);
#546=LINE('',#3974,#898);
#547=LINE('',#3977,#899);
#548=LINE('',#3980,#900);
#549=LINE('',#3983,#901);
#550=LINE('',#3986,#902);
#551=LINE('',#3989,#903);
#552=LINE('',#3991,#904);
#553=LINE('',#3995,#905);
#554=LINE('',#3997,#906);
#555=LINE('',#4001,#907);
#556=LINE('',#4003,#908);
#557=LINE('',#4007,#909);
#558=LINE('',#4009,#910);
#559=LINE('',#4013,#911);
#560=LINE('',#4015,#912);
#561=LINE('',#4019,#913);
#562=LINE('',#4021,#914);
#563=LINE('',#4024,#915);
#564=LINE('',#4025,#916);
#565=LINE('',#4027,#917);
#566=LINE('',#4028,#918);
#567=LINE('',#4031,#919);
#568=LINE('',#4033,#920);
#569=LINE('',#4034,#921);
#570=LINE('',#4037,#922);
#571=LINE('',#4038,#923);
#572=LINE('',#4041,#924);
#573=LINE('',#4042,#925);
#574=LINE('',#4045,#926);
#575=LINE('',#4046,#927);
#576=LINE('',#4049,#928);
#577=LINE('',#4050,#929);
#578=LINE('',#4053,#930);
#579=LINE('',#4054,#931);
#580=LINE('',#4057,#932);
#581=LINE('',#4058,#933);
#582=LINE('',#4061,#934);
#583=LINE('',#4062,#935);
#584=LINE('',#4066,#936);
#585=LINE('',#4068,#937);
#586=LINE('',#4070,#938);
#587=LINE('',#4071,#939);
#588=LINE('',#4075,#940);
#589=LINE('',#4079,#941);
#590=LINE('',#4084,#942);
#591=LINE('',#4088,#943);
#592=LINE('',#4092,#944);
#593=LINE('',#4095,#945);
#594=LINE('',#4098,#946);
#595=LINE('',#4101,#947);
#596=LINE('',#4104,#948);
#597=LINE('',#4107,#949);
#598=LINE('',#4110,#950);
#599=LINE('',#4113,#951);
#600=LINE('',#4116,#952);
#601=LINE('',#4118,#953);
#602=LINE('',#4122,#954);
#603=LINE('',#4124,#955);
#604=LINE('',#4128,#956);
#605=LINE('',#4130,#957);
#606=LINE('',#4134,#958);
#607=LINE('',#4136,#959);
#608=LINE('',#4140,#960);
#609=LINE('',#4142,#961);
#610=LINE('',#4146,#962);
#611=LINE('',#4148,#963);
#612=LINE('',#4151,#964);
#613=LINE('',#4152,#965);
#614=LINE('',#4155,#966);
#615=LINE('',#4157,#967);
#616=LINE('',#4161,#968);
#617=LINE('',#4163,#969);
#618=LINE('',#4166,#970);
#619=LINE('',#4167,#971);
#620=LINE('',#4170,#972);
#621=LINE('',#4172,#973);
#622=LINE('',#4173,#974);
#623=LINE('',#4176,#975);
#624=LINE('',#4177,#976);
#625=LINE('',#4180,#977);
#626=LINE('',#4181,#978);
#627=LINE('',#4184,#979);
#628=LINE('',#4185,#980);
#629=LINE('',#4188,#981);
#630=LINE('',#4189,#982);
#631=LINE('',#4192,#983);
#632=LINE('',#4193,#984);
#633=LINE('',#4196,#985);
#634=LINE('',#4197,#986);
#635=LINE('',#4200,#987);
#636=LINE('',#4201,#988);
#637=LINE('',#4204,#989);
#638=LINE('',#4206,#990);
#639=LINE('',#4208,#991);
#640=LINE('',#4210,#992);
#641=LINE('',#4212,#993);
#642=LINE('',#4214,#994);
#643=LINE('',#4216,#995);
#644=LINE('',#4218,#996);
#645=LINE('',#4220,#997);
#646=LINE('',#4222,#998);
#647=LINE('',#4224,#999);
#648=LINE('',#4226,#1000);
#649=LINE('',#4227,#1001);
#650=LINE('',#4231,#1002);
#651=LINE('',#4235,#1003);
#652=LINE('',#4239,#1004);
#653=LINE('',#4242,#1005);
#654=LINE('',#4245,#1006);
#655=LINE('',#4248,#1007);
#656=LINE('',#4251,#1008);
#657=LINE('',#4254,#1009);
#658=LINE('',#4257,#1010);
#659=LINE('',#4260,#1011);
#660=LINE('',#4263,#1012);
#661=LINE('',#4266,#1013);
#662=LINE('',#4270,#1014);
#663=LINE('',#4274,#1015);
#664=LINE('',#4277,#1016);
#665=LINE('',#4278,#1017);
#666=LINE('',#4281,#1018);
#667=LINE('',#4283,#1019);
#668=LINE('',#4287,#1020);
#669=LINE('',#4289,#1021);
#670=LINE('',#4293,#1022);
#671=LINE('',#4295,#1023);
#672=LINE('',#4299,#1024);
#673=LINE('',#4301,#1025);
#674=LINE('',#4305,#1026);
#675=LINE('',#4307,#1027);
#676=LINE('',#4311,#1028);
#677=LINE('',#4313,#1029);
#678=LINE('',#4317,#1030);
#679=LINE('',#4319,#1031);
#680=LINE('',#4322,#1032);
#681=LINE('',#4323,#1033);
#682=LINE('',#4326,#1034);
#683=LINE('',#4328,#1035);
#684=LINE('',#4329,#1036);
#685=LINE('',#4332,#1037);
#686=LINE('',#4333,#1038);
#687=LINE('',#4336,#1039);
#688=LINE('',#4337,#1040);
#689=LINE('',#4340,#1041);
#690=LINE('',#4341,#1042);
#691=LINE('',#4344,#1043);
#692=LINE('',#4345,#1044);
#693=LINE('',#4348,#1045);
#694=LINE('',#4349,#1046);
#695=LINE('',#4352,#1047);
#696=LINE('',#4353,#1048);
#697=LINE('',#4356,#1049);
#698=LINE('',#4357,#1050);
#699=LINE('',#4361,#1051);
#700=LINE('',#4363,#1052);
#701=LINE('',#4365,#1053);
#702=LINE('',#4367,#1054);
#703=LINE('',#4369,#1055);
#704=LINE('',#4371,#1056);
#705=LINE('',#4373,#1057);
#706=LINE('',#4374,#1058);
#707=LINE('',#4378,#1059);
#708=LINE('',#4379,#1060);
#709=LINE('',#4380,#1061);
#710=LINE('',#4383,#1062);
#711=LINE('',#4385,#1063);
#712=LINE('',#4386,#1064);
#713=LINE('',#4389,#1065);
#714=LINE('',#4391,#1066);
#715=LINE('',#4392,#1067);
#716=LINE('',#4395,#1068);
#717=LINE('',#4397,#1069);
#718=LINE('',#4398,#1070);
#719=LINE('',#4401,#1071);
#720=LINE('',#4403,#1072);
#721=LINE('',#4404,#1073);
#722=LINE('',#4407,#1074);
#723=LINE('',#4409,#1075);
#724=LINE('',#4410,#1076);
#725=LINE('',#4413,#1077);
#726=LINE('',#4415,#1078);
#727=LINE('',#4416,#1079);
#728=LINE('',#4419,#1080);
#729=LINE('',#4421,#1081);
#730=LINE('',#4422,#1082);
#731=LINE('',#4425,#1083);
#732=LINE('',#4426,#1084);
#733=LINE('',#4427,#1085);
#734=LINE('',#4430,#1086);
#735=LINE('',#4431,#1087);
#736=LINE('',#4434,#1088);
#737=LINE('',#4435,#1089);
#738=LINE('',#4438,#1090);
#739=LINE('',#4439,#1091);
#740=LINE('',#4442,#1092);
#741=LINE('',#4443,#1093);
#742=LINE('',#4446,#1094);
#743=LINE('',#4447,#1095);
#744=LINE('',#4450,#1096);
#745=LINE('',#4451,#1097);
#746=LINE('',#4453,#1098);
#747=LINE('',#4458,#1099);
#748=LINE('',#4459,#1100);
#749=LINE('',#4460,#1101);
#750=LINE('',#4463,#1102);
#751=LINE('',#4464,#1103);
#752=LINE('',#4467,#1104);
#753=LINE('',#4468,#1105);
#754=LINE('',#4471,#1106);
#755=LINE('',#4473,#1107);
#756=LINE('',#4474,#1108);
#757=LINE('',#4477,#1109);
#758=LINE('',#4479,#1110);
#759=LINE('',#4480,#1111);
#760=LINE('',#4483,#1112);
#761=LINE('',#4485,#1113);
#762=LINE('',#4486,#1114);
#763=LINE('',#4489,#1115);
#764=LINE('',#4491,#1116);
#765=LINE('',#4492,#1117);
#766=LINE('',#4495,#1118);
#767=LINE('',#4497,#1119);
#768=LINE('',#4498,#1120);
#769=LINE('',#4501,#1121);
#770=LINE('',#4503,#1122);
#771=LINE('',#4504,#1123);
#772=LINE('',#4507,#1124);
#773=LINE('',#4509,#1125);
#774=LINE('',#4510,#1126);
#775=LINE('',#4512,#1127);
#776=LINE('',#4514,#1128);
#777=LINE('',#4515,#1129);
#778=LINE('',#4518,#1130);
#779=LINE('',#4519,#1131);
#780=LINE('',#4522,#1132);
#781=LINE('',#4523,#1133);
#782=LINE('',#4526,#1134);
#783=LINE('',#4527,#1135);
#784=LINE('',#4530,#1136);
#785=LINE('',#4531,#1137);
#786=LINE('',#4533,#1138);
#787=LINE('',#4535,#1139);
#788=LINE('',#4536,#1140);
#789=LINE('',#4542,#1141);
#790=LINE('',#4543,#1142);
#791=LINE('',#4544,#1143);
#792=LINE('',#4547,#1144);
#793=LINE('',#4549,#1145);
#794=LINE('',#4550,#1146);
#795=LINE('',#4553,#1147);
#796=LINE('',#4555,#1148);
#797=LINE('',#4556,#1149);
#798=LINE('',#4559,#1150);
#799=LINE('',#4561,#1151);
#800=LINE('',#4562,#1152);
#801=LINE('',#4565,#1153);
#802=LINE('',#4567,#1154);
#803=LINE('',#4568,#1155);
#804=LINE('',#4571,#1156);
#805=LINE('',#4573,#1157);
#806=LINE('',#4574,#1158);
#807=LINE('',#4577,#1159);
#808=LINE('',#4579,#1160);
#809=LINE('',#4580,#1161);
#810=LINE('',#4583,#1162);
#811=LINE('',#4585,#1163);
#812=LINE('',#4586,#1164);
#813=LINE('',#4589,#1165);
#814=LINE('',#4590,#1166);
#815=LINE('',#4591,#1167);
#816=LINE('',#4594,#1168);
#817=LINE('',#4595,#1169);
#818=LINE('',#4598,#1170);
#819=LINE('',#4599,#1171);
#820=LINE('',#4602,#1172);
#821=LINE('',#4603,#1173);
#822=LINE('',#4606,#1174);
#823=LINE('',#4607,#1175);
#824=LINE('',#4610,#1176);
#825=LINE('',#4611,#1177);
#826=LINE('',#4614,#1178);
#827=LINE('',#4615,#1179);
#828=LINE('',#4617,#1180);
#829=LINE('',#4620,#1181);
#830=LINE('',#4622,#1182);
#831=LINE('',#4624,#1183);
#832=LINE('',#4626,#1184);
#833=LINE('',#4628,#1185);
#834=LINE('',#4632,#1186);
#835=LINE('',#4634,#1187);
#836=LINE('',#4635,#1188);
#837=LINE('',#4637,#1189);
#838=LINE('',#4639,#1190);
#839=LINE('',#4641,#1191);
#840=LINE('',#4642,#1192);
#841=LINE('',#4644,#1193);
#842=LINE('',#4646,#1194);
#843=LINE('',#4648,#1195);
#844=LINE('',#4650,#1196);
#845=LINE('',#4652,#1197);
#846=LINE('',#4654,#1198);
#847=LINE('',#4656,#1199);
#848=LINE('',#4659,#1200);
#849=LINE('',#4661,#1201);
#850=LINE('',#4663,#1202);
#851=LINE('',#4665,#1203);
#852=LINE('',#4667,#1204);
#853=LINE('',#4669,#1205);
#854=LINE('',#4671,#1206);
#855=LINE('',#4676,#1207);
#856=LINE('',#4677,#1208);
#857=LINE('',#4678,#1209);
#858=LINE('',#4681,#1210);
#859=LINE('',#4683,#1211);
#860=LINE('',#4684,#1212);
#861=LINE('',#4685,#1213);
#862=LINE('',#4688,#1214);
#863=LINE('',#4689,#1215);
#864=LINE('',#4692,#1216);
#865=LINE('',#4693,#1217);
#866=LINE('',#4695,#1218);
#867=LINE('',#4702,#1219);
#868=LINE('',#4704,#1220);
#869=LINE('',#4706,#1221);
#870=LINE('',#4708,#1222);
#871=LINE('',#4710,#1223);
#872=LINE('',#4711,#1224);
#873=LINE('',#4713,#1225);
#874=LINE('',#4715,#1226);
#875=LINE('',#4717,#1227);
#876=LINE('',#4719,#1228);
#877=LINE('',#4720,#1229);
#878=LINE('',#4722,#1230);
#879=LINE('',#4724,#1231);
#880=LINE('',#4726,#1232);
#881=LINE('',#4728,#1233);
#882=LINE('',#4730,#1234);
#883=LINE('',#4733,#1235);
#884=LINE('',#4735,#1236);
#885=LINE('',#4737,#1237);
#886=LINE('',#4739,#1238);
#887=VECTOR('',#3140,10.);
#888=VECTOR('',#3143,10.);
#889=VECTOR('',#3148,10.);
#890=VECTOR('',#3151,10.);
#891=VECTOR('',#3156,10.);
#892=VECTOR('',#3159,10.);
#893=VECTOR('',#3162,10.);
#894=VECTOR('',#3165,10.);
#895=VECTOR('',#3168,10.);
#896=VECTOR('',#3171,10.);
#897=VECTOR('',#3174,10.);
#898=VECTOR('',#3177,10.);
#899=VECTOR('',#3180,10.);
#900=VECTOR('',#3183,10.);
#901=VECTOR('',#3186,10.);
#902=VECTOR('',#3189,10.);
#903=VECTOR('',#3192,10.);
#904=VECTOR('',#3193,10.);
#905=VECTOR('',#3198,10.);
#906=VECTOR('',#3199,10.);
#907=VECTOR('',#3204,10.);
#908=VECTOR('',#3205,10.);
#909=VECTOR('',#3210,10.);
#910=VECTOR('',#3211,10.);
#911=VECTOR('',#3216,10.);
#912=VECTOR('',#3217,10.);
#913=VECTOR('',#3222,10.);
#914=VECTOR('',#3223,10.);
#915=VECTOR('',#3228,10.);
#916=VECTOR('',#3229,10.);
#917=VECTOR('',#3232,10.);
#918=VECTOR('',#3233,10.);
#919=VECTOR('',#3236,10.);
#920=VECTOR('',#3237,10.);
#921=VECTOR('',#3238,10.);
#922=VECTOR('',#3241,10.);
#923=VECTOR('',#3242,10.);
#924=VECTOR('',#3245,10.);
#925=VECTOR('',#3246,10.);
#926=VECTOR('',#3249,10.);
#927=VECTOR('',#3250,10.);
#928=VECTOR('',#3253,10.);
#929=VECTOR('',#3254,10.);
#930=VECTOR('',#3257,10.);
#931=VECTOR('',#3258,10.);
#932=VECTOR('',#3261,10.);
#933=VECTOR('',#3262,10.);
#934=VECTOR('',#3265,10.);
#935=VECTOR('',#3266,10.);
#936=VECTOR('',#3269,10.);
#937=VECTOR('',#3270,10.);
#938=VECTOR('',#3271,10.);
#939=VECTOR('',#3272,10.);
#940=VECTOR('',#3275,10.);
#941=VECTOR('',#3278,10.);
#942=VECTOR('',#3283,10.);
#943=VECTOR('',#3286,10.);
#944=VECTOR('',#3291,10.);
#945=VECTOR('',#3294,10.);
#946=VECTOR('',#3297,10.);
#947=VECTOR('',#3300,10.);
#948=VECTOR('',#3303,10.);
#949=VECTOR('',#3306,10.);
#950=VECTOR('',#3309,10.);
#951=VECTOR('',#3312,10.);
#952=VECTOR('',#3315,10.);
#953=VECTOR('',#3316,10.);
#954=VECTOR('',#3321,10.);
#955=VECTOR('',#3322,10.);
#956=VECTOR('',#3327,10.);
#957=VECTOR('',#3328,10.);
#958=VECTOR('',#3333,10.);
#959=VECTOR('',#3334,10.);
#960=VECTOR('',#3339,10.);
#961=VECTOR('',#3340,10.);
#962=VECTOR('',#3345,10.);
#963=VECTOR('',#3346,10.);
#964=VECTOR('',#3351,10.);
#965=VECTOR('',#3352,10.);
#966=VECTOR('',#3355,10.);
#967=VECTOR('',#3356,10.);
#968=VECTOR('',#3361,10.);
#969=VECTOR('',#3362,10.);
#970=VECTOR('',#3367,10.);
#971=VECTOR('',#3368,10.);
#972=VECTOR('',#3371,10.);
#973=VECTOR('',#3372,10.);
#974=VECTOR('',#3373,10.);
#975=VECTOR('',#3376,10.);
#976=VECTOR('',#3377,10.);
#977=VECTOR('',#3380,10.);
#978=VECTOR('',#3381,10.);
#979=VECTOR('',#3384,10.);
#980=VECTOR('',#3385,10.);
#981=VECTOR('',#3388,10.);
#982=VECTOR('',#3389,10.);
#983=VECTOR('',#3392,10.);
#984=VECTOR('',#3393,10.);
#985=VECTOR('',#3396,10.);
#986=VECTOR('',#3397,10.);
#987=VECTOR('',#3400,10.);
#988=VECTOR('',#3401,10.);
#989=VECTOR('',#3404,10.);
#990=VECTOR('',#3405,10.);
#991=VECTOR('',#3406,10.);
#992=VECTOR('',#3407,10.);
#993=VECTOR('',#3408,10.);
#994=VECTOR('',#3409,10.);
#995=VECTOR('',#3410,10.);
#996=VECTOR('',#3411,10.);
#997=VECTOR('',#3412,10.);
#998=VECTOR('',#3413,10.);
#999=VECTOR('',#3414,10.);
#1000=VECTOR('',#3415,10.);
#1001=VECTOR('',#3416,10.);
#1002=VECTOR('',#3419,10.);
#1003=VECTOR('',#3422,10.);
#1004=VECTOR('',#3427,10.);
#1005=VECTOR('',#3430,10.);
#1006=VECTOR('',#3433,10.);
#1007=VECTOR('',#3436,10.);
#1008=VECTOR('',#3439,10.);
#1009=VECTOR('',#3442,10.);
#1010=VECTOR('',#3445,10.);
#1011=VECTOR('',#3448,10.);
#1012=VECTOR('',#3451,10.);
#1013=VECTOR('',#3454,10.);
#1014=VECTOR('',#3457,10.);
#1015=VECTOR('',#3460,10.);
#1016=VECTOR('',#3465,10.);
#1017=VECTOR('',#3466,10.);
#1018=VECTOR('',#3469,10.);
#1019=VECTOR('',#3470,10.);
#1020=VECTOR('',#3475,10.);
#1021=VECTOR('',#3476,10.);
#1022=VECTOR('',#3481,10.);
#1023=VECTOR('',#3482,10.);
#1024=VECTOR('',#3487,10.);
#1025=VECTOR('',#3488,10.);
#1026=VECTOR('',#3493,10.);
#1027=VECTOR('',#3494,10.);
#1028=VECTOR('',#3499,10.);
#1029=VECTOR('',#3500,10.);
#1030=VECTOR('',#3505,10.);
#1031=VECTOR('',#3506,10.);
#1032=VECTOR('',#3511,10.);
#1033=VECTOR('',#3512,10.);
#1034=VECTOR('',#3515,10.);
#1035=VECTOR('',#3516,10.);
#1036=VECTOR('',#3517,10.);
#1037=VECTOR('',#3520,10.);
#1038=VECTOR('',#3521,10.);
#1039=VECTOR('',#3524,10.);
#1040=VECTOR('',#3525,10.);
#1041=VECTOR('',#3528,10.);
#1042=VECTOR('',#3529,10.);
#1043=VECTOR('',#3532,10.);
#1044=VECTOR('',#3533,10.);
#1045=VECTOR('',#3536,10.);
#1046=VECTOR('',#3537,10.);
#1047=VECTOR('',#3540,10.);
#1048=VECTOR('',#3541,10.);
#1049=VECTOR('',#3544,10.);
#1050=VECTOR('',#3545,10.);
#1051=VECTOR('',#3548,10.);
#1052=VECTOR('',#3549,10.);
#1053=VECTOR('',#3550,10.);
#1054=VECTOR('',#3551,10.);
#1055=VECTOR('',#3552,10.);
#1056=VECTOR('',#3553,10.);
#1057=VECTOR('',#3554,10.);
#1058=VECTOR('',#3555,10.);
#1059=VECTOR('',#3558,10.);
#1060=VECTOR('',#3559,10.);
#1061=VECTOR('',#3560,10.);
#1062=VECTOR('',#3563,10.);
#1063=VECTOR('',#3564,10.);
#1064=VECTOR('',#3565,10.);
#1065=VECTOR('',#3568,10.);
#1066=VECTOR('',#3569,10.);
#1067=VECTOR('',#3570,10.);
#1068=VECTOR('',#3573,10.);
#1069=VECTOR('',#3574,10.);
#1070=VECTOR('',#3575,10.);
#1071=VECTOR('',#3578,10.);
#1072=VECTOR('',#3579,10.);
#1073=VECTOR('',#3580,10.);
#1074=VECTOR('',#3583,10.);
#1075=VECTOR('',#3584,10.);
#1076=VECTOR('',#3585,10.);
#1077=VECTOR('',#3588,10.);
#1078=VECTOR('',#3589,10.);
#1079=VECTOR('',#3590,10.);
#1080=VECTOR('',#3593,10.);
#1081=VECTOR('',#3594,10.);
#1082=VECTOR('',#3595,10.);
#1083=VECTOR('',#3598,10.);
#1084=VECTOR('',#3599,10.);
#1085=VECTOR('',#3600,10.);
#1086=VECTOR('',#3603,10.);
#1087=VECTOR('',#3604,10.);
#1088=VECTOR('',#3607,10.);
#1089=VECTOR('',#3608,10.);
#1090=VECTOR('',#3611,10.);
#1091=VECTOR('',#3612,10.);
#1092=VECTOR('',#3615,10.);
#1093=VECTOR('',#3616,10.);
#1094=VECTOR('',#3619,10.);
#1095=VECTOR('',#3620,10.);
#1096=VECTOR('',#3623,10.);
#1097=VECTOR('',#3624,10.);
#1098=VECTOR('',#3627,10.);
#1099=VECTOR('',#3632,10.);
#1100=VECTOR('',#3633,10.);
#1101=VECTOR('',#3634,10.);
#1102=VECTOR('',#3637,10.);
#1103=VECTOR('',#3638,10.);
#1104=VECTOR('',#3641,10.);
#1105=VECTOR('',#3642,10.);
#1106=VECTOR('',#3645,10.);
#1107=VECTOR('',#3646,10.);
#1108=VECTOR('',#3647,10.);
#1109=VECTOR('',#3650,10.);
#1110=VECTOR('',#3651,10.);
#1111=VECTOR('',#3652,10.);
#1112=VECTOR('',#3655,10.);
#1113=VECTOR('',#3656,10.);
#1114=VECTOR('',#3657,10.);
#1115=VECTOR('',#3660,10.);
#1116=VECTOR('',#3661,10.);
#1117=VECTOR('',#3662,10.);
#1118=VECTOR('',#3665,10.);
#1119=VECTOR('',#3666,10.);
#1120=VECTOR('',#3667,10.);
#1121=VECTOR('',#3670,10.);
#1122=VECTOR('',#3671,10.);
#1123=VECTOR('',#3672,10.);
#1124=VECTOR('',#3675,10.);
#1125=VECTOR('',#3676,10.);
#1126=VECTOR('',#3677,10.);
#1127=VECTOR('',#3680,10.);
#1128=VECTOR('',#3681,10.);
#1129=VECTOR('',#3682,10.);
#1130=VECTOR('',#3685,10.);
#1131=VECTOR('',#3686,10.);
#1132=VECTOR('',#3689,10.);
#1133=VECTOR('',#3690,10.);
#1134=VECTOR('',#3693,10.);
#1135=VECTOR('',#3694,10.);
#1136=VECTOR('',#3697,10.);
#1137=VECTOR('',#3698,10.);
#1138=VECTOR('',#3701,10.);
#1139=VECTOR('',#3704,10.);
#1140=VECTOR('',#3705,10.);
#1141=VECTOR('',#3712,10.);
#1142=VECTOR('',#3713,10.);
#1143=VECTOR('',#3714,10.);
#1144=VECTOR('',#3717,10.);
#1145=VECTOR('',#3718,10.);
#1146=VECTOR('',#3719,10.);
#1147=VECTOR('',#3722,10.);
#1148=VECTOR('',#3723,10.);
#1149=VECTOR('',#3724,10.);
#1150=VECTOR('',#3727,10.);
#1151=VECTOR('',#3728,10.);
#1152=VECTOR('',#3729,10.);
#1153=VECTOR('',#3732,10.);
#1154=VECTOR('',#3733,10.);
#1155=VECTOR('',#3734,10.);
#1156=VECTOR('',#3737,10.);
#1157=VECTOR('',#3738,10.);
#1158=VECTOR('',#3739,10.);
#1159=VECTOR('',#3742,10.);
#1160=VECTOR('',#3743,10.);
#1161=VECTOR('',#3744,10.);
#1162=VECTOR('',#3747,10.);
#1163=VECTOR('',#3748,10.);
#1164=VECTOR('',#3749,10.);
#1165=VECTOR('',#3752,10.);
#1166=VECTOR('',#3753,10.);
#1167=VECTOR('',#3754,10.);
#1168=VECTOR('',#3757,10.);
#1169=VECTOR('',#3758,10.);
#1170=VECTOR('',#3761,10.);
#1171=VECTOR('',#3762,10.);
#1172=VECTOR('',#3765,10.);
#1173=VECTOR('',#3766,10.);
#1174=VECTOR('',#3769,10.);
#1175=VECTOR('',#3770,10.);
#1176=VECTOR('',#3773,10.);
#1177=VECTOR('',#3774,10.);
#1178=VECTOR('',#3777,10.);
#1179=VECTOR('',#3778,10.);
#1180=VECTOR('',#3781,10.);
#1181=VECTOR('',#3786,10.);
#1182=VECTOR('',#3789,10.);
#1183=VECTOR('',#3792,10.);
#1184=VECTOR('',#3795,10.);
#1185=VECTOR('',#3798,10.);
#1186=VECTOR('',#3803,10.);
#1187=VECTOR('',#3804,10.);
#1188=VECTOR('',#3805,10.);
#1189=VECTOR('',#3806,10.);
#1190=VECTOR('',#3807,10.);
#1191=VECTOR('',#3808,10.);
#1192=VECTOR('',#3809,10.);
#1193=VECTOR('',#3812,10.);
#1194=VECTOR('',#3815,10.);
#1195=VECTOR('',#3818,10.);
#1196=VECTOR('',#3821,10.);
#1197=VECTOR('',#3824,10.);
#1198=VECTOR('',#3827,10.);
#1199=VECTOR('',#3830,10.);
#1200=VECTOR('',#3835,10.);
#1201=VECTOR('',#3838,10.);
#1202=VECTOR('',#3841,10.);
#1203=VECTOR('',#3844,10.);
#1204=VECTOR('',#3847,10.);
#1205=VECTOR('',#3850,10.);
#1206=VECTOR('',#3853,10.);
#1207=VECTOR('',#3858,10.);
#1208=VECTOR('',#3859,10.);
#1209=VECTOR('',#3860,10.);
#1210=VECTOR('',#3863,10.);
#1211=VECTOR('',#3864,10.);
#1212=VECTOR('',#3865,10.);
#1213=VECTOR('',#3866,10.);
#1214=VECTOR('',#3869,10.);
#1215=VECTOR('',#3870,10.);
#1216=VECTOR('',#3873,10.);
#1217=VECTOR('',#3874,10.);
#1218=VECTOR('',#3877,10.);
#1219=VECTOR('',#3888,10.);
#1220=VECTOR('',#3889,10.);
#1221=VECTOR('',#3890,10.);
#1222=VECTOR('',#3891,10.);
#1223=VECTOR('',#3892,10.);
#1224=VECTOR('',#3893,10.);
#1225=VECTOR('',#3894,10.);
#1226=VECTOR('',#3895,10.);
#1227=VECTOR('',#3896,10.);
#1228=VECTOR('',#3897,10.);
#1229=VECTOR('',#3898,10.);
#1230=VECTOR('',#3901,10.);
#1231=VECTOR('',#3904,10.);
#1232=VECTOR('',#3907,10.);
#1233=VECTOR('',#3910,10.);
#1234=VECTOR('',#3913,10.);
#1235=VECTOR('',#3918,10.);
#1236=VECTOR('',#3921,10.);
#1237=VECTOR('',#3924,10.);
#1238=VECTOR('',#3927,10.);
#1239=VERTEX_POINT('',#3934);
#1240=VERTEX_POINT('',#3935);
#1241=VERTEX_POINT('',#3937);
#1242=VERTEX_POINT('',#3939);
#1243=VERTEX_POINT('',#3943);
#1244=VERTEX_POINT('',#3944);
#1245=VERTEX_POINT('',#3946);
#1246=VERTEX_POINT('',#3948);
#1247=VERTEX_POINT('',#3952);
#1248=VERTEX_POINT('',#3954);
#1249=VERTEX_POINT('',#3958);
#1250=VERTEX_POINT('',#3960);
#1251=VERTEX_POINT('',#3964);
#1252=VERTEX_POINT('',#3966);
#1253=VERTEX_POINT('',#3970);
#1254=VERTEX_POINT('',#3972);
#1255=VERTEX_POINT('',#3976);
#1256=VERTEX_POINT('',#3978);
#1257=VERTEX_POINT('',#3982);
#1258=VERTEX_POINT('',#3984);
#1259=VERTEX_POINT('',#3988);
#1260=VERTEX_POINT('',#3990);
#1261=VERTEX_POINT('',#3994);
#1262=VERTEX_POINT('',#3996);
#1263=VERTEX_POINT('',#4000);
#1264=VERTEX_POINT('',#4002);
#1265=VERTEX_POINT('',#4006);
#1266=VERTEX_POINT('',#4008);
#1267=VERTEX_POINT('',#4012);
#1268=VERTEX_POINT('',#4014);
#1269=VERTEX_POINT('',#4018);
#1270=VERTEX_POINT('',#4020);
#1271=VERTEX_POINT('',#4030);
#1272=VERTEX_POINT('',#4032);
#1273=VERTEX_POINT('',#4036);
#1274=VERTEX_POINT('',#4040);
#1275=VERTEX_POINT('',#4044);
#1276=VERTEX_POINT('',#4048);
#1277=VERTEX_POINT('',#4052);
#1278=VERTEX_POINT('',#4056);
#1279=VERTEX_POINT('',#4060);
#1280=VERTEX_POINT('',#4064);
#1281=VERTEX_POINT('',#4065);
#1282=VERTEX_POINT('',#4067);
#1283=VERTEX_POINT('',#4069);
#1284=VERTEX_POINT('',#4073);
#1285=VERTEX_POINT('',#4074);
#1286=VERTEX_POINT('',#4076);
#1287=VERTEX_POINT('',#4078);
#1288=VERTEX_POINT('',#4082);
#1289=VERTEX_POINT('',#4083);
#1290=VERTEX_POINT('',#4085);
#1291=VERTEX_POINT('',#4087);
#1292=VERTEX_POINT('',#4091);
#1293=VERTEX_POINT('',#4093);
#1294=VERTEX_POINT('',#4097);
#1295=VERTEX_POINT('',#4099);
#1296=VERTEX_POINT('',#4103);
#1297=VERTEX_POINT('',#4105);
#1298=VERTEX_POINT('',#4109);
#1299=VERTEX_POINT('',#4111);
#1300=VERTEX_POINT('',#4115);
#1301=VERTEX_POINT('',#4117);
#1302=VERTEX_POINT('',#4121);
#1303=VERTEX_POINT('',#4123);
#1304=VERTEX_POINT('',#4127);
#1305=VERTEX_POINT('',#4129);
#1306=VERTEX_POINT('',#4133);
#1307=VERTEX_POINT('',#4135);
#1308=VERTEX_POINT('',#4139);
#1309=VERTEX_POINT('',#4141);
#1310=VERTEX_POINT('',#4145);
#1311=VERTEX_POINT('',#4147);
#1312=VERTEX_POINT('',#4154);
#1313=VERTEX_POINT('',#4156);
#1314=VERTEX_POINT('',#4160);
#1315=VERTEX_POINT('',#4162);
#1316=VERTEX_POINT('',#4169);
#1317=VERTEX_POINT('',#4171);
#1318=VERTEX_POINT('',#4175);
#1319=VERTEX_POINT('',#4179);
#1320=VERTEX_POINT('',#4183);
#1321=VERTEX_POINT('',#4187);
#1322=VERTEX_POINT('',#4191);
#1323=VERTEX_POINT('',#4195);
#1324=VERTEX_POINT('',#4199);
#1325=VERTEX_POINT('',#4203);
#1326=VERTEX_POINT('',#4205);
#1327=VERTEX_POINT('',#4207);
#1328=VERTEX_POINT('',#4209);
#1329=VERTEX_POINT('',#4211);
#1330=VERTEX_POINT('',#4213);
#1331=VERTEX_POINT('',#4215);
#1332=VERTEX_POINT('',#4217);
#1333=VERTEX_POINT('',#4219);
#1334=VERTEX_POINT('',#4221);
#1335=VERTEX_POINT('',#4223);
#1336=VERTEX_POINT('',#4225);
#1337=VERTEX_POINT('',#4229);
#1338=VERTEX_POINT('',#4230);
#1339=VERTEX_POINT('',#4232);
#1340=VERTEX_POINT('',#4234);
#1341=VERTEX_POINT('',#4238);
#1342=VERTEX_POINT('',#4240);
#1343=VERTEX_POINT('',#4244);
#1344=VERTEX_POINT('',#4246);
#1345=VERTEX_POINT('',#4250);
#1346=VERTEX_POINT('',#4252);
#1347=VERTEX_POINT('',#4256);
#1348=VERTEX_POINT('',#4258);
#1349=VERTEX_POINT('',#4262);
#1350=VERTEX_POINT('',#4264);
#1351=VERTEX_POINT('',#4268);
#1352=VERTEX_POINT('',#4269);
#1353=VERTEX_POINT('',#4271);
#1354=VERTEX_POINT('',#4273);
#1355=VERTEX_POINT('',#4280);
#1356=VERTEX_POINT('',#4282);
#1357=VERTEX_POINT('',#4286);
#1358=VERTEX_POINT('',#4288);
#1359=VERTEX_POINT('',#4292);
#1360=VERTEX_POINT('',#4294);
#1361=VERTEX_POINT('',#4298);
#1362=VERTEX_POINT('',#4300);
#1363=VERTEX_POINT('',#4304);
#1364=VERTEX_POINT('',#4306);
#1365=VERTEX_POINT('',#4310);
#1366=VERTEX_POINT('',#4312);
#1367=VERTEX_POINT('',#4316);
#1368=VERTEX_POINT('',#4318);
#1369=VERTEX_POINT('',#4325);
#1370=VERTEX_POINT('',#4327);
#1371=VERTEX_POINT('',#4331);
#1372=VERTEX_POINT('',#4335);
#1373=VERTEX_POINT('',#4339);
#1374=VERTEX_POINT('',#4343);
#1375=VERTEX_POINT('',#4347);
#1376=VERTEX_POINT('',#4351);
#1377=VERTEX_POINT('',#4355);
#1378=VERTEX_POINT('',#4359);
#1379=VERTEX_POINT('',#4360);
#1380=VERTEX_POINT('',#4362);
#1381=VERTEX_POINT('',#4364);
#1382=VERTEX_POINT('',#4366);
#1383=VERTEX_POINT('',#4368);
#1384=VERTEX_POINT('',#4370);
#1385=VERTEX_POINT('',#4372);
#1386=VERTEX_POINT('',#4376);
#1387=VERTEX_POINT('',#4377);
#1388=VERTEX_POINT('',#4382);
#1389=VERTEX_POINT('',#4384);
#1390=VERTEX_POINT('',#4388);
#1391=VERTEX_POINT('',#4390);
#1392=VERTEX_POINT('',#4394);
#1393=VERTEX_POINT('',#4396);
#1394=VERTEX_POINT('',#4400);
#1395=VERTEX_POINT('',#4402);
#1396=VERTEX_POINT('',#4406);
#1397=VERTEX_POINT('',#4408);
#1398=VERTEX_POINT('',#4412);
#1399=VERTEX_POINT('',#4414);
#1400=VERTEX_POINT('',#4418);
#1401=VERTEX_POINT('',#4420);
#1402=VERTEX_POINT('',#4424);
#1403=VERTEX_POINT('',#4429);
#1404=VERTEX_POINT('',#4433);
#1405=VERTEX_POINT('',#4437);
#1406=VERTEX_POINT('',#4441);
#1407=VERTEX_POINT('',#4445);
#1408=VERTEX_POINT('',#4449);
#1409=VERTEX_POINT('',#4456);
#1410=VERTEX_POINT('',#4457);
#1411=VERTEX_POINT('',#4462);
#1412=VERTEX_POINT('',#4466);
#1413=VERTEX_POINT('',#4470);
#1414=VERTEX_POINT('',#4472);
#1415=VERTEX_POINT('',#4476);
#1416=VERTEX_POINT('',#4478);
#1417=VERTEX_POINT('',#4482);
#1418=VERTEX_POINT('',#4484);
#1419=VERTEX_POINT('',#4488);
#1420=VERTEX_POINT('',#4490);
#1421=VERTEX_POINT('',#4494);
#1422=VERTEX_POINT('',#4496);
#1423=VERTEX_POINT('',#4500);
#1424=VERTEX_POINT('',#4502);
#1425=VERTEX_POINT('',#4506);
#1426=VERTEX_POINT('',#4508);
#1427=VERTEX_POINT('',#4513);
#1428=VERTEX_POINT('',#4517);
#1429=VERTEX_POINT('',#4521);
#1430=VERTEX_POINT('',#4525);
#1431=VERTEX_POINT('',#4529);
#1432=VERTEX_POINT('',#4540);
#1433=VERTEX_POINT('',#4541);
#1434=VERTEX_POINT('',#4546);
#1435=VERTEX_POINT('',#4548);
#1436=VERTEX_POINT('',#4552);
#1437=VERTEX_POINT('',#4554);
#1438=VERTEX_POINT('',#4558);
#1439=VERTEX_POINT('',#4560);
#1440=VERTEX_POINT('',#4564);
#1441=VERTEX_POINT('',#4566);
#1442=VERTEX_POINT('',#4570);
#1443=VERTEX_POINT('',#4572);
#1444=VERTEX_POINT('',#4576);
#1445=VERTEX_POINT('',#4578);
#1446=VERTEX_POINT('',#4582);
#1447=VERTEX_POINT('',#4584);
#1448=VERTEX_POINT('',#4588);
#1449=VERTEX_POINT('',#4593);
#1450=VERTEX_POINT('',#4597);
#1451=VERTEX_POINT('',#4601);
#1452=VERTEX_POINT('',#4605);
#1453=VERTEX_POINT('',#4609);
#1454=VERTEX_POINT('',#4613);
#1455=VERTEX_POINT('',#4631);
#1456=VERTEX_POINT('',#4633);
#1457=VERTEX_POINT('',#4636);
#1458=VERTEX_POINT('',#4638);
#1459=VERTEX_POINT('',#4640);
#1460=VERTEX_POINT('',#4674);
#1461=VERTEX_POINT('',#4675);
#1462=VERTEX_POINT('',#4680);
#1463=VERTEX_POINT('',#4682);
#1464=VERTEX_POINT('',#4687);
#1465=VERTEX_POINT('',#4691);
#1466=VERTEX_POINT('',#4701);
#1467=VERTEX_POINT('',#4703);
#1468=VERTEX_POINT('',#4705);
#1469=VERTEX_POINT('',#4707);
#1470=VERTEX_POINT('',#4709);
#1471=VERTEX_POINT('',#4712);
#1472=VERTEX_POINT('',#4714);
#1473=VERTEX_POINT('',#4716);
#1474=VERTEX_POINT('',#4718);
#1475=EDGE_CURVE('',#1239,#1240,#535,.T.);
#1476=EDGE_CURVE('',#1240,#1241,#487,.T.);
#1477=EDGE_CURVE('',#1241,#1242,#536,.T.);
#1478=EDGE_CURVE('',#1242,#1239,#488,.T.);
#1479=EDGE_CURVE('',#1243,#1244,#537,.T.);
#1480=EDGE_CURVE('',#1244,#1245,#489,.T.);
#1481=EDGE_CURVE('',#1245,#1246,#538,.T.);
#1482=EDGE_CURVE('',#1243,#1246,#490,.T.);
#1483=EDGE_CURVE('',#1244,#1247,#539,.T.);
#1484=EDGE_CURVE('',#1247,#1248,#491,.T.);
#1485=EDGE_CURVE('',#1248,#1245,#540,.T.);
#1486=EDGE_CURVE('',#1247,#1249,#541,.T.);
#1487=EDGE_CURVE('',#1249,#1250,#492,.T.);
#1488=EDGE_CURVE('',#1250,#1248,#542,.T.);
#1489=EDGE_CURVE('',#1249,#1251,#543,.T.);
#1490=EDGE_CURVE('',#1251,#1252,#493,.T.);
#1491=EDGE_CURVE('',#1252,#1250,#544,.T.);
#1492=EDGE_CURVE('',#1251,#1253,#545,.T.);
#1493=EDGE_CURVE('',#1253,#1254,#494,.T.);
#1494=EDGE_CURVE('',#1254,#1252,#546,.T.);
#1495=EDGE_CURVE('',#1253,#1255,#547,.T.);
#1496=EDGE_CURVE('',#1255,#1256,#495,.T.);
#1497=EDGE_CURVE('',#1256,#1254,#548,.T.);
#1498=EDGE_CURVE('',#1255,#1257,#549,.T.);
#1499=EDGE_CURVE('',#1257,#1258,#496,.T.);
#1500=EDGE_CURVE('',#1258,#1256,#550,.T.);
#1501=EDGE_CURVE('',#1259,#1258,#551,.T.);
#1502=EDGE_CURVE('',#1257,#1260,#552,.T.);
#1503=EDGE_CURVE('',#1260,#1259,#497,.T.);
#1504=EDGE_CURVE('',#1261,#1259,#553,.T.);
#1505=EDGE_CURVE('',#1260,#1262,#554,.T.);
#1506=EDGE_CURVE('',#1262,#1261,#498,.T.);
#1507=EDGE_CURVE('',#1263,#1261,#555,.T.);
#1508=EDGE_CURVE('',#1262,#1264,#556,.T.);
#1509=EDGE_CURVE('',#1264,#1263,#499,.T.);
#1510=EDGE_CURVE('',#1265,#1263,#557,.T.);
#1511=EDGE_CURVE('',#1264,#1266,#558,.T.);
#1512=EDGE_CURVE('',#1266,#1265,#500,.T.);
#1513=EDGE_CURVE('',#1267,#1265,#559,.T.);
#1514=EDGE_CURVE('',#1266,#1268,#560,.T.);
#1515=EDGE_CURVE('',#1268,#1267,#501,.T.);
#1516=EDGE_CURVE('',#1269,#1267,#561,.T.);
#1517=EDGE_CURVE('',#1268,#1270,#562,.T.);
#1518=EDGE_CURVE('',#1270,#1269,#502,.T.);
#1519=EDGE_CURVE('',#1240,#1269,#563,.T.);
#1520=EDGE_CURVE('',#1270,#1241,#564,.T.);
#1521=EDGE_CURVE('',#1246,#1239,#565,.T.);
#1522=EDGE_CURVE('',#1242,#1243,#566,.T.);
#1523=EDGE_CURVE('',#1257,#1271,#567,.T.);
#1524=EDGE_CURVE('',#1272,#1271,#568,.T.);
#1525=EDGE_CURVE('',#1260,#1272,#569,.T.);
#1526=EDGE_CURVE('',#1255,#1273,#570,.T.);
#1527=EDGE_CURVE('',#1271,#1273,#571,.T.);
#1528=EDGE_CURVE('',#1253,#1274,#572,.T.);
#1529=EDGE_CURVE('',#1273,#1274,#573,.T.);
#1530=EDGE_CURVE('',#1251,#1275,#574,.T.);
#1531=EDGE_CURVE('',#1274,#1275,#575,.T.);
#1532=EDGE_CURVE('',#1249,#1276,#576,.T.);
#1533=EDGE_CURVE('',#1275,#1276,#577,.T.);
#1534=EDGE_CURVE('',#1247,#1277,#578,.T.);
#1535=EDGE_CURVE('',#1276,#1277,#579,.T.);
#1536=EDGE_CURVE('',#1244,#1278,#580,.T.);
#1537=EDGE_CURVE('',#1277,#1278,#581,.T.);
#1538=EDGE_CURVE('',#1243,#1279,#582,.T.);
#1539=EDGE_CURVE('',#1278,#1279,#583,.T.);
#1540=EDGE_CURVE('',#1280,#1281,#584,.T.);
#1541=EDGE_CURVE('',#1282,#1280,#585,.T.);
#1542=EDGE_CURVE('',#1283,#1282,#586,.T.);
#1543=EDGE_CURVE('',#1281,#1283,#587,.T.);
#1544=EDGE_CURVE('',#1284,#1285,#588,.T.);
#1545=EDGE_CURVE('',#1285,#1286,#503,.T.);
#1546=EDGE_CURVE('',#1286,#1287,#589,.T.);
#1547=EDGE_CURVE('',#1284,#1287,#504,.T.);
#1548=EDGE_CURVE('',#1288,#1289,#590,.T.);
#1549=EDGE_CURVE('',#1289,#1290,#505,.T.);
#1550=EDGE_CURVE('',#1290,#1291,#591,.T.);
#1551=EDGE_CURVE('',#1291,#1288,#506,.T.);
#1552=EDGE_CURVE('',#1289,#1292,#592,.T.);
#1553=EDGE_CURVE('',#1292,#1293,#507,.T.);
#1554=EDGE_CURVE('',#1293,#1290,#593,.T.);
#1555=EDGE_CURVE('',#1292,#1294,#594,.T.);
#1556=EDGE_CURVE('',#1294,#1295,#508,.T.);
#1557=EDGE_CURVE('',#1295,#1293,#595,.T.);
#1558=EDGE_CURVE('',#1294,#1296,#596,.T.);
#1559=EDGE_CURVE('',#1296,#1297,#509,.T.);
#1560=EDGE_CURVE('',#1297,#1295,#597,.T.);
#1561=EDGE_CURVE('',#1296,#1298,#598,.T.);
#1562=EDGE_CURVE('',#1298,#1299,#510,.T.);
#1563=EDGE_CURVE('',#1299,#1297,#599,.T.);
#1564=EDGE_CURVE('',#1300,#1299,#600,.T.);
#1565=EDGE_CURVE('',#1298,#1301,#601,.T.);
#1566=EDGE_CURVE('',#1301,#1300,#511,.T.);
#1567=EDGE_CURVE('',#1302,#1300,#602,.T.);
#1568=EDGE_CURVE('',#1301,#1303,#603,.T.);
#1569=EDGE_CURVE('',#1303,#1302,#512,.T.);
#1570=EDGE_CURVE('',#1304,#1302,#604,.T.);
#1571=EDGE_CURVE('',#1303,#1305,#605,.T.);
#1572=EDGE_CURVE('',#1305,#1304,#513,.T.);
#1573=EDGE_CURVE('',#1306,#1304,#606,.T.);
#1574=EDGE_CURVE('',#1305,#1307,#607,.T.);
#1575=EDGE_CURVE('',#1307,#1306,#514,.T.);
#1576=EDGE_CURVE('',#1308,#1306,#608,.T.);
#1577=EDGE_CURVE('',#1307,#1309,#609,.T.);
#1578=EDGE_CURVE('',#1309,#1308,#515,.T.);
#1579=EDGE_CURVE('',#1310,#1308,#610,.T.);
#1580=EDGE_CURVE('',#1309,#1311,#611,.T.);
#1581=EDGE_CURVE('',#1311,#1310,#516,.T.);
#1582=EDGE_CURVE('',#1285,#1288,#612,.T.);
#1583=EDGE_CURVE('',#1291,#1286,#613,.T.);
#1584=EDGE_CURVE('',#1312,#1310,#614,.T.);
#1585=EDGE_CURVE('',#1311,#1313,#615,.T.);
#1586=EDGE_CURVE('',#1313,#1312,#517,.T.);
#1587=EDGE_CURVE('',#1314,#1312,#616,.T.);
#1588=EDGE_CURVE('',#1313,#1315,#617,.T.);
#1589=EDGE_CURVE('',#1315,#1314,#518,.T.);
#1590=EDGE_CURVE('',#1287,#1314,#618,.T.);
#1591=EDGE_CURVE('',#1315,#1284,#619,.T.);
#1592=EDGE_CURVE('',#1303,#1316,#620,.T.);
#1593=EDGE_CURVE('',#1317,#1316,#621,.T.);
#1594=EDGE_CURVE('',#1305,#1317,#622,.T.);
#1595=EDGE_CURVE('',#1301,#1318,#623,.T.);
#1596=EDGE_CURVE('',#1316,#1318,#624,.T.);
#1597=EDGE_CURVE('',#1298,#1319,#625,.T.);
#1598=EDGE_CURVE('',#1318,#1319,#626,.T.);
#1599=EDGE_CURVE('',#1296,#1320,#627,.T.);
#1600=EDGE_CURVE('',#1319,#1320,#628,.T.);
#1601=EDGE_CURVE('',#1294,#1321,#629,.T.);
#1602=EDGE_CURVE('',#1320,#1321,#630,.T.);
#1603=EDGE_CURVE('',#1292,#1322,#631,.T.);
#1604=EDGE_CURVE('',#1321,#1322,#632,.T.);
#1605=EDGE_CURVE('',#1289,#1323,#633,.T.);
#1606=EDGE_CURVE('',#1322,#1323,#634,.T.);
#1607=EDGE_CURVE('',#1288,#1324,#635,.T.);
#1608=EDGE_CURVE('',#1323,#1324,#636,.T.);
#1609=EDGE_CURVE('',#1325,#1281,#637,.T.);
#1610=EDGE_CURVE('',#1325,#1326,#638,.T.);
#1611=EDGE_CURVE('',#1327,#1326,#639,.T.);
#1612=EDGE_CURVE('',#1328,#1327,#640,.T.);
#1613=EDGE_CURVE('',#1328,#1329,#641,.T.);
#1614=EDGE_CURVE('',#1329,#1330,#642,.T.);
#1615=EDGE_CURVE('',#1330,#1331,#643,.T.);
#1616=EDGE_CURVE('',#1331,#1332,#644,.T.);
#1617=EDGE_CURVE('',#1332,#1333,#645,.T.);
#1618=EDGE_CURVE('',#1333,#1334,#646,.T.);
#1619=EDGE_CURVE('',#1334,#1335,#647,.T.);
#1620=EDGE_CURVE('',#1335,#1336,#648,.T.);
#1621=EDGE_CURVE('',#1336,#1280,#649,.T.);
#1622=EDGE_CURVE('',#1337,#1338,#650,.T.);
#1623=EDGE_CURVE('',#1338,#1339,#519,.T.);
#1624=EDGE_CURVE('',#1339,#1340,#651,.T.);
#1625=EDGE_CURVE('',#1337,#1340,#520,.T.);
#1626=EDGE_CURVE('',#1338,#1341,#652,.T.);
#1627=EDGE_CURVE('',#1341,#1342,#521,.T.);
#1628=EDGE_CURVE('',#1342,#1339,#653,.T.);
#1629=EDGE_CURVE('',#1341,#1343,#654,.T.);
#1630=EDGE_CURVE('',#1343,#1344,#522,.T.);
#1631=EDGE_CURVE('',#1344,#1342,#655,.T.);
#1632=EDGE_CURVE('',#1343,#1345,#656,.T.);
#1633=EDGE_CURVE('',#1345,#1346,#523,.T.);
#1634=EDGE_CURVE('',#1346,#1344,#657,.T.);
#1635=EDGE_CURVE('',#1345,#1347,#658,.T.);
#1636=EDGE_CURVE('',#1347,#1348,#524,.T.);
#1637=EDGE_CURVE('',#1348,#1346,#659,.T.);
#1638=EDGE_CURVE('',#1347,#1349,#660,.T.);
#1639=EDGE_CURVE('',#1349,#1350,#525,.T.);
#1640=EDGE_CURVE('',#1350,#1348,#661,.T.);
#1641=EDGE_CURVE('',#1351,#1352,#662,.T.);
#1642=EDGE_CURVE('',#1352,#1353,#526,.T.);
#1643=EDGE_CURVE('',#1353,#1354,#663,.T.);
#1644=EDGE_CURVE('',#1354,#1351,#527,.T.);
#1645=EDGE_CURVE('',#1349,#1353,#664,.T.);
#1646=EDGE_CURVE('',#1352,#1350,#665,.T.);
#1647=EDGE_CURVE('',#1355,#1351,#666,.T.);
#1648=EDGE_CURVE('',#1354,#1356,#667,.T.);
#1649=EDGE_CURVE('',#1356,#1355,#528,.T.);
#1650=EDGE_CURVE('',#1357,#1355,#668,.T.);
#1651=EDGE_CURVE('',#1356,#1358,#669,.T.);
#1652=EDGE_CURVE('',#1358,#1357,#529,.T.);
#1653=EDGE_CURVE('',#1359,#1357,#670,.T.);
#1654=EDGE_CURVE('',#1358,#1360,#671,.T.);
#1655=EDGE_CURVE('',#1360,#1359,#530,.T.);
#1656=EDGE_CURVE('',#1361,#1359,#672,.T.);
#1657=EDGE_CURVE('',#1360,#1362,#673,.T.);
#1658=EDGE_CURVE('',#1362,#1361,#531,.T.);
#1659=EDGE_CURVE('',#1363,#1361,#674,.T.);
#1660=EDGE_CURVE('',#1362,#1364,#675,.T.);
#1661=EDGE_CURVE('',#1364,#1363,#532,.T.);
#1662=EDGE_CURVE('',#1365,#1363,#676,.T.);
#1663=EDGE_CURVE('',#1364,#1366,#677,.T.);
#1664=EDGE_CURVE('',#1366,#1365,#533,.T.);
#1665=EDGE_CURVE('',#1367,#1365,#678,.T.);
#1666=EDGE_CURVE('',#1366,#1368,#679,.T.);
#1667=EDGE_CURVE('',#1368,#1367,#534,.T.);
#1668=EDGE_CURVE('',#1340,#1367,#680,.T.);
#1669=EDGE_CURVE('',#1368,#1337,#681,.T.);
#1670=EDGE_CURVE('',#1366,#1369,#682,.T.);
#1671=EDGE_CURVE('',#1370,#1369,#683,.T.);
#1672=EDGE_CURVE('',#1368,#1370,#684,.T.);
#1673=EDGE_CURVE('',#1364,#1371,#685,.T.);
#1674=EDGE_CURVE('',#1369,#1371,#686,.T.);
#1675=EDGE_CURVE('',#1362,#1372,#687,.T.);
#1676=EDGE_CURVE('',#1371,#1372,#688,.T.);
#1677=EDGE_CURVE('',#1360,#1373,#689,.T.);
#1678=EDGE_CURVE('',#1372,#1373,#690,.T.);
#1679=EDGE_CURVE('',#1358,#1374,#691,.T.);
#1680=EDGE_CURVE('',#1373,#1374,#692,.T.);
#1681=EDGE_CURVE('',#1356,#1375,#693,.T.);
#1682=EDGE_CURVE('',#1374,#1375,#694,.T.);
#1683=EDGE_CURVE('',#1354,#1376,#695,.T.);
#1684=EDGE_CURVE('',#1375,#1376,#696,.T.);
#1685=EDGE_CURVE('',#1353,#1377,#697,.T.);
#1686=EDGE_CURVE('',#1376,#1377,#698,.T.);
#1687=EDGE_CURVE('',#1378,#1379,#699,.T.);
#1688=EDGE_CURVE('',#1379,#1380,#700,.T.);
#1689=EDGE_CURVE('',#1380,#1381,#701,.T.);
#1690=EDGE_CURVE('',#1381,#1382,#702,.T.);
#1691=EDGE_CURVE('',#1382,#1383,#703,.T.);
#1692=EDGE_CURVE('',#1383,#1384,#704,.T.);
#1693=EDGE_CURVE('',#1384,#1385,#705,.T.);
#1694=EDGE_CURVE('',#1385,#1378,#706,.T.);
#1695=EDGE_CURVE('',#1386,#1387,#707,.T.);
#1696=EDGE_CURVE('',#1387,#1370,#708,.T.);
#1697=EDGE_CURVE('',#1386,#1369,#709,.T.);
#1698=EDGE_CURVE('',#1387,#1388,#710,.T.);
#1699=EDGE_CURVE('',#1388,#1389,#711,.T.);
#1700=EDGE_CURVE('',#1389,#1370,#712,.T.);
#1701=EDGE_CURVE('',#1388,#1390,#713,.T.);
#1702=EDGE_CURVE('',#1390,#1391,#714,.T.);
#1703=EDGE_CURVE('',#1391,#1389,#715,.T.);
#1704=EDGE_CURVE('',#1390,#1392,#716,.T.);
#1705=EDGE_CURVE('',#1392,#1393,#717,.T.);
#1706=EDGE_CURVE('',#1393,#1391,#718,.T.);
#1707=EDGE_CURVE('',#1392,#1394,#719,.T.);
#1708=EDGE_CURVE('',#1394,#1395,#720,.T.);
#1709=EDGE_CURVE('',#1395,#1393,#721,.T.);
#1710=EDGE_CURVE('',#1394,#1396,#722,.T.);
#1711=EDGE_CURVE('',#1396,#1397,#723,.T.);
#1712=EDGE_CURVE('',#1397,#1395,#724,.T.);
#1713=EDGE_CURVE('',#1396,#1398,#725,.T.);
#1714=EDGE_CURVE('',#1398,#1399,#726,.T.);
#1715=EDGE_CURVE('',#1399,#1397,#727,.T.);
#1716=EDGE_CURVE('',#1398,#1400,#728,.T.);
#1717=EDGE_CURVE('',#1400,#1401,#729,.T.);
#1718=EDGE_CURVE('',#1401,#1399,#730,.T.);
#1719=EDGE_CURVE('',#1400,#1402,#731,.T.);
#1720=EDGE_CURVE('',#1402,#1377,#732,.T.);
#1721=EDGE_CURVE('',#1377,#1401,#733,.T.);
#1722=EDGE_CURVE('',#1402,#1403,#734,.T.);
#1723=EDGE_CURVE('',#1403,#1376,#735,.T.);
#1724=EDGE_CURVE('',#1403,#1404,#736,.T.);
#1725=EDGE_CURVE('',#1404,#1375,#737,.T.);
#1726=EDGE_CURVE('',#1404,#1405,#738,.T.);
#1727=EDGE_CURVE('',#1405,#1374,#739,.T.);
#1728=EDGE_CURVE('',#1405,#1406,#740,.T.);
#1729=EDGE_CURVE('',#1406,#1373,#741,.T.);
#1730=EDGE_CURVE('',#1406,#1407,#742,.T.);
#1731=EDGE_CURVE('',#1407,#1372,#743,.T.);
#1732=EDGE_CURVE('',#1407,#1408,#744,.T.);
#1733=EDGE_CURVE('',#1408,#1371,#745,.T.);
#1734=EDGE_CURVE('',#1408,#1386,#746,.T.);
#1735=EDGE_CURVE('',#1409,#1410,#747,.T.);
#1736=EDGE_CURVE('',#1410,#1273,#748,.T.);
#1737=EDGE_CURVE('',#1409,#1274,#749,.T.);
#1738=EDGE_CURVE('',#1410,#1411,#750,.T.);
#1739=EDGE_CURVE('',#1411,#1271,#751,.T.);
#1740=EDGE_CURVE('',#1411,#1412,#752,.T.);
#1741=EDGE_CURVE('',#1412,#1272,#753,.T.);
#1742=EDGE_CURVE('',#1412,#1413,#754,.T.);
#1743=EDGE_CURVE('',#1413,#1414,#755,.T.);
#1744=EDGE_CURVE('',#1414,#1272,#756,.T.);
#1745=EDGE_CURVE('',#1413,#1415,#757,.T.);
#1746=EDGE_CURVE('',#1415,#1416,#758,.T.);
#1747=EDGE_CURVE('',#1416,#1414,#759,.T.);
#1748=EDGE_CURVE('',#1415,#1417,#760,.T.);
#1749=EDGE_CURVE('',#1417,#1418,#761,.T.);
#1750=EDGE_CURVE('',#1418,#1416,#762,.T.);
#1751=EDGE_CURVE('',#1417,#1419,#763,.T.);
#1752=EDGE_CURVE('',#1419,#1420,#764,.T.);
#1753=EDGE_CURVE('',#1420,#1418,#765,.T.);
#1754=EDGE_CURVE('',#1419,#1421,#766,.T.);
#1755=EDGE_CURVE('',#1421,#1422,#767,.T.);
#1756=EDGE_CURVE('',#1422,#1420,#768,.T.);
#1757=EDGE_CURVE('',#1421,#1423,#769,.T.);
#1758=EDGE_CURVE('',#1423,#1424,#770,.T.);
#1759=EDGE_CURVE('',#1424,#1422,#771,.T.);
#1760=EDGE_CURVE('',#1425,#1424,#772,.T.);
#1761=EDGE_CURVE('',#1423,#1426,#773,.T.);
#1762=EDGE_CURVE('',#1426,#1425,#774,.T.);
#1763=EDGE_CURVE('',#1279,#1425,#775,.T.);
#1764=EDGE_CURVE('',#1426,#1427,#776,.T.);
#1765=EDGE_CURVE('',#1427,#1279,#777,.T.);
#1766=EDGE_CURVE('',#1427,#1428,#778,.T.);
#1767=EDGE_CURVE('',#1428,#1278,#779,.T.);
#1768=EDGE_CURVE('',#1428,#1429,#780,.T.);
#1769=EDGE_CURVE('',#1429,#1277,#781,.T.);
#1770=EDGE_CURVE('',#1429,#1430,#782,.T.);
#1771=EDGE_CURVE('',#1430,#1276,#783,.T.);
#1772=EDGE_CURVE('',#1430,#1431,#784,.T.);
#1773=EDGE_CURVE('',#1431,#1275,#785,.T.);
#1774=EDGE_CURVE('',#1431,#1409,#786,.T.);
#1775=EDGE_CURVE('',#1241,#1424,#787,.T.);
#1776=EDGE_CURVE('',#1242,#1425,#788,.T.);
#1777=EDGE_CURVE('',#1432,#1433,#789,.T.);
#1778=EDGE_CURVE('',#1433,#1317,#790,.T.);
#1779=EDGE_CURVE('',#1432,#1316,#791,.T.);
#1780=EDGE_CURVE('',#1433,#1434,#792,.T.);
#1781=EDGE_CURVE('',#1434,#1435,#793,.T.);
#1782=EDGE_CURVE('',#1435,#1317,#794,.T.);
#1783=EDGE_CURVE('',#1434,#1436,#795,.T.);
#1784=EDGE_CURVE('',#1436,#1437,#796,.T.);
#1785=EDGE_CURVE('',#1437,#1435,#797,.T.);
#1786=EDGE_CURVE('',#1436,#1438,#798,.T.);
#1787=EDGE_CURVE('',#1438,#1439,#799,.T.);
#1788=EDGE_CURVE('',#1439,#1437,#800,.T.);
#1789=EDGE_CURVE('',#1438,#1440,#801,.T.);
#1790=EDGE_CURVE('',#1440,#1441,#802,.T.);
#1791=EDGE_CURVE('',#1441,#1439,#803,.T.);
#1792=EDGE_CURVE('',#1440,#1442,#804,.T.);
#1793=EDGE_CURVE('',#1442,#1443,#805,.T.);
#1794=EDGE_CURVE('',#1443,#1441,#806,.T.);
#1795=EDGE_CURVE('',#1442,#1444,#807,.T.);
#1796=EDGE_CURVE('',#1444,#1445,#808,.T.);
#1797=EDGE_CURVE('',#1445,#1443,#809,.T.);
#1798=EDGE_CURVE('',#1444,#1446,#810,.T.);
#1799=EDGE_CURVE('',#1446,#1447,#811,.T.);
#1800=EDGE_CURVE('',#1447,#1445,#812,.T.);
#1801=EDGE_CURVE('',#1446,#1448,#813,.T.);
#1802=EDGE_CURVE('',#1448,#1324,#814,.T.);
#1803=EDGE_CURVE('',#1324,#1447,#815,.T.);
#1804=EDGE_CURVE('',#1448,#1449,#816,.T.);
#1805=EDGE_CURVE('',#1449,#1323,#817,.T.);
#1806=EDGE_CURVE('',#1449,#1450,#818,.T.);
#1807=EDGE_CURVE('',#1450,#1322,#819,.T.);
#1808=EDGE_CURVE('',#1450,#1451,#820,.T.);
#1809=EDGE_CURVE('',#1451,#1321,#821,.T.);
#1810=EDGE_CURVE('',#1451,#1452,#822,.T.);
#1811=EDGE_CURVE('',#1452,#1320,#823,.T.);
#1812=EDGE_CURVE('',#1452,#1453,#824,.T.);
#1813=EDGE_CURVE('',#1453,#1319,#825,.T.);
#1814=EDGE_CURVE('',#1453,#1454,#826,.T.);
#1815=EDGE_CURVE('',#1454,#1318,#827,.T.);
#1816=EDGE_CURVE('',#1454,#1432,#828,.T.);
#1817=EDGE_CURVE('',#1262,#1414,#829,.T.);
#1818=EDGE_CURVE('',#1264,#1416,#830,.T.);
#1819=EDGE_CURVE('',#1266,#1418,#831,.T.);
#1820=EDGE_CURVE('',#1268,#1420,#832,.T.);
#1821=EDGE_CURVE('',#1270,#1422,#833,.T.);
#1822=EDGE_CURVE('',#1455,#1336,#834,.T.);
#1823=EDGE_CURVE('',#1456,#1455,#835,.T.);
#1824=EDGE_CURVE('',#1456,#1385,#836,.T.);
#1825=EDGE_CURVE('',#1457,#1384,#837,.T.);
#1826=EDGE_CURVE('',#1457,#1458,#838,.T.);
#1827=EDGE_CURVE('',#1459,#1458,#839,.T.);
#1828=EDGE_CURVE('',#1459,#1282,#840,.T.);
#1829=EDGE_CURVE('',#1307,#1435,#841,.T.);
#1830=EDGE_CURVE('',#1309,#1437,#842,.T.);
#1831=EDGE_CURVE('',#1311,#1439,#843,.T.);
#1832=EDGE_CURVE('',#1313,#1441,#844,.T.);
#1833=EDGE_CURVE('',#1315,#1443,#845,.T.);
#1834=EDGE_CURVE('',#1284,#1445,#846,.T.);
#1835=EDGE_CURVE('',#1285,#1447,#847,.T.);
#1836=EDGE_CURVE('',#1337,#1389,#848,.T.);
#1837=EDGE_CURVE('',#1338,#1391,#849,.T.);
#1838=EDGE_CURVE('',#1341,#1393,#850,.T.);
#1839=EDGE_CURVE('',#1343,#1395,#851,.T.);
#1840=EDGE_CURVE('',#1345,#1397,#852,.T.);
#1841=EDGE_CURVE('',#1347,#1399,#853,.T.);
#1842=EDGE_CURVE('',#1349,#1401,#854,.T.);
#1843=EDGE_CURVE('',#1460,#1461,#855,.T.);
#1844=EDGE_CURVE('',#1331,#1460,#856,.T.);
#1845=EDGE_CURVE('',#1461,#1330,#857,.T.);
#1846=EDGE_CURVE('',#1462,#1461,#858,.T.);
#1847=EDGE_CURVE('',#1463,#1329,#859,.T.);
#1848=EDGE_CURVE('',#1463,#1457,#860,.T.);
#1849=EDGE_CURVE('',#1462,#1383,#861,.T.);
#1850=EDGE_CURVE('',#1464,#1459,#862,.T.);
#1851=EDGE_CURVE('',#1464,#1283,#863,.T.);
#1852=EDGE_CURVE('',#1458,#1465,#864,.T.);
#1853=EDGE_CURVE('',#1465,#1464,#865,.T.);
#1854=EDGE_CURVE('',#1465,#1463,#866,.T.);
#1855=EDGE_CURVE('',#1328,#1325,#15,.T.);
#1856=EDGE_CURVE('',#1326,#1327,#16,.T.);
#1857=EDGE_CURVE('',#1456,#1466,#867,.T.);
#1858=EDGE_CURVE('',#1467,#1455,#868,.T.);
#1859=EDGE_CURVE('',#1468,#1467,#869,.T.);
#1860=EDGE_CURVE('',#1469,#1468,#870,.T.);
#1861=EDGE_CURVE('',#1470,#1469,#871,.T.);
#1862=EDGE_CURVE('',#1460,#1470,#872,.T.);
#1863=EDGE_CURVE('',#1471,#1462,#873,.T.);
#1864=EDGE_CURVE('',#1472,#1471,#874,.T.);
#1865=EDGE_CURVE('',#1473,#1472,#875,.T.);
#1866=EDGE_CURVE('',#1474,#1473,#876,.T.);
#1867=EDGE_CURVE('',#1466,#1474,#877,.T.);
#1868=EDGE_CURVE('',#1466,#1378,#878,.T.);
#1869=EDGE_CURVE('',#1471,#1382,#879,.T.);
#1870=EDGE_CURVE('',#1472,#1381,#880,.T.);
#1871=EDGE_CURVE('',#1473,#1380,#881,.T.);
#1872=EDGE_CURVE('',#1474,#1379,#882,.T.);
#1873=EDGE_CURVE('',#1470,#1332,#883,.T.);
#1874=EDGE_CURVE('',#1469,#1333,#884,.T.);
#1875=EDGE_CURVE('',#1468,#1334,#885,.T.);
#1876=EDGE_CURVE('',#1467,#1335,#886,.T.);
#1877=ORIENTED_EDGE('',*,*,#1475,.T.);
#1878=ORIENTED_EDGE('',*,*,#1476,.T.);
#1879=ORIENTED_EDGE('',*,*,#1477,.T.);
#1880=ORIENTED_EDGE('',*,*,#1478,.T.);
#1881=ORIENTED_EDGE('',*,*,#1479,.T.);
#1882=ORIENTED_EDGE('',*,*,#1480,.T.);
#1883=ORIENTED_EDGE('',*,*,#1481,.T.);
#1884=ORIENTED_EDGE('',*,*,#1482,.F.);
#1885=ORIENTED_EDGE('',*,*,#1483,.T.);
#1886=ORIENTED_EDGE('',*,*,#1484,.T.);
#1887=ORIENTED_EDGE('',*,*,#1485,.T.);
#1888=ORIENTED_EDGE('',*,*,#1480,.F.);
#1889=ORIENTED_EDGE('',*,*,#1486,.T.);
#1890=ORIENTED_EDGE('',*,*,#1487,.T.);
#1891=ORIENTED_EDGE('',*,*,#1488,.T.);
#1892=ORIENTED_EDGE('',*,*,#1484,.F.);
#1893=ORIENTED_EDGE('',*,*,#1489,.T.);
#1894=ORIENTED_EDGE('',*,*,#1490,.T.);
#1895=ORIENTED_EDGE('',*,*,#1491,.T.);
#1896=ORIENTED_EDGE('',*,*,#1487,.F.);
#1897=ORIENTED_EDGE('',*,*,#1492,.T.);
#1898=ORIENTED_EDGE('',*,*,#1493,.T.);
#1899=ORIENTED_EDGE('',*,*,#1494,.T.);
#1900=ORIENTED_EDGE('',*,*,#1490,.F.);
#1901=ORIENTED_EDGE('',*,*,#1495,.T.);
#1902=ORIENTED_EDGE('',*,*,#1496,.T.);
#1903=ORIENTED_EDGE('',*,*,#1497,.T.);
#1904=ORIENTED_EDGE('',*,*,#1493,.F.);
#1905=ORIENTED_EDGE('',*,*,#1498,.T.);
#1906=ORIENTED_EDGE('',*,*,#1499,.T.);
#1907=ORIENTED_EDGE('',*,*,#1500,.T.);
#1908=ORIENTED_EDGE('',*,*,#1496,.F.);
#1909=ORIENTED_EDGE('',*,*,#1501,.T.);
#1910=ORIENTED_EDGE('',*,*,#1499,.F.);
#1911=ORIENTED_EDGE('',*,*,#1502,.T.);
#1912=ORIENTED_EDGE('',*,*,#1503,.T.);
#1913=ORIENTED_EDGE('',*,*,#1504,.T.);
#1914=ORIENTED_EDGE('',*,*,#1503,.F.);
#1915=ORIENTED_EDGE('',*,*,#1505,.T.);
#1916=ORIENTED_EDGE('',*,*,#1506,.T.);
#1917=ORIENTED_EDGE('',*,*,#1507,.T.);
#1918=ORIENTED_EDGE('',*,*,#1506,.F.);
#1919=ORIENTED_EDGE('',*,*,#1508,.T.);
#1920=ORIENTED_EDGE('',*,*,#1509,.T.);
#1921=ORIENTED_EDGE('',*,*,#1510,.T.);
#1922=ORIENTED_EDGE('',*,*,#1509,.F.);
#1923=ORIENTED_EDGE('',*,*,#1511,.T.);
#1924=ORIENTED_EDGE('',*,*,#1512,.T.);
#1925=ORIENTED_EDGE('',*,*,#1513,.T.);
#1926=ORIENTED_EDGE('',*,*,#1512,.F.);
#1927=ORIENTED_EDGE('',*,*,#1514,.T.);
#1928=ORIENTED_EDGE('',*,*,#1515,.T.);
#1929=ORIENTED_EDGE('',*,*,#1516,.T.);
#1930=ORIENTED_EDGE('',*,*,#1515,.F.);
#1931=ORIENTED_EDGE('',*,*,#1517,.T.);
#1932=ORIENTED_EDGE('',*,*,#1518,.T.);
#1933=ORIENTED_EDGE('',*,*,#1519,.T.);
#1934=ORIENTED_EDGE('',*,*,#1518,.F.);
#1935=ORIENTED_EDGE('',*,*,#1520,.T.);
#1936=ORIENTED_EDGE('',*,*,#1476,.F.);
#1937=ORIENTED_EDGE('',*,*,#1521,.T.);
#1938=ORIENTED_EDGE('',*,*,#1478,.F.);
#1939=ORIENTED_EDGE('',*,*,#1522,.T.);
#1940=ORIENTED_EDGE('',*,*,#1482,.T.);
#1941=ORIENTED_EDGE('',*,*,#1502,.F.);
#1942=ORIENTED_EDGE('',*,*,#1523,.T.);
#1943=ORIENTED_EDGE('',*,*,#1524,.F.);
#1944=ORIENTED_EDGE('',*,*,#1525,.F.);
#1945=ORIENTED_EDGE('',*,*,#1498,.F.);
#1946=ORIENTED_EDGE('',*,*,#1526,.T.);
#1947=ORIENTED_EDGE('',*,*,#1527,.F.);
#1948=ORIENTED_EDGE('',*,*,#1523,.F.);
#1949=ORIENTED_EDGE('',*,*,#1495,.F.);
#1950=ORIENTED_EDGE('',*,*,#1528,.T.);
#1951=ORIENTED_EDGE('',*,*,#1529,.F.);
#1952=ORIENTED_EDGE('',*,*,#1526,.F.);
#1953=ORIENTED_EDGE('',*,*,#1492,.F.);
#1954=ORIENTED_EDGE('',*,*,#1530,.T.);
#1955=ORIENTED_EDGE('',*,*,#1531,.F.);
#1956=ORIENTED_EDGE('',*,*,#1528,.F.);
#1957=ORIENTED_EDGE('',*,*,#1489,.F.);
#1958=ORIENTED_EDGE('',*,*,#1532,.T.);
#1959=ORIENTED_EDGE('',*,*,#1533,.F.);
#1960=ORIENTED_EDGE('',*,*,#1530,.F.);
#1961=ORIENTED_EDGE('',*,*,#1486,.F.);
#1962=ORIENTED_EDGE('',*,*,#1534,.T.);
#1963=ORIENTED_EDGE('',*,*,#1535,.F.);
#1964=ORIENTED_EDGE('',*,*,#1532,.F.);
#1965=ORIENTED_EDGE('',*,*,#1483,.F.);
#1966=ORIENTED_EDGE('',*,*,#1536,.T.);
#1967=ORIENTED_EDGE('',*,*,#1537,.F.);
#1968=ORIENTED_EDGE('',*,*,#1534,.F.);
#1969=ORIENTED_EDGE('',*,*,#1479,.F.);
#1970=ORIENTED_EDGE('',*,*,#1538,.T.);
#1971=ORIENTED_EDGE('',*,*,#1539,.F.);
#1972=ORIENTED_EDGE('',*,*,#1536,.F.);
#1973=ORIENTED_EDGE('',*,*,#1540,.F.);
#1974=ORIENTED_EDGE('',*,*,#1541,.F.);
#1975=ORIENTED_EDGE('',*,*,#1542,.F.);
#1976=ORIENTED_EDGE('',*,*,#1543,.F.);
#1977=ORIENTED_EDGE('',*,*,#1481,.F.);
#1978=ORIENTED_EDGE('',*,*,#1485,.F.);
#1979=ORIENTED_EDGE('',*,*,#1488,.F.);
#1980=ORIENTED_EDGE('',*,*,#1491,.F.);
#1981=ORIENTED_EDGE('',*,*,#1494,.F.);
#1982=ORIENTED_EDGE('',*,*,#1497,.F.);
#1983=ORIENTED_EDGE('',*,*,#1500,.F.);
#1984=ORIENTED_EDGE('',*,*,#1501,.F.);
#1985=ORIENTED_EDGE('',*,*,#1504,.F.);
#1986=ORIENTED_EDGE('',*,*,#1507,.F.);
#1987=ORIENTED_EDGE('',*,*,#1510,.F.);
#1988=ORIENTED_EDGE('',*,*,#1513,.F.);
#1989=ORIENTED_EDGE('',*,*,#1516,.F.);
#1990=ORIENTED_EDGE('',*,*,#1519,.F.);
#1991=ORIENTED_EDGE('',*,*,#1475,.F.);
#1992=ORIENTED_EDGE('',*,*,#1521,.F.);
#1993=ORIENTED_EDGE('',*,*,#1544,.T.);
#1994=ORIENTED_EDGE('',*,*,#1545,.T.);
#1995=ORIENTED_EDGE('',*,*,#1546,.T.);
#1996=ORIENTED_EDGE('',*,*,#1547,.F.);
#1997=ORIENTED_EDGE('',*,*,#1548,.T.);
#1998=ORIENTED_EDGE('',*,*,#1549,.T.);
#1999=ORIENTED_EDGE('',*,*,#1550,.T.);
#2000=ORIENTED_EDGE('',*,*,#1551,.T.);
#2001=ORIENTED_EDGE('',*,*,#1552,.T.);
#2002=ORIENTED_EDGE('',*,*,#1553,.T.);
#2003=ORIENTED_EDGE('',*,*,#1554,.T.);
#2004=ORIENTED_EDGE('',*,*,#1549,.F.);
#2005=ORIENTED_EDGE('',*,*,#1555,.T.);
#2006=ORIENTED_EDGE('',*,*,#1556,.T.);
#2007=ORIENTED_EDGE('',*,*,#1557,.T.);
#2008=ORIENTED_EDGE('',*,*,#1553,.F.);
#2009=ORIENTED_EDGE('',*,*,#1558,.T.);
#2010=ORIENTED_EDGE('',*,*,#1559,.T.);
#2011=ORIENTED_EDGE('',*,*,#1560,.T.);
#2012=ORIENTED_EDGE('',*,*,#1556,.F.);
#2013=ORIENTED_EDGE('',*,*,#1561,.T.);
#2014=ORIENTED_EDGE('',*,*,#1562,.T.);
#2015=ORIENTED_EDGE('',*,*,#1563,.T.);
#2016=ORIENTED_EDGE('',*,*,#1559,.F.);
#2017=ORIENTED_EDGE('',*,*,#1564,.T.);
#2018=ORIENTED_EDGE('',*,*,#1562,.F.);
#2019=ORIENTED_EDGE('',*,*,#1565,.T.);
#2020=ORIENTED_EDGE('',*,*,#1566,.T.);
#2021=ORIENTED_EDGE('',*,*,#1567,.T.);
#2022=ORIENTED_EDGE('',*,*,#1566,.F.);
#2023=ORIENTED_EDGE('',*,*,#1568,.T.);
#2024=ORIENTED_EDGE('',*,*,#1569,.T.);
#2025=ORIENTED_EDGE('',*,*,#1570,.T.);
#2026=ORIENTED_EDGE('',*,*,#1569,.F.);
#2027=ORIENTED_EDGE('',*,*,#1571,.T.);
#2028=ORIENTED_EDGE('',*,*,#1572,.T.);
#2029=ORIENTED_EDGE('',*,*,#1573,.T.);
#2030=ORIENTED_EDGE('',*,*,#1572,.F.);
#2031=ORIENTED_EDGE('',*,*,#1574,.T.);
#2032=ORIENTED_EDGE('',*,*,#1575,.T.);
#2033=ORIENTED_EDGE('',*,*,#1576,.T.);
#2034=ORIENTED_EDGE('',*,*,#1575,.F.);
#2035=ORIENTED_EDGE('',*,*,#1577,.T.);
#2036=ORIENTED_EDGE('',*,*,#1578,.T.);
#2037=ORIENTED_EDGE('',*,*,#1579,.T.);
#2038=ORIENTED_EDGE('',*,*,#1578,.F.);
#2039=ORIENTED_EDGE('',*,*,#1580,.T.);
#2040=ORIENTED_EDGE('',*,*,#1581,.T.);
#2041=ORIENTED_EDGE('',*,*,#1582,.T.);
#2042=ORIENTED_EDGE('',*,*,#1551,.F.);
#2043=ORIENTED_EDGE('',*,*,#1583,.T.);
#2044=ORIENTED_EDGE('',*,*,#1545,.F.);
#2045=ORIENTED_EDGE('',*,*,#1584,.T.);
#2046=ORIENTED_EDGE('',*,*,#1581,.F.);
#2047=ORIENTED_EDGE('',*,*,#1585,.T.);
#2048=ORIENTED_EDGE('',*,*,#1586,.T.);
#2049=ORIENTED_EDGE('',*,*,#1587,.T.);
#2050=ORIENTED_EDGE('',*,*,#1586,.F.);
#2051=ORIENTED_EDGE('',*,*,#1588,.T.);
#2052=ORIENTED_EDGE('',*,*,#1589,.T.);
#2053=ORIENTED_EDGE('',*,*,#1590,.T.);
#2054=ORIENTED_EDGE('',*,*,#1589,.F.);
#2055=ORIENTED_EDGE('',*,*,#1591,.T.);
#2056=ORIENTED_EDGE('',*,*,#1547,.T.);
#2057=ORIENTED_EDGE('',*,*,#1571,.F.);
#2058=ORIENTED_EDGE('',*,*,#1592,.T.);
#2059=ORIENTED_EDGE('',*,*,#1593,.F.);
#2060=ORIENTED_EDGE('',*,*,#1594,.F.);
#2061=ORIENTED_EDGE('',*,*,#1568,.F.);
#2062=ORIENTED_EDGE('',*,*,#1595,.T.);
#2063=ORIENTED_EDGE('',*,*,#1596,.F.);
#2064=ORIENTED_EDGE('',*,*,#1592,.F.);
#2065=ORIENTED_EDGE('',*,*,#1565,.F.);
#2066=ORIENTED_EDGE('',*,*,#1597,.T.);
#2067=ORIENTED_EDGE('',*,*,#1598,.F.);
#2068=ORIENTED_EDGE('',*,*,#1595,.F.);
#2069=ORIENTED_EDGE('',*,*,#1561,.F.);
#2070=ORIENTED_EDGE('',*,*,#1599,.T.);
#2071=ORIENTED_EDGE('',*,*,#1600,.F.);
#2072=ORIENTED_EDGE('',*,*,#1597,.F.);
#2073=ORIENTED_EDGE('',*,*,#1558,.F.);
#2074=ORIENTED_EDGE('',*,*,#1601,.T.);
#2075=ORIENTED_EDGE('',*,*,#1602,.F.);
#2076=ORIENTED_EDGE('',*,*,#1599,.F.);
#2077=ORIENTED_EDGE('',*,*,#1555,.F.);
#2078=ORIENTED_EDGE('',*,*,#1603,.T.);
#2079=ORIENTED_EDGE('',*,*,#1604,.F.);
#2080=ORIENTED_EDGE('',*,*,#1601,.F.);
#2081=ORIENTED_EDGE('',*,*,#1552,.F.);
#2082=ORIENTED_EDGE('',*,*,#1605,.T.);
#2083=ORIENTED_EDGE('',*,*,#1606,.F.);
#2084=ORIENTED_EDGE('',*,*,#1603,.F.);
#2085=ORIENTED_EDGE('',*,*,#1548,.F.);
#2086=ORIENTED_EDGE('',*,*,#1607,.T.);
#2087=ORIENTED_EDGE('',*,*,#1608,.F.);
#2088=ORIENTED_EDGE('',*,*,#1605,.F.);
#2089=ORIENTED_EDGE('',*,*,#1540,.T.);
#2090=ORIENTED_EDGE('',*,*,#1609,.F.);
#2091=ORIENTED_EDGE('',*,*,#1610,.T.);
#2092=ORIENTED_EDGE('',*,*,#1611,.F.);
#2093=ORIENTED_EDGE('',*,*,#1612,.F.);
#2094=ORIENTED_EDGE('',*,*,#1613,.T.);
#2095=ORIENTED_EDGE('',*,*,#1614,.T.);
#2096=ORIENTED_EDGE('',*,*,#1615,.T.);
#2097=ORIENTED_EDGE('',*,*,#1616,.T.);
#2098=ORIENTED_EDGE('',*,*,#1617,.T.);
#2099=ORIENTED_EDGE('',*,*,#1618,.T.);
#2100=ORIENTED_EDGE('',*,*,#1619,.T.);
#2101=ORIENTED_EDGE('',*,*,#1620,.T.);
#2102=ORIENTED_EDGE('',*,*,#1621,.T.);
#2103=ORIENTED_EDGE('',*,*,#1550,.F.);
#2104=ORIENTED_EDGE('',*,*,#1554,.F.);
#2105=ORIENTED_EDGE('',*,*,#1557,.F.);
#2106=ORIENTED_EDGE('',*,*,#1560,.F.);
#2107=ORIENTED_EDGE('',*,*,#1563,.F.);
#2108=ORIENTED_EDGE('',*,*,#1564,.F.);
#2109=ORIENTED_EDGE('',*,*,#1567,.F.);
#2110=ORIENTED_EDGE('',*,*,#1570,.F.);
#2111=ORIENTED_EDGE('',*,*,#1573,.F.);
#2112=ORIENTED_EDGE('',*,*,#1576,.F.);
#2113=ORIENTED_EDGE('',*,*,#1579,.F.);
#2114=ORIENTED_EDGE('',*,*,#1584,.F.);
#2115=ORIENTED_EDGE('',*,*,#1587,.F.);
#2116=ORIENTED_EDGE('',*,*,#1590,.F.);
#2117=ORIENTED_EDGE('',*,*,#1546,.F.);
#2118=ORIENTED_EDGE('',*,*,#1583,.F.);
#2119=ORIENTED_EDGE('',*,*,#1622,.T.);
#2120=ORIENTED_EDGE('',*,*,#1623,.T.);
#2121=ORIENTED_EDGE('',*,*,#1624,.T.);
#2122=ORIENTED_EDGE('',*,*,#1625,.F.);
#2123=ORIENTED_EDGE('',*,*,#1626,.T.);
#2124=ORIENTED_EDGE('',*,*,#1627,.T.);
#2125=ORIENTED_EDGE('',*,*,#1628,.T.);
#2126=ORIENTED_EDGE('',*,*,#1623,.F.);
#2127=ORIENTED_EDGE('',*,*,#1629,.T.);
#2128=ORIENTED_EDGE('',*,*,#1630,.T.);
#2129=ORIENTED_EDGE('',*,*,#1631,.T.);
#2130=ORIENTED_EDGE('',*,*,#1627,.F.);
#2131=ORIENTED_EDGE('',*,*,#1632,.T.);
#2132=ORIENTED_EDGE('',*,*,#1633,.T.);
#2133=ORIENTED_EDGE('',*,*,#1634,.T.);
#2134=ORIENTED_EDGE('',*,*,#1630,.F.);
#2135=ORIENTED_EDGE('',*,*,#1635,.T.);
#2136=ORIENTED_EDGE('',*,*,#1636,.T.);
#2137=ORIENTED_EDGE('',*,*,#1637,.T.);
#2138=ORIENTED_EDGE('',*,*,#1633,.F.);
#2139=ORIENTED_EDGE('',*,*,#1638,.T.);
#2140=ORIENTED_EDGE('',*,*,#1639,.T.);
#2141=ORIENTED_EDGE('',*,*,#1640,.T.);
#2142=ORIENTED_EDGE('',*,*,#1636,.F.);
#2143=ORIENTED_EDGE('',*,*,#1641,.T.);
#2144=ORIENTED_EDGE('',*,*,#1642,.T.);
#2145=ORIENTED_EDGE('',*,*,#1643,.T.);
#2146=ORIENTED_EDGE('',*,*,#1644,.T.);
#2147=ORIENTED_EDGE('',*,*,#1645,.T.);
#2148=ORIENTED_EDGE('',*,*,#1642,.F.);
#2149=ORIENTED_EDGE('',*,*,#1646,.T.);
#2150=ORIENTED_EDGE('',*,*,#1639,.F.);
#2151=ORIENTED_EDGE('',*,*,#1647,.T.);
#2152=ORIENTED_EDGE('',*,*,#1644,.F.);
#2153=ORIENTED_EDGE('',*,*,#1648,.T.);
#2154=ORIENTED_EDGE('',*,*,#1649,.T.);
#2155=ORIENTED_EDGE('',*,*,#1650,.T.);
#2156=ORIENTED_EDGE('',*,*,#1649,.F.);
#2157=ORIENTED_EDGE('',*,*,#1651,.T.);
#2158=ORIENTED_EDGE('',*,*,#1652,.T.);
#2159=ORIENTED_EDGE('',*,*,#1653,.T.);
#2160=ORIENTED_EDGE('',*,*,#1652,.F.);
#2161=ORIENTED_EDGE('',*,*,#1654,.T.);
#2162=ORIENTED_EDGE('',*,*,#1655,.T.);
#2163=ORIENTED_EDGE('',*,*,#1656,.T.);
#2164=ORIENTED_EDGE('',*,*,#1655,.F.);
#2165=ORIENTED_EDGE('',*,*,#1657,.T.);
#2166=ORIENTED_EDGE('',*,*,#1658,.T.);
#2167=ORIENTED_EDGE('',*,*,#1659,.T.);
#2168=ORIENTED_EDGE('',*,*,#1658,.F.);
#2169=ORIENTED_EDGE('',*,*,#1660,.T.);
#2170=ORIENTED_EDGE('',*,*,#1661,.T.);
#2171=ORIENTED_EDGE('',*,*,#1662,.T.);
#2172=ORIENTED_EDGE('',*,*,#1661,.F.);
#2173=ORIENTED_EDGE('',*,*,#1663,.T.);
#2174=ORIENTED_EDGE('',*,*,#1664,.T.);
#2175=ORIENTED_EDGE('',*,*,#1665,.T.);
#2176=ORIENTED_EDGE('',*,*,#1664,.F.);
#2177=ORIENTED_EDGE('',*,*,#1666,.T.);
#2178=ORIENTED_EDGE('',*,*,#1667,.T.);
#2179=ORIENTED_EDGE('',*,*,#1668,.T.);
#2180=ORIENTED_EDGE('',*,*,#1667,.F.);
#2181=ORIENTED_EDGE('',*,*,#1669,.T.);
#2182=ORIENTED_EDGE('',*,*,#1625,.T.);
#2183=ORIENTED_EDGE('',*,*,#1666,.F.);
#2184=ORIENTED_EDGE('',*,*,#1670,.T.);
#2185=ORIENTED_EDGE('',*,*,#1671,.F.);
#2186=ORIENTED_EDGE('',*,*,#1672,.F.);
#2187=ORIENTED_EDGE('',*,*,#1663,.F.);
#2188=ORIENTED_EDGE('',*,*,#1673,.T.);
#2189=ORIENTED_EDGE('',*,*,#1674,.F.);
#2190=ORIENTED_EDGE('',*,*,#1670,.F.);
#2191=ORIENTED_EDGE('',*,*,#1660,.F.);
#2192=ORIENTED_EDGE('',*,*,#1675,.T.);
#2193=ORIENTED_EDGE('',*,*,#1676,.F.);
#2194=ORIENTED_EDGE('',*,*,#1673,.F.);
#2195=ORIENTED_EDGE('',*,*,#1657,.F.);
#2196=ORIENTED_EDGE('',*,*,#1677,.T.);
#2197=ORIENTED_EDGE('',*,*,#1678,.F.);
#2198=ORIENTED_EDGE('',*,*,#1675,.F.);
#2199=ORIENTED_EDGE('',*,*,#1654,.F.);
#2200=ORIENTED_EDGE('',*,*,#1679,.T.);
#2201=ORIENTED_EDGE('',*,*,#1680,.F.);
#2202=ORIENTED_EDGE('',*,*,#1677,.F.);
#2203=ORIENTED_EDGE('',*,*,#1651,.F.);
#2204=ORIENTED_EDGE('',*,*,#1681,.T.);
#2205=ORIENTED_EDGE('',*,*,#1682,.F.);
#2206=ORIENTED_EDGE('',*,*,#1679,.F.);
#2207=ORIENTED_EDGE('',*,*,#1648,.F.);
#2208=ORIENTED_EDGE('',*,*,#1683,.T.);
#2209=ORIENTED_EDGE('',*,*,#1684,.F.);
#2210=ORIENTED_EDGE('',*,*,#1681,.F.);
#2211=ORIENTED_EDGE('',*,*,#1643,.F.);
#2212=ORIENTED_EDGE('',*,*,#1685,.T.);
#2213=ORIENTED_EDGE('',*,*,#1686,.F.);
#2214=ORIENTED_EDGE('',*,*,#1683,.F.);
#2215=ORIENTED_EDGE('',*,*,#1687,.T.);
#2216=ORIENTED_EDGE('',*,*,#1688,.T.);
#2217=ORIENTED_EDGE('',*,*,#1689,.T.);
#2218=ORIENTED_EDGE('',*,*,#1690,.T.);
#2219=ORIENTED_EDGE('',*,*,#1691,.T.);
#2220=ORIENTED_EDGE('',*,*,#1692,.T.);
#2221=ORIENTED_EDGE('',*,*,#1693,.T.);
#2222=ORIENTED_EDGE('',*,*,#1694,.T.);
#2223=ORIENTED_EDGE('',*,*,#1641,.F.);
#2224=ORIENTED_EDGE('',*,*,#1647,.F.);
#2225=ORIENTED_EDGE('',*,*,#1650,.F.);
#2226=ORIENTED_EDGE('',*,*,#1653,.F.);
#2227=ORIENTED_EDGE('',*,*,#1656,.F.);
#2228=ORIENTED_EDGE('',*,*,#1659,.F.);
#2229=ORIENTED_EDGE('',*,*,#1662,.F.);
#2230=ORIENTED_EDGE('',*,*,#1665,.F.);
#2231=ORIENTED_EDGE('',*,*,#1668,.F.);
#2232=ORIENTED_EDGE('',*,*,#1624,.F.);
#2233=ORIENTED_EDGE('',*,*,#1628,.F.);
#2234=ORIENTED_EDGE('',*,*,#1631,.F.);
#2235=ORIENTED_EDGE('',*,*,#1634,.F.);
#2236=ORIENTED_EDGE('',*,*,#1637,.F.);
#2237=ORIENTED_EDGE('',*,*,#1640,.F.);
#2238=ORIENTED_EDGE('',*,*,#1646,.F.);
#2239=ORIENTED_EDGE('',*,*,#1695,.T.);
#2240=ORIENTED_EDGE('',*,*,#1696,.T.);
#2241=ORIENTED_EDGE('',*,*,#1671,.T.);
#2242=ORIENTED_EDGE('',*,*,#1697,.F.);
#2243=ORIENTED_EDGE('',*,*,#1698,.T.);
#2244=ORIENTED_EDGE('',*,*,#1699,.T.);
#2245=ORIENTED_EDGE('',*,*,#1700,.T.);
#2246=ORIENTED_EDGE('',*,*,#1696,.F.);
#2247=ORIENTED_EDGE('',*,*,#1701,.T.);
#2248=ORIENTED_EDGE('',*,*,#1702,.T.);
#2249=ORIENTED_EDGE('',*,*,#1703,.T.);
#2250=ORIENTED_EDGE('',*,*,#1699,.F.);
#2251=ORIENTED_EDGE('',*,*,#1704,.T.);
#2252=ORIENTED_EDGE('',*,*,#1705,.T.);
#2253=ORIENTED_EDGE('',*,*,#1706,.T.);
#2254=ORIENTED_EDGE('',*,*,#1702,.F.);
#2255=ORIENTED_EDGE('',*,*,#1707,.T.);
#2256=ORIENTED_EDGE('',*,*,#1708,.T.);
#2257=ORIENTED_EDGE('',*,*,#1709,.T.);
#2258=ORIENTED_EDGE('',*,*,#1705,.F.);
#2259=ORIENTED_EDGE('',*,*,#1710,.T.);
#2260=ORIENTED_EDGE('',*,*,#1711,.T.);
#2261=ORIENTED_EDGE('',*,*,#1712,.T.);
#2262=ORIENTED_EDGE('',*,*,#1708,.F.);
#2263=ORIENTED_EDGE('',*,*,#1713,.T.);
#2264=ORIENTED_EDGE('',*,*,#1714,.T.);
#2265=ORIENTED_EDGE('',*,*,#1715,.T.);
#2266=ORIENTED_EDGE('',*,*,#1711,.F.);
#2267=ORIENTED_EDGE('',*,*,#1716,.T.);
#2268=ORIENTED_EDGE('',*,*,#1717,.T.);
#2269=ORIENTED_EDGE('',*,*,#1718,.T.);
#2270=ORIENTED_EDGE('',*,*,#1714,.F.);
#2271=ORIENTED_EDGE('',*,*,#1719,.T.);
#2272=ORIENTED_EDGE('',*,*,#1720,.T.);
#2273=ORIENTED_EDGE('',*,*,#1721,.T.);
#2274=ORIENTED_EDGE('',*,*,#1717,.F.);
#2275=ORIENTED_EDGE('',*,*,#1686,.T.);
#2276=ORIENTED_EDGE('',*,*,#1720,.F.);
#2277=ORIENTED_EDGE('',*,*,#1722,.T.);
#2278=ORIENTED_EDGE('',*,*,#1723,.T.);
#2279=ORIENTED_EDGE('',*,*,#1684,.T.);
#2280=ORIENTED_EDGE('',*,*,#1723,.F.);
#2281=ORIENTED_EDGE('',*,*,#1724,.T.);
#2282=ORIENTED_EDGE('',*,*,#1725,.T.);
#2283=ORIENTED_EDGE('',*,*,#1682,.T.);
#2284=ORIENTED_EDGE('',*,*,#1725,.F.);
#2285=ORIENTED_EDGE('',*,*,#1726,.T.);
#2286=ORIENTED_EDGE('',*,*,#1727,.T.);
#2287=ORIENTED_EDGE('',*,*,#1680,.T.);
#2288=ORIENTED_EDGE('',*,*,#1727,.F.);
#2289=ORIENTED_EDGE('',*,*,#1728,.T.);
#2290=ORIENTED_EDGE('',*,*,#1729,.T.);
#2291=ORIENTED_EDGE('',*,*,#1678,.T.);
#2292=ORIENTED_EDGE('',*,*,#1729,.F.);
#2293=ORIENTED_EDGE('',*,*,#1730,.T.);
#2294=ORIENTED_EDGE('',*,*,#1731,.T.);
#2295=ORIENTED_EDGE('',*,*,#1676,.T.);
#2296=ORIENTED_EDGE('',*,*,#1731,.F.);
#2297=ORIENTED_EDGE('',*,*,#1732,.T.);
#2298=ORIENTED_EDGE('',*,*,#1733,.T.);
#2299=ORIENTED_EDGE('',*,*,#1674,.T.);
#2300=ORIENTED_EDGE('',*,*,#1733,.F.);
#2301=ORIENTED_EDGE('',*,*,#1734,.T.);
#2302=ORIENTED_EDGE('',*,*,#1697,.T.);
#2303=ORIENTED_EDGE('',*,*,#1695,.F.);
#2304=ORIENTED_EDGE('',*,*,#1734,.F.);
#2305=ORIENTED_EDGE('',*,*,#1732,.F.);
#2306=ORIENTED_EDGE('',*,*,#1730,.F.);
#2307=ORIENTED_EDGE('',*,*,#1728,.F.);
#2308=ORIENTED_EDGE('',*,*,#1726,.F.);
#2309=ORIENTED_EDGE('',*,*,#1724,.F.);
#2310=ORIENTED_EDGE('',*,*,#1722,.F.);
#2311=ORIENTED_EDGE('',*,*,#1719,.F.);
#2312=ORIENTED_EDGE('',*,*,#1716,.F.);
#2313=ORIENTED_EDGE('',*,*,#1713,.F.);
#2314=ORIENTED_EDGE('',*,*,#1710,.F.);
#2315=ORIENTED_EDGE('',*,*,#1707,.F.);
#2316=ORIENTED_EDGE('',*,*,#1704,.F.);
#2317=ORIENTED_EDGE('',*,*,#1701,.F.);
#2318=ORIENTED_EDGE('',*,*,#1698,.F.);
#2319=ORIENTED_EDGE('',*,*,#1735,.T.);
#2320=ORIENTED_EDGE('',*,*,#1736,.T.);
#2321=ORIENTED_EDGE('',*,*,#1529,.T.);
#2322=ORIENTED_EDGE('',*,*,#1737,.F.);
#2323=ORIENTED_EDGE('',*,*,#1738,.T.);
#2324=ORIENTED_EDGE('',*,*,#1739,.T.);
#2325=ORIENTED_EDGE('',*,*,#1527,.T.);
#2326=ORIENTED_EDGE('',*,*,#1736,.F.);
#2327=ORIENTED_EDGE('',*,*,#1740,.T.);
#2328=ORIENTED_EDGE('',*,*,#1741,.T.);
#2329=ORIENTED_EDGE('',*,*,#1524,.T.);
#2330=ORIENTED_EDGE('',*,*,#1739,.F.);
#2331=ORIENTED_EDGE('',*,*,#1742,.T.);
#2332=ORIENTED_EDGE('',*,*,#1743,.T.);
#2333=ORIENTED_EDGE('',*,*,#1744,.T.);
#2334=ORIENTED_EDGE('',*,*,#1741,.F.);
#2335=ORIENTED_EDGE('',*,*,#1745,.T.);
#2336=ORIENTED_EDGE('',*,*,#1746,.T.);
#2337=ORIENTED_EDGE('',*,*,#1747,.T.);
#2338=ORIENTED_EDGE('',*,*,#1743,.F.);
#2339=ORIENTED_EDGE('',*,*,#1748,.T.);
#2340=ORIENTED_EDGE('',*,*,#1749,.T.);
#2341=ORIENTED_EDGE('',*,*,#1750,.T.);
#2342=ORIENTED_EDGE('',*,*,#1746,.F.);
#2343=ORIENTED_EDGE('',*,*,#1751,.T.);
#2344=ORIENTED_EDGE('',*,*,#1752,.T.);
#2345=ORIENTED_EDGE('',*,*,#1753,.T.);
#2346=ORIENTED_EDGE('',*,*,#1749,.F.);
#2347=ORIENTED_EDGE('',*,*,#1754,.T.);
#2348=ORIENTED_EDGE('',*,*,#1755,.T.);
#2349=ORIENTED_EDGE('',*,*,#1756,.T.);
#2350=ORIENTED_EDGE('',*,*,#1752,.F.);
#2351=ORIENTED_EDGE('',*,*,#1757,.T.);
#2352=ORIENTED_EDGE('',*,*,#1758,.T.);
#2353=ORIENTED_EDGE('',*,*,#1759,.T.);
#2354=ORIENTED_EDGE('',*,*,#1755,.F.);
#2355=ORIENTED_EDGE('',*,*,#1760,.T.);
#2356=ORIENTED_EDGE('',*,*,#1758,.F.);
#2357=ORIENTED_EDGE('',*,*,#1761,.T.);
#2358=ORIENTED_EDGE('',*,*,#1762,.T.);
#2359=ORIENTED_EDGE('',*,*,#1763,.T.);
#2360=ORIENTED_EDGE('',*,*,#1762,.F.);
#2361=ORIENTED_EDGE('',*,*,#1764,.T.);
#2362=ORIENTED_EDGE('',*,*,#1765,.T.);
#2363=ORIENTED_EDGE('',*,*,#1539,.T.);
#2364=ORIENTED_EDGE('',*,*,#1765,.F.);
#2365=ORIENTED_EDGE('',*,*,#1766,.T.);
#2366=ORIENTED_EDGE('',*,*,#1767,.T.);
#2367=ORIENTED_EDGE('',*,*,#1537,.T.);
#2368=ORIENTED_EDGE('',*,*,#1767,.F.);
#2369=ORIENTED_EDGE('',*,*,#1768,.T.);
#2370=ORIENTED_EDGE('',*,*,#1769,.T.);
#2371=ORIENTED_EDGE('',*,*,#1535,.T.);
#2372=ORIENTED_EDGE('',*,*,#1769,.F.);
#2373=ORIENTED_EDGE('',*,*,#1770,.T.);
#2374=ORIENTED_EDGE('',*,*,#1771,.T.);
#2375=ORIENTED_EDGE('',*,*,#1533,.T.);
#2376=ORIENTED_EDGE('',*,*,#1771,.F.);
#2377=ORIENTED_EDGE('',*,*,#1772,.T.);
#2378=ORIENTED_EDGE('',*,*,#1773,.T.);
#2379=ORIENTED_EDGE('',*,*,#1531,.T.);
#2380=ORIENTED_EDGE('',*,*,#1773,.F.);
#2381=ORIENTED_EDGE('',*,*,#1774,.T.);
#2382=ORIENTED_EDGE('',*,*,#1737,.T.);
#2383=ORIENTED_EDGE('',*,*,#1477,.F.);
#2384=ORIENTED_EDGE('',*,*,#1775,.T.);
#2385=ORIENTED_EDGE('',*,*,#1760,.F.);
#2386=ORIENTED_EDGE('',*,*,#1776,.F.);
#2387=ORIENTED_EDGE('',*,*,#1522,.F.);
#2388=ORIENTED_EDGE('',*,*,#1776,.T.);
#2389=ORIENTED_EDGE('',*,*,#1763,.F.);
#2390=ORIENTED_EDGE('',*,*,#1538,.F.);
#2391=ORIENTED_EDGE('',*,*,#1735,.F.);
#2392=ORIENTED_EDGE('',*,*,#1774,.F.);
#2393=ORIENTED_EDGE('',*,*,#1772,.F.);
#2394=ORIENTED_EDGE('',*,*,#1770,.F.);
#2395=ORIENTED_EDGE('',*,*,#1768,.F.);
#2396=ORIENTED_EDGE('',*,*,#1766,.F.);
#2397=ORIENTED_EDGE('',*,*,#1764,.F.);
#2398=ORIENTED_EDGE('',*,*,#1761,.F.);
#2399=ORIENTED_EDGE('',*,*,#1757,.F.);
#2400=ORIENTED_EDGE('',*,*,#1754,.F.);
#2401=ORIENTED_EDGE('',*,*,#1751,.F.);
#2402=ORIENTED_EDGE('',*,*,#1748,.F.);
#2403=ORIENTED_EDGE('',*,*,#1745,.F.);
#2404=ORIENTED_EDGE('',*,*,#1742,.F.);
#2405=ORIENTED_EDGE('',*,*,#1740,.F.);
#2406=ORIENTED_EDGE('',*,*,#1738,.F.);
#2407=ORIENTED_EDGE('',*,*,#1777,.T.);
#2408=ORIENTED_EDGE('',*,*,#1778,.T.);
#2409=ORIENTED_EDGE('',*,*,#1593,.T.);
#2410=ORIENTED_EDGE('',*,*,#1779,.F.);
#2411=ORIENTED_EDGE('',*,*,#1780,.T.);
#2412=ORIENTED_EDGE('',*,*,#1781,.T.);
#2413=ORIENTED_EDGE('',*,*,#1782,.T.);
#2414=ORIENTED_EDGE('',*,*,#1778,.F.);
#2415=ORIENTED_EDGE('',*,*,#1783,.T.);
#2416=ORIENTED_EDGE('',*,*,#1784,.T.);
#2417=ORIENTED_EDGE('',*,*,#1785,.T.);
#2418=ORIENTED_EDGE('',*,*,#1781,.F.);
#2419=ORIENTED_EDGE('',*,*,#1786,.T.);
#2420=ORIENTED_EDGE('',*,*,#1787,.T.);
#2421=ORIENTED_EDGE('',*,*,#1788,.T.);
#2422=ORIENTED_EDGE('',*,*,#1784,.F.);
#2423=ORIENTED_EDGE('',*,*,#1789,.T.);
#2424=ORIENTED_EDGE('',*,*,#1790,.T.);
#2425=ORIENTED_EDGE('',*,*,#1791,.T.);
#2426=ORIENTED_EDGE('',*,*,#1787,.F.);
#2427=ORIENTED_EDGE('',*,*,#1792,.T.);
#2428=ORIENTED_EDGE('',*,*,#1793,.T.);
#2429=ORIENTED_EDGE('',*,*,#1794,.T.);
#2430=ORIENTED_EDGE('',*,*,#1790,.F.);
#2431=ORIENTED_EDGE('',*,*,#1795,.T.);
#2432=ORIENTED_EDGE('',*,*,#1796,.T.);
#2433=ORIENTED_EDGE('',*,*,#1797,.T.);
#2434=ORIENTED_EDGE('',*,*,#1793,.F.);
#2435=ORIENTED_EDGE('',*,*,#1798,.T.);
#2436=ORIENTED_EDGE('',*,*,#1799,.T.);
#2437=ORIENTED_EDGE('',*,*,#1800,.T.);
#2438=ORIENTED_EDGE('',*,*,#1796,.F.);
#2439=ORIENTED_EDGE('',*,*,#1801,.T.);
#2440=ORIENTED_EDGE('',*,*,#1802,.T.);
#2441=ORIENTED_EDGE('',*,*,#1803,.T.);
#2442=ORIENTED_EDGE('',*,*,#1799,.F.);
#2443=ORIENTED_EDGE('',*,*,#1608,.T.);
#2444=ORIENTED_EDGE('',*,*,#1802,.F.);
#2445=ORIENTED_EDGE('',*,*,#1804,.T.);
#2446=ORIENTED_EDGE('',*,*,#1805,.T.);
#2447=ORIENTED_EDGE('',*,*,#1606,.T.);
#2448=ORIENTED_EDGE('',*,*,#1805,.F.);
#2449=ORIENTED_EDGE('',*,*,#1806,.T.);
#2450=ORIENTED_EDGE('',*,*,#1807,.T.);
#2451=ORIENTED_EDGE('',*,*,#1604,.T.);
#2452=ORIENTED_EDGE('',*,*,#1807,.F.);
#2453=ORIENTED_EDGE('',*,*,#1808,.T.);
#2454=ORIENTED_EDGE('',*,*,#1809,.T.);
#2455=ORIENTED_EDGE('',*,*,#1602,.T.);
#2456=ORIENTED_EDGE('',*,*,#1809,.F.);
#2457=ORIENTED_EDGE('',*,*,#1810,.T.);
#2458=ORIENTED_EDGE('',*,*,#1811,.T.);
#2459=ORIENTED_EDGE('',*,*,#1600,.T.);
#2460=ORIENTED_EDGE('',*,*,#1811,.F.);
#2461=ORIENTED_EDGE('',*,*,#1812,.T.);
#2462=ORIENTED_EDGE('',*,*,#1813,.T.);
#2463=ORIENTED_EDGE('',*,*,#1598,.T.);
#2464=ORIENTED_EDGE('',*,*,#1813,.F.);
#2465=ORIENTED_EDGE('',*,*,#1814,.T.);
#2466=ORIENTED_EDGE('',*,*,#1815,.T.);
#2467=ORIENTED_EDGE('',*,*,#1596,.T.);
#2468=ORIENTED_EDGE('',*,*,#1815,.F.);
#2469=ORIENTED_EDGE('',*,*,#1816,.T.);
#2470=ORIENTED_EDGE('',*,*,#1779,.T.);
#2471=ORIENTED_EDGE('',*,*,#1777,.F.);
#2472=ORIENTED_EDGE('',*,*,#1816,.F.);
#2473=ORIENTED_EDGE('',*,*,#1814,.F.);
#2474=ORIENTED_EDGE('',*,*,#1812,.F.);
#2475=ORIENTED_EDGE('',*,*,#1810,.F.);
#2476=ORIENTED_EDGE('',*,*,#1808,.F.);
#2477=ORIENTED_EDGE('',*,*,#1806,.F.);
#2478=ORIENTED_EDGE('',*,*,#1804,.F.);
#2479=ORIENTED_EDGE('',*,*,#1801,.F.);
#2480=ORIENTED_EDGE('',*,*,#1798,.F.);
#2481=ORIENTED_EDGE('',*,*,#1795,.F.);
#2482=ORIENTED_EDGE('',*,*,#1792,.F.);
#2483=ORIENTED_EDGE('',*,*,#1789,.F.);
#2484=ORIENTED_EDGE('',*,*,#1786,.F.);
#2485=ORIENTED_EDGE('',*,*,#1783,.F.);
#2486=ORIENTED_EDGE('',*,*,#1780,.F.);
#2487=ORIENTED_EDGE('',*,*,#1505,.F.);
#2488=ORIENTED_EDGE('',*,*,#1525,.T.);
#2489=ORIENTED_EDGE('',*,*,#1744,.F.);
#2490=ORIENTED_EDGE('',*,*,#1817,.F.);
#2491=ORIENTED_EDGE('',*,*,#1508,.F.);
#2492=ORIENTED_EDGE('',*,*,#1817,.T.);
#2493=ORIENTED_EDGE('',*,*,#1747,.F.);
#2494=ORIENTED_EDGE('',*,*,#1818,.F.);
#2495=ORIENTED_EDGE('',*,*,#1511,.F.);
#2496=ORIENTED_EDGE('',*,*,#1818,.T.);
#2497=ORIENTED_EDGE('',*,*,#1750,.F.);
#2498=ORIENTED_EDGE('',*,*,#1819,.F.);
#2499=ORIENTED_EDGE('',*,*,#1514,.F.);
#2500=ORIENTED_EDGE('',*,*,#1819,.T.);
#2501=ORIENTED_EDGE('',*,*,#1753,.F.);
#2502=ORIENTED_EDGE('',*,*,#1820,.F.);
#2503=ORIENTED_EDGE('',*,*,#1517,.F.);
#2504=ORIENTED_EDGE('',*,*,#1820,.T.);
#2505=ORIENTED_EDGE('',*,*,#1756,.F.);
#2506=ORIENTED_EDGE('',*,*,#1821,.F.);
#2507=ORIENTED_EDGE('',*,*,#1520,.F.);
#2508=ORIENTED_EDGE('',*,*,#1821,.T.);
#2509=ORIENTED_EDGE('',*,*,#1759,.F.);
#2510=ORIENTED_EDGE('',*,*,#1775,.F.);
#2511=ORIENTED_EDGE('',*,*,#1541,.T.);
#2512=ORIENTED_EDGE('',*,*,#1621,.F.);
#2513=ORIENTED_EDGE('',*,*,#1822,.F.);
#2514=ORIENTED_EDGE('',*,*,#1823,.F.);
#2515=ORIENTED_EDGE('',*,*,#1824,.T.);
#2516=ORIENTED_EDGE('',*,*,#1693,.F.);
#2517=ORIENTED_EDGE('',*,*,#1825,.F.);
#2518=ORIENTED_EDGE('',*,*,#1826,.T.);
#2519=ORIENTED_EDGE('',*,*,#1827,.F.);
#2520=ORIENTED_EDGE('',*,*,#1828,.T.);
#2521=ORIENTED_EDGE('',*,*,#1574,.F.);
#2522=ORIENTED_EDGE('',*,*,#1594,.T.);
#2523=ORIENTED_EDGE('',*,*,#1782,.F.);
#2524=ORIENTED_EDGE('',*,*,#1829,.F.);
#2525=ORIENTED_EDGE('',*,*,#1577,.F.);
#2526=ORIENTED_EDGE('',*,*,#1829,.T.);
#2527=ORIENTED_EDGE('',*,*,#1785,.F.);
#2528=ORIENTED_EDGE('',*,*,#1830,.F.);
#2529=ORIENTED_EDGE('',*,*,#1580,.F.);
#2530=ORIENTED_EDGE('',*,*,#1830,.T.);
#2531=ORIENTED_EDGE('',*,*,#1788,.F.);
#2532=ORIENTED_EDGE('',*,*,#1831,.F.);
#2533=ORIENTED_EDGE('',*,*,#1585,.F.);
#2534=ORIENTED_EDGE('',*,*,#1831,.T.);
#2535=ORIENTED_EDGE('',*,*,#1791,.F.);
#2536=ORIENTED_EDGE('',*,*,#1832,.F.);
#2537=ORIENTED_EDGE('',*,*,#1588,.F.);
#2538=ORIENTED_EDGE('',*,*,#1832,.T.);
#2539=ORIENTED_EDGE('',*,*,#1794,.F.);
#2540=ORIENTED_EDGE('',*,*,#1833,.F.);
#2541=ORIENTED_EDGE('',*,*,#1591,.F.);
#2542=ORIENTED_EDGE('',*,*,#1833,.T.);
#2543=ORIENTED_EDGE('',*,*,#1797,.F.);
#2544=ORIENTED_EDGE('',*,*,#1834,.F.);
#2545=ORIENTED_EDGE('',*,*,#1544,.F.);
#2546=ORIENTED_EDGE('',*,*,#1834,.T.);
#2547=ORIENTED_EDGE('',*,*,#1800,.F.);
#2548=ORIENTED_EDGE('',*,*,#1835,.F.);
#2549=ORIENTED_EDGE('',*,*,#1582,.F.);
#2550=ORIENTED_EDGE('',*,*,#1835,.T.);
#2551=ORIENTED_EDGE('',*,*,#1803,.F.);
#2552=ORIENTED_EDGE('',*,*,#1607,.F.);
#2553=ORIENTED_EDGE('',*,*,#1669,.F.);
#2554=ORIENTED_EDGE('',*,*,#1672,.T.);
#2555=ORIENTED_EDGE('',*,*,#1700,.F.);
#2556=ORIENTED_EDGE('',*,*,#1836,.F.);
#2557=ORIENTED_EDGE('',*,*,#1622,.F.);
#2558=ORIENTED_EDGE('',*,*,#1836,.T.);
#2559=ORIENTED_EDGE('',*,*,#1703,.F.);
#2560=ORIENTED_EDGE('',*,*,#1837,.F.);
#2561=ORIENTED_EDGE('',*,*,#1626,.F.);
#2562=ORIENTED_EDGE('',*,*,#1837,.T.);
#2563=ORIENTED_EDGE('',*,*,#1706,.F.);
#2564=ORIENTED_EDGE('',*,*,#1838,.F.);
#2565=ORIENTED_EDGE('',*,*,#1629,.F.);
#2566=ORIENTED_EDGE('',*,*,#1838,.T.);
#2567=ORIENTED_EDGE('',*,*,#1709,.F.);
#2568=ORIENTED_EDGE('',*,*,#1839,.F.);
#2569=ORIENTED_EDGE('',*,*,#1632,.F.);
#2570=ORIENTED_EDGE('',*,*,#1839,.T.);
#2571=ORIENTED_EDGE('',*,*,#1712,.F.);
#2572=ORIENTED_EDGE('',*,*,#1840,.F.);
#2573=ORIENTED_EDGE('',*,*,#1635,.F.);
#2574=ORIENTED_EDGE('',*,*,#1840,.T.);
#2575=ORIENTED_EDGE('',*,*,#1715,.F.);
#2576=ORIENTED_EDGE('',*,*,#1841,.F.);
#2577=ORIENTED_EDGE('',*,*,#1638,.F.);
#2578=ORIENTED_EDGE('',*,*,#1841,.T.);
#2579=ORIENTED_EDGE('',*,*,#1718,.F.);
#2580=ORIENTED_EDGE('',*,*,#1842,.F.);
#2581=ORIENTED_EDGE('',*,*,#1645,.F.);
#2582=ORIENTED_EDGE('',*,*,#1842,.T.);
#2583=ORIENTED_EDGE('',*,*,#1721,.F.);
#2584=ORIENTED_EDGE('',*,*,#1685,.F.);
#2585=ORIENTED_EDGE('',*,*,#1843,.F.);
#2586=ORIENTED_EDGE('',*,*,#1844,.F.);
#2587=ORIENTED_EDGE('',*,*,#1615,.F.);
#2588=ORIENTED_EDGE('',*,*,#1845,.F.);
#2589=ORIENTED_EDGE('',*,*,#1846,.T.);
#2590=ORIENTED_EDGE('',*,*,#1845,.T.);
#2591=ORIENTED_EDGE('',*,*,#1614,.F.);
#2592=ORIENTED_EDGE('',*,*,#1847,.F.);
#2593=ORIENTED_EDGE('',*,*,#1848,.T.);
#2594=ORIENTED_EDGE('',*,*,#1825,.T.);
#2595=ORIENTED_EDGE('',*,*,#1692,.F.);
#2596=ORIENTED_EDGE('',*,*,#1849,.F.);
#2597=ORIENTED_EDGE('',*,*,#1542,.T.);
#2598=ORIENTED_EDGE('',*,*,#1828,.F.);
#2599=ORIENTED_EDGE('',*,*,#1850,.F.);
#2600=ORIENTED_EDGE('',*,*,#1851,.T.);
#2601=ORIENTED_EDGE('',*,*,#1852,.T.);
#2602=ORIENTED_EDGE('',*,*,#1853,.T.);
#2603=ORIENTED_EDGE('',*,*,#1850,.T.);
#2604=ORIENTED_EDGE('',*,*,#1827,.T.);
#2605=ORIENTED_EDGE('',*,*,#1543,.T.);
#2606=ORIENTED_EDGE('',*,*,#1851,.F.);
#2607=ORIENTED_EDGE('',*,*,#1853,.F.);
#2608=ORIENTED_EDGE('',*,*,#1854,.T.);
#2609=ORIENTED_EDGE('',*,*,#1847,.T.);
#2610=ORIENTED_EDGE('',*,*,#1613,.F.);
#2611=ORIENTED_EDGE('',*,*,#1855,.T.);
#2612=ORIENTED_EDGE('',*,*,#1609,.T.);
#2613=ORIENTED_EDGE('',*,*,#1855,.F.);
#2614=ORIENTED_EDGE('',*,*,#1612,.T.);
#2615=ORIENTED_EDGE('',*,*,#1856,.F.);
#2616=ORIENTED_EDGE('',*,*,#1610,.F.);
#2617=ORIENTED_EDGE('',*,*,#1611,.T.);
#2618=ORIENTED_EDGE('',*,*,#1856,.T.);
#2619=ORIENTED_EDGE('',*,*,#1857,.F.);
#2620=ORIENTED_EDGE('',*,*,#1823,.T.);
#2621=ORIENTED_EDGE('',*,*,#1858,.F.);
#2622=ORIENTED_EDGE('',*,*,#1859,.F.);
#2623=ORIENTED_EDGE('',*,*,#1860,.F.);
#2624=ORIENTED_EDGE('',*,*,#1861,.F.);
#2625=ORIENTED_EDGE('',*,*,#1862,.F.);
#2626=ORIENTED_EDGE('',*,*,#1843,.T.);
#2627=ORIENTED_EDGE('',*,*,#1846,.F.);
#2628=ORIENTED_EDGE('',*,*,#1863,.F.);
#2629=ORIENTED_EDGE('',*,*,#1864,.F.);
#2630=ORIENTED_EDGE('',*,*,#1865,.F.);
#2631=ORIENTED_EDGE('',*,*,#1866,.F.);
#2632=ORIENTED_EDGE('',*,*,#1867,.F.);
#2633=ORIENTED_EDGE('',*,*,#1857,.T.);
#2634=ORIENTED_EDGE('',*,*,#1868,.T.);
#2635=ORIENTED_EDGE('',*,*,#1694,.F.);
#2636=ORIENTED_EDGE('',*,*,#1824,.F.);
#2637=ORIENTED_EDGE('',*,*,#1863,.T.);
#2638=ORIENTED_EDGE('',*,*,#1849,.T.);
#2639=ORIENTED_EDGE('',*,*,#1691,.F.);
#2640=ORIENTED_EDGE('',*,*,#1869,.F.);
#2641=ORIENTED_EDGE('',*,*,#1864,.T.);
#2642=ORIENTED_EDGE('',*,*,#1869,.T.);
#2643=ORIENTED_EDGE('',*,*,#1690,.F.);
#2644=ORIENTED_EDGE('',*,*,#1870,.F.);
#2645=ORIENTED_EDGE('',*,*,#1865,.T.);
#2646=ORIENTED_EDGE('',*,*,#1870,.T.);
#2647=ORIENTED_EDGE('',*,*,#1689,.F.);
#2648=ORIENTED_EDGE('',*,*,#1871,.F.);
#2649=ORIENTED_EDGE('',*,*,#1866,.T.);
#2650=ORIENTED_EDGE('',*,*,#1871,.T.);
#2651=ORIENTED_EDGE('',*,*,#1688,.F.);
#2652=ORIENTED_EDGE('',*,*,#1872,.F.);
#2653=ORIENTED_EDGE('',*,*,#1867,.T.);
#2654=ORIENTED_EDGE('',*,*,#1872,.T.);
#2655=ORIENTED_EDGE('',*,*,#1687,.F.);
#2656=ORIENTED_EDGE('',*,*,#1868,.F.);
#2657=ORIENTED_EDGE('',*,*,#1862,.T.);
#2658=ORIENTED_EDGE('',*,*,#1873,.T.);
#2659=ORIENTED_EDGE('',*,*,#1616,.F.);
#2660=ORIENTED_EDGE('',*,*,#1844,.T.);
#2661=ORIENTED_EDGE('',*,*,#1861,.T.);
#2662=ORIENTED_EDGE('',*,*,#1874,.T.);
#2663=ORIENTED_EDGE('',*,*,#1617,.F.);
#2664=ORIENTED_EDGE('',*,*,#1873,.F.);
#2665=ORIENTED_EDGE('',*,*,#1860,.T.);
#2666=ORIENTED_EDGE('',*,*,#1875,.T.);
#2667=ORIENTED_EDGE('',*,*,#1618,.F.);
#2668=ORIENTED_EDGE('',*,*,#1874,.F.);
#2669=ORIENTED_EDGE('',*,*,#1859,.T.);
#2670=ORIENTED_EDGE('',*,*,#1876,.T.);
#2671=ORIENTED_EDGE('',*,*,#1619,.F.);
#2672=ORIENTED_EDGE('',*,*,#1875,.F.);
#2673=ORIENTED_EDGE('',*,*,#1858,.T.);
#2674=ORIENTED_EDGE('',*,*,#1822,.T.);
#2675=ORIENTED_EDGE('',*,*,#1620,.F.);
#2676=ORIENTED_EDGE('',*,*,#1876,.F.);
#2677=ORIENTED_EDGE('',*,*,#1848,.F.);
#2678=ORIENTED_EDGE('',*,*,#1854,.F.);
#2679=ORIENTED_EDGE('',*,*,#1852,.F.);
#2680=ORIENTED_EDGE('',*,*,#1826,.F.);
#2681=CYLINDRICAL_SURFACE('',#2915,0.4);
#2682=CYLINDRICAL_SURFACE('',#2918,0.4);
#2683=CYLINDRICAL_SURFACE('',#2921,0.4);
#2684=CYLINDRICAL_SURFACE('',#2923,0.4);
#2685=CYLINDRICAL_SURFACE('',#2925,0.4);
#2686=CYLINDRICAL_SURFACE('',#2927,0.4);
#2687=CYLINDRICAL_SURFACE('',#2929,0.4);
#2688=CYLINDRICAL_SURFACE('',#2931,0.4);
#2689=CYLINDRICAL_SURFACE('',#2933,0.4);
#2690=CYLINDRICAL_SURFACE('',#2935,0.4);
#2691=CYLINDRICAL_SURFACE('',#2937,0.4);
#2692=CYLINDRICAL_SURFACE('',#2939,0.4);
#2693=CYLINDRICAL_SURFACE('',#2941,0.4);
#2694=CYLINDRICAL_SURFACE('',#2943,0.4);
#2695=CYLINDRICAL_SURFACE('',#2945,0.4);
#2696=CYLINDRICAL_SURFACE('',#2946,0.4);
#2697=CYLINDRICAL_SURFACE('',#2956,0.4);
#2698=CYLINDRICAL_SURFACE('',#2959,0.4);
#2699=CYLINDRICAL_SURFACE('',#2962,0.4);
#2700=CYLINDRICAL_SURFACE('',#2964,0.4);
#2701=CYLINDRICAL_SURFACE('',#2966,0.4);
#2702=CYLINDRICAL_SURFACE('',#2968,0.4);
#2703=CYLINDRICAL_SURFACE('',#2970,0.4);
#2704=CYLINDRICAL_SURFACE('',#2972,0.4);
#2705=CYLINDRICAL_SURFACE('',#2974,0.4);
#2706=CYLINDRICAL_SURFACE('',#2976,0.4);
#2707=CYLINDRICAL_SURFACE('',#2978,0.4);
#2708=CYLINDRICAL_SURFACE('',#2980,0.4);
#2709=CYLINDRICAL_SURFACE('',#2982,0.4);
#2710=CYLINDRICAL_SURFACE('',#2983,0.4);
#2711=CYLINDRICAL_SURFACE('',#2985,0.4);
#2712=CYLINDRICAL_SURFACE('',#2987,0.4);
#2713=CYLINDRICAL_SURFACE('',#2997,0.4);
#2714=CYLINDRICAL_SURFACE('',#3000,0.4);
#2715=CYLINDRICAL_SURFACE('',#3002,0.4);
#2716=CYLINDRICAL_SURFACE('',#3004,0.4);
#2717=CYLINDRICAL_SURFACE('',#3006,0.4);
#2718=CYLINDRICAL_SURFACE('',#3008,0.4);
#2719=CYLINDRICAL_SURFACE('',#3010,0.4);
#2720=CYLINDRICAL_SURFACE('',#3013,0.4);
#2721=CYLINDRICAL_SURFACE('',#3014,0.4);
#2722=CYLINDRICAL_SURFACE('',#3016,0.4);
#2723=CYLINDRICAL_SURFACE('',#3018,0.4);
#2724=CYLINDRICAL_SURFACE('',#3020,0.4);
#2725=CYLINDRICAL_SURFACE('',#3022,0.4);
#2726=CYLINDRICAL_SURFACE('',#3024,0.4);
#2727=CYLINDRICAL_SURFACE('',#3026,0.4);
#2728=CYLINDRICAL_SURFACE('',#3028,0.4);
#2729=CYLINDRICAL_SURFACE('',#3120,5.);
#2730=ADVANCED_FACE('',(#142),#2681,.F.);
#2731=ADVANCED_FACE('',(#143),#2682,.F.);
#2732=ADVANCED_FACE('',(#144),#2683,.F.);
#2733=ADVANCED_FACE('',(#145),#2684,.F.);
#2734=ADVANCED_FACE('',(#146),#2685,.F.);
#2735=ADVANCED_FACE('',(#147),#2686,.F.);
#2736=ADVANCED_FACE('',(#148),#2687,.F.);
#2737=ADVANCED_FACE('',(#149),#2688,.F.);
#2738=ADVANCED_FACE('',(#150),#2689,.F.);
#2739=ADVANCED_FACE('',(#151),#2690,.F.);
#2740=ADVANCED_FACE('',(#152),#2691,.F.);
#2741=ADVANCED_FACE('',(#153),#2692,.F.);
#2742=ADVANCED_FACE('',(#154),#2693,.F.);
#2743=ADVANCED_FACE('',(#155),#2694,.F.);
#2744=ADVANCED_FACE('',(#156),#2695,.F.);
#2745=ADVANCED_FACE('',(#157),#2696,.F.);
#2746=ADVANCED_FACE('',(#158),#20,.T.);
#2747=ADVANCED_FACE('',(#159),#21,.T.);
#2748=ADVANCED_FACE('',(#160),#22,.T.);
#2749=ADVANCED_FACE('',(#161),#23,.T.);
#2750=ADVANCED_FACE('',(#162),#24,.T.);
#2751=ADVANCED_FACE('',(#163),#25,.T.);
#2752=ADVANCED_FACE('',(#164),#26,.T.);
#2753=ADVANCED_FACE('',(#165),#27,.T.);
#2754=ADVANCED_FACE('',(#166,#17),#28,.F.);
#2755=ADVANCED_FACE('',(#167),#2697,.F.);
#2756=ADVANCED_FACE('',(#168),#2698,.F.);
#2757=ADVANCED_FACE('',(#169),#2699,.F.);
#2758=ADVANCED_FACE('',(#170),#2700,.F.);
#2759=ADVANCED_FACE('',(#171),#2701,.F.);
#2760=ADVANCED_FACE('',(#172),#2702,.F.);
#2761=ADVANCED_FACE('',(#173),#2703,.F.);
#2762=ADVANCED_FACE('',(#174),#2704,.F.);
#2763=ADVANCED_FACE('',(#175),#2705,.F.);
#2764=ADVANCED_FACE('',(#176),#2706,.F.);
#2765=ADVANCED_FACE('',(#177),#2707,.F.);
#2766=ADVANCED_FACE('',(#178),#2708,.F.);
#2767=ADVANCED_FACE('',(#179),#2709,.F.);
#2768=ADVANCED_FACE('',(#180),#2710,.F.);
#2769=ADVANCED_FACE('',(#181),#2711,.F.);
#2770=ADVANCED_FACE('',(#182),#2712,.F.);
#2771=ADVANCED_FACE('',(#183),#29,.T.);
#2772=ADVANCED_FACE('',(#184),#30,.T.);
#2773=ADVANCED_FACE('',(#185),#31,.T.);
#2774=ADVANCED_FACE('',(#186),#32,.T.);
#2775=ADVANCED_FACE('',(#187),#33,.T.);
#2776=ADVANCED_FACE('',(#188),#34,.T.);
#2777=ADVANCED_FACE('',(#189),#35,.T.);
#2778=ADVANCED_FACE('',(#190),#36,.T.);
#2779=ADVANCED_FACE('',(#191,#18),#37,.T.);
#2780=ADVANCED_FACE('',(#192),#2713,.F.);
#2781=ADVANCED_FACE('',(#193),#2714,.F.);
#2782=ADVANCED_FACE('',(#194),#2715,.F.);
#2783=ADVANCED_FACE('',(#195),#2716,.F.);
#2784=ADVANCED_FACE('',(#196),#2717,.F.);
#2785=ADVANCED_FACE('',(#197),#2718,.F.);
#2786=ADVANCED_FACE('',(#198),#2719,.F.);
#2787=ADVANCED_FACE('',(#199),#2720,.F.);
#2788=ADVANCED_FACE('',(#200),#2721,.F.);
#2789=ADVANCED_FACE('',(#201),#2722,.F.);
#2790=ADVANCED_FACE('',(#202),#2723,.F.);
#2791=ADVANCED_FACE('',(#203),#2724,.F.);
#2792=ADVANCED_FACE('',(#204),#2725,.F.);
#2793=ADVANCED_FACE('',(#205),#2726,.F.);
#2794=ADVANCED_FACE('',(#206),#2727,.F.);
#2795=ADVANCED_FACE('',(#207),#2728,.F.);
#2796=ADVANCED_FACE('',(#208),#38,.T.);
#2797=ADVANCED_FACE('',(#209),#39,.T.);
#2798=ADVANCED_FACE('',(#210),#40,.T.);
#2799=ADVANCED_FACE('',(#211),#41,.T.);
#2800=ADVANCED_FACE('',(#212),#42,.T.);
#2801=ADVANCED_FACE('',(#213),#43,.T.);
#2802=ADVANCED_FACE('',(#214),#44,.T.);
#2803=ADVANCED_FACE('',(#215),#45,.T.);
#2804=ADVANCED_FACE('',(#216,#19),#46,.T.);
#2805=ADVANCED_FACE('',(#217),#47,.T.);
#2806=ADVANCED_FACE('',(#218),#48,.T.);
#2807=ADVANCED_FACE('',(#219),#49,.T.);
#2808=ADVANCED_FACE('',(#220),#50,.T.);
#2809=ADVANCED_FACE('',(#221),#51,.T.);
#2810=ADVANCED_FACE('',(#222),#52,.T.);
#2811=ADVANCED_FACE('',(#223),#53,.T.);
#2812=ADVANCED_FACE('',(#224),#54,.T.);
#2813=ADVANCED_FACE('',(#225),#55,.T.);
#2814=ADVANCED_FACE('',(#226),#56,.T.);
#2815=ADVANCED_FACE('',(#227),#57,.T.);
#2816=ADVANCED_FACE('',(#228),#58,.T.);
#2817=ADVANCED_FACE('',(#229),#59,.T.);
#2818=ADVANCED_FACE('',(#230),#60,.T.);
#2819=ADVANCED_FACE('',(#231),#61,.T.);
#2820=ADVANCED_FACE('',(#232),#62,.T.);
#2821=ADVANCED_FACE('',(#233),#63,.T.);
#2822=ADVANCED_FACE('',(#234),#64,.T.);
#2823=ADVANCED_FACE('',(#235),#65,.T.);
#2824=ADVANCED_FACE('',(#236),#66,.T.);
#2825=ADVANCED_FACE('',(#237),#67,.T.);
#2826=ADVANCED_FACE('',(#238),#68,.T.);
#2827=ADVANCED_FACE('',(#239),#69,.T.);
#2828=ADVANCED_FACE('',(#240),#70,.T.);
#2829=ADVANCED_FACE('',(#241),#71,.T.);
#2830=ADVANCED_FACE('',(#242),#72,.T.);
#2831=ADVANCED_FACE('',(#243),#73,.T.);
#2832=ADVANCED_FACE('',(#244),#74,.T.);
#2833=ADVANCED_FACE('',(#245),#75,.T.);
#2834=ADVANCED_FACE('',(#246),#76,.T.);
#2835=ADVANCED_FACE('',(#247),#77,.T.);
#2836=ADVANCED_FACE('',(#248),#78,.T.);
#2837=ADVANCED_FACE('',(#249),#79,.T.);
#2838=ADVANCED_FACE('',(#250),#80,.T.);
#2839=ADVANCED_FACE('',(#251),#81,.T.);
#2840=ADVANCED_FACE('',(#252),#82,.T.);
#2841=ADVANCED_FACE('',(#253),#83,.T.);
#2842=ADVANCED_FACE('',(#254),#84,.T.);
#2843=ADVANCED_FACE('',(#255),#85,.T.);
#2844=ADVANCED_FACE('',(#256),#86,.T.);
#2845=ADVANCED_FACE('',(#257),#87,.T.);
#2846=ADVANCED_FACE('',(#258),#88,.T.);
#2847=ADVANCED_FACE('',(#259),#89,.T.);
#2848=ADVANCED_FACE('',(#260),#90,.T.);
#2849=ADVANCED_FACE('',(#261),#91,.T.);
#2850=ADVANCED_FACE('',(#262),#92,.T.);
#2851=ADVANCED_FACE('',(#263),#93,.T.);
#2852=ADVANCED_FACE('',(#264),#94,.T.);
#2853=ADVANCED_FACE('',(#265),#95,.T.);
#2854=ADVANCED_FACE('',(#266),#96,.T.);
#2855=ADVANCED_FACE('',(#267),#97,.T.);
#2856=ADVANCED_FACE('',(#268),#98,.T.);
#2857=ADVANCED_FACE('',(#269),#99,.T.);
#2858=ADVANCED_FACE('',(#270),#100,.T.);
#2859=ADVANCED_FACE('',(#271),#101,.T.);
#2860=ADVANCED_FACE('',(#272),#102,.T.);
#2861=ADVANCED_FACE('',(#273),#103,.T.);
#2862=ADVANCED_FACE('',(#274),#104,.T.);
#2863=ADVANCED_FACE('',(#275),#105,.T.);
#2864=ADVANCED_FACE('',(#276),#106,.T.);
#2865=ADVANCED_FACE('',(#277),#107,.T.);
#2866=ADVANCED_FACE('',(#278),#108,.T.);
#2867=ADVANCED_FACE('',(#279),#109,.T.);
#2868=ADVANCED_FACE('',(#280),#110,.T.);
#2869=ADVANCED_FACE('',(#281),#111,.T.);
#2870=ADVANCED_FACE('',(#282),#112,.T.);
#2871=ADVANCED_FACE('',(#283),#113,.T.);
#2872=ADVANCED_FACE('',(#284),#114,.T.);
#2873=ADVANCED_FACE('',(#285),#115,.T.);
#2874=ADVANCED_FACE('',(#286),#116,.T.);
#2875=ADVANCED_FACE('',(#287),#117,.T.);
#2876=ADVANCED_FACE('',(#288),#118,.T.);
#2877=ADVANCED_FACE('',(#289),#119,.T.);
#2878=ADVANCED_FACE('',(#290),#120,.T.);
#2879=ADVANCED_FACE('',(#291),#121,.T.);
#2880=ADVANCED_FACE('',(#292),#122,.T.);
#2881=ADVANCED_FACE('',(#293),#123,.F.);
#2882=ADVANCED_FACE('',(#294),#124,.T.);
#2883=ADVANCED_FACE('',(#295),#125,.T.);
#2884=ADVANCED_FACE('',(#296),#126,.F.);
#2885=ADVANCED_FACE('',(#297),#127,.T.);
#2886=ADVANCED_FACE('',(#298),#2729,.T.);
#2887=ADVANCED_FACE('',(#299),#128,.T.);
#2888=ADVANCED_FACE('',(#300),#129,.T.);
#2889=ADVANCED_FACE('',(#301),#130,.T.);
#2890=ADVANCED_FACE('',(#302),#131,.T.);
#2891=ADVANCED_FACE('',(#303),#132,.T.);
#2892=ADVANCED_FACE('',(#304),#133,.T.);
#2893=ADVANCED_FACE('',(#305),#134,.T.);
#2894=ADVANCED_FACE('',(#306),#135,.T.);
#2895=ADVANCED_FACE('',(#307),#136,.T.);
#2896=ADVANCED_FACE('',(#308),#137,.T.);
#2897=ADVANCED_FACE('',(#309),#138,.T.);
#2898=ADVANCED_FACE('',(#310),#139,.T.);
#2899=ADVANCED_FACE('',(#311),#140,.T.);
#2900=ADVANCED_FACE('',(#312),#141,.F.);
#2901=CLOSED_SHELL('',(#2730,#2731,#2732,#2733,#2734,#2735,#2736,#2737,
#2738,#2739,#2740,#2741,#2742,#2743,#2744,#2745,#2746,#2747,#2748,#2749,
#2750,#2751,#2752,#2753,#2754,#2755,#2756,#2757,#2758,#2759,#2760,#2761,
#2762,#2763,#2764,#2765,#2766,#2767,#2768,#2769,#2770,#2771,#2772,#2773,
#2774,#2775,#2776,#2777,#2778,#2779,#2780,#2781,#2782,#2783,#2784,#2785,
#2786,#2787,#2788,#2789,#2790,#2791,#2792,#2793,#2794,#2795,#2796,#2797,
#2798,#2799,#2800,#2801,#2802,#2803,#2804,#2805,#2806,#2807,#2808,#2809,
#2810,#2811,#2812,#2813,#2814,#2815,#2816,#2817,#2818,#2819,#2820,#2821,
#2822,#2823,#2824,#2825,#2826,#2827,#2828,#2829,#2830,#2831,#2832,#2833,
#2834,#2835,#2836,#2837,#2838,#2839,#2840,#2841,#2842,#2843,#2844,#2845,
#2846,#2847,#2848,#2849,#2850,#2851,#2852,#2853,#2854,#2855,#2856,#2857,
#2858,#2859,#2860,#2861,#2862,#2863,#2864,#2865,#2866,#2867,#2868,#2869,
#2870,#2871,#2872,#2873,#2874,#2875,#2876,#2877,#2878,#2879,#2880,#2881,
#2882,#2883,#2884,#2885,#2886,#2887,#2888,#2889,#2890,#2891,#2892,#2893,
#2894,#2895,#2896,#2897,#2898,#2899,#2900));
#2902=DERIVED_UNIT_ELEMENT(#2904,1.);
#2903=DERIVED_UNIT_ELEMENT(#4747,-3.);
#2904=(
MASS_UNIT()
NAMED_UNIT(*)
SI_UNIT(.KILO.,.GRAM.)
);
#2905=DERIVED_UNIT((#2902,#2903));
#2906=MEASURE_REPRESENTATION_ITEM('density measure',
POSITIVE_RATIO_MEASURE(7850.),#2905);
#2907=PROPERTY_DEFINITION_REPRESENTATION(#2912,#2909);
#2908=PROPERTY_DEFINITION_REPRESENTATION(#2913,#2910);
#2909=REPRESENTATION('material name',(#2911),#4744);
#2910=REPRESENTATION('density',(#2906),#4744);
#2911=DESCRIPTIVE_REPRESENTATION_ITEM('\X2\92FC\X0\','\X2\92FC\X0\');
#2912=PROPERTY_DEFINITION('material property','material name',#4754);
#2913=PROPERTY_DEFINITION('material property','density of part',#4754);
#2914=AXIS2_PLACEMENT_3D('',#3932,#3136,#3137);
#2915=AXIS2_PLACEMENT_3D('',#3933,#3138,#3139);
#2916=AXIS2_PLACEMENT_3D('',#3938,#3141,#3142);
#2917=AXIS2_PLACEMENT_3D('',#3941,#3144,#3145);
#2918=AXIS2_PLACEMENT_3D('',#3942,#3146,#3147);
#2919=AXIS2_PLACEMENT_3D('',#3947,#3149,#3150);
#2920=AXIS2_PLACEMENT_3D('',#3950,#3152,#3153);
#2921=AXIS2_PLACEMENT_3D('',#3951,#3154,#3155);
#2922=AXIS2_PLACEMENT_3D('',#3955,#3157,#3158);
#2923=AXIS2_PLACEMENT_3D('',#3957,#3160,#3161);
#2924=AXIS2_PLACEMENT_3D('',#3961,#3163,#3164);
#2925=AXIS2_PLACEMENT_3D('',#3963,#3166,#3167);
#2926=AXIS2_PLACEMENT_3D('',#3967,#3169,#3170);
#2927=AXIS2_PLACEMENT_3D('',#3969,#3172,#3173);
#2928=AXIS2_PLACEMENT_3D('',#3973,#3175,#3176);
#2929=AXIS2_PLACEMENT_3D('',#3975,#3178,#3179);
#2930=AXIS2_PLACEMENT_3D('',#3979,#3181,#3182);
#2931=AXIS2_PLACEMENT_3D('',#3981,#3184,#3185);
#2932=AXIS2_PLACEMENT_3D('',#3985,#3187,#3188);
#2933=AXIS2_PLACEMENT_3D('',#3987,#3190,#3191);
#2934=AXIS2_PLACEMENT_3D('',#3992,#3194,#3195);
#2935=AXIS2_PLACEMENT_3D('',#3993,#3196,#3197);
#2936=AXIS2_PLACEMENT_3D('',#3998,#3200,#3201);
#2937=AXIS2_PLACEMENT_3D('',#3999,#3202,#3203);
#2938=AXIS2_PLACEMENT_3D('',#4004,#3206,#3207);
#2939=AXIS2_PLACEMENT_3D('',#4005,#3208,#3209);
#2940=AXIS2_PLACEMENT_3D('',#4010,#3212,#3213);
#2941=AXIS2_PLACEMENT_3D('',#4011,#3214,#3215);
#2942=AXIS2_PLACEMENT_3D('',#4016,#3218,#3219);
#2943=AXIS2_PLACEMENT_3D('',#4017,#3220,#3221);
#2944=AXIS2_PLACEMENT_3D('',#4022,#3224,#3225);
#2945=AXIS2_PLACEMENT_3D('',#4023,#3226,#3227);
#2946=AXIS2_PLACEMENT_3D('',#4026,#3230,#3231);
#2947=AXIS2_PLACEMENT_3D('',#4029,#3234,#3235);
#2948=AXIS2_PLACEMENT_3D('',#4035,#3239,#3240);
#2949=AXIS2_PLACEMENT_3D('',#4039,#3243,#3244);
#2950=AXIS2_PLACEMENT_3D('',#4043,#3247,#3248);
#2951=AXIS2_PLACEMENT_3D('',#4047,#3251,#3252);
#2952=AXIS2_PLACEMENT_3D('',#4051,#3255,#3256);
#2953=AXIS2_PLACEMENT_3D('',#4055,#3259,#3260);
#2954=AXIS2_PLACEMENT_3D('',#4059,#3263,#3264);
#2955=AXIS2_PLACEMENT_3D('',#4063,#3267,#3268);
#2956=AXIS2_PLACEMENT_3D('',#4072,#3273,#3274);
#2957=AXIS2_PLACEMENT_3D('',#4077,#3276,#3277);
#2958=AXIS2_PLACEMENT_3D('',#4080,#3279,#3280);
#2959=AXIS2_PLACEMENT_3D('',#4081,#3281,#3282);
#2960=AXIS2_PLACEMENT_3D('',#4086,#3284,#3285);
#2961=AXIS2_PLACEMENT_3D('',#4089,#3287,#3288);
#2962=AXIS2_PLACEMENT_3D('',#4090,#3289,#3290);
#2963=AXIS2_PLACEMENT_3D('',#4094,#3292,#3293);
#2964=AXIS2_PLACEMENT_3D('',#4096,#3295,#3296);
#2965=AXIS2_PLACEMENT_3D('',#4100,#3298,#3299);
#2966=AXIS2_PLACEMENT_3D('',#4102,#3301,#3302);
#2967=AXIS2_PLACEMENT_3D('',#4106,#3304,#3305);
#2968=AXIS2_PLACEMENT_3D('',#4108,#3307,#3308);
#2969=AXIS2_PLACEMENT_3D('',#4112,#3310,#3311);
#2970=AXIS2_PLACEMENT_3D('',#4114,#3313,#3314);
#2971=AXIS2_PLACEMENT_3D('',#4119,#3317,#3318);
#2972=AXIS2_PLACEMENT_3D('',#4120,#3319,#3320);
#2973=AXIS2_PLACEMENT_3D('',#4125,#3323,#3324);
#2974=AXIS2_PLACEMENT_3D('',#4126,#3325,#3326);
#2975=AXIS2_PLACEMENT_3D('',#4131,#3329,#3330);
#2976=AXIS2_PLACEMENT_3D('',#4132,#3331,#3332);
#2977=AXIS2_PLACEMENT_3D('',#4137,#3335,#3336);
#2978=AXIS2_PLACEMENT_3D('',#4138,#3337,#3338);
#2979=AXIS2_PLACEMENT_3D('',#4143,#3341,#3342);
#2980=AXIS2_PLACEMENT_3D('',#4144,#3343,#3344);
#2981=AXIS2_PLACEMENT_3D('',#4149,#3347,#3348);
#2982=AXIS2_PLACEMENT_3D('',#4150,#3349,#3350);
#2983=AXIS2_PLACEMENT_3D('',#4153,#3353,#3354);
#2984=AXIS2_PLACEMENT_3D('',#4158,#3357,#3358);
#2985=AXIS2_PLACEMENT_3D('',#4159,#3359,#3360);
#2986=AXIS2_PLACEMENT_3D('',#4164,#3363,#3364);
#2987=AXIS2_PLACEMENT_3D('',#4165,#3365,#3366);
#2988=AXIS2_PLACEMENT_3D('',#4168,#3369,#3370);
#2989=AXIS2_PLACEMENT_3D('',#4174,#3374,#3375);
#2990=AXIS2_PLACEMENT_3D('',#4178,#3378,#3379);
#2991=AXIS2_PLACEMENT_3D('',#4182,#3382,#3383);
#2992=AXIS2_PLACEMENT_3D('',#4186,#3386,#3387);
#2993=AXIS2_PLACEMENT_3D('',#4190,#3390,#3391);
#2994=AXIS2_PLACEMENT_3D('',#4194,#3394,#3395);
#2995=AXIS2_PLACEMENT_3D('',#4198,#3398,#3399);
#2996=AXIS2_PLACEMENT_3D('',#4202,#3402,#3403);
#2997=AXIS2_PLACEMENT_3D('',#4228,#3417,#3418);
#2998=AXIS2_PLACEMENT_3D('',#4233,#3420,#3421);
#2999=AXIS2_PLACEMENT_3D('',#4236,#3423,#3424);
#3000=AXIS2_PLACEMENT_3D('',#4237,#3425,#3426);
#3001=AXIS2_PLACEMENT_3D('',#4241,#3428,#3429);
#3002=AXIS2_PLACEMENT_3D('',#4243,#3431,#3432);
#3003=AXIS2_PLACEMENT_3D('',#4247,#3434,#3435);
#3004=AXIS2_PLACEMENT_3D('',#4249,#3437,#3438);
#3005=AXIS2_PLACEMENT_3D('',#4253,#3440,#3441);
#3006=AXIS2_PLACEMENT_3D('',#4255,#3443,#3444);
#3007=AXIS2_PLACEMENT_3D('',#4259,#3446,#3447);
#3008=AXIS2_PLACEMENT_3D('',#4261,#3449,#3450);
#3009=AXIS2_PLACEMENT_3D('',#4265,#3452,#3453);
#3010=AXIS2_PLACEMENT_3D('',#4267,#3455,#3456);
#3011=AXIS2_PLACEMENT_3D('',#4272,#3458,#3459);
#3012=AXIS2_PLACEMENT_3D('',#4275,#3461,#3462);
#3013=AXIS2_PLACEMENT_3D('',#4276,#3463,#3464);
#3014=AXIS2_PLACEMENT_3D('',#4279,#3467,#3468);
#3015=AXIS2_PLACEMENT_3D('',#4284,#3471,#3472);
#3016=AXIS2_PLACEMENT_3D('',#4285,#3473,#3474);
#3017=AXIS2_PLACEMENT_3D('',#4290,#3477,#3478);
#3018=AXIS2_PLACEMENT_3D('',#4291,#3479,#3480);
#3019=AXIS2_PLACEMENT_3D('',#4296,#3483,#3484);
#3020=AXIS2_PLACEMENT_3D('',#4297,#3485,#3486);
#3021=AXIS2_PLACEMENT_3D('',#4302,#3489,#3490);
#3022=AXIS2_PLACEMENT_3D('',#4303,#3491,#3492);
#3023=AXIS2_PLACEMENT_3D('',#4308,#3495,#3496);
#3024=AXIS2_PLACEMENT_3D('',#4309,#3497,#3498);
#3025=AXIS2_PLACEMENT_3D('',#4314,#3501,#3502);
#3026=AXIS2_PLACEMENT_3D('',#4315,#3503,#3504);
#3027=AXIS2_PLACEMENT_3D('',#4320,#3507,#3508);
#3028=AXIS2_PLACEMENT_3D('',#4321,#3509,#3510);
#3029=AXIS2_PLACEMENT_3D('',#4324,#3513,#3514);
#3030=AXIS2_PLACEMENT_3D('',#4330,#3518,#3519);
#3031=AXIS2_PLACEMENT_3D('',#4334,#3522,#3523);
#3032=AXIS2_PLACEMENT_3D('',#4338,#3526,#3527);
#3033=AXIS2_PLACEMENT_3D('',#4342,#3530,#3531);
#3034=AXIS2_PLACEMENT_3D('',#4346,#3534,#3535);
#3035=AXIS2_PLACEMENT_3D('',#4350,#3538,#3539);
#3036=AXIS2_PLACEMENT_3D('',#4354,#3542,#3543);
#3037=AXIS2_PLACEMENT_3D('',#4358,#3546,#3547);
#3038=AXIS2_PLACEMENT_3D('',#4375,#3556,#3557);
#3039=AXIS2_PLACEMENT_3D('',#4381,#3561,#3562);
#3040=AXIS2_PLACEMENT_3D('',#4387,#3566,#3567);
#3041=AXIS2_PLACEMENT_3D('',#4393,#3571,#3572);
#3042=AXIS2_PLACEMENT_3D('',#4399,#3576,#3577);
#3043=AXIS2_PLACEMENT_3D('',#4405,#3581,#3582);
#3044=AXIS2_PLACEMENT_3D('',#4411,#3586,#3587);
#3045=AXIS2_PLACEMENT_3D('',#4417,#3591,#3592);
#3046=AXIS2_PLACEMENT_3D('',#4423,#3596,#3597);
#3047=AXIS2_PLACEMENT_3D('',#4428,#3601,#3602);
#3048=AXIS2_PLACEMENT_3D('',#4432,#3605,#3606);
#3049=AXIS2_PLACEMENT_3D('',#4436,#3609,#3610);
#3050=AXIS2_PLACEMENT_3D('',#4440,#3613,#3614);
#3051=AXIS2_PLACEMENT_3D('',#4444,#3617,#3618);
#3052=AXIS2_PLACEMENT_3D('',#4448,#3621,#3622);
#3053=AXIS2_PLACEMENT_3D('',#4452,#3625,#3626);
#3054=AXIS2_PLACEMENT_3D('',#4454,#3628,#3629);
#3055=AXIS2_PLACEMENT_3D('',#4455,#3630,#3631);
#3056=AXIS2_PLACEMENT_3D('',#4461,#3635,#3636);
#3057=AXIS2_PLACEMENT_3D('',#4465,#3639,#3640);
#3058=AXIS2_PLACEMENT_3D('',#4469,#3643,#3644);
#3059=AXIS2_PLACEMENT_3D('',#4475,#3648,#3649);
#3060=AXIS2_PLACEMENT_3D('',#4481,#3653,#3654);
#3061=AXIS2_PLACEMENT_3D('',#4487,#3658,#3659);
#3062=AXIS2_PLACEMENT_3D('',#4493,#3663,#3664);
#3063=AXIS2_PLACEMENT_3D('',#4499,#3668,#3669);
#3064=AXIS2_PLACEMENT_3D('',#4505,#3673,#3674);
#3065=AXIS2_PLACEMENT_3D('',#4511,#3678,#3679);
#3066=AXIS2_PLACEMENT_3D('',#4516,#3683,#3684);
#3067=AXIS2_PLACEMENT_3D('',#4520,#3687,#3688);
#3068=AXIS2_PLACEMENT_3D('',#4524,#3691,#3692);
#3069=AXIS2_PLACEMENT_3D('',#4528,#3695,#3696);
#3070=AXIS2_PLACEMENT_3D('',#4532,#3699,#3700);
#3071=AXIS2_PLACEMENT_3D('',#4534,#3702,#3703);
#3072=AXIS2_PLACEMENT_3D('',#4537,#3706,#3707);
#3073=AXIS2_PLACEMENT_3D('',#4538,#3708,#3709);
#3074=AXIS2_PLACEMENT_3D('',#4539,#3710,#3711);
#3075=AXIS2_PLACEMENT_3D('',#4545,#3715,#3716);
#3076=AXIS2_PLACEMENT_3D('',#4551,#3720,#3721);
#3077=AXIS2_PLACEMENT_3D('',#4557,#3725,#3726);
#3078=AXIS2_PLACEMENT_3D('',#4563,#3730,#3731);
#3079=AXIS2_PLACEMENT_3D('',#4569,#3735,#3736);
#3080=AXIS2_PLACEMENT_3D('',#4575,#3740,#3741);
#3081=AXIS2_PLACEMENT_3D('',#4581,#3745,#3746);
#3082=AXIS2_PLACEMENT_3D('',#4587,#3750,#3751);
#3083=AXIS2_PLACEMENT_3D('',#4592,#3755,#3756);
#3084=AXIS2_PLACEMENT_3D('',#4596,#3759,#3760);
#3085=AXIS2_PLACEMENT_3D('',#4600,#3763,#3764);
#3086=AXIS2_PLACEMENT_3D('',#4604,#3767,#3768);
#3087=AXIS2_PLACEMENT_3D('',#4608,#3771,#3772);
#3088=AXIS2_PLACEMENT_3D('',#4612,#3775,#3776);
#3089=AXIS2_PLACEMENT_3D('',#4616,#3779,#3780);
#3090=AXIS2_PLACEMENT_3D('',#4618,#3782,#3783);
#3091=AXIS2_PLACEMENT_3D('',#4619,#3784,#3785);
#3092=AXIS2_PLACEMENT_3D('',#4621,#3787,#3788);
#3093=AXIS2_PLACEMENT_3D('',#4623,#3790,#3791);
#3094=AXIS2_PLACEMENT_3D('',#4625,#3793,#3794);
#3095=AXIS2_PLACEMENT_3D('',#4627,#3796,#3797);
#3096=AXIS2_PLACEMENT_3D('',#4629,#3799,#3800);
#3097=AXIS2_PLACEMENT_3D('',#4630,#3801,#3802);
#3098=AXIS2_PLACEMENT_3D('',#4643,#3810,#3811);
#3099=AXIS2_PLACEMENT_3D('',#4645,#3813,#3814);
#3100=AXIS2_PLACEMENT_3D('',#4647,#3816,#3817);
#3101=AXIS2_PLACEMENT_3D('',#4649,#3819,#3820);
#3102=AXIS2_PLACEMENT_3D('',#4651,#3822,#3823);
#3103=AXIS2_PLACEMENT_3D('',#4653,#3825,#3826);
#3104=AXIS2_PLACEMENT_3D('',#4655,#3828,#3829);
#3105=AXIS2_PLACEMENT_3D('',#4657,#3831,#3832);
#3106=AXIS2_PLACEMENT_3D('',#4658,#3833,#3834);
#3107=AXIS2_PLACEMENT_3D('',#4660,#3836,#3837);
#3108=AXIS2_PLACEMENT_3D('',#4662,#3839,#3840);
#3109=AXIS2_PLACEMENT_3D('',#4664,#3842,#3843);
#3110=AXIS2_PLACEMENT_3D('',#4666,#3845,#3846);
#3111=AXIS2_PLACEMENT_3D('',#4668,#3848,#3849);
#3112=AXIS2_PLACEMENT_3D('',#4670,#3851,#3852);
#3113=AXIS2_PLACEMENT_3D('',#4672,#3854,#3855);
#3114=AXIS2_PLACEMENT_3D('',#4673,#3856,#3857);
#3115=AXIS2_PLACEMENT_3D('',#4679,#3861,#3862);
#3116=AXIS2_PLACEMENT_3D('',#4686,#3867,#3868);
#3117=AXIS2_PLACEMENT_3D('',#4690,#3871,#3872);
#3118=AXIS2_PLACEMENT_3D('',#4694,#3875,#3876);
#3119=AXIS2_PLACEMENT_3D('',#4696,#3878,#3879);
#3120=AXIS2_PLACEMENT_3D('',#4697,#3880,#3881);
#3121=AXIS2_PLACEMENT_3D('',#4698,#3882,#3883);
#3122=AXIS2_PLACEMENT_3D('',#4699,#3884,#3885);
#3123=AXIS2_PLACEMENT_3D('',#4700,#3886,#3887);
#3124=AXIS2_PLACEMENT_3D('',#4721,#3899,#3900);
#3125=AXIS2_PLACEMENT_3D('',#4723,#3902,#3903);
#3126=AXIS2_PLACEMENT_3D('',#4725,#3905,#3906);
#3127=AXIS2_PLACEMENT_3D('',#4727,#3908,#3909);
#3128=AXIS2_PLACEMENT_3D('',#4729,#3911,#3912);
#3129=AXIS2_PLACEMENT_3D('',#4731,#3914,#3915);
#3130=AXIS2_PLACEMENT_3D('',#4732,#3916,#3917);
#3131=AXIS2_PLACEMENT_3D('',#4734,#3919,#3920);
#3132=AXIS2_PLACEMENT_3D('',#4736,#3922,#3923);
#3133=AXIS2_PLACEMENT_3D('',#4738,#3925,#3926);
#3134=AXIS2_PLACEMENT_3D('',#4740,#3928,#3929);
#3135=AXIS2_PLACEMENT_3D('',#4741,#3930,#3931);
#3136=DIRECTION('axis',(0.,0.,1.));
#3137=DIRECTION('refdir',(1.,0.,0.));
#3138=DIRECTION('center_axis',(0.,0.382683432365089,-0.923879532511287));
#3139=DIRECTION('ref_axis',(0.707106781186549,0.653281482438187,0.270598050073098));
#3140=DIRECTION('',(0.,-0.382683432365089,0.923879532511287));
#3141=DIRECTION('center_axis',(0.,-0.195090322016117,0.980785280403233));
#3142=DIRECTION('ref_axis',(0.,-0.980785280403233,-0.195090322016117));
#3143=DIRECTION('',(0.,0.382683432365089,-0.923879532511287));
#3144=DIRECTION('center_axis',(0.,0.555570233019606,-0.831469612302543));
#3145=DIRECTION('ref_axis',(0.,0.831469612302542,0.555570233019606));
#3146=DIRECTION('center_axis',(0.,0.923879532511287,-0.38268343236509));
#3147=DIRECTION('ref_axis',(0.707106781186548,0.270598050073094,0.653281482438189));
#3148=DIRECTION('',(0.,0.923879532511287,-0.38268343236509));
#3149=DIRECTION('center_axis',(0.,0.980785280403231,-0.195090322016126));
#3150=DIRECTION('ref_axis',(0.,0.195090322016126,0.980785280403231));
#3151=DIRECTION('',(0.,-0.923879532511287,0.38268343236509));
#3152=DIRECTION('center_axis',(-7.71008580618401E-16,0.831469612302548,
-0.555570233019598));
#3153=DIRECTION('ref_axis',(-3.87612188611068E-15,0.555570233019598,0.831469612302548));
#3154=DIRECTION('center_axis',(0.,1.,-5.58146805676546E-16));
#3155=DIRECTION('ref_axis',(0.707106781186548,0.,0.707106781186548));
#3156=DIRECTION('',(0.,1.,-5.58146805676546E-16));
#3157=DIRECTION('center_axis',(2.70742209229784E-16,0.980785280403233,0.195090322016115));
#3158=DIRECTION('ref_axis',(1.36111300064638E-15,-0.195090322016115,0.980785280403233));
#3159=DIRECTION('',(0.,-1.,5.58146805676546E-16));
#3160=DIRECTION('center_axis',(0.,0.923879532511287,0.382683432365089));
#3161=DIRECTION('ref_axis',(0.707106781186549,-0.270598050073094,0.653281482438188));
#3162=DIRECTION('',(0.,0.923879532511287,0.382683432365089));
#3163=DIRECTION('center_axis',(7.71008580618403E-16,0.831469612302547,0.555570233019599));
#3164=DIRECTION('ref_axis',(3.87612188611085E-15,-0.555570233019599,0.831469612302547));
#3165=DIRECTION('',(0.,-0.923879532511287,-0.382683432365089));
#3166=DIRECTION('center_axis',(0.,0.707106781186548,0.707106781186547));
#3167=DIRECTION('ref_axis',(0.707106781186548,-0.500000000000002,0.499999999999998));
#3168=DIRECTION('',(0.,0.707106781186548,0.707106781186547));
#3169=DIRECTION('center_axis',(0.,0.555570233019598,0.831469612302548));
#3170=DIRECTION('ref_axis',(0.,-0.831469612302548,0.555570233019598));
#3171=DIRECTION('',(0.,-0.707106781186548,-0.707106781186547));
#3172=DIRECTION('center_axis',(0.,0.382683432365091,0.923879532511286));
#3173=DIRECTION('ref_axis',(0.707106781186548,-0.653281482438187,0.270598050073099));
#3174=DIRECTION('',(0.,0.382683432365091,0.923879532511286));
#3175=DIRECTION('center_axis',(0.,0.195090322016125,0.980785280403231));
#3176=DIRECTION('ref_axis',(0.,-0.980785280403231,0.195090322016124));
#3177=DIRECTION('',(0.,-0.382683432365091,-0.923879532511286));
#3178=DIRECTION('center_axis',(0.,0.,1.));
#3179=DIRECTION('ref_axis',(0.707106781186548,-0.707106781186548,0.));
#3180=DIRECTION('',(0.,0.,1.));
#3181=DIRECTION('center_axis',(0.,-0.19509032201612,0.980785280403232));
#3182=DIRECTION('ref_axis',(0.,-0.980785280403232,-0.19509032201612));
#3183=DIRECTION('',(0.,0.,-1.));
#3184=DIRECTION('center_axis',(0.,-0.382683432365089,0.923879532511287));
#3185=DIRECTION('ref_axis',(0.707106781186549,-0.653281482438188,-0.270598050073097));
#3186=DIRECTION('',(0.,-0.382683432365089,0.923879532511287));
#3187=DIRECTION('center_axis',(-1.44236985602254E-15,-0.555570233019616,
0.831469612302536));
#3188=DIRECTION('ref_axis',(-7.25128293943335E-15,-0.831469612302536,-0.555570233019616));
#3189=DIRECTION('',(0.,0.382683432365089,-0.923879532511287));
#3190=DIRECTION('center_axis',(0.,-0.707106781186547,0.707106781186548));
#3191=DIRECTION('ref_axis',(0.707106781186547,-0.500000000000001,-0.5));
#3192=DIRECTION('',(0.,0.707106781186547,-0.707106781186548));
#3193=DIRECTION('',(0.,-0.707106781186547,0.707106781186548));
#3194=DIRECTION('center_axis',(-3.8550429030921E-16,-0.831469612302538,
0.555570233019613));
#3195=DIRECTION('ref_axis',(-1.93806094305556E-15,-0.555570233019613,-0.831469612302538));
#3196=DIRECTION('center_axis',(0.,-0.923879532511287,0.38268343236509));
#3197=DIRECTION('ref_axis',(0.707106781186548,-0.270598050073101,-0.653281482438187));
#3198=DIRECTION('',(0.,0.923879532511287,-0.38268343236509));
#3199=DIRECTION('',(0.,-0.923879532511287,0.38268343236509));
#3200=DIRECTION('center_axis',(0.,-0.980785280403231,0.195090322016126));
#3201=DIRECTION('ref_axis',(0.,-0.195090322016126,-0.980785280403231));
#3202=DIRECTION('center_axis',(0.,-1.,0.));
#3203=DIRECTION('ref_axis',(0.707106781186548,0.,-0.707106781186547));
#3204=DIRECTION('',(0.,1.,0.));
#3205=DIRECTION('',(0.,-1.,0.));
#3206=DIRECTION('center_axis',(-1.35371104614903E-16,-0.98078528040323,
-0.195090322016131));
#3207=DIRECTION('ref_axis',(-6.80556500323191E-16,0.195090322016131,-0.98078528040323));
#3208=DIRECTION('center_axis',(0.,-0.923879532511287,-0.38268343236509));
#3209=DIRECTION('ref_axis',(0.707106781186547,0.270598050073101,-0.653281482438187));
#3210=DIRECTION('',(0.,0.923879532511287,0.38268343236509));
#3211=DIRECTION('',(0.,-0.923879532511287,-0.38268343236509));
#3212=DIRECTION('center_axis',(5.7825643546381E-16,-0.831469612302542,-0.555570233019607));
#3213=DIRECTION('ref_axis',(2.90709141458305E-15,0.555570233019607,-0.831469612302542));
#3214=DIRECTION('center_axis',(0.,-0.707106781186547,-0.707106781186548));
#3215=DIRECTION('ref_axis',(0.707106781186546,0.500000000000001,-0.500000000000001));
#3216=DIRECTION('',(0.,0.707106781186547,0.707106781186548));
#3217=DIRECTION('',(0.,-0.707106781186547,-0.707106781186548));
#3218=DIRECTION('center_axis',(-7.21184928011273E-16,-0.555570233019612,
-0.831469612302539));
#3219=DIRECTION('ref_axis',(-3.62564146971724E-15,0.831469612302538,-0.555570233019612));
#3220=DIRECTION('center_axis',(0.,-0.382683432365089,-0.923879532511287));
#3221=DIRECTION('ref_axis',(0.707106781186549,0.653281482438188,-0.270598050073097));
#3222=DIRECTION('',(0.,0.382683432365089,0.923879532511287));
#3223=DIRECTION('',(0.,-0.382683432365089,-0.923879532511287));
#3224=DIRECTION('center_axis',(6.80556500323192E-16,-0.195090322016121,
-0.980785280403232));
#3225=DIRECTION('ref_axis',(3.42138857069762E-15,0.980785280403232,-0.195090322016121));
#3226=DIRECTION('center_axis',(0.,0.,-1.));
#3227=DIRECTION('ref_axis',(0.707106781186548,0.707106781186548,0.));
#3228=DIRECTION('',(0.,0.,1.));
#3229=DIRECTION('',(0.,0.,-1.));
#3230=DIRECTION('center_axis',(0.,0.707106781186548,-0.707106781186548));
#3231=DIRECTION('ref_axis',(0.70710678118655,0.499999999999996,0.5));
#3232=DIRECTION('',(0.,-0.707106781186548,0.707106781186548));
#3233=DIRECTION('',(0.,0.707106781186548,-0.707106781186548));
#3234=DIRECTION('center_axis',(0.,0.707106781186548,0.707106781186547));
#3235=DIRECTION('ref_axis',(0.,0.707106781186547,-0.707106781186548));
#3236=DIRECTION('',(-1.,0.,0.));
#3237=DIRECTION('',(0.,0.707106781186547,-0.707106781186548));
#3238=DIRECTION('',(-1.,0.,0.));
#3239=DIRECTION('center_axis',(0.,0.923879532511287,0.382683432365089));
#3240=DIRECTION('ref_axis',(0.,0.382683432365089,-0.923879532511287));
#3241=DIRECTION('',(-1.,0.,0.));
#3242=DIRECTION('',(0.,0.382683432365089,-0.923879532511287));
#3243=DIRECTION('center_axis',(0.,1.,0.));
#3244=DIRECTION('ref_axis',(0.,0.,-1.));
#3245=DIRECTION('',(-1.,0.,0.));
#3246=DIRECTION('',(0.,0.,-1.));
#3247=DIRECTION('center_axis',(0.,0.923879532511286,-0.382683432365091));
#3248=DIRECTION('ref_axis',(0.,-0.382683432365091,-0.923879532511286));
#3249=DIRECTION('',(-1.,0.,0.));
#3250=DIRECTION('',(0.,-0.382683432365091,-0.923879532511286));
#3251=DIRECTION('center_axis',(0.,0.707106781186547,-0.707106781186548));
#3252=DIRECTION('ref_axis',(0.,-0.707106781186548,-0.707106781186547));
#3253=DIRECTION('',(-1.,0.,0.));
#3254=DIRECTION('',(0.,-0.707106781186548,-0.707106781186547));
#3255=DIRECTION('center_axis',(0.,0.382683432365089,-0.923879532511287));
#3256=DIRECTION('ref_axis',(0.,-0.923879532511287,-0.382683432365089));
#3257=DIRECTION('',(-1.,0.,0.));
#3258=DIRECTION('',(0.,-0.923879532511287,-0.382683432365089));
#3259=DIRECTION('center_axis',(0.,-5.58146805676546E-16,-1.));
#3260=DIRECTION('ref_axis',(0.,-1.,5.58146805676546E-16));
#3261=DIRECTION('',(-1.,0.,0.));
#3262=DIRECTION('',(0.,-1.,5.58146805676546E-16));
#3263=DIRECTION('center_axis',(0.,-0.38268343236509,-0.923879532511287));
#3264=DIRECTION('ref_axis',(0.,-0.923879532511287,0.38268343236509));
#3265=DIRECTION('',(-1.,0.,0.));
#3266=DIRECTION('',(0.,-0.923879532511287,0.38268343236509));
#3267=DIRECTION('center_axis',(1.,0.,0.));
#3268=DIRECTION('ref_axis',(0.,0.,-1.));
#3269=DIRECTION('',(0.,-1.,0.));
#3270=DIRECTION('',(0.,0.,1.));
#3271=DIRECTION('',(0.,1.,0.));
#3272=DIRECTION('',(0.,0.,-1.));
#3273=DIRECTION('center_axis',(0.382683291942924,-0.92387959067604,0.));
#3274=DIRECTION('ref_axis',(-0.653281523566877,-0.270597950779638,-0.707106781186548));
#3275=DIRECTION('',(0.382683291942924,-0.92387959067604,0.));
#3276=DIRECTION('center_axis',(0.195090172944754,-0.980785310055359,0.));
#3277=DIRECTION('ref_axis',(-0.980785310055359,-0.195090172944754,0.));
#3278=DIRECTION('',(-0.382683291942924,0.92387959067604,0.));
#3279=DIRECTION('center_axis',(0.555570106643002,-0.831469696744676,0.));
#3280=DIRECTION('ref_axis',(-0.831469696744676,-0.555570106643002,0.));
#3281=DIRECTION('center_axis',(-0.382683572787248,-0.923879474346512,0.));
#3282=DIRECTION('ref_axis',(-0.653281441309479,0.270598149366558,-0.70710678118655));
#3283=DIRECTION('',(-0.382683572787248,-0.923879474346512,0.));
#3284=DIRECTION('center_axis',(-0.555570359396208,-0.831469527860383,0.));
#3285=DIRECTION('ref_axis',(-0.831469527860383,0.555570359396208,0.));
#3286=DIRECTION('',(0.382683572787248,0.923879474346512,0.));
#3287=DIRECTION('center_axis',(0.195090471087487,0.980785250751082,0.));
#3288=DIRECTION('ref_axis',(0.980785250751082,-0.195090471087487,0.));
#3289=DIRECTION('center_axis',(-0.707106888661009,-0.707106673712069,0.));
#3290=DIRECTION('ref_axis',(-0.49999992400407,0.500000075995916,-0.707106781186549));
#3291=DIRECTION('',(-0.707106888661009,-0.707106673712069,0.));
#3292=DIRECTION('center_axis',(-0.831469696744694,-0.555570106642976,-5.39182562495256E-15));
#3293=DIRECTION('ref_axis',(-0.555570106642976,0.831469696744694,-2.71065378989779E-14));
#3294=DIRECTION('',(0.707106888661009,0.707106673712069,0.));
#3295=DIRECTION('center_axis',(-0.92387959067604,-0.382683291942923,0.));
#3296=DIRECTION('ref_axis',(-0.270597950779638,0.653281523566877,-0.707106781186548));
#3297=DIRECTION('',(-0.92387959067604,-0.382683291942923,0.));
#3298=DIRECTION('center_axis',(-0.980785310055357,-0.19509017294476,0.));
#3299=DIRECTION('ref_axis',(-0.19509017294476,0.980785310055357,0.));
#3300=DIRECTION('',(0.92387959067604,0.382683291942923,0.));
#3301=DIRECTION('center_axis',(-0.999999999999988,1.51991854182797E-7,0.));
#3302=DIRECTION('ref_axis',(1.07474469543524E-7,0.707106781186539,-0.707106781186547));
#3303=DIRECTION('',(-0.999999999999988,1.51991854182797E-7,0.));
#3304=DIRECTION('center_axis',(-0.980785250751079,0.1950904710875,0.));
#3305=DIRECTION('ref_axis',(0.1950904710875,0.980785250751079,0.));
#3306=DIRECTION('',(0.999999999999988,-1.51991854182797E-7,0.));
#3307=DIRECTION('center_axis',(-0.923879474346512,0.382683572787249,0.));
#3308=DIRECTION('ref_axis',(0.270598149366557,0.653281441309481,-0.707106781186548));
#3309=DIRECTION('',(-0.923879474346512,0.382683572787249,0.));
#3310=DIRECTION('center_axis',(-0.831469527860383,0.555570359396208,-1.15389576763101E-15));
#3311=DIRECTION('ref_axis',(0.555570359396208,0.831469527860383,-5.80102576240809E-15));
#3312=DIRECTION('',(0.923879474346512,-0.382683572787249,0.));
#3313=DIRECTION('center_axis',(-0.70710667371207,0.707106888661009,0.));
#3314=DIRECTION('ref_axis',(0.500000075995921,0.499999924004071,-0.707106781186545));
#3315=DIRECTION('',(0.70710667371207,-0.707106888661009,0.));
#3316=DIRECTION('',(-0.70710667371207,0.707106888661009,0.));
#3317=DIRECTION('center_axis',(-0.555570106642986,0.831469696744687,-3.8550420261781E-16));
#3318=DIRECTION('ref_axis',(0.831469696744687,0.555570106642986,-1.93806050220096E-15));
#3319=DIRECTION('center_axis',(-0.382683291942923,0.92387959067604,0.));
#3320=DIRECTION('ref_axis',(0.65328152356688,0.270597950779637,-0.707106781186545));
#3321=DIRECTION('',(0.382683291942923,-0.92387959067604,0.));
#3322=DIRECTION('',(-0.382683291942923,0.92387959067604,0.));
#3323=DIRECTION('center_axis',(-0.195090172944748,0.98078531005536,-1.35371001175852E-16));
#3324=DIRECTION('ref_axis',(0.98078531005536,0.195090172944748,-6.80555980299955E-16));
#3325=DIRECTION('center_axis',(1.51991853345577E-7,0.999999999999988,0.));
#3326=DIRECTION('ref_axis',(0.70710678118654,-1.07474469543523E-7,-0.707106781186546));
#3327=DIRECTION('',(-1.51991853345577E-7,-0.999999999999988,0.));
#3328=DIRECTION('',(1.51991853345577E-7,0.999999999999988,0.));
#3329=DIRECTION('center_axis',(0.195090471087471,0.980785250751085,1.35371208053924E-16));
#3330=DIRECTION('ref_axis',(0.980785250751085,-0.195090471087471,6.80557020346377E-16));
#3331=DIRECTION('center_axis',(0.382683572787248,0.923879474346512,0.));
#3332=DIRECTION('ref_axis',(0.653281441309479,-0.270598149366558,-0.707106781186551));
#3333=DIRECTION('',(-0.382683572787248,-0.923879474346512,0.));
#3334=DIRECTION('',(0.382683572787248,0.923879474346512,0.));
#3335=DIRECTION('center_axis',(0.555570359396224,0.831469527860373,-3.855043780006E-16));
#3336=DIRECTION('ref_axis',(0.831469527860372,-0.555570359396224,-1.93806138390958E-15));
#3337=DIRECTION('center_axis',(0.70710688866101,0.707106673712069,0.));
#3338=DIRECTION('ref_axis',(0.499999924004066,-0.500000075995928,-0.707106781186544));
#3339=DIRECTION('',(-0.70710688866101,-0.707106673712069,0.));
#3340=DIRECTION('',(0.70710688866101,0.707106673712069,0.));
#3341=DIRECTION('center_axis',(0.831469696744675,0.555570106643004,3.46168800601513E-15));
#3342=DIRECTION('ref_axis',(0.555570106643004,-0.831469696744675,1.740308082206E-14));
#3343=DIRECTION('center_axis',(0.92387959067604,0.382683291942923,0.));
#3344=DIRECTION('ref_axis',(0.270597950779634,-0.653281523566877,-0.707106781186549));
#3345=DIRECTION('',(-0.92387959067604,-0.382683291942923,0.));
#3346=DIRECTION('',(0.92387959067604,0.382683291942923,0.));
#3347=DIRECTION('center_axis',(0.980785310055362,0.195090172944737,-2.72222608359396E-15));
#3348=DIRECTION('ref_axis',(0.195090172944737,-0.980785310055362,-1.36855546965458E-14));
#3349=DIRECTION('center_axis',(-1.51991854182797E-7,-0.999999999999988,
0.));
#3350=DIRECTION('ref_axis',(-0.707106781186539,1.07474469543524E-7,-0.707106781186547));
#3351=DIRECTION('',(-1.51991854182797E-7,-0.999999999999988,0.));
#3352=DIRECTION('',(1.51991854182797E-7,0.999999999999988,0.));
#3353=DIRECTION('center_axis',(0.999999999999988,-1.51991854182797E-7,0.));
#3354=DIRECTION('ref_axis',(-1.07474469543524E-7,-0.707106781186539,-0.707106781186547));
#3355=DIRECTION('',(-0.999999999999988,1.51991854182797E-7,0.));
#3356=DIRECTION('',(0.999999999999988,-1.51991854182797E-7,0.));
#3357=DIRECTION('center_axis',(0.980785250751082,-0.195090471087487,-1.08296966443148E-15));
#3358=DIRECTION('ref_axis',(-0.195090471087487,-0.980785250751082,-5.44445616277102E-15));
#3359=DIRECTION('center_axis',(0.923879474346512,-0.382683572787248,0.));
#3360=DIRECTION('ref_axis',(-0.270598149366557,-0.653281441309481,-0.707106781186548));
#3361=DIRECTION('',(-0.923879474346512,0.382683572787248,0.));
#3362=DIRECTION('',(0.923879474346512,-0.382683572787248,0.));
#3363=DIRECTION('center_axis',(0.831469527860378,-0.555570359396215,0.));
#3364=DIRECTION('ref_axis',(-0.555570359396215,-0.831469527860378,0.));
#3365=DIRECTION('center_axis',(0.707106673712069,-0.707106888661009,0.));
#3366=DIRECTION('ref_axis',(-0.500000075995921,-0.499999924004071,-0.707106781186545));
#3367=DIRECTION('',(-0.707106673712069,0.707106888661009,0.));
#3368=DIRECTION('',(0.707106673712069,-0.707106888661009,0.));
#3369=DIRECTION('center_axis',(-0.999999999999988,1.51991853345577E-7,0.));
#3370=DIRECTION('ref_axis',(-1.51991853345577E-7,-0.999999999999988,0.));
#3371=DIRECTION('',(0.,0.,1.));
#3372=DIRECTION('',(-1.51991853345577E-7,-0.999999999999988,0.));
#3373=DIRECTION('',(0.,0.,1.));
#3374=DIRECTION('center_axis',(-0.92387959067604,-0.382683291942923,0.));
#3375=DIRECTION('ref_axis',(0.382683291942923,-0.92387959067604,0.));
#3376=DIRECTION('',(0.,0.,1.));
#3377=DIRECTION('',(0.382683291942923,-0.92387959067604,0.));
#3378=DIRECTION('center_axis',(-0.707106888661009,-0.70710667371207,0.));
#3379=DIRECTION('ref_axis',(0.70710667371207,-0.707106888661009,0.));
#3380=DIRECTION('',(0.,0.,1.));
#3381=DIRECTION('',(0.70710667371207,-0.707106888661009,0.));
#3382=DIRECTION('center_axis',(-0.382683572787249,-0.923879474346512,0.));
#3383=DIRECTION('ref_axis',(0.923879474346512,-0.382683572787249,0.));
#3384=DIRECTION('',(0.,0.,1.));
#3385=DIRECTION('',(0.923879474346512,-0.382683572787249,0.));
#3386=DIRECTION('center_axis',(-1.51991854182797E-7,-0.999999999999988,
0.));
#3387=DIRECTION('ref_axis',(0.999999999999988,-1.51991854182797E-7,0.));
#3388=DIRECTION('',(0.,0.,1.));
#3389=DIRECTION('',(0.999999999999988,-1.51991854182797E-7,0.));
#3390=DIRECTION('center_axis',(0.382683291942923,-0.92387959067604,0.));
#3391=DIRECTION('ref_axis',(0.92387959067604,0.382683291942923,0.));
#3392=DIRECTION('',(0.,0.,1.));
#3393=DIRECTION('',(0.92387959067604,0.382683291942923,0.));
#3394=DIRECTION('center_axis',(0.707106673712069,-0.707106888661009,0.));
#3395=DIRECTION('ref_axis',(0.707106888661009,0.707106673712069,0.));
#3396=DIRECTION('',(0.,0.,1.));
#3397=DIRECTION('',(0.707106888661009,0.707106673712069,0.));
#3398=DIRECTION('center_axis',(0.923879474346512,-0.382683572787248,0.));
#3399=DIRECTION('ref_axis',(0.382683572787248,0.923879474346512,0.));
#3400=DIRECTION('',(0.,0.,1.));
#3401=DIRECTION('',(0.382683572787248,0.923879474346512,0.));
#3402=DIRECTION('center_axis',(0.,0.,1.));
#3403=DIRECTION('ref_axis',(1.,0.,0.));
#3404=DIRECTION('',(-1.,0.,0.));
#3405=DIRECTION('',(0.,-1.,0.));
#3406=DIRECTION('',(-1.,0.,0.));
#3407=DIRECTION('',(0.,-1.,0.));
#3408=DIRECTION('',(1.,0.,0.));
#3409=DIRECTION('',(0.,1.,0.));
#3410=DIRECTION('',(-1.,0.,0.));
#3411=DIRECTION('',(0.,1.,0.));
#3412=DIRECTION('',(-1.,0.,0.));
#3413=DIRECTION('',(-1.91417762866406E-16,1.,0.));
#3414=DIRECTION('',(1.,0.,0.));
#3415=DIRECTION('',(0.,1.,0.));
#3416=DIRECTION('',(-1.,0.,0.));
#3417=DIRECTION('center_axis',(-0.707106673712107,-0.707106888660972,0.));
#3418=DIRECTION('ref_axis',(-0.500000075995898,0.499999924004094,-0.707106781186545));
#3419=DIRECTION('',(-0.707106673712107,-0.707106888660972,0.));
#3420=DIRECTION('center_axis',(-0.831469527860426,-0.555570359396144,0.));
#3421=DIRECTION('ref_axis',(-0.555570359396144,0.831469527860426,0.));
#3422=DIRECTION('',(0.707106673712107,0.707106888660972,0.));
#3423=DIRECTION('center_axis',(-0.555570106643034,-0.831469696744655,0.));
#3424=DIRECTION('ref_axis',(-0.831469696744655,0.555570106643033,0.));
#3425=DIRECTION('center_axis',(-0.923879474346533,-0.382683572787198,0.));
#3426=DIRECTION('ref_axis',(-0.270598149366533,0.653281441309495,-0.707106781186545));
#3427=DIRECTION('',(-0.923879474346533,-0.382683572787198,0.));
#3428=DIRECTION('center_axis',(-0.980785250751089,-0.195090471087452,0.));
#3429=DIRECTION('ref_axis',(-0.195090471087452,0.980785250751089,0.));
#3430=DIRECTION('',(0.923879474346533,0.382683572787198,0.));
#3431=DIRECTION('center_axis',(-0.999999999999988,-1.51991797593704E-7,
0.));
#3432=DIRECTION('ref_axis',(-1.07474430291212E-7,0.707106781186539,-0.707106781186547));
#3433=DIRECTION('',(-0.999999999999988,-1.51991797593704E-7,0.));
#3434=DIRECTION('center_axis',(-0.98078531005535,0.195090172944798,0.));
#3435=DIRECTION('ref_axis',(0.195090172944798,0.98078531005535,0.));
#3436=DIRECTION('',(0.999999999999988,1.51991797593704E-7,0.));
#3437=DIRECTION('center_axis',(-0.923879590676019,0.382683291942974,0.));
#3438=DIRECTION('ref_axis',(0.270597950779668,0.653281523566867,-0.707106781186546));
#3439=DIRECTION('',(-0.923879590676019,0.382683291942974,0.));
#3440=DIRECTION('center_axis',(-0.831469696744659,0.555570106643027,0.));
#3441=DIRECTION('ref_axis',(0.555570106643027,0.831469696744659,0.));
#3442=DIRECTION('',(0.923879590676019,-0.382683291942974,0.));
#3443=DIRECTION('center_axis',(-0.707106888660971,0.707106673712108,0.));
#3444=DIRECTION('ref_axis',(0.49999992400409,0.500000075995894,-0.70710678118655));
#3445=DIRECTION('',(-0.707106888660971,0.707106673712108,0.));
#3446=DIRECTION('center_axis',(-0.555570359396149,0.831469527860423,0.));
#3447=DIRECTION('ref_axis',(0.831469527860423,0.555570359396149,0.));
#3448=DIRECTION('',(0.707106888660971,-0.707106673712108,0.));
#3449=DIRECTION('center_axis',(-0.382683572787196,0.923879474346534,0.));
#3450=DIRECTION('ref_axis',(0.653281441309497,0.270598149366518,-0.707106781186548));
#3451=DIRECTION('',(-0.382683572787196,0.923879474346533,0.));
#3452=DIRECTION('center_axis',(-0.195090471087425,0.980785250751094,0.));
#3453=DIRECTION('ref_axis',(0.980785250751094,0.195090471087425,0.));
#3454=DIRECTION('',(0.382683572787196,-0.923879474346533,0.));
#3455=DIRECTION('center_axis',(0.382683291942973,0.92387959067602,0.));
#3456=DIRECTION('ref_axis',(0.653281523566862,-0.27059795077967,-0.707106781186549));
#3457=DIRECTION('',(-0.382683291942973,-0.92387959067602,0.));
#3458=DIRECTION('center_axis',(-0.195090172944808,-0.980785310055348,0.));
#3459=DIRECTION('ref_axis',(-0.980785310055348,0.195090172944808,0.));
#3460=DIRECTION('',(0.382683291942973,0.92387959067602,0.));
#3461=DIRECTION('center_axis',(0.555570106643025,0.831469696744661,0.));
#3462=DIRECTION('ref_axis',(0.831469696744661,-0.555570106643025,0.));
#3463=DIRECTION('center_axis',(-1.51991790895945E-7,0.999999999999988,0.));
#3464=DIRECTION('ref_axis',(0.707106781186536,1.07474430291213E-7,-0.707106781186551));
#3465=DIRECTION('',(-1.51991790895945E-7,0.999999999999988,0.));
#3466=DIRECTION('',(1.51991790895945E-7,-0.999999999999988,0.));
#3467=DIRECTION('center_axis',(0.707106673712108,0.707106888660971,0.));
#3468=DIRECTION('ref_axis',(0.500000075995898,-0.499999924004094,-0.707106781186545));
#3469=DIRECTION('',(-0.707106673712108,-0.707106888660971,0.));
#3470=DIRECTION('',(0.707106673712108,0.707106888660971,0.));
#3471=DIRECTION('center_axis',(0.831469527860418,0.555570359396156,0.));
#3472=DIRECTION('ref_axis',(0.555570359396156,-0.831469527860418,0.));
#3473=DIRECTION('center_axis',(0.923879474346533,0.382683572787197,0.));
#3474=DIRECTION('ref_axis',(0.270598149366533,-0.653281441309495,-0.707106781186545));
#3475=DIRECTION('',(-0.923879474346533,-0.382683572787197,0.));
#3476=DIRECTION('',(0.923879474346533,0.382683572787197,0.));
#3477=DIRECTION('center_axis',(0.980785250751089,0.195090471087454,0.));
#3478=DIRECTION('ref_axis',(0.195090471087454,-0.980785250751088,0.));
#3479=DIRECTION('center_axis',(0.999999999999988,1.51991799826291E-7,0.));
#3480=DIRECTION('ref_axis',(1.07474430291212E-7,-0.707106781186539,-0.707106781186547));
#3481=DIRECTION('',(-0.999999999999988,-1.51991799826291E-7,0.));
#3482=DIRECTION('',(0.999999999999988,1.51991799826291E-7,0.));
#3483=DIRECTION('center_axis',(0.980785310055348,-0.195090172944809,0.));
#3484=DIRECTION('ref_axis',(-0.195090172944809,-0.980785310055348,0.));
#3485=DIRECTION('center_axis',(0.92387959067602,-0.382683291942972,0.));
#3486=DIRECTION('ref_axis',(-0.27059795077967,-0.653281523566862,-0.707106781186549));
#3487=DIRECTION('',(-0.92387959067602,0.382683291942972,0.));
#3488=DIRECTION('',(0.92387959067602,-0.382683291942972,0.));
#3489=DIRECTION('center_axis',(0.831469696744654,-0.555570106643035,0.));
#3490=DIRECTION('ref_axis',(-0.555570106643035,-0.831469696744654,0.));
#3491=DIRECTION('center_axis',(0.707106888660972,-0.707106673712107,0.));
#3492=DIRECTION('ref_axis',(-0.499999924004102,-0.50000007599589,-0.707106781186545));
#3493=DIRECTION('',(-0.707106888660972,0.707106673712107,0.));
#3494=DIRECTION('',(0.707106888660972,-0.707106673712107,0.));
#3495=DIRECTION('center_axis',(0.555570359396165,-0.831469527860412,0.));
#3496=DIRECTION('ref_axis',(-0.831469527860412,-0.555570359396165,0.));
#3497=DIRECTION('center_axis',(0.382683572787197,-0.923879474346533,0.));
#3498=DIRECTION('ref_axis',(-0.653281441309497,-0.270598149366518,-0.707106781186548));
#3499=DIRECTION('',(-0.382683572787197,0.923879474346533,0.));
#3500=DIRECTION('',(0.382683572787197,-0.923879474346533,0.));
#3501=DIRECTION('center_axis',(0.195090471087438,-0.980785250751092,0.));
#3502=DIRECTION('ref_axis',(-0.980785250751092,-0.195090471087438,0.));
#3503=DIRECTION('center_axis',(1.51991799826291E-7,-0.999999999999988,0.));
#3504=DIRECTION('ref_axis',(-0.707106781186536,-1.07474438141675E-7,-0.707106781186551));
#3505=DIRECTION('',(-1.51991799826291E-7,0.999999999999988,0.));
#3506=DIRECTION('',(1.51991799826291E-7,-0.999999999999988,0.));
#3507=DIRECTION('center_axis',(-0.195090172944803,-0.980785310055349,0.));
#3508=DIRECTION('ref_axis',(-0.980785310055349,0.195090172944803,0.));
#3509=DIRECTION('center_axis',(-0.382683291942972,-0.92387959067602,0.));
#3510=DIRECTION('ref_axis',(-0.653281523566862,0.27059795077967,-0.707106781186549));
#3511=DIRECTION('',(0.382683291942972,0.92387959067602,0.));
#3512=DIRECTION('',(-0.382683291942972,-0.92387959067602,0.));
#3513=DIRECTION('center_axis',(0.999999999999988,1.51991799826291E-7,0.));
#3514=DIRECTION('ref_axis',(-1.51991799826291E-7,0.999999999999988,0.));
#3515=DIRECTION('',(0.,0.,1.));
#3516=DIRECTION('',(-1.51991799826291E-7,0.999999999999988,0.));
#3517=DIRECTION('',(0.,0.,1.));
#3518=DIRECTION('center_axis',(0.923879474346533,0.382683572787197,0.));
#3519=DIRECTION('ref_axis',(-0.382683572787197,0.923879474346533,0.));
#3520=DIRECTION('',(0.,0.,1.));
#3521=DIRECTION('',(-0.382683572787197,0.923879474346533,0.));
#3522=DIRECTION('center_axis',(0.707106673712107,0.707106888660972,0.));
#3523=DIRECTION('ref_axis',(-0.707106888660972,0.707106673712107,0.));
#3524=DIRECTION('',(0.,0.,1.));
#3525=DIRECTION('',(-0.707106888660972,0.707106673712107,0.));
#3526=DIRECTION('center_axis',(0.382683291942972,0.92387959067602,0.));
#3527=DIRECTION('ref_axis',(-0.92387959067602,0.382683291942972,0.));
#3528=DIRECTION('',(0.,0.,1.));
#3529=DIRECTION('',(-0.92387959067602,0.382683291942972,0.));
#3530=DIRECTION('center_axis',(-1.51991799826291E-7,0.999999999999988,0.));
#3531=DIRECTION('ref_axis',(-0.999999999999988,-1.51991799826291E-7,0.));
#3532=DIRECTION('',(0.,0.,1.));
#3533=DIRECTION('',(-0.999999999999988,-1.51991799826291E-7,0.));
#3534=DIRECTION('center_axis',(-0.382683572787197,0.923879474346533,0.));
#3535=DIRECTION('ref_axis',(-0.923879474346533,-0.382683572787197,0.));
#3536=DIRECTION('',(0.,0.,1.));
#3537=DIRECTION('',(-0.923879474346533,-0.382683572787197,0.));
#3538=DIRECTION('center_axis',(-0.707106888660971,0.707106673712108,0.));
#3539=DIRECTION('ref_axis',(-0.707106673712108,-0.707106888660971,0.));
#3540=DIRECTION('',(0.,0.,1.));
#3541=DIRECTION('',(-0.707106673712108,-0.707106888660971,0.));
#3542=DIRECTION('center_axis',(-0.92387959067602,0.382683291942973,0.));
#3543=DIRECTION('ref_axis',(-0.382683291942973,-0.92387959067602,0.));
#3544=DIRECTION('',(0.,0.,1.));
#3545=DIRECTION('',(-0.382683291942973,-0.92387959067602,0.));
#3546=DIRECTION('center_axis',(0.,0.,1.));
#3547=DIRECTION('ref_axis',(1.,0.,0.));
#3548=DIRECTION('',(1.,0.,0.));
#3549=DIRECTION('',(0.,-1.,0.));
#3550=DIRECTION('',(-1.,0.,0.));
#3551=DIRECTION('',(0.,-1.,0.));
#3552=DIRECTION('',(1.,0.,0.));
#3553=DIRECTION('',(0.,1.,0.));
#3554=DIRECTION('',(-1.,0.,0.));
#3555=DIRECTION('',(0.,-1.,0.));
#3556=DIRECTION('center_axis',(0.707106781186543,1.07474432341919E-7,0.707106781186544));
#3557=DIRECTION('ref_axis',(0.707106781186548,0.,-0.707106781186547));
#3558=DIRECTION('',(1.51991799826291E-7,-0.999999999999988,0.));
#3559=DIRECTION('',(0.700214528452158,-0.139281218890318,-0.700214507282554));
#3560=DIRECTION('',(0.70021448611292,0.139281431744029,-0.700214507282556));
#3561=DIRECTION('center_axis',(0.653281523566864,-0.270597950779666,0.707106781186549));
#3562=DIRECTION('ref_axis',(0.734509533973258,0.,-0.678598367594844));
#3563=DIRECTION('',(-0.382683291942972,-0.92387959067602,0.));
#3564=DIRECTION('',(0.593613256295073,-0.39663956653593,-0.700214507282554));
#3565=DIRECTION('',(0.382683291942972,0.92387959067602,0.));
#3566=DIRECTION('center_axis',(0.500000075995895,-0.499999924004095,0.707106781186546));
#3567=DIRECTION('ref_axis',(0.8164965395608,0.,-0.57735032769129));
#3568=DIRECTION('',(-0.707106673712107,-0.707106888660972,0.));
#3569=DIRECTION('',(0.396639746984613,-0.593613135723118,-0.700214507282553));
#3570=DIRECTION('',(0.707106673712107,0.707106888660972,0.));
#3571=DIRECTION('center_axis',(0.270598149366523,-0.653281441309496,0.707106781186548));
#3572=DIRECTION('ref_axis',(0.933948787317621,0.,-0.357406858730977));
#3573=DIRECTION('',(-0.923879474346533,-0.382683572787198,0.));
#3574=DIRECTION('',(0.139281431744005,-0.700214486112929,-0.700214507282552));
#3575=DIRECTION('',(0.923879474346533,0.382683572787198,0.));
#3576=DIRECTION('center_axis',(1.07474430763241E-7,-0.707106781186537,0.70710678118655));
#3577=DIRECTION('ref_axis',(0.999999999999988,0.,-1.51991797593701E-7));
#3578=DIRECTION('',(-0.999999999999988,-1.51991797593704E-7,0.));
#3579=DIRECTION('',(-0.139281218890282,-0.700214528452167,-0.700214507282551));
#3580=DIRECTION('',(0.999999999999988,1.51991797593704E-7,0.));
#3581=DIRECTION('center_axis',(-0.270597950779668,-0.653281523566865,0.707106781186547));
#3582=DIRECTION('ref_axis',(0.933948874871301,0.,0.357406629942186));
#3583=DIRECTION('',(-0.923879590676019,0.382683291942974,0.));
#3584=DIRECTION('',(-0.396639566535942,-0.593613256295065,-0.700214507282554));
#3585=DIRECTION('',(0.923879590676019,-0.382683291942974,0.));
#3586=DIRECTION('center_axis',(-0.499999924004094,-0.500000075995893,0.707106781186549));
#3587=DIRECTION('ref_axis',(0.816496622294658,0.,0.577350210687945));
#3588=DIRECTION('',(-0.707106888660971,0.707106673712108,0.));
#3589=DIRECTION('',(-0.593613135723117,-0.396639746984617,-0.700214507282552));
#3590=DIRECTION('',(0.707106888660971,-0.707106673712108,0.));
#3591=DIRECTION('center_axis',(-0.653281441309497,-0.270598149366522,0.707106781186547));
#3592=DIRECTION('ref_axis',(0.734509576562262,0.,0.678598321496838));
#3593=DIRECTION('',(-0.382683572787196,0.923879474346533,0.));
#3594=DIRECTION('',(-0.700214486112927,-0.139281431744005,-0.700214507282554));
#3595=DIRECTION('',(0.382683572787196,-0.923879474346533,0.));
#3596=DIRECTION('center_axis',(-0.707106781186539,-1.0747442602721E-7,0.707106781186548));
#3597=DIRECTION('ref_axis',(0.707106781186552,0.,0.707106781186543));
#3598=DIRECTION('',(-1.51991790895945E-7,0.999999999999988,0.));
#3599=DIRECTION('',(-0.700214528452165,0.139281218890286,-0.700214507282553));
#3600=DIRECTION('',(1.51991790895945E-7,-0.999999999999988,0.));
#3601=DIRECTION('center_axis',(-0.653281523566864,0.270597950779667,0.707106781186549));
#3602=DIRECTION('ref_axis',(0.734509533973258,0.,0.678598367594844));
#3603=DIRECTION('',(0.382683291942973,0.92387959067602,0.));
#3604=DIRECTION('',(-0.593613256295072,0.396639566535933,-0.700214507282553));
#3605=DIRECTION('center_axis',(-0.500000075995895,0.499999924004096,0.707106781186546));
#3606=DIRECTION('ref_axis',(0.8164965395608,0.,0.577350327691289));
#3607=DIRECTION('',(0.707106673712108,0.707106888660971,0.));
#3608=DIRECTION('',(-0.396639746984614,0.593613135723116,-0.700214507282555));
#3609=DIRECTION('center_axis',(-0.270598149366523,0.653281441309496,0.707106781186548));
#3610=DIRECTION('ref_axis',(0.933948787317621,0.,0.357406858730977));
#3611=DIRECTION('',(0.923879474346533,0.382683572787197,0.));
#3612=DIRECTION('',(-0.139281431744013,0.700214486112926,-0.700214507282553));
#3613=DIRECTION('center_axis',(-1.07474432341919E-7,0.707106781186541,0.707106781186546));
#3614=DIRECTION('ref_axis',(0.999999999999988,0.,1.5199179982629E-7));
#3615=DIRECTION('',(0.999999999999988,1.51991799826291E-7,0.));
#3616=DIRECTION('',(0.13928121889029,0.700214528452165,-0.700214507282553));
#3617=DIRECTION('center_axis',(0.270597950779667,0.653281523566866,0.707106781186547));
#3618=DIRECTION('ref_axis',(0.933948874871302,0.,-0.357406629942185));
#3619=DIRECTION('',(0.92387959067602,-0.382683291942972,0.));
#3620=DIRECTION('',(0.396639566535941,0.593613256295068,-0.700214507282552));
#3621=DIRECTION('center_axis',(0.499999924004093,0.500000075995894,0.707106781186549));
#3622=DIRECTION('ref_axis',(0.816496622294658,0.,-0.577350210687945));
#3623=DIRECTION('',(0.707106888660972,-0.707106673712107,0.));
#3624=DIRECTION('',(0.593613135723111,0.396639746984622,-0.700214507282554));
#3625=DIRECTION('center_axis',(0.653281441309497,0.270598149366523,0.707106781186547));
#3626=DIRECTION('ref_axis',(0.734509576562262,0.,-0.678598321496838));
#3627=DIRECTION('',(0.382683572787197,-0.923879474346533,0.));
#3628=DIRECTION('center_axis',(0.,0.,1.));
#3629=DIRECTION('ref_axis',(1.,0.,0.));
#3630=DIRECTION('center_axis',(-0.707106781186548,0.707106781186548,0.));
#3631=DIRECTION('ref_axis',(0.,0.,1.));
#3632=DIRECTION('',(0.,0.,1.));
#3633=DIRECTION('',(0.700214507282554,0.700214507282554,0.139281325317144));
#3634=DIRECTION('',(0.700214507282553,0.700214507282553,-0.13928132531715));
#3635=DIRECTION('center_axis',(-0.707106781186546,0.65328148243819,0.270598050073098));
#3636=DIRECTION('ref_axis',(0.357406744336594,0.,0.933948831094465));
#3637=DIRECTION('',(0.,-0.382683432365089,0.923879532511287));
#3638=DIRECTION('',(0.700214507282553,0.593613196009092,0.396639656760293));
#3639=DIRECTION('center_axis',(-0.707106781186549,0.499999999999999,0.499999999999999));
#3640=DIRECTION('ref_axis',(0.577350269189625,0.,0.816496580927727));
#3641=DIRECTION('',(0.,-0.707106781186547,0.707106781186548));
#3642=DIRECTION('',(0.700214507282553,0.396639656760289,0.593613196009095));
#3643=DIRECTION('center_axis',(-0.707106781186547,0.270598050073099,0.653281482438189));
#3644=DIRECTION('ref_axis',(0.678598344545848,0.,0.734509555267755));
#3645=DIRECTION('',(0.,-0.923879532511287,0.38268343236509));
#3646=DIRECTION('',(0.700214507282554,0.139281325317152,0.700214507282553));
#3647=DIRECTION('',(0.,0.923879532511287,-0.38268343236509));
#3648=DIRECTION('center_axis',(-0.707106781186547,0.,0.707106781186548));
#3649=DIRECTION('ref_axis',(0.707106781186548,0.,0.707106781186547));
#3650=DIRECTION('',(0.,-1.,0.));
#3651=DIRECTION('',(0.700214507282553,-0.139281325317156,0.700214507282552));
#3652=DIRECTION('',(0.,1.,0.));
#3653=DIRECTION('center_axis',(-0.707106781186547,-0.270598050073099,0.653281482438189));
#3654=DIRECTION('ref_axis',(0.678598344545847,0.,0.734509555267755));
#3655=DIRECTION('',(0.,-0.923879532511287,-0.38268343236509));
#3656=DIRECTION('',(0.700214507282553,-0.396639656760285,0.593613196009097));
#3657=DIRECTION('',(0.,0.923879532511287,0.38268343236509));
#3658=DIRECTION('center_axis',(-0.707106781186549,-0.499999999999999,0.499999999999999));
#3659=DIRECTION('ref_axis',(0.577350269189625,0.,0.816496580927727));
#3660=DIRECTION('',(0.,-0.707106781186547,-0.707106781186548));
#3661=DIRECTION('',(0.700214507282553,-0.593613196009092,0.396639656760293));
#3662=DIRECTION('',(0.,0.707106781186547,0.707106781186548));
#3663=DIRECTION('center_axis',(-0.707106781186546,-0.65328148243819,0.270598050073098));
#3664=DIRECTION('ref_axis',(0.357406744336594,0.,0.933948831094465));
#3665=DIRECTION('',(0.,-0.382683432365089,-0.923879532511287));
#3666=DIRECTION('',(0.700214507282554,-0.700214507282554,0.139281325317144));
#3667=DIRECTION('',(0.,0.382683432365089,0.923879532511287));
#3668=DIRECTION('center_axis',(-0.707106781186548,-0.707106781186548,0.));
#3669=DIRECTION('ref_axis',(0.,0.,1.));
#3670=DIRECTION('',(0.,0.,-1.));
#3671=DIRECTION('',(0.700214507282554,-0.700214507282554,-0.139281325317144));
#3672=DIRECTION('',(0.,0.,1.));
#3673=DIRECTION('center_axis',(-0.707106781186546,-0.65328148243819,-0.270598050073098));
#3674=DIRECTION('ref_axis',(-0.357406744336594,0.,0.933948831094465));
#3675=DIRECTION('',(0.,-0.382683432365089,0.923879532511287));
#3676=DIRECTION('',(0.,0.382683432365089,-0.923879532511287));
#3677=DIRECTION('',(0.700214507282555,-0.593613196009097,-0.396639656760282));
#3678=DIRECTION('center_axis',(-0.707106781186546,-0.500000000000001,-0.500000000000001));
#3679=DIRECTION('ref_axis',(-0.577350269189628,0.,0.816496580927725));
#3680=DIRECTION('',(0.,-0.707106781186548,0.707106781186548));
#3681=DIRECTION('',(0.,0.707106781186548,-0.707106781186548));
#3682=DIRECTION('',(0.700214507282555,-0.396639656760278,-0.5936131960091));
#3683=DIRECTION('center_axis',(-0.707106781186546,-0.270598050073099,-0.653281482438189));
#3684=DIRECTION('ref_axis',(-0.678598344545848,0.,0.734509555267754));
#3685=DIRECTION('',(0.,0.923879532511287,-0.38268343236509));
#3686=DIRECTION('',(0.700214507282554,-0.139281325317148,-0.700214507282554));
#3687=DIRECTION('center_axis',(-0.707106781186548,-3.94669391191496E-16,
-0.707106781186548));
#3688=DIRECTION('ref_axis',(-0.707106781186548,0.,0.707106781186548));
#3689=DIRECTION('',(0.,1.,-5.58146805676546E-16));
#3690=DIRECTION('',(0.700214507282553,0.139281325317152,-0.700214507282553));
#3691=DIRECTION('center_axis',(-0.707106781186547,0.270598050073098,-0.653281482438189));
#3692=DIRECTION('ref_axis',(-0.678598344545847,0.,0.734509555267755));
#3693=DIRECTION('',(0.,0.923879532511287,0.382683432365089));
#3694=DIRECTION('',(0.700214507282554,0.396639656760278,-0.593613196009101));
#3695=DIRECTION('center_axis',(-0.707106781186546,0.500000000000001,-0.500000000000001));
#3696=DIRECTION('ref_axis',(-0.577350269189627,0.,0.816496580927725));
#3697=DIRECTION('',(0.,0.707106781186548,0.707106781186547));
#3698=DIRECTION('',(0.700214507282554,0.5936131960091,-0.396639656760281));
#3699=DIRECTION('center_axis',(-0.707106781186547,0.653281482438189,-0.2705980500731));
#3700=DIRECTION('ref_axis',(-0.357406744336595,0.,0.933948831094464));
#3701=DIRECTION('',(0.,0.382683432365091,0.923879532511286));
#3702=DIRECTION('center_axis',(0.,-0.923879532511287,-0.382683432365089));
#3703=DIRECTION('ref_axis',(0.,-0.382683432365089,0.923879532511287));
#3704=DIRECTION('',(-1.,0.,0.));
#3705=DIRECTION('',(-1.,0.,0.));
#3706=DIRECTION('center_axis',(0.,-0.707106781186548,-0.707106781186548));
#3707=DIRECTION('ref_axis',(0.,-0.707106781186548,0.707106781186548));
#3708=DIRECTION('center_axis',(-1.,0.,0.));
#3709=DIRECTION('ref_axis',(0.,0.,1.));
#3710=DIRECTION('center_axis',(-0.70710678118654,1.07474470185769E-7,0.707106781186547));
#3711=DIRECTION('ref_axis',(0.707106781186551,0.,0.707106781186544));
#3712=DIRECTION('',(1.51991853345577E-7,0.999999999999988,0.));
#3713=DIRECTION('',(-0.700214486112918,0.139281431744048,-0.700214507282554));
#3714=DIRECTION('',(-0.700214528452171,-0.139281218890255,-0.700214507282553));
#3715=DIRECTION('center_axis',(-0.653281441309483,0.270598149366559,0.707106781186546));
#3716=DIRECTION('ref_axis',(0.734509576562269,0.,0.678598321496831));
#3717=DIRECTION('',(0.382683572787248,0.923879474346512,0.));
#3718=DIRECTION('',(-0.593613135723096,0.396639746984645,-0.700214507282554));
#3719=DIRECTION('',(-0.382683572787248,-0.923879474346512,0.));
#3720=DIRECTION('center_axis',(-0.499999924004068,0.500000075995922,0.707106781186546));
#3721=DIRECTION('ref_axis',(0.816496622294671,0.,0.577350210687927));
#3722=DIRECTION('',(0.70710688866101,0.707106673712069,0.));
#3723=DIRECTION('',(-0.396639566535898,0.593613256295095,-0.700214507282553));
#3724=DIRECTION('',(-0.70710688866101,-0.707106673712069,0.));
#3725=DIRECTION('center_axis',(-0.270597950779632,0.65328152356688,0.707106781186548));
#3726=DIRECTION('ref_axis',(0.933948874871317,0.,0.357406629942145));
#3727=DIRECTION('',(0.92387959067604,0.382683291942923,0.));
#3728=DIRECTION('',(-0.139281218890258,0.70021452845217,-0.700214507282554));
#3729=DIRECTION('',(-0.92387959067604,-0.382683291942923,0.));
#3730=DIRECTION('center_axis',(1.07474470777773E-7,0.707106781186541,0.707106781186546));
#3731=DIRECTION('ref_axis',(0.999999999999988,0.,-1.51991854182796E-7));
#3732=DIRECTION('',(0.999999999999988,-1.51991854182797E-7,0.));
#3733=DIRECTION('',(0.139281431744057,0.700214486112918,-0.700214507282553));
#3734=DIRECTION('',(-0.999999999999988,1.51991854182797E-7,0.));
#3735=DIRECTION('center_axis',(0.270598149366559,0.653281441309482,0.707106781186547));
#3736=DIRECTION('ref_axis',(0.933948787317605,0.,-0.357406858731019));
#3737=DIRECTION('',(0.923879474346512,-0.382683572787248,0.));
#3738=DIRECTION('',(0.396639746984648,0.593613135723095,-0.700214507282553));
#3739=DIRECTION('',(-0.923879474346512,0.382683572787248,0.));
#3740=DIRECTION('center_axis',(0.50000007599592,0.499999924004068,0.707106781186548));
#3741=DIRECTION('ref_axis',(0.816496539560787,0.,-0.577350327691308));
#3742=DIRECTION('',(0.707106673712069,-0.707106888661009,0.));
#3743=DIRECTION('',(0.593613256295093,0.396639566535902,-0.700214507282552));
#3744=DIRECTION('',(-0.707106673712069,0.707106888661009,0.));
#3745=DIRECTION('center_axis',(0.653281523566879,0.270597950779632,0.707106781186549));
#3746=DIRECTION('ref_axis',(0.73450953397325,0.,-0.678598367594853));
#3747=DIRECTION('',(0.382683291942924,-0.92387959067604,0.));
#3748=DIRECTION('',(0.700214528452172,0.139281218890255,-0.700214507282552));
#3749=DIRECTION('',(-0.382683291942924,0.92387959067604,0.));
#3750=DIRECTION('center_axis',(0.707106781186539,-1.07474470777773E-7,0.707106781186548));
#3751=DIRECTION('ref_axis',(0.707106781186552,0.,-0.707106781186543));
#3752=DIRECTION('',(-1.51991854182797E-7,-0.999999999999988,0.));
#3753=DIRECTION('',(0.700214486112918,-0.139281431744052,-0.700214507282553));
#3754=DIRECTION('',(1.51991854182797E-7,0.999999999999988,0.));
#3755=DIRECTION('center_axis',(0.653281441309482,-0.270598149366559,0.707106781186547));
#3756=DIRECTION('ref_axis',(0.73450957656227,0.,-0.67859832149683));
#3757=DIRECTION('',(-0.382683572787248,-0.923879474346512,0.));
#3758=DIRECTION('',(0.593613135723096,-0.396639746984645,-0.700214507282554));
#3759=DIRECTION('center_axis',(0.499999924004068,-0.500000075995921,0.707106781186547));
#3760=DIRECTION('ref_axis',(0.816496622294671,0.,-0.577350210687926));
#3761=DIRECTION('',(-0.707106888661009,-0.707106673712069,0.));
#3762=DIRECTION('',(0.396639566535902,-0.593613256295092,-0.700214507282554));
#3763=DIRECTION('center_axis',(0.270597950779632,-0.65328152356688,0.707106781186548));
#3764=DIRECTION('ref_axis',(0.933948874871317,0.,-0.357406629942145));
#3765=DIRECTION('',(-0.92387959067604,-0.382683291942923,0.));
#3766=DIRECTION('',(0.139281218890258,-0.70021452845217,-0.700214507282554));
#3767=DIRECTION('center_axis',(-1.07474470777773E-7,-0.707106781186541,
0.707106781186546));
#3768=DIRECTION('ref_axis',(0.999999999999988,0.,1.51991854182796E-7));
#3769=DIRECTION('',(-0.999999999999988,1.51991854182797E-7,0.));
#3770=DIRECTION('',(-0.139281431744058,-0.700214486112917,-0.700214507282553));
#3771=DIRECTION('center_axis',(-0.270598149366559,-0.653281441309482,0.707106781186547));
#3772=DIRECTION('ref_axis',(0.933948787317605,0.,0.357406858731019));
#3773=DIRECTION('',(-0.923879474346512,0.382683572787249,0.));
#3774=DIRECTION('',(-0.396639746984648,-0.593613135723095,-0.700214507282553));
#3775=DIRECTION('center_axis',(-0.50000007599592,-0.499999924004068,0.707106781186548));
#3776=DIRECTION('ref_axis',(0.816496539560787,0.,0.577350327691308));
#3777=DIRECTION('',(-0.70710667371207,0.707106888661009,0.));
#3778=DIRECTION('',(-0.59361325629509,-0.396639566535906,-0.700214507282553));
#3779=DIRECTION('center_axis',(-0.653281523566879,-0.270597950779632,0.707106781186549));
#3780=DIRECTION('ref_axis',(0.73450953397325,0.,0.678598367594853));
#3781=DIRECTION('',(-0.382683291942923,0.92387959067604,0.));
#3782=DIRECTION('center_axis',(0.,0.,1.));
#3783=DIRECTION('ref_axis',(1.,0.,0.));
#3784=DIRECTION('center_axis',(0.,0.38268343236509,0.923879532511287));
#3785=DIRECTION('ref_axis',(0.,0.923879532511287,-0.38268343236509));
#3786=DIRECTION('',(-1.,0.,0.));
#3787=DIRECTION('center_axis',(0.,0.,1.));
#3788=DIRECTION('ref_axis',(0.,1.,0.));
#3789=DIRECTION('',(-1.,0.,0.));
#3790=DIRECTION('center_axis',(0.,-0.38268343236509,0.923879532511287));
#3791=DIRECTION('ref_axis',(0.,0.923879532511287,0.38268343236509));
#3792=DIRECTION('',(-1.,0.,0.));
#3793=DIRECTION('center_axis',(0.,-0.707106781186548,0.707106781186547));
#3794=DIRECTION('ref_axis',(0.,0.707106781186547,0.707106781186548));
#3795=DIRECTION('',(-1.,0.,0.));
#3796=DIRECTION('center_axis',(0.,-0.923879532511287,0.382683432365089));
#3797=DIRECTION('ref_axis',(0.,0.382683432365089,0.923879532511287));
#3798=DIRECTION('',(-1.,0.,0.));
#3799=DIRECTION('center_axis',(0.,-1.,0.));
#3800=DIRECTION('ref_axis',(0.,0.,1.));
#3801=DIRECTION('center_axis',(0.,1.,0.));
#3802=DIRECTION('ref_axis',(-1.,0.,0.));
#3803=DIRECTION('',(0.,0.,1.));
#3804=DIRECTION('',(-1.,0.,0.));
#3805=DIRECTION('',(0.,0.,1.));
#3806=DIRECTION('',(0.,0.,1.));
#3807=DIRECTION('',(-1.,0.,0.));
#3808=DIRECTION('',(0.,0.,1.));
#3809=DIRECTION('',(-1.,0.,0.));
#3810=DIRECTION('center_axis',(-0.923879474346512,0.382683572787248,0.));
#3811=DIRECTION('ref_axis',(-0.382683572787248,-0.923879474346512,0.));
#3812=DIRECTION('',(0.,0.,1.));
#3813=DIRECTION('center_axis',(-0.707106673712069,0.70710688866101,0.));
#3814=DIRECTION('ref_axis',(-0.70710688866101,-0.707106673712069,0.));
#3815=DIRECTION('',(0.,0.,1.));
#3816=DIRECTION('center_axis',(-0.382683291942923,0.92387959067604,0.));
#3817=DIRECTION('ref_axis',(-0.92387959067604,-0.382683291942923,0.));
#3818=DIRECTION('',(0.,0.,1.));
#3819=DIRECTION('center_axis',(1.51991854182797E-7,0.999999999999988,0.));
#3820=DIRECTION('ref_axis',(-0.999999999999988,1.51991854182797E-7,0.));
#3821=DIRECTION('',(0.,0.,1.));
#3822=DIRECTION('center_axis',(0.382683572787248,0.923879474346512,0.));
#3823=DIRECTION('ref_axis',(-0.923879474346512,0.382683572787248,0.));
#3824=DIRECTION('',(0.,0.,1.));
#3825=DIRECTION('center_axis',(0.707106888661009,0.707106673712069,0.));
#3826=DIRECTION('ref_axis',(-0.707106673712069,0.707106888661009,0.));
#3827=DIRECTION('',(0.,0.,1.));
#3828=DIRECTION('center_axis',(0.92387959067604,0.382683291942924,0.));
#3829=DIRECTION('ref_axis',(-0.382683291942924,0.92387959067604,0.));
#3830=DIRECTION('',(0.,0.,1.));
#3831=DIRECTION('center_axis',(0.999999999999988,-1.51991854182797E-7,0.));
#3832=DIRECTION('ref_axis',(1.51991854182797E-7,0.999999999999988,0.));
#3833=DIRECTION('center_axis',(0.92387959067602,-0.382683291942972,0.));
#3834=DIRECTION('ref_axis',(0.382683291942972,0.92387959067602,0.));
#3835=DIRECTION('',(0.,0.,1.));
#3836=DIRECTION('center_axis',(0.707106888660972,-0.707106673712107,0.));
#3837=DIRECTION('ref_axis',(0.707106673712107,0.707106888660972,0.));
#3838=DIRECTION('',(0.,0.,1.));
#3839=DIRECTION('center_axis',(0.382683572787198,-0.923879474346533,0.));
#3840=DIRECTION('ref_axis',(0.923879474346533,0.382683572787198,0.));
#3841=DIRECTION('',(0.,0.,1.));
#3842=DIRECTION('center_axis',(1.51991797593704E-7,-0.999999999999988,0.));
#3843=DIRECTION('ref_axis',(0.999999999999988,1.51991797593704E-7,0.));
#3844=DIRECTION('',(0.,0.,1.));
#3845=DIRECTION('center_axis',(-0.382683291942974,-0.923879590676019,0.));
#3846=DIRECTION('ref_axis',(0.923879590676019,-0.382683291942974,0.));
#3847=DIRECTION('',(0.,0.,1.));
#3848=DIRECTION('center_axis',(-0.707106673712108,-0.707106888660971,0.));
#3849=DIRECTION('ref_axis',(0.707106888660971,-0.707106673712108,0.));
#3850=DIRECTION('',(0.,0.,1.));
#3851=DIRECTION('center_axis',(-0.923879474346534,-0.382683572787196,0.));
#3852=DIRECTION('ref_axis',(0.382683572787196,-0.923879474346533,0.));
#3853=DIRECTION('',(0.,0.,1.));
#3854=DIRECTION('center_axis',(-0.999999999999988,-1.51991790895945E-7,
0.));
#3855=DIRECTION('ref_axis',(1.51991790895945E-7,-0.999999999999988,0.));
#3856=DIRECTION('center_axis',(0.,-1.,0.));
#3857=DIRECTION('ref_axis',(0.,0.,-1.));
#3858=DIRECTION('',(1.,0.,0.));
#3859=DIRECTION('',(0.,0.,-1.));
#3860=DIRECTION('',(0.,0.,1.));
#3861=DIRECTION('center_axis',(1.,0.,0.));
#3862=DIRECTION('ref_axis',(0.,1.,0.));
#3863=DIRECTION('',(0.,-1.,0.));
#3864=DIRECTION('',(0.,0.,1.));
#3865=DIRECTION('',(0.,1.,0.));
#3866=DIRECTION('',(0.,0.,1.));
#3867=DIRECTION('center_axis',(0.,0.,-1.));
#3868=DIRECTION('ref_axis',(0.,-1.,0.));
#3869=DIRECTION('',(0.,1.,0.));
#3870=DIRECTION('',(-1.,0.,0.));
#3871=DIRECTION('center_axis',(-1.,0.,0.));
#3872=DIRECTION('ref_axis',(0.,-1.,0.));
#3873=DIRECTION('',(0.,-1.,0.));
#3874=DIRECTION('',(0.,0.,-1.));
#3875=DIRECTION('center_axis',(0.,-1.,0.));
#3876=DIRECTION('ref_axis',(1.,0.,0.));
#3877=DIRECTION('',(1.,0.,0.));
#3878=DIRECTION('center_axis',(0.,1.,0.));
#3879=DIRECTION('ref_axis',(1.,0.,0.));
#3880=DIRECTION('center_axis',(0.,-1.,0.));
#3881=DIRECTION('ref_axis',(1.,0.,0.));
#3882=DIRECTION('center_axis',(0.,-1.,0.));
#3883=DIRECTION('ref_axis',(1.,0.,0.));
#3884=DIRECTION('center_axis',(0.,-1.,0.));
#3885=DIRECTION('ref_axis',(1.,0.,0.));
#3886=DIRECTION('center_axis',(0.,0.,1.));
#3887=DIRECTION('ref_axis',(1.,0.,0.));
#3888=DIRECTION('',(0.,-1.,0.));
#3889=DIRECTION('',(0.,1.,0.));
#3890=DIRECTION('',(1.,0.,0.));
#3891=DIRECTION('',(-1.91417762866406E-16,1.,0.));
#3892=DIRECTION('',(-1.,0.,0.));
#3893=DIRECTION('',(0.,1.,0.));
#3894=DIRECTION('',(1.,0.,0.));
#3895=DIRECTION('',(0.,-1.,0.));
#3896=DIRECTION('',(-1.,0.,0.));
#3897=DIRECTION('',(0.,-1.,0.));
#3898=DIRECTION('',(1.,0.,0.));
#3899=DIRECTION('center_axis',(-1.,0.,0.));
#3900=DIRECTION('ref_axis',(0.,-1.,0.));
#3901=DIRECTION('',(0.,0.,1.));
#3902=DIRECTION('center_axis',(0.,-1.,0.));
#3903=DIRECTION('ref_axis',(1.,0.,0.));
#3904=DIRECTION('',(0.,0.,1.));
#3905=DIRECTION('center_axis',(-1.,0.,0.));
#3906=DIRECTION('ref_axis',(0.,-1.,0.));
#3907=DIRECTION('',(0.,0.,1.));
#3908=DIRECTION('center_axis',(0.,1.,0.));
#3909=DIRECTION('ref_axis',(-1.,0.,0.));
#3910=DIRECTION('',(0.,0.,1.));
#3911=DIRECTION('center_axis',(-1.,0.,0.));
#3912=DIRECTION('ref_axis',(0.,-1.,0.));
#3913=DIRECTION('',(0.,0.,1.));
#3914=DIRECTION('center_axis',(0.,-1.,0.));
#3915=DIRECTION('ref_axis',(1.,0.,0.));
#3916=DIRECTION('center_axis',(1.,0.,0.));
#3917=DIRECTION('ref_axis',(0.,1.,0.));
#3918=DIRECTION('',(0.,0.,1.));
#3919=DIRECTION('center_axis',(0.,1.,0.));
#3920=DIRECTION('ref_axis',(-1.,0.,0.));
#3921=DIRECTION('',(0.,0.,1.));
#3922=DIRECTION('center_axis',(1.,1.91417762866406E-16,0.));
#3923=DIRECTION('ref_axis',(-1.91417762866406E-16,1.,0.));
#3924=DIRECTION('',(0.,0.,1.));
#3925=DIRECTION('center_axis',(0.,-1.,0.));
#3926=DIRECTION('ref_axis',(1.,0.,0.));
#3927=DIRECTION('',(0.,0.,1.));
#3928=DIRECTION('center_axis',(1.,0.,0.));
#3929=DIRECTION('ref_axis',(0.,1.,0.));
#3930=DIRECTION('center_axis',(0.,0.,1.));
#3931=DIRECTION('ref_axis',(1.,0.,0.));
#3932=CARTESIAN_POINT('',(0.,0.,0.));
#3933=CARTESIAN_POINT('Origin',(-5.4,10.5957950977465,-1.41314094275889));
#3934=CARTESIAN_POINT('',(-5.,11.2914987114345,-3.09271804231651));
#3935=CARTESIAN_POINT('',(-5.,10.85,-2.026845865401));
#3936=CARTESIAN_POINT('',(-5.,10.5957950977465,-1.41314094275889));
#3937=CARTESIAN_POINT('',(-5.4,11.25,-1.94728091844914));
#3938=CARTESIAN_POINT('Origin',(-5.4,10.85,-2.026845865401));
#3939=CARTESIAN_POINT('',(-5.4,11.6306023374436,-2.8661362433763));
#3940=CARTESIAN_POINT('',(-5.4,10.965346910751,-1.26006756981286));
#3941=CARTESIAN_POINT('Origin',(-5.4,11.2914987114345,-3.09271804231651));
#3942=CARTESIAN_POINT('Origin',(-5.4,12.2998270350414,-3.98825607097528));
#3943=CARTESIAN_POINT('',(-5.4,12.3338637566237,-3.56939766255643));
#3944=CARTESIAN_POINT('',(-5.4,13.2527190815509,-3.95));
#3945=CARTESIAN_POINT('',(-5.4,12.4529004079874,-3.61870425797076));
#3946=CARTESIAN_POINT('',(-5.,13.173154134599,-4.35));
#3947=CARTESIAN_POINT('Origin',(-5.4,13.173154134599,-4.35));
#3948=CARTESIAN_POINT('',(-5.,12.1072819576835,-3.90850128856546));
#3949=CARTESIAN_POINT('',(-5.,12.2998270350414,-3.98825607097528));
#3950=CARTESIAN_POINT('Origin',(-5.4,12.1072819576835,-3.90850128856546));
#3951=CARTESIAN_POINT('Origin',(-5.4,13.9986404592246,-4.35));
#3952=CARTESIAN_POINT('',(-5.4,14.2472809184491,-3.95));
#3953=CARTESIAN_POINT('',(-5.4,13.9986404592246,-3.95));
#3954=CARTESIAN_POINT('',(-5.,14.326845865401,-4.35));
#3955=CARTESIAN_POINT('Origin',(-5.4,14.326845865401,-4.35));
#3956=CARTESIAN_POINT('',(-5.,13.9986404592246,-4.35));
#3957=CARTESIAN_POINT('Origin',(-5.4,15.6596006274222,-3.79795490225349));
#3958=CARTESIAN_POINT('',(-5.4,15.1661362433763,-3.56939766255643));
#3959=CARTESIAN_POINT('',(-5.4,15.5065272544762,-3.42840308924898));
#3960=CARTESIAN_POINT('',(-5.,15.3927180423165,-3.90850128856546));
#3961=CARTESIAN_POINT('Origin',(-5.4,15.3927180423165,-3.90850128856546));
#3962=CARTESIAN_POINT('',(-5.,15.6596006274222,-3.79795490225349));
#3963=CARTESIAN_POINT('Origin',(-5.4,16.782675020236,-2.51854431064596));
#3964=CARTESIAN_POINT('',(-5.4,15.8693976625564,-2.8661362433763));
#3965=CARTESIAN_POINT('',(-5.4,16.4998323077614,-2.23570159817134));
#3966=CARTESIAN_POINT('',(-5.,16.2085012885655,-3.09271804231651));
#3967=CARTESIAN_POINT('Origin',(-5.4,16.2085012885655,-3.09271804231651));
#3968=CARTESIAN_POINT('',(-5.,16.782675020236,-2.51854431064596));
#3969=CARTESIAN_POINT('Origin',(-5.4,17.0945060709753,-0.953713280295321));
#3970=CARTESIAN_POINT('',(-5.4,16.25,-1.94728091844915));
#3971=CARTESIAN_POINT('',(-5.4,16.7249542579708,-0.800639907349284));
#3972=CARTESIAN_POINT('',(-5.,16.65,-2.02684586540101));
#3973=CARTESIAN_POINT('Origin',(-5.4,16.65,-2.02684586540101));
#3974=CARTESIAN_POINT('',(-5.,17.0945060709753,-0.953713280295321));
#3975=CARTESIAN_POINT('Origin',(-5.4,16.65,0.411140459224572));
#3976=CARTESIAN_POINT('',(-5.4,16.25,-0.952719081550856));
#3977=CARTESIAN_POINT('',(-5.4,16.25,0.411140459224572));
#3978=CARTESIAN_POINT('',(-5.,16.65,-0.873154134598997));
#3979=CARTESIAN_POINT('Origin',(-5.4,16.65,-0.873154134598997));
#3980=CARTESIAN_POINT('',(-5.,16.65,0.411140459224572));
#3981=CARTESIAN_POINT('Origin',(-5.4,15.7639952175902,1.2658506274222));
#3982=CARTESIAN_POINT('',(-5.4,15.8693976625564,-0.0338637566236971));
#3983=CARTESIAN_POINT('',(-5.4,15.3944434045857,1.11277725447617));
#3984=CARTESIAN_POINT('',(-5.,16.2085012885655,0.192718042316518));
#3985=CARTESIAN_POINT('Origin',(-5.4,16.2085012885655,0.192718042316517));
#3986=CARTESIAN_POINT('',(-5.,15.7639952175902,1.2658506274222));
#3987=CARTESIAN_POINT('Origin',(-5.4,14.818544310646,1.58267502023602));
#3988=CARTESIAN_POINT('',(-5.,15.3927180423165,1.00850128856546));
#3989=CARTESIAN_POINT('',(-5.,14.818544310646,1.58267502023602));
#3990=CARTESIAN_POINT('',(-5.4,15.1661362433763,0.669397662556433));
#3991=CARTESIAN_POINT('',(-5.4,14.5357015981713,1.2998323077614));
#3992=CARTESIAN_POINT('Origin',(-5.4,15.3927180423165,1.00850128856546));
#3993=CARTESIAN_POINT('Origin',(-5.4,14.0599632802953,1.56054638631197));
#3994=CARTESIAN_POINT('',(-5.,14.326845865401,1.45));
#3995=CARTESIAN_POINT('',(-5.,14.0599632802953,1.56054638631197));
#3996=CARTESIAN_POINT('',(-5.4,14.2472809184491,1.05));
#3997=CARTESIAN_POINT('',(-5.4,13.9068899073493,1.19099457330746));
#3998=CARTESIAN_POINT('Origin',(-5.4,14.326845865401,1.45));
#3999=CARTESIAN_POINT('Origin',(-5.4,13.5013595407754,1.45));
#4000=CARTESIAN_POINT('',(-5.,13.173154134599,1.45));
#4001=CARTESIAN_POINT('',(-5.,13.5013595407754,1.45));
#4002=CARTESIAN_POINT('',(-5.4,13.2527190815509,1.05));
#4003=CARTESIAN_POINT('',(-5.4,13.5013595407754,1.05));
#4004=CARTESIAN_POINT('Origin',(-5.4,13.173154134599,1.45));
#4005=CARTESIAN_POINT('Origin',(-5.4,12.9806090572411,1.37024521759019));
#4006=CARTESIAN_POINT('',(-5.,12.1072819576835,1.00850128856546));
#4007=CARTESIAN_POINT('',(-5.,12.9806090572411,1.37024521759019));
#4008=CARTESIAN_POINT('',(-5.4,12.3338637566237,0.669397662556434));
#4009=CARTESIAN_POINT('',(-5.4,13.1336824301871,1.00069340458567));
#4010=CARTESIAN_POINT('Origin',(-5.4,12.1072819576835,1.00850128856546));
#4011=CARTESIAN_POINT('Origin',(-5.4,12.329824979764,1.23104431064596));
#4012=CARTESIAN_POINT('',(-5.,11.2914987114345,0.192718042316516));
#4013=CARTESIAN_POINT('',(-5.,12.329824979764,1.23104431064596));
#4014=CARTESIAN_POINT('',(-5.4,11.6306023374436,-0.0338637566236968));
#4015=CARTESIAN_POINT('',(-5.4,12.6126676922386,0.948201598171335));
#4016=CARTESIAN_POINT('Origin',(-5.4,11.2914987114345,0.192718042316516));
#4017=CARTESIAN_POINT('Origin',(-5.4,11.545703613688,0.806422964958624));
#4018=CARTESIAN_POINT('',(-5.,10.85,-0.873154134598996));
#4019=CARTESIAN_POINT('',(-5.,11.545703613688,0.806422964958624));
#4020=CARTESIAN_POINT('',(-5.4,11.25,-0.952719081550856));
#4021=CARTESIAN_POINT('',(-5.4,11.9152554266925,0.653349592012589));
#4022=CARTESIAN_POINT('Origin',(-5.4,10.85,-0.873154134598996));
#4023=CARTESIAN_POINT('Origin',(-5.4,10.85,-0.0861404592245718));
#4024=CARTESIAN_POINT('',(-5.,10.85,-0.0861404592245718));
#4025=CARTESIAN_POINT('',(-5.4,11.25,-0.0861404592245718));
#4026=CARTESIAN_POINT('Origin',(-5.4,11.068955689354,-2.87017502023602));
#4027=CARTESIAN_POINT('',(-5.,11.068955689354,-2.87017502023602));
#4028=CARTESIAN_POINT('',(-5.4,11.3517984018287,-2.5873323077614));
#4029=CARTESIAN_POINT('Origin',(-5.,15.1661362433763,0.669397662556433));
#4030=CARTESIAN_POINT('',(-7.6,15.8693976625564,-0.0338637566236971));
#4031=CARTESIAN_POINT('',(-5.,15.8693976625564,-0.0338637566236971));
#4032=CARTESIAN_POINT('',(-7.6,15.1661362433763,0.669397662556433));
#4033=CARTESIAN_POINT('',(-7.6,15.3419515981713,0.493582307761401));
#4034=CARTESIAN_POINT('',(-5.,15.1661362433763,0.669397662556433));
#4035=CARTESIAN_POINT('Origin',(-5.,15.8693976625564,-0.0338637566236971));
#4036=CARTESIAN_POINT('',(-7.6,16.25,-0.952719081550856));
#4037=CARTESIAN_POINT('',(-5.,16.25,-0.952719081550856));
#4038=CARTESIAN_POINT('',(-7.6,15.9645482469173,-0.263577587855488));
#4039=CARTESIAN_POINT('Origin',(-5.,16.25,-0.952719081550856));
#4040=CARTESIAN_POINT('',(-7.6,16.25,-1.94728091844915));
#4041=CARTESIAN_POINT('',(-5.,16.25,-1.94728091844915));
#4042=CARTESIAN_POINT('',(-7.6,16.25,-1.20135954077543));
#4043=CARTESIAN_POINT('Origin',(-5.,16.25,-1.94728091844915));
#4044=CARTESIAN_POINT('',(-7.6,15.8693976625564,-2.8661362433763));
#4045=CARTESIAN_POINT('',(-5.,15.8693976625564,-2.8661362433763));
#4046=CARTESIAN_POINT('',(-7.6,16.1548494156391,-2.17699474968094));
#4047=CARTESIAN_POINT('Origin',(-5.,15.8693976625564,-2.8661362433763));
#4048=CARTESIAN_POINT('',(-7.6,15.1661362433763,-3.56939766255643));
#4049=CARTESIAN_POINT('',(-5.,15.1661362433763,-3.56939766255643));
#4050=CARTESIAN_POINT('',(-7.6,15.6935823077614,-3.04195159817134));
#4051=CARTESIAN_POINT('Origin',(-5.,15.1661362433763,-3.56939766255643));
#4052=CARTESIAN_POINT('',(-7.6,14.2472809184491,-3.95));
#4053=CARTESIAN_POINT('',(-5.,14.2472809184491,-3.95));
#4054=CARTESIAN_POINT('',(-7.6,14.9364224121445,-3.66454824691733));
#4055=CARTESIAN_POINT('Origin',(-5.,14.2472809184491,-3.95));
#4056=CARTESIAN_POINT('',(-7.6,13.2527190815509,-3.95));
#4057=CARTESIAN_POINT('',(-5.,13.2527190815509,-3.95));
#4058=CARTESIAN_POINT('',(-7.6,13.9986404592246,-3.95));
#4059=CARTESIAN_POINT('Origin',(-5.,13.2527190815509,-3.95));
#4060=CARTESIAN_POINT('',(-7.6,12.3338637566237,-3.56939766255643));
#4061=CARTESIAN_POINT('',(-5.,12.3338637566237,-3.56939766255643));
#4062=CARTESIAN_POINT('',(-7.6,13.0230052503191,-3.85484941563911));
#4063=CARTESIAN_POINT('Origin',(-5.,13.75,1.775));
#4064=CARTESIAN_POINT('',(-5.,27.5,8.55));
#4065=CARTESIAN_POINT('',(-5.,0.,8.55));
#4066=CARTESIAN_POINT('',(-5.,13.75,8.55));
#4067=CARTESIAN_POINT('',(-5.,27.5,-5.));
#4068=CARTESIAN_POINT('',(-5.,27.5,0.8875));
#4069=CARTESIAN_POINT('',(-5.,0.,-5.));
#4070=CARTESIAN_POINT('',(-5.,20.625,-5.));
#4071=CARTESIAN_POINT('',(-5.,0.,0.8875));
#4072=CARTESIAN_POINT('Origin',(8.33514197766975,13.6292616323694,8.95));
#4073=CARTESIAN_POINT('',(5.91939775841958,18.4161358414793,8.95));
#4074=CARTESIAN_POINT('',(6.29999993476667,17.4972805104595,8.95));
#4075=CARTESIAN_POINT('',(7.96559014139934,13.4761883155922,8.95));
#4076=CARTESIAN_POINT('',(6.69999994685989,17.5768453966146,8.55));
#4077=CARTESIAN_POINT('Origin',(6.69999994685989,17.5768453966146,8.95));
#4078=CARTESIAN_POINT('',(6.25850141886719,18.6427175888785,8.55));
#4079=CARTESIAN_POINT('',(8.33514197766975,13.6292616323694,8.55));
#4080=CARTESIAN_POINT('Origin',(6.25850141886719,18.6427175888785,8.95));
#4081=CARTESIAN_POINT('Origin',(6.99579370396966,17.1372631382548,8.95));
#4082=CARTESIAN_POINT('',(6.29999978360138,16.5027187295813,8.95));
#4083=CARTESIAN_POINT('',(5.91939732793725,15.5838635142584,8.95));
#4084=CARTESIAN_POINT('',(6.62624191423106,17.2903365673697,8.95));
#4085=CARTESIAN_POINT('',(6.25850091950769,15.3572816637772,8.55));
#4086=CARTESIAN_POINT('Origin',(6.25850091950769,15.3572816637772,8.95));
#4087=CARTESIAN_POINT('',(6.69999977150815,16.4231537218327,8.55));
#4088=CARTESIAN_POINT('',(6.99579370396966,17.1372631382548,8.55));
#4089=CARTESIAN_POINT('Origin',(6.69999977150815,16.4231537218327,8.95));
#4090=CARTESIAN_POINT('Origin',(8.91229511371266,18.0110750512721,8.95));
#4091=CARTESIAN_POINT('',(5.2161358414793,14.8806022415804,8.95));
#4092=CARTESIAN_POINT('',(8.62945244422784,18.2939178067365,8.95));
#4093=CARTESIAN_POINT('',(5.44271758887852,14.5414985811328,8.55));
#4094=CARTESIAN_POINT('Origin',(5.44271758887851,14.5414985811328,8.95));
#4095=CARTESIAN_POINT('',(8.91229511371266,18.0110750512721,8.55));
#4096=CARTESIAN_POINT('Origin',(11.0193269092722,16.8514048006719,8.95));
#4097=CARTESIAN_POINT('',(4.29728051045949,14.5000000652333,8.95));
#4098=CARTESIAN_POINT('',(10.866253592495,17.2209566369423,8.95));
#4099=CARTESIAN_POINT('',(4.37684539661462,14.1000000531401,8.55));
#4100=CARTESIAN_POINT('Origin',(4.37684539661462,14.1000000531401,8.95));
#4101=CARTESIAN_POINT('',(11.0193269092722,16.8514048006719,8.55));
#4102=CARTESIAN_POINT('Origin',(11.6513593609907,14.0999989474732,8.95));
#4103=CARTESIAN_POINT('',(3.30271872958128,14.5000002163986,8.95));
#4104=CARTESIAN_POINT('',(11.6513594217874,14.4999989474732,8.95));
#4105=CARTESIAN_POINT('',(3.22315372183268,14.1000002284918,8.55));
#4106=CARTESIAN_POINT('Origin',(3.22315372183268,14.1000002284918,8.95));
#4107=CARTESIAN_POINT('',(11.6513593609907,14.0999989474732,8.55));
#4108=CARTESIAN_POINT('Origin',(9.94880991659643,11.3141410191275,8.95));
#4109=CARTESIAN_POINT('',(2.38386351425838,14.8806026720627,8.95));
#4110=CARTESIAN_POINT('',(10.1018833457113,11.6836928088661,8.95));
#4111=CARTESIAN_POINT('',(2.15728166377718,14.5414990804923,8.55));
#4112=CARTESIAN_POINT('Origin',(2.15728166377718,14.5414990804923,8.95));
#4113=CARTESIAN_POINT('',(9.94880991659643,11.3141410191275,8.55));
#4114=CARTESIAN_POINT('Origin',(6.43607357315146,10.2627058704348,8.95));
#4115=CARTESIAN_POINT('',(1.34149858113281,15.3572824111215,8.55));
#4116=CARTESIAN_POINT('',(6.43607357315146,10.2627058704348,8.55));
#4117=CARTESIAN_POINT('',(1.68060224158042,15.5838641585207,8.95));
#4118=CARTESIAN_POINT('',(6.71891632861587,10.5455485399196,8.95));
#4119=CARTESIAN_POINT('Origin',(1.34149858113281,15.3572824111215,8.95));
#4120=CARTESIAN_POINT('Origin',(2.78633952376912,11.8691263123862,8.95));
#4121=CARTESIAN_POINT('',(0.900000053140106,16.4231546033854,8.55));
#4122=CARTESIAN_POINT('',(2.78633952376912,11.8691263123862,8.55));
#4123=CARTESIAN_POINT('',(1.30000006523333,16.5027194895405,8.95));
#4124=CARTESIAN_POINT('',(3.15589136003954,12.0221996291633,8.95));
#4125=CARTESIAN_POINT('Origin',(0.900000053140106,16.4231546033854,8.95));
#4126=CARTESIAN_POINT('Origin',(0.899999931620722,15.62364211713,8.95));
#4127=CARTESIAN_POINT('',(0.900000228491842,17.5768462781673,8.55));
#4128=CARTESIAN_POINT('',(0.899999931620722,15.62364211713,8.55));
#4129=CARTESIAN_POINT('',(1.30000021639862,17.4972812704187,8.95));
#4130=CARTESIAN_POINT('',(1.29999993162072,15.6236420563332,8.95));
#4131=CARTESIAN_POINT('Origin',(0.900000228491842,17.5768462781673,8.95));
#4132=CARTESIAN_POINT('Origin',(1.82759424078587,19.8162553603064,8.95));
#4133=CARTESIAN_POINT('',(1.34149908049231,18.6427183362228,8.55));
#4134=CARTESIAN_POINT('',(1.82759424078587,19.8162553603064,8.55));
#4135=CARTESIAN_POINT('',(1.68060267206274,18.4161364857416,8.95));
#4136=CARTESIAN_POINT('',(2.19714603052448,19.6631819311915,8.95));
#4137=CARTESIAN_POINT('Origin',(1.34149908049231,18.6427183362228,8.95));
#4138=CARTESIAN_POINT('Origin',(5.16270734855543,22.4639254427011,8.95));
#4139=CARTESIAN_POINT('',(2.15728241112147,19.4585014188672,8.55));
#4140=CARTESIAN_POINT('',(5.16270734855543,22.4639254427011,8.55));
#4141=CARTESIAN_POINT('',(2.3838641585207,19.1193977584196,8.95));
#4142=CARTESIAN_POINT('',(5.44555001804026,22.1810826872367,8.95));
#4143=CARTESIAN_POINT('Origin',(2.15728241112147,19.4585014188672,8.95));
#4144=CARTESIAN_POINT('Origin',(9.25919158928894,22.4002072545725,8.95));
#4145=CARTESIAN_POINT('',(3.22315460338539,19.8999999468599,8.55));
#4146=CARTESIAN_POINT('',(9.25919158928894,22.4002072545725,8.55));
#4147=CARTESIAN_POINT('',(3.3027194895405,19.4999999347667,8.95));
#4148=CARTESIAN_POINT('',(9.41226490606611,22.0306554183021,8.95));
#4149=CARTESIAN_POINT('Origin',(3.22315460338539,19.8999999468599,8.95));
#4150=CARTESIAN_POINT('Origin',(6.69999957440612,15.1263603451381,8.95));
#4151=CARTESIAN_POINT('',(6.29999957440613,15.1263604059349,8.95));
#4152=CARTESIAN_POINT('',(6.69999957440612,15.1263603451381,8.55));
#4153=CARTESIAN_POINT('Origin',(12.1486411329825,19.8999985902586,8.95));
#4154=CARTESIAN_POINT('',(4.37684627816732,19.8999997715082,8.55));
#4155=CARTESIAN_POINT('',(12.1486411329825,19.8999985902586,8.55));
#4156=CARTESIAN_POINT('',(4.29728127041872,19.4999997836014,8.95));
#4157=CARTESIAN_POINT('',(12.1486410721857,19.4999985902587,8.95));
#4158=CARTESIAN_POINT('Origin',(4.37684627816732,19.8999997715082,8.95));
#4159=CARTESIAN_POINT('Origin',(12.627802138648,16.4823404823113,8.95));
#4160=CARTESIAN_POINT('',(5.44271833622282,19.4585009195077,8.55));
#4161=CARTESIAN_POINT('',(12.627802138648,16.4823404823113,8.55));
#4162=CARTESIAN_POINT('',(5.21613648574162,19.1193973279373,8.95));
#4163=CARTESIAN_POINT('',(12.4747287095331,16.1127886925727,8.95));
#4164=CARTESIAN_POINT('Origin',(5.44271833622282,19.4585009195077,8.95));
#4165=CARTESIAN_POINT('Origin',(10.8889239645804,14.012293635592,8.95));
#4166=CARTESIAN_POINT('',(10.8889239645804,14.012293635592,8.55));
#4167=CARTESIAN_POINT('',(10.606081209116,13.7294509661072,8.95));
#4168=CARTESIAN_POINT('Origin',(1.30000021639862,17.4972812704187,8.55));
#4169=CARTESIAN_POINT('',(1.30000006523333,16.5027194895405,11.15));
#4170=CARTESIAN_POINT('',(1.30000006523333,16.5027194895405,8.55));
#4171=CARTESIAN_POINT('',(1.30000021639862,17.4972812704187,11.15));
#4172=CARTESIAN_POINT('',(1.30000017860729,17.2486408251992,11.15));
#4173=CARTESIAN_POINT('',(1.30000021639862,17.4972812704187,8.55));
#4174=CARTESIAN_POINT('Origin',(1.30000006523333,16.5027194895405,8.55));
#4175=CARTESIAN_POINT('',(1.68060224158042,15.5838641585207,11.15));
#4176=CARTESIAN_POINT('',(1.68060224158042,15.5838641585207,8.55));
#4177=CARTESIAN_POINT('',(1.3951506093201,16.2730056567856,11.15));
#4178=CARTESIAN_POINT('Origin',(1.68060224158042,15.5838641585207,8.55));
#4179=CARTESIAN_POINT('',(2.38386351425838,14.8806026720627,11.15));
#4180=CARTESIAN_POINT('',(2.38386351425838,14.8806026720627,8.55));
#4181=CARTESIAN_POINT('',(1.85641755974991,15.4080487869062,11.15));
#4182=CARTESIAN_POINT('Origin',(2.38386351425838,14.8806026720627,8.55));
#4183=CARTESIAN_POINT('',(3.30271872958128,14.5000002163986,11.15));
#4184=CARTESIAN_POINT('',(3.30271872958128,14.5000002163986,8.55));
#4185=CARTESIAN_POINT('',(2.6135773180891,14.7854520581467,11.15));
#4186=CARTESIAN_POINT('Origin',(3.30271872958128,14.5000002163986,8.55));
#4187=CARTESIAN_POINT('',(4.29728051045949,14.5000000652333,11.15));
#4188=CARTESIAN_POINT('',(4.29728051045949,14.5000000652333,8.55));
#4189=CARTESIAN_POINT('',(3.55135917480083,14.5000001786073,11.15));
#4190=CARTESIAN_POINT('Origin',(4.29728051045949,14.5000000652333,8.55));
#4191=CARTESIAN_POINT('',(5.2161358414793,14.8806022415804,11.15));
#4192=CARTESIAN_POINT('',(5.2161358414793,14.8806022415804,8.55));
#4193=CARTESIAN_POINT('',(4.52699434321445,14.5951506093201,11.15));
#4194=CARTESIAN_POINT('Origin',(5.2161358414793,14.8806022415804,8.55));
#4195=CARTESIAN_POINT('',(5.91939732793725,15.5838635142584,11.15));
#4196=CARTESIAN_POINT('',(5.91939732793725,15.5838635142584,8.55));
#4197=CARTESIAN_POINT('',(5.39195121309379,15.0564175597499,11.15));
#4198=CARTESIAN_POINT('Origin',(5.91939732793725,15.5838635142584,8.55));
#4199=CARTESIAN_POINT('',(6.29999978360138,16.5027187295813,11.15));
#4200=CARTESIAN_POINT('',(6.29999978360138,16.5027187295813,8.55));
#4201=CARTESIAN_POINT('',(6.01454794185329,15.8135773180891,11.15));
#4202=CARTESIAN_POINT('Origin',(20.,13.75,8.55));
#4203=CARTESIAN_POINT('',(19.5,0.,8.55));
#4204=CARTESIAN_POINT('',(0.,0.,8.55));
#4205=CARTESIAN_POINT('',(19.5,-2.,8.55));
#4206=CARTESIAN_POINT('',(19.5,0.,8.55));
#4207=CARTESIAN_POINT('',(29.5,-2.,8.55));
#4208=CARTESIAN_POINT('',(40.,-2.,8.55));
#4209=CARTESIAN_POINT('',(29.5,0.,8.55));
#4210=CARTESIAN_POINT('',(29.5,0.,8.55));
#4211=CARTESIAN_POINT('',(40.,0.,8.55));
#4212=CARTESIAN_POINT('',(0.,0.,8.55));
#4213=CARTESIAN_POINT('',(40.,3.,8.55));
#4214=CARTESIAN_POINT('',(40.,0.,8.55));
#4215=CARTESIAN_POINT('',(8.25,3.,8.55));
#4216=CARTESIAN_POINT('',(30.,3.,8.55));
#4217=CARTESIAN_POINT('',(8.25,20.55,8.55));
#4218=CARTESIAN_POINT('',(8.25,9.375,8.55));
#4219=CARTESIAN_POINT('',(3.55,20.55,8.55));
#4220=CARTESIAN_POINT('',(0.,20.55,8.55));
#4221=CARTESIAN_POINT('',(3.55,23.45,8.55));
#4222=CARTESIAN_POINT('',(3.55,23.45,8.55));
#4223=CARTESIAN_POINT('',(8.25,23.45,8.55));
#4224=CARTESIAN_POINT('',(0.,23.45,8.55));
#4225=CARTESIAN_POINT('',(8.25,27.5,8.55));
#4226=CARTESIAN_POINT('',(8.25,5.,8.55));
#4227=CARTESIAN_POINT('',(0.,27.5,8.55));
#4228=CARTESIAN_POINT('Origin',(38.8060451534004,15.5048249260999,8.95));
#4229=CARTESIAN_POINT('',(38.3193985163752,15.5838636520709,8.95));
#4230=CARTESIAN_POINT('',(37.6161369921914,14.8806019141071,8.95));
#4231=CARTESIAN_POINT('',(38.523202397936,15.7876675955847,8.95));
#4232=CARTESIAN_POINT('',(37.8427188426726,14.5414983225366,8.55));
#4233=CARTESIAN_POINT('Origin',(37.8427188426726,14.5414983225366,8.95));
#4234=CARTESIAN_POINT('',(38.6585021768228,15.3572819046717,8.55));
#4235=CARTESIAN_POINT('',(38.8060451534004,15.5048249260999,8.55));
#4236=CARTESIAN_POINT('Origin',(38.6585021768228,15.3572819046717,8.95));
#4237=CARTESIAN_POINT('Origin',(37.5158907892111,14.4061216520308,8.95));
#4238=CARTESIAN_POINT('',(36.6972814482602,14.4999993223289,8.95));
#4239=CARTESIAN_POINT('',(37.3628173600962,14.7756734417694,8.95));
#4240=CARTESIAN_POINT('',(36.7768464560088,14.0999993344222,8.55));
#4241=CARTESIAN_POINT('Origin',(36.7768464560088,14.0999993344222,8.95));
#4242=CARTESIAN_POINT('',(37.5158907892111,14.4061216520308,8.55));
#4243=CARTESIAN_POINT('Origin',(35.7888601536227,14.0999991842564,8.95));
#4244=CARTESIAN_POINT('',(35.702719311699,14.4999991711637,8.95));
#4245=CARTESIAN_POINT('',(35.788860092826,14.4999991842563,8.95));
#4246=CARTESIAN_POINT('',(35.6231544255438,14.0999991590704,8.55));
#4247=CARTESIAN_POINT('Origin',(35.6231544255438,14.0999991590704,8.95));
#4248=CARTESIAN_POINT('',(35.7888601536227,14.0999991842564,8.55));
#4249=CARTESIAN_POINT('Origin',(34.1472777216966,14.7113270433859,8.95));
#4250=CARTESIAN_POINT('',(34.7838636520709,14.8806014836248,8.95));
#4251=CARTESIAN_POINT('',(34.3003510384738,15.0808788796563,8.95));
#4252=CARTESIAN_POINT('',(34.5572819046717,14.5414978231772,8.55));
#4253=CARTESIAN_POINT('Origin',(34.5572819046717,14.5414978231772,8.95));
#4254=CARTESIAN_POINT('',(34.1472777216966,14.7113270433859,8.55));
#4255=CARTESIAN_POINT('Origin',(33.0798246544146,16.0189546243116,8.95));
#4256=CARTESIAN_POINT('',(34.0806019141071,15.5838630078086,8.95));
#4257=CARTESIAN_POINT('',(33.3626673238994,16.301797379776,8.95));
#4258=CARTESIAN_POINT('',(33.7414983225366,15.3572811573274,8.55));
#4259=CARTESIAN_POINT('Origin',(33.7414983225366,15.3572811573274,8.95));
#4260=CARTESIAN_POINT('',(33.0798246544146,16.0189546243116,8.55));
#4261=CARTESIAN_POINT('Origin',(32.8272761546817,17.5644077651462,8.95));
#4262=CARTESIAN_POINT('',(33.6999993223289,16.5027185517398,8.95));
#4263=CARTESIAN_POINT('',(33.1968279444203,17.7174811942611,8.95));
#4264=CARTESIAN_POINT('',(33.2999993344222,16.4231535439912,8.55));
#4265=CARTESIAN_POINT('Origin',(33.2999993344222,16.4231535439912,8.95));
#4266=CARTESIAN_POINT('',(32.8272761546817,17.5644077651462,8.55));
#4267=CARTESIAN_POINT('Origin',(34.1666255977432,19.6690677756524,8.95));
#4268=CARTESIAN_POINT('',(33.7414978231772,18.6427180953283,8.55));
#4269=CARTESIAN_POINT('',(33.2999991590704,17.5768455744562,8.55));
#4270=CARTESIAN_POINT('',(34.1666255977432,19.6690677756524,8.55));
#4271=CARTESIAN_POINT('',(33.6999991711637,17.497280688301,8.95));
#4272=CARTESIAN_POINT('Origin',(33.2999991590704,17.5768455744562,8.95));
#4273=CARTESIAN_POINT('',(34.0806014836248,18.4161363479291,8.95));
#4274=CARTESIAN_POINT('',(34.5361774340136,19.5159944588752,8.95));
#4275=CARTESIAN_POINT('Origin',(33.7414978231772,18.6427180953283,8.95));
#4276=CARTESIAN_POINT('Origin',(33.2999989619683,18.8736401180626,8.95));
#4277=CARTESIAN_POINT('',(33.6999989619683,18.8736401788593,8.95));
#4278=CARTESIAN_POINT('',(33.2999989619683,18.8736401180626,8.55));
#4279=CARTESIAN_POINT('Origin',(35.0564548959969,19.9576755678735,8.95));
#4280=CARTESIAN_POINT('',(34.5572811573274,19.4585016774634,8.55));
#4281=CARTESIAN_POINT('',(35.0564548959969,19.9576755678735,8.55));
#4282=CARTESIAN_POINT('',(34.7838630078086,19.1193980858929,8.95));
#4283=CARTESIAN_POINT('',(35.3392976514613,19.6748328983886,8.95));
#4284=CARTESIAN_POINT('Origin',(34.5572811573274,19.4585016774634,8.95));
#4285=CARTESIAN_POINT('Origin',(35.7557532624953,19.954925290961,8.95));
#4286=CARTESIAN_POINT('',(35.6231535439912,19.9000006655778,8.55));
#4287=CARTESIAN_POINT('',(35.7557532624953,19.954925290961,8.55));
#4288=CARTESIAN_POINT('',(35.7027185517398,19.500000677671,8.95));
#4289=CARTESIAN_POINT('',(35.9088266916102,19.5853735012224,8.95));
#4290=CARTESIAN_POINT('Origin',(35.6231535439912,19.9000006655778,8.95));
#4291=CARTESIAN_POINT('Origin',(36.2861403403507,19.9000007663464,8.95));
#4292=CARTESIAN_POINT('',(36.7768455744561,19.9000008409295,8.55));
#4293=CARTESIAN_POINT('',(36.2861403403507,19.9000007663464,8.55));
#4294=CARTESIAN_POINT('',(36.697280688301,19.5000008288363,8.95));
#4295=CARTESIAN_POINT('',(36.2861404011474,19.5000007663464,8.95));
#4296=CARTESIAN_POINT('Origin',(36.7768455744561,19.9000008409295,8.95));
#4297=CARTESIAN_POINT('Origin',(36.8262692212952,19.8795289049077,8.95));
#4298=CARTESIAN_POINT('',(37.8427180953283,19.4585021768228,8.55));
#4299=CARTESIAN_POINT('',(36.8262692212952,19.8795289049077,8.55));
#4300=CARTESIAN_POINT('',(37.6161363479291,19.1193985163752,8.95));
#4301=CARTESIAN_POINT('',(36.673195904518,19.5099770686373,8.95));
#4302=CARTESIAN_POINT('Origin',(37.8427180953283,19.4585021768228,8.95));
#4303=CARTESIAN_POINT('Origin',(37.5326752961882,19.7685448817151,8.95));
#4304=CARTESIAN_POINT('',(38.6585016774634,18.6427188426726,8.55));
#4305=CARTESIAN_POINT('',(37.5326752961882,19.7685448817151,8.55));
#4306=CARTESIAN_POINT('',(38.3193980858929,18.4161369921914,8.95));
#4307=CARTESIAN_POINT('',(37.2498326267033,19.4857021262507,8.95));
#4308=CARTESIAN_POINT('Origin',(38.6585016774634,18.6427188426726,8.95));
#4309=CARTESIAN_POINT('Origin',(38.3760797936119,19.324545291862,8.95));
#4310=CARTESIAN_POINT('',(39.1000006655778,17.5768464560088,8.55));
#4311=CARTESIAN_POINT('',(38.3760797936119,19.324545291862,8.55));
#4312=CARTESIAN_POINT('',(38.700000677671,17.4972814482602,8.95));
#4313=CARTESIAN_POINT('',(38.0065280038733,19.1714718627471,8.95));
#4314=CARTESIAN_POINT('Origin',(39.1000006655778,17.5768464560088,8.95));
#4315=CARTESIAN_POINT('Origin',(39.1000005440583,18.3763599313347,8.95));
#4316=CARTESIAN_POINT('',(39.1000008409296,16.4231544255438,8.55));
#4317=CARTESIAN_POINT('',(39.1000005440583,18.3763599313347,8.55));
#4318=CARTESIAN_POINT('',(38.7000008288363,16.502719311699,8.95));
#4319=CARTESIAN_POINT('',(38.7000005440583,18.3763598705379,8.95));
#4320=CARTESIAN_POINT('Origin',(39.1000008409296,16.4231544255438,8.95));
#4321=CARTESIAN_POINT('Origin',(39.334827459265,16.9900762760539,8.95));
#4322=CARTESIAN_POINT('',(39.334827459265,16.9900762760539,8.55));
#4323=CARTESIAN_POINT('',(38.9652756229946,17.1431495928311,8.95));
#4324=CARTESIAN_POINT('Origin',(38.7000008288363,16.502719311699,8.55));
#4325=CARTESIAN_POINT('',(38.700000677671,17.4972814482602,11.15));
#4326=CARTESIAN_POINT('',(38.700000677671,17.4972814482602,8.55));
#4327=CARTESIAN_POINT('',(38.7000008288363,16.502719311699,11.15));
#4328=CARTESIAN_POINT('',(38.700000791045,16.7513598458393,11.15));
#4329=CARTESIAN_POINT('',(38.7000008288363,16.502719311699,8.55));
#4330=CARTESIAN_POINT('Origin',(38.700000677671,17.4972814482602,8.55));
#4331=CARTESIAN_POINT('',(38.3193980858929,18.4161369921914,11.15));
#4332=CARTESIAN_POINT('',(38.3193980858929,18.4161369921914,8.55));
#4333=CARTESIAN_POINT('',(38.6048500297265,17.726995334243,11.15));
#4334=CARTESIAN_POINT('Origin',(38.3193980858929,18.4161369921914,8.55));
#4335=CARTESIAN_POINT('',(37.6161363479291,19.1193985163752,11.15));
#4336=CARTESIAN_POINT('',(37.6161363479291,19.1193985163752,8.55));
#4337=CARTESIAN_POINT('',(38.143582651402,18.5919523732374,11.15));
#4338=CARTESIAN_POINT('Origin',(37.6161363479291,19.1193985163752,8.55));
#4339=CARTESIAN_POINT('',(36.697280688301,19.5000008288363,11.15));
#4340=CARTESIAN_POINT('',(36.697280688301,19.5000008288363,8.55));
#4341=CARTESIAN_POINT('',(37.3864224330221,19.2145490944905,11.15));
#4342=CARTESIAN_POINT('Origin',(36.697280688301,19.5000008288363,8.55));
#4343=CARTESIAN_POINT('',(35.7027185517398,19.500000677671,11.15));
#4344=CARTESIAN_POINT('',(35.7027185517398,19.500000677671,8.55));
#4345=CARTESIAN_POINT('',(36.4486401541607,19.500000791045,11.15));
#4346=CARTESIAN_POINT('Origin',(35.7027185517398,19.500000677671,8.55));
#4347=CARTESIAN_POINT('',(34.7838630078086,19.1193980858929,11.15));
#4348=CARTESIAN_POINT('',(34.7838630078086,19.1193980858929,8.55));
#4349=CARTESIAN_POINT('',(35.473004665757,19.4048500297265,11.15));
#4350=CARTESIAN_POINT('Origin',(34.7838630078086,19.1193980858929,8.55));
#4351=CARTESIAN_POINT('',(34.0806014836248,18.4161363479291,11.15));
#4352=CARTESIAN_POINT('',(34.0806014836248,18.4161363479291,8.55));
#4353=CARTESIAN_POINT('',(34.6080476267626,18.943582651402,11.15));
#4354=CARTESIAN_POINT('Origin',(34.0806014836248,18.4161363479291,8.55));
#4355=CARTESIAN_POINT('',(33.6999991711637,17.497280688301,11.15));
#4356=CARTESIAN_POINT('',(33.6999991711637,17.497280688301,8.55));
#4357=CARTESIAN_POINT('',(33.9854509055095,18.1864224330221,11.15));
#4358=CARTESIAN_POINT('Origin',(35.875,20.25,8.55));
#4359=CARTESIAN_POINT('',(31.75,23.45,8.55));
#4360=CARTESIAN_POINT('',(36.45,23.45,8.55));
#4361=CARTESIAN_POINT('',(0.,23.45,8.55));
#4362=CARTESIAN_POINT('',(36.45,20.55,8.55));
#4363=CARTESIAN_POINT('',(36.45,23.45,8.55));
#4364=CARTESIAN_POINT('',(31.75,20.55,8.55));
#4365=CARTESIAN_POINT('',(0.,20.55,8.55));
#4366=CARTESIAN_POINT('',(31.75,13.,8.55));
#4367=CARTESIAN_POINT('',(31.75,6.00000008940697,8.55));
#4368=CARTESIAN_POINT('',(40.,13.,8.55));
#4369=CARTESIAN_POINT('',(31.5,13.,8.55));
#4370=CARTESIAN_POINT('',(40.,27.5,8.55));
#4371=CARTESIAN_POINT('',(40.,0.,8.55));
#4372=CARTESIAN_POINT('',(31.75,27.5,8.55));
#4373=CARTESIAN_POINT('',(40.,27.5,8.55));
#4374=CARTESIAN_POINT('',(31.75,6.00000008940697,8.55));
#4375=CARTESIAN_POINT('Origin',(38.500000791045,16.7513598154409,11.35));
#4376=CARTESIAN_POINT('',(38.3000006897643,17.4177164405116,11.55));
#4377=CARTESIAN_POINT('',(38.3000008167431,16.5822841978541,11.55));
#4378=CARTESIAN_POINT('',(38.300000791045,16.7513597850426,11.55));
#4379=CARTESIAN_POINT('',(38.3000008167431,16.5822841978541,11.55));
#4380=CARTESIAN_POINT('',(38.3000006897643,17.4177164405116,11.55));
#4381=CARTESIAN_POINT('Origin',(38.2297731763553,15.8901142253665,11.35));
#4382=CARTESIAN_POINT('',(37.9802948559276,15.8104453994701,11.55));
#4383=CARTESIAN_POINT('',(38.0449972582201,15.9666508837551,11.55));
#4384=CARTESIAN_POINT('',(38.3193985163752,15.5838636520709,11.15));
#4385=CARTESIAN_POINT('',(37.9802948559276,15.8104453994701,11.55));
#4386=CARTESIAN_POINT('',(38.4145490944905,15.8135775669779,11.15));
#4387=CARTESIAN_POINT('Origin',(37.6505309955052,15.1978386833405,11.35));
#4388=CARTESIAN_POINT('',(37.3895551417102,15.2197055056775,11.55));
#4389=CARTESIAN_POINT('',(37.509109617773,15.3392600180829,11.55));
#4390=CARTESIAN_POINT('',(37.6161369921914,14.8806019141071,11.15));
#4391=CARTESIAN_POINT('',(37.3895551417102,15.2197055056775,11.55));
#4392=CARTESIAN_POINT('',(37.7919523732374,15.056417348598,11.15));
#4393=CARTESIAN_POINT('Origin',(36.8504586196856,14.7799258651428,11.35));
#4394=CARTESIAN_POINT('',(36.6177164405116,14.8999993102357,11.55));
#4395=CARTESIAN_POINT('',(36.7739219051281,14.9647017600121,11.55));
#4396=CARTESIAN_POINT('',(36.6972814482602,14.4999993223289,11.15));
#4397=CARTESIAN_POINT('',(36.6177164405116,14.8999993102357,11.55));
#4398=CARTESIAN_POINT('',(36.926995334243,14.5951499702735,11.15));
#4399=CARTESIAN_POINT('Origin',(35.9513598154409,14.699999208955,11.35));
#4400=CARTESIAN_POINT('',(35.7822841978541,14.8999991832569,11.55));
#4401=CARTESIAN_POINT('',(35.9513597850426,14.899999208955,11.55));
#4402=CARTESIAN_POINT('',(35.702719311699,14.4999991711637,11.15));
#4403=CARTESIAN_POINT('',(35.7822841978541,14.8999991832569,11.55));
#4404=CARTESIAN_POINT('',(35.9513598458393,14.499999208955,11.15));
#4405=CARTESIAN_POINT('Origin',(35.0901142253665,14.9702268236447,11.35));
#4406=CARTESIAN_POINT('',(35.0104453994701,15.2197051440724,11.55));
#4407=CARTESIAN_POINT('',(35.1666508837551,15.1550027417799,11.55));
#4408=CARTESIAN_POINT('',(34.7838636520709,14.8806014836248,11.15));
#4409=CARTESIAN_POINT('',(35.0104453994701,15.2197051440724,11.55));
#4410=CARTESIAN_POINT('',(35.0135775669779,14.7854509055095,11.15));
#4411=CARTESIAN_POINT('Origin',(34.3978386833405,15.5494690044948,11.35));
#4412=CARTESIAN_POINT('',(34.4197055056775,15.8104448582898,11.55));
#4413=CARTESIAN_POINT('',(34.5392600180829,15.690890382227,11.55));
#4414=CARTESIAN_POINT('',(34.0806019141071,15.5838630078086,11.15));
#4415=CARTESIAN_POINT('',(34.4197055056775,15.8104448582898,11.55));
#4416=CARTESIAN_POINT('',(34.256417348598,15.4080476267626,11.15));
#4417=CARTESIAN_POINT('Origin',(33.9799258651428,16.3495413803144,11.35));
#4418=CARTESIAN_POINT('',(34.0999993102357,16.5822835594883,11.55));
#4419=CARTESIAN_POINT('',(34.1647017600121,16.4260780948719,11.55));
#4420=CARTESIAN_POINT('',(33.6999993223289,16.5027185517398,11.15));
#4421=CARTESIAN_POINT('',(34.0999993102357,16.5822835594883,11.55));
#4422=CARTESIAN_POINT('',(33.7951499702735,16.273004665757,11.15));
#4423=CARTESIAN_POINT('Origin',(33.899999208955,17.2486401845591,11.35));
#4424=CARTESIAN_POINT('',(34.0999991832569,17.4177158021459,11.55));
#4425=CARTESIAN_POINT('',(34.099999208955,17.2486402149574,11.55));
#4426=CARTESIAN_POINT('',(34.0999991832569,17.4177158021459,11.55));
#4427=CARTESIAN_POINT('',(33.699999208955,17.2486401541607,11.15));
#4428=CARTESIAN_POINT('Origin',(34.1702268236447,18.1098857746335,11.35));
#4429=CARTESIAN_POINT('',(34.4197051440724,18.1895546005298,11.55));
#4430=CARTESIAN_POINT('',(34.3550027417799,18.0333491162449,11.55));
#4431=CARTESIAN_POINT('',(34.4197051440724,18.1895546005298,11.55));
#4432=CARTESIAN_POINT('Origin',(34.7494690044948,18.8021613166595,11.35));
#4433=CARTESIAN_POINT('',(35.0104448582898,18.7802944943225,11.55));
#4434=CARTESIAN_POINT('',(34.890890382227,18.6607399819171,11.55));
#4435=CARTESIAN_POINT('',(35.0104448582898,18.7802944943225,11.55));
#4436=CARTESIAN_POINT('Origin',(35.5495413803144,19.2200741348572,11.35));
#4437=CARTESIAN_POINT('',(35.7822835594883,19.1000006897643,11.55));
#4438=CARTESIAN_POINT('',(35.6260780948719,19.0352982399879,11.55));
#4439=CARTESIAN_POINT('',(35.7822835594883,19.1000006897643,11.55));
#4440=CARTESIAN_POINT('Origin',(36.4486401845591,19.300000791045,11.35));
#4441=CARTESIAN_POINT('',(36.6177158021459,19.1000008167431,11.55));
#4442=CARTESIAN_POINT('',(36.4486402149574,19.100000791045,11.55));
#4443=CARTESIAN_POINT('',(36.6177158021459,19.1000008167431,11.55));
#4444=CARTESIAN_POINT('Origin',(37.3098857746335,19.0297731763553,11.35));
#4445=CARTESIAN_POINT('',(37.3895546005298,18.7802948559276,11.55));
#4446=CARTESIAN_POINT('',(37.2333491162449,18.8449972582201,11.55));
#4447=CARTESIAN_POINT('',(37.3895546005298,18.7802948559276,11.55));
#4448=CARTESIAN_POINT('Origin',(38.0021613166595,18.4505309955052,11.35));
#4449=CARTESIAN_POINT('',(37.9802944943225,18.1895551417102,11.55));
#4450=CARTESIAN_POINT('',(37.8607399819171,18.309109617773,11.55));
#4451=CARTESIAN_POINT('',(37.9802944943225,18.1895551417102,11.55));
#4452=CARTESIAN_POINT('Origin',(38.4200741348572,17.6504586196856,11.35));
#4453=CARTESIAN_POINT('',(38.2352982399879,17.5739219051281,11.55));
#4454=CARTESIAN_POINT('Origin',(36.2,17.,11.55));
#4455=CARTESIAN_POINT('Origin',(-7.8,16.05,-1.20135954077543));
#4456=CARTESIAN_POINT('',(-8.,15.85,-1.86771597149728));
#4457=CARTESIAN_POINT('',(-8.,15.85,-1.03228402850271));
#4458=CARTESIAN_POINT('',(-8.,15.85,-1.20135954077543));
#4459=CARTESIAN_POINT('',(-8.,15.85,-1.03228402850271));
#4460=CARTESIAN_POINT('',(-8.,15.85,-1.86771597149728));
#4461=CARTESIAN_POINT('Origin',(-7.8,15.7797723404151,-0.340114274328505));
#4462=CARTESIAN_POINT('',(-8.,15.5302940365474,-0.260445555563912));
#4463=CARTESIAN_POINT('',(-8.,15.5949964339128,-0.416650960801523));
#4464=CARTESIAN_POINT('',(-8.,15.5302940365474,-0.260445555563912));
#4465=CARTESIAN_POINT('Origin',(-7.8,15.200530241934,0.352160951524091));
#4466=CARTESIAN_POINT('',(-8.,14.9395544444361,0.330294036547406));
#4467=CARTESIAN_POINT('',(-8.,15.0591088856967,0.210739595286781));
#4468=CARTESIAN_POINT('',(-8.,14.9395544444361,0.330294036547406));
#4469=CARTESIAN_POINT('Origin',(-7.8,14.4004580632079,0.770073509136851));
#4470=CARTESIAN_POINT('',(-8.,14.1677159714973,0.65));
#4471=CARTESIAN_POINT('',(-8.,14.3239213767349,0.585297602634594));
#4472=CARTESIAN_POINT('',(-7.6,14.2472809184491,1.05));
#4473=CARTESIAN_POINT('',(-8.,14.1677159714973,0.65));
#4474=CARTESIAN_POINT('',(-7.6,14.4769947496809,0.954849415639108));
#4475=CARTESIAN_POINT('Origin',(-7.8,13.5013595407754,0.85));
#4476=CARTESIAN_POINT('',(-8.,13.3322840285027,0.65));
#4477=CARTESIAN_POINT('',(-8.,13.5013595407754,0.65));
#4478=CARTESIAN_POINT('',(-7.6,13.2527190815509,1.05));
#4479=CARTESIAN_POINT('',(-8.,13.3322840285027,0.65));
#4480=CARTESIAN_POINT('',(-7.6,13.5013595407754,1.05));
#4481=CARTESIAN_POINT('Origin',(-7.8,12.6401142743285,0.579772340415068));
#4482=CARTESIAN_POINT('',(-8.,12.5604455555639,0.330294036547404));
#4483=CARTESIAN_POINT('',(-8.,12.7166509608015,0.39499643391281));
#4484=CARTESIAN_POINT('',(-7.6,12.3338637566237,0.669397662556434));
#4485=CARTESIAN_POINT('',(-8.,12.5604455555639,0.330294036547405));
#4486=CARTESIAN_POINT('',(-7.6,12.5635775878555,0.764548246917325));
#4487=CARTESIAN_POINT('Origin',(-7.8,11.9478390484759,0.000530241934025861));
#4488=CARTESIAN_POINT('',(-8.,11.9697059634526,-0.260445555563912));
#4489=CARTESIAN_POINT('',(-8.,12.0892604047132,-0.140891114303284));
#4490=CARTESIAN_POINT('',(-7.6,11.6306023374436,-0.0338637566236968));
#4491=CARTESIAN_POINT('',(-8.,11.9697059634526,-0.260445555563912));
#4492=CARTESIAN_POINT('',(-7.6,11.8064176922386,0.141951598171336));
#4493=CARTESIAN_POINT('Origin',(-7.8,11.5299264908631,-0.799541936792085));
#4494=CARTESIAN_POINT('',(-8.,11.65,-1.03228402850271));
#4495=CARTESIAN_POINT('',(-8.,11.7147023973654,-0.876078623265102));
#4496=CARTESIAN_POINT('',(-7.6,11.25,-0.952719081550856));
#4497=CARTESIAN_POINT('',(-8.,11.65,-1.03228402850271));
#4498=CARTESIAN_POINT('',(-7.6,11.3451505843609,-0.723005250319067));
#4499=CARTESIAN_POINT('Origin',(-7.8,11.45,-1.69864045922457));
#4500=CARTESIAN_POINT('',(-8.,11.65,-1.86771597149729));
#4501=CARTESIAN_POINT('',(-8.,11.65,-1.69864045922457));
#4502=CARTESIAN_POINT('',(-7.6,11.25,-1.94728091844914));
#4503=CARTESIAN_POINT('',(-8.,11.65,-1.86771597149729));
#4504=CARTESIAN_POINT('',(-7.6,11.25,-1.69864045922457));
#4505=CARTESIAN_POINT('Origin',(-7.8,11.7202276595849,-2.55988572567149));
#4506=CARTESIAN_POINT('',(-7.6,11.6306023374436,-2.8661362433763));
#4507=CARTESIAN_POINT('',(-7.6,11.5354517530827,-2.63642241214451));
#4508=CARTESIAN_POINT('',(-8.,11.9697059634526,-2.63955444443609));
#4509=CARTESIAN_POINT('',(-8.,11.9050035660872,-2.48334903919848));
#4510=CARTESIAN_POINT('',(-8.,11.9697059634526,-2.63955444443609));
#4511=CARTESIAN_POINT('Origin',(-7.8,12.299469758066,-3.25216095152409));
#4512=CARTESIAN_POINT('',(-7.6,12.1580484018287,-3.3935823077614));
#4513=CARTESIAN_POINT('',(-8.,12.5604455555639,-3.2302940365474));
#4514=CARTESIAN_POINT('',(-8.,12.4408911143033,-3.11073959528678));
#4515=CARTESIAN_POINT('',(-8.,12.5604455555639,-3.2302940365474));
#4516=CARTESIAN_POINT('Origin',(-7.8,13.0995419367921,-3.67007350913685));
#4517=CARTESIAN_POINT('',(-8.,13.3322840285027,-3.55));
#4518=CARTESIAN_POINT('',(-8.,13.1760786232651,-3.48529760263459));
#4519=CARTESIAN_POINT('',(-8.,13.3322840285027,-3.55));
#4520=CARTESIAN_POINT('Origin',(-7.8,13.9986404592246,-3.75));
#4521=CARTESIAN_POINT('',(-8.,14.1677159714973,-3.55));
#4522=CARTESIAN_POINT('',(-8.,13.9986404592246,-3.55));
#4523=CARTESIAN_POINT('',(-8.,14.1677159714973,-3.55));
#4524=CARTESIAN_POINT('Origin',(-7.8,14.8598857256715,-3.47977234041507));
#4525=CARTESIAN_POINT('',(-8.,14.9395544444361,-3.2302940365474));
#4526=CARTESIAN_POINT('',(-8.,14.7833490391985,-3.29499643391281));
#4527=CARTESIAN_POINT('',(-8.,14.9395544444361,-3.2302940365474));
#4528=CARTESIAN_POINT('Origin',(-7.8,15.5521609515241,-2.90053024193403));
#4529=CARTESIAN_POINT('',(-8.,15.5302940365474,-2.6395544444361));
#4530=CARTESIAN_POINT('',(-8.,15.4107395952868,-2.75910888569672));
#4531=CARTESIAN_POINT('',(-8.,15.5302940365474,-2.6395544444361));
#4532=CARTESIAN_POINT('Origin',(-7.8,15.9700735091369,-2.10045806320792));
#4533=CARTESIAN_POINT('',(-8.,15.7852976026346,-2.0239213767349));
#4534=CARTESIAN_POINT('Origin',(-5.,11.6306023374436,-2.8661362433763));
#4535=CARTESIAN_POINT('',(-5.,11.25,-1.94728091844914));
#4536=CARTESIAN_POINT('',(-5.,11.6306023374436,-2.8661362433763));
#4537=CARTESIAN_POINT('Origin',(-5.,12.3338637566237,-3.56939766255643));
#4538=CARTESIAN_POINT('Origin',(-8.,13.75,-1.45));
#4539=CARTESIAN_POINT('Origin',(1.50000017860729,17.2486407948008,11.35));
#4540=CARTESIAN_POINT('',(1.70000007732655,16.5822843756956,11.55));
#4541=CARTESIAN_POINT('',(1.70000020430539,17.4177162626701,11.55));
#4542=CARTESIAN_POINT('',(1.70000017860729,17.2486407644024,11.55));
#4543=CARTESIAN_POINT('',(1.70000020430539,17.4177162626701,11.55));
#4544=CARTESIAN_POINT('',(1.70000007732655,16.5822843756956,11.55));
#4545=CARTESIAN_POINT('Origin',(1.77022795301601,18.1098859673534,11.35));
#4546=CARTESIAN_POINT('',(2.01970626363318,18.1895546352604,11.55));
#4547=CARTESIAN_POINT('',(1.95500384788531,18.033349252796,11.55));
#4548=CARTESIAN_POINT('',(1.68060267206274,18.4161364857416,11.15));
#4549=CARTESIAN_POINT('',(2.01970626363318,18.1895546352604,11.55));
#4550=CARTESIAN_POINT('',(1.58545205814671,18.1864226819109,11.15));
#4551=CARTESIAN_POINT('Origin',(2.34947012164862,18.8021610625179,11.35));
#4552=CARTESIAN_POINT('',(2.61044590591991,18.780294097972,11.55));
#4553=CARTESIAN_POINT('',(2.49089145639104,18.6607396847857,11.55));
#4554=CARTESIAN_POINT('',(2.3838641585207,19.1193977584196,11.15));
#4555=CARTESIAN_POINT('',(2.61044590591991,18.780294097972,11.55));
#4556=CARTESIAN_POINT('',(2.20804878690621,18.9435824402501,11.15));
#4557=CARTESIAN_POINT('Origin',(3.14954231517414,19.2200734725447,11.35));
#4558=CARTESIAN_POINT('',(3.38228437569563,19.0999999226735,11.55));
#4559=CARTESIAN_POINT('',(3.22607897356272,19.0352975544095,11.55));
#4560=CARTESIAN_POINT('',(3.3027194895405,19.4999999347667,11.15));
#4561=CARTESIAN_POINT('',(3.38228437569563,19.0999999226735,11.55));
#4562=CARTESIAN_POINT('',(3.07300565678555,19.4048493906799,11.15));
#4563=CARTESIAN_POINT('Origin',(4.04864079480079,19.2999998213927,11.35));
#4564=CARTESIAN_POINT('',(4.21771626267011,19.0999997956946,11.55));
#4565=CARTESIAN_POINT('',(4.04864076440242,19.0999998213927,11.55));
#4566=CARTESIAN_POINT('',(4.29728127041872,19.4999997836014,11.15));
#4567=CARTESIAN_POINT('',(4.21771626267011,19.0999997956946,11.55));
#4568=CARTESIAN_POINT('',(4.04864082519917,19.4999998213927,11.15));
#4569=CARTESIAN_POINT('Origin',(4.90988596735345,19.029772046984,11.35));
#4570=CARTESIAN_POINT('',(4.98955463526043,18.7802937363668,11.55));
#4571=CARTESIAN_POINT('',(4.833349252796,18.8449961521147,11.55));
#4572=CARTESIAN_POINT('',(5.21613648574162,19.1193973279373,11.15));
#4573=CARTESIAN_POINT('',(4.98955463526043,18.7802937363668,11.55));
#4574=CARTESIAN_POINT('',(4.9864226819109,19.2145479418533,11.15));
#4575=CARTESIAN_POINT('Origin',(5.60216106251788,18.4505298783514,11.35));
#4576=CARTESIAN_POINT('',(5.58029409797196,18.1895540940801,11.55));
#4577=CARTESIAN_POINT('',(5.46073968478568,18.309108543609,11.55));
#4578=CARTESIAN_POINT('',(5.91939775841958,18.4161358414793,11.15));
#4579=CARTESIAN_POINT('',(5.58029409797196,18.1895540940801,11.55));
#4580=CARTESIAN_POINT('',(5.74358244025009,18.5919512130938,11.15));
#4581=CARTESIAN_POINT('Origin',(6.02007347254469,17.6504576848259,11.35));
#4582=CARTESIAN_POINT('',(5.89999992267345,17.4177156243044,11.55));
#4583=CARTESIAN_POINT('',(5.83529755440948,17.5739210264373,11.55));
#4584=CARTESIAN_POINT('',(6.29999993476667,17.4972805104595,11.15));
#4585=CARTESIAN_POINT('',(5.89999992267345,17.4177156243044,11.55));
#4586=CARTESIAN_POINT('',(6.2048493906799,17.7269943432145,11.15));
#4587=CARTESIAN_POINT('Origin',(6.09999982139271,16.7513592051992,11.35));
#4588=CARTESIAN_POINT('',(5.89999979569461,16.5822837373299,11.55));
#4589=CARTESIAN_POINT('',(5.89999982139271,16.7513592355976,11.55));
#4590=CARTESIAN_POINT('',(5.89999979569461,16.5822837373299,11.55));
#4591=CARTESIAN_POINT('',(6.2999998213927,16.7513591748008,11.15));
#4592=CARTESIAN_POINT('Origin',(5.82977204698398,15.8901140326466,11.35));
#4593=CARTESIAN_POINT('',(5.58029373636682,15.8104453647396,11.55));
#4594=CARTESIAN_POINT('',(5.64499615211468,15.966650747204,11.55));
#4595=CARTESIAN_POINT('',(5.58029373636682,15.8104453647396,11.55));
#4596=CARTESIAN_POINT('Origin',(5.25052987835138,15.1978389374821,11.35));
#4597=CARTESIAN_POINT('',(4.98955409408009,15.219705902028,11.55));
#4598=CARTESIAN_POINT('',(5.10910854360896,15.3392603152143,11.55));
#4599=CARTESIAN_POINT('',(4.98955409408009,15.219705902028,11.55));
#4600=CARTESIAN_POINT('Origin',(4.45045768482586,14.7799265274553,11.35));
#4601=CARTESIAN_POINT('',(4.21771562430437,14.9000000773265,11.55));
#4602=CARTESIAN_POINT('',(4.37392102643728,14.9647024455905,11.55));
#4603=CARTESIAN_POINT('',(4.21771562430437,14.9000000773265,11.55));
#4604=CARTESIAN_POINT('Origin',(3.5513592051992,14.7000001786073,11.35));
#4605=CARTESIAN_POINT('',(3.38228373732989,14.9000002043054,11.55));
#4606=CARTESIAN_POINT('',(3.55135923559757,14.9000001786073,11.55));
#4607=CARTESIAN_POINT('',(3.38228373732989,14.9000002043054,11.55));
#4608=CARTESIAN_POINT('Origin',(2.69011403264655,14.970227953016,11.35));
#4609=CARTESIAN_POINT('',(2.61044536473957,15.2197062636332,11.55));
#4610=CARTESIAN_POINT('',(2.766650747204,15.1550038478853,11.55));
#4611=CARTESIAN_POINT('',(2.61044536473957,15.2197062636332,11.55));
#4612=CARTESIAN_POINT('Origin',(1.99783893748211,15.5494701216486,11.35));
#4613=CARTESIAN_POINT('',(2.01970590202804,15.8104459059199,11.55));
#4614=CARTESIAN_POINT('',(2.13926031521432,15.690891456391,11.55));
#4615=CARTESIAN_POINT('',(2.01970590202804,15.8104459059199,11.55));
#4616=CARTESIAN_POINT('Origin',(1.57992652745531,16.3495423151741,11.35));
#4617=CARTESIAN_POINT('',(1.76470244559052,16.4260789735627,11.55));
#4618=CARTESIAN_POINT('Origin',(3.8,17.,11.55));
#4619=CARTESIAN_POINT('Origin',(-5.,14.2472809184491,1.05));
#4620=CARTESIAN_POINT('',(-5.,14.2472809184491,1.05));
#4621=CARTESIAN_POINT('Origin',(-5.,13.2527190815509,1.05));
#4622=CARTESIAN_POINT('',(-5.,13.2527190815509,1.05));
#4623=CARTESIAN_POINT('Origin',(-5.,12.3338637566237,0.669397662556434));
#4624=CARTESIAN_POINT('',(-5.,12.3338637566237,0.669397662556434));
#4625=CARTESIAN_POINT('Origin',(-5.,11.6306023374436,-0.0338637566236968));
#4626=CARTESIAN_POINT('',(-5.,11.6306023374436,-0.0338637566236968));
#4627=CARTESIAN_POINT('Origin',(-5.,11.25,-0.952719081550856));
#4628=CARTESIAN_POINT('',(-5.,11.25,-0.952719081550856));
#4629=CARTESIAN_POINT('Origin',(-5.,11.25,-1.94728091844914));
#4630=CARTESIAN_POINT('Origin',(8.25,27.5,0.));
#4631=CARTESIAN_POINT('',(8.25,27.5,2.));
#4632=CARTESIAN_POINT('',(8.25,27.5,0.));
#4633=CARTESIAN_POINT('',(31.75,27.5,2.));
#4634=CARTESIAN_POINT('',(40.,27.5,2.));
#4635=CARTESIAN_POINT('',(31.75,27.5,0.));
#4636=CARTESIAN_POINT('',(40.,27.5,0.));
#4637=CARTESIAN_POINT('',(40.,27.5,0.));
#4638=CARTESIAN_POINT('',(0.,27.5,0.));
#4639=CARTESIAN_POINT('',(40.,27.5,0.));
#4640=CARTESIAN_POINT('',(0.,27.5,-5.));
#4641=CARTESIAN_POINT('',(0.,27.5,-5.));
#4642=CARTESIAN_POINT('',(0.,27.5,-5.));
#4643=CARTESIAN_POINT('Origin',(1.68060267206274,18.4161364857416,8.55));
#4644=CARTESIAN_POINT('',(1.68060267206274,18.4161364857416,8.55));
#4645=CARTESIAN_POINT('Origin',(2.3838641585207,19.1193977584196,8.55));
#4646=CARTESIAN_POINT('',(2.3838641585207,19.1193977584196,8.55));
#4647=CARTESIAN_POINT('Origin',(3.3027194895405,19.4999999347667,8.55));
#4648=CARTESIAN_POINT('',(3.3027194895405,19.4999999347667,8.55));
#4649=CARTESIAN_POINT('Origin',(4.29728127041872,19.4999997836014,8.55));
#4650=CARTESIAN_POINT('',(4.29728127041872,19.4999997836014,8.55));
#4651=CARTESIAN_POINT('Origin',(5.21613648574162,19.1193973279373,8.55));
#4652=CARTESIAN_POINT('',(5.21613648574162,19.1193973279373,8.55));
#4653=CARTESIAN_POINT('Origin',(5.91939775841958,18.4161358414793,8.55));
#4654=CARTESIAN_POINT('',(5.91939775841958,18.4161358414793,8.55));
#4655=CARTESIAN_POINT('Origin',(6.29999993476667,17.4972805104595,8.55));
#4656=CARTESIAN_POINT('',(6.29999993476667,17.4972805104595,8.55));
#4657=CARTESIAN_POINT('Origin',(6.29999978360138,16.5027187295813,8.55));
#4658=CARTESIAN_POINT('Origin',(38.3193985163752,15.5838636520709,8.55));
#4659=CARTESIAN_POINT('',(38.3193985163752,15.5838636520709,8.55));
#4660=CARTESIAN_POINT('Origin',(37.6161369921914,14.8806019141071,8.55));
#4661=CARTESIAN_POINT('',(37.6161369921914,14.8806019141071,8.55));
#4662=CARTESIAN_POINT('Origin',(36.6972814482602,14.4999993223289,8.55));
#4663=CARTESIAN_POINT('',(36.6972814482602,14.4999993223289,8.55));
#4664=CARTESIAN_POINT('Origin',(35.702719311699,14.4999991711637,8.55));
#4665=CARTESIAN_POINT('',(35.702719311699,14.4999991711637,8.55));
#4666=CARTESIAN_POINT('Origin',(34.7838636520709,14.8806014836248,8.55));
#4667=CARTESIAN_POINT('',(34.7838636520709,14.8806014836248,8.55));
#4668=CARTESIAN_POINT('Origin',(34.0806019141071,15.5838630078086,8.55));
#4669=CARTESIAN_POINT('',(34.0806019141071,15.5838630078086,8.55));
#4670=CARTESIAN_POINT('Origin',(33.6999993223289,16.5027185517398,8.55));
#4671=CARTESIAN_POINT('',(33.6999993223289,16.5027185517398,8.55));
#4672=CARTESIAN_POINT('Origin',(33.6999991711637,17.497280688301,8.55));
#4673=CARTESIAN_POINT('Origin',(40.,3.,0.));
#4674=CARTESIAN_POINT('',(8.25,3.,2.));
#4675=CARTESIAN_POINT('',(40.,3.,2.));
#4676=CARTESIAN_POINT('',(30.8875,3.,2.));
#4677=CARTESIAN_POINT('',(8.25,3.,0.));
#4678=CARTESIAN_POINT('',(40.,3.,0.));
#4679=CARTESIAN_POINT('Origin',(40.,0.,0.));
#4680=CARTESIAN_POINT('',(40.,13.,2.));
#4681=CARTESIAN_POINT('',(40.,2.5,2.));
#4682=CARTESIAN_POINT('',(40.,0.,0.));
#4683=CARTESIAN_POINT('',(40.,0.,0.));
#4684=CARTESIAN_POINT('',(40.,0.,0.));
#4685=CARTESIAN_POINT('',(40.,13.,0.));
#4686=CARTESIAN_POINT('Origin',(0.,27.5,-5.));
#4687=CARTESIAN_POINT('',(0.,0.,-5.));
#4688=CARTESIAN_POINT('',(0.,0.,-5.));
#4689=CARTESIAN_POINT('',(0.,0.,-5.));
#4690=CARTESIAN_POINT('Origin',(0.,13.75,1.775));
#4691=CARTESIAN_POINT('',(0.,0.,0.));
#4692=CARTESIAN_POINT('',(0.,27.5,0.));
#4693=CARTESIAN_POINT('',(0.,0.,0.));
#4694=CARTESIAN_POINT('Origin',(0.,0.,0.));
#4695=CARTESIAN_POINT('',(0.,0.,0.));
#4696=CARTESIAN_POINT('Origin',(24.5,0.,8.55));
#4697=CARTESIAN_POINT('Origin',(24.5,0.,8.55));
#4698=CARTESIAN_POINT('Origin',(24.5,-2.,8.55));
#4699=CARTESIAN_POINT('Origin',(24.5,-2.,6.05));
#4700=CARTESIAN_POINT('Origin',(21.775,16.25,2.));
#4701=CARTESIAN_POINT('',(31.75,23.45,2.));
#4702=CARTESIAN_POINT('',(31.75,21.875,2.));
#4703=CARTESIAN_POINT('',(8.25,23.45,2.));
#4704=CARTESIAN_POINT('',(8.25,19.85,2.));
#4705=CARTESIAN_POINT('',(3.55,23.45,2.));
#4706=CARTESIAN_POINT('',(12.6625,23.45,2.));
#4707=CARTESIAN_POINT('',(3.55,20.55,2.));
#4708=CARTESIAN_POINT('',(3.55,18.4,2.));
#4709=CARTESIAN_POINT('',(8.25,20.55,2.));
#4710=CARTESIAN_POINT('',(15.0125,20.55,2.));
#4711=CARTESIAN_POINT('',(8.25,10.625,2.));
#4712=CARTESIAN_POINT('',(31.75,13.,2.));
#4713=CARTESIAN_POINT('',(26.7625,13.,2.));
#4714=CARTESIAN_POINT('',(31.75,20.55,2.));
#4715=CARTESIAN_POINT('',(31.75,18.4,2.));
#4716=CARTESIAN_POINT('',(36.45,20.55,2.));
#4717=CARTESIAN_POINT('',(29.1125,20.55,2.));
#4718=CARTESIAN_POINT('',(36.45,23.45,2.));
#4719=CARTESIAN_POINT('',(36.45,19.85,2.));
#4720=CARTESIAN_POINT('',(26.7625,23.45,2.));
#4721=CARTESIAN_POINT('Origin',(31.75,27.5,0.));
#4722=CARTESIAN_POINT('',(31.75,23.45,0.));
#4723=CARTESIAN_POINT('Origin',(31.75,13.,0.));
#4724=CARTESIAN_POINT('',(31.75,13.,0.));
#4725=CARTESIAN_POINT('Origin',(31.75,20.55,0.));
#4726=CARTESIAN_POINT('',(31.75,20.55,0.));
#4727=CARTESIAN_POINT('Origin',(36.45,20.55,0.));
#4728=CARTESIAN_POINT('',(36.45,20.55,0.));
#4729=CARTESIAN_POINT('Origin',(36.45,23.45,0.));
#4730=CARTESIAN_POINT('',(36.45,23.45,0.));
#4731=CARTESIAN_POINT('Origin',(31.75,23.45,0.));
#4732=CARTESIAN_POINT('Origin',(8.25,5.,0.));
#4733=CARTESIAN_POINT('',(8.25,20.55,0.));
#4734=CARTESIAN_POINT('Origin',(8.25,20.55,0.));
#4735=CARTESIAN_POINT('',(3.55,20.55,0.));
#4736=CARTESIAN_POINT('Origin',(3.55,20.55,0.));
#4737=CARTESIAN_POINT('',(3.55,23.45,0.));
#4738=CARTESIAN_POINT('Origin',(3.55,23.45,0.));
#4739=CARTESIAN_POINT('',(8.25,23.45,0.));
#4740=CARTESIAN_POINT('Origin',(8.25,23.45,0.));
#4741=CARTESIAN_POINT('Origin',(20.,13.75,0.));
#4742=UNCERTAINTY_MEASURE_WITH_UNIT(LENGTH_MEASURE(0.01),#4746,
'DISTANCE_ACCURACY_VALUE',
'Maximum model space distance between geometric entities at asserted c
onnectivities');
#4743=UNCERTAINTY_MEASURE_WITH_UNIT(LENGTH_MEASURE(0.01),#4746,
'DISTANCE_ACCURACY_VALUE',
'Maximum model space distance between geometric entities at asserted c
onnectivities');
#4744=(
GEOMETRIC_REPRESENTATION_CONTEXT(3)
GLOBAL_UNCERTAINTY_ASSIGNED_CONTEXT((#4742))
GLOBAL_UNIT_ASSIGNED_CONTEXT((#4746,#4748,#4749))
REPRESENTATION_CONTEXT('','3D')
);
#4745=(
GEOMETRIC_REPRESENTATION_CONTEXT(3)
GLOBAL_UNCERTAINTY_ASSIGNED_CONTEXT((#4743))
GLOBAL_UNIT_ASSIGNED_CONTEXT((#4746,#4748,#4749))
REPRESENTATION_CONTEXT('','3D')
);
#4746=(
LENGTH_UNIT()
NAMED_UNIT(*)
SI_UNIT(.MILLI.,.METRE.)
);
#4747=(
LENGTH_UNIT()
NAMED_UNIT(*)
SI_UNIT($,.METRE.)
);
#4748=(
NAMED_UNIT(*)
PLANE_ANGLE_UNIT()
SI_UNIT($,.RADIAN.)
);
#4749=(
NAMED_UNIT(*)
SI_UNIT($,.STERADIAN.)
SOLID_ANGLE_UNIT()
);
#4750=SHAPE_DEFINITION_REPRESENTATION(#4751,#4752);
#4751=PRODUCT_DEFINITION_SHAPE('',$,#4754);
#4752=SHAPE_REPRESENTATION('',(#2914),#4744);
#4753=PRODUCT_DEFINITION_CONTEXT('part definition',#4758,'design');
#4754=PRODUCT_DEFINITION('sg90_arm_base_boko','sg90_arm_base_boko v8',#4755,
#4753);
#4755=PRODUCT_DEFINITION_FORMATION('',$,#4760);
#4756=PRODUCT_RELATED_PRODUCT_CATEGORY('sg90_arm_base_boko v8',
'sg90_arm_base_boko v8',(#4760));
#4757=APPLICATION_PROTOCOL_DEFINITION('international standard',
'automotive_design',2009,#4758);
#4758=APPLICATION_CONTEXT(
'Core Data for Automotive Mechanical Design Process');
#4759=PRODUCT_CONTEXT('part definition',#4758,'mechanical');
#4760=PRODUCT('sg90_arm_base_boko','sg90_arm_base_boko v8',$,(#4759));
#4761=PRESENTATION_STYLE_ASSIGNMENT((#4762));
#4762=SURFACE_STYLE_USAGE(.BOTH.,#4763);
#4763=SURFACE_SIDE_STYLE('',(#4764));
#4764=SURFACE_STYLE_FILL_AREA(#4765);
#4765=FILL_AREA_STYLE('\X2\92FC\X0\ - \X2\30B530C630F3\X0\',(#4766));
#4766=FILL_AREA_STYLE_COLOUR('\X2\92FC\X0\ - \X2\30B530C630F3\X0\',#4767);
#4767=COLOUR_RGB('\X2\92FC\X0\ - \X2\30B530C630F3\X0\',0.627450980392157,
0.627450980392157,0.627450980392157);
ENDSEC;
END-ISO-10303-21;
