ISO-10303-21;
HEADER;
/* Generated by software containing ST-Developer
 * from STEP Tools, Inc. (www.steptools.com) 
 */

FILE_DESCRIPTION(
/* description */ (''),
/* implementation_level */ '2;1');

FILE_NAME(
/* name */ 'sg90_arm_tip_deko_with_r_hand.step',
/* time_stamp */ '2026-02-01T19:32:48+09:00',
/* author */ (''),
/* organization */ (''),
/* preprocessor_version */ 'ST-DEVELOPER v20.1',
/* originating_system */ 'Autodesk Translation Framework v14.24.0.0',
/* authorisation */ '');

FILE_SCHEMA (('AUTOMOTIVE_DESIGN { 1 0 10303 214 3 1 1 }'));
ENDSEC;

DATA;
#10=MECHANICAL_DESIGN_GEOMETRIC_PRESENTATION_REPRESENTATION('',(#13),#4052);
#11=SHAPE_REPRESENTATION_RELATIONSHIP('SRR','None',#4059,#12);
#12=ADVANCED_BREP_SHAPE_REPRESENTATION('',(#14),#4051);
#13=STYLED_ITEM('',(#4068),#14);
#14=MANIFOLD_SOLID_BREP('\X2\30DC30C730A3\X0\6',#2478);
#15=ELLIPSE('',#2514,0.407836463283327,0.4);
#16=ELLIPSE('',#2515,0.407836463283328,0.4);
#17=ELLIPSE('',#2517,0.407836463283327,0.4);
#18=ELLIPSE('',#2518,0.407836463283327,0.4);
#19=ELLIPSE('',#2520,0.407836463283328,0.4);
#20=ELLIPSE('',#2522,0.407836463283327,0.4);
#21=ELLIPSE('',#2524,0.407836463283327,0.4);
#22=ELLIPSE('',#2526,0.407836463283327,0.4);
#23=ELLIPSE('',#2528,0.407836463283327,0.4);
#24=ELLIPSE('',#2530,0.407836463283327,0.4);
#25=ELLIPSE('',#2532,0.407836463283328,0.4);
#26=ELLIPSE('',#2534,0.407836463283327,0.4);
#27=ELLIPSE('',#2536,0.407836463283328,0.4);
#28=ELLIPSE('',#2538,0.407836463283327,0.4);
#29=ELLIPSE('',#2541,0.407836463283327,0.4);
#30=ELLIPSE('',#2543,0.407836463283328,0.4);
#31=ELLIPSE('',#2554,0.407836463283327,0.4);
#32=ELLIPSE('',#2555,0.407836463283328,0.4);
#33=ELLIPSE('',#2557,0.407836463283326,0.4);
#34=ELLIPSE('',#2559,0.407836463283328,0.4);
#35=ELLIPSE('',#2561,0.407836463283329,0.4);
#36=ELLIPSE('',#2562,0.407836463283328,0.4);
#37=ELLIPSE('',#2564,0.407836463283326,0.4);
#38=ELLIPSE('',#2566,0.407836463283328,0.4);
#39=ELLIPSE('',#2568,0.407836463283325,0.4);
#40=ELLIPSE('',#2570,0.407836463283332,0.4);
#41=ELLIPSE('',#2572,0.407836463283325,0.4);
#42=ELLIPSE('',#2574,0.407836463283328,0.4);
#43=ELLIPSE('',#2577,0.407836463283327,0.4);
#44=ELLIPSE('',#2579,0.407836463283329,0.4);
#45=ELLIPSE('',#2581,0.407836463283327,0.4);
#46=ELLIPSE('',#2583,0.407836463283327,0.4);
#47=CYLINDRICAL_SURFACE('',#2513,0.4);
#48=CYLINDRICAL_SURFACE('',#2516,0.4);
#49=CYLINDRICAL_SURFACE('',#2519,0.4);
#50=CYLINDRICAL_SURFACE('',#2521,0.4);
#51=CYLINDRICAL_SURFACE('',#2523,0.4);
#52=CYLINDRICAL_SURFACE('',#2525,0.4);
#53=CYLINDRICAL_SURFACE('',#2527,0.4);
#54=CYLINDRICAL_SURFACE('',#2529,0.4);
#55=CYLINDRICAL_SURFACE('',#2531,0.4);
#56=CYLINDRICAL_SURFACE('',#2533,0.4);
#57=CYLINDRICAL_SURFACE('',#2535,0.4);
#58=CYLINDRICAL_SURFACE('',#2537,0.4);
#59=CYLINDRICAL_SURFACE('',#2539,0.4);
#60=CYLINDRICAL_SURFACE('',#2540,0.4);
#61=CYLINDRICAL_SURFACE('',#2542,0.4);
#62=CYLINDRICAL_SURFACE('',#2544,0.4);
#63=CYLINDRICAL_SURFACE('',#2553,0.4);
#64=CYLINDRICAL_SURFACE('',#2556,0.4);
#65=CYLINDRICAL_SURFACE('',#2558,0.4);
#66=CYLINDRICAL_SURFACE('',#2560,0.4);
#67=CYLINDRICAL_SURFACE('',#2563,0.4);
#68=CYLINDRICAL_SURFACE('',#2565,0.4);
#69=CYLINDRICAL_SURFACE('',#2567,0.4);
#70=CYLINDRICAL_SURFACE('',#2569,0.4);
#71=CYLINDRICAL_SURFACE('',#2571,0.4);
#72=CYLINDRICAL_SURFACE('',#2573,0.4);
#73=CYLINDRICAL_SURFACE('',#2575,0.4);
#74=CYLINDRICAL_SURFACE('',#2576,0.4);
#75=CYLINDRICAL_SURFACE('',#2578,0.4);
#76=CYLINDRICAL_SURFACE('',#2580,0.4);
#77=CYLINDRICAL_SURFACE('',#2582,0.4);
#78=CYLINDRICAL_SURFACE('',#2584,0.4);
#79=CYLINDRICAL_SURFACE('',#2664,6.);
#80=CYLINDRICAL_SURFACE('',#2666,6.);
#81=CYLINDRICAL_SURFACE('',#2672,5.25);
#82=CYLINDRICAL_SURFACE('',#2673,2.);
#83=CYLINDRICAL_SURFACE('',#2674,4.);
#84=CYLINDRICAL_SURFACE('',#2676,4.);
#85=FACE_BOUND('',#236,.T.);
#86=FACE_BOUND('',#237,.T.);
#87=FACE_BOUND('',#238,.T.);
#88=FACE_OUTER_BOUND('',#229,.T.);
#89=FACE_OUTER_BOUND('',#230,.T.);
#90=FACE_OUTER_BOUND('',#231,.T.);
#91=FACE_OUTER_BOUND('',#232,.T.);
#92=FACE_OUTER_BOUND('',#233,.T.);
#93=FACE_OUTER_BOUND('',#234,.T.);
#94=FACE_OUTER_BOUND('',#235,.T.);
#95=FACE_OUTER_BOUND('',#239,.T.);
#96=FACE_OUTER_BOUND('',#240,.T.);
#97=FACE_OUTER_BOUND('',#241,.T.);
#98=FACE_OUTER_BOUND('',#242,.T.);
#99=FACE_OUTER_BOUND('',#243,.T.);
#100=FACE_OUTER_BOUND('',#244,.T.);
#101=FACE_OUTER_BOUND('',#245,.T.);
#102=FACE_OUTER_BOUND('',#246,.T.);
#103=FACE_OUTER_BOUND('',#247,.T.);
#104=FACE_OUTER_BOUND('',#248,.T.);
#105=FACE_OUTER_BOUND('',#249,.T.);
#106=FACE_OUTER_BOUND('',#250,.T.);
#107=FACE_OUTER_BOUND('',#251,.T.);
#108=FACE_OUTER_BOUND('',#252,.T.);
#109=FACE_OUTER_BOUND('',#253,.T.);
#110=FACE_OUTER_BOUND('',#254,.T.);
#111=FACE_OUTER_BOUND('',#255,.T.);
#112=FACE_OUTER_BOUND('',#256,.T.);
#113=FACE_OUTER_BOUND('',#257,.T.);
#114=FACE_OUTER_BOUND('',#258,.T.);
#115=FACE_OUTER_BOUND('',#259,.T.);
#116=FACE_OUTER_BOUND('',#260,.T.);
#117=FACE_OUTER_BOUND('',#261,.T.);
#118=FACE_OUTER_BOUND('',#262,.T.);
#119=FACE_OUTER_BOUND('',#263,.T.);
#120=FACE_OUTER_BOUND('',#264,.T.);
#121=FACE_OUTER_BOUND('',#265,.T.);
#122=FACE_OUTER_BOUND('',#266,.T.);
#123=FACE_OUTER_BOUND('',#267,.T.);
#124=FACE_OUTER_BOUND('',#268,.T.);
#125=FACE_OUTER_BOUND('',#269,.T.);
#126=FACE_OUTER_BOUND('',#270,.T.);
#127=FACE_OUTER_BOUND('',#271,.T.);
#128=FACE_OUTER_BOUND('',#272,.T.);
#129=FACE_OUTER_BOUND('',#273,.T.);
#130=FACE_OUTER_BOUND('',#274,.T.);
#131=FACE_OUTER_BOUND('',#275,.T.);
#132=FACE_OUTER_BOUND('',#276,.T.);
#133=FACE_OUTER_BOUND('',#277,.T.);
#134=FACE_OUTER_BOUND('',#278,.T.);
#135=FACE_OUTER_BOUND('',#279,.T.);
#136=FACE_OUTER_BOUND('',#280,.T.);
#137=FACE_OUTER_BOUND('',#281,.T.);
#138=FACE_OUTER_BOUND('',#282,.T.);
#139=FACE_OUTER_BOUND('',#283,.T.);
#140=FACE_OUTER_BOUND('',#284,.T.);
#141=FACE_OUTER_BOUND('',#285,.T.);
#142=FACE_OUTER_BOUND('',#286,.T.);
#143=FACE_OUTER_BOUND('',#287,.T.);
#144=FACE_OUTER_BOUND('',#288,.T.);
#145=FACE_OUTER_BOUND('',#289,.T.);
#146=FACE_OUTER_BOUND('',#290,.T.);
#147=FACE_OUTER_BOUND('',#291,.T.);
#148=FACE_OUTER_BOUND('',#292,.T.);
#149=FACE_OUTER_BOUND('',#293,.T.);
#150=FACE_OUTER_BOUND('',#294,.T.);
#151=FACE_OUTER_BOUND('',#295,.T.);
#152=FACE_OUTER_BOUND('',#296,.T.);
#153=FACE_OUTER_BOUND('',#297,.T.);
#154=FACE_OUTER_BOUND('',#298,.T.);
#155=FACE_OUTER_BOUND('',#299,.T.);
#156=FACE_OUTER_BOUND('',#300,.T.);
#157=FACE_OUTER_BOUND('',#301,.T.);
#158=FACE_OUTER_BOUND('',#302,.T.);
#159=FACE_OUTER_BOUND('',#303,.T.);
#160=FACE_OUTER_BOUND('',#304,.T.);
#161=FACE_OUTER_BOUND('',#305,.T.);
#162=FACE_OUTER_BOUND('',#306,.T.);
#163=FACE_OUTER_BOUND('',#307,.T.);
#164=FACE_OUTER_BOUND('',#308,.T.);
#165=FACE_OUTER_BOUND('',#309,.T.);
#166=FACE_OUTER_BOUND('',#310,.T.);
#167=FACE_OUTER_BOUND('',#311,.T.);
#168=FACE_OUTER_BOUND('',#312,.T.);
#169=FACE_OUTER_BOUND('',#313,.T.);
#170=FACE_OUTER_BOUND('',#314,.T.);
#171=FACE_OUTER_BOUND('',#315,.T.);
#172=FACE_OUTER_BOUND('',#316,.T.);
#173=FACE_OUTER_BOUND('',#317,.T.);
#174=FACE_OUTER_BOUND('',#318,.T.);
#175=FACE_OUTER_BOUND('',#319,.T.);
#176=FACE_OUTER_BOUND('',#320,.T.);
#177=FACE_OUTER_BOUND('',#321,.T.);
#178=FACE_OUTER_BOUND('',#322,.T.);
#179=FACE_OUTER_BOUND('',#323,.T.);
#180=FACE_OUTER_BOUND('',#324,.T.);
#181=FACE_OUTER_BOUND('',#325,.T.);
#182=FACE_OUTER_BOUND('',#326,.T.);
#183=FACE_OUTER_BOUND('',#327,.T.);
#184=FACE_OUTER_BOUND('',#328,.T.);
#185=FACE_OUTER_BOUND('',#329,.T.);
#186=FACE_OUTER_BOUND('',#330,.T.);
#187=FACE_OUTER_BOUND('',#331,.T.);
#188=FACE_OUTER_BOUND('',#332,.T.);
#189=FACE_OUTER_BOUND('',#333,.T.);
#190=FACE_OUTER_BOUND('',#334,.T.);
#191=FACE_OUTER_BOUND('',#335,.T.);
#192=FACE_OUTER_BOUND('',#336,.T.);
#193=FACE_OUTER_BOUND('',#337,.T.);
#194=FACE_OUTER_BOUND('',#338,.T.);
#195=FACE_OUTER_BOUND('',#339,.T.);
#196=FACE_OUTER_BOUND('',#340,.T.);
#197=FACE_OUTER_BOUND('',#341,.T.);
#198=FACE_OUTER_BOUND('',#342,.T.);
#199=FACE_OUTER_BOUND('',#343,.T.);
#200=FACE_OUTER_BOUND('',#344,.T.);
#201=FACE_OUTER_BOUND('',#345,.T.);
#202=FACE_OUTER_BOUND('',#346,.T.);
#203=FACE_OUTER_BOUND('',#347,.T.);
#204=FACE_OUTER_BOUND('',#348,.T.);
#205=FACE_OUTER_BOUND('',#349,.T.);
#206=FACE_OUTER_BOUND('',#350,.T.);
#207=FACE_OUTER_BOUND('',#351,.T.);
#208=FACE_OUTER_BOUND('',#352,.T.);
#209=FACE_OUTER_BOUND('',#353,.T.);
#210=FACE_OUTER_BOUND('',#354,.T.);
#211=FACE_OUTER_BOUND('',#355,.T.);
#212=FACE_OUTER_BOUND('',#356,.T.);
#213=FACE_OUTER_BOUND('',#357,.T.);
#214=FACE_OUTER_BOUND('',#358,.T.);
#215=FACE_OUTER_BOUND('',#359,.T.);
#216=FACE_OUTER_BOUND('',#360,.T.);
#217=FACE_OUTER_BOUND('',#361,.T.);
#218=FACE_OUTER_BOUND('',#362,.T.);
#219=FACE_OUTER_BOUND('',#363,.T.);
#220=FACE_OUTER_BOUND('',#364,.T.);
#221=FACE_OUTER_BOUND('',#365,.T.);
#222=FACE_OUTER_BOUND('',#366,.T.);
#223=FACE_OUTER_BOUND('',#367,.T.);
#224=FACE_OUTER_BOUND('',#368,.T.);
#225=FACE_OUTER_BOUND('',#369,.T.);
#226=FACE_OUTER_BOUND('',#370,.T.);
#227=FACE_OUTER_BOUND('',#371,.T.);
#228=FACE_OUTER_BOUND('',#372,.T.);
#229=EDGE_LOOP('',(#1542,#1543,#1544,#1545,#1546,#1547,#1548,#1549));
#230=EDGE_LOOP('',(#1550,#1551,#1552,#1553));
#231=EDGE_LOOP('',(#1554,#1555,#1556,#1557));
#232=EDGE_LOOP('',(#1558,#1559,#1560,#1561,#1562,#1563,#1564,#1565,#1566,
#1567,#1568,#1569,#1570,#1571,#1572,#1573));
#233=EDGE_LOOP('',(#1574,#1575,#1576,#1577,#1578,#1579));
#234=EDGE_LOOP('',(#1580,#1581,#1582,#1583));
#235=EDGE_LOOP('',(#1584,#1585,#1586,#1587,#1588,#1589,#1590,#1591,#1592,
#1593,#1594,#1595,#1596,#1597));
#236=EDGE_LOOP('',(#1598,#1599,#1600,#1601,#1602,#1603,#1604,#1605,#1606,
#1607,#1608,#1609,#1610,#1611,#1612,#1613));
#237=EDGE_LOOP('',(#1614,#1615,#1616,#1617));
#238=EDGE_LOOP('',(#1618,#1619,#1620,#1621,#1622,#1623,#1624,#1625,#1626,
#1627,#1628,#1629,#1630,#1631,#1632,#1633));
#239=EDGE_LOOP('',(#1634,#1635,#1636,#1637,#1638,#1639,#1640,#1641));
#240=EDGE_LOOP('',(#1642,#1643,#1644,#1645));
#241=EDGE_LOOP('',(#1646,#1647));
#242=EDGE_LOOP('',(#1648,#1649,#1650,#1651,#1652,#1653));
#243=EDGE_LOOP('',(#1654,#1655,#1656,#1657));
#244=EDGE_LOOP('',(#1658,#1659,#1660,#1661));
#245=EDGE_LOOP('',(#1662,#1663,#1664,#1665));
#246=EDGE_LOOP('',(#1666,#1667,#1668,#1669));
#247=EDGE_LOOP('',(#1670,#1671,#1672,#1673));
#248=EDGE_LOOP('',(#1674,#1675,#1676,#1677));
#249=EDGE_LOOP('',(#1678,#1679,#1680,#1681));
#250=EDGE_LOOP('',(#1682,#1683,#1684,#1685));
#251=EDGE_LOOP('',(#1686,#1687,#1688,#1689));
#252=EDGE_LOOP('',(#1690,#1691,#1692,#1693));
#253=EDGE_LOOP('',(#1694,#1695,#1696,#1697));
#254=EDGE_LOOP('',(#1698,#1699,#1700,#1701));
#255=EDGE_LOOP('',(#1702,#1703,#1704,#1705));
#256=EDGE_LOOP('',(#1706,#1707,#1708,#1709));
#257=EDGE_LOOP('',(#1710,#1711,#1712,#1713));
#258=EDGE_LOOP('',(#1714,#1715,#1716,#1717));
#259=EDGE_LOOP('',(#1718,#1719,#1720,#1721));
#260=EDGE_LOOP('',(#1722,#1723,#1724,#1725));
#261=EDGE_LOOP('',(#1726,#1727,#1728,#1729));
#262=EDGE_LOOP('',(#1730,#1731,#1732,#1733));
#263=EDGE_LOOP('',(#1734,#1735,#1736,#1737));
#264=EDGE_LOOP('',(#1738,#1739,#1740,#1741));
#265=EDGE_LOOP('',(#1742,#1743,#1744,#1745));
#266=EDGE_LOOP('',(#1746,#1747,#1748,#1749));
#267=EDGE_LOOP('',(#1750,#1751,#1752,#1753));
#268=EDGE_LOOP('',(#1754,#1755,#1756,#1757));
#269=EDGE_LOOP('',(#1758,#1759,#1760,#1761));
#270=EDGE_LOOP('',(#1762,#1763,#1764,#1765));
#271=EDGE_LOOP('',(#1766,#1767,#1768,#1769));
#272=EDGE_LOOP('',(#1770,#1771,#1772,#1773));
#273=EDGE_LOOP('',(#1774,#1775,#1776,#1777));
#274=EDGE_LOOP('',(#1778,#1779,#1780,#1781));
#275=EDGE_LOOP('',(#1782,#1783,#1784,#1785));
#276=EDGE_LOOP('',(#1786,#1787,#1788,#1789));
#277=EDGE_LOOP('',(#1790,#1791,#1792,#1793));
#278=EDGE_LOOP('',(#1794,#1795,#1796,#1797));
#279=EDGE_LOOP('',(#1798,#1799,#1800,#1801));
#280=EDGE_LOOP('',(#1802,#1803,#1804,#1805));
#281=EDGE_LOOP('',(#1806,#1807,#1808,#1809));
#282=EDGE_LOOP('',(#1810,#1811,#1812,#1813));
#283=EDGE_LOOP('',(#1814,#1815,#1816,#1817));
#284=EDGE_LOOP('',(#1818,#1819,#1820,#1821));
#285=EDGE_LOOP('',(#1822,#1823,#1824,#1825));
#286=EDGE_LOOP('',(#1826,#1827,#1828,#1829));
#287=EDGE_LOOP('',(#1830,#1831,#1832,#1833));
#288=EDGE_LOOP('',(#1834,#1835,#1836,#1837));
#289=EDGE_LOOP('',(#1838,#1839,#1840,#1841));
#290=EDGE_LOOP('',(#1842,#1843,#1844,#1845));
#291=EDGE_LOOP('',(#1846,#1847,#1848,#1849));
#292=EDGE_LOOP('',(#1850,#1851,#1852,#1853));
#293=EDGE_LOOP('',(#1854,#1855,#1856,#1857));
#294=EDGE_LOOP('',(#1858,#1859,#1860,#1861));
#295=EDGE_LOOP('',(#1862,#1863,#1864,#1865));
#296=EDGE_LOOP('',(#1866,#1867,#1868,#1869));
#297=EDGE_LOOP('',(#1870,#1871,#1872,#1873));
#298=EDGE_LOOP('',(#1874,#1875,#1876,#1877));
#299=EDGE_LOOP('',(#1878,#1879,#1880,#1881));
#300=EDGE_LOOP('',(#1882,#1883,#1884,#1885));
#301=EDGE_LOOP('',(#1886,#1887,#1888,#1889));
#302=EDGE_LOOP('',(#1890,#1891,#1892,#1893));
#303=EDGE_LOOP('',(#1894,#1895,#1896,#1897));
#304=EDGE_LOOP('',(#1898,#1899,#1900,#1901));
#305=EDGE_LOOP('',(#1902,#1903,#1904,#1905));
#306=EDGE_LOOP('',(#1906,#1907,#1908,#1909));
#307=EDGE_LOOP('',(#1910,#1911,#1912,#1913));
#308=EDGE_LOOP('',(#1914,#1915,#1916,#1917,#1918,#1919,#1920,#1921,#1922,
#1923,#1924,#1925,#1926,#1927,#1928,#1929));
#309=EDGE_LOOP('',(#1930,#1931,#1932,#1933));
#310=EDGE_LOOP('',(#1934,#1935,#1936,#1937));
#311=EDGE_LOOP('',(#1938,#1939,#1940,#1941));
#312=EDGE_LOOP('',(#1942,#1943,#1944,#1945));
#313=EDGE_LOOP('',(#1946,#1947,#1948,#1949));
#314=EDGE_LOOP('',(#1950,#1951,#1952,#1953));
#315=EDGE_LOOP('',(#1954,#1955,#1956,#1957));
#316=EDGE_LOOP('',(#1958,#1959,#1960,#1961));
#317=EDGE_LOOP('',(#1962,#1963,#1964,#1965));
#318=EDGE_LOOP('',(#1966,#1967,#1968,#1969));
#319=EDGE_LOOP('',(#1970,#1971,#1972,#1973));
#320=EDGE_LOOP('',(#1974,#1975,#1976,#1977));
#321=EDGE_LOOP('',(#1978,#1979,#1980,#1981));
#322=EDGE_LOOP('',(#1982,#1983,#1984,#1985));
#323=EDGE_LOOP('',(#1986,#1987,#1988,#1989));
#324=EDGE_LOOP('',(#1990,#1991,#1992,#1993));
#325=EDGE_LOOP('',(#1994,#1995,#1996,#1997,#1998,#1999,#2000,#2001,#2002,
#2003,#2004,#2005,#2006,#2007,#2008,#2009));
#326=EDGE_LOOP('',(#2010,#2011,#2012,#2013));
#327=EDGE_LOOP('',(#2014,#2015,#2016,#2017));
#328=EDGE_LOOP('',(#2018,#2019,#2020,#2021));
#329=EDGE_LOOP('',(#2022,#2023,#2024,#2025));
#330=EDGE_LOOP('',(#2026,#2027,#2028,#2029));
#331=EDGE_LOOP('',(#2030,#2031,#2032,#2033));
#332=EDGE_LOOP('',(#2034,#2035,#2036,#2037));
#333=EDGE_LOOP('',(#2038,#2039,#2040,#2041));
#334=EDGE_LOOP('',(#2042,#2043,#2044,#2045));
#335=EDGE_LOOP('',(#2046,#2047,#2048,#2049));
#336=EDGE_LOOP('',(#2050,#2051,#2052,#2053));
#337=EDGE_LOOP('',(#2054,#2055,#2056,#2057));
#338=EDGE_LOOP('',(#2058,#2059,#2060,#2061));
#339=EDGE_LOOP('',(#2062,#2063,#2064,#2065));
#340=EDGE_LOOP('',(#2066,#2067,#2068,#2069));
#341=EDGE_LOOP('',(#2070,#2071,#2072,#2073));
#342=EDGE_LOOP('',(#2074,#2075,#2076,#2077));
#343=EDGE_LOOP('',(#2078,#2079,#2080,#2081));
#344=EDGE_LOOP('',(#2082,#2083,#2084,#2085));
#345=EDGE_LOOP('',(#2086,#2087,#2088,#2089));
#346=EDGE_LOOP('',(#2090,#2091,#2092,#2093));
#347=EDGE_LOOP('',(#2094,#2095,#2096,#2097));
#348=EDGE_LOOP('',(#2098,#2099,#2100,#2101));
#349=EDGE_LOOP('',(#2102,#2103,#2104,#2105));
#350=EDGE_LOOP('',(#2106,#2107,#2108,#2109,#2110,#2111,#2112,#2113,#2114,
#2115,#2116,#2117));
#351=EDGE_LOOP('',(#2118,#2119,#2120,#2121,#2122,#2123));
#352=EDGE_LOOP('',(#2124,#2125,#2126,#2127,#2128,#2129,#2130,#2131,#2132,
#2133,#2134));
#353=EDGE_LOOP('',(#2135,#2136,#2137,#2138));
#354=EDGE_LOOP('',(#2139,#2140,#2141,#2142));
#355=EDGE_LOOP('',(#2143,#2144,#2145,#2146));
#356=EDGE_LOOP('',(#2147,#2148,#2149,#2150));
#357=EDGE_LOOP('',(#2151,#2152,#2153,#2154,#2155,#2156,#2157,#2158,#2159,
#2160));
#358=EDGE_LOOP('',(#2161,#2162,#2163,#2164,#2165,#2166,#2167,#2168,#2169,
#2170,#2171,#2172));
#359=EDGE_LOOP('',(#2173,#2174,#2175,#2176));
#360=EDGE_LOOP('',(#2177,#2178,#2179,#2180,#2181));
#361=EDGE_LOOP('',(#2182,#2183,#2184,#2185,#2186));
#362=EDGE_LOOP('',(#2187,#2188,#2189,#2190,#2191));
#363=EDGE_LOOP('',(#2192,#2193,#2194,#2195));
#364=EDGE_LOOP('',(#2196,#2197,#2198,#2199));
#365=EDGE_LOOP('',(#2200,#2201,#2202,#2203));
#366=EDGE_LOOP('',(#2204,#2205,#2206,#2207));
#367=EDGE_LOOP('',(#2208,#2209,#2210,#2211));
#368=EDGE_LOOP('',(#2212,#2213,#2214,#2215));
#369=EDGE_LOOP('',(#2216,#2217,#2218,#2219));
#370=EDGE_LOOP('',(#2220,#2221,#2222,#2223,#2224,#2225));
#371=EDGE_LOOP('',(#2226,#2227,#2228,#2229));
#372=EDGE_LOOP('',(#2230,#2231,#2232,#2233));
#373=CIRCLE('',#2493,4.);
#374=CIRCLE('',#2494,2.);
#375=CIRCLE('',#2498,6.);
#376=CIRCLE('',#2501,2.);
#377=CIRCLE('',#2502,4.);
#378=CIRCLE('',#2505,4.);
#379=CIRCLE('',#2506,4.);
#380=CIRCLE('',#2509,5.25);
#381=CIRCLE('',#2511,5.25);
#382=CIRCLE('',#2652,6.);
#383=CIRCLE('',#2653,6.);
#384=CIRCLE('',#2660,6.);
#385=CIRCLE('',#2663,6.);
#386=LINE('',#3357,#687);
#387=LINE('',#3359,#688);
#388=LINE('',#3361,#689);
#389=LINE('',#3363,#690);
#390=LINE('',#3367,#691);
#391=LINE('',#3370,#692);
#392=LINE('',#3373,#693);
#393=LINE('',#3375,#694);
#394=LINE('',#3376,#695);
#395=LINE('',#3379,#696);
#396=LINE('',#3380,#697);
#397=LINE('',#3383,#698);
#398=LINE('',#3385,#699);
#399=LINE('',#3389,#700);
#400=LINE('',#3391,#701);
#401=LINE('',#3393,#702);
#402=LINE('',#3395,#703);
#403=LINE('',#3397,#704);
#404=LINE('',#3399,#705);
#405=LINE('',#3401,#706);
#406=LINE('',#3403,#707);
#407=LINE('',#3405,#708);
#408=LINE('',#3407,#709);
#409=LINE('',#3408,#710);
#410=LINE('',#3411,#711);
#411=LINE('',#3412,#712);
#412=LINE('',#3413,#713);
#413=LINE('',#3417,#714);
#414=LINE('',#3421,#715);
#415=LINE('',#3424,#716);
#416=LINE('',#3426,#717);
#417=LINE('',#3428,#718);
#418=LINE('',#3430,#719);
#419=LINE('',#3432,#720);
#420=LINE('',#3434,#721);
#421=LINE('',#3436,#722);
#422=LINE('',#3438,#723);
#423=LINE('',#3440,#724);
#424=LINE('',#3442,#725);
#425=LINE('',#3443,#726);
#426=LINE('',#3446,#727);
#427=LINE('',#3448,#728);
#428=LINE('',#3450,#729);
#429=LINE('',#3452,#730);
#430=LINE('',#3454,#731);
#431=LINE('',#3456,#732);
#432=LINE('',#3458,#733);
#433=LINE('',#3460,#734);
#434=LINE('',#3462,#735);
#435=LINE('',#3464,#736);
#436=LINE('',#3466,#737);
#437=LINE('',#3468,#738);
#438=LINE('',#3470,#739);
#439=LINE('',#3472,#740);
#440=LINE('',#3474,#741);
#441=LINE('',#3475,#742);
#442=LINE('',#3478,#743);
#443=LINE('',#3480,#744);
#444=LINE('',#3482,#745);
#445=LINE('',#3483,#746);
#446=LINE('',#3486,#747);
#447=LINE('',#3488,#748);
#448=LINE('',#3490,#749);
#449=LINE('',#3492,#750);
#450=LINE('',#3494,#751);
#451=LINE('',#3496,#752);
#452=LINE('',#3498,#753);
#453=LINE('',#3500,#754);
#454=LINE('',#3502,#755);
#455=LINE('',#3504,#756);
#456=LINE('',#3506,#757);
#457=LINE('',#3508,#758);
#458=LINE('',#3510,#759);
#459=LINE('',#3512,#760);
#460=LINE('',#3514,#761);
#461=LINE('',#3515,#762);
#462=LINE('',#3517,#763);
#463=LINE('',#3521,#764);
#464=LINE('',#3524,#765);
#465=LINE('',#3528,#766);
#466=LINE('',#3530,#767);
#467=LINE('',#3535,#768);
#468=LINE('',#3541,#769);
#469=LINE('',#3546,#770);
#470=LINE('',#3550,#771);
#471=LINE('',#3554,#772);
#472=LINE('',#3558,#773);
#473=LINE('',#3562,#774);
#474=LINE('',#3566,#775);
#475=LINE('',#3570,#776);
#476=LINE('',#3574,#777);
#477=LINE('',#3578,#778);
#478=LINE('',#3582,#779);
#479=LINE('',#3585,#780);
#480=LINE('',#3588,#781);
#481=LINE('',#3592,#782);
#482=LINE('',#3595,#783);
#483=LINE('',#3598,#784);
#484=LINE('',#3600,#785);
#485=LINE('',#3601,#786);
#486=LINE('',#3604,#787);
#487=LINE('',#3605,#788);
#488=LINE('',#3608,#789);
#489=LINE('',#3609,#790);
#490=LINE('',#3612,#791);
#491=LINE('',#3613,#792);
#492=LINE('',#3616,#793);
#493=LINE('',#3617,#794);
#494=LINE('',#3620,#795);
#495=LINE('',#3621,#796);
#496=LINE('',#3624,#797);
#497=LINE('',#3625,#798);
#498=LINE('',#3628,#799);
#499=LINE('',#3629,#800);
#500=LINE('',#3633,#801);
#501=LINE('',#3638,#802);
#502=LINE('',#3642,#803);
#503=LINE('',#3647,#804);
#504=LINE('',#3652,#805);
#505=LINE('',#3656,#806);
#506=LINE('',#3660,#807);
#507=LINE('',#3664,#808);
#508=LINE('',#3668,#809);
#509=LINE('',#3672,#810);
#510=LINE('',#3675,#811);
#511=LINE('',#3678,#812);
#512=LINE('',#3682,#813);
#513=LINE('',#3686,#814);
#514=LINE('',#3690,#815);
#515=LINE('',#3693,#816);
#516=LINE('',#3696,#817);
#517=LINE('',#3698,#818);
#518=LINE('',#3699,#819);
#519=LINE('',#3702,#820);
#520=LINE('',#3703,#821);
#521=LINE('',#3706,#822);
#522=LINE('',#3707,#823);
#523=LINE('',#3710,#824);
#524=LINE('',#3711,#825);
#525=LINE('',#3714,#826);
#526=LINE('',#3715,#827);
#527=LINE('',#3718,#828);
#528=LINE('',#3719,#829);
#529=LINE('',#3722,#830);
#530=LINE('',#3723,#831);
#531=LINE('',#3726,#832);
#532=LINE('',#3727,#833);
#533=LINE('',#3731,#834);
#534=LINE('',#3732,#835);
#535=LINE('',#3733,#836);
#536=LINE('',#3736,#837);
#537=LINE('',#3738,#838);
#538=LINE('',#3739,#839);
#539=LINE('',#3742,#840);
#540=LINE('',#3744,#841);
#541=LINE('',#3745,#842);
#542=LINE('',#3748,#843);
#543=LINE('',#3750,#844);
#544=LINE('',#3751,#845);
#545=LINE('',#3754,#846);
#546=LINE('',#3756,#847);
#547=LINE('',#3757,#848);
#548=LINE('',#3760,#849);
#549=LINE('',#3762,#850);
#550=LINE('',#3763,#851);
#551=LINE('',#3766,#852);
#552=LINE('',#3768,#853);
#553=LINE('',#3769,#854);
#554=LINE('',#3772,#855);
#555=LINE('',#3774,#856);
#556=LINE('',#3775,#857);
#557=LINE('',#3778,#858);
#558=LINE('',#3779,#859);
#559=LINE('',#3780,#860);
#560=LINE('',#3783,#861);
#561=LINE('',#3784,#862);
#562=LINE('',#3787,#863);
#563=LINE('',#3788,#864);
#564=LINE('',#3791,#865);
#565=LINE('',#3792,#866);
#566=LINE('',#3795,#867);
#567=LINE('',#3796,#868);
#568=LINE('',#3799,#869);
#569=LINE('',#3800,#870);
#570=LINE('',#3803,#871);
#571=LINE('',#3804,#872);
#572=LINE('',#3806,#873);
#573=LINE('',#3811,#874);
#574=LINE('',#3812,#875);
#575=LINE('',#3813,#876);
#576=LINE('',#3816,#877);
#577=LINE('',#3818,#878);
#578=LINE('',#3819,#879);
#579=LINE('',#3822,#880);
#580=LINE('',#3824,#881);
#581=LINE('',#3825,#882);
#582=LINE('',#3828,#883);
#583=LINE('',#3830,#884);
#584=LINE('',#3831,#885);
#585=LINE('',#3834,#886);
#586=LINE('',#3836,#887);
#587=LINE('',#3837,#888);
#588=LINE('',#3840,#889);
#589=LINE('',#3842,#890);
#590=LINE('',#3843,#891);
#591=LINE('',#3846,#892);
#592=LINE('',#3848,#893);
#593=LINE('',#3849,#894);
#594=LINE('',#3852,#895);
#595=LINE('',#3854,#896);
#596=LINE('',#3855,#897);
#597=LINE('',#3858,#898);
#598=LINE('',#3859,#899);
#599=LINE('',#3860,#900);
#600=LINE('',#3863,#901);
#601=LINE('',#3864,#902);
#602=LINE('',#3867,#903);
#603=LINE('',#3868,#904);
#604=LINE('',#3871,#905);
#605=LINE('',#3872,#906);
#606=LINE('',#3875,#907);
#607=LINE('',#3876,#908);
#608=LINE('',#3879,#909);
#609=LINE('',#3880,#910);
#610=LINE('',#3883,#911);
#611=LINE('',#3884,#912);
#612=LINE('',#3886,#913);
#613=LINE('',#3889,#914);
#614=LINE('',#3891,#915);
#615=LINE('',#3893,#916);
#616=LINE('',#3895,#917);
#617=LINE('',#3897,#918);
#618=LINE('',#3899,#919);
#619=LINE('',#3901,#920);
#620=LINE('',#3904,#921);
#621=LINE('',#3906,#922);
#622=LINE('',#3908,#923);
#623=LINE('',#3910,#924);
#624=LINE('',#3912,#925);
#625=LINE('',#3914,#926);
#626=LINE('',#3916,#927);
#627=LINE('',#3921,#928);
#628=LINE('',#3923,#929);
#629=LINE('',#3925,#930);
#630=LINE('',#3926,#931);
#631=LINE('',#3930,#932);
#632=LINE('',#3932,#933);
#633=LINE('',#3934,#934);
#634=LINE('',#3935,#935);
#635=LINE('',#3937,#936);
#636=LINE('',#3938,#937);
#637=LINE('',#3942,#938);
#638=LINE('',#3944,#939);
#639=LINE('',#3946,#940);
#640=LINE('',#3947,#941);
#641=LINE('',#3949,#942);
#642=LINE('',#3950,#943);
#643=LINE('',#3954,#944);
#644=LINE('',#3956,#945);
#645=LINE('',#3958,#946);
#646=LINE('',#3959,#947);
#647=LINE('',#3961,#948);
#648=LINE('',#3962,#949);
#649=LINE('',#3965,#950);
#650=LINE('',#3967,#951);
#651=LINE('',#3968,#952);
#652=LINE('',#3971,#953);
#653=LINE('',#3975,#954);
#654=LINE('',#3978,#955);
#655=LINE('',#3980,#956);
#656=LINE('',#3981,#957);
#657=LINE('',#3985,#958);
#658=LINE('',#3986,#959);
#659=LINE('',#3988,#960);
#660=LINE('',#3990,#961);
#661=LINE('',#3991,#962);
#662=LINE('',#3993,#963);
#663=LINE('',#3995,#964);
#664=LINE('',#3997,#965);
#665=LINE('',#3998,#966);
#666=LINE('',#4001,#967);
#667=LINE('',#4002,#968);
#668=LINE('',#4005,#969);
#669=LINE('',#4006,#970);
#670=LINE('',#4008,#971);
#671=LINE('',#4010,#972);
#672=LINE('',#4015,#973);
#673=LINE('',#4017,#974);
#674=LINE('',#4019,#975);
#675=LINE('',#4020,#976);
#676=LINE('',#4021,#977);
#677=LINE('',#4025,#978);
#678=LINE('',#4027,#979);
#679=LINE('',#4029,#980);
#680=LINE('',#4032,#981);
#681=LINE('',#4034,#982);
#682=LINE('',#4036,#983);
#683=LINE('',#4038,#984);
#684=LINE('',#4042,#985);
#685=LINE('',#4044,#986);
#686=LINE('',#4046,#987);
#687=VECTOR('',#2682,10.);
#688=VECTOR('',#2683,10.);
#689=VECTOR('',#2684,10.);
#690=VECTOR('',#2685,10.);
#691=VECTOR('',#2688,10.);
#692=VECTOR('',#2691,10.);
#693=VECTOR('',#2694,10.);
#694=VECTOR('',#2695,10.);
#695=VECTOR('',#2696,10.);
#696=VECTOR('',#2699,10.);
#697=VECTOR('',#2700,10.);
#698=VECTOR('',#2703,10.);
#699=VECTOR('',#2704,10.);
#700=VECTOR('',#2707,10.);
#701=VECTOR('',#2708,10.);
#702=VECTOR('',#2709,10.);
#703=VECTOR('',#2710,10.);
#704=VECTOR('',#2711,10.);
#705=VECTOR('',#2712,10.);
#706=VECTOR('',#2713,10.);
#707=VECTOR('',#2714,10.);
#708=VECTOR('',#2715,10.);
#709=VECTOR('',#2716,10.);
#710=VECTOR('',#2717,10.);
#711=VECTOR('',#2720,10.);
#712=VECTOR('',#2721,10.);
#713=VECTOR('',#2722,10.);
#714=VECTOR('',#2725,10.);
#715=VECTOR('',#2728,10.);
#716=VECTOR('',#2733,10.);
#717=VECTOR('',#2734,10.);
#718=VECTOR('',#2735,10.);
#719=VECTOR('',#2736,10.);
#720=VECTOR('',#2737,10.);
#721=VECTOR('',#2738,10.);
#722=VECTOR('',#2739,10.);
#723=VECTOR('',#2740,10.);
#724=VECTOR('',#2741,10.);
#725=VECTOR('',#2742,10.);
#726=VECTOR('',#2743,10.);
#727=VECTOR('',#2744,10.);
#728=VECTOR('',#2745,10.);
#729=VECTOR('',#2746,10.);
#730=VECTOR('',#2747,10.);
#731=VECTOR('',#2748,10.);
#732=VECTOR('',#2749,10.);
#733=VECTOR('',#2750,10.);
#734=VECTOR('',#2751,10.);
#735=VECTOR('',#2752,10.);
#736=VECTOR('',#2753,10.);
#737=VECTOR('',#2754,10.);
#738=VECTOR('',#2755,10.);
#739=VECTOR('',#2756,10.);
#740=VECTOR('',#2757,10.);
#741=VECTOR('',#2758,10.);
#742=VECTOR('',#2759,10.);
#743=VECTOR('',#2760,10.);
#744=VECTOR('',#2761,10.);
#745=VECTOR('',#2762,10.);
#746=VECTOR('',#2763,10.);
#747=VECTOR('',#2764,10.);
#748=VECTOR('',#2765,10.);
#749=VECTOR('',#2766,10.);
#750=VECTOR('',#2767,10.);
#751=VECTOR('',#2768,10.);
#752=VECTOR('',#2769,10.);
#753=VECTOR('',#2770,10.);
#754=VECTOR('',#2771,10.);
#755=VECTOR('',#2772,10.);
#756=VECTOR('',#2773,10.);
#757=VECTOR('',#2774,10.);
#758=VECTOR('',#2775,10.);
#759=VECTOR('',#2776,10.);
#760=VECTOR('',#2777,10.);
#761=VECTOR('',#2778,10.);
#762=VECTOR('',#2779,10.);
#763=VECTOR('',#2782,10.);
#764=VECTOR('',#2785,10.);
#765=VECTOR('',#2790,10.);
#766=VECTOR('',#2797,10.);
#767=VECTOR('',#2800,10.);
#768=VECTOR('',#2805,10.);
#769=VECTOR('',#2812,10.);
#770=VECTOR('',#2819,10.);
#771=VECTOR('',#2824,10.);
#772=VECTOR('',#2829,10.);
#773=VECTOR('',#2834,10.);
#774=VECTOR('',#2839,10.);
#775=VECTOR('',#2844,10.);
#776=VECTOR('',#2849,10.);
#777=VECTOR('',#2854,10.);
#778=VECTOR('',#2859,10.);
#779=VECTOR('',#2864,10.);
#780=VECTOR('',#2869,10.);
#781=VECTOR('',#2872,10.);
#782=VECTOR('',#2877,10.);
#783=VECTOR('',#2882,10.);
#784=VECTOR('',#2885,10.);
#785=VECTOR('',#2886,10.);
#786=VECTOR('',#2887,10.);
#787=VECTOR('',#2890,10.);
#788=VECTOR('',#2891,10.);
#789=VECTOR('',#2894,10.);
#790=VECTOR('',#2895,10.);
#791=VECTOR('',#2898,10.);
#792=VECTOR('',#2899,10.);
#793=VECTOR('',#2902,10.);
#794=VECTOR('',#2903,10.);
#795=VECTOR('',#2906,10.);
#796=VECTOR('',#2907,10.);
#797=VECTOR('',#2910,10.);
#798=VECTOR('',#2911,10.);
#799=VECTOR('',#2914,10.);
#800=VECTOR('',#2915,10.);
#801=VECTOR('',#2918,10.);
#802=VECTOR('',#2925,10.);
#803=VECTOR('',#2930,10.);
#804=VECTOR('',#2935,10.);
#805=VECTOR('',#2942,10.);
#806=VECTOR('',#2947,10.);
#807=VECTOR('',#2952,10.);
#808=VECTOR('',#2957,10.);
#809=VECTOR('',#2962,10.);
#810=VECTOR('',#2967,10.);
#811=VECTOR('',#2972,10.);
#812=VECTOR('',#2975,10.);
#813=VECTOR('',#2980,10.);
#814=VECTOR('',#2985,10.);
#815=VECTOR('',#2990,10.);
#816=VECTOR('',#2995,10.);
#817=VECTOR('',#2998,10.);
#818=VECTOR('',#2999,10.);
#819=VECTOR('',#3000,10.);
#820=VECTOR('',#3003,10.);
#821=VECTOR('',#3004,10.);
#822=VECTOR('',#3007,10.);
#823=VECTOR('',#3008,10.);
#824=VECTOR('',#3011,10.);
#825=VECTOR('',#3012,10.);
#826=VECTOR('',#3015,10.);
#827=VECTOR('',#3016,10.);
#828=VECTOR('',#3019,10.);
#829=VECTOR('',#3020,10.);
#830=VECTOR('',#3023,10.);
#831=VECTOR('',#3024,10.);
#832=VECTOR('',#3027,10.);
#833=VECTOR('',#3028,10.);
#834=VECTOR('',#3031,10.);
#835=VECTOR('',#3032,10.);
#836=VECTOR('',#3033,10.);
#837=VECTOR('',#3036,10.);
#838=VECTOR('',#3037,10.);
#839=VECTOR('',#3038,10.);
#840=VECTOR('',#3041,10.);
#841=VECTOR('',#3042,10.);
#842=VECTOR('',#3043,10.);
#843=VECTOR('',#3046,10.);
#844=VECTOR('',#3047,10.);
#845=VECTOR('',#3048,10.);
#846=VECTOR('',#3051,10.);
#847=VECTOR('',#3052,10.);
#848=VECTOR('',#3053,10.);
#849=VECTOR('',#3056,10.);
#850=VECTOR('',#3057,10.);
#851=VECTOR('',#3058,10.);
#852=VECTOR('',#3061,10.);
#853=VECTOR('',#3062,10.);
#854=VECTOR('',#3063,10.);
#855=VECTOR('',#3066,10.);
#856=VECTOR('',#3067,10.);
#857=VECTOR('',#3068,10.);
#858=VECTOR('',#3071,10.);
#859=VECTOR('',#3072,10.);
#860=VECTOR('',#3073,10.);
#861=VECTOR('',#3076,10.);
#862=VECTOR('',#3077,10.);
#863=VECTOR('',#3080,10.);
#864=VECTOR('',#3081,10.);
#865=VECTOR('',#3084,10.);
#866=VECTOR('',#3085,10.);
#867=VECTOR('',#3088,10.);
#868=VECTOR('',#3089,10.);
#869=VECTOR('',#3092,10.);
#870=VECTOR('',#3093,10.);
#871=VECTOR('',#3096,10.);
#872=VECTOR('',#3097,10.);
#873=VECTOR('',#3100,10.);
#874=VECTOR('',#3105,10.);
#875=VECTOR('',#3106,10.);
#876=VECTOR('',#3107,10.);
#877=VECTOR('',#3110,10.);
#878=VECTOR('',#3111,10.);
#879=VECTOR('',#3112,10.);
#880=VECTOR('',#3115,10.);
#881=VECTOR('',#3116,10.);
#882=VECTOR('',#3117,10.);
#883=VECTOR('',#3120,10.);
#884=VECTOR('',#3121,10.);
#885=VECTOR('',#3122,10.);
#886=VECTOR('',#3125,10.);
#887=VECTOR('',#3126,10.);
#888=VECTOR('',#3127,10.);
#889=VECTOR('',#3130,10.);
#890=VECTOR('',#3131,10.);
#891=VECTOR('',#3132,10.);
#892=VECTOR('',#3135,10.);
#893=VECTOR('',#3136,10.);
#894=VECTOR('',#3137,10.);
#895=VECTOR('',#3140,10.);
#896=VECTOR('',#3141,10.);
#897=VECTOR('',#3142,10.);
#898=VECTOR('',#3145,10.);
#899=VECTOR('',#3146,10.);
#900=VECTOR('',#3147,10.);
#901=VECTOR('',#3150,10.);
#902=VECTOR('',#3151,10.);
#903=VECTOR('',#3154,10.);
#904=VECTOR('',#3155,10.);
#905=VECTOR('',#3158,10.);
#906=VECTOR('',#3159,10.);
#907=VECTOR('',#3162,10.);
#908=VECTOR('',#3163,10.);
#909=VECTOR('',#3166,10.);
#910=VECTOR('',#3167,10.);
#911=VECTOR('',#3170,10.);
#912=VECTOR('',#3171,10.);
#913=VECTOR('',#3174,10.);
#914=VECTOR('',#3179,10.);
#915=VECTOR('',#3182,10.);
#916=VECTOR('',#3185,10.);
#917=VECTOR('',#3188,10.);
#918=VECTOR('',#3191,10.);
#919=VECTOR('',#3194,10.);
#920=VECTOR('',#3197,10.);
#921=VECTOR('',#3202,10.);
#922=VECTOR('',#3205,10.);
#923=VECTOR('',#3208,10.);
#924=VECTOR('',#3211,10.);
#925=VECTOR('',#3214,10.);
#926=VECTOR('',#3217,10.);
#927=VECTOR('',#3220,10.);
#928=VECTOR('',#3225,10.);
#929=VECTOR('',#3226,10.);
#930=VECTOR('',#3227,10.);
#931=VECTOR('',#3228,10.);
#932=VECTOR('',#3231,10.);
#933=VECTOR('',#3232,10.);
#934=VECTOR('',#3233,10.);
#935=VECTOR('',#3234,10.);
#936=VECTOR('',#3237,10.);
#937=VECTOR('',#3238,10.);
#938=VECTOR('',#3241,10.);
#939=VECTOR('',#3242,10.);
#940=VECTOR('',#3243,10.);
#941=VECTOR('',#3244,10.);
#942=VECTOR('',#3247,10.);
#943=VECTOR('',#3248,10.);
#944=VECTOR('',#3251,10.);
#945=VECTOR('',#3252,10.);
#946=VECTOR('',#3253,10.);
#947=VECTOR('',#3254,10.);
#948=VECTOR('',#3257,10.);
#949=VECTOR('',#3258,10.);
#950=VECTOR('',#3261,10.);
#951=VECTOR('',#3262,10.);
#952=VECTOR('',#3263,10.);
#953=VECTOR('',#3266,10.);
#954=VECTOR('',#3269,10.);
#955=VECTOR('',#3274,10.);
#956=VECTOR('',#3275,10.);
#957=VECTOR('',#3276,10.);
#958=VECTOR('',#3279,10.);
#959=VECTOR('',#3280,10.);
#960=VECTOR('',#3281,10.);
#961=VECTOR('',#3282,10.);
#962=VECTOR('',#3283,10.);
#963=VECTOR('',#3284,10.);
#964=VECTOR('',#3285,10.);
#965=VECTOR('',#3286,10.);
#966=VECTOR('',#3287,10.);
#967=VECTOR('',#3290,10.);
#968=VECTOR('',#3291,10.);
#969=VECTOR('',#3294,10.);
#970=VECTOR('',#3295,10.);
#971=VECTOR('',#3298,10.);
#972=VECTOR('',#3301,10.);
#973=VECTOR('',#3306,10.);
#974=VECTOR('',#3307,10.);
#975=VECTOR('',#3308,10.);
#976=VECTOR('',#3309,10.);
#977=VECTOR('',#3310,10.);
#978=VECTOR('',#3315,10.);
#979=VECTOR('',#3318,10.);
#980=VECTOR('',#3321,10.);
#981=VECTOR('',#3326,10.);
#982=VECTOR('',#3329,10.);
#983=VECTOR('',#3332,10.);
#984=VECTOR('',#3335,10.);
#985=VECTOR('',#3342,10.);
#986=VECTOR('',#3345,10.);
#987=VECTOR('',#3348,10.);
#988=VERTEX_POINT('',#3355);
#989=VERTEX_POINT('',#3356);
#990=VERTEX_POINT('',#3358);
#991=VERTEX_POINT('',#3360);
#992=VERTEX_POINT('',#3362);
#993=VERTEX_POINT('',#3364);
#994=VERTEX_POINT('',#3366);
#995=VERTEX_POINT('',#3368);
#996=VERTEX_POINT('',#3372);
#997=VERTEX_POINT('',#3374);
#998=VERTEX_POINT('',#3378);
#999=VERTEX_POINT('',#3382);
#1000=VERTEX_POINT('',#3384);
#1001=VERTEX_POINT('',#3386);
#1002=VERTEX_POINT('',#3388);
#1003=VERTEX_POINT('',#3390);
#1004=VERTEX_POINT('',#3392);
#1005=VERTEX_POINT('',#3394);
#1006=VERTEX_POINT('',#3396);
#1007=VERTEX_POINT('',#3398);
#1008=VERTEX_POINT('',#3400);
#1009=VERTEX_POINT('',#3402);
#1010=VERTEX_POINT('',#3404);
#1011=VERTEX_POINT('',#3406);
#1012=VERTEX_POINT('',#3410);
#1013=VERTEX_POINT('',#3415);
#1014=VERTEX_POINT('',#3416);
#1015=VERTEX_POINT('',#3418);
#1016=VERTEX_POINT('',#3420);
#1017=VERTEX_POINT('',#3425);
#1018=VERTEX_POINT('',#3427);
#1019=VERTEX_POINT('',#3429);
#1020=VERTEX_POINT('',#3431);
#1021=VERTEX_POINT('',#3433);
#1022=VERTEX_POINT('',#3435);
#1023=VERTEX_POINT('',#3437);
#1024=VERTEX_POINT('',#3439);
#1025=VERTEX_POINT('',#3441);
#1026=VERTEX_POINT('',#3444);
#1027=VERTEX_POINT('',#3445);
#1028=VERTEX_POINT('',#3447);
#1029=VERTEX_POINT('',#3449);
#1030=VERTEX_POINT('',#3451);
#1031=VERTEX_POINT('',#3453);
#1032=VERTEX_POINT('',#3455);
#1033=VERTEX_POINT('',#3457);
#1034=VERTEX_POINT('',#3459);
#1035=VERTEX_POINT('',#3461);
#1036=VERTEX_POINT('',#3463);
#1037=VERTEX_POINT('',#3465);
#1038=VERTEX_POINT('',#3467);
#1039=VERTEX_POINT('',#3469);
#1040=VERTEX_POINT('',#3471);
#1041=VERTEX_POINT('',#3473);
#1042=VERTEX_POINT('',#3476);
#1043=VERTEX_POINT('',#3477);
#1044=VERTEX_POINT('',#3479);
#1045=VERTEX_POINT('',#3481);
#1046=VERTEX_POINT('',#3484);
#1047=VERTEX_POINT('',#3485);
#1048=VERTEX_POINT('',#3487);
#1049=VERTEX_POINT('',#3489);
#1050=VERTEX_POINT('',#3491);
#1051=VERTEX_POINT('',#3493);
#1052=VERTEX_POINT('',#3495);
#1053=VERTEX_POINT('',#3497);
#1054=VERTEX_POINT('',#3499);
#1055=VERTEX_POINT('',#3501);
#1056=VERTEX_POINT('',#3503);
#1057=VERTEX_POINT('',#3505);
#1058=VERTEX_POINT('',#3507);
#1059=VERTEX_POINT('',#3509);
#1060=VERTEX_POINT('',#3511);
#1061=VERTEX_POINT('',#3513);
#1062=VERTEX_POINT('',#3518);
#1063=VERTEX_POINT('',#3520);
#1064=VERTEX_POINT('',#3533);
#1065=VERTEX_POINT('',#3534);
#1066=VERTEX_POINT('',#3539);
#1067=VERTEX_POINT('',#3540);
#1068=VERTEX_POINT('',#3545);
#1069=VERTEX_POINT('',#3549);
#1070=VERTEX_POINT('',#3553);
#1071=VERTEX_POINT('',#3557);
#1072=VERTEX_POINT('',#3561);
#1073=VERTEX_POINT('',#3565);
#1074=VERTEX_POINT('',#3569);
#1075=VERTEX_POINT('',#3573);
#1076=VERTEX_POINT('',#3577);
#1077=VERTEX_POINT('',#3581);
#1078=VERTEX_POINT('',#3587);
#1079=VERTEX_POINT('',#3591);
#1080=VERTEX_POINT('',#3597);
#1081=VERTEX_POINT('',#3599);
#1082=VERTEX_POINT('',#3603);
#1083=VERTEX_POINT('',#3607);
#1084=VERTEX_POINT('',#3611);
#1085=VERTEX_POINT('',#3615);
#1086=VERTEX_POINT('',#3619);
#1087=VERTEX_POINT('',#3623);
#1088=VERTEX_POINT('',#3627);
#1089=VERTEX_POINT('',#3631);
#1090=VERTEX_POINT('',#3632);
#1091=VERTEX_POINT('',#3637);
#1092=VERTEX_POINT('',#3641);
#1093=VERTEX_POINT('',#3645);
#1094=VERTEX_POINT('',#3646);
#1095=VERTEX_POINT('',#3651);
#1096=VERTEX_POINT('',#3655);
#1097=VERTEX_POINT('',#3659);
#1098=VERTEX_POINT('',#3663);
#1099=VERTEX_POINT('',#3667);
#1100=VERTEX_POINT('',#3671);
#1101=VERTEX_POINT('',#3677);
#1102=VERTEX_POINT('',#3681);
#1103=VERTEX_POINT('',#3685);
#1104=VERTEX_POINT('',#3689);
#1105=VERTEX_POINT('',#3695);
#1106=VERTEX_POINT('',#3697);
#1107=VERTEX_POINT('',#3701);
#1108=VERTEX_POINT('',#3705);
#1109=VERTEX_POINT('',#3709);
#1110=VERTEX_POINT('',#3713);
#1111=VERTEX_POINT('',#3717);
#1112=VERTEX_POINT('',#3721);
#1113=VERTEX_POINT('',#3725);
#1114=VERTEX_POINT('',#3729);
#1115=VERTEX_POINT('',#3730);
#1116=VERTEX_POINT('',#3735);
#1117=VERTEX_POINT('',#3737);
#1118=VERTEX_POINT('',#3741);
#1119=VERTEX_POINT('',#3743);
#1120=VERTEX_POINT('',#3747);
#1121=VERTEX_POINT('',#3749);
#1122=VERTEX_POINT('',#3753);
#1123=VERTEX_POINT('',#3755);
#1124=VERTEX_POINT('',#3759);
#1125=VERTEX_POINT('',#3761);
#1126=VERTEX_POINT('',#3765);
#1127=VERTEX_POINT('',#3767);
#1128=VERTEX_POINT('',#3771);
#1129=VERTEX_POINT('',#3773);
#1130=VERTEX_POINT('',#3777);
#1131=VERTEX_POINT('',#3782);
#1132=VERTEX_POINT('',#3786);
#1133=VERTEX_POINT('',#3790);
#1134=VERTEX_POINT('',#3794);
#1135=VERTEX_POINT('',#3798);
#1136=VERTEX_POINT('',#3802);
#1137=VERTEX_POINT('',#3809);
#1138=VERTEX_POINT('',#3810);
#1139=VERTEX_POINT('',#3815);
#1140=VERTEX_POINT('',#3817);
#1141=VERTEX_POINT('',#3821);
#1142=VERTEX_POINT('',#3823);
#1143=VERTEX_POINT('',#3827);
#1144=VERTEX_POINT('',#3829);
#1145=VERTEX_POINT('',#3833);
#1146=VERTEX_POINT('',#3835);
#1147=VERTEX_POINT('',#3839);
#1148=VERTEX_POINT('',#3841);
#1149=VERTEX_POINT('',#3845);
#1150=VERTEX_POINT('',#3847);
#1151=VERTEX_POINT('',#3851);
#1152=VERTEX_POINT('',#3853);
#1153=VERTEX_POINT('',#3857);
#1154=VERTEX_POINT('',#3862);
#1155=VERTEX_POINT('',#3866);
#1156=VERTEX_POINT('',#3870);
#1157=VERTEX_POINT('',#3874);
#1158=VERTEX_POINT('',#3878);
#1159=VERTEX_POINT('',#3882);
#1160=VERTEX_POINT('',#3919);
#1161=VERTEX_POINT('',#3920);
#1162=VERTEX_POINT('',#3922);
#1163=VERTEX_POINT('',#3924);
#1164=VERTEX_POINT('',#3928);
#1165=VERTEX_POINT('',#3929);
#1166=VERTEX_POINT('',#3931);
#1167=VERTEX_POINT('',#3933);
#1168=VERTEX_POINT('',#3940);
#1169=VERTEX_POINT('',#3941);
#1170=VERTEX_POINT('',#3943);
#1171=VERTEX_POINT('',#3945);
#1172=VERTEX_POINT('',#3952);
#1173=VERTEX_POINT('',#3953);
#1174=VERTEX_POINT('',#3955);
#1175=VERTEX_POINT('',#3957);
#1176=VERTEX_POINT('',#3964);
#1177=VERTEX_POINT('',#3966);
#1178=VERTEX_POINT('',#3970);
#1179=VERTEX_POINT('',#3972);
#1180=VERTEX_POINT('',#3974);
#1181=VERTEX_POINT('',#3979);
#1182=VERTEX_POINT('',#3983);
#1183=VERTEX_POINT('',#3984);
#1184=VERTEX_POINT('',#3987);
#1185=VERTEX_POINT('',#3989);
#1186=VERTEX_POINT('',#3992);
#1187=VERTEX_POINT('',#3994);
#1188=VERTEX_POINT('',#3996);
#1189=VERTEX_POINT('',#4000);
#1190=VERTEX_POINT('',#4004);
#1191=VERTEX_POINT('',#4013);
#1192=VERTEX_POINT('',#4014);
#1193=VERTEX_POINT('',#4016);
#1194=VERTEX_POINT('',#4018);
#1195=VERTEX_POINT('',#4023);
#1196=EDGE_CURVE('',#988,#989,#386,.T.);
#1197=EDGE_CURVE('',#990,#988,#387,.T.);
#1198=EDGE_CURVE('',#991,#990,#388,.T.);
#1199=EDGE_CURVE('',#992,#991,#389,.T.);
#1200=EDGE_CURVE('',#993,#992,#373,.T.);
#1201=EDGE_CURVE('',#994,#993,#390,.T.);
#1202=EDGE_CURVE('',#995,#994,#374,.T.);
#1203=EDGE_CURVE('',#989,#995,#391,.T.);
#1204=EDGE_CURVE('',#991,#996,#392,.T.);
#1205=EDGE_CURVE('',#997,#996,#393,.T.);
#1206=EDGE_CURVE('',#992,#997,#394,.T.);
#1207=EDGE_CURVE('',#990,#998,#395,.T.);
#1208=EDGE_CURVE('',#996,#998,#396,.T.);
#1209=EDGE_CURVE('',#988,#999,#397,.T.);
#1210=EDGE_CURVE('',#999,#1000,#398,.T.);
#1211=EDGE_CURVE('',#1000,#1001,#375,.T.);
#1212=EDGE_CURVE('',#1001,#1002,#399,.T.);
#1213=EDGE_CURVE('',#1002,#1003,#400,.T.);
#1214=EDGE_CURVE('',#1003,#1004,#401,.T.);
#1215=EDGE_CURVE('',#1005,#1004,#402,.T.);
#1216=EDGE_CURVE('',#1005,#1006,#403,.T.);
#1217=EDGE_CURVE('',#1006,#1007,#404,.T.);
#1218=EDGE_CURVE('',#1007,#1008,#405,.T.);
#1219=EDGE_CURVE('',#1008,#1009,#406,.T.);
#1220=EDGE_CURVE('',#1010,#1009,#407,.T.);
#1221=EDGE_CURVE('',#1010,#1011,#408,.T.);
#1222=EDGE_CURVE('',#998,#1011,#409,.T.);
#1223=EDGE_CURVE('',#1012,#989,#410,.T.);
#1224=EDGE_CURVE('',#1012,#1007,#411,.T.);
#1225=EDGE_CURVE('',#999,#1006,#412,.T.);
#1226=EDGE_CURVE('',#1013,#1014,#413,.T.);
#1227=EDGE_CURVE('',#1015,#1013,#376,.T.);
#1228=EDGE_CURVE('',#1016,#1015,#414,.T.);
#1229=EDGE_CURVE('',#1014,#1016,#377,.T.);
#1230=EDGE_CURVE('',#995,#1013,#415,.T.);
#1231=EDGE_CURVE('',#1014,#1017,#416,.T.);
#1232=EDGE_CURVE('',#1018,#1017,#417,.T.);
#1233=EDGE_CURVE('',#1018,#1019,#418,.T.);
#1234=EDGE_CURVE('',#1020,#1019,#419,.T.);
#1235=EDGE_CURVE('',#1020,#1021,#420,.T.);
#1236=EDGE_CURVE('',#1022,#1021,#421,.T.);
#1237=EDGE_CURVE('',#1022,#1023,#422,.T.);
#1238=EDGE_CURVE('',#1024,#1023,#423,.T.);
#1239=EDGE_CURVE('',#1024,#1025,#424,.T.);
#1240=EDGE_CURVE('',#1025,#1012,#425,.T.);
#1241=EDGE_CURVE('',#1026,#1027,#426,.T.);
#1242=EDGE_CURVE('',#1028,#1026,#427,.T.);
#1243=EDGE_CURVE('',#1029,#1028,#428,.T.);
#1244=EDGE_CURVE('',#1030,#1029,#429,.T.);
#1245=EDGE_CURVE('',#1031,#1030,#430,.T.);
#1246=EDGE_CURVE('',#1032,#1031,#431,.T.);
#1247=EDGE_CURVE('',#1033,#1032,#432,.T.);
#1248=EDGE_CURVE('',#1034,#1033,#433,.T.);
#1249=EDGE_CURVE('',#1035,#1034,#434,.T.);
#1250=EDGE_CURVE('',#1036,#1035,#435,.T.);
#1251=EDGE_CURVE('',#1037,#1036,#436,.T.);
#1252=EDGE_CURVE('',#1038,#1037,#437,.T.);
#1253=EDGE_CURVE('',#1039,#1038,#438,.T.);
#1254=EDGE_CURVE('',#1040,#1039,#439,.T.);
#1255=EDGE_CURVE('',#1041,#1040,#440,.T.);
#1256=EDGE_CURVE('',#1027,#1041,#441,.T.);
#1257=EDGE_CURVE('',#1042,#1043,#442,.T.);
#1258=EDGE_CURVE('',#1044,#1043,#443,.T.);
#1259=EDGE_CURVE('',#1044,#1045,#444,.T.);
#1260=EDGE_CURVE('',#1045,#1042,#445,.T.);
#1261=EDGE_CURVE('',#1046,#1047,#446,.T.);
#1262=EDGE_CURVE('',#1048,#1046,#447,.T.);
#1263=EDGE_CURVE('',#1049,#1048,#448,.T.);
#1264=EDGE_CURVE('',#1050,#1049,#449,.T.);
#1265=EDGE_CURVE('',#1051,#1050,#450,.T.);
#1266=EDGE_CURVE('',#1052,#1051,#451,.T.);
#1267=EDGE_CURVE('',#1053,#1052,#452,.T.);
#1268=EDGE_CURVE('',#1054,#1053,#453,.T.);
#1269=EDGE_CURVE('',#1055,#1054,#454,.T.);
#1270=EDGE_CURVE('',#1056,#1055,#455,.T.);
#1271=EDGE_CURVE('',#1057,#1056,#456,.T.);
#1272=EDGE_CURVE('',#1058,#1057,#457,.T.);
#1273=EDGE_CURVE('',#1059,#1058,#458,.T.);
#1274=EDGE_CURVE('',#1060,#1059,#459,.T.);
#1275=EDGE_CURVE('',#1061,#1060,#460,.T.);
#1276=EDGE_CURVE('',#1047,#1061,#461,.T.);
#1277=EDGE_CURVE('',#1018,#1011,#462,.T.);
#1278=EDGE_CURVE('',#1017,#1062,#378,.T.);
#1279=EDGE_CURVE('',#1062,#1063,#463,.T.);
#1280=EDGE_CURVE('',#1063,#997,#379,.T.);
#1281=EDGE_CURVE('',#1008,#1025,#464,.T.);
#1282=EDGE_CURVE('',#1022,#1021,#380,.T.);
#1283=EDGE_CURVE('',#1009,#1024,#465,.T.);
#1284=EDGE_CURVE('',#1023,#1020,#381,.T.);
#1285=EDGE_CURVE('',#1010,#1019,#466,.T.);
#1286=EDGE_CURVE('',#1064,#1065,#467,.T.);
#1287=EDGE_CURVE('',#1065,#1061,#15,.T.);
#1288=EDGE_CURVE('',#1064,#1060,#16,.T.);
#1289=EDGE_CURVE('',#1066,#1067,#468,.T.);
#1290=EDGE_CURVE('',#1067,#1046,#17,.T.);
#1291=EDGE_CURVE('',#1047,#1066,#18,.T.);
#1292=EDGE_CURVE('',#1067,#1068,#469,.T.);
#1293=EDGE_CURVE('',#1068,#1048,#19,.T.);
#1294=EDGE_CURVE('',#1068,#1069,#470,.T.);
#1295=EDGE_CURVE('',#1069,#1049,#20,.T.);
#1296=EDGE_CURVE('',#1069,#1070,#471,.T.);
#1297=EDGE_CURVE('',#1070,#1050,#21,.T.);
#1298=EDGE_CURVE('',#1070,#1071,#472,.T.);
#1299=EDGE_CURVE('',#1071,#1051,#22,.T.);
#1300=EDGE_CURVE('',#1071,#1072,#473,.T.);
#1301=EDGE_CURVE('',#1072,#1052,#23,.T.);
#1302=EDGE_CURVE('',#1072,#1073,#474,.T.);
#1303=EDGE_CURVE('',#1073,#1053,#24,.T.);
#1304=EDGE_CURVE('',#1073,#1074,#475,.T.);
#1305=EDGE_CURVE('',#1074,#1054,#25,.T.);
#1306=EDGE_CURVE('',#1074,#1075,#476,.T.);
#1307=EDGE_CURVE('',#1075,#1055,#26,.T.);
#1308=EDGE_CURVE('',#1075,#1076,#477,.T.);
#1309=EDGE_CURVE('',#1076,#1056,#27,.T.);
#1310=EDGE_CURVE('',#1076,#1077,#478,.T.);
#1311=EDGE_CURVE('',#1077,#1057,#28,.T.);
#1312=EDGE_CURVE('',#1065,#1066,#479,.T.);
#1313=EDGE_CURVE('',#1077,#1078,#480,.T.);
#1314=EDGE_CURVE('',#1078,#1058,#29,.T.);
#1315=EDGE_CURVE('',#1078,#1079,#481,.T.);
#1316=EDGE_CURVE('',#1079,#1059,#30,.T.);
#1317=EDGE_CURVE('',#1079,#1064,#482,.T.);
#1318=EDGE_CURVE('',#1073,#1080,#483,.T.);
#1319=EDGE_CURVE('',#1081,#1080,#484,.T.);
#1320=EDGE_CURVE('',#1074,#1081,#485,.T.);
#1321=EDGE_CURVE('',#1072,#1082,#486,.T.);
#1322=EDGE_CURVE('',#1080,#1082,#487,.T.);
#1323=EDGE_CURVE('',#1071,#1083,#488,.T.);
#1324=EDGE_CURVE('',#1082,#1083,#489,.T.);
#1325=EDGE_CURVE('',#1070,#1084,#490,.T.);
#1326=EDGE_CURVE('',#1083,#1084,#491,.T.);
#1327=EDGE_CURVE('',#1069,#1085,#492,.T.);
#1328=EDGE_CURVE('',#1084,#1085,#493,.T.);
#1329=EDGE_CURVE('',#1068,#1086,#494,.T.);
#1330=EDGE_CURVE('',#1085,#1086,#495,.T.);
#1331=EDGE_CURVE('',#1067,#1087,#496,.T.);
#1332=EDGE_CURVE('',#1086,#1087,#497,.T.);
#1333=EDGE_CURVE('',#1066,#1088,#498,.T.);
#1334=EDGE_CURVE('',#1087,#1088,#499,.T.);
#1335=EDGE_CURVE('',#1089,#1090,#500,.T.);
#1336=EDGE_CURVE('',#1090,#1039,#31,.T.);
#1337=EDGE_CURVE('',#1089,#1038,#32,.T.);
#1338=EDGE_CURVE('',#1090,#1091,#501,.T.);
#1339=EDGE_CURVE('',#1091,#1040,#33,.T.);
#1340=EDGE_CURVE('',#1091,#1092,#502,.T.);
#1341=EDGE_CURVE('',#1092,#1041,#34,.T.);
#1342=EDGE_CURVE('',#1093,#1094,#503,.T.);
#1343=EDGE_CURVE('',#1094,#1026,#35,.T.);
#1344=EDGE_CURVE('',#1027,#1093,#36,.T.);
#1345=EDGE_CURVE('',#1094,#1095,#504,.T.);
#1346=EDGE_CURVE('',#1095,#1028,#37,.T.);
#1347=EDGE_CURVE('',#1095,#1096,#505,.T.);
#1348=EDGE_CURVE('',#1096,#1029,#38,.T.);
#1349=EDGE_CURVE('',#1096,#1097,#506,.T.);
#1350=EDGE_CURVE('',#1097,#1030,#39,.T.);
#1351=EDGE_CURVE('',#1097,#1098,#507,.T.);
#1352=EDGE_CURVE('',#1098,#1031,#40,.T.);
#1353=EDGE_CURVE('',#1098,#1099,#508,.T.);
#1354=EDGE_CURVE('',#1099,#1032,#41,.T.);
#1355=EDGE_CURVE('',#1099,#1100,#509,.T.);
#1356=EDGE_CURVE('',#1100,#1033,#42,.T.);
#1357=EDGE_CURVE('',#1092,#1093,#510,.T.);
#1358=EDGE_CURVE('',#1100,#1101,#511,.T.);
#1359=EDGE_CURVE('',#1101,#1034,#43,.T.);
#1360=EDGE_CURVE('',#1101,#1102,#512,.T.);
#1361=EDGE_CURVE('',#1102,#1035,#44,.T.);
#1362=EDGE_CURVE('',#1102,#1103,#513,.T.);
#1363=EDGE_CURVE('',#1103,#1036,#45,.T.);
#1364=EDGE_CURVE('',#1103,#1104,#514,.T.);
#1365=EDGE_CURVE('',#1104,#1037,#46,.T.);
#1366=EDGE_CURVE('',#1104,#1089,#515,.T.);
#1367=EDGE_CURVE('',#1100,#1105,#516,.T.);
#1368=EDGE_CURVE('',#1106,#1105,#517,.T.);
#1369=EDGE_CURVE('',#1101,#1106,#518,.T.);
#1370=EDGE_CURVE('',#1099,#1107,#519,.T.);
#1371=EDGE_CURVE('',#1105,#1107,#520,.T.);
#1372=EDGE_CURVE('',#1098,#1108,#521,.T.);
#1373=EDGE_CURVE('',#1107,#1108,#522,.T.);
#1374=EDGE_CURVE('',#1097,#1109,#523,.T.);
#1375=EDGE_CURVE('',#1108,#1109,#524,.T.);
#1376=EDGE_CURVE('',#1096,#1110,#525,.T.);
#1377=EDGE_CURVE('',#1109,#1110,#526,.T.);
#1378=EDGE_CURVE('',#1095,#1111,#527,.T.);
#1379=EDGE_CURVE('',#1110,#1111,#528,.T.);
#1380=EDGE_CURVE('',#1094,#1112,#529,.T.);
#1381=EDGE_CURVE('',#1111,#1112,#530,.T.);
#1382=EDGE_CURVE('',#1093,#1113,#531,.T.);
#1383=EDGE_CURVE('',#1112,#1113,#532,.T.);
#1384=EDGE_CURVE('',#1114,#1115,#533,.T.);
#1385=EDGE_CURVE('',#1115,#1081,#534,.T.);
#1386=EDGE_CURVE('',#1114,#1080,#535,.T.);
#1387=EDGE_CURVE('',#1115,#1116,#536,.T.);
#1388=EDGE_CURVE('',#1116,#1117,#537,.T.);
#1389=EDGE_CURVE('',#1117,#1081,#538,.T.);
#1390=EDGE_CURVE('',#1116,#1118,#539,.T.);
#1391=EDGE_CURVE('',#1118,#1119,#540,.T.);
#1392=EDGE_CURVE('',#1119,#1117,#541,.T.);
#1393=EDGE_CURVE('',#1118,#1120,#542,.T.);
#1394=EDGE_CURVE('',#1120,#1121,#543,.T.);
#1395=EDGE_CURVE('',#1121,#1119,#544,.T.);
#1396=EDGE_CURVE('',#1120,#1122,#545,.T.);
#1397=EDGE_CURVE('',#1122,#1123,#546,.T.);
#1398=EDGE_CURVE('',#1123,#1121,#547,.T.);
#1399=EDGE_CURVE('',#1122,#1124,#548,.T.);
#1400=EDGE_CURVE('',#1124,#1125,#549,.T.);
#1401=EDGE_CURVE('',#1125,#1123,#550,.T.);
#1402=EDGE_CURVE('',#1124,#1126,#551,.T.);
#1403=EDGE_CURVE('',#1126,#1127,#552,.T.);
#1404=EDGE_CURVE('',#1127,#1125,#553,.T.);
#1405=EDGE_CURVE('',#1126,#1128,#554,.T.);
#1406=EDGE_CURVE('',#1128,#1129,#555,.T.);
#1407=EDGE_CURVE('',#1129,#1127,#556,.T.);
#1408=EDGE_CURVE('',#1128,#1130,#557,.T.);
#1409=EDGE_CURVE('',#1130,#1088,#558,.T.);
#1410=EDGE_CURVE('',#1088,#1129,#559,.T.);
#1411=EDGE_CURVE('',#1130,#1131,#560,.T.);
#1412=EDGE_CURVE('',#1131,#1087,#561,.T.);
#1413=EDGE_CURVE('',#1131,#1132,#562,.T.);
#1414=EDGE_CURVE('',#1132,#1086,#563,.T.);
#1415=EDGE_CURVE('',#1132,#1133,#564,.T.);
#1416=EDGE_CURVE('',#1133,#1085,#565,.T.);
#1417=EDGE_CURVE('',#1133,#1134,#566,.T.);
#1418=EDGE_CURVE('',#1134,#1084,#567,.T.);
#1419=EDGE_CURVE('',#1134,#1135,#568,.T.);
#1420=EDGE_CURVE('',#1135,#1083,#569,.T.);
#1421=EDGE_CURVE('',#1135,#1136,#570,.T.);
#1422=EDGE_CURVE('',#1136,#1082,#571,.T.);
#1423=EDGE_CURVE('',#1136,#1114,#572,.T.);
#1424=EDGE_CURVE('',#1137,#1138,#573,.T.);
#1425=EDGE_CURVE('',#1138,#1106,#574,.T.);
#1426=EDGE_CURVE('',#1137,#1105,#575,.T.);
#1427=EDGE_CURVE('',#1138,#1139,#576,.T.);
#1428=EDGE_CURVE('',#1139,#1140,#577,.T.);
#1429=EDGE_CURVE('',#1140,#1106,#578,.T.);
#1430=EDGE_CURVE('',#1139,#1141,#579,.T.);
#1431=EDGE_CURVE('',#1141,#1142,#580,.T.);
#1432=EDGE_CURVE('',#1142,#1140,#581,.T.);
#1433=EDGE_CURVE('',#1141,#1143,#582,.T.);
#1434=EDGE_CURVE('',#1143,#1144,#583,.T.);
#1435=EDGE_CURVE('',#1144,#1142,#584,.T.);
#1436=EDGE_CURVE('',#1143,#1145,#585,.T.);
#1437=EDGE_CURVE('',#1145,#1146,#586,.T.);
#1438=EDGE_CURVE('',#1146,#1144,#587,.T.);
#1439=EDGE_CURVE('',#1145,#1147,#588,.T.);
#1440=EDGE_CURVE('',#1147,#1148,#589,.T.);
#1441=EDGE_CURVE('',#1148,#1146,#590,.T.);
#1442=EDGE_CURVE('',#1147,#1149,#591,.T.);
#1443=EDGE_CURVE('',#1149,#1150,#592,.T.);
#1444=EDGE_CURVE('',#1150,#1148,#593,.T.);
#1445=EDGE_CURVE('',#1149,#1151,#594,.T.);
#1446=EDGE_CURVE('',#1151,#1152,#595,.T.);
#1447=EDGE_CURVE('',#1152,#1150,#596,.T.);
#1448=EDGE_CURVE('',#1151,#1153,#597,.T.);
#1449=EDGE_CURVE('',#1153,#1113,#598,.T.);
#1450=EDGE_CURVE('',#1113,#1152,#599,.T.);
#1451=EDGE_CURVE('',#1153,#1154,#600,.T.);
#1452=EDGE_CURVE('',#1154,#1112,#601,.T.);
#1453=EDGE_CURVE('',#1154,#1155,#602,.T.);
#1454=EDGE_CURVE('',#1155,#1111,#603,.T.);
#1455=EDGE_CURVE('',#1155,#1156,#604,.T.);
#1456=EDGE_CURVE('',#1156,#1110,#605,.T.);
#1457=EDGE_CURVE('',#1156,#1157,#606,.T.);
#1458=EDGE_CURVE('',#1157,#1109,#607,.T.);
#1459=EDGE_CURVE('',#1157,#1158,#608,.T.);
#1460=EDGE_CURVE('',#1158,#1108,#609,.T.);
#1461=EDGE_CURVE('',#1158,#1159,#610,.T.);
#1462=EDGE_CURVE('',#1159,#1107,#611,.T.);
#1463=EDGE_CURVE('',#1159,#1137,#612,.T.);
#1464=EDGE_CURVE('',#1102,#1140,#613,.T.);
#1465=EDGE_CURVE('',#1103,#1142,#614,.T.);
#1466=EDGE_CURVE('',#1104,#1144,#615,.T.);
#1467=EDGE_CURVE('',#1089,#1146,#616,.T.);
#1468=EDGE_CURVE('',#1090,#1148,#617,.T.);
#1469=EDGE_CURVE('',#1091,#1150,#618,.T.);
#1470=EDGE_CURVE('',#1092,#1152,#619,.T.);
#1471=EDGE_CURVE('',#1075,#1117,#620,.T.);
#1472=EDGE_CURVE('',#1076,#1119,#621,.T.);
#1473=EDGE_CURVE('',#1077,#1121,#622,.T.);
#1474=EDGE_CURVE('',#1078,#1123,#623,.T.);
#1475=EDGE_CURVE('',#1079,#1125,#624,.T.);
#1476=EDGE_CURVE('',#1064,#1127,#625,.T.);
#1477=EDGE_CURVE('',#1065,#1129,#626,.T.);
#1478=EDGE_CURVE('',#1160,#1161,#627,.T.);
#1479=EDGE_CURVE('',#1162,#1160,#628,.T.);
#1480=EDGE_CURVE('',#1163,#1162,#629,.T.);
#1481=EDGE_CURVE('',#1161,#1163,#630,.T.);
#1482=EDGE_CURVE('',#1164,#1165,#631,.T.);
#1483=EDGE_CURVE('',#1164,#1166,#632,.T.);
#1484=EDGE_CURVE('',#1167,#1166,#633,.T.);
#1485=EDGE_CURVE('',#1165,#1167,#634,.T.);
#1486=EDGE_CURVE('',#1161,#1164,#635,.T.);
#1487=EDGE_CURVE('',#1166,#1163,#636,.T.);
#1488=EDGE_CURVE('',#1168,#1169,#637,.T.);
#1489=EDGE_CURVE('',#1168,#1170,#638,.T.);
#1490=EDGE_CURVE('',#1171,#1170,#639,.T.);
#1491=EDGE_CURVE('',#1169,#1171,#640,.T.);
#1492=EDGE_CURVE('',#1165,#1168,#641,.T.);
#1493=EDGE_CURVE('',#1170,#1167,#642,.T.);
#1494=EDGE_CURVE('',#1172,#1173,#643,.T.);
#1495=EDGE_CURVE('',#1172,#1174,#644,.T.);
#1496=EDGE_CURVE('',#1175,#1174,#645,.T.);
#1497=EDGE_CURVE('',#1173,#1175,#646,.T.);
#1498=EDGE_CURVE('',#1169,#1172,#647,.T.);
#1499=EDGE_CURVE('',#1174,#1171,#648,.T.);
#1500=EDGE_CURVE('',#1176,#1160,#649,.T.);
#1501=EDGE_CURVE('',#1177,#1176,#650,.T.);
#1502=EDGE_CURVE('',#1162,#1177,#651,.T.);
#1503=EDGE_CURVE('',#1173,#1178,#652,.T.);
#1504=EDGE_CURVE('',#1178,#1179,#382,.T.);
#1505=EDGE_CURVE('',#1179,#1180,#653,.T.);
#1506=EDGE_CURVE('',#1180,#1176,#383,.T.);
#1507=EDGE_CURVE('',#1006,#1175,#654,.T.);
#1508=EDGE_CURVE('',#1181,#1005,#655,.T.);
#1509=EDGE_CURVE('',#1181,#1178,#656,.T.);
#1510=EDGE_CURVE('',#1182,#1183,#657,.T.);
#1511=EDGE_CURVE('',#1005,#1182,#658,.T.);
#1512=EDGE_CURVE('',#1184,#1004,#659,.T.);
#1513=EDGE_CURVE('',#1185,#1184,#660,.T.);
#1514=EDGE_CURVE('',#1044,#1185,#661,.T.);
#1515=EDGE_CURVE('',#1186,#1043,#662,.T.);
#1516=EDGE_CURVE('',#1187,#1186,#663,.T.);
#1517=EDGE_CURVE('',#1188,#1187,#664,.T.);
#1518=EDGE_CURVE('',#1183,#1188,#665,.T.);
#1519=EDGE_CURVE('',#1185,#1189,#666,.T.);
#1520=EDGE_CURVE('',#1189,#1045,#667,.T.);
#1521=EDGE_CURVE('',#1184,#1190,#668,.T.);
#1522=EDGE_CURVE('',#1190,#1189,#669,.T.);
#1523=EDGE_CURVE('',#1003,#1190,#670,.T.);
#1524=EDGE_CURVE('',#1182,#1001,#671,.T.);
#1525=EDGE_CURVE('',#1001,#1181,#384,.T.);
#1526=EDGE_CURVE('',#1191,#1192,#672,.T.);
#1527=EDGE_CURVE('',#1193,#1191,#673,.T.);
#1528=EDGE_CURVE('',#1194,#1193,#674,.T.);
#1529=EDGE_CURVE('',#1042,#1194,#675,.T.);
#1530=EDGE_CURVE('',#1192,#1002,#676,.T.);
#1531=EDGE_CURVE('',#1195,#1177,#385,.T.);
#1532=EDGE_CURVE('',#1195,#999,#677,.T.);
#1533=EDGE_CURVE('',#1195,#1180,#678,.T.);
#1534=EDGE_CURVE('',#1000,#1179,#679,.T.);
#1535=EDGE_CURVE('',#1183,#1192,#680,.T.);
#1536=EDGE_CURVE('',#1188,#1191,#681,.T.);
#1537=EDGE_CURVE('',#1187,#1193,#682,.T.);
#1538=EDGE_CURVE('',#1194,#1186,#683,.T.);
#1539=EDGE_CURVE('',#994,#1015,#684,.T.);
#1540=EDGE_CURVE('',#1016,#1062,#685,.T.);
#1541=EDGE_CURVE('',#993,#1063,#686,.T.);
#1542=ORIENTED_EDGE('',*,*,#1196,.F.);
#1543=ORIENTED_EDGE('',*,*,#1197,.F.);
#1544=ORIENTED_EDGE('',*,*,#1198,.F.);
#1545=ORIENTED_EDGE('',*,*,#1199,.F.);
#1546=ORIENTED_EDGE('',*,*,#1200,.F.);
#1547=ORIENTED_EDGE('',*,*,#1201,.F.);
#1548=ORIENTED_EDGE('',*,*,#1202,.F.);
#1549=ORIENTED_EDGE('',*,*,#1203,.F.);
#1550=ORIENTED_EDGE('',*,*,#1199,.T.);
#1551=ORIENTED_EDGE('',*,*,#1204,.T.);
#1552=ORIENTED_EDGE('',*,*,#1205,.F.);
#1553=ORIENTED_EDGE('',*,*,#1206,.F.);
#1554=ORIENTED_EDGE('',*,*,#1198,.T.);
#1555=ORIENTED_EDGE('',*,*,#1207,.T.);
#1556=ORIENTED_EDGE('',*,*,#1208,.F.);
#1557=ORIENTED_EDGE('',*,*,#1204,.F.);
#1558=ORIENTED_EDGE('',*,*,#1197,.T.);
#1559=ORIENTED_EDGE('',*,*,#1209,.T.);
#1560=ORIENTED_EDGE('',*,*,#1210,.T.);
#1561=ORIENTED_EDGE('',*,*,#1211,.T.);
#1562=ORIENTED_EDGE('',*,*,#1212,.T.);
#1563=ORIENTED_EDGE('',*,*,#1213,.T.);
#1564=ORIENTED_EDGE('',*,*,#1214,.T.);
#1565=ORIENTED_EDGE('',*,*,#1215,.F.);
#1566=ORIENTED_EDGE('',*,*,#1216,.T.);
#1567=ORIENTED_EDGE('',*,*,#1217,.T.);
#1568=ORIENTED_EDGE('',*,*,#1218,.T.);
#1569=ORIENTED_EDGE('',*,*,#1219,.T.);
#1570=ORIENTED_EDGE('',*,*,#1220,.F.);
#1571=ORIENTED_EDGE('',*,*,#1221,.T.);
#1572=ORIENTED_EDGE('',*,*,#1222,.F.);
#1573=ORIENTED_EDGE('',*,*,#1207,.F.);
#1574=ORIENTED_EDGE('',*,*,#1196,.T.);
#1575=ORIENTED_EDGE('',*,*,#1223,.F.);
#1576=ORIENTED_EDGE('',*,*,#1224,.T.);
#1577=ORIENTED_EDGE('',*,*,#1217,.F.);
#1578=ORIENTED_EDGE('',*,*,#1225,.F.);
#1579=ORIENTED_EDGE('',*,*,#1209,.F.);
#1580=ORIENTED_EDGE('',*,*,#1226,.F.);
#1581=ORIENTED_EDGE('',*,*,#1227,.F.);
#1582=ORIENTED_EDGE('',*,*,#1228,.F.);
#1583=ORIENTED_EDGE('',*,*,#1229,.F.);
#1584=ORIENTED_EDGE('',*,*,#1203,.T.);
#1585=ORIENTED_EDGE('',*,*,#1230,.T.);
#1586=ORIENTED_EDGE('',*,*,#1226,.T.);
#1587=ORIENTED_EDGE('',*,*,#1231,.T.);
#1588=ORIENTED_EDGE('',*,*,#1232,.F.);
#1589=ORIENTED_EDGE('',*,*,#1233,.T.);
#1590=ORIENTED_EDGE('',*,*,#1234,.F.);
#1591=ORIENTED_EDGE('',*,*,#1235,.T.);
#1592=ORIENTED_EDGE('',*,*,#1236,.F.);
#1593=ORIENTED_EDGE('',*,*,#1237,.T.);
#1594=ORIENTED_EDGE('',*,*,#1238,.F.);
#1595=ORIENTED_EDGE('',*,*,#1239,.T.);
#1596=ORIENTED_EDGE('',*,*,#1240,.T.);
#1597=ORIENTED_EDGE('',*,*,#1223,.T.);
#1598=ORIENTED_EDGE('',*,*,#1241,.F.);
#1599=ORIENTED_EDGE('',*,*,#1242,.F.);
#1600=ORIENTED_EDGE('',*,*,#1243,.F.);
#1601=ORIENTED_EDGE('',*,*,#1244,.F.);
#1602=ORIENTED_EDGE('',*,*,#1245,.F.);
#1603=ORIENTED_EDGE('',*,*,#1246,.F.);
#1604=ORIENTED_EDGE('',*,*,#1247,.F.);
#1605=ORIENTED_EDGE('',*,*,#1248,.F.);
#1606=ORIENTED_EDGE('',*,*,#1249,.F.);
#1607=ORIENTED_EDGE('',*,*,#1250,.F.);
#1608=ORIENTED_EDGE('',*,*,#1251,.F.);
#1609=ORIENTED_EDGE('',*,*,#1252,.F.);
#1610=ORIENTED_EDGE('',*,*,#1253,.F.);
#1611=ORIENTED_EDGE('',*,*,#1254,.F.);
#1612=ORIENTED_EDGE('',*,*,#1255,.F.);
#1613=ORIENTED_EDGE('',*,*,#1256,.F.);
#1614=ORIENTED_EDGE('',*,*,#1257,.T.);
#1615=ORIENTED_EDGE('',*,*,#1258,.F.);
#1616=ORIENTED_EDGE('',*,*,#1259,.T.);
#1617=ORIENTED_EDGE('',*,*,#1260,.T.);
#1618=ORIENTED_EDGE('',*,*,#1261,.F.);
#1619=ORIENTED_EDGE('',*,*,#1262,.F.);
#1620=ORIENTED_EDGE('',*,*,#1263,.F.);
#1621=ORIENTED_EDGE('',*,*,#1264,.F.);
#1622=ORIENTED_EDGE('',*,*,#1265,.F.);
#1623=ORIENTED_EDGE('',*,*,#1266,.F.);
#1624=ORIENTED_EDGE('',*,*,#1267,.F.);
#1625=ORIENTED_EDGE('',*,*,#1268,.F.);
#1626=ORIENTED_EDGE('',*,*,#1269,.F.);
#1627=ORIENTED_EDGE('',*,*,#1270,.F.);
#1628=ORIENTED_EDGE('',*,*,#1271,.F.);
#1629=ORIENTED_EDGE('',*,*,#1272,.F.);
#1630=ORIENTED_EDGE('',*,*,#1273,.F.);
#1631=ORIENTED_EDGE('',*,*,#1274,.F.);
#1632=ORIENTED_EDGE('',*,*,#1275,.F.);
#1633=ORIENTED_EDGE('',*,*,#1276,.F.);
#1634=ORIENTED_EDGE('',*,*,#1277,.F.);
#1635=ORIENTED_EDGE('',*,*,#1232,.T.);
#1636=ORIENTED_EDGE('',*,*,#1278,.T.);
#1637=ORIENTED_EDGE('',*,*,#1279,.T.);
#1638=ORIENTED_EDGE('',*,*,#1280,.T.);
#1639=ORIENTED_EDGE('',*,*,#1205,.T.);
#1640=ORIENTED_EDGE('',*,*,#1208,.T.);
#1641=ORIENTED_EDGE('',*,*,#1222,.T.);
#1642=ORIENTED_EDGE('',*,*,#1224,.F.);
#1643=ORIENTED_EDGE('',*,*,#1240,.F.);
#1644=ORIENTED_EDGE('',*,*,#1281,.F.);
#1645=ORIENTED_EDGE('',*,*,#1218,.F.);
#1646=ORIENTED_EDGE('',*,*,#1236,.T.);
#1647=ORIENTED_EDGE('',*,*,#1282,.F.);
#1648=ORIENTED_EDGE('',*,*,#1283,.T.);
#1649=ORIENTED_EDGE('',*,*,#1238,.T.);
#1650=ORIENTED_EDGE('',*,*,#1284,.T.);
#1651=ORIENTED_EDGE('',*,*,#1234,.T.);
#1652=ORIENTED_EDGE('',*,*,#1285,.F.);
#1653=ORIENTED_EDGE('',*,*,#1220,.T.);
#1654=ORIENTED_EDGE('',*,*,#1277,.T.);
#1655=ORIENTED_EDGE('',*,*,#1221,.F.);
#1656=ORIENTED_EDGE('',*,*,#1285,.T.);
#1657=ORIENTED_EDGE('',*,*,#1233,.F.);
#1658=ORIENTED_EDGE('',*,*,#1286,.T.);
#1659=ORIENTED_EDGE('',*,*,#1287,.T.);
#1660=ORIENTED_EDGE('',*,*,#1275,.T.);
#1661=ORIENTED_EDGE('',*,*,#1288,.F.);
#1662=ORIENTED_EDGE('',*,*,#1289,.T.);
#1663=ORIENTED_EDGE('',*,*,#1290,.T.);
#1664=ORIENTED_EDGE('',*,*,#1261,.T.);
#1665=ORIENTED_EDGE('',*,*,#1291,.T.);
#1666=ORIENTED_EDGE('',*,*,#1292,.T.);
#1667=ORIENTED_EDGE('',*,*,#1293,.T.);
#1668=ORIENTED_EDGE('',*,*,#1262,.T.);
#1669=ORIENTED_EDGE('',*,*,#1290,.F.);
#1670=ORIENTED_EDGE('',*,*,#1294,.T.);
#1671=ORIENTED_EDGE('',*,*,#1295,.T.);
#1672=ORIENTED_EDGE('',*,*,#1263,.T.);
#1673=ORIENTED_EDGE('',*,*,#1293,.F.);
#1674=ORIENTED_EDGE('',*,*,#1296,.T.);
#1675=ORIENTED_EDGE('',*,*,#1297,.T.);
#1676=ORIENTED_EDGE('',*,*,#1264,.T.);
#1677=ORIENTED_EDGE('',*,*,#1295,.F.);
#1678=ORIENTED_EDGE('',*,*,#1298,.T.);
#1679=ORIENTED_EDGE('',*,*,#1299,.T.);
#1680=ORIENTED_EDGE('',*,*,#1265,.T.);
#1681=ORIENTED_EDGE('',*,*,#1297,.F.);
#1682=ORIENTED_EDGE('',*,*,#1266,.T.);
#1683=ORIENTED_EDGE('',*,*,#1299,.F.);
#1684=ORIENTED_EDGE('',*,*,#1300,.T.);
#1685=ORIENTED_EDGE('',*,*,#1301,.T.);
#1686=ORIENTED_EDGE('',*,*,#1267,.T.);
#1687=ORIENTED_EDGE('',*,*,#1301,.F.);
#1688=ORIENTED_EDGE('',*,*,#1302,.T.);
#1689=ORIENTED_EDGE('',*,*,#1303,.T.);
#1690=ORIENTED_EDGE('',*,*,#1268,.T.);
#1691=ORIENTED_EDGE('',*,*,#1303,.F.);
#1692=ORIENTED_EDGE('',*,*,#1304,.T.);
#1693=ORIENTED_EDGE('',*,*,#1305,.T.);
#1694=ORIENTED_EDGE('',*,*,#1269,.T.);
#1695=ORIENTED_EDGE('',*,*,#1305,.F.);
#1696=ORIENTED_EDGE('',*,*,#1306,.T.);
#1697=ORIENTED_EDGE('',*,*,#1307,.T.);
#1698=ORIENTED_EDGE('',*,*,#1270,.T.);
#1699=ORIENTED_EDGE('',*,*,#1307,.F.);
#1700=ORIENTED_EDGE('',*,*,#1308,.T.);
#1701=ORIENTED_EDGE('',*,*,#1309,.T.);
#1702=ORIENTED_EDGE('',*,*,#1271,.T.);
#1703=ORIENTED_EDGE('',*,*,#1309,.F.);
#1704=ORIENTED_EDGE('',*,*,#1310,.T.);
#1705=ORIENTED_EDGE('',*,*,#1311,.T.);
#1706=ORIENTED_EDGE('',*,*,#1312,.T.);
#1707=ORIENTED_EDGE('',*,*,#1291,.F.);
#1708=ORIENTED_EDGE('',*,*,#1276,.T.);
#1709=ORIENTED_EDGE('',*,*,#1287,.F.);
#1710=ORIENTED_EDGE('',*,*,#1272,.T.);
#1711=ORIENTED_EDGE('',*,*,#1311,.F.);
#1712=ORIENTED_EDGE('',*,*,#1313,.T.);
#1713=ORIENTED_EDGE('',*,*,#1314,.T.);
#1714=ORIENTED_EDGE('',*,*,#1273,.T.);
#1715=ORIENTED_EDGE('',*,*,#1314,.F.);
#1716=ORIENTED_EDGE('',*,*,#1315,.T.);
#1717=ORIENTED_EDGE('',*,*,#1316,.T.);
#1718=ORIENTED_EDGE('',*,*,#1274,.T.);
#1719=ORIENTED_EDGE('',*,*,#1316,.F.);
#1720=ORIENTED_EDGE('',*,*,#1317,.T.);
#1721=ORIENTED_EDGE('',*,*,#1288,.T.);
#1722=ORIENTED_EDGE('',*,*,#1304,.F.);
#1723=ORIENTED_EDGE('',*,*,#1318,.T.);
#1724=ORIENTED_EDGE('',*,*,#1319,.F.);
#1725=ORIENTED_EDGE('',*,*,#1320,.F.);
#1726=ORIENTED_EDGE('',*,*,#1302,.F.);
#1727=ORIENTED_EDGE('',*,*,#1321,.T.);
#1728=ORIENTED_EDGE('',*,*,#1322,.F.);
#1729=ORIENTED_EDGE('',*,*,#1318,.F.);
#1730=ORIENTED_EDGE('',*,*,#1300,.F.);
#1731=ORIENTED_EDGE('',*,*,#1323,.T.);
#1732=ORIENTED_EDGE('',*,*,#1324,.F.);
#1733=ORIENTED_EDGE('',*,*,#1321,.F.);
#1734=ORIENTED_EDGE('',*,*,#1298,.F.);
#1735=ORIENTED_EDGE('',*,*,#1325,.T.);
#1736=ORIENTED_EDGE('',*,*,#1326,.F.);
#1737=ORIENTED_EDGE('',*,*,#1323,.F.);
#1738=ORIENTED_EDGE('',*,*,#1296,.F.);
#1739=ORIENTED_EDGE('',*,*,#1327,.T.);
#1740=ORIENTED_EDGE('',*,*,#1328,.F.);
#1741=ORIENTED_EDGE('',*,*,#1325,.F.);
#1742=ORIENTED_EDGE('',*,*,#1294,.F.);
#1743=ORIENTED_EDGE('',*,*,#1329,.T.);
#1744=ORIENTED_EDGE('',*,*,#1330,.F.);
#1745=ORIENTED_EDGE('',*,*,#1327,.F.);
#1746=ORIENTED_EDGE('',*,*,#1292,.F.);
#1747=ORIENTED_EDGE('',*,*,#1331,.T.);
#1748=ORIENTED_EDGE('',*,*,#1332,.F.);
#1749=ORIENTED_EDGE('',*,*,#1329,.F.);
#1750=ORIENTED_EDGE('',*,*,#1289,.F.);
#1751=ORIENTED_EDGE('',*,*,#1333,.T.);
#1752=ORIENTED_EDGE('',*,*,#1334,.F.);
#1753=ORIENTED_EDGE('',*,*,#1331,.F.);
#1754=ORIENTED_EDGE('',*,*,#1335,.T.);
#1755=ORIENTED_EDGE('',*,*,#1336,.T.);
#1756=ORIENTED_EDGE('',*,*,#1253,.T.);
#1757=ORIENTED_EDGE('',*,*,#1337,.F.);
#1758=ORIENTED_EDGE('',*,*,#1338,.T.);
#1759=ORIENTED_EDGE('',*,*,#1339,.T.);
#1760=ORIENTED_EDGE('',*,*,#1254,.T.);
#1761=ORIENTED_EDGE('',*,*,#1336,.F.);
#1762=ORIENTED_EDGE('',*,*,#1340,.T.);
#1763=ORIENTED_EDGE('',*,*,#1341,.T.);
#1764=ORIENTED_EDGE('',*,*,#1255,.T.);
#1765=ORIENTED_EDGE('',*,*,#1339,.F.);
#1766=ORIENTED_EDGE('',*,*,#1342,.T.);
#1767=ORIENTED_EDGE('',*,*,#1343,.T.);
#1768=ORIENTED_EDGE('',*,*,#1241,.T.);
#1769=ORIENTED_EDGE('',*,*,#1344,.T.);
#1770=ORIENTED_EDGE('',*,*,#1345,.T.);
#1771=ORIENTED_EDGE('',*,*,#1346,.T.);
#1772=ORIENTED_EDGE('',*,*,#1242,.T.);
#1773=ORIENTED_EDGE('',*,*,#1343,.F.);
#1774=ORIENTED_EDGE('',*,*,#1347,.T.);
#1775=ORIENTED_EDGE('',*,*,#1348,.T.);
#1776=ORIENTED_EDGE('',*,*,#1243,.T.);
#1777=ORIENTED_EDGE('',*,*,#1346,.F.);
#1778=ORIENTED_EDGE('',*,*,#1244,.T.);
#1779=ORIENTED_EDGE('',*,*,#1348,.F.);
#1780=ORIENTED_EDGE('',*,*,#1349,.T.);
#1781=ORIENTED_EDGE('',*,*,#1350,.T.);
#1782=ORIENTED_EDGE('',*,*,#1245,.T.);
#1783=ORIENTED_EDGE('',*,*,#1350,.F.);
#1784=ORIENTED_EDGE('',*,*,#1351,.T.);
#1785=ORIENTED_EDGE('',*,*,#1352,.T.);
#1786=ORIENTED_EDGE('',*,*,#1246,.T.);
#1787=ORIENTED_EDGE('',*,*,#1352,.F.);
#1788=ORIENTED_EDGE('',*,*,#1353,.T.);
#1789=ORIENTED_EDGE('',*,*,#1354,.T.);
#1790=ORIENTED_EDGE('',*,*,#1247,.T.);
#1791=ORIENTED_EDGE('',*,*,#1354,.F.);
#1792=ORIENTED_EDGE('',*,*,#1355,.T.);
#1793=ORIENTED_EDGE('',*,*,#1356,.T.);
#1794=ORIENTED_EDGE('',*,*,#1357,.T.);
#1795=ORIENTED_EDGE('',*,*,#1344,.F.);
#1796=ORIENTED_EDGE('',*,*,#1256,.T.);
#1797=ORIENTED_EDGE('',*,*,#1341,.F.);
#1798=ORIENTED_EDGE('',*,*,#1248,.T.);
#1799=ORIENTED_EDGE('',*,*,#1356,.F.);
#1800=ORIENTED_EDGE('',*,*,#1358,.T.);
#1801=ORIENTED_EDGE('',*,*,#1359,.T.);
#1802=ORIENTED_EDGE('',*,*,#1249,.T.);
#1803=ORIENTED_EDGE('',*,*,#1359,.F.);
#1804=ORIENTED_EDGE('',*,*,#1360,.T.);
#1805=ORIENTED_EDGE('',*,*,#1361,.T.);
#1806=ORIENTED_EDGE('',*,*,#1250,.T.);
#1807=ORIENTED_EDGE('',*,*,#1361,.F.);
#1808=ORIENTED_EDGE('',*,*,#1362,.T.);
#1809=ORIENTED_EDGE('',*,*,#1363,.T.);
#1810=ORIENTED_EDGE('',*,*,#1251,.T.);
#1811=ORIENTED_EDGE('',*,*,#1363,.F.);
#1812=ORIENTED_EDGE('',*,*,#1364,.T.);
#1813=ORIENTED_EDGE('',*,*,#1365,.T.);
#1814=ORIENTED_EDGE('',*,*,#1252,.T.);
#1815=ORIENTED_EDGE('',*,*,#1365,.F.);
#1816=ORIENTED_EDGE('',*,*,#1366,.T.);
#1817=ORIENTED_EDGE('',*,*,#1337,.T.);
#1818=ORIENTED_EDGE('',*,*,#1358,.F.);
#1819=ORIENTED_EDGE('',*,*,#1367,.T.);
#1820=ORIENTED_EDGE('',*,*,#1368,.F.);
#1821=ORIENTED_EDGE('',*,*,#1369,.F.);
#1822=ORIENTED_EDGE('',*,*,#1355,.F.);
#1823=ORIENTED_EDGE('',*,*,#1370,.T.);
#1824=ORIENTED_EDGE('',*,*,#1371,.F.);
#1825=ORIENTED_EDGE('',*,*,#1367,.F.);
#1826=ORIENTED_EDGE('',*,*,#1353,.F.);
#1827=ORIENTED_EDGE('',*,*,#1372,.T.);
#1828=ORIENTED_EDGE('',*,*,#1373,.F.);
#1829=ORIENTED_EDGE('',*,*,#1370,.F.);
#1830=ORIENTED_EDGE('',*,*,#1351,.F.);
#1831=ORIENTED_EDGE('',*,*,#1374,.T.);
#1832=ORIENTED_EDGE('',*,*,#1375,.F.);
#1833=ORIENTED_EDGE('',*,*,#1372,.F.);
#1834=ORIENTED_EDGE('',*,*,#1349,.F.);
#1835=ORIENTED_EDGE('',*,*,#1376,.T.);
#1836=ORIENTED_EDGE('',*,*,#1377,.F.);
#1837=ORIENTED_EDGE('',*,*,#1374,.F.);
#1838=ORIENTED_EDGE('',*,*,#1347,.F.);
#1839=ORIENTED_EDGE('',*,*,#1378,.T.);
#1840=ORIENTED_EDGE('',*,*,#1379,.F.);
#1841=ORIENTED_EDGE('',*,*,#1376,.F.);
#1842=ORIENTED_EDGE('',*,*,#1345,.F.);
#1843=ORIENTED_EDGE('',*,*,#1380,.T.);
#1844=ORIENTED_EDGE('',*,*,#1381,.F.);
#1845=ORIENTED_EDGE('',*,*,#1378,.F.);
#1846=ORIENTED_EDGE('',*,*,#1342,.F.);
#1847=ORIENTED_EDGE('',*,*,#1382,.T.);
#1848=ORIENTED_EDGE('',*,*,#1383,.F.);
#1849=ORIENTED_EDGE('',*,*,#1380,.F.);
#1850=ORIENTED_EDGE('',*,*,#1384,.T.);
#1851=ORIENTED_EDGE('',*,*,#1385,.T.);
#1852=ORIENTED_EDGE('',*,*,#1319,.T.);
#1853=ORIENTED_EDGE('',*,*,#1386,.F.);
#1854=ORIENTED_EDGE('',*,*,#1387,.T.);
#1855=ORIENTED_EDGE('',*,*,#1388,.T.);
#1856=ORIENTED_EDGE('',*,*,#1389,.T.);
#1857=ORIENTED_EDGE('',*,*,#1385,.F.);
#1858=ORIENTED_EDGE('',*,*,#1390,.T.);
#1859=ORIENTED_EDGE('',*,*,#1391,.T.);
#1860=ORIENTED_EDGE('',*,*,#1392,.T.);
#1861=ORIENTED_EDGE('',*,*,#1388,.F.);
#1862=ORIENTED_EDGE('',*,*,#1393,.T.);
#1863=ORIENTED_EDGE('',*,*,#1394,.T.);
#1864=ORIENTED_EDGE('',*,*,#1395,.T.);
#1865=ORIENTED_EDGE('',*,*,#1391,.F.);
#1866=ORIENTED_EDGE('',*,*,#1396,.T.);
#1867=ORIENTED_EDGE('',*,*,#1397,.T.);
#1868=ORIENTED_EDGE('',*,*,#1398,.T.);
#1869=ORIENTED_EDGE('',*,*,#1394,.F.);
#1870=ORIENTED_EDGE('',*,*,#1399,.T.);
#1871=ORIENTED_EDGE('',*,*,#1400,.T.);
#1872=ORIENTED_EDGE('',*,*,#1401,.T.);
#1873=ORIENTED_EDGE('',*,*,#1397,.F.);
#1874=ORIENTED_EDGE('',*,*,#1402,.T.);
#1875=ORIENTED_EDGE('',*,*,#1403,.T.);
#1876=ORIENTED_EDGE('',*,*,#1404,.T.);
#1877=ORIENTED_EDGE('',*,*,#1400,.F.);
#1878=ORIENTED_EDGE('',*,*,#1405,.T.);
#1879=ORIENTED_EDGE('',*,*,#1406,.T.);
#1880=ORIENTED_EDGE('',*,*,#1407,.T.);
#1881=ORIENTED_EDGE('',*,*,#1403,.F.);
#1882=ORIENTED_EDGE('',*,*,#1408,.T.);
#1883=ORIENTED_EDGE('',*,*,#1409,.T.);
#1884=ORIENTED_EDGE('',*,*,#1410,.T.);
#1885=ORIENTED_EDGE('',*,*,#1406,.F.);
#1886=ORIENTED_EDGE('',*,*,#1334,.T.);
#1887=ORIENTED_EDGE('',*,*,#1409,.F.);
#1888=ORIENTED_EDGE('',*,*,#1411,.T.);
#1889=ORIENTED_EDGE('',*,*,#1412,.T.);
#1890=ORIENTED_EDGE('',*,*,#1332,.T.);
#1891=ORIENTED_EDGE('',*,*,#1412,.F.);
#1892=ORIENTED_EDGE('',*,*,#1413,.T.);
#1893=ORIENTED_EDGE('',*,*,#1414,.T.);
#1894=ORIENTED_EDGE('',*,*,#1330,.T.);
#1895=ORIENTED_EDGE('',*,*,#1414,.F.);
#1896=ORIENTED_EDGE('',*,*,#1415,.T.);
#1897=ORIENTED_EDGE('',*,*,#1416,.T.);
#1898=ORIENTED_EDGE('',*,*,#1328,.T.);
#1899=ORIENTED_EDGE('',*,*,#1416,.F.);
#1900=ORIENTED_EDGE('',*,*,#1417,.T.);
#1901=ORIENTED_EDGE('',*,*,#1418,.T.);
#1902=ORIENTED_EDGE('',*,*,#1326,.T.);
#1903=ORIENTED_EDGE('',*,*,#1418,.F.);
#1904=ORIENTED_EDGE('',*,*,#1419,.T.);
#1905=ORIENTED_EDGE('',*,*,#1420,.T.);
#1906=ORIENTED_EDGE('',*,*,#1324,.T.);
#1907=ORIENTED_EDGE('',*,*,#1420,.F.);
#1908=ORIENTED_EDGE('',*,*,#1421,.T.);
#1909=ORIENTED_EDGE('',*,*,#1422,.T.);
#1910=ORIENTED_EDGE('',*,*,#1322,.T.);
#1911=ORIENTED_EDGE('',*,*,#1422,.F.);
#1912=ORIENTED_EDGE('',*,*,#1423,.T.);
#1913=ORIENTED_EDGE('',*,*,#1386,.T.);
#1914=ORIENTED_EDGE('',*,*,#1384,.F.);
#1915=ORIENTED_EDGE('',*,*,#1423,.F.);
#1916=ORIENTED_EDGE('',*,*,#1421,.F.);
#1917=ORIENTED_EDGE('',*,*,#1419,.F.);
#1918=ORIENTED_EDGE('',*,*,#1417,.F.);
#1919=ORIENTED_EDGE('',*,*,#1415,.F.);
#1920=ORIENTED_EDGE('',*,*,#1413,.F.);
#1921=ORIENTED_EDGE('',*,*,#1411,.F.);
#1922=ORIENTED_EDGE('',*,*,#1408,.F.);
#1923=ORIENTED_EDGE('',*,*,#1405,.F.);
#1924=ORIENTED_EDGE('',*,*,#1402,.F.);
#1925=ORIENTED_EDGE('',*,*,#1399,.F.);
#1926=ORIENTED_EDGE('',*,*,#1396,.F.);
#1927=ORIENTED_EDGE('',*,*,#1393,.F.);
#1928=ORIENTED_EDGE('',*,*,#1390,.F.);
#1929=ORIENTED_EDGE('',*,*,#1387,.F.);
#1930=ORIENTED_EDGE('',*,*,#1424,.T.);
#1931=ORIENTED_EDGE('',*,*,#1425,.T.);
#1932=ORIENTED_EDGE('',*,*,#1368,.T.);
#1933=ORIENTED_EDGE('',*,*,#1426,.F.);
#1934=ORIENTED_EDGE('',*,*,#1427,.T.);
#1935=ORIENTED_EDGE('',*,*,#1428,.T.);
#1936=ORIENTED_EDGE('',*,*,#1429,.T.);
#1937=ORIENTED_EDGE('',*,*,#1425,.F.);
#1938=ORIENTED_EDGE('',*,*,#1430,.T.);
#1939=ORIENTED_EDGE('',*,*,#1431,.T.);
#1940=ORIENTED_EDGE('',*,*,#1432,.T.);
#1941=ORIENTED_EDGE('',*,*,#1428,.F.);
#1942=ORIENTED_EDGE('',*,*,#1433,.T.);
#1943=ORIENTED_EDGE('',*,*,#1434,.T.);
#1944=ORIENTED_EDGE('',*,*,#1435,.T.);
#1945=ORIENTED_EDGE('',*,*,#1431,.F.);
#1946=ORIENTED_EDGE('',*,*,#1436,.T.);
#1947=ORIENTED_EDGE('',*,*,#1437,.T.);
#1948=ORIENTED_EDGE('',*,*,#1438,.T.);
#1949=ORIENTED_EDGE('',*,*,#1434,.F.);
#1950=ORIENTED_EDGE('',*,*,#1439,.T.);
#1951=ORIENTED_EDGE('',*,*,#1440,.T.);
#1952=ORIENTED_EDGE('',*,*,#1441,.T.);
#1953=ORIENTED_EDGE('',*,*,#1437,.F.);
#1954=ORIENTED_EDGE('',*,*,#1442,.T.);
#1955=ORIENTED_EDGE('',*,*,#1443,.T.);
#1956=ORIENTED_EDGE('',*,*,#1444,.T.);
#1957=ORIENTED_EDGE('',*,*,#1440,.F.);
#1958=ORIENTED_EDGE('',*,*,#1445,.T.);
#1959=ORIENTED_EDGE('',*,*,#1446,.T.);
#1960=ORIENTED_EDGE('',*,*,#1447,.T.);
#1961=ORIENTED_EDGE('',*,*,#1443,.F.);
#1962=ORIENTED_EDGE('',*,*,#1448,.T.);
#1963=ORIENTED_EDGE('',*,*,#1449,.T.);
#1964=ORIENTED_EDGE('',*,*,#1450,.T.);
#1965=ORIENTED_EDGE('',*,*,#1446,.F.);
#1966=ORIENTED_EDGE('',*,*,#1383,.T.);
#1967=ORIENTED_EDGE('',*,*,#1449,.F.);
#1968=ORIENTED_EDGE('',*,*,#1451,.T.);
#1969=ORIENTED_EDGE('',*,*,#1452,.T.);
#1970=ORIENTED_EDGE('',*,*,#1381,.T.);
#1971=ORIENTED_EDGE('',*,*,#1452,.F.);
#1972=ORIENTED_EDGE('',*,*,#1453,.T.);
#1973=ORIENTED_EDGE('',*,*,#1454,.T.);
#1974=ORIENTED_EDGE('',*,*,#1379,.T.);
#1975=ORIENTED_EDGE('',*,*,#1454,.F.);
#1976=ORIENTED_EDGE('',*,*,#1455,.T.);
#1977=ORIENTED_EDGE('',*,*,#1456,.T.);
#1978=ORIENTED_EDGE('',*,*,#1377,.T.);
#1979=ORIENTED_EDGE('',*,*,#1456,.F.);
#1980=ORIENTED_EDGE('',*,*,#1457,.T.);
#1981=ORIENTED_EDGE('',*,*,#1458,.T.);
#1982=ORIENTED_EDGE('',*,*,#1375,.T.);
#1983=ORIENTED_EDGE('',*,*,#1458,.F.);
#1984=ORIENTED_EDGE('',*,*,#1459,.T.);
#1985=ORIENTED_EDGE('',*,*,#1460,.T.);
#1986=ORIENTED_EDGE('',*,*,#1373,.T.);
#1987=ORIENTED_EDGE('',*,*,#1460,.F.);
#1988=ORIENTED_EDGE('',*,*,#1461,.T.);
#1989=ORIENTED_EDGE('',*,*,#1462,.T.);
#1990=ORIENTED_EDGE('',*,*,#1371,.T.);
#1991=ORIENTED_EDGE('',*,*,#1462,.F.);
#1992=ORIENTED_EDGE('',*,*,#1463,.T.);
#1993=ORIENTED_EDGE('',*,*,#1426,.T.);
#1994=ORIENTED_EDGE('',*,*,#1424,.F.);
#1995=ORIENTED_EDGE('',*,*,#1463,.F.);
#1996=ORIENTED_EDGE('',*,*,#1461,.F.);
#1997=ORIENTED_EDGE('',*,*,#1459,.F.);
#1998=ORIENTED_EDGE('',*,*,#1457,.F.);
#1999=ORIENTED_EDGE('',*,*,#1455,.F.);
#2000=ORIENTED_EDGE('',*,*,#1453,.F.);
#2001=ORIENTED_EDGE('',*,*,#1451,.F.);
#2002=ORIENTED_EDGE('',*,*,#1448,.F.);
#2003=ORIENTED_EDGE('',*,*,#1445,.F.);
#2004=ORIENTED_EDGE('',*,*,#1442,.F.);
#2005=ORIENTED_EDGE('',*,*,#1439,.F.);
#2006=ORIENTED_EDGE('',*,*,#1436,.F.);
#2007=ORIENTED_EDGE('',*,*,#1433,.F.);
#2008=ORIENTED_EDGE('',*,*,#1430,.F.);
#2009=ORIENTED_EDGE('',*,*,#1427,.F.);
#2010=ORIENTED_EDGE('',*,*,#1360,.F.);
#2011=ORIENTED_EDGE('',*,*,#1369,.T.);
#2012=ORIENTED_EDGE('',*,*,#1429,.F.);
#2013=ORIENTED_EDGE('',*,*,#1464,.F.);
#2014=ORIENTED_EDGE('',*,*,#1362,.F.);
#2015=ORIENTED_EDGE('',*,*,#1464,.T.);
#2016=ORIENTED_EDGE('',*,*,#1432,.F.);
#2017=ORIENTED_EDGE('',*,*,#1465,.F.);
#2018=ORIENTED_EDGE('',*,*,#1364,.F.);
#2019=ORIENTED_EDGE('',*,*,#1465,.T.);
#2020=ORIENTED_EDGE('',*,*,#1435,.F.);
#2021=ORIENTED_EDGE('',*,*,#1466,.F.);
#2022=ORIENTED_EDGE('',*,*,#1366,.F.);
#2023=ORIENTED_EDGE('',*,*,#1466,.T.);
#2024=ORIENTED_EDGE('',*,*,#1438,.F.);
#2025=ORIENTED_EDGE('',*,*,#1467,.F.);
#2026=ORIENTED_EDGE('',*,*,#1335,.F.);
#2027=ORIENTED_EDGE('',*,*,#1467,.T.);
#2028=ORIENTED_EDGE('',*,*,#1441,.F.);
#2029=ORIENTED_EDGE('',*,*,#1468,.F.);
#2030=ORIENTED_EDGE('',*,*,#1338,.F.);
#2031=ORIENTED_EDGE('',*,*,#1468,.T.);
#2032=ORIENTED_EDGE('',*,*,#1444,.F.);
#2033=ORIENTED_EDGE('',*,*,#1469,.F.);
#2034=ORIENTED_EDGE('',*,*,#1340,.F.);
#2035=ORIENTED_EDGE('',*,*,#1469,.T.);
#2036=ORIENTED_EDGE('',*,*,#1447,.F.);
#2037=ORIENTED_EDGE('',*,*,#1470,.F.);
#2038=ORIENTED_EDGE('',*,*,#1357,.F.);
#2039=ORIENTED_EDGE('',*,*,#1470,.T.);
#2040=ORIENTED_EDGE('',*,*,#1450,.F.);
#2041=ORIENTED_EDGE('',*,*,#1382,.F.);
#2042=ORIENTED_EDGE('',*,*,#1306,.F.);
#2043=ORIENTED_EDGE('',*,*,#1320,.T.);
#2044=ORIENTED_EDGE('',*,*,#1389,.F.);
#2045=ORIENTED_EDGE('',*,*,#1471,.F.);
#2046=ORIENTED_EDGE('',*,*,#1308,.F.);
#2047=ORIENTED_EDGE('',*,*,#1471,.T.);
#2048=ORIENTED_EDGE('',*,*,#1392,.F.);
#2049=ORIENTED_EDGE('',*,*,#1472,.F.);
#2050=ORIENTED_EDGE('',*,*,#1310,.F.);
#2051=ORIENTED_EDGE('',*,*,#1472,.T.);
#2052=ORIENTED_EDGE('',*,*,#1395,.F.);
#2053=ORIENTED_EDGE('',*,*,#1473,.F.);
#2054=ORIENTED_EDGE('',*,*,#1313,.F.);
#2055=ORIENTED_EDGE('',*,*,#1473,.T.);
#2056=ORIENTED_EDGE('',*,*,#1398,.F.);
#2057=ORIENTED_EDGE('',*,*,#1474,.F.);
#2058=ORIENTED_EDGE('',*,*,#1315,.F.);
#2059=ORIENTED_EDGE('',*,*,#1474,.T.);
#2060=ORIENTED_EDGE('',*,*,#1401,.F.);
#2061=ORIENTED_EDGE('',*,*,#1475,.F.);
#2062=ORIENTED_EDGE('',*,*,#1317,.F.);
#2063=ORIENTED_EDGE('',*,*,#1475,.T.);
#2064=ORIENTED_EDGE('',*,*,#1404,.F.);
#2065=ORIENTED_EDGE('',*,*,#1476,.F.);
#2066=ORIENTED_EDGE('',*,*,#1286,.F.);
#2067=ORIENTED_EDGE('',*,*,#1476,.T.);
#2068=ORIENTED_EDGE('',*,*,#1407,.F.);
#2069=ORIENTED_EDGE('',*,*,#1477,.F.);
#2070=ORIENTED_EDGE('',*,*,#1312,.F.);
#2071=ORIENTED_EDGE('',*,*,#1477,.T.);
#2072=ORIENTED_EDGE('',*,*,#1410,.F.);
#2073=ORIENTED_EDGE('',*,*,#1333,.F.);
#2074=ORIENTED_EDGE('',*,*,#1478,.F.);
#2075=ORIENTED_EDGE('',*,*,#1479,.F.);
#2076=ORIENTED_EDGE('',*,*,#1480,.F.);
#2077=ORIENTED_EDGE('',*,*,#1481,.F.);
#2078=ORIENTED_EDGE('',*,*,#1482,.F.);
#2079=ORIENTED_EDGE('',*,*,#1483,.T.);
#2080=ORIENTED_EDGE('',*,*,#1484,.F.);
#2081=ORIENTED_EDGE('',*,*,#1485,.F.);
#2082=ORIENTED_EDGE('',*,*,#1486,.F.);
#2083=ORIENTED_EDGE('',*,*,#1481,.T.);
#2084=ORIENTED_EDGE('',*,*,#1487,.F.);
#2085=ORIENTED_EDGE('',*,*,#1483,.F.);
#2086=ORIENTED_EDGE('',*,*,#1488,.F.);
#2087=ORIENTED_EDGE('',*,*,#1489,.T.);
#2088=ORIENTED_EDGE('',*,*,#1490,.F.);
#2089=ORIENTED_EDGE('',*,*,#1491,.F.);
#2090=ORIENTED_EDGE('',*,*,#1492,.F.);
#2091=ORIENTED_EDGE('',*,*,#1485,.T.);
#2092=ORIENTED_EDGE('',*,*,#1493,.F.);
#2093=ORIENTED_EDGE('',*,*,#1489,.F.);
#2094=ORIENTED_EDGE('',*,*,#1494,.F.);
#2095=ORIENTED_EDGE('',*,*,#1495,.T.);
#2096=ORIENTED_EDGE('',*,*,#1496,.F.);
#2097=ORIENTED_EDGE('',*,*,#1497,.F.);
#2098=ORIENTED_EDGE('',*,*,#1498,.F.);
#2099=ORIENTED_EDGE('',*,*,#1491,.T.);
#2100=ORIENTED_EDGE('',*,*,#1499,.F.);
#2101=ORIENTED_EDGE('',*,*,#1495,.F.);
#2102=ORIENTED_EDGE('',*,*,#1479,.T.);
#2103=ORIENTED_EDGE('',*,*,#1500,.F.);
#2104=ORIENTED_EDGE('',*,*,#1501,.F.);
#2105=ORIENTED_EDGE('',*,*,#1502,.F.);
#2106=ORIENTED_EDGE('',*,*,#1478,.T.);
#2107=ORIENTED_EDGE('',*,*,#1486,.T.);
#2108=ORIENTED_EDGE('',*,*,#1482,.T.);
#2109=ORIENTED_EDGE('',*,*,#1492,.T.);
#2110=ORIENTED_EDGE('',*,*,#1488,.T.);
#2111=ORIENTED_EDGE('',*,*,#1498,.T.);
#2112=ORIENTED_EDGE('',*,*,#1494,.T.);
#2113=ORIENTED_EDGE('',*,*,#1503,.T.);
#2114=ORIENTED_EDGE('',*,*,#1504,.T.);
#2115=ORIENTED_EDGE('',*,*,#1505,.T.);
#2116=ORIENTED_EDGE('',*,*,#1506,.T.);
#2117=ORIENTED_EDGE('',*,*,#1500,.T.);
#2118=ORIENTED_EDGE('',*,*,#1497,.T.);
#2119=ORIENTED_EDGE('',*,*,#1507,.F.);
#2120=ORIENTED_EDGE('',*,*,#1216,.F.);
#2121=ORIENTED_EDGE('',*,*,#1508,.F.);
#2122=ORIENTED_EDGE('',*,*,#1509,.T.);
#2123=ORIENTED_EDGE('',*,*,#1503,.F.);
#2124=ORIENTED_EDGE('',*,*,#1510,.F.);
#2125=ORIENTED_EDGE('',*,*,#1511,.F.);
#2126=ORIENTED_EDGE('',*,*,#1215,.T.);
#2127=ORIENTED_EDGE('',*,*,#1512,.F.);
#2128=ORIENTED_EDGE('',*,*,#1513,.F.);
#2129=ORIENTED_EDGE('',*,*,#1514,.F.);
#2130=ORIENTED_EDGE('',*,*,#1258,.T.);
#2131=ORIENTED_EDGE('',*,*,#1515,.F.);
#2132=ORIENTED_EDGE('',*,*,#1516,.F.);
#2133=ORIENTED_EDGE('',*,*,#1517,.F.);
#2134=ORIENTED_EDGE('',*,*,#1518,.F.);
#2135=ORIENTED_EDGE('',*,*,#1514,.T.);
#2136=ORIENTED_EDGE('',*,*,#1519,.T.);
#2137=ORIENTED_EDGE('',*,*,#1520,.T.);
#2138=ORIENTED_EDGE('',*,*,#1259,.F.);
#2139=ORIENTED_EDGE('',*,*,#1513,.T.);
#2140=ORIENTED_EDGE('',*,*,#1521,.T.);
#2141=ORIENTED_EDGE('',*,*,#1522,.T.);
#2142=ORIENTED_EDGE('',*,*,#1519,.F.);
#2143=ORIENTED_EDGE('',*,*,#1512,.T.);
#2144=ORIENTED_EDGE('',*,*,#1214,.F.);
#2145=ORIENTED_EDGE('',*,*,#1523,.T.);
#2146=ORIENTED_EDGE('',*,*,#1521,.F.);
#2147=ORIENTED_EDGE('',*,*,#1511,.T.);
#2148=ORIENTED_EDGE('',*,*,#1524,.T.);
#2149=ORIENTED_EDGE('',*,*,#1525,.T.);
#2150=ORIENTED_EDGE('',*,*,#1508,.T.);
#2151=ORIENTED_EDGE('',*,*,#1526,.F.);
#2152=ORIENTED_EDGE('',*,*,#1527,.F.);
#2153=ORIENTED_EDGE('',*,*,#1528,.F.);
#2154=ORIENTED_EDGE('',*,*,#1529,.F.);
#2155=ORIENTED_EDGE('',*,*,#1260,.F.);
#2156=ORIENTED_EDGE('',*,*,#1520,.F.);
#2157=ORIENTED_EDGE('',*,*,#1522,.F.);
#2158=ORIENTED_EDGE('',*,*,#1523,.F.);
#2159=ORIENTED_EDGE('',*,*,#1213,.F.);
#2160=ORIENTED_EDGE('',*,*,#1530,.F.);
#2161=ORIENTED_EDGE('',*,*,#1480,.T.);
#2162=ORIENTED_EDGE('',*,*,#1502,.T.);
#2163=ORIENTED_EDGE('',*,*,#1531,.F.);
#2164=ORIENTED_EDGE('',*,*,#1532,.T.);
#2165=ORIENTED_EDGE('',*,*,#1225,.T.);
#2166=ORIENTED_EDGE('',*,*,#1507,.T.);
#2167=ORIENTED_EDGE('',*,*,#1496,.T.);
#2168=ORIENTED_EDGE('',*,*,#1499,.T.);
#2169=ORIENTED_EDGE('',*,*,#1490,.T.);
#2170=ORIENTED_EDGE('',*,*,#1493,.T.);
#2171=ORIENTED_EDGE('',*,*,#1484,.T.);
#2172=ORIENTED_EDGE('',*,*,#1487,.T.);
#2173=ORIENTED_EDGE('',*,*,#1531,.T.);
#2174=ORIENTED_EDGE('',*,*,#1501,.T.);
#2175=ORIENTED_EDGE('',*,*,#1506,.F.);
#2176=ORIENTED_EDGE('',*,*,#1533,.F.);
#2177=ORIENTED_EDGE('',*,*,#1532,.F.);
#2178=ORIENTED_EDGE('',*,*,#1533,.T.);
#2179=ORIENTED_EDGE('',*,*,#1505,.F.);
#2180=ORIENTED_EDGE('',*,*,#1534,.F.);
#2181=ORIENTED_EDGE('',*,*,#1210,.F.);
#2182=ORIENTED_EDGE('',*,*,#1211,.F.);
#2183=ORIENTED_EDGE('',*,*,#1534,.T.);
#2184=ORIENTED_EDGE('',*,*,#1504,.F.);
#2185=ORIENTED_EDGE('',*,*,#1509,.F.);
#2186=ORIENTED_EDGE('',*,*,#1525,.F.);
#2187=ORIENTED_EDGE('',*,*,#1510,.T.);
#2188=ORIENTED_EDGE('',*,*,#1535,.T.);
#2189=ORIENTED_EDGE('',*,*,#1530,.T.);
#2190=ORIENTED_EDGE('',*,*,#1212,.F.);
#2191=ORIENTED_EDGE('',*,*,#1524,.F.);
#2192=ORIENTED_EDGE('',*,*,#1518,.T.);
#2193=ORIENTED_EDGE('',*,*,#1536,.T.);
#2194=ORIENTED_EDGE('',*,*,#1526,.T.);
#2195=ORIENTED_EDGE('',*,*,#1535,.F.);
#2196=ORIENTED_EDGE('',*,*,#1517,.T.);
#2197=ORIENTED_EDGE('',*,*,#1537,.T.);
#2198=ORIENTED_EDGE('',*,*,#1527,.T.);
#2199=ORIENTED_EDGE('',*,*,#1536,.F.);
#2200=ORIENTED_EDGE('',*,*,#1515,.T.);
#2201=ORIENTED_EDGE('',*,*,#1257,.F.);
#2202=ORIENTED_EDGE('',*,*,#1529,.T.);
#2203=ORIENTED_EDGE('',*,*,#1538,.T.);
#2204=ORIENTED_EDGE('',*,*,#1516,.T.);
#2205=ORIENTED_EDGE('',*,*,#1538,.F.);
#2206=ORIENTED_EDGE('',*,*,#1528,.T.);
#2207=ORIENTED_EDGE('',*,*,#1537,.F.);
#2208=ORIENTED_EDGE('',*,*,#1282,.T.);
#2209=ORIENTED_EDGE('',*,*,#1235,.F.);
#2210=ORIENTED_EDGE('',*,*,#1284,.F.);
#2211=ORIENTED_EDGE('',*,*,#1237,.F.);
#2212=ORIENTED_EDGE('',*,*,#1202,.T.);
#2213=ORIENTED_EDGE('',*,*,#1539,.T.);
#2214=ORIENTED_EDGE('',*,*,#1227,.T.);
#2215=ORIENTED_EDGE('',*,*,#1230,.F.);
#2216=ORIENTED_EDGE('',*,*,#1229,.T.);
#2217=ORIENTED_EDGE('',*,*,#1540,.T.);
#2218=ORIENTED_EDGE('',*,*,#1278,.F.);
#2219=ORIENTED_EDGE('',*,*,#1231,.F.);
#2220=ORIENTED_EDGE('',*,*,#1201,.T.);
#2221=ORIENTED_EDGE('',*,*,#1541,.T.);
#2222=ORIENTED_EDGE('',*,*,#1279,.F.);
#2223=ORIENTED_EDGE('',*,*,#1540,.F.);
#2224=ORIENTED_EDGE('',*,*,#1228,.T.);
#2225=ORIENTED_EDGE('',*,*,#1539,.F.);
#2226=ORIENTED_EDGE('',*,*,#1200,.T.);
#2227=ORIENTED_EDGE('',*,*,#1206,.T.);
#2228=ORIENTED_EDGE('',*,*,#1280,.F.);
#2229=ORIENTED_EDGE('',*,*,#1541,.F.);
#2230=ORIENTED_EDGE('',*,*,#1281,.T.);
#2231=ORIENTED_EDGE('',*,*,#1239,.F.);
#2232=ORIENTED_EDGE('',*,*,#1283,.F.);
#2233=ORIENTED_EDGE('',*,*,#1219,.F.);
#2234=PLANE('',#2492);
#2235=PLANE('',#2495);
#2236=PLANE('',#2496);
#2237=PLANE('',#2497);
#2238=PLANE('',#2499);
#2239=PLANE('',#2500);
#2240=PLANE('',#2503);
#2241=PLANE('',#2504);
#2242=PLANE('',#2507);
#2243=PLANE('',#2508);
#2244=PLANE('',#2510);
#2245=PLANE('',#2512);
#2246=PLANE('',#2545);
#2247=PLANE('',#2546);
#2248=PLANE('',#2547);
#2249=PLANE('',#2548);
#2250=PLANE('',#2549);
#2251=PLANE('',#2550);
#2252=PLANE('',#2551);
#2253=PLANE('',#2552);
#2254=PLANE('',#2585);
#2255=PLANE('',#2586);
#2256=PLANE('',#2587);
#2257=PLANE('',#2588);
#2258=PLANE('',#2589);
#2259=PLANE('',#2590);
#2260=PLANE('',#2591);
#2261=PLANE('',#2592);
#2262=PLANE('',#2593);
#2263=PLANE('',#2594);
#2264=PLANE('',#2595);
#2265=PLANE('',#2596);
#2266=PLANE('',#2597);
#2267=PLANE('',#2598);
#2268=PLANE('',#2599);
#2269=PLANE('',#2600);
#2270=PLANE('',#2601);
#2271=PLANE('',#2602);
#2272=PLANE('',#2603);
#2273=PLANE('',#2604);
#2274=PLANE('',#2605);
#2275=PLANE('',#2606);
#2276=PLANE('',#2607);
#2277=PLANE('',#2608);
#2278=PLANE('',#2609);
#2279=PLANE('',#2610);
#2280=PLANE('',#2611);
#2281=PLANE('',#2612);
#2282=PLANE('',#2613);
#2283=PLANE('',#2614);
#2284=PLANE('',#2615);
#2285=PLANE('',#2616);
#2286=PLANE('',#2617);
#2287=PLANE('',#2618);
#2288=PLANE('',#2619);
#2289=PLANE('',#2620);
#2290=PLANE('',#2621);
#2291=PLANE('',#2622);
#2292=PLANE('',#2623);
#2293=PLANE('',#2624);
#2294=PLANE('',#2625);
#2295=PLANE('',#2626);
#2296=PLANE('',#2627);
#2297=PLANE('',#2628);
#2298=PLANE('',#2629);
#2299=PLANE('',#2630);
#2300=PLANE('',#2631);
#2301=PLANE('',#2632);
#2302=PLANE('',#2633);
#2303=PLANE('',#2634);
#2304=PLANE('',#2635);
#2305=PLANE('',#2636);
#2306=PLANE('',#2637);
#2307=PLANE('',#2638);
#2308=PLANE('',#2639);
#2309=PLANE('',#2640);
#2310=PLANE('',#2641);
#2311=PLANE('',#2642);
#2312=PLANE('',#2643);
#2313=PLANE('',#2644);
#2314=PLANE('',#2645);
#2315=PLANE('',#2646);
#2316=PLANE('',#2647);
#2317=PLANE('',#2648);
#2318=PLANE('',#2649);
#2319=PLANE('',#2650);
#2320=PLANE('',#2651);
#2321=PLANE('',#2654);
#2322=PLANE('',#2655);
#2323=PLANE('',#2656);
#2324=PLANE('',#2657);
#2325=PLANE('',#2658);
#2326=PLANE('',#2659);
#2327=PLANE('',#2661);
#2328=PLANE('',#2662);
#2329=PLANE('',#2665);
#2330=PLANE('',#2667);
#2331=PLANE('',#2668);
#2332=PLANE('',#2669);
#2333=PLANE('',#2670);
#2334=PLANE('',#2671);
#2335=PLANE('',#2675);
#2336=PLANE('',#2677);
#2337=ADVANCED_FACE('',(#88),#2234,.T.);
#2338=ADVANCED_FACE('',(#89),#2235,.T.);
#2339=ADVANCED_FACE('',(#90),#2236,.T.);
#2340=ADVANCED_FACE('',(#91),#2237,.T.);
#2341=ADVANCED_FACE('',(#92),#2238,.F.);
#2342=ADVANCED_FACE('',(#93),#2239,.T.);
#2343=ADVANCED_FACE('',(#94,#85,#86,#87),#2240,.T.);
#2344=ADVANCED_FACE('',(#95),#2241,.F.);
#2345=ADVANCED_FACE('',(#96),#2242,.F.);
#2346=ADVANCED_FACE('',(#97),#2243,.F.);
#2347=ADVANCED_FACE('',(#98),#2244,.T.);
#2348=ADVANCED_FACE('',(#99),#2245,.T.);
#2349=ADVANCED_FACE('',(#100),#47,.F.);
#2350=ADVANCED_FACE('',(#101),#48,.F.);
#2351=ADVANCED_FACE('',(#102),#49,.F.);
#2352=ADVANCED_FACE('',(#103),#50,.F.);
#2353=ADVANCED_FACE('',(#104),#51,.F.);
#2354=ADVANCED_FACE('',(#105),#52,.F.);
#2355=ADVANCED_FACE('',(#106),#53,.F.);
#2356=ADVANCED_FACE('',(#107),#54,.F.);
#2357=ADVANCED_FACE('',(#108),#55,.F.);
#2358=ADVANCED_FACE('',(#109),#56,.F.);
#2359=ADVANCED_FACE('',(#110),#57,.F.);
#2360=ADVANCED_FACE('',(#111),#58,.F.);
#2361=ADVANCED_FACE('',(#112),#59,.F.);
#2362=ADVANCED_FACE('',(#113),#60,.F.);
#2363=ADVANCED_FACE('',(#114),#61,.F.);
#2364=ADVANCED_FACE('',(#115),#62,.F.);
#2365=ADVANCED_FACE('',(#116),#2246,.T.);
#2366=ADVANCED_FACE('',(#117),#2247,.T.);
#2367=ADVANCED_FACE('',(#118),#2248,.T.);
#2368=ADVANCED_FACE('',(#119),#2249,.T.);
#2369=ADVANCED_FACE('',(#120),#2250,.T.);
#2370=ADVANCED_FACE('',(#121),#2251,.T.);
#2371=ADVANCED_FACE('',(#122),#2252,.T.);
#2372=ADVANCED_FACE('',(#123),#2253,.T.);
#2373=ADVANCED_FACE('',(#124),#63,.F.);
#2374=ADVANCED_FACE('',(#125),#64,.F.);
#2375=ADVANCED_FACE('',(#126),#65,.F.);
#2376=ADVANCED_FACE('',(#127),#66,.F.);
#2377=ADVANCED_FACE('',(#128),#67,.F.);
#2378=ADVANCED_FACE('',(#129),#68,.F.);
#2379=ADVANCED_FACE('',(#130),#69,.F.);
#2380=ADVANCED_FACE('',(#131),#70,.F.);
#2381=ADVANCED_FACE('',(#132),#71,.F.);
#2382=ADVANCED_FACE('',(#133),#72,.F.);
#2383=ADVANCED_FACE('',(#134),#73,.F.);
#2384=ADVANCED_FACE('',(#135),#74,.F.);
#2385=ADVANCED_FACE('',(#136),#75,.F.);
#2386=ADVANCED_FACE('',(#137),#76,.F.);
#2387=ADVANCED_FACE('',(#138),#77,.F.);
#2388=ADVANCED_FACE('',(#139),#78,.F.);
#2389=ADVANCED_FACE('',(#140),#2254,.T.);
#2390=ADVANCED_FACE('',(#141),#2255,.T.);
#2391=ADVANCED_FACE('',(#142),#2256,.T.);
#2392=ADVANCED_FACE('',(#143),#2257,.T.);
#2393=ADVANCED_FACE('',(#144),#2258,.T.);
#2394=ADVANCED_FACE('',(#145),#2259,.T.);
#2395=ADVANCED_FACE('',(#146),#2260,.T.);
#2396=ADVANCED_FACE('',(#147),#2261,.T.);
#2397=ADVANCED_FACE('',(#148),#2262,.T.);
#2398=ADVANCED_FACE('',(#149),#2263,.T.);
#2399=ADVANCED_FACE('',(#150),#2264,.T.);
#2400=ADVANCED_FACE('',(#151),#2265,.T.);
#2401=ADVANCED_FACE('',(#152),#2266,.T.);
#2402=ADVANCED_FACE('',(#153),#2267,.T.);
#2403=ADVANCED_FACE('',(#154),#2268,.T.);
#2404=ADVANCED_FACE('',(#155),#2269,.T.);
#2405=ADVANCED_FACE('',(#156),#2270,.T.);
#2406=ADVANCED_FACE('',(#157),#2271,.T.);
#2407=ADVANCED_FACE('',(#158),#2272,.T.);
#2408=ADVANCED_FACE('',(#159),#2273,.T.);
#2409=ADVANCED_FACE('',(#160),#2274,.T.);
#2410=ADVANCED_FACE('',(#161),#2275,.T.);
#2411=ADVANCED_FACE('',(#162),#2276,.T.);
#2412=ADVANCED_FACE('',(#163),#2277,.T.);
#2413=ADVANCED_FACE('',(#164),#2278,.T.);
#2414=ADVANCED_FACE('',(#165),#2279,.T.);
#2415=ADVANCED_FACE('',(#166),#2280,.T.);
#2416=ADVANCED_FACE('',(#167),#2281,.T.);
#2417=ADVANCED_FACE('',(#168),#2282,.T.);
#2418=ADVANCED_FACE('',(#169),#2283,.T.);
#2419=ADVANCED_FACE('',(#170),#2284,.T.);
#2420=ADVANCED_FACE('',(#171),#2285,.T.);
#2421=ADVANCED_FACE('',(#172),#2286,.T.);
#2422=ADVANCED_FACE('',(#173),#2287,.T.);
#2423=ADVANCED_FACE('',(#174),#2288,.T.);
#2424=ADVANCED_FACE('',(#175),#2289,.T.);
#2425=ADVANCED_FACE('',(#176),#2290,.T.);
#2426=ADVANCED_FACE('',(#177),#2291,.T.);
#2427=ADVANCED_FACE('',(#178),#2292,.T.);
#2428=ADVANCED_FACE('',(#179),#2293,.T.);
#2429=ADVANCED_FACE('',(#180),#2294,.T.);
#2430=ADVANCED_FACE('',(#181),#2295,.T.);
#2431=ADVANCED_FACE('',(#182),#2296,.T.);
#2432=ADVANCED_FACE('',(#183),#2297,.T.);
#2433=ADVANCED_FACE('',(#184),#2298,.T.);
#2434=ADVANCED_FACE('',(#185),#2299,.T.);
#2435=ADVANCED_FACE('',(#186),#2300,.T.);
#2436=ADVANCED_FACE('',(#187),#2301,.T.);
#2437=ADVANCED_FACE('',(#188),#2302,.T.);
#2438=ADVANCED_FACE('',(#189),#2303,.T.);
#2439=ADVANCED_FACE('',(#190),#2304,.T.);
#2440=ADVANCED_FACE('',(#191),#2305,.T.);
#2441=ADVANCED_FACE('',(#192),#2306,.T.);
#2442=ADVANCED_FACE('',(#193),#2307,.T.);
#2443=ADVANCED_FACE('',(#194),#2308,.T.);
#2444=ADVANCED_FACE('',(#195),#2309,.T.);
#2445=ADVANCED_FACE('',(#196),#2310,.T.);
#2446=ADVANCED_FACE('',(#197),#2311,.T.);
#2447=ADVANCED_FACE('',(#198),#2312,.F.);
#2448=ADVANCED_FACE('',(#199),#2313,.F.);
#2449=ADVANCED_FACE('',(#200),#2314,.F.);
#2450=ADVANCED_FACE('',(#201),#2315,.F.);
#2451=ADVANCED_FACE('',(#202),#2316,.F.);
#2452=ADVANCED_FACE('',(#203),#2317,.F.);
#2453=ADVANCED_FACE('',(#204),#2318,.F.);
#2454=ADVANCED_FACE('',(#205),#2319,.T.);
#2455=ADVANCED_FACE('',(#206),#2320,.T.);
#2456=ADVANCED_FACE('',(#207),#2321,.F.);
#2457=ADVANCED_FACE('',(#208),#2322,.T.);
#2458=ADVANCED_FACE('',(#209),#2323,.F.);
#2459=ADVANCED_FACE('',(#210),#2324,.T.);
#2460=ADVANCED_FACE('',(#211),#2325,.F.);
#2461=ADVANCED_FACE('',(#212),#2326,.F.);
#2462=ADVANCED_FACE('',(#213),#2327,.F.);
#2463=ADVANCED_FACE('',(#214),#2328,.F.);
#2464=ADVANCED_FACE('',(#215),#79,.T.);
#2465=ADVANCED_FACE('',(#216),#2329,.T.);
#2466=ADVANCED_FACE('',(#217),#80,.T.);
#2467=ADVANCED_FACE('',(#218),#2330,.T.);
#2468=ADVANCED_FACE('',(#219),#2331,.T.);
#2469=ADVANCED_FACE('',(#220),#2332,.F.);
#2470=ADVANCED_FACE('',(#221),#2333,.F.);
#2471=ADVANCED_FACE('',(#222),#2334,.F.);
#2472=ADVANCED_FACE('',(#223),#81,.F.);
#2473=ADVANCED_FACE('',(#224),#82,.F.);
#2474=ADVANCED_FACE('',(#225),#83,.F.);
#2475=ADVANCED_FACE('',(#226),#2335,.F.);
#2476=ADVANCED_FACE('',(#227),#84,.F.);
#2477=ADVANCED_FACE('',(#228),#2336,.T.);
#2478=CLOSED_SHELL('',(#2337,#2338,#2339,#2340,#2341,#2342,#2343,#2344,
#2345,#2346,#2347,#2348,#2349,#2350,#2351,#2352,#2353,#2354,#2355,#2356,
#2357,#2358,#2359,#2360,#2361,#2362,#2363,#2364,#2365,#2366,#2367,#2368,
#2369,#2370,#2371,#2372,#2373,#2374,#2375,#2376,#2377,#2378,#2379,#2380,
#2381,#2382,#2383,#2384,#2385,#2386,#2387,#2388,#2389,#2390,#2391,#2392,
#2393,#2394,#2395,#2396,#2397,#2398,#2399,#2400,#2401,#2402,#2403,#2404,
#2405,#2406,#2407,#2408,#2409,#2410,#2411,#2412,#2413,#2414,#2415,#2416,
#2417,#2418,#2419,#2420,#2421,#2422,#2423,#2424,#2425,#2426,#2427,#2428,
#2429,#2430,#2431,#2432,#2433,#2434,#2435,#2436,#2437,#2438,#2439,#2440,
#2441,#2442,#2443,#2444,#2445,#2446,#2447,#2448,#2449,#2450,#2451,#2452,
#2453,#2454,#2455,#2456,#2457,#2458,#2459,#2460,#2461,#2462,#2463,#2464,
#2465,#2466,#2467,#2468,#2469,#2470,#2471,#2472,#2473,#2474,#2475,#2476,
#2477));
#2479=DERIVED_UNIT_ELEMENT(#2481,1.);
#2480=DERIVED_UNIT_ELEMENT(#4054,-3.);
#2481=(
MASS_UNIT()
NAMED_UNIT(*)
SI_UNIT(.KILO.,.GRAM.)
);
#2482=DERIVED_UNIT((#2479,#2480));
#2483=MEASURE_REPRESENTATION_ITEM('density measure',
POSITIVE_RATIO_MEASURE(7850.),#2482);
#2484=PROPERTY_DEFINITION_REPRESENTATION(#2489,#2486);
#2485=PROPERTY_DEFINITION_REPRESENTATION(#2490,#2487);
#2486=REPRESENTATION('material name',(#2488),#4051);
#2487=REPRESENTATION('density',(#2483),#4051);
#2488=DESCRIPTIVE_REPRESENTATION_ITEM('\X2\92FC\X0\','\X2\92FC\X0\');
#2489=PROPERTY_DEFINITION('material property','material name',#4061);
#2490=PROPERTY_DEFINITION('material property','density of part',#4061);
#2491=AXIS2_PLACEMENT_3D('',#3353,#2678,#2679);
#2492=AXIS2_PLACEMENT_3D('',#3354,#2680,#2681);
#2493=AXIS2_PLACEMENT_3D('',#3365,#2686,#2687);
#2494=AXIS2_PLACEMENT_3D('',#3369,#2689,#2690);
#2495=AXIS2_PLACEMENT_3D('',#3371,#2692,#2693);
#2496=AXIS2_PLACEMENT_3D('',#3377,#2697,#2698);
#2497=AXIS2_PLACEMENT_3D('',#3381,#2701,#2702);
#2498=AXIS2_PLACEMENT_3D('',#3387,#2705,#2706);
#2499=AXIS2_PLACEMENT_3D('',#3409,#2718,#2719);
#2500=AXIS2_PLACEMENT_3D('',#3414,#2723,#2724);
#2501=AXIS2_PLACEMENT_3D('',#3419,#2726,#2727);
#2502=AXIS2_PLACEMENT_3D('',#3422,#2729,#2730);
#2503=AXIS2_PLACEMENT_3D('',#3423,#2731,#2732);
#2504=AXIS2_PLACEMENT_3D('',#3516,#2780,#2781);
#2505=AXIS2_PLACEMENT_3D('',#3519,#2783,#2784);
#2506=AXIS2_PLACEMENT_3D('',#3522,#2786,#2787);
#2507=AXIS2_PLACEMENT_3D('',#3523,#2788,#2789);
#2508=AXIS2_PLACEMENT_3D('',#3525,#2791,#2792);
#2509=AXIS2_PLACEMENT_3D('',#3526,#2793,#2794);
#2510=AXIS2_PLACEMENT_3D('',#3527,#2795,#2796);
#2511=AXIS2_PLACEMENT_3D('',#3529,#2798,#2799);
#2512=AXIS2_PLACEMENT_3D('',#3531,#2801,#2802);
#2513=AXIS2_PLACEMENT_3D('',#3532,#2803,#2804);
#2514=AXIS2_PLACEMENT_3D('',#3536,#2806,#2807);
#2515=AXIS2_PLACEMENT_3D('',#3537,#2808,#2809);
#2516=AXIS2_PLACEMENT_3D('',#3538,#2810,#2811);
#2517=AXIS2_PLACEMENT_3D('',#3542,#2813,#2814);
#2518=AXIS2_PLACEMENT_3D('',#3543,#2815,#2816);
#2519=AXIS2_PLACEMENT_3D('',#3544,#2817,#2818);
#2520=AXIS2_PLACEMENT_3D('',#3547,#2820,#2821);
#2521=AXIS2_PLACEMENT_3D('',#3548,#2822,#2823);
#2522=AXIS2_PLACEMENT_3D('',#3551,#2825,#2826);
#2523=AXIS2_PLACEMENT_3D('',#3552,#2827,#2828);
#2524=AXIS2_PLACEMENT_3D('',#3555,#2830,#2831);
#2525=AXIS2_PLACEMENT_3D('',#3556,#2832,#2833);
#2526=AXIS2_PLACEMENT_3D('',#3559,#2835,#2836);
#2527=AXIS2_PLACEMENT_3D('',#3560,#2837,#2838);
#2528=AXIS2_PLACEMENT_3D('',#3563,#2840,#2841);
#2529=AXIS2_PLACEMENT_3D('',#3564,#2842,#2843);
#2530=AXIS2_PLACEMENT_3D('',#3567,#2845,#2846);
#2531=AXIS2_PLACEMENT_3D('',#3568,#2847,#2848);
#2532=AXIS2_PLACEMENT_3D('',#3571,#2850,#2851);
#2533=AXIS2_PLACEMENT_3D('',#3572,#2852,#2853);
#2534=AXIS2_PLACEMENT_3D('',#3575,#2855,#2856);
#2535=AXIS2_PLACEMENT_3D('',#3576,#2857,#2858);
#2536=AXIS2_PLACEMENT_3D('',#3579,#2860,#2861);
#2537=AXIS2_PLACEMENT_3D('',#3580,#2862,#2863);
#2538=AXIS2_PLACEMENT_3D('',#3583,#2865,#2866);
#2539=AXIS2_PLACEMENT_3D('',#3584,#2867,#2868);
#2540=AXIS2_PLACEMENT_3D('',#3586,#2870,#2871);
#2541=AXIS2_PLACEMENT_3D('',#3589,#2873,#2874);
#2542=AXIS2_PLACEMENT_3D('',#3590,#2875,#2876);
#2543=AXIS2_PLACEMENT_3D('',#3593,#2878,#2879);
#2544=AXIS2_PLACEMENT_3D('',#3594,#2880,#2881);
#2545=AXIS2_PLACEMENT_3D('',#3596,#2883,#2884);
#2546=AXIS2_PLACEMENT_3D('',#3602,#2888,#2889);
#2547=AXIS2_PLACEMENT_3D('',#3606,#2892,#2893);
#2548=AXIS2_PLACEMENT_3D('',#3610,#2896,#2897);
#2549=AXIS2_PLACEMENT_3D('',#3614,#2900,#2901);
#2550=AXIS2_PLACEMENT_3D('',#3618,#2904,#2905);
#2551=AXIS2_PLACEMENT_3D('',#3622,#2908,#2909);
#2552=AXIS2_PLACEMENT_3D('',#3626,#2912,#2913);
#2553=AXIS2_PLACEMENT_3D('',#3630,#2916,#2917);
#2554=AXIS2_PLACEMENT_3D('',#3634,#2919,#2920);
#2555=AXIS2_PLACEMENT_3D('',#3635,#2921,#2922);
#2556=AXIS2_PLACEMENT_3D('',#3636,#2923,#2924);
#2557=AXIS2_PLACEMENT_3D('',#3639,#2926,#2927);
#2558=AXIS2_PLACEMENT_3D('',#3640,#2928,#2929);
#2559=AXIS2_PLACEMENT_3D('',#3643,#2931,#2932);
#2560=AXIS2_PLACEMENT_3D('',#3644,#2933,#2934);
#2561=AXIS2_PLACEMENT_3D('',#3648,#2936,#2937);
#2562=AXIS2_PLACEMENT_3D('',#3649,#2938,#2939);
#2563=AXIS2_PLACEMENT_3D('',#3650,#2940,#2941);
#2564=AXIS2_PLACEMENT_3D('',#3653,#2943,#2944);
#2565=AXIS2_PLACEMENT_3D('',#3654,#2945,#2946);
#2566=AXIS2_PLACEMENT_3D('',#3657,#2948,#2949);
#2567=AXIS2_PLACEMENT_3D('',#3658,#2950,#2951);
#2568=AXIS2_PLACEMENT_3D('',#3661,#2953,#2954);
#2569=AXIS2_PLACEMENT_3D('',#3662,#2955,#2956);
#2570=AXIS2_PLACEMENT_3D('',#3665,#2958,#2959);
#2571=AXIS2_PLACEMENT_3D('',#3666,#2960,#2961);
#2572=AXIS2_PLACEMENT_3D('',#3669,#2963,#2964);
#2573=AXIS2_PLACEMENT_3D('',#3670,#2965,#2966);
#2574=AXIS2_PLACEMENT_3D('',#3673,#2968,#2969);
#2575=AXIS2_PLACEMENT_3D('',#3674,#2970,#2971);
#2576=AXIS2_PLACEMENT_3D('',#3676,#2973,#2974);
#2577=AXIS2_PLACEMENT_3D('',#3679,#2976,#2977);
#2578=AXIS2_PLACEMENT_3D('',#3680,#2978,#2979);
#2579=AXIS2_PLACEMENT_3D('',#3683,#2981,#2982);
#2580=AXIS2_PLACEMENT_3D('',#3684,#2983,#2984);
#2581=AXIS2_PLACEMENT_3D('',#3687,#2986,#2987);
#2582=AXIS2_PLACEMENT_3D('',#3688,#2988,#2989);
#2583=AXIS2_PLACEMENT_3D('',#3691,#2991,#2992);
#2584=AXIS2_PLACEMENT_3D('',#3692,#2993,#2994);
#2585=AXIS2_PLACEMENT_3D('',#3694,#2996,#2997);
#2586=AXIS2_PLACEMENT_3D('',#3700,#3001,#3002);
#2587=AXIS2_PLACEMENT_3D('',#3704,#3005,#3006);
#2588=AXIS2_PLACEMENT_3D('',#3708,#3009,#3010);
#2589=AXIS2_PLACEMENT_3D('',#3712,#3013,#3014);
#2590=AXIS2_PLACEMENT_3D('',#3716,#3017,#3018);
#2591=AXIS2_PLACEMENT_3D('',#3720,#3021,#3022);
#2592=AXIS2_PLACEMENT_3D('',#3724,#3025,#3026);
#2593=AXIS2_PLACEMENT_3D('',#3728,#3029,#3030);
#2594=AXIS2_PLACEMENT_3D('',#3734,#3034,#3035);
#2595=AXIS2_PLACEMENT_3D('',#3740,#3039,#3040);
#2596=AXIS2_PLACEMENT_3D('',#3746,#3044,#3045);
#2597=AXIS2_PLACEMENT_3D('',#3752,#3049,#3050);
#2598=AXIS2_PLACEMENT_3D('',#3758,#3054,#3055);
#2599=AXIS2_PLACEMENT_3D('',#3764,#3059,#3060);
#2600=AXIS2_PLACEMENT_3D('',#3770,#3064,#3065);
#2601=AXIS2_PLACEMENT_3D('',#3776,#3069,#3070);
#2602=AXIS2_PLACEMENT_3D('',#3781,#3074,#3075);
#2603=AXIS2_PLACEMENT_3D('',#3785,#3078,#3079);
#2604=AXIS2_PLACEMENT_3D('',#3789,#3082,#3083);
#2605=AXIS2_PLACEMENT_3D('',#3793,#3086,#3087);
#2606=AXIS2_PLACEMENT_3D('',#3797,#3090,#3091);
#2607=AXIS2_PLACEMENT_3D('',#3801,#3094,#3095);
#2608=AXIS2_PLACEMENT_3D('',#3805,#3098,#3099);
#2609=AXIS2_PLACEMENT_3D('',#3807,#3101,#3102);
#2610=AXIS2_PLACEMENT_3D('',#3808,#3103,#3104);
#2611=AXIS2_PLACEMENT_3D('',#3814,#3108,#3109);
#2612=AXIS2_PLACEMENT_3D('',#3820,#3113,#3114);
#2613=AXIS2_PLACEMENT_3D('',#3826,#3118,#3119);
#2614=AXIS2_PLACEMENT_3D('',#3832,#3123,#3124);
#2615=AXIS2_PLACEMENT_3D('',#3838,#3128,#3129);
#2616=AXIS2_PLACEMENT_3D('',#3844,#3133,#3134);
#2617=AXIS2_PLACEMENT_3D('',#3850,#3138,#3139);
#2618=AXIS2_PLACEMENT_3D('',#3856,#3143,#3144);
#2619=AXIS2_PLACEMENT_3D('',#3861,#3148,#3149);
#2620=AXIS2_PLACEMENT_3D('',#3865,#3152,#3153);
#2621=AXIS2_PLACEMENT_3D('',#3869,#3156,#3157);
#2622=AXIS2_PLACEMENT_3D('',#3873,#3160,#3161);
#2623=AXIS2_PLACEMENT_3D('',#3877,#3164,#3165);
#2624=AXIS2_PLACEMENT_3D('',#3881,#3168,#3169);
#2625=AXIS2_PLACEMENT_3D('',#3885,#3172,#3173);
#2626=AXIS2_PLACEMENT_3D('',#3887,#3175,#3176);
#2627=AXIS2_PLACEMENT_3D('',#3888,#3177,#3178);
#2628=AXIS2_PLACEMENT_3D('',#3890,#3180,#3181);
#2629=AXIS2_PLACEMENT_3D('',#3892,#3183,#3184);
#2630=AXIS2_PLACEMENT_3D('',#3894,#3186,#3187);
#2631=AXIS2_PLACEMENT_3D('',#3896,#3189,#3190);
#2632=AXIS2_PLACEMENT_3D('',#3898,#3192,#3193);
#2633=AXIS2_PLACEMENT_3D('',#3900,#3195,#3196);
#2634=AXIS2_PLACEMENT_3D('',#3902,#3198,#3199);
#2635=AXIS2_PLACEMENT_3D('',#3903,#3200,#3201);
#2636=AXIS2_PLACEMENT_3D('',#3905,#3203,#3204);
#2637=AXIS2_PLACEMENT_3D('',#3907,#3206,#3207);
#2638=AXIS2_PLACEMENT_3D('',#3909,#3209,#3210);
#2639=AXIS2_PLACEMENT_3D('',#3911,#3212,#3213);
#2640=AXIS2_PLACEMENT_3D('',#3913,#3215,#3216);
#2641=AXIS2_PLACEMENT_3D('',#3915,#3218,#3219);
#2642=AXIS2_PLACEMENT_3D('',#3917,#3221,#3222);
#2643=AXIS2_PLACEMENT_3D('',#3918,#3223,#3224);
#2644=AXIS2_PLACEMENT_3D('',#3927,#3229,#3230);
#2645=AXIS2_PLACEMENT_3D('',#3936,#3235,#3236);
#2646=AXIS2_PLACEMENT_3D('',#3939,#3239,#3240);
#2647=AXIS2_PLACEMENT_3D('',#3948,#3245,#3246);
#2648=AXIS2_PLACEMENT_3D('',#3951,#3249,#3250);
#2649=AXIS2_PLACEMENT_3D('',#3960,#3255,#3256);
#2650=AXIS2_PLACEMENT_3D('',#3963,#3259,#3260);
#2651=AXIS2_PLACEMENT_3D('',#3969,#3264,#3265);
#2652=AXIS2_PLACEMENT_3D('',#3973,#3267,#3268);
#2653=AXIS2_PLACEMENT_3D('',#3976,#3270,#3271);
#2654=AXIS2_PLACEMENT_3D('',#3977,#3272,#3273);
#2655=AXIS2_PLACEMENT_3D('',#3982,#3277,#3278);
#2656=AXIS2_PLACEMENT_3D('',#3999,#3288,#3289);
#2657=AXIS2_PLACEMENT_3D('',#4003,#3292,#3293);
#2658=AXIS2_PLACEMENT_3D('',#4007,#3296,#3297);
#2659=AXIS2_PLACEMENT_3D('',#4009,#3299,#3300);
#2660=AXIS2_PLACEMENT_3D('',#4011,#3302,#3303);
#2661=AXIS2_PLACEMENT_3D('',#4012,#3304,#3305);
#2662=AXIS2_PLACEMENT_3D('',#4022,#3311,#3312);
#2663=AXIS2_PLACEMENT_3D('',#4024,#3313,#3314);
#2664=AXIS2_PLACEMENT_3D('',#4026,#3316,#3317);
#2665=AXIS2_PLACEMENT_3D('',#4028,#3319,#3320);
#2666=AXIS2_PLACEMENT_3D('',#4030,#3322,#3323);
#2667=AXIS2_PLACEMENT_3D('',#4031,#3324,#3325);
#2668=AXIS2_PLACEMENT_3D('',#4033,#3327,#3328);
#2669=AXIS2_PLACEMENT_3D('',#4035,#3330,#3331);
#2670=AXIS2_PLACEMENT_3D('',#4037,#3333,#3334);
#2671=AXIS2_PLACEMENT_3D('',#4039,#3336,#3337);
#2672=AXIS2_PLACEMENT_3D('',#4040,#3338,#3339);
#2673=AXIS2_PLACEMENT_3D('',#4041,#3340,#3341);
#2674=AXIS2_PLACEMENT_3D('',#4043,#3343,#3344);
#2675=AXIS2_PLACEMENT_3D('',#4045,#3346,#3347);
#2676=AXIS2_PLACEMENT_3D('',#4047,#3349,#3350);
#2677=AXIS2_PLACEMENT_3D('',#4048,#3351,#3352);
#2678=DIRECTION('axis',(0.,0.,1.));
#2679=DIRECTION('refdir',(1.,0.,0.));
#2680=DIRECTION('center_axis',(0.,-1.,0.));
#2681=DIRECTION('ref_axis',(0.,0.,-1.));
#2682=DIRECTION('',(0.,0.,1.));
#2683=DIRECTION('',(-1.,0.,0.));
#2684=DIRECTION('',(0.,0.,-1.));
#2685=DIRECTION('',(1.,0.,0.));
#2686=DIRECTION('center_axis',(0.,-1.,0.));
#2687=DIRECTION('ref_axis',(1.,0.,0.));
#2688=DIRECTION('',(0.991777866634025,0.,-0.127971337630197));
#2689=DIRECTION('center_axis',(0.,-1.,0.));
#2690=DIRECTION('ref_axis',(1.,0.,0.));
#2691=DIRECTION('',(1.,0.,0.));
#2692=DIRECTION('center_axis',(0.,0.,1.));
#2693=DIRECTION('ref_axis',(1.,0.,0.));
#2694=DIRECTION('',(0.,1.,0.));
#2695=DIRECTION('',(1.,0.,0.));
#2696=DIRECTION('',(0.,1.,0.));
#2697=DIRECTION('center_axis',(1.,0.,0.));
#2698=DIRECTION('ref_axis',(0.,0.,-1.));
#2699=DIRECTION('',(0.,1.,0.));
#2700=DIRECTION('',(0.,0.,-1.));
#2701=DIRECTION('center_axis',(0.,0.,-1.));
#2702=DIRECTION('ref_axis',(-1.,0.,0.));
#2703=DIRECTION('',(0.,1.,0.));
#2704=DIRECTION('',(1.,-7.40148683083438E-17,0.));
#2705=DIRECTION('center_axis',(0.,0.,1.));
#2706=DIRECTION('ref_axis',(1.,0.,0.));
#2707=DIRECTION('',(1.,0.,0.));
#2708=DIRECTION('',(0.,1.,0.));
#2709=DIRECTION('',(-1.,0.,0.));
#2710=DIRECTION('',(0.,1.,0.));
#2711=DIRECTION('',(-1.,-3.44255201434157E-16,0.));
#2712=DIRECTION('',(0.,1.,0.));
#2713=DIRECTION('',(1.,0.,0.));
#2714=DIRECTION('',(0.,-1.,0.));
#2715=DIRECTION('',(1.,0.,0.));
#2716=DIRECTION('',(0.,-1.,0.));
#2717=DIRECTION('',(-1.,0.,0.));
#2718=DIRECTION('center_axis',(1.,0.,0.));
#2719=DIRECTION('ref_axis',(0.,0.,-1.));
#2720=DIRECTION('',(0.,-1.,0.));
#2721=DIRECTION('',(0.,0.,-1.));
#2722=DIRECTION('',(0.,1.,0.));
#2723=DIRECTION('center_axis',(0.,-1.,0.));
#2724=DIRECTION('ref_axis',(1.,0.,0.));
#2725=DIRECTION('',(1.,0.,0.));
#2726=DIRECTION('center_axis',(0.,1.,0.));
#2727=DIRECTION('ref_axis',(1.,0.,0.));
#2728=DIRECTION('',(-0.991777866634025,0.,0.127971337630197));
#2729=DIRECTION('center_axis',(0.,-1.,0.));
#2730=DIRECTION('ref_axis',(1.,0.,0.));
#2731=DIRECTION('center_axis',(0.,0.,1.));
#2732=DIRECTION('ref_axis',(1.,0.,0.));
#2733=DIRECTION('',(0.,1.,0.));
#2734=DIRECTION('',(0.,1.,0.));
#2735=DIRECTION('',(1.,0.,0.));
#2736=DIRECTION('',(0.,1.,0.));
#2737=DIRECTION('',(-1.,0.,0.));
#2738=DIRECTION('',(0.,1.,0.));
#2739=DIRECTION('',(-1.,0.,0.));
#2740=DIRECTION('',(0.,-1.,0.));
#2741=DIRECTION('',(-1.,0.,0.));
#2742=DIRECTION('',(0.,1.,0.));
#2743=DIRECTION('',(-1.,0.,0.));
#2744=DIRECTION('',(0.382683432365091,0.923879532511286,0.));
#2745=DIRECTION('',(0.707106781186548,0.707106781186548,0.));
#2746=DIRECTION('',(0.923879532511287,0.38268343236509,0.));
#2747=DIRECTION('',(1.,-4.46517444541238E-15,0.));
#2748=DIRECTION('',(0.923879532511286,-0.382683432365091,0.));
#2749=DIRECTION('',(0.707106781186548,-0.707106781186548,0.));
#2750=DIRECTION('',(0.38268343236509,-0.923879532511287,0.));
#2751=DIRECTION('',(0.,-1.,0.));
#2752=DIRECTION('',(-0.38268343236509,-0.923879532511287,0.));
#2753=DIRECTION('',(-0.70710678118655,-0.707106781186545,0.));
#2754=DIRECTION('',(-0.923879532511287,-0.38268343236509,0.));
#2755=DIRECTION('',(-1.,0.,0.));
#2756=DIRECTION('',(-0.923879532511287,0.38268343236509,0.));
#2757=DIRECTION('',(-0.707106781186547,0.707106781186547,0.));
#2758=DIRECTION('',(-0.38268343236509,0.923879532511287,0.));
#2759=DIRECTION('',(1.33955233362371E-14,1.,0.));
#2760=DIRECTION('',(-1.,0.,0.));
#2761=DIRECTION('',(0.,-1.,0.));
#2762=DIRECTION('',(1.,0.,0.));
#2763=DIRECTION('',(0.,-1.,0.));
#2764=DIRECTION('',(0.382683432365089,0.923879532511287,0.));
#2765=DIRECTION('',(0.707106781186547,0.707106781186548,0.));
#2766=DIRECTION('',(0.923879532511287,0.382683432365088,0.));
#2767=DIRECTION('',(1.,-1.11629361135309E-15,0.));
#2768=DIRECTION('',(0.923879532511286,-0.382683432365091,0.));
#2769=DIRECTION('',(0.707106781186548,-0.707106781186548,0.));
#2770=DIRECTION('',(0.382683432365089,-0.923879532511287,0.));
#2771=DIRECTION('',(0.,-1.,0.));
#2772=DIRECTION('',(-0.382683432365089,-0.923879532511287,0.));
#2773=DIRECTION('',(-0.707106781186548,-0.707106781186548,0.));
#2774=DIRECTION('',(-0.923879532511287,-0.382683432365089,0.));
#2775=DIRECTION('',(-1.,1.11629361135309E-15,0.));
#2776=DIRECTION('',(-0.923879532511286,0.382683432365091,0.));
#2777=DIRECTION('',(-0.707106781186548,0.707106781186548,0.));
#2778=DIRECTION('',(-0.382683432365089,0.923879532511287,0.));
#2779=DIRECTION('',(0.,1.,0.));
#2780=DIRECTION('center_axis',(0.,-1.,0.));
#2781=DIRECTION('ref_axis',(0.,0.,-1.));
#2782=DIRECTION('',(0.,0.,-1.));
#2783=DIRECTION('center_axis',(0.,-1.,0.));
#2784=DIRECTION('ref_axis',(1.,0.,0.));
#2785=DIRECTION('',(0.991777866634025,0.,-0.127971337630197));
#2786=DIRECTION('center_axis',(0.,-1.,0.));
#2787=DIRECTION('ref_axis',(1.,0.,0.));
#2788=DIRECTION('center_axis',(0.,-1.,0.));
#2789=DIRECTION('ref_axis',(0.,0.,-1.));
#2790=DIRECTION('',(0.,0.,1.));
#2791=DIRECTION('center_axis',(0.,1.,0.));
#2792=DIRECTION('ref_axis',(-1.,0.,0.));
#2793=DIRECTION('center_axis',(0.,1.,0.));
#2794=DIRECTION('ref_axis',(-1.,0.,0.));
#2795=DIRECTION('center_axis',(0.,-1.,0.));
#2796=DIRECTION('ref_axis',(0.,0.,-1.));
#2797=DIRECTION('',(0.,0.,1.));
#2798=DIRECTION('center_axis',(0.,1.,0.));
#2799=DIRECTION('ref_axis',(-1.,0.,0.));
#2800=DIRECTION('',(0.,0.,1.));
#2801=DIRECTION('center_axis',(1.,0.,0.));
#2802=DIRECTION('ref_axis',(0.,0.,-1.));
#2803=DIRECTION('center_axis',(0.382683432365089,-0.923879532511287,0.));
#2804=DIRECTION('ref_axis',(-0.653281482438191,-0.2705980500731,-0.707106781186544));
#2805=DIRECTION('',(0.382683432365089,-0.923879532511287,0.));
#2806=DIRECTION('center_axis',(0.195090322016128,-0.98078528040323,0.));
#2807=DIRECTION('ref_axis',(-0.98078528040323,-0.195090322016128,0.));
#2808=DIRECTION('center_axis',(0.555570233019596,-0.83146961230255,0.));
#2809=DIRECTION('ref_axis',(-0.83146961230255,-0.555570233019596,0.));
#2810=DIRECTION('center_axis',(-0.382683432365089,-0.923879532511287,0.));
#2811=DIRECTION('ref_axis',(-0.653281482438191,0.2705980500731,-0.707106781186544));
#2812=DIRECTION('',(-0.382683432365089,-0.923879532511287,0.));
#2813=DIRECTION('center_axis',(-0.555570233019599,-0.831469612302548,0.));
#2814=DIRECTION('ref_axis',(-0.831469612302548,0.555570233019599,0.));
#2815=DIRECTION('center_axis',(0.195090322016139,0.980785280403228,0.));
#2816=DIRECTION('ref_axis',(0.980785280403228,-0.195090322016139,0.));
#2817=DIRECTION('center_axis',(-0.707106781186547,-0.707106781186548,0.));
#2818=DIRECTION('ref_axis',(-0.500000000000001,0.500000000000001,-0.707106781186546));
#2819=DIRECTION('',(-0.707106781186547,-0.707106781186548,0.));
#2820=DIRECTION('center_axis',(-0.831469612302548,-0.555570233019598,-7.71008580618401E-16));
#2821=DIRECTION('ref_axis',(-0.555570233019598,0.831469612302548,-3.87612188611068E-15));
#2822=DIRECTION('center_axis',(-0.923879532511287,-0.382683432365089,0.));
#2823=DIRECTION('ref_axis',(-0.2705980500731,0.653281482438191,-0.707106781186545));
#2824=DIRECTION('',(-0.923879532511287,-0.382683432365088,0.));
#2825=DIRECTION('center_axis',(-0.980785280403229,-0.195090322016136,2.70742209229813E-16));
#2826=DIRECTION('ref_axis',(-0.195090322016136,0.980785280403229,1.36111300064651E-15));
#2827=DIRECTION('center_axis',(-1.,1.11629361135309E-15,0.));
#2828=DIRECTION('ref_axis',(0.,0.707106781186548,-0.707106781186548));
#2829=DIRECTION('',(-1.,1.11629361135309E-15,0.));
#2830=DIRECTION('center_axis',(-0.980785280403231,0.195090322016126,0.));
#2831=DIRECTION('ref_axis',(0.195090322016126,0.980785280403231,0.));
#2832=DIRECTION('center_axis',(-0.923879532511287,0.382683432365091,0.));
#2833=DIRECTION('ref_axis',(0.270598050073101,0.653281482438187,-0.707106781186548));
#2834=DIRECTION('',(-0.923879532511286,0.382683432365091,0.));
#2835=DIRECTION('center_axis',(-0.831469612302545,0.555570233019603,7.71008580618407E-16));
#2836=DIRECTION('ref_axis',(0.555570233019603,0.831469612302545,3.87612188611082E-15));
#2837=DIRECTION('center_axis',(-0.707106781186548,0.707106781186548,0.));
#2838=DIRECTION('ref_axis',(0.500000000000001,0.500000000000001,-0.707106781186546));
#2839=DIRECTION('',(-0.707106781186548,0.707106781186548,0.));
#2840=DIRECTION('center_axis',(-0.555570233019601,0.831469612302546,-8.47586041458334E-15));
#2841=DIRECTION('ref_axis',(0.831469612302546,0.555570233019601,-4.26110277919807E-14));
#2842=DIRECTION('center_axis',(-0.382683432365089,0.923879532511287,0.));
#2843=DIRECTION('ref_axis',(0.653281482438184,0.270598050073096,-0.707106781186553));
#2844=DIRECTION('',(-0.382683432365089,0.923879532511287,0.));
#2845=DIRECTION('center_axis',(-0.195090322016126,0.980785280403231,0.));
#2846=DIRECTION('ref_axis',(0.980785280403231,0.195090322016126,0.));
#2847=DIRECTION('center_axis',(0.,1.,0.));
#2848=DIRECTION('ref_axis',(0.707106781186548,0.,-0.707106781186548));
#2849=DIRECTION('',(0.,1.,0.));
#2850=DIRECTION('center_axis',(0.195090322016131,0.98078528040323,0.));
#2851=DIRECTION('ref_axis',(0.98078528040323,-0.195090322016131,0.));
#2852=DIRECTION('center_axis',(0.382683432365089,0.923879532511287,0.));
#2853=DIRECTION('ref_axis',(0.653281482438192,-0.270598050073096,-0.707106781186545));
#2854=DIRECTION('',(0.382683432365089,0.923879532511287,0.));
#2855=DIRECTION('center_axis',(0.555570233019598,0.831469612302548,-2.3077917696361E-15));
#2856=DIRECTION('ref_axis',(0.831469612302548,-0.555570233019598,-1.16020527030949E-14));
#2857=DIRECTION('center_axis',(0.707106781186548,0.707106781186548,0.));
#2858=DIRECTION('ref_axis',(0.500000000000001,-0.500000000000001,-0.707106781186546));
#2859=DIRECTION('',(0.707106781186548,0.707106781186548,0.));
#2860=DIRECTION('center_axis',(0.831469612302546,0.555570233019601,0.));
#2861=DIRECTION('ref_axis',(0.555570233019601,-0.831469612302546,0.));
#2862=DIRECTION('center_axis',(0.923879532511287,0.382683432365089,0.));
#2863=DIRECTION('ref_axis',(0.270598050073101,-0.653281482438189,-0.707106781186546));
#2864=DIRECTION('',(0.923879532511287,0.382683432365089,0.));
#2865=DIRECTION('center_axis',(0.980785280403231,0.195090322016126,0.));
#2866=DIRECTION('ref_axis',(0.195090322016126,-0.980785280403231,0.));
#2867=DIRECTION('center_axis',(0.,-1.,0.));
#2868=DIRECTION('ref_axis',(-0.707106781186548,0.,-0.707106781186548));
#2869=DIRECTION('',(0.,-1.,0.));
#2870=DIRECTION('center_axis',(1.,-1.11629361135309E-15,0.));
#2871=DIRECTION('ref_axis',(0.,-0.707106781186548,-0.707106781186548));
#2872=DIRECTION('',(1.,-1.11629361135309E-15,0.));
#2873=DIRECTION('center_axis',(0.980785280403231,-0.195090322016126,0.));
#2874=DIRECTION('ref_axis',(-0.195090322016126,-0.980785280403231,0.));
#2875=DIRECTION('center_axis',(0.923879532511287,-0.382683432365091,0.));
#2876=DIRECTION('ref_axis',(-0.270598050073101,-0.653281482438187,-0.707106781186548));
#2877=DIRECTION('',(0.923879532511286,-0.382683432365091,0.));
#2878=DIRECTION('center_axis',(0.831469612302545,-0.555570233019603,0.));
#2879=DIRECTION('ref_axis',(-0.555570233019603,-0.831469612302545,0.));
#2880=DIRECTION('center_axis',(0.707106781186548,-0.707106781186548,0.));
#2881=DIRECTION('ref_axis',(-0.500000000000001,-0.500000000000001,-0.707106781186546));
#2882=DIRECTION('',(0.707106781186548,-0.707106781186548,0.));
#2883=DIRECTION('center_axis',(-1.,0.,0.));
#2884=DIRECTION('ref_axis',(0.,-1.,0.));
#2885=DIRECTION('',(0.,0.,1.));
#2886=DIRECTION('',(0.,-1.,0.));
#2887=DIRECTION('',(0.,0.,1.));
#2888=DIRECTION('center_axis',(-0.923879532511287,-0.382683432365089,0.));
#2889=DIRECTION('ref_axis',(0.382683432365089,-0.923879532511287,0.));
#2890=DIRECTION('',(0.,0.,1.));
#2891=DIRECTION('',(0.382683432365089,-0.923879532511287,0.));
#2892=DIRECTION('center_axis',(-0.707106781186548,-0.707106781186548,0.));
#2893=DIRECTION('ref_axis',(0.707106781186548,-0.707106781186548,0.));
#2894=DIRECTION('',(0.,0.,1.));
#2895=DIRECTION('',(0.707106781186548,-0.707106781186548,0.));
#2896=DIRECTION('center_axis',(-0.382683432365091,-0.923879532511287,0.));
#2897=DIRECTION('ref_axis',(0.923879532511286,-0.382683432365091,0.));
#2898=DIRECTION('',(0.,0.,1.));
#2899=DIRECTION('',(0.923879532511286,-0.382683432365091,0.));
#2900=DIRECTION('center_axis',(-1.11629361135309E-15,-1.,0.));
#2901=DIRECTION('ref_axis',(1.,-1.11629361135309E-15,0.));
#2902=DIRECTION('',(0.,0.,1.));
#2903=DIRECTION('',(1.,-1.11629361135309E-15,0.));
#2904=DIRECTION('center_axis',(0.382683432365089,-0.923879532511287,0.));
#2905=DIRECTION('ref_axis',(0.923879532511287,0.382683432365088,0.));
#2906=DIRECTION('',(0.,0.,1.));
#2907=DIRECTION('',(0.923879532511287,0.382683432365088,0.));
#2908=DIRECTION('center_axis',(0.707106781186548,-0.707106781186547,0.));
#2909=DIRECTION('ref_axis',(0.707106781186547,0.707106781186548,0.));
#2910=DIRECTION('',(0.,0.,1.));
#2911=DIRECTION('',(0.707106781186547,0.707106781186548,0.));
#2912=DIRECTION('center_axis',(0.923879532511287,-0.382683432365089,0.));
#2913=DIRECTION('ref_axis',(0.382683432365089,0.923879532511287,0.));
#2914=DIRECTION('',(0.,0.,1.));
#2915=DIRECTION('',(0.382683432365089,0.923879532511287,0.));
#2916=DIRECTION('center_axis',(0.923879532511287,-0.38268343236509,0.));
#2917=DIRECTION('ref_axis',(-0.270598050073103,-0.653281482438182,-0.707106781186552));
#2918=DIRECTION('',(0.923879532511287,-0.38268343236509,0.));
#2919=DIRECTION('center_axis',(0.831469612302547,-0.555570233019599,0.));
#2920=DIRECTION('ref_axis',(-0.555570233019599,-0.831469612302547,0.));
#2921=DIRECTION('center_axis',(0.980785280403229,-0.195090322016136,0.));
#2922=DIRECTION('ref_axis',(-0.195090322016136,-0.980785280403229,0.));
#2923=DIRECTION('center_axis',(0.707106781186548,-0.707106781186548,0.));
#2924=DIRECTION('ref_axis',(-0.500000000000001,-0.500000000000001,-0.707106781186546));
#2925=DIRECTION('',(0.707106781186548,-0.707106781186548,0.));
#2926=DIRECTION('center_axis',(0.555570233019612,-0.831469612302539,0.));
#2927=DIRECTION('ref_axis',(-0.831469612302539,-0.555570233019612,0.));
#2928=DIRECTION('center_axis',(0.38268343236509,-0.923879532511287,0.));
#2929=DIRECTION('ref_axis',(-0.653281482438182,-0.270598050073103,-0.707106781186552));
#2930=DIRECTION('',(0.38268343236509,-0.923879532511287,0.));
#2931=DIRECTION('center_axis',(0.195090322016115,-0.980785280403233,0.));
#2932=DIRECTION('ref_axis',(-0.980785280403233,-0.195090322016115,0.));
#2933=DIRECTION('center_axis',(-0.382683432365091,-0.923879532511286,0.));
#2934=DIRECTION('ref_axis',(-0.653281482438192,0.270598050073093,-0.707106781186546));
#2935=DIRECTION('',(-0.382683432365091,-0.923879532511286,0.));
#2936=DIRECTION('center_axis',(-0.555570233019619,-0.831469612302534,-9.23116707854425E-15));
#2937=DIRECTION('ref_axis',(-0.831469612302534,0.555570233019619,-4.64082108123728E-14));
#2938=DIRECTION('center_axis',(0.195090322016126,0.980785280403231,-1.08889040051711E-14));
#2939=DIRECTION('ref_axis',(0.980785280403231,-0.195090322016126,5.47422171311627E-14));
#2940=DIRECTION('center_axis',(-0.707106781186548,-0.707106781186548,0.));
#2941=DIRECTION('ref_axis',(-0.500000000000001,0.500000000000001,-0.707106781186546));
#2942=DIRECTION('',(-0.707106781186548,-0.707106781186548,0.));
#2943=DIRECTION('center_axis',(-0.831469612302539,-0.555570233019612,0.));
#2944=DIRECTION('ref_axis',(-0.555570233019612,0.831469612302539,0.));
#2945=DIRECTION('center_axis',(-0.923879532511287,-0.38268343236509,0.));
#2946=DIRECTION('ref_axis',(-0.270598050073103,0.653281482438182,-0.707106781186552));
#2947=DIRECTION('',(-0.923879532511287,-0.38268343236509,0.));
#2948=DIRECTION('center_axis',(-0.980785280403231,-0.195090322016126,0.));
#2949=DIRECTION('ref_axis',(-0.195090322016126,0.980785280403231,0.));
#2950=DIRECTION('center_axis',(-1.,4.46517444541238E-15,0.));
#2951=DIRECTION('ref_axis',(0.,0.707106781186548,-0.707106781186548));
#2952=DIRECTION('',(-1.,4.46517444541238E-15,0.));
#2953=DIRECTION('center_axis',(-0.980785280403235,0.195090322016105,0.));
#2954=DIRECTION('ref_axis',(0.195090322016105,0.980785280403235,0.));
#2955=DIRECTION('center_axis',(-0.923879532511286,0.382683432365091,0.));
#2956=DIRECTION('ref_axis',(0.2705980500731,0.653281482438191,-0.707106781186544));
#2957=DIRECTION('',(-0.923879532511286,0.382683432365091,0.));
#2958=DIRECTION('center_axis',(-0.831469612302517,0.555570233019645,0.));
#2959=DIRECTION('ref_axis',(0.555570233019644,0.831469612302517,0.));
#2960=DIRECTION('center_axis',(-0.707106781186548,0.707106781186548,0.));
#2961=DIRECTION('ref_axis',(0.499999999999997,0.500000000000013,-0.707106781186541));
#2962=DIRECTION('',(-0.707106781186548,0.707106781186548,0.));
#2963=DIRECTION('center_axis',(-0.555570233019632,0.831469612302525,0.));
#2964=DIRECTION('ref_axis',(0.831469612302525,0.555570233019632,0.));
#2965=DIRECTION('center_axis',(-0.38268343236509,0.923879532511287,0.));
#2966=DIRECTION('ref_axis',(0.653281482438182,0.270598050073103,-0.707106781186552));
#2967=DIRECTION('',(-0.38268343236509,0.923879532511287,0.));
#2968=DIRECTION('center_axis',(-0.195090322016126,0.980785280403231,0.));
#2969=DIRECTION('ref_axis',(0.980785280403231,0.195090322016126,0.));
#2970=DIRECTION('center_axis',(-1.33955233362371E-14,-1.,0.));
#2971=DIRECTION('ref_axis',(-0.707106781186548,7.85046229341887E-15,-0.707106781186548));
#2972=DIRECTION('',(-1.33955233362371E-14,-1.,0.));
#2973=DIRECTION('center_axis',(0.,1.,0.));
#2974=DIRECTION('ref_axis',(0.707106781186548,0.,-0.707106781186548));
#2975=DIRECTION('',(0.,1.,0.));
#2976=DIRECTION('center_axis',(0.195090322016126,0.980785280403231,0.));
#2977=DIRECTION('ref_axis',(0.980785280403231,-0.195090322016126,0.));
#2978=DIRECTION('center_axis',(0.38268343236509,0.923879532511287,0.));
#2979=DIRECTION('ref_axis',(0.653281482438182,-0.270598050073103,-0.707106781186552));
#2980=DIRECTION('',(0.38268343236509,0.923879532511287,0.));
#2981=DIRECTION('center_axis',(0.555570233019619,0.831469612302534,-9.23116707854425E-15));
#2982=DIRECTION('ref_axis',(0.831469612302534,-0.555570233019619,-4.64082108123724E-14));
#2983=DIRECTION('center_axis',(0.70710678118655,0.707106781186545,0.));
#2984=DIRECTION('ref_axis',(0.500000000000001,-0.500000000000001,-0.707106781186546));
#2985=DIRECTION('',(0.70710678118655,0.707106781186545,0.));
#2986=DIRECTION('center_axis',(0.831469612302547,0.555570233019599,0.));
#2987=DIRECTION('ref_axis',(0.555570233019599,-0.831469612302547,0.));
#2988=DIRECTION('center_axis',(0.923879532511287,0.38268343236509,0.));
#2989=DIRECTION('ref_axis',(0.2705980500731,-0.653281482438191,-0.707106781186544));
#2990=DIRECTION('',(0.923879532511287,0.38268343236509,0.));
#2991=DIRECTION('center_axis',(0.980785280403229,0.195090322016136,0.));
#2992=DIRECTION('ref_axis',(0.195090322016136,-0.980785280403229,0.));
#2993=DIRECTION('center_axis',(1.,0.,0.));
#2994=DIRECTION('ref_axis',(0.,-0.707106781186548,-0.707106781186548));
#2995=DIRECTION('',(1.,0.,0.));
#2996=DIRECTION('center_axis',(-1.,0.,0.));
#2997=DIRECTION('ref_axis',(0.,-1.,0.));
#2998=DIRECTION('',(0.,0.,1.));
#2999=DIRECTION('',(0.,-1.,0.));
#3000=DIRECTION('',(0.,0.,1.));
#3001=DIRECTION('center_axis',(-0.923879532511287,-0.38268343236509,0.));
#3002=DIRECTION('ref_axis',(0.38268343236509,-0.923879532511287,0.));
#3003=DIRECTION('',(0.,0.,1.));
#3004=DIRECTION('',(0.38268343236509,-0.923879532511287,0.));
#3005=DIRECTION('center_axis',(-0.707106781186548,-0.707106781186548,0.));
#3006=DIRECTION('ref_axis',(0.707106781186548,-0.707106781186548,0.));
#3007=DIRECTION('',(0.,0.,1.));
#3008=DIRECTION('',(0.707106781186548,-0.707106781186548,0.));
#3009=DIRECTION('center_axis',(-0.382683432365091,-0.923879532511286,0.));
#3010=DIRECTION('ref_axis',(0.923879532511286,-0.382683432365091,0.));
#3011=DIRECTION('',(0.,0.,1.));
#3012=DIRECTION('',(0.923879532511286,-0.382683432365091,0.));
#3013=DIRECTION('center_axis',(-4.46517444541238E-15,-1.,0.));
#3014=DIRECTION('ref_axis',(1.,-4.46517444541238E-15,0.));
#3015=DIRECTION('',(0.,0.,1.));
#3016=DIRECTION('',(1.,-4.46517444541238E-15,0.));
#3017=DIRECTION('center_axis',(0.38268343236509,-0.923879532511287,0.));
#3018=DIRECTION('ref_axis',(0.923879532511287,0.38268343236509,0.));
#3019=DIRECTION('',(0.,0.,1.));
#3020=DIRECTION('',(0.923879532511287,0.38268343236509,0.));
#3021=DIRECTION('center_axis',(0.707106781186548,-0.707106781186548,0.));
#3022=DIRECTION('ref_axis',(0.707106781186548,0.707106781186548,0.));
#3023=DIRECTION('',(0.,0.,1.));
#3024=DIRECTION('',(0.707106781186548,0.707106781186548,0.));
#3025=DIRECTION('center_axis',(0.923879532511286,-0.382683432365091,0.));
#3026=DIRECTION('ref_axis',(0.382683432365091,0.923879532511286,0.));
#3027=DIRECTION('',(0.,0.,1.));
#3028=DIRECTION('',(0.382683432365091,0.923879532511286,0.));
#3029=DIRECTION('center_axis',(-0.707106781186548,0.,0.707106781186548));
#3030=DIRECTION('ref_axis',(0.707106781186548,0.,0.707106781186548));
#3031=DIRECTION('',(0.,1.,0.));
#3032=DIRECTION('',(-0.700214507282554,0.139281325317146,-0.700214507282554));
#3033=DIRECTION('',(-0.700214507282553,-0.139281325317155,-0.700214507282553));
#3034=DIRECTION('center_axis',(-0.65328148243819,0.270598050073098,0.707106781186546));
#3035=DIRECTION('ref_axis',(0.734509555267754,0.,0.678598344545848));
#3036=DIRECTION('',(0.382683432365089,0.923879532511287,0.));
#3037=DIRECTION('',(-0.593613196009088,0.396639656760297,-0.700214507282554));
#3038=DIRECTION('',(-0.382683432365089,-0.923879532511287,0.));
#3039=DIRECTION('center_axis',(-0.499999999999999,0.499999999999999,0.707106781186549));
#3040=DIRECTION('ref_axis',(0.816496580927727,0.,0.577350269189624));
#3041=DIRECTION('',(0.707106781186548,0.707106781186548,0.));
#3042=DIRECTION('',(-0.39663965676028,0.593613196009104,-0.70021450728255));
#3043=DIRECTION('',(-0.707106781186548,-0.707106781186548,0.));
#3044=DIRECTION('center_axis',(-0.270598050073097,0.653281482438186,0.707106781186551));
#3045=DIRECTION('ref_axis',(0.933948831094466,0.,0.35740674433659));
#3046=DIRECTION('',(0.923879532511287,0.382683432365089,0.));
#3047=DIRECTION('',(-0.139281325317159,0.700214507282554,-0.700214507282552));
#3048=DIRECTION('',(-0.923879532511287,-0.382683432365089,0.));
#3049=DIRECTION('center_axis',(7.89338782382989E-16,0.707106781186547,0.707106781186549));
#3050=DIRECTION('ref_axis',(1.,0.,-1.11629361135309E-15));
#3051=DIRECTION('',(1.,-1.11629361135309E-15,0.));
#3052=DIRECTION('',(0.139281325317151,0.700214507282554,-0.700214507282552));
#3053=DIRECTION('',(-1.,1.11629361135309E-15,0.));
#3054=DIRECTION('center_axis',(0.270598050073099,0.653281482438188,0.707106781186548));
#3055=DIRECTION('ref_axis',(0.933948831094465,0.,-0.357406744336593));
#3056=DIRECTION('',(0.923879532511286,-0.382683432365091,0.));
#3057=DIRECTION('',(0.396639656760288,0.593613196009096,-0.700214507282552));
#3058=DIRECTION('',(-0.923879532511286,0.382683432365091,0.));
#3059=DIRECTION('center_axis',(0.499999999999999,0.499999999999999,0.707106781186549));
#3060=DIRECTION('ref_axis',(0.816496580927727,0.,-0.577350269189624));
#3061=DIRECTION('',(0.707106781186548,-0.707106781186548,0.));
#3062=DIRECTION('',(0.593613196009095,0.396639656760289,-0.700214507282553));
#3063=DIRECTION('',(-0.707106781186548,0.707106781186548,0.));
#3064=DIRECTION('center_axis',(0.65328148243819,0.270598050073098,0.707106781186546));
#3065=DIRECTION('ref_axis',(0.734509555267754,0.,-0.678598344545848));
#3066=DIRECTION('',(0.382683432365089,-0.923879532511287,0.));
#3067=DIRECTION('',(0.700214507282553,0.139281325317155,-0.700214507282553));
#3068=DIRECTION('',(-0.382683432365089,0.923879532511287,0.));
#3069=DIRECTION('center_axis',(0.707106781186548,0.,0.707106781186548));
#3070=DIRECTION('ref_axis',(0.707106781186548,0.,-0.707106781186548));
#3071=DIRECTION('',(0.,-1.,0.));
#3072=DIRECTION('',(0.700214507282554,-0.139281325317146,-0.700214507282554));
#3073=DIRECTION('',(0.,1.,0.));
#3074=DIRECTION('center_axis',(0.65328148243819,-0.270598050073098,0.707106781186546));
#3075=DIRECTION('ref_axis',(0.734509555267754,0.,-0.678598344545848));
#3076=DIRECTION('',(-0.382683432365089,-0.923879532511287,0.));
#3077=DIRECTION('',(0.593613196009088,-0.396639656760299,-0.700214507282553));
#3078=DIRECTION('center_axis',(0.499999999999999,-0.499999999999999,0.707106781186549));
#3079=DIRECTION('ref_axis',(0.816496580927727,0.,-0.577350269189624));
#3080=DIRECTION('',(-0.707106781186547,-0.707106781186548,0.));
#3081=DIRECTION('',(0.396639656760288,-0.593613196009098,-0.700214507282551));
#3082=DIRECTION('center_axis',(0.270598050073097,-0.653281482438187,0.70710678118655));
#3083=DIRECTION('ref_axis',(0.933948831094466,0.,-0.35740674433659));
#3084=DIRECTION('',(-0.923879532511287,-0.382683432365088,0.));
#3085=DIRECTION('',(0.139281325317167,-0.700214507282551,-0.700214507282552));
#3086=DIRECTION('center_axis',(-7.89338782382992E-16,-0.707106781186548,
0.707106781186547));
#3087=DIRECTION('ref_axis',(1.,0.,1.11629361135309E-15));
#3088=DIRECTION('',(-1.,1.11629361135309E-15,0.));
#3089=DIRECTION('',(-0.139281325317159,-0.700214507282552,-0.700214507282554));
#3090=DIRECTION('center_axis',(-0.270598050073099,-0.653281482438188,0.707106781186548));
#3091=DIRECTION('ref_axis',(0.933948831094465,0.,0.357406744336593));
#3092=DIRECTION('',(-0.923879532511286,0.382683432365091,0.));
#3093=DIRECTION('',(-0.396639656760289,-0.593613196009096,-0.700214507282552));
#3094=DIRECTION('center_axis',(-0.499999999999999,-0.499999999999999,0.707106781186549));
#3095=DIRECTION('ref_axis',(0.816496580927727,0.,0.577350269189624));
#3096=DIRECTION('',(-0.707106781186548,0.707106781186548,0.));
#3097=DIRECTION('',(-0.593613196009095,-0.396639656760287,-0.700214507282553));
#3098=DIRECTION('center_axis',(-0.65328148243819,-0.270598050073098,0.707106781186546));
#3099=DIRECTION('ref_axis',(0.734509555267754,0.,0.678598344545848));
#3100=DIRECTION('',(-0.382683432365089,0.923879532511287,0.));
#3101=DIRECTION('center_axis',(0.,0.,1.));
#3102=DIRECTION('ref_axis',(1.,0.,0.));
#3103=DIRECTION('center_axis',(-0.707106781186548,0.,0.707106781186548));
#3104=DIRECTION('ref_axis',(0.707106781186548,0.,0.707106781186548));
#3105=DIRECTION('',(0.,1.,0.));
#3106=DIRECTION('',(-0.700214507282554,0.139281325317144,-0.700214507282554));
#3107=DIRECTION('',(-0.700214507282553,-0.139281325317152,-0.700214507282553));
#3108=DIRECTION('center_axis',(-0.65328148243819,0.270598050073099,0.707106781186546));
#3109=DIRECTION('ref_axis',(0.734509555267754,0.,0.678598344545849));
#3110=DIRECTION('',(0.38268343236509,0.923879532511287,0.));
#3111=DIRECTION('',(-0.593613196009095,0.396639656760289,-0.700214507282553));
#3112=DIRECTION('',(-0.38268343236509,-0.923879532511287,0.));
#3113=DIRECTION('center_axis',(-0.5,0.500000000000003,0.707106781186546));
#3114=DIRECTION('ref_axis',(0.816496580927726,0.,0.577350269189626));
#3115=DIRECTION('',(0.70710678118655,0.707106781186545,0.));
#3116=DIRECTION('',(-0.396639656760299,0.593613196009083,-0.700214507282557));
#3117=DIRECTION('',(-0.70710678118655,-0.707106781186545,0.));
#3118=DIRECTION('center_axis',(-0.2705980500731,0.653281482438194,0.707106781186542));
#3119=DIRECTION('ref_axis',(0.933948831094463,0.,0.357406744336598));
#3120=DIRECTION('',(0.923879532511287,0.38268343236509,0.));
#3121=DIRECTION('',(-0.139281325317129,0.700214507282556,-0.700214507282556));
#3122=DIRECTION('',(-0.923879532511287,-0.38268343236509,0.));
#3123=DIRECTION('center_axis',(0.,0.707106781186548,0.707106781186548));
#3124=DIRECTION('ref_axis',(1.,0.,0.));
#3125=DIRECTION('',(1.,0.,0.));
#3126=DIRECTION('',(0.139281325317121,0.700214507282556,-0.700214507282556));
#3127=DIRECTION('',(-1.,0.,0.));
#3128=DIRECTION('center_axis',(0.2705980500731,0.653281482438194,0.707106781186542));
#3129=DIRECTION('ref_axis',(0.933948831094463,0.,-0.357406744336598));
#3130=DIRECTION('',(0.923879532511287,-0.38268343236509,0.));
#3131=DIRECTION('',(0.396639656760314,0.593613196009074,-0.700214507282556));
#3132=DIRECTION('',(-0.923879532511287,0.38268343236509,0.));
#3133=DIRECTION('center_axis',(0.499999999999999,0.499999999999999,0.707106781186549));
#3134=DIRECTION('ref_axis',(0.816496580927727,0.,-0.577350269189625));
#3135=DIRECTION('',(0.707106781186548,-0.707106781186548,0.));
#3136=DIRECTION('',(0.593613196009109,0.396639656760272,-0.700214507282551));
#3137=DIRECTION('',(-0.707106781186548,0.707106781186548,0.));
#3138=DIRECTION('center_axis',(0.653281482438185,0.270598050073097,0.707106781186551));
#3139=DIRECTION('ref_axis',(0.734509555267759,0.,-0.678598344545844));
#3140=DIRECTION('',(0.38268343236509,-0.923879532511287,0.));
#3141=DIRECTION('',(0.700214507282557,0.139281325317151,-0.70021450728255));
#3142=DIRECTION('',(-0.38268343236509,0.923879532511287,0.));
#3143=DIRECTION('center_axis',(0.707106781186544,-9.47206538859583E-15,
0.707106781186551));
#3144=DIRECTION('ref_axis',(0.707106781186551,0.,-0.707106781186544));
#3145=DIRECTION('',(-1.33955233362371E-14,-1.,0.));
#3146=DIRECTION('',(0.700214507282554,-0.139281325317144,-0.700214507282554));
#3147=DIRECTION('',(1.33955233362371E-14,1.,0.));
#3148=DIRECTION('center_axis',(0.653281482438188,-0.2705980500731,0.707106781186547));
#3149=DIRECTION('ref_axis',(0.734509555267755,0.,-0.678598344545847));
#3150=DIRECTION('',(-0.382683432365091,-0.923879532511286,0.));
#3151=DIRECTION('',(0.593613196009095,-0.396639656760289,-0.700214507282553));
#3152=DIRECTION('center_axis',(0.499999999999999,-0.499999999999999,0.707106781186549));
#3153=DIRECTION('ref_axis',(0.816496580927727,0.,-0.577350269189625));
#3154=DIRECTION('',(-0.707106781186548,-0.707106781186548,0.));
#3155=DIRECTION('',(0.396639656760289,-0.593613196009095,-0.700214507282553));
#3156=DIRECTION('center_axis',(0.270598050073099,-0.65328148243819,0.707106781186546));
#3157=DIRECTION('ref_axis',(0.933948831094464,0.,-0.357406744336595));
#3158=DIRECTION('',(-0.923879532511287,-0.38268343236509,0.));
#3159=DIRECTION('',(0.139281325317144,-0.700214507282554,-0.700214507282554));
#3160=DIRECTION('center_axis',(-3.15735512953198E-15,-0.707106781186548,
0.707106781186548));
#3161=DIRECTION('ref_axis',(1.,0.,4.46517444541238E-15));
#3162=DIRECTION('',(-1.,4.46517444541238E-15,0.));
#3163=DIRECTION('',(-0.139281325317152,-0.700214507282553,-0.700214507282553));
#3164=DIRECTION('center_axis',(-0.2705980500731,-0.653281482438188,0.707106781186547));
#3165=DIRECTION('ref_axis',(0.933948831094464,0.,0.357406744336595));
#3166=DIRECTION('',(-0.923879532511286,0.382683432365091,0.));
#3167=DIRECTION('',(-0.396639656760289,-0.593613196009095,-0.700214507282553));
#3168=DIRECTION('center_axis',(-0.499999999999999,-0.499999999999999,0.707106781186549));
#3169=DIRECTION('ref_axis',(0.816496580927727,0.,0.577350269189625));
#3170=DIRECTION('',(-0.707106781186548,0.707106781186548,0.));
#3171=DIRECTION('',(-0.593613196009095,-0.396639656760289,-0.700214507282553));
#3172=DIRECTION('center_axis',(-0.653281482438189,-0.270598050073099,0.707106781186547));
#3173=DIRECTION('ref_axis',(0.734509555267755,0.,0.678598344545848));
#3174=DIRECTION('',(-0.38268343236509,0.923879532511287,0.));
#3175=DIRECTION('center_axis',(0.,0.,1.));
#3176=DIRECTION('ref_axis',(1.,0.,0.));
#3177=DIRECTION('center_axis',(-0.923879532511287,0.38268343236509,0.));
#3178=DIRECTION('ref_axis',(-0.38268343236509,-0.923879532511287,0.));
#3179=DIRECTION('',(0.,0.,1.));
#3180=DIRECTION('center_axis',(-0.707106781186545,0.70710678118655,0.));
#3181=DIRECTION('ref_axis',(-0.70710678118655,-0.707106781186545,0.));
#3182=DIRECTION('',(0.,0.,1.));
#3183=DIRECTION('center_axis',(-0.38268343236509,0.923879532511287,0.));
#3184=DIRECTION('ref_axis',(-0.923879532511287,-0.38268343236509,0.));
#3185=DIRECTION('',(0.,0.,1.));
#3186=DIRECTION('center_axis',(0.,1.,0.));
#3187=DIRECTION('ref_axis',(-1.,0.,0.));
#3188=DIRECTION('',(0.,0.,1.));
#3189=DIRECTION('center_axis',(0.38268343236509,0.923879532511287,0.));
#3190=DIRECTION('ref_axis',(-0.923879532511287,0.38268343236509,0.));
#3191=DIRECTION('',(0.,0.,1.));
#3192=DIRECTION('center_axis',(0.707106781186548,0.707106781186548,0.));
#3193=DIRECTION('ref_axis',(-0.707106781186548,0.707106781186548,0.));
#3194=DIRECTION('',(0.,0.,1.));
#3195=DIRECTION('center_axis',(0.923879532511287,0.38268343236509,0.));
#3196=DIRECTION('ref_axis',(-0.38268343236509,0.923879532511287,0.));
#3197=DIRECTION('',(0.,0.,1.));
#3198=DIRECTION('center_axis',(1.,-1.33955233362371E-14,0.));
#3199=DIRECTION('ref_axis',(1.33955233362371E-14,1.,0.));
#3200=DIRECTION('center_axis',(-0.923879532511287,0.382683432365089,0.));
#3201=DIRECTION('ref_axis',(-0.382683432365089,-0.923879532511287,0.));
#3202=DIRECTION('',(0.,0.,1.));
#3203=DIRECTION('center_axis',(-0.707106781186548,0.707106781186548,0.));
#3204=DIRECTION('ref_axis',(-0.707106781186548,-0.707106781186548,0.));
#3205=DIRECTION('',(0.,0.,1.));
#3206=DIRECTION('center_axis',(-0.382683432365089,0.923879532511287,0.));
#3207=DIRECTION('ref_axis',(-0.923879532511287,-0.382683432365089,0.));
#3208=DIRECTION('',(0.,0.,1.));
#3209=DIRECTION('center_axis',(1.11629361135309E-15,1.,0.));
#3210=DIRECTION('ref_axis',(-1.,1.11629361135309E-15,0.));
#3211=DIRECTION('',(0.,0.,1.));
#3212=DIRECTION('center_axis',(0.382683432365091,0.923879532511287,0.));
#3213=DIRECTION('ref_axis',(-0.923879532511286,0.382683432365091,0.));
#3214=DIRECTION('',(0.,0.,1.));
#3215=DIRECTION('center_axis',(0.707106781186548,0.707106781186548,0.));
#3216=DIRECTION('ref_axis',(-0.707106781186548,0.707106781186548,0.));
#3217=DIRECTION('',(0.,0.,1.));
#3218=DIRECTION('center_axis',(0.923879532511287,0.382683432365089,0.));
#3219=DIRECTION('ref_axis',(-0.382683432365089,0.923879532511287,0.));
#3220=DIRECTION('',(0.,0.,1.));
#3221=DIRECTION('center_axis',(1.,0.,0.));
#3222=DIRECTION('ref_axis',(0.,1.,0.));
#3223=DIRECTION('center_axis',(0.832050294337844,-0.554700196225229,0.));
#3224=DIRECTION('ref_axis',(0.554700196225229,0.832050294337844,0.));
#3225=DIRECTION('',(0.554700196225229,0.832050294337844,0.));
#3226=DIRECTION('',(0.,0.,-1.));
#3227=DIRECTION('',(-0.554700196225229,-0.832050294337844,0.));
#3228=DIRECTION('',(0.,0.,1.));
#3229=DIRECTION('center_axis',(0.832050294337844,-0.554700196225229,0.));
#3230=DIRECTION('ref_axis',(0.554700196225229,0.832050294337844,0.));
#3231=DIRECTION('',(0.554700196225229,0.832050294337844,0.));
#3232=DIRECTION('',(0.,0.,1.));
#3233=DIRECTION('',(-0.554700196225229,-0.832050294337844,0.));
#3234=DIRECTION('',(0.,0.,1.));
#3235=DIRECTION('center_axis',(-0.832050294337844,-0.554700196225229,0.));
#3236=DIRECTION('ref_axis',(0.554700196225229,-0.832050294337844,0.));
#3237=DIRECTION('',(0.554700196225229,-0.832050294337844,0.));
#3238=DIRECTION('',(-0.554700196225229,0.832050294337844,0.));
#3239=DIRECTION('center_axis',(0.832050294337844,-0.554700196225229,0.));
#3240=DIRECTION('ref_axis',(0.554700196225229,0.832050294337844,0.));
#3241=DIRECTION('',(0.554700196225229,0.832050294337844,0.));
#3242=DIRECTION('',(0.,0.,1.));
#3243=DIRECTION('',(-0.554700196225229,-0.832050294337844,0.));
#3244=DIRECTION('',(0.,0.,1.));
#3245=DIRECTION('center_axis',(-0.832050294337844,-0.554700196225229,0.));
#3246=DIRECTION('ref_axis',(0.554700196225229,-0.832050294337844,0.));
#3247=DIRECTION('',(0.554700196225229,-0.832050294337844,0.));
#3248=DIRECTION('',(-0.554700196225229,0.832050294337844,0.));
#3249=DIRECTION('center_axis',(0.832050294337844,-0.554700196225229,0.));
#3250=DIRECTION('ref_axis',(0.554700196225229,0.832050294337844,0.));
#3251=DIRECTION('',(0.554700196225229,0.832050294337844,0.));
#3252=DIRECTION('',(0.,0.,1.));
#3253=DIRECTION('',(-0.554700196225229,-0.832050294337844,0.));
#3254=DIRECTION('',(0.,0.,1.));
#3255=DIRECTION('center_axis',(-0.832050294337844,-0.554700196225229,0.));
#3256=DIRECTION('ref_axis',(0.554700196225229,-0.832050294337844,0.));
#3257=DIRECTION('',(0.554700196225229,-0.832050294337844,0.));
#3258=DIRECTION('',(-0.554700196225229,0.832050294337844,0.));
#3259=DIRECTION('center_axis',(-1.,0.,0.));
#3260=DIRECTION('ref_axis',(0.,1.,0.));
#3261=DIRECTION('',(0.,1.,0.));
#3262=DIRECTION('',(0.,0.,-1.));
#3263=DIRECTION('',(0.,-1.,0.));
#3264=DIRECTION('center_axis',(0.,0.,-1.));
#3265=DIRECTION('ref_axis',(1.,0.,0.));
#3266=DIRECTION('',(1.,3.70074341541718E-16,0.));
#3267=DIRECTION('center_axis',(0.,0.,-1.));
#3268=DIRECTION('ref_axis',(1.,0.,0.));
#3269=DIRECTION('',(-1.,7.40148683083438E-17,0.));
#3270=DIRECTION('center_axis',(0.,0.,-1.));
#3271=DIRECTION('ref_axis',(1.,0.,0.));
#3272=DIRECTION('center_axis',(3.70074341541719E-16,-1.,0.));
#3273=DIRECTION('ref_axis',(1.,3.70074341541718E-16,0.));
#3274=DIRECTION('',(-1.,-3.70074341541718E-16,0.));
#3275=DIRECTION('',(-1.,-3.44255201434157E-16,0.));
#3276=DIRECTION('',(0.,0.,-1.));
#3277=DIRECTION('center_axis',(1.,0.,0.));
#3278=DIRECTION('ref_axis',(0.,0.,-1.));
#3279=DIRECTION('',(0.,0.,1.));
#3280=DIRECTION('',(0.,-1.,0.));
#3281=DIRECTION('',(0.,0.,-1.));
#3282=DIRECTION('',(0.,-1.,0.));
#3283=DIRECTION('',(0.,0.,-1.));
#3284=DIRECTION('',(0.,0.,1.));
#3285=DIRECTION('',(0.,-1.,0.));
#3286=DIRECTION('',(0.,0.,1.));
#3287=DIRECTION('',(0.,-1.,0.));
#3288=DIRECTION('center_axis',(0.,1.,0.));
#3289=DIRECTION('ref_axis',(1.,0.,0.));
#3290=DIRECTION('',(1.,0.,0.));
#3291=DIRECTION('',(0.,0.,1.));
#3292=DIRECTION('center_axis',(0.,0.,1.));
#3293=DIRECTION('ref_axis',(1.,0.,0.));
#3294=DIRECTION('',(1.,0.,0.));
#3295=DIRECTION('',(0.,1.,0.));
#3296=DIRECTION('center_axis',(0.,1.,0.));
#3297=DIRECTION('ref_axis',(1.,0.,0.));
#3298=DIRECTION('',(0.,0.,1.));
#3299=DIRECTION('center_axis',(0.,0.,-1.));
#3300=DIRECTION('ref_axis',(1.,0.,0.));
#3301=DIRECTION('',(1.,0.,0.));
#3302=DIRECTION('center_axis',(0.,0.,1.));
#3303=DIRECTION('ref_axis',(1.,0.,0.));
#3304=DIRECTION('center_axis',(1.,0.,0.));
#3305=DIRECTION('ref_axis',(0.,0.,-1.));
#3306=DIRECTION('',(0.,1.,0.));
#3307=DIRECTION('',(0.,0.,-1.));
#3308=DIRECTION('',(0.,1.,0.));
#3309=DIRECTION('',(0.,0.,-1.));
#3310=DIRECTION('',(0.,0.,-1.));
#3311=DIRECTION('center_axis',(0.,0.,-1.));
#3312=DIRECTION('ref_axis',(1.,0.,0.));
#3313=DIRECTION('center_axis',(0.,0.,-1.));
#3314=DIRECTION('ref_axis',(1.,0.,0.));
#3315=DIRECTION('',(1.,-7.40148683083438E-17,0.));
#3316=DIRECTION('center_axis',(0.,0.,-1.));
#3317=DIRECTION('ref_axis',(1.,0.,0.));
#3318=DIRECTION('',(0.,0.,-1.));
#3319=DIRECTION('center_axis',(-7.40148683083438E-17,-1.,0.));
#3320=DIRECTION('ref_axis',(-1.,7.40148683083438E-17,0.));
#3321=DIRECTION('',(0.,0.,-1.));
#3322=DIRECTION('center_axis',(0.,0.,-1.));
#3323=DIRECTION('ref_axis',(1.,0.,0.));
#3324=DIRECTION('center_axis',(0.,1.,0.));
#3325=DIRECTION('ref_axis',(-1.,0.,0.));
#3326=DIRECTION('',(1.,0.,0.));
#3327=DIRECTION('center_axis',(0.,0.,1.));
#3328=DIRECTION('ref_axis',(1.,0.,0.));
#3329=DIRECTION('',(1.,0.,0.));
#3330=DIRECTION('center_axis',(0.,-1.,0.));
#3331=DIRECTION('ref_axis',(-1.,0.,0.));
#3332=DIRECTION('',(1.,0.,0.));
#3333=DIRECTION('center_axis',(0.,-1.,0.));
#3334=DIRECTION('ref_axis',(-1.,0.,0.));
#3335=DIRECTION('',(-1.,0.,0.));
#3336=DIRECTION('center_axis',(0.,0.,-1.));
#3337=DIRECTION('ref_axis',(-1.,0.,0.));
#3338=DIRECTION('center_axis',(0.,-1.,0.));
#3339=DIRECTION('ref_axis',(-1.,0.,0.));
#3340=DIRECTION('center_axis',(0.,1.,0.));
#3341=DIRECTION('ref_axis',(1.,0.,0.));
#3342=DIRECTION('',(0.,1.,0.));
#3343=DIRECTION('center_axis',(0.,1.,0.));
#3344=DIRECTION('ref_axis',(1.,0.,0.));
#3345=DIRECTION('',(0.,1.,0.));
#3346=DIRECTION('center_axis',(-0.127971337630197,0.,-0.991777866634025));
#3347=DIRECTION('ref_axis',(-0.991777866634025,0.,0.127971337630197));
#3348=DIRECTION('',(0.,1.,0.));
#3349=DIRECTION('center_axis',(0.,1.,0.));
#3350=DIRECTION('ref_axis',(1.,0.,0.));
#3351=DIRECTION('center_axis',(1.,0.,0.));
#3352=DIRECTION('ref_axis',(0.,0.,-1.));
#3353=CARTESIAN_POINT('',(0.,0.,0.));
#3354=CARTESIAN_POINT('Origin',(40.,-5.5,8.55));
#3355=CARTESIAN_POINT('',(15.,-5.5,-2.45));
#3356=CARTESIAN_POINT('',(15.,-5.5,8.55));
#3357=CARTESIAN_POINT('',(15.,-5.5,4.275));
#3358=CARTESIAN_POINT('',(74.,-5.5,-2.45));
#3359=CARTESIAN_POINT('',(21.9,-5.5,-2.45));
#3360=CARTESIAN_POINT('',(74.,-5.5,8.55));
#3361=CARTESIAN_POINT('',(74.,-5.5,6.4125));
#3362=CARTESIAN_POINT('',(71.,-5.5,8.55));
#3363=CARTESIAN_POINT('',(30.,-5.5,8.55));
#3364=CARTESIAN_POINT('',(67.,-5.5,4.55));
#3365=CARTESIAN_POINT('Origin',(67.,-5.5,8.55));
#3366=CARTESIAN_POINT('',(51.5,-5.5,6.55));
#3367=CARTESIAN_POINT('',(53.4672466734903,-5.5,6.29616171954964));
#3368=CARTESIAN_POINT('',(49.5,-5.5,8.55));
#3369=CARTESIAN_POINT('Origin',(51.5,-5.5,8.55));
#3370=CARTESIAN_POINT('',(30.,-5.5,8.55));
#3371=CARTESIAN_POINT('Origin',(20.,13.75,8.55));
#3372=CARTESIAN_POINT('',(74.,-0.5,8.55));
#3373=CARTESIAN_POINT('',(74.,-1.,8.55));
#3374=CARTESIAN_POINT('',(71.,-0.5,8.55));
#3375=CARTESIAN_POINT('',(30.,-0.500000000000001,8.55));
#3376=CARTESIAN_POINT('',(71.,-1.,8.55));
#3377=CARTESIAN_POINT('Origin',(74.,-7.5,4.275));
#3378=CARTESIAN_POINT('',(74.,-0.5,-2.45));
#3379=CARTESIAN_POINT('',(74.,-1.,-2.45));
#3380=CARTESIAN_POINT('',(74.,-0.5,2.1375));
#3381=CARTESIAN_POINT('Origin',(3.8,17.,-2.45));
#3382=CARTESIAN_POINT('',(15.,3.55,-2.45));
#3383=CARTESIAN_POINT('',(15.,15.,-2.45));
#3384=CARTESIAN_POINT('',(23.55,3.55,-2.45));
#3385=CARTESIAN_POINT('',(13.675,3.55,-2.45));
#3386=CARTESIAN_POINT('',(28.9574023338383,12.15,-2.45));
#3387=CARTESIAN_POINT('Origin',(23.55,9.55,-2.45));
#3388=CARTESIAN_POINT('',(30.1,12.15,-2.45));
#3389=CARTESIAN_POINT('',(9.45,12.15,-2.45));
#3390=CARTESIAN_POINT('',(30.1,27.85,-2.45));
#3391=CARTESIAN_POINT('',(30.1,24.85,-2.45));
#3392=CARTESIAN_POINT('',(17.,27.85,-2.45));
#3393=CARTESIAN_POINT('',(9.45,27.85,-2.45));
#3394=CARTESIAN_POINT('',(17.,15.55,-2.45));
#3395=CARTESIAN_POINT('',(17.,10.825,-2.45));
#3396=CARTESIAN_POINT('',(15.,15.55,-2.45));
#3397=CARTESIAN_POINT('',(1.675,15.55,-2.45));
#3398=CARTESIAN_POINT('',(15.,36.,-2.45));
#3399=CARTESIAN_POINT('',(15.,15.,-2.45));
#3400=CARTESIAN_POINT('',(74.,36.,-2.45));
#3401=CARTESIAN_POINT('',(21.9,36.,-2.45));
#3402=CARTESIAN_POINT('',(74.,31.5,-2.45));
#3403=CARTESIAN_POINT('',(74.,23.75,-2.45));
#3404=CARTESIAN_POINT('',(45.,31.5,-2.45));
#3405=CARTESIAN_POINT('',(21.9,31.5,-2.45));
#3406=CARTESIAN_POINT('',(45.,-0.5,-2.45));
#3407=CARTESIAN_POINT('',(45.,7.,-2.45));
#3408=CARTESIAN_POINT('',(21.9,-0.5,-2.45));
#3409=CARTESIAN_POINT('Origin',(15.,13.,0.));
#3410=CARTESIAN_POINT('',(15.,36.,8.55));
#3411=CARTESIAN_POINT('',(15.,13.375,8.55));
#3412=CARTESIAN_POINT('',(15.,36.,0.));
#3413=CARTESIAN_POINT('',(15.,15.,-2.45));
#3414=CARTESIAN_POINT('Origin',(57.7423234390993,-2.,6.61550665301945));
#3415=CARTESIAN_POINT('',(49.5,-2.,8.55));
#3416=CARTESIAN_POINT('',(63.,-2.,8.55));
#3417=CARTESIAN_POINT('',(38.8711617195496,-2.,8.55));
#3418=CARTESIAN_POINT('',(51.5,-2.,6.55));
#3419=CARTESIAN_POINT('Origin',(51.5,-2.,8.55));
#3420=CARTESIAN_POINT('',(65.9846468781986,-2.,4.6810133060389));
#3421=CARTESIAN_POINT('',(67.,-2.,4.55));
#3422=CARTESIAN_POINT('Origin',(67.,-2.,8.55));
#3423=CARTESIAN_POINT('Origin',(20.,13.75,8.55));
#3424=CARTESIAN_POINT('',(49.5,-4.,8.55));
#3425=CARTESIAN_POINT('',(63.,-0.5,8.55));
#3426=CARTESIAN_POINT('',(63.,-1.,8.55));
#3427=CARTESIAN_POINT('',(45.,-0.5,8.55));
#3428=CARTESIAN_POINT('',(30.,-0.500000000000001,8.55));
#3429=CARTESIAN_POINT('',(45.,31.5,8.55));
#3430=CARTESIAN_POINT('',(45.,20.625,8.55));
#3431=CARTESIAN_POINT('',(61.75,31.5,8.55));
#3432=CARTESIAN_POINT('',(30.,31.5,8.55));
#3433=CARTESIAN_POINT('',(61.75,34.5,8.55));
#3434=CARTESIAN_POINT('',(61.75,36.5,8.55));
#3435=CARTESIAN_POINT('',(72.25,34.5,8.55));
#3436=CARTESIAN_POINT('',(0.,34.5,8.55));
#3437=CARTESIAN_POINT('',(72.25,31.5,8.55));
#3438=CARTESIAN_POINT('',(72.25,36.5,8.55));
#3439=CARTESIAN_POINT('',(74.,31.5,8.55));
#3440=CARTESIAN_POINT('',(30.,31.5,8.55));
#3441=CARTESIAN_POINT('',(74.,36.,8.55));
#3442=CARTESIAN_POINT('',(74.,33.5,8.55));
#3443=CARTESIAN_POINT('',(30.,36.,8.55));
#3444=CARTESIAN_POINT('',(37.4585012885655,24.6072819576835,8.55));
#3445=CARTESIAN_POINT('',(37.9,25.673154134599,8.55));
#3446=CARTESIAN_POINT('',(34.2760417981634,16.9241450942519,8.55));
#3447=CARTESIAN_POINT('',(36.6427180423165,23.7914987114345,8.55));
#3448=CARTESIAN_POINT('',(29.9997943106459,17.148574979764,8.55));
#3449=CARTESIAN_POINT('',(35.576845865401,23.35,8.55));
#3450=CARTESIAN_POINT('',(27.2687090019695,19.9086570331148,8.55));
#3451=CARTESIAN_POINT('',(34.423154134599,23.35,8.55));
#3452=CARTESIAN_POINT('',(27.2513595407754,23.35,8.55));
#3453=CARTESIAN_POINT('',(33.3572819576835,23.7914987114346,8.55));
#3454=CARTESIAN_POINT('',(29.4685624766679,25.4022590607357,8.55));
#3455=CARTESIAN_POINT('',(32.5414987114345,24.6072819576835,8.55));
#3456=CARTESIAN_POINT('',(32.148574979764,25.000205689354,8.55));
#3457=CARTESIAN_POINT('',(32.1,25.673154134599,8.55));
#3458=CARTESIAN_POINT('',(33.3369578920139,22.6868736156146,8.55));
#3459=CARTESIAN_POINT('',(32.1,26.826845865401,8.55));
#3460=CARTESIAN_POINT('',(32.1,20.2486404592246,8.55));
#3461=CARTESIAN_POINT('',(32.5414987114345,27.8927180423165,8.55));
#3462=CARTESIAN_POINT('',(29.1078416783198,19.603136664433,8.55));
#3463=CARTESIAN_POINT('',(33.3572819576835,28.7085012885655,8.55));
#3464=CARTESIAN_POINT('',(26.250205689354,21.601425020236,8.55));
#3465=CARTESIAN_POINT('',(34.423154134599,29.15,8.55));
#3466=CARTESIAN_POINT('',(25.5085727567155,25.457459490402,8.55));
#3467=CARTESIAN_POINT('',(35.576845865401,29.15,8.55));
#3468=CARTESIAN_POINT('',(27.7486404592246,29.15,8.55));
#3469=CARTESIAN_POINT('',(36.6427180423165,28.7085012885655,8.55));
#3470=CARTESIAN_POINT('',(32.147554046849,30.5704591805793,8.55));
#3471=CARTESIAN_POINT('',(37.4585012885655,27.8927180423165,8.55));
#3472=CARTESIAN_POINT('',(36.601425020236,28.749794310646,8.55));
#3473=CARTESIAN_POINT('',(37.9,26.826845865401,8.55));
#3474=CARTESIAN_POINT('',(38.8857603493011,24.4470098608686,8.55));
#3475=CARTESIAN_POINT('',(37.8999999999999,19.7513595407753,8.55));
#3476=CARTESIAN_POINT('',(30.1,-0.2,8.55));
#3477=CARTESIAN_POINT('',(17.,-0.2,8.55));
#3478=CARTESIAN_POINT('',(17.55,-0.2,8.55));
#3479=CARTESIAN_POINT('',(17.,32.7,8.55));
#3480=CARTESIAN_POINT('',(17.,20.8,8.55));
#3481=CARTESIAN_POINT('',(30.1,32.7,8.55));
#3482=CARTESIAN_POINT('',(17.55,32.7,8.55));
#3483=CARTESIAN_POINT('',(30.1,23.225,8.55));
#3484=CARTESIAN_POINT('',(37.4585012885655,4.60728195768349,8.55));
#3485=CARTESIAN_POINT('',(37.9,5.67315413459899,8.55));
#3486=CARTESIAN_POINT('',(37.8115757040962,5.45967900018468,8.55));
#3487=CARTESIAN_POINT('',(36.6427180423165,3.79149871143453,8.55));
#3488=CARTESIAN_POINT('',(34.999794310646,2.14857497976398,8.55));
#3489=CARTESIAN_POINT('',(35.576845865401,3.35,8.55));
#3490=CARTESIAN_POINT('',(30.8042429079022,1.37312312718205,8.55));
#3491=CARTESIAN_POINT('',(34.423154134599,3.35,8.55));
#3492=CARTESIAN_POINT('',(27.2513595407754,3.35000000000001,8.55));
#3493=CARTESIAN_POINT('',(33.3572819576835,3.79149871143454,8.55));
#3494=CARTESIAN_POINT('',(25.9330285707351,6.86672515480294,8.55));
#3495=CARTESIAN_POINT('',(32.5414987114345,4.60728195768348,8.55));
#3496=CARTESIAN_POINT('',(27.148574979764,10.000205689354,8.55));
#3497=CARTESIAN_POINT('',(32.1,5.67315413459899,8.55));
#3498=CARTESIAN_POINT('',(29.8014239860812,11.2224075215474,8.55));
#3499=CARTESIAN_POINT('',(32.1,6.82684586540101,8.55));
#3500=CARTESIAN_POINT('',(32.1,10.2486404592246,8.55));
#3501=CARTESIAN_POINT('',(32.5414987114345,7.89271804231651,8.55));
#3502=CARTESIAN_POINT('',(32.6433755842525,8.13867057036578,8.55));
#3503=CARTESIAN_POINT('',(33.3572819576835,8.70850128856546,8.55));
#3504=CARTESIAN_POINT('',(31.250205689354,6.60142502023602,8.55));
#3505=CARTESIAN_POINT('',(34.423154134599,9.15,8.55));
#3506=CARTESIAN_POINT('',(29.0441066626482,6.9219255844693,8.55));
#3507=CARTESIAN_POINT('',(35.576845865401,9.15,8.55));
#3508=CARTESIAN_POINT('',(27.7486404592246,9.15000000000001,8.55));
#3509=CARTESIAN_POINT('',(36.6427180423165,8.70850128856546,8.55));
#3510=CARTESIAN_POINT('',(28.6120201409162,12.0349252746466,8.55));
#3511=CARTESIAN_POINT('',(37.4585012885655,7.89271804231651,8.55));
#3512=CARTESIAN_POINT('',(31.601425020236,13.749794310646,8.55));
#3513=CARTESIAN_POINT('',(37.9,6.82684586540101,8.55));
#3514=CARTESIAN_POINT('',(35.3502264433684,12.9825437668013,8.55));
#3515=CARTESIAN_POINT('',(37.9,9.75135954077543,8.55));
#3516=CARTESIAN_POINT('Origin',(40.,-0.5,0.));
#3517=CARTESIAN_POINT('',(45.,-0.5,2.1375));
#3518=CARTESIAN_POINT('',(65.9846468781986,-0.5,4.6810133060389));
#3519=CARTESIAN_POINT('Origin',(67.,-0.5,8.55));
#3520=CARTESIAN_POINT('',(67.,-0.5,4.55));
#3521=CARTESIAN_POINT('',(54.0098259979529,-0.5,6.22615148413511));
#3522=CARTESIAN_POINT('Origin',(67.,-0.5,8.55));
#3523=CARTESIAN_POINT('Origin',(40.,36.,0.));
#3524=CARTESIAN_POINT('',(74.,36.,2.1375));
#3525=CARTESIAN_POINT('Origin',(67.,34.5,5.925));
#3526=CARTESIAN_POINT('Origin',(67.,34.5,8.55));
#3527=CARTESIAN_POINT('Origin',(40.,31.5,8.55));
#3528=CARTESIAN_POINT('',(74.,31.5,6.4125));
#3529=CARTESIAN_POINT('Origin',(67.,31.5,8.55));
#3530=CARTESIAN_POINT('',(45.,31.5,6.4125));
#3531=CARTESIAN_POINT('Origin',(45.,-3.,4.275));
#3532=CARTESIAN_POINT('Origin',(35.3502264433684,12.9825437668013,8.95));
#3533=CARTESIAN_POINT('',(37.1193976625564,7.6661362433763,8.95));
#3534=CARTESIAN_POINT('',(37.5,6.74728091844914,8.95));
#3535=CARTESIAN_POINT('',(34.9806746303639,12.8294703938553,8.95));
#3536=CARTESIAN_POINT('Origin',(37.9,6.82684586540101,8.95));
#3537=CARTESIAN_POINT('Origin',(37.4585012885655,7.89271804231651,8.95));
#3538=CARTESIAN_POINT('Origin',(37.8115757040962,5.45967900018468,8.95));
#3539=CARTESIAN_POINT('',(37.5,5.75271908155085,8.95));
#3540=CARTESIAN_POINT('',(37.1193976625564,4.8338637566237,8.95));
#3541=CARTESIAN_POINT('',(37.4420238910917,5.61275237313072,8.95));
#3542=CARTESIAN_POINT('Origin',(37.4585012885655,4.60728195768349,8.95));
#3543=CARTESIAN_POINT('Origin',(37.9,5.67315413459899,8.95));
#3544=CARTESIAN_POINT('Origin',(34.999794310646,2.14857497976398,8.95));
#3545=CARTESIAN_POINT('',(36.4161362433763,4.13060233744356,8.95));
#3546=CARTESIAN_POINT('',(34.7169515981713,2.4314176922386,8.95));
#3547=CARTESIAN_POINT('Origin',(36.6427180423165,3.79149871143453,8.95));
#3548=CARTESIAN_POINT('Origin',(30.8042429079022,1.37312312718205,8.95));
#3549=CARTESIAN_POINT('',(35.4972809184491,3.75,8.95));
#3550=CARTESIAN_POINT('',(30.6511695349561,1.74267494018656,8.95));
#3551=CARTESIAN_POINT('Origin',(35.576845865401,3.35,8.95));
#3552=CARTESIAN_POINT('Origin',(27.2513595407754,3.35000000000001,8.95));
#3553=CARTESIAN_POINT('',(34.5027190815509,3.75,8.95));
#3554=CARTESIAN_POINT('',(27.2513595407754,3.75000000000001,8.95));
#3555=CARTESIAN_POINT('Origin',(34.423154134599,3.35,8.95));
#3556=CARTESIAN_POINT('Origin',(25.9330285707351,6.86672515480294,8.95));
#3557=CARTESIAN_POINT('',(33.5838637566237,4.13060233744357,8.95));
#3558=CARTESIAN_POINT('',(26.0861019436812,7.23627696780746,8.95));
#3559=CARTESIAN_POINT('Origin',(33.3572819576835,3.79149871143454,8.95));
#3560=CARTESIAN_POINT('Origin',(27.148574979764,10.000205689354,8.95));
#3561=CARTESIAN_POINT('',(32.8806023374436,4.8338637566237,8.95));
#3562=CARTESIAN_POINT('',(27.4314176922386,10.2830484018287,8.95));
#3563=CARTESIAN_POINT('Origin',(32.5414987114345,4.60728195768349,8.95));
#3564=CARTESIAN_POINT('Origin',(29.8014239860812,11.2224075215474,8.95));
#3565=CARTESIAN_POINT('',(32.5,5.75271908155086,8.95));
#3566=CARTESIAN_POINT('',(30.1709757990857,11.3754808944934,8.95));
#3567=CARTESIAN_POINT('Origin',(32.1,5.67315413459899,8.95));
#3568=CARTESIAN_POINT('Origin',(32.1,10.2486404592246,8.95));
#3569=CARTESIAN_POINT('',(32.5,6.74728091844915,8.95));
#3570=CARTESIAN_POINT('',(32.5,10.2486404592246,8.95));
#3571=CARTESIAN_POINT('Origin',(32.1,6.82684586540101,8.95));
#3572=CARTESIAN_POINT('Origin',(32.6433755842525,8.13867057036578,8.95));
#3573=CARTESIAN_POINT('',(32.8806023374436,7.6661362433763,8.95));
#3574=CARTESIAN_POINT('',(33.012927397257,7.98559719741974,8.95));
#3575=CARTESIAN_POINT('Origin',(32.5414987114345,7.89271804231651,8.95));
#3576=CARTESIAN_POINT('Origin',(31.250205689354,6.60142502023602,8.95));
#3577=CARTESIAN_POINT('',(33.5838637566237,8.36939766255643,8.95));
#3578=CARTESIAN_POINT('',(31.5330484018287,6.3185823077614,8.95));
#3579=CARTESIAN_POINT('Origin',(33.3572819576835,8.70850128856546,8.95));
#3580=CARTESIAN_POINT('Origin',(29.0441066626482,6.9219255844693,8.95));
#3581=CARTESIAN_POINT('',(34.5027190815509,8.75,8.95));
#3582=CARTESIAN_POINT('',(29.1971800355943,6.55237377146478,8.95));
#3583=CARTESIAN_POINT('Origin',(34.423154134599,9.15,8.95));
#3584=CARTESIAN_POINT('Origin',(37.9,9.75135954077543,8.95));
#3585=CARTESIAN_POINT('',(37.5,9.75135954077543,8.95));
#3586=CARTESIAN_POINT('Origin',(27.7486404592246,9.15000000000001,8.95));
#3587=CARTESIAN_POINT('',(35.4972809184491,8.75,8.95));
#3588=CARTESIAN_POINT('',(27.7486404592246,8.75000000000001,8.95));
#3589=CARTESIAN_POINT('Origin',(35.576845865401,9.15,8.95));
#3590=CARTESIAN_POINT('Origin',(28.6120201409162,12.0349252746466,8.95));
#3591=CARTESIAN_POINT('',(36.4161362433763,8.36939766255643,8.95));
#3592=CARTESIAN_POINT('',(28.4589467679702,11.6653734616421,8.95));
#3593=CARTESIAN_POINT('Origin',(36.6427180423165,8.70850128856546,8.95));
#3594=CARTESIAN_POINT('Origin',(31.601425020236,13.749794310646,8.95));
#3595=CARTESIAN_POINT('',(31.3185823077614,13.4669515981713,8.95));
#3596=CARTESIAN_POINT('Origin',(32.5,6.74728091844915,8.55));
#3597=CARTESIAN_POINT('',(32.5,5.75271908155086,11.15));
#3598=CARTESIAN_POINT('',(32.5,5.75271908155086,8.55));
#3599=CARTESIAN_POINT('',(32.5,6.74728091844915,11.15));
#3600=CARTESIAN_POINT('',(32.5,6.49864045922457,11.15));
#3601=CARTESIAN_POINT('',(32.5,6.74728091844915,8.55));
#3602=CARTESIAN_POINT('Origin',(32.5,5.75271908155086,8.55));
#3603=CARTESIAN_POINT('',(32.8806023374436,4.8338637566237,11.15));
#3604=CARTESIAN_POINT('',(32.8806023374436,4.8338637566237,8.55));
#3605=CARTESIAN_POINT('',(32.5951505843609,5.52300525031907,11.15));
#3606=CARTESIAN_POINT('Origin',(32.8806023374436,4.8338637566237,8.55));
#3607=CARTESIAN_POINT('',(33.5838637566237,4.13060233744357,11.15));
#3608=CARTESIAN_POINT('',(33.5838637566237,4.13060233744357,8.55));
#3609=CARTESIAN_POINT('',(33.0564176922386,4.65804840182866,11.15));
#3610=CARTESIAN_POINT('Origin',(33.5838637566237,4.13060233744357,8.55));
#3611=CARTESIAN_POINT('',(34.5027190815509,3.75,11.15));
#3612=CARTESIAN_POINT('',(34.5027190815509,3.75,8.55));
#3613=CARTESIAN_POINT('',(33.8135775878555,4.03545175308268,11.15));
#3614=CARTESIAN_POINT('Origin',(34.5027190815509,3.75,8.55));
#3615=CARTESIAN_POINT('',(35.4972809184491,3.75,11.15));
#3616=CARTESIAN_POINT('',(35.4972809184491,3.75,8.55));
#3617=CARTESIAN_POINT('',(34.7513595407754,3.75,11.15));
#3618=CARTESIAN_POINT('Origin',(35.4972809184491,3.75,8.55));
#3619=CARTESIAN_POINT('',(36.4161362433763,4.13060233744356,11.15));
#3620=CARTESIAN_POINT('',(36.4161362433763,4.13060233744356,8.55));
#3621=CARTESIAN_POINT('',(35.7269947496809,3.84515058436089,11.15));
#3622=CARTESIAN_POINT('Origin',(36.4161362433763,4.13060233744356,8.55));
#3623=CARTESIAN_POINT('',(37.1193976625564,4.8338637566237,11.15));
#3624=CARTESIAN_POINT('',(37.1193976625564,4.8338637566237,8.55));
#3625=CARTESIAN_POINT('',(36.5919515981713,4.3064176922386,11.15));
#3626=CARTESIAN_POINT('Origin',(37.1193976625564,4.8338637566237,8.55));
#3627=CARTESIAN_POINT('',(37.5,5.75271908155085,11.15));
#3628=CARTESIAN_POINT('',(37.5,5.75271908155085,8.55));
#3629=CARTESIAN_POINT('',(37.2145482469173,5.06357758785549,11.15));
#3630=CARTESIAN_POINT('Origin',(32.147554046849,30.5704591805793,8.95));
#3631=CARTESIAN_POINT('',(35.4972809184491,28.75,8.95));
#3632=CARTESIAN_POINT('',(36.4161362433763,28.3693976625564,8.95));
#3633=CARTESIAN_POINT('',(31.9944806739029,30.2009073675748,8.95));
#3634=CARTESIAN_POINT('Origin',(36.6427180423165,28.7085012885655,8.95));
#3635=CARTESIAN_POINT('Origin',(35.576845865401,29.15,8.95));
#3636=CARTESIAN_POINT('Origin',(36.601425020236,28.749794310646,8.95));
#3637=CARTESIAN_POINT('',(37.1193976625564,27.6661362433763,8.95));
#3638=CARTESIAN_POINT('',(36.3185823077614,28.4669515981713,8.95));
#3639=CARTESIAN_POINT('Origin',(37.4585012885655,27.8927180423165,8.95));
#3640=CARTESIAN_POINT('Origin',(38.8857603493011,24.4470098608686,8.95));
#3641=CARTESIAN_POINT('',(37.5,26.7472809184491,8.95));
#3642=CARTESIAN_POINT('',(38.5162085362966,24.2939364879225,8.95));
#3643=CARTESIAN_POINT('Origin',(37.9,26.826845865401,8.95));
#3644=CARTESIAN_POINT('Origin',(34.2760417981634,16.9241450942519,8.95));
#3645=CARTESIAN_POINT('',(37.5,25.7527190815509,8.95));
#3646=CARTESIAN_POINT('',(37.1193976625564,24.8338637566237,8.95));
#3647=CARTESIAN_POINT('',(33.9064899851589,17.077218467198,8.95));
#3648=CARTESIAN_POINT('Origin',(37.4585012885655,24.6072819576835,8.95));
#3649=CARTESIAN_POINT('Origin',(37.9,25.673154134599,8.95));
#3650=CARTESIAN_POINT('Origin',(29.9997943106459,17.148574979764,8.95));
#3651=CARTESIAN_POINT('',(36.4161362433763,24.1306023374436,8.95));
#3652=CARTESIAN_POINT('',(29.7169515981713,17.4314176922386,8.95));
#3653=CARTESIAN_POINT('Origin',(36.6427180423165,23.7914987114345,8.95));
#3654=CARTESIAN_POINT('Origin',(27.2687090019695,19.9086570331148,8.95));
#3655=CARTESIAN_POINT('',(35.4972809184491,23.75,8.95));
#3656=CARTESIAN_POINT('',(27.1156356290234,20.2782088461193,8.95));
#3657=CARTESIAN_POINT('Origin',(35.576845865401,23.35,8.95));
#3658=CARTESIAN_POINT('Origin',(27.2513595407754,23.35,8.95));
#3659=CARTESIAN_POINT('',(34.5027190815509,23.75,8.95));
#3660=CARTESIAN_POINT('',(27.2513595407754,23.75,8.95));
#3661=CARTESIAN_POINT('Origin',(34.423154134599,23.35,8.95));
#3662=CARTESIAN_POINT('Origin',(29.4685624766679,25.4022590607357,8.95));
#3663=CARTESIAN_POINT('',(33.5838637566237,24.1306023374436,8.95));
#3664=CARTESIAN_POINT('',(29.6216358496139,25.7718108737402,8.95));
#3665=CARTESIAN_POINT('Origin',(33.3572819576835,23.7914987114346,8.95));
#3666=CARTESIAN_POINT('Origin',(32.148574979764,25.000205689354,8.95));
#3667=CARTESIAN_POINT('',(32.8806023374436,24.8338637566237,8.95));
#3668=CARTESIAN_POINT('',(32.4314176922386,25.2830484018287,8.95));
#3669=CARTESIAN_POINT('Origin',(32.5414987114345,24.6072819576835,8.95));
#3670=CARTESIAN_POINT('Origin',(33.3369578920139,22.6868736156146,8.95));
#3671=CARTESIAN_POINT('',(32.5,25.7527190815509,8.95));
#3672=CARTESIAN_POINT('',(33.7065097050184,22.8399469885607,8.95));
#3673=CARTESIAN_POINT('Origin',(32.1,25.673154134599,8.95));
#3674=CARTESIAN_POINT('Origin',(37.8999999999999,19.7513595407753,8.95));
#3675=CARTESIAN_POINT('',(37.4999999999999,19.7513595407753,8.95));
#3676=CARTESIAN_POINT('Origin',(32.1,20.2486404592246,8.95));
#3677=CARTESIAN_POINT('',(32.5,26.7472809184491,8.95));
#3678=CARTESIAN_POINT('',(32.5,20.2486404592246,8.95));
#3679=CARTESIAN_POINT('Origin',(32.1,26.826845865401,8.95));
#3680=CARTESIAN_POINT('Origin',(29.1078416783198,19.603136664433,8.95));
#3681=CARTESIAN_POINT('',(32.8806023374436,27.6661362433763,8.95));
#3682=CARTESIAN_POINT('',(29.4773934913243,19.450063291487,8.95));
#3683=CARTESIAN_POINT('Origin',(32.5414987114345,27.8927180423165,8.95));
#3684=CARTESIAN_POINT('Origin',(26.250205689354,21.601425020236,8.95));
#3685=CARTESIAN_POINT('',(33.5838637566237,28.3693976625564,8.95));
#3686=CARTESIAN_POINT('',(26.5330484018287,21.3185823077614,8.95));
#3687=CARTESIAN_POINT('Origin',(33.3572819576835,28.7085012885655,8.95));
#3688=CARTESIAN_POINT('Origin',(25.5085727567155,25.457459490402,8.95));
#3689=CARTESIAN_POINT('',(34.5027190815509,28.75,8.95));
#3690=CARTESIAN_POINT('',(25.6616461296616,25.0879076773975,8.95));
#3691=CARTESIAN_POINT('Origin',(34.423154134599,29.15,8.95));
#3692=CARTESIAN_POINT('Origin',(27.7486404592246,29.15,8.95));
#3693=CARTESIAN_POINT('',(27.7486404592246,28.75,8.95));
#3694=CARTESIAN_POINT('Origin',(32.5,26.7472809184491,8.55));
#3695=CARTESIAN_POINT('',(32.5,25.7527190815509,11.15));
#3696=CARTESIAN_POINT('',(32.5,25.7527190815509,8.55));
#3697=CARTESIAN_POINT('',(32.5,26.7472809184491,11.15));
#3698=CARTESIAN_POINT('',(32.5,26.4986404592246,11.15));
#3699=CARTESIAN_POINT('',(32.5,26.7472809184491,8.55));
#3700=CARTESIAN_POINT('Origin',(32.5,25.7527190815509,8.55));
#3701=CARTESIAN_POINT('',(32.8806023374436,24.8338637566237,11.15));
#3702=CARTESIAN_POINT('',(32.8806023374436,24.8338637566237,8.55));
#3703=CARTESIAN_POINT('',(32.5951505843609,25.5230052503191,11.15));
#3704=CARTESIAN_POINT('Origin',(32.8806023374436,24.8338637566237,8.55));
#3705=CARTESIAN_POINT('',(33.5838637566237,24.1306023374436,11.15));
#3706=CARTESIAN_POINT('',(33.5838637566237,24.1306023374436,8.55));
#3707=CARTESIAN_POINT('',(33.0564176922386,24.6580484018287,11.15));
#3708=CARTESIAN_POINT('Origin',(33.5838637566237,24.1306023374436,8.55));
#3709=CARTESIAN_POINT('',(34.5027190815509,23.75,11.15));
#3710=CARTESIAN_POINT('',(34.5027190815509,23.75,8.55));
#3711=CARTESIAN_POINT('',(33.8135775878555,24.0354517530827,11.15));
#3712=CARTESIAN_POINT('Origin',(34.5027190815509,23.75,8.55));
#3713=CARTESIAN_POINT('',(35.4972809184491,23.75,11.15));
#3714=CARTESIAN_POINT('',(35.4972809184491,23.75,8.55));
#3715=CARTESIAN_POINT('',(34.7513595407754,23.75,11.15));
#3716=CARTESIAN_POINT('Origin',(35.4972809184491,23.75,8.55));
#3717=CARTESIAN_POINT('',(36.4161362433763,24.1306023374436,11.15));
#3718=CARTESIAN_POINT('',(36.4161362433763,24.1306023374436,8.55));
#3719=CARTESIAN_POINT('',(35.7269947496809,23.8451505843609,11.15));
#3720=CARTESIAN_POINT('Origin',(36.4161362433763,24.1306023374436,8.55));
#3721=CARTESIAN_POINT('',(37.1193976625564,24.8338637566237,11.15));
#3722=CARTESIAN_POINT('',(37.1193976625564,24.8338637566237,8.55));
#3723=CARTESIAN_POINT('',(36.5919515981713,24.3064176922386,11.15));
#3724=CARTESIAN_POINT('Origin',(37.1193976625564,24.8338637566237,8.55));
#3725=CARTESIAN_POINT('',(37.5,25.7527190815509,11.15));
#3726=CARTESIAN_POINT('',(37.5,25.7527190815509,8.55));
#3727=CARTESIAN_POINT('',(37.2145482469173,25.0635775878555,11.15));
#3728=CARTESIAN_POINT('Origin',(32.7,6.49864045922457,11.35));
#3729=CARTESIAN_POINT('',(32.9,5.83228402850272,11.55));
#3730=CARTESIAN_POINT('',(32.9,6.66771597149729,11.55));
#3731=CARTESIAN_POINT('',(32.9,6.49864045922457,11.55));
#3732=CARTESIAN_POINT('',(32.9,6.66771597149729,11.55));
#3733=CARTESIAN_POINT('',(32.9,5.83228402850272,11.55));
#3734=CARTESIAN_POINT('Origin',(32.9702276595849,7.3598857256715,11.35));
#3735=CARTESIAN_POINT('',(33.2197059634526,7.43955444443609,11.55));
#3736=CARTESIAN_POINT('',(33.1550035660872,7.28334903919848,11.55));
#3737=CARTESIAN_POINT('',(32.8806023374436,7.6661362433763,11.15));
#3738=CARTESIAN_POINT('',(33.2197059634526,7.43955444443609,11.55));
#3739=CARTESIAN_POINT('',(32.7854517530827,7.43642241214451,11.15));
#3740=CARTESIAN_POINT('Origin',(33.549469758066,8.05216095152409,11.35));
#3741=CARTESIAN_POINT('',(33.8104455555639,8.0302940365474,11.55));
#3742=CARTESIAN_POINT('',(33.6908911143033,7.91073959528678,11.55));
#3743=CARTESIAN_POINT('',(33.5838637566237,8.36939766255643,11.15));
#3744=CARTESIAN_POINT('',(33.8104455555639,8.0302940365474,11.55));
#3745=CARTESIAN_POINT('',(33.4080484018287,8.1935823077614,11.15));
#3746=CARTESIAN_POINT('Origin',(34.3495419367921,8.47007350913685,11.35));
#3747=CARTESIAN_POINT('',(34.5822840285027,8.35,11.55));
#3748=CARTESIAN_POINT('',(34.4260786232651,8.28529760263459,11.55));
#3749=CARTESIAN_POINT('',(34.5027190815509,8.75,11.15));
#3750=CARTESIAN_POINT('',(34.5822840285027,8.35,11.55));
#3751=CARTESIAN_POINT('',(34.2730052503191,8.65484941563911,11.15));
#3752=CARTESIAN_POINT('Origin',(35.2486404592246,8.55,11.35));
#3753=CARTESIAN_POINT('',(35.4177159714973,8.35,11.55));
#3754=CARTESIAN_POINT('',(35.2486404592246,8.35,11.55));
#3755=CARTESIAN_POINT('',(35.4972809184491,8.75,11.15));
#3756=CARTESIAN_POINT('',(35.4177159714973,8.35,11.55));
#3757=CARTESIAN_POINT('',(35.2486404592246,8.75,11.15));
#3758=CARTESIAN_POINT('Origin',(36.1098857256715,8.27977234041507,11.35));
#3759=CARTESIAN_POINT('',(36.1895544444361,8.0302940365474,11.55));
#3760=CARTESIAN_POINT('',(36.0333490391985,8.09499643391281,11.55));
#3761=CARTESIAN_POINT('',(36.4161362433763,8.36939766255643,11.15));
#3762=CARTESIAN_POINT('',(36.1895544444361,8.0302940365474,11.55));
#3763=CARTESIAN_POINT('',(36.1864224121445,8.46454824691732,11.15));
#3764=CARTESIAN_POINT('Origin',(36.8021609515241,7.70053024193403,11.35));
#3765=CARTESIAN_POINT('',(36.7802940365474,7.43955444443609,11.55));
#3766=CARTESIAN_POINT('',(36.6607395952868,7.55910888569671,11.55));
#3767=CARTESIAN_POINT('',(37.1193976625564,7.6661362433763,11.15));
#3768=CARTESIAN_POINT('',(36.7802940365474,7.43955444443609,11.55));
#3769=CARTESIAN_POINT('',(36.9435823077614,7.84195159817134,11.15));
#3770=CARTESIAN_POINT('Origin',(37.2200735091369,6.90045806320791,11.35));
#3771=CARTESIAN_POINT('',(37.1,6.66771597149728,11.55));
#3772=CARTESIAN_POINT('',(37.0352976026346,6.8239213767349,11.55));
#3773=CARTESIAN_POINT('',(37.5,6.74728091844914,11.15));
#3774=CARTESIAN_POINT('',(37.1,6.66771597149728,11.55));
#3775=CARTESIAN_POINT('',(37.4048494156391,6.97699474968093,11.15));
#3776=CARTESIAN_POINT('Origin',(37.3,6.00135954077543,11.35));
#3777=CARTESIAN_POINT('',(37.1,5.83228402850271,11.55));
#3778=CARTESIAN_POINT('',(37.1,6.00135954077543,11.55));
#3779=CARTESIAN_POINT('',(37.1,5.83228402850271,11.55));
#3780=CARTESIAN_POINT('',(37.5,6.00135954077543,11.15));
#3781=CARTESIAN_POINT('Origin',(37.0297723404151,5.1401142743285,11.35));
#3782=CARTESIAN_POINT('',(36.7802940365474,5.06044555556391,11.55));
#3783=CARTESIAN_POINT('',(36.8449964339128,5.21665096080152,11.55));
#3784=CARTESIAN_POINT('',(36.7802940365474,5.06044555556391,11.55));
#3785=CARTESIAN_POINT('Origin',(36.450530241934,4.44783904847591,11.35));
#3786=CARTESIAN_POINT('',(36.1895544444361,4.4697059634526,11.55));
#3787=CARTESIAN_POINT('',(36.3091088856967,4.58926040471322,11.55));
#3788=CARTESIAN_POINT('',(36.1895544444361,4.4697059634526,11.55));
#3789=CARTESIAN_POINT('Origin',(35.6504580632079,4.02992649086315,11.35));
#3790=CARTESIAN_POINT('',(35.4177159714973,4.15,11.55));
#3791=CARTESIAN_POINT('',(35.5739213767349,4.21470239736541,11.55));
#3792=CARTESIAN_POINT('',(35.4177159714973,4.15,11.55));
#3793=CARTESIAN_POINT('Origin',(34.7513595407754,3.95,11.35));
#3794=CARTESIAN_POINT('',(34.5822840285027,4.15,11.55));
#3795=CARTESIAN_POINT('',(34.7513595407754,4.15,11.55));
#3796=CARTESIAN_POINT('',(34.5822840285027,4.15,11.55));
#3797=CARTESIAN_POINT('Origin',(33.8901142743285,4.22022765958493,11.35));
#3798=CARTESIAN_POINT('',(33.8104455555639,4.46970596345259,11.55));
#3799=CARTESIAN_POINT('',(33.9666509608015,4.40500356608719,11.55));
#3800=CARTESIAN_POINT('',(33.8104455555639,4.46970596345259,11.55));
#3801=CARTESIAN_POINT('Origin',(33.1978390484759,4.79946975806597,11.35));
#3802=CARTESIAN_POINT('',(33.2197059634526,5.06044555556391,11.55));
#3803=CARTESIAN_POINT('',(33.3392604047132,4.94089111430328,11.55));
#3804=CARTESIAN_POINT('',(33.2197059634526,5.06044555556391,11.55));
#3805=CARTESIAN_POINT('Origin',(32.7799264908631,5.59954193679209,11.35));
#3806=CARTESIAN_POINT('',(32.9647023973654,5.6760786232651,11.55));
#3807=CARTESIAN_POINT('Origin',(35.,6.25,11.55));
#3808=CARTESIAN_POINT('Origin',(32.7,26.4986404592246,11.35));
#3809=CARTESIAN_POINT('',(32.9,25.8322840285027,11.55));
#3810=CARTESIAN_POINT('',(32.9,26.6677159714973,11.55));
#3811=CARTESIAN_POINT('',(32.9,26.4986404592246,11.55));
#3812=CARTESIAN_POINT('',(32.9,26.6677159714973,11.55));
#3813=CARTESIAN_POINT('',(32.9,25.8322840285027,11.55));
#3814=CARTESIAN_POINT('Origin',(32.9702276595849,27.3598857256715,11.35));
#3815=CARTESIAN_POINT('',(33.2197059634526,27.4395544444361,11.55));
#3816=CARTESIAN_POINT('',(33.1550035660872,27.2833490391985,11.55));
#3817=CARTESIAN_POINT('',(32.8806023374436,27.6661362433763,11.15));
#3818=CARTESIAN_POINT('',(33.2197059634526,27.4395544444361,11.55));
#3819=CARTESIAN_POINT('',(32.7854517530827,27.4364224121445,11.15));
#3820=CARTESIAN_POINT('Origin',(33.549469758066,28.0521609515241,11.35));
#3821=CARTESIAN_POINT('',(33.8104455555639,28.0302940365474,11.55));
#3822=CARTESIAN_POINT('',(33.6908911143033,27.9107395952868,11.55));
#3823=CARTESIAN_POINT('',(33.5838637566237,28.3693976625564,11.15));
#3824=CARTESIAN_POINT('',(33.8104455555639,28.0302940365474,11.55));
#3825=CARTESIAN_POINT('',(33.4080484018287,28.1935823077614,11.15));
#3826=CARTESIAN_POINT('Origin',(34.3495419367921,28.4700735091368,11.35));
#3827=CARTESIAN_POINT('',(34.5822840285027,28.35,11.55));
#3828=CARTESIAN_POINT('',(34.4260786232651,28.2852976026346,11.55));
#3829=CARTESIAN_POINT('',(34.5027190815509,28.75,11.15));
#3830=CARTESIAN_POINT('',(34.5822840285027,28.35,11.55));
#3831=CARTESIAN_POINT('',(34.2730052503191,28.6548494156391,11.15));
#3832=CARTESIAN_POINT('Origin',(35.2486404592246,28.55,11.35));
#3833=CARTESIAN_POINT('',(35.4177159714973,28.35,11.55));
#3834=CARTESIAN_POINT('',(35.2486404592246,28.35,11.55));
#3835=CARTESIAN_POINT('',(35.4972809184491,28.75,11.15));
#3836=CARTESIAN_POINT('',(35.4177159714973,28.35,11.55));
#3837=CARTESIAN_POINT('',(35.2486404592246,28.75,11.15));
#3838=CARTESIAN_POINT('Origin',(36.1098857256715,28.2797723404151,11.35));
#3839=CARTESIAN_POINT('',(36.1895544444361,28.0302940365474,11.55));
#3840=CARTESIAN_POINT('',(36.0333490391985,28.0949964339128,11.55));
#3841=CARTESIAN_POINT('',(36.4161362433763,28.3693976625564,11.15));
#3842=CARTESIAN_POINT('',(36.1895544444361,28.0302940365474,11.55));
#3843=CARTESIAN_POINT('',(36.1864224121445,28.4645482469173,11.15));
#3844=CARTESIAN_POINT('Origin',(36.8021609515241,27.700530241934,11.35));
#3845=CARTESIAN_POINT('',(36.7802940365474,27.4395544444361,11.55));
#3846=CARTESIAN_POINT('',(36.6607395952868,27.5591088856967,11.55));
#3847=CARTESIAN_POINT('',(37.1193976625564,27.6661362433763,11.15));
#3848=CARTESIAN_POINT('',(36.7802940365474,27.4395544444361,11.55));
#3849=CARTESIAN_POINT('',(36.9435823077614,27.8419515981713,11.15));
#3850=CARTESIAN_POINT('Origin',(37.2200735091368,26.9004580632079,11.35));
#3851=CARTESIAN_POINT('',(37.1,26.6677159714973,11.55));
#3852=CARTESIAN_POINT('',(37.0352976026346,26.8239213767349,11.55));
#3853=CARTESIAN_POINT('',(37.5,26.7472809184491,11.15));
#3854=CARTESIAN_POINT('',(37.1,26.6677159714973,11.55));
#3855=CARTESIAN_POINT('',(37.4048494156391,26.9769947496809,11.15));
#3856=CARTESIAN_POINT('Origin',(37.3,26.0013595407754,11.35));
#3857=CARTESIAN_POINT('',(37.1,25.8322840285027,11.55));
#3858=CARTESIAN_POINT('',(37.1,26.0013595407754,11.55));
#3859=CARTESIAN_POINT('',(37.1,25.8322840285027,11.55));
#3860=CARTESIAN_POINT('',(37.5,26.0013595407754,11.15));
#3861=CARTESIAN_POINT('Origin',(37.0297723404151,25.1401142743285,11.35));
#3862=CARTESIAN_POINT('',(36.7802940365474,25.0604455555639,11.55));
#3863=CARTESIAN_POINT('',(36.8449964339128,25.2166509608015,11.55));
#3864=CARTESIAN_POINT('',(36.7802940365474,25.0604455555639,11.55));
#3865=CARTESIAN_POINT('Origin',(36.450530241934,24.4478390484759,11.35));
#3866=CARTESIAN_POINT('',(36.1895544444361,24.4697059634526,11.55));
#3867=CARTESIAN_POINT('',(36.3091088856967,24.5892604047132,11.55));
#3868=CARTESIAN_POINT('',(36.1895544444361,24.4697059634526,11.55));
#3869=CARTESIAN_POINT('Origin',(35.6504580632079,24.0299264908632,11.35));
#3870=CARTESIAN_POINT('',(35.4177159714973,24.15,11.55));
#3871=CARTESIAN_POINT('',(35.5739213767349,24.2147023973654,11.55));
#3872=CARTESIAN_POINT('',(35.4177159714973,24.15,11.55));
#3873=CARTESIAN_POINT('Origin',(34.7513595407754,23.95,11.35));
#3874=CARTESIAN_POINT('',(34.5822840285027,24.15,11.55));
#3875=CARTESIAN_POINT('',(34.7513595407754,24.15,11.55));
#3876=CARTESIAN_POINT('',(34.5822840285027,24.15,11.55));
#3877=CARTESIAN_POINT('Origin',(33.8901142743285,24.2202276595849,11.35));
#3878=CARTESIAN_POINT('',(33.8104455555639,24.4697059634526,11.55));
#3879=CARTESIAN_POINT('',(33.9666509608015,24.4050035660872,11.55));
#3880=CARTESIAN_POINT('',(33.8104455555639,24.4697059634526,11.55));
#3881=CARTESIAN_POINT('Origin',(33.1978390484759,24.799469758066,11.35));
#3882=CARTESIAN_POINT('',(33.2197059634526,25.0604455555639,11.55));
#3883=CARTESIAN_POINT('',(33.3392604047132,24.9408911143033,11.55));
#3884=CARTESIAN_POINT('',(33.2197059634526,25.0604455555639,11.55));
#3885=CARTESIAN_POINT('Origin',(32.7799264908632,25.5995419367921,11.35));
#3886=CARTESIAN_POINT('',(32.9647023973654,25.6760786232651,11.55));
#3887=CARTESIAN_POINT('Origin',(35.,26.25,11.55));
#3888=CARTESIAN_POINT('Origin',(32.8806023374436,27.6661362433763,8.55));
#3889=CARTESIAN_POINT('',(32.8806023374436,27.6661362433763,8.55));
#3890=CARTESIAN_POINT('Origin',(33.5838637566237,28.3693976625564,8.55));
#3891=CARTESIAN_POINT('',(33.5838637566237,28.3693976625564,8.55));
#3892=CARTESIAN_POINT('Origin',(34.5027190815509,28.75,8.55));
#3893=CARTESIAN_POINT('',(34.5027190815509,28.75,8.55));
#3894=CARTESIAN_POINT('Origin',(35.4972809184491,28.75,8.55));
#3895=CARTESIAN_POINT('',(35.4972809184491,28.75,8.55));
#3896=CARTESIAN_POINT('Origin',(36.4161362433763,28.3693976625564,8.55));
#3897=CARTESIAN_POINT('',(36.4161362433763,28.3693976625564,8.55));
#3898=CARTESIAN_POINT('Origin',(37.1193976625564,27.6661362433763,8.55));
#3899=CARTESIAN_POINT('',(37.1193976625564,27.6661362433763,8.55));
#3900=CARTESIAN_POINT('Origin',(37.5,26.7472809184491,8.55));
#3901=CARTESIAN_POINT('',(37.5,26.7472809184491,8.55));
#3902=CARTESIAN_POINT('Origin',(37.5,25.7527190815509,8.55));
#3903=CARTESIAN_POINT('Origin',(32.8806023374436,7.6661362433763,8.55));
#3904=CARTESIAN_POINT('',(32.8806023374436,7.6661362433763,8.55));
#3905=CARTESIAN_POINT('Origin',(33.5838637566237,8.36939766255643,8.55));
#3906=CARTESIAN_POINT('',(33.5838637566237,8.36939766255643,8.55));
#3907=CARTESIAN_POINT('Origin',(34.5027190815509,8.75,8.55));
#3908=CARTESIAN_POINT('',(34.5027190815509,8.75,8.55));
#3909=CARTESIAN_POINT('Origin',(35.4972809184491,8.75,8.55));
#3910=CARTESIAN_POINT('',(35.4972809184491,8.75,8.55));
#3911=CARTESIAN_POINT('Origin',(36.4161362433763,8.36939766255643,8.55));
#3912=CARTESIAN_POINT('',(36.4161362433763,8.36939766255643,8.55));
#3913=CARTESIAN_POINT('Origin',(37.1193976625564,7.6661362433763,8.55));
#3914=CARTESIAN_POINT('',(37.1193976625564,7.6661362433763,8.55));
#3915=CARTESIAN_POINT('Origin',(37.5,6.74728091844914,8.55));
#3916=CARTESIAN_POINT('',(37.5,6.74728091844914,8.55));
#3917=CARTESIAN_POINT('Origin',(37.5,5.75271908155085,8.55));
#3918=CARTESIAN_POINT('Origin',(-6.45,12.55,-5.45));
#3919=CARTESIAN_POINT('',(-6.45,12.55,-5.45));
#3920=CARTESIAN_POINT('',(-4.45,15.55,-5.45));
#3921=CARTESIAN_POINT('',(-4.25769230769231,15.8384615384615,-5.45));
#3922=CARTESIAN_POINT('',(-6.45,12.55,-2.45));
#3923=CARTESIAN_POINT('',(-6.45,12.55,-3.95));
#3924=CARTESIAN_POINT('',(-4.45,15.55,-2.45));
#3925=CARTESIAN_POINT('',(-4.25769230769231,15.8384615384615,-2.45));
#3926=CARTESIAN_POINT('',(-4.45,15.55,-5.45));
#3927=CARTESIAN_POINT('Origin',(-2.45,12.55,-5.45));
#3928=CARTESIAN_POINT('',(-2.45,12.55,-5.45));
#3929=CARTESIAN_POINT('',(-0.450000000000004,15.55,-5.45));
#3930=CARTESIAN_POINT('',(-0.873076923076928,14.9153846153846,-5.45));
#3931=CARTESIAN_POINT('',(-2.45,12.55,-2.45));
#3932=CARTESIAN_POINT('',(-2.45,12.55,-5.45));
#3933=CARTESIAN_POINT('',(-0.450000000000004,15.55,-2.45));
#3934=CARTESIAN_POINT('',(-0.873076923076928,14.9153846153846,-2.45));
#3935=CARTESIAN_POINT('',(-0.450000000000002,15.55,-5.45));
#3936=CARTESIAN_POINT('Origin',(-4.45,15.55,-5.45));
#3937=CARTESIAN_POINT('',(-0.719230769230775,9.95384615384615,-5.45));
#3938=CARTESIAN_POINT('',(-0.719230769230775,9.95384615384615,-2.45));
#3939=CARTESIAN_POINT('Origin',(1.55,12.55,-5.45));
#3940=CARTESIAN_POINT('',(1.55,12.55,-5.45));
#3941=CARTESIAN_POINT('',(3.55,15.55,-5.45));
#3942=CARTESIAN_POINT('',(2.51153846153846,13.9923076923077,-5.45));
#3943=CARTESIAN_POINT('',(1.55,12.55,-2.45));
#3944=CARTESIAN_POINT('',(1.55,12.55,-5.45));
#3945=CARTESIAN_POINT('',(3.55,15.55,-2.45));
#3946=CARTESIAN_POINT('',(2.51153846153846,13.9923076923077,-2.45));
#3947=CARTESIAN_POINT('',(3.55,15.55,-5.45));
#3948=CARTESIAN_POINT('Origin',(-0.450000000000004,15.55,-5.45));
#3949=CARTESIAN_POINT('',(2.66538461538461,10.8769230769231,-5.45));
#3950=CARTESIAN_POINT('',(2.66538461538461,10.8769230769231,-2.45));
#3951=CARTESIAN_POINT('Origin',(5.55,12.55,-5.45));
#3952=CARTESIAN_POINT('',(5.55,12.55,-5.45));
#3953=CARTESIAN_POINT('',(7.55,15.55,-5.45));
#3954=CARTESIAN_POINT('',(5.89615384615384,13.0692307692308,-5.45));
#3955=CARTESIAN_POINT('',(5.55,12.55,-2.45));
#3956=CARTESIAN_POINT('',(5.55,12.55,-5.45));
#3957=CARTESIAN_POINT('',(7.55,15.55,-2.45));
#3958=CARTESIAN_POINT('',(5.89615384615384,13.0692307692308,-2.45));
#3959=CARTESIAN_POINT('',(7.55,15.55,-5.45));
#3960=CARTESIAN_POINT('Origin',(3.55,15.55,-5.45));
#3961=CARTESIAN_POINT('',(6.05,11.8,-5.45));
#3962=CARTESIAN_POINT('',(6.05,11.8,-2.45));
#3963=CARTESIAN_POINT('Origin',(-6.45,9.55,-2.45));
#3964=CARTESIAN_POINT('',(-6.45,9.55,-5.45));
#3965=CARTESIAN_POINT('',(-6.45,15.55,-5.45));
#3966=CARTESIAN_POINT('',(-6.45,9.55,-2.45));
#3967=CARTESIAN_POINT('',(-6.45,9.55,-2.45));
#3968=CARTESIAN_POINT('',(-6.45,15.55,-2.45));
#3969=CARTESIAN_POINT('Origin',(11.55,10.05,-5.45));
#3970=CARTESIAN_POINT('',(23.55,15.55,-5.45));
#3971=CARTESIAN_POINT('',(2.54999999999999,15.55,-5.45));
#3972=CARTESIAN_POINT('',(23.55,3.55,-5.45));
#3973=CARTESIAN_POINT('Origin',(23.55,9.55,-5.45));
#3974=CARTESIAN_POINT('',(-0.450000056764523,3.55,-5.45));
#3975=CARTESIAN_POINT('',(-6.45,3.55,-5.45));
#3976=CARTESIAN_POINT('Origin',(-0.450000000000004,9.55,-5.45));
#3977=CARTESIAN_POINT('Origin',(-6.45,15.55,-5.45));
#3978=CARTESIAN_POINT('',(4.55,15.55,-2.45));
#3979=CARTESIAN_POINT('',(23.55,15.55,-2.45));
#3980=CARTESIAN_POINT('',(1.675,15.55,-2.45));
#3981=CARTESIAN_POINT('',(23.55,15.55,-2.45));
#3982=CARTESIAN_POINT('Origin',(17.,27.85,8.55));
#3983=CARTESIAN_POINT('',(17.,12.15,-2.45));
#3984=CARTESIAN_POINT('',(17.,12.15,0.55));
#3985=CARTESIAN_POINT('',(17.,12.15,3.05));
#3986=CARTESIAN_POINT('',(17.,18.95,-2.45));
#3987=CARTESIAN_POINT('',(17.,27.85,5.65));
#3988=CARTESIAN_POINT('',(17.,27.85,8.55));
#3989=CARTESIAN_POINT('',(17.,32.7,5.65));
#3990=CARTESIAN_POINT('',(17.,29.0625,5.65));
#3991=CARTESIAN_POINT('',(17.,32.7,8.55));
#3992=CARTESIAN_POINT('',(17.,-0.2,3.85));
#3993=CARTESIAN_POINT('',(17.,-0.2,8.55));
#3994=CARTESIAN_POINT('',(17.,4.65,3.85));
#3995=CARTESIAN_POINT('',(17.,15.0375,3.85));
#3996=CARTESIAN_POINT('',(17.,4.65,0.55));
#3997=CARTESIAN_POINT('',(17.,4.65,8.55));
#3998=CARTESIAN_POINT('',(17.,18.125,0.55));
#3999=CARTESIAN_POINT('Origin',(2.,32.7,8.55));
#4000=CARTESIAN_POINT('',(30.1,32.7,5.65));
#4001=CARTESIAN_POINT('',(5.275,32.7,5.65));
#4002=CARTESIAN_POINT('',(30.1,32.7,8.55));
#4003=CARTESIAN_POINT('Origin',(8.55,30.275,5.65));
#4004=CARTESIAN_POINT('',(30.1,27.85,5.65));
#4005=CARTESIAN_POINT('',(2.,27.85,5.65));
#4006=CARTESIAN_POINT('',(30.1,31.4875,5.65));
#4007=CARTESIAN_POINT('Origin',(2.,27.85,8.55));
#4008=CARTESIAN_POINT('',(30.1,27.85,1.45));
#4009=CARTESIAN_POINT('Origin',(11.55,10.05,-2.45));
#4010=CARTESIAN_POINT('',(15.1,12.15,-2.45));
#4011=CARTESIAN_POINT('Origin',(23.55,9.55,-2.45));
#4012=CARTESIAN_POINT('Origin',(30.1,32.7,8.55));
#4013=CARTESIAN_POINT('',(30.1,4.65,0.55));
#4014=CARTESIAN_POINT('',(30.1,12.15,0.55));
#4015=CARTESIAN_POINT('',(30.1,20.55,0.55));
#4016=CARTESIAN_POINT('',(30.1,4.65,3.85));
#4017=CARTESIAN_POINT('',(30.1,4.65,8.55));
#4018=CARTESIAN_POINT('',(30.1,-0.2,3.85));
#4019=CARTESIAN_POINT('',(30.1,-0.2,3.85));
#4020=CARTESIAN_POINT('',(30.1,-0.2,8.55));
#4021=CARTESIAN_POINT('',(30.1,12.15,3.05));
#4022=CARTESIAN_POINT('Origin',(11.55,10.05,-2.45));
#4023=CARTESIAN_POINT('',(-0.450000056764523,3.55,-2.45));
#4024=CARTESIAN_POINT('Origin',(-0.450000000000004,9.55,-2.45));
#4025=CARTESIAN_POINT('',(13.675,3.55,-2.45));
#4026=CARTESIAN_POINT('Origin',(-0.450000000000004,9.55,-2.45));
#4027=CARTESIAN_POINT('',(-0.450000056764523,3.55,-2.45));
#4028=CARTESIAN_POINT('Origin',(23.55,3.55,-2.45));
#4029=CARTESIAN_POINT('',(23.55,3.55,-2.45));
#4030=CARTESIAN_POINT('Origin',(23.55,9.55,-2.45));
#4031=CARTESIAN_POINT('Origin',(15.1,12.15,-2.45));
#4032=CARTESIAN_POINT('',(15.1,12.15,0.55));
#4033=CARTESIAN_POINT('Origin',(8.55,8.4,0.55));
#4034=CARTESIAN_POINT('',(15.1,4.65,0.55));
#4035=CARTESIAN_POINT('Origin',(15.1,4.65,8.55));
#4036=CARTESIAN_POINT('',(2.,4.65,3.85));
#4037=CARTESIAN_POINT('Origin',(15.1,-0.2,8.55));
#4038=CARTESIAN_POINT('',(2.,-0.2,3.85));
#4039=CARTESIAN_POINT('Origin',(8.55,2.225,3.85));
#4040=CARTESIAN_POINT('Origin',(67.,36.5,8.55));
#4041=CARTESIAN_POINT('Origin',(51.5,-4.,8.55));
#4042=CARTESIAN_POINT('',(51.5,-4.,6.55));
#4043=CARTESIAN_POINT('Origin',(67.,-4.,8.55));
#4044=CARTESIAN_POINT('',(65.9846468781986,-1.,4.6810133060389));
#4045=CARTESIAN_POINT('Origin',(67.,-4.,4.55));
#4046=CARTESIAN_POINT('',(67.,-1.,4.55));
#4047=CARTESIAN_POINT('Origin',(67.,-4.,8.55));
#4048=CARTESIAN_POINT('Origin',(74.,30.5,4.275));
#4049=UNCERTAINTY_MEASURE_WITH_UNIT(LENGTH_MEASURE(0.01),#4053,
'DISTANCE_ACCURACY_VALUE',
'Maximum model space distance between geometric entities at asserted c
onnectivities');
#4050=UNCERTAINTY_MEASURE_WITH_UNIT(LENGTH_MEASURE(0.01),#4053,
'DISTANCE_ACCURACY_VALUE',
'Maximum model space distance between geometric entities at asserted c
onnectivities');
#4051=(
GEOMETRIC_REPRESENTATION_CONTEXT(3)
GLOBAL_UNCERTAINTY_ASSIGNED_CONTEXT((#4049))
GLOBAL_UNIT_ASSIGNED_CONTEXT((#4053,#4055,#4056))
REPRESENTATION_CONTEXT('','3D')
);
#4052=(
GEOMETRIC_REPRESENTATION_CONTEXT(3)
GLOBAL_UNCERTAINTY_ASSIGNED_CONTEXT((#4050))
GLOBAL_UNIT_ASSIGNED_CONTEXT((#4053,#4055,#4056))
REPRESENTATION_CONTEXT('','3D')
);
#4053=(
LENGTH_UNIT()
NAMED_UNIT(*)
SI_UNIT(.MILLI.,.METRE.)
);
#4054=(
LENGTH_UNIT()
NAMED_UNIT(*)
SI_UNIT($,.METRE.)
);
#4055=(
NAMED_UNIT(*)
PLANE_ANGLE_UNIT()
SI_UNIT($,.RADIAN.)
);
#4056=(
NAMED_UNIT(*)
SI_UNIT($,.STERADIAN.)
SOLID_ANGLE_UNIT()
);
#4057=SHAPE_DEFINITION_REPRESENTATION(#4058,#4059);
#4058=PRODUCT_DEFINITION_SHAPE('',$,#4061);
#4059=SHAPE_REPRESENTATION('',(#2491),#4051);
#4060=PRODUCT_DEFINITION_CONTEXT('part definition',#4065,'design');
#4061=PRODUCT_DEFINITION('sg90_arm_tip_deko_with_r_hand',
'sg90_arm_tip_deko_with_r_hand v25',#4062,#4060);
#4062=PRODUCT_DEFINITION_FORMATION('',$,#4067);
#4063=PRODUCT_RELATED_PRODUCT_CATEGORY(
'sg90_arm_tip_deko_with_r_hand v25','sg90_arm_tip_deko_with_r_hand v25',
(#4067));
#4064=APPLICATION_PROTOCOL_DEFINITION('international standard',
'automotive_design',2009,#4065);
#4065=APPLICATION_CONTEXT(
'Core Data for Automotive Mechanical Design Process');
#4066=PRODUCT_CONTEXT('part definition',#4065,'mechanical');
#4067=PRODUCT('sg90_arm_tip_deko_with_r_hand',
'sg90_arm_tip_deko_with_r_hand v25',$,(#4066));
#4068=PRESENTATION_STYLE_ASSIGNMENT((#4069));
#4069=SURFACE_STYLE_USAGE(.BOTH.,#4070);
#4070=SURFACE_SIDE_STYLE('',(#4071));
#4071=SURFACE_STYLE_FILL_AREA(#4072);
#4072=FILL_AREA_STYLE('\X2\92FC\X0\ - \X2\30B530C630F3\X0\',(#4073));
#4073=FILL_AREA_STYLE_COLOUR('\X2\92FC\X0\ - \X2\30B530C630F3\X0\',#4074);
#4074=COLOUR_RGB('\X2\92FC\X0\ - \X2\30B530C630F3\X0\',0.627450980392157,
0.627450980392157,0.627450980392157);
ENDSEC;
END-ISO-10303-21;
