ISO-10303-21;
HEADER;
/* Generated by software containing ST-Developer
 * from STEP Tools, Inc. (www.steptools.com) 
 */

FILE_DESCRIPTION(
/* description */ (''),
/* implementation_level */ '2;1');

FILE_NAME(
/* name */ 'cover_template.step',
/* time_stamp */ '2026-02-01T19:52:29+09:00',
/* author */ (''),
/* organization */ (''),
/* preprocessor_version */ 'ST-DEVELOPER v20.1',
/* originating_system */ 'Autodesk Translation Framework v14.24.0.0',
/* authorisation */ '');

FILE_SCHEMA (('AUTOMOTIVE_DESIGN { 1 0 10303 214 3 1 1 }'));
ENDSEC;

DATA;
#10=MECHANICAL_DESIGN_GEOMETRIC_PRESENTATION_REPRESENTATION('',(#13),#5471);
#11=SHAPE_REPRESENTATION_RELATIONSHIP('SRR','None',#5478,#12);
#12=ADVANCED_BREP_SHAPE_REPRESENTATION('',(#14),#5470);
#13=STYLED_ITEM('',(#5487),#14);
#14=MANIFOLD_SOLID_BREP('\X2\30DC30C730A3\X0\9',#3331);
#15=FACE_BOUND('',#384,.T.);
#16=FACE_BOUND('',#385,.T.);
#17=FACE_BOUND('',#386,.T.);
#18=FACE_BOUND('',#387,.T.);
#19=PLANE('',#3377);
#20=PLANE('',#3378);
#21=PLANE('',#3379);
#22=PLANE('',#3380);
#23=PLANE('',#3381);
#24=PLANE('',#3382);
#25=PLANE('',#3383);
#26=PLANE('',#3384);
#27=PLANE('',#3385);
#28=PLANE('',#3418);
#29=PLANE('',#3419);
#30=PLANE('',#3420);
#31=PLANE('',#3421);
#32=PLANE('',#3422);
#33=PLANE('',#3423);
#34=PLANE('',#3424);
#35=PLANE('',#3425);
#36=PLANE('',#3458);
#37=PLANE('',#3459);
#38=PLANE('',#3460);
#39=PLANE('',#3461);
#40=PLANE('',#3462);
#41=PLANE('',#3463);
#42=PLANE('',#3464);
#43=PLANE('',#3465);
#44=PLANE('',#3498);
#45=PLANE('',#3499);
#46=PLANE('',#3500);
#47=PLANE('',#3501);
#48=PLANE('',#3502);
#49=PLANE('',#3503);
#50=PLANE('',#3504);
#51=PLANE('',#3505);
#52=PLANE('',#3506);
#53=PLANE('',#3507);
#54=PLANE('',#3508);
#55=PLANE('',#3509);
#56=PLANE('',#3510);
#57=PLANE('',#3511);
#58=PLANE('',#3512);
#59=PLANE('',#3513);
#60=PLANE('',#3514);
#61=PLANE('',#3515);
#62=PLANE('',#3516);
#63=PLANE('',#3517);
#64=PLANE('',#3518);
#65=PLANE('',#3519);
#66=PLANE('',#3520);
#67=PLANE('',#3521);
#68=PLANE('',#3522);
#69=PLANE('',#3523);
#70=PLANE('',#3524);
#71=PLANE('',#3525);
#72=PLANE('',#3526);
#73=PLANE('',#3527);
#74=PLANE('',#3528);
#75=PLANE('',#3529);
#76=PLANE('',#3530);
#77=PLANE('',#3531);
#78=PLANE('',#3532);
#79=PLANE('',#3533);
#80=PLANE('',#3534);
#81=PLANE('',#3535);
#82=PLANE('',#3536);
#83=PLANE('',#3537);
#84=PLANE('',#3538);
#85=PLANE('',#3539);
#86=PLANE('',#3540);
#87=PLANE('',#3541);
#88=PLANE('',#3542);
#89=PLANE('',#3543);
#90=PLANE('',#3544);
#91=PLANE('',#3545);
#92=PLANE('',#3546);
#93=PLANE('',#3547);
#94=PLANE('',#3548);
#95=PLANE('',#3549);
#96=PLANE('',#3550);
#97=PLANE('',#3551);
#98=PLANE('',#3552);
#99=PLANE('',#3553);
#100=PLANE('',#3554);
#101=PLANE('',#3555);
#102=PLANE('',#3556);
#103=PLANE('',#3557);
#104=PLANE('',#3558);
#105=PLANE('',#3559);
#106=PLANE('',#3560);
#107=PLANE('',#3561);
#108=PLANE('',#3562);
#109=PLANE('',#3563);
#110=PLANE('',#3564);
#111=PLANE('',#3565);
#112=PLANE('',#3566);
#113=PLANE('',#3567);
#114=PLANE('',#3568);
#115=PLANE('',#3569);
#116=PLANE('',#3570);
#117=PLANE('',#3571);
#118=PLANE('',#3572);
#119=PLANE('',#3573);
#120=PLANE('',#3574);
#121=PLANE('',#3575);
#122=PLANE('',#3576);
#123=PLANE('',#3577);
#124=PLANE('',#3578);
#125=PLANE('',#3579);
#126=PLANE('',#3580);
#127=PLANE('',#3581);
#128=PLANE('',#3582);
#129=PLANE('',#3583);
#130=PLANE('',#3584);
#131=PLANE('',#3585);
#132=PLANE('',#3586);
#133=PLANE('',#3587);
#134=PLANE('',#3588);
#135=PLANE('',#3589);
#136=PLANE('',#3590);
#137=PLANE('',#3591);
#138=PLANE('',#3592);
#139=PLANE('',#3593);
#140=PLANE('',#3594);
#141=PLANE('',#3595);
#142=PLANE('',#3596);
#143=PLANE('',#3597);
#144=PLANE('',#3598);
#145=PLANE('',#3599);
#146=PLANE('',#3600);
#147=PLANE('',#3601);
#148=PLANE('',#3602);
#149=PLANE('',#3603);
#150=PLANE('',#3604);
#151=PLANE('',#3605);
#152=PLANE('',#3606);
#153=PLANE('',#3607);
#154=PLANE('',#3608);
#155=PLANE('',#3609);
#156=PLANE('',#3610);
#157=FACE_OUTER_BOUND('',#359,.T.);
#158=FACE_OUTER_BOUND('',#360,.T.);
#159=FACE_OUTER_BOUND('',#361,.T.);
#160=FACE_OUTER_BOUND('',#362,.T.);
#161=FACE_OUTER_BOUND('',#363,.T.);
#162=FACE_OUTER_BOUND('',#364,.T.);
#163=FACE_OUTER_BOUND('',#365,.T.);
#164=FACE_OUTER_BOUND('',#366,.T.);
#165=FACE_OUTER_BOUND('',#367,.T.);
#166=FACE_OUTER_BOUND('',#368,.T.);
#167=FACE_OUTER_BOUND('',#369,.T.);
#168=FACE_OUTER_BOUND('',#370,.T.);
#169=FACE_OUTER_BOUND('',#371,.T.);
#170=FACE_OUTER_BOUND('',#372,.T.);
#171=FACE_OUTER_BOUND('',#373,.T.);
#172=FACE_OUTER_BOUND('',#374,.T.);
#173=FACE_OUTER_BOUND('',#375,.T.);
#174=FACE_OUTER_BOUND('',#376,.T.);
#175=FACE_OUTER_BOUND('',#377,.T.);
#176=FACE_OUTER_BOUND('',#378,.T.);
#177=FACE_OUTER_BOUND('',#379,.T.);
#178=FACE_OUTER_BOUND('',#380,.T.);
#179=FACE_OUTER_BOUND('',#381,.T.);
#180=FACE_OUTER_BOUND('',#382,.T.);
#181=FACE_OUTER_BOUND('',#383,.T.);
#182=FACE_OUTER_BOUND('',#388,.T.);
#183=FACE_OUTER_BOUND('',#389,.T.);
#184=FACE_OUTER_BOUND('',#390,.T.);
#185=FACE_OUTER_BOUND('',#391,.T.);
#186=FACE_OUTER_BOUND('',#392,.T.);
#187=FACE_OUTER_BOUND('',#393,.T.);
#188=FACE_OUTER_BOUND('',#394,.T.);
#189=FACE_OUTER_BOUND('',#395,.T.);
#190=FACE_OUTER_BOUND('',#396,.T.);
#191=FACE_OUTER_BOUND('',#397,.T.);
#192=FACE_OUTER_BOUND('',#398,.T.);
#193=FACE_OUTER_BOUND('',#399,.T.);
#194=FACE_OUTER_BOUND('',#400,.T.);
#195=FACE_OUTER_BOUND('',#401,.T.);
#196=FACE_OUTER_BOUND('',#402,.T.);
#197=FACE_OUTER_BOUND('',#403,.T.);
#198=FACE_OUTER_BOUND('',#404,.T.);
#199=FACE_OUTER_BOUND('',#405,.T.);
#200=FACE_OUTER_BOUND('',#406,.T.);
#201=FACE_OUTER_BOUND('',#407,.T.);
#202=FACE_OUTER_BOUND('',#408,.T.);
#203=FACE_OUTER_BOUND('',#409,.T.);
#204=FACE_OUTER_BOUND('',#410,.T.);
#205=FACE_OUTER_BOUND('',#411,.T.);
#206=FACE_OUTER_BOUND('',#412,.T.);
#207=FACE_OUTER_BOUND('',#413,.T.);
#208=FACE_OUTER_BOUND('',#414,.T.);
#209=FACE_OUTER_BOUND('',#415,.T.);
#210=FACE_OUTER_BOUND('',#416,.T.);
#211=FACE_OUTER_BOUND('',#417,.T.);
#212=FACE_OUTER_BOUND('',#418,.T.);
#213=FACE_OUTER_BOUND('',#419,.T.);
#214=FACE_OUTER_BOUND('',#420,.T.);
#215=FACE_OUTER_BOUND('',#421,.T.);
#216=FACE_OUTER_BOUND('',#422,.T.);
#217=FACE_OUTER_BOUND('',#423,.T.);
#218=FACE_OUTER_BOUND('',#424,.T.);
#219=FACE_OUTER_BOUND('',#425,.T.);
#220=FACE_OUTER_BOUND('',#426,.T.);
#221=FACE_OUTER_BOUND('',#427,.T.);
#222=FACE_OUTER_BOUND('',#428,.T.);
#223=FACE_OUTER_BOUND('',#429,.T.);
#224=FACE_OUTER_BOUND('',#430,.T.);
#225=FACE_OUTER_BOUND('',#431,.T.);
#226=FACE_OUTER_BOUND('',#432,.T.);
#227=FACE_OUTER_BOUND('',#433,.T.);
#228=FACE_OUTER_BOUND('',#434,.T.);
#229=FACE_OUTER_BOUND('',#435,.T.);
#230=FACE_OUTER_BOUND('',#436,.T.);
#231=FACE_OUTER_BOUND('',#437,.T.);
#232=FACE_OUTER_BOUND('',#438,.T.);
#233=FACE_OUTER_BOUND('',#439,.T.);
#234=FACE_OUTER_BOUND('',#440,.T.);
#235=FACE_OUTER_BOUND('',#441,.T.);
#236=FACE_OUTER_BOUND('',#442,.T.);
#237=FACE_OUTER_BOUND('',#443,.T.);
#238=FACE_OUTER_BOUND('',#444,.T.);
#239=FACE_OUTER_BOUND('',#445,.T.);
#240=FACE_OUTER_BOUND('',#446,.T.);
#241=FACE_OUTER_BOUND('',#447,.T.);
#242=FACE_OUTER_BOUND('',#448,.T.);
#243=FACE_OUTER_BOUND('',#449,.T.);
#244=FACE_OUTER_BOUND('',#450,.T.);
#245=FACE_OUTER_BOUND('',#451,.T.);
#246=FACE_OUTER_BOUND('',#452,.T.);
#247=FACE_OUTER_BOUND('',#453,.T.);
#248=FACE_OUTER_BOUND('',#454,.T.);
#249=FACE_OUTER_BOUND('',#455,.T.);
#250=FACE_OUTER_BOUND('',#456,.T.);
#251=FACE_OUTER_BOUND('',#457,.T.);
#252=FACE_OUTER_BOUND('',#458,.T.);
#253=FACE_OUTER_BOUND('',#459,.T.);
#254=FACE_OUTER_BOUND('',#460,.T.);
#255=FACE_OUTER_BOUND('',#461,.T.);
#256=FACE_OUTER_BOUND('',#462,.T.);
#257=FACE_OUTER_BOUND('',#463,.T.);
#258=FACE_OUTER_BOUND('',#464,.T.);
#259=FACE_OUTER_BOUND('',#465,.T.);
#260=FACE_OUTER_BOUND('',#466,.T.);
#261=FACE_OUTER_BOUND('',#467,.T.);
#262=FACE_OUTER_BOUND('',#468,.T.);
#263=FACE_OUTER_BOUND('',#469,.T.);
#264=FACE_OUTER_BOUND('',#470,.T.);
#265=FACE_OUTER_BOUND('',#471,.T.);
#266=FACE_OUTER_BOUND('',#472,.T.);
#267=FACE_OUTER_BOUND('',#473,.T.);
#268=FACE_OUTER_BOUND('',#474,.T.);
#269=FACE_OUTER_BOUND('',#475,.T.);
#270=FACE_OUTER_BOUND('',#476,.T.);
#271=FACE_OUTER_BOUND('',#477,.T.);
#272=FACE_OUTER_BOUND('',#478,.T.);
#273=FACE_OUTER_BOUND('',#479,.T.);
#274=FACE_OUTER_BOUND('',#480,.T.);
#275=FACE_OUTER_BOUND('',#481,.T.);
#276=FACE_OUTER_BOUND('',#482,.T.);
#277=FACE_OUTER_BOUND('',#483,.T.);
#278=FACE_OUTER_BOUND('',#484,.T.);
#279=FACE_OUTER_BOUND('',#485,.T.);
#280=FACE_OUTER_BOUND('',#486,.T.);
#281=FACE_OUTER_BOUND('',#487,.T.);
#282=FACE_OUTER_BOUND('',#488,.T.);
#283=FACE_OUTER_BOUND('',#489,.T.);
#284=FACE_OUTER_BOUND('',#490,.T.);
#285=FACE_OUTER_BOUND('',#491,.T.);
#286=FACE_OUTER_BOUND('',#492,.T.);
#287=FACE_OUTER_BOUND('',#493,.T.);
#288=FACE_OUTER_BOUND('',#494,.T.);
#289=FACE_OUTER_BOUND('',#495,.T.);
#290=FACE_OUTER_BOUND('',#496,.T.);
#291=FACE_OUTER_BOUND('',#497,.T.);
#292=FACE_OUTER_BOUND('',#498,.T.);
#293=FACE_OUTER_BOUND('',#499,.T.);
#294=FACE_OUTER_BOUND('',#500,.T.);
#295=FACE_OUTER_BOUND('',#501,.T.);
#296=FACE_OUTER_BOUND('',#502,.T.);
#297=FACE_OUTER_BOUND('',#503,.T.);
#298=FACE_OUTER_BOUND('',#504,.T.);
#299=FACE_OUTER_BOUND('',#505,.T.);
#300=FACE_OUTER_BOUND('',#506,.T.);
#301=FACE_OUTER_BOUND('',#507,.T.);
#302=FACE_OUTER_BOUND('',#508,.T.);
#303=FACE_OUTER_BOUND('',#509,.T.);
#304=FACE_OUTER_BOUND('',#510,.T.);
#305=FACE_OUTER_BOUND('',#511,.T.);
#306=FACE_OUTER_BOUND('',#512,.T.);
#307=FACE_OUTER_BOUND('',#513,.T.);
#308=FACE_OUTER_BOUND('',#514,.T.);
#309=FACE_OUTER_BOUND('',#515,.T.);
#310=FACE_OUTER_BOUND('',#516,.T.);
#311=FACE_OUTER_BOUND('',#517,.T.);
#312=FACE_OUTER_BOUND('',#518,.T.);
#313=FACE_OUTER_BOUND('',#519,.T.);
#314=FACE_OUTER_BOUND('',#520,.T.);
#315=FACE_OUTER_BOUND('',#521,.T.);
#316=FACE_OUTER_BOUND('',#522,.T.);
#317=FACE_OUTER_BOUND('',#523,.T.);
#318=FACE_OUTER_BOUND('',#524,.T.);
#319=FACE_OUTER_BOUND('',#525,.T.);
#320=FACE_OUTER_BOUND('',#526,.T.);
#321=FACE_OUTER_BOUND('',#527,.T.);
#322=FACE_OUTER_BOUND('',#528,.T.);
#323=FACE_OUTER_BOUND('',#529,.T.);
#324=FACE_OUTER_BOUND('',#530,.T.);
#325=FACE_OUTER_BOUND('',#531,.T.);
#326=FACE_OUTER_BOUND('',#532,.T.);
#327=FACE_OUTER_BOUND('',#533,.T.);
#328=FACE_OUTER_BOUND('',#534,.T.);
#329=FACE_OUTER_BOUND('',#535,.T.);
#330=FACE_OUTER_BOUND('',#536,.T.);
#331=FACE_OUTER_BOUND('',#537,.T.);
#332=FACE_OUTER_BOUND('',#538,.T.);
#333=FACE_OUTER_BOUND('',#539,.T.);
#334=FACE_OUTER_BOUND('',#540,.T.);
#335=FACE_OUTER_BOUND('',#541,.T.);
#336=FACE_OUTER_BOUND('',#542,.T.);
#337=FACE_OUTER_BOUND('',#543,.T.);
#338=FACE_OUTER_BOUND('',#544,.T.);
#339=FACE_OUTER_BOUND('',#545,.T.);
#340=FACE_OUTER_BOUND('',#546,.T.);
#341=FACE_OUTER_BOUND('',#547,.T.);
#342=FACE_OUTER_BOUND('',#548,.T.);
#343=FACE_OUTER_BOUND('',#549,.T.);
#344=FACE_OUTER_BOUND('',#550,.T.);
#345=FACE_OUTER_BOUND('',#551,.T.);
#346=FACE_OUTER_BOUND('',#552,.T.);
#347=FACE_OUTER_BOUND('',#553,.T.);
#348=FACE_OUTER_BOUND('',#554,.T.);
#349=FACE_OUTER_BOUND('',#555,.T.);
#350=FACE_OUTER_BOUND('',#556,.T.);
#351=FACE_OUTER_BOUND('',#557,.T.);
#352=FACE_OUTER_BOUND('',#558,.T.);
#353=FACE_OUTER_BOUND('',#559,.T.);
#354=FACE_OUTER_BOUND('',#560,.T.);
#355=FACE_OUTER_BOUND('',#561,.T.);
#356=FACE_OUTER_BOUND('',#562,.T.);
#357=FACE_OUTER_BOUND('',#563,.T.);
#358=FACE_OUTER_BOUND('',#564,.T.);
#359=EDGE_LOOP('',(#2145,#2146,#2147,#2148));
#360=EDGE_LOOP('',(#2149,#2150,#2151,#2152));
#361=EDGE_LOOP('',(#2153,#2154,#2155,#2156));
#362=EDGE_LOOP('',(#2157,#2158,#2159,#2160));
#363=EDGE_LOOP('',(#2161,#2162,#2163,#2164));
#364=EDGE_LOOP('',(#2165,#2166,#2167,#2168));
#365=EDGE_LOOP('',(#2169,#2170,#2171,#2172));
#366=EDGE_LOOP('',(#2173,#2174,#2175,#2176));
#367=EDGE_LOOP('',(#2177,#2178,#2179,#2180));
#368=EDGE_LOOP('',(#2181,#2182,#2183,#2184));
#369=EDGE_LOOP('',(#2185,#2186,#2187,#2188));
#370=EDGE_LOOP('',(#2189,#2190,#2191,#2192));
#371=EDGE_LOOP('',(#2193,#2194,#2195,#2196));
#372=EDGE_LOOP('',(#2197,#2198,#2199,#2200));
#373=EDGE_LOOP('',(#2201,#2202,#2203,#2204));
#374=EDGE_LOOP('',(#2205,#2206,#2207,#2208));
#375=EDGE_LOOP('',(#2209,#2210,#2211,#2212));
#376=EDGE_LOOP('',(#2213,#2214,#2215,#2216));
#377=EDGE_LOOP('',(#2217,#2218,#2219,#2220));
#378=EDGE_LOOP('',(#2221,#2222,#2223,#2224));
#379=EDGE_LOOP('',(#2225,#2226,#2227,#2228));
#380=EDGE_LOOP('',(#2229,#2230,#2231,#2232));
#381=EDGE_LOOP('',(#2233,#2234,#2235,#2236));
#382=EDGE_LOOP('',(#2237,#2238,#2239,#2240));
#383=EDGE_LOOP('',(#2241,#2242,#2243,#2244));
#384=EDGE_LOOP('',(#2245,#2246,#2247,#2248,#2249,#2250,#2251,#2252,#2253,
#2254,#2255,#2256,#2257,#2258,#2259,#2260));
#385=EDGE_LOOP('',(#2261,#2262,#2263,#2264,#2265,#2266,#2267,#2268,#2269,
#2270,#2271,#2272,#2273,#2274,#2275,#2276));
#386=EDGE_LOOP('',(#2277,#2278,#2279,#2280,#2281,#2282,#2283,#2284,#2285,
#2286,#2287,#2288,#2289,#2290,#2291,#2292));
#387=EDGE_LOOP('',(#2293,#2294,#2295,#2296,#2297,#2298,#2299,#2300,#2301,
#2302,#2303,#2304,#2305,#2306,#2307,#2308));
#388=EDGE_LOOP('',(#2309,#2310,#2311,#2312));
#389=EDGE_LOOP('',(#2313,#2314,#2315,#2316));
#390=EDGE_LOOP('',(#2317,#2318,#2319,#2320));
#391=EDGE_LOOP('',(#2321,#2322,#2323,#2324));
#392=EDGE_LOOP('',(#2325,#2326,#2327,#2328));
#393=EDGE_LOOP('',(#2329,#2330,#2331,#2332));
#394=EDGE_LOOP('',(#2333,#2334,#2335,#2336));
#395=EDGE_LOOP('',(#2337,#2338,#2339,#2340));
#396=EDGE_LOOP('',(#2341,#2342,#2343,#2344));
#397=EDGE_LOOP('',(#2345,#2346,#2347,#2348));
#398=EDGE_LOOP('',(#2349,#2350,#2351,#2352));
#399=EDGE_LOOP('',(#2353,#2354,#2355,#2356));
#400=EDGE_LOOP('',(#2357,#2358,#2359,#2360));
#401=EDGE_LOOP('',(#2361,#2362,#2363,#2364));
#402=EDGE_LOOP('',(#2365,#2366,#2367,#2368));
#403=EDGE_LOOP('',(#2369,#2370,#2371,#2372));
#404=EDGE_LOOP('',(#2373,#2374,#2375,#2376));
#405=EDGE_LOOP('',(#2377,#2378,#2379,#2380));
#406=EDGE_LOOP('',(#2381,#2382,#2383,#2384));
#407=EDGE_LOOP('',(#2385,#2386,#2387,#2388));
#408=EDGE_LOOP('',(#2389,#2390,#2391,#2392));
#409=EDGE_LOOP('',(#2393,#2394,#2395,#2396));
#410=EDGE_LOOP('',(#2397,#2398,#2399,#2400));
#411=EDGE_LOOP('',(#2401,#2402,#2403,#2404));
#412=EDGE_LOOP('',(#2405,#2406,#2407,#2408));
#413=EDGE_LOOP('',(#2409,#2410,#2411,#2412));
#414=EDGE_LOOP('',(#2413,#2414,#2415,#2416));
#415=EDGE_LOOP('',(#2417,#2418,#2419,#2420));
#416=EDGE_LOOP('',(#2421,#2422,#2423,#2424));
#417=EDGE_LOOP('',(#2425,#2426,#2427,#2428));
#418=EDGE_LOOP('',(#2429,#2430,#2431,#2432));
#419=EDGE_LOOP('',(#2433,#2434,#2435,#2436));
#420=EDGE_LOOP('',(#2437,#2438,#2439,#2440));
#421=EDGE_LOOP('',(#2441,#2442,#2443,#2444));
#422=EDGE_LOOP('',(#2445,#2446,#2447,#2448));
#423=EDGE_LOOP('',(#2449,#2450,#2451,#2452));
#424=EDGE_LOOP('',(#2453,#2454,#2455,#2456));
#425=EDGE_LOOP('',(#2457,#2458,#2459,#2460));
#426=EDGE_LOOP('',(#2461,#2462,#2463,#2464));
#427=EDGE_LOOP('',(#2465,#2466,#2467,#2468));
#428=EDGE_LOOP('',(#2469,#2470,#2471,#2472));
#429=EDGE_LOOP('',(#2473,#2474,#2475,#2476));
#430=EDGE_LOOP('',(#2477,#2478,#2479,#2480));
#431=EDGE_LOOP('',(#2481,#2482,#2483,#2484));
#432=EDGE_LOOP('',(#2485,#2486,#2487,#2488));
#433=EDGE_LOOP('',(#2489,#2490,#2491,#2492));
#434=EDGE_LOOP('',(#2493,#2494,#2495,#2496));
#435=EDGE_LOOP('',(#2497,#2498,#2499,#2500));
#436=EDGE_LOOP('',(#2501,#2502,#2503,#2504));
#437=EDGE_LOOP('',(#2505,#2506,#2507,#2508));
#438=EDGE_LOOP('',(#2509,#2510,#2511,#2512));
#439=EDGE_LOOP('',(#2513,#2514,#2515,#2516));
#440=EDGE_LOOP('',(#2517,#2518,#2519,#2520));
#441=EDGE_LOOP('',(#2521,#2522,#2523,#2524));
#442=EDGE_LOOP('',(#2525,#2526,#2527,#2528));
#443=EDGE_LOOP('',(#2529,#2530,#2531,#2532));
#444=EDGE_LOOP('',(#2533,#2534,#2535,#2536));
#445=EDGE_LOOP('',(#2537,#2538,#2539,#2540));
#446=EDGE_LOOP('',(#2541,#2542,#2543,#2544));
#447=EDGE_LOOP('',(#2545,#2546,#2547,#2548));
#448=EDGE_LOOP('',(#2549,#2550,#2551,#2552));
#449=EDGE_LOOP('',(#2553,#2554,#2555,#2556));
#450=EDGE_LOOP('',(#2557,#2558,#2559,#2560));
#451=EDGE_LOOP('',(#2561,#2562,#2563,#2564));
#452=EDGE_LOOP('',(#2565,#2566,#2567,#2568));
#453=EDGE_LOOP('',(#2569,#2570,#2571,#2572));
#454=EDGE_LOOP('',(#2573,#2574,#2575,#2576));
#455=EDGE_LOOP('',(#2577,#2578,#2579,#2580));
#456=EDGE_LOOP('',(#2581,#2582,#2583,#2584));
#457=EDGE_LOOP('',(#2585,#2586,#2587,#2588));
#458=EDGE_LOOP('',(#2589,#2590,#2591,#2592));
#459=EDGE_LOOP('',(#2593,#2594,#2595,#2596));
#460=EDGE_LOOP('',(#2597,#2598,#2599,#2600));
#461=EDGE_LOOP('',(#2601,#2602,#2603,#2604));
#462=EDGE_LOOP('',(#2605,#2606,#2607,#2608));
#463=EDGE_LOOP('',(#2609,#2610,#2611,#2612));
#464=EDGE_LOOP('',(#2613,#2614,#2615,#2616));
#465=EDGE_LOOP('',(#2617,#2618,#2619,#2620));
#466=EDGE_LOOP('',(#2621,#2622,#2623,#2624));
#467=EDGE_LOOP('',(#2625,#2626,#2627,#2628));
#468=EDGE_LOOP('',(#2629,#2630,#2631,#2632));
#469=EDGE_LOOP('',(#2633,#2634,#2635,#2636));
#470=EDGE_LOOP('',(#2637,#2638,#2639,#2640));
#471=EDGE_LOOP('',(#2641,#2642,#2643,#2644));
#472=EDGE_LOOP('',(#2645,#2646,#2647,#2648));
#473=EDGE_LOOP('',(#2649,#2650,#2651,#2652));
#474=EDGE_LOOP('',(#2653,#2654,#2655,#2656));
#475=EDGE_LOOP('',(#2657,#2658,#2659,#2660));
#476=EDGE_LOOP('',(#2661,#2662,#2663,#2664,#2665,#2666,#2667,#2668,#2669,
#2670,#2671,#2672,#2673,#2674,#2675,#2676));
#477=EDGE_LOOP('',(#2677,#2678,#2679,#2680));
#478=EDGE_LOOP('',(#2681,#2682,#2683,#2684));
#479=EDGE_LOOP('',(#2685,#2686,#2687,#2688));
#480=EDGE_LOOP('',(#2689,#2690,#2691,#2692));
#481=EDGE_LOOP('',(#2693,#2694,#2695,#2696));
#482=EDGE_LOOP('',(#2697,#2698,#2699,#2700));
#483=EDGE_LOOP('',(#2701,#2702,#2703,#2704));
#484=EDGE_LOOP('',(#2705,#2706,#2707,#2708));
#485=EDGE_LOOP('',(#2709,#2710,#2711,#2712));
#486=EDGE_LOOP('',(#2713,#2714,#2715,#2716));
#487=EDGE_LOOP('',(#2717,#2718,#2719,#2720));
#488=EDGE_LOOP('',(#2721,#2722,#2723,#2724));
#489=EDGE_LOOP('',(#2725,#2726,#2727,#2728));
#490=EDGE_LOOP('',(#2729,#2730,#2731,#2732));
#491=EDGE_LOOP('',(#2733,#2734,#2735,#2736));
#492=EDGE_LOOP('',(#2737,#2738,#2739,#2740));
#493=EDGE_LOOP('',(#2741,#2742,#2743,#2744,#2745,#2746,#2747,#2748,#2749,
#2750,#2751,#2752,#2753,#2754,#2755,#2756));
#494=EDGE_LOOP('',(#2757,#2758,#2759,#2760));
#495=EDGE_LOOP('',(#2761,#2762,#2763,#2764));
#496=EDGE_LOOP('',(#2765,#2766,#2767,#2768));
#497=EDGE_LOOP('',(#2769,#2770,#2771,#2772));
#498=EDGE_LOOP('',(#2773,#2774,#2775,#2776));
#499=EDGE_LOOP('',(#2777,#2778,#2779,#2780));
#500=EDGE_LOOP('',(#2781,#2782,#2783,#2784));
#501=EDGE_LOOP('',(#2785,#2786,#2787,#2788));
#502=EDGE_LOOP('',(#2789,#2790,#2791,#2792));
#503=EDGE_LOOP('',(#2793,#2794,#2795,#2796));
#504=EDGE_LOOP('',(#2797,#2798,#2799,#2800));
#505=EDGE_LOOP('',(#2801,#2802,#2803,#2804));
#506=EDGE_LOOP('',(#2805,#2806,#2807,#2808));
#507=EDGE_LOOP('',(#2809,#2810,#2811,#2812));
#508=EDGE_LOOP('',(#2813,#2814,#2815,#2816));
#509=EDGE_LOOP('',(#2817,#2818,#2819,#2820));
#510=EDGE_LOOP('',(#2821,#2822,#2823,#2824,#2825,#2826,#2827,#2828,#2829,
#2830,#2831,#2832,#2833,#2834,#2835,#2836));
#511=EDGE_LOOP('',(#2837,#2838,#2839,#2840));
#512=EDGE_LOOP('',(#2841,#2842,#2843,#2844));
#513=EDGE_LOOP('',(#2845,#2846,#2847,#2848));
#514=EDGE_LOOP('',(#2849,#2850,#2851,#2852));
#515=EDGE_LOOP('',(#2853,#2854,#2855,#2856));
#516=EDGE_LOOP('',(#2857,#2858,#2859,#2860));
#517=EDGE_LOOP('',(#2861,#2862,#2863,#2864));
#518=EDGE_LOOP('',(#2865,#2866,#2867,#2868));
#519=EDGE_LOOP('',(#2869,#2870,#2871,#2872));
#520=EDGE_LOOP('',(#2873,#2874,#2875,#2876));
#521=EDGE_LOOP('',(#2877,#2878,#2879,#2880));
#522=EDGE_LOOP('',(#2881,#2882,#2883,#2884));
#523=EDGE_LOOP('',(#2885,#2886,#2887,#2888));
#524=EDGE_LOOP('',(#2889,#2890,#2891,#2892));
#525=EDGE_LOOP('',(#2893,#2894,#2895,#2896));
#526=EDGE_LOOP('',(#2897,#2898,#2899,#2900));
#527=EDGE_LOOP('',(#2901,#2902,#2903,#2904,#2905,#2906,#2907,#2908,#2909,
#2910,#2911,#2912,#2913,#2914,#2915,#2916));
#528=EDGE_LOOP('',(#2917,#2918,#2919,#2920));
#529=EDGE_LOOP('',(#2921,#2922,#2923,#2924));
#530=EDGE_LOOP('',(#2925,#2926,#2927,#2928));
#531=EDGE_LOOP('',(#2929,#2930,#2931,#2932));
#532=EDGE_LOOP('',(#2933,#2934,#2935,#2936));
#533=EDGE_LOOP('',(#2937,#2938,#2939,#2940));
#534=EDGE_LOOP('',(#2941,#2942,#2943,#2944));
#535=EDGE_LOOP('',(#2945,#2946,#2947,#2948));
#536=EDGE_LOOP('',(#2949,#2950,#2951,#2952));
#537=EDGE_LOOP('',(#2953,#2954,#2955,#2956));
#538=EDGE_LOOP('',(#2957,#2958,#2959,#2960));
#539=EDGE_LOOP('',(#2961,#2962,#2963,#2964));
#540=EDGE_LOOP('',(#2965,#2966,#2967,#2968));
#541=EDGE_LOOP('',(#2969,#2970,#2971,#2972));
#542=EDGE_LOOP('',(#2973,#2974,#2975,#2976));
#543=EDGE_LOOP('',(#2977,#2978,#2979,#2980));
#544=EDGE_LOOP('',(#2981,#2982,#2983,#2984));
#545=EDGE_LOOP('',(#2985,#2986,#2987,#2988));
#546=EDGE_LOOP('',(#2989,#2990,#2991,#2992));
#547=EDGE_LOOP('',(#2993,#2994,#2995,#2996));
#548=EDGE_LOOP('',(#2997,#2998,#2999,#3000));
#549=EDGE_LOOP('',(#3001,#3002,#3003,#3004));
#550=EDGE_LOOP('',(#3005,#3006,#3007,#3008));
#551=EDGE_LOOP('',(#3009,#3010,#3011,#3012));
#552=EDGE_LOOP('',(#3013,#3014,#3015,#3016));
#553=EDGE_LOOP('',(#3017,#3018,#3019,#3020));
#554=EDGE_LOOP('',(#3021,#3022,#3023,#3024));
#555=EDGE_LOOP('',(#3025,#3026,#3027,#3028));
#556=EDGE_LOOP('',(#3029,#3030,#3031,#3032));
#557=EDGE_LOOP('',(#3033,#3034,#3035,#3036));
#558=EDGE_LOOP('',(#3037,#3038,#3039,#3040));
#559=EDGE_LOOP('',(#3041,#3042,#3043,#3044));
#560=EDGE_LOOP('',(#3045,#3046,#3047,#3048));
#561=EDGE_LOOP('',(#3049,#3050,#3051,#3052));
#562=EDGE_LOOP('',(#3053,#3054,#3055,#3056));
#563=EDGE_LOOP('',(#3057,#3058,#3059,#3060));
#564=EDGE_LOOP('',(#3061,#3062,#3063,#3064));
#565=ELLIPSE('',#3346,0.407836463283326,0.4);
#566=ELLIPSE('',#3347,0.40783646328333,0.4);
#567=ELLIPSE('',#3349,0.407836463283329,0.4);
#568=ELLIPSE('',#3351,0.407836463283329,0.4);
#569=ELLIPSE('',#3353,0.407836463283326,0.4);
#570=ELLIPSE('',#3355,0.407836463283328,0.4);
#571=ELLIPSE('',#3357,0.407836463283329,0.4);
#572=ELLIPSE('',#3358,0.407836463283333,0.4);
#573=ELLIPSE('',#3360,0.407836463283326,0.4);
#574=ELLIPSE('',#3362,0.407836463283329,0.4);
#575=ELLIPSE('',#3364,0.407836463283328,0.4);
#576=ELLIPSE('',#3367,0.40783646328332,0.4);
#577=ELLIPSE('',#3369,0.407836463283334,0.4);
#578=ELLIPSE('',#3371,0.407836463283326,0.4);
#579=ELLIPSE('',#3373,0.407836463283324,0.4);
#580=ELLIPSE('',#3375,0.407836463283327,0.4);
#581=ELLIPSE('',#3387,0.407836463283339,0.4);
#582=ELLIPSE('',#3388,0.407836463283324,0.4);
#583=ELLIPSE('',#3390,0.407836463283323,0.4);
#584=ELLIPSE('',#3392,0.407836463283327,0.4);
#585=ELLIPSE('',#3393,0.407836463283324,0.4);
#586=ELLIPSE('',#3395,0.407836463283328,0.4);
#587=ELLIPSE('',#3397,0.407836463283327,0.4);
#588=ELLIPSE('',#3399,0.40783646328332,0.4);
#589=ELLIPSE('',#3401,0.40783646328333,0.4);
#590=ELLIPSE('',#3403,0.407836463283328,0.4);
#591=ELLIPSE('',#3405,0.407836463283329,0.4);
#592=ELLIPSE('',#3407,0.407836463283327,0.4);
#593=ELLIPSE('',#3409,0.40783646328333,0.4);
#594=ELLIPSE('',#3411,0.407836463283327,0.4);
#595=ELLIPSE('',#3414,0.40783646328333,0.4);
#596=ELLIPSE('',#3416,0.407836463283324,0.4);
#597=ELLIPSE('',#3427,0.407836463283326,0.4);
#598=ELLIPSE('',#3428,0.407836463283322,0.4);
#599=ELLIPSE('',#3430,0.407836463283331,0.4);
#600=ELLIPSE('',#3432,0.407836463283326,0.4);
#601=ELLIPSE('',#3434,0.40783646328333,0.4);
#602=ELLIPSE('',#3436,0.407836463283325,0.4);
#603=ELLIPSE('',#3438,0.407836463283331,0.4);
#604=ELLIPSE('',#3440,0.407836463283321,0.4);
#605=ELLIPSE('',#3442,0.407836463283336,0.4);
#606=ELLIPSE('',#3444,0.407836463283324,0.4);
#607=ELLIPSE('',#3446,0.407836463283331,0.4);
#608=ELLIPSE('',#3448,0.407836463283326,0.4);
#609=ELLIPSE('',#3450,0.407836463283323,0.4);
#610=ELLIPSE('',#3452,0.407836463283327,0.4);
#611=ELLIPSE('',#3454,0.407836463283336,0.4);
#612=ELLIPSE('',#3456,0.407836463283316,0.4);
#613=ELLIPSE('',#3467,0.407836463283332,0.4);
#614=ELLIPSE('',#3468,0.407836463283327,0.4);
#615=ELLIPSE('',#3470,0.407836463283325,0.4);
#616=ELLIPSE('',#3472,0.407836463283327,0.4);
#617=ELLIPSE('',#3474,0.407836463283325,0.4);
#618=ELLIPSE('',#3475,0.407836463283327,0.4);
#619=ELLIPSE('',#3477,0.407836463283331,0.4);
#620=ELLIPSE('',#3479,0.407836463283324,0.4);
#621=ELLIPSE('',#3481,0.407836463283327,0.4);
#622=ELLIPSE('',#3483,0.407836463283329,0.4);
#623=ELLIPSE('',#3485,0.407836463283329,0.4);
#624=ELLIPSE('',#3487,0.407836463283326,0.4);
#625=ELLIPSE('',#3490,0.407836463283329,0.4);
#626=ELLIPSE('',#3492,0.407836463283327,0.4);
#627=ELLIPSE('',#3494,0.407836463283326,0.4);
#628=ELLIPSE('',#3496,0.40783646328333,0.4);
#629=LINE('',#4545,#1025);
#630=LINE('',#4549,#1026);
#631=LINE('',#4553,#1027);
#632=LINE('',#4556,#1028);
#633=LINE('',#4559,#1029);
#634=LINE('',#4562,#1030);
#635=LINE('',#4565,#1031);
#636=LINE('',#4568,#1032);
#637=LINE('',#4571,#1033);
#638=LINE('',#4574,#1034);
#639=LINE('',#4578,#1035);
#640=LINE('',#4582,#1036);
#641=LINE('',#4586,#1037);
#642=LINE('',#4589,#1038);
#643=LINE('',#4592,#1039);
#644=LINE('',#4595,#1040);
#645=LINE('',#4598,#1041);
#646=LINE('',#4600,#1042);
#647=LINE('',#4603,#1043);
#648=LINE('',#4604,#1044);
#649=LINE('',#4607,#1045);
#650=LINE('',#4609,#1046);
#651=LINE('',#4613,#1047);
#652=LINE('',#4615,#1048);
#653=LINE('',#4619,#1049);
#654=LINE('',#4621,#1050);
#655=LINE('',#4625,#1051);
#656=LINE('',#4627,#1052);
#657=LINE('',#4631,#1053);
#658=LINE('',#4633,#1054);
#659=LINE('',#4636,#1055);
#660=LINE('',#4637,#1056);
#661=LINE('',#4640,#1057);
#662=LINE('',#4642,#1058);
#663=LINE('',#4643,#1059);
#664=LINE('',#4646,#1060);
#665=LINE('',#4647,#1061);
#666=LINE('',#4650,#1062);
#667=LINE('',#4651,#1063);
#668=LINE('',#4654,#1064);
#669=LINE('',#4655,#1065);
#670=LINE('',#4658,#1066);
#671=LINE('',#4659,#1067);
#672=LINE('',#4662,#1068);
#673=LINE('',#4663,#1069);
#674=LINE('',#4666,#1070);
#675=LINE('',#4667,#1071);
#676=LINE('',#4670,#1072);
#677=LINE('',#4671,#1073);
#678=LINE('',#4675,#1074);
#679=LINE('',#4677,#1075);
#680=LINE('',#4679,#1076);
#681=LINE('',#4680,#1077);
#682=LINE('',#4683,#1078);
#683=LINE('',#4685,#1079);
#684=LINE('',#4687,#1080);
#685=LINE('',#4689,#1081);
#686=LINE('',#4691,#1082);
#687=LINE('',#4693,#1083);
#688=LINE('',#4695,#1084);
#689=LINE('',#4697,#1085);
#690=LINE('',#4699,#1086);
#691=LINE('',#4701,#1087);
#692=LINE('',#4703,#1088);
#693=LINE('',#4705,#1089);
#694=LINE('',#4707,#1090);
#695=LINE('',#4709,#1091);
#696=LINE('',#4711,#1092);
#697=LINE('',#4712,#1093);
#698=LINE('',#4715,#1094);
#699=LINE('',#4717,#1095);
#700=LINE('',#4719,#1096);
#701=LINE('',#4721,#1097);
#702=LINE('',#4723,#1098);
#703=LINE('',#4725,#1099);
#704=LINE('',#4727,#1100);
#705=LINE('',#4729,#1101);
#706=LINE('',#4731,#1102);
#707=LINE('',#4733,#1103);
#708=LINE('',#4735,#1104);
#709=LINE('',#4737,#1105);
#710=LINE('',#4739,#1106);
#711=LINE('',#4741,#1107);
#712=LINE('',#4743,#1108);
#713=LINE('',#4744,#1109);
#714=LINE('',#4747,#1110);
#715=LINE('',#4749,#1111);
#716=LINE('',#4751,#1112);
#717=LINE('',#4753,#1113);
#718=LINE('',#4755,#1114);
#719=LINE('',#4757,#1115);
#720=LINE('',#4759,#1116);
#721=LINE('',#4761,#1117);
#722=LINE('',#4763,#1118);
#723=LINE('',#4765,#1119);
#724=LINE('',#4767,#1120);
#725=LINE('',#4769,#1121);
#726=LINE('',#4771,#1122);
#727=LINE('',#4773,#1123);
#728=LINE('',#4775,#1124);
#729=LINE('',#4776,#1125);
#730=LINE('',#4780,#1126);
#731=LINE('',#4785,#1127);
#732=LINE('',#4791,#1128);
#733=LINE('',#4795,#1129);
#734=LINE('',#4799,#1130);
#735=LINE('',#4803,#1131);
#736=LINE('',#4807,#1132);
#737=LINE('',#4811,#1133);
#738=LINE('',#4815,#1134);
#739=LINE('',#4819,#1135);
#740=LINE('',#4823,#1136);
#741=LINE('',#4827,#1137);
#742=LINE('',#4830,#1138);
#743=LINE('',#4833,#1139);
#744=LINE('',#4837,#1140);
#745=LINE('',#4840,#1141);
#746=LINE('',#4843,#1142);
#747=LINE('',#4845,#1143);
#748=LINE('',#4846,#1144);
#749=LINE('',#4849,#1145);
#750=LINE('',#4850,#1146);
#751=LINE('',#4853,#1147);
#752=LINE('',#4854,#1148);
#753=LINE('',#4857,#1149);
#754=LINE('',#4858,#1150);
#755=LINE('',#4861,#1151);
#756=LINE('',#4862,#1152);
#757=LINE('',#4865,#1153);
#758=LINE('',#4866,#1154);
#759=LINE('',#4869,#1155);
#760=LINE('',#4870,#1156);
#761=LINE('',#4873,#1157);
#762=LINE('',#4874,#1158);
#763=LINE('',#4878,#1159);
#764=LINE('',#4883,#1160);
#765=LINE('',#4887,#1161);
#766=LINE('',#4891,#1162);
#767=LINE('',#4895,#1163);
#768=LINE('',#4899,#1164);
#769=LINE('',#4903,#1165);
#770=LINE('',#4907,#1166);
#771=LINE('',#4911,#1167);
#772=LINE('',#4915,#1168);
#773=LINE('',#4919,#1169);
#774=LINE('',#4923,#1170);
#775=LINE('',#4927,#1171);
#776=LINE('',#4931,#1172);
#777=LINE('',#4935,#1173);
#778=LINE('',#4938,#1174);
#779=LINE('',#4941,#1175);
#780=LINE('',#4943,#1176);
#781=LINE('',#4944,#1177);
#782=LINE('',#4947,#1178);
#783=LINE('',#4948,#1179);
#784=LINE('',#4951,#1180);
#785=LINE('',#4952,#1181);
#786=LINE('',#4955,#1182);
#787=LINE('',#4956,#1183);
#788=LINE('',#4959,#1184);
#789=LINE('',#4960,#1185);
#790=LINE('',#4963,#1186);
#791=LINE('',#4964,#1187);
#792=LINE('',#4967,#1188);
#793=LINE('',#4968,#1189);
#794=LINE('',#4971,#1190);
#795=LINE('',#4972,#1191);
#796=LINE('',#4976,#1192);
#797=LINE('',#4981,#1193);
#798=LINE('',#4985,#1194);
#799=LINE('',#4990,#1195);
#800=LINE('',#4995,#1196);
#801=LINE('',#4999,#1197);
#802=LINE('',#5003,#1198);
#803=LINE('',#5007,#1199);
#804=LINE('',#5011,#1200);
#805=LINE('',#5015,#1201);
#806=LINE('',#5018,#1202);
#807=LINE('',#5021,#1203);
#808=LINE('',#5025,#1204);
#809=LINE('',#5029,#1205);
#810=LINE('',#5033,#1206);
#811=LINE('',#5036,#1207);
#812=LINE('',#5039,#1208);
#813=LINE('',#5041,#1209);
#814=LINE('',#5042,#1210);
#815=LINE('',#5045,#1211);
#816=LINE('',#5046,#1212);
#817=LINE('',#5049,#1213);
#818=LINE('',#5050,#1214);
#819=LINE('',#5053,#1215);
#820=LINE('',#5054,#1216);
#821=LINE('',#5057,#1217);
#822=LINE('',#5058,#1218);
#823=LINE('',#5061,#1219);
#824=LINE('',#5062,#1220);
#825=LINE('',#5065,#1221);
#826=LINE('',#5066,#1222);
#827=LINE('',#5069,#1223);
#828=LINE('',#5070,#1224);
#829=LINE('',#5074,#1225);
#830=LINE('',#5075,#1226);
#831=LINE('',#5076,#1227);
#832=LINE('',#5079,#1228);
#833=LINE('',#5081,#1229);
#834=LINE('',#5082,#1230);
#835=LINE('',#5085,#1231);
#836=LINE('',#5087,#1232);
#837=LINE('',#5088,#1233);
#838=LINE('',#5091,#1234);
#839=LINE('',#5093,#1235);
#840=LINE('',#5094,#1236);
#841=LINE('',#5097,#1237);
#842=LINE('',#5099,#1238);
#843=LINE('',#5100,#1239);
#844=LINE('',#5103,#1240);
#845=LINE('',#5105,#1241);
#846=LINE('',#5106,#1242);
#847=LINE('',#5109,#1243);
#848=LINE('',#5111,#1244);
#849=LINE('',#5112,#1245);
#850=LINE('',#5115,#1246);
#851=LINE('',#5117,#1247);
#852=LINE('',#5118,#1248);
#853=LINE('',#5121,#1249);
#854=LINE('',#5122,#1250);
#855=LINE('',#5123,#1251);
#856=LINE('',#5126,#1252);
#857=LINE('',#5127,#1253);
#858=LINE('',#5130,#1254);
#859=LINE('',#5131,#1255);
#860=LINE('',#5134,#1256);
#861=LINE('',#5135,#1257);
#862=LINE('',#5138,#1258);
#863=LINE('',#5139,#1259);
#864=LINE('',#5142,#1260);
#865=LINE('',#5143,#1261);
#866=LINE('',#5146,#1262);
#867=LINE('',#5147,#1263);
#868=LINE('',#5149,#1264);
#869=LINE('',#5154,#1265);
#870=LINE('',#5155,#1266);
#871=LINE('',#5156,#1267);
#872=LINE('',#5159,#1268);
#873=LINE('',#5161,#1269);
#874=LINE('',#5162,#1270);
#875=LINE('',#5165,#1271);
#876=LINE('',#5167,#1272);
#877=LINE('',#5168,#1273);
#878=LINE('',#5171,#1274);
#879=LINE('',#5173,#1275);
#880=LINE('',#5174,#1276);
#881=LINE('',#5177,#1277);
#882=LINE('',#5179,#1278);
#883=LINE('',#5180,#1279);
#884=LINE('',#5183,#1280);
#885=LINE('',#5185,#1281);
#886=LINE('',#5186,#1282);
#887=LINE('',#5189,#1283);
#888=LINE('',#5191,#1284);
#889=LINE('',#5192,#1285);
#890=LINE('',#5195,#1286);
#891=LINE('',#5197,#1287);
#892=LINE('',#5198,#1288);
#893=LINE('',#5201,#1289);
#894=LINE('',#5202,#1290);
#895=LINE('',#5203,#1291);
#896=LINE('',#5206,#1292);
#897=LINE('',#5207,#1293);
#898=LINE('',#5210,#1294);
#899=LINE('',#5211,#1295);
#900=LINE('',#5214,#1296);
#901=LINE('',#5215,#1297);
#902=LINE('',#5218,#1298);
#903=LINE('',#5219,#1299);
#904=LINE('',#5222,#1300);
#905=LINE('',#5223,#1301);
#906=LINE('',#5226,#1302);
#907=LINE('',#5227,#1303);
#908=LINE('',#5229,#1304);
#909=LINE('',#5234,#1305);
#910=LINE('',#5235,#1306);
#911=LINE('',#5236,#1307);
#912=LINE('',#5239,#1308);
#913=LINE('',#5241,#1309);
#914=LINE('',#5242,#1310);
#915=LINE('',#5245,#1311);
#916=LINE('',#5247,#1312);
#917=LINE('',#5248,#1313);
#918=LINE('',#5251,#1314);
#919=LINE('',#5253,#1315);
#920=LINE('',#5254,#1316);
#921=LINE('',#5257,#1317);
#922=LINE('',#5259,#1318);
#923=LINE('',#5260,#1319);
#924=LINE('',#5263,#1320);
#925=LINE('',#5265,#1321);
#926=LINE('',#5266,#1322);
#927=LINE('',#5269,#1323);
#928=LINE('',#5271,#1324);
#929=LINE('',#5272,#1325);
#930=LINE('',#5275,#1326);
#931=LINE('',#5277,#1327);
#932=LINE('',#5278,#1328);
#933=LINE('',#5281,#1329);
#934=LINE('',#5282,#1330);
#935=LINE('',#5283,#1331);
#936=LINE('',#5286,#1332);
#937=LINE('',#5287,#1333);
#938=LINE('',#5290,#1334);
#939=LINE('',#5291,#1335);
#940=LINE('',#5294,#1336);
#941=LINE('',#5295,#1337);
#942=LINE('',#5298,#1338);
#943=LINE('',#5299,#1339);
#944=LINE('',#5302,#1340);
#945=LINE('',#5303,#1341);
#946=LINE('',#5306,#1342);
#947=LINE('',#5307,#1343);
#948=LINE('',#5309,#1344);
#949=LINE('',#5314,#1345);
#950=LINE('',#5315,#1346);
#951=LINE('',#5316,#1347);
#952=LINE('',#5319,#1348);
#953=LINE('',#5321,#1349);
#954=LINE('',#5322,#1350);
#955=LINE('',#5325,#1351);
#956=LINE('',#5327,#1352);
#957=LINE('',#5328,#1353);
#958=LINE('',#5331,#1354);
#959=LINE('',#5333,#1355);
#960=LINE('',#5334,#1356);
#961=LINE('',#5337,#1357);
#962=LINE('',#5339,#1358);
#963=LINE('',#5340,#1359);
#964=LINE('',#5343,#1360);
#965=LINE('',#5345,#1361);
#966=LINE('',#5346,#1362);
#967=LINE('',#5349,#1363);
#968=LINE('',#5351,#1364);
#969=LINE('',#5352,#1365);
#970=LINE('',#5355,#1366);
#971=LINE('',#5357,#1367);
#972=LINE('',#5358,#1368);
#973=LINE('',#5361,#1369);
#974=LINE('',#5362,#1370);
#975=LINE('',#5363,#1371);
#976=LINE('',#5366,#1372);
#977=LINE('',#5367,#1373);
#978=LINE('',#5370,#1374);
#979=LINE('',#5371,#1375);
#980=LINE('',#5374,#1376);
#981=LINE('',#5375,#1377);
#982=LINE('',#5378,#1378);
#983=LINE('',#5379,#1379);
#984=LINE('',#5382,#1380);
#985=LINE('',#5383,#1381);
#986=LINE('',#5386,#1382);
#987=LINE('',#5387,#1383);
#988=LINE('',#5389,#1384);
#989=LINE('',#5392,#1385);
#990=LINE('',#5394,#1386);
#991=LINE('',#5396,#1387);
#992=LINE('',#5398,#1388);
#993=LINE('',#5400,#1389);
#994=LINE('',#5402,#1390);
#995=LINE('',#5404,#1391);
#996=LINE('',#5407,#1392);
#997=LINE('',#5409,#1393);
#998=LINE('',#5411,#1394);
#999=LINE('',#5413,#1395);
#1000=LINE('',#5415,#1396);
#1001=LINE('',#5417,#1397);
#1002=LINE('',#5419,#1398);
#1003=LINE('',#5422,#1399);
#1004=LINE('',#5424,#1400);
#1005=LINE('',#5426,#1401);
#1006=LINE('',#5428,#1402);
#1007=LINE('',#5430,#1403);
#1008=LINE('',#5432,#1404);
#1009=LINE('',#5434,#1405);
#1010=LINE('',#5437,#1406);
#1011=LINE('',#5439,#1407);
#1012=LINE('',#5441,#1408);
#1013=LINE('',#5443,#1409);
#1014=LINE('',#5445,#1410);
#1015=LINE('',#5447,#1411);
#1016=LINE('',#5449,#1412);
#1017=LINE('',#5454,#1413);
#1018=LINE('',#5455,#1414);
#1019=LINE('',#5456,#1415);
#1020=LINE('',#5459,#1416);
#1021=LINE('',#5460,#1417);
#1022=LINE('',#5463,#1418);
#1023=LINE('',#5464,#1419);
#1024=LINE('',#5466,#1420);
#1025=VECTOR('',#3615,10.);
#1026=VECTOR('',#3618,10.);
#1027=VECTOR('',#3623,10.);
#1028=VECTOR('',#3626,10.);
#1029=VECTOR('',#3629,10.);
#1030=VECTOR('',#3632,10.);
#1031=VECTOR('',#3635,10.);
#1032=VECTOR('',#3638,10.);
#1033=VECTOR('',#3641,10.);
#1034=VECTOR('',#3644,10.);
#1035=VECTOR('',#3647,10.);
#1036=VECTOR('',#3650,10.);
#1037=VECTOR('',#3655,10.);
#1038=VECTOR('',#3658,10.);
#1039=VECTOR('',#3661,10.);
#1040=VECTOR('',#3664,10.);
#1041=VECTOR('',#3667,10.);
#1042=VECTOR('',#3668,10.);
#1043=VECTOR('',#3673,10.);
#1044=VECTOR('',#3674,10.);
#1045=VECTOR('',#3677,10.);
#1046=VECTOR('',#3678,10.);
#1047=VECTOR('',#3683,10.);
#1048=VECTOR('',#3684,10.);
#1049=VECTOR('',#3689,10.);
#1050=VECTOR('',#3690,10.);
#1051=VECTOR('',#3695,10.);
#1052=VECTOR('',#3696,10.);
#1053=VECTOR('',#3701,10.);
#1054=VECTOR('',#3702,10.);
#1055=VECTOR('',#3707,10.);
#1056=VECTOR('',#3708,10.);
#1057=VECTOR('',#3711,10.);
#1058=VECTOR('',#3712,10.);
#1059=VECTOR('',#3713,10.);
#1060=VECTOR('',#3716,10.);
#1061=VECTOR('',#3717,10.);
#1062=VECTOR('',#3720,10.);
#1063=VECTOR('',#3721,10.);
#1064=VECTOR('',#3724,10.);
#1065=VECTOR('',#3725,10.);
#1066=VECTOR('',#3728,10.);
#1067=VECTOR('',#3729,10.);
#1068=VECTOR('',#3732,10.);
#1069=VECTOR('',#3733,10.);
#1070=VECTOR('',#3736,10.);
#1071=VECTOR('',#3737,10.);
#1072=VECTOR('',#3740,10.);
#1073=VECTOR('',#3741,10.);
#1074=VECTOR('',#3744,10.);
#1075=VECTOR('',#3745,10.);
#1076=VECTOR('',#3746,10.);
#1077=VECTOR('',#3747,10.);
#1078=VECTOR('',#3748,10.);
#1079=VECTOR('',#3749,10.);
#1080=VECTOR('',#3750,10.);
#1081=VECTOR('',#3751,10.);
#1082=VECTOR('',#3752,10.);
#1083=VECTOR('',#3753,10.);
#1084=VECTOR('',#3754,10.);
#1085=VECTOR('',#3755,10.);
#1086=VECTOR('',#3756,10.);
#1087=VECTOR('',#3757,10.);
#1088=VECTOR('',#3758,10.);
#1089=VECTOR('',#3759,10.);
#1090=VECTOR('',#3760,10.);
#1091=VECTOR('',#3761,10.);
#1092=VECTOR('',#3762,10.);
#1093=VECTOR('',#3763,10.);
#1094=VECTOR('',#3764,10.);
#1095=VECTOR('',#3765,10.);
#1096=VECTOR('',#3766,10.);
#1097=VECTOR('',#3767,10.);
#1098=VECTOR('',#3768,10.);
#1099=VECTOR('',#3769,10.);
#1100=VECTOR('',#3770,10.);
#1101=VECTOR('',#3771,10.);
#1102=VECTOR('',#3772,10.);
#1103=VECTOR('',#3773,10.);
#1104=VECTOR('',#3774,10.);
#1105=VECTOR('',#3775,10.);
#1106=VECTOR('',#3776,10.);
#1107=VECTOR('',#3777,10.);
#1108=VECTOR('',#3778,10.);
#1109=VECTOR('',#3779,10.);
#1110=VECTOR('',#3780,10.);
#1111=VECTOR('',#3781,10.);
#1112=VECTOR('',#3782,10.);
#1113=VECTOR('',#3783,10.);
#1114=VECTOR('',#3784,10.);
#1115=VECTOR('',#3785,10.);
#1116=VECTOR('',#3786,10.);
#1117=VECTOR('',#3787,10.);
#1118=VECTOR('',#3788,10.);
#1119=VECTOR('',#3789,10.);
#1120=VECTOR('',#3790,10.);
#1121=VECTOR('',#3791,10.);
#1122=VECTOR('',#3792,10.);
#1123=VECTOR('',#3793,10.);
#1124=VECTOR('',#3794,10.);
#1125=VECTOR('',#3795,10.);
#1126=VECTOR('',#3798,10.);
#1127=VECTOR('',#3805,10.);
#1128=VECTOR('',#3812,10.);
#1129=VECTOR('',#3817,10.);
#1130=VECTOR('',#3822,10.);
#1131=VECTOR('',#3827,10.);
#1132=VECTOR('',#3832,10.);
#1133=VECTOR('',#3837,10.);
#1134=VECTOR('',#3842,10.);
#1135=VECTOR('',#3847,10.);
#1136=VECTOR('',#3852,10.);
#1137=VECTOR('',#3857,10.);
#1138=VECTOR('',#3862,10.);
#1139=VECTOR('',#3865,10.);
#1140=VECTOR('',#3870,10.);
#1141=VECTOR('',#3875,10.);
#1142=VECTOR('',#3878,10.);
#1143=VECTOR('',#3879,10.);
#1144=VECTOR('',#3880,10.);
#1145=VECTOR('',#3883,10.);
#1146=VECTOR('',#3884,10.);
#1147=VECTOR('',#3887,10.);
#1148=VECTOR('',#3888,10.);
#1149=VECTOR('',#3891,10.);
#1150=VECTOR('',#3892,10.);
#1151=VECTOR('',#3895,10.);
#1152=VECTOR('',#3896,10.);
#1153=VECTOR('',#3899,10.);
#1154=VECTOR('',#3900,10.);
#1155=VECTOR('',#3903,10.);
#1156=VECTOR('',#3904,10.);
#1157=VECTOR('',#3907,10.);
#1158=VECTOR('',#3908,10.);
#1159=VECTOR('',#3911,10.);
#1160=VECTOR('',#3918,10.);
#1161=VECTOR('',#3923,10.);
#1162=VECTOR('',#3928,10.);
#1163=VECTOR('',#3933,10.);
#1164=VECTOR('',#3938,10.);
#1165=VECTOR('',#3943,10.);
#1166=VECTOR('',#3948,10.);
#1167=VECTOR('',#3953,10.);
#1168=VECTOR('',#3958,10.);
#1169=VECTOR('',#3963,10.);
#1170=VECTOR('',#3968,10.);
#1171=VECTOR('',#3973,10.);
#1172=VECTOR('',#3978,10.);
#1173=VECTOR('',#3983,10.);
#1174=VECTOR('',#3988,10.);
#1175=VECTOR('',#3991,10.);
#1176=VECTOR('',#3992,10.);
#1177=VECTOR('',#3993,10.);
#1178=VECTOR('',#3996,10.);
#1179=VECTOR('',#3997,10.);
#1180=VECTOR('',#4000,10.);
#1181=VECTOR('',#4001,10.);
#1182=VECTOR('',#4004,10.);
#1183=VECTOR('',#4005,10.);
#1184=VECTOR('',#4008,10.);
#1185=VECTOR('',#4009,10.);
#1186=VECTOR('',#4012,10.);
#1187=VECTOR('',#4013,10.);
#1188=VECTOR('',#4016,10.);
#1189=VECTOR('',#4017,10.);
#1190=VECTOR('',#4020,10.);
#1191=VECTOR('',#4021,10.);
#1192=VECTOR('',#4024,10.);
#1193=VECTOR('',#4031,10.);
#1194=VECTOR('',#4036,10.);
#1195=VECTOR('',#4041,10.);
#1196=VECTOR('',#4048,10.);
#1197=VECTOR('',#4053,10.);
#1198=VECTOR('',#4058,10.);
#1199=VECTOR('',#4063,10.);
#1200=VECTOR('',#4068,10.);
#1201=VECTOR('',#4073,10.);
#1202=VECTOR('',#4078,10.);
#1203=VECTOR('',#4081,10.);
#1204=VECTOR('',#4086,10.);
#1205=VECTOR('',#4091,10.);
#1206=VECTOR('',#4096,10.);
#1207=VECTOR('',#4101,10.);
#1208=VECTOR('',#4104,10.);
#1209=VECTOR('',#4105,10.);
#1210=VECTOR('',#4106,10.);
#1211=VECTOR('',#4109,10.);
#1212=VECTOR('',#4110,10.);
#1213=VECTOR('',#4113,10.);
#1214=VECTOR('',#4114,10.);
#1215=VECTOR('',#4117,10.);
#1216=VECTOR('',#4118,10.);
#1217=VECTOR('',#4121,10.);
#1218=VECTOR('',#4122,10.);
#1219=VECTOR('',#4125,10.);
#1220=VECTOR('',#4126,10.);
#1221=VECTOR('',#4129,10.);
#1222=VECTOR('',#4130,10.);
#1223=VECTOR('',#4133,10.);
#1224=VECTOR('',#4134,10.);
#1225=VECTOR('',#4137,10.);
#1226=VECTOR('',#4138,10.);
#1227=VECTOR('',#4139,10.);
#1228=VECTOR('',#4142,10.);
#1229=VECTOR('',#4143,10.);
#1230=VECTOR('',#4144,10.);
#1231=VECTOR('',#4147,10.);
#1232=VECTOR('',#4148,10.);
#1233=VECTOR('',#4149,10.);
#1234=VECTOR('',#4152,10.);
#1235=VECTOR('',#4153,10.);
#1236=VECTOR('',#4154,10.);
#1237=VECTOR('',#4157,10.);
#1238=VECTOR('',#4158,10.);
#1239=VECTOR('',#4159,10.);
#1240=VECTOR('',#4162,10.);
#1241=VECTOR('',#4163,10.);
#1242=VECTOR('',#4164,10.);
#1243=VECTOR('',#4167,10.);
#1244=VECTOR('',#4168,10.);
#1245=VECTOR('',#4169,10.);
#1246=VECTOR('',#4172,10.);
#1247=VECTOR('',#4173,10.);
#1248=VECTOR('',#4174,10.);
#1249=VECTOR('',#4177,10.);
#1250=VECTOR('',#4178,10.);
#1251=VECTOR('',#4179,10.);
#1252=VECTOR('',#4182,10.);
#1253=VECTOR('',#4183,10.);
#1254=VECTOR('',#4186,10.);
#1255=VECTOR('',#4187,10.);
#1256=VECTOR('',#4190,10.);
#1257=VECTOR('',#4191,10.);
#1258=VECTOR('',#4194,10.);
#1259=VECTOR('',#4195,10.);
#1260=VECTOR('',#4198,10.);
#1261=VECTOR('',#4199,10.);
#1262=VECTOR('',#4202,10.);
#1263=VECTOR('',#4203,10.);
#1264=VECTOR('',#4206,10.);
#1265=VECTOR('',#4211,10.);
#1266=VECTOR('',#4212,10.);
#1267=VECTOR('',#4213,10.);
#1268=VECTOR('',#4216,10.);
#1269=VECTOR('',#4217,10.);
#1270=VECTOR('',#4218,10.);
#1271=VECTOR('',#4221,10.);
#1272=VECTOR('',#4222,10.);
#1273=VECTOR('',#4223,10.);
#1274=VECTOR('',#4226,10.);
#1275=VECTOR('',#4227,10.);
#1276=VECTOR('',#4228,10.);
#1277=VECTOR('',#4231,10.);
#1278=VECTOR('',#4232,10.);
#1279=VECTOR('',#4233,10.);
#1280=VECTOR('',#4236,10.);
#1281=VECTOR('',#4237,10.);
#1282=VECTOR('',#4238,10.);
#1283=VECTOR('',#4241,10.);
#1284=VECTOR('',#4242,10.);
#1285=VECTOR('',#4243,10.);
#1286=VECTOR('',#4246,10.);
#1287=VECTOR('',#4247,10.);
#1288=VECTOR('',#4248,10.);
#1289=VECTOR('',#4251,10.);
#1290=VECTOR('',#4252,10.);
#1291=VECTOR('',#4253,10.);
#1292=VECTOR('',#4256,10.);
#1293=VECTOR('',#4257,10.);
#1294=VECTOR('',#4260,10.);
#1295=VECTOR('',#4261,10.);
#1296=VECTOR('',#4264,10.);
#1297=VECTOR('',#4265,10.);
#1298=VECTOR('',#4268,10.);
#1299=VECTOR('',#4269,10.);
#1300=VECTOR('',#4272,10.);
#1301=VECTOR('',#4273,10.);
#1302=VECTOR('',#4276,10.);
#1303=VECTOR('',#4277,10.);
#1304=VECTOR('',#4280,10.);
#1305=VECTOR('',#4285,10.);
#1306=VECTOR('',#4286,10.);
#1307=VECTOR('',#4287,10.);
#1308=VECTOR('',#4290,10.);
#1309=VECTOR('',#4291,10.);
#1310=VECTOR('',#4292,10.);
#1311=VECTOR('',#4295,10.);
#1312=VECTOR('',#4296,10.);
#1313=VECTOR('',#4297,10.);
#1314=VECTOR('',#4300,10.);
#1315=VECTOR('',#4301,10.);
#1316=VECTOR('',#4302,10.);
#1317=VECTOR('',#4305,10.);
#1318=VECTOR('',#4306,10.);
#1319=VECTOR('',#4307,10.);
#1320=VECTOR('',#4310,10.);
#1321=VECTOR('',#4311,10.);
#1322=VECTOR('',#4312,10.);
#1323=VECTOR('',#4315,10.);
#1324=VECTOR('',#4316,10.);
#1325=VECTOR('',#4317,10.);
#1326=VECTOR('',#4320,10.);
#1327=VECTOR('',#4321,10.);
#1328=VECTOR('',#4322,10.);
#1329=VECTOR('',#4325,10.);
#1330=VECTOR('',#4326,10.);
#1331=VECTOR('',#4327,10.);
#1332=VECTOR('',#4330,10.);
#1333=VECTOR('',#4331,10.);
#1334=VECTOR('',#4334,10.);
#1335=VECTOR('',#4335,10.);
#1336=VECTOR('',#4338,10.);
#1337=VECTOR('',#4339,10.);
#1338=VECTOR('',#4342,10.);
#1339=VECTOR('',#4343,10.);
#1340=VECTOR('',#4346,10.);
#1341=VECTOR('',#4347,10.);
#1342=VECTOR('',#4350,10.);
#1343=VECTOR('',#4351,10.);
#1344=VECTOR('',#4354,10.);
#1345=VECTOR('',#4359,10.);
#1346=VECTOR('',#4360,10.);
#1347=VECTOR('',#4361,10.);
#1348=VECTOR('',#4364,10.);
#1349=VECTOR('',#4365,10.);
#1350=VECTOR('',#4366,10.);
#1351=VECTOR('',#4369,10.);
#1352=VECTOR('',#4370,10.);
#1353=VECTOR('',#4371,10.);
#1354=VECTOR('',#4374,10.);
#1355=VECTOR('',#4375,10.);
#1356=VECTOR('',#4376,10.);
#1357=VECTOR('',#4379,10.);
#1358=VECTOR('',#4380,10.);
#1359=VECTOR('',#4381,10.);
#1360=VECTOR('',#4384,10.);
#1361=VECTOR('',#4385,10.);
#1362=VECTOR('',#4386,10.);
#1363=VECTOR('',#4389,10.);
#1364=VECTOR('',#4390,10.);
#1365=VECTOR('',#4391,10.);
#1366=VECTOR('',#4394,10.);
#1367=VECTOR('',#4395,10.);
#1368=VECTOR('',#4396,10.);
#1369=VECTOR('',#4399,10.);
#1370=VECTOR('',#4400,10.);
#1371=VECTOR('',#4401,10.);
#1372=VECTOR('',#4404,10.);
#1373=VECTOR('',#4405,10.);
#1374=VECTOR('',#4408,10.);
#1375=VECTOR('',#4409,10.);
#1376=VECTOR('',#4412,10.);
#1377=VECTOR('',#4413,10.);
#1378=VECTOR('',#4416,10.);
#1379=VECTOR('',#4417,10.);
#1380=VECTOR('',#4420,10.);
#1381=VECTOR('',#4421,10.);
#1382=VECTOR('',#4424,10.);
#1383=VECTOR('',#4425,10.);
#1384=VECTOR('',#4428,10.);
#1385=VECTOR('',#4433,10.);
#1386=VECTOR('',#4436,10.);
#1387=VECTOR('',#4439,10.);
#1388=VECTOR('',#4442,10.);
#1389=VECTOR('',#4445,10.);
#1390=VECTOR('',#4448,10.);
#1391=VECTOR('',#4451,10.);
#1392=VECTOR('',#4456,10.);
#1393=VECTOR('',#4459,10.);
#1394=VECTOR('',#4462,10.);
#1395=VECTOR('',#4465,10.);
#1396=VECTOR('',#4468,10.);
#1397=VECTOR('',#4471,10.);
#1398=VECTOR('',#4474,10.);
#1399=VECTOR('',#4479,10.);
#1400=VECTOR('',#4482,10.);
#1401=VECTOR('',#4485,10.);
#1402=VECTOR('',#4488,10.);
#1403=VECTOR('',#4491,10.);
#1404=VECTOR('',#4494,10.);
#1405=VECTOR('',#4497,10.);
#1406=VECTOR('',#4502,10.);
#1407=VECTOR('',#4505,10.);
#1408=VECTOR('',#4508,10.);
#1409=VECTOR('',#4511,10.);
#1410=VECTOR('',#4514,10.);
#1411=VECTOR('',#4517,10.);
#1412=VECTOR('',#4520,10.);
#1413=VECTOR('',#4525,10.);
#1414=VECTOR('',#4526,10.);
#1415=VECTOR('',#4527,10.);
#1416=VECTOR('',#4530,10.);
#1417=VECTOR('',#4531,10.);
#1418=VECTOR('',#4534,10.);
#1419=VECTOR('',#4535,10.);
#1420=VECTOR('',#4538,10.);
#1421=VERTEX_POINT('',#4543);
#1422=VERTEX_POINT('',#4544);
#1423=VERTEX_POINT('',#4546);
#1424=VERTEX_POINT('',#4548);
#1425=VERTEX_POINT('',#4552);
#1426=VERTEX_POINT('',#4554);
#1427=VERTEX_POINT('',#4558);
#1428=VERTEX_POINT('',#4560);
#1429=VERTEX_POINT('',#4564);
#1430=VERTEX_POINT('',#4566);
#1431=VERTEX_POINT('',#4570);
#1432=VERTEX_POINT('',#4572);
#1433=VERTEX_POINT('',#4576);
#1434=VERTEX_POINT('',#4577);
#1435=VERTEX_POINT('',#4579);
#1436=VERTEX_POINT('',#4581);
#1437=VERTEX_POINT('',#4585);
#1438=VERTEX_POINT('',#4587);
#1439=VERTEX_POINT('',#4591);
#1440=VERTEX_POINT('',#4593);
#1441=VERTEX_POINT('',#4597);
#1442=VERTEX_POINT('',#4599);
#1443=VERTEX_POINT('',#4606);
#1444=VERTEX_POINT('',#4608);
#1445=VERTEX_POINT('',#4612);
#1446=VERTEX_POINT('',#4614);
#1447=VERTEX_POINT('',#4618);
#1448=VERTEX_POINT('',#4620);
#1449=VERTEX_POINT('',#4624);
#1450=VERTEX_POINT('',#4626);
#1451=VERTEX_POINT('',#4630);
#1452=VERTEX_POINT('',#4632);
#1453=VERTEX_POINT('',#4639);
#1454=VERTEX_POINT('',#4641);
#1455=VERTEX_POINT('',#4645);
#1456=VERTEX_POINT('',#4649);
#1457=VERTEX_POINT('',#4653);
#1458=VERTEX_POINT('',#4657);
#1459=VERTEX_POINT('',#4661);
#1460=VERTEX_POINT('',#4665);
#1461=VERTEX_POINT('',#4669);
#1462=VERTEX_POINT('',#4673);
#1463=VERTEX_POINT('',#4674);
#1464=VERTEX_POINT('',#4676);
#1465=VERTEX_POINT('',#4678);
#1466=VERTEX_POINT('',#4681);
#1467=VERTEX_POINT('',#4682);
#1468=VERTEX_POINT('',#4684);
#1469=VERTEX_POINT('',#4686);
#1470=VERTEX_POINT('',#4688);
#1471=VERTEX_POINT('',#4690);
#1472=VERTEX_POINT('',#4692);
#1473=VERTEX_POINT('',#4694);
#1474=VERTEX_POINT('',#4696);
#1475=VERTEX_POINT('',#4698);
#1476=VERTEX_POINT('',#4700);
#1477=VERTEX_POINT('',#4702);
#1478=VERTEX_POINT('',#4704);
#1479=VERTEX_POINT('',#4706);
#1480=VERTEX_POINT('',#4708);
#1481=VERTEX_POINT('',#4710);
#1482=VERTEX_POINT('',#4713);
#1483=VERTEX_POINT('',#4714);
#1484=VERTEX_POINT('',#4716);
#1485=VERTEX_POINT('',#4718);
#1486=VERTEX_POINT('',#4720);
#1487=VERTEX_POINT('',#4722);
#1488=VERTEX_POINT('',#4724);
#1489=VERTEX_POINT('',#4726);
#1490=VERTEX_POINT('',#4728);
#1491=VERTEX_POINT('',#4730);
#1492=VERTEX_POINT('',#4732);
#1493=VERTEX_POINT('',#4734);
#1494=VERTEX_POINT('',#4736);
#1495=VERTEX_POINT('',#4738);
#1496=VERTEX_POINT('',#4740);
#1497=VERTEX_POINT('',#4742);
#1498=VERTEX_POINT('',#4745);
#1499=VERTEX_POINT('',#4746);
#1500=VERTEX_POINT('',#4748);
#1501=VERTEX_POINT('',#4750);
#1502=VERTEX_POINT('',#4752);
#1503=VERTEX_POINT('',#4754);
#1504=VERTEX_POINT('',#4756);
#1505=VERTEX_POINT('',#4758);
#1506=VERTEX_POINT('',#4760);
#1507=VERTEX_POINT('',#4762);
#1508=VERTEX_POINT('',#4764);
#1509=VERTEX_POINT('',#4766);
#1510=VERTEX_POINT('',#4768);
#1511=VERTEX_POINT('',#4770);
#1512=VERTEX_POINT('',#4772);
#1513=VERTEX_POINT('',#4774);
#1514=VERTEX_POINT('',#4778);
#1515=VERTEX_POINT('',#4779);
#1516=VERTEX_POINT('',#4784);
#1517=VERTEX_POINT('',#4788);
#1518=VERTEX_POINT('',#4790);
#1519=VERTEX_POINT('',#4794);
#1520=VERTEX_POINT('',#4798);
#1521=VERTEX_POINT('',#4802);
#1522=VERTEX_POINT('',#4806);
#1523=VERTEX_POINT('',#4810);
#1524=VERTEX_POINT('',#4814);
#1525=VERTEX_POINT('',#4818);
#1526=VERTEX_POINT('',#4822);
#1527=VERTEX_POINT('',#4826);
#1528=VERTEX_POINT('',#4832);
#1529=VERTEX_POINT('',#4836);
#1530=VERTEX_POINT('',#4842);
#1531=VERTEX_POINT('',#4844);
#1532=VERTEX_POINT('',#4848);
#1533=VERTEX_POINT('',#4852);
#1534=VERTEX_POINT('',#4856);
#1535=VERTEX_POINT('',#4860);
#1536=VERTEX_POINT('',#4864);
#1537=VERTEX_POINT('',#4868);
#1538=VERTEX_POINT('',#4872);
#1539=VERTEX_POINT('',#4876);
#1540=VERTEX_POINT('',#4877);
#1541=VERTEX_POINT('',#4882);
#1542=VERTEX_POINT('',#4886);
#1543=VERTEX_POINT('',#4890);
#1544=VERTEX_POINT('',#4894);
#1545=VERTEX_POINT('',#4898);
#1546=VERTEX_POINT('',#4902);
#1547=VERTEX_POINT('',#4906);
#1548=VERTEX_POINT('',#4910);
#1549=VERTEX_POINT('',#4914);
#1550=VERTEX_POINT('',#4918);
#1551=VERTEX_POINT('',#4922);
#1552=VERTEX_POINT('',#4926);
#1553=VERTEX_POINT('',#4930);
#1554=VERTEX_POINT('',#4934);
#1555=VERTEX_POINT('',#4940);
#1556=VERTEX_POINT('',#4942);
#1557=VERTEX_POINT('',#4946);
#1558=VERTEX_POINT('',#4950);
#1559=VERTEX_POINT('',#4954);
#1560=VERTEX_POINT('',#4958);
#1561=VERTEX_POINT('',#4962);
#1562=VERTEX_POINT('',#4966);
#1563=VERTEX_POINT('',#4970);
#1564=VERTEX_POINT('',#4974);
#1565=VERTEX_POINT('',#4975);
#1566=VERTEX_POINT('',#4980);
#1567=VERTEX_POINT('',#4984);
#1568=VERTEX_POINT('',#4988);
#1569=VERTEX_POINT('',#4989);
#1570=VERTEX_POINT('',#4994);
#1571=VERTEX_POINT('',#4998);
#1572=VERTEX_POINT('',#5002);
#1573=VERTEX_POINT('',#5006);
#1574=VERTEX_POINT('',#5010);
#1575=VERTEX_POINT('',#5014);
#1576=VERTEX_POINT('',#5020);
#1577=VERTEX_POINT('',#5024);
#1578=VERTEX_POINT('',#5028);
#1579=VERTEX_POINT('',#5032);
#1580=VERTEX_POINT('',#5038);
#1581=VERTEX_POINT('',#5040);
#1582=VERTEX_POINT('',#5044);
#1583=VERTEX_POINT('',#5048);
#1584=VERTEX_POINT('',#5052);
#1585=VERTEX_POINT('',#5056);
#1586=VERTEX_POINT('',#5060);
#1587=VERTEX_POINT('',#5064);
#1588=VERTEX_POINT('',#5068);
#1589=VERTEX_POINT('',#5072);
#1590=VERTEX_POINT('',#5073);
#1591=VERTEX_POINT('',#5078);
#1592=VERTEX_POINT('',#5080);
#1593=VERTEX_POINT('',#5084);
#1594=VERTEX_POINT('',#5086);
#1595=VERTEX_POINT('',#5090);
#1596=VERTEX_POINT('',#5092);
#1597=VERTEX_POINT('',#5096);
#1598=VERTEX_POINT('',#5098);
#1599=VERTEX_POINT('',#5102);
#1600=VERTEX_POINT('',#5104);
#1601=VERTEX_POINT('',#5108);
#1602=VERTEX_POINT('',#5110);
#1603=VERTEX_POINT('',#5114);
#1604=VERTEX_POINT('',#5116);
#1605=VERTEX_POINT('',#5120);
#1606=VERTEX_POINT('',#5125);
#1607=VERTEX_POINT('',#5129);
#1608=VERTEX_POINT('',#5133);
#1609=VERTEX_POINT('',#5137);
#1610=VERTEX_POINT('',#5141);
#1611=VERTEX_POINT('',#5145);
#1612=VERTEX_POINT('',#5152);
#1613=VERTEX_POINT('',#5153);
#1614=VERTEX_POINT('',#5158);
#1615=VERTEX_POINT('',#5160);
#1616=VERTEX_POINT('',#5164);
#1617=VERTEX_POINT('',#5166);
#1618=VERTEX_POINT('',#5170);
#1619=VERTEX_POINT('',#5172);
#1620=VERTEX_POINT('',#5176);
#1621=VERTEX_POINT('',#5178);
#1622=VERTEX_POINT('',#5182);
#1623=VERTEX_POINT('',#5184);
#1624=VERTEX_POINT('',#5188);
#1625=VERTEX_POINT('',#5190);
#1626=VERTEX_POINT('',#5194);
#1627=VERTEX_POINT('',#5196);
#1628=VERTEX_POINT('',#5200);
#1629=VERTEX_POINT('',#5205);
#1630=VERTEX_POINT('',#5209);
#1631=VERTEX_POINT('',#5213);
#1632=VERTEX_POINT('',#5217);
#1633=VERTEX_POINT('',#5221);
#1634=VERTEX_POINT('',#5225);
#1635=VERTEX_POINT('',#5232);
#1636=VERTEX_POINT('',#5233);
#1637=VERTEX_POINT('',#5238);
#1638=VERTEX_POINT('',#5240);
#1639=VERTEX_POINT('',#5244);
#1640=VERTEX_POINT('',#5246);
#1641=VERTEX_POINT('',#5250);
#1642=VERTEX_POINT('',#5252);
#1643=VERTEX_POINT('',#5256);
#1644=VERTEX_POINT('',#5258);
#1645=VERTEX_POINT('',#5262);
#1646=VERTEX_POINT('',#5264);
#1647=VERTEX_POINT('',#5268);
#1648=VERTEX_POINT('',#5270);
#1649=VERTEX_POINT('',#5274);
#1650=VERTEX_POINT('',#5276);
#1651=VERTEX_POINT('',#5280);
#1652=VERTEX_POINT('',#5285);
#1653=VERTEX_POINT('',#5289);
#1654=VERTEX_POINT('',#5293);
#1655=VERTEX_POINT('',#5297);
#1656=VERTEX_POINT('',#5301);
#1657=VERTEX_POINT('',#5305);
#1658=VERTEX_POINT('',#5312);
#1659=VERTEX_POINT('',#5313);
#1660=VERTEX_POINT('',#5318);
#1661=VERTEX_POINT('',#5320);
#1662=VERTEX_POINT('',#5324);
#1663=VERTEX_POINT('',#5326);
#1664=VERTEX_POINT('',#5330);
#1665=VERTEX_POINT('',#5332);
#1666=VERTEX_POINT('',#5336);
#1667=VERTEX_POINT('',#5338);
#1668=VERTEX_POINT('',#5342);
#1669=VERTEX_POINT('',#5344);
#1670=VERTEX_POINT('',#5348);
#1671=VERTEX_POINT('',#5350);
#1672=VERTEX_POINT('',#5354);
#1673=VERTEX_POINT('',#5356);
#1674=VERTEX_POINT('',#5360);
#1675=VERTEX_POINT('',#5365);
#1676=VERTEX_POINT('',#5369);
#1677=VERTEX_POINT('',#5373);
#1678=VERTEX_POINT('',#5377);
#1679=VERTEX_POINT('',#5381);
#1680=VERTEX_POINT('',#5385);
#1681=VERTEX_POINT('',#5452);
#1682=VERTEX_POINT('',#5453);
#1683=VERTEX_POINT('',#5458);
#1684=VERTEX_POINT('',#5462);
#1685=EDGE_CURVE('',#1421,#1422,#629,.T.);
#1686=EDGE_CURVE('',#1422,#1423,#565,.T.);
#1687=EDGE_CURVE('',#1423,#1424,#630,.T.);
#1688=EDGE_CURVE('',#1421,#1424,#566,.T.);
#1689=EDGE_CURVE('',#1422,#1425,#631,.T.);
#1690=EDGE_CURVE('',#1425,#1426,#567,.T.);
#1691=EDGE_CURVE('',#1426,#1423,#632,.T.);
#1692=EDGE_CURVE('',#1425,#1427,#633,.T.);
#1693=EDGE_CURVE('',#1427,#1428,#568,.T.);
#1694=EDGE_CURVE('',#1428,#1426,#634,.T.);
#1695=EDGE_CURVE('',#1427,#1429,#635,.T.);
#1696=EDGE_CURVE('',#1429,#1430,#569,.T.);
#1697=EDGE_CURVE('',#1430,#1428,#636,.T.);
#1698=EDGE_CURVE('',#1429,#1431,#637,.T.);
#1699=EDGE_CURVE('',#1431,#1432,#570,.T.);
#1700=EDGE_CURVE('',#1432,#1430,#638,.T.);
#1701=EDGE_CURVE('',#1433,#1434,#639,.T.);
#1702=EDGE_CURVE('',#1434,#1435,#571,.T.);
#1703=EDGE_CURVE('',#1435,#1436,#640,.T.);
#1704=EDGE_CURVE('',#1436,#1433,#572,.T.);
#1705=EDGE_CURVE('',#1431,#1437,#641,.T.);
#1706=EDGE_CURVE('',#1437,#1438,#573,.T.);
#1707=EDGE_CURVE('',#1438,#1432,#642,.T.);
#1708=EDGE_CURVE('',#1437,#1439,#643,.T.);
#1709=EDGE_CURVE('',#1439,#1440,#574,.T.);
#1710=EDGE_CURVE('',#1440,#1438,#644,.T.);
#1711=EDGE_CURVE('',#1441,#1440,#645,.T.);
#1712=EDGE_CURVE('',#1439,#1442,#646,.T.);
#1713=EDGE_CURVE('',#1442,#1441,#575,.T.);
#1714=EDGE_CURVE('',#1434,#1441,#647,.T.);
#1715=EDGE_CURVE('',#1442,#1435,#648,.T.);
#1716=EDGE_CURVE('',#1443,#1433,#649,.T.);
#1717=EDGE_CURVE('',#1436,#1444,#650,.T.);
#1718=EDGE_CURVE('',#1444,#1443,#576,.T.);
#1719=EDGE_CURVE('',#1445,#1443,#651,.T.);
#1720=EDGE_CURVE('',#1444,#1446,#652,.T.);
#1721=EDGE_CURVE('',#1446,#1445,#577,.T.);
#1722=EDGE_CURVE('',#1447,#1445,#653,.T.);
#1723=EDGE_CURVE('',#1446,#1448,#654,.T.);
#1724=EDGE_CURVE('',#1448,#1447,#578,.T.);
#1725=EDGE_CURVE('',#1449,#1447,#655,.T.);
#1726=EDGE_CURVE('',#1448,#1450,#656,.T.);
#1727=EDGE_CURVE('',#1450,#1449,#579,.T.);
#1728=EDGE_CURVE('',#1451,#1449,#657,.T.);
#1729=EDGE_CURVE('',#1450,#1452,#658,.T.);
#1730=EDGE_CURVE('',#1452,#1451,#580,.T.);
#1731=EDGE_CURVE('',#1424,#1451,#659,.T.);
#1732=EDGE_CURVE('',#1452,#1421,#660,.T.);
#1733=EDGE_CURVE('',#1421,#1453,#661,.T.);
#1734=EDGE_CURVE('',#1454,#1453,#662,.T.);
#1735=EDGE_CURVE('',#1422,#1454,#663,.T.);
#1736=EDGE_CURVE('',#1452,#1455,#664,.T.);
#1737=EDGE_CURVE('',#1453,#1455,#665,.T.);
#1738=EDGE_CURVE('',#1450,#1456,#666,.T.);
#1739=EDGE_CURVE('',#1455,#1456,#667,.T.);
#1740=EDGE_CURVE('',#1448,#1457,#668,.T.);
#1741=EDGE_CURVE('',#1456,#1457,#669,.T.);
#1742=EDGE_CURVE('',#1446,#1458,#670,.T.);
#1743=EDGE_CURVE('',#1457,#1458,#671,.T.);
#1744=EDGE_CURVE('',#1444,#1459,#672,.T.);
#1745=EDGE_CURVE('',#1458,#1459,#673,.T.);
#1746=EDGE_CURVE('',#1436,#1460,#674,.T.);
#1747=EDGE_CURVE('',#1459,#1460,#675,.T.);
#1748=EDGE_CURVE('',#1435,#1461,#676,.T.);
#1749=EDGE_CURVE('',#1460,#1461,#677,.T.);
#1750=EDGE_CURVE('',#1462,#1463,#678,.T.);
#1751=EDGE_CURVE('',#1463,#1464,#679,.T.);
#1752=EDGE_CURVE('',#1464,#1465,#680,.T.);
#1753=EDGE_CURVE('',#1465,#1462,#681,.T.);
#1754=EDGE_CURVE('',#1466,#1467,#682,.T.);
#1755=EDGE_CURVE('',#1468,#1466,#683,.T.);
#1756=EDGE_CURVE('',#1469,#1468,#684,.T.);
#1757=EDGE_CURVE('',#1470,#1469,#685,.T.);
#1758=EDGE_CURVE('',#1471,#1470,#686,.T.);
#1759=EDGE_CURVE('',#1472,#1471,#687,.T.);
#1760=EDGE_CURVE('',#1473,#1472,#688,.T.);
#1761=EDGE_CURVE('',#1474,#1473,#689,.T.);
#1762=EDGE_CURVE('',#1475,#1474,#690,.T.);
#1763=EDGE_CURVE('',#1476,#1475,#691,.T.);
#1764=EDGE_CURVE('',#1477,#1476,#692,.T.);
#1765=EDGE_CURVE('',#1478,#1477,#693,.T.);
#1766=EDGE_CURVE('',#1479,#1478,#694,.T.);
#1767=EDGE_CURVE('',#1480,#1479,#695,.T.);
#1768=EDGE_CURVE('',#1481,#1480,#696,.T.);
#1769=EDGE_CURVE('',#1467,#1481,#697,.T.);
#1770=EDGE_CURVE('',#1482,#1483,#698,.T.);
#1771=EDGE_CURVE('',#1484,#1482,#699,.T.);
#1772=EDGE_CURVE('',#1485,#1484,#700,.T.);
#1773=EDGE_CURVE('',#1486,#1485,#701,.T.);
#1774=EDGE_CURVE('',#1487,#1486,#702,.T.);
#1775=EDGE_CURVE('',#1488,#1487,#703,.T.);
#1776=EDGE_CURVE('',#1489,#1488,#704,.T.);
#1777=EDGE_CURVE('',#1490,#1489,#705,.T.);
#1778=EDGE_CURVE('',#1491,#1490,#706,.T.);
#1779=EDGE_CURVE('',#1492,#1491,#707,.T.);
#1780=EDGE_CURVE('',#1493,#1492,#708,.T.);
#1781=EDGE_CURVE('',#1494,#1493,#709,.T.);
#1782=EDGE_CURVE('',#1495,#1494,#710,.T.);
#1783=EDGE_CURVE('',#1496,#1495,#711,.T.);
#1784=EDGE_CURVE('',#1497,#1496,#712,.T.);
#1785=EDGE_CURVE('',#1483,#1497,#713,.T.);
#1786=EDGE_CURVE('',#1498,#1499,#714,.T.);
#1787=EDGE_CURVE('',#1500,#1498,#715,.T.);
#1788=EDGE_CURVE('',#1501,#1500,#716,.T.);
#1789=EDGE_CURVE('',#1502,#1501,#717,.T.);
#1790=EDGE_CURVE('',#1503,#1502,#718,.T.);
#1791=EDGE_CURVE('',#1504,#1503,#719,.T.);
#1792=EDGE_CURVE('',#1505,#1504,#720,.T.);
#1793=EDGE_CURVE('',#1506,#1505,#721,.T.);
#1794=EDGE_CURVE('',#1507,#1506,#722,.T.);
#1795=EDGE_CURVE('',#1508,#1507,#723,.T.);
#1796=EDGE_CURVE('',#1509,#1508,#724,.T.);
#1797=EDGE_CURVE('',#1510,#1509,#725,.T.);
#1798=EDGE_CURVE('',#1511,#1510,#726,.T.);
#1799=EDGE_CURVE('',#1512,#1511,#727,.T.);
#1800=EDGE_CURVE('',#1513,#1512,#728,.T.);
#1801=EDGE_CURVE('',#1499,#1513,#729,.T.);
#1802=EDGE_CURVE('',#1514,#1515,#730,.T.);
#1803=EDGE_CURVE('',#1515,#1471,#581,.T.);
#1804=EDGE_CURVE('',#1514,#1470,#582,.T.);
#1805=EDGE_CURVE('',#1515,#1516,#731,.T.);
#1806=EDGE_CURVE('',#1516,#1472,#583,.T.);
#1807=EDGE_CURVE('',#1467,#1517,#584,.T.);
#1808=EDGE_CURVE('',#1517,#1518,#732,.T.);
#1809=EDGE_CURVE('',#1518,#1466,#585,.T.);
#1810=EDGE_CURVE('',#1516,#1519,#733,.T.);
#1811=EDGE_CURVE('',#1519,#1473,#586,.T.);
#1812=EDGE_CURVE('',#1519,#1520,#734,.T.);
#1813=EDGE_CURVE('',#1520,#1474,#587,.T.);
#1814=EDGE_CURVE('',#1520,#1521,#735,.T.);
#1815=EDGE_CURVE('',#1521,#1475,#588,.T.);
#1816=EDGE_CURVE('',#1521,#1522,#736,.T.);
#1817=EDGE_CURVE('',#1522,#1476,#589,.T.);
#1818=EDGE_CURVE('',#1522,#1523,#737,.T.);
#1819=EDGE_CURVE('',#1523,#1477,#590,.T.);
#1820=EDGE_CURVE('',#1523,#1524,#738,.T.);
#1821=EDGE_CURVE('',#1524,#1478,#591,.T.);
#1822=EDGE_CURVE('',#1524,#1525,#739,.T.);
#1823=EDGE_CURVE('',#1525,#1479,#592,.T.);
#1824=EDGE_CURVE('',#1525,#1526,#740,.T.);
#1825=EDGE_CURVE('',#1526,#1480,#593,.T.);
#1826=EDGE_CURVE('',#1526,#1527,#741,.T.);
#1827=EDGE_CURVE('',#1527,#1481,#594,.T.);
#1828=EDGE_CURVE('',#1527,#1517,#742,.T.);
#1829=EDGE_CURVE('',#1518,#1528,#743,.T.);
#1830=EDGE_CURVE('',#1528,#1468,#595,.T.);
#1831=EDGE_CURVE('',#1528,#1529,#744,.T.);
#1832=EDGE_CURVE('',#1529,#1469,#596,.T.);
#1833=EDGE_CURVE('',#1529,#1514,#745,.T.);
#1834=EDGE_CURVE('',#1519,#1530,#746,.T.);
#1835=EDGE_CURVE('',#1531,#1530,#747,.T.);
#1836=EDGE_CURVE('',#1520,#1531,#748,.T.);
#1837=EDGE_CURVE('',#1516,#1532,#749,.T.);
#1838=EDGE_CURVE('',#1530,#1532,#750,.T.);
#1839=EDGE_CURVE('',#1515,#1533,#751,.T.);
#1840=EDGE_CURVE('',#1532,#1533,#752,.T.);
#1841=EDGE_CURVE('',#1514,#1534,#753,.T.);
#1842=EDGE_CURVE('',#1533,#1534,#754,.T.);
#1843=EDGE_CURVE('',#1529,#1535,#755,.T.);
#1844=EDGE_CURVE('',#1534,#1535,#756,.T.);
#1845=EDGE_CURVE('',#1528,#1536,#757,.T.);
#1846=EDGE_CURVE('',#1535,#1536,#758,.T.);
#1847=EDGE_CURVE('',#1518,#1537,#759,.T.);
#1848=EDGE_CURVE('',#1536,#1537,#760,.T.);
#1849=EDGE_CURVE('',#1517,#1538,#761,.T.);
#1850=EDGE_CURVE('',#1537,#1538,#762,.T.);
#1851=EDGE_CURVE('',#1539,#1540,#763,.T.);
#1852=EDGE_CURVE('',#1540,#1498,#597,.T.);
#1853=EDGE_CURVE('',#1499,#1539,#598,.T.);
#1854=EDGE_CURVE('',#1540,#1541,#764,.T.);
#1855=EDGE_CURVE('',#1541,#1500,#599,.T.);
#1856=EDGE_CURVE('',#1541,#1542,#765,.T.);
#1857=EDGE_CURVE('',#1542,#1501,#600,.T.);
#1858=EDGE_CURVE('',#1542,#1543,#766,.T.);
#1859=EDGE_CURVE('',#1543,#1502,#601,.T.);
#1860=EDGE_CURVE('',#1543,#1544,#767,.T.);
#1861=EDGE_CURVE('',#1544,#1503,#602,.T.);
#1862=EDGE_CURVE('',#1544,#1545,#768,.T.);
#1863=EDGE_CURVE('',#1545,#1504,#603,.T.);
#1864=EDGE_CURVE('',#1545,#1546,#769,.T.);
#1865=EDGE_CURVE('',#1546,#1505,#604,.T.);
#1866=EDGE_CURVE('',#1546,#1547,#770,.T.);
#1867=EDGE_CURVE('',#1547,#1506,#605,.T.);
#1868=EDGE_CURVE('',#1547,#1548,#771,.T.);
#1869=EDGE_CURVE('',#1548,#1507,#606,.T.);
#1870=EDGE_CURVE('',#1548,#1549,#772,.T.);
#1871=EDGE_CURVE('',#1549,#1508,#607,.T.);
#1872=EDGE_CURVE('',#1549,#1550,#773,.T.);
#1873=EDGE_CURVE('',#1550,#1509,#608,.T.);
#1874=EDGE_CURVE('',#1550,#1551,#774,.T.);
#1875=EDGE_CURVE('',#1551,#1510,#609,.T.);
#1876=EDGE_CURVE('',#1551,#1552,#775,.T.);
#1877=EDGE_CURVE('',#1552,#1511,#610,.T.);
#1878=EDGE_CURVE('',#1552,#1553,#776,.T.);
#1879=EDGE_CURVE('',#1553,#1512,#611,.T.);
#1880=EDGE_CURVE('',#1553,#1554,#777,.T.);
#1881=EDGE_CURVE('',#1554,#1513,#612,.T.);
#1882=EDGE_CURVE('',#1554,#1539,#778,.T.);
#1883=EDGE_CURVE('',#1546,#1555,#779,.T.);
#1884=EDGE_CURVE('',#1556,#1555,#780,.T.);
#1885=EDGE_CURVE('',#1547,#1556,#781,.T.);
#1886=EDGE_CURVE('',#1545,#1557,#782,.T.);
#1887=EDGE_CURVE('',#1555,#1557,#783,.T.);
#1888=EDGE_CURVE('',#1544,#1558,#784,.T.);
#1889=EDGE_CURVE('',#1557,#1558,#785,.T.);
#1890=EDGE_CURVE('',#1543,#1559,#786,.T.);
#1891=EDGE_CURVE('',#1558,#1559,#787,.T.);
#1892=EDGE_CURVE('',#1542,#1560,#788,.T.);
#1893=EDGE_CURVE('',#1559,#1560,#789,.T.);
#1894=EDGE_CURVE('',#1541,#1561,#790,.T.);
#1895=EDGE_CURVE('',#1560,#1561,#791,.T.);
#1896=EDGE_CURVE('',#1540,#1562,#792,.T.);
#1897=EDGE_CURVE('',#1561,#1562,#793,.T.);
#1898=EDGE_CURVE('',#1539,#1563,#794,.T.);
#1899=EDGE_CURVE('',#1562,#1563,#795,.T.);
#1900=EDGE_CURVE('',#1564,#1565,#796,.T.);
#1901=EDGE_CURVE('',#1565,#1495,#613,.T.);
#1902=EDGE_CURVE('',#1564,#1494,#614,.T.);
#1903=EDGE_CURVE('',#1565,#1566,#797,.T.);
#1904=EDGE_CURVE('',#1566,#1496,#615,.T.);
#1905=EDGE_CURVE('',#1566,#1567,#798,.T.);
#1906=EDGE_CURVE('',#1567,#1497,#616,.T.);
#1907=EDGE_CURVE('',#1568,#1569,#799,.T.);
#1908=EDGE_CURVE('',#1569,#1482,#617,.T.);
#1909=EDGE_CURVE('',#1483,#1568,#618,.T.);
#1910=EDGE_CURVE('',#1569,#1570,#800,.T.);
#1911=EDGE_CURVE('',#1570,#1484,#619,.T.);
#1912=EDGE_CURVE('',#1570,#1571,#801,.T.);
#1913=EDGE_CURVE('',#1571,#1485,#620,.T.);
#1914=EDGE_CURVE('',#1571,#1572,#802,.T.);
#1915=EDGE_CURVE('',#1572,#1486,#621,.T.);
#1916=EDGE_CURVE('',#1572,#1573,#803,.T.);
#1917=EDGE_CURVE('',#1573,#1487,#622,.T.);
#1918=EDGE_CURVE('',#1573,#1574,#804,.T.);
#1919=EDGE_CURVE('',#1574,#1488,#623,.T.);
#1920=EDGE_CURVE('',#1574,#1575,#805,.T.);
#1921=EDGE_CURVE('',#1575,#1489,#624,.T.);
#1922=EDGE_CURVE('',#1567,#1568,#806,.T.);
#1923=EDGE_CURVE('',#1575,#1576,#807,.T.);
#1924=EDGE_CURVE('',#1576,#1490,#625,.T.);
#1925=EDGE_CURVE('',#1576,#1577,#808,.T.);
#1926=EDGE_CURVE('',#1577,#1491,#626,.T.);
#1927=EDGE_CURVE('',#1577,#1578,#809,.T.);
#1928=EDGE_CURVE('',#1578,#1492,#627,.T.);
#1929=EDGE_CURVE('',#1578,#1579,#810,.T.);
#1930=EDGE_CURVE('',#1579,#1493,#628,.T.);
#1931=EDGE_CURVE('',#1579,#1564,#811,.T.);
#1932=EDGE_CURVE('',#1575,#1580,#812,.T.);
#1933=EDGE_CURVE('',#1581,#1580,#813,.T.);
#1934=EDGE_CURVE('',#1576,#1581,#814,.T.);
#1935=EDGE_CURVE('',#1574,#1582,#815,.T.);
#1936=EDGE_CURVE('',#1580,#1582,#816,.T.);
#1937=EDGE_CURVE('',#1573,#1583,#817,.T.);
#1938=EDGE_CURVE('',#1582,#1583,#818,.T.);
#1939=EDGE_CURVE('',#1572,#1584,#819,.T.);
#1940=EDGE_CURVE('',#1583,#1584,#820,.T.);
#1941=EDGE_CURVE('',#1571,#1585,#821,.T.);
#1942=EDGE_CURVE('',#1584,#1585,#822,.T.);
#1943=EDGE_CURVE('',#1570,#1586,#823,.T.);
#1944=EDGE_CURVE('',#1585,#1586,#824,.T.);
#1945=EDGE_CURVE('',#1569,#1587,#825,.T.);
#1946=EDGE_CURVE('',#1586,#1587,#826,.T.);
#1947=EDGE_CURVE('',#1568,#1588,#827,.T.);
#1948=EDGE_CURVE('',#1587,#1588,#828,.T.);
#1949=EDGE_CURVE('',#1589,#1590,#829,.T.);
#1950=EDGE_CURVE('',#1590,#1581,#830,.T.);
#1951=EDGE_CURVE('',#1589,#1580,#831,.T.);
#1952=EDGE_CURVE('',#1590,#1591,#832,.T.);
#1953=EDGE_CURVE('',#1591,#1592,#833,.T.);
#1954=EDGE_CURVE('',#1592,#1581,#834,.T.);
#1955=EDGE_CURVE('',#1591,#1593,#835,.T.);
#1956=EDGE_CURVE('',#1593,#1594,#836,.T.);
#1957=EDGE_CURVE('',#1594,#1592,#837,.T.);
#1958=EDGE_CURVE('',#1593,#1595,#838,.T.);
#1959=EDGE_CURVE('',#1595,#1596,#839,.T.);
#1960=EDGE_CURVE('',#1596,#1594,#840,.T.);
#1961=EDGE_CURVE('',#1595,#1597,#841,.T.);
#1962=EDGE_CURVE('',#1597,#1598,#842,.T.);
#1963=EDGE_CURVE('',#1598,#1596,#843,.T.);
#1964=EDGE_CURVE('',#1597,#1599,#844,.T.);
#1965=EDGE_CURVE('',#1599,#1600,#845,.T.);
#1966=EDGE_CURVE('',#1600,#1598,#846,.T.);
#1967=EDGE_CURVE('',#1599,#1601,#847,.T.);
#1968=EDGE_CURVE('',#1601,#1602,#848,.T.);
#1969=EDGE_CURVE('',#1602,#1600,#849,.T.);
#1970=EDGE_CURVE('',#1601,#1603,#850,.T.);
#1971=EDGE_CURVE('',#1603,#1604,#851,.T.);
#1972=EDGE_CURVE('',#1604,#1602,#852,.T.);
#1973=EDGE_CURVE('',#1603,#1605,#853,.T.);
#1974=EDGE_CURVE('',#1605,#1588,#854,.T.);
#1975=EDGE_CURVE('',#1588,#1604,#855,.T.);
#1976=EDGE_CURVE('',#1605,#1606,#856,.T.);
#1977=EDGE_CURVE('',#1606,#1587,#857,.T.);
#1978=EDGE_CURVE('',#1606,#1607,#858,.T.);
#1979=EDGE_CURVE('',#1607,#1586,#859,.T.);
#1980=EDGE_CURVE('',#1607,#1608,#860,.T.);
#1981=EDGE_CURVE('',#1608,#1585,#861,.T.);
#1982=EDGE_CURVE('',#1608,#1609,#862,.T.);
#1983=EDGE_CURVE('',#1609,#1584,#863,.T.);
#1984=EDGE_CURVE('',#1609,#1610,#864,.T.);
#1985=EDGE_CURVE('',#1610,#1583,#865,.T.);
#1986=EDGE_CURVE('',#1610,#1611,#866,.T.);
#1987=EDGE_CURVE('',#1611,#1582,#867,.T.);
#1988=EDGE_CURVE('',#1611,#1589,#868,.T.);
#1989=EDGE_CURVE('',#1612,#1613,#869,.T.);
#1990=EDGE_CURVE('',#1613,#1556,#870,.T.);
#1991=EDGE_CURVE('',#1612,#1555,#871,.T.);
#1992=EDGE_CURVE('',#1613,#1614,#872,.T.);
#1993=EDGE_CURVE('',#1614,#1615,#873,.T.);
#1994=EDGE_CURVE('',#1615,#1556,#874,.T.);
#1995=EDGE_CURVE('',#1614,#1616,#875,.T.);
#1996=EDGE_CURVE('',#1616,#1617,#876,.T.);
#1997=EDGE_CURVE('',#1617,#1615,#877,.T.);
#1998=EDGE_CURVE('',#1616,#1618,#878,.T.);
#1999=EDGE_CURVE('',#1618,#1619,#879,.T.);
#2000=EDGE_CURVE('',#1619,#1617,#880,.T.);
#2001=EDGE_CURVE('',#1618,#1620,#881,.T.);
#2002=EDGE_CURVE('',#1620,#1621,#882,.T.);
#2003=EDGE_CURVE('',#1621,#1619,#883,.T.);
#2004=EDGE_CURVE('',#1620,#1622,#884,.T.);
#2005=EDGE_CURVE('',#1622,#1623,#885,.T.);
#2006=EDGE_CURVE('',#1623,#1621,#886,.T.);
#2007=EDGE_CURVE('',#1622,#1624,#887,.T.);
#2008=EDGE_CURVE('',#1624,#1625,#888,.T.);
#2009=EDGE_CURVE('',#1625,#1623,#889,.T.);
#2010=EDGE_CURVE('',#1624,#1626,#890,.T.);
#2011=EDGE_CURVE('',#1626,#1627,#891,.T.);
#2012=EDGE_CURVE('',#1627,#1625,#892,.T.);
#2013=EDGE_CURVE('',#1626,#1628,#893,.T.);
#2014=EDGE_CURVE('',#1628,#1563,#894,.T.);
#2015=EDGE_CURVE('',#1563,#1627,#895,.T.);
#2016=EDGE_CURVE('',#1628,#1629,#896,.T.);
#2017=EDGE_CURVE('',#1629,#1562,#897,.T.);
#2018=EDGE_CURVE('',#1629,#1630,#898,.T.);
#2019=EDGE_CURVE('',#1630,#1561,#899,.T.);
#2020=EDGE_CURVE('',#1630,#1631,#900,.T.);
#2021=EDGE_CURVE('',#1631,#1560,#901,.T.);
#2022=EDGE_CURVE('',#1631,#1632,#902,.T.);
#2023=EDGE_CURVE('',#1632,#1559,#903,.T.);
#2024=EDGE_CURVE('',#1632,#1633,#904,.T.);
#2025=EDGE_CURVE('',#1633,#1558,#905,.T.);
#2026=EDGE_CURVE('',#1633,#1634,#906,.T.);
#2027=EDGE_CURVE('',#1634,#1557,#907,.T.);
#2028=EDGE_CURVE('',#1634,#1612,#908,.T.);
#2029=EDGE_CURVE('',#1635,#1636,#909,.T.);
#2030=EDGE_CURVE('',#1636,#1531,#910,.T.);
#2031=EDGE_CURVE('',#1635,#1530,#911,.T.);
#2032=EDGE_CURVE('',#1636,#1637,#912,.T.);
#2033=EDGE_CURVE('',#1637,#1638,#913,.T.);
#2034=EDGE_CURVE('',#1638,#1531,#914,.T.);
#2035=EDGE_CURVE('',#1637,#1639,#915,.T.);
#2036=EDGE_CURVE('',#1639,#1640,#916,.T.);
#2037=EDGE_CURVE('',#1640,#1638,#917,.T.);
#2038=EDGE_CURVE('',#1639,#1641,#918,.T.);
#2039=EDGE_CURVE('',#1641,#1642,#919,.T.);
#2040=EDGE_CURVE('',#1642,#1640,#920,.T.);
#2041=EDGE_CURVE('',#1641,#1643,#921,.T.);
#2042=EDGE_CURVE('',#1643,#1644,#922,.T.);
#2043=EDGE_CURVE('',#1644,#1642,#923,.T.);
#2044=EDGE_CURVE('',#1643,#1645,#924,.T.);
#2045=EDGE_CURVE('',#1645,#1646,#925,.T.);
#2046=EDGE_CURVE('',#1646,#1644,#926,.T.);
#2047=EDGE_CURVE('',#1645,#1647,#927,.T.);
#2048=EDGE_CURVE('',#1647,#1648,#928,.T.);
#2049=EDGE_CURVE('',#1648,#1646,#929,.T.);
#2050=EDGE_CURVE('',#1647,#1649,#930,.T.);
#2051=EDGE_CURVE('',#1649,#1650,#931,.T.);
#2052=EDGE_CURVE('',#1650,#1648,#932,.T.);
#2053=EDGE_CURVE('',#1649,#1651,#933,.T.);
#2054=EDGE_CURVE('',#1651,#1538,#934,.T.);
#2055=EDGE_CURVE('',#1538,#1650,#935,.T.);
#2056=EDGE_CURVE('',#1651,#1652,#936,.T.);
#2057=EDGE_CURVE('',#1652,#1537,#937,.T.);
#2058=EDGE_CURVE('',#1652,#1653,#938,.T.);
#2059=EDGE_CURVE('',#1653,#1536,#939,.T.);
#2060=EDGE_CURVE('',#1653,#1654,#940,.T.);
#2061=EDGE_CURVE('',#1654,#1535,#941,.T.);
#2062=EDGE_CURVE('',#1654,#1655,#942,.T.);
#2063=EDGE_CURVE('',#1655,#1534,#943,.T.);
#2064=EDGE_CURVE('',#1655,#1656,#944,.T.);
#2065=EDGE_CURVE('',#1656,#1533,#945,.T.);
#2066=EDGE_CURVE('',#1656,#1657,#946,.T.);
#2067=EDGE_CURVE('',#1657,#1532,#947,.T.);
#2068=EDGE_CURVE('',#1657,#1635,#948,.T.);
#2069=EDGE_CURVE('',#1658,#1659,#949,.T.);
#2070=EDGE_CURVE('',#1659,#1454,#950,.T.);
#2071=EDGE_CURVE('',#1658,#1453,#951,.T.);
#2072=EDGE_CURVE('',#1659,#1660,#952,.T.);
#2073=EDGE_CURVE('',#1660,#1661,#953,.T.);
#2074=EDGE_CURVE('',#1661,#1454,#954,.T.);
#2075=EDGE_CURVE('',#1660,#1662,#955,.T.);
#2076=EDGE_CURVE('',#1662,#1663,#956,.T.);
#2077=EDGE_CURVE('',#1663,#1661,#957,.T.);
#2078=EDGE_CURVE('',#1662,#1664,#958,.T.);
#2079=EDGE_CURVE('',#1664,#1665,#959,.T.);
#2080=EDGE_CURVE('',#1665,#1663,#960,.T.);
#2081=EDGE_CURVE('',#1664,#1666,#961,.T.);
#2082=EDGE_CURVE('',#1666,#1667,#962,.T.);
#2083=EDGE_CURVE('',#1667,#1665,#963,.T.);
#2084=EDGE_CURVE('',#1666,#1668,#964,.T.);
#2085=EDGE_CURVE('',#1668,#1669,#965,.T.);
#2086=EDGE_CURVE('',#1669,#1667,#966,.T.);
#2087=EDGE_CURVE('',#1668,#1670,#967,.T.);
#2088=EDGE_CURVE('',#1670,#1671,#968,.T.);
#2089=EDGE_CURVE('',#1671,#1669,#969,.T.);
#2090=EDGE_CURVE('',#1670,#1672,#970,.T.);
#2091=EDGE_CURVE('',#1672,#1673,#971,.T.);
#2092=EDGE_CURVE('',#1673,#1671,#972,.T.);
#2093=EDGE_CURVE('',#1672,#1674,#973,.T.);
#2094=EDGE_CURVE('',#1674,#1461,#974,.T.);
#2095=EDGE_CURVE('',#1461,#1673,#975,.T.);
#2096=EDGE_CURVE('',#1674,#1675,#976,.T.);
#2097=EDGE_CURVE('',#1675,#1460,#977,.T.);
#2098=EDGE_CURVE('',#1675,#1676,#978,.T.);
#2099=EDGE_CURVE('',#1676,#1459,#979,.T.);
#2100=EDGE_CURVE('',#1676,#1677,#980,.T.);
#2101=EDGE_CURVE('',#1677,#1458,#981,.T.);
#2102=EDGE_CURVE('',#1677,#1678,#982,.T.);
#2103=EDGE_CURVE('',#1678,#1457,#983,.T.);
#2104=EDGE_CURVE('',#1678,#1679,#984,.T.);
#2105=EDGE_CURVE('',#1679,#1456,#985,.T.);
#2106=EDGE_CURVE('',#1679,#1680,#986,.T.);
#2107=EDGE_CURVE('',#1680,#1455,#987,.T.);
#2108=EDGE_CURVE('',#1680,#1658,#988,.T.);
#2109=EDGE_CURVE('',#1425,#1661,#989,.T.);
#2110=EDGE_CURVE('',#1427,#1663,#990,.T.);
#2111=EDGE_CURVE('',#1429,#1665,#991,.T.);
#2112=EDGE_CURVE('',#1431,#1667,#992,.T.);
#2113=EDGE_CURVE('',#1437,#1669,#993,.T.);
#2114=EDGE_CURVE('',#1439,#1671,#994,.T.);
#2115=EDGE_CURVE('',#1442,#1673,#995,.T.);
#2116=EDGE_CURVE('',#1577,#1592,#996,.T.);
#2117=EDGE_CURVE('',#1578,#1594,#997,.T.);
#2118=EDGE_CURVE('',#1579,#1596,#998,.T.);
#2119=EDGE_CURVE('',#1564,#1598,#999,.T.);
#2120=EDGE_CURVE('',#1565,#1600,#1000,.T.);
#2121=EDGE_CURVE('',#1566,#1602,#1001,.T.);
#2122=EDGE_CURVE('',#1567,#1604,#1002,.T.);
#2123=EDGE_CURVE('',#1521,#1638,#1003,.T.);
#2124=EDGE_CURVE('',#1522,#1640,#1004,.T.);
#2125=EDGE_CURVE('',#1523,#1642,#1005,.T.);
#2126=EDGE_CURVE('',#1524,#1644,#1006,.T.);
#2127=EDGE_CURVE('',#1525,#1646,#1007,.T.);
#2128=EDGE_CURVE('',#1526,#1648,#1008,.T.);
#2129=EDGE_CURVE('',#1527,#1650,#1009,.T.);
#2130=EDGE_CURVE('',#1548,#1615,#1010,.T.);
#2131=EDGE_CURVE('',#1549,#1617,#1011,.T.);
#2132=EDGE_CURVE('',#1550,#1619,#1012,.T.);
#2133=EDGE_CURVE('',#1551,#1621,#1013,.T.);
#2134=EDGE_CURVE('',#1552,#1623,#1014,.T.);
#2135=EDGE_CURVE('',#1553,#1625,#1015,.T.);
#2136=EDGE_CURVE('',#1554,#1627,#1016,.T.);
#2137=EDGE_CURVE('',#1681,#1682,#1017,.T.);
#2138=EDGE_CURVE('',#1682,#1462,#1018,.T.);
#2139=EDGE_CURVE('',#1681,#1465,#1019,.T.);
#2140=EDGE_CURVE('',#1683,#1681,#1020,.T.);
#2141=EDGE_CURVE('',#1683,#1464,#1021,.T.);
#2142=EDGE_CURVE('',#1684,#1683,#1022,.T.);
#2143=EDGE_CURVE('',#1684,#1463,#1023,.T.);
#2144=EDGE_CURVE('',#1682,#1684,#1024,.T.);
#2145=ORIENTED_EDGE('',*,*,#1685,.T.);
#2146=ORIENTED_EDGE('',*,*,#1686,.T.);
#2147=ORIENTED_EDGE('',*,*,#1687,.T.);
#2148=ORIENTED_EDGE('',*,*,#1688,.F.);
#2149=ORIENTED_EDGE('',*,*,#1689,.T.);
#2150=ORIENTED_EDGE('',*,*,#1690,.T.);
#2151=ORIENTED_EDGE('',*,*,#1691,.T.);
#2152=ORIENTED_EDGE('',*,*,#1686,.F.);
#2153=ORIENTED_EDGE('',*,*,#1692,.T.);
#2154=ORIENTED_EDGE('',*,*,#1693,.T.);
#2155=ORIENTED_EDGE('',*,*,#1694,.T.);
#2156=ORIENTED_EDGE('',*,*,#1690,.F.);
#2157=ORIENTED_EDGE('',*,*,#1695,.T.);
#2158=ORIENTED_EDGE('',*,*,#1696,.T.);
#2159=ORIENTED_EDGE('',*,*,#1697,.T.);
#2160=ORIENTED_EDGE('',*,*,#1693,.F.);
#2161=ORIENTED_EDGE('',*,*,#1698,.T.);
#2162=ORIENTED_EDGE('',*,*,#1699,.T.);
#2163=ORIENTED_EDGE('',*,*,#1700,.T.);
#2164=ORIENTED_EDGE('',*,*,#1696,.F.);
#2165=ORIENTED_EDGE('',*,*,#1701,.T.);
#2166=ORIENTED_EDGE('',*,*,#1702,.T.);
#2167=ORIENTED_EDGE('',*,*,#1703,.T.);
#2168=ORIENTED_EDGE('',*,*,#1704,.T.);
#2169=ORIENTED_EDGE('',*,*,#1705,.T.);
#2170=ORIENTED_EDGE('',*,*,#1706,.T.);
#2171=ORIENTED_EDGE('',*,*,#1707,.T.);
#2172=ORIENTED_EDGE('',*,*,#1699,.F.);
#2173=ORIENTED_EDGE('',*,*,#1708,.T.);
#2174=ORIENTED_EDGE('',*,*,#1709,.T.);
#2175=ORIENTED_EDGE('',*,*,#1710,.T.);
#2176=ORIENTED_EDGE('',*,*,#1706,.F.);
#2177=ORIENTED_EDGE('',*,*,#1711,.T.);
#2178=ORIENTED_EDGE('',*,*,#1709,.F.);
#2179=ORIENTED_EDGE('',*,*,#1712,.T.);
#2180=ORIENTED_EDGE('',*,*,#1713,.T.);
#2181=ORIENTED_EDGE('',*,*,#1714,.T.);
#2182=ORIENTED_EDGE('',*,*,#1713,.F.);
#2183=ORIENTED_EDGE('',*,*,#1715,.T.);
#2184=ORIENTED_EDGE('',*,*,#1702,.F.);
#2185=ORIENTED_EDGE('',*,*,#1716,.T.);
#2186=ORIENTED_EDGE('',*,*,#1704,.F.);
#2187=ORIENTED_EDGE('',*,*,#1717,.T.);
#2188=ORIENTED_EDGE('',*,*,#1718,.T.);
#2189=ORIENTED_EDGE('',*,*,#1719,.T.);
#2190=ORIENTED_EDGE('',*,*,#1718,.F.);
#2191=ORIENTED_EDGE('',*,*,#1720,.T.);
#2192=ORIENTED_EDGE('',*,*,#1721,.T.);
#2193=ORIENTED_EDGE('',*,*,#1722,.T.);
#2194=ORIENTED_EDGE('',*,*,#1721,.F.);
#2195=ORIENTED_EDGE('',*,*,#1723,.T.);
#2196=ORIENTED_EDGE('',*,*,#1724,.T.);
#2197=ORIENTED_EDGE('',*,*,#1725,.T.);
#2198=ORIENTED_EDGE('',*,*,#1724,.F.);
#2199=ORIENTED_EDGE('',*,*,#1726,.T.);
#2200=ORIENTED_EDGE('',*,*,#1727,.T.);
#2201=ORIENTED_EDGE('',*,*,#1728,.T.);
#2202=ORIENTED_EDGE('',*,*,#1727,.F.);
#2203=ORIENTED_EDGE('',*,*,#1729,.T.);
#2204=ORIENTED_EDGE('',*,*,#1730,.T.);
#2205=ORIENTED_EDGE('',*,*,#1731,.T.);
#2206=ORIENTED_EDGE('',*,*,#1730,.F.);
#2207=ORIENTED_EDGE('',*,*,#1732,.T.);
#2208=ORIENTED_EDGE('',*,*,#1688,.T.);
#2209=ORIENTED_EDGE('',*,*,#1685,.F.);
#2210=ORIENTED_EDGE('',*,*,#1733,.T.);
#2211=ORIENTED_EDGE('',*,*,#1734,.F.);
#2212=ORIENTED_EDGE('',*,*,#1735,.F.);
#2213=ORIENTED_EDGE('',*,*,#1732,.F.);
#2214=ORIENTED_EDGE('',*,*,#1736,.T.);
#2215=ORIENTED_EDGE('',*,*,#1737,.F.);
#2216=ORIENTED_EDGE('',*,*,#1733,.F.);
#2217=ORIENTED_EDGE('',*,*,#1729,.F.);
#2218=ORIENTED_EDGE('',*,*,#1738,.T.);
#2219=ORIENTED_EDGE('',*,*,#1739,.F.);
#2220=ORIENTED_EDGE('',*,*,#1736,.F.);
#2221=ORIENTED_EDGE('',*,*,#1726,.F.);
#2222=ORIENTED_EDGE('',*,*,#1740,.T.);
#2223=ORIENTED_EDGE('',*,*,#1741,.F.);
#2224=ORIENTED_EDGE('',*,*,#1738,.F.);
#2225=ORIENTED_EDGE('',*,*,#1723,.F.);
#2226=ORIENTED_EDGE('',*,*,#1742,.T.);
#2227=ORIENTED_EDGE('',*,*,#1743,.F.);
#2228=ORIENTED_EDGE('',*,*,#1740,.F.);
#2229=ORIENTED_EDGE('',*,*,#1720,.F.);
#2230=ORIENTED_EDGE('',*,*,#1744,.T.);
#2231=ORIENTED_EDGE('',*,*,#1745,.F.);
#2232=ORIENTED_EDGE('',*,*,#1742,.F.);
#2233=ORIENTED_EDGE('',*,*,#1717,.F.);
#2234=ORIENTED_EDGE('',*,*,#1746,.T.);
#2235=ORIENTED_EDGE('',*,*,#1747,.F.);
#2236=ORIENTED_EDGE('',*,*,#1744,.F.);
#2237=ORIENTED_EDGE('',*,*,#1703,.F.);
#2238=ORIENTED_EDGE('',*,*,#1748,.T.);
#2239=ORIENTED_EDGE('',*,*,#1749,.F.);
#2240=ORIENTED_EDGE('',*,*,#1746,.F.);
#2241=ORIENTED_EDGE('',*,*,#1750,.T.);
#2242=ORIENTED_EDGE('',*,*,#1751,.T.);
#2243=ORIENTED_EDGE('',*,*,#1752,.T.);
#2244=ORIENTED_EDGE('',*,*,#1753,.T.);
#2245=ORIENTED_EDGE('',*,*,#1754,.F.);
#2246=ORIENTED_EDGE('',*,*,#1755,.F.);
#2247=ORIENTED_EDGE('',*,*,#1756,.F.);
#2248=ORIENTED_EDGE('',*,*,#1757,.F.);
#2249=ORIENTED_EDGE('',*,*,#1758,.F.);
#2250=ORIENTED_EDGE('',*,*,#1759,.F.);
#2251=ORIENTED_EDGE('',*,*,#1760,.F.);
#2252=ORIENTED_EDGE('',*,*,#1761,.F.);
#2253=ORIENTED_EDGE('',*,*,#1762,.F.);
#2254=ORIENTED_EDGE('',*,*,#1763,.F.);
#2255=ORIENTED_EDGE('',*,*,#1764,.F.);
#2256=ORIENTED_EDGE('',*,*,#1765,.F.);
#2257=ORIENTED_EDGE('',*,*,#1766,.F.);
#2258=ORIENTED_EDGE('',*,*,#1767,.F.);
#2259=ORIENTED_EDGE('',*,*,#1768,.F.);
#2260=ORIENTED_EDGE('',*,*,#1769,.F.);
#2261=ORIENTED_EDGE('',*,*,#1770,.F.);
#2262=ORIENTED_EDGE('',*,*,#1771,.F.);
#2263=ORIENTED_EDGE('',*,*,#1772,.F.);
#2264=ORIENTED_EDGE('',*,*,#1773,.F.);
#2265=ORIENTED_EDGE('',*,*,#1774,.F.);
#2266=ORIENTED_EDGE('',*,*,#1775,.F.);
#2267=ORIENTED_EDGE('',*,*,#1776,.F.);
#2268=ORIENTED_EDGE('',*,*,#1777,.F.);
#2269=ORIENTED_EDGE('',*,*,#1778,.F.);
#2270=ORIENTED_EDGE('',*,*,#1779,.F.);
#2271=ORIENTED_EDGE('',*,*,#1780,.F.);
#2272=ORIENTED_EDGE('',*,*,#1781,.F.);
#2273=ORIENTED_EDGE('',*,*,#1782,.F.);
#2274=ORIENTED_EDGE('',*,*,#1783,.F.);
#2275=ORIENTED_EDGE('',*,*,#1784,.F.);
#2276=ORIENTED_EDGE('',*,*,#1785,.F.);
#2277=ORIENTED_EDGE('',*,*,#1786,.F.);
#2278=ORIENTED_EDGE('',*,*,#1787,.F.);
#2279=ORIENTED_EDGE('',*,*,#1788,.F.);
#2280=ORIENTED_EDGE('',*,*,#1789,.F.);
#2281=ORIENTED_EDGE('',*,*,#1790,.F.);
#2282=ORIENTED_EDGE('',*,*,#1791,.F.);
#2283=ORIENTED_EDGE('',*,*,#1792,.F.);
#2284=ORIENTED_EDGE('',*,*,#1793,.F.);
#2285=ORIENTED_EDGE('',*,*,#1794,.F.);
#2286=ORIENTED_EDGE('',*,*,#1795,.F.);
#2287=ORIENTED_EDGE('',*,*,#1796,.F.);
#2288=ORIENTED_EDGE('',*,*,#1797,.F.);
#2289=ORIENTED_EDGE('',*,*,#1798,.F.);
#2290=ORIENTED_EDGE('',*,*,#1799,.F.);
#2291=ORIENTED_EDGE('',*,*,#1800,.F.);
#2292=ORIENTED_EDGE('',*,*,#1801,.F.);
#2293=ORIENTED_EDGE('',*,*,#1701,.F.);
#2294=ORIENTED_EDGE('',*,*,#1716,.F.);
#2295=ORIENTED_EDGE('',*,*,#1719,.F.);
#2296=ORIENTED_EDGE('',*,*,#1722,.F.);
#2297=ORIENTED_EDGE('',*,*,#1725,.F.);
#2298=ORIENTED_EDGE('',*,*,#1728,.F.);
#2299=ORIENTED_EDGE('',*,*,#1731,.F.);
#2300=ORIENTED_EDGE('',*,*,#1687,.F.);
#2301=ORIENTED_EDGE('',*,*,#1691,.F.);
#2302=ORIENTED_EDGE('',*,*,#1694,.F.);
#2303=ORIENTED_EDGE('',*,*,#1697,.F.);
#2304=ORIENTED_EDGE('',*,*,#1700,.F.);
#2305=ORIENTED_EDGE('',*,*,#1707,.F.);
#2306=ORIENTED_EDGE('',*,*,#1710,.F.);
#2307=ORIENTED_EDGE('',*,*,#1711,.F.);
#2308=ORIENTED_EDGE('',*,*,#1714,.F.);
#2309=ORIENTED_EDGE('',*,*,#1802,.T.);
#2310=ORIENTED_EDGE('',*,*,#1803,.T.);
#2311=ORIENTED_EDGE('',*,*,#1758,.T.);
#2312=ORIENTED_EDGE('',*,*,#1804,.F.);
#2313=ORIENTED_EDGE('',*,*,#1805,.T.);
#2314=ORIENTED_EDGE('',*,*,#1806,.T.);
#2315=ORIENTED_EDGE('',*,*,#1759,.T.);
#2316=ORIENTED_EDGE('',*,*,#1803,.F.);
#2317=ORIENTED_EDGE('',*,*,#1754,.T.);
#2318=ORIENTED_EDGE('',*,*,#1807,.T.);
#2319=ORIENTED_EDGE('',*,*,#1808,.T.);
#2320=ORIENTED_EDGE('',*,*,#1809,.T.);
#2321=ORIENTED_EDGE('',*,*,#1810,.T.);
#2322=ORIENTED_EDGE('',*,*,#1811,.T.);
#2323=ORIENTED_EDGE('',*,*,#1760,.T.);
#2324=ORIENTED_EDGE('',*,*,#1806,.F.);
#2325=ORIENTED_EDGE('',*,*,#1812,.T.);
#2326=ORIENTED_EDGE('',*,*,#1813,.T.);
#2327=ORIENTED_EDGE('',*,*,#1761,.T.);
#2328=ORIENTED_EDGE('',*,*,#1811,.F.);
#2329=ORIENTED_EDGE('',*,*,#1814,.T.);
#2330=ORIENTED_EDGE('',*,*,#1815,.T.);
#2331=ORIENTED_EDGE('',*,*,#1762,.T.);
#2332=ORIENTED_EDGE('',*,*,#1813,.F.);
#2333=ORIENTED_EDGE('',*,*,#1816,.T.);
#2334=ORIENTED_EDGE('',*,*,#1817,.T.);
#2335=ORIENTED_EDGE('',*,*,#1763,.T.);
#2336=ORIENTED_EDGE('',*,*,#1815,.F.);
#2337=ORIENTED_EDGE('',*,*,#1818,.T.);
#2338=ORIENTED_EDGE('',*,*,#1819,.T.);
#2339=ORIENTED_EDGE('',*,*,#1764,.T.);
#2340=ORIENTED_EDGE('',*,*,#1817,.F.);
#2341=ORIENTED_EDGE('',*,*,#1765,.T.);
#2342=ORIENTED_EDGE('',*,*,#1819,.F.);
#2343=ORIENTED_EDGE('',*,*,#1820,.T.);
#2344=ORIENTED_EDGE('',*,*,#1821,.T.);
#2345=ORIENTED_EDGE('',*,*,#1766,.T.);
#2346=ORIENTED_EDGE('',*,*,#1821,.F.);
#2347=ORIENTED_EDGE('',*,*,#1822,.T.);
#2348=ORIENTED_EDGE('',*,*,#1823,.T.);
#2349=ORIENTED_EDGE('',*,*,#1767,.T.);
#2350=ORIENTED_EDGE('',*,*,#1823,.F.);
#2351=ORIENTED_EDGE('',*,*,#1824,.T.);
#2352=ORIENTED_EDGE('',*,*,#1825,.T.);
#2353=ORIENTED_EDGE('',*,*,#1768,.T.);
#2354=ORIENTED_EDGE('',*,*,#1825,.F.);
#2355=ORIENTED_EDGE('',*,*,#1826,.T.);
#2356=ORIENTED_EDGE('',*,*,#1827,.T.);
#2357=ORIENTED_EDGE('',*,*,#1769,.T.);
#2358=ORIENTED_EDGE('',*,*,#1827,.F.);
#2359=ORIENTED_EDGE('',*,*,#1828,.T.);
#2360=ORIENTED_EDGE('',*,*,#1807,.F.);
#2361=ORIENTED_EDGE('',*,*,#1755,.T.);
#2362=ORIENTED_EDGE('',*,*,#1809,.F.);
#2363=ORIENTED_EDGE('',*,*,#1829,.T.);
#2364=ORIENTED_EDGE('',*,*,#1830,.T.);
#2365=ORIENTED_EDGE('',*,*,#1756,.T.);
#2366=ORIENTED_EDGE('',*,*,#1830,.F.);
#2367=ORIENTED_EDGE('',*,*,#1831,.T.);
#2368=ORIENTED_EDGE('',*,*,#1832,.T.);
#2369=ORIENTED_EDGE('',*,*,#1757,.T.);
#2370=ORIENTED_EDGE('',*,*,#1832,.F.);
#2371=ORIENTED_EDGE('',*,*,#1833,.T.);
#2372=ORIENTED_EDGE('',*,*,#1804,.T.);
#2373=ORIENTED_EDGE('',*,*,#1812,.F.);
#2374=ORIENTED_EDGE('',*,*,#1834,.T.);
#2375=ORIENTED_EDGE('',*,*,#1835,.F.);
#2376=ORIENTED_EDGE('',*,*,#1836,.F.);
#2377=ORIENTED_EDGE('',*,*,#1810,.F.);
#2378=ORIENTED_EDGE('',*,*,#1837,.T.);
#2379=ORIENTED_EDGE('',*,*,#1838,.F.);
#2380=ORIENTED_EDGE('',*,*,#1834,.F.);
#2381=ORIENTED_EDGE('',*,*,#1805,.F.);
#2382=ORIENTED_EDGE('',*,*,#1839,.T.);
#2383=ORIENTED_EDGE('',*,*,#1840,.F.);
#2384=ORIENTED_EDGE('',*,*,#1837,.F.);
#2385=ORIENTED_EDGE('',*,*,#1802,.F.);
#2386=ORIENTED_EDGE('',*,*,#1841,.T.);
#2387=ORIENTED_EDGE('',*,*,#1842,.F.);
#2388=ORIENTED_EDGE('',*,*,#1839,.F.);
#2389=ORIENTED_EDGE('',*,*,#1833,.F.);
#2390=ORIENTED_EDGE('',*,*,#1843,.T.);
#2391=ORIENTED_EDGE('',*,*,#1844,.F.);
#2392=ORIENTED_EDGE('',*,*,#1841,.F.);
#2393=ORIENTED_EDGE('',*,*,#1831,.F.);
#2394=ORIENTED_EDGE('',*,*,#1845,.T.);
#2395=ORIENTED_EDGE('',*,*,#1846,.F.);
#2396=ORIENTED_EDGE('',*,*,#1843,.F.);
#2397=ORIENTED_EDGE('',*,*,#1829,.F.);
#2398=ORIENTED_EDGE('',*,*,#1847,.T.);
#2399=ORIENTED_EDGE('',*,*,#1848,.F.);
#2400=ORIENTED_EDGE('',*,*,#1845,.F.);
#2401=ORIENTED_EDGE('',*,*,#1808,.F.);
#2402=ORIENTED_EDGE('',*,*,#1849,.T.);
#2403=ORIENTED_EDGE('',*,*,#1850,.F.);
#2404=ORIENTED_EDGE('',*,*,#1847,.F.);
#2405=ORIENTED_EDGE('',*,*,#1851,.T.);
#2406=ORIENTED_EDGE('',*,*,#1852,.T.);
#2407=ORIENTED_EDGE('',*,*,#1786,.T.);
#2408=ORIENTED_EDGE('',*,*,#1853,.T.);
#2409=ORIENTED_EDGE('',*,*,#1854,.T.);
#2410=ORIENTED_EDGE('',*,*,#1855,.T.);
#2411=ORIENTED_EDGE('',*,*,#1787,.T.);
#2412=ORIENTED_EDGE('',*,*,#1852,.F.);
#2413=ORIENTED_EDGE('',*,*,#1856,.T.);
#2414=ORIENTED_EDGE('',*,*,#1857,.T.);
#2415=ORIENTED_EDGE('',*,*,#1788,.T.);
#2416=ORIENTED_EDGE('',*,*,#1855,.F.);
#2417=ORIENTED_EDGE('',*,*,#1858,.T.);
#2418=ORIENTED_EDGE('',*,*,#1859,.T.);
#2419=ORIENTED_EDGE('',*,*,#1789,.T.);
#2420=ORIENTED_EDGE('',*,*,#1857,.F.);
#2421=ORIENTED_EDGE('',*,*,#1860,.T.);
#2422=ORIENTED_EDGE('',*,*,#1861,.T.);
#2423=ORIENTED_EDGE('',*,*,#1790,.T.);
#2424=ORIENTED_EDGE('',*,*,#1859,.F.);
#2425=ORIENTED_EDGE('',*,*,#1862,.T.);
#2426=ORIENTED_EDGE('',*,*,#1863,.T.);
#2427=ORIENTED_EDGE('',*,*,#1791,.T.);
#2428=ORIENTED_EDGE('',*,*,#1861,.F.);
#2429=ORIENTED_EDGE('',*,*,#1864,.T.);
#2430=ORIENTED_EDGE('',*,*,#1865,.T.);
#2431=ORIENTED_EDGE('',*,*,#1792,.T.);
#2432=ORIENTED_EDGE('',*,*,#1863,.F.);
#2433=ORIENTED_EDGE('',*,*,#1793,.T.);
#2434=ORIENTED_EDGE('',*,*,#1865,.F.);
#2435=ORIENTED_EDGE('',*,*,#1866,.T.);
#2436=ORIENTED_EDGE('',*,*,#1867,.T.);
#2437=ORIENTED_EDGE('',*,*,#1794,.T.);
#2438=ORIENTED_EDGE('',*,*,#1867,.F.);
#2439=ORIENTED_EDGE('',*,*,#1868,.T.);
#2440=ORIENTED_EDGE('',*,*,#1869,.T.);
#2441=ORIENTED_EDGE('',*,*,#1795,.T.);
#2442=ORIENTED_EDGE('',*,*,#1869,.F.);
#2443=ORIENTED_EDGE('',*,*,#1870,.T.);
#2444=ORIENTED_EDGE('',*,*,#1871,.T.);
#2445=ORIENTED_EDGE('',*,*,#1796,.T.);
#2446=ORIENTED_EDGE('',*,*,#1871,.F.);
#2447=ORIENTED_EDGE('',*,*,#1872,.T.);
#2448=ORIENTED_EDGE('',*,*,#1873,.T.);
#2449=ORIENTED_EDGE('',*,*,#1797,.T.);
#2450=ORIENTED_EDGE('',*,*,#1873,.F.);
#2451=ORIENTED_EDGE('',*,*,#1874,.T.);
#2452=ORIENTED_EDGE('',*,*,#1875,.T.);
#2453=ORIENTED_EDGE('',*,*,#1798,.T.);
#2454=ORIENTED_EDGE('',*,*,#1875,.F.);
#2455=ORIENTED_EDGE('',*,*,#1876,.T.);
#2456=ORIENTED_EDGE('',*,*,#1877,.T.);
#2457=ORIENTED_EDGE('',*,*,#1799,.T.);
#2458=ORIENTED_EDGE('',*,*,#1877,.F.);
#2459=ORIENTED_EDGE('',*,*,#1878,.T.);
#2460=ORIENTED_EDGE('',*,*,#1879,.T.);
#2461=ORIENTED_EDGE('',*,*,#1800,.T.);
#2462=ORIENTED_EDGE('',*,*,#1879,.F.);
#2463=ORIENTED_EDGE('',*,*,#1880,.T.);
#2464=ORIENTED_EDGE('',*,*,#1881,.T.);
#2465=ORIENTED_EDGE('',*,*,#1801,.T.);
#2466=ORIENTED_EDGE('',*,*,#1881,.F.);
#2467=ORIENTED_EDGE('',*,*,#1882,.T.);
#2468=ORIENTED_EDGE('',*,*,#1853,.F.);
#2469=ORIENTED_EDGE('',*,*,#1866,.F.);
#2470=ORIENTED_EDGE('',*,*,#1883,.T.);
#2471=ORIENTED_EDGE('',*,*,#1884,.F.);
#2472=ORIENTED_EDGE('',*,*,#1885,.F.);
#2473=ORIENTED_EDGE('',*,*,#1864,.F.);
#2474=ORIENTED_EDGE('',*,*,#1886,.T.);
#2475=ORIENTED_EDGE('',*,*,#1887,.F.);
#2476=ORIENTED_EDGE('',*,*,#1883,.F.);
#2477=ORIENTED_EDGE('',*,*,#1862,.F.);
#2478=ORIENTED_EDGE('',*,*,#1888,.T.);
#2479=ORIENTED_EDGE('',*,*,#1889,.F.);
#2480=ORIENTED_EDGE('',*,*,#1886,.F.);
#2481=ORIENTED_EDGE('',*,*,#1860,.F.);
#2482=ORIENTED_EDGE('',*,*,#1890,.T.);
#2483=ORIENTED_EDGE('',*,*,#1891,.F.);
#2484=ORIENTED_EDGE('',*,*,#1888,.F.);
#2485=ORIENTED_EDGE('',*,*,#1858,.F.);
#2486=ORIENTED_EDGE('',*,*,#1892,.T.);
#2487=ORIENTED_EDGE('',*,*,#1893,.F.);
#2488=ORIENTED_EDGE('',*,*,#1890,.F.);
#2489=ORIENTED_EDGE('',*,*,#1856,.F.);
#2490=ORIENTED_EDGE('',*,*,#1894,.T.);
#2491=ORIENTED_EDGE('',*,*,#1895,.F.);
#2492=ORIENTED_EDGE('',*,*,#1892,.F.);
#2493=ORIENTED_EDGE('',*,*,#1854,.F.);
#2494=ORIENTED_EDGE('',*,*,#1896,.T.);
#2495=ORIENTED_EDGE('',*,*,#1897,.F.);
#2496=ORIENTED_EDGE('',*,*,#1894,.F.);
#2497=ORIENTED_EDGE('',*,*,#1851,.F.);
#2498=ORIENTED_EDGE('',*,*,#1898,.T.);
#2499=ORIENTED_EDGE('',*,*,#1899,.F.);
#2500=ORIENTED_EDGE('',*,*,#1896,.F.);
#2501=ORIENTED_EDGE('',*,*,#1900,.T.);
#2502=ORIENTED_EDGE('',*,*,#1901,.T.);
#2503=ORIENTED_EDGE('',*,*,#1782,.T.);
#2504=ORIENTED_EDGE('',*,*,#1902,.F.);
#2505=ORIENTED_EDGE('',*,*,#1903,.T.);
#2506=ORIENTED_EDGE('',*,*,#1904,.T.);
#2507=ORIENTED_EDGE('',*,*,#1783,.T.);
#2508=ORIENTED_EDGE('',*,*,#1901,.F.);
#2509=ORIENTED_EDGE('',*,*,#1905,.T.);
#2510=ORIENTED_EDGE('',*,*,#1906,.T.);
#2511=ORIENTED_EDGE('',*,*,#1784,.T.);
#2512=ORIENTED_EDGE('',*,*,#1904,.F.);
#2513=ORIENTED_EDGE('',*,*,#1907,.T.);
#2514=ORIENTED_EDGE('',*,*,#1908,.T.);
#2515=ORIENTED_EDGE('',*,*,#1770,.T.);
#2516=ORIENTED_EDGE('',*,*,#1909,.T.);
#2517=ORIENTED_EDGE('',*,*,#1910,.T.);
#2518=ORIENTED_EDGE('',*,*,#1911,.T.);
#2519=ORIENTED_EDGE('',*,*,#1771,.T.);
#2520=ORIENTED_EDGE('',*,*,#1908,.F.);
#2521=ORIENTED_EDGE('',*,*,#1912,.T.);
#2522=ORIENTED_EDGE('',*,*,#1913,.T.);
#2523=ORIENTED_EDGE('',*,*,#1772,.T.);
#2524=ORIENTED_EDGE('',*,*,#1911,.F.);
#2525=ORIENTED_EDGE('',*,*,#1773,.T.);
#2526=ORIENTED_EDGE('',*,*,#1913,.F.);
#2527=ORIENTED_EDGE('',*,*,#1914,.T.);
#2528=ORIENTED_EDGE('',*,*,#1915,.T.);
#2529=ORIENTED_EDGE('',*,*,#1774,.T.);
#2530=ORIENTED_EDGE('',*,*,#1915,.F.);
#2531=ORIENTED_EDGE('',*,*,#1916,.T.);
#2532=ORIENTED_EDGE('',*,*,#1917,.T.);
#2533=ORIENTED_EDGE('',*,*,#1775,.T.);
#2534=ORIENTED_EDGE('',*,*,#1917,.F.);
#2535=ORIENTED_EDGE('',*,*,#1918,.T.);
#2536=ORIENTED_EDGE('',*,*,#1919,.T.);
#2537=ORIENTED_EDGE('',*,*,#1776,.T.);
#2538=ORIENTED_EDGE('',*,*,#1919,.F.);
#2539=ORIENTED_EDGE('',*,*,#1920,.T.);
#2540=ORIENTED_EDGE('',*,*,#1921,.T.);
#2541=ORIENTED_EDGE('',*,*,#1922,.T.);
#2542=ORIENTED_EDGE('',*,*,#1909,.F.);
#2543=ORIENTED_EDGE('',*,*,#1785,.T.);
#2544=ORIENTED_EDGE('',*,*,#1906,.F.);
#2545=ORIENTED_EDGE('',*,*,#1777,.T.);
#2546=ORIENTED_EDGE('',*,*,#1921,.F.);
#2547=ORIENTED_EDGE('',*,*,#1923,.T.);
#2548=ORIENTED_EDGE('',*,*,#1924,.T.);
#2549=ORIENTED_EDGE('',*,*,#1778,.T.);
#2550=ORIENTED_EDGE('',*,*,#1924,.F.);
#2551=ORIENTED_EDGE('',*,*,#1925,.T.);
#2552=ORIENTED_EDGE('',*,*,#1926,.T.);
#2553=ORIENTED_EDGE('',*,*,#1779,.T.);
#2554=ORIENTED_EDGE('',*,*,#1926,.F.);
#2555=ORIENTED_EDGE('',*,*,#1927,.T.);
#2556=ORIENTED_EDGE('',*,*,#1928,.T.);
#2557=ORIENTED_EDGE('',*,*,#1780,.T.);
#2558=ORIENTED_EDGE('',*,*,#1928,.F.);
#2559=ORIENTED_EDGE('',*,*,#1929,.T.);
#2560=ORIENTED_EDGE('',*,*,#1930,.T.);
#2561=ORIENTED_EDGE('',*,*,#1781,.T.);
#2562=ORIENTED_EDGE('',*,*,#1930,.F.);
#2563=ORIENTED_EDGE('',*,*,#1931,.T.);
#2564=ORIENTED_EDGE('',*,*,#1902,.T.);
#2565=ORIENTED_EDGE('',*,*,#1923,.F.);
#2566=ORIENTED_EDGE('',*,*,#1932,.T.);
#2567=ORIENTED_EDGE('',*,*,#1933,.F.);
#2568=ORIENTED_EDGE('',*,*,#1934,.F.);
#2569=ORIENTED_EDGE('',*,*,#1920,.F.);
#2570=ORIENTED_EDGE('',*,*,#1935,.T.);
#2571=ORIENTED_EDGE('',*,*,#1936,.F.);
#2572=ORIENTED_EDGE('',*,*,#1932,.F.);
#2573=ORIENTED_EDGE('',*,*,#1918,.F.);
#2574=ORIENTED_EDGE('',*,*,#1937,.T.);
#2575=ORIENTED_EDGE('',*,*,#1938,.F.);
#2576=ORIENTED_EDGE('',*,*,#1935,.F.);
#2577=ORIENTED_EDGE('',*,*,#1916,.F.);
#2578=ORIENTED_EDGE('',*,*,#1939,.T.);
#2579=ORIENTED_EDGE('',*,*,#1940,.F.);
#2580=ORIENTED_EDGE('',*,*,#1937,.F.);
#2581=ORIENTED_EDGE('',*,*,#1914,.F.);
#2582=ORIENTED_EDGE('',*,*,#1941,.T.);
#2583=ORIENTED_EDGE('',*,*,#1942,.F.);
#2584=ORIENTED_EDGE('',*,*,#1939,.F.);
#2585=ORIENTED_EDGE('',*,*,#1912,.F.);
#2586=ORIENTED_EDGE('',*,*,#1943,.T.);
#2587=ORIENTED_EDGE('',*,*,#1944,.F.);
#2588=ORIENTED_EDGE('',*,*,#1941,.F.);
#2589=ORIENTED_EDGE('',*,*,#1910,.F.);
#2590=ORIENTED_EDGE('',*,*,#1945,.T.);
#2591=ORIENTED_EDGE('',*,*,#1946,.F.);
#2592=ORIENTED_EDGE('',*,*,#1943,.F.);
#2593=ORIENTED_EDGE('',*,*,#1907,.F.);
#2594=ORIENTED_EDGE('',*,*,#1947,.T.);
#2595=ORIENTED_EDGE('',*,*,#1948,.F.);
#2596=ORIENTED_EDGE('',*,*,#1945,.F.);
#2597=ORIENTED_EDGE('',*,*,#1949,.T.);
#2598=ORIENTED_EDGE('',*,*,#1950,.T.);
#2599=ORIENTED_EDGE('',*,*,#1933,.T.);
#2600=ORIENTED_EDGE('',*,*,#1951,.F.);
#2601=ORIENTED_EDGE('',*,*,#1952,.T.);
#2602=ORIENTED_EDGE('',*,*,#1953,.T.);
#2603=ORIENTED_EDGE('',*,*,#1954,.T.);
#2604=ORIENTED_EDGE('',*,*,#1950,.F.);
#2605=ORIENTED_EDGE('',*,*,#1955,.T.);
#2606=ORIENTED_EDGE('',*,*,#1956,.T.);
#2607=ORIENTED_EDGE('',*,*,#1957,.T.);
#2608=ORIENTED_EDGE('',*,*,#1953,.F.);
#2609=ORIENTED_EDGE('',*,*,#1958,.T.);
#2610=ORIENTED_EDGE('',*,*,#1959,.T.);
#2611=ORIENTED_EDGE('',*,*,#1960,.T.);
#2612=ORIENTED_EDGE('',*,*,#1956,.F.);
#2613=ORIENTED_EDGE('',*,*,#1961,.T.);
#2614=ORIENTED_EDGE('',*,*,#1962,.T.);
#2615=ORIENTED_EDGE('',*,*,#1963,.T.);
#2616=ORIENTED_EDGE('',*,*,#1959,.F.);
#2617=ORIENTED_EDGE('',*,*,#1964,.T.);
#2618=ORIENTED_EDGE('',*,*,#1965,.T.);
#2619=ORIENTED_EDGE('',*,*,#1966,.T.);
#2620=ORIENTED_EDGE('',*,*,#1962,.F.);
#2621=ORIENTED_EDGE('',*,*,#1967,.T.);
#2622=ORIENTED_EDGE('',*,*,#1968,.T.);
#2623=ORIENTED_EDGE('',*,*,#1969,.T.);
#2624=ORIENTED_EDGE('',*,*,#1965,.F.);
#2625=ORIENTED_EDGE('',*,*,#1970,.T.);
#2626=ORIENTED_EDGE('',*,*,#1971,.T.);
#2627=ORIENTED_EDGE('',*,*,#1972,.T.);
#2628=ORIENTED_EDGE('',*,*,#1968,.F.);
#2629=ORIENTED_EDGE('',*,*,#1973,.T.);
#2630=ORIENTED_EDGE('',*,*,#1974,.T.);
#2631=ORIENTED_EDGE('',*,*,#1975,.T.);
#2632=ORIENTED_EDGE('',*,*,#1971,.F.);
#2633=ORIENTED_EDGE('',*,*,#1948,.T.);
#2634=ORIENTED_EDGE('',*,*,#1974,.F.);
#2635=ORIENTED_EDGE('',*,*,#1976,.T.);
#2636=ORIENTED_EDGE('',*,*,#1977,.T.);
#2637=ORIENTED_EDGE('',*,*,#1946,.T.);
#2638=ORIENTED_EDGE('',*,*,#1977,.F.);
#2639=ORIENTED_EDGE('',*,*,#1978,.T.);
#2640=ORIENTED_EDGE('',*,*,#1979,.T.);
#2641=ORIENTED_EDGE('',*,*,#1944,.T.);
#2642=ORIENTED_EDGE('',*,*,#1979,.F.);
#2643=ORIENTED_EDGE('',*,*,#1980,.T.);
#2644=ORIENTED_EDGE('',*,*,#1981,.T.);
#2645=ORIENTED_EDGE('',*,*,#1942,.T.);
#2646=ORIENTED_EDGE('',*,*,#1981,.F.);
#2647=ORIENTED_EDGE('',*,*,#1982,.T.);
#2648=ORIENTED_EDGE('',*,*,#1983,.T.);
#2649=ORIENTED_EDGE('',*,*,#1940,.T.);
#2650=ORIENTED_EDGE('',*,*,#1983,.F.);
#2651=ORIENTED_EDGE('',*,*,#1984,.T.);
#2652=ORIENTED_EDGE('',*,*,#1985,.T.);
#2653=ORIENTED_EDGE('',*,*,#1938,.T.);
#2654=ORIENTED_EDGE('',*,*,#1985,.F.);
#2655=ORIENTED_EDGE('',*,*,#1986,.T.);
#2656=ORIENTED_EDGE('',*,*,#1987,.T.);
#2657=ORIENTED_EDGE('',*,*,#1936,.T.);
#2658=ORIENTED_EDGE('',*,*,#1987,.F.);
#2659=ORIENTED_EDGE('',*,*,#1988,.T.);
#2660=ORIENTED_EDGE('',*,*,#1951,.T.);
#2661=ORIENTED_EDGE('',*,*,#1949,.F.);
#2662=ORIENTED_EDGE('',*,*,#1988,.F.);
#2663=ORIENTED_EDGE('',*,*,#1986,.F.);
#2664=ORIENTED_EDGE('',*,*,#1984,.F.);
#2665=ORIENTED_EDGE('',*,*,#1982,.F.);
#2666=ORIENTED_EDGE('',*,*,#1980,.F.);
#2667=ORIENTED_EDGE('',*,*,#1978,.F.);
#2668=ORIENTED_EDGE('',*,*,#1976,.F.);
#2669=ORIENTED_EDGE('',*,*,#1973,.F.);
#2670=ORIENTED_EDGE('',*,*,#1970,.F.);
#2671=ORIENTED_EDGE('',*,*,#1967,.F.);
#2672=ORIENTED_EDGE('',*,*,#1964,.F.);
#2673=ORIENTED_EDGE('',*,*,#1961,.F.);
#2674=ORIENTED_EDGE('',*,*,#1958,.F.);
#2675=ORIENTED_EDGE('',*,*,#1955,.F.);
#2676=ORIENTED_EDGE('',*,*,#1952,.F.);
#2677=ORIENTED_EDGE('',*,*,#1989,.T.);
#2678=ORIENTED_EDGE('',*,*,#1990,.T.);
#2679=ORIENTED_EDGE('',*,*,#1884,.T.);
#2680=ORIENTED_EDGE('',*,*,#1991,.F.);
#2681=ORIENTED_EDGE('',*,*,#1992,.T.);
#2682=ORIENTED_EDGE('',*,*,#1993,.T.);
#2683=ORIENTED_EDGE('',*,*,#1994,.T.);
#2684=ORIENTED_EDGE('',*,*,#1990,.F.);
#2685=ORIENTED_EDGE('',*,*,#1995,.T.);
#2686=ORIENTED_EDGE('',*,*,#1996,.T.);
#2687=ORIENTED_EDGE('',*,*,#1997,.T.);
#2688=ORIENTED_EDGE('',*,*,#1993,.F.);
#2689=ORIENTED_EDGE('',*,*,#1998,.T.);
#2690=ORIENTED_EDGE('',*,*,#1999,.T.);
#2691=ORIENTED_EDGE('',*,*,#2000,.T.);
#2692=ORIENTED_EDGE('',*,*,#1996,.F.);
#2693=ORIENTED_EDGE('',*,*,#2001,.T.);
#2694=ORIENTED_EDGE('',*,*,#2002,.T.);
#2695=ORIENTED_EDGE('',*,*,#2003,.T.);
#2696=ORIENTED_EDGE('',*,*,#1999,.F.);
#2697=ORIENTED_EDGE('',*,*,#2004,.T.);
#2698=ORIENTED_EDGE('',*,*,#2005,.T.);
#2699=ORIENTED_EDGE('',*,*,#2006,.T.);
#2700=ORIENTED_EDGE('',*,*,#2002,.F.);
#2701=ORIENTED_EDGE('',*,*,#2007,.T.);
#2702=ORIENTED_EDGE('',*,*,#2008,.T.);
#2703=ORIENTED_EDGE('',*,*,#2009,.T.);
#2704=ORIENTED_EDGE('',*,*,#2005,.F.);
#2705=ORIENTED_EDGE('',*,*,#2010,.T.);
#2706=ORIENTED_EDGE('',*,*,#2011,.T.);
#2707=ORIENTED_EDGE('',*,*,#2012,.T.);
#2708=ORIENTED_EDGE('',*,*,#2008,.F.);
#2709=ORIENTED_EDGE('',*,*,#2013,.T.);
#2710=ORIENTED_EDGE('',*,*,#2014,.T.);
#2711=ORIENTED_EDGE('',*,*,#2015,.T.);
#2712=ORIENTED_EDGE('',*,*,#2011,.F.);
#2713=ORIENTED_EDGE('',*,*,#1899,.T.);
#2714=ORIENTED_EDGE('',*,*,#2014,.F.);
#2715=ORIENTED_EDGE('',*,*,#2016,.T.);
#2716=ORIENTED_EDGE('',*,*,#2017,.T.);
#2717=ORIENTED_EDGE('',*,*,#1897,.T.);
#2718=ORIENTED_EDGE('',*,*,#2017,.F.);
#2719=ORIENTED_EDGE('',*,*,#2018,.T.);
#2720=ORIENTED_EDGE('',*,*,#2019,.T.);
#2721=ORIENTED_EDGE('',*,*,#1895,.T.);
#2722=ORIENTED_EDGE('',*,*,#2019,.F.);
#2723=ORIENTED_EDGE('',*,*,#2020,.T.);
#2724=ORIENTED_EDGE('',*,*,#2021,.T.);
#2725=ORIENTED_EDGE('',*,*,#1893,.T.);
#2726=ORIENTED_EDGE('',*,*,#2021,.F.);
#2727=ORIENTED_EDGE('',*,*,#2022,.T.);
#2728=ORIENTED_EDGE('',*,*,#2023,.T.);
#2729=ORIENTED_EDGE('',*,*,#1891,.T.);
#2730=ORIENTED_EDGE('',*,*,#2023,.F.);
#2731=ORIENTED_EDGE('',*,*,#2024,.T.);
#2732=ORIENTED_EDGE('',*,*,#2025,.T.);
#2733=ORIENTED_EDGE('',*,*,#1889,.T.);
#2734=ORIENTED_EDGE('',*,*,#2025,.F.);
#2735=ORIENTED_EDGE('',*,*,#2026,.T.);
#2736=ORIENTED_EDGE('',*,*,#2027,.T.);
#2737=ORIENTED_EDGE('',*,*,#1887,.T.);
#2738=ORIENTED_EDGE('',*,*,#2027,.F.);
#2739=ORIENTED_EDGE('',*,*,#2028,.T.);
#2740=ORIENTED_EDGE('',*,*,#1991,.T.);
#2741=ORIENTED_EDGE('',*,*,#1989,.F.);
#2742=ORIENTED_EDGE('',*,*,#2028,.F.);
#2743=ORIENTED_EDGE('',*,*,#2026,.F.);
#2744=ORIENTED_EDGE('',*,*,#2024,.F.);
#2745=ORIENTED_EDGE('',*,*,#2022,.F.);
#2746=ORIENTED_EDGE('',*,*,#2020,.F.);
#2747=ORIENTED_EDGE('',*,*,#2018,.F.);
#2748=ORIENTED_EDGE('',*,*,#2016,.F.);
#2749=ORIENTED_EDGE('',*,*,#2013,.F.);
#2750=ORIENTED_EDGE('',*,*,#2010,.F.);
#2751=ORIENTED_EDGE('',*,*,#2007,.F.);
#2752=ORIENTED_EDGE('',*,*,#2004,.F.);
#2753=ORIENTED_EDGE('',*,*,#2001,.F.);
#2754=ORIENTED_EDGE('',*,*,#1998,.F.);
#2755=ORIENTED_EDGE('',*,*,#1995,.F.);
#2756=ORIENTED_EDGE('',*,*,#1992,.F.);
#2757=ORIENTED_EDGE('',*,*,#2029,.T.);
#2758=ORIENTED_EDGE('',*,*,#2030,.T.);
#2759=ORIENTED_EDGE('',*,*,#1835,.T.);
#2760=ORIENTED_EDGE('',*,*,#2031,.F.);
#2761=ORIENTED_EDGE('',*,*,#2032,.T.);
#2762=ORIENTED_EDGE('',*,*,#2033,.T.);
#2763=ORIENTED_EDGE('',*,*,#2034,.T.);
#2764=ORIENTED_EDGE('',*,*,#2030,.F.);
#2765=ORIENTED_EDGE('',*,*,#2035,.T.);
#2766=ORIENTED_EDGE('',*,*,#2036,.T.);
#2767=ORIENTED_EDGE('',*,*,#2037,.T.);
#2768=ORIENTED_EDGE('',*,*,#2033,.F.);
#2769=ORIENTED_EDGE('',*,*,#2038,.T.);
#2770=ORIENTED_EDGE('',*,*,#2039,.T.);
#2771=ORIENTED_EDGE('',*,*,#2040,.T.);
#2772=ORIENTED_EDGE('',*,*,#2036,.F.);
#2773=ORIENTED_EDGE('',*,*,#2041,.T.);
#2774=ORIENTED_EDGE('',*,*,#2042,.T.);
#2775=ORIENTED_EDGE('',*,*,#2043,.T.);
#2776=ORIENTED_EDGE('',*,*,#2039,.F.);
#2777=ORIENTED_EDGE('',*,*,#2044,.T.);
#2778=ORIENTED_EDGE('',*,*,#2045,.T.);
#2779=ORIENTED_EDGE('',*,*,#2046,.T.);
#2780=ORIENTED_EDGE('',*,*,#2042,.F.);
#2781=ORIENTED_EDGE('',*,*,#2047,.T.);
#2782=ORIENTED_EDGE('',*,*,#2048,.T.);
#2783=ORIENTED_EDGE('',*,*,#2049,.T.);
#2784=ORIENTED_EDGE('',*,*,#2045,.F.);
#2785=ORIENTED_EDGE('',*,*,#2050,.T.);
#2786=ORIENTED_EDGE('',*,*,#2051,.T.);
#2787=ORIENTED_EDGE('',*,*,#2052,.T.);
#2788=ORIENTED_EDGE('',*,*,#2048,.F.);
#2789=ORIENTED_EDGE('',*,*,#2053,.T.);
#2790=ORIENTED_EDGE('',*,*,#2054,.T.);
#2791=ORIENTED_EDGE('',*,*,#2055,.T.);
#2792=ORIENTED_EDGE('',*,*,#2051,.F.);
#2793=ORIENTED_EDGE('',*,*,#1850,.T.);
#2794=ORIENTED_EDGE('',*,*,#2054,.F.);
#2795=ORIENTED_EDGE('',*,*,#2056,.T.);
#2796=ORIENTED_EDGE('',*,*,#2057,.T.);
#2797=ORIENTED_EDGE('',*,*,#1848,.T.);
#2798=ORIENTED_EDGE('',*,*,#2057,.F.);
#2799=ORIENTED_EDGE('',*,*,#2058,.T.);
#2800=ORIENTED_EDGE('',*,*,#2059,.T.);
#2801=ORIENTED_EDGE('',*,*,#1846,.T.);
#2802=ORIENTED_EDGE('',*,*,#2059,.F.);
#2803=ORIENTED_EDGE('',*,*,#2060,.T.);
#2804=ORIENTED_EDGE('',*,*,#2061,.T.);
#2805=ORIENTED_EDGE('',*,*,#1844,.T.);
#2806=ORIENTED_EDGE('',*,*,#2061,.F.);
#2807=ORIENTED_EDGE('',*,*,#2062,.T.);
#2808=ORIENTED_EDGE('',*,*,#2063,.T.);
#2809=ORIENTED_EDGE('',*,*,#1842,.T.);
#2810=ORIENTED_EDGE('',*,*,#2063,.F.);
#2811=ORIENTED_EDGE('',*,*,#2064,.T.);
#2812=ORIENTED_EDGE('',*,*,#2065,.T.);
#2813=ORIENTED_EDGE('',*,*,#1840,.T.);
#2814=ORIENTED_EDGE('',*,*,#2065,.F.);
#2815=ORIENTED_EDGE('',*,*,#2066,.T.);
#2816=ORIENTED_EDGE('',*,*,#2067,.T.);
#2817=ORIENTED_EDGE('',*,*,#1838,.T.);
#2818=ORIENTED_EDGE('',*,*,#2067,.F.);
#2819=ORIENTED_EDGE('',*,*,#2068,.T.);
#2820=ORIENTED_EDGE('',*,*,#2031,.T.);
#2821=ORIENTED_EDGE('',*,*,#2029,.F.);
#2822=ORIENTED_EDGE('',*,*,#2068,.F.);
#2823=ORIENTED_EDGE('',*,*,#2066,.F.);
#2824=ORIENTED_EDGE('',*,*,#2064,.F.);
#2825=ORIENTED_EDGE('',*,*,#2062,.F.);
#2826=ORIENTED_EDGE('',*,*,#2060,.F.);
#2827=ORIENTED_EDGE('',*,*,#2058,.F.);
#2828=ORIENTED_EDGE('',*,*,#2056,.F.);
#2829=ORIENTED_EDGE('',*,*,#2053,.F.);
#2830=ORIENTED_EDGE('',*,*,#2050,.F.);
#2831=ORIENTED_EDGE('',*,*,#2047,.F.);
#2832=ORIENTED_EDGE('',*,*,#2044,.F.);
#2833=ORIENTED_EDGE('',*,*,#2041,.F.);
#2834=ORIENTED_EDGE('',*,*,#2038,.F.);
#2835=ORIENTED_EDGE('',*,*,#2035,.F.);
#2836=ORIENTED_EDGE('',*,*,#2032,.F.);
#2837=ORIENTED_EDGE('',*,*,#2069,.T.);
#2838=ORIENTED_EDGE('',*,*,#2070,.T.);
#2839=ORIENTED_EDGE('',*,*,#1734,.T.);
#2840=ORIENTED_EDGE('',*,*,#2071,.F.);
#2841=ORIENTED_EDGE('',*,*,#2072,.T.);
#2842=ORIENTED_EDGE('',*,*,#2073,.T.);
#2843=ORIENTED_EDGE('',*,*,#2074,.T.);
#2844=ORIENTED_EDGE('',*,*,#2070,.F.);
#2845=ORIENTED_EDGE('',*,*,#2075,.T.);
#2846=ORIENTED_EDGE('',*,*,#2076,.T.);
#2847=ORIENTED_EDGE('',*,*,#2077,.T.);
#2848=ORIENTED_EDGE('',*,*,#2073,.F.);
#2849=ORIENTED_EDGE('',*,*,#2078,.T.);
#2850=ORIENTED_EDGE('',*,*,#2079,.T.);
#2851=ORIENTED_EDGE('',*,*,#2080,.T.);
#2852=ORIENTED_EDGE('',*,*,#2076,.F.);
#2853=ORIENTED_EDGE('',*,*,#2081,.T.);
#2854=ORIENTED_EDGE('',*,*,#2082,.T.);
#2855=ORIENTED_EDGE('',*,*,#2083,.T.);
#2856=ORIENTED_EDGE('',*,*,#2079,.F.);
#2857=ORIENTED_EDGE('',*,*,#2084,.T.);
#2858=ORIENTED_EDGE('',*,*,#2085,.T.);
#2859=ORIENTED_EDGE('',*,*,#2086,.T.);
#2860=ORIENTED_EDGE('',*,*,#2082,.F.);
#2861=ORIENTED_EDGE('',*,*,#2087,.T.);
#2862=ORIENTED_EDGE('',*,*,#2088,.T.);
#2863=ORIENTED_EDGE('',*,*,#2089,.T.);
#2864=ORIENTED_EDGE('',*,*,#2085,.F.);
#2865=ORIENTED_EDGE('',*,*,#2090,.T.);
#2866=ORIENTED_EDGE('',*,*,#2091,.T.);
#2867=ORIENTED_EDGE('',*,*,#2092,.T.);
#2868=ORIENTED_EDGE('',*,*,#2088,.F.);
#2869=ORIENTED_EDGE('',*,*,#2093,.T.);
#2870=ORIENTED_EDGE('',*,*,#2094,.T.);
#2871=ORIENTED_EDGE('',*,*,#2095,.T.);
#2872=ORIENTED_EDGE('',*,*,#2091,.F.);
#2873=ORIENTED_EDGE('',*,*,#1749,.T.);
#2874=ORIENTED_EDGE('',*,*,#2094,.F.);
#2875=ORIENTED_EDGE('',*,*,#2096,.T.);
#2876=ORIENTED_EDGE('',*,*,#2097,.T.);
#2877=ORIENTED_EDGE('',*,*,#1747,.T.);
#2878=ORIENTED_EDGE('',*,*,#2097,.F.);
#2879=ORIENTED_EDGE('',*,*,#2098,.T.);
#2880=ORIENTED_EDGE('',*,*,#2099,.T.);
#2881=ORIENTED_EDGE('',*,*,#1745,.T.);
#2882=ORIENTED_EDGE('',*,*,#2099,.F.);
#2883=ORIENTED_EDGE('',*,*,#2100,.T.);
#2884=ORIENTED_EDGE('',*,*,#2101,.T.);
#2885=ORIENTED_EDGE('',*,*,#1743,.T.);
#2886=ORIENTED_EDGE('',*,*,#2101,.F.);
#2887=ORIENTED_EDGE('',*,*,#2102,.T.);
#2888=ORIENTED_EDGE('',*,*,#2103,.T.);
#2889=ORIENTED_EDGE('',*,*,#1741,.T.);
#2890=ORIENTED_EDGE('',*,*,#2103,.F.);
#2891=ORIENTED_EDGE('',*,*,#2104,.T.);
#2892=ORIENTED_EDGE('',*,*,#2105,.T.);
#2893=ORIENTED_EDGE('',*,*,#1739,.T.);
#2894=ORIENTED_EDGE('',*,*,#2105,.F.);
#2895=ORIENTED_EDGE('',*,*,#2106,.T.);
#2896=ORIENTED_EDGE('',*,*,#2107,.T.);
#2897=ORIENTED_EDGE('',*,*,#1737,.T.);
#2898=ORIENTED_EDGE('',*,*,#2107,.F.);
#2899=ORIENTED_EDGE('',*,*,#2108,.T.);
#2900=ORIENTED_EDGE('',*,*,#2071,.T.);
#2901=ORIENTED_EDGE('',*,*,#2069,.F.);
#2902=ORIENTED_EDGE('',*,*,#2108,.F.);
#2903=ORIENTED_EDGE('',*,*,#2106,.F.);
#2904=ORIENTED_EDGE('',*,*,#2104,.F.);
#2905=ORIENTED_EDGE('',*,*,#2102,.F.);
#2906=ORIENTED_EDGE('',*,*,#2100,.F.);
#2907=ORIENTED_EDGE('',*,*,#2098,.F.);
#2908=ORIENTED_EDGE('',*,*,#2096,.F.);
#2909=ORIENTED_EDGE('',*,*,#2093,.F.);
#2910=ORIENTED_EDGE('',*,*,#2090,.F.);
#2911=ORIENTED_EDGE('',*,*,#2087,.F.);
#2912=ORIENTED_EDGE('',*,*,#2084,.F.);
#2913=ORIENTED_EDGE('',*,*,#2081,.F.);
#2914=ORIENTED_EDGE('',*,*,#2078,.F.);
#2915=ORIENTED_EDGE('',*,*,#2075,.F.);
#2916=ORIENTED_EDGE('',*,*,#2072,.F.);
#2917=ORIENTED_EDGE('',*,*,#1689,.F.);
#2918=ORIENTED_EDGE('',*,*,#1735,.T.);
#2919=ORIENTED_EDGE('',*,*,#2074,.F.);
#2920=ORIENTED_EDGE('',*,*,#2109,.F.);
#2921=ORIENTED_EDGE('',*,*,#1692,.F.);
#2922=ORIENTED_EDGE('',*,*,#2109,.T.);
#2923=ORIENTED_EDGE('',*,*,#2077,.F.);
#2924=ORIENTED_EDGE('',*,*,#2110,.F.);
#2925=ORIENTED_EDGE('',*,*,#1695,.F.);
#2926=ORIENTED_EDGE('',*,*,#2110,.T.);
#2927=ORIENTED_EDGE('',*,*,#2080,.F.);
#2928=ORIENTED_EDGE('',*,*,#2111,.F.);
#2929=ORIENTED_EDGE('',*,*,#1698,.F.);
#2930=ORIENTED_EDGE('',*,*,#2111,.T.);
#2931=ORIENTED_EDGE('',*,*,#2083,.F.);
#2932=ORIENTED_EDGE('',*,*,#2112,.F.);
#2933=ORIENTED_EDGE('',*,*,#1705,.F.);
#2934=ORIENTED_EDGE('',*,*,#2112,.T.);
#2935=ORIENTED_EDGE('',*,*,#2086,.F.);
#2936=ORIENTED_EDGE('',*,*,#2113,.F.);
#2937=ORIENTED_EDGE('',*,*,#1708,.F.);
#2938=ORIENTED_EDGE('',*,*,#2113,.T.);
#2939=ORIENTED_EDGE('',*,*,#2089,.F.);
#2940=ORIENTED_EDGE('',*,*,#2114,.F.);
#2941=ORIENTED_EDGE('',*,*,#1712,.F.);
#2942=ORIENTED_EDGE('',*,*,#2114,.T.);
#2943=ORIENTED_EDGE('',*,*,#2092,.F.);
#2944=ORIENTED_EDGE('',*,*,#2115,.F.);
#2945=ORIENTED_EDGE('',*,*,#1715,.F.);
#2946=ORIENTED_EDGE('',*,*,#2115,.T.);
#2947=ORIENTED_EDGE('',*,*,#2095,.F.);
#2948=ORIENTED_EDGE('',*,*,#1748,.F.);
#2949=ORIENTED_EDGE('',*,*,#1925,.F.);
#2950=ORIENTED_EDGE('',*,*,#1934,.T.);
#2951=ORIENTED_EDGE('',*,*,#1954,.F.);
#2952=ORIENTED_EDGE('',*,*,#2116,.F.);
#2953=ORIENTED_EDGE('',*,*,#1927,.F.);
#2954=ORIENTED_EDGE('',*,*,#2116,.T.);
#2955=ORIENTED_EDGE('',*,*,#1957,.F.);
#2956=ORIENTED_EDGE('',*,*,#2117,.F.);
#2957=ORIENTED_EDGE('',*,*,#1929,.F.);
#2958=ORIENTED_EDGE('',*,*,#2117,.T.);
#2959=ORIENTED_EDGE('',*,*,#1960,.F.);
#2960=ORIENTED_EDGE('',*,*,#2118,.F.);
#2961=ORIENTED_EDGE('',*,*,#1931,.F.);
#2962=ORIENTED_EDGE('',*,*,#2118,.T.);
#2963=ORIENTED_EDGE('',*,*,#1963,.F.);
#2964=ORIENTED_EDGE('',*,*,#2119,.F.);
#2965=ORIENTED_EDGE('',*,*,#1900,.F.);
#2966=ORIENTED_EDGE('',*,*,#2119,.T.);
#2967=ORIENTED_EDGE('',*,*,#1966,.F.);
#2968=ORIENTED_EDGE('',*,*,#2120,.F.);
#2969=ORIENTED_EDGE('',*,*,#1903,.F.);
#2970=ORIENTED_EDGE('',*,*,#2120,.T.);
#2971=ORIENTED_EDGE('',*,*,#1969,.F.);
#2972=ORIENTED_EDGE('',*,*,#2121,.F.);
#2973=ORIENTED_EDGE('',*,*,#1905,.F.);
#2974=ORIENTED_EDGE('',*,*,#2121,.T.);
#2975=ORIENTED_EDGE('',*,*,#1972,.F.);
#2976=ORIENTED_EDGE('',*,*,#2122,.F.);
#2977=ORIENTED_EDGE('',*,*,#1922,.F.);
#2978=ORIENTED_EDGE('',*,*,#2122,.T.);
#2979=ORIENTED_EDGE('',*,*,#1975,.F.);
#2980=ORIENTED_EDGE('',*,*,#1947,.F.);
#2981=ORIENTED_EDGE('',*,*,#1814,.F.);
#2982=ORIENTED_EDGE('',*,*,#1836,.T.);
#2983=ORIENTED_EDGE('',*,*,#2034,.F.);
#2984=ORIENTED_EDGE('',*,*,#2123,.F.);
#2985=ORIENTED_EDGE('',*,*,#1816,.F.);
#2986=ORIENTED_EDGE('',*,*,#2123,.T.);
#2987=ORIENTED_EDGE('',*,*,#2037,.F.);
#2988=ORIENTED_EDGE('',*,*,#2124,.F.);
#2989=ORIENTED_EDGE('',*,*,#1818,.F.);
#2990=ORIENTED_EDGE('',*,*,#2124,.T.);
#2991=ORIENTED_EDGE('',*,*,#2040,.F.);
#2992=ORIENTED_EDGE('',*,*,#2125,.F.);
#2993=ORIENTED_EDGE('',*,*,#1820,.F.);
#2994=ORIENTED_EDGE('',*,*,#2125,.T.);
#2995=ORIENTED_EDGE('',*,*,#2043,.F.);
#2996=ORIENTED_EDGE('',*,*,#2126,.F.);
#2997=ORIENTED_EDGE('',*,*,#1822,.F.);
#2998=ORIENTED_EDGE('',*,*,#2126,.T.);
#2999=ORIENTED_EDGE('',*,*,#2046,.F.);
#3000=ORIENTED_EDGE('',*,*,#2127,.F.);
#3001=ORIENTED_EDGE('',*,*,#1824,.F.);
#3002=ORIENTED_EDGE('',*,*,#2127,.T.);
#3003=ORIENTED_EDGE('',*,*,#2049,.F.);
#3004=ORIENTED_EDGE('',*,*,#2128,.F.);
#3005=ORIENTED_EDGE('',*,*,#1826,.F.);
#3006=ORIENTED_EDGE('',*,*,#2128,.T.);
#3007=ORIENTED_EDGE('',*,*,#2052,.F.);
#3008=ORIENTED_EDGE('',*,*,#2129,.F.);
#3009=ORIENTED_EDGE('',*,*,#1828,.F.);
#3010=ORIENTED_EDGE('',*,*,#2129,.T.);
#3011=ORIENTED_EDGE('',*,*,#2055,.F.);
#3012=ORIENTED_EDGE('',*,*,#1849,.F.);
#3013=ORIENTED_EDGE('',*,*,#1868,.F.);
#3014=ORIENTED_EDGE('',*,*,#1885,.T.);
#3015=ORIENTED_EDGE('',*,*,#1994,.F.);
#3016=ORIENTED_EDGE('',*,*,#2130,.F.);
#3017=ORIENTED_EDGE('',*,*,#1870,.F.);
#3018=ORIENTED_EDGE('',*,*,#2130,.T.);
#3019=ORIENTED_EDGE('',*,*,#1997,.F.);
#3020=ORIENTED_EDGE('',*,*,#2131,.F.);
#3021=ORIENTED_EDGE('',*,*,#1872,.F.);
#3022=ORIENTED_EDGE('',*,*,#2131,.T.);
#3023=ORIENTED_EDGE('',*,*,#2000,.F.);
#3024=ORIENTED_EDGE('',*,*,#2132,.F.);
#3025=ORIENTED_EDGE('',*,*,#1874,.F.);
#3026=ORIENTED_EDGE('',*,*,#2132,.T.);
#3027=ORIENTED_EDGE('',*,*,#2003,.F.);
#3028=ORIENTED_EDGE('',*,*,#2133,.F.);
#3029=ORIENTED_EDGE('',*,*,#1876,.F.);
#3030=ORIENTED_EDGE('',*,*,#2133,.T.);
#3031=ORIENTED_EDGE('',*,*,#2006,.F.);
#3032=ORIENTED_EDGE('',*,*,#2134,.F.);
#3033=ORIENTED_EDGE('',*,*,#1878,.F.);
#3034=ORIENTED_EDGE('',*,*,#2134,.T.);
#3035=ORIENTED_EDGE('',*,*,#2009,.F.);
#3036=ORIENTED_EDGE('',*,*,#2135,.F.);
#3037=ORIENTED_EDGE('',*,*,#1880,.F.);
#3038=ORIENTED_EDGE('',*,*,#2135,.T.);
#3039=ORIENTED_EDGE('',*,*,#2012,.F.);
#3040=ORIENTED_EDGE('',*,*,#2136,.F.);
#3041=ORIENTED_EDGE('',*,*,#1882,.F.);
#3042=ORIENTED_EDGE('',*,*,#2136,.T.);
#3043=ORIENTED_EDGE('',*,*,#2015,.F.);
#3044=ORIENTED_EDGE('',*,*,#1898,.F.);
#3045=ORIENTED_EDGE('',*,*,#2137,.T.);
#3046=ORIENTED_EDGE('',*,*,#2138,.T.);
#3047=ORIENTED_EDGE('',*,*,#1753,.F.);
#3048=ORIENTED_EDGE('',*,*,#2139,.F.);
#3049=ORIENTED_EDGE('',*,*,#2140,.T.);
#3050=ORIENTED_EDGE('',*,*,#2139,.T.);
#3051=ORIENTED_EDGE('',*,*,#1752,.F.);
#3052=ORIENTED_EDGE('',*,*,#2141,.F.);
#3053=ORIENTED_EDGE('',*,*,#2142,.T.);
#3054=ORIENTED_EDGE('',*,*,#2141,.T.);
#3055=ORIENTED_EDGE('',*,*,#1751,.F.);
#3056=ORIENTED_EDGE('',*,*,#2143,.F.);
#3057=ORIENTED_EDGE('',*,*,#2144,.T.);
#3058=ORIENTED_EDGE('',*,*,#2143,.T.);
#3059=ORIENTED_EDGE('',*,*,#1750,.F.);
#3060=ORIENTED_EDGE('',*,*,#2138,.F.);
#3061=ORIENTED_EDGE('',*,*,#2144,.F.);
#3062=ORIENTED_EDGE('',*,*,#2137,.F.);
#3063=ORIENTED_EDGE('',*,*,#2140,.F.);
#3064=ORIENTED_EDGE('',*,*,#2142,.F.);
#3065=CYLINDRICAL_SURFACE('',#3345,0.4);
#3066=CYLINDRICAL_SURFACE('',#3348,0.4);
#3067=CYLINDRICAL_SURFACE('',#3350,0.4);
#3068=CYLINDRICAL_SURFACE('',#3352,0.4);
#3069=CYLINDRICAL_SURFACE('',#3354,0.4);
#3070=CYLINDRICAL_SURFACE('',#3356,0.4);
#3071=CYLINDRICAL_SURFACE('',#3359,0.4);
#3072=CYLINDRICAL_SURFACE('',#3361,0.4);
#3073=CYLINDRICAL_SURFACE('',#3363,0.4);
#3074=CYLINDRICAL_SURFACE('',#3365,0.4);
#3075=CYLINDRICAL_SURFACE('',#3366,0.4);
#3076=CYLINDRICAL_SURFACE('',#3368,0.4);
#3077=CYLINDRICAL_SURFACE('',#3370,0.4);
#3078=CYLINDRICAL_SURFACE('',#3372,0.4);
#3079=CYLINDRICAL_SURFACE('',#3374,0.4);
#3080=CYLINDRICAL_SURFACE('',#3376,0.4);
#3081=CYLINDRICAL_SURFACE('',#3386,0.4);
#3082=CYLINDRICAL_SURFACE('',#3389,0.4);
#3083=CYLINDRICAL_SURFACE('',#3391,0.4);
#3084=CYLINDRICAL_SURFACE('',#3394,0.4);
#3085=CYLINDRICAL_SURFACE('',#3396,0.4);
#3086=CYLINDRICAL_SURFACE('',#3398,0.4);
#3087=CYLINDRICAL_SURFACE('',#3400,0.4);
#3088=CYLINDRICAL_SURFACE('',#3402,0.4);
#3089=CYLINDRICAL_SURFACE('',#3404,0.4);
#3090=CYLINDRICAL_SURFACE('',#3406,0.4);
#3091=CYLINDRICAL_SURFACE('',#3408,0.4);
#3092=CYLINDRICAL_SURFACE('',#3410,0.4);
#3093=CYLINDRICAL_SURFACE('',#3412,0.4);
#3094=CYLINDRICAL_SURFACE('',#3413,0.4);
#3095=CYLINDRICAL_SURFACE('',#3415,0.4);
#3096=CYLINDRICAL_SURFACE('',#3417,0.4);
#3097=CYLINDRICAL_SURFACE('',#3426,0.4);
#3098=CYLINDRICAL_SURFACE('',#3429,0.4);
#3099=CYLINDRICAL_SURFACE('',#3431,0.4);
#3100=CYLINDRICAL_SURFACE('',#3433,0.4);
#3101=CYLINDRICAL_SURFACE('',#3435,0.4);
#3102=CYLINDRICAL_SURFACE('',#3437,0.4);
#3103=CYLINDRICAL_SURFACE('',#3439,0.4);
#3104=CYLINDRICAL_SURFACE('',#3441,0.4);
#3105=CYLINDRICAL_SURFACE('',#3443,0.4);
#3106=CYLINDRICAL_SURFACE('',#3445,0.4);
#3107=CYLINDRICAL_SURFACE('',#3447,0.4);
#3108=CYLINDRICAL_SURFACE('',#3449,0.4);
#3109=CYLINDRICAL_SURFACE('',#3451,0.4);
#3110=CYLINDRICAL_SURFACE('',#3453,0.4);
#3111=CYLINDRICAL_SURFACE('',#3455,0.4);
#3112=CYLINDRICAL_SURFACE('',#3457,0.4);
#3113=CYLINDRICAL_SURFACE('',#3466,0.4);
#3114=CYLINDRICAL_SURFACE('',#3469,0.4);
#3115=CYLINDRICAL_SURFACE('',#3471,0.4);
#3116=CYLINDRICAL_SURFACE('',#3473,0.4);
#3117=CYLINDRICAL_SURFACE('',#3476,0.4);
#3118=CYLINDRICAL_SURFACE('',#3478,0.4);
#3119=CYLINDRICAL_SURFACE('',#3480,0.4);
#3120=CYLINDRICAL_SURFACE('',#3482,0.4);
#3121=CYLINDRICAL_SURFACE('',#3484,0.4);
#3122=CYLINDRICAL_SURFACE('',#3486,0.4);
#3123=CYLINDRICAL_SURFACE('',#3488,0.4);
#3124=CYLINDRICAL_SURFACE('',#3489,0.4);
#3125=CYLINDRICAL_SURFACE('',#3491,0.4);
#3126=CYLINDRICAL_SURFACE('',#3493,0.4);
#3127=CYLINDRICAL_SURFACE('',#3495,0.4);
#3128=CYLINDRICAL_SURFACE('',#3497,0.4);
#3129=ADVANCED_FACE('',(#157),#3065,.F.);
#3130=ADVANCED_FACE('',(#158),#3066,.F.);
#3131=ADVANCED_FACE('',(#159),#3067,.F.);
#3132=ADVANCED_FACE('',(#160),#3068,.F.);
#3133=ADVANCED_FACE('',(#161),#3069,.F.);
#3134=ADVANCED_FACE('',(#162),#3070,.F.);
#3135=ADVANCED_FACE('',(#163),#3071,.F.);
#3136=ADVANCED_FACE('',(#164),#3072,.F.);
#3137=ADVANCED_FACE('',(#165),#3073,.F.);
#3138=ADVANCED_FACE('',(#166),#3074,.F.);
#3139=ADVANCED_FACE('',(#167),#3075,.F.);
#3140=ADVANCED_FACE('',(#168),#3076,.F.);
#3141=ADVANCED_FACE('',(#169),#3077,.F.);
#3142=ADVANCED_FACE('',(#170),#3078,.F.);
#3143=ADVANCED_FACE('',(#171),#3079,.F.);
#3144=ADVANCED_FACE('',(#172),#3080,.F.);
#3145=ADVANCED_FACE('',(#173),#19,.T.);
#3146=ADVANCED_FACE('',(#174),#20,.T.);
#3147=ADVANCED_FACE('',(#175),#21,.T.);
#3148=ADVANCED_FACE('',(#176),#22,.T.);
#3149=ADVANCED_FACE('',(#177),#23,.T.);
#3150=ADVANCED_FACE('',(#178),#24,.T.);
#3151=ADVANCED_FACE('',(#179),#25,.T.);
#3152=ADVANCED_FACE('',(#180),#26,.T.);
#3153=ADVANCED_FACE('',(#181,#15,#16,#17,#18),#27,.T.);
#3154=ADVANCED_FACE('',(#182),#3081,.F.);
#3155=ADVANCED_FACE('',(#183),#3082,.F.);
#3156=ADVANCED_FACE('',(#184),#3083,.F.);
#3157=ADVANCED_FACE('',(#185),#3084,.F.);
#3158=ADVANCED_FACE('',(#186),#3085,.F.);
#3159=ADVANCED_FACE('',(#187),#3086,.F.);
#3160=ADVANCED_FACE('',(#188),#3087,.F.);
#3161=ADVANCED_FACE('',(#189),#3088,.F.);
#3162=ADVANCED_FACE('',(#190),#3089,.F.);
#3163=ADVANCED_FACE('',(#191),#3090,.F.);
#3164=ADVANCED_FACE('',(#192),#3091,.F.);
#3165=ADVANCED_FACE('',(#193),#3092,.F.);
#3166=ADVANCED_FACE('',(#194),#3093,.F.);
#3167=ADVANCED_FACE('',(#195),#3094,.F.);
#3168=ADVANCED_FACE('',(#196),#3095,.F.);
#3169=ADVANCED_FACE('',(#197),#3096,.F.);
#3170=ADVANCED_FACE('',(#198),#28,.T.);
#3171=ADVANCED_FACE('',(#199),#29,.T.);
#3172=ADVANCED_FACE('',(#200),#30,.T.);
#3173=ADVANCED_FACE('',(#201),#31,.T.);
#3174=ADVANCED_FACE('',(#202),#32,.T.);
#3175=ADVANCED_FACE('',(#203),#33,.T.);
#3176=ADVANCED_FACE('',(#204),#34,.T.);
#3177=ADVANCED_FACE('',(#205),#35,.T.);
#3178=ADVANCED_FACE('',(#206),#3097,.F.);
#3179=ADVANCED_FACE('',(#207),#3098,.F.);
#3180=ADVANCED_FACE('',(#208),#3099,.F.);
#3181=ADVANCED_FACE('',(#209),#3100,.F.);
#3182=ADVANCED_FACE('',(#210),#3101,.F.);
#3183=ADVANCED_FACE('',(#211),#3102,.F.);
#3184=ADVANCED_FACE('',(#212),#3103,.F.);
#3185=ADVANCED_FACE('',(#213),#3104,.F.);
#3186=ADVANCED_FACE('',(#214),#3105,.F.);
#3187=ADVANCED_FACE('',(#215),#3106,.F.);
#3188=ADVANCED_FACE('',(#216),#3107,.F.);
#3189=ADVANCED_FACE('',(#217),#3108,.F.);
#3190=ADVANCED_FACE('',(#218),#3109,.F.);
#3191=ADVANCED_FACE('',(#219),#3110,.F.);
#3192=ADVANCED_FACE('',(#220),#3111,.F.);
#3193=ADVANCED_FACE('',(#221),#3112,.F.);
#3194=ADVANCED_FACE('',(#222),#36,.T.);
#3195=ADVANCED_FACE('',(#223),#37,.T.);
#3196=ADVANCED_FACE('',(#224),#38,.T.);
#3197=ADVANCED_FACE('',(#225),#39,.T.);
#3198=ADVANCED_FACE('',(#226),#40,.T.);
#3199=ADVANCED_FACE('',(#227),#41,.T.);
#3200=ADVANCED_FACE('',(#228),#42,.T.);
#3201=ADVANCED_FACE('',(#229),#43,.T.);
#3202=ADVANCED_FACE('',(#230),#3113,.F.);
#3203=ADVANCED_FACE('',(#231),#3114,.F.);
#3204=ADVANCED_FACE('',(#232),#3115,.F.);
#3205=ADVANCED_FACE('',(#233),#3116,.F.);
#3206=ADVANCED_FACE('',(#234),#3117,.F.);
#3207=ADVANCED_FACE('',(#235),#3118,.F.);
#3208=ADVANCED_FACE('',(#236),#3119,.F.);
#3209=ADVANCED_FACE('',(#237),#3120,.F.);
#3210=ADVANCED_FACE('',(#238),#3121,.F.);
#3211=ADVANCED_FACE('',(#239),#3122,.F.);
#3212=ADVANCED_FACE('',(#240),#3123,.F.);
#3213=ADVANCED_FACE('',(#241),#3124,.F.);
#3214=ADVANCED_FACE('',(#242),#3125,.F.);
#3215=ADVANCED_FACE('',(#243),#3126,.F.);
#3216=ADVANCED_FACE('',(#244),#3127,.F.);
#3217=ADVANCED_FACE('',(#245),#3128,.F.);
#3218=ADVANCED_FACE('',(#246),#44,.T.);
#3219=ADVANCED_FACE('',(#247),#45,.T.);
#3220=ADVANCED_FACE('',(#248),#46,.T.);
#3221=ADVANCED_FACE('',(#249),#47,.T.);
#3222=ADVANCED_FACE('',(#250),#48,.T.);
#3223=ADVANCED_FACE('',(#251),#49,.T.);
#3224=ADVANCED_FACE('',(#252),#50,.T.);
#3225=ADVANCED_FACE('',(#253),#51,.T.);
#3226=ADVANCED_FACE('',(#254),#52,.T.);
#3227=ADVANCED_FACE('',(#255),#53,.T.);
#3228=ADVANCED_FACE('',(#256),#54,.T.);
#3229=ADVANCED_FACE('',(#257),#55,.T.);
#3230=ADVANCED_FACE('',(#258),#56,.T.);
#3231=ADVANCED_FACE('',(#259),#57,.T.);
#3232=ADVANCED_FACE('',(#260),#58,.T.);
#3233=ADVANCED_FACE('',(#261),#59,.T.);
#3234=ADVANCED_FACE('',(#262),#60,.T.);
#3235=ADVANCED_FACE('',(#263),#61,.T.);
#3236=ADVANCED_FACE('',(#264),#62,.T.);
#3237=ADVANCED_FACE('',(#265),#63,.T.);
#3238=ADVANCED_FACE('',(#266),#64,.T.);
#3239=ADVANCED_FACE('',(#267),#65,.T.);
#3240=ADVANCED_FACE('',(#268),#66,.T.);
#3241=ADVANCED_FACE('',(#269),#67,.T.);
#3242=ADVANCED_FACE('',(#270),#68,.T.);
#3243=ADVANCED_FACE('',(#271),#69,.T.);
#3244=ADVANCED_FACE('',(#272),#70,.T.);
#3245=ADVANCED_FACE('',(#273),#71,.T.);
#3246=ADVANCED_FACE('',(#274),#72,.T.);
#3247=ADVANCED_FACE('',(#275),#73,.T.);
#3248=ADVANCED_FACE('',(#276),#74,.T.);
#3249=ADVANCED_FACE('',(#277),#75,.T.);
#3250=ADVANCED_FACE('',(#278),#76,.T.);
#3251=ADVANCED_FACE('',(#279),#77,.T.);
#3252=ADVANCED_FACE('',(#280),#78,.T.);
#3253=ADVANCED_FACE('',(#281),#79,.T.);
#3254=ADVANCED_FACE('',(#282),#80,.T.);
#3255=ADVANCED_FACE('',(#283),#81,.T.);
#3256=ADVANCED_FACE('',(#284),#82,.T.);
#3257=ADVANCED_FACE('',(#285),#83,.T.);
#3258=ADVANCED_FACE('',(#286),#84,.T.);
#3259=ADVANCED_FACE('',(#287),#85,.T.);
#3260=ADVANCED_FACE('',(#288),#86,.T.);
#3261=ADVANCED_FACE('',(#289),#87,.T.);
#3262=ADVANCED_FACE('',(#290),#88,.T.);
#3263=ADVANCED_FACE('',(#291),#89,.T.);
#3264=ADVANCED_FACE('',(#292),#90,.T.);
#3265=ADVANCED_FACE('',(#293),#91,.T.);
#3266=ADVANCED_FACE('',(#294),#92,.T.);
#3267=ADVANCED_FACE('',(#295),#93,.T.);
#3268=ADVANCED_FACE('',(#296),#94,.T.);
#3269=ADVANCED_FACE('',(#297),#95,.T.);
#3270=ADVANCED_FACE('',(#298),#96,.T.);
#3271=ADVANCED_FACE('',(#299),#97,.T.);
#3272=ADVANCED_FACE('',(#300),#98,.T.);
#3273=ADVANCED_FACE('',(#301),#99,.T.);
#3274=ADVANCED_FACE('',(#302),#100,.T.);
#3275=ADVANCED_FACE('',(#303),#101,.T.);
#3276=ADVANCED_FACE('',(#304),#102,.T.);
#3277=ADVANCED_FACE('',(#305),#103,.T.);
#3278=ADVANCED_FACE('',(#306),#104,.T.);
#3279=ADVANCED_FACE('',(#307),#105,.T.);
#3280=ADVANCED_FACE('',(#308),#106,.T.);
#3281=ADVANCED_FACE('',(#309),#107,.T.);
#3282=ADVANCED_FACE('',(#310),#108,.T.);
#3283=ADVANCED_FACE('',(#311),#109,.T.);
#3284=ADVANCED_FACE('',(#312),#110,.T.);
#3285=ADVANCED_FACE('',(#313),#111,.T.);
#3286=ADVANCED_FACE('',(#314),#112,.T.);
#3287=ADVANCED_FACE('',(#315),#113,.T.);
#3288=ADVANCED_FACE('',(#316),#114,.T.);
#3289=ADVANCED_FACE('',(#317),#115,.T.);
#3290=ADVANCED_FACE('',(#318),#116,.T.);
#3291=ADVANCED_FACE('',(#319),#117,.T.);
#3292=ADVANCED_FACE('',(#320),#118,.T.);
#3293=ADVANCED_FACE('',(#321),#119,.T.);
#3294=ADVANCED_FACE('',(#322),#120,.T.);
#3295=ADVANCED_FACE('',(#323),#121,.T.);
#3296=ADVANCED_FACE('',(#324),#122,.T.);
#3297=ADVANCED_FACE('',(#325),#123,.T.);
#3298=ADVANCED_FACE('',(#326),#124,.T.);
#3299=ADVANCED_FACE('',(#327),#125,.T.);
#3300=ADVANCED_FACE('',(#328),#126,.T.);
#3301=ADVANCED_FACE('',(#329),#127,.T.);
#3302=ADVANCED_FACE('',(#330),#128,.T.);
#3303=ADVANCED_FACE('',(#331),#129,.T.);
#3304=ADVANCED_FACE('',(#332),#130,.T.);
#3305=ADVANCED_FACE('',(#333),#131,.T.);
#3306=ADVANCED_FACE('',(#334),#132,.T.);
#3307=ADVANCED_FACE('',(#335),#133,.T.);
#3308=ADVANCED_FACE('',(#336),#134,.T.);
#3309=ADVANCED_FACE('',(#337),#135,.T.);
#3310=ADVANCED_FACE('',(#338),#136,.T.);
#3311=ADVANCED_FACE('',(#339),#137,.T.);
#3312=ADVANCED_FACE('',(#340),#138,.T.);
#3313=ADVANCED_FACE('',(#341),#139,.T.);
#3314=ADVANCED_FACE('',(#342),#140,.T.);
#3315=ADVANCED_FACE('',(#343),#141,.T.);
#3316=ADVANCED_FACE('',(#344),#142,.T.);
#3317=ADVANCED_FACE('',(#345),#143,.T.);
#3318=ADVANCED_FACE('',(#346),#144,.T.);
#3319=ADVANCED_FACE('',(#347),#145,.T.);
#3320=ADVANCED_FACE('',(#348),#146,.T.);
#3321=ADVANCED_FACE('',(#349),#147,.T.);
#3322=ADVANCED_FACE('',(#350),#148,.T.);
#3323=ADVANCED_FACE('',(#351),#149,.T.);
#3324=ADVANCED_FACE('',(#352),#150,.T.);
#3325=ADVANCED_FACE('',(#353),#151,.T.);
#3326=ADVANCED_FACE('',(#354),#152,.T.);
#3327=ADVANCED_FACE('',(#355),#153,.T.);
#3328=ADVANCED_FACE('',(#356),#154,.T.);
#3329=ADVANCED_FACE('',(#357),#155,.T.);
#3330=ADVANCED_FACE('',(#358),#156,.F.);
#3331=CLOSED_SHELL('',(#3129,#3130,#3131,#3132,#3133,#3134,#3135,#3136,
#3137,#3138,#3139,#3140,#3141,#3142,#3143,#3144,#3145,#3146,#3147,#3148,
#3149,#3150,#3151,#3152,#3153,#3154,#3155,#3156,#3157,#3158,#3159,#3160,
#3161,#3162,#3163,#3164,#3165,#3166,#3167,#3168,#3169,#3170,#3171,#3172,
#3173,#3174,#3175,#3176,#3177,#3178,#3179,#3180,#3181,#3182,#3183,#3184,
#3185,#3186,#3187,#3188,#3189,#3190,#3191,#3192,#3193,#3194,#3195,#3196,
#3197,#3198,#3199,#3200,#3201,#3202,#3203,#3204,#3205,#3206,#3207,#3208,
#3209,#3210,#3211,#3212,#3213,#3214,#3215,#3216,#3217,#3218,#3219,#3220,
#3221,#3222,#3223,#3224,#3225,#3226,#3227,#3228,#3229,#3230,#3231,#3232,
#3233,#3234,#3235,#3236,#3237,#3238,#3239,#3240,#3241,#3242,#3243,#3244,
#3245,#3246,#3247,#3248,#3249,#3250,#3251,#3252,#3253,#3254,#3255,#3256,
#3257,#3258,#3259,#3260,#3261,#3262,#3263,#3264,#3265,#3266,#3267,#3268,
#3269,#3270,#3271,#3272,#3273,#3274,#3275,#3276,#3277,#3278,#3279,#3280,
#3281,#3282,#3283,#3284,#3285,#3286,#3287,#3288,#3289,#3290,#3291,#3292,
#3293,#3294,#3295,#3296,#3297,#3298,#3299,#3300,#3301,#3302,#3303,#3304,
#3305,#3306,#3307,#3308,#3309,#3310,#3311,#3312,#3313,#3314,#3315,#3316,
#3317,#3318,#3319,#3320,#3321,#3322,#3323,#3324,#3325,#3326,#3327,#3328,
#3329,#3330));
#3332=DERIVED_UNIT_ELEMENT(#3334,1.);
#3333=DERIVED_UNIT_ELEMENT(#5473,-3.);
#3334=(
MASS_UNIT()
NAMED_UNIT(*)
SI_UNIT(.KILO.,.GRAM.)
);
#3335=DERIVED_UNIT((#3332,#3333));
#3336=MEASURE_REPRESENTATION_ITEM('density measure',
POSITIVE_RATIO_MEASURE(7850.),#3335);
#3337=PROPERTY_DEFINITION_REPRESENTATION(#3342,#3339);
#3338=PROPERTY_DEFINITION_REPRESENTATION(#3343,#3340);
#3339=REPRESENTATION('material name',(#3341),#5470);
#3340=REPRESENTATION('density',(#3336),#5470);
#3341=DESCRIPTIVE_REPRESENTATION_ITEM('\X2\92FC\X0\','\X2\92FC\X0\');
#3342=PROPERTY_DEFINITION('material property','material name',#5480);
#3343=PROPERTY_DEFINITION('material property','density of part',#5480);
#3344=AXIS2_PLACEMENT_3D('',#4541,#3611,#3612);
#3345=AXIS2_PLACEMENT_3D('',#4542,#3613,#3614);
#3346=AXIS2_PLACEMENT_3D('',#4547,#3616,#3617);
#3347=AXIS2_PLACEMENT_3D('',#4550,#3619,#3620);
#3348=AXIS2_PLACEMENT_3D('',#4551,#3621,#3622);
#3349=AXIS2_PLACEMENT_3D('',#4555,#3624,#3625);
#3350=AXIS2_PLACEMENT_3D('',#4557,#3627,#3628);
#3351=AXIS2_PLACEMENT_3D('',#4561,#3630,#3631);
#3352=AXIS2_PLACEMENT_3D('',#4563,#3633,#3634);
#3353=AXIS2_PLACEMENT_3D('',#4567,#3636,#3637);
#3354=AXIS2_PLACEMENT_3D('',#4569,#3639,#3640);
#3355=AXIS2_PLACEMENT_3D('',#4573,#3642,#3643);
#3356=AXIS2_PLACEMENT_3D('',#4575,#3645,#3646);
#3357=AXIS2_PLACEMENT_3D('',#4580,#3648,#3649);
#3358=AXIS2_PLACEMENT_3D('',#4583,#3651,#3652);
#3359=AXIS2_PLACEMENT_3D('',#4584,#3653,#3654);
#3360=AXIS2_PLACEMENT_3D('',#4588,#3656,#3657);
#3361=AXIS2_PLACEMENT_3D('',#4590,#3659,#3660);
#3362=AXIS2_PLACEMENT_3D('',#4594,#3662,#3663);
#3363=AXIS2_PLACEMENT_3D('',#4596,#3665,#3666);
#3364=AXIS2_PLACEMENT_3D('',#4601,#3669,#3670);
#3365=AXIS2_PLACEMENT_3D('',#4602,#3671,#3672);
#3366=AXIS2_PLACEMENT_3D('',#4605,#3675,#3676);
#3367=AXIS2_PLACEMENT_3D('',#4610,#3679,#3680);
#3368=AXIS2_PLACEMENT_3D('',#4611,#3681,#3682);
#3369=AXIS2_PLACEMENT_3D('',#4616,#3685,#3686);
#3370=AXIS2_PLACEMENT_3D('',#4617,#3687,#3688);
#3371=AXIS2_PLACEMENT_3D('',#4622,#3691,#3692);
#3372=AXIS2_PLACEMENT_3D('',#4623,#3693,#3694);
#3373=AXIS2_PLACEMENT_3D('',#4628,#3697,#3698);
#3374=AXIS2_PLACEMENT_3D('',#4629,#3699,#3700);
#3375=AXIS2_PLACEMENT_3D('',#4634,#3703,#3704);
#3376=AXIS2_PLACEMENT_3D('',#4635,#3705,#3706);
#3377=AXIS2_PLACEMENT_3D('',#4638,#3709,#3710);
#3378=AXIS2_PLACEMENT_3D('',#4644,#3714,#3715);
#3379=AXIS2_PLACEMENT_3D('',#4648,#3718,#3719);
#3380=AXIS2_PLACEMENT_3D('',#4652,#3722,#3723);
#3381=AXIS2_PLACEMENT_3D('',#4656,#3726,#3727);
#3382=AXIS2_PLACEMENT_3D('',#4660,#3730,#3731);
#3383=AXIS2_PLACEMENT_3D('',#4664,#3734,#3735);
#3384=AXIS2_PLACEMENT_3D('',#4668,#3738,#3739);
#3385=AXIS2_PLACEMENT_3D('',#4672,#3742,#3743);
#3386=AXIS2_PLACEMENT_3D('',#4777,#3796,#3797);
#3387=AXIS2_PLACEMENT_3D('',#4781,#3799,#3800);
#3388=AXIS2_PLACEMENT_3D('',#4782,#3801,#3802);
#3389=AXIS2_PLACEMENT_3D('',#4783,#3803,#3804);
#3390=AXIS2_PLACEMENT_3D('',#4786,#3806,#3807);
#3391=AXIS2_PLACEMENT_3D('',#4787,#3808,#3809);
#3392=AXIS2_PLACEMENT_3D('',#4789,#3810,#3811);
#3393=AXIS2_PLACEMENT_3D('',#4792,#3813,#3814);
#3394=AXIS2_PLACEMENT_3D('',#4793,#3815,#3816);
#3395=AXIS2_PLACEMENT_3D('',#4796,#3818,#3819);
#3396=AXIS2_PLACEMENT_3D('',#4797,#3820,#3821);
#3397=AXIS2_PLACEMENT_3D('',#4800,#3823,#3824);
#3398=AXIS2_PLACEMENT_3D('',#4801,#3825,#3826);
#3399=AXIS2_PLACEMENT_3D('',#4804,#3828,#3829);
#3400=AXIS2_PLACEMENT_3D('',#4805,#3830,#3831);
#3401=AXIS2_PLACEMENT_3D('',#4808,#3833,#3834);
#3402=AXIS2_PLACEMENT_3D('',#4809,#3835,#3836);
#3403=AXIS2_PLACEMENT_3D('',#4812,#3838,#3839);
#3404=AXIS2_PLACEMENT_3D('',#4813,#3840,#3841);
#3405=AXIS2_PLACEMENT_3D('',#4816,#3843,#3844);
#3406=AXIS2_PLACEMENT_3D('',#4817,#3845,#3846);
#3407=AXIS2_PLACEMENT_3D('',#4820,#3848,#3849);
#3408=AXIS2_PLACEMENT_3D('',#4821,#3850,#3851);
#3409=AXIS2_PLACEMENT_3D('',#4824,#3853,#3854);
#3410=AXIS2_PLACEMENT_3D('',#4825,#3855,#3856);
#3411=AXIS2_PLACEMENT_3D('',#4828,#3858,#3859);
#3412=AXIS2_PLACEMENT_3D('',#4829,#3860,#3861);
#3413=AXIS2_PLACEMENT_3D('',#4831,#3863,#3864);
#3414=AXIS2_PLACEMENT_3D('',#4834,#3866,#3867);
#3415=AXIS2_PLACEMENT_3D('',#4835,#3868,#3869);
#3416=AXIS2_PLACEMENT_3D('',#4838,#3871,#3872);
#3417=AXIS2_PLACEMENT_3D('',#4839,#3873,#3874);
#3418=AXIS2_PLACEMENT_3D('',#4841,#3876,#3877);
#3419=AXIS2_PLACEMENT_3D('',#4847,#3881,#3882);
#3420=AXIS2_PLACEMENT_3D('',#4851,#3885,#3886);
#3421=AXIS2_PLACEMENT_3D('',#4855,#3889,#3890);
#3422=AXIS2_PLACEMENT_3D('',#4859,#3893,#3894);
#3423=AXIS2_PLACEMENT_3D('',#4863,#3897,#3898);
#3424=AXIS2_PLACEMENT_3D('',#4867,#3901,#3902);
#3425=AXIS2_PLACEMENT_3D('',#4871,#3905,#3906);
#3426=AXIS2_PLACEMENT_3D('',#4875,#3909,#3910);
#3427=AXIS2_PLACEMENT_3D('',#4879,#3912,#3913);
#3428=AXIS2_PLACEMENT_3D('',#4880,#3914,#3915);
#3429=AXIS2_PLACEMENT_3D('',#4881,#3916,#3917);
#3430=AXIS2_PLACEMENT_3D('',#4884,#3919,#3920);
#3431=AXIS2_PLACEMENT_3D('',#4885,#3921,#3922);
#3432=AXIS2_PLACEMENT_3D('',#4888,#3924,#3925);
#3433=AXIS2_PLACEMENT_3D('',#4889,#3926,#3927);
#3434=AXIS2_PLACEMENT_3D('',#4892,#3929,#3930);
#3435=AXIS2_PLACEMENT_3D('',#4893,#3931,#3932);
#3436=AXIS2_PLACEMENT_3D('',#4896,#3934,#3935);
#3437=AXIS2_PLACEMENT_3D('',#4897,#3936,#3937);
#3438=AXIS2_PLACEMENT_3D('',#4900,#3939,#3940);
#3439=AXIS2_PLACEMENT_3D('',#4901,#3941,#3942);
#3440=AXIS2_PLACEMENT_3D('',#4904,#3944,#3945);
#3441=AXIS2_PLACEMENT_3D('',#4905,#3946,#3947);
#3442=AXIS2_PLACEMENT_3D('',#4908,#3949,#3950);
#3443=AXIS2_PLACEMENT_3D('',#4909,#3951,#3952);
#3444=AXIS2_PLACEMENT_3D('',#4912,#3954,#3955);
#3445=AXIS2_PLACEMENT_3D('',#4913,#3956,#3957);
#3446=AXIS2_PLACEMENT_3D('',#4916,#3959,#3960);
#3447=AXIS2_PLACEMENT_3D('',#4917,#3961,#3962);
#3448=AXIS2_PLACEMENT_3D('',#4920,#3964,#3965);
#3449=AXIS2_PLACEMENT_3D('',#4921,#3966,#3967);
#3450=AXIS2_PLACEMENT_3D('',#4924,#3969,#3970);
#3451=AXIS2_PLACEMENT_3D('',#4925,#3971,#3972);
#3452=AXIS2_PLACEMENT_3D('',#4928,#3974,#3975);
#3453=AXIS2_PLACEMENT_3D('',#4929,#3976,#3977);
#3454=AXIS2_PLACEMENT_3D('',#4932,#3979,#3980);
#3455=AXIS2_PLACEMENT_3D('',#4933,#3981,#3982);
#3456=AXIS2_PLACEMENT_3D('',#4936,#3984,#3985);
#3457=AXIS2_PLACEMENT_3D('',#4937,#3986,#3987);
#3458=AXIS2_PLACEMENT_3D('',#4939,#3989,#3990);
#3459=AXIS2_PLACEMENT_3D('',#4945,#3994,#3995);
#3460=AXIS2_PLACEMENT_3D('',#4949,#3998,#3999);
#3461=AXIS2_PLACEMENT_3D('',#4953,#4002,#4003);
#3462=AXIS2_PLACEMENT_3D('',#4957,#4006,#4007);
#3463=AXIS2_PLACEMENT_3D('',#4961,#4010,#4011);
#3464=AXIS2_PLACEMENT_3D('',#4965,#4014,#4015);
#3465=AXIS2_PLACEMENT_3D('',#4969,#4018,#4019);
#3466=AXIS2_PLACEMENT_3D('',#4973,#4022,#4023);
#3467=AXIS2_PLACEMENT_3D('',#4977,#4025,#4026);
#3468=AXIS2_PLACEMENT_3D('',#4978,#4027,#4028);
#3469=AXIS2_PLACEMENT_3D('',#4979,#4029,#4030);
#3470=AXIS2_PLACEMENT_3D('',#4982,#4032,#4033);
#3471=AXIS2_PLACEMENT_3D('',#4983,#4034,#4035);
#3472=AXIS2_PLACEMENT_3D('',#4986,#4037,#4038);
#3473=AXIS2_PLACEMENT_3D('',#4987,#4039,#4040);
#3474=AXIS2_PLACEMENT_3D('',#4991,#4042,#4043);
#3475=AXIS2_PLACEMENT_3D('',#4992,#4044,#4045);
#3476=AXIS2_PLACEMENT_3D('',#4993,#4046,#4047);
#3477=AXIS2_PLACEMENT_3D('',#4996,#4049,#4050);
#3478=AXIS2_PLACEMENT_3D('',#4997,#4051,#4052);
#3479=AXIS2_PLACEMENT_3D('',#5000,#4054,#4055);
#3480=AXIS2_PLACEMENT_3D('',#5001,#4056,#4057);
#3481=AXIS2_PLACEMENT_3D('',#5004,#4059,#4060);
#3482=AXIS2_PLACEMENT_3D('',#5005,#4061,#4062);
#3483=AXIS2_PLACEMENT_3D('',#5008,#4064,#4065);
#3484=AXIS2_PLACEMENT_3D('',#5009,#4066,#4067);
#3485=AXIS2_PLACEMENT_3D('',#5012,#4069,#4070);
#3486=AXIS2_PLACEMENT_3D('',#5013,#4071,#4072);
#3487=AXIS2_PLACEMENT_3D('',#5016,#4074,#4075);
#3488=AXIS2_PLACEMENT_3D('',#5017,#4076,#4077);
#3489=AXIS2_PLACEMENT_3D('',#5019,#4079,#4080);
#3490=AXIS2_PLACEMENT_3D('',#5022,#4082,#4083);
#3491=AXIS2_PLACEMENT_3D('',#5023,#4084,#4085);
#3492=AXIS2_PLACEMENT_3D('',#5026,#4087,#4088);
#3493=AXIS2_PLACEMENT_3D('',#5027,#4089,#4090);
#3494=AXIS2_PLACEMENT_3D('',#5030,#4092,#4093);
#3495=AXIS2_PLACEMENT_3D('',#5031,#4094,#4095);
#3496=AXIS2_PLACEMENT_3D('',#5034,#4097,#4098);
#3497=AXIS2_PLACEMENT_3D('',#5035,#4099,#4100);
#3498=AXIS2_PLACEMENT_3D('',#5037,#4102,#4103);
#3499=AXIS2_PLACEMENT_3D('',#5043,#4107,#4108);
#3500=AXIS2_PLACEMENT_3D('',#5047,#4111,#4112);
#3501=AXIS2_PLACEMENT_3D('',#5051,#4115,#4116);
#3502=AXIS2_PLACEMENT_3D('',#5055,#4119,#4120);
#3503=AXIS2_PLACEMENT_3D('',#5059,#4123,#4124);
#3504=AXIS2_PLACEMENT_3D('',#5063,#4127,#4128);
#3505=AXIS2_PLACEMENT_3D('',#5067,#4131,#4132);
#3506=AXIS2_PLACEMENT_3D('',#5071,#4135,#4136);
#3507=AXIS2_PLACEMENT_3D('',#5077,#4140,#4141);
#3508=AXIS2_PLACEMENT_3D('',#5083,#4145,#4146);
#3509=AXIS2_PLACEMENT_3D('',#5089,#4150,#4151);
#3510=AXIS2_PLACEMENT_3D('',#5095,#4155,#4156);
#3511=AXIS2_PLACEMENT_3D('',#5101,#4160,#4161);
#3512=AXIS2_PLACEMENT_3D('',#5107,#4165,#4166);
#3513=AXIS2_PLACEMENT_3D('',#5113,#4170,#4171);
#3514=AXIS2_PLACEMENT_3D('',#5119,#4175,#4176);
#3515=AXIS2_PLACEMENT_3D('',#5124,#4180,#4181);
#3516=AXIS2_PLACEMENT_3D('',#5128,#4184,#4185);
#3517=AXIS2_PLACEMENT_3D('',#5132,#4188,#4189);
#3518=AXIS2_PLACEMENT_3D('',#5136,#4192,#4193);
#3519=AXIS2_PLACEMENT_3D('',#5140,#4196,#4197);
#3520=AXIS2_PLACEMENT_3D('',#5144,#4200,#4201);
#3521=AXIS2_PLACEMENT_3D('',#5148,#4204,#4205);
#3522=AXIS2_PLACEMENT_3D('',#5150,#4207,#4208);
#3523=AXIS2_PLACEMENT_3D('',#5151,#4209,#4210);
#3524=AXIS2_PLACEMENT_3D('',#5157,#4214,#4215);
#3525=AXIS2_PLACEMENT_3D('',#5163,#4219,#4220);
#3526=AXIS2_PLACEMENT_3D('',#5169,#4224,#4225);
#3527=AXIS2_PLACEMENT_3D('',#5175,#4229,#4230);
#3528=AXIS2_PLACEMENT_3D('',#5181,#4234,#4235);
#3529=AXIS2_PLACEMENT_3D('',#5187,#4239,#4240);
#3530=AXIS2_PLACEMENT_3D('',#5193,#4244,#4245);
#3531=AXIS2_PLACEMENT_3D('',#5199,#4249,#4250);
#3532=AXIS2_PLACEMENT_3D('',#5204,#4254,#4255);
#3533=AXIS2_PLACEMENT_3D('',#5208,#4258,#4259);
#3534=AXIS2_PLACEMENT_3D('',#5212,#4262,#4263);
#3535=AXIS2_PLACEMENT_3D('',#5216,#4266,#4267);
#3536=AXIS2_PLACEMENT_3D('',#5220,#4270,#4271);
#3537=AXIS2_PLACEMENT_3D('',#5224,#4274,#4275);
#3538=AXIS2_PLACEMENT_3D('',#5228,#4278,#4279);
#3539=AXIS2_PLACEMENT_3D('',#5230,#4281,#4282);
#3540=AXIS2_PLACEMENT_3D('',#5231,#4283,#4284);
#3541=AXIS2_PLACEMENT_3D('',#5237,#4288,#4289);
#3542=AXIS2_PLACEMENT_3D('',#5243,#4293,#4294);
#3543=AXIS2_PLACEMENT_3D('',#5249,#4298,#4299);
#3544=AXIS2_PLACEMENT_3D('',#5255,#4303,#4304);
#3545=AXIS2_PLACEMENT_3D('',#5261,#4308,#4309);
#3546=AXIS2_PLACEMENT_3D('',#5267,#4313,#4314);
#3547=AXIS2_PLACEMENT_3D('',#5273,#4318,#4319);
#3548=AXIS2_PLACEMENT_3D('',#5279,#4323,#4324);
#3549=AXIS2_PLACEMENT_3D('',#5284,#4328,#4329);
#3550=AXIS2_PLACEMENT_3D('',#5288,#4332,#4333);
#3551=AXIS2_PLACEMENT_3D('',#5292,#4336,#4337);
#3552=AXIS2_PLACEMENT_3D('',#5296,#4340,#4341);
#3553=AXIS2_PLACEMENT_3D('',#5300,#4344,#4345);
#3554=AXIS2_PLACEMENT_3D('',#5304,#4348,#4349);
#3555=AXIS2_PLACEMENT_3D('',#5308,#4352,#4353);
#3556=AXIS2_PLACEMENT_3D('',#5310,#4355,#4356);
#3557=AXIS2_PLACEMENT_3D('',#5311,#4357,#4358);
#3558=AXIS2_PLACEMENT_3D('',#5317,#4362,#4363);
#3559=AXIS2_PLACEMENT_3D('',#5323,#4367,#4368);
#3560=AXIS2_PLACEMENT_3D('',#5329,#4372,#4373);
#3561=AXIS2_PLACEMENT_3D('',#5335,#4377,#4378);
#3562=AXIS2_PLACEMENT_3D('',#5341,#4382,#4383);
#3563=AXIS2_PLACEMENT_3D('',#5347,#4387,#4388);
#3564=AXIS2_PLACEMENT_3D('',#5353,#4392,#4393);
#3565=AXIS2_PLACEMENT_3D('',#5359,#4397,#4398);
#3566=AXIS2_PLACEMENT_3D('',#5364,#4402,#4403);
#3567=AXIS2_PLACEMENT_3D('',#5368,#4406,#4407);
#3568=AXIS2_PLACEMENT_3D('',#5372,#4410,#4411);
#3569=AXIS2_PLACEMENT_3D('',#5376,#4414,#4415);
#3570=AXIS2_PLACEMENT_3D('',#5380,#4418,#4419);
#3571=AXIS2_PLACEMENT_3D('',#5384,#4422,#4423);
#3572=AXIS2_PLACEMENT_3D('',#5388,#4426,#4427);
#3573=AXIS2_PLACEMENT_3D('',#5390,#4429,#4430);
#3574=AXIS2_PLACEMENT_3D('',#5391,#4431,#4432);
#3575=AXIS2_PLACEMENT_3D('',#5393,#4434,#4435);
#3576=AXIS2_PLACEMENT_3D('',#5395,#4437,#4438);
#3577=AXIS2_PLACEMENT_3D('',#5397,#4440,#4441);
#3578=AXIS2_PLACEMENT_3D('',#5399,#4443,#4444);
#3579=AXIS2_PLACEMENT_3D('',#5401,#4446,#4447);
#3580=AXIS2_PLACEMENT_3D('',#5403,#4449,#4450);
#3581=AXIS2_PLACEMENT_3D('',#5405,#4452,#4453);
#3582=AXIS2_PLACEMENT_3D('',#5406,#4454,#4455);
#3583=AXIS2_PLACEMENT_3D('',#5408,#4457,#4458);
#3584=AXIS2_PLACEMENT_3D('',#5410,#4460,#4461);
#3585=AXIS2_PLACEMENT_3D('',#5412,#4463,#4464);
#3586=AXIS2_PLACEMENT_3D('',#5414,#4466,#4467);
#3587=AXIS2_PLACEMENT_3D('',#5416,#4469,#4470);
#3588=AXIS2_PLACEMENT_3D('',#5418,#4472,#4473);
#3589=AXIS2_PLACEMENT_3D('',#5420,#4475,#4476);
#3590=AXIS2_PLACEMENT_3D('',#5421,#4477,#4478);
#3591=AXIS2_PLACEMENT_3D('',#5423,#4480,#4481);
#3592=AXIS2_PLACEMENT_3D('',#5425,#4483,#4484);
#3593=AXIS2_PLACEMENT_3D('',#5427,#4486,#4487);
#3594=AXIS2_PLACEMENT_3D('',#5429,#4489,#4490);
#3595=AXIS2_PLACEMENT_3D('',#5431,#4492,#4493);
#3596=AXIS2_PLACEMENT_3D('',#5433,#4495,#4496);
#3597=AXIS2_PLACEMENT_3D('',#5435,#4498,#4499);
#3598=AXIS2_PLACEMENT_3D('',#5436,#4500,#4501);
#3599=AXIS2_PLACEMENT_3D('',#5438,#4503,#4504);
#3600=AXIS2_PLACEMENT_3D('',#5440,#4506,#4507);
#3601=AXIS2_PLACEMENT_3D('',#5442,#4509,#4510);
#3602=AXIS2_PLACEMENT_3D('',#5444,#4512,#4513);
#3603=AXIS2_PLACEMENT_3D('',#5446,#4515,#4516);
#3604=AXIS2_PLACEMENT_3D('',#5448,#4518,#4519);
#3605=AXIS2_PLACEMENT_3D('',#5450,#4521,#4522);
#3606=AXIS2_PLACEMENT_3D('',#5451,#4523,#4524);
#3607=AXIS2_PLACEMENT_3D('',#5457,#4528,#4529);
#3608=AXIS2_PLACEMENT_3D('',#5461,#4532,#4533);
#3609=AXIS2_PLACEMENT_3D('',#5465,#4536,#4537);
#3610=AXIS2_PLACEMENT_3D('',#5467,#4539,#4540);
#3611=DIRECTION('axis',(0.,0.,1.));
#3612=DIRECTION('refdir',(1.,0.,0.));
#3613=DIRECTION('center_axis',(-6.13961486244197E-15,1.,0.));
#3614=DIRECTION('ref_axis',(0.707106781186548,0.,-0.707106781186548));
#3615=DIRECTION('',(-6.13961486244197E-15,1.,0.));
#3616=DIRECTION('center_axis',(0.195090322016105,0.980785280403235,-5.41484418459538E-16));
#3617=DIRECTION('ref_axis',(0.980785280403235,-0.195090322016105,-2.72222600129269E-15));
#3618=DIRECTION('',(6.13961486244197E-15,-1.,0.));
#3619=DIRECTION('center_axis',(-0.195090322016105,0.980785280403235,0.));
#3620=DIRECTION('ref_axis',(0.980785280403235,0.195090322016105,0.));
#3621=DIRECTION('center_axis',(0.382683432365084,0.923879532511289,0.));
#3622=DIRECTION('ref_axis',(0.653281482438186,-0.270598050073115,-0.707106781186543));
#3623=DIRECTION('',(0.382683432365084,0.923879532511289,0.));
#3624=DIRECTION('center_axis',(0.555570233019611,0.831469612302539,6.16806864494735E-15));
#3625=DIRECTION('ref_axis',(0.831469612302539,-0.555570233019611,3.10089750888842E-14));
#3626=DIRECTION('',(-0.382683432365084,-0.923879532511289,0.));
#3627=DIRECTION('center_axis',(0.707106781186542,0.707106781186553,0.));
#3628=DIRECTION('ref_axis',(0.499999999999997,-0.500000000000013,-0.707106781186541));
#3629=DIRECTION('',(0.707106781186542,0.707106781186553,0.));
#3630=DIRECTION('center_axis',(0.831469612302553,0.555570233019591,0.));
#3631=DIRECTION('ref_axis',(0.555570233019591,-0.831469612302553,0.));
#3632=DIRECTION('',(-0.707106781186542,-0.707106781186553,0.));
#3633=DIRECTION('center_axis',(0.923879532511286,0.382683432365093,0.));
#3634=DIRECTION('ref_axis',(0.270598050073103,-0.653281482438182,-0.707106781186552));
#3635=DIRECTION('',(0.923879532511286,0.382683432365093,0.));
#3636=DIRECTION('center_axis',(0.980785280403226,0.195090322016149,1.0888904005171E-14));
#3637=DIRECTION('ref_axis',(0.195090322016149,-0.980785280403226,5.47422171311687E-14));
#3638=DIRECTION('',(-0.923879532511286,-0.382683432365093,0.));
#3639=DIRECTION('center_axis',(1.,8.93034889082471E-15,0.));
#3640=DIRECTION('ref_axis',(0.,-0.707106781186555,-0.70710678118654));
#3641=DIRECTION('',(1.,8.93034889082471E-15,0.));
#3642=DIRECTION('center_axis',(0.98078528040323,-0.195090322016131,5.44445200258553E-15));
#3643=DIRECTION('ref_axis',(-0.195090322016131,-0.98078528040323,2.73711085655802E-14));
#3644=DIRECTION('',(-1.,-8.93034889082471E-15,0.));
#3645=DIRECTION('center_axis',(-0.38268343236508,-0.923879532511291,0.));
#3646=DIRECTION('ref_axis',(-0.65328148243819,0.270598050073087,-0.707106781186551));
#3647=DIRECTION('',(0.38268343236508,0.923879532511291,0.));
#3648=DIRECTION('center_axis',(0.195090322016104,0.980785280403235,-5.41484418459536E-16));
#3649=DIRECTION('ref_axis',(0.980785280403235,-0.195090322016104,2.72222600129221E-15));
#3650=DIRECTION('',(-0.38268343236508,-0.923879532511291,0.));
#3651=DIRECTION('center_axis',(-0.555570233019652,-0.831469612302512,3.0840343224739E-15));
#3652=DIRECTION('ref_axis',(-0.831469612302512,0.555570233019652,1.55044875444389E-14));
#3653=DIRECTION('center_axis',(0.923879532511289,-0.382683432365083,0.));
#3654=DIRECTION('ref_axis',(-0.270598050073103,-0.653281482438182,-0.707106781186552));
#3655=DIRECTION('',(0.923879532511289,-0.382683432365083,0.));
#3656=DIRECTION('center_axis',(0.831469612302558,-0.555570233019583,0.));
#3657=DIRECTION('ref_axis',(-0.555570233019583,-0.831469612302558,0.));
#3658=DIRECTION('',(-0.923879532511289,0.382683432365083,0.));
#3659=DIRECTION('center_axis',(0.70710678118655,-0.707106781186545,0.));
#3660=DIRECTION('ref_axis',(-0.500000000000005,-0.499999999999989,-0.707106781186552));
#3661=DIRECTION('',(0.70710678118655,-0.707106781186545,0.));
#3662=DIRECTION('center_axis',(0.555570233019594,-0.831469612302551,3.08403432247358E-15));
#3663=DIRECTION('ref_axis',(-0.83146961230255,-0.555570233019594,1.5504487544442E-14));
#3664=DIRECTION('',(-0.70710678118655,0.707106781186545,0.));
#3665=DIRECTION('center_axis',(0.382683432365093,-0.923879532511286,0.));
#3666=DIRECTION('ref_axis',(-0.653281482438184,-0.270598050073116,-0.707106781186545));
#3667=DIRECTION('',(-0.382683432365093,0.923879532511286,0.));
#3668=DIRECTION('',(0.382683432365093,-0.923879532511286,0.));
#3669=DIRECTION('center_axis',(0.195090322016125,-0.980785280403231,0.));
#3670=DIRECTION('ref_axis',(-0.980785280403231,-0.195090322016125,0.));
#3671=DIRECTION('center_axis',(3.34888083405932E-15,-1.,0.));
#3672=DIRECTION('ref_axis',(-0.707106781186548,0.,-0.707106781186548));
#3673=DIRECTION('',(-3.34888083405932E-15,1.,0.));
#3674=DIRECTION('',(3.34888083405932E-15,-1.,0.));
#3675=DIRECTION('center_axis',(-0.70710678118654,-0.707106781186555,0.));
#3676=DIRECTION('ref_axis',(-0.500000000000003,0.500000000000011,-0.707106781186538));
#3677=DIRECTION('',(0.70710678118654,0.707106781186555,0.));
#3678=DIRECTION('',(-0.70710678118654,-0.707106781186555,0.));
#3679=DIRECTION('center_axis',(-0.83146961230249,-0.555570233019685,9.23116707854376E-15));
#3680=DIRECTION('ref_axis',(-0.555570233019685,0.83146961230249,4.64082108123964E-14));
#3681=DIRECTION('center_axis',(-0.923879532511282,-0.382683432365101,0.));
#3682=DIRECTION('ref_axis',(-0.270598050073103,0.653281482438182,-0.707106781186552));
#3683=DIRECTION('',(0.923879532511282,0.382683432365101,0.));
#3684=DIRECTION('',(-0.923879532511282,-0.382683432365101,0.));
#3685=DIRECTION('center_axis',(-0.980785280403244,-0.195090322016063,-5.4444520025856E-15));
#3686=DIRECTION('ref_axis',(-0.195090322016063,0.980785280403243,-2.7371108565571E-14));
#3687=DIRECTION('center_axis',(-1.,-8.93034889082471E-15,0.));
#3688=DIRECTION('ref_axis',(-1.57009245868376E-14,0.707106781186555,-0.70710678118654));
#3689=DIRECTION('',(1.,8.93034889082471E-15,0.));
#3690=DIRECTION('',(-1.,-8.93034889082471E-15,0.));
#3691=DIRECTION('center_axis',(-0.980785280403237,0.195090322016097,1.11257665490943E-15));
#3692=DIRECTION('ref_axis',(0.195090322016097,0.980785280403237,5.59330055524411E-15));
#3693=DIRECTION('center_axis',(-0.923879532511289,0.382683432365084,0.));
#3694=DIRECTION('ref_axis',(0.270598050073085,0.653281482438194,-0.707106781186547));
#3695=DIRECTION('',(0.923879532511289,-0.382683432365084,0.));
#3696=DIRECTION('',(-0.923879532511289,0.382683432365084,0.));
#3697=DIRECTION('center_axis',(-0.831469612302569,0.555570233019567,0.));
#3698=DIRECTION('ref_axis',(0.555570233019567,0.831469612302569,0.));
#3699=DIRECTION('center_axis',(-0.707106781186556,0.707106781186539,0.));
#3700=DIRECTION('ref_axis',(0.499999999999995,0.500000000000003,-0.707106781186549));
#3701=DIRECTION('',(0.707106781186556,-0.707106781186539,0.));
#3702=DIRECTION('',(-0.707106781186556,0.707106781186539,0.));
#3703=DIRECTION('center_axis',(-0.555570233019619,0.831469612302534,0.));
#3704=DIRECTION('ref_axis',(0.831469612302534,0.555570233019619,0.));
#3705=DIRECTION('center_axis',(-0.382683432365096,0.923879532511284,0.));
#3706=DIRECTION('ref_axis',(0.653281482438179,0.270598050073117,-0.707106781186549));
#3707=DIRECTION('',(0.382683432365096,-0.923879532511284,0.));
#3708=DIRECTION('',(-0.382683432365096,0.923879532511284,0.));
#3709=DIRECTION('center_axis',(-1.,-6.13961486244197E-15,0.));
#3710=DIRECTION('ref_axis',(6.13961486244197E-15,-1.,0.));
#3711=DIRECTION('',(0.,0.,1.));
#3712=DIRECTION('',(6.13961486244197E-15,-1.,0.));
#3713=DIRECTION('',(0.,0.,1.));
#3714=DIRECTION('center_axis',(-0.923879532511284,-0.382683432365096,0.));
#3715=DIRECTION('ref_axis',(0.382683432365096,-0.923879532511284,0.));
#3716=DIRECTION('',(0.,0.,1.));
#3717=DIRECTION('',(0.382683432365096,-0.923879532511284,0.));
#3718=DIRECTION('center_axis',(-0.707106781186539,-0.707106781186556,0.));
#3719=DIRECTION('ref_axis',(0.707106781186556,-0.707106781186539,0.));
#3720=DIRECTION('',(0.,0.,1.));
#3721=DIRECTION('',(0.707106781186556,-0.707106781186539,0.));
#3722=DIRECTION('center_axis',(-0.382683432365084,-0.923879532511289,0.));
#3723=DIRECTION('ref_axis',(0.923879532511289,-0.382683432365084,0.));
#3724=DIRECTION('',(0.,0.,1.));
#3725=DIRECTION('',(0.923879532511289,-0.382683432365084,0.));
#3726=DIRECTION('center_axis',(8.93034889082471E-15,-1.,0.));
#3727=DIRECTION('ref_axis',(1.,8.93034889082471E-15,0.));
#3728=DIRECTION('',(0.,0.,1.));
#3729=DIRECTION('',(1.,8.93034889082471E-15,0.));
#3730=DIRECTION('center_axis',(0.382683432365101,-0.923879532511282,0.));
#3731=DIRECTION('ref_axis',(0.923879532511282,0.382683432365101,0.));
#3732=DIRECTION('',(0.,0.,1.));
#3733=DIRECTION('',(0.923879532511282,0.382683432365101,0.));
#3734=DIRECTION('center_axis',(0.707106781186555,-0.70710678118654,0.));
#3735=DIRECTION('ref_axis',(0.70710678118654,0.707106781186555,0.));
#3736=DIRECTION('',(0.,0.,1.));
#3737=DIRECTION('',(0.70710678118654,0.707106781186555,0.));
#3738=DIRECTION('center_axis',(0.923879532511291,-0.38268343236508,0.));
#3739=DIRECTION('ref_axis',(0.38268343236508,0.923879532511291,0.));
#3740=DIRECTION('',(0.,0.,1.));
#3741=DIRECTION('',(0.38268343236508,0.923879532511291,0.));
#3742=DIRECTION('center_axis',(0.,0.,1.));
#3743=DIRECTION('ref_axis',(1.,0.,0.));
#3744=DIRECTION('',(0.,-1.,0.));
#3745=DIRECTION('',(1.,0.,0.));
#3746=DIRECTION('',(0.,1.,0.));
#3747=DIRECTION('',(-1.,0.,0.));
#3748=DIRECTION('',(0.382683432365084,0.923879532511289,0.));
#3749=DIRECTION('',(0.707106781186548,0.707106781186548,0.));
#3750=DIRECTION('',(0.923879532511286,0.382683432365092,0.));
#3751=DIRECTION('',(1.,0.,0.));
#3752=DIRECTION('',(0.923879532511292,-0.382683432365077,0.));
#3753=DIRECTION('',(0.707106781186552,-0.707106781186543,0.));
#3754=DIRECTION('',(0.382683432365092,-0.923879532511286,0.));
#3755=DIRECTION('',(0.,-1.,0.));
#3756=DIRECTION('',(-0.382683432365092,-0.923879532511286,0.));
#3757=DIRECTION('',(-0.707106781186548,-0.707106781186548,0.));
#3758=DIRECTION('',(-0.923879532511286,-0.382683432365092,0.));
#3759=DIRECTION('',(-1.,0.,0.));
#3760=DIRECTION('',(-0.923879532511286,0.382683432365092,0.));
#3761=DIRECTION('',(-0.707106781186548,0.707106781186548,0.));
#3762=DIRECTION('',(-0.382683432365084,0.923879532511289,0.));
#3763=DIRECTION('',(-8.93034889082484E-15,1.,0.));
#3764=DIRECTION('',(0.382683432365084,0.923879532511289,0.));
#3765=DIRECTION('',(0.707106781186547,0.707106781186548,0.));
#3766=DIRECTION('',(0.923879532511287,0.38268343236509,0.));
#3767=DIRECTION('',(1.,2.23258722270619E-15,0.));
#3768=DIRECTION('',(0.923879532511288,-0.382683432365088,0.));
#3769=DIRECTION('',(0.707106781186548,-0.707106781186547,0.));
#3770=DIRECTION('',(0.382683432365093,-0.923879532511286,0.));
#3771=DIRECTION('',(0.,-1.,0.));
#3772=DIRECTION('',(-0.382683432365093,-0.923879532511285,0.));
#3773=DIRECTION('',(-0.707106781186549,-0.707106781186546,0.));
#3774=DIRECTION('',(-0.923879532511285,-0.382683432365093,0.));
#3775=DIRECTION('',(-1.,-2.23258722270619E-15,0.));
#3776=DIRECTION('',(-0.923879532511288,0.382683432365088,0.));
#3777=DIRECTION('',(-0.707106781186548,0.707106781186547,0.));
#3778=DIRECTION('',(-0.382683432365093,0.923879532511286,0.));
#3779=DIRECTION('',(0.,1.,0.));
#3780=DIRECTION('',(0.382683157027662,0.923879646559736,0.));
#3781=DIRECTION('',(0.70710657045239,0.707106991920642,0.));
#3782=DIRECTION('',(0.92387941846276,0.382683707702475,0.));
#3783=DIRECTION('',(0.999999999999956,2.98023056691596E-7,0.));
#3784=DIRECTION('',(0.923879646559734,-0.382683157027665,0.));
#3785=DIRECTION('',(0.707106991920642,-0.70710657045239,0.));
#3786=DIRECTION('',(0.382683707702486,-0.923879418462755,0.));
#3787=DIRECTION('',(2.98023056691596E-7,-0.999999999999956,0.));
#3788=DIRECTION('',(-0.382683157027662,-0.923879646559736,0.));
#3789=DIRECTION('',(-0.70710657045239,-0.707106991920642,0.));
#3790=DIRECTION('',(-0.92387941846276,-0.382683707702475,0.));
#3791=DIRECTION('',(-0.999999999999956,-2.98023056691596E-7,0.));
#3792=DIRECTION('',(-0.923879646559734,0.382683157027665,0.));
#3793=DIRECTION('',(-0.707106991920642,0.70710657045239,0.));
#3794=DIRECTION('',(-0.382683707702486,0.923879418462755,0.));
#3795=DIRECTION('',(-2.98023056691596E-7,0.999999999999956,0.));
#3796=DIRECTION('center_axis',(-0.923879532511292,0.382683432365077,0.));
#3797=DIRECTION('ref_axis',(0.270598050073094,0.653281482438167,-0.707106781186569));
#3798=DIRECTION('',(-0.923879532511292,0.382683432365077,0.));
#3799=DIRECTION('center_axis',(-0.831469612302472,0.555570233019712,1.84623341570871E-14));
#3800=DIRECTION('ref_axis',(0.555570233019712,0.831469612302472,9.28164216246767E-14));
#3801=DIRECTION('center_axis',(-0.980785280403239,0.195090322016088,0.));
#3802=DIRECTION('ref_axis',(0.195090322016088,0.980785280403239,0.));
#3803=DIRECTION('center_axis',(-0.707106781186552,0.707106781186543,0.));
#3804=DIRECTION('ref_axis',(0.500000000000001,0.500000000000032,-0.707106781186524));
#3805=DIRECTION('',(-0.707106781186552,0.707106781186543,0.));
#3806=DIRECTION('center_axis',(-0.555570233019652,0.831469612302512,0.));
#3807=DIRECTION('ref_axis',(0.831469612302512,0.555570233019652,0.));
#3808=DIRECTION('center_axis',(-0.382683432365084,-0.923879532511289,0.));
#3809=DIRECTION('ref_axis',(-0.653281482438185,0.270598050073088,-0.707106781186555));
#3810=DIRECTION('center_axis',(0.195090322016126,0.980785280403231,0.));
#3811=DIRECTION('ref_axis',(0.980785280403231,-0.195090322016126,0.));
#3812=DIRECTION('',(-0.382683432365084,-0.923879532511289,0.));
#3813=DIRECTION('center_axis',(-0.555570233019562,-0.831469612302572,1.23361372898936E-14));
#3814=DIRECTION('ref_axis',(-0.831469612302572,0.555570233019562,6.20179501777823E-14));
#3815=DIRECTION('center_axis',(-0.382683432365092,0.923879532511286,0.));
#3816=DIRECTION('ref_axis',(0.653281482438179,0.270598050073117,-0.707106781186549));
#3817=DIRECTION('',(-0.382683432365092,0.923879532511286,0.));
#3818=DIRECTION('center_axis',(-0.195090322016126,0.980785280403231,0.));
#3819=DIRECTION('ref_axis',(0.980785280403231,0.195090322016126,0.));
#3820=DIRECTION('center_axis',(0.,1.,0.));
#3821=DIRECTION('ref_axis',(0.707106781186555,0.,-0.70710678118654));
#3822=DIRECTION('',(0.,1.,0.));
#3823=DIRECTION('center_axis',(0.195090322016126,0.980785280403231,0.));
#3824=DIRECTION('ref_axis',(0.980785280403231,-0.195090322016126,0.));
#3825=DIRECTION('center_axis',(0.382683432365092,0.923879532511286,0.));
#3826=DIRECTION('ref_axis',(0.653281482438188,-0.270598050073115,-0.707106781186541));
#3827=DIRECTION('',(0.382683432365092,0.923879532511286,0.));
#3828=DIRECTION('center_axis',(0.555570233019532,0.831469612302593,0.));
#3829=DIRECTION('ref_axis',(0.831469612302593,-0.555570233019532,0.));
#3830=DIRECTION('center_axis',(0.707106781186548,0.707106781186548,0.));
#3831=DIRECTION('ref_axis',(0.499999999999993,-0.499999999999993,-0.707106781186557));
#3832=DIRECTION('',(0.707106781186548,0.707106781186548,0.));
#3833=DIRECTION('center_axis',(0.831469612302559,0.555570233019582,0.));
#3834=DIRECTION('ref_axis',(0.555570233019582,-0.831469612302559,0.));
#3835=DIRECTION('center_axis',(0.923879532511286,0.382683432365092,0.));
#3836=DIRECTION('ref_axis',(0.270598050073123,-0.653281482438161,-0.707106781186563));
#3837=DIRECTION('',(0.923879532511286,0.382683432365092,0.));
#3838=DIRECTION('center_axis',(0.98078528040323,0.19509032201613,0.));
#3839=DIRECTION('ref_axis',(0.19509032201613,-0.98078528040323,0.));
#3840=DIRECTION('center_axis',(1.,0.,0.));
#3841=DIRECTION('ref_axis',(0.,-0.70710678118654,-0.707106781186555));
#3842=DIRECTION('',(1.,0.,0.));
#3843=DIRECTION('center_axis',(0.980785280403226,-0.195090322016151,0.));
#3844=DIRECTION('ref_axis',(-0.195090322016151,-0.980785280403226,0.));
#3845=DIRECTION('center_axis',(0.923879532511286,-0.382683432365092,0.));
#3846=DIRECTION('ref_axis',(-0.270598050073083,-0.653281482438203,-0.70710678118654));
#3847=DIRECTION('',(0.923879532511286,-0.382683432365092,0.));
#3848=DIRECTION('center_axis',(0.831469612302549,-0.555570233019597,0.));
#3849=DIRECTION('ref_axis',(-0.555570233019597,-0.831469612302549,0.));
#3850=DIRECTION('center_axis',(0.707106781186548,-0.707106781186548,0.));
#3851=DIRECTION('ref_axis',(-0.499999999999993,-0.499999999999993,-0.707106781186557));
#3852=DIRECTION('',(0.707106781186548,-0.707106781186548,0.));
#3853=DIRECTION('center_axis',(0.555570233019572,-0.831469612302566,0.));
#3854=DIRECTION('ref_axis',(-0.831469612302566,-0.555570233019572,0.));
#3855=DIRECTION('center_axis',(0.382683432365084,-0.923879532511289,0.));
#3856=DIRECTION('ref_axis',(-0.653281482438197,-0.270598050073112,-0.707106781186534));
#3857=DIRECTION('',(0.382683432365084,-0.923879532511289,0.));
#3858=DIRECTION('center_axis',(0.195090322016126,-0.980785280403231,-4.35556160206843E-14));
#3859=DIRECTION('ref_axis',(-0.980785280403231,-0.195090322016126,-2.18968868524659E-13));
#3860=DIRECTION('center_axis',(8.93034889082484E-15,-1.,0.));
#3861=DIRECTION('ref_axis',(-0.70710678118654,0.,-0.707106781186555));
#3862=DIRECTION('',(8.93034889082484E-15,-1.,0.));
#3863=DIRECTION('center_axis',(-0.707106781186548,-0.707106781186548,0.));
#3864=DIRECTION('ref_axis',(-0.499999999999993,0.499999999999993,-0.707106781186557));
#3865=DIRECTION('',(-0.707106781186548,-0.707106781186548,0.));
#3866=DIRECTION('center_axis',(-0.831469612302559,-0.555570233019582,0.));
#3867=DIRECTION('ref_axis',(-0.555570233019582,0.831469612302559,0.));
#3868=DIRECTION('center_axis',(-0.923879532511286,-0.382683432365092,0.));
#3869=DIRECTION('ref_axis',(-0.270598050073083,0.653281482438203,-0.70710678118654));
#3870=DIRECTION('',(-0.923879532511286,-0.382683432365092,0.));
#3871=DIRECTION('center_axis',(-0.980785280403222,-0.195090322016172,0.));
#3872=DIRECTION('ref_axis',(-0.195090322016172,0.980785280403222,0.));
#3873=DIRECTION('center_axis',(-1.,0.,0.));
#3874=DIRECTION('ref_axis',(0.,0.70710678118654,-0.707106781186555));
#3875=DIRECTION('',(-1.,0.,0.));
#3876=DIRECTION('center_axis',(-1.,0.,0.));
#3877=DIRECTION('ref_axis',(0.,-1.,0.));
#3878=DIRECTION('',(0.,0.,1.));
#3879=DIRECTION('',(0.,-1.,0.));
#3880=DIRECTION('',(0.,0.,1.));
#3881=DIRECTION('center_axis',(-0.923879532511286,-0.382683432365092,0.));
#3882=DIRECTION('ref_axis',(0.382683432365092,-0.923879532511286,0.));
#3883=DIRECTION('',(0.,0.,1.));
#3884=DIRECTION('',(0.382683432365092,-0.923879532511286,0.));
#3885=DIRECTION('center_axis',(-0.707106781186543,-0.707106781186552,0.));
#3886=DIRECTION('ref_axis',(0.707106781186552,-0.707106781186543,0.));
#3887=DIRECTION('',(0.,0.,1.));
#3888=DIRECTION('',(0.707106781186552,-0.707106781186543,0.));
#3889=DIRECTION('center_axis',(-0.382683432365077,-0.923879532511292,0.));
#3890=DIRECTION('ref_axis',(0.923879532511292,-0.382683432365077,0.));
#3891=DIRECTION('',(0.,0.,1.));
#3892=DIRECTION('',(0.923879532511292,-0.382683432365077,0.));
#3893=DIRECTION('center_axis',(0.,-1.,0.));
#3894=DIRECTION('ref_axis',(1.,0.,0.));
#3895=DIRECTION('',(0.,0.,1.));
#3896=DIRECTION('',(1.,0.,0.));
#3897=DIRECTION('center_axis',(0.382683432365092,-0.923879532511286,0.));
#3898=DIRECTION('ref_axis',(0.923879532511286,0.382683432365092,0.));
#3899=DIRECTION('',(0.,0.,1.));
#3900=DIRECTION('',(0.923879532511286,0.382683432365092,0.));
#3901=DIRECTION('center_axis',(0.707106781186548,-0.707106781186548,0.));
#3902=DIRECTION('ref_axis',(0.707106781186548,0.707106781186548,0.));
#3903=DIRECTION('',(0.,0.,1.));
#3904=DIRECTION('',(0.707106781186548,0.707106781186548,0.));
#3905=DIRECTION('center_axis',(0.923879532511289,-0.382683432365084,0.));
#3906=DIRECTION('ref_axis',(0.382683432365084,0.923879532511289,0.));
#3907=DIRECTION('',(0.,0.,1.));
#3908=DIRECTION('',(0.382683432365084,0.923879532511289,0.));
#3909=DIRECTION('center_axis',(-0.382683157027662,-0.923879646559736,0.));
#3910=DIRECTION('ref_axis',(-0.653281563082622,0.270597855380115,-0.707106781186553));
#3911=DIRECTION('',(-0.382683157027662,-0.923879646559736,0.));
#3912=DIRECTION('center_axis',(-0.555569985222442,-0.831469777875261,0.));
#3913=DIRECTION('ref_axis',(-0.83146977787526,0.555569985222442,0.));
#3914=DIRECTION('center_axis',(0.195090029719555,0.980785338544589,0.));
#3915=DIRECTION('ref_axis',(0.980785338544589,-0.195090029719555,0.));
#3916=DIRECTION('center_axis',(-0.70710657045239,-0.707106991920642,0.));
#3917=DIRECTION('ref_axis',(-0.500000149011499,0.499999850988449,-0.707106781186553));
#3918=DIRECTION('',(-0.70710657045239,-0.707106991920642,0.));
#3919=DIRECTION('center_axis',(-0.83146944672979,-0.555570480816662,0.));
#3920=DIRECTION('ref_axis',(-0.555570480816662,0.83146944672979,0.));
#3921=DIRECTION('center_axis',(-0.92387941846276,-0.382683707702475,0.));
#3922=DIRECTION('ref_axis',(-0.270598244766026,0.653281401793706,-0.707106781186545));
#3923=DIRECTION('',(-0.92387941846276,-0.382683707702475,0.));
#3924=DIRECTION('center_axis',(-0.980785222261769,-0.195090614312768,0.));
#3925=DIRECTION('ref_axis',(-0.195090614312768,0.980785222261769,0.));
#3926=DIRECTION('center_axis',(-0.999999999999956,-2.98023056691596E-7,
0.));
#3927=DIRECTION('ref_axis',(-2.10734135788185E-7,0.707106781186508,-0.707106781186555));
#3928=DIRECTION('',(-0.999999999999956,-2.98023056691596E-7,0.));
#3929=DIRECTION('center_axis',(-0.980785338544594,0.195090029719525,0.));
#3930=DIRECTION('ref_axis',(0.195090029719525,0.980785338544594,0.));
#3931=DIRECTION('center_axis',(-0.923879646559734,0.382683157027665,0.));
#3932=DIRECTION('ref_axis',(0.270597855380145,0.653281563082617,-0.707106781186547));
#3933=DIRECTION('',(-0.923879646559734,0.382683157027665,0.));
#3934=DIRECTION('center_axis',(-0.831469777875267,0.555569985222432,1.2336131787692E-14));
#3935=DIRECTION('ref_axis',(0.555569985222432,0.831469777875267,6.20179225163429E-14));
#3936=DIRECTION('center_axis',(-0.707106991920642,0.70710657045239,0.));
#3937=DIRECTION('ref_axis',(0.499999850988426,0.500000149011506,-0.707106781186564));
#3938=DIRECTION('',(-0.707106991920642,0.70710657045239,0.));
#3939=DIRECTION('center_axis',(-0.555570480816662,0.83146944672979,0.));
#3940=DIRECTION('ref_axis',(0.83146944672979,0.555570480816662,0.));
#3941=DIRECTION('center_axis',(-0.382683707702486,0.923879418462755,0.));
#3942=DIRECTION('ref_axis',(0.653281401793688,0.270598244766031,-0.70710678118656));
#3943=DIRECTION('',(-0.382683707702486,0.923879418462755,0.));
#3944=DIRECTION('center_axis',(-0.195090614312839,0.980785222261755,0.));
#3945=DIRECTION('ref_axis',(0.980785222261754,0.195090614312839,0.));
#3946=DIRECTION('center_axis',(-2.98023056691596E-7,0.999999999999956,0.));
#3947=DIRECTION('ref_axis',(0.707106781186493,2.1073413578819E-7,-0.707106781186571));
#3948=DIRECTION('',(-2.98023056691596E-7,0.999999999999956,0.));
#3949=DIRECTION('center_axis',(0.195090029719596,0.98078533854458,0.));
#3950=DIRECTION('ref_axis',(0.98078533854458,-0.195090029719596,0.));
#3951=DIRECTION('center_axis',(0.382683157027662,0.923879646559736,0.));
#3952=DIRECTION('ref_axis',(0.653281563082617,-0.270597855380145,-0.707106781186547));
#3953=DIRECTION('',(0.382683157027662,0.923879646559736,0.));
#3954=DIRECTION('center_axis',(0.555569985222422,0.831469777875274,0.));
#3955=DIRECTION('ref_axis',(0.831469777875274,-0.555569985222422,0.));
#3956=DIRECTION('center_axis',(0.70710657045239,0.707106991920642,0.));
#3957=DIRECTION('ref_axis',(0.500000149011499,-0.499999850988449,-0.707106781186553));
#3958=DIRECTION('',(0.70710657045239,0.707106991920642,0.));
#3959=DIRECTION('center_axis',(0.83146944672979,0.555570480816662,1.23361427920945E-14));
#3960=DIRECTION('ref_axis',(0.555570480816662,-0.83146944672979,6.20179778391875E-14));
#3961=DIRECTION('center_axis',(0.92387941846276,0.382683707702475,0.));
#3962=DIRECTION('ref_axis',(0.270598244766055,-0.6532814017937,-0.707106781186539));
#3963=DIRECTION('',(0.92387941846276,0.382683707702475,0.));
#3964=DIRECTION('center_axis',(0.980785222261769,0.195090614312768,0.));
#3965=DIRECTION('ref_axis',(0.195090614312768,-0.980785222261769,0.));
#3966=DIRECTION('center_axis',(0.999999999999956,2.98023056691596E-7,0.));
#3967=DIRECTION('ref_axis',(2.10734135788185E-7,-0.707106781186508,-0.707106781186555));
#3968=DIRECTION('',(0.999999999999956,2.98023056691596E-7,0.));
#3969=DIRECTION('center_axis',(0.980785338544611,-0.195090029719442,-4.3318688573866E-15));
#3970=DIRECTION('ref_axis',(-0.195090029719442,-0.980785338544611,-2.17777753814556E-14));
#3971=DIRECTION('center_axis',(0.923879646559734,-0.382683157027665,0.));
#3972=DIRECTION('ref_axis',(-0.270597855380115,-0.653281563082622,-0.707106781186553));
#3973=DIRECTION('',(0.923879646559734,-0.382683157027665,0.));
#3974=DIRECTION('center_axis',(0.831469777875254,-0.555569985222453,0.));
#3975=DIRECTION('ref_axis',(-0.555569985222453,-0.831469777875254,0.));
#3976=DIRECTION('center_axis',(0.707106991920642,-0.70710657045239,0.));
#3977=DIRECTION('ref_axis',(-0.499999850988426,-0.500000149011506,-0.707106781186564));
#3978=DIRECTION('',(0.707106991920642,-0.70710657045239,0.));
#3979=DIRECTION('center_axis',(0.555570480816612,-0.831469446729824,0.));
#3980=DIRECTION('ref_axis',(-0.831469446729824,-0.555570480816612,0.));
#3981=DIRECTION('center_axis',(0.382683707702486,-0.923879418462755,0.));
#3982=DIRECTION('ref_axis',(-0.653281401793682,-0.27059824476606,-0.707106781186554));
#3983=DIRECTION('',(0.382683707702486,-0.923879418462755,0.));
#3984=DIRECTION('center_axis',(0.195090614312902,-0.980785222261742,-2.17778067193417E-14));
#3985=DIRECTION('ref_axis',(-0.980785222261742,-0.195090614312902,-1.09484427772114E-13));
#3986=DIRECTION('center_axis',(2.98023056691596E-7,-0.999999999999956,0.));
#3987=DIRECTION('ref_axis',(-0.707106781186493,-2.1073413578819E-7,-0.707106781186571));
#3988=DIRECTION('',(2.98023056691596E-7,-0.999999999999956,0.));
#3989=DIRECTION('center_axis',(-0.999999999999956,-2.98023056691596E-7,
0.));
#3990=DIRECTION('ref_axis',(2.98023056691596E-7,-0.999999999999956,0.));
#3991=DIRECTION('',(0.,0.,1.));
#3992=DIRECTION('',(2.98023056691596E-7,-0.999999999999956,0.));
#3993=DIRECTION('',(0.,0.,1.));
#3994=DIRECTION('center_axis',(-0.923879418462755,-0.382683707702486,0.));
#3995=DIRECTION('ref_axis',(0.382683707702486,-0.923879418462755,0.));
#3996=DIRECTION('',(0.,0.,1.));
#3997=DIRECTION('',(0.382683707702486,-0.923879418462755,0.));
#3998=DIRECTION('center_axis',(-0.70710657045239,-0.707106991920642,0.));
#3999=DIRECTION('ref_axis',(0.707106991920642,-0.70710657045239,0.));
#4000=DIRECTION('',(0.,0.,1.));
#4001=DIRECTION('',(0.707106991920642,-0.70710657045239,0.));
#4002=DIRECTION('center_axis',(-0.382683157027665,-0.923879646559734,0.));
#4003=DIRECTION('ref_axis',(0.923879646559734,-0.382683157027665,0.));
#4004=DIRECTION('',(0.,0.,1.));
#4005=DIRECTION('',(0.923879646559734,-0.382683157027665,0.));
#4006=DIRECTION('center_axis',(2.98023056691596E-7,-0.999999999999956,0.));
#4007=DIRECTION('ref_axis',(0.999999999999956,2.98023056691596E-7,0.));
#4008=DIRECTION('',(0.,0.,1.));
#4009=DIRECTION('',(0.999999999999956,2.98023056691596E-7,0.));
#4010=DIRECTION('center_axis',(0.382683707702475,-0.92387941846276,0.));
#4011=DIRECTION('ref_axis',(0.92387941846276,0.382683707702475,0.));
#4012=DIRECTION('',(0.,0.,1.));
#4013=DIRECTION('',(0.92387941846276,0.382683707702475,0.));
#4014=DIRECTION('center_axis',(0.707106991920642,-0.70710657045239,0.));
#4015=DIRECTION('ref_axis',(0.70710657045239,0.707106991920642,0.));
#4016=DIRECTION('',(0.,0.,1.));
#4017=DIRECTION('',(0.70710657045239,0.707106991920642,0.));
#4018=DIRECTION('center_axis',(0.923879646559736,-0.382683157027662,0.));
#4019=DIRECTION('ref_axis',(0.382683157027662,0.923879646559736,0.));
#4020=DIRECTION('',(0.,0.,1.));
#4021=DIRECTION('',(0.382683157027662,0.923879646559736,0.));
#4022=DIRECTION('center_axis',(0.923879532511288,-0.382683432365088,0.));
#4023=DIRECTION('ref_axis',(-0.270598050073087,-0.65328148243819,-0.707106781186551));
#4024=DIRECTION('',(0.923879532511288,-0.382683432365088,0.));
#4025=DIRECTION('center_axis',(0.831469612302514,-0.555570233019648,1.54201716123694E-15));
#4026=DIRECTION('ref_axis',(-0.555570233019648,-0.831469612302515,7.75224377221994E-15));
#4027=DIRECTION('center_axis',(0.980785280403231,-0.195090322016125,5.41484418459596E-16));
#4028=DIRECTION('ref_axis',(-0.195090322016125,-0.980785280403231,2.72222600129273E-15));
#4029=DIRECTION('center_axis',(0.707106781186548,-0.707106781186547,0.));
#4030=DIRECTION('ref_axis',(-0.499999999999989,-0.500000000000005,-0.707106781186552));
#4031=DIRECTION('',(0.707106781186548,-0.707106781186547,0.));
#4032=DIRECTION('center_axis',(0.555570233019633,-0.831469612302525,-4.61558353927207E-15));
#4033=DIRECTION('ref_axis',(-0.831469612302525,-0.555570233019633,-2.32041054061928E-14));
#4034=DIRECTION('center_axis',(0.382683432365093,-0.923879532511286,0.));
#4035=DIRECTION('ref_axis',(-0.6532814824382,-0.270598050073097,-0.707106781186537));
#4036=DIRECTION('',(0.382683432365093,-0.923879532511286,0.));
#4037=DIRECTION('center_axis',(0.195090322016134,-0.980785280403229,5.44445200258552E-15));
#4038=DIRECTION('ref_axis',(-0.980785280403229,-0.195090322016134,2.73711085655822E-14));
#4039=DIRECTION('center_axis',(-0.382683432365084,-0.923879532511289,0.));
#4040=DIRECTION('ref_axis',(-0.653281482438182,0.270598050073103,-0.707106781186552));
#4041=DIRECTION('',(-0.382683432365084,-0.923879532511289,0.));
#4042=DIRECTION('center_axis',(-0.555570233019577,-0.831469612302563,-4.61558353927228E-15));
#4043=DIRECTION('ref_axis',(-0.831469612302562,0.555570233019576,-2.32041054061926E-14));
#4044=DIRECTION('center_axis',(0.195090322016131,0.98078528040323,-5.44445200258553E-15));
#4045=DIRECTION('ref_axis',(0.98078528040323,-0.195090322016131,2.73711085655831E-14));
#4046=DIRECTION('center_axis',(-0.707106781186547,-0.707106781186548,0.));
#4047=DIRECTION('ref_axis',(-0.499999999999989,0.500000000000005,-0.707106781186552));
#4048=DIRECTION('',(-0.707106781186547,-0.707106781186548,0.));
#4049=DIRECTION('center_axis',(-0.83146961230257,-0.555570233019566,-1.54201716123671E-15));
#4050=DIRECTION('ref_axis',(-0.555570233019566,0.83146961230257,-7.75224377221927E-15));
#4051=DIRECTION('center_axis',(-0.923879532511287,-0.38268343236509,0.));
#4052=DIRECTION('ref_axis',(-0.270598050073085,0.653281482438194,-0.707106781186547));
#4053=DIRECTION('',(-0.923879532511287,-0.38268343236509,0.));
#4054=DIRECTION('center_axis',(-0.980785280403223,-0.195090322016168,2.70742209229857E-16));
#4055=DIRECTION('ref_axis',(-0.195090322016168,0.980785280403222,1.36111300064695E-15));
#4056=DIRECTION('center_axis',(-1.,-2.23258722270619E-15,0.));
#4057=DIRECTION('ref_axis',(0.,0.707106781186548,-0.707106781186548));
#4058=DIRECTION('',(-1.,-2.23258722270619E-15,0.));
#4059=DIRECTION('center_axis',(-0.980785280403231,0.195090322016126,0.));
#4060=DIRECTION('ref_axis',(0.195090322016126,0.980785280403231,0.));
#4061=DIRECTION('center_axis',(-0.923879532511288,0.382683432365088,0.));
#4062=DIRECTION('ref_axis',(0.270598050073086,0.653281482438192,-0.707106781186549));
#4063=DIRECTION('',(-0.923879532511288,0.382683432365088,0.));
#4064=DIRECTION('center_axis',(-0.831469612302539,0.555570233019611,2.31302574185526E-15));
#4065=DIRECTION('ref_axis',(0.555570233019611,0.831469612302539,1.16283656583318E-14));
#4066=DIRECTION('center_axis',(-0.707106781186548,0.707106781186547,0.));
#4067=DIRECTION('ref_axis',(0.500000000000001,0.500000000000001,-0.707106781186546));
#4068=DIRECTION('',(-0.707106781186548,0.707106781186547,0.));
#4069=DIRECTION('center_axis',(-0.555570233019586,0.831469612302556,0.));
#4070=DIRECTION('ref_axis',(0.831469612302556,0.555570233019586,0.));
#4071=DIRECTION('center_axis',(-0.382683432365093,0.923879532511286,0.));
#4072=DIRECTION('ref_axis',(0.653281482438191,0.2705980500731,-0.707106781186544));
#4073=DIRECTION('',(-0.382683432365093,0.923879532511286,0.));
#4074=DIRECTION('center_axis',(-0.195090322016144,0.980785280403227,1.0888904005171E-14));
#4075=DIRECTION('ref_axis',(0.980785280403227,0.195090322016144,5.47422171311673E-14));
#4076=DIRECTION('center_axis',(0.,-1.,0.));
#4077=DIRECTION('ref_axis',(-0.707106781186555,0.,-0.70710678118654));
#4078=DIRECTION('',(0.,-1.,0.));
#4079=DIRECTION('center_axis',(0.,1.,0.));
#4080=DIRECTION('ref_axis',(0.707106781186555,0.,-0.70710678118654));
#4081=DIRECTION('',(0.,1.,0.));
#4082=DIRECTION('center_axis',(0.195090322016142,0.980785280403228,0.));
#4083=DIRECTION('ref_axis',(0.980785280403228,-0.195090322016141,0.));
#4084=DIRECTION('center_axis',(0.382683432365093,0.923879532511285,0.));
#4085=DIRECTION('ref_axis',(0.6532814824382,-0.270598050073097,-0.707106781186537));
#4086=DIRECTION('',(0.382683432365093,0.923879532511285,0.));
#4087=DIRECTION('center_axis',(0.555570233019601,0.831469612302546,-1.69517208291667E-14));
#4088=DIRECTION('ref_axis',(0.831469612302546,-0.555570233019601,-8.52220555839645E-14));
#4089=DIRECTION('center_axis',(0.707106781186549,0.707106781186546,0.));
#4090=DIRECTION('ref_axis',(0.499999999999989,-0.500000000000005,-0.707106781186552));
#4091=DIRECTION('',(0.707106781186549,0.707106781186546,0.));
#4092=DIRECTION('center_axis',(0.831469612302535,0.555570233019617,3.08403432247371E-15));
#4093=DIRECTION('ref_axis',(0.555570233019617,-0.831469612302535,1.55044875444452E-14));
#4094=DIRECTION('center_axis',(0.923879532511285,0.382683432365093,0.));
#4095=DIRECTION('ref_axis',(0.270598050073117,-0.653281482438179,-0.707106781186549));
#4096=DIRECTION('',(0.923879532511285,0.382683432365093,0.));
#4097=DIRECTION('center_axis',(0.980785280403235,0.195090322016105,0.));
#4098=DIRECTION('ref_axis',(0.195090322016105,-0.980785280403235,0.));
#4099=DIRECTION('center_axis',(1.,2.23258722270619E-15,0.));
#4100=DIRECTION('ref_axis',(0.,-0.707106781186548,-0.707106781186548));
#4101=DIRECTION('',(1.,2.23258722270619E-15,0.));
#4102=DIRECTION('center_axis',(-1.,0.,0.));
#4103=DIRECTION('ref_axis',(0.,-1.,0.));
#4104=DIRECTION('',(0.,0.,1.));
#4105=DIRECTION('',(0.,-1.,0.));
#4106=DIRECTION('',(0.,0.,1.));
#4107=DIRECTION('center_axis',(-0.923879532511286,-0.382683432365093,0.));
#4108=DIRECTION('ref_axis',(0.382683432365093,-0.923879532511286,0.));
#4109=DIRECTION('',(0.,0.,1.));
#4110=DIRECTION('',(0.382683432365093,-0.923879532511286,0.));
#4111=DIRECTION('center_axis',(-0.707106781186547,-0.707106781186548,0.));
#4112=DIRECTION('ref_axis',(0.707106781186548,-0.707106781186547,0.));
#4113=DIRECTION('',(0.,0.,1.));
#4114=DIRECTION('',(0.707106781186548,-0.707106781186547,0.));
#4115=DIRECTION('center_axis',(-0.382683432365088,-0.923879532511288,0.));
#4116=DIRECTION('ref_axis',(0.923879532511288,-0.382683432365088,0.));
#4117=DIRECTION('',(0.,0.,1.));
#4118=DIRECTION('',(0.923879532511288,-0.382683432365088,0.));
#4119=DIRECTION('center_axis',(2.23258722270619E-15,-1.,0.));
#4120=DIRECTION('ref_axis',(1.,2.23258722270619E-15,0.));
#4121=DIRECTION('',(0.,0.,1.));
#4122=DIRECTION('',(1.,2.23258722270619E-15,0.));
#4123=DIRECTION('center_axis',(0.38268343236509,-0.923879532511287,0.));
#4124=DIRECTION('ref_axis',(0.923879532511287,0.38268343236509,0.));
#4125=DIRECTION('',(0.,0.,1.));
#4126=DIRECTION('',(0.923879532511287,0.38268343236509,0.));
#4127=DIRECTION('center_axis',(0.707106781186548,-0.707106781186547,0.));
#4128=DIRECTION('ref_axis',(0.707106781186547,0.707106781186548,0.));
#4129=DIRECTION('',(0.,0.,1.));
#4130=DIRECTION('',(0.707106781186547,0.707106781186548,0.));
#4131=DIRECTION('center_axis',(0.923879532511289,-0.382683432365084,0.));
#4132=DIRECTION('ref_axis',(0.382683432365084,0.923879532511289,0.));
#4133=DIRECTION('',(0.,0.,1.));
#4134=DIRECTION('',(0.382683432365084,0.923879532511289,0.));
#4135=DIRECTION('center_axis',(-0.707106781186549,0.,0.707106781186546));
#4136=DIRECTION('ref_axis',(0.707106781186546,0.,0.707106781186549));
#4137=DIRECTION('',(0.,1.,0.));
#4138=DIRECTION('',(-0.70021450728255,0.139281325317161,-0.700214507282554));
#4139=DIRECTION('',(-0.70021450728255,-0.139281325317166,-0.700214507282554));
#4140=DIRECTION('center_axis',(-0.653281482438186,0.270598050073101,0.707106781186549));
#4141=DIRECTION('ref_axis',(0.734509555267757,0.,0.678598344545845));
#4142=DIRECTION('',(0.382683432365093,0.923879532511285,0.));
#4143=DIRECTION('',(-0.593613196009094,0.396639656760286,-0.700214507282555));
#4144=DIRECTION('',(-0.382683432365093,-0.923879532511285,0.));
#4145=DIRECTION('center_axis',(-0.499999999999999,0.500000000000001,0.707106781186547));
#4146=DIRECTION('ref_axis',(0.816496580927726,0.,0.577350269189625));
#4147=DIRECTION('',(0.707106781186549,0.707106781186546,0.));
#4148=DIRECTION('',(-0.396639656760304,0.593613196009082,-0.700214507282555));
#4149=DIRECTION('',(-0.707106781186549,-0.707106781186546,0.));
#4150=DIRECTION('center_axis',(-0.270598050073102,0.653281482438191,0.707106781186543));
#4151=DIRECTION('ref_axis',(0.933948831094462,0.,0.3574067443366));
#4152=DIRECTION('',(0.923879532511285,0.382683432365093,0.));
#4153=DIRECTION('',(-0.139281325317136,0.700214507282552,-0.700214507282558));
#4154=DIRECTION('',(-0.923879532511285,-0.382683432365093,0.));
#4155=DIRECTION('center_axis',(-1.57867756476599E-15,0.707106781186549,
0.707106781186546));
#4156=DIRECTION('ref_axis',(1.,0.,2.2325872227062E-15));
#4157=DIRECTION('',(1.,2.23258722270619E-15,0.));
#4158=DIRECTION('',(0.139281325317167,0.700214507282549,-0.700214507282555));
#4159=DIRECTION('',(-1.,-2.23258722270619E-15,0.));
#4160=DIRECTION('center_axis',(0.270598050073097,0.653281482438188,0.707106781186548));
#4161=DIRECTION('ref_axis',(0.933948831094465,0.,-0.357406744336591));
#4162=DIRECTION('',(0.923879532511288,-0.382683432365088,0.));
#4163=DIRECTION('',(0.396639656760286,0.593613196009097,-0.700214507282552));
#4164=DIRECTION('',(-0.923879532511288,0.382683432365088,0.));
#4165=DIRECTION('center_axis',(0.5,0.5,0.707106781186548));
#4166=DIRECTION('ref_axis',(0.816496580927726,0.,-0.577350269189626));
#4167=DIRECTION('',(0.707106781186548,-0.707106781186547,0.));
#4168=DIRECTION('',(0.593613196009093,0.396639656760288,-0.700214507282555));
#4169=DIRECTION('',(-0.707106781186548,0.707106781186547,0.));
#4170=DIRECTION('center_axis',(0.653281482438186,0.2705980500731,0.707106781186549));
#4171=DIRECTION('ref_axis',(0.734509555267757,0.,-0.678598344545845));
#4172=DIRECTION('',(0.382683432365093,-0.923879532511286,0.));
#4173=DIRECTION('',(0.70021450728255,0.139281325317165,-0.700214507282554));
#4174=DIRECTION('',(-0.382683432365093,0.923879532511286,0.));
#4175=DIRECTION('center_axis',(0.707106781186549,0.,0.707106781186546));
#4176=DIRECTION('ref_axis',(0.707106781186546,0.,-0.707106781186549));
#4177=DIRECTION('',(0.,-1.,0.));
#4178=DIRECTION('',(0.700214507282551,-0.139281325317159,-0.700214507282555));
#4179=DIRECTION('',(0.,1.,0.));
#4180=DIRECTION('center_axis',(0.65328148243819,-0.270598050073095,0.707106781186548));
#4181=DIRECTION('ref_axis',(0.734509555267755,0.,-0.678598344545848));
#4182=DIRECTION('',(-0.382683432365084,-0.923879532511289,0.));
#4183=DIRECTION('',(0.593613196009108,-0.396639656760269,-0.700214507282553));
#4184=DIRECTION('center_axis',(0.500000000000002,-0.500000000000001,0.707106781186546));
#4185=DIRECTION('ref_axis',(0.816496580927724,0.,-0.577350269189628));
#4186=DIRECTION('',(-0.707106781186547,-0.707106781186548,0.));
#4187=DIRECTION('',(0.396639656760272,-0.593613196009105,-0.700214507282554));
#4188=DIRECTION('center_axis',(0.270598050073098,-0.653281482438187,0.707106781186548));
#4189=DIRECTION('ref_axis',(0.933948831094465,0.,-0.357406744336593));
#4190=DIRECTION('',(-0.923879532511287,-0.38268343236509,0.));
#4191=DIRECTION('',(0.139281325317166,-0.70021450728255,-0.700214507282554));
#4192=DIRECTION('center_axis',(1.57867756476599E-15,-0.707106781186549,
0.707106781186546));
#4193=DIRECTION('ref_axis',(1.,0.,-2.2325872227062E-15));
#4194=DIRECTION('',(-1.,-2.23258722270619E-15,0.));
#4195=DIRECTION('',(-0.139281325317167,-0.700214507282549,-0.700214507282554));
#4196=DIRECTION('center_axis',(-0.270598050073097,-0.653281482438188,0.707106781186548));
#4197=DIRECTION('ref_axis',(0.933948831094465,0.,0.357406744336591));
#4198=DIRECTION('',(-0.923879532511288,0.382683432365088,0.));
#4199=DIRECTION('',(-0.396639656760286,-0.593613196009097,-0.700214507282552));
#4200=DIRECTION('center_axis',(-0.499999999999999,-0.5,0.707106781186548));
#4201=DIRECTION('ref_axis',(0.816496580927727,0.,0.577350269189625));
#4202=DIRECTION('',(-0.707106781186548,0.707106781186547,0.));
#4203=DIRECTION('',(-0.593613196009093,-0.396639656760289,-0.700214507282554));
#4204=DIRECTION('center_axis',(-0.653281482438186,-0.2705980500731,0.707106781186549));
#4205=DIRECTION('ref_axis',(0.734509555267757,0.,0.678598344545845));
#4206=DIRECTION('',(-0.382683432365093,0.923879532511286,0.));
#4207=DIRECTION('center_axis',(0.,0.,1.));
#4208=DIRECTION('ref_axis',(1.,0.,0.));
#4209=DIRECTION('center_axis',(-0.707106781186526,-2.10734124336573E-7,
0.707106781186538));
#4210=DIRECTION('ref_axis',(0.707106781186553,0.,0.707106781186542));
#4211=DIRECTION('',(-2.98023056691596E-7,0.999999999999956,0.));
#4212=DIRECTION('',(-0.700214548791563,0.139281116637103,-0.700214507282554));
#4213=DIRECTION('',(-0.70021446577347,-0.13928153399726,-0.70021450728255));
#4214=DIRECTION('center_axis',(-0.653281563082621,0.270597855380137,0.707106781186546));
#4215=DIRECTION('ref_axis',(0.734509513513852,0.,0.678598389739944));
#4216=DIRECTION('',(0.382683157027662,0.923879646559736,0.));
#4217=DIRECTION('',(-0.593613314216864,0.396639479849807,-0.700214507282551));
#4218=DIRECTION('',(-0.382683157027662,-0.923879646559736,0.));
#4219=DIRECTION('center_axis',(-0.500000149011513,0.499999850988453,0.70710678118654));
#4220=DIRECTION('ref_axis',(0.816496499816129,0.,0.577350383898729));
#4221=DIRECTION('',(0.70710657045239,0.707106991920642,0.));
#4222=DIRECTION('',(-0.396639833670659,0.593613077801322,-0.700214507282557));
#4223=DIRECTION('',(-0.70710657045239,-0.707106991920642,0.));
#4224=DIRECTION('center_axis',(-0.270598244766031,0.653281401793701,0.707106781186548));
#4225=DIRECTION('ref_axis',(0.933948745257532,0.,0.357406968639226));
#4226=DIRECTION('',(0.92387941846276,0.382683707702475,0.));
#4227=DIRECTION('',(-0.139281533997199,0.700214465773476,-0.700214507282556));
#4228=DIRECTION('',(-0.92387941846276,-0.382683707702475,0.));
#4229=DIRECTION('center_axis',(-2.10734124336569E-7,0.70710678118651,0.707106781186553));
#4230=DIRECTION('ref_axis',(0.999999999999956,0.,2.98023056691578E-7));
#4231=DIRECTION('',(0.999999999999956,2.98023056691596E-7,0.));
#4232=DIRECTION('',(0.13928111663704,0.700214548791577,-0.700214507282552));
#4233=DIRECTION('',(-0.999999999999956,-2.98023056691596E-7,0.));
#4234=DIRECTION('center_axis',(0.270597855380139,0.65328156308262,0.707106781186546));
#4235=DIRECTION('ref_axis',(0.933948916931371,0.,-0.357406520033867));
#4236=DIRECTION('',(0.923879646559734,-0.382683157027665,0.));
#4237=DIRECTION('',(0.396639479849883,0.593613314216815,-0.700214507282549));
#4238=DIRECTION('',(-0.923879646559734,0.382683157027665,0.));
#4239=DIRECTION('center_axis',(0.499999850988449,0.500000149011509,0.707106781186546));
#4240=DIRECTION('ref_axis',(0.81649666203934,0.,-0.577350154480465));
#4241=DIRECTION('',(0.707106991920642,-0.70710657045239,0.));
#4242=DIRECTION('',(0.593613077801314,0.396639833670685,-0.700214507282548));
#4243=DIRECTION('',(-0.707106991920642,0.70710657045239,0.));
#4244=DIRECTION('center_axis',(0.653281401793695,0.270598244766037,0.707106781186551));
#4245=DIRECTION('ref_axis',(0.734509597021693,0.,-0.678598299351708));
#4246=DIRECTION('',(0.382683707702486,-0.923879418462755,0.));
#4247=DIRECTION('',(0.70021446577347,0.13928153399726,-0.70021450728255));
#4248=DIRECTION('',(-0.382683707702486,0.923879418462755,0.));
#4249=DIRECTION('center_axis',(0.707106781186526,2.10734124336573E-7,0.707106781186538));
#4250=DIRECTION('ref_axis',(0.707106781186553,0.,-0.707106781186542));
#4251=DIRECTION('',(2.98023056691596E-7,-0.999999999999956,0.));
#4252=DIRECTION('',(0.700214548791569,-0.139281116637042,-0.70021450728256));
#4253=DIRECTION('',(-2.98023056691596E-7,0.999999999999956,0.));
#4254=DIRECTION('center_axis',(0.653281563082624,-0.270597855380138,0.707106781186543));
#4255=DIRECTION('ref_axis',(0.734509513513849,0.,-0.678598389739947));
#4256=DIRECTION('',(-0.382683157027662,-0.923879646559736,0.));
#4257=DIRECTION('',(0.593613314216813,-0.396639479849861,-0.700214507282564));
#4258=DIRECTION('center_axis',(0.500000149011513,-0.499999850988453,0.70710678118654));
#4259=DIRECTION('ref_axis',(0.816496499816129,0.,-0.577350383898729));
#4260=DIRECTION('',(-0.70710657045239,-0.707106991920642,0.));
#4261=DIRECTION('',(0.396639833670659,-0.593613077801322,-0.700214507282557));
#4262=DIRECTION('center_axis',(0.270598244766031,-0.653281401793701,0.707106781186548));
#4263=DIRECTION('ref_axis',(0.933948745257532,0.,-0.357406968639226));
#4264=DIRECTION('',(-0.92387941846276,-0.382683707702475,0.));
#4265=DIRECTION('',(0.139281533997231,-0.700214465773465,-0.70021450728256));
#4266=DIRECTION('center_axis',(2.10734124336573E-7,-0.707106781186526,0.707106781186538));
#4267=DIRECTION('ref_axis',(0.999999999999956,0.,-2.98023056691591E-7));
#4268=DIRECTION('',(-0.999999999999956,-2.98023056691596E-7,0.));
#4269=DIRECTION('',(-0.139281116637104,-0.700214548791555,-0.700214507282561));
#4270=DIRECTION('center_axis',(-0.270597855380139,-0.65328156308262,0.707106781186546));
#4271=DIRECTION('ref_axis',(0.933948916931371,0.,0.357406520033867));
#4272=DIRECTION('',(-0.923879646559734,0.382683157027665,0.));
#4273=DIRECTION('',(-0.396639479849883,-0.593613314216815,-0.700214507282549));
#4274=DIRECTION('center_axis',(-0.499999850988449,-0.500000149011509,0.707106781186546));
#4275=DIRECTION('ref_axis',(0.81649666203934,0.,0.577350154480465));
#4276=DIRECTION('',(-0.707106991920642,0.70710657045239,0.));
#4277=DIRECTION('',(-0.593613077801314,-0.396639833670685,-0.700214507282548));
#4278=DIRECTION('center_axis',(-0.653281401793695,-0.270598244766037,0.707106781186551));
#4279=DIRECTION('ref_axis',(0.734509597021693,0.,0.678598299351708));
#4280=DIRECTION('',(-0.382683707702486,0.923879418462755,0.));
#4281=DIRECTION('center_axis',(0.,0.,1.));
#4282=DIRECTION('ref_axis',(1.,0.,0.));
#4283=DIRECTION('center_axis',(-0.707106781186549,0.,0.707106781186546));
#4284=DIRECTION('ref_axis',(0.707106781186546,0.,0.707106781186549));
#4285=DIRECTION('',(0.,1.,0.));
#4286=DIRECTION('',(-0.700214507282551,0.139281325317151,-0.700214507282555));
#4287=DIRECTION('',(-0.700214507282551,-0.139281325317151,-0.700214507282555));
#4288=DIRECTION('center_axis',(-0.653281482438184,0.270598050073098,0.707106781186552));
#4289=DIRECTION('ref_axis',(0.73450955526776,0.,0.678598344545842));
#4290=DIRECTION('',(0.382683432365092,0.923879532511286,0.));
#4291=DIRECTION('',(-0.593613196009146,0.396639656760198,-0.700214507282561));
#4292=DIRECTION('',(-0.382683432365092,-0.923879532511286,0.));
#4293=DIRECTION('center_axis',(-0.500000000000008,0.500000000000008,0.707106781186536));
#4294=DIRECTION('ref_axis',(0.816496580927717,0.,0.577350269189639));
#4295=DIRECTION('',(0.707106781186548,0.707106781186548,0.));
#4296=DIRECTION('',(-0.396639656760215,0.593613196009132,-0.700214507282563));
#4297=DIRECTION('',(-0.707106781186548,-0.707106781186548,0.));
#4298=DIRECTION('center_axis',(-0.270598050073102,0.653281482438193,0.707106781186542));
#4299=DIRECTION('ref_axis',(0.933948831094462,0.,0.3574067443366));
#4300=DIRECTION('',(0.923879532511286,0.382683432365092,0.));
#4301=DIRECTION('',(-0.139281325317183,0.700214507282541,-0.70021450728256));
#4302=DIRECTION('',(-0.923879532511286,-0.382683432365092,0.));
#4303=DIRECTION('center_axis',(0.,0.707106781186557,0.707106781186538));
#4304=DIRECTION('ref_axis',(1.,0.,0.));
#4305=DIRECTION('',(1.,0.,0.));
#4306=DIRECTION('',(0.139281325317138,0.700214507282545,-0.700214507282564));
#4307=DIRECTION('',(-1.,0.,0.));
#4308=DIRECTION('center_axis',(0.270598050073103,0.653281482438196,0.707106781186539));
#4309=DIRECTION('ref_axis',(0.933948831094461,0.,-0.357406744336603));
#4310=DIRECTION('',(0.923879532511286,-0.382683432365092,0.));
#4311=DIRECTION('',(0.396639656760321,0.593613196009066,-0.700214507282559));
#4312=DIRECTION('',(-0.923879532511286,0.382683432365092,0.));
#4313=DIRECTION('center_axis',(0.499999999999997,0.499999999999997,0.707106781186552));
#4314=DIRECTION('ref_axis',(0.81649658092773,0.,-0.577350269189621));
#4315=DIRECTION('',(0.707106781186548,-0.707106781186548,0.));
#4316=DIRECTION('',(0.593613196009121,0.396639656760254,-0.70021450728255));
#4317=DIRECTION('',(-0.707106781186548,0.707106781186548,0.));
#4318=DIRECTION('center_axis',(0.653281482438185,0.270598050073092,0.707106781186553));
#4319=DIRECTION('ref_axis',(0.73450955526776,0.,-0.678598344545842));
#4320=DIRECTION('',(0.382683432365084,-0.923879532511289,0.));
#4321=DIRECTION('',(0.700214507282548,0.139281325317182,-0.700214507282552));
#4322=DIRECTION('',(-0.382683432365084,0.923879532511289,0.));
#4323=DIRECTION('center_axis',(0.707106781186549,6.31471025906403E-15,0.707106781186546));
#4324=DIRECTION('ref_axis',(0.707106781186546,0.,-0.707106781186549));
#4325=DIRECTION('',(8.93034889082484E-15,-1.,0.));
#4326=DIRECTION('',(0.700214507282554,-0.139281325317121,-0.700214507282558));
#4327=DIRECTION('',(-8.93034889082484E-15,1.,0.));
#4328=DIRECTION('center_axis',(0.653281482438198,-0.270598050073098,0.707106781186539));
#4329=DIRECTION('ref_axis',(0.734509555267746,0.,-0.678598344545857));
#4330=DIRECTION('',(-0.382683432365084,-0.923879532511289,0.));
#4331=DIRECTION('',(0.593613196009101,-0.396639656760262,-0.700214507282563));
#4332=DIRECTION('center_axis',(0.500000000000008,-0.500000000000008,0.707106781186536));
#4333=DIRECTION('ref_axis',(0.816496580927717,0.,-0.577350269189639));
#4334=DIRECTION('',(-0.707106781186548,-0.707106781186548,0.));
#4335=DIRECTION('',(0.396639656760275,-0.593613196009097,-0.700214507282559));
#4336=DIRECTION('center_axis',(0.270598050073103,-0.653281482438196,0.707106781186539));
#4337=DIRECTION('ref_axis',(0.933948831094461,0.,-0.357406744336603));
#4338=DIRECTION('',(-0.923879532511286,-0.382683432365092,0.));
#4339=DIRECTION('',(0.139281325317138,-0.700214507282545,-0.700214507282564));
#4340=DIRECTION('center_axis',(0.,-0.707106781186557,0.707106781186538));
#4341=DIRECTION('ref_axis',(1.,0.,0.));
#4342=DIRECTION('',(-1.,0.,0.));
#4343=DIRECTION('',(-0.139281325317122,-0.700214507282547,-0.700214507282566));
#4344=DIRECTION('center_axis',(-0.270598050073093,-0.653281482438201,0.707106781186539));
#4345=DIRECTION('ref_axis',(0.933948831094466,0.,0.35740674433659));
#4346=DIRECTION('',(-0.923879532511292,0.382683432365077,0.));
#4347=DIRECTION('',(-0.396639656760381,-0.593613196009031,-0.700214507282555));
#4348=DIRECTION('center_axis',(-0.49999999999999,-0.499999999999996,0.707106781186558));
#4349=DIRECTION('ref_axis',(0.816496580927736,0.,0.577350269189612));
#4350=DIRECTION('',(-0.707106781186552,0.707106781186543,0.));
#4351=DIRECTION('',(-0.593613196009058,-0.396639656760347,-0.70021450728255));
#4352=DIRECTION('center_axis',(-0.653281482438196,-0.270598050073103,0.707106781186539));
#4353=DIRECTION('ref_axis',(0.734509555267747,0.,0.678598344545856));
#4354=DIRECTION('',(-0.382683432365092,0.923879532511286,0.));
#4355=DIRECTION('center_axis',(0.,0.,1.));
#4356=DIRECTION('ref_axis',(1.,0.,0.));
#4357=DIRECTION('center_axis',(-0.707106781186549,-4.34136330310644E-15,
0.707106781186546));
#4358=DIRECTION('ref_axis',(0.707106781186546,0.,0.707106781186549));
#4359=DIRECTION('',(-6.13961486244197E-15,1.,0.));
#4360=DIRECTION('',(-0.700214507282549,0.139281325317167,-0.700214507282554));
#4361=DIRECTION('',(-0.700214507282551,-0.139281325317151,-0.700214507282556));
#4362=DIRECTION('center_axis',(-0.653281482438189,0.270598050073094,0.707106781186549));
#4363=DIRECTION('ref_axis',(0.734509555267756,0.,0.678598344545847));
#4364=DIRECTION('',(0.382683432365084,0.923879532511289,0.));
#4365=DIRECTION('',(-0.593613196009098,0.396639656760286,-0.700214507282552));
#4366=DIRECTION('',(-0.382683432365084,-0.923879532511289,0.));
#4367=DIRECTION('center_axis',(-0.500000000000002,0.499999999999994,0.707106781186551));
#4368=DIRECTION('ref_axis',(0.816496580927726,0.,0.577350269189626));
#4369=DIRECTION('',(0.707106781186542,0.707106781186553,0.));
#4370=DIRECTION('',(-0.396639656760287,0.593613196009103,-0.700214507282547));
#4371=DIRECTION('',(-0.707106781186542,-0.707106781186553,0.));
#4372=DIRECTION('center_axis',(-0.2705980500731,0.653281482438186,0.70710678118655));
#4373=DIRECTION('ref_axis',(0.933948831094464,0.,0.357406744336594));
#4374=DIRECTION('',(0.923879532511286,0.382683432365093,0.));
#4375=DIRECTION('',(-0.139281325317191,0.700214507282547,-0.700214507282551));
#4376=DIRECTION('',(-0.923879532511286,-0.382683432365093,0.));
#4377=DIRECTION('center_axis',(-6.31471025906393E-15,0.707106781186549,
0.707106781186546));
#4378=DIRECTION('ref_axis',(1.,0.,8.93034889082476E-15));
#4379=DIRECTION('',(1.,8.93034889082471E-15,0.));
#4380=DIRECTION('',(0.139281325317159,0.700214507282551,-0.700214507282555));
#4381=DIRECTION('',(-1.,-8.93034889082471E-15,0.));
#4382=DIRECTION('center_axis',(0.270598050073094,0.65328148243819,0.707106781186547));
#4383=DIRECTION('ref_axis',(0.933948831094467,0.,-0.357406744336588));
#4384=DIRECTION('',(0.923879532511289,-0.382683432365083,0.));
#4385=DIRECTION('',(0.396639656760283,0.593613196009095,-0.700214507282556));
#4386=DIRECTION('',(-0.923879532511289,0.382683432365083,0.));
#4387=DIRECTION('center_axis',(0.499999999999999,0.500000000000003,0.707106781186546));
#4388=DIRECTION('ref_axis',(0.816496580927726,0.,-0.577350269189626));
#4389=DIRECTION('',(0.70710678118655,-0.707106781186545,0.));
#4390=DIRECTION('',(0.593613196009092,0.396639656760288,-0.700214507282556));
#4391=DIRECTION('',(-0.70710678118655,0.707106781186545,0.));
#4392=DIRECTION('center_axis',(0.65328148243819,0.270598050073102,0.707106781186545));
#4393=DIRECTION('ref_axis',(0.734509555267754,0.,-0.678598344545849));
#4394=DIRECTION('',(0.382683432365093,-0.923879532511286,0.));
#4395=DIRECTION('',(0.700214507282551,0.139281325317151,-0.700214507282555));
#4396=DIRECTION('',(-0.382683432365093,0.923879532511286,0.));
#4397=DIRECTION('center_axis',(0.707106781186549,2.36801634714901E-15,0.707106781186546));
#4398=DIRECTION('ref_axis',(0.707106781186546,0.,-0.707106781186549));
#4399=DIRECTION('',(3.34888083405932E-15,-1.,0.));
#4400=DIRECTION('',(0.700214507282553,-0.139281325317136,-0.700214507282557));
#4401=DIRECTION('',(-3.34888083405932E-15,1.,0.));
#4402=DIRECTION('center_axis',(0.653281482438196,-0.270598050073094,0.707106781186542));
#4403=DIRECTION('ref_axis',(0.734509555267749,0.,-0.678598344545854));
#4404=DIRECTION('',(-0.38268343236508,-0.923879532511291,0.));
#4405=DIRECTION('',(0.593613196009092,-0.396639656760288,-0.700214507282556));
#4406=DIRECTION('center_axis',(0.500000000000004,-0.499999999999993,0.70710678118655));
#4407=DIRECTION('ref_axis',(0.816496580927724,0.,-0.577350269189628));
#4408=DIRECTION('',(-0.70710678118654,-0.707106781186555,0.));
#4409=DIRECTION('',(0.396639656760325,-0.593613196009065,-0.700214507282558));
#4410=DIRECTION('center_axis',(0.270598050073109,-0.653281482438191,0.707106781186541));
#4411=DIRECTION('ref_axis',(0.933948831094459,0.,-0.357406744336608));
#4412=DIRECTION('',(-0.923879532511282,-0.382683432365101,0.));
#4413=DIRECTION('',(0.139281325317174,-0.700214507282541,-0.700214507282561));
#4414=DIRECTION('center_axis',(6.314710259064E-15,-0.707106781186557,0.707106781186538));
#4415=DIRECTION('ref_axis',(1.,0.,-8.93034889082496E-15));
#4416=DIRECTION('',(-1.,-8.93034889082471E-15,0.));
#4417=DIRECTION('',(-0.139281325317189,-0.70021450728254,-0.700214507282559));
#4418=DIRECTION('center_axis',(-0.270598050073094,-0.65328148243819,0.707106781186547));
#4419=DIRECTION('ref_axis',(0.933948831094467,0.,0.357406744336588));
#4420=DIRECTION('',(-0.923879532511289,0.382683432365084,0.));
#4421=DIRECTION('',(-0.396639656760262,-0.59361319600911,-0.700214507282556));
#4422=DIRECTION('center_axis',(-0.499999999999997,-0.50000000000001,0.707106781186543));
#4423=DIRECTION('ref_axis',(0.816496580927726,0.,0.577350269189626));
#4424=DIRECTION('',(-0.707106781186556,0.707106781186539,0.));
#4425=DIRECTION('',(-0.593613196009101,-0.396639656760273,-0.700214507282556));
#4426=DIRECTION('center_axis',(-0.653281482438188,-0.270598050073103,0.707106781186546));
#4427=DIRECTION('ref_axis',(0.734509555267755,0.,0.678598344545848));
#4428=DIRECTION('',(-0.382683432365096,0.923879532511284,0.));
#4429=DIRECTION('center_axis',(0.,0.,1.));
#4430=DIRECTION('ref_axis',(1.,0.,0.));
#4431=DIRECTION('center_axis',(-0.923879532511289,0.382683432365084,0.));
#4432=DIRECTION('ref_axis',(-0.382683432365084,-0.923879532511289,0.));
#4433=DIRECTION('',(0.,0.,1.));
#4434=DIRECTION('center_axis',(-0.707106781186553,0.707106781186542,0.));
#4435=DIRECTION('ref_axis',(-0.707106781186542,-0.707106781186553,0.));
#4436=DIRECTION('',(0.,0.,1.));
#4437=DIRECTION('center_axis',(-0.382683432365093,0.923879532511286,0.));
#4438=DIRECTION('ref_axis',(-0.923879532511286,-0.382683432365093,0.));
#4439=DIRECTION('',(0.,0.,1.));
#4440=DIRECTION('center_axis',(-8.93034889082471E-15,1.,0.));
#4441=DIRECTION('ref_axis',(-1.,-8.93034889082471E-15,0.));
#4442=DIRECTION('',(0.,0.,1.));
#4443=DIRECTION('center_axis',(0.382683432365083,0.923879532511289,0.));
#4444=DIRECTION('ref_axis',(-0.923879532511289,0.382683432365083,0.));
#4445=DIRECTION('',(0.,0.,1.));
#4446=DIRECTION('center_axis',(0.707106781186545,0.70710678118655,0.));
#4447=DIRECTION('ref_axis',(-0.70710678118655,0.707106781186545,0.));
#4448=DIRECTION('',(0.,0.,1.));
#4449=DIRECTION('center_axis',(0.923879532511286,0.382683432365093,0.));
#4450=DIRECTION('ref_axis',(-0.382683432365093,0.923879532511286,0.));
#4451=DIRECTION('',(0.,0.,1.));
#4452=DIRECTION('center_axis',(1.,3.34888083405932E-15,0.));
#4453=DIRECTION('ref_axis',(-3.34888083405932E-15,1.,0.));
#4454=DIRECTION('center_axis',(-0.923879532511285,0.382683432365093,0.));
#4455=DIRECTION('ref_axis',(-0.382683432365093,-0.923879532511285,0.));
#4456=DIRECTION('',(0.,0.,1.));
#4457=DIRECTION('center_axis',(-0.707106781186546,0.707106781186549,0.));
#4458=DIRECTION('ref_axis',(-0.707106781186549,-0.707106781186546,0.));
#4459=DIRECTION('',(0.,0.,1.));
#4460=DIRECTION('center_axis',(-0.382683432365093,0.923879532511285,0.));
#4461=DIRECTION('ref_axis',(-0.923879532511285,-0.382683432365093,0.));
#4462=DIRECTION('',(0.,0.,1.));
#4463=DIRECTION('center_axis',(-2.23258722270619E-15,1.,0.));
#4464=DIRECTION('ref_axis',(-1.,-2.23258722270619E-15,0.));
#4465=DIRECTION('',(0.,0.,1.));
#4466=DIRECTION('center_axis',(0.382683432365088,0.923879532511288,0.));
#4467=DIRECTION('ref_axis',(-0.923879532511288,0.382683432365088,0.));
#4468=DIRECTION('',(0.,0.,1.));
#4469=DIRECTION('center_axis',(0.707106781186547,0.707106781186548,0.));
#4470=DIRECTION('ref_axis',(-0.707106781186548,0.707106781186547,0.));
#4471=DIRECTION('',(0.,0.,1.));
#4472=DIRECTION('center_axis',(0.923879532511286,0.382683432365093,0.));
#4473=DIRECTION('ref_axis',(-0.382683432365093,0.923879532511286,0.));
#4474=DIRECTION('',(0.,0.,1.));
#4475=DIRECTION('center_axis',(1.,0.,0.));
#4476=DIRECTION('ref_axis',(0.,1.,0.));
#4477=DIRECTION('center_axis',(-0.923879532511286,0.382683432365092,0.));
#4478=DIRECTION('ref_axis',(-0.382683432365092,-0.923879532511286,0.));
#4479=DIRECTION('',(0.,0.,1.));
#4480=DIRECTION('center_axis',(-0.707106781186548,0.707106781186548,0.));
#4481=DIRECTION('ref_axis',(-0.707106781186548,-0.707106781186548,0.));
#4482=DIRECTION('',(0.,0.,1.));
#4483=DIRECTION('center_axis',(-0.382683432365092,0.923879532511286,0.));
#4484=DIRECTION('ref_axis',(-0.923879532511286,-0.382683432365092,0.));
#4485=DIRECTION('',(0.,0.,1.));
#4486=DIRECTION('center_axis',(0.,1.,0.));
#4487=DIRECTION('ref_axis',(-1.,0.,0.));
#4488=DIRECTION('',(0.,0.,1.));
#4489=DIRECTION('center_axis',(0.382683432365092,0.923879532511286,0.));
#4490=DIRECTION('ref_axis',(-0.923879532511286,0.382683432365092,0.));
#4491=DIRECTION('',(0.,0.,1.));
#4492=DIRECTION('center_axis',(0.707106781186548,0.707106781186548,0.));
#4493=DIRECTION('ref_axis',(-0.707106781186548,0.707106781186548,0.));
#4494=DIRECTION('',(0.,0.,1.));
#4495=DIRECTION('center_axis',(0.923879532511289,0.382683432365084,0.));
#4496=DIRECTION('ref_axis',(-0.382683432365084,0.923879532511289,0.));
#4497=DIRECTION('',(0.,0.,1.));
#4498=DIRECTION('center_axis',(1.,8.93034889082484E-15,0.));
#4499=DIRECTION('ref_axis',(-8.93034889082484E-15,1.,0.));
#4500=DIRECTION('center_axis',(-0.923879646559736,0.382683157027662,0.));
#4501=DIRECTION('ref_axis',(-0.382683157027662,-0.923879646559736,0.));
#4502=DIRECTION('',(0.,0.,1.));
#4503=DIRECTION('center_axis',(-0.707106991920642,0.70710657045239,0.));
#4504=DIRECTION('ref_axis',(-0.70710657045239,-0.707106991920642,0.));
#4505=DIRECTION('',(0.,0.,1.));
#4506=DIRECTION('center_axis',(-0.382683707702475,0.92387941846276,0.));
#4507=DIRECTION('ref_axis',(-0.92387941846276,-0.382683707702475,0.));
#4508=DIRECTION('',(0.,0.,1.));
#4509=DIRECTION('center_axis',(-2.98023056691596E-7,0.999999999999956,0.));
#4510=DIRECTION('ref_axis',(-0.999999999999956,-2.98023056691596E-7,0.));
#4511=DIRECTION('',(0.,0.,1.));
#4512=DIRECTION('center_axis',(0.382683157027665,0.923879646559734,0.));
#4513=DIRECTION('ref_axis',(-0.923879646559734,0.382683157027665,0.));
#4514=DIRECTION('',(0.,0.,1.));
#4515=DIRECTION('center_axis',(0.70710657045239,0.707106991920642,0.));
#4516=DIRECTION('ref_axis',(-0.707106991920642,0.70710657045239,0.));
#4517=DIRECTION('',(0.,0.,1.));
#4518=DIRECTION('center_axis',(0.923879418462755,0.382683707702486,0.));
#4519=DIRECTION('ref_axis',(-0.382683707702486,0.923879418462755,0.));
#4520=DIRECTION('',(0.,0.,1.));
#4521=DIRECTION('center_axis',(0.999999999999956,2.98023056691596E-7,0.));
#4522=DIRECTION('ref_axis',(-2.98023056691596E-7,0.999999999999956,0.));
#4523=DIRECTION('center_axis',(0.,1.,0.));
#4524=DIRECTION('ref_axis',(-1.,0.,0.));
#4525=DIRECTION('',(-1.,0.,0.));
#4526=DIRECTION('',(0.,0.,1.));
#4527=DIRECTION('',(0.,0.,1.));
#4528=DIRECTION('center_axis',(1.,0.,0.));
#4529=DIRECTION('ref_axis',(0.,1.,0.));
#4530=DIRECTION('',(0.,1.,0.));
#4531=DIRECTION('',(0.,0.,1.));
#4532=DIRECTION('center_axis',(0.,-1.,0.));
#4533=DIRECTION('ref_axis',(1.,0.,0.));
#4534=DIRECTION('',(1.,0.,0.));
#4535=DIRECTION('',(0.,0.,1.));
#4536=DIRECTION('center_axis',(-1.,0.,0.));
#4537=DIRECTION('ref_axis',(0.,-1.,0.));
#4538=DIRECTION('',(0.,-1.,0.));
#4539=DIRECTION('center_axis',(0.,0.,1.));
#4540=DIRECTION('ref_axis',(1.,0.,0.));
#4541=CARTESIAN_POINT('',(0.,0.,0.));
#4542=CARTESIAN_POINT('Origin',(3.09999999999999,50.2486404592244,10.4));
#4543=CARTESIAN_POINT('',(3.5,49.5027190815508,10.4));
#4544=CARTESIAN_POINT('',(3.49999999999999,50.4972809184491,10.4));
#4545=CARTESIAN_POINT('',(3.49999999999999,50.2486404592244,10.4));
#4546=CARTESIAN_POINT('',(3.09999999999999,50.576845865401,10.));
#4547=CARTESIAN_POINT('Origin',(3.09999999999999,50.576845865401,10.4));
#4548=CARTESIAN_POINT('',(3.1,49.423154134599,10.));
#4549=CARTESIAN_POINT('',(3.09999999999999,50.2486404592244,10.));
#4550=CARTESIAN_POINT('Origin',(3.1,49.423154134599,10.4));
#4551=CARTESIAN_POINT('Origin',(6.63772534702603,59.1176703781424,10.4));
#4552=CARTESIAN_POINT('',(3.88060233744355,51.4161362433763,10.4));
#4553=CARTESIAN_POINT('',(7.00727716003054,58.9645970051964,10.4));
#4554=CARTESIAN_POINT('',(3.54149871143452,51.6427180423165,10.));
#4555=CARTESIAN_POINT('Origin',(3.54149871143452,51.6427180423165,10.4));
#4556=CARTESIAN_POINT('',(6.63772534702603,59.1176703781424,10.));
#4557=CARTESIAN_POINT('Origin',(15.1252056893538,63.226425020236,10.4));
#4558=CARTESIAN_POINT('',(4.58386375662368,52.1193976625564,10.4));
#4559=CARTESIAN_POINT('',(15.4080484018285,62.9435823077614,10.4));
#4560=CARTESIAN_POINT('',(4.35728195768347,52.4585012885655,10.));
#4561=CARTESIAN_POINT('Origin',(4.35728195768347,52.4585012885655,10.4));
#4562=CARTESIAN_POINT('',(15.1252056893538,63.226425020236,10.));
#4563=CARTESIAN_POINT('Origin',(23.898106470425,60.5525758216957,10.4));
#4564=CARTESIAN_POINT('',(5.50271908155084,52.5,10.4));
#4565=CARTESIAN_POINT('',(24.051179843371,60.1830240086912,10.4));
#4566=CARTESIAN_POINT('',(5.42315413459897,52.9,10.));
#4567=CARTESIAN_POINT('Origin',(5.42315413459896,52.9,10.4));
#4568=CARTESIAN_POINT('',(23.898106470425,60.5525758216957,10.));
#4569=CARTESIAN_POINT('Origin',(28.2486404592245,52.9000000000002,10.4));
#4570=CARTESIAN_POINT('',(6.49728091844913,52.5,10.4));
#4571=CARTESIAN_POINT('',(28.2486404592246,52.5000000000002,10.4));
#4572=CARTESIAN_POINT('',(6.576845865401,52.9,10.));
#4573=CARTESIAN_POINT('Origin',(6.57684586540099,52.9,10.4));
#4574=CARTESIAN_POINT('',(28.2486404592245,52.9000000000002,10.));
#4575=CARTESIAN_POINT('Origin',(11.8059254668697,56.4386788079613,10.4));
#4576=CARTESIAN_POINT('',(8.45850128856546,48.3572819576835,10.));
#4577=CARTESIAN_POINT('',(8.9,49.423154134599,10.));
#4578=CARTESIAN_POINT('',(11.8059254668697,56.4386788079613,10.));
#4579=CARTESIAN_POINT('',(8.5,49.5027190815509,10.4));
#4580=CARTESIAN_POINT('Origin',(8.9,49.423154134599,10.4));
#4581=CARTESIAN_POINT('',(8.11939766255644,48.5838637566237,10.4));
#4582=CARTESIAN_POINT('',(11.4363736538652,56.5917521809074,10.4));
#4583=CARTESIAN_POINT('Origin',(8.45850128856546,48.3572819576835,10.4));
#4584=CARTESIAN_POINT('Origin',(26.1176703781427,44.8059254668699,10.4));
#4585=CARTESIAN_POINT('',(7.41613624337629,52.1193976625564,10.4));
#4586=CARTESIAN_POINT('',(25.9645970051966,44.4363736538654,10.4));
#4587=CARTESIAN_POINT('',(7.64271804231649,52.4585012885655,10.));
#4588=CARTESIAN_POINT('Origin',(7.64271804231649,52.4585012885655,10.4));
#4589=CARTESIAN_POINT('',(26.1176703781427,44.8059254668699,10.));
#4590=CARTESIAN_POINT('Origin',(19.2264250202361,40.874794310646,10.4));
#4591=CARTESIAN_POINT('',(8.11939766255643,51.4161362433763,10.4));
#4592=CARTESIAN_POINT('',(18.9435823077615,40.5919515981713,10.4));
#4593=CARTESIAN_POINT('',(8.45850128856546,51.6427180423165,10.));
#4594=CARTESIAN_POINT('Origin',(8.45850128856546,51.6427180423165,10.4));
#4595=CARTESIAN_POINT('',(19.2264250202361,40.874794310646,10.));
#4596=CARTESIAN_POINT('Origin',(11.9962266355916,43.1018935295749,10.4));
#4597=CARTESIAN_POINT('',(8.9,50.576845865401,10.));
#4598=CARTESIAN_POINT('',(11.9962266355916,43.1018935295749,10.));
#4599=CARTESIAN_POINT('',(8.5,50.4972809184491,10.4));
#4600=CARTESIAN_POINT('',(11.6266748225871,42.9488201566289,10.4));
#4601=CARTESIAN_POINT('Origin',(8.9,50.576845865401,10.4));
#4602=CARTESIAN_POINT('Origin',(8.9,49.7513595407754,10.4));
#4603=CARTESIAN_POINT('',(8.9,49.7513595407754,10.));
#4604=CARTESIAN_POINT('',(8.5,49.7513595407754,10.4));
#4605=CARTESIAN_POINT('Origin',(18.8747943106457,58.773574979764,10.4));
#4606=CARTESIAN_POINT('',(7.64271804231656,47.5414987114346,10.));
#4607=CARTESIAN_POINT('',(18.8747943106457,58.773574979764,10.));
#4608=CARTESIAN_POINT('',(7.41613624337632,47.8806023374436,10.4));
#4609=CARTESIAN_POINT('',(18.5919515981711,59.0564176922386,10.4));
#4610=CARTESIAN_POINT('Origin',(7.64271804231656,47.5414987114346,10.4));
#4611=CARTESIAN_POINT('Origin',(25.6582427156788,55.0037733644086,10.4));
#4612=CARTESIAN_POINT('',(6.576845865401,47.1,10.));
#4613=CARTESIAN_POINT('',(25.6582427156788,55.0037733644086,10.));
#4614=CARTESIAN_POINT('',(6.49728091844916,47.5,10.4));
#4615=CARTESIAN_POINT('',(25.5051693427328,55.3733251774131,10.4));
#4616=CARTESIAN_POINT('Origin',(6.576845865401,47.1,10.4));
#4617=CARTESIAN_POINT('Origin',(27.7513595407755,47.1000000000002,10.4));
#4618=CARTESIAN_POINT('',(5.42315413459902,47.1,10.));
#4619=CARTESIAN_POINT('',(27.7513595407755,47.1000000000002,10.));
#4620=CARTESIAN_POINT('',(5.50271908155087,47.5,10.4));
#4621=CARTESIAN_POINT('',(27.7513595407754,47.5000000000002,10.4));
#4622=CARTESIAN_POINT('Origin',(5.42315413459902,47.1,10.4));
#4623=CARTESIAN_POINT('Origin',(23.4386788079616,39.6377253470262,10.4));
#4624=CARTESIAN_POINT('',(4.35728195768351,47.5414987114345,10.));
#4625=CARTESIAN_POINT('',(23.4386788079616,39.6377253470262,10.));
#4626=CARTESIAN_POINT('',(4.58386375662371,47.8806023374435,10.4));
#4627=CARTESIAN_POINT('',(23.5917521809076,40.0072771600307,10.4));
#4628=CARTESIAN_POINT('Origin',(4.35728195768352,47.5414987114345,10.4));
#4629=CARTESIAN_POINT('Origin',(14.7735749797643,37.125205689354,10.4));
#4630=CARTESIAN_POINT('',(3.54149871143455,48.3572819576835,10.));
#4631=CARTESIAN_POINT('',(14.7735749797643,37.125205689354,10.));
#4632=CARTESIAN_POINT('',(3.88060233744357,48.5838637566237,10.4));
#4633=CARTESIAN_POINT('',(15.0564176922389,37.4080484018286,10.4));
#4634=CARTESIAN_POINT('Origin',(3.54149871143455,48.3572819576835,10.4));
#4635=CARTESIAN_POINT('Origin',(6.44742417830445,41.3417572843209,10.4));
#4636=CARTESIAN_POINT('',(6.44742417830445,41.3417572843209,10.));
#4637=CARTESIAN_POINT('',(6.81697599130896,41.4948306572669,10.4));
#4638=CARTESIAN_POINT('Origin',(3.49999999999999,50.4972809184491,10.));
#4639=CARTESIAN_POINT('',(3.5,49.5027190815508,12.6));
#4640=CARTESIAN_POINT('',(3.5,49.5027190815508,10.));
#4641=CARTESIAN_POINT('',(3.49999999999999,50.4972809184491,12.6));
#4642=CARTESIAN_POINT('',(3.49999999999999,50.2486404592246,12.6));
#4643=CARTESIAN_POINT('',(3.49999999999999,50.4972809184491,10.));
#4644=CARTESIAN_POINT('Origin',(3.5,49.5027190815508,10.));
#4645=CARTESIAN_POINT('',(3.88060233744357,48.5838637566237,12.6));
#4646=CARTESIAN_POINT('',(3.88060233744357,48.5838637566237,10.));
#4647=CARTESIAN_POINT('',(3.59515058436089,49.273005250319,12.6));
#4648=CARTESIAN_POINT('Origin',(3.88060233744357,48.5838637566237,10.));
#4649=CARTESIAN_POINT('',(4.58386375662371,47.8806023374435,12.6));
#4650=CARTESIAN_POINT('',(4.58386375662371,47.8806023374435,10.));
#4651=CARTESIAN_POINT('',(4.05641769223861,48.4080484018286,12.6));
#4652=CARTESIAN_POINT('Origin',(4.58386375662371,47.8806023374435,10.));
#4653=CARTESIAN_POINT('',(5.50271908155087,47.5,12.6));
#4654=CARTESIAN_POINT('',(5.50271908155087,47.5,10.));
#4655=CARTESIAN_POINT('',(4.8135775878555,47.7854517530827,12.6));
#4656=CARTESIAN_POINT('Origin',(5.50271908155087,47.5,10.));
#4657=CARTESIAN_POINT('',(6.49728091844916,47.5,12.6));
#4658=CARTESIAN_POINT('',(6.49728091844916,47.5,10.));
#4659=CARTESIAN_POINT('',(5.75135954077544,47.5,12.6));
#4660=CARTESIAN_POINT('Origin',(6.49728091844916,47.5,10.));
#4661=CARTESIAN_POINT('',(7.41613624337632,47.8806023374436,12.6));
#4662=CARTESIAN_POINT('',(7.41613624337632,47.8806023374436,10.));
#4663=CARTESIAN_POINT('',(6.72699474968096,47.5951505843609,12.6));
#4664=CARTESIAN_POINT('Origin',(7.41613624337632,47.8806023374436,10.));
#4665=CARTESIAN_POINT('',(8.11939766255644,48.5838637566237,12.6));
#4666=CARTESIAN_POINT('',(8.11939766255644,48.5838637566237,10.));
#4667=CARTESIAN_POINT('',(7.59195159817135,48.0564176922386,12.6));
#4668=CARTESIAN_POINT('Origin',(8.11939766255644,48.5838637566237,10.));
#4669=CARTESIAN_POINT('',(8.5,49.5027190815509,12.6));
#4670=CARTESIAN_POINT('',(8.5,49.5027190815509,10.));
#4671=CARTESIAN_POINT('',(8.21454824691734,48.8135775878555,12.6));
#4672=CARTESIAN_POINT('Origin',(50.,50.,10.));
#4673=CARTESIAN_POINT('',(0.,100.,10.));
#4674=CARTESIAN_POINT('',(0.,0.,10.));
#4675=CARTESIAN_POINT('',(0.,100.,10.));
#4676=CARTESIAN_POINT('',(100.,0.,10.));
#4677=CARTESIAN_POINT('',(0.,0.,10.));
#4678=CARTESIAN_POINT('',(100.,100.,10.));
#4679=CARTESIAN_POINT('',(100.,0.,10.));
#4680=CARTESIAN_POINT('',(100.,100.,10.));
#4681=CARTESIAN_POINT('',(52.4585012885655,92.3572819576835,10.));
#4682=CARTESIAN_POINT('',(52.9,93.423154134599,10.));
#4683=CARTESIAN_POINT('',(44.8059254668699,73.8823296218574,10.));
#4684=CARTESIAN_POINT('',(51.6427180423165,91.5414987114345,10.));
#4685=CARTESIAN_POINT('',(40.8747943106459,80.773574979764,10.));
#4686=CARTESIAN_POINT('',(50.576845865401,91.1,10.));
#4687=CARTESIAN_POINT('',(43.1018935295749,88.0037733644084,10.));
#4688=CARTESIAN_POINT('',(49.423154134599,91.1,10.));
#4689=CARTESIAN_POINT('',(49.7513595407754,91.1,10.));
#4690=CARTESIAN_POINT('',(48.3572819576834,91.5414987114346,10.));
#4691=CARTESIAN_POINT('',(56.4386788079613,88.1940745331304,10.));
#4692=CARTESIAN_POINT('',(47.5414987114345,92.3572819576835,10.));
#4693=CARTESIAN_POINT('',(58.773574979764,81.1252056893542,10.));
#4694=CARTESIAN_POINT('',(47.1,93.423154134599,10.));
#4695=CARTESIAN_POINT('',(55.0037733644084,74.341757284321,10.));
#4696=CARTESIAN_POINT('',(47.1,94.576845865401,10.));
#4697=CARTESIAN_POINT('',(47.1,72.2486404592246,10.));
#4698=CARTESIAN_POINT('',(47.5414987114345,95.6427180423165,10.));
#4699=CARTESIAN_POINT('',(39.6377253470261,76.5613211920386,10.));
#4700=CARTESIAN_POINT('',(48.3572819576835,96.4585012885655,10.));
#4701=CARTESIAN_POINT('',(37.125205689354,85.226425020236,10.));
#4702=CARTESIAN_POINT('',(49.423154134599,96.9,10.));
#4703=CARTESIAN_POINT('',(41.341757284321,93.5525758216956,10.));
#4704=CARTESIAN_POINT('',(50.576845865401,96.9,10.));
#4705=CARTESIAN_POINT('',(50.2486404592246,96.9,10.));
#4706=CARTESIAN_POINT('',(51.6427180423165,96.4585012885655,10.));
#4707=CARTESIAN_POINT('',(59.1176703781426,93.3622746529738,10.));
#4708=CARTESIAN_POINT('',(52.4585012885655,95.6427180423165,10.));
#4709=CARTESIAN_POINT('',(63.226425020236,84.8747943106459,10.));
#4710=CARTESIAN_POINT('',(52.9,94.576845865401,10.));
#4711=CARTESIAN_POINT('',(60.5525758216955,76.1018935295748,10.));
#4712=CARTESIAN_POINT('',(52.9000000000002,71.7513595407754,10.));
#4713=CARTESIAN_POINT('',(52.4585012885655,4.35728195768347,10.));
#4714=CARTESIAN_POINT('',(52.9,5.42315413459896,10.));
#4715=CARTESIAN_POINT('',(60.3622746529738,23.4386788079616,10.));
#4716=CARTESIAN_POINT('',(51.6427180423165,3.5414987114345,10.));
#4717=CARTESIAN_POINT('',(62.874794310646,14.773574979764,10.));
#4718=CARTESIAN_POINT('',(50.576845865401,3.09999999999997,10.));
#4719=CARTESIAN_POINT('',(58.658242715679,6.44742417830433,10.));
#4720=CARTESIAN_POINT('',(49.423154134599,3.09999999999997,10.));
#4721=CARTESIAN_POINT('',(49.7513595407755,3.09999999999997,10.));
#4722=CARTESIAN_POINT('',(48.3572819576835,3.54149871143451,10.));
#4723=CARTESIAN_POINT('',(40.8823296218575,6.63772534702607,10.));
#4724=CARTESIAN_POINT('',(47.5414987114345,4.35728195768346,10.));
#4725=CARTESIAN_POINT('',(36.773574979764,15.125205689354,10.));
#4726=CARTESIAN_POINT('',(47.1,5.42315413459896,10.));
#4727=CARTESIAN_POINT('',(39.4474241783043,23.898106470425,10.));
#4728=CARTESIAN_POINT('',(47.1,6.57684586540098,10.));
#4729=CARTESIAN_POINT('',(47.1,28.2486404592246,10.));
#4730=CARTESIAN_POINT('',(47.5414987114345,7.64271804231647,10.));
#4731=CARTESIAN_POINT('',(55.1940745331302,26.1176703781425,10.));
#4732=CARTESIAN_POINT('',(48.3572819576835,8.45850128856542,10.));
#4733=CARTESIAN_POINT('',(59.125205689354,19.226425020236,10.));
#4734=CARTESIAN_POINT('',(49.423154134599,8.89999999999997,10.));
#4735=CARTESIAN_POINT('',(56.8981064704251,11.9962266355916,10.));
#4736=CARTESIAN_POINT('',(50.576845865401,8.89999999999997,10.));
#4737=CARTESIAN_POINT('',(50.2486404592246,8.89999999999997,10.));
#4738=CARTESIAN_POINT('',(51.6427180423165,8.45850128856542,10.));
#4739=CARTESIAN_POINT('',(43.5613211920385,11.8059254668698,10.));
#4740=CARTESIAN_POINT('',(52.4585012885654,7.64271804231649,10.));
#4741=CARTESIAN_POINT('',(41.226425020236,18.8747943106459,10.));
#4742=CARTESIAN_POINT('',(52.9,6.57684586540097,10.));
#4743=CARTESIAN_POINT('',(44.9962266355915,25.6582427156789,10.));
#4744=CARTESIAN_POINT('',(52.9,27.7513595407754,10.));
#4745=CARTESIAN_POINT('',(96.4585029971789,48.3572818758338,10.));
#4746=CARTESIAN_POINT('',(96.9000016098755,49.4231547128378,10.));
#4747=CARTESIAN_POINT('',(93.3622809620987,40.8823343457193,10.));
#4748=CARTESIAN_POINT('',(95.642719589547,47.5414979819572,10.));
#4749=CARTESIAN_POINT('',(84.874802446346,36.7735744205791,10.));
#4750=CARTESIAN_POINT('',(94.5768470156967,47.0999987339514,10.));
#4751=CARTESIAN_POINT('',(76.1018994107193,39.4474184212028,10.));
#4752=CARTESIAN_POINT('',(93.4231547128378,47.0999983901245,10.));
#4753=CARTESIAN_POINT('',(71.7513602620304,47.09999193143,10.));
#4754=CARTESIAN_POINT('',(92.3572818758338,47.541497002821,10.));
#4755=CARTESIAN_POINT('',(73.8823250734176,55.1940682240026,10.));
#4756=CARTESIAN_POINT('',(91.5414979819572,48.357280410453,10.));
#4757=CARTESIAN_POINT('',(80.7735678640698,59.1252041101593,10.));
#4758=CARTESIAN_POINT('',(91.0999987339514,49.4231529843032,10.));
#4759=CARTESIAN_POINT('',(88.0037676073039,56.8981098615822,10.));
#4760=CARTESIAN_POINT('',(91.0999983901245,50.5768452871622,10.));
#4761=CARTESIAN_POINT('',(91.0999984879353,50.2486462944787,10.));
#4762=CARTESIAN_POINT('',(91.541497002821,51.6427181241661,10.));
#4763=CARTESIAN_POINT('',(88.1940774963043,43.5613257404812,10.));
#4764=CARTESIAN_POINT('',(92.3572804104529,52.4585020180427,10.));
#4765=CARTESIAN_POINT('',(81.1252106666686,41.2264255794248,10.));
#4766=CARTESIAN_POINT('',(93.4231529843032,52.9000012660486,10.));
#4767=CARTESIAN_POINT('',(74.3417606754808,44.9962231203944,10.));
#4768=CARTESIAN_POINT('',(94.5768452871621,52.9000016098755,10.));
#4769=CARTESIAN_POINT('',(72.2486397379734,52.8999949555554,10.));
#4770=CARTESIAN_POINT('',(95.6427181241661,52.4585029971789,10.));
#4771=CARTESIAN_POINT('',(76.5613164681794,60.362271689797,10.));
#4772=CARTESIAN_POINT('',(96.4585020180427,51.642719589547,10.));
#4773=CARTESIAN_POINT('',(85.2264190229155,62.8747958898367,10.));
#4774=CARTESIAN_POINT('',(96.9000012660486,50.5768470156968,10.));
#4775=CARTESIAN_POINT('',(93.5525723064955,58.6582485968208,10.));
#4776=CARTESIAN_POINT('',(96.9000015120607,49.7513668185357,10.));
#4777=CARTESIAN_POINT('Origin',(56.4386788079613,88.1940745331304,10.4));
#4778=CARTESIAN_POINT('',(49.5027190815509,91.5,10.4));
#4779=CARTESIAN_POINT('',(48.5838637566237,91.8806023374435,10.4));
#4780=CARTESIAN_POINT('',(56.5917521809073,88.5636263461349,10.4));
#4781=CARTESIAN_POINT('Origin',(48.3572819576834,91.5414987114346,10.4));
#4782=CARTESIAN_POINT('Origin',(49.423154134599,91.1,10.4));
#4783=CARTESIAN_POINT('Origin',(58.773574979764,81.1252056893542,10.4));
#4784=CARTESIAN_POINT('',(47.8806023374435,92.5838637566237,10.4));
#4785=CARTESIAN_POINT('',(59.0564176922386,81.4080484018288,10.4));
#4786=CARTESIAN_POINT('Origin',(47.5414987114345,92.3572819576835,10.4));
#4787=CARTESIAN_POINT('Origin',(44.8059254668699,73.8823296218574,10.4));
#4788=CARTESIAN_POINT('',(52.5,93.5027190815509,10.4));
#4789=CARTESIAN_POINT('Origin',(52.9,93.423154134599,10.4));
#4790=CARTESIAN_POINT('',(52.1193976625564,92.5838637566237,10.4));
#4791=CARTESIAN_POINT('',(44.4363736538654,74.0354029948034,10.4));
#4792=CARTESIAN_POINT('Origin',(52.4585012885655,92.3572819576835,10.4));
#4793=CARTESIAN_POINT('Origin',(55.0037733644084,74.341757284321,10.4));
#4794=CARTESIAN_POINT('',(47.5,93.5027190815509,10.4));
#4795=CARTESIAN_POINT('',(55.3733251774129,74.4948306572671,10.4));
#4796=CARTESIAN_POINT('Origin',(47.1,93.423154134599,10.4));
#4797=CARTESIAN_POINT('Origin',(47.1,72.2486404592246,10.4));
#4798=CARTESIAN_POINT('',(47.5,94.4972809184491,10.4));
#4799=CARTESIAN_POINT('',(47.5,72.2486404592246,10.4));
#4800=CARTESIAN_POINT('Origin',(47.1,94.576845865401,10.4));
#4801=CARTESIAN_POINT('Origin',(39.6377253470261,76.5613211920386,10.4));
#4802=CARTESIAN_POINT('',(47.8806023374435,95.4161362433763,10.4));
#4803=CARTESIAN_POINT('',(40.0072771600306,76.4082478190925,10.4));
#4804=CARTESIAN_POINT('Origin',(47.5414987114345,95.6427180423165,10.4));
#4805=CARTESIAN_POINT('Origin',(37.125205689354,85.226425020236,10.4));
#4806=CARTESIAN_POINT('',(48.5838637566237,96.1193976625564,10.4));
#4807=CARTESIAN_POINT('',(37.4080484018286,84.9435823077614,10.4));
#4808=CARTESIAN_POINT('Origin',(48.3572819576835,96.4585012885655,10.4));
#4809=CARTESIAN_POINT('Origin',(41.341757284321,93.5525758216956,10.4));
#4810=CARTESIAN_POINT('',(49.5027190815508,96.5,10.4));
#4811=CARTESIAN_POINT('',(41.494830657267,93.1830240086911,10.4));
#4812=CARTESIAN_POINT('Origin',(49.423154134599,96.9,10.4));
#4813=CARTESIAN_POINT('Origin',(50.2486404592246,96.9,10.4));
#4814=CARTESIAN_POINT('',(50.4972809184491,96.5,10.4));
#4815=CARTESIAN_POINT('',(50.2486404592246,96.5,10.4));
#4816=CARTESIAN_POINT('Origin',(50.576845865401,96.9,10.4));
#4817=CARTESIAN_POINT('Origin',(59.1176703781426,93.3622746529738,10.4));
#4818=CARTESIAN_POINT('',(51.4161362433763,96.1193976625564,10.4));
#4819=CARTESIAN_POINT('',(58.9645970051966,92.9927228399693,10.4));
#4820=CARTESIAN_POINT('Origin',(51.6427180423165,96.4585012885655,10.4));
#4821=CARTESIAN_POINT('Origin',(63.226425020236,84.8747943106459,10.4));
#4822=CARTESIAN_POINT('',(52.1193976625564,95.4161362433763,10.4));
#4823=CARTESIAN_POINT('',(62.9435823077614,84.5919515981713,10.4));
#4824=CARTESIAN_POINT('Origin',(52.4585012885655,95.6427180423165,10.4));
#4825=CARTESIAN_POINT('Origin',(60.5525758216955,76.1018935295748,10.4));
#4826=CARTESIAN_POINT('',(52.5,94.4972809184491,10.4));
#4827=CARTESIAN_POINT('',(60.183024008691,75.9488201566288,10.4));
#4828=CARTESIAN_POINT('Origin',(52.9,94.576845865401,10.4));
#4829=CARTESIAN_POINT('Origin',(52.9000000000002,71.7513595407754,10.4));
#4830=CARTESIAN_POINT('',(52.5000000000002,71.7513595407754,10.4));
#4831=CARTESIAN_POINT('Origin',(40.8747943106459,80.773574979764,10.4));
#4832=CARTESIAN_POINT('',(51.4161362433763,91.8806023374436,10.4));
#4833=CARTESIAN_POINT('',(40.5919515981713,81.0564176922386,10.4));
#4834=CARTESIAN_POINT('Origin',(51.6427180423165,91.5414987114345,10.4));
#4835=CARTESIAN_POINT('Origin',(43.1018935295749,88.0037733644084,10.4));
#4836=CARTESIAN_POINT('',(50.4972809184491,91.5,10.4));
#4837=CARTESIAN_POINT('',(42.9488201566289,88.3733251774129,10.4));
#4838=CARTESIAN_POINT('Origin',(50.576845865401,91.1,10.4));
#4839=CARTESIAN_POINT('Origin',(49.7513595407754,91.1,10.4));
#4840=CARTESIAN_POINT('',(49.7513595407754,91.5,10.4));
#4841=CARTESIAN_POINT('Origin',(47.5,94.4972809184491,10.));
#4842=CARTESIAN_POINT('',(47.5,93.5027190815509,12.6));
#4843=CARTESIAN_POINT('',(47.5,93.5027190815509,10.));
#4844=CARTESIAN_POINT('',(47.5,94.4972809184491,12.6));
#4845=CARTESIAN_POINT('',(47.5,94.2486404592246,12.6));
#4846=CARTESIAN_POINT('',(47.5,94.4972809184491,10.));
#4847=CARTESIAN_POINT('Origin',(47.5,93.5027190815509,10.));
#4848=CARTESIAN_POINT('',(47.8806023374435,92.5838637566237,12.6));
#4849=CARTESIAN_POINT('',(47.8806023374435,92.5838637566237,10.));
#4850=CARTESIAN_POINT('',(47.5951505843609,93.273005250319,12.6));
#4851=CARTESIAN_POINT('Origin',(47.8806023374435,92.5838637566237,10.));
#4852=CARTESIAN_POINT('',(48.5838637566237,91.8806023374435,12.6));
#4853=CARTESIAN_POINT('',(48.5838637566237,91.8806023374435,10.));
#4854=CARTESIAN_POINT('',(48.0564176922386,92.4080484018287,12.6));
#4855=CARTESIAN_POINT('Origin',(48.5838637566237,91.8806023374435,10.));
#4856=CARTESIAN_POINT('',(49.5027190815509,91.5,12.6));
#4857=CARTESIAN_POINT('',(49.5027190815509,91.5,10.));
#4858=CARTESIAN_POINT('',(48.8135775878555,91.7854517530827,12.6));
#4859=CARTESIAN_POINT('Origin',(49.5027190815509,91.5,10.));
#4860=CARTESIAN_POINT('',(50.4972809184491,91.5,12.6));
#4861=CARTESIAN_POINT('',(50.4972809184491,91.5,10.));
#4862=CARTESIAN_POINT('',(49.7513595407754,91.5,12.6));
#4863=CARTESIAN_POINT('Origin',(50.4972809184491,91.5,10.));
#4864=CARTESIAN_POINT('',(51.4161362433763,91.8806023374436,12.6));
#4865=CARTESIAN_POINT('',(51.4161362433763,91.8806023374436,10.));
#4866=CARTESIAN_POINT('',(50.7269947496809,91.5951505843609,12.6));
#4867=CARTESIAN_POINT('Origin',(51.4161362433763,91.8806023374436,10.));
#4868=CARTESIAN_POINT('',(52.1193976625564,92.5838637566237,12.6));
#4869=CARTESIAN_POINT('',(52.1193976625564,92.5838637566237,10.));
#4870=CARTESIAN_POINT('',(51.5919515981713,92.0564176922386,12.6));
#4871=CARTESIAN_POINT('Origin',(52.1193976625564,92.5838637566237,10.));
#4872=CARTESIAN_POINT('',(52.5,93.5027190815509,12.6));
#4873=CARTESIAN_POINT('',(52.5,93.5027190815509,10.));
#4874=CARTESIAN_POINT('',(52.2145482469173,92.8135775878555,12.6));
#4875=CARTESIAN_POINT('Origin',(93.3622809620987,40.8823343457193,10.4));
#4876=CARTESIAN_POINT('',(96.5000015861633,49.5027195405805,10.4));
#4877=CARTESIAN_POINT('',(96.1193993036433,48.5838635737133,10.4));
#4878=CARTESIAN_POINT('',(92.9927291034748,41.0354076085304,10.4));
#4879=CARTESIAN_POINT('Origin',(96.4585029971789,48.3572818758338,10.4));
#4880=CARTESIAN_POINT('Origin',(96.9000016098755,49.4231547128378,10.4));
#4881=CARTESIAN_POINT('Origin',(84.874802446346,36.7735744205791,10.4));
#4882=CARTESIAN_POINT('',(95.4161376895461,47.8806015404397,10.4));
#4883=CARTESIAN_POINT('',(84.5919596495777,37.05641704876,10.4));
#4884=CARTESIAN_POINT('Origin',(95.642719589547,47.5414979819572,10.4));
#4885=CARTESIAN_POINT('Origin',(76.1018994107193,39.4474184212028,10.4));
#4886=CARTESIAN_POINT('',(94.4972819495356,47.4999987102392,10.4));
#4887=CARTESIAN_POINT('',(75.9488259276384,39.8169701885879,10.4));
#4888=CARTESIAN_POINT('Origin',(94.5768470156967,47.0999987339514,10.4));
#4889=CARTESIAN_POINT('Origin',(71.7513602620304,47.09999193143,10.4));
#4890=CARTESIAN_POINT('',(93.5027195405805,47.4999984138366,10.4));
#4891=CARTESIAN_POINT('',(71.7513601428212,47.49999193143,10.4));
#4892=CARTESIAN_POINT('Origin',(93.4231547128378,47.0999983901245,10.4));
#4893=CARTESIAN_POINT('Origin',(73.8823250734176,55.1940682240026,10.4));
#4894=CARTESIAN_POINT('',(92.5838635737133,47.8806006963567,10.4));
#4895=CARTESIAN_POINT('',(74.0353983362287,55.5636200826265,10.4));
#4896=CARTESIAN_POINT('Origin',(92.3572818758338,47.541497002821,10.4));
#4897=CARTESIAN_POINT('Origin',(80.7735678640698,59.1252041101593,10.4));
#4898=CARTESIAN_POINT('',(91.8806015404397,48.5838623104539,10.4));
#4899=CARTESIAN_POINT('',(81.0564104922508,59.4080469069276,10.4));
#4900=CARTESIAN_POINT('Origin',(91.5414979819572,48.357280410453,10.4));
#4901=CARTESIAN_POINT('Origin',(88.0037676073039,56.8981098615822,10.4));
#4902=CARTESIAN_POINT('',(91.4999987102392,49.5027180504643,10.4));
#4903=CARTESIAN_POINT('',(88.373319374689,57.0511833446632,10.4));
#4904=CARTESIAN_POINT('Origin',(91.0999987339514,49.4231529843032,10.4));
#4905=CARTESIAN_POINT('Origin',(91.0999984879353,50.2486462944787,10.4));
#4906=CARTESIAN_POINT('',(91.4999984138366,50.4972804594195,10.4));
#4907=CARTESIAN_POINT('',(91.4999984879353,50.248646413688,10.4));
#4908=CARTESIAN_POINT('Origin',(91.0999983901245,50.5768452871622,10.4));
#4909=CARTESIAN_POINT('Origin',(88.1940774963043,43.5613257404812,10.4));
#4910=CARTESIAN_POINT('',(91.8806006963567,51.4161364262866,10.4));
#4911=CARTESIAN_POINT('',(88.5636293549282,43.4082524776701,10.4));
#4912=CARTESIAN_POINT('Origin',(91.541497002821,51.6427181241661,10.4));
#4913=CARTESIAN_POINT('Origin',(81.1252106666686,41.2264255794248,10.4));
#4914=CARTESIAN_POINT('',(92.5838623104538,52.1193984595603,10.4));
#4915=CARTESIAN_POINT('',(81.4080534634368,40.9435829512439,10.4));
#4916=CARTESIAN_POINT('Origin',(92.3572804104529,52.4585020180427,10.4));
#4917=CARTESIAN_POINT('Origin',(74.3417606754808,44.9962231203944,10.4));
#4918=CARTESIAN_POINT('',(93.5027180504643,52.5000012897608,10.4));
#4919=CARTESIAN_POINT('',(74.4948341585618,44.6266713530093,10.4));
#4920=CARTESIAN_POINT('Origin',(93.4231529843032,52.9000012660486,10.4));
#4921=CARTESIAN_POINT('Origin',(72.2486397379734,52.8999949555554,10.4));
#4922=CARTESIAN_POINT('',(94.4972804594195,52.5000015861633,10.4));
#4923=CARTESIAN_POINT('',(72.2486398571827,52.4999949555554,10.4));
#4924=CARTESIAN_POINT('Origin',(94.5768452871621,52.9000016098755,10.4));
#4925=CARTESIAN_POINT('Origin',(76.5613164681794,60.362271689797,10.4));
#4926=CARTESIAN_POINT('',(95.4161364262866,52.1193993036433,10.4));
#4927=CARTESIAN_POINT('',(76.4082432053684,59.9927198311731,10.4));
#4928=CARTESIAN_POINT('Origin',(95.6427181241661,52.4585029971789,10.4));
#4929=CARTESIAN_POINT('Origin',(85.2264190229155,62.8747958898367,10.4));
#4930=CARTESIAN_POINT('',(96.1193984595603,51.4161376895461,10.4));
#4931=CARTESIAN_POINT('',(84.9435763947346,62.5919530930685,10.4));
#4932=CARTESIAN_POINT('Origin',(96.4585020180427,51.642719589547,10.4));
#4933=CARTESIAN_POINT('Origin',(93.5525723064955,58.6582485968208,10.4));
#4934=CARTESIAN_POINT('',(96.5000012897608,50.4972819495356,10.4));
#4935=CARTESIAN_POINT('',(93.1830205391104,58.5051751137398,10.4));
#4936=CARTESIAN_POINT('Origin',(96.9000012660486,50.5768470156968,10.4));
#4937=CARTESIAN_POINT('Origin',(96.9000015120607,49.7513668185357,10.4));
#4938=CARTESIAN_POINT('',(96.5000015120607,49.7513666993265,10.4));
#4939=CARTESIAN_POINT('Origin',(91.4999984138366,50.4972804594195,10.));
#4940=CARTESIAN_POINT('',(91.4999987102392,49.5027180504643,12.6));
#4941=CARTESIAN_POINT('',(91.4999987102392,49.5027180504643,10.));
#4942=CARTESIAN_POINT('',(91.4999984138366,50.4972804594195,12.6));
#4943=CARTESIAN_POINT('',(91.4999984879373,50.2486398571807,12.6));
#4944=CARTESIAN_POINT('',(91.4999984138366,50.4972804594195,10.));
#4945=CARTESIAN_POINT('Origin',(91.4999987102392,49.5027180504643,10.));
#4946=CARTESIAN_POINT('',(91.8806015404397,48.5838623104539,12.6));
#4947=CARTESIAN_POINT('',(91.8806015404397,48.5838623104539,10.));
#4948=CARTESIAN_POINT('',(91.5951494177893,49.2730041154617,12.6));
#4949=CARTESIAN_POINT('Origin',(91.8806015404397,48.5838623104539,10.));
#4950=CARTESIAN_POINT('',(92.5838635737133,47.8806006963567,12.6));
#4951=CARTESIAN_POINT('',(92.5838635737133,47.8806006963567,10.));
#4952=CARTESIAN_POINT('',(92.0564170487581,48.4080469069296,12.6));
#4953=CARTESIAN_POINT('Origin',(92.5838635737133,47.8806006963567,10.));
#4954=CARTESIAN_POINT('',(93.5027195405805,47.4999984138366,12.6));
#4955=CARTESIAN_POINT('',(93.5027195405805,47.4999984138366,10.));
#4956=CARTESIAN_POINT('',(92.8135775654301,47.7854501257266,12.6));
#4957=CARTESIAN_POINT('Origin',(93.5027195405805,47.4999984138366,10.));
#4958=CARTESIAN_POINT('',(94.4972819495356,47.4999987102392,12.6));
#4959=CARTESIAN_POINT('',(94.4972819495356,47.4999987102392,10.));
#4960=CARTESIAN_POINT('',(93.7513601428192,47.4999984879373,12.6));
#4961=CARTESIAN_POINT('Origin',(94.4972819495356,47.4999987102392,10.));
#4962=CARTESIAN_POINT('',(95.4161376895461,47.8806015404397,12.6));
#4963=CARTESIAN_POINT('',(95.4161376895461,47.8806015404397,10.));
#4964=CARTESIAN_POINT('',(94.7269958845382,47.5951494177893,12.6));
#4965=CARTESIAN_POINT('Origin',(95.4161376895461,47.8806015404397,10.));
#4966=CARTESIAN_POINT('',(96.1193993036433,48.5838635737133,12.6));
#4967=CARTESIAN_POINT('',(96.1193993036433,48.5838635737133,10.));
#4968=CARTESIAN_POINT('',(95.5919530930704,48.0564170487581,12.6));
#4969=CARTESIAN_POINT('Origin',(96.1193993036433,48.5838635737133,10.));
#4970=CARTESIAN_POINT('',(96.5000015861633,49.5027195405805,12.6));
#4971=CARTESIAN_POINT('',(96.5000015861633,49.5027195405805,10.));
#4972=CARTESIAN_POINT('',(96.2145498742733,48.8135775654301,12.6));
#4973=CARTESIAN_POINT('Origin',(43.5613211920385,11.8059254668698,10.4));
#4974=CARTESIAN_POINT('',(50.4972809184491,8.49999999999996,10.4));
#4975=CARTESIAN_POINT('',(51.4161362433763,8.1193976625564,10.4));
#4976=CARTESIAN_POINT('',(43.4082478190925,11.4363736538652,10.4));
#4977=CARTESIAN_POINT('Origin',(51.6427180423165,8.45850128856542,10.4));
#4978=CARTESIAN_POINT('Origin',(50.576845865401,8.89999999999997,10.4));
#4979=CARTESIAN_POINT('Origin',(41.226425020236,18.8747943106459,10.4));
#4980=CARTESIAN_POINT('',(52.1193976625564,7.41613624337627,10.4));
#4981=CARTESIAN_POINT('',(40.9435823077614,18.5919515981713,10.4));
#4982=CARTESIAN_POINT('Origin',(52.4585012885654,7.6427180423165,10.4));
#4983=CARTESIAN_POINT('Origin',(44.9962266355915,25.6582427156789,10.4));
#4984=CARTESIAN_POINT('',(52.5,6.49728091844911,10.4));
#4985=CARTESIAN_POINT('',(44.626674822587,25.5051693427329,10.4));
#4986=CARTESIAN_POINT('Origin',(52.9,6.57684586540098,10.4));
#4987=CARTESIAN_POINT('Origin',(60.3622746529738,23.4386788079616,10.4));
#4988=CARTESIAN_POINT('',(52.5,5.50271908155083,10.4));
#4989=CARTESIAN_POINT('',(52.1193976625564,4.58386375662367,10.4));
#4990=CARTESIAN_POINT('',(59.9927228399692,23.5917521809076,10.4));
#4991=CARTESIAN_POINT('Origin',(52.4585012885655,4.35728195768347,10.4));
#4992=CARTESIAN_POINT('Origin',(52.9,5.42315413459897,10.4));
#4993=CARTESIAN_POINT('Origin',(62.874794310646,14.773574979764,10.4));
#4994=CARTESIAN_POINT('',(51.4161362433763,3.88060233744354,10.4));
#4995=CARTESIAN_POINT('',(62.5919515981713,15.0564176922386,10.4));
#4996=CARTESIAN_POINT('Origin',(51.6427180423165,3.5414987114345,10.4));
#4997=CARTESIAN_POINT('Origin',(58.658242715679,6.44742417830433,10.4));
#4998=CARTESIAN_POINT('',(50.4972809184491,3.49999999999997,10.4));
#4999=CARTESIAN_POINT('',(58.505169342733,6.81697599130885,10.4));
#5000=CARTESIAN_POINT('Origin',(50.576845865401,3.09999999999997,10.4));
#5001=CARTESIAN_POINT('Origin',(49.7513595407755,3.09999999999997,10.4));
#5002=CARTESIAN_POINT('',(49.5027190815508,3.49999999999997,10.4));
#5003=CARTESIAN_POINT('',(49.7513595407755,3.49999999999997,10.4));
#5004=CARTESIAN_POINT('Origin',(49.423154134599,3.09999999999997,10.4));
#5005=CARTESIAN_POINT('Origin',(40.8823296218575,6.63772534702607,10.4));
#5006=CARTESIAN_POINT('',(48.5838637566237,3.88060233744353,10.4));
#5007=CARTESIAN_POINT('',(41.0354029948035,7.00727716003059,10.4));
#5008=CARTESIAN_POINT('Origin',(48.3572819576835,3.54149871143451,10.4));
#5009=CARTESIAN_POINT('Origin',(36.773574979764,15.125205689354,10.4));
#5010=CARTESIAN_POINT('',(47.8806023374435,4.58386375662366,10.4));
#5011=CARTESIAN_POINT('',(37.0564176922386,15.4080484018286,10.4));
#5012=CARTESIAN_POINT('Origin',(47.5414987114345,4.35728195768346,10.4));
#5013=CARTESIAN_POINT('Origin',(39.4474241783043,23.898106470425,10.4));
#5014=CARTESIAN_POINT('',(47.5,5.50271908155082,10.4));
#5015=CARTESIAN_POINT('',(39.8169759913088,24.051179843371,10.4));
#5016=CARTESIAN_POINT('Origin',(47.1,5.42315413459895,10.4));
#5017=CARTESIAN_POINT('Origin',(52.9,27.7513595407754,10.4));
#5018=CARTESIAN_POINT('',(52.5,27.7513595407754,10.4));
#5019=CARTESIAN_POINT('Origin',(47.1,28.2486404592246,10.4));
#5020=CARTESIAN_POINT('',(47.5,6.49728091844911,10.4));
#5021=CARTESIAN_POINT('',(47.5,28.2486404592246,10.4));
#5022=CARTESIAN_POINT('Origin',(47.1,6.57684586540098,10.4));
#5023=CARTESIAN_POINT('Origin',(55.1940745331302,26.1176703781425,10.4));
#5024=CARTESIAN_POINT('',(47.8806023374435,7.41613624337627,10.4));
#5025=CARTESIAN_POINT('',(55.5636263461348,25.9645970051965,10.4));
#5026=CARTESIAN_POINT('Origin',(47.5414987114345,7.64271804231647,10.4));
#5027=CARTESIAN_POINT('Origin',(59.125205689354,19.226425020236,10.4));
#5028=CARTESIAN_POINT('',(48.5838637566237,8.11939766255639,10.4));
#5029=CARTESIAN_POINT('',(59.4080484018287,18.9435823077613,10.4));
#5030=CARTESIAN_POINT('Origin',(48.3572819576835,8.45850128856542,10.4));
#5031=CARTESIAN_POINT('Origin',(56.8981064704251,11.9962266355916,10.4));
#5032=CARTESIAN_POINT('',(49.5027190815508,8.49999999999996,10.4));
#5033=CARTESIAN_POINT('',(57.0511798433711,11.6266748225871,10.4));
#5034=CARTESIAN_POINT('Origin',(49.423154134599,8.89999999999996,10.4));
#5035=CARTESIAN_POINT('Origin',(50.2486404592246,8.89999999999997,10.4));
#5036=CARTESIAN_POINT('',(50.2486404592246,8.49999999999996,10.4));
#5037=CARTESIAN_POINT('Origin',(47.5,6.49728091844911,10.));
#5038=CARTESIAN_POINT('',(47.5,5.50271908155082,12.6));
#5039=CARTESIAN_POINT('',(47.5,5.50271908155082,10.));
#5040=CARTESIAN_POINT('',(47.5,6.49728091844911,12.6));
#5041=CARTESIAN_POINT('',(47.5,6.24864045922454,12.6));
#5042=CARTESIAN_POINT('',(47.5,6.49728091844911,10.));
#5043=CARTESIAN_POINT('Origin',(47.5,5.50271908155082,10.));
#5044=CARTESIAN_POINT('',(47.8806023374435,4.58386375662366,12.6));
#5045=CARTESIAN_POINT('',(47.8806023374435,4.58386375662366,10.));
#5046=CARTESIAN_POINT('',(47.5951505843609,5.27300525031903,12.6));
#5047=CARTESIAN_POINT('Origin',(47.8806023374435,4.58386375662366,10.));
#5048=CARTESIAN_POINT('',(48.5838637566237,3.88060233744353,12.6));
#5049=CARTESIAN_POINT('',(48.5838637566237,3.88060233744353,10.));
#5050=CARTESIAN_POINT('',(48.0564176922386,4.40804840182863,12.6));
#5051=CARTESIAN_POINT('Origin',(48.5838637566237,3.88060233744353,10.));
#5052=CARTESIAN_POINT('',(49.5027190815508,3.49999999999997,12.6));
#5053=CARTESIAN_POINT('',(49.5027190815508,3.49999999999997,10.));
#5054=CARTESIAN_POINT('',(48.8135775878555,3.78545175308264,12.6));
#5055=CARTESIAN_POINT('Origin',(49.5027190815508,3.49999999999997,10.));
#5056=CARTESIAN_POINT('',(50.4972809184491,3.49999999999997,12.6));
#5057=CARTESIAN_POINT('',(50.4972809184491,3.49999999999997,10.));
#5058=CARTESIAN_POINT('',(49.7513595407754,3.49999999999997,12.6));
#5059=CARTESIAN_POINT('Origin',(50.4972809184491,3.49999999999997,10.));
#5060=CARTESIAN_POINT('',(51.4161362433763,3.88060233744354,12.6));
#5061=CARTESIAN_POINT('',(51.4161362433763,3.88060233744354,10.));
#5062=CARTESIAN_POINT('',(50.7269947496809,3.59515058436086,12.6));
#5063=CARTESIAN_POINT('Origin',(51.4161362433763,3.88060233744354,10.));
#5064=CARTESIAN_POINT('',(52.1193976625564,4.58386375662367,12.6));
#5065=CARTESIAN_POINT('',(52.1193976625564,4.58386375662367,10.));
#5066=CARTESIAN_POINT('',(51.5919515981713,4.05641769223857,12.6));
#5067=CARTESIAN_POINT('Origin',(52.1193976625564,4.58386375662367,10.));
#5068=CARTESIAN_POINT('',(52.5,5.50271908155083,12.6));
#5069=CARTESIAN_POINT('',(52.5,5.50271908155083,10.));
#5070=CARTESIAN_POINT('',(52.2145482469173,4.81357758785546,12.6));
#5071=CARTESIAN_POINT('Origin',(47.7,6.24864045922454,12.8));
#5072=CARTESIAN_POINT('',(47.9,5.58228402850269,13.));
#5073=CARTESIAN_POINT('',(47.9,6.41771597149724,13.));
#5074=CARTESIAN_POINT('',(47.9,6.24864045922454,13.));
#5075=CARTESIAN_POINT('',(47.9,6.41771597149724,13.));
#5076=CARTESIAN_POINT('',(47.9,5.58228402850269,13.));
#5077=CARTESIAN_POINT('Origin',(47.9702276595849,7.10988572567147,12.8));
#5078=CARTESIAN_POINT('',(48.2197059634526,7.18955444443606,13.));
#5079=CARTESIAN_POINT('',(48.1550035660872,7.03334903919845,13.));
#5080=CARTESIAN_POINT('',(47.8806023374435,7.41613624337627,12.6));
#5081=CARTESIAN_POINT('',(48.2197059634526,7.18955444443606,13.));
#5082=CARTESIAN_POINT('',(47.7854517530827,7.18642241214448,12.6));
#5083=CARTESIAN_POINT('Origin',(48.549469758066,7.80216095152405,12.8));
#5084=CARTESIAN_POINT('',(48.8104455555639,7.78029403654737,13.));
#5085=CARTESIAN_POINT('',(48.6908911143033,7.66073959528674,13.));
#5086=CARTESIAN_POINT('',(48.5838637566237,8.11939766255639,12.6));
#5087=CARTESIAN_POINT('',(48.8104455555639,7.78029403654737,13.));
#5088=CARTESIAN_POINT('',(48.4080484018287,7.94358230776136,12.6));
#5089=CARTESIAN_POINT('Origin',(49.3495419367921,8.22007350913681,12.8));
#5090=CARTESIAN_POINT('',(49.5822840285027,8.09999999999996,13.));
#5091=CARTESIAN_POINT('',(49.4260786232651,8.03529760263456,13.));
#5092=CARTESIAN_POINT('',(49.5027190815508,8.49999999999996,12.6));
#5093=CARTESIAN_POINT('',(49.5822840285027,8.09999999999996,13.));
#5094=CARTESIAN_POINT('',(49.273005250319,8.40484941563907,12.6));
#5095=CARTESIAN_POINT('Origin',(50.2486404592246,8.29999999999997,12.8));
#5096=CARTESIAN_POINT('',(50.4177159714973,8.09999999999997,13.));
#5097=CARTESIAN_POINT('',(50.2486404592246,8.09999999999997,13.));
#5098=CARTESIAN_POINT('',(50.4972809184491,8.49999999999996,12.6));
#5099=CARTESIAN_POINT('',(50.4177159714973,8.09999999999997,13.));
#5100=CARTESIAN_POINT('',(50.2486404592246,8.49999999999996,12.6));
#5101=CARTESIAN_POINT('Origin',(51.1098857256715,8.02977234041504,12.8));
#5102=CARTESIAN_POINT('',(51.1895544444361,7.78029403654737,13.));
#5103=CARTESIAN_POINT('',(51.0333490391984,7.84499643391278,13.));
#5104=CARTESIAN_POINT('',(51.4161362433763,8.1193976625564,12.6));
#5105=CARTESIAN_POINT('',(51.1895544444361,7.78029403654737,13.));
#5106=CARTESIAN_POINT('',(51.1864224121445,8.21454824691729,12.6));
#5107=CARTESIAN_POINT('Origin',(51.8021609515241,7.45053024193399,12.8));
#5108=CARTESIAN_POINT('',(51.7802940365474,7.18955444443606,13.));
#5109=CARTESIAN_POINT('',(51.6607395952868,7.30910888569668,13.));
#5110=CARTESIAN_POINT('',(52.1193976625564,7.41613624337627,12.6));
#5111=CARTESIAN_POINT('',(51.7802940365474,7.18955444443606,13.));
#5112=CARTESIAN_POINT('',(51.9435823077614,7.5919515981713,12.6));
#5113=CARTESIAN_POINT('Origin',(52.2200735091368,6.65045806320789,12.8));
#5114=CARTESIAN_POINT('',(52.1,6.41771597149724,13.));
#5115=CARTESIAN_POINT('',(52.0352976026346,6.57392137673487,13.));
#5116=CARTESIAN_POINT('',(52.5,6.49728091844911,12.6));
#5117=CARTESIAN_POINT('',(52.1,6.41771597149724,13.));
#5118=CARTESIAN_POINT('',(52.4048494156391,6.72699474968091,12.6));
#5119=CARTESIAN_POINT('Origin',(52.3,5.7513595407754,12.8));
#5120=CARTESIAN_POINT('',(52.1,5.5822840285027,13.));
#5121=CARTESIAN_POINT('',(52.1,5.7513595407754,13.));
#5122=CARTESIAN_POINT('',(52.1,5.5822840285027,13.));
#5123=CARTESIAN_POINT('',(52.5,5.7513595407754,12.6));
#5124=CARTESIAN_POINT('Origin',(52.0297723404151,4.89011427432848,12.8));
#5125=CARTESIAN_POINT('',(51.7802940365474,4.81044555556387,13.));
#5126=CARTESIAN_POINT('',(51.8449964339128,4.9666509608015,13.));
#5127=CARTESIAN_POINT('',(51.7802940365474,4.81044555556387,13.));
#5128=CARTESIAN_POINT('Origin',(51.450530241934,4.19783904847588,12.8));
#5129=CARTESIAN_POINT('',(51.1895544444361,4.21970596345257,13.));
#5130=CARTESIAN_POINT('',(51.3091088856967,4.33926040471319,13.));
#5131=CARTESIAN_POINT('',(51.1895544444361,4.21970596345257,13.));
#5132=CARTESIAN_POINT('Origin',(50.6504580632079,3.77992649086312,12.8));
#5133=CARTESIAN_POINT('',(50.4177159714973,3.89999999999997,13.));
#5134=CARTESIAN_POINT('',(50.5739213767349,3.96470239736538,13.));
#5135=CARTESIAN_POINT('',(50.4177159714973,3.89999999999997,13.));
#5136=CARTESIAN_POINT('Origin',(49.7513595407754,3.69999999999997,12.8));
#5137=CARTESIAN_POINT('',(49.5822840285027,3.89999999999997,13.));
#5138=CARTESIAN_POINT('',(49.7513595407754,3.89999999999997,13.));
#5139=CARTESIAN_POINT('',(49.5822840285027,3.89999999999997,13.));
#5140=CARTESIAN_POINT('Origin',(48.8901142743285,3.9702276595849,12.8));
#5141=CARTESIAN_POINT('',(48.8104455555639,4.21970596345257,13.));
#5142=CARTESIAN_POINT('',(48.9666509608015,4.15500356608716,13.));
#5143=CARTESIAN_POINT('',(48.8104455555639,4.21970596345257,13.));
#5144=CARTESIAN_POINT('Origin',(48.1978390484759,4.54946975806594,12.8));
#5145=CARTESIAN_POINT('',(48.2197059634526,4.81044555556388,13.));
#5146=CARTESIAN_POINT('',(48.3392604047132,4.69089111430325,13.));
#5147=CARTESIAN_POINT('',(48.2197059634526,4.81044555556388,13.));
#5148=CARTESIAN_POINT('Origin',(47.7799264908631,5.34954193679205,12.8));
#5149=CARTESIAN_POINT('',(47.9647023973654,5.42607862326507,13.));
#5150=CARTESIAN_POINT('Origin',(50.,5.99999999999997,13.));
#5151=CARTESIAN_POINT('Origin',(91.6999984879373,50.2486399167853,12.8));
#5152=CARTESIAN_POINT('',(91.8999986865269,49.5822831166254,13.));
#5153=CARTESIAN_POINT('',(91.8999984375488,50.4177156316768,13.));
#5154=CARTESIAN_POINT('',(91.8999984879372,50.2486399763899,13.));
#5155=CARTESIAN_POINT('',(91.8999984375488,50.4177156316768,13.));
#5156=CARTESIAN_POINT('',(91.8999986865269,49.5822831166254,13.));
#5157=CARTESIAN_POINT('Origin',(91.9702260550386,51.1098858031643,12.8));
#5158=CARTESIAN_POINT('',(92.2197043898923,51.1895547284071,13.));
#5159=CARTESIAN_POINT('',(92.1550019843505,51.0333491717588,13.));
#5160=CARTESIAN_POINT('',(91.8806006963567,51.4161364262866,12.6));
#5161=CARTESIAN_POINT('',(92.2197043898923,51.1895547284071,13.));
#5162=CARTESIAN_POINT('',(91.7854501257266,51.1864224345698,12.6));
#5163=CARTESIAN_POINT('Origin',(92.5494683053137,51.8021616371514,12.8));
#5164=CARTESIAN_POINT('',(92.8104442104547,51.7802949010779,13.));
#5165=CARTESIAN_POINT('',(92.6908897036978,51.6607403230609,13.));
#5166=CARTESIAN_POINT('',(92.5838623104538,52.1193984595603,12.6));
#5167=CARTESIAN_POINT('',(92.8104442104547,51.7802949010779,13.));
#5168=CARTESIAN_POINT('',(92.4080469069295,51.9435829512419,12.6));
#5169=CARTESIAN_POINT('Origin',(93.3495408570022,52.2200746985181,12.8));
#5170=CARTESIAN_POINT('',(93.5822831166254,52.100001313473,13.));
#5171=CARTESIAN_POINT('',(93.4260775985427,52.0352988148256,13.));
#5172=CARTESIAN_POINT('',(93.5027180504643,52.5000012897608,12.6));
#5173=CARTESIAN_POINT('',(93.5822831166254,52.100001313473,13.));
#5174=CARTESIAN_POINT('',(93.2730041154617,52.4048505822107,12.6));
#5175=CARTESIAN_POINT('Origin',(94.2486399167853,52.3000015120627,12.8));
#5176=CARTESIAN_POINT('',(94.4177156316769,52.1000015624511,13.));
#5177=CARTESIAN_POINT('',(94.2486399763899,52.1000015120627,13.));
#5178=CARTESIAN_POINT('',(94.4972804594195,52.5000015861633,12.6));
#5179=CARTESIAN_POINT('',(94.4177156316769,52.1000015624511,13.));
#5180=CARTESIAN_POINT('',(94.2486398571807,52.5000015120627,12.6));
#5181=CARTESIAN_POINT('Origin',(95.1098858031643,52.0297739449614,12.8));
#5182=CARTESIAN_POINT('',(95.1895547284071,51.7802956101077,13.));
#5183=CARTESIAN_POINT('',(95.0333491717588,51.8449980156494,13.));
#5184=CARTESIAN_POINT('',(95.4161364262866,52.1193993036433,12.6));
#5185=CARTESIAN_POINT('',(95.1895547284071,51.7802956101077,13.));
#5186=CARTESIAN_POINT('',(95.1864224345698,52.2145498742733,12.6));
#5187=CARTESIAN_POINT('Origin',(95.8021616371514,51.4505316946863,12.8));
#5188=CARTESIAN_POINT('',(95.7802949010779,51.1895557895452,13.));
#5189=CARTESIAN_POINT('',(95.6607403230609,51.3091102963021,13.));
#5190=CARTESIAN_POINT('',(96.1193984595603,51.4161376895461,12.6));
#5191=CARTESIAN_POINT('',(95.7802949010779,51.1895557895452,13.));
#5192=CARTESIAN_POINT('',(95.9435829512419,51.5919530930704,12.6));
#5193=CARTESIAN_POINT('Origin',(96.2200746985181,50.6504591429978,12.8));
#5194=CARTESIAN_POINT('',(96.100001313473,50.4177168833745,13.));
#5195=CARTESIAN_POINT('',(96.0352988148256,50.5739224014573,13.));
#5196=CARTESIAN_POINT('',(96.5000012897608,50.4972819495356,12.6));
#5197=CARTESIAN_POINT('',(96.100001313473,50.4177168833745,13.));
#5198=CARTESIAN_POINT('',(96.4048505822107,50.7269958845383,12.6));
#5199=CARTESIAN_POINT('Origin',(96.3000015120627,49.7513600832146,12.8));
#5200=CARTESIAN_POINT('',(96.1000015624511,49.5822843683231,13.));
#5201=CARTESIAN_POINT('',(96.1000015120627,49.75136002361,13.));
#5202=CARTESIAN_POINT('',(96.1000015624511,49.5822843683231,13.));
#5203=CARTESIAN_POINT('',(96.5000015120627,49.7513601428193,12.6));
#5204=CARTESIAN_POINT('Origin',(96.0297739449614,48.8901141968357,12.8));
#5205=CARTESIAN_POINT('',(95.7802956101077,48.8104452715928,13.));
#5206=CARTESIAN_POINT('',(95.8449980156494,48.9666508282412,13.));
#5207=CARTESIAN_POINT('',(95.7802956101077,48.8104452715928,13.));
#5208=CARTESIAN_POINT('Origin',(95.4505316946863,48.1978383628486,12.8));
#5209=CARTESIAN_POINT('',(95.1895557895452,48.2197050989221,13.));
#5210=CARTESIAN_POINT('',(95.3091102963022,48.339259676939,13.));
#5211=CARTESIAN_POINT('',(95.1895557895452,48.2197050989221,13.));
#5212=CARTESIAN_POINT('Origin',(94.6504591429978,47.7799253014818,12.8));
#5213=CARTESIAN_POINT('',(94.4177168833745,47.899998686527,13.));
#5214=CARTESIAN_POINT('',(94.5739224014573,47.9647011851744,13.));
#5215=CARTESIAN_POINT('',(94.4177168833745,47.899998686527,13.));
#5216=CARTESIAN_POINT('Origin',(93.7513600832146,47.6999984879373,12.8));
#5217=CARTESIAN_POINT('',(93.5822843683231,47.8999984375488,13.));
#5218=CARTESIAN_POINT('',(93.75136002361,47.8999984879373,13.));
#5219=CARTESIAN_POINT('',(93.5822843683231,47.8999984375488,13.));
#5220=CARTESIAN_POINT('Origin',(92.8901141968356,47.9702260550386,12.8));
#5221=CARTESIAN_POINT('',(92.8104452715928,48.2197043898923,13.));
#5222=CARTESIAN_POINT('',(92.9666508282412,48.1550019843505,13.));
#5223=CARTESIAN_POINT('',(92.8104452715928,48.2197043898923,13.));
#5224=CARTESIAN_POINT('Origin',(92.1978383628485,48.5494683053137,12.8));
#5225=CARTESIAN_POINT('',(92.2197050989221,48.8104442104547,13.));
#5226=CARTESIAN_POINT('',(92.339259676939,48.6908897036978,13.));
#5227=CARTESIAN_POINT('',(92.2197050989221,48.8104442104547,13.));
#5228=CARTESIAN_POINT('Origin',(91.7799253014819,49.3495408570022,12.8));
#5229=CARTESIAN_POINT('',(91.9647011851744,49.4260775985427,13.));
#5230=CARTESIAN_POINT('Origin',(94.,50.,13.));
#5231=CARTESIAN_POINT('Origin',(47.7,94.2486404592246,12.8));
#5232=CARTESIAN_POINT('',(47.9,93.5822840285027,13.));
#5233=CARTESIAN_POINT('',(47.9,94.4177159714973,13.));
#5234=CARTESIAN_POINT('',(47.9,94.2486404592246,13.));
#5235=CARTESIAN_POINT('',(47.9,94.4177159714973,13.));
#5236=CARTESIAN_POINT('',(47.9,93.5822840285027,13.));
#5237=CARTESIAN_POINT('Origin',(47.9702276595849,95.1098857256715,12.8));
#5238=CARTESIAN_POINT('',(48.2197059634526,95.1895544444361,13.));
#5239=CARTESIAN_POINT('',(48.1550035660872,95.0333490391985,13.));
#5240=CARTESIAN_POINT('',(47.8806023374435,95.4161362433763,12.6));
#5241=CARTESIAN_POINT('',(48.2197059634526,95.1895544444361,13.));
#5242=CARTESIAN_POINT('',(47.7854517530827,95.1864224121445,12.6));
#5243=CARTESIAN_POINT('Origin',(48.549469758066,95.8021609515241,12.8));
#5244=CARTESIAN_POINT('',(48.8104455555639,95.7802940365474,13.));
#5245=CARTESIAN_POINT('',(48.6908911143033,95.6607395952868,13.));
#5246=CARTESIAN_POINT('',(48.5838637566237,96.1193976625564,12.6));
#5247=CARTESIAN_POINT('',(48.8104455555639,95.7802940365474,13.));
#5248=CARTESIAN_POINT('',(48.4080484018287,95.9435823077614,12.6));
#5249=CARTESIAN_POINT('Origin',(49.3495419367921,96.2200735091368,12.8));
#5250=CARTESIAN_POINT('',(49.5822840285027,96.1,13.));
#5251=CARTESIAN_POINT('',(49.4260786232651,96.0352976026346,13.));
#5252=CARTESIAN_POINT('',(49.5027190815508,96.5,12.6));
#5253=CARTESIAN_POINT('',(49.5822840285027,96.1,13.));
#5254=CARTESIAN_POINT('',(49.273005250319,96.4048494156391,12.6));
#5255=CARTESIAN_POINT('Origin',(50.2486404592246,96.3,12.8));
#5256=CARTESIAN_POINT('',(50.4177159714973,96.1,13.));
#5257=CARTESIAN_POINT('',(50.2486404592246,96.1,13.));
#5258=CARTESIAN_POINT('',(50.4972809184491,96.5,12.6));
#5259=CARTESIAN_POINT('',(50.4177159714973,96.1,13.));
#5260=CARTESIAN_POINT('',(50.2486404592246,96.5,12.6));
#5261=CARTESIAN_POINT('Origin',(51.1098857256715,96.0297723404151,12.8));
#5262=CARTESIAN_POINT('',(51.1895544444361,95.7802940365474,13.));
#5263=CARTESIAN_POINT('',(51.0333490391985,95.8449964339128,13.));
#5264=CARTESIAN_POINT('',(51.4161362433763,96.1193976625564,12.6));
#5265=CARTESIAN_POINT('',(51.1895544444361,95.7802940365474,13.));
#5266=CARTESIAN_POINT('',(51.1864224121445,96.2145482469173,12.6));
#5267=CARTESIAN_POINT('Origin',(51.8021609515241,95.450530241934,12.8));
#5268=CARTESIAN_POINT('',(51.7802940365474,95.1895544444361,13.));
#5269=CARTESIAN_POINT('',(51.6607395952868,95.3091088856967,13.));
#5270=CARTESIAN_POINT('',(52.1193976625564,95.4161362433763,12.6));
#5271=CARTESIAN_POINT('',(51.7802940365474,95.1895544444361,13.));
#5272=CARTESIAN_POINT('',(51.9435823077614,95.5919515981713,12.6));
#5273=CARTESIAN_POINT('Origin',(52.2200735091368,94.6504580632079,12.8));
#5274=CARTESIAN_POINT('',(52.1,94.4177159714973,13.));
#5275=CARTESIAN_POINT('',(52.0352976026346,94.5739213767349,13.));
#5276=CARTESIAN_POINT('',(52.5,94.4972809184491,12.6));
#5277=CARTESIAN_POINT('',(52.1,94.4177159714973,13.));
#5278=CARTESIAN_POINT('',(52.4048494156391,94.7269947496809,12.6));
#5279=CARTESIAN_POINT('Origin',(52.3,93.7513595407754,12.8));
#5280=CARTESIAN_POINT('',(52.1,93.5822840285027,13.));
#5281=CARTESIAN_POINT('',(52.1,93.7513595407754,13.));
#5282=CARTESIAN_POINT('',(52.1,93.5822840285027,13.));
#5283=CARTESIAN_POINT('',(52.5,93.7513595407754,12.6));
#5284=CARTESIAN_POINT('Origin',(52.0297723404151,92.8901142743285,12.8));
#5285=CARTESIAN_POINT('',(51.7802940365474,92.8104455555639,13.));
#5286=CARTESIAN_POINT('',(51.8449964339128,92.9666509608015,13.));
#5287=CARTESIAN_POINT('',(51.7802940365474,92.8104455555639,13.));
#5288=CARTESIAN_POINT('Origin',(51.450530241934,92.1978390484759,12.8));
#5289=CARTESIAN_POINT('',(51.1895544444361,92.2197059634526,13.));
#5290=CARTESIAN_POINT('',(51.3091088856967,92.3392604047132,13.));
#5291=CARTESIAN_POINT('',(51.1895544444361,92.2197059634526,13.));
#5292=CARTESIAN_POINT('Origin',(50.6504580632079,91.7799264908631,12.8));
#5293=CARTESIAN_POINT('',(50.4177159714973,91.9,13.));
#5294=CARTESIAN_POINT('',(50.5739213767349,91.9647023973654,13.));
#5295=CARTESIAN_POINT('',(50.4177159714973,91.9,13.));
#5296=CARTESIAN_POINT('Origin',(49.7513595407754,91.7,12.8));
#5297=CARTESIAN_POINT('',(49.5822840285027,91.9,13.));
#5298=CARTESIAN_POINT('',(49.7513595407754,91.9,13.));
#5299=CARTESIAN_POINT('',(49.5822840285027,91.9,13.));
#5300=CARTESIAN_POINT('Origin',(48.8901142743285,91.9702276595849,12.8));
#5301=CARTESIAN_POINT('',(48.810445555564,92.2197059634526,13.));
#5302=CARTESIAN_POINT('',(48.9666509608015,92.1550035660872,13.));
#5303=CARTESIAN_POINT('',(48.810445555564,92.2197059634526,13.));
#5304=CARTESIAN_POINT('Origin',(48.1978390484759,92.549469758066,12.8));
#5305=CARTESIAN_POINT('',(48.2197059634526,92.8104455555639,13.));
#5306=CARTESIAN_POINT('',(48.3392604047132,92.6908911143033,13.));
#5307=CARTESIAN_POINT('',(48.2197059634526,92.8104455555639,13.));
#5308=CARTESIAN_POINT('Origin',(47.7799264908631,93.3495419367921,12.8));
#5309=CARTESIAN_POINT('',(47.9647023973654,93.4260786232651,13.));
#5310=CARTESIAN_POINT('Origin',(50.,94.,13.));
#5311=CARTESIAN_POINT('Origin',(3.69999999999999,50.2486404592246,12.8));
#5312=CARTESIAN_POINT('',(3.9,49.5822840285027,13.));
#5313=CARTESIAN_POINT('',(3.89999999999999,50.4177159714973,13.));
#5314=CARTESIAN_POINT('',(3.89999999999999,50.2486404592246,13.));
#5315=CARTESIAN_POINT('',(3.89999999999999,50.4177159714973,13.));
#5316=CARTESIAN_POINT('',(3.9,49.5822840285027,13.));
#5317=CARTESIAN_POINT('Origin',(3.97022765958492,51.1098857256715,12.8));
#5318=CARTESIAN_POINT('',(4.21970596345258,51.1895544444361,13.));
#5319=CARTESIAN_POINT('',(4.15500356608718,51.0333490391985,13.));
#5320=CARTESIAN_POINT('',(3.88060233744355,51.4161362433763,12.6));
#5321=CARTESIAN_POINT('',(4.21970596345258,51.1895544444361,13.));
#5322=CARTESIAN_POINT('',(3.78545175308266,51.1864224121445,12.6));
#5323=CARTESIAN_POINT('Origin',(4.54946975806595,51.8021609515241,12.8));
#5324=CARTESIAN_POINT('',(4.81044555556389,51.7802940365474,13.));
#5325=CARTESIAN_POINT('',(4.69089111430327,51.6607395952868,13.));
#5326=CARTESIAN_POINT('',(4.58386375662368,52.1193976625564,12.6));
#5327=CARTESIAN_POINT('',(4.81044555556389,51.7802940365474,13.));
#5328=CARTESIAN_POINT('',(4.40804840182864,51.9435823077614,12.6));
#5329=CARTESIAN_POINT('Origin',(5.34954193679207,52.2200735091368,12.8));
#5330=CARTESIAN_POINT('',(5.58228402850272,52.1,13.));
#5331=CARTESIAN_POINT('',(5.42607862326509,52.0352976026346,13.));
#5332=CARTESIAN_POINT('',(5.50271908155084,52.5,12.6));
#5333=CARTESIAN_POINT('',(5.58228402850272,52.1,13.));
#5334=CARTESIAN_POINT('',(5.27300525031905,52.4048494156391,12.6));
#5335=CARTESIAN_POINT('Origin',(6.24864045922455,52.3,12.8));
#5336=CARTESIAN_POINT('',(6.41771597149726,52.1,13.));
#5337=CARTESIAN_POINT('',(6.24864045922456,52.1,13.));
#5338=CARTESIAN_POINT('',(6.49728091844913,52.5,12.6));
#5339=CARTESIAN_POINT('',(6.41771597149726,52.1,13.));
#5340=CARTESIAN_POINT('',(6.24864045922455,52.5,12.6));
#5341=CARTESIAN_POINT('Origin',(7.10988572567148,52.0297723404151,12.8));
#5342=CARTESIAN_POINT('',(7.18955444443608,51.7802940365474,13.));
#5343=CARTESIAN_POINT('',(7.03334903919847,51.8449964339128,13.));
#5344=CARTESIAN_POINT('',(7.41613624337629,52.1193976625564,12.6));
#5345=CARTESIAN_POINT('',(7.18955444443608,51.7802940365474,13.));
#5346=CARTESIAN_POINT('',(7.1864224121445,52.2145482469173,12.6));
#5347=CARTESIAN_POINT('Origin',(7.80216095152408,51.450530241934,12.8));
#5348=CARTESIAN_POINT('',(7.7802940365474,51.1895544444361,13.));
#5349=CARTESIAN_POINT('',(7.66073959528677,51.3091088856967,13.));
#5350=CARTESIAN_POINT('',(8.11939766255643,51.4161362433763,12.6));
#5351=CARTESIAN_POINT('',(7.7802940365474,51.1895544444361,13.));
#5352=CARTESIAN_POINT('',(7.94358230776139,51.5919515981713,12.6));
#5353=CARTESIAN_POINT('Origin',(8.22007350913685,50.6504580632079,12.8));
#5354=CARTESIAN_POINT('',(8.1,50.4177159714973,13.));
#5355=CARTESIAN_POINT('',(8.03529760263459,50.5739213767349,13.));
#5356=CARTESIAN_POINT('',(8.5,50.4972809184491,12.6));
#5357=CARTESIAN_POINT('',(8.1,50.4177159714973,13.));
#5358=CARTESIAN_POINT('',(8.4048494156391,50.7269947496809,12.6));
#5359=CARTESIAN_POINT('Origin',(8.3,49.7513595407754,12.8));
#5360=CARTESIAN_POINT('',(8.1,49.5822840285027,13.));
#5361=CARTESIAN_POINT('',(8.1,49.7513595407754,13.));
#5362=CARTESIAN_POINT('',(8.1,49.5822840285027,13.));
#5363=CARTESIAN_POINT('',(8.5,49.7513595407754,12.6));
#5364=CARTESIAN_POINT('Origin',(8.02977234041508,48.8901142743285,12.8));
#5365=CARTESIAN_POINT('',(7.78029403654742,48.8104455555639,13.));
#5366=CARTESIAN_POINT('',(7.84499643391282,48.9666509608015,13.));
#5367=CARTESIAN_POINT('',(7.78029403654742,48.8104455555639,13.));
#5368=CARTESIAN_POINT('Origin',(7.45053024193404,48.1978390484759,12.8));
#5369=CARTESIAN_POINT('',(7.18955444443609,48.2197059634526,13.));
#5370=CARTESIAN_POINT('',(7.30910888569673,48.3392604047132,13.));
#5371=CARTESIAN_POINT('',(7.18955444443609,48.2197059634526,13.));
#5372=CARTESIAN_POINT('Origin',(6.65045806320794,47.7799264908631,12.8));
#5373=CARTESIAN_POINT('',(6.41771597149729,47.9,13.));
#5374=CARTESIAN_POINT('',(6.57392137673492,47.9647023973654,13.));
#5375=CARTESIAN_POINT('',(6.41771597149729,47.9,13.));
#5376=CARTESIAN_POINT('Origin',(5.75135954077544,47.7,12.8));
#5377=CARTESIAN_POINT('',(5.58228402850276,47.9,13.));
#5378=CARTESIAN_POINT('',(5.75135954077544,47.9,13.));
#5379=CARTESIAN_POINT('',(5.58228402850276,47.9,13.));
#5380=CARTESIAN_POINT('Origin',(4.89011427432851,47.9702276595849,12.8));
#5381=CARTESIAN_POINT('',(4.81044555556391,48.2197059634526,13.));
#5382=CARTESIAN_POINT('',(4.96665096080153,48.1550035660872,13.));
#5383=CARTESIAN_POINT('',(4.81044555556391,48.2197059634526,13.));
#5384=CARTESIAN_POINT('Origin',(4.19783904847591,48.5494697580659,12.8));
#5385=CARTESIAN_POINT('',(4.2197059634526,48.8104455555639,13.));
#5386=CARTESIAN_POINT('',(4.33926040471322,48.6908911143033,13.));
#5387=CARTESIAN_POINT('',(4.2197059634526,48.8104455555639,13.));
#5388=CARTESIAN_POINT('Origin',(3.77992649086315,49.3495419367921,12.8));
#5389=CARTESIAN_POINT('',(3.9647023973654,49.4260786232651,13.));
#5390=CARTESIAN_POINT('Origin',(6.,50.,13.));
#5391=CARTESIAN_POINT('Origin',(3.88060233744355,51.4161362433763,10.));
#5392=CARTESIAN_POINT('',(3.88060233744355,51.4161362433763,10.));
#5393=CARTESIAN_POINT('Origin',(4.58386375662368,52.1193976625564,10.));
#5394=CARTESIAN_POINT('',(4.58386375662368,52.1193976625564,10.));
#5395=CARTESIAN_POINT('Origin',(5.50271908155084,52.5,10.));
#5396=CARTESIAN_POINT('',(5.50271908155084,52.5,10.));
#5397=CARTESIAN_POINT('Origin',(6.49728091844913,52.5,10.));
#5398=CARTESIAN_POINT('',(6.49728091844913,52.5,10.));
#5399=CARTESIAN_POINT('Origin',(7.41613624337629,52.1193976625564,10.));
#5400=CARTESIAN_POINT('',(7.41613624337629,52.1193976625564,10.));
#5401=CARTESIAN_POINT('Origin',(8.11939766255643,51.4161362433763,10.));
#5402=CARTESIAN_POINT('',(8.11939766255643,51.4161362433763,10.));
#5403=CARTESIAN_POINT('Origin',(8.5,50.4972809184491,10.));
#5404=CARTESIAN_POINT('',(8.5,50.4972809184491,10.));
#5405=CARTESIAN_POINT('Origin',(8.5,49.5027190815509,10.));
#5406=CARTESIAN_POINT('Origin',(47.8806023374435,7.41613624337627,10.));
#5407=CARTESIAN_POINT('',(47.8806023374435,7.41613624337627,10.));
#5408=CARTESIAN_POINT('Origin',(48.5838637566237,8.11939766255639,10.));
#5409=CARTESIAN_POINT('',(48.5838637566237,8.11939766255639,10.));
#5410=CARTESIAN_POINT('Origin',(49.5027190815508,8.49999999999996,10.));
#5411=CARTESIAN_POINT('',(49.5027190815508,8.49999999999996,10.));
#5412=CARTESIAN_POINT('Origin',(50.4972809184491,8.49999999999996,10.));
#5413=CARTESIAN_POINT('',(50.4972809184491,8.49999999999996,10.));
#5414=CARTESIAN_POINT('Origin',(51.4161362433763,8.1193976625564,10.));
#5415=CARTESIAN_POINT('',(51.4161362433763,8.1193976625564,10.));
#5416=CARTESIAN_POINT('Origin',(52.1193976625564,7.41613624337627,10.));
#5417=CARTESIAN_POINT('',(52.1193976625564,7.41613624337627,10.));
#5418=CARTESIAN_POINT('Origin',(52.5,6.49728091844911,10.));
#5419=CARTESIAN_POINT('',(52.5,6.49728091844911,10.));
#5420=CARTESIAN_POINT('Origin',(52.5,5.50271908155083,10.));
#5421=CARTESIAN_POINT('Origin',(47.8806023374435,95.4161362433763,10.));
#5422=CARTESIAN_POINT('',(47.8806023374435,95.4161362433763,10.));
#5423=CARTESIAN_POINT('Origin',(48.5838637566237,96.1193976625564,10.));
#5424=CARTESIAN_POINT('',(48.5838637566237,96.1193976625564,10.));
#5425=CARTESIAN_POINT('Origin',(49.5027190815508,96.5,10.));
#5426=CARTESIAN_POINT('',(49.5027190815508,96.5,10.));
#5427=CARTESIAN_POINT('Origin',(50.4972809184491,96.5,10.));
#5428=CARTESIAN_POINT('',(50.4972809184491,96.5,10.));
#5429=CARTESIAN_POINT('Origin',(51.4161362433763,96.1193976625564,10.));
#5430=CARTESIAN_POINT('',(51.4161362433763,96.1193976625564,10.));
#5431=CARTESIAN_POINT('Origin',(52.1193976625564,95.4161362433763,10.));
#5432=CARTESIAN_POINT('',(52.1193976625564,95.4161362433763,10.));
#5433=CARTESIAN_POINT('Origin',(52.5,94.4972809184491,10.));
#5434=CARTESIAN_POINT('',(52.5,94.4972809184491,10.));
#5435=CARTESIAN_POINT('Origin',(52.5,93.5027190815509,10.));
#5436=CARTESIAN_POINT('Origin',(91.8806006963567,51.4161364262866,10.));
#5437=CARTESIAN_POINT('',(91.8806006963567,51.4161364262866,10.));
#5438=CARTESIAN_POINT('Origin',(92.5838623104538,52.1193984595603,10.));
#5439=CARTESIAN_POINT('',(92.5838623104538,52.1193984595603,10.));
#5440=CARTESIAN_POINT('Origin',(93.5027180504643,52.5000012897608,10.));
#5441=CARTESIAN_POINT('',(93.5027180504643,52.5000012897608,10.));
#5442=CARTESIAN_POINT('Origin',(94.4972804594195,52.5000015861633,10.));
#5443=CARTESIAN_POINT('',(94.4972804594195,52.5000015861633,10.));
#5444=CARTESIAN_POINT('Origin',(95.4161364262866,52.1193993036433,10.));
#5445=CARTESIAN_POINT('',(95.4161364262866,52.1193993036433,10.));
#5446=CARTESIAN_POINT('Origin',(96.1193984595603,51.4161376895461,10.));
#5447=CARTESIAN_POINT('',(96.1193984595603,51.4161376895461,10.));
#5448=CARTESIAN_POINT('Origin',(96.5000012897608,50.4972819495356,10.));
#5449=CARTESIAN_POINT('',(96.5000012897608,50.4972819495356,10.));
#5450=CARTESIAN_POINT('Origin',(96.5000015861633,49.5027195405805,10.));
#5451=CARTESIAN_POINT('Origin',(100.,100.,0.));
#5452=CARTESIAN_POINT('',(100.,100.,0.));
#5453=CARTESIAN_POINT('',(0.,100.,0.));
#5454=CARTESIAN_POINT('',(100.,100.,0.));
#5455=CARTESIAN_POINT('',(0.,100.,0.));
#5456=CARTESIAN_POINT('',(100.,100.,0.));
#5457=CARTESIAN_POINT('Origin',(100.,0.,0.));
#5458=CARTESIAN_POINT('',(100.,0.,0.));
#5459=CARTESIAN_POINT('',(100.,0.,0.));
#5460=CARTESIAN_POINT('',(100.,0.,0.));
#5461=CARTESIAN_POINT('Origin',(0.,0.,0.));
#5462=CARTESIAN_POINT('',(0.,0.,0.));
#5463=CARTESIAN_POINT('',(0.,0.,0.));
#5464=CARTESIAN_POINT('',(0.,0.,0.));
#5465=CARTESIAN_POINT('Origin',(0.,100.,0.));
#5466=CARTESIAN_POINT('',(0.,100.,0.));
#5467=CARTESIAN_POINT('Origin',(6.00000000000001,50.,0.));
#5468=UNCERTAINTY_MEASURE_WITH_UNIT(LENGTH_MEASURE(0.01),#5472,
'DISTANCE_ACCURACY_VALUE',
'Maximum model space distance between geometric entities at asserted c
onnectivities');
#5469=UNCERTAINTY_MEASURE_WITH_UNIT(LENGTH_MEASURE(0.01),#5472,
'DISTANCE_ACCURACY_VALUE',
'Maximum model space distance between geometric entities at asserted c
onnectivities');
#5470=(
GEOMETRIC_REPRESENTATION_CONTEXT(3)
GLOBAL_UNCERTAINTY_ASSIGNED_CONTEXT((#5468))
GLOBAL_UNIT_ASSIGNED_CONTEXT((#5472,#5474,#5475))
REPRESENTATION_CONTEXT('','3D')
);
#5471=(
GEOMETRIC_REPRESENTATION_CONTEXT(3)
GLOBAL_UNCERTAINTY_ASSIGNED_CONTEXT((#5469))
GLOBAL_UNIT_ASSIGNED_CONTEXT((#5472,#5474,#5475))
REPRESENTATION_CONTEXT('','3D')
);
#5472=(
LENGTH_UNIT()
NAMED_UNIT(*)
SI_UNIT(.MILLI.,.METRE.)
);
#5473=(
LENGTH_UNIT()
NAMED_UNIT(*)
SI_UNIT($,.METRE.)
);
#5474=(
NAMED_UNIT(*)
PLANE_ANGLE_UNIT()
SI_UNIT($,.RADIAN.)
);
#5475=(
NAMED_UNIT(*)
SI_UNIT($,.STERADIAN.)
SOLID_ANGLE_UNIT()
);
#5476=SHAPE_DEFINITION_REPRESENTATION(#5477,#5478);
#5477=PRODUCT_DEFINITION_SHAPE('',$,#5480);
#5478=SHAPE_REPRESENTATION('',(#3344),#5470);
#5479=PRODUCT_DEFINITION_CONTEXT('part definition',#5484,'design');
#5480=PRODUCT_DEFINITION('cover_template','cover_template v4',#5481,#5479);
#5481=PRODUCT_DEFINITION_FORMATION('',$,#5486);
#5482=PRODUCT_RELATED_PRODUCT_CATEGORY('cover_template v4',
'cover_template v4',(#5486));
#5483=APPLICATION_PROTOCOL_DEFINITION('international standard',
'automotive_design',2009,#5484);
#5484=APPLICATION_CONTEXT(
'Core Data for Automotive Mechanical Design Process');
#5485=PRODUCT_CONTEXT('part definition',#5484,'mechanical');
#5486=PRODUCT('cover_template','cover_template v4',$,(#5485));
#5487=PRESENTATION_STYLE_ASSIGNMENT((#5488));
#5488=SURFACE_STYLE_USAGE(.BOTH.,#5489);
#5489=SURFACE_SIDE_STYLE('',(#5490));
#5490=SURFACE_STYLE_FILL_AREA(#5491);
#5491=FILL_AREA_STYLE('\X2\92FC\X0\ - \X2\30B530C630F3\X0\',(#5492));
#5492=FILL_AREA_STYLE_COLOUR('\X2\92FC\X0\ - \X2\30B530C630F3\X0\',#5493);
#5493=COLOUR_RGB('\X2\92FC\X0\ - \X2\30B530C630F3\X0\',0.627450980392157,
0.627450980392157,0.627450980392157);
ENDSEC;
END-ISO-10303-21;
