ISO-10303-21;
HEADER;
/* Generated by software containing ST-Developer
 * from STEP Tools, Inc. (www.steptools.com) 
 */

FILE_DESCRIPTION(
/* description */ (''),
/* implementation_level */ '2;1');

FILE_NAME(
/* name */ 'rp_lidar_a1_stand.step',
/* time_stamp */ '2026-02-01T23:14:57+09:00',
/* author */ (''),
/* organization */ (''),
/* preprocessor_version */ 'ST-DEVELOPER v20.1',
/* originating_system */ 'Autodesk Translation Framework v14.24.0.0',
/* authorisation */ '');

FILE_SCHEMA (('AUTOMOTIVE_DESIGN { 1 0 10303 214 3 1 1 }'));
ENDSEC;

DATA;
#10=MECHANICAL_DESIGN_GEOMETRIC_PRESENTATION_REPRESENTATION('',(#13),#6064);
#11=SHAPE_REPRESENTATION_RELATIONSHIP('SRR','None',#6071,#12);
#12=ADVANCED_BREP_SHAPE_REPRESENTATION('',(#14),#6063);
#13=STYLED_ITEM('',(#6080),#14);
#14=MANIFOLD_SOLID_BREP('\X2\30DC30C730A3\X0\1',#3632);
#15=ELLIPSE('',#3675,0.407836463283328,0.4);
#16=ELLIPSE('',#3676,0.407836463283327,0.4);
#17=ELLIPSE('',#3678,0.407836463283329,0.4);
#18=ELLIPSE('',#3680,0.407836463283326,0.4);
#19=ELLIPSE('',#3682,0.407836463283327,0.4);
#20=ELLIPSE('',#3684,0.407836463283326,0.4);
#21=ELLIPSE('',#3686,0.407836463283328,0.4);
#22=ELLIPSE('',#3687,0.407836463283328,0.4);
#23=ELLIPSE('',#3689,0.407836463283329,0.4);
#24=ELLIPSE('',#3691,0.407836463283326,0.4);
#25=ELLIPSE('',#3693,0.407836463283328,0.4);
#26=ELLIPSE('',#3696,0.407836463283327,0.4);
#27=ELLIPSE('',#3698,0.407836463283327,0.4);
#28=ELLIPSE('',#3700,0.407836463283326,0.4);
#29=ELLIPSE('',#3702,0.407836463283329,0.4);
#30=ELLIPSE('',#3704,0.407836463283328,0.4);
#31=ELLIPSE('',#3717,0.407836463283328,0.4);
#32=ELLIPSE('',#3718,0.407836463283325,0.4);
#33=ELLIPSE('',#3720,0.407836463283327,0.4);
#34=ELLIPSE('',#3721,0.40783646328333,0.4);
#35=ELLIPSE('',#3723,0.407836463283327,0.4);
#36=ELLIPSE('',#3725,0.407836463283327,0.4);
#37=ELLIPSE('',#3727,0.407836463283328,0.4);
#38=ELLIPSE('',#3729,0.407836463283327,0.4);
#39=ELLIPSE('',#3731,0.407836463283329,0.4);
#40=ELLIPSE('',#3733,0.407836463283326,0.4);
#41=ELLIPSE('',#3735,0.407836463283327,0.4);
#42=ELLIPSE('',#3737,0.407836463283329,0.4);
#43=ELLIPSE('',#3739,0.407836463283327,0.4);
#44=ELLIPSE('',#3741,0.407836463283325,0.4);
#45=ELLIPSE('',#3743,0.407836463283328,0.4);
#46=ELLIPSE('',#3746,0.407836463283328,0.4);
#47=ELLIPSE('',#3757,0.407836463283322,0.4);
#48=ELLIPSE('',#3758,0.407836463283331,0.4);
#49=ELLIPSE('',#3760,0.40783646328333,0.4);
#50=ELLIPSE('',#3762,0.407836463283325,0.4);
#51=ELLIPSE('',#3764,0.407836463283328,0.4);
#52=ELLIPSE('',#3766,0.407836463283324,0.4);
#53=ELLIPSE('',#3768,0.407836463283328,0.4);
#54=ELLIPSE('',#3769,0.407836463283328,0.4);
#55=ELLIPSE('',#3771,0.407836463283331,0.4);
#56=ELLIPSE('',#3773,0.407836463283325,0.4);
#57=ELLIPSE('',#3776,0.407836463283325,0.4);
#58=ELLIPSE('',#3778,0.407836463283333,0.4);
#59=ELLIPSE('',#3780,0.407836463283324,0.4);
#60=ELLIPSE('',#3782,0.407836463283327,0.4);
#61=ELLIPSE('',#3784,0.407836463283328,0.4);
#62=ELLIPSE('',#3786,0.407836463283328,0.4);
#63=ELLIPSE('',#3797,0.407836463283329,0.4);
#64=ELLIPSE('',#3798,0.407836463283326,0.4);
#65=ELLIPSE('',#3800,0.407836463283328,0.4);
#66=ELLIPSE('',#3802,0.407836463283326,0.4);
#67=ELLIPSE('',#3804,0.407836463283327,0.4);
#68=ELLIPSE('',#3806,0.407836463283329,0.4);
#69=ELLIPSE('',#3808,0.407836463283325,0.4);
#70=ELLIPSE('',#3810,0.407836463283329,0.4);
#71=ELLIPSE('',#3811,0.407836463283327,0.4);
#72=ELLIPSE('',#3813,0.40783646328333,0.4);
#73=ELLIPSE('',#3816,0.40783646328333,0.4);
#74=ELLIPSE('',#3818,0.407836463283327,0.4);
#75=ELLIPSE('',#3820,0.407836463283328,0.4);
#76=ELLIPSE('',#3822,0.407836463283327,0.4);
#77=ELLIPSE('',#3824,0.407836463283329,0.4);
#78=ELLIPSE('',#3826,0.407836463283326,0.4);
#79=B_SPLINE_CURVE_WITH_KNOTS('',3,(#5048,#5049,#5050,#5051,#5052,#5053,
#5054,#5055,#5056,#5057,#5058,#5059,#5060,#5061,#5062,#5063,#5064,#5065,
#5066,#5067,#5068,#5069,#5070,#5071,#5072,#5073,#5074,#5075,#5076,#5077),
 .UNSPECIFIED.,.F.,.F.,(4,2,2,2,2,2,2,2,2,2,2,2,2,2,4),(2.35523866100947,
2.51134854278589,2.66745842456232,2.79861329986857,2.8699482811582,2.94903984169966,
3.04517409740489,3.14130835311011,3.23744260881534,3.33357686452056,3.41266842506203,
3.48400340635166,3.6151582816579,3.77126816343433,3.92737804521076),
 .UNSPECIFIED.);
#80=B_SPLINE_CURVE_WITH_KNOTS('',3,(#5086,#5087,#5088,#5089,#5090,#5091,
#5092,#5093,#5094,#5095,#5096,#5097,#5098,#5099,#5100,#5101,#5102,#5103),
 .UNSPECIFIED.,.F.,.F.,(4,2,2,2,2,2,2,2,4),(2.35523866100947,2.5113485427859,
2.66745842456232,2.84558873496061,3.14458045501103,3.44357217506144,3.62170248545973,
3.77781236723616,3.93392224901258),.UNSPECIFIED.);
#81=CYLINDRICAL_SURFACE('',#3657,4.33012701892241);
#82=CYLINDRICAL_SURFACE('',#3662,4.33012701892334);
#83=CYLINDRICAL_SURFACE('',#3667,4.33012701892218);
#84=CYLINDRICAL_SURFACE('',#3672,4.33012701892219);
#85=CYLINDRICAL_SURFACE('',#3674,0.4);
#86=CYLINDRICAL_SURFACE('',#3677,0.4);
#87=CYLINDRICAL_SURFACE('',#3679,0.4);
#88=CYLINDRICAL_SURFACE('',#3681,0.4);
#89=CYLINDRICAL_SURFACE('',#3683,0.4);
#90=CYLINDRICAL_SURFACE('',#3685,0.4);
#91=CYLINDRICAL_SURFACE('',#3688,0.4);
#92=CYLINDRICAL_SURFACE('',#3690,0.4);
#93=CYLINDRICAL_SURFACE('',#3692,0.4);
#94=CYLINDRICAL_SURFACE('',#3694,0.4);
#95=CYLINDRICAL_SURFACE('',#3695,0.4);
#96=CYLINDRICAL_SURFACE('',#3697,0.4);
#97=CYLINDRICAL_SURFACE('',#3699,0.4);
#98=CYLINDRICAL_SURFACE('',#3701,0.4);
#99=CYLINDRICAL_SURFACE('',#3703,0.4);
#100=CYLINDRICAL_SURFACE('',#3705,0.4);
#101=CYLINDRICAL_SURFACE('',#3716,0.4);
#102=CYLINDRICAL_SURFACE('',#3719,0.4);
#103=CYLINDRICAL_SURFACE('',#3722,0.4);
#104=CYLINDRICAL_SURFACE('',#3724,0.4);
#105=CYLINDRICAL_SURFACE('',#3726,0.4);
#106=CYLINDRICAL_SURFACE('',#3728,0.4);
#107=CYLINDRICAL_SURFACE('',#3730,0.4);
#108=CYLINDRICAL_SURFACE('',#3732,0.4);
#109=CYLINDRICAL_SURFACE('',#3734,0.4);
#110=CYLINDRICAL_SURFACE('',#3736,0.4);
#111=CYLINDRICAL_SURFACE('',#3738,0.4);
#112=CYLINDRICAL_SURFACE('',#3740,0.4);
#113=CYLINDRICAL_SURFACE('',#3742,0.4);
#114=CYLINDRICAL_SURFACE('',#3744,0.4);
#115=CYLINDRICAL_SURFACE('',#3745,0.4);
#116=CYLINDRICAL_SURFACE('',#3747,0.4);
#117=CYLINDRICAL_SURFACE('',#3756,0.4);
#118=CYLINDRICAL_SURFACE('',#3759,0.4);
#119=CYLINDRICAL_SURFACE('',#3761,0.4);
#120=CYLINDRICAL_SURFACE('',#3763,0.4);
#121=CYLINDRICAL_SURFACE('',#3765,0.4);
#122=CYLINDRICAL_SURFACE('',#3767,0.4);
#123=CYLINDRICAL_SURFACE('',#3770,0.4);
#124=CYLINDRICAL_SURFACE('',#3772,0.4);
#125=CYLINDRICAL_SURFACE('',#3774,0.4);
#126=CYLINDRICAL_SURFACE('',#3775,0.4);
#127=CYLINDRICAL_SURFACE('',#3777,0.4);
#128=CYLINDRICAL_SURFACE('',#3779,0.4);
#129=CYLINDRICAL_SURFACE('',#3781,0.4);
#130=CYLINDRICAL_SURFACE('',#3783,0.4);
#131=CYLINDRICAL_SURFACE('',#3785,0.4);
#132=CYLINDRICAL_SURFACE('',#3787,0.4);
#133=CYLINDRICAL_SURFACE('',#3796,0.4);
#134=CYLINDRICAL_SURFACE('',#3799,0.4);
#135=CYLINDRICAL_SURFACE('',#3801,0.4);
#136=CYLINDRICAL_SURFACE('',#3803,0.4);
#137=CYLINDRICAL_SURFACE('',#3805,0.4);
#138=CYLINDRICAL_SURFACE('',#3807,0.4);
#139=CYLINDRICAL_SURFACE('',#3809,0.4);
#140=CYLINDRICAL_SURFACE('',#3812,0.4);
#141=CYLINDRICAL_SURFACE('',#3814,0.4);
#142=CYLINDRICAL_SURFACE('',#3815,0.4);
#143=CYLINDRICAL_SURFACE('',#3817,0.4);
#144=CYLINDRICAL_SURFACE('',#3819,0.4);
#145=CYLINDRICAL_SURFACE('',#3821,0.4);
#146=CYLINDRICAL_SURFACE('',#3823,0.4);
#147=CYLINDRICAL_SURFACE('',#3825,0.4);
#148=CYLINDRICAL_SURFACE('',#3827,0.4);
#149=CYLINDRICAL_SURFACE('',#3936,10.);
#150=CYLINDRICAL_SURFACE('',#3938,3.17542648054294);
#151=CYLINDRICAL_SURFACE('',#3942,3.17542648054294);
#152=CYLINDRICAL_SURFACE('',#3947,3.17542648054294);
#153=CYLINDRICAL_SURFACE('',#3952,3.17542648054294);
#154=FACE_BOUND('',#1351,.T.);
#155=FACE_BOUND('',#1352,.T.);
#156=FACE_BOUND('',#1353,.T.);
#157=FACE_BOUND('',#1386,.T.);
#158=FACE_BOUND('',#1387,.T.);
#159=FACE_BOUND('',#1388,.T.);
#160=FACE_BOUND('',#1389,.T.);
#161=FACE_BOUND('',#1390,.T.);
#162=FACE_BOUND('',#1567,.T.);
#163=FACE_BOUND('',#1570,.T.);
#164=FACE_BOUND('',#1574,.T.);
#165=FACE_BOUND('',#1578,.T.);
#166=LINE('',#5012,#573);
#167=LINE('',#5018,#574);
#168=LINE('',#5020,#575);
#169=LINE('',#5022,#576);
#170=LINE('',#5024,#577);
#171=LINE('',#5026,#578);
#172=LINE('',#5035,#579);
#173=LINE('',#5043,#580);
#174=LINE('',#5081,#581);
#175=LINE('',#5107,#582);
#176=LINE('',#5111,#583);
#177=LINE('',#5115,#584);
#178=LINE('',#5119,#585);
#179=LINE('',#5122,#586);
#180=LINE('',#5125,#587);
#181=LINE('',#5128,#588);
#182=LINE('',#5131,#589);
#183=LINE('',#5134,#590);
#184=LINE('',#5137,#591);
#185=LINE('',#5140,#592);
#186=LINE('',#5144,#593);
#187=LINE('',#5148,#594);
#188=LINE('',#5152,#595);
#189=LINE('',#5155,#596);
#190=LINE('',#5158,#597);
#191=LINE('',#5161,#598);
#192=LINE('',#5164,#599);
#193=LINE('',#5166,#600);
#194=LINE('',#5169,#601);
#195=LINE('',#5170,#602);
#196=LINE('',#5173,#603);
#197=LINE('',#5175,#604);
#198=LINE('',#5179,#605);
#199=LINE('',#5181,#606);
#200=LINE('',#5185,#607);
#201=LINE('',#5187,#608);
#202=LINE('',#5191,#609);
#203=LINE('',#5193,#610);
#204=LINE('',#5197,#611);
#205=LINE('',#5199,#612);
#206=LINE('',#5202,#613);
#207=LINE('',#5203,#614);
#208=LINE('',#5206,#615);
#209=LINE('',#5208,#616);
#210=LINE('',#5209,#617);
#211=LINE('',#5212,#618);
#212=LINE('',#5213,#619);
#213=LINE('',#5216,#620);
#214=LINE('',#5217,#621);
#215=LINE('',#5220,#622);
#216=LINE('',#5221,#623);
#217=LINE('',#5224,#624);
#218=LINE('',#5225,#625);
#219=LINE('',#5228,#626);
#220=LINE('',#5229,#627);
#221=LINE('',#5232,#628);
#222=LINE('',#5233,#629);
#223=LINE('',#5236,#630);
#224=LINE('',#5237,#631);
#225=LINE('',#5241,#632);
#226=LINE('',#5243,#633);
#227=LINE('',#5245,#634);
#228=LINE('',#5246,#635);
#229=LINE('',#5249,#636);
#230=LINE('',#5251,#637);
#231=LINE('',#5253,#638);
#232=LINE('',#5255,#639);
#233=LINE('',#5257,#640);
#234=LINE('',#5259,#641);
#235=LINE('',#5261,#642);
#236=LINE('',#5263,#643);
#237=LINE('',#5265,#644);
#238=LINE('',#5267,#645);
#239=LINE('',#5269,#646);
#240=LINE('',#5271,#647);
#241=LINE('',#5273,#648);
#242=LINE('',#5275,#649);
#243=LINE('',#5277,#650);
#244=LINE('',#5278,#651);
#245=LINE('',#5281,#652);
#246=LINE('',#5283,#653);
#247=LINE('',#5285,#654);
#248=LINE('',#5287,#655);
#249=LINE('',#5289,#656);
#250=LINE('',#5291,#657);
#251=LINE('',#5293,#658);
#252=LINE('',#5295,#659);
#253=LINE('',#5297,#660);
#254=LINE('',#5299,#661);
#255=LINE('',#5301,#662);
#256=LINE('',#5303,#663);
#257=LINE('',#5305,#664);
#258=LINE('',#5307,#665);
#259=LINE('',#5309,#666);
#260=LINE('',#5310,#667);
#261=LINE('',#5315,#668);
#262=LINE('',#5317,#669);
#263=LINE('',#5319,#670);
#264=LINE('',#5321,#671);
#265=LINE('',#5323,#672);
#266=LINE('',#5325,#673);
#267=LINE('',#5327,#674);
#268=LINE('',#5329,#675);
#269=LINE('',#5331,#676);
#270=LINE('',#5333,#677);
#271=LINE('',#5335,#678);
#272=LINE('',#5337,#679);
#273=LINE('',#5339,#680);
#274=LINE('',#5341,#681);
#275=LINE('',#5343,#682);
#276=LINE('',#5344,#683);
#277=LINE('',#5348,#684);
#278=LINE('',#5355,#685);
#279=LINE('',#5359,#686);
#280=LINE('',#5363,#687);
#281=LINE('',#5367,#688);
#282=LINE('',#5371,#689);
#283=LINE('',#5375,#690);
#284=LINE('',#5379,#691);
#285=LINE('',#5383,#692);
#286=LINE('',#5387,#693);
#287=LINE('',#5391,#694);
#288=LINE('',#5395,#695);
#289=LINE('',#5399,#696);
#290=LINE('',#5402,#697);
#291=LINE('',#5405,#698);
#292=LINE('',#5408,#699);
#293=LINE('',#5411,#700);
#294=LINE('',#5413,#701);
#295=LINE('',#5414,#702);
#296=LINE('',#5417,#703);
#297=LINE('',#5418,#704);
#298=LINE('',#5421,#705);
#299=LINE('',#5422,#706);
#300=LINE('',#5425,#707);
#301=LINE('',#5426,#708);
#302=LINE('',#5429,#709);
#303=LINE('',#5430,#710);
#304=LINE('',#5433,#711);
#305=LINE('',#5434,#712);
#306=LINE('',#5437,#713);
#307=LINE('',#5438,#714);
#308=LINE('',#5441,#715);
#309=LINE('',#5442,#716);
#310=LINE('',#5446,#717);
#311=LINE('',#5451,#718);
#312=LINE('',#5455,#719);
#313=LINE('',#5459,#720);
#314=LINE('',#5463,#721);
#315=LINE('',#5468,#722);
#316=LINE('',#5473,#723);
#317=LINE('',#5477,#724);
#318=LINE('',#5480,#725);
#319=LINE('',#5483,#726);
#320=LINE('',#5487,#727);
#321=LINE('',#5491,#728);
#322=LINE('',#5495,#729);
#323=LINE('',#5499,#730);
#324=LINE('',#5503,#731);
#325=LINE('',#5506,#732);
#326=LINE('',#5509,#733);
#327=LINE('',#5511,#734);
#328=LINE('',#5512,#735);
#329=LINE('',#5515,#736);
#330=LINE('',#5516,#737);
#331=LINE('',#5519,#738);
#332=LINE('',#5520,#739);
#333=LINE('',#5523,#740);
#334=LINE('',#5524,#741);
#335=LINE('',#5527,#742);
#336=LINE('',#5528,#743);
#337=LINE('',#5531,#744);
#338=LINE('',#5532,#745);
#339=LINE('',#5535,#746);
#340=LINE('',#5536,#747);
#341=LINE('',#5539,#748);
#342=LINE('',#5540,#749);
#343=LINE('',#5544,#750);
#344=LINE('',#5549,#751);
#345=LINE('',#5553,#752);
#346=LINE('',#5557,#753);
#347=LINE('',#5561,#754);
#348=LINE('',#5565,#755);
#349=LINE('',#5571,#756);
#350=LINE('',#5575,#757);
#351=LINE('',#5578,#758);
#352=LINE('',#5581,#759);
#353=LINE('',#5585,#760);
#354=LINE('',#5589,#761);
#355=LINE('',#5593,#762);
#356=LINE('',#5597,#763);
#357=LINE('',#5601,#764);
#358=LINE('',#5604,#765);
#359=LINE('',#5607,#766);
#360=LINE('',#5609,#767);
#361=LINE('',#5610,#768);
#362=LINE('',#5613,#769);
#363=LINE('',#5614,#770);
#364=LINE('',#5617,#771);
#365=LINE('',#5618,#772);
#366=LINE('',#5621,#773);
#367=LINE('',#5622,#774);
#368=LINE('',#5625,#775);
#369=LINE('',#5626,#776);
#370=LINE('',#5629,#777);
#371=LINE('',#5630,#778);
#372=LINE('',#5633,#779);
#373=LINE('',#5634,#780);
#374=LINE('',#5637,#781);
#375=LINE('',#5638,#782);
#376=LINE('',#5642,#783);
#377=LINE('',#5643,#784);
#378=LINE('',#5644,#785);
#379=LINE('',#5647,#786);
#380=LINE('',#5649,#787);
#381=LINE('',#5650,#788);
#382=LINE('',#5653,#789);
#383=LINE('',#5655,#790);
#384=LINE('',#5656,#791);
#385=LINE('',#5659,#792);
#386=LINE('',#5661,#793);
#387=LINE('',#5662,#794);
#388=LINE('',#5665,#795);
#389=LINE('',#5667,#796);
#390=LINE('',#5668,#797);
#391=LINE('',#5671,#798);
#392=LINE('',#5673,#799);
#393=LINE('',#5674,#800);
#394=LINE('',#5677,#801);
#395=LINE('',#5679,#802);
#396=LINE('',#5680,#803);
#397=LINE('',#5683,#804);
#398=LINE('',#5685,#805);
#399=LINE('',#5686,#806);
#400=LINE('',#5689,#807);
#401=LINE('',#5690,#808);
#402=LINE('',#5691,#809);
#403=LINE('',#5694,#810);
#404=LINE('',#5695,#811);
#405=LINE('',#5698,#812);
#406=LINE('',#5699,#813);
#407=LINE('',#5702,#814);
#408=LINE('',#5703,#815);
#409=LINE('',#5706,#816);
#410=LINE('',#5707,#817);
#411=LINE('',#5710,#818);
#412=LINE('',#5711,#819);
#413=LINE('',#5714,#820);
#414=LINE('',#5715,#821);
#415=LINE('',#5717,#822);
#416=LINE('',#5722,#823);
#417=LINE('',#5723,#824);
#418=LINE('',#5724,#825);
#419=LINE('',#5727,#826);
#420=LINE('',#5729,#827);
#421=LINE('',#5730,#828);
#422=LINE('',#5733,#829);
#423=LINE('',#5735,#830);
#424=LINE('',#5736,#831);
#425=LINE('',#5739,#832);
#426=LINE('',#5741,#833);
#427=LINE('',#5742,#834);
#428=LINE('',#5745,#835);
#429=LINE('',#5747,#836);
#430=LINE('',#5748,#837);
#431=LINE('',#5751,#838);
#432=LINE('',#5753,#839);
#433=LINE('',#5754,#840);
#434=LINE('',#5757,#841);
#435=LINE('',#5759,#842);
#436=LINE('',#5760,#843);
#437=LINE('',#5763,#844);
#438=LINE('',#5765,#845);
#439=LINE('',#5766,#846);
#440=LINE('',#5769,#847);
#441=LINE('',#5770,#848);
#442=LINE('',#5771,#849);
#443=LINE('',#5774,#850);
#444=LINE('',#5775,#851);
#445=LINE('',#5778,#852);
#446=LINE('',#5779,#853);
#447=LINE('',#5782,#854);
#448=LINE('',#5783,#855);
#449=LINE('',#5786,#856);
#450=LINE('',#5787,#857);
#451=LINE('',#5790,#858);
#452=LINE('',#5791,#859);
#453=LINE('',#5794,#860);
#454=LINE('',#5795,#861);
#455=LINE('',#5797,#862);
#456=LINE('',#5802,#863);
#457=LINE('',#5803,#864);
#458=LINE('',#5804,#865);
#459=LINE('',#5807,#866);
#460=LINE('',#5809,#867);
#461=LINE('',#5810,#868);
#462=LINE('',#5813,#869);
#463=LINE('',#5815,#870);
#464=LINE('',#5816,#871);
#465=LINE('',#5819,#872);
#466=LINE('',#5821,#873);
#467=LINE('',#5822,#874);
#468=LINE('',#5825,#875);
#469=LINE('',#5827,#876);
#470=LINE('',#5828,#877);
#471=LINE('',#5831,#878);
#472=LINE('',#5833,#879);
#473=LINE('',#5834,#880);
#474=LINE('',#5837,#881);
#475=LINE('',#5839,#882);
#476=LINE('',#5840,#883);
#477=LINE('',#5843,#884);
#478=LINE('',#5845,#885);
#479=LINE('',#5846,#886);
#480=LINE('',#5849,#887);
#481=LINE('',#5850,#888);
#482=LINE('',#5851,#889);
#483=LINE('',#5854,#890);
#484=LINE('',#5855,#891);
#485=LINE('',#5858,#892);
#486=LINE('',#5859,#893);
#487=LINE('',#5862,#894);
#488=LINE('',#5863,#895);
#489=LINE('',#5866,#896);
#490=LINE('',#5867,#897);
#491=LINE('',#5870,#898);
#492=LINE('',#5871,#899);
#493=LINE('',#5874,#900);
#494=LINE('',#5875,#901);
#495=LINE('',#5877,#902);
#496=LINE('',#5882,#903);
#497=LINE('',#5883,#904);
#498=LINE('',#5884,#905);
#499=LINE('',#5887,#906);
#500=LINE('',#5889,#907);
#501=LINE('',#5890,#908);
#502=LINE('',#5893,#909);
#503=LINE('',#5895,#910);
#504=LINE('',#5896,#911);
#505=LINE('',#5899,#912);
#506=LINE('',#5901,#913);
#507=LINE('',#5902,#914);
#508=LINE('',#5905,#915);
#509=LINE('',#5907,#916);
#510=LINE('',#5908,#917);
#511=LINE('',#5911,#918);
#512=LINE('',#5913,#919);
#513=LINE('',#5914,#920);
#514=LINE('',#5917,#921);
#515=LINE('',#5919,#922);
#516=LINE('',#5920,#923);
#517=LINE('',#5923,#924);
#518=LINE('',#5925,#925);
#519=LINE('',#5926,#926);
#520=LINE('',#5929,#927);
#521=LINE('',#5930,#928);
#522=LINE('',#5931,#929);
#523=LINE('',#5934,#930);
#524=LINE('',#5935,#931);
#525=LINE('',#5938,#932);
#526=LINE('',#5939,#933);
#527=LINE('',#5942,#934);
#528=LINE('',#5943,#935);
#529=LINE('',#5946,#936);
#530=LINE('',#5947,#937);
#531=LINE('',#5950,#938);
#532=LINE('',#5951,#939);
#533=LINE('',#5954,#940);
#534=LINE('',#5955,#941);
#535=LINE('',#5957,#942);
#536=LINE('',#5960,#943);
#537=LINE('',#5962,#944);
#538=LINE('',#5964,#945);
#539=LINE('',#5966,#946);
#540=LINE('',#5968,#947);
#541=LINE('',#5970,#948);
#542=LINE('',#5972,#949);
#543=LINE('',#5975,#950);
#544=LINE('',#5977,#951);
#545=LINE('',#5979,#952);
#546=LINE('',#5981,#953);
#547=LINE('',#5983,#954);
#548=LINE('',#5985,#955);
#549=LINE('',#5987,#956);
#550=LINE('',#5990,#957);
#551=LINE('',#5992,#958);
#552=LINE('',#5994,#959);
#553=LINE('',#5996,#960);
#554=LINE('',#5998,#961);
#555=LINE('',#6000,#962);
#556=LINE('',#6002,#963);
#557=LINE('',#6005,#964);
#558=LINE('',#6007,#965);
#559=LINE('',#6009,#966);
#560=LINE('',#6011,#967);
#561=LINE('',#6013,#968);
#562=LINE('',#6015,#969);
#563=LINE('',#6017,#970);
#564=LINE('',#6020,#971);
#565=LINE('',#6022,#972);
#566=LINE('',#6023,#973);
#567=LINE('',#6028,#974);
#568=LINE('',#6035,#975);
#569=LINE('',#6043,#976);
#570=LINE('',#6051,#977);
#571=LINE('',#6056,#978);
#572=LINE('',#6057,#979);
#573=VECTOR('',#3975,10.);
#574=VECTOR('',#3980,10.);
#575=VECTOR('',#3981,10.);
#576=VECTOR('',#3982,10.);
#577=VECTOR('',#3983,10.);
#578=VECTOR('',#3984,10.);
#579=VECTOR('',#3995,4.33012701892241);
#580=VECTOR('',#4006,4.33012701892334);
#581=VECTOR('',#4017,4.33012701892218);
#582=VECTOR('',#4028,4.33012701892219);
#583=VECTOR('',#4031,10.);
#584=VECTOR('',#4034,10.);
#585=VECTOR('',#4039,10.);
#586=VECTOR('',#4042,10.);
#587=VECTOR('',#4045,10.);
#588=VECTOR('',#4048,10.);
#589=VECTOR('',#4051,10.);
#590=VECTOR('',#4054,10.);
#591=VECTOR('',#4057,10.);
#592=VECTOR('',#4060,10.);
#593=VECTOR('',#4063,10.);
#594=VECTOR('',#4066,10.);
#595=VECTOR('',#4071,10.);
#596=VECTOR('',#4074,10.);
#597=VECTOR('',#4077,10.);
#598=VECTOR('',#4080,10.);
#599=VECTOR('',#4083,10.);
#600=VECTOR('',#4084,10.);
#601=VECTOR('',#4089,10.);
#602=VECTOR('',#4090,10.);
#603=VECTOR('',#4093,10.);
#604=VECTOR('',#4094,10.);
#605=VECTOR('',#4099,10.);
#606=VECTOR('',#4100,10.);
#607=VECTOR('',#4105,10.);
#608=VECTOR('',#4106,10.);
#609=VECTOR('',#4111,10.);
#610=VECTOR('',#4112,10.);
#611=VECTOR('',#4117,10.);
#612=VECTOR('',#4118,10.);
#613=VECTOR('',#4123,10.);
#614=VECTOR('',#4124,10.);
#615=VECTOR('',#4127,10.);
#616=VECTOR('',#4128,10.);
#617=VECTOR('',#4129,10.);
#618=VECTOR('',#4132,10.);
#619=VECTOR('',#4133,10.);
#620=VECTOR('',#4136,10.);
#621=VECTOR('',#4137,10.);
#622=VECTOR('',#4140,10.);
#623=VECTOR('',#4141,10.);
#624=VECTOR('',#4144,10.);
#625=VECTOR('',#4145,10.);
#626=VECTOR('',#4148,10.);
#627=VECTOR('',#4149,10.);
#628=VECTOR('',#4152,10.);
#629=VECTOR('',#4153,10.);
#630=VECTOR('',#4156,10.);
#631=VECTOR('',#4157,10.);
#632=VECTOR('',#4160,10.);
#633=VECTOR('',#4161,10.);
#634=VECTOR('',#4162,10.);
#635=VECTOR('',#4163,10.);
#636=VECTOR('',#4164,10.);
#637=VECTOR('',#4165,10.);
#638=VECTOR('',#4166,10.);
#639=VECTOR('',#4167,10.);
#640=VECTOR('',#4168,10.);
#641=VECTOR('',#4169,10.);
#642=VECTOR('',#4170,10.);
#643=VECTOR('',#4171,10.);
#644=VECTOR('',#4172,10.);
#645=VECTOR('',#4173,10.);
#646=VECTOR('',#4174,10.);
#647=VECTOR('',#4175,10.);
#648=VECTOR('',#4176,10.);
#649=VECTOR('',#4177,10.);
#650=VECTOR('',#4178,10.);
#651=VECTOR('',#4179,10.);
#652=VECTOR('',#4180,10.);
#653=VECTOR('',#4181,10.);
#654=VECTOR('',#4182,10.);
#655=VECTOR('',#4183,10.);
#656=VECTOR('',#4184,10.);
#657=VECTOR('',#4185,10.);
#658=VECTOR('',#4186,10.);
#659=VECTOR('',#4187,10.);
#660=VECTOR('',#4188,10.);
#661=VECTOR('',#4189,10.);
#662=VECTOR('',#4190,10.);
#663=VECTOR('',#4191,10.);
#664=VECTOR('',#4192,10.);
#665=VECTOR('',#4193,10.);
#666=VECTOR('',#4194,10.);
#667=VECTOR('',#4195,10.);
#668=VECTOR('',#4198,10.);
#669=VECTOR('',#4199,10.);
#670=VECTOR('',#4200,10.);
#671=VECTOR('',#4201,10.);
#672=VECTOR('',#4202,10.);
#673=VECTOR('',#4203,10.);
#674=VECTOR('',#4204,10.);
#675=VECTOR('',#4205,10.);
#676=VECTOR('',#4206,10.);
#677=VECTOR('',#4207,10.);
#678=VECTOR('',#4208,10.);
#679=VECTOR('',#4209,10.);
#680=VECTOR('',#4210,10.);
#681=VECTOR('',#4211,10.);
#682=VECTOR('',#4212,10.);
#683=VECTOR('',#4213,10.);
#684=VECTOR('',#4216,10.);
#685=VECTOR('',#4225,10.);
#686=VECTOR('',#4230,10.);
#687=VECTOR('',#4235,10.);
#688=VECTOR('',#4240,10.);
#689=VECTOR('',#4245,10.);
#690=VECTOR('',#4250,10.);
#691=VECTOR('',#4255,10.);
#692=VECTOR('',#4260,10.);
#693=VECTOR('',#4265,10.);
#694=VECTOR('',#4270,10.);
#695=VECTOR('',#4275,10.);
#696=VECTOR('',#4280,10.);
#697=VECTOR('',#4285,10.);
#698=VECTOR('',#4288,10.);
#699=VECTOR('',#4293,10.);
#700=VECTOR('',#4296,10.);
#701=VECTOR('',#4297,10.);
#702=VECTOR('',#4298,10.);
#703=VECTOR('',#4301,10.);
#704=VECTOR('',#4302,10.);
#705=VECTOR('',#4305,10.);
#706=VECTOR('',#4306,10.);
#707=VECTOR('',#4309,10.);
#708=VECTOR('',#4310,10.);
#709=VECTOR('',#4313,10.);
#710=VECTOR('',#4314,10.);
#711=VECTOR('',#4317,10.);
#712=VECTOR('',#4318,10.);
#713=VECTOR('',#4321,10.);
#714=VECTOR('',#4322,10.);
#715=VECTOR('',#4325,10.);
#716=VECTOR('',#4326,10.);
#717=VECTOR('',#4329,10.);
#718=VECTOR('',#4336,10.);
#719=VECTOR('',#4341,10.);
#720=VECTOR('',#4346,10.);
#721=VECTOR('',#4351,10.);
#722=VECTOR('',#4356,10.);
#723=VECTOR('',#4363,10.);
#724=VECTOR('',#4368,10.);
#725=VECTOR('',#4373,10.);
#726=VECTOR('',#4376,10.);
#727=VECTOR('',#4381,10.);
#728=VECTOR('',#4386,10.);
#729=VECTOR('',#4391,10.);
#730=VECTOR('',#4396,10.);
#731=VECTOR('',#4401,10.);
#732=VECTOR('',#4406,10.);
#733=VECTOR('',#4409,10.);
#734=VECTOR('',#4410,10.);
#735=VECTOR('',#4411,10.);
#736=VECTOR('',#4414,10.);
#737=VECTOR('',#4415,10.);
#738=VECTOR('',#4418,10.);
#739=VECTOR('',#4419,10.);
#740=VECTOR('',#4422,10.);
#741=VECTOR('',#4423,10.);
#742=VECTOR('',#4426,10.);
#743=VECTOR('',#4427,10.);
#744=VECTOR('',#4430,10.);
#745=VECTOR('',#4431,10.);
#746=VECTOR('',#4434,10.);
#747=VECTOR('',#4435,10.);
#748=VECTOR('',#4438,10.);
#749=VECTOR('',#4439,10.);
#750=VECTOR('',#4442,10.);
#751=VECTOR('',#4449,10.);
#752=VECTOR('',#4454,10.);
#753=VECTOR('',#4459,10.);
#754=VECTOR('',#4464,10.);
#755=VECTOR('',#4469,10.);
#756=VECTOR('',#4476,10.);
#757=VECTOR('',#4481,10.);
#758=VECTOR('',#4486,10.);
#759=VECTOR('',#4489,10.);
#760=VECTOR('',#4494,10.);
#761=VECTOR('',#4499,10.);
#762=VECTOR('',#4504,10.);
#763=VECTOR('',#4509,10.);
#764=VECTOR('',#4514,10.);
#765=VECTOR('',#4519,10.);
#766=VECTOR('',#4522,10.);
#767=VECTOR('',#4523,10.);
#768=VECTOR('',#4524,10.);
#769=VECTOR('',#4527,10.);
#770=VECTOR('',#4528,10.);
#771=VECTOR('',#4531,10.);
#772=VECTOR('',#4532,10.);
#773=VECTOR('',#4535,10.);
#774=VECTOR('',#4536,10.);
#775=VECTOR('',#4539,10.);
#776=VECTOR('',#4540,10.);
#777=VECTOR('',#4543,10.);
#778=VECTOR('',#4544,10.);
#779=VECTOR('',#4547,10.);
#780=VECTOR('',#4548,10.);
#781=VECTOR('',#4551,10.);
#782=VECTOR('',#4552,10.);
#783=VECTOR('',#4555,10.);
#784=VECTOR('',#4556,10.);
#785=VECTOR('',#4557,10.);
#786=VECTOR('',#4560,10.);
#787=VECTOR('',#4561,10.);
#788=VECTOR('',#4562,10.);
#789=VECTOR('',#4565,10.);
#790=VECTOR('',#4566,10.);
#791=VECTOR('',#4567,10.);
#792=VECTOR('',#4570,10.);
#793=VECTOR('',#4571,10.);
#794=VECTOR('',#4572,10.);
#795=VECTOR('',#4575,10.);
#796=VECTOR('',#4576,10.);
#797=VECTOR('',#4577,10.);
#798=VECTOR('',#4580,10.);
#799=VECTOR('',#4581,10.);
#800=VECTOR('',#4582,10.);
#801=VECTOR('',#4585,10.);
#802=VECTOR('',#4586,10.);
#803=VECTOR('',#4587,10.);
#804=VECTOR('',#4590,10.);
#805=VECTOR('',#4591,10.);
#806=VECTOR('',#4592,10.);
#807=VECTOR('',#4595,10.);
#808=VECTOR('',#4596,10.);
#809=VECTOR('',#4597,10.);
#810=VECTOR('',#4600,10.);
#811=VECTOR('',#4601,10.);
#812=VECTOR('',#4604,10.);
#813=VECTOR('',#4605,10.);
#814=VECTOR('',#4608,10.);
#815=VECTOR('',#4609,10.);
#816=VECTOR('',#4612,10.);
#817=VECTOR('',#4613,10.);
#818=VECTOR('',#4616,10.);
#819=VECTOR('',#4617,10.);
#820=VECTOR('',#4620,10.);
#821=VECTOR('',#4621,10.);
#822=VECTOR('',#4624,10.);
#823=VECTOR('',#4629,10.);
#824=VECTOR('',#4630,10.);
#825=VECTOR('',#4631,10.);
#826=VECTOR('',#4634,10.);
#827=VECTOR('',#4635,10.);
#828=VECTOR('',#4636,10.);
#829=VECTOR('',#4639,10.);
#830=VECTOR('',#4640,10.);
#831=VECTOR('',#4641,10.);
#832=VECTOR('',#4644,10.);
#833=VECTOR('',#4645,10.);
#834=VECTOR('',#4646,10.);
#835=VECTOR('',#4649,10.);
#836=VECTOR('',#4650,10.);
#837=VECTOR('',#4651,10.);
#838=VECTOR('',#4654,10.);
#839=VECTOR('',#4655,10.);
#840=VECTOR('',#4656,10.);
#841=VECTOR('',#4659,10.);
#842=VECTOR('',#4660,10.);
#843=VECTOR('',#4661,10.);
#844=VECTOR('',#4664,10.);
#845=VECTOR('',#4665,10.);
#846=VECTOR('',#4666,10.);
#847=VECTOR('',#4669,10.);
#848=VECTOR('',#4670,10.);
#849=VECTOR('',#4671,10.);
#850=VECTOR('',#4674,10.);
#851=VECTOR('',#4675,10.);
#852=VECTOR('',#4678,10.);
#853=VECTOR('',#4679,10.);
#854=VECTOR('',#4682,10.);
#855=VECTOR('',#4683,10.);
#856=VECTOR('',#4686,10.);
#857=VECTOR('',#4687,10.);
#858=VECTOR('',#4690,10.);
#859=VECTOR('',#4691,10.);
#860=VECTOR('',#4694,10.);
#861=VECTOR('',#4695,10.);
#862=VECTOR('',#4698,10.);
#863=VECTOR('',#4703,10.);
#864=VECTOR('',#4704,10.);
#865=VECTOR('',#4705,10.);
#866=VECTOR('',#4708,10.);
#867=VECTOR('',#4709,10.);
#868=VECTOR('',#4710,10.);
#869=VECTOR('',#4713,10.);
#870=VECTOR('',#4714,10.);
#871=VECTOR('',#4715,10.);
#872=VECTOR('',#4718,10.);
#873=VECTOR('',#4719,10.);
#874=VECTOR('',#4720,10.);
#875=VECTOR('',#4723,10.);
#876=VECTOR('',#4724,10.);
#877=VECTOR('',#4725,10.);
#878=VECTOR('',#4728,10.);
#879=VECTOR('',#4729,10.);
#880=VECTOR('',#4730,10.);
#881=VECTOR('',#4733,10.);
#882=VECTOR('',#4734,10.);
#883=VECTOR('',#4735,10.);
#884=VECTOR('',#4738,10.);
#885=VECTOR('',#4739,10.);
#886=VECTOR('',#4740,10.);
#887=VECTOR('',#4743,10.);
#888=VECTOR('',#4744,10.);
#889=VECTOR('',#4745,10.);
#890=VECTOR('',#4748,10.);
#891=VECTOR('',#4749,10.);
#892=VECTOR('',#4752,10.);
#893=VECTOR('',#4753,10.);
#894=VECTOR('',#4756,10.);
#895=VECTOR('',#4757,10.);
#896=VECTOR('',#4760,10.);
#897=VECTOR('',#4761,10.);
#898=VECTOR('',#4764,10.);
#899=VECTOR('',#4765,10.);
#900=VECTOR('',#4768,10.);
#901=VECTOR('',#4769,10.);
#902=VECTOR('',#4772,10.);
#903=VECTOR('',#4777,10.);
#904=VECTOR('',#4778,10.);
#905=VECTOR('',#4779,10.);
#906=VECTOR('',#4782,10.);
#907=VECTOR('',#4783,10.);
#908=VECTOR('',#4784,10.);
#909=VECTOR('',#4787,10.);
#910=VECTOR('',#4788,10.);
#911=VECTOR('',#4789,10.);
#912=VECTOR('',#4792,10.);
#913=VECTOR('',#4793,10.);
#914=VECTOR('',#4794,10.);
#915=VECTOR('',#4797,10.);
#916=VECTOR('',#4798,10.);
#917=VECTOR('',#4799,10.);
#918=VECTOR('',#4802,10.);
#919=VECTOR('',#4803,10.);
#920=VECTOR('',#4804,10.);
#921=VECTOR('',#4807,10.);
#922=VECTOR('',#4808,10.);
#923=VECTOR('',#4809,10.);
#924=VECTOR('',#4812,10.);
#925=VECTOR('',#4813,10.);
#926=VECTOR('',#4814,10.);
#927=VECTOR('',#4817,10.);
#928=VECTOR('',#4818,10.);
#929=VECTOR('',#4819,10.);
#930=VECTOR('',#4822,10.);
#931=VECTOR('',#4823,10.);
#932=VECTOR('',#4826,10.);
#933=VECTOR('',#4827,10.);
#934=VECTOR('',#4830,10.);
#935=VECTOR('',#4831,10.);
#936=VECTOR('',#4834,10.);
#937=VECTOR('',#4835,10.);
#938=VECTOR('',#4838,10.);
#939=VECTOR('',#4839,10.);
#940=VECTOR('',#4842,10.);
#941=VECTOR('',#4843,10.);
#942=VECTOR('',#4846,10.);
#943=VECTOR('',#4851,10.);
#944=VECTOR('',#4854,10.);
#945=VECTOR('',#4857,10.);
#946=VECTOR('',#4860,10.);
#947=VECTOR('',#4863,10.);
#948=VECTOR('',#4866,10.);
#949=VECTOR('',#4869,10.);
#950=VECTOR('',#4874,10.);
#951=VECTOR('',#4877,10.);
#952=VECTOR('',#4880,10.);
#953=VECTOR('',#4883,10.);
#954=VECTOR('',#4886,10.);
#955=VECTOR('',#4889,10.);
#956=VECTOR('',#4892,10.);
#957=VECTOR('',#4897,10.);
#958=VECTOR('',#4900,10.);
#959=VECTOR('',#4903,10.);
#960=VECTOR('',#4906,10.);
#961=VECTOR('',#4909,10.);
#962=VECTOR('',#4912,10.);
#963=VECTOR('',#4915,10.);
#964=VECTOR('',#4920,10.);
#965=VECTOR('',#4923,10.);
#966=VECTOR('',#4926,10.);
#967=VECTOR('',#4929,10.);
#968=VECTOR('',#4932,10.);
#969=VECTOR('',#4935,10.);
#970=VECTOR('',#4938,10.);
#971=VECTOR('',#4943,10.);
#972=VECTOR('',#4946,10.);
#973=VECTOR('',#4947,10.);
#974=VECTOR('',#4952,3.17542648054294);
#975=VECTOR('',#4961,3.17542648054294);
#976=VECTOR('',#4972,3.17542648054294);
#977=VECTOR('',#4983,3.17542648054294);
#978=VECTOR('',#4992,10.);
#979=VECTOR('',#4993,10.);
#980=PLANE('',#3650);
#981=PLANE('',#3706);
#982=PLANE('',#3707);
#983=PLANE('',#3708);
#984=PLANE('',#3709);
#985=PLANE('',#3710);
#986=PLANE('',#3711);
#987=PLANE('',#3712);
#988=PLANE('',#3713);
#989=PLANE('',#3714);
#990=PLANE('',#3748);
#991=PLANE('',#3749);
#992=PLANE('',#3750);
#993=PLANE('',#3751);
#994=PLANE('',#3752);
#995=PLANE('',#3753);
#996=PLANE('',#3754);
#997=PLANE('',#3755);
#998=PLANE('',#3788);
#999=PLANE('',#3789);
#1000=PLANE('',#3790);
#1001=PLANE('',#3791);
#1002=PLANE('',#3792);
#1003=PLANE('',#3793);
#1004=PLANE('',#3794);
#1005=PLANE('',#3795);
#1006=PLANE('',#3828);
#1007=PLANE('',#3829);
#1008=PLANE('',#3830);
#1009=PLANE('',#3831);
#1010=PLANE('',#3832);
#1011=PLANE('',#3833);
#1012=PLANE('',#3834);
#1013=PLANE('',#3835);
#1014=PLANE('',#3836);
#1015=PLANE('',#3837);
#1016=PLANE('',#3838);
#1017=PLANE('',#3839);
#1018=PLANE('',#3840);
#1019=PLANE('',#3841);
#1020=PLANE('',#3842);
#1021=PLANE('',#3843);
#1022=PLANE('',#3844);
#1023=PLANE('',#3845);
#1024=PLANE('',#3846);
#1025=PLANE('',#3847);
#1026=PLANE('',#3848);
#1027=PLANE('',#3849);
#1028=PLANE('',#3850);
#1029=PLANE('',#3851);
#1030=PLANE('',#3852);
#1031=PLANE('',#3853);
#1032=PLANE('',#3854);
#1033=PLANE('',#3855);
#1034=PLANE('',#3856);
#1035=PLANE('',#3857);
#1036=PLANE('',#3858);
#1037=PLANE('',#3859);
#1038=PLANE('',#3860);
#1039=PLANE('',#3861);
#1040=PLANE('',#3862);
#1041=PLANE('',#3863);
#1042=PLANE('',#3864);
#1043=PLANE('',#3865);
#1044=PLANE('',#3866);
#1045=PLANE('',#3867);
#1046=PLANE('',#3868);
#1047=PLANE('',#3869);
#1048=PLANE('',#3870);
#1049=PLANE('',#3871);
#1050=PLANE('',#3872);
#1051=PLANE('',#3873);
#1052=PLANE('',#3874);
#1053=PLANE('',#3875);
#1054=PLANE('',#3876);
#1055=PLANE('',#3877);
#1056=PLANE('',#3878);
#1057=PLANE('',#3879);
#1058=PLANE('',#3880);
#1059=PLANE('',#3881);
#1060=PLANE('',#3882);
#1061=PLANE('',#3883);
#1062=PLANE('',#3884);
#1063=PLANE('',#3885);
#1064=PLANE('',#3886);
#1065=PLANE('',#3887);
#1066=PLANE('',#3888);
#1067=PLANE('',#3889);
#1068=PLANE('',#3890);
#1069=PLANE('',#3891);
#1070=PLANE('',#3892);
#1071=PLANE('',#3893);
#1072=PLANE('',#3894);
#1073=PLANE('',#3895);
#1074=PLANE('',#3896);
#1075=PLANE('',#3897);
#1076=PLANE('',#3898);
#1077=PLANE('',#3899);
#1078=PLANE('',#3900);
#1079=PLANE('',#3901);
#1080=PLANE('',#3902);
#1081=PLANE('',#3903);
#1082=PLANE('',#3904);
#1083=PLANE('',#3905);
#1084=PLANE('',#3906);
#1085=PLANE('',#3907);
#1086=PLANE('',#3908);
#1087=PLANE('',#3909);
#1088=PLANE('',#3910);
#1089=PLANE('',#3911);
#1090=PLANE('',#3912);
#1091=PLANE('',#3913);
#1092=PLANE('',#3914);
#1093=PLANE('',#3915);
#1094=PLANE('',#3916);
#1095=PLANE('',#3917);
#1096=PLANE('',#3918);
#1097=PLANE('',#3919);
#1098=PLANE('',#3920);
#1099=PLANE('',#3921);
#1100=PLANE('',#3922);
#1101=PLANE('',#3923);
#1102=PLANE('',#3924);
#1103=PLANE('',#3925);
#1104=PLANE('',#3926);
#1105=PLANE('',#3927);
#1106=PLANE('',#3928);
#1107=PLANE('',#3929);
#1108=PLANE('',#3930);
#1109=PLANE('',#3931);
#1110=PLANE('',#3932);
#1111=PLANE('',#3933);
#1112=PLANE('',#3934);
#1113=PLANE('',#3935);
#1114=PLANE('',#3937);
#1115=PLANE('',#3941);
#1116=PLANE('',#3945);
#1117=PLANE('',#3946);
#1118=PLANE('',#3950);
#1119=PLANE('',#3951);
#1120=PLANE('',#3955);
#1121=PLANE('',#3956);
#1122=PLANE('',#3957);
#1123=PLANE('',#3958);
#1124=PLANE('',#3959);
#1125=PLANE('',#3960);
#1126=FACE_OUTER_BOUND('',#1349,.T.);
#1127=FACE_OUTER_BOUND('',#1350,.T.);
#1128=FACE_OUTER_BOUND('',#1354,.T.);
#1129=FACE_OUTER_BOUND('',#1355,.T.);
#1130=FACE_OUTER_BOUND('',#1356,.T.);
#1131=FACE_OUTER_BOUND('',#1357,.T.);
#1132=FACE_OUTER_BOUND('',#1358,.T.);
#1133=FACE_OUTER_BOUND('',#1359,.T.);
#1134=FACE_OUTER_BOUND('',#1360,.T.);
#1135=FACE_OUTER_BOUND('',#1361,.T.);
#1136=FACE_OUTER_BOUND('',#1362,.T.);
#1137=FACE_OUTER_BOUND('',#1363,.T.);
#1138=FACE_OUTER_BOUND('',#1364,.T.);
#1139=FACE_OUTER_BOUND('',#1365,.T.);
#1140=FACE_OUTER_BOUND('',#1366,.T.);
#1141=FACE_OUTER_BOUND('',#1367,.T.);
#1142=FACE_OUTER_BOUND('',#1368,.T.);
#1143=FACE_OUTER_BOUND('',#1369,.T.);
#1144=FACE_OUTER_BOUND('',#1370,.T.);
#1145=FACE_OUTER_BOUND('',#1371,.T.);
#1146=FACE_OUTER_BOUND('',#1372,.T.);
#1147=FACE_OUTER_BOUND('',#1373,.T.);
#1148=FACE_OUTER_BOUND('',#1374,.T.);
#1149=FACE_OUTER_BOUND('',#1375,.T.);
#1150=FACE_OUTER_BOUND('',#1376,.T.);
#1151=FACE_OUTER_BOUND('',#1377,.T.);
#1152=FACE_OUTER_BOUND('',#1378,.T.);
#1153=FACE_OUTER_BOUND('',#1379,.T.);
#1154=FACE_OUTER_BOUND('',#1380,.T.);
#1155=FACE_OUTER_BOUND('',#1381,.T.);
#1156=FACE_OUTER_BOUND('',#1382,.T.);
#1157=FACE_OUTER_BOUND('',#1383,.T.);
#1158=FACE_OUTER_BOUND('',#1384,.T.);
#1159=FACE_OUTER_BOUND('',#1385,.T.);
#1160=FACE_OUTER_BOUND('',#1391,.T.);
#1161=FACE_OUTER_BOUND('',#1392,.T.);
#1162=FACE_OUTER_BOUND('',#1393,.T.);
#1163=FACE_OUTER_BOUND('',#1394,.T.);
#1164=FACE_OUTER_BOUND('',#1395,.T.);
#1165=FACE_OUTER_BOUND('',#1396,.T.);
#1166=FACE_OUTER_BOUND('',#1397,.T.);
#1167=FACE_OUTER_BOUND('',#1398,.T.);
#1168=FACE_OUTER_BOUND('',#1399,.T.);
#1169=FACE_OUTER_BOUND('',#1400,.T.);
#1170=FACE_OUTER_BOUND('',#1401,.T.);
#1171=FACE_OUTER_BOUND('',#1402,.T.);
#1172=FACE_OUTER_BOUND('',#1403,.T.);
#1173=FACE_OUTER_BOUND('',#1404,.T.);
#1174=FACE_OUTER_BOUND('',#1405,.T.);
#1175=FACE_OUTER_BOUND('',#1406,.T.);
#1176=FACE_OUTER_BOUND('',#1407,.T.);
#1177=FACE_OUTER_BOUND('',#1408,.T.);
#1178=FACE_OUTER_BOUND('',#1409,.T.);
#1179=FACE_OUTER_BOUND('',#1410,.T.);
#1180=FACE_OUTER_BOUND('',#1411,.T.);
#1181=FACE_OUTER_BOUND('',#1412,.T.);
#1182=FACE_OUTER_BOUND('',#1413,.T.);
#1183=FACE_OUTER_BOUND('',#1414,.T.);
#1184=FACE_OUTER_BOUND('',#1415,.T.);
#1185=FACE_OUTER_BOUND('',#1416,.T.);
#1186=FACE_OUTER_BOUND('',#1417,.T.);
#1187=FACE_OUTER_BOUND('',#1418,.T.);
#1188=FACE_OUTER_BOUND('',#1419,.T.);
#1189=FACE_OUTER_BOUND('',#1420,.T.);
#1190=FACE_OUTER_BOUND('',#1421,.T.);
#1191=FACE_OUTER_BOUND('',#1422,.T.);
#1192=FACE_OUTER_BOUND('',#1423,.T.);
#1193=FACE_OUTER_BOUND('',#1424,.T.);
#1194=FACE_OUTER_BOUND('',#1425,.T.);
#1195=FACE_OUTER_BOUND('',#1426,.T.);
#1196=FACE_OUTER_BOUND('',#1427,.T.);
#1197=FACE_OUTER_BOUND('',#1428,.T.);
#1198=FACE_OUTER_BOUND('',#1429,.T.);
#1199=FACE_OUTER_BOUND('',#1430,.T.);
#1200=FACE_OUTER_BOUND('',#1431,.T.);
#1201=FACE_OUTER_BOUND('',#1432,.T.);
#1202=FACE_OUTER_BOUND('',#1433,.T.);
#1203=FACE_OUTER_BOUND('',#1434,.T.);
#1204=FACE_OUTER_BOUND('',#1435,.T.);
#1205=FACE_OUTER_BOUND('',#1436,.T.);
#1206=FACE_OUTER_BOUND('',#1437,.T.);
#1207=FACE_OUTER_BOUND('',#1438,.T.);
#1208=FACE_OUTER_BOUND('',#1439,.T.);
#1209=FACE_OUTER_BOUND('',#1440,.T.);
#1210=FACE_OUTER_BOUND('',#1441,.T.);
#1211=FACE_OUTER_BOUND('',#1442,.T.);
#1212=FACE_OUTER_BOUND('',#1443,.T.);
#1213=FACE_OUTER_BOUND('',#1444,.T.);
#1214=FACE_OUTER_BOUND('',#1445,.T.);
#1215=FACE_OUTER_BOUND('',#1446,.T.);
#1216=FACE_OUTER_BOUND('',#1447,.T.);
#1217=FACE_OUTER_BOUND('',#1448,.T.);
#1218=FACE_OUTER_BOUND('',#1449,.T.);
#1219=FACE_OUTER_BOUND('',#1450,.T.);
#1220=FACE_OUTER_BOUND('',#1451,.T.);
#1221=FACE_OUTER_BOUND('',#1452,.T.);
#1222=FACE_OUTER_BOUND('',#1453,.T.);
#1223=FACE_OUTER_BOUND('',#1454,.T.);
#1224=FACE_OUTER_BOUND('',#1455,.T.);
#1225=FACE_OUTER_BOUND('',#1456,.T.);
#1226=FACE_OUTER_BOUND('',#1457,.T.);
#1227=FACE_OUTER_BOUND('',#1458,.T.);
#1228=FACE_OUTER_BOUND('',#1459,.T.);
#1229=FACE_OUTER_BOUND('',#1460,.T.);
#1230=FACE_OUTER_BOUND('',#1461,.T.);
#1231=FACE_OUTER_BOUND('',#1462,.T.);
#1232=FACE_OUTER_BOUND('',#1463,.T.);
#1233=FACE_OUTER_BOUND('',#1464,.T.);
#1234=FACE_OUTER_BOUND('',#1465,.T.);
#1235=FACE_OUTER_BOUND('',#1466,.T.);
#1236=FACE_OUTER_BOUND('',#1467,.T.);
#1237=FACE_OUTER_BOUND('',#1468,.T.);
#1238=FACE_OUTER_BOUND('',#1469,.T.);
#1239=FACE_OUTER_BOUND('',#1470,.T.);
#1240=FACE_OUTER_BOUND('',#1471,.T.);
#1241=FACE_OUTER_BOUND('',#1472,.T.);
#1242=FACE_OUTER_BOUND('',#1473,.T.);
#1243=FACE_OUTER_BOUND('',#1474,.T.);
#1244=FACE_OUTER_BOUND('',#1475,.T.);
#1245=FACE_OUTER_BOUND('',#1476,.T.);
#1246=FACE_OUTER_BOUND('',#1477,.T.);
#1247=FACE_OUTER_BOUND('',#1478,.T.);
#1248=FACE_OUTER_BOUND('',#1479,.T.);
#1249=FACE_OUTER_BOUND('',#1480,.T.);
#1250=FACE_OUTER_BOUND('',#1481,.T.);
#1251=FACE_OUTER_BOUND('',#1482,.T.);
#1252=FACE_OUTER_BOUND('',#1483,.T.);
#1253=FACE_OUTER_BOUND('',#1484,.T.);
#1254=FACE_OUTER_BOUND('',#1485,.T.);
#1255=FACE_OUTER_BOUND('',#1486,.T.);
#1256=FACE_OUTER_BOUND('',#1487,.T.);
#1257=FACE_OUTER_BOUND('',#1488,.T.);
#1258=FACE_OUTER_BOUND('',#1489,.T.);
#1259=FACE_OUTER_BOUND('',#1490,.T.);
#1260=FACE_OUTER_BOUND('',#1491,.T.);
#1261=FACE_OUTER_BOUND('',#1492,.T.);
#1262=FACE_OUTER_BOUND('',#1493,.T.);
#1263=FACE_OUTER_BOUND('',#1494,.T.);
#1264=FACE_OUTER_BOUND('',#1495,.T.);
#1265=FACE_OUTER_BOUND('',#1496,.T.);
#1266=FACE_OUTER_BOUND('',#1497,.T.);
#1267=FACE_OUTER_BOUND('',#1498,.T.);
#1268=FACE_OUTER_BOUND('',#1499,.T.);
#1269=FACE_OUTER_BOUND('',#1500,.T.);
#1270=FACE_OUTER_BOUND('',#1501,.T.);
#1271=FACE_OUTER_BOUND('',#1502,.T.);
#1272=FACE_OUTER_BOUND('',#1503,.T.);
#1273=FACE_OUTER_BOUND('',#1504,.T.);
#1274=FACE_OUTER_BOUND('',#1505,.T.);
#1275=FACE_OUTER_BOUND('',#1506,.T.);
#1276=FACE_OUTER_BOUND('',#1507,.T.);
#1277=FACE_OUTER_BOUND('',#1508,.T.);
#1278=FACE_OUTER_BOUND('',#1509,.T.);
#1279=FACE_OUTER_BOUND('',#1510,.T.);
#1280=FACE_OUTER_BOUND('',#1511,.T.);
#1281=FACE_OUTER_BOUND('',#1512,.T.);
#1282=FACE_OUTER_BOUND('',#1513,.T.);
#1283=FACE_OUTER_BOUND('',#1514,.T.);
#1284=FACE_OUTER_BOUND('',#1515,.T.);
#1285=FACE_OUTER_BOUND('',#1516,.T.);
#1286=FACE_OUTER_BOUND('',#1517,.T.);
#1287=FACE_OUTER_BOUND('',#1518,.T.);
#1288=FACE_OUTER_BOUND('',#1519,.T.);
#1289=FACE_OUTER_BOUND('',#1520,.T.);
#1290=FACE_OUTER_BOUND('',#1521,.T.);
#1291=FACE_OUTER_BOUND('',#1522,.T.);
#1292=FACE_OUTER_BOUND('',#1523,.T.);
#1293=FACE_OUTER_BOUND('',#1524,.T.);
#1294=FACE_OUTER_BOUND('',#1525,.T.);
#1295=FACE_OUTER_BOUND('',#1526,.T.);
#1296=FACE_OUTER_BOUND('',#1527,.T.);
#1297=FACE_OUTER_BOUND('',#1528,.T.);
#1298=FACE_OUTER_BOUND('',#1529,.T.);
#1299=FACE_OUTER_BOUND('',#1530,.T.);
#1300=FACE_OUTER_BOUND('',#1531,.T.);
#1301=FACE_OUTER_BOUND('',#1532,.T.);
#1302=FACE_OUTER_BOUND('',#1533,.T.);
#1303=FACE_OUTER_BOUND('',#1534,.T.);
#1304=FACE_OUTER_BOUND('',#1535,.T.);
#1305=FACE_OUTER_BOUND('',#1536,.T.);
#1306=FACE_OUTER_BOUND('',#1537,.T.);
#1307=FACE_OUTER_BOUND('',#1538,.T.);
#1308=FACE_OUTER_BOUND('',#1539,.T.);
#1309=FACE_OUTER_BOUND('',#1540,.T.);
#1310=FACE_OUTER_BOUND('',#1541,.T.);
#1311=FACE_OUTER_BOUND('',#1542,.T.);
#1312=FACE_OUTER_BOUND('',#1543,.T.);
#1313=FACE_OUTER_BOUND('',#1544,.T.);
#1314=FACE_OUTER_BOUND('',#1545,.T.);
#1315=FACE_OUTER_BOUND('',#1546,.T.);
#1316=FACE_OUTER_BOUND('',#1547,.T.);
#1317=FACE_OUTER_BOUND('',#1548,.T.);
#1318=FACE_OUTER_BOUND('',#1549,.T.);
#1319=FACE_OUTER_BOUND('',#1550,.T.);
#1320=FACE_OUTER_BOUND('',#1551,.T.);
#1321=FACE_OUTER_BOUND('',#1552,.T.);
#1322=FACE_OUTER_BOUND('',#1553,.T.);
#1323=FACE_OUTER_BOUND('',#1554,.T.);
#1324=FACE_OUTER_BOUND('',#1555,.T.);
#1325=FACE_OUTER_BOUND('',#1556,.T.);
#1326=FACE_OUTER_BOUND('',#1557,.T.);
#1327=FACE_OUTER_BOUND('',#1558,.T.);
#1328=FACE_OUTER_BOUND('',#1559,.T.);
#1329=FACE_OUTER_BOUND('',#1560,.T.);
#1330=FACE_OUTER_BOUND('',#1561,.T.);
#1331=FACE_OUTER_BOUND('',#1562,.T.);
#1332=FACE_OUTER_BOUND('',#1563,.T.);
#1333=FACE_OUTER_BOUND('',#1564,.T.);
#1334=FACE_OUTER_BOUND('',#1565,.T.);
#1335=FACE_OUTER_BOUND('',#1566,.T.);
#1336=FACE_OUTER_BOUND('',#1568,.T.);
#1337=FACE_OUTER_BOUND('',#1569,.T.);
#1338=FACE_OUTER_BOUND('',#1571,.T.);
#1339=FACE_OUTER_BOUND('',#1572,.T.);
#1340=FACE_OUTER_BOUND('',#1573,.T.);
#1341=FACE_OUTER_BOUND('',#1575,.T.);
#1342=FACE_OUTER_BOUND('',#1576,.T.);
#1343=FACE_OUTER_BOUND('',#1577,.T.);
#1344=FACE_OUTER_BOUND('',#1579,.T.);
#1345=FACE_OUTER_BOUND('',#1580,.T.);
#1346=FACE_OUTER_BOUND('',#1581,.T.);
#1347=FACE_OUTER_BOUND('',#1582,.T.);
#1348=FACE_OUTER_BOUND('',#1583,.T.);
#1349=EDGE_LOOP('',(#2403,#2404,#2405,#2406));
#1350=EDGE_LOOP('',(#2407,#2408,#2409,#2410,#2411,#2412,#2413,#2414,#2415,
#2416));
#1351=EDGE_LOOP('',(#2417));
#1352=EDGE_LOOP('',(#2418));
#1353=EDGE_LOOP('',(#2419));
#1354=EDGE_LOOP('',(#2420,#2421,#2422,#2423));
#1355=EDGE_LOOP('',(#2424,#2425,#2426,#2427));
#1356=EDGE_LOOP('',(#2428,#2429,#2430,#2431));
#1357=EDGE_LOOP('',(#2432,#2433,#2434,#2435,#2436,#2437));
#1358=EDGE_LOOP('',(#2438,#2439,#2440,#2441));
#1359=EDGE_LOOP('',(#2442,#2443,#2444,#2445,#2446,#2447));
#1360=EDGE_LOOP('',(#2448,#2449,#2450,#2451));
#1361=EDGE_LOOP('',(#2452,#2453,#2454,#2455));
#1362=EDGE_LOOP('',(#2456,#2457,#2458,#2459));
#1363=EDGE_LOOP('',(#2460,#2461,#2462,#2463));
#1364=EDGE_LOOP('',(#2464,#2465,#2466,#2467));
#1365=EDGE_LOOP('',(#2468,#2469,#2470,#2471));
#1366=EDGE_LOOP('',(#2472,#2473,#2474,#2475));
#1367=EDGE_LOOP('',(#2476,#2477,#2478,#2479));
#1368=EDGE_LOOP('',(#2480,#2481,#2482,#2483));
#1369=EDGE_LOOP('',(#2484,#2485,#2486,#2487));
#1370=EDGE_LOOP('',(#2488,#2489,#2490,#2491));
#1371=EDGE_LOOP('',(#2492,#2493,#2494,#2495));
#1372=EDGE_LOOP('',(#2496,#2497,#2498,#2499));
#1373=EDGE_LOOP('',(#2500,#2501,#2502,#2503));
#1374=EDGE_LOOP('',(#2504,#2505,#2506,#2507));
#1375=EDGE_LOOP('',(#2508,#2509,#2510,#2511));
#1376=EDGE_LOOP('',(#2512,#2513,#2514,#2515));
#1377=EDGE_LOOP('',(#2516,#2517,#2518,#2519));
#1378=EDGE_LOOP('',(#2520,#2521,#2522,#2523));
#1379=EDGE_LOOP('',(#2524,#2525,#2526,#2527));
#1380=EDGE_LOOP('',(#2528,#2529,#2530,#2531));
#1381=EDGE_LOOP('',(#2532,#2533,#2534,#2535));
#1382=EDGE_LOOP('',(#2536,#2537,#2538,#2539));
#1383=EDGE_LOOP('',(#2540,#2541,#2542,#2543));
#1384=EDGE_LOOP('',(#2544,#2545,#2546,#2547));
#1385=EDGE_LOOP('',(#2548,#2549,#2550,#2551));
#1386=EDGE_LOOP('',(#2552,#2553,#2554,#2555,#2556,#2557,#2558,#2559,#2560,
#2561,#2562,#2563,#2564,#2565,#2566,#2567));
#1387=EDGE_LOOP('',(#2568,#2569,#2570,#2571,#2572,#2573,#2574,#2575,#2576,
#2577,#2578,#2579,#2580,#2581,#2582,#2583));
#1388=EDGE_LOOP('',(#2584));
#1389=EDGE_LOOP('',(#2585,#2586,#2587,#2588,#2589,#2590,#2591,#2592,#2593,
#2594,#2595,#2596,#2597,#2598,#2599,#2600));
#1390=EDGE_LOOP('',(#2601,#2602,#2603,#2604,#2605,#2606,#2607,#2608,#2609,
#2610,#2611,#2612,#2613,#2614,#2615,#2616));
#1391=EDGE_LOOP('',(#2617,#2618,#2619,#2620));
#1392=EDGE_LOOP('',(#2621,#2622,#2623,#2624));
#1393=EDGE_LOOP('',(#2625,#2626,#2627,#2628));
#1394=EDGE_LOOP('',(#2629,#2630,#2631,#2632));
#1395=EDGE_LOOP('',(#2633,#2634,#2635,#2636));
#1396=EDGE_LOOP('',(#2637,#2638,#2639,#2640));
#1397=EDGE_LOOP('',(#2641,#2642,#2643,#2644));
#1398=EDGE_LOOP('',(#2645,#2646,#2647,#2648));
#1399=EDGE_LOOP('',(#2649,#2650,#2651,#2652));
#1400=EDGE_LOOP('',(#2653,#2654,#2655,#2656));
#1401=EDGE_LOOP('',(#2657,#2658,#2659,#2660));
#1402=EDGE_LOOP('',(#2661,#2662,#2663,#2664));
#1403=EDGE_LOOP('',(#2665,#2666,#2667,#2668));
#1404=EDGE_LOOP('',(#2669,#2670,#2671,#2672));
#1405=EDGE_LOOP('',(#2673,#2674,#2675,#2676));
#1406=EDGE_LOOP('',(#2677,#2678,#2679,#2680));
#1407=EDGE_LOOP('',(#2681,#2682,#2683,#2684));
#1408=EDGE_LOOP('',(#2685,#2686,#2687,#2688));
#1409=EDGE_LOOP('',(#2689,#2690,#2691,#2692));
#1410=EDGE_LOOP('',(#2693,#2694,#2695,#2696));
#1411=EDGE_LOOP('',(#2697,#2698,#2699,#2700));
#1412=EDGE_LOOP('',(#2701,#2702,#2703,#2704));
#1413=EDGE_LOOP('',(#2705,#2706,#2707,#2708));
#1414=EDGE_LOOP('',(#2709,#2710,#2711,#2712));
#1415=EDGE_LOOP('',(#2713,#2714,#2715,#2716));
#1416=EDGE_LOOP('',(#2717,#2718,#2719,#2720));
#1417=EDGE_LOOP('',(#2721,#2722,#2723,#2724));
#1418=EDGE_LOOP('',(#2725,#2726,#2727,#2728));
#1419=EDGE_LOOP('',(#2729,#2730,#2731,#2732));
#1420=EDGE_LOOP('',(#2733,#2734,#2735,#2736));
#1421=EDGE_LOOP('',(#2737,#2738,#2739,#2740));
#1422=EDGE_LOOP('',(#2741,#2742,#2743,#2744));
#1423=EDGE_LOOP('',(#2745,#2746,#2747,#2748));
#1424=EDGE_LOOP('',(#2749,#2750,#2751,#2752));
#1425=EDGE_LOOP('',(#2753,#2754,#2755,#2756));
#1426=EDGE_LOOP('',(#2757,#2758,#2759,#2760));
#1427=EDGE_LOOP('',(#2761,#2762,#2763,#2764));
#1428=EDGE_LOOP('',(#2765,#2766,#2767,#2768));
#1429=EDGE_LOOP('',(#2769,#2770,#2771,#2772));
#1430=EDGE_LOOP('',(#2773,#2774,#2775,#2776));
#1431=EDGE_LOOP('',(#2777,#2778,#2779,#2780));
#1432=EDGE_LOOP('',(#2781,#2782,#2783,#2784));
#1433=EDGE_LOOP('',(#2785,#2786,#2787,#2788));
#1434=EDGE_LOOP('',(#2789,#2790,#2791,#2792));
#1435=EDGE_LOOP('',(#2793,#2794,#2795,#2796));
#1436=EDGE_LOOP('',(#2797,#2798,#2799,#2800));
#1437=EDGE_LOOP('',(#2801,#2802,#2803,#2804));
#1438=EDGE_LOOP('',(#2805,#2806,#2807,#2808));
#1439=EDGE_LOOP('',(#2809,#2810,#2811,#2812));
#1440=EDGE_LOOP('',(#2813,#2814,#2815,#2816));
#1441=EDGE_LOOP('',(#2817,#2818,#2819,#2820));
#1442=EDGE_LOOP('',(#2821,#2822,#2823,#2824));
#1443=EDGE_LOOP('',(#2825,#2826,#2827,#2828));
#1444=EDGE_LOOP('',(#2829,#2830,#2831,#2832));
#1445=EDGE_LOOP('',(#2833,#2834,#2835,#2836));
#1446=EDGE_LOOP('',(#2837,#2838,#2839,#2840));
#1447=EDGE_LOOP('',(#2841,#2842,#2843,#2844));
#1448=EDGE_LOOP('',(#2845,#2846,#2847,#2848));
#1449=EDGE_LOOP('',(#2849,#2850,#2851,#2852));
#1450=EDGE_LOOP('',(#2853,#2854,#2855,#2856));
#1451=EDGE_LOOP('',(#2857,#2858,#2859,#2860));
#1452=EDGE_LOOP('',(#2861,#2862,#2863,#2864));
#1453=EDGE_LOOP('',(#2865,#2866,#2867,#2868));
#1454=EDGE_LOOP('',(#2869,#2870,#2871,#2872));
#1455=EDGE_LOOP('',(#2873,#2874,#2875,#2876));
#1456=EDGE_LOOP('',(#2877,#2878,#2879,#2880));
#1457=EDGE_LOOP('',(#2881,#2882,#2883,#2884));
#1458=EDGE_LOOP('',(#2885,#2886,#2887,#2888));
#1459=EDGE_LOOP('',(#2889,#2890,#2891,#2892));
#1460=EDGE_LOOP('',(#2893,#2894,#2895,#2896));
#1461=EDGE_LOOP('',(#2897,#2898,#2899,#2900));
#1462=EDGE_LOOP('',(#2901,#2902,#2903,#2904));
#1463=EDGE_LOOP('',(#2905,#2906,#2907,#2908));
#1464=EDGE_LOOP('',(#2909,#2910,#2911,#2912));
#1465=EDGE_LOOP('',(#2913,#2914,#2915,#2916));
#1466=EDGE_LOOP('',(#2917,#2918,#2919,#2920));
#1467=EDGE_LOOP('',(#2921,#2922,#2923,#2924));
#1468=EDGE_LOOP('',(#2925,#2926,#2927,#2928));
#1469=EDGE_LOOP('',(#2929,#2930,#2931,#2932));
#1470=EDGE_LOOP('',(#2933,#2934,#2935,#2936));
#1471=EDGE_LOOP('',(#2937,#2938,#2939,#2940));
#1472=EDGE_LOOP('',(#2941,#2942,#2943,#2944));
#1473=EDGE_LOOP('',(#2945,#2946,#2947,#2948));
#1474=EDGE_LOOP('',(#2949,#2950,#2951,#2952));
#1475=EDGE_LOOP('',(#2953,#2954,#2955,#2956));
#1476=EDGE_LOOP('',(#2957,#2958,#2959,#2960));
#1477=EDGE_LOOP('',(#2961,#2962,#2963,#2964));
#1478=EDGE_LOOP('',(#2965,#2966,#2967,#2968));
#1479=EDGE_LOOP('',(#2969,#2970,#2971,#2972,#2973,#2974,#2975,#2976,#2977,
#2978,#2979,#2980,#2981,#2982,#2983,#2984));
#1480=EDGE_LOOP('',(#2985,#2986,#2987,#2988));
#1481=EDGE_LOOP('',(#2989,#2990,#2991,#2992));
#1482=EDGE_LOOP('',(#2993,#2994,#2995,#2996));
#1483=EDGE_LOOP('',(#2997,#2998,#2999,#3000));
#1484=EDGE_LOOP('',(#3001,#3002,#3003,#3004));
#1485=EDGE_LOOP('',(#3005,#3006,#3007,#3008));
#1486=EDGE_LOOP('',(#3009,#3010,#3011,#3012));
#1487=EDGE_LOOP('',(#3013,#3014,#3015,#3016));
#1488=EDGE_LOOP('',(#3017,#3018,#3019,#3020));
#1489=EDGE_LOOP('',(#3021,#3022,#3023,#3024));
#1490=EDGE_LOOP('',(#3025,#3026,#3027,#3028));
#1491=EDGE_LOOP('',(#3029,#3030,#3031,#3032));
#1492=EDGE_LOOP('',(#3033,#3034,#3035,#3036));
#1493=EDGE_LOOP('',(#3037,#3038,#3039,#3040));
#1494=EDGE_LOOP('',(#3041,#3042,#3043,#3044));
#1495=EDGE_LOOP('',(#3045,#3046,#3047,#3048));
#1496=EDGE_LOOP('',(#3049,#3050,#3051,#3052,#3053,#3054,#3055,#3056,#3057,
#3058,#3059,#3060,#3061,#3062,#3063,#3064));
#1497=EDGE_LOOP('',(#3065,#3066,#3067,#3068));
#1498=EDGE_LOOP('',(#3069,#3070,#3071,#3072));
#1499=EDGE_LOOP('',(#3073,#3074,#3075,#3076));
#1500=EDGE_LOOP('',(#3077,#3078,#3079,#3080));
#1501=EDGE_LOOP('',(#3081,#3082,#3083,#3084));
#1502=EDGE_LOOP('',(#3085,#3086,#3087,#3088));
#1503=EDGE_LOOP('',(#3089,#3090,#3091,#3092));
#1504=EDGE_LOOP('',(#3093,#3094,#3095,#3096));
#1505=EDGE_LOOP('',(#3097,#3098,#3099,#3100));
#1506=EDGE_LOOP('',(#3101,#3102,#3103,#3104));
#1507=EDGE_LOOP('',(#3105,#3106,#3107,#3108));
#1508=EDGE_LOOP('',(#3109,#3110,#3111,#3112));
#1509=EDGE_LOOP('',(#3113,#3114,#3115,#3116));
#1510=EDGE_LOOP('',(#3117,#3118,#3119,#3120));
#1511=EDGE_LOOP('',(#3121,#3122,#3123,#3124));
#1512=EDGE_LOOP('',(#3125,#3126,#3127,#3128));
#1513=EDGE_LOOP('',(#3129,#3130,#3131,#3132,#3133,#3134,#3135,#3136,#3137,
#3138,#3139,#3140,#3141,#3142,#3143,#3144));
#1514=EDGE_LOOP('',(#3145,#3146,#3147,#3148));
#1515=EDGE_LOOP('',(#3149,#3150,#3151,#3152));
#1516=EDGE_LOOP('',(#3153,#3154,#3155,#3156));
#1517=EDGE_LOOP('',(#3157,#3158,#3159,#3160));
#1518=EDGE_LOOP('',(#3161,#3162,#3163,#3164));
#1519=EDGE_LOOP('',(#3165,#3166,#3167,#3168));
#1520=EDGE_LOOP('',(#3169,#3170,#3171,#3172));
#1521=EDGE_LOOP('',(#3173,#3174,#3175,#3176));
#1522=EDGE_LOOP('',(#3177,#3178,#3179,#3180));
#1523=EDGE_LOOP('',(#3181,#3182,#3183,#3184));
#1524=EDGE_LOOP('',(#3185,#3186,#3187,#3188));
#1525=EDGE_LOOP('',(#3189,#3190,#3191,#3192));
#1526=EDGE_LOOP('',(#3193,#3194,#3195,#3196));
#1527=EDGE_LOOP('',(#3197,#3198,#3199,#3200));
#1528=EDGE_LOOP('',(#3201,#3202,#3203,#3204));
#1529=EDGE_LOOP('',(#3205,#3206,#3207,#3208));
#1530=EDGE_LOOP('',(#3209,#3210,#3211,#3212,#3213,#3214,#3215,#3216,#3217,
#3218,#3219,#3220,#3221,#3222,#3223,#3224));
#1531=EDGE_LOOP('',(#3225,#3226,#3227,#3228));
#1532=EDGE_LOOP('',(#3229,#3230,#3231,#3232));
#1533=EDGE_LOOP('',(#3233,#3234,#3235,#3236));
#1534=EDGE_LOOP('',(#3237,#3238,#3239,#3240));
#1535=EDGE_LOOP('',(#3241,#3242,#3243,#3244));
#1536=EDGE_LOOP('',(#3245,#3246,#3247,#3248));
#1537=EDGE_LOOP('',(#3249,#3250,#3251,#3252));
#1538=EDGE_LOOP('',(#3253,#3254,#3255,#3256));
#1539=EDGE_LOOP('',(#3257,#3258,#3259,#3260));
#1540=EDGE_LOOP('',(#3261,#3262,#3263,#3264));
#1541=EDGE_LOOP('',(#3265,#3266,#3267,#3268));
#1542=EDGE_LOOP('',(#3269,#3270,#3271,#3272));
#1543=EDGE_LOOP('',(#3273,#3274,#3275,#3276));
#1544=EDGE_LOOP('',(#3277,#3278,#3279,#3280));
#1545=EDGE_LOOP('',(#3281,#3282,#3283,#3284));
#1546=EDGE_LOOP('',(#3285,#3286,#3287,#3288));
#1547=EDGE_LOOP('',(#3289,#3290,#3291,#3292));
#1548=EDGE_LOOP('',(#3293,#3294,#3295,#3296));
#1549=EDGE_LOOP('',(#3297,#3298,#3299,#3300));
#1550=EDGE_LOOP('',(#3301,#3302,#3303,#3304));
#1551=EDGE_LOOP('',(#3305,#3306,#3307,#3308));
#1552=EDGE_LOOP('',(#3309,#3310,#3311,#3312));
#1553=EDGE_LOOP('',(#3313,#3314,#3315,#3316));
#1554=EDGE_LOOP('',(#3317,#3318,#3319,#3320));
#1555=EDGE_LOOP('',(#3321,#3322,#3323,#3324));
#1556=EDGE_LOOP('',(#3325,#3326,#3327,#3328));
#1557=EDGE_LOOP('',(#3329,#3330,#3331,#3332));
#1558=EDGE_LOOP('',(#3333,#3334,#3335,#3336));
#1559=EDGE_LOOP('',(#3337,#3338,#3339,#3340));
#1560=EDGE_LOOP('',(#3341,#3342,#3343,#3344));
#1561=EDGE_LOOP('',(#3345,#3346,#3347,#3348));
#1562=EDGE_LOOP('',(#3349,#3350,#3351,#3352));
#1563=EDGE_LOOP('',(#3353,#3354,#3355,#3356));
#1564=EDGE_LOOP('',(#3357,#3358,#3359,#3360));
#1565=EDGE_LOOP('',(#3361,#3362,#3363,#3364));
#1566=EDGE_LOOP('',(#3365));
#1567=EDGE_LOOP('',(#3366));
#1568=EDGE_LOOP('',(#3367,#3368,#3369,#3370));
#1569=EDGE_LOOP('',(#3371));
#1570=EDGE_LOOP('',(#3372));
#1571=EDGE_LOOP('',(#3373));
#1572=EDGE_LOOP('',(#3374,#3375,#3376,#3377));
#1573=EDGE_LOOP('',(#3378));
#1574=EDGE_LOOP('',(#3379));
#1575=EDGE_LOOP('',(#3380));
#1576=EDGE_LOOP('',(#3381,#3382,#3383,#3384));
#1577=EDGE_LOOP('',(#3385));
#1578=EDGE_LOOP('',(#3386));
#1579=EDGE_LOOP('',(#3387));
#1580=EDGE_LOOP('',(#3388,#3389,#3390,#3391,#3392,#3393,#3394,#3395));
#1581=EDGE_LOOP('',(#3396,#3397,#3398,#3399));
#1582=EDGE_LOOP('',(#3400,#3401,#3402,#3403));
#1583=EDGE_LOOP('',(#3404));
#1584=CIRCLE('',#3647,4.33012701892241);
#1585=CIRCLE('',#3648,5.);
#1586=CIRCLE('',#3649,9.33012701892241);
#1587=CIRCLE('',#3651,9.33012701892218);
#1588=CIRCLE('',#3652,9.33012701892219);
#1589=CIRCLE('',#3653,9.33012701892219);
#1590=CIRCLE('',#3654,9.33012701892218);
#1591=CIRCLE('',#3655,9.33012701892334);
#1592=CIRCLE('',#3656,10.);
#1593=CIRCLE('',#3658,4.33012701892241);
#1594=CIRCLE('',#3660,4.33012701892334);
#1595=CIRCLE('',#3661,5.);
#1596=CIRCLE('',#3663,4.33012701892334);
#1597=CIRCLE('',#3665,4.33012701892218);
#1598=CIRCLE('',#3666,5.);
#1599=CIRCLE('',#3668,4.33012701892218);
#1600=CIRCLE('',#3670,4.33012701892219);
#1601=CIRCLE('',#3671,5.);
#1602=CIRCLE('',#3673,4.33012701892219);
#1603=CIRCLE('',#3715,10.);
#1604=CIRCLE('',#3939,3.17542648054294);
#1605=CIRCLE('',#3940,3.17542648054294);
#1606=CIRCLE('',#3943,3.17542648054294);
#1607=CIRCLE('',#3944,3.17542648054294);
#1608=CIRCLE('',#3948,3.17542648054294);
#1609=CIRCLE('',#3949,3.17542648054294);
#1610=CIRCLE('',#3953,3.17542648054294);
#1611=CIRCLE('',#3954,3.17542648054294);
#1612=VERTEX_POINT('',#5002);
#1613=VERTEX_POINT('',#5004);
#1614=VERTEX_POINT('',#5008);
#1615=VERTEX_POINT('',#5009);
#1616=VERTEX_POINT('',#5011);
#1617=VERTEX_POINT('',#5013);
#1618=VERTEX_POINT('',#5015);
#1619=VERTEX_POINT('',#5017);
#1620=VERTEX_POINT('',#5019);
#1621=VERTEX_POINT('',#5021);
#1622=VERTEX_POINT('',#5023);
#1623=VERTEX_POINT('',#5025);
#1624=VERTEX_POINT('',#5028);
#1625=VERTEX_POINT('',#5030);
#1626=VERTEX_POINT('',#5033);
#1627=VERTEX_POINT('',#5037);
#1628=VERTEX_POINT('',#5041);
#1629=VERTEX_POINT('',#5045);
#1630=VERTEX_POINT('',#5079);
#1631=VERTEX_POINT('',#5083);
#1632=VERTEX_POINT('',#5105);
#1633=VERTEX_POINT('',#5109);
#1634=VERTEX_POINT('',#5110);
#1635=VERTEX_POINT('',#5112);
#1636=VERTEX_POINT('',#5114);
#1637=VERTEX_POINT('',#5118);
#1638=VERTEX_POINT('',#5120);
#1639=VERTEX_POINT('',#5124);
#1640=VERTEX_POINT('',#5126);
#1641=VERTEX_POINT('',#5130);
#1642=VERTEX_POINT('',#5132);
#1643=VERTEX_POINT('',#5136);
#1644=VERTEX_POINT('',#5138);
#1645=VERTEX_POINT('',#5142);
#1646=VERTEX_POINT('',#5143);
#1647=VERTEX_POINT('',#5145);
#1648=VERTEX_POINT('',#5147);
#1649=VERTEX_POINT('',#5151);
#1650=VERTEX_POINT('',#5153);
#1651=VERTEX_POINT('',#5157);
#1652=VERTEX_POINT('',#5159);
#1653=VERTEX_POINT('',#5163);
#1654=VERTEX_POINT('',#5165);
#1655=VERTEX_POINT('',#5172);
#1656=VERTEX_POINT('',#5174);
#1657=VERTEX_POINT('',#5178);
#1658=VERTEX_POINT('',#5180);
#1659=VERTEX_POINT('',#5184);
#1660=VERTEX_POINT('',#5186);
#1661=VERTEX_POINT('',#5190);
#1662=VERTEX_POINT('',#5192);
#1663=VERTEX_POINT('',#5196);
#1664=VERTEX_POINT('',#5198);
#1665=VERTEX_POINT('',#5205);
#1666=VERTEX_POINT('',#5207);
#1667=VERTEX_POINT('',#5211);
#1668=VERTEX_POINT('',#5215);
#1669=VERTEX_POINT('',#5219);
#1670=VERTEX_POINT('',#5223);
#1671=VERTEX_POINT('',#5227);
#1672=VERTEX_POINT('',#5231);
#1673=VERTEX_POINT('',#5235);
#1674=VERTEX_POINT('',#5239);
#1675=VERTEX_POINT('',#5240);
#1676=VERTEX_POINT('',#5242);
#1677=VERTEX_POINT('',#5244);
#1678=VERTEX_POINT('',#5247);
#1679=VERTEX_POINT('',#5248);
#1680=VERTEX_POINT('',#5250);
#1681=VERTEX_POINT('',#5252);
#1682=VERTEX_POINT('',#5254);
#1683=VERTEX_POINT('',#5256);
#1684=VERTEX_POINT('',#5258);
#1685=VERTEX_POINT('',#5260);
#1686=VERTEX_POINT('',#5262);
#1687=VERTEX_POINT('',#5264);
#1688=VERTEX_POINT('',#5266);
#1689=VERTEX_POINT('',#5268);
#1690=VERTEX_POINT('',#5270);
#1691=VERTEX_POINT('',#5272);
#1692=VERTEX_POINT('',#5274);
#1693=VERTEX_POINT('',#5276);
#1694=VERTEX_POINT('',#5279);
#1695=VERTEX_POINT('',#5280);
#1696=VERTEX_POINT('',#5282);
#1697=VERTEX_POINT('',#5284);
#1698=VERTEX_POINT('',#5286);
#1699=VERTEX_POINT('',#5288);
#1700=VERTEX_POINT('',#5290);
#1701=VERTEX_POINT('',#5292);
#1702=VERTEX_POINT('',#5294);
#1703=VERTEX_POINT('',#5296);
#1704=VERTEX_POINT('',#5298);
#1705=VERTEX_POINT('',#5300);
#1706=VERTEX_POINT('',#5302);
#1707=VERTEX_POINT('',#5304);
#1708=VERTEX_POINT('',#5306);
#1709=VERTEX_POINT('',#5308);
#1710=VERTEX_POINT('',#5311);
#1711=VERTEX_POINT('',#5313);
#1712=VERTEX_POINT('',#5314);
#1713=VERTEX_POINT('',#5316);
#1714=VERTEX_POINT('',#5318);
#1715=VERTEX_POINT('',#5320);
#1716=VERTEX_POINT('',#5322);
#1717=VERTEX_POINT('',#5324);
#1718=VERTEX_POINT('',#5326);
#1719=VERTEX_POINT('',#5328);
#1720=VERTEX_POINT('',#5330);
#1721=VERTEX_POINT('',#5332);
#1722=VERTEX_POINT('',#5334);
#1723=VERTEX_POINT('',#5336);
#1724=VERTEX_POINT('',#5338);
#1725=VERTEX_POINT('',#5340);
#1726=VERTEX_POINT('',#5342);
#1727=VERTEX_POINT('',#5346);
#1728=VERTEX_POINT('',#5347);
#1729=VERTEX_POINT('',#5352);
#1730=VERTEX_POINT('',#5354);
#1731=VERTEX_POINT('',#5358);
#1732=VERTEX_POINT('',#5362);
#1733=VERTEX_POINT('',#5366);
#1734=VERTEX_POINT('',#5370);
#1735=VERTEX_POINT('',#5374);
#1736=VERTEX_POINT('',#5378);
#1737=VERTEX_POINT('',#5382);
#1738=VERTEX_POINT('',#5386);
#1739=VERTEX_POINT('',#5390);
#1740=VERTEX_POINT('',#5394);
#1741=VERTEX_POINT('',#5398);
#1742=VERTEX_POINT('',#5404);
#1743=VERTEX_POINT('',#5410);
#1744=VERTEX_POINT('',#5412);
#1745=VERTEX_POINT('',#5416);
#1746=VERTEX_POINT('',#5420);
#1747=VERTEX_POINT('',#5424);
#1748=VERTEX_POINT('',#5428);
#1749=VERTEX_POINT('',#5432);
#1750=VERTEX_POINT('',#5436);
#1751=VERTEX_POINT('',#5440);
#1752=VERTEX_POINT('',#5444);
#1753=VERTEX_POINT('',#5445);
#1754=VERTEX_POINT('',#5450);
#1755=VERTEX_POINT('',#5454);
#1756=VERTEX_POINT('',#5458);
#1757=VERTEX_POINT('',#5462);
#1758=VERTEX_POINT('',#5466);
#1759=VERTEX_POINT('',#5467);
#1760=VERTEX_POINT('',#5472);
#1761=VERTEX_POINT('',#5476);
#1762=VERTEX_POINT('',#5482);
#1763=VERTEX_POINT('',#5486);
#1764=VERTEX_POINT('',#5490);
#1765=VERTEX_POINT('',#5494);
#1766=VERTEX_POINT('',#5498);
#1767=VERTEX_POINT('',#5502);
#1768=VERTEX_POINT('',#5508);
#1769=VERTEX_POINT('',#5510);
#1770=VERTEX_POINT('',#5514);
#1771=VERTEX_POINT('',#5518);
#1772=VERTEX_POINT('',#5522);
#1773=VERTEX_POINT('',#5526);
#1774=VERTEX_POINT('',#5530);
#1775=VERTEX_POINT('',#5534);
#1776=VERTEX_POINT('',#5538);
#1777=VERTEX_POINT('',#5542);
#1778=VERTEX_POINT('',#5543);
#1779=VERTEX_POINT('',#5548);
#1780=VERTEX_POINT('',#5552);
#1781=VERTEX_POINT('',#5556);
#1782=VERTEX_POINT('',#5560);
#1783=VERTEX_POINT('',#5564);
#1784=VERTEX_POINT('',#5568);
#1785=VERTEX_POINT('',#5570);
#1786=VERTEX_POINT('',#5574);
#1787=VERTEX_POINT('',#5580);
#1788=VERTEX_POINT('',#5584);
#1789=VERTEX_POINT('',#5588);
#1790=VERTEX_POINT('',#5592);
#1791=VERTEX_POINT('',#5596);
#1792=VERTEX_POINT('',#5600);
#1793=VERTEX_POINT('',#5606);
#1794=VERTEX_POINT('',#5608);
#1795=VERTEX_POINT('',#5612);
#1796=VERTEX_POINT('',#5616);
#1797=VERTEX_POINT('',#5620);
#1798=VERTEX_POINT('',#5624);
#1799=VERTEX_POINT('',#5628);
#1800=VERTEX_POINT('',#5632);
#1801=VERTEX_POINT('',#5636);
#1802=VERTEX_POINT('',#5640);
#1803=VERTEX_POINT('',#5641);
#1804=VERTEX_POINT('',#5646);
#1805=VERTEX_POINT('',#5648);
#1806=VERTEX_POINT('',#5652);
#1807=VERTEX_POINT('',#5654);
#1808=VERTEX_POINT('',#5658);
#1809=VERTEX_POINT('',#5660);
#1810=VERTEX_POINT('',#5664);
#1811=VERTEX_POINT('',#5666);
#1812=VERTEX_POINT('',#5670);
#1813=VERTEX_POINT('',#5672);
#1814=VERTEX_POINT('',#5676);
#1815=VERTEX_POINT('',#5678);
#1816=VERTEX_POINT('',#5682);
#1817=VERTEX_POINT('',#5684);
#1818=VERTEX_POINT('',#5688);
#1819=VERTEX_POINT('',#5693);
#1820=VERTEX_POINT('',#5697);
#1821=VERTEX_POINT('',#5701);
#1822=VERTEX_POINT('',#5705);
#1823=VERTEX_POINT('',#5709);
#1824=VERTEX_POINT('',#5713);
#1825=VERTEX_POINT('',#5720);
#1826=VERTEX_POINT('',#5721);
#1827=VERTEX_POINT('',#5726);
#1828=VERTEX_POINT('',#5728);
#1829=VERTEX_POINT('',#5732);
#1830=VERTEX_POINT('',#5734);
#1831=VERTEX_POINT('',#5738);
#1832=VERTEX_POINT('',#5740);
#1833=VERTEX_POINT('',#5744);
#1834=VERTEX_POINT('',#5746);
#1835=VERTEX_POINT('',#5750);
#1836=VERTEX_POINT('',#5752);
#1837=VERTEX_POINT('',#5756);
#1838=VERTEX_POINT('',#5758);
#1839=VERTEX_POINT('',#5762);
#1840=VERTEX_POINT('',#5764);
#1841=VERTEX_POINT('',#5768);
#1842=VERTEX_POINT('',#5773);
#1843=VERTEX_POINT('',#5777);
#1844=VERTEX_POINT('',#5781);
#1845=VERTEX_POINT('',#5785);
#1846=VERTEX_POINT('',#5789);
#1847=VERTEX_POINT('',#5793);
#1848=VERTEX_POINT('',#5800);
#1849=VERTEX_POINT('',#5801);
#1850=VERTEX_POINT('',#5806);
#1851=VERTEX_POINT('',#5808);
#1852=VERTEX_POINT('',#5812);
#1853=VERTEX_POINT('',#5814);
#1854=VERTEX_POINT('',#5818);
#1855=VERTEX_POINT('',#5820);
#1856=VERTEX_POINT('',#5824);
#1857=VERTEX_POINT('',#5826);
#1858=VERTEX_POINT('',#5830);
#1859=VERTEX_POINT('',#5832);
#1860=VERTEX_POINT('',#5836);
#1861=VERTEX_POINT('',#5838);
#1862=VERTEX_POINT('',#5842);
#1863=VERTEX_POINT('',#5844);
#1864=VERTEX_POINT('',#5848);
#1865=VERTEX_POINT('',#5853);
#1866=VERTEX_POINT('',#5857);
#1867=VERTEX_POINT('',#5861);
#1868=VERTEX_POINT('',#5865);
#1869=VERTEX_POINT('',#5869);
#1870=VERTEX_POINT('',#5873);
#1871=VERTEX_POINT('',#5880);
#1872=VERTEX_POINT('',#5881);
#1873=VERTEX_POINT('',#5886);
#1874=VERTEX_POINT('',#5888);
#1875=VERTEX_POINT('',#5892);
#1876=VERTEX_POINT('',#5894);
#1877=VERTEX_POINT('',#5898);
#1878=VERTEX_POINT('',#5900);
#1879=VERTEX_POINT('',#5904);
#1880=VERTEX_POINT('',#5906);
#1881=VERTEX_POINT('',#5910);
#1882=VERTEX_POINT('',#5912);
#1883=VERTEX_POINT('',#5916);
#1884=VERTEX_POINT('',#5918);
#1885=VERTEX_POINT('',#5922);
#1886=VERTEX_POINT('',#5924);
#1887=VERTEX_POINT('',#5928);
#1888=VERTEX_POINT('',#5933);
#1889=VERTEX_POINT('',#5937);
#1890=VERTEX_POINT('',#5941);
#1891=VERTEX_POINT('',#5945);
#1892=VERTEX_POINT('',#5949);
#1893=VERTEX_POINT('',#5953);
#1894=VERTEX_POINT('',#6025);
#1895=VERTEX_POINT('',#6027);
#1896=VERTEX_POINT('',#6032);
#1897=VERTEX_POINT('',#6034);
#1898=VERTEX_POINT('',#6040);
#1899=VERTEX_POINT('',#6042);
#1900=VERTEX_POINT('',#6048);
#1901=VERTEX_POINT('',#6050);
#1902=EDGE_CURVE('',#1612,#1612,#1584,.T.);
#1903=EDGE_CURVE('',#1612,#1613,#1585,.T.);
#1904=EDGE_CURVE('',#1613,#1613,#1586,.T.);
#1905=EDGE_CURVE('',#1614,#1615,#1587,.T.);
#1906=EDGE_CURVE('',#1614,#1616,#166,.T.);
#1907=EDGE_CURVE('',#1617,#1616,#1588,.T.);
#1908=EDGE_CURVE('',#1618,#1617,#1589,.T.);
#1909=EDGE_CURVE('',#1618,#1619,#167,.T.);
#1910=EDGE_CURVE('',#1619,#1620,#168,.T.);
#1911=EDGE_CURVE('',#1621,#1620,#169,.T.);
#1912=EDGE_CURVE('',#1622,#1621,#170,.T.);
#1913=EDGE_CURVE('',#1622,#1623,#171,.T.);
#1914=EDGE_CURVE('',#1615,#1623,#1590,.T.);
#1915=EDGE_CURVE('',#1624,#1624,#1591,.T.);
#1916=EDGE_CURVE('',#1625,#1625,#1592,.T.);
#1917=EDGE_CURVE('',#1626,#1626,#1593,.T.);
#1918=EDGE_CURVE('',#1626,#1612,#172,.T.);
#1919=EDGE_CURVE('',#1627,#1627,#1594,.T.);
#1920=EDGE_CURVE('',#1627,#1624,#1595,.T.);
#1921=EDGE_CURVE('',#1628,#1628,#1596,.T.);
#1922=EDGE_CURVE('',#1628,#1627,#173,.T.);
#1923=EDGE_CURVE('',#1629,#1629,#1597,.T.);
#1924=EDGE_CURVE('',#1629,#1615,#1598,.T.);
#1925=EDGE_CURVE('',#1614,#1623,#79,.F.);
#1926=EDGE_CURVE('',#1630,#1630,#1599,.T.);
#1927=EDGE_CURVE('',#1630,#1629,#174,.T.);
#1928=EDGE_CURVE('',#1631,#1631,#1600,.T.);
#1929=EDGE_CURVE('',#1631,#1617,#1601,.T.);
#1930=EDGE_CURVE('',#1618,#1616,#80,.F.);
#1931=EDGE_CURVE('',#1632,#1632,#1602,.T.);
#1932=EDGE_CURVE('',#1632,#1631,#175,.T.);
#1933=EDGE_CURVE('',#1633,#1634,#176,.T.);
#1934=EDGE_CURVE('',#1634,#1635,#15,.T.);
#1935=EDGE_CURVE('',#1635,#1636,#177,.T.);
#1936=EDGE_CURVE('',#1633,#1636,#16,.T.);
#1937=EDGE_CURVE('',#1634,#1637,#178,.T.);
#1938=EDGE_CURVE('',#1637,#1638,#17,.T.);
#1939=EDGE_CURVE('',#1638,#1635,#179,.T.);
#1940=EDGE_CURVE('',#1637,#1639,#180,.T.);
#1941=EDGE_CURVE('',#1639,#1640,#18,.T.);
#1942=EDGE_CURVE('',#1640,#1638,#181,.T.);
#1943=EDGE_CURVE('',#1639,#1641,#182,.T.);
#1944=EDGE_CURVE('',#1641,#1642,#19,.T.);
#1945=EDGE_CURVE('',#1642,#1640,#183,.T.);
#1946=EDGE_CURVE('',#1641,#1643,#184,.T.);
#1947=EDGE_CURVE('',#1643,#1644,#20,.T.);
#1948=EDGE_CURVE('',#1644,#1642,#185,.T.);
#1949=EDGE_CURVE('',#1645,#1646,#186,.T.);
#1950=EDGE_CURVE('',#1646,#1647,#21,.T.);
#1951=EDGE_CURVE('',#1647,#1648,#187,.T.);
#1952=EDGE_CURVE('',#1648,#1645,#22,.T.);
#1953=EDGE_CURVE('',#1643,#1649,#188,.T.);
#1954=EDGE_CURVE('',#1649,#1650,#23,.T.);
#1955=EDGE_CURVE('',#1650,#1644,#189,.T.);
#1956=EDGE_CURVE('',#1649,#1651,#190,.T.);
#1957=EDGE_CURVE('',#1651,#1652,#24,.T.);
#1958=EDGE_CURVE('',#1652,#1650,#191,.T.);
#1959=EDGE_CURVE('',#1653,#1652,#192,.T.);
#1960=EDGE_CURVE('',#1651,#1654,#193,.T.);
#1961=EDGE_CURVE('',#1654,#1653,#25,.T.);
#1962=EDGE_CURVE('',#1646,#1653,#194,.T.);
#1963=EDGE_CURVE('',#1654,#1647,#195,.T.);
#1964=EDGE_CURVE('',#1655,#1645,#196,.T.);
#1965=EDGE_CURVE('',#1648,#1656,#197,.T.);
#1966=EDGE_CURVE('',#1656,#1655,#26,.T.);
#1967=EDGE_CURVE('',#1657,#1655,#198,.T.);
#1968=EDGE_CURVE('',#1656,#1658,#199,.T.);
#1969=EDGE_CURVE('',#1658,#1657,#27,.T.);
#1970=EDGE_CURVE('',#1659,#1657,#200,.T.);
#1971=EDGE_CURVE('',#1658,#1660,#201,.T.);
#1972=EDGE_CURVE('',#1660,#1659,#28,.T.);
#1973=EDGE_CURVE('',#1661,#1659,#202,.T.);
#1974=EDGE_CURVE('',#1660,#1662,#203,.T.);
#1975=EDGE_CURVE('',#1662,#1661,#29,.T.);
#1976=EDGE_CURVE('',#1663,#1661,#204,.T.);
#1977=EDGE_CURVE('',#1662,#1664,#205,.T.);
#1978=EDGE_CURVE('',#1664,#1663,#30,.T.);
#1979=EDGE_CURVE('',#1636,#1663,#206,.T.);
#1980=EDGE_CURVE('',#1664,#1633,#207,.T.);
#1981=EDGE_CURVE('',#1633,#1665,#208,.T.);
#1982=EDGE_CURVE('',#1666,#1665,#209,.T.);
#1983=EDGE_CURVE('',#1634,#1666,#210,.T.);
#1984=EDGE_CURVE('',#1664,#1667,#211,.T.);
#1985=EDGE_CURVE('',#1665,#1667,#212,.T.);
#1986=EDGE_CURVE('',#1662,#1668,#213,.T.);
#1987=EDGE_CURVE('',#1667,#1668,#214,.T.);
#1988=EDGE_CURVE('',#1660,#1669,#215,.T.);
#1989=EDGE_CURVE('',#1668,#1669,#216,.T.);
#1990=EDGE_CURVE('',#1658,#1670,#217,.T.);
#1991=EDGE_CURVE('',#1669,#1670,#218,.T.);
#1992=EDGE_CURVE('',#1656,#1671,#219,.T.);
#1993=EDGE_CURVE('',#1670,#1671,#220,.T.);
#1994=EDGE_CURVE('',#1648,#1672,#221,.T.);
#1995=EDGE_CURVE('',#1671,#1672,#222,.T.);
#1996=EDGE_CURVE('',#1647,#1673,#223,.T.);
#1997=EDGE_CURVE('',#1672,#1673,#224,.T.);
#1998=EDGE_CURVE('',#1674,#1675,#225,.T.);
#1999=EDGE_CURVE('',#1676,#1674,#226,.T.);
#2000=EDGE_CURVE('',#1676,#1677,#227,.T.);
#2001=EDGE_CURVE('',#1675,#1677,#228,.T.);
#2002=EDGE_CURVE('',#1678,#1679,#229,.T.);
#2003=EDGE_CURVE('',#1680,#1678,#230,.T.);
#2004=EDGE_CURVE('',#1681,#1680,#231,.T.);
#2005=EDGE_CURVE('',#1682,#1681,#232,.T.);
#2006=EDGE_CURVE('',#1683,#1682,#233,.T.);
#2007=EDGE_CURVE('',#1684,#1683,#234,.T.);
#2008=EDGE_CURVE('',#1685,#1684,#235,.T.);
#2009=EDGE_CURVE('',#1686,#1685,#236,.T.);
#2010=EDGE_CURVE('',#1687,#1686,#237,.T.);
#2011=EDGE_CURVE('',#1688,#1687,#238,.T.);
#2012=EDGE_CURVE('',#1689,#1688,#239,.T.);
#2013=EDGE_CURVE('',#1690,#1689,#240,.T.);
#2014=EDGE_CURVE('',#1691,#1690,#241,.T.);
#2015=EDGE_CURVE('',#1692,#1691,#242,.T.);
#2016=EDGE_CURVE('',#1693,#1692,#243,.T.);
#2017=EDGE_CURVE('',#1679,#1693,#244,.T.);
#2018=EDGE_CURVE('',#1694,#1695,#245,.T.);
#2019=EDGE_CURVE('',#1696,#1694,#246,.T.);
#2020=EDGE_CURVE('',#1697,#1696,#247,.T.);
#2021=EDGE_CURVE('',#1698,#1697,#248,.T.);
#2022=EDGE_CURVE('',#1699,#1698,#249,.T.);
#2023=EDGE_CURVE('',#1700,#1699,#250,.T.);
#2024=EDGE_CURVE('',#1701,#1700,#251,.T.);
#2025=EDGE_CURVE('',#1702,#1701,#252,.T.);
#2026=EDGE_CURVE('',#1703,#1702,#253,.T.);
#2027=EDGE_CURVE('',#1704,#1703,#254,.T.);
#2028=EDGE_CURVE('',#1705,#1704,#255,.T.);
#2029=EDGE_CURVE('',#1706,#1705,#256,.T.);
#2030=EDGE_CURVE('',#1707,#1706,#257,.T.);
#2031=EDGE_CURVE('',#1708,#1707,#258,.T.);
#2032=EDGE_CURVE('',#1709,#1708,#259,.T.);
#2033=EDGE_CURVE('',#1695,#1709,#260,.T.);
#2034=EDGE_CURVE('',#1710,#1710,#1603,.T.);
#2035=EDGE_CURVE('',#1711,#1712,#261,.T.);
#2036=EDGE_CURVE('',#1713,#1711,#262,.T.);
#2037=EDGE_CURVE('',#1714,#1713,#263,.T.);
#2038=EDGE_CURVE('',#1715,#1714,#264,.T.);
#2039=EDGE_CURVE('',#1716,#1715,#265,.T.);
#2040=EDGE_CURVE('',#1717,#1716,#266,.T.);
#2041=EDGE_CURVE('',#1718,#1717,#267,.T.);
#2042=EDGE_CURVE('',#1719,#1718,#268,.T.);
#2043=EDGE_CURVE('',#1720,#1719,#269,.T.);
#2044=EDGE_CURVE('',#1721,#1720,#270,.T.);
#2045=EDGE_CURVE('',#1722,#1721,#271,.T.);
#2046=EDGE_CURVE('',#1723,#1722,#272,.T.);
#2047=EDGE_CURVE('',#1724,#1723,#273,.T.);
#2048=EDGE_CURVE('',#1725,#1724,#274,.T.);
#2049=EDGE_CURVE('',#1726,#1725,#275,.T.);
#2050=EDGE_CURVE('',#1712,#1726,#276,.T.);
#2051=EDGE_CURVE('',#1727,#1728,#277,.T.);
#2052=EDGE_CURVE('',#1728,#1682,#31,.T.);
#2053=EDGE_CURVE('',#1727,#1681,#32,.T.);
#2054=EDGE_CURVE('',#1679,#1729,#33,.T.);
#2055=EDGE_CURVE('',#1729,#1730,#278,.T.);
#2056=EDGE_CURVE('',#1730,#1678,#34,.T.);
#2057=EDGE_CURVE('',#1728,#1731,#279,.T.);
#2058=EDGE_CURVE('',#1731,#1683,#35,.T.);
#2059=EDGE_CURVE('',#1731,#1732,#280,.T.);
#2060=EDGE_CURVE('',#1732,#1684,#36,.T.);
#2061=EDGE_CURVE('',#1732,#1733,#281,.T.);
#2062=EDGE_CURVE('',#1733,#1685,#37,.T.);
#2063=EDGE_CURVE('',#1733,#1734,#282,.T.);
#2064=EDGE_CURVE('',#1734,#1686,#38,.T.);
#2065=EDGE_CURVE('',#1734,#1735,#283,.T.);
#2066=EDGE_CURVE('',#1735,#1687,#39,.T.);
#2067=EDGE_CURVE('',#1735,#1736,#284,.T.);
#2068=EDGE_CURVE('',#1736,#1688,#40,.T.);
#2069=EDGE_CURVE('',#1736,#1737,#285,.T.);
#2070=EDGE_CURVE('',#1737,#1689,#41,.T.);
#2071=EDGE_CURVE('',#1737,#1738,#286,.T.);
#2072=EDGE_CURVE('',#1738,#1690,#42,.T.);
#2073=EDGE_CURVE('',#1738,#1739,#287,.T.);
#2074=EDGE_CURVE('',#1739,#1691,#43,.T.);
#2075=EDGE_CURVE('',#1739,#1740,#288,.T.);
#2076=EDGE_CURVE('',#1740,#1692,#44,.T.);
#2077=EDGE_CURVE('',#1740,#1741,#289,.T.);
#2078=EDGE_CURVE('',#1741,#1693,#45,.T.);
#2079=EDGE_CURVE('',#1741,#1729,#290,.T.);
#2080=EDGE_CURVE('',#1730,#1742,#291,.T.);
#2081=EDGE_CURVE('',#1742,#1680,#46,.T.);
#2082=EDGE_CURVE('',#1742,#1727,#292,.T.);
#2083=EDGE_CURVE('',#1733,#1743,#293,.T.);
#2084=EDGE_CURVE('',#1744,#1743,#294,.T.);
#2085=EDGE_CURVE('',#1734,#1744,#295,.T.);
#2086=EDGE_CURVE('',#1732,#1745,#296,.T.);
#2087=EDGE_CURVE('',#1743,#1745,#297,.T.);
#2088=EDGE_CURVE('',#1731,#1746,#298,.T.);
#2089=EDGE_CURVE('',#1745,#1746,#299,.T.);
#2090=EDGE_CURVE('',#1728,#1747,#300,.T.);
#2091=EDGE_CURVE('',#1746,#1747,#301,.T.);
#2092=EDGE_CURVE('',#1727,#1748,#302,.T.);
#2093=EDGE_CURVE('',#1747,#1748,#303,.T.);
#2094=EDGE_CURVE('',#1742,#1749,#304,.T.);
#2095=EDGE_CURVE('',#1748,#1749,#305,.T.);
#2096=EDGE_CURVE('',#1730,#1750,#306,.T.);
#2097=EDGE_CURVE('',#1749,#1750,#307,.T.);
#2098=EDGE_CURVE('',#1729,#1751,#308,.T.);
#2099=EDGE_CURVE('',#1750,#1751,#309,.T.);
#2100=EDGE_CURVE('',#1752,#1753,#310,.T.);
#2101=EDGE_CURVE('',#1753,#1722,#47,.T.);
#2102=EDGE_CURVE('',#1752,#1721,#48,.T.);
#2103=EDGE_CURVE('',#1753,#1754,#311,.T.);
#2104=EDGE_CURVE('',#1754,#1723,#49,.T.);
#2105=EDGE_CURVE('',#1754,#1755,#312,.T.);
#2106=EDGE_CURVE('',#1755,#1724,#50,.T.);
#2107=EDGE_CURVE('',#1755,#1756,#313,.T.);
#2108=EDGE_CURVE('',#1756,#1725,#51,.T.);
#2109=EDGE_CURVE('',#1756,#1757,#314,.T.);
#2110=EDGE_CURVE('',#1757,#1726,#52,.T.);
#2111=EDGE_CURVE('',#1758,#1759,#315,.T.);
#2112=EDGE_CURVE('',#1759,#1711,#53,.T.);
#2113=EDGE_CURVE('',#1712,#1758,#54,.T.);
#2114=EDGE_CURVE('',#1759,#1760,#316,.T.);
#2115=EDGE_CURVE('',#1760,#1713,#55,.T.);
#2116=EDGE_CURVE('',#1760,#1761,#317,.T.);
#2117=EDGE_CURVE('',#1761,#1714,#56,.T.);
#2118=EDGE_CURVE('',#1757,#1758,#318,.T.);
#2119=EDGE_CURVE('',#1761,#1762,#319,.T.);
#2120=EDGE_CURVE('',#1762,#1715,#57,.T.);
#2121=EDGE_CURVE('',#1762,#1763,#320,.T.);
#2122=EDGE_CURVE('',#1763,#1716,#58,.T.);
#2123=EDGE_CURVE('',#1763,#1764,#321,.T.);
#2124=EDGE_CURVE('',#1764,#1717,#59,.T.);
#2125=EDGE_CURVE('',#1764,#1765,#322,.T.);
#2126=EDGE_CURVE('',#1765,#1718,#60,.T.);
#2127=EDGE_CURVE('',#1765,#1766,#323,.T.);
#2128=EDGE_CURVE('',#1766,#1719,#61,.T.);
#2129=EDGE_CURVE('',#1766,#1767,#324,.T.);
#2130=EDGE_CURVE('',#1767,#1720,#62,.T.);
#2131=EDGE_CURVE('',#1767,#1752,#325,.T.);
#2132=EDGE_CURVE('',#1765,#1768,#326,.T.);
#2133=EDGE_CURVE('',#1769,#1768,#327,.T.);
#2134=EDGE_CURVE('',#1766,#1769,#328,.T.);
#2135=EDGE_CURVE('',#1764,#1770,#329,.T.);
#2136=EDGE_CURVE('',#1768,#1770,#330,.T.);
#2137=EDGE_CURVE('',#1763,#1771,#331,.T.);
#2138=EDGE_CURVE('',#1770,#1771,#332,.T.);
#2139=EDGE_CURVE('',#1762,#1772,#333,.T.);
#2140=EDGE_CURVE('',#1771,#1772,#334,.T.);
#2141=EDGE_CURVE('',#1761,#1773,#335,.T.);
#2142=EDGE_CURVE('',#1772,#1773,#336,.T.);
#2143=EDGE_CURVE('',#1760,#1774,#337,.T.);
#2144=EDGE_CURVE('',#1773,#1774,#338,.T.);
#2145=EDGE_CURVE('',#1759,#1775,#339,.T.);
#2146=EDGE_CURVE('',#1774,#1775,#340,.T.);
#2147=EDGE_CURVE('',#1758,#1776,#341,.T.);
#2148=EDGE_CURVE('',#1775,#1776,#342,.T.);
#2149=EDGE_CURVE('',#1777,#1778,#343,.T.);
#2150=EDGE_CURVE('',#1778,#1703,#63,.T.);
#2151=EDGE_CURVE('',#1777,#1702,#64,.T.);
#2152=EDGE_CURVE('',#1778,#1779,#344,.T.);
#2153=EDGE_CURVE('',#1779,#1704,#65,.T.);
#2154=EDGE_CURVE('',#1779,#1780,#345,.T.);
#2155=EDGE_CURVE('',#1780,#1705,#66,.T.);
#2156=EDGE_CURVE('',#1780,#1781,#346,.T.);
#2157=EDGE_CURVE('',#1781,#1706,#67,.T.);
#2158=EDGE_CURVE('',#1781,#1782,#347,.T.);
#2159=EDGE_CURVE('',#1782,#1707,#68,.T.);
#2160=EDGE_CURVE('',#1782,#1783,#348,.T.);
#2161=EDGE_CURVE('',#1783,#1708,#69,.T.);
#2162=EDGE_CURVE('',#1695,#1784,#70,.T.);
#2163=EDGE_CURVE('',#1784,#1785,#349,.T.);
#2164=EDGE_CURVE('',#1785,#1694,#71,.T.);
#2165=EDGE_CURVE('',#1783,#1786,#350,.T.);
#2166=EDGE_CURVE('',#1786,#1709,#72,.T.);
#2167=EDGE_CURVE('',#1786,#1784,#351,.T.);
#2168=EDGE_CURVE('',#1785,#1787,#352,.T.);
#2169=EDGE_CURVE('',#1787,#1696,#73,.T.);
#2170=EDGE_CURVE('',#1787,#1788,#353,.T.);
#2171=EDGE_CURVE('',#1788,#1697,#74,.T.);
#2172=EDGE_CURVE('',#1788,#1789,#354,.T.);
#2173=EDGE_CURVE('',#1789,#1698,#75,.T.);
#2174=EDGE_CURVE('',#1789,#1790,#355,.T.);
#2175=EDGE_CURVE('',#1790,#1699,#76,.T.);
#2176=EDGE_CURVE('',#1790,#1791,#356,.T.);
#2177=EDGE_CURVE('',#1791,#1700,#77,.T.);
#2178=EDGE_CURVE('',#1791,#1792,#357,.T.);
#2179=EDGE_CURVE('',#1792,#1701,#78,.T.);
#2180=EDGE_CURVE('',#1792,#1777,#358,.T.);
#2181=EDGE_CURVE('',#1792,#1793,#359,.T.);
#2182=EDGE_CURVE('',#1794,#1793,#360,.T.);
#2183=EDGE_CURVE('',#1777,#1794,#361,.T.);
#2184=EDGE_CURVE('',#1791,#1795,#362,.T.);
#2185=EDGE_CURVE('',#1793,#1795,#363,.T.);
#2186=EDGE_CURVE('',#1790,#1796,#364,.T.);
#2187=EDGE_CURVE('',#1795,#1796,#365,.T.);
#2188=EDGE_CURVE('',#1789,#1797,#366,.T.);
#2189=EDGE_CURVE('',#1796,#1797,#367,.T.);
#2190=EDGE_CURVE('',#1788,#1798,#368,.T.);
#2191=EDGE_CURVE('',#1797,#1798,#369,.T.);
#2192=EDGE_CURVE('',#1787,#1799,#370,.T.);
#2193=EDGE_CURVE('',#1798,#1799,#371,.T.);
#2194=EDGE_CURVE('',#1785,#1800,#372,.T.);
#2195=EDGE_CURVE('',#1799,#1800,#373,.T.);
#2196=EDGE_CURVE('',#1784,#1801,#374,.T.);
#2197=EDGE_CURVE('',#1800,#1801,#375,.T.);
#2198=EDGE_CURVE('',#1802,#1803,#376,.T.);
#2199=EDGE_CURVE('',#1803,#1769,#377,.T.);
#2200=EDGE_CURVE('',#1802,#1768,#378,.T.);
#2201=EDGE_CURVE('',#1803,#1804,#379,.T.);
#2202=EDGE_CURVE('',#1804,#1805,#380,.T.);
#2203=EDGE_CURVE('',#1805,#1769,#381,.T.);
#2204=EDGE_CURVE('',#1804,#1806,#382,.T.);
#2205=EDGE_CURVE('',#1806,#1807,#383,.T.);
#2206=EDGE_CURVE('',#1807,#1805,#384,.T.);
#2207=EDGE_CURVE('',#1806,#1808,#385,.T.);
#2208=EDGE_CURVE('',#1808,#1809,#386,.T.);
#2209=EDGE_CURVE('',#1809,#1807,#387,.T.);
#2210=EDGE_CURVE('',#1808,#1810,#388,.T.);
#2211=EDGE_CURVE('',#1810,#1811,#389,.T.);
#2212=EDGE_CURVE('',#1811,#1809,#390,.T.);
#2213=EDGE_CURVE('',#1810,#1812,#391,.T.);
#2214=EDGE_CURVE('',#1812,#1813,#392,.T.);
#2215=EDGE_CURVE('',#1813,#1811,#393,.T.);
#2216=EDGE_CURVE('',#1812,#1814,#394,.T.);
#2217=EDGE_CURVE('',#1814,#1815,#395,.T.);
#2218=EDGE_CURVE('',#1815,#1813,#396,.T.);
#2219=EDGE_CURVE('',#1814,#1816,#397,.T.);
#2220=EDGE_CURVE('',#1816,#1817,#398,.T.);
#2221=EDGE_CURVE('',#1817,#1815,#399,.T.);
#2222=EDGE_CURVE('',#1816,#1818,#400,.T.);
#2223=EDGE_CURVE('',#1818,#1776,#401,.T.);
#2224=EDGE_CURVE('',#1776,#1817,#402,.T.);
#2225=EDGE_CURVE('',#1818,#1819,#403,.T.);
#2226=EDGE_CURVE('',#1819,#1775,#404,.T.);
#2227=EDGE_CURVE('',#1819,#1820,#405,.T.);
#2228=EDGE_CURVE('',#1820,#1774,#406,.T.);
#2229=EDGE_CURVE('',#1820,#1821,#407,.T.);
#2230=EDGE_CURVE('',#1821,#1773,#408,.T.);
#2231=EDGE_CURVE('',#1821,#1822,#409,.T.);
#2232=EDGE_CURVE('',#1822,#1772,#410,.T.);
#2233=EDGE_CURVE('',#1822,#1823,#411,.T.);
#2234=EDGE_CURVE('',#1823,#1771,#412,.T.);
#2235=EDGE_CURVE('',#1823,#1824,#413,.T.);
#2236=EDGE_CURVE('',#1824,#1770,#414,.T.);
#2237=EDGE_CURVE('',#1824,#1802,#415,.T.);
#2238=EDGE_CURVE('',#1825,#1826,#416,.T.);
#2239=EDGE_CURVE('',#1826,#1744,#417,.T.);
#2240=EDGE_CURVE('',#1825,#1743,#418,.T.);
#2241=EDGE_CURVE('',#1826,#1827,#419,.T.);
#2242=EDGE_CURVE('',#1827,#1828,#420,.T.);
#2243=EDGE_CURVE('',#1828,#1744,#421,.T.);
#2244=EDGE_CURVE('',#1827,#1829,#422,.T.);
#2245=EDGE_CURVE('',#1829,#1830,#423,.T.);
#2246=EDGE_CURVE('',#1830,#1828,#424,.T.);
#2247=EDGE_CURVE('',#1829,#1831,#425,.T.);
#2248=EDGE_CURVE('',#1831,#1832,#426,.T.);
#2249=EDGE_CURVE('',#1832,#1830,#427,.T.);
#2250=EDGE_CURVE('',#1831,#1833,#428,.T.);
#2251=EDGE_CURVE('',#1833,#1834,#429,.T.);
#2252=EDGE_CURVE('',#1834,#1832,#430,.T.);
#2253=EDGE_CURVE('',#1833,#1835,#431,.T.);
#2254=EDGE_CURVE('',#1835,#1836,#432,.T.);
#2255=EDGE_CURVE('',#1836,#1834,#433,.T.);
#2256=EDGE_CURVE('',#1835,#1837,#434,.T.);
#2257=EDGE_CURVE('',#1837,#1838,#435,.T.);
#2258=EDGE_CURVE('',#1838,#1836,#436,.T.);
#2259=EDGE_CURVE('',#1837,#1839,#437,.T.);
#2260=EDGE_CURVE('',#1839,#1840,#438,.T.);
#2261=EDGE_CURVE('',#1840,#1838,#439,.T.);
#2262=EDGE_CURVE('',#1839,#1841,#440,.T.);
#2263=EDGE_CURVE('',#1841,#1751,#441,.T.);
#2264=EDGE_CURVE('',#1751,#1840,#442,.T.);
#2265=EDGE_CURVE('',#1841,#1842,#443,.T.);
#2266=EDGE_CURVE('',#1842,#1750,#444,.T.);
#2267=EDGE_CURVE('',#1842,#1843,#445,.T.);
#2268=EDGE_CURVE('',#1843,#1749,#446,.T.);
#2269=EDGE_CURVE('',#1843,#1844,#447,.T.);
#2270=EDGE_CURVE('',#1844,#1748,#448,.T.);
#2271=EDGE_CURVE('',#1844,#1845,#449,.T.);
#2272=EDGE_CURVE('',#1845,#1747,#450,.T.);
#2273=EDGE_CURVE('',#1845,#1846,#451,.T.);
#2274=EDGE_CURVE('',#1846,#1746,#452,.T.);
#2275=EDGE_CURVE('',#1846,#1847,#453,.T.);
#2276=EDGE_CURVE('',#1847,#1745,#454,.T.);
#2277=EDGE_CURVE('',#1847,#1825,#455,.T.);
#2278=EDGE_CURVE('',#1848,#1849,#456,.T.);
#2279=EDGE_CURVE('',#1849,#1666,#457,.T.);
#2280=EDGE_CURVE('',#1848,#1665,#458,.T.);
#2281=EDGE_CURVE('',#1849,#1850,#459,.T.);
#2282=EDGE_CURVE('',#1850,#1851,#460,.T.);
#2283=EDGE_CURVE('',#1851,#1666,#461,.T.);
#2284=EDGE_CURVE('',#1850,#1852,#462,.T.);
#2285=EDGE_CURVE('',#1852,#1853,#463,.T.);
#2286=EDGE_CURVE('',#1853,#1851,#464,.T.);
#2287=EDGE_CURVE('',#1852,#1854,#465,.T.);
#2288=EDGE_CURVE('',#1854,#1855,#466,.T.);
#2289=EDGE_CURVE('',#1855,#1853,#467,.T.);
#2290=EDGE_CURVE('',#1854,#1856,#468,.T.);
#2291=EDGE_CURVE('',#1856,#1857,#469,.T.);
#2292=EDGE_CURVE('',#1857,#1855,#470,.T.);
#2293=EDGE_CURVE('',#1856,#1858,#471,.T.);
#2294=EDGE_CURVE('',#1858,#1859,#472,.T.);
#2295=EDGE_CURVE('',#1859,#1857,#473,.T.);
#2296=EDGE_CURVE('',#1858,#1860,#474,.T.);
#2297=EDGE_CURVE('',#1860,#1861,#475,.T.);
#2298=EDGE_CURVE('',#1861,#1859,#476,.T.);
#2299=EDGE_CURVE('',#1860,#1862,#477,.T.);
#2300=EDGE_CURVE('',#1862,#1863,#478,.T.);
#2301=EDGE_CURVE('',#1863,#1861,#479,.T.);
#2302=EDGE_CURVE('',#1862,#1864,#480,.T.);
#2303=EDGE_CURVE('',#1864,#1673,#481,.T.);
#2304=EDGE_CURVE('',#1673,#1863,#482,.T.);
#2305=EDGE_CURVE('',#1864,#1865,#483,.T.);
#2306=EDGE_CURVE('',#1865,#1672,#484,.T.);
#2307=EDGE_CURVE('',#1865,#1866,#485,.T.);
#2308=EDGE_CURVE('',#1866,#1671,#486,.T.);
#2309=EDGE_CURVE('',#1866,#1867,#487,.T.);
#2310=EDGE_CURVE('',#1867,#1670,#488,.T.);
#2311=EDGE_CURVE('',#1867,#1868,#489,.T.);
#2312=EDGE_CURVE('',#1868,#1669,#490,.T.);
#2313=EDGE_CURVE('',#1868,#1869,#491,.T.);
#2314=EDGE_CURVE('',#1869,#1668,#492,.T.);
#2315=EDGE_CURVE('',#1869,#1870,#493,.T.);
#2316=EDGE_CURVE('',#1870,#1667,#494,.T.);
#2317=EDGE_CURVE('',#1870,#1848,#495,.T.);
#2318=EDGE_CURVE('',#1871,#1872,#496,.T.);
#2319=EDGE_CURVE('',#1872,#1794,#497,.T.);
#2320=EDGE_CURVE('',#1871,#1793,#498,.T.);
#2321=EDGE_CURVE('',#1872,#1873,#499,.T.);
#2322=EDGE_CURVE('',#1873,#1874,#500,.T.);
#2323=EDGE_CURVE('',#1874,#1794,#501,.T.);
#2324=EDGE_CURVE('',#1873,#1875,#502,.T.);
#2325=EDGE_CURVE('',#1875,#1876,#503,.T.);
#2326=EDGE_CURVE('',#1876,#1874,#504,.T.);
#2327=EDGE_CURVE('',#1875,#1877,#505,.T.);
#2328=EDGE_CURVE('',#1877,#1878,#506,.T.);
#2329=EDGE_CURVE('',#1878,#1876,#507,.T.);
#2330=EDGE_CURVE('',#1877,#1879,#508,.T.);
#2331=EDGE_CURVE('',#1879,#1880,#509,.T.);
#2332=EDGE_CURVE('',#1880,#1878,#510,.T.);
#2333=EDGE_CURVE('',#1879,#1881,#511,.T.);
#2334=EDGE_CURVE('',#1881,#1882,#512,.T.);
#2335=EDGE_CURVE('',#1882,#1880,#513,.T.);
#2336=EDGE_CURVE('',#1881,#1883,#514,.T.);
#2337=EDGE_CURVE('',#1883,#1884,#515,.T.);
#2338=EDGE_CURVE('',#1884,#1882,#516,.T.);
#2339=EDGE_CURVE('',#1883,#1885,#517,.T.);
#2340=EDGE_CURVE('',#1885,#1886,#518,.T.);
#2341=EDGE_CURVE('',#1886,#1884,#519,.T.);
#2342=EDGE_CURVE('',#1885,#1887,#520,.T.);
#2343=EDGE_CURVE('',#1887,#1801,#521,.T.);
#2344=EDGE_CURVE('',#1801,#1886,#522,.T.);
#2345=EDGE_CURVE('',#1887,#1888,#523,.T.);
#2346=EDGE_CURVE('',#1888,#1800,#524,.T.);
#2347=EDGE_CURVE('',#1888,#1889,#525,.T.);
#2348=EDGE_CURVE('',#1889,#1799,#526,.T.);
#2349=EDGE_CURVE('',#1889,#1890,#527,.T.);
#2350=EDGE_CURVE('',#1890,#1798,#528,.T.);
#2351=EDGE_CURVE('',#1890,#1891,#529,.T.);
#2352=EDGE_CURVE('',#1891,#1797,#530,.T.);
#2353=EDGE_CURVE('',#1891,#1892,#531,.T.);
#2354=EDGE_CURVE('',#1892,#1796,#532,.T.);
#2355=EDGE_CURVE('',#1892,#1893,#533,.T.);
#2356=EDGE_CURVE('',#1893,#1795,#534,.T.);
#2357=EDGE_CURVE('',#1893,#1871,#535,.T.);
#2358=EDGE_CURVE('',#1735,#1828,#536,.T.);
#2359=EDGE_CURVE('',#1736,#1830,#537,.T.);
#2360=EDGE_CURVE('',#1737,#1832,#538,.T.);
#2361=EDGE_CURVE('',#1738,#1834,#539,.T.);
#2362=EDGE_CURVE('',#1739,#1836,#540,.T.);
#2363=EDGE_CURVE('',#1740,#1838,#541,.T.);
#2364=EDGE_CURVE('',#1741,#1840,#542,.T.);
#2365=EDGE_CURVE('',#1767,#1805,#543,.T.);
#2366=EDGE_CURVE('',#1752,#1807,#544,.T.);
#2367=EDGE_CURVE('',#1753,#1809,#545,.T.);
#2368=EDGE_CURVE('',#1754,#1811,#546,.T.);
#2369=EDGE_CURVE('',#1755,#1813,#547,.T.);
#2370=EDGE_CURVE('',#1756,#1815,#548,.T.);
#2371=EDGE_CURVE('',#1757,#1817,#549,.T.);
#2372=EDGE_CURVE('',#1637,#1851,#550,.T.);
#2373=EDGE_CURVE('',#1639,#1853,#551,.T.);
#2374=EDGE_CURVE('',#1641,#1855,#552,.T.);
#2375=EDGE_CURVE('',#1643,#1857,#553,.T.);
#2376=EDGE_CURVE('',#1649,#1859,#554,.T.);
#2377=EDGE_CURVE('',#1651,#1861,#555,.T.);
#2378=EDGE_CURVE('',#1654,#1863,#556,.T.);
#2379=EDGE_CURVE('',#1778,#1874,#557,.T.);
#2380=EDGE_CURVE('',#1779,#1876,#558,.T.);
#2381=EDGE_CURVE('',#1780,#1878,#559,.T.);
#2382=EDGE_CURVE('',#1781,#1880,#560,.T.);
#2383=EDGE_CURVE('',#1782,#1882,#561,.T.);
#2384=EDGE_CURVE('',#1783,#1884,#562,.T.);
#2385=EDGE_CURVE('',#1786,#1886,#563,.T.);
#2386=EDGE_CURVE('',#1710,#1625,#564,.T.);
#2387=EDGE_CURVE('',#1677,#1621,#565,.T.);
#2388=EDGE_CURVE('',#1620,#1675,#566,.T.);
#2389=EDGE_CURVE('',#1894,#1894,#1604,.T.);
#2390=EDGE_CURVE('',#1894,#1895,#567,.T.);
#2391=EDGE_CURVE('',#1895,#1895,#1605,.T.);
#2392=EDGE_CURVE('',#1896,#1896,#1606,.T.);
#2393=EDGE_CURVE('',#1896,#1897,#568,.T.);
#2394=EDGE_CURVE('',#1897,#1897,#1607,.T.);
#2395=EDGE_CURVE('',#1898,#1898,#1608,.T.);
#2396=EDGE_CURVE('',#1898,#1899,#569,.T.);
#2397=EDGE_CURVE('',#1899,#1899,#1609,.T.);
#2398=EDGE_CURVE('',#1900,#1900,#1610,.T.);
#2399=EDGE_CURVE('',#1900,#1901,#570,.T.);
#2400=EDGE_CURVE('',#1901,#1901,#1611,.T.);
#2401=EDGE_CURVE('',#1674,#1619,#571,.T.);
#2402=EDGE_CURVE('',#1676,#1622,#572,.T.);
#2403=ORIENTED_EDGE('',*,*,#1902,.T.);
#2404=ORIENTED_EDGE('',*,*,#1903,.T.);
#2405=ORIENTED_EDGE('',*,*,#1904,.T.);
#2406=ORIENTED_EDGE('',*,*,#1903,.F.);
#2407=ORIENTED_EDGE('',*,*,#1905,.F.);
#2408=ORIENTED_EDGE('',*,*,#1906,.T.);
#2409=ORIENTED_EDGE('',*,*,#1907,.F.);
#2410=ORIENTED_EDGE('',*,*,#1908,.F.);
#2411=ORIENTED_EDGE('',*,*,#1909,.T.);
#2412=ORIENTED_EDGE('',*,*,#1910,.T.);
#2413=ORIENTED_EDGE('',*,*,#1911,.F.);
#2414=ORIENTED_EDGE('',*,*,#1912,.F.);
#2415=ORIENTED_EDGE('',*,*,#1913,.T.);
#2416=ORIENTED_EDGE('',*,*,#1914,.F.);
#2417=ORIENTED_EDGE('',*,*,#1915,.F.);
#2418=ORIENTED_EDGE('',*,*,#1916,.T.);
#2419=ORIENTED_EDGE('',*,*,#1904,.F.);
#2420=ORIENTED_EDGE('',*,*,#1917,.F.);
#2421=ORIENTED_EDGE('',*,*,#1918,.T.);
#2422=ORIENTED_EDGE('',*,*,#1902,.F.);
#2423=ORIENTED_EDGE('',*,*,#1918,.F.);
#2424=ORIENTED_EDGE('',*,*,#1919,.T.);
#2425=ORIENTED_EDGE('',*,*,#1920,.T.);
#2426=ORIENTED_EDGE('',*,*,#1915,.T.);
#2427=ORIENTED_EDGE('',*,*,#1920,.F.);
#2428=ORIENTED_EDGE('',*,*,#1921,.F.);
#2429=ORIENTED_EDGE('',*,*,#1922,.T.);
#2430=ORIENTED_EDGE('',*,*,#1919,.F.);
#2431=ORIENTED_EDGE('',*,*,#1922,.F.);
#2432=ORIENTED_EDGE('',*,*,#1923,.T.);
#2433=ORIENTED_EDGE('',*,*,#1924,.T.);
#2434=ORIENTED_EDGE('',*,*,#1914,.T.);
#2435=ORIENTED_EDGE('',*,*,#1925,.F.);
#2436=ORIENTED_EDGE('',*,*,#1905,.T.);
#2437=ORIENTED_EDGE('',*,*,#1924,.F.);
#2438=ORIENTED_EDGE('',*,*,#1926,.F.);
#2439=ORIENTED_EDGE('',*,*,#1927,.T.);
#2440=ORIENTED_EDGE('',*,*,#1923,.F.);
#2441=ORIENTED_EDGE('',*,*,#1927,.F.);
#2442=ORIENTED_EDGE('',*,*,#1928,.T.);
#2443=ORIENTED_EDGE('',*,*,#1929,.T.);
#2444=ORIENTED_EDGE('',*,*,#1907,.T.);
#2445=ORIENTED_EDGE('',*,*,#1930,.F.);
#2446=ORIENTED_EDGE('',*,*,#1908,.T.);
#2447=ORIENTED_EDGE('',*,*,#1929,.F.);
#2448=ORIENTED_EDGE('',*,*,#1931,.F.);
#2449=ORIENTED_EDGE('',*,*,#1932,.T.);
#2450=ORIENTED_EDGE('',*,*,#1928,.F.);
#2451=ORIENTED_EDGE('',*,*,#1932,.F.);
#2452=ORIENTED_EDGE('',*,*,#1933,.T.);
#2453=ORIENTED_EDGE('',*,*,#1934,.T.);
#2454=ORIENTED_EDGE('',*,*,#1935,.T.);
#2455=ORIENTED_EDGE('',*,*,#1936,.F.);
#2456=ORIENTED_EDGE('',*,*,#1937,.T.);
#2457=ORIENTED_EDGE('',*,*,#1938,.T.);
#2458=ORIENTED_EDGE('',*,*,#1939,.T.);
#2459=ORIENTED_EDGE('',*,*,#1934,.F.);
#2460=ORIENTED_EDGE('',*,*,#1940,.T.);
#2461=ORIENTED_EDGE('',*,*,#1941,.T.);
#2462=ORIENTED_EDGE('',*,*,#1942,.T.);
#2463=ORIENTED_EDGE('',*,*,#1938,.F.);
#2464=ORIENTED_EDGE('',*,*,#1943,.T.);
#2465=ORIENTED_EDGE('',*,*,#1944,.T.);
#2466=ORIENTED_EDGE('',*,*,#1945,.T.);
#2467=ORIENTED_EDGE('',*,*,#1941,.F.);
#2468=ORIENTED_EDGE('',*,*,#1946,.T.);
#2469=ORIENTED_EDGE('',*,*,#1947,.T.);
#2470=ORIENTED_EDGE('',*,*,#1948,.T.);
#2471=ORIENTED_EDGE('',*,*,#1944,.F.);
#2472=ORIENTED_EDGE('',*,*,#1949,.T.);
#2473=ORIENTED_EDGE('',*,*,#1950,.T.);
#2474=ORIENTED_EDGE('',*,*,#1951,.T.);
#2475=ORIENTED_EDGE('',*,*,#1952,.T.);
#2476=ORIENTED_EDGE('',*,*,#1953,.T.);
#2477=ORIENTED_EDGE('',*,*,#1954,.T.);
#2478=ORIENTED_EDGE('',*,*,#1955,.T.);
#2479=ORIENTED_EDGE('',*,*,#1947,.F.);
#2480=ORIENTED_EDGE('',*,*,#1956,.T.);
#2481=ORIENTED_EDGE('',*,*,#1957,.T.);
#2482=ORIENTED_EDGE('',*,*,#1958,.T.);
#2483=ORIENTED_EDGE('',*,*,#1954,.F.);
#2484=ORIENTED_EDGE('',*,*,#1959,.T.);
#2485=ORIENTED_EDGE('',*,*,#1957,.F.);
#2486=ORIENTED_EDGE('',*,*,#1960,.T.);
#2487=ORIENTED_EDGE('',*,*,#1961,.T.);
#2488=ORIENTED_EDGE('',*,*,#1962,.T.);
#2489=ORIENTED_EDGE('',*,*,#1961,.F.);
#2490=ORIENTED_EDGE('',*,*,#1963,.T.);
#2491=ORIENTED_EDGE('',*,*,#1950,.F.);
#2492=ORIENTED_EDGE('',*,*,#1964,.T.);
#2493=ORIENTED_EDGE('',*,*,#1952,.F.);
#2494=ORIENTED_EDGE('',*,*,#1965,.T.);
#2495=ORIENTED_EDGE('',*,*,#1966,.T.);
#2496=ORIENTED_EDGE('',*,*,#1967,.T.);
#2497=ORIENTED_EDGE('',*,*,#1966,.F.);
#2498=ORIENTED_EDGE('',*,*,#1968,.T.);
#2499=ORIENTED_EDGE('',*,*,#1969,.T.);
#2500=ORIENTED_EDGE('',*,*,#1970,.T.);
#2501=ORIENTED_EDGE('',*,*,#1969,.F.);
#2502=ORIENTED_EDGE('',*,*,#1971,.T.);
#2503=ORIENTED_EDGE('',*,*,#1972,.T.);
#2504=ORIENTED_EDGE('',*,*,#1973,.T.);
#2505=ORIENTED_EDGE('',*,*,#1972,.F.);
#2506=ORIENTED_EDGE('',*,*,#1974,.T.);
#2507=ORIENTED_EDGE('',*,*,#1975,.T.);
#2508=ORIENTED_EDGE('',*,*,#1976,.T.);
#2509=ORIENTED_EDGE('',*,*,#1975,.F.);
#2510=ORIENTED_EDGE('',*,*,#1977,.T.);
#2511=ORIENTED_EDGE('',*,*,#1978,.T.);
#2512=ORIENTED_EDGE('',*,*,#1979,.T.);
#2513=ORIENTED_EDGE('',*,*,#1978,.F.);
#2514=ORIENTED_EDGE('',*,*,#1980,.T.);
#2515=ORIENTED_EDGE('',*,*,#1936,.T.);
#2516=ORIENTED_EDGE('',*,*,#1933,.F.);
#2517=ORIENTED_EDGE('',*,*,#1981,.T.);
#2518=ORIENTED_EDGE('',*,*,#1982,.F.);
#2519=ORIENTED_EDGE('',*,*,#1983,.F.);
#2520=ORIENTED_EDGE('',*,*,#1980,.F.);
#2521=ORIENTED_EDGE('',*,*,#1984,.T.);
#2522=ORIENTED_EDGE('',*,*,#1985,.F.);
#2523=ORIENTED_EDGE('',*,*,#1981,.F.);
#2524=ORIENTED_EDGE('',*,*,#1977,.F.);
#2525=ORIENTED_EDGE('',*,*,#1986,.T.);
#2526=ORIENTED_EDGE('',*,*,#1987,.F.);
#2527=ORIENTED_EDGE('',*,*,#1984,.F.);
#2528=ORIENTED_EDGE('',*,*,#1974,.F.);
#2529=ORIENTED_EDGE('',*,*,#1988,.T.);
#2530=ORIENTED_EDGE('',*,*,#1989,.F.);
#2531=ORIENTED_EDGE('',*,*,#1986,.F.);
#2532=ORIENTED_EDGE('',*,*,#1971,.F.);
#2533=ORIENTED_EDGE('',*,*,#1990,.T.);
#2534=ORIENTED_EDGE('',*,*,#1991,.F.);
#2535=ORIENTED_EDGE('',*,*,#1988,.F.);
#2536=ORIENTED_EDGE('',*,*,#1968,.F.);
#2537=ORIENTED_EDGE('',*,*,#1992,.T.);
#2538=ORIENTED_EDGE('',*,*,#1993,.F.);
#2539=ORIENTED_EDGE('',*,*,#1990,.F.);
#2540=ORIENTED_EDGE('',*,*,#1965,.F.);
#2541=ORIENTED_EDGE('',*,*,#1994,.T.);
#2542=ORIENTED_EDGE('',*,*,#1995,.F.);
#2543=ORIENTED_EDGE('',*,*,#1992,.F.);
#2544=ORIENTED_EDGE('',*,*,#1951,.F.);
#2545=ORIENTED_EDGE('',*,*,#1996,.T.);
#2546=ORIENTED_EDGE('',*,*,#1997,.F.);
#2547=ORIENTED_EDGE('',*,*,#1994,.F.);
#2548=ORIENTED_EDGE('',*,*,#1998,.F.);
#2549=ORIENTED_EDGE('',*,*,#1999,.F.);
#2550=ORIENTED_EDGE('',*,*,#2000,.T.);
#2551=ORIENTED_EDGE('',*,*,#2001,.F.);
#2552=ORIENTED_EDGE('',*,*,#2002,.F.);
#2553=ORIENTED_EDGE('',*,*,#2003,.F.);
#2554=ORIENTED_EDGE('',*,*,#2004,.F.);
#2555=ORIENTED_EDGE('',*,*,#2005,.F.);
#2556=ORIENTED_EDGE('',*,*,#2006,.F.);
#2557=ORIENTED_EDGE('',*,*,#2007,.F.);
#2558=ORIENTED_EDGE('',*,*,#2008,.F.);
#2559=ORIENTED_EDGE('',*,*,#2009,.F.);
#2560=ORIENTED_EDGE('',*,*,#2010,.F.);
#2561=ORIENTED_EDGE('',*,*,#2011,.F.);
#2562=ORIENTED_EDGE('',*,*,#2012,.F.);
#2563=ORIENTED_EDGE('',*,*,#2013,.F.);
#2564=ORIENTED_EDGE('',*,*,#2014,.F.);
#2565=ORIENTED_EDGE('',*,*,#2015,.F.);
#2566=ORIENTED_EDGE('',*,*,#2016,.F.);
#2567=ORIENTED_EDGE('',*,*,#2017,.F.);
#2568=ORIENTED_EDGE('',*,*,#2018,.F.);
#2569=ORIENTED_EDGE('',*,*,#2019,.F.);
#2570=ORIENTED_EDGE('',*,*,#2020,.F.);
#2571=ORIENTED_EDGE('',*,*,#2021,.F.);
#2572=ORIENTED_EDGE('',*,*,#2022,.F.);
#2573=ORIENTED_EDGE('',*,*,#2023,.F.);
#2574=ORIENTED_EDGE('',*,*,#2024,.F.);
#2575=ORIENTED_EDGE('',*,*,#2025,.F.);
#2576=ORIENTED_EDGE('',*,*,#2026,.F.);
#2577=ORIENTED_EDGE('',*,*,#2027,.F.);
#2578=ORIENTED_EDGE('',*,*,#2028,.F.);
#2579=ORIENTED_EDGE('',*,*,#2029,.F.);
#2580=ORIENTED_EDGE('',*,*,#2030,.F.);
#2581=ORIENTED_EDGE('',*,*,#2031,.F.);
#2582=ORIENTED_EDGE('',*,*,#2032,.F.);
#2583=ORIENTED_EDGE('',*,*,#2033,.F.);
#2584=ORIENTED_EDGE('',*,*,#2034,.T.);
#2585=ORIENTED_EDGE('',*,*,#2035,.F.);
#2586=ORIENTED_EDGE('',*,*,#2036,.F.);
#2587=ORIENTED_EDGE('',*,*,#2037,.F.);
#2588=ORIENTED_EDGE('',*,*,#2038,.F.);
#2589=ORIENTED_EDGE('',*,*,#2039,.F.);
#2590=ORIENTED_EDGE('',*,*,#2040,.F.);
#2591=ORIENTED_EDGE('',*,*,#2041,.F.);
#2592=ORIENTED_EDGE('',*,*,#2042,.F.);
#2593=ORIENTED_EDGE('',*,*,#2043,.F.);
#2594=ORIENTED_EDGE('',*,*,#2044,.F.);
#2595=ORIENTED_EDGE('',*,*,#2045,.F.);
#2596=ORIENTED_EDGE('',*,*,#2046,.F.);
#2597=ORIENTED_EDGE('',*,*,#2047,.F.);
#2598=ORIENTED_EDGE('',*,*,#2048,.F.);
#2599=ORIENTED_EDGE('',*,*,#2049,.F.);
#2600=ORIENTED_EDGE('',*,*,#2050,.F.);
#2601=ORIENTED_EDGE('',*,*,#1949,.F.);
#2602=ORIENTED_EDGE('',*,*,#1964,.F.);
#2603=ORIENTED_EDGE('',*,*,#1967,.F.);
#2604=ORIENTED_EDGE('',*,*,#1970,.F.);
#2605=ORIENTED_EDGE('',*,*,#1973,.F.);
#2606=ORIENTED_EDGE('',*,*,#1976,.F.);
#2607=ORIENTED_EDGE('',*,*,#1979,.F.);
#2608=ORIENTED_EDGE('',*,*,#1935,.F.);
#2609=ORIENTED_EDGE('',*,*,#1939,.F.);
#2610=ORIENTED_EDGE('',*,*,#1942,.F.);
#2611=ORIENTED_EDGE('',*,*,#1945,.F.);
#2612=ORIENTED_EDGE('',*,*,#1948,.F.);
#2613=ORIENTED_EDGE('',*,*,#1955,.F.);
#2614=ORIENTED_EDGE('',*,*,#1958,.F.);
#2615=ORIENTED_EDGE('',*,*,#1959,.F.);
#2616=ORIENTED_EDGE('',*,*,#1962,.F.);
#2617=ORIENTED_EDGE('',*,*,#2051,.T.);
#2618=ORIENTED_EDGE('',*,*,#2052,.T.);
#2619=ORIENTED_EDGE('',*,*,#2005,.T.);
#2620=ORIENTED_EDGE('',*,*,#2053,.F.);
#2621=ORIENTED_EDGE('',*,*,#2002,.T.);
#2622=ORIENTED_EDGE('',*,*,#2054,.T.);
#2623=ORIENTED_EDGE('',*,*,#2055,.T.);
#2624=ORIENTED_EDGE('',*,*,#2056,.T.);
#2625=ORIENTED_EDGE('',*,*,#2057,.T.);
#2626=ORIENTED_EDGE('',*,*,#2058,.T.);
#2627=ORIENTED_EDGE('',*,*,#2006,.T.);
#2628=ORIENTED_EDGE('',*,*,#2052,.F.);
#2629=ORIENTED_EDGE('',*,*,#2059,.T.);
#2630=ORIENTED_EDGE('',*,*,#2060,.T.);
#2631=ORIENTED_EDGE('',*,*,#2007,.T.);
#2632=ORIENTED_EDGE('',*,*,#2058,.F.);
#2633=ORIENTED_EDGE('',*,*,#2061,.T.);
#2634=ORIENTED_EDGE('',*,*,#2062,.T.);
#2635=ORIENTED_EDGE('',*,*,#2008,.T.);
#2636=ORIENTED_EDGE('',*,*,#2060,.F.);
#2637=ORIENTED_EDGE('',*,*,#2063,.T.);
#2638=ORIENTED_EDGE('',*,*,#2064,.T.);
#2639=ORIENTED_EDGE('',*,*,#2009,.T.);
#2640=ORIENTED_EDGE('',*,*,#2062,.F.);
#2641=ORIENTED_EDGE('',*,*,#2065,.T.);
#2642=ORIENTED_EDGE('',*,*,#2066,.T.);
#2643=ORIENTED_EDGE('',*,*,#2010,.T.);
#2644=ORIENTED_EDGE('',*,*,#2064,.F.);
#2645=ORIENTED_EDGE('',*,*,#2067,.T.);
#2646=ORIENTED_EDGE('',*,*,#2068,.T.);
#2647=ORIENTED_EDGE('',*,*,#2011,.T.);
#2648=ORIENTED_EDGE('',*,*,#2066,.F.);
#2649=ORIENTED_EDGE('',*,*,#2012,.T.);
#2650=ORIENTED_EDGE('',*,*,#2068,.F.);
#2651=ORIENTED_EDGE('',*,*,#2069,.T.);
#2652=ORIENTED_EDGE('',*,*,#2070,.T.);
#2653=ORIENTED_EDGE('',*,*,#2013,.T.);
#2654=ORIENTED_EDGE('',*,*,#2070,.F.);
#2655=ORIENTED_EDGE('',*,*,#2071,.T.);
#2656=ORIENTED_EDGE('',*,*,#2072,.T.);
#2657=ORIENTED_EDGE('',*,*,#2014,.T.);
#2658=ORIENTED_EDGE('',*,*,#2072,.F.);
#2659=ORIENTED_EDGE('',*,*,#2073,.T.);
#2660=ORIENTED_EDGE('',*,*,#2074,.T.);
#2661=ORIENTED_EDGE('',*,*,#2015,.T.);
#2662=ORIENTED_EDGE('',*,*,#2074,.F.);
#2663=ORIENTED_EDGE('',*,*,#2075,.T.);
#2664=ORIENTED_EDGE('',*,*,#2076,.T.);
#2665=ORIENTED_EDGE('',*,*,#2016,.T.);
#2666=ORIENTED_EDGE('',*,*,#2076,.F.);
#2667=ORIENTED_EDGE('',*,*,#2077,.T.);
#2668=ORIENTED_EDGE('',*,*,#2078,.T.);
#2669=ORIENTED_EDGE('',*,*,#2017,.T.);
#2670=ORIENTED_EDGE('',*,*,#2078,.F.);
#2671=ORIENTED_EDGE('',*,*,#2079,.T.);
#2672=ORIENTED_EDGE('',*,*,#2054,.F.);
#2673=ORIENTED_EDGE('',*,*,#2003,.T.);
#2674=ORIENTED_EDGE('',*,*,#2056,.F.);
#2675=ORIENTED_EDGE('',*,*,#2080,.T.);
#2676=ORIENTED_EDGE('',*,*,#2081,.T.);
#2677=ORIENTED_EDGE('',*,*,#2004,.T.);
#2678=ORIENTED_EDGE('',*,*,#2081,.F.);
#2679=ORIENTED_EDGE('',*,*,#2082,.T.);
#2680=ORIENTED_EDGE('',*,*,#2053,.T.);
#2681=ORIENTED_EDGE('',*,*,#2063,.F.);
#2682=ORIENTED_EDGE('',*,*,#2083,.T.);
#2683=ORIENTED_EDGE('',*,*,#2084,.F.);
#2684=ORIENTED_EDGE('',*,*,#2085,.F.);
#2685=ORIENTED_EDGE('',*,*,#2061,.F.);
#2686=ORIENTED_EDGE('',*,*,#2086,.T.);
#2687=ORIENTED_EDGE('',*,*,#2087,.F.);
#2688=ORIENTED_EDGE('',*,*,#2083,.F.);
#2689=ORIENTED_EDGE('',*,*,#2059,.F.);
#2690=ORIENTED_EDGE('',*,*,#2088,.T.);
#2691=ORIENTED_EDGE('',*,*,#2089,.F.);
#2692=ORIENTED_EDGE('',*,*,#2086,.F.);
#2693=ORIENTED_EDGE('',*,*,#2057,.F.);
#2694=ORIENTED_EDGE('',*,*,#2090,.T.);
#2695=ORIENTED_EDGE('',*,*,#2091,.F.);
#2696=ORIENTED_EDGE('',*,*,#2088,.F.);
#2697=ORIENTED_EDGE('',*,*,#2051,.F.);
#2698=ORIENTED_EDGE('',*,*,#2092,.T.);
#2699=ORIENTED_EDGE('',*,*,#2093,.F.);
#2700=ORIENTED_EDGE('',*,*,#2090,.F.);
#2701=ORIENTED_EDGE('',*,*,#2082,.F.);
#2702=ORIENTED_EDGE('',*,*,#2094,.T.);
#2703=ORIENTED_EDGE('',*,*,#2095,.F.);
#2704=ORIENTED_EDGE('',*,*,#2092,.F.);
#2705=ORIENTED_EDGE('',*,*,#2080,.F.);
#2706=ORIENTED_EDGE('',*,*,#2096,.T.);
#2707=ORIENTED_EDGE('',*,*,#2097,.F.);
#2708=ORIENTED_EDGE('',*,*,#2094,.F.);
#2709=ORIENTED_EDGE('',*,*,#2055,.F.);
#2710=ORIENTED_EDGE('',*,*,#2098,.T.);
#2711=ORIENTED_EDGE('',*,*,#2099,.F.);
#2712=ORIENTED_EDGE('',*,*,#2096,.F.);
#2713=ORIENTED_EDGE('',*,*,#2100,.T.);
#2714=ORIENTED_EDGE('',*,*,#2101,.T.);
#2715=ORIENTED_EDGE('',*,*,#2045,.T.);
#2716=ORIENTED_EDGE('',*,*,#2102,.F.);
#2717=ORIENTED_EDGE('',*,*,#2103,.T.);
#2718=ORIENTED_EDGE('',*,*,#2104,.T.);
#2719=ORIENTED_EDGE('',*,*,#2046,.T.);
#2720=ORIENTED_EDGE('',*,*,#2101,.F.);
#2721=ORIENTED_EDGE('',*,*,#2105,.T.);
#2722=ORIENTED_EDGE('',*,*,#2106,.T.);
#2723=ORIENTED_EDGE('',*,*,#2047,.T.);
#2724=ORIENTED_EDGE('',*,*,#2104,.F.);
#2725=ORIENTED_EDGE('',*,*,#2107,.T.);
#2726=ORIENTED_EDGE('',*,*,#2108,.T.);
#2727=ORIENTED_EDGE('',*,*,#2048,.T.);
#2728=ORIENTED_EDGE('',*,*,#2106,.F.);
#2729=ORIENTED_EDGE('',*,*,#2109,.T.);
#2730=ORIENTED_EDGE('',*,*,#2110,.T.);
#2731=ORIENTED_EDGE('',*,*,#2049,.T.);
#2732=ORIENTED_EDGE('',*,*,#2108,.F.);
#2733=ORIENTED_EDGE('',*,*,#2111,.T.);
#2734=ORIENTED_EDGE('',*,*,#2112,.T.);
#2735=ORIENTED_EDGE('',*,*,#2035,.T.);
#2736=ORIENTED_EDGE('',*,*,#2113,.T.);
#2737=ORIENTED_EDGE('',*,*,#2036,.T.);
#2738=ORIENTED_EDGE('',*,*,#2112,.F.);
#2739=ORIENTED_EDGE('',*,*,#2114,.T.);
#2740=ORIENTED_EDGE('',*,*,#2115,.T.);
#2741=ORIENTED_EDGE('',*,*,#2037,.T.);
#2742=ORIENTED_EDGE('',*,*,#2115,.F.);
#2743=ORIENTED_EDGE('',*,*,#2116,.T.);
#2744=ORIENTED_EDGE('',*,*,#2117,.T.);
#2745=ORIENTED_EDGE('',*,*,#2118,.T.);
#2746=ORIENTED_EDGE('',*,*,#2113,.F.);
#2747=ORIENTED_EDGE('',*,*,#2050,.T.);
#2748=ORIENTED_EDGE('',*,*,#2110,.F.);
#2749=ORIENTED_EDGE('',*,*,#2038,.T.);
#2750=ORIENTED_EDGE('',*,*,#2117,.F.);
#2751=ORIENTED_EDGE('',*,*,#2119,.T.);
#2752=ORIENTED_EDGE('',*,*,#2120,.T.);
#2753=ORIENTED_EDGE('',*,*,#2039,.T.);
#2754=ORIENTED_EDGE('',*,*,#2120,.F.);
#2755=ORIENTED_EDGE('',*,*,#2121,.T.);
#2756=ORIENTED_EDGE('',*,*,#2122,.T.);
#2757=ORIENTED_EDGE('',*,*,#2040,.T.);
#2758=ORIENTED_EDGE('',*,*,#2122,.F.);
#2759=ORIENTED_EDGE('',*,*,#2123,.T.);
#2760=ORIENTED_EDGE('',*,*,#2124,.T.);
#2761=ORIENTED_EDGE('',*,*,#2041,.T.);
#2762=ORIENTED_EDGE('',*,*,#2124,.F.);
#2763=ORIENTED_EDGE('',*,*,#2125,.T.);
#2764=ORIENTED_EDGE('',*,*,#2126,.T.);
#2765=ORIENTED_EDGE('',*,*,#2042,.T.);
#2766=ORIENTED_EDGE('',*,*,#2126,.F.);
#2767=ORIENTED_EDGE('',*,*,#2127,.T.);
#2768=ORIENTED_EDGE('',*,*,#2128,.T.);
#2769=ORIENTED_EDGE('',*,*,#2043,.T.);
#2770=ORIENTED_EDGE('',*,*,#2128,.F.);
#2771=ORIENTED_EDGE('',*,*,#2129,.T.);
#2772=ORIENTED_EDGE('',*,*,#2130,.T.);
#2773=ORIENTED_EDGE('',*,*,#2044,.T.);
#2774=ORIENTED_EDGE('',*,*,#2130,.F.);
#2775=ORIENTED_EDGE('',*,*,#2131,.T.);
#2776=ORIENTED_EDGE('',*,*,#2102,.T.);
#2777=ORIENTED_EDGE('',*,*,#2127,.F.);
#2778=ORIENTED_EDGE('',*,*,#2132,.T.);
#2779=ORIENTED_EDGE('',*,*,#2133,.F.);
#2780=ORIENTED_EDGE('',*,*,#2134,.F.);
#2781=ORIENTED_EDGE('',*,*,#2125,.F.);
#2782=ORIENTED_EDGE('',*,*,#2135,.T.);
#2783=ORIENTED_EDGE('',*,*,#2136,.F.);
#2784=ORIENTED_EDGE('',*,*,#2132,.F.);
#2785=ORIENTED_EDGE('',*,*,#2123,.F.);
#2786=ORIENTED_EDGE('',*,*,#2137,.T.);
#2787=ORIENTED_EDGE('',*,*,#2138,.F.);
#2788=ORIENTED_EDGE('',*,*,#2135,.F.);
#2789=ORIENTED_EDGE('',*,*,#2121,.F.);
#2790=ORIENTED_EDGE('',*,*,#2139,.T.);
#2791=ORIENTED_EDGE('',*,*,#2140,.F.);
#2792=ORIENTED_EDGE('',*,*,#2137,.F.);
#2793=ORIENTED_EDGE('',*,*,#2119,.F.);
#2794=ORIENTED_EDGE('',*,*,#2141,.T.);
#2795=ORIENTED_EDGE('',*,*,#2142,.F.);
#2796=ORIENTED_EDGE('',*,*,#2139,.F.);
#2797=ORIENTED_EDGE('',*,*,#2116,.F.);
#2798=ORIENTED_EDGE('',*,*,#2143,.T.);
#2799=ORIENTED_EDGE('',*,*,#2144,.F.);
#2800=ORIENTED_EDGE('',*,*,#2141,.F.);
#2801=ORIENTED_EDGE('',*,*,#2114,.F.);
#2802=ORIENTED_EDGE('',*,*,#2145,.T.);
#2803=ORIENTED_EDGE('',*,*,#2146,.F.);
#2804=ORIENTED_EDGE('',*,*,#2143,.F.);
#2805=ORIENTED_EDGE('',*,*,#2111,.F.);
#2806=ORIENTED_EDGE('',*,*,#2147,.T.);
#2807=ORIENTED_EDGE('',*,*,#2148,.F.);
#2808=ORIENTED_EDGE('',*,*,#2145,.F.);
#2809=ORIENTED_EDGE('',*,*,#2149,.T.);
#2810=ORIENTED_EDGE('',*,*,#2150,.T.);
#2811=ORIENTED_EDGE('',*,*,#2026,.T.);
#2812=ORIENTED_EDGE('',*,*,#2151,.F.);
#2813=ORIENTED_EDGE('',*,*,#2152,.T.);
#2814=ORIENTED_EDGE('',*,*,#2153,.T.);
#2815=ORIENTED_EDGE('',*,*,#2027,.T.);
#2816=ORIENTED_EDGE('',*,*,#2150,.F.);
#2817=ORIENTED_EDGE('',*,*,#2154,.T.);
#2818=ORIENTED_EDGE('',*,*,#2155,.T.);
#2819=ORIENTED_EDGE('',*,*,#2028,.T.);
#2820=ORIENTED_EDGE('',*,*,#2153,.F.);
#2821=ORIENTED_EDGE('',*,*,#2156,.T.);
#2822=ORIENTED_EDGE('',*,*,#2157,.T.);
#2823=ORIENTED_EDGE('',*,*,#2029,.T.);
#2824=ORIENTED_EDGE('',*,*,#2155,.F.);
#2825=ORIENTED_EDGE('',*,*,#2158,.T.);
#2826=ORIENTED_EDGE('',*,*,#2159,.T.);
#2827=ORIENTED_EDGE('',*,*,#2030,.T.);
#2828=ORIENTED_EDGE('',*,*,#2157,.F.);
#2829=ORIENTED_EDGE('',*,*,#2160,.T.);
#2830=ORIENTED_EDGE('',*,*,#2161,.T.);
#2831=ORIENTED_EDGE('',*,*,#2031,.T.);
#2832=ORIENTED_EDGE('',*,*,#2159,.F.);
#2833=ORIENTED_EDGE('',*,*,#2018,.T.);
#2834=ORIENTED_EDGE('',*,*,#2162,.T.);
#2835=ORIENTED_EDGE('',*,*,#2163,.T.);
#2836=ORIENTED_EDGE('',*,*,#2164,.T.);
#2837=ORIENTED_EDGE('',*,*,#2165,.T.);
#2838=ORIENTED_EDGE('',*,*,#2166,.T.);
#2839=ORIENTED_EDGE('',*,*,#2032,.T.);
#2840=ORIENTED_EDGE('',*,*,#2161,.F.);
#2841=ORIENTED_EDGE('',*,*,#2033,.T.);
#2842=ORIENTED_EDGE('',*,*,#2166,.F.);
#2843=ORIENTED_EDGE('',*,*,#2167,.T.);
#2844=ORIENTED_EDGE('',*,*,#2162,.F.);
#2845=ORIENTED_EDGE('',*,*,#2019,.T.);
#2846=ORIENTED_EDGE('',*,*,#2164,.F.);
#2847=ORIENTED_EDGE('',*,*,#2168,.T.);
#2848=ORIENTED_EDGE('',*,*,#2169,.T.);
#2849=ORIENTED_EDGE('',*,*,#2020,.T.);
#2850=ORIENTED_EDGE('',*,*,#2169,.F.);
#2851=ORIENTED_EDGE('',*,*,#2170,.T.);
#2852=ORIENTED_EDGE('',*,*,#2171,.T.);
#2853=ORIENTED_EDGE('',*,*,#2021,.T.);
#2854=ORIENTED_EDGE('',*,*,#2171,.F.);
#2855=ORIENTED_EDGE('',*,*,#2172,.T.);
#2856=ORIENTED_EDGE('',*,*,#2173,.T.);
#2857=ORIENTED_EDGE('',*,*,#2022,.T.);
#2858=ORIENTED_EDGE('',*,*,#2173,.F.);
#2859=ORIENTED_EDGE('',*,*,#2174,.T.);
#2860=ORIENTED_EDGE('',*,*,#2175,.T.);
#2861=ORIENTED_EDGE('',*,*,#2023,.T.);
#2862=ORIENTED_EDGE('',*,*,#2175,.F.);
#2863=ORIENTED_EDGE('',*,*,#2176,.T.);
#2864=ORIENTED_EDGE('',*,*,#2177,.T.);
#2865=ORIENTED_EDGE('',*,*,#2024,.T.);
#2866=ORIENTED_EDGE('',*,*,#2177,.F.);
#2867=ORIENTED_EDGE('',*,*,#2178,.T.);
#2868=ORIENTED_EDGE('',*,*,#2179,.T.);
#2869=ORIENTED_EDGE('',*,*,#2025,.T.);
#2870=ORIENTED_EDGE('',*,*,#2179,.F.);
#2871=ORIENTED_EDGE('',*,*,#2180,.T.);
#2872=ORIENTED_EDGE('',*,*,#2151,.T.);
#2873=ORIENTED_EDGE('',*,*,#2180,.F.);
#2874=ORIENTED_EDGE('',*,*,#2181,.T.);
#2875=ORIENTED_EDGE('',*,*,#2182,.F.);
#2876=ORIENTED_EDGE('',*,*,#2183,.F.);
#2877=ORIENTED_EDGE('',*,*,#2178,.F.);
#2878=ORIENTED_EDGE('',*,*,#2184,.T.);
#2879=ORIENTED_EDGE('',*,*,#2185,.F.);
#2880=ORIENTED_EDGE('',*,*,#2181,.F.);
#2881=ORIENTED_EDGE('',*,*,#2176,.F.);
#2882=ORIENTED_EDGE('',*,*,#2186,.T.);
#2883=ORIENTED_EDGE('',*,*,#2187,.F.);
#2884=ORIENTED_EDGE('',*,*,#2184,.F.);
#2885=ORIENTED_EDGE('',*,*,#2174,.F.);
#2886=ORIENTED_EDGE('',*,*,#2188,.T.);
#2887=ORIENTED_EDGE('',*,*,#2189,.F.);
#2888=ORIENTED_EDGE('',*,*,#2186,.F.);
#2889=ORIENTED_EDGE('',*,*,#2172,.F.);
#2890=ORIENTED_EDGE('',*,*,#2190,.T.);
#2891=ORIENTED_EDGE('',*,*,#2191,.F.);
#2892=ORIENTED_EDGE('',*,*,#2188,.F.);
#2893=ORIENTED_EDGE('',*,*,#2170,.F.);
#2894=ORIENTED_EDGE('',*,*,#2192,.T.);
#2895=ORIENTED_EDGE('',*,*,#2193,.F.);
#2896=ORIENTED_EDGE('',*,*,#2190,.F.);
#2897=ORIENTED_EDGE('',*,*,#2168,.F.);
#2898=ORIENTED_EDGE('',*,*,#2194,.T.);
#2899=ORIENTED_EDGE('',*,*,#2195,.F.);
#2900=ORIENTED_EDGE('',*,*,#2192,.F.);
#2901=ORIENTED_EDGE('',*,*,#2163,.F.);
#2902=ORIENTED_EDGE('',*,*,#2196,.T.);
#2903=ORIENTED_EDGE('',*,*,#2197,.F.);
#2904=ORIENTED_EDGE('',*,*,#2194,.F.);
#2905=ORIENTED_EDGE('',*,*,#2198,.T.);
#2906=ORIENTED_EDGE('',*,*,#2199,.T.);
#2907=ORIENTED_EDGE('',*,*,#2133,.T.);
#2908=ORIENTED_EDGE('',*,*,#2200,.F.);
#2909=ORIENTED_EDGE('',*,*,#2201,.T.);
#2910=ORIENTED_EDGE('',*,*,#2202,.T.);
#2911=ORIENTED_EDGE('',*,*,#2203,.T.);
#2912=ORIENTED_EDGE('',*,*,#2199,.F.);
#2913=ORIENTED_EDGE('',*,*,#2204,.T.);
#2914=ORIENTED_EDGE('',*,*,#2205,.T.);
#2915=ORIENTED_EDGE('',*,*,#2206,.T.);
#2916=ORIENTED_EDGE('',*,*,#2202,.F.);
#2917=ORIENTED_EDGE('',*,*,#2207,.T.);
#2918=ORIENTED_EDGE('',*,*,#2208,.T.);
#2919=ORIENTED_EDGE('',*,*,#2209,.T.);
#2920=ORIENTED_EDGE('',*,*,#2205,.F.);
#2921=ORIENTED_EDGE('',*,*,#2210,.T.);
#2922=ORIENTED_EDGE('',*,*,#2211,.T.);
#2923=ORIENTED_EDGE('',*,*,#2212,.T.);
#2924=ORIENTED_EDGE('',*,*,#2208,.F.);
#2925=ORIENTED_EDGE('',*,*,#2213,.T.);
#2926=ORIENTED_EDGE('',*,*,#2214,.T.);
#2927=ORIENTED_EDGE('',*,*,#2215,.T.);
#2928=ORIENTED_EDGE('',*,*,#2211,.F.);
#2929=ORIENTED_EDGE('',*,*,#2216,.T.);
#2930=ORIENTED_EDGE('',*,*,#2217,.T.);
#2931=ORIENTED_EDGE('',*,*,#2218,.T.);
#2932=ORIENTED_EDGE('',*,*,#2214,.F.);
#2933=ORIENTED_EDGE('',*,*,#2219,.T.);
#2934=ORIENTED_EDGE('',*,*,#2220,.T.);
#2935=ORIENTED_EDGE('',*,*,#2221,.T.);
#2936=ORIENTED_EDGE('',*,*,#2217,.F.);
#2937=ORIENTED_EDGE('',*,*,#2222,.T.);
#2938=ORIENTED_EDGE('',*,*,#2223,.T.);
#2939=ORIENTED_EDGE('',*,*,#2224,.T.);
#2940=ORIENTED_EDGE('',*,*,#2220,.F.);
#2941=ORIENTED_EDGE('',*,*,#2148,.T.);
#2942=ORIENTED_EDGE('',*,*,#2223,.F.);
#2943=ORIENTED_EDGE('',*,*,#2225,.T.);
#2944=ORIENTED_EDGE('',*,*,#2226,.T.);
#2945=ORIENTED_EDGE('',*,*,#2146,.T.);
#2946=ORIENTED_EDGE('',*,*,#2226,.F.);
#2947=ORIENTED_EDGE('',*,*,#2227,.T.);
#2948=ORIENTED_EDGE('',*,*,#2228,.T.);
#2949=ORIENTED_EDGE('',*,*,#2144,.T.);
#2950=ORIENTED_EDGE('',*,*,#2228,.F.);
#2951=ORIENTED_EDGE('',*,*,#2229,.T.);
#2952=ORIENTED_EDGE('',*,*,#2230,.T.);
#2953=ORIENTED_EDGE('',*,*,#2142,.T.);
#2954=ORIENTED_EDGE('',*,*,#2230,.F.);
#2955=ORIENTED_EDGE('',*,*,#2231,.T.);
#2956=ORIENTED_EDGE('',*,*,#2232,.T.);
#2957=ORIENTED_EDGE('',*,*,#2140,.T.);
#2958=ORIENTED_EDGE('',*,*,#2232,.F.);
#2959=ORIENTED_EDGE('',*,*,#2233,.T.);
#2960=ORIENTED_EDGE('',*,*,#2234,.T.);
#2961=ORIENTED_EDGE('',*,*,#2138,.T.);
#2962=ORIENTED_EDGE('',*,*,#2234,.F.);
#2963=ORIENTED_EDGE('',*,*,#2235,.T.);
#2964=ORIENTED_EDGE('',*,*,#2236,.T.);
#2965=ORIENTED_EDGE('',*,*,#2136,.T.);
#2966=ORIENTED_EDGE('',*,*,#2236,.F.);
#2967=ORIENTED_EDGE('',*,*,#2237,.T.);
#2968=ORIENTED_EDGE('',*,*,#2200,.T.);
#2969=ORIENTED_EDGE('',*,*,#2198,.F.);
#2970=ORIENTED_EDGE('',*,*,#2237,.F.);
#2971=ORIENTED_EDGE('',*,*,#2235,.F.);
#2972=ORIENTED_EDGE('',*,*,#2233,.F.);
#2973=ORIENTED_EDGE('',*,*,#2231,.F.);
#2974=ORIENTED_EDGE('',*,*,#2229,.F.);
#2975=ORIENTED_EDGE('',*,*,#2227,.F.);
#2976=ORIENTED_EDGE('',*,*,#2225,.F.);
#2977=ORIENTED_EDGE('',*,*,#2222,.F.);
#2978=ORIENTED_EDGE('',*,*,#2219,.F.);
#2979=ORIENTED_EDGE('',*,*,#2216,.F.);
#2980=ORIENTED_EDGE('',*,*,#2213,.F.);
#2981=ORIENTED_EDGE('',*,*,#2210,.F.);
#2982=ORIENTED_EDGE('',*,*,#2207,.F.);
#2983=ORIENTED_EDGE('',*,*,#2204,.F.);
#2984=ORIENTED_EDGE('',*,*,#2201,.F.);
#2985=ORIENTED_EDGE('',*,*,#2238,.T.);
#2986=ORIENTED_EDGE('',*,*,#2239,.T.);
#2987=ORIENTED_EDGE('',*,*,#2084,.T.);
#2988=ORIENTED_EDGE('',*,*,#2240,.F.);
#2989=ORIENTED_EDGE('',*,*,#2241,.T.);
#2990=ORIENTED_EDGE('',*,*,#2242,.T.);
#2991=ORIENTED_EDGE('',*,*,#2243,.T.);
#2992=ORIENTED_EDGE('',*,*,#2239,.F.);
#2993=ORIENTED_EDGE('',*,*,#2244,.T.);
#2994=ORIENTED_EDGE('',*,*,#2245,.T.);
#2995=ORIENTED_EDGE('',*,*,#2246,.T.);
#2996=ORIENTED_EDGE('',*,*,#2242,.F.);
#2997=ORIENTED_EDGE('',*,*,#2247,.T.);
#2998=ORIENTED_EDGE('',*,*,#2248,.T.);
#2999=ORIENTED_EDGE('',*,*,#2249,.T.);
#3000=ORIENTED_EDGE('',*,*,#2245,.F.);
#3001=ORIENTED_EDGE('',*,*,#2250,.T.);
#3002=ORIENTED_EDGE('',*,*,#2251,.T.);
#3003=ORIENTED_EDGE('',*,*,#2252,.T.);
#3004=ORIENTED_EDGE('',*,*,#2248,.F.);
#3005=ORIENTED_EDGE('',*,*,#2253,.T.);
#3006=ORIENTED_EDGE('',*,*,#2254,.T.);
#3007=ORIENTED_EDGE('',*,*,#2255,.T.);
#3008=ORIENTED_EDGE('',*,*,#2251,.F.);
#3009=ORIENTED_EDGE('',*,*,#2256,.T.);
#3010=ORIENTED_EDGE('',*,*,#2257,.T.);
#3011=ORIENTED_EDGE('',*,*,#2258,.T.);
#3012=ORIENTED_EDGE('',*,*,#2254,.F.);
#3013=ORIENTED_EDGE('',*,*,#2259,.T.);
#3014=ORIENTED_EDGE('',*,*,#2260,.T.);
#3015=ORIENTED_EDGE('',*,*,#2261,.T.);
#3016=ORIENTED_EDGE('',*,*,#2257,.F.);
#3017=ORIENTED_EDGE('',*,*,#2262,.T.);
#3018=ORIENTED_EDGE('',*,*,#2263,.T.);
#3019=ORIENTED_EDGE('',*,*,#2264,.T.);
#3020=ORIENTED_EDGE('',*,*,#2260,.F.);
#3021=ORIENTED_EDGE('',*,*,#2099,.T.);
#3022=ORIENTED_EDGE('',*,*,#2263,.F.);
#3023=ORIENTED_EDGE('',*,*,#2265,.T.);
#3024=ORIENTED_EDGE('',*,*,#2266,.T.);
#3025=ORIENTED_EDGE('',*,*,#2097,.T.);
#3026=ORIENTED_EDGE('',*,*,#2266,.F.);
#3027=ORIENTED_EDGE('',*,*,#2267,.T.);
#3028=ORIENTED_EDGE('',*,*,#2268,.T.);
#3029=ORIENTED_EDGE('',*,*,#2095,.T.);
#3030=ORIENTED_EDGE('',*,*,#2268,.F.);
#3031=ORIENTED_EDGE('',*,*,#2269,.T.);
#3032=ORIENTED_EDGE('',*,*,#2270,.T.);
#3033=ORIENTED_EDGE('',*,*,#2093,.T.);
#3034=ORIENTED_EDGE('',*,*,#2270,.F.);
#3035=ORIENTED_EDGE('',*,*,#2271,.T.);
#3036=ORIENTED_EDGE('',*,*,#2272,.T.);
#3037=ORIENTED_EDGE('',*,*,#2091,.T.);
#3038=ORIENTED_EDGE('',*,*,#2272,.F.);
#3039=ORIENTED_EDGE('',*,*,#2273,.T.);
#3040=ORIENTED_EDGE('',*,*,#2274,.T.);
#3041=ORIENTED_EDGE('',*,*,#2089,.T.);
#3042=ORIENTED_EDGE('',*,*,#2274,.F.);
#3043=ORIENTED_EDGE('',*,*,#2275,.T.);
#3044=ORIENTED_EDGE('',*,*,#2276,.T.);
#3045=ORIENTED_EDGE('',*,*,#2087,.T.);
#3046=ORIENTED_EDGE('',*,*,#2276,.F.);
#3047=ORIENTED_EDGE('',*,*,#2277,.T.);
#3048=ORIENTED_EDGE('',*,*,#2240,.T.);
#3049=ORIENTED_EDGE('',*,*,#2238,.F.);
#3050=ORIENTED_EDGE('',*,*,#2277,.F.);
#3051=ORIENTED_EDGE('',*,*,#2275,.F.);
#3052=ORIENTED_EDGE('',*,*,#2273,.F.);
#3053=ORIENTED_EDGE('',*,*,#2271,.F.);
#3054=ORIENTED_EDGE('',*,*,#2269,.F.);
#3055=ORIENTED_EDGE('',*,*,#2267,.F.);
#3056=ORIENTED_EDGE('',*,*,#2265,.F.);
#3057=ORIENTED_EDGE('',*,*,#2262,.F.);
#3058=ORIENTED_EDGE('',*,*,#2259,.F.);
#3059=ORIENTED_EDGE('',*,*,#2256,.F.);
#3060=ORIENTED_EDGE('',*,*,#2253,.F.);
#3061=ORIENTED_EDGE('',*,*,#2250,.F.);
#3062=ORIENTED_EDGE('',*,*,#2247,.F.);
#3063=ORIENTED_EDGE('',*,*,#2244,.F.);
#3064=ORIENTED_EDGE('',*,*,#2241,.F.);
#3065=ORIENTED_EDGE('',*,*,#2278,.T.);
#3066=ORIENTED_EDGE('',*,*,#2279,.T.);
#3067=ORIENTED_EDGE('',*,*,#1982,.T.);
#3068=ORIENTED_EDGE('',*,*,#2280,.F.);
#3069=ORIENTED_EDGE('',*,*,#2281,.T.);
#3070=ORIENTED_EDGE('',*,*,#2282,.T.);
#3071=ORIENTED_EDGE('',*,*,#2283,.T.);
#3072=ORIENTED_EDGE('',*,*,#2279,.F.);
#3073=ORIENTED_EDGE('',*,*,#2284,.T.);
#3074=ORIENTED_EDGE('',*,*,#2285,.T.);
#3075=ORIENTED_EDGE('',*,*,#2286,.T.);
#3076=ORIENTED_EDGE('',*,*,#2282,.F.);
#3077=ORIENTED_EDGE('',*,*,#2287,.T.);
#3078=ORIENTED_EDGE('',*,*,#2288,.T.);
#3079=ORIENTED_EDGE('',*,*,#2289,.T.);
#3080=ORIENTED_EDGE('',*,*,#2285,.F.);
#3081=ORIENTED_EDGE('',*,*,#2290,.T.);
#3082=ORIENTED_EDGE('',*,*,#2291,.T.);
#3083=ORIENTED_EDGE('',*,*,#2292,.T.);
#3084=ORIENTED_EDGE('',*,*,#2288,.F.);
#3085=ORIENTED_EDGE('',*,*,#2293,.T.);
#3086=ORIENTED_EDGE('',*,*,#2294,.T.);
#3087=ORIENTED_EDGE('',*,*,#2295,.T.);
#3088=ORIENTED_EDGE('',*,*,#2291,.F.);
#3089=ORIENTED_EDGE('',*,*,#2296,.T.);
#3090=ORIENTED_EDGE('',*,*,#2297,.T.);
#3091=ORIENTED_EDGE('',*,*,#2298,.T.);
#3092=ORIENTED_EDGE('',*,*,#2294,.F.);
#3093=ORIENTED_EDGE('',*,*,#2299,.T.);
#3094=ORIENTED_EDGE('',*,*,#2300,.T.);
#3095=ORIENTED_EDGE('',*,*,#2301,.T.);
#3096=ORIENTED_EDGE('',*,*,#2297,.F.);
#3097=ORIENTED_EDGE('',*,*,#2302,.T.);
#3098=ORIENTED_EDGE('',*,*,#2303,.T.);
#3099=ORIENTED_EDGE('',*,*,#2304,.T.);
#3100=ORIENTED_EDGE('',*,*,#2300,.F.);
#3101=ORIENTED_EDGE('',*,*,#1997,.T.);
#3102=ORIENTED_EDGE('',*,*,#2303,.F.);
#3103=ORIENTED_EDGE('',*,*,#2305,.T.);
#3104=ORIENTED_EDGE('',*,*,#2306,.T.);
#3105=ORIENTED_EDGE('',*,*,#1995,.T.);
#3106=ORIENTED_EDGE('',*,*,#2306,.F.);
#3107=ORIENTED_EDGE('',*,*,#2307,.T.);
#3108=ORIENTED_EDGE('',*,*,#2308,.T.);
#3109=ORIENTED_EDGE('',*,*,#1993,.T.);
#3110=ORIENTED_EDGE('',*,*,#2308,.F.);
#3111=ORIENTED_EDGE('',*,*,#2309,.T.);
#3112=ORIENTED_EDGE('',*,*,#2310,.T.);
#3113=ORIENTED_EDGE('',*,*,#1991,.T.);
#3114=ORIENTED_EDGE('',*,*,#2310,.F.);
#3115=ORIENTED_EDGE('',*,*,#2311,.T.);
#3116=ORIENTED_EDGE('',*,*,#2312,.T.);
#3117=ORIENTED_EDGE('',*,*,#1989,.T.);
#3118=ORIENTED_EDGE('',*,*,#2312,.F.);
#3119=ORIENTED_EDGE('',*,*,#2313,.T.);
#3120=ORIENTED_EDGE('',*,*,#2314,.T.);
#3121=ORIENTED_EDGE('',*,*,#1987,.T.);
#3122=ORIENTED_EDGE('',*,*,#2314,.F.);
#3123=ORIENTED_EDGE('',*,*,#2315,.T.);
#3124=ORIENTED_EDGE('',*,*,#2316,.T.);
#3125=ORIENTED_EDGE('',*,*,#1985,.T.);
#3126=ORIENTED_EDGE('',*,*,#2316,.F.);
#3127=ORIENTED_EDGE('',*,*,#2317,.T.);
#3128=ORIENTED_EDGE('',*,*,#2280,.T.);
#3129=ORIENTED_EDGE('',*,*,#2278,.F.);
#3130=ORIENTED_EDGE('',*,*,#2317,.F.);
#3131=ORIENTED_EDGE('',*,*,#2315,.F.);
#3132=ORIENTED_EDGE('',*,*,#2313,.F.);
#3133=ORIENTED_EDGE('',*,*,#2311,.F.);
#3134=ORIENTED_EDGE('',*,*,#2309,.F.);
#3135=ORIENTED_EDGE('',*,*,#2307,.F.);
#3136=ORIENTED_EDGE('',*,*,#2305,.F.);
#3137=ORIENTED_EDGE('',*,*,#2302,.F.);
#3138=ORIENTED_EDGE('',*,*,#2299,.F.);
#3139=ORIENTED_EDGE('',*,*,#2296,.F.);
#3140=ORIENTED_EDGE('',*,*,#2293,.F.);
#3141=ORIENTED_EDGE('',*,*,#2290,.F.);
#3142=ORIENTED_EDGE('',*,*,#2287,.F.);
#3143=ORIENTED_EDGE('',*,*,#2284,.F.);
#3144=ORIENTED_EDGE('',*,*,#2281,.F.);
#3145=ORIENTED_EDGE('',*,*,#2318,.T.);
#3146=ORIENTED_EDGE('',*,*,#2319,.T.);
#3147=ORIENTED_EDGE('',*,*,#2182,.T.);
#3148=ORIENTED_EDGE('',*,*,#2320,.F.);
#3149=ORIENTED_EDGE('',*,*,#2321,.T.);
#3150=ORIENTED_EDGE('',*,*,#2322,.T.);
#3151=ORIENTED_EDGE('',*,*,#2323,.T.);
#3152=ORIENTED_EDGE('',*,*,#2319,.F.);
#3153=ORIENTED_EDGE('',*,*,#2324,.T.);
#3154=ORIENTED_EDGE('',*,*,#2325,.T.);
#3155=ORIENTED_EDGE('',*,*,#2326,.T.);
#3156=ORIENTED_EDGE('',*,*,#2322,.F.);
#3157=ORIENTED_EDGE('',*,*,#2327,.T.);
#3158=ORIENTED_EDGE('',*,*,#2328,.T.);
#3159=ORIENTED_EDGE('',*,*,#2329,.T.);
#3160=ORIENTED_EDGE('',*,*,#2325,.F.);
#3161=ORIENTED_EDGE('',*,*,#2330,.T.);
#3162=ORIENTED_EDGE('',*,*,#2331,.T.);
#3163=ORIENTED_EDGE('',*,*,#2332,.T.);
#3164=ORIENTED_EDGE('',*,*,#2328,.F.);
#3165=ORIENTED_EDGE('',*,*,#2333,.T.);
#3166=ORIENTED_EDGE('',*,*,#2334,.T.);
#3167=ORIENTED_EDGE('',*,*,#2335,.T.);
#3168=ORIENTED_EDGE('',*,*,#2331,.F.);
#3169=ORIENTED_EDGE('',*,*,#2336,.T.);
#3170=ORIENTED_EDGE('',*,*,#2337,.T.);
#3171=ORIENTED_EDGE('',*,*,#2338,.T.);
#3172=ORIENTED_EDGE('',*,*,#2334,.F.);
#3173=ORIENTED_EDGE('',*,*,#2339,.T.);
#3174=ORIENTED_EDGE('',*,*,#2340,.T.);
#3175=ORIENTED_EDGE('',*,*,#2341,.T.);
#3176=ORIENTED_EDGE('',*,*,#2337,.F.);
#3177=ORIENTED_EDGE('',*,*,#2342,.T.);
#3178=ORIENTED_EDGE('',*,*,#2343,.T.);
#3179=ORIENTED_EDGE('',*,*,#2344,.T.);
#3180=ORIENTED_EDGE('',*,*,#2340,.F.);
#3181=ORIENTED_EDGE('',*,*,#2197,.T.);
#3182=ORIENTED_EDGE('',*,*,#2343,.F.);
#3183=ORIENTED_EDGE('',*,*,#2345,.T.);
#3184=ORIENTED_EDGE('',*,*,#2346,.T.);
#3185=ORIENTED_EDGE('',*,*,#2195,.T.);
#3186=ORIENTED_EDGE('',*,*,#2346,.F.);
#3187=ORIENTED_EDGE('',*,*,#2347,.T.);
#3188=ORIENTED_EDGE('',*,*,#2348,.T.);
#3189=ORIENTED_EDGE('',*,*,#2193,.T.);
#3190=ORIENTED_EDGE('',*,*,#2348,.F.);
#3191=ORIENTED_EDGE('',*,*,#2349,.T.);
#3192=ORIENTED_EDGE('',*,*,#2350,.T.);
#3193=ORIENTED_EDGE('',*,*,#2191,.T.);
#3194=ORIENTED_EDGE('',*,*,#2350,.F.);
#3195=ORIENTED_EDGE('',*,*,#2351,.T.);
#3196=ORIENTED_EDGE('',*,*,#2352,.T.);
#3197=ORIENTED_EDGE('',*,*,#2189,.T.);
#3198=ORIENTED_EDGE('',*,*,#2352,.F.);
#3199=ORIENTED_EDGE('',*,*,#2353,.T.);
#3200=ORIENTED_EDGE('',*,*,#2354,.T.);
#3201=ORIENTED_EDGE('',*,*,#2187,.T.);
#3202=ORIENTED_EDGE('',*,*,#2354,.F.);
#3203=ORIENTED_EDGE('',*,*,#2355,.T.);
#3204=ORIENTED_EDGE('',*,*,#2356,.T.);
#3205=ORIENTED_EDGE('',*,*,#2185,.T.);
#3206=ORIENTED_EDGE('',*,*,#2356,.F.);
#3207=ORIENTED_EDGE('',*,*,#2357,.T.);
#3208=ORIENTED_EDGE('',*,*,#2320,.T.);
#3209=ORIENTED_EDGE('',*,*,#2318,.F.);
#3210=ORIENTED_EDGE('',*,*,#2357,.F.);
#3211=ORIENTED_EDGE('',*,*,#2355,.F.);
#3212=ORIENTED_EDGE('',*,*,#2353,.F.);
#3213=ORIENTED_EDGE('',*,*,#2351,.F.);
#3214=ORIENTED_EDGE('',*,*,#2349,.F.);
#3215=ORIENTED_EDGE('',*,*,#2347,.F.);
#3216=ORIENTED_EDGE('',*,*,#2345,.F.);
#3217=ORIENTED_EDGE('',*,*,#2342,.F.);
#3218=ORIENTED_EDGE('',*,*,#2339,.F.);
#3219=ORIENTED_EDGE('',*,*,#2336,.F.);
#3220=ORIENTED_EDGE('',*,*,#2333,.F.);
#3221=ORIENTED_EDGE('',*,*,#2330,.F.);
#3222=ORIENTED_EDGE('',*,*,#2327,.F.);
#3223=ORIENTED_EDGE('',*,*,#2324,.F.);
#3224=ORIENTED_EDGE('',*,*,#2321,.F.);
#3225=ORIENTED_EDGE('',*,*,#2065,.F.);
#3226=ORIENTED_EDGE('',*,*,#2085,.T.);
#3227=ORIENTED_EDGE('',*,*,#2243,.F.);
#3228=ORIENTED_EDGE('',*,*,#2358,.F.);
#3229=ORIENTED_EDGE('',*,*,#2067,.F.);
#3230=ORIENTED_EDGE('',*,*,#2358,.T.);
#3231=ORIENTED_EDGE('',*,*,#2246,.F.);
#3232=ORIENTED_EDGE('',*,*,#2359,.F.);
#3233=ORIENTED_EDGE('',*,*,#2069,.F.);
#3234=ORIENTED_EDGE('',*,*,#2359,.T.);
#3235=ORIENTED_EDGE('',*,*,#2249,.F.);
#3236=ORIENTED_EDGE('',*,*,#2360,.F.);
#3237=ORIENTED_EDGE('',*,*,#2071,.F.);
#3238=ORIENTED_EDGE('',*,*,#2360,.T.);
#3239=ORIENTED_EDGE('',*,*,#2252,.F.);
#3240=ORIENTED_EDGE('',*,*,#2361,.F.);
#3241=ORIENTED_EDGE('',*,*,#2073,.F.);
#3242=ORIENTED_EDGE('',*,*,#2361,.T.);
#3243=ORIENTED_EDGE('',*,*,#2255,.F.);
#3244=ORIENTED_EDGE('',*,*,#2362,.F.);
#3245=ORIENTED_EDGE('',*,*,#2075,.F.);
#3246=ORIENTED_EDGE('',*,*,#2362,.T.);
#3247=ORIENTED_EDGE('',*,*,#2258,.F.);
#3248=ORIENTED_EDGE('',*,*,#2363,.F.);
#3249=ORIENTED_EDGE('',*,*,#2077,.F.);
#3250=ORIENTED_EDGE('',*,*,#2363,.T.);
#3251=ORIENTED_EDGE('',*,*,#2261,.F.);
#3252=ORIENTED_EDGE('',*,*,#2364,.F.);
#3253=ORIENTED_EDGE('',*,*,#2079,.F.);
#3254=ORIENTED_EDGE('',*,*,#2364,.T.);
#3255=ORIENTED_EDGE('',*,*,#2264,.F.);
#3256=ORIENTED_EDGE('',*,*,#2098,.F.);
#3257=ORIENTED_EDGE('',*,*,#2129,.F.);
#3258=ORIENTED_EDGE('',*,*,#2134,.T.);
#3259=ORIENTED_EDGE('',*,*,#2203,.F.);
#3260=ORIENTED_EDGE('',*,*,#2365,.F.);
#3261=ORIENTED_EDGE('',*,*,#2131,.F.);
#3262=ORIENTED_EDGE('',*,*,#2365,.T.);
#3263=ORIENTED_EDGE('',*,*,#2206,.F.);
#3264=ORIENTED_EDGE('',*,*,#2366,.F.);
#3265=ORIENTED_EDGE('',*,*,#2100,.F.);
#3266=ORIENTED_EDGE('',*,*,#2366,.T.);
#3267=ORIENTED_EDGE('',*,*,#2209,.F.);
#3268=ORIENTED_EDGE('',*,*,#2367,.F.);
#3269=ORIENTED_EDGE('',*,*,#2103,.F.);
#3270=ORIENTED_EDGE('',*,*,#2367,.T.);
#3271=ORIENTED_EDGE('',*,*,#2212,.F.);
#3272=ORIENTED_EDGE('',*,*,#2368,.F.);
#3273=ORIENTED_EDGE('',*,*,#2105,.F.);
#3274=ORIENTED_EDGE('',*,*,#2368,.T.);
#3275=ORIENTED_EDGE('',*,*,#2215,.F.);
#3276=ORIENTED_EDGE('',*,*,#2369,.F.);
#3277=ORIENTED_EDGE('',*,*,#2107,.F.);
#3278=ORIENTED_EDGE('',*,*,#2369,.T.);
#3279=ORIENTED_EDGE('',*,*,#2218,.F.);
#3280=ORIENTED_EDGE('',*,*,#2370,.F.);
#3281=ORIENTED_EDGE('',*,*,#2109,.F.);
#3282=ORIENTED_EDGE('',*,*,#2370,.T.);
#3283=ORIENTED_EDGE('',*,*,#2221,.F.);
#3284=ORIENTED_EDGE('',*,*,#2371,.F.);
#3285=ORIENTED_EDGE('',*,*,#2118,.F.);
#3286=ORIENTED_EDGE('',*,*,#2371,.T.);
#3287=ORIENTED_EDGE('',*,*,#2224,.F.);
#3288=ORIENTED_EDGE('',*,*,#2147,.F.);
#3289=ORIENTED_EDGE('',*,*,#1937,.F.);
#3290=ORIENTED_EDGE('',*,*,#1983,.T.);
#3291=ORIENTED_EDGE('',*,*,#2283,.F.);
#3292=ORIENTED_EDGE('',*,*,#2372,.F.);
#3293=ORIENTED_EDGE('',*,*,#1940,.F.);
#3294=ORIENTED_EDGE('',*,*,#2372,.T.);
#3295=ORIENTED_EDGE('',*,*,#2286,.F.);
#3296=ORIENTED_EDGE('',*,*,#2373,.F.);
#3297=ORIENTED_EDGE('',*,*,#1943,.F.);
#3298=ORIENTED_EDGE('',*,*,#2373,.T.);
#3299=ORIENTED_EDGE('',*,*,#2289,.F.);
#3300=ORIENTED_EDGE('',*,*,#2374,.F.);
#3301=ORIENTED_EDGE('',*,*,#1946,.F.);
#3302=ORIENTED_EDGE('',*,*,#2374,.T.);
#3303=ORIENTED_EDGE('',*,*,#2292,.F.);
#3304=ORIENTED_EDGE('',*,*,#2375,.F.);
#3305=ORIENTED_EDGE('',*,*,#1953,.F.);
#3306=ORIENTED_EDGE('',*,*,#2375,.T.);
#3307=ORIENTED_EDGE('',*,*,#2295,.F.);
#3308=ORIENTED_EDGE('',*,*,#2376,.F.);
#3309=ORIENTED_EDGE('',*,*,#1956,.F.);
#3310=ORIENTED_EDGE('',*,*,#2376,.T.);
#3311=ORIENTED_EDGE('',*,*,#2298,.F.);
#3312=ORIENTED_EDGE('',*,*,#2377,.F.);
#3313=ORIENTED_EDGE('',*,*,#1960,.F.);
#3314=ORIENTED_EDGE('',*,*,#2377,.T.);
#3315=ORIENTED_EDGE('',*,*,#2301,.F.);
#3316=ORIENTED_EDGE('',*,*,#2378,.F.);
#3317=ORIENTED_EDGE('',*,*,#1963,.F.);
#3318=ORIENTED_EDGE('',*,*,#2378,.T.);
#3319=ORIENTED_EDGE('',*,*,#2304,.F.);
#3320=ORIENTED_EDGE('',*,*,#1996,.F.);
#3321=ORIENTED_EDGE('',*,*,#2149,.F.);
#3322=ORIENTED_EDGE('',*,*,#2183,.T.);
#3323=ORIENTED_EDGE('',*,*,#2323,.F.);
#3324=ORIENTED_EDGE('',*,*,#2379,.F.);
#3325=ORIENTED_EDGE('',*,*,#2152,.F.);
#3326=ORIENTED_EDGE('',*,*,#2379,.T.);
#3327=ORIENTED_EDGE('',*,*,#2326,.F.);
#3328=ORIENTED_EDGE('',*,*,#2380,.F.);
#3329=ORIENTED_EDGE('',*,*,#2154,.F.);
#3330=ORIENTED_EDGE('',*,*,#2380,.T.);
#3331=ORIENTED_EDGE('',*,*,#2329,.F.);
#3332=ORIENTED_EDGE('',*,*,#2381,.F.);
#3333=ORIENTED_EDGE('',*,*,#2156,.F.);
#3334=ORIENTED_EDGE('',*,*,#2381,.T.);
#3335=ORIENTED_EDGE('',*,*,#2332,.F.);
#3336=ORIENTED_EDGE('',*,*,#2382,.F.);
#3337=ORIENTED_EDGE('',*,*,#2158,.F.);
#3338=ORIENTED_EDGE('',*,*,#2382,.T.);
#3339=ORIENTED_EDGE('',*,*,#2335,.F.);
#3340=ORIENTED_EDGE('',*,*,#2383,.F.);
#3341=ORIENTED_EDGE('',*,*,#2160,.F.);
#3342=ORIENTED_EDGE('',*,*,#2383,.T.);
#3343=ORIENTED_EDGE('',*,*,#2338,.F.);
#3344=ORIENTED_EDGE('',*,*,#2384,.F.);
#3345=ORIENTED_EDGE('',*,*,#2165,.F.);
#3346=ORIENTED_EDGE('',*,*,#2384,.T.);
#3347=ORIENTED_EDGE('',*,*,#2341,.F.);
#3348=ORIENTED_EDGE('',*,*,#2385,.F.);
#3349=ORIENTED_EDGE('',*,*,#2167,.F.);
#3350=ORIENTED_EDGE('',*,*,#2385,.T.);
#3351=ORIENTED_EDGE('',*,*,#2344,.F.);
#3352=ORIENTED_EDGE('',*,*,#2196,.F.);
#3353=ORIENTED_EDGE('',*,*,#2034,.F.);
#3354=ORIENTED_EDGE('',*,*,#2386,.T.);
#3355=ORIENTED_EDGE('',*,*,#1916,.F.);
#3356=ORIENTED_EDGE('',*,*,#2386,.F.);
#3357=ORIENTED_EDGE('',*,*,#2001,.T.);
#3358=ORIENTED_EDGE('',*,*,#2387,.T.);
#3359=ORIENTED_EDGE('',*,*,#1911,.T.);
#3360=ORIENTED_EDGE('',*,*,#2388,.T.);
#3361=ORIENTED_EDGE('',*,*,#2389,.F.);
#3362=ORIENTED_EDGE('',*,*,#2390,.T.);
#3363=ORIENTED_EDGE('',*,*,#2391,.F.);
#3364=ORIENTED_EDGE('',*,*,#2390,.F.);
#3365=ORIENTED_EDGE('',*,*,#1931,.T.);
#3366=ORIENTED_EDGE('',*,*,#2389,.T.);
#3367=ORIENTED_EDGE('',*,*,#2392,.F.);
#3368=ORIENTED_EDGE('',*,*,#2393,.T.);
#3369=ORIENTED_EDGE('',*,*,#2394,.F.);
#3370=ORIENTED_EDGE('',*,*,#2393,.F.);
#3371=ORIENTED_EDGE('',*,*,#1917,.T.);
#3372=ORIENTED_EDGE('',*,*,#2392,.T.);
#3373=ORIENTED_EDGE('',*,*,#2391,.T.);
#3374=ORIENTED_EDGE('',*,*,#2395,.F.);
#3375=ORIENTED_EDGE('',*,*,#2396,.T.);
#3376=ORIENTED_EDGE('',*,*,#2397,.F.);
#3377=ORIENTED_EDGE('',*,*,#2396,.F.);
#3378=ORIENTED_EDGE('',*,*,#1926,.T.);
#3379=ORIENTED_EDGE('',*,*,#2395,.T.);
#3380=ORIENTED_EDGE('',*,*,#2394,.T.);
#3381=ORIENTED_EDGE('',*,*,#2398,.F.);
#3382=ORIENTED_EDGE('',*,*,#2399,.T.);
#3383=ORIENTED_EDGE('',*,*,#2400,.F.);
#3384=ORIENTED_EDGE('',*,*,#2399,.F.);
#3385=ORIENTED_EDGE('',*,*,#1921,.T.);
#3386=ORIENTED_EDGE('',*,*,#2398,.T.);
#3387=ORIENTED_EDGE('',*,*,#2397,.T.);
#3388=ORIENTED_EDGE('',*,*,#1999,.T.);
#3389=ORIENTED_EDGE('',*,*,#2401,.T.);
#3390=ORIENTED_EDGE('',*,*,#1909,.F.);
#3391=ORIENTED_EDGE('',*,*,#1930,.T.);
#3392=ORIENTED_EDGE('',*,*,#1906,.F.);
#3393=ORIENTED_EDGE('',*,*,#1925,.T.);
#3394=ORIENTED_EDGE('',*,*,#1913,.F.);
#3395=ORIENTED_EDGE('',*,*,#2402,.F.);
#3396=ORIENTED_EDGE('',*,*,#2000,.F.);
#3397=ORIENTED_EDGE('',*,*,#2402,.T.);
#3398=ORIENTED_EDGE('',*,*,#1912,.T.);
#3399=ORIENTED_EDGE('',*,*,#2387,.F.);
#3400=ORIENTED_EDGE('',*,*,#1998,.T.);
#3401=ORIENTED_EDGE('',*,*,#2388,.F.);
#3402=ORIENTED_EDGE('',*,*,#1910,.F.);
#3403=ORIENTED_EDGE('',*,*,#2401,.F.);
#3404=ORIENTED_EDGE('',*,*,#2400,.T.);
#3405=TOROIDAL_SURFACE('',#3646,9.33012701892241,5.);
#3406=TOROIDAL_SURFACE('',#3659,9.33012701892334,5.);
#3407=TOROIDAL_SURFACE('',#3664,9.33012701892218,5.);
#3408=TOROIDAL_SURFACE('',#3669,9.33012701892219,5.);
#3409=ADVANCED_FACE('',(#1126),#3405,.F.);
#3410=ADVANCED_FACE('',(#1127,#154,#155,#156),#980,.T.);
#3411=ADVANCED_FACE('',(#1128),#81,.T.);
#3412=ADVANCED_FACE('',(#1129),#3406,.F.);
#3413=ADVANCED_FACE('',(#1130),#82,.T.);
#3414=ADVANCED_FACE('',(#1131),#3407,.F.);
#3415=ADVANCED_FACE('',(#1132),#83,.T.);
#3416=ADVANCED_FACE('',(#1133),#3408,.F.);
#3417=ADVANCED_FACE('',(#1134),#84,.T.);
#3418=ADVANCED_FACE('',(#1135),#85,.F.);
#3419=ADVANCED_FACE('',(#1136),#86,.F.);
#3420=ADVANCED_FACE('',(#1137),#87,.F.);
#3421=ADVANCED_FACE('',(#1138),#88,.F.);
#3422=ADVANCED_FACE('',(#1139),#89,.F.);
#3423=ADVANCED_FACE('',(#1140),#90,.F.);
#3424=ADVANCED_FACE('',(#1141),#91,.F.);
#3425=ADVANCED_FACE('',(#1142),#92,.F.);
#3426=ADVANCED_FACE('',(#1143),#93,.F.);
#3427=ADVANCED_FACE('',(#1144),#94,.F.);
#3428=ADVANCED_FACE('',(#1145),#95,.F.);
#3429=ADVANCED_FACE('',(#1146),#96,.F.);
#3430=ADVANCED_FACE('',(#1147),#97,.F.);
#3431=ADVANCED_FACE('',(#1148),#98,.F.);
#3432=ADVANCED_FACE('',(#1149),#99,.F.);
#3433=ADVANCED_FACE('',(#1150),#100,.F.);
#3434=ADVANCED_FACE('',(#1151),#981,.T.);
#3435=ADVANCED_FACE('',(#1152),#982,.T.);
#3436=ADVANCED_FACE('',(#1153),#983,.T.);
#3437=ADVANCED_FACE('',(#1154),#984,.T.);
#3438=ADVANCED_FACE('',(#1155),#985,.T.);
#3439=ADVANCED_FACE('',(#1156),#986,.T.);
#3440=ADVANCED_FACE('',(#1157),#987,.T.);
#3441=ADVANCED_FACE('',(#1158),#988,.T.);
#3442=ADVANCED_FACE('',(#1159,#157,#158,#159,#160,#161),#989,.F.);
#3443=ADVANCED_FACE('',(#1160),#101,.F.);
#3444=ADVANCED_FACE('',(#1161),#102,.F.);
#3445=ADVANCED_FACE('',(#1162),#103,.F.);
#3446=ADVANCED_FACE('',(#1163),#104,.F.);
#3447=ADVANCED_FACE('',(#1164),#105,.F.);
#3448=ADVANCED_FACE('',(#1165),#106,.F.);
#3449=ADVANCED_FACE('',(#1166),#107,.F.);
#3450=ADVANCED_FACE('',(#1167),#108,.F.);
#3451=ADVANCED_FACE('',(#1168),#109,.F.);
#3452=ADVANCED_FACE('',(#1169),#110,.F.);
#3453=ADVANCED_FACE('',(#1170),#111,.F.);
#3454=ADVANCED_FACE('',(#1171),#112,.F.);
#3455=ADVANCED_FACE('',(#1172),#113,.F.);
#3456=ADVANCED_FACE('',(#1173),#114,.F.);
#3457=ADVANCED_FACE('',(#1174),#115,.F.);
#3458=ADVANCED_FACE('',(#1175),#116,.F.);
#3459=ADVANCED_FACE('',(#1176),#990,.T.);
#3460=ADVANCED_FACE('',(#1177),#991,.T.);
#3461=ADVANCED_FACE('',(#1178),#992,.T.);
#3462=ADVANCED_FACE('',(#1179),#993,.T.);
#3463=ADVANCED_FACE('',(#1180),#994,.T.);
#3464=ADVANCED_FACE('',(#1181),#995,.T.);
#3465=ADVANCED_FACE('',(#1182),#996,.T.);
#3466=ADVANCED_FACE('',(#1183),#997,.T.);
#3467=ADVANCED_FACE('',(#1184),#117,.F.);
#3468=ADVANCED_FACE('',(#1185),#118,.F.);
#3469=ADVANCED_FACE('',(#1186),#119,.F.);
#3470=ADVANCED_FACE('',(#1187),#120,.F.);
#3471=ADVANCED_FACE('',(#1188),#121,.F.);
#3472=ADVANCED_FACE('',(#1189),#122,.F.);
#3473=ADVANCED_FACE('',(#1190),#123,.F.);
#3474=ADVANCED_FACE('',(#1191),#124,.F.);
#3475=ADVANCED_FACE('',(#1192),#125,.F.);
#3476=ADVANCED_FACE('',(#1193),#126,.F.);
#3477=ADVANCED_FACE('',(#1194),#127,.F.);
#3478=ADVANCED_FACE('',(#1195),#128,.F.);
#3479=ADVANCED_FACE('',(#1196),#129,.F.);
#3480=ADVANCED_FACE('',(#1197),#130,.F.);
#3481=ADVANCED_FACE('',(#1198),#131,.F.);
#3482=ADVANCED_FACE('',(#1199),#132,.F.);
#3483=ADVANCED_FACE('',(#1200),#998,.T.);
#3484=ADVANCED_FACE('',(#1201),#999,.T.);
#3485=ADVANCED_FACE('',(#1202),#1000,.T.);
#3486=ADVANCED_FACE('',(#1203),#1001,.T.);
#3487=ADVANCED_FACE('',(#1204),#1002,.T.);
#3488=ADVANCED_FACE('',(#1205),#1003,.T.);
#3489=ADVANCED_FACE('',(#1206),#1004,.T.);
#3490=ADVANCED_FACE('',(#1207),#1005,.T.);
#3491=ADVANCED_FACE('',(#1208),#133,.F.);
#3492=ADVANCED_FACE('',(#1209),#134,.F.);
#3493=ADVANCED_FACE('',(#1210),#135,.F.);
#3494=ADVANCED_FACE('',(#1211),#136,.F.);
#3495=ADVANCED_FACE('',(#1212),#137,.F.);
#3496=ADVANCED_FACE('',(#1213),#138,.F.);
#3497=ADVANCED_FACE('',(#1214),#139,.F.);
#3498=ADVANCED_FACE('',(#1215),#140,.F.);
#3499=ADVANCED_FACE('',(#1216),#141,.F.);
#3500=ADVANCED_FACE('',(#1217),#142,.F.);
#3501=ADVANCED_FACE('',(#1218),#143,.F.);
#3502=ADVANCED_FACE('',(#1219),#144,.F.);
#3503=ADVANCED_FACE('',(#1220),#145,.F.);
#3504=ADVANCED_FACE('',(#1221),#146,.F.);
#3505=ADVANCED_FACE('',(#1222),#147,.F.);
#3506=ADVANCED_FACE('',(#1223),#148,.F.);
#3507=ADVANCED_FACE('',(#1224),#1006,.T.);
#3508=ADVANCED_FACE('',(#1225),#1007,.T.);
#3509=ADVANCED_FACE('',(#1226),#1008,.T.);
#3510=ADVANCED_FACE('',(#1227),#1009,.T.);
#3511=ADVANCED_FACE('',(#1228),#1010,.T.);
#3512=ADVANCED_FACE('',(#1229),#1011,.T.);
#3513=ADVANCED_FACE('',(#1230),#1012,.T.);
#3514=ADVANCED_FACE('',(#1231),#1013,.T.);
#3515=ADVANCED_FACE('',(#1232),#1014,.T.);
#3516=ADVANCED_FACE('',(#1233),#1015,.T.);
#3517=ADVANCED_FACE('',(#1234),#1016,.T.);
#3518=ADVANCED_FACE('',(#1235),#1017,.T.);
#3519=ADVANCED_FACE('',(#1236),#1018,.T.);
#3520=ADVANCED_FACE('',(#1237),#1019,.T.);
#3521=ADVANCED_FACE('',(#1238),#1020,.T.);
#3522=ADVANCED_FACE('',(#1239),#1021,.T.);
#3523=ADVANCED_FACE('',(#1240),#1022,.T.);
#3524=ADVANCED_FACE('',(#1241),#1023,.T.);
#3525=ADVANCED_FACE('',(#1242),#1024,.T.);
#3526=ADVANCED_FACE('',(#1243),#1025,.T.);
#3527=ADVANCED_FACE('',(#1244),#1026,.T.);
#3528=ADVANCED_FACE('',(#1245),#1027,.T.);
#3529=ADVANCED_FACE('',(#1246),#1028,.T.);
#3530=ADVANCED_FACE('',(#1247),#1029,.T.);
#3531=ADVANCED_FACE('',(#1248),#1030,.T.);
#3532=ADVANCED_FACE('',(#1249),#1031,.T.);
#3533=ADVANCED_FACE('',(#1250),#1032,.T.);
#3534=ADVANCED_FACE('',(#1251),#1033,.T.);
#3535=ADVANCED_FACE('',(#1252),#1034,.T.);
#3536=ADVANCED_FACE('',(#1253),#1035,.T.);
#3537=ADVANCED_FACE('',(#1254),#1036,.T.);
#3538=ADVANCED_FACE('',(#1255),#1037,.T.);
#3539=ADVANCED_FACE('',(#1256),#1038,.T.);
#3540=ADVANCED_FACE('',(#1257),#1039,.T.);
#3541=ADVANCED_FACE('',(#1258),#1040,.T.);
#3542=ADVANCED_FACE('',(#1259),#1041,.T.);
#3543=ADVANCED_FACE('',(#1260),#1042,.T.);
#3544=ADVANCED_FACE('',(#1261),#1043,.T.);
#3545=ADVANCED_FACE('',(#1262),#1044,.T.);
#3546=ADVANCED_FACE('',(#1263),#1045,.T.);
#3547=ADVANCED_FACE('',(#1264),#1046,.T.);
#3548=ADVANCED_FACE('',(#1265),#1047,.T.);
#3549=ADVANCED_FACE('',(#1266),#1048,.T.);
#3550=ADVANCED_FACE('',(#1267),#1049,.T.);
#3551=ADVANCED_FACE('',(#1268),#1050,.T.);
#3552=ADVANCED_FACE('',(#1269),#1051,.T.);
#3553=ADVANCED_FACE('',(#1270),#1052,.T.);
#3554=ADVANCED_FACE('',(#1271),#1053,.T.);
#3555=ADVANCED_FACE('',(#1272),#1054,.T.);
#3556=ADVANCED_FACE('',(#1273),#1055,.T.);
#3557=ADVANCED_FACE('',(#1274),#1056,.T.);
#3558=ADVANCED_FACE('',(#1275),#1057,.T.);
#3559=ADVANCED_FACE('',(#1276),#1058,.T.);
#3560=ADVANCED_FACE('',(#1277),#1059,.T.);
#3561=ADVANCED_FACE('',(#1278),#1060,.T.);
#3562=ADVANCED_FACE('',(#1279),#1061,.T.);
#3563=ADVANCED_FACE('',(#1280),#1062,.T.);
#3564=ADVANCED_FACE('',(#1281),#1063,.T.);
#3565=ADVANCED_FACE('',(#1282),#1064,.T.);
#3566=ADVANCED_FACE('',(#1283),#1065,.T.);
#3567=ADVANCED_FACE('',(#1284),#1066,.T.);
#3568=ADVANCED_FACE('',(#1285),#1067,.T.);
#3569=ADVANCED_FACE('',(#1286),#1068,.T.);
#3570=ADVANCED_FACE('',(#1287),#1069,.T.);
#3571=ADVANCED_FACE('',(#1288),#1070,.T.);
#3572=ADVANCED_FACE('',(#1289),#1071,.T.);
#3573=ADVANCED_FACE('',(#1290),#1072,.T.);
#3574=ADVANCED_FACE('',(#1291),#1073,.T.);
#3575=ADVANCED_FACE('',(#1292),#1074,.T.);
#3576=ADVANCED_FACE('',(#1293),#1075,.T.);
#3577=ADVANCED_FACE('',(#1294),#1076,.T.);
#3578=ADVANCED_FACE('',(#1295),#1077,.T.);
#3579=ADVANCED_FACE('',(#1296),#1078,.T.);
#3580=ADVANCED_FACE('',(#1297),#1079,.T.);
#3581=ADVANCED_FACE('',(#1298),#1080,.T.);
#3582=ADVANCED_FACE('',(#1299),#1081,.T.);
#3583=ADVANCED_FACE('',(#1300),#1082,.T.);
#3584=ADVANCED_FACE('',(#1301),#1083,.T.);
#3585=ADVANCED_FACE('',(#1302),#1084,.T.);
#3586=ADVANCED_FACE('',(#1303),#1085,.T.);
#3587=ADVANCED_FACE('',(#1304),#1086,.T.);
#3588=ADVANCED_FACE('',(#1305),#1087,.T.);
#3589=ADVANCED_FACE('',(#1306),#1088,.T.);
#3590=ADVANCED_FACE('',(#1307),#1089,.T.);
#3591=ADVANCED_FACE('',(#1308),#1090,.T.);
#3592=ADVANCED_FACE('',(#1309),#1091,.T.);
#3593=ADVANCED_FACE('',(#1310),#1092,.T.);
#3594=ADVANCED_FACE('',(#1311),#1093,.T.);
#3595=ADVANCED_FACE('',(#1312),#1094,.T.);
#3596=ADVANCED_FACE('',(#1313),#1095,.T.);
#3597=ADVANCED_FACE('',(#1314),#1096,.T.);
#3598=ADVANCED_FACE('',(#1315),#1097,.T.);
#3599=ADVANCED_FACE('',(#1316),#1098,.T.);
#3600=ADVANCED_FACE('',(#1317),#1099,.T.);
#3601=ADVANCED_FACE('',(#1318),#1100,.T.);
#3602=ADVANCED_FACE('',(#1319),#1101,.T.);
#3603=ADVANCED_FACE('',(#1320),#1102,.T.);
#3604=ADVANCED_FACE('',(#1321),#1103,.T.);
#3605=ADVANCED_FACE('',(#1322),#1104,.T.);
#3606=ADVANCED_FACE('',(#1323),#1105,.T.);
#3607=ADVANCED_FACE('',(#1324),#1106,.T.);
#3608=ADVANCED_FACE('',(#1325),#1107,.T.);
#3609=ADVANCED_FACE('',(#1326),#1108,.T.);
#3610=ADVANCED_FACE('',(#1327),#1109,.T.);
#3611=ADVANCED_FACE('',(#1328),#1110,.T.);
#3612=ADVANCED_FACE('',(#1329),#1111,.T.);
#3613=ADVANCED_FACE('',(#1330),#1112,.T.);
#3614=ADVANCED_FACE('',(#1331),#1113,.T.);
#3615=ADVANCED_FACE('',(#1332),#149,.F.);
#3616=ADVANCED_FACE('',(#1333),#1114,.T.);
#3617=ADVANCED_FACE('',(#1334),#150,.F.);
#3618=ADVANCED_FACE('',(#1335,#162),#1115,.T.);
#3619=ADVANCED_FACE('',(#1336),#151,.F.);
#3620=ADVANCED_FACE('',(#1337,#163),#1116,.T.);
#3621=ADVANCED_FACE('',(#1338),#1117,.T.);
#3622=ADVANCED_FACE('',(#1339),#152,.F.);
#3623=ADVANCED_FACE('',(#1340,#164),#1118,.T.);
#3624=ADVANCED_FACE('',(#1341),#1119,.T.);
#3625=ADVANCED_FACE('',(#1342),#153,.F.);
#3626=ADVANCED_FACE('',(#1343,#165),#1120,.T.);
#3627=ADVANCED_FACE('',(#1344),#1121,.T.);
#3628=ADVANCED_FACE('',(#1345),#1122,.T.);
#3629=ADVANCED_FACE('',(#1346),#1123,.T.);
#3630=ADVANCED_FACE('',(#1347),#1124,.T.);
#3631=ADVANCED_FACE('',(#1348),#1125,.T.);
#3632=CLOSED_SHELL('',(#3409,#3410,#3411,#3412,#3413,#3414,#3415,#3416,
#3417,#3418,#3419,#3420,#3421,#3422,#3423,#3424,#3425,#3426,#3427,#3428,
#3429,#3430,#3431,#3432,#3433,#3434,#3435,#3436,#3437,#3438,#3439,#3440,
#3441,#3442,#3443,#3444,#3445,#3446,#3447,#3448,#3449,#3450,#3451,#3452,
#3453,#3454,#3455,#3456,#3457,#3458,#3459,#3460,#3461,#3462,#3463,#3464,
#3465,#3466,#3467,#3468,#3469,#3470,#3471,#3472,#3473,#3474,#3475,#3476,
#3477,#3478,#3479,#3480,#3481,#3482,#3483,#3484,#3485,#3486,#3487,#3488,
#3489,#3490,#3491,#3492,#3493,#3494,#3495,#3496,#3497,#3498,#3499,#3500,
#3501,#3502,#3503,#3504,#3505,#3506,#3507,#3508,#3509,#3510,#3511,#3512,
#3513,#3514,#3515,#3516,#3517,#3518,#3519,#3520,#3521,#3522,#3523,#3524,
#3525,#3526,#3527,#3528,#3529,#3530,#3531,#3532,#3533,#3534,#3535,#3536,
#3537,#3538,#3539,#3540,#3541,#3542,#3543,#3544,#3545,#3546,#3547,#3548,
#3549,#3550,#3551,#3552,#3553,#3554,#3555,#3556,#3557,#3558,#3559,#3560,
#3561,#3562,#3563,#3564,#3565,#3566,#3567,#3568,#3569,#3570,#3571,#3572,
#3573,#3574,#3575,#3576,#3577,#3578,#3579,#3580,#3581,#3582,#3583,#3584,
#3585,#3586,#3587,#3588,#3589,#3590,#3591,#3592,#3593,#3594,#3595,#3596,
#3597,#3598,#3599,#3600,#3601,#3602,#3603,#3604,#3605,#3606,#3607,#3608,
#3609,#3610,#3611,#3612,#3613,#3614,#3615,#3616,#3617,#3618,#3619,#3620,
#3621,#3622,#3623,#3624,#3625,#3626,#3627,#3628,#3629,#3630,#3631));
#3633=DERIVED_UNIT_ELEMENT(#3635,1.);
#3634=DERIVED_UNIT_ELEMENT(#6066,-3.);
#3635=(
MASS_UNIT()
NAMED_UNIT(*)
SI_UNIT(.KILO.,.GRAM.)
);
#3636=DERIVED_UNIT((#3633,#3634));
#3637=MEASURE_REPRESENTATION_ITEM('density measure',
POSITIVE_RATIO_MEASURE(7850.),#3636);
#3638=PROPERTY_DEFINITION_REPRESENTATION(#3643,#3640);
#3639=PROPERTY_DEFINITION_REPRESENTATION(#3644,#3641);
#3640=REPRESENTATION('material name',(#3642),#6063);
#3641=REPRESENTATION('density',(#3637),#6063);
#3642=DESCRIPTIVE_REPRESENTATION_ITEM('\X2\92FC\X0\','\X2\92FC\X0\');
#3643=PROPERTY_DEFINITION('material property','material name',#6073);
#3644=PROPERTY_DEFINITION('material property','density of part',#6073);
#3645=AXIS2_PLACEMENT_3D('',#5000,#3961,#3962);
#3646=AXIS2_PLACEMENT_3D('',#5001,#3963,#3964);
#3647=AXIS2_PLACEMENT_3D('',#5003,#3965,#3966);
#3648=AXIS2_PLACEMENT_3D('',#5005,#3967,#3968);
#3649=AXIS2_PLACEMENT_3D('',#5006,#3969,#3970);
#3650=AXIS2_PLACEMENT_3D('',#5007,#3971,#3972);
#3651=AXIS2_PLACEMENT_3D('',#5010,#3973,#3974);
#3652=AXIS2_PLACEMENT_3D('',#5014,#3976,#3977);
#3653=AXIS2_PLACEMENT_3D('',#5016,#3978,#3979);
#3654=AXIS2_PLACEMENT_3D('',#5027,#3985,#3986);
#3655=AXIS2_PLACEMENT_3D('',#5029,#3987,#3988);
#3656=AXIS2_PLACEMENT_3D('',#5031,#3989,#3990);
#3657=AXIS2_PLACEMENT_3D('',#5032,#3991,#3992);
#3658=AXIS2_PLACEMENT_3D('',#5034,#3993,#3994);
#3659=AXIS2_PLACEMENT_3D('',#5036,#3996,#3997);
#3660=AXIS2_PLACEMENT_3D('',#5038,#3998,#3999);
#3661=AXIS2_PLACEMENT_3D('',#5039,#4000,#4001);
#3662=AXIS2_PLACEMENT_3D('',#5040,#4002,#4003);
#3663=AXIS2_PLACEMENT_3D('',#5042,#4004,#4005);
#3664=AXIS2_PLACEMENT_3D('',#5044,#4007,#4008);
#3665=AXIS2_PLACEMENT_3D('',#5046,#4009,#4010);
#3666=AXIS2_PLACEMENT_3D('',#5047,#4011,#4012);
#3667=AXIS2_PLACEMENT_3D('',#5078,#4013,#4014);
#3668=AXIS2_PLACEMENT_3D('',#5080,#4015,#4016);
#3669=AXIS2_PLACEMENT_3D('',#5082,#4018,#4019);
#3670=AXIS2_PLACEMENT_3D('',#5084,#4020,#4021);
#3671=AXIS2_PLACEMENT_3D('',#5085,#4022,#4023);
#3672=AXIS2_PLACEMENT_3D('',#5104,#4024,#4025);
#3673=AXIS2_PLACEMENT_3D('',#5106,#4026,#4027);
#3674=AXIS2_PLACEMENT_3D('',#5108,#4029,#4030);
#3675=AXIS2_PLACEMENT_3D('',#5113,#4032,#4033);
#3676=AXIS2_PLACEMENT_3D('',#5116,#4035,#4036);
#3677=AXIS2_PLACEMENT_3D('',#5117,#4037,#4038);
#3678=AXIS2_PLACEMENT_3D('',#5121,#4040,#4041);
#3679=AXIS2_PLACEMENT_3D('',#5123,#4043,#4044);
#3680=AXIS2_PLACEMENT_3D('',#5127,#4046,#4047);
#3681=AXIS2_PLACEMENT_3D('',#5129,#4049,#4050);
#3682=AXIS2_PLACEMENT_3D('',#5133,#4052,#4053);
#3683=AXIS2_PLACEMENT_3D('',#5135,#4055,#4056);
#3684=AXIS2_PLACEMENT_3D('',#5139,#4058,#4059);
#3685=AXIS2_PLACEMENT_3D('',#5141,#4061,#4062);
#3686=AXIS2_PLACEMENT_3D('',#5146,#4064,#4065);
#3687=AXIS2_PLACEMENT_3D('',#5149,#4067,#4068);
#3688=AXIS2_PLACEMENT_3D('',#5150,#4069,#4070);
#3689=AXIS2_PLACEMENT_3D('',#5154,#4072,#4073);
#3690=AXIS2_PLACEMENT_3D('',#5156,#4075,#4076);
#3691=AXIS2_PLACEMENT_3D('',#5160,#4078,#4079);
#3692=AXIS2_PLACEMENT_3D('',#5162,#4081,#4082);
#3693=AXIS2_PLACEMENT_3D('',#5167,#4085,#4086);
#3694=AXIS2_PLACEMENT_3D('',#5168,#4087,#4088);
#3695=AXIS2_PLACEMENT_3D('',#5171,#4091,#4092);
#3696=AXIS2_PLACEMENT_3D('',#5176,#4095,#4096);
#3697=AXIS2_PLACEMENT_3D('',#5177,#4097,#4098);
#3698=AXIS2_PLACEMENT_3D('',#5182,#4101,#4102);
#3699=AXIS2_PLACEMENT_3D('',#5183,#4103,#4104);
#3700=AXIS2_PLACEMENT_3D('',#5188,#4107,#4108);
#3701=AXIS2_PLACEMENT_3D('',#5189,#4109,#4110);
#3702=AXIS2_PLACEMENT_3D('',#5194,#4113,#4114);
#3703=AXIS2_PLACEMENT_3D('',#5195,#4115,#4116);
#3704=AXIS2_PLACEMENT_3D('',#5200,#4119,#4120);
#3705=AXIS2_PLACEMENT_3D('',#5201,#4121,#4122);
#3706=AXIS2_PLACEMENT_3D('',#5204,#4125,#4126);
#3707=AXIS2_PLACEMENT_3D('',#5210,#4130,#4131);
#3708=AXIS2_PLACEMENT_3D('',#5214,#4134,#4135);
#3709=AXIS2_PLACEMENT_3D('',#5218,#4138,#4139);
#3710=AXIS2_PLACEMENT_3D('',#5222,#4142,#4143);
#3711=AXIS2_PLACEMENT_3D('',#5226,#4146,#4147);
#3712=AXIS2_PLACEMENT_3D('',#5230,#4150,#4151);
#3713=AXIS2_PLACEMENT_3D('',#5234,#4154,#4155);
#3714=AXIS2_PLACEMENT_3D('',#5238,#4158,#4159);
#3715=AXIS2_PLACEMENT_3D('',#5312,#4196,#4197);
#3716=AXIS2_PLACEMENT_3D('',#5345,#4214,#4215);
#3717=AXIS2_PLACEMENT_3D('',#5349,#4217,#4218);
#3718=AXIS2_PLACEMENT_3D('',#5350,#4219,#4220);
#3719=AXIS2_PLACEMENT_3D('',#5351,#4221,#4222);
#3720=AXIS2_PLACEMENT_3D('',#5353,#4223,#4224);
#3721=AXIS2_PLACEMENT_3D('',#5356,#4226,#4227);
#3722=AXIS2_PLACEMENT_3D('',#5357,#4228,#4229);
#3723=AXIS2_PLACEMENT_3D('',#5360,#4231,#4232);
#3724=AXIS2_PLACEMENT_3D('',#5361,#4233,#4234);
#3725=AXIS2_PLACEMENT_3D('',#5364,#4236,#4237);
#3726=AXIS2_PLACEMENT_3D('',#5365,#4238,#4239);
#3727=AXIS2_PLACEMENT_3D('',#5368,#4241,#4242);
#3728=AXIS2_PLACEMENT_3D('',#5369,#4243,#4244);
#3729=AXIS2_PLACEMENT_3D('',#5372,#4246,#4247);
#3730=AXIS2_PLACEMENT_3D('',#5373,#4248,#4249);
#3731=AXIS2_PLACEMENT_3D('',#5376,#4251,#4252);
#3732=AXIS2_PLACEMENT_3D('',#5377,#4253,#4254);
#3733=AXIS2_PLACEMENT_3D('',#5380,#4256,#4257);
#3734=AXIS2_PLACEMENT_3D('',#5381,#4258,#4259);
#3735=AXIS2_PLACEMENT_3D('',#5384,#4261,#4262);
#3736=AXIS2_PLACEMENT_3D('',#5385,#4263,#4264);
#3737=AXIS2_PLACEMENT_3D('',#5388,#4266,#4267);
#3738=AXIS2_PLACEMENT_3D('',#5389,#4268,#4269);
#3739=AXIS2_PLACEMENT_3D('',#5392,#4271,#4272);
#3740=AXIS2_PLACEMENT_3D('',#5393,#4273,#4274);
#3741=AXIS2_PLACEMENT_3D('',#5396,#4276,#4277);
#3742=AXIS2_PLACEMENT_3D('',#5397,#4278,#4279);
#3743=AXIS2_PLACEMENT_3D('',#5400,#4281,#4282);
#3744=AXIS2_PLACEMENT_3D('',#5401,#4283,#4284);
#3745=AXIS2_PLACEMENT_3D('',#5403,#4286,#4287);
#3746=AXIS2_PLACEMENT_3D('',#5406,#4289,#4290);
#3747=AXIS2_PLACEMENT_3D('',#5407,#4291,#4292);
#3748=AXIS2_PLACEMENT_3D('',#5409,#4294,#4295);
#3749=AXIS2_PLACEMENT_3D('',#5415,#4299,#4300);
#3750=AXIS2_PLACEMENT_3D('',#5419,#4303,#4304);
#3751=AXIS2_PLACEMENT_3D('',#5423,#4307,#4308);
#3752=AXIS2_PLACEMENT_3D('',#5427,#4311,#4312);
#3753=AXIS2_PLACEMENT_3D('',#5431,#4315,#4316);
#3754=AXIS2_PLACEMENT_3D('',#5435,#4319,#4320);
#3755=AXIS2_PLACEMENT_3D('',#5439,#4323,#4324);
#3756=AXIS2_PLACEMENT_3D('',#5443,#4327,#4328);
#3757=AXIS2_PLACEMENT_3D('',#5447,#4330,#4331);
#3758=AXIS2_PLACEMENT_3D('',#5448,#4332,#4333);
#3759=AXIS2_PLACEMENT_3D('',#5449,#4334,#4335);
#3760=AXIS2_PLACEMENT_3D('',#5452,#4337,#4338);
#3761=AXIS2_PLACEMENT_3D('',#5453,#4339,#4340);
#3762=AXIS2_PLACEMENT_3D('',#5456,#4342,#4343);
#3763=AXIS2_PLACEMENT_3D('',#5457,#4344,#4345);
#3764=AXIS2_PLACEMENT_3D('',#5460,#4347,#4348);
#3765=AXIS2_PLACEMENT_3D('',#5461,#4349,#4350);
#3766=AXIS2_PLACEMENT_3D('',#5464,#4352,#4353);
#3767=AXIS2_PLACEMENT_3D('',#5465,#4354,#4355);
#3768=AXIS2_PLACEMENT_3D('',#5469,#4357,#4358);
#3769=AXIS2_PLACEMENT_3D('',#5470,#4359,#4360);
#3770=AXIS2_PLACEMENT_3D('',#5471,#4361,#4362);
#3771=AXIS2_PLACEMENT_3D('',#5474,#4364,#4365);
#3772=AXIS2_PLACEMENT_3D('',#5475,#4366,#4367);
#3773=AXIS2_PLACEMENT_3D('',#5478,#4369,#4370);
#3774=AXIS2_PLACEMENT_3D('',#5479,#4371,#4372);
#3775=AXIS2_PLACEMENT_3D('',#5481,#4374,#4375);
#3776=AXIS2_PLACEMENT_3D('',#5484,#4377,#4378);
#3777=AXIS2_PLACEMENT_3D('',#5485,#4379,#4380);
#3778=AXIS2_PLACEMENT_3D('',#5488,#4382,#4383);
#3779=AXIS2_PLACEMENT_3D('',#5489,#4384,#4385);
#3780=AXIS2_PLACEMENT_3D('',#5492,#4387,#4388);
#3781=AXIS2_PLACEMENT_3D('',#5493,#4389,#4390);
#3782=AXIS2_PLACEMENT_3D('',#5496,#4392,#4393);
#3783=AXIS2_PLACEMENT_3D('',#5497,#4394,#4395);
#3784=AXIS2_PLACEMENT_3D('',#5500,#4397,#4398);
#3785=AXIS2_PLACEMENT_3D('',#5501,#4399,#4400);
#3786=AXIS2_PLACEMENT_3D('',#5504,#4402,#4403);
#3787=AXIS2_PLACEMENT_3D('',#5505,#4404,#4405);
#3788=AXIS2_PLACEMENT_3D('',#5507,#4407,#4408);
#3789=AXIS2_PLACEMENT_3D('',#5513,#4412,#4413);
#3790=AXIS2_PLACEMENT_3D('',#5517,#4416,#4417);
#3791=AXIS2_PLACEMENT_3D('',#5521,#4420,#4421);
#3792=AXIS2_PLACEMENT_3D('',#5525,#4424,#4425);
#3793=AXIS2_PLACEMENT_3D('',#5529,#4428,#4429);
#3794=AXIS2_PLACEMENT_3D('',#5533,#4432,#4433);
#3795=AXIS2_PLACEMENT_3D('',#5537,#4436,#4437);
#3796=AXIS2_PLACEMENT_3D('',#5541,#4440,#4441);
#3797=AXIS2_PLACEMENT_3D('',#5545,#4443,#4444);
#3798=AXIS2_PLACEMENT_3D('',#5546,#4445,#4446);
#3799=AXIS2_PLACEMENT_3D('',#5547,#4447,#4448);
#3800=AXIS2_PLACEMENT_3D('',#5550,#4450,#4451);
#3801=AXIS2_PLACEMENT_3D('',#5551,#4452,#4453);
#3802=AXIS2_PLACEMENT_3D('',#5554,#4455,#4456);
#3803=AXIS2_PLACEMENT_3D('',#5555,#4457,#4458);
#3804=AXIS2_PLACEMENT_3D('',#5558,#4460,#4461);
#3805=AXIS2_PLACEMENT_3D('',#5559,#4462,#4463);
#3806=AXIS2_PLACEMENT_3D('',#5562,#4465,#4466);
#3807=AXIS2_PLACEMENT_3D('',#5563,#4467,#4468);
#3808=AXIS2_PLACEMENT_3D('',#5566,#4470,#4471);
#3809=AXIS2_PLACEMENT_3D('',#5567,#4472,#4473);
#3810=AXIS2_PLACEMENT_3D('',#5569,#4474,#4475);
#3811=AXIS2_PLACEMENT_3D('',#5572,#4477,#4478);
#3812=AXIS2_PLACEMENT_3D('',#5573,#4479,#4480);
#3813=AXIS2_PLACEMENT_3D('',#5576,#4482,#4483);
#3814=AXIS2_PLACEMENT_3D('',#5577,#4484,#4485);
#3815=AXIS2_PLACEMENT_3D('',#5579,#4487,#4488);
#3816=AXIS2_PLACEMENT_3D('',#5582,#4490,#4491);
#3817=AXIS2_PLACEMENT_3D('',#5583,#4492,#4493);
#3818=AXIS2_PLACEMENT_3D('',#5586,#4495,#4496);
#3819=AXIS2_PLACEMENT_3D('',#5587,#4497,#4498);
#3820=AXIS2_PLACEMENT_3D('',#5590,#4500,#4501);
#3821=AXIS2_PLACEMENT_3D('',#5591,#4502,#4503);
#3822=AXIS2_PLACEMENT_3D('',#5594,#4505,#4506);
#3823=AXIS2_PLACEMENT_3D('',#5595,#4507,#4508);
#3824=AXIS2_PLACEMENT_3D('',#5598,#4510,#4511);
#3825=AXIS2_PLACEMENT_3D('',#5599,#4512,#4513);
#3826=AXIS2_PLACEMENT_3D('',#5602,#4515,#4516);
#3827=AXIS2_PLACEMENT_3D('',#5603,#4517,#4518);
#3828=AXIS2_PLACEMENT_3D('',#5605,#4520,#4521);
#3829=AXIS2_PLACEMENT_3D('',#5611,#4525,#4526);
#3830=AXIS2_PLACEMENT_3D('',#5615,#4529,#4530);
#3831=AXIS2_PLACEMENT_3D('',#5619,#4533,#4534);
#3832=AXIS2_PLACEMENT_3D('',#5623,#4537,#4538);
#3833=AXIS2_PLACEMENT_3D('',#5627,#4541,#4542);
#3834=AXIS2_PLACEMENT_3D('',#5631,#4545,#4546);
#3835=AXIS2_PLACEMENT_3D('',#5635,#4549,#4550);
#3836=AXIS2_PLACEMENT_3D('',#5639,#4553,#4554);
#3837=AXIS2_PLACEMENT_3D('',#5645,#4558,#4559);
#3838=AXIS2_PLACEMENT_3D('',#5651,#4563,#4564);
#3839=AXIS2_PLACEMENT_3D('',#5657,#4568,#4569);
#3840=AXIS2_PLACEMENT_3D('',#5663,#4573,#4574);
#3841=AXIS2_PLACEMENT_3D('',#5669,#4578,#4579);
#3842=AXIS2_PLACEMENT_3D('',#5675,#4583,#4584);
#3843=AXIS2_PLACEMENT_3D('',#5681,#4588,#4589);
#3844=AXIS2_PLACEMENT_3D('',#5687,#4593,#4594);
#3845=AXIS2_PLACEMENT_3D('',#5692,#4598,#4599);
#3846=AXIS2_PLACEMENT_3D('',#5696,#4602,#4603);
#3847=AXIS2_PLACEMENT_3D('',#5700,#4606,#4607);
#3848=AXIS2_PLACEMENT_3D('',#5704,#4610,#4611);
#3849=AXIS2_PLACEMENT_3D('',#5708,#4614,#4615);
#3850=AXIS2_PLACEMENT_3D('',#5712,#4618,#4619);
#3851=AXIS2_PLACEMENT_3D('',#5716,#4622,#4623);
#3852=AXIS2_PLACEMENT_3D('',#5718,#4625,#4626);
#3853=AXIS2_PLACEMENT_3D('',#5719,#4627,#4628);
#3854=AXIS2_PLACEMENT_3D('',#5725,#4632,#4633);
#3855=AXIS2_PLACEMENT_3D('',#5731,#4637,#4638);
#3856=AXIS2_PLACEMENT_3D('',#5737,#4642,#4643);
#3857=AXIS2_PLACEMENT_3D('',#5743,#4647,#4648);
#3858=AXIS2_PLACEMENT_3D('',#5749,#4652,#4653);
#3859=AXIS2_PLACEMENT_3D('',#5755,#4657,#4658);
#3860=AXIS2_PLACEMENT_3D('',#5761,#4662,#4663);
#3861=AXIS2_PLACEMENT_3D('',#5767,#4667,#4668);
#3862=AXIS2_PLACEMENT_3D('',#5772,#4672,#4673);
#3863=AXIS2_PLACEMENT_3D('',#5776,#4676,#4677);
#3864=AXIS2_PLACEMENT_3D('',#5780,#4680,#4681);
#3865=AXIS2_PLACEMENT_3D('',#5784,#4684,#4685);
#3866=AXIS2_PLACEMENT_3D('',#5788,#4688,#4689);
#3867=AXIS2_PLACEMENT_3D('',#5792,#4692,#4693);
#3868=AXIS2_PLACEMENT_3D('',#5796,#4696,#4697);
#3869=AXIS2_PLACEMENT_3D('',#5798,#4699,#4700);
#3870=AXIS2_PLACEMENT_3D('',#5799,#4701,#4702);
#3871=AXIS2_PLACEMENT_3D('',#5805,#4706,#4707);
#3872=AXIS2_PLACEMENT_3D('',#5811,#4711,#4712);
#3873=AXIS2_PLACEMENT_3D('',#5817,#4716,#4717);
#3874=AXIS2_PLACEMENT_3D('',#5823,#4721,#4722);
#3875=AXIS2_PLACEMENT_3D('',#5829,#4726,#4727);
#3876=AXIS2_PLACEMENT_3D('',#5835,#4731,#4732);
#3877=AXIS2_PLACEMENT_3D('',#5841,#4736,#4737);
#3878=AXIS2_PLACEMENT_3D('',#5847,#4741,#4742);
#3879=AXIS2_PLACEMENT_3D('',#5852,#4746,#4747);
#3880=AXIS2_PLACEMENT_3D('',#5856,#4750,#4751);
#3881=AXIS2_PLACEMENT_3D('',#5860,#4754,#4755);
#3882=AXIS2_PLACEMENT_3D('',#5864,#4758,#4759);
#3883=AXIS2_PLACEMENT_3D('',#5868,#4762,#4763);
#3884=AXIS2_PLACEMENT_3D('',#5872,#4766,#4767);
#3885=AXIS2_PLACEMENT_3D('',#5876,#4770,#4771);
#3886=AXIS2_PLACEMENT_3D('',#5878,#4773,#4774);
#3887=AXIS2_PLACEMENT_3D('',#5879,#4775,#4776);
#3888=AXIS2_PLACEMENT_3D('',#5885,#4780,#4781);
#3889=AXIS2_PLACEMENT_3D('',#5891,#4785,#4786);
#3890=AXIS2_PLACEMENT_3D('',#5897,#4790,#4791);
#3891=AXIS2_PLACEMENT_3D('',#5903,#4795,#4796);
#3892=AXIS2_PLACEMENT_3D('',#5909,#4800,#4801);
#3893=AXIS2_PLACEMENT_3D('',#5915,#4805,#4806);
#3894=AXIS2_PLACEMENT_3D('',#5921,#4810,#4811);
#3895=AXIS2_PLACEMENT_3D('',#5927,#4815,#4816);
#3896=AXIS2_PLACEMENT_3D('',#5932,#4820,#4821);
#3897=AXIS2_PLACEMENT_3D('',#5936,#4824,#4825);
#3898=AXIS2_PLACEMENT_3D('',#5940,#4828,#4829);
#3899=AXIS2_PLACEMENT_3D('',#5944,#4832,#4833);
#3900=AXIS2_PLACEMENT_3D('',#5948,#4836,#4837);
#3901=AXIS2_PLACEMENT_3D('',#5952,#4840,#4841);
#3902=AXIS2_PLACEMENT_3D('',#5956,#4844,#4845);
#3903=AXIS2_PLACEMENT_3D('',#5958,#4847,#4848);
#3904=AXIS2_PLACEMENT_3D('',#5959,#4849,#4850);
#3905=AXIS2_PLACEMENT_3D('',#5961,#4852,#4853);
#3906=AXIS2_PLACEMENT_3D('',#5963,#4855,#4856);
#3907=AXIS2_PLACEMENT_3D('',#5965,#4858,#4859);
#3908=AXIS2_PLACEMENT_3D('',#5967,#4861,#4862);
#3909=AXIS2_PLACEMENT_3D('',#5969,#4864,#4865);
#3910=AXIS2_PLACEMENT_3D('',#5971,#4867,#4868);
#3911=AXIS2_PLACEMENT_3D('',#5973,#4870,#4871);
#3912=AXIS2_PLACEMENT_3D('',#5974,#4872,#4873);
#3913=AXIS2_PLACEMENT_3D('',#5976,#4875,#4876);
#3914=AXIS2_PLACEMENT_3D('',#5978,#4878,#4879);
#3915=AXIS2_PLACEMENT_3D('',#5980,#4881,#4882);
#3916=AXIS2_PLACEMENT_3D('',#5982,#4884,#4885);
#3917=AXIS2_PLACEMENT_3D('',#5984,#4887,#4888);
#3918=AXIS2_PLACEMENT_3D('',#5986,#4890,#4891);
#3919=AXIS2_PLACEMENT_3D('',#5988,#4893,#4894);
#3920=AXIS2_PLACEMENT_3D('',#5989,#4895,#4896);
#3921=AXIS2_PLACEMENT_3D('',#5991,#4898,#4899);
#3922=AXIS2_PLACEMENT_3D('',#5993,#4901,#4902);
#3923=AXIS2_PLACEMENT_3D('',#5995,#4904,#4905);
#3924=AXIS2_PLACEMENT_3D('',#5997,#4907,#4908);
#3925=AXIS2_PLACEMENT_3D('',#5999,#4910,#4911);
#3926=AXIS2_PLACEMENT_3D('',#6001,#4913,#4914);
#3927=AXIS2_PLACEMENT_3D('',#6003,#4916,#4917);
#3928=AXIS2_PLACEMENT_3D('',#6004,#4918,#4919);
#3929=AXIS2_PLACEMENT_3D('',#6006,#4921,#4922);
#3930=AXIS2_PLACEMENT_3D('',#6008,#4924,#4925);
#3931=AXIS2_PLACEMENT_3D('',#6010,#4927,#4928);
#3932=AXIS2_PLACEMENT_3D('',#6012,#4930,#4931);
#3933=AXIS2_PLACEMENT_3D('',#6014,#4933,#4934);
#3934=AXIS2_PLACEMENT_3D('',#6016,#4936,#4937);
#3935=AXIS2_PLACEMENT_3D('',#6018,#4939,#4940);
#3936=AXIS2_PLACEMENT_3D('',#6019,#4941,#4942);
#3937=AXIS2_PLACEMENT_3D('',#6021,#4944,#4945);
#3938=AXIS2_PLACEMENT_3D('',#6024,#4948,#4949);
#3939=AXIS2_PLACEMENT_3D('',#6026,#4950,#4951);
#3940=AXIS2_PLACEMENT_3D('',#6029,#4953,#4954);
#3941=AXIS2_PLACEMENT_3D('',#6030,#4955,#4956);
#3942=AXIS2_PLACEMENT_3D('',#6031,#4957,#4958);
#3943=AXIS2_PLACEMENT_3D('',#6033,#4959,#4960);
#3944=AXIS2_PLACEMENT_3D('',#6036,#4962,#4963);
#3945=AXIS2_PLACEMENT_3D('',#6037,#4964,#4965);
#3946=AXIS2_PLACEMENT_3D('',#6038,#4966,#4967);
#3947=AXIS2_PLACEMENT_3D('',#6039,#4968,#4969);
#3948=AXIS2_PLACEMENT_3D('',#6041,#4970,#4971);
#3949=AXIS2_PLACEMENT_3D('',#6044,#4973,#4974);
#3950=AXIS2_PLACEMENT_3D('',#6045,#4975,#4976);
#3951=AXIS2_PLACEMENT_3D('',#6046,#4977,#4978);
#3952=AXIS2_PLACEMENT_3D('',#6047,#4979,#4980);
#3953=AXIS2_PLACEMENT_3D('',#6049,#4981,#4982);
#3954=AXIS2_PLACEMENT_3D('',#6052,#4984,#4985);
#3955=AXIS2_PLACEMENT_3D('',#6053,#4986,#4987);
#3956=AXIS2_PLACEMENT_3D('',#6054,#4988,#4989);
#3957=AXIS2_PLACEMENT_3D('',#6055,#4990,#4991);
#3958=AXIS2_PLACEMENT_3D('',#6058,#4994,#4995);
#3959=AXIS2_PLACEMENT_3D('',#6059,#4996,#4997);
#3960=AXIS2_PLACEMENT_3D('',#6060,#4998,#4999);
#3961=DIRECTION('axis',(0.,0.,1.));
#3962=DIRECTION('refdir',(1.,0.,0.));
#3963=DIRECTION('center_axis',(0.,0.,-1.));
#3964=DIRECTION('ref_axis',(-1.,0.,0.));
#3965=DIRECTION('center_axis',(0.,0.,-1.));
#3966=DIRECTION('ref_axis',(-1.,0.,0.));
#3967=DIRECTION('center_axis',(-1.54949502284125E-16,-1.,0.));
#3968=DIRECTION('ref_axis',(1.,-1.54949502284125E-16,0.));
#3969=DIRECTION('center_axis',(0.,0.,1.));
#3970=DIRECTION('ref_axis',(-1.,0.,0.));
#3971=DIRECTION('center_axis',(0.,0.,1.));
#3972=DIRECTION('ref_axis',(1.,0.,0.));
#3973=DIRECTION('center_axis',(0.,0.,1.));
#3974=DIRECTION('ref_axis',(-1.,0.,0.));
#3975=DIRECTION('',(-1.,0.,0.));
#3976=DIRECTION('center_axis',(0.,0.,1.));
#3977=DIRECTION('ref_axis',(-1.,0.,0.));
#3978=DIRECTION('center_axis',(0.,0.,1.));
#3979=DIRECTION('ref_axis',(-1.,0.,0.));
#3980=DIRECTION('',(-1.,0.,0.));
#3981=DIRECTION('',(0.,-1.,0.));
#3982=DIRECTION('',(-1.,0.,0.));
#3983=DIRECTION('',(0.,-1.,0.));
#3984=DIRECTION('',(-1.,0.,0.));
#3985=DIRECTION('center_axis',(0.,0.,1.));
#3986=DIRECTION('ref_axis',(-1.,0.,0.));
#3987=DIRECTION('center_axis',(0.,0.,1.));
#3988=DIRECTION('ref_axis',(-1.,0.,0.));
#3989=DIRECTION('center_axis',(0.,0.,-1.));
#3990=DIRECTION('ref_axis',(1.,0.,0.));
#3991=DIRECTION('center_axis',(0.,0.,1.));
#3992=DIRECTION('ref_axis',(-1.,0.,0.));
#3993=DIRECTION('center_axis',(0.,0.,1.));
#3994=DIRECTION('ref_axis',(-1.,0.,0.));
#3995=DIRECTION('',(0.,0.,-1.));
#3996=DIRECTION('center_axis',(0.,0.,-1.));
#3997=DIRECTION('ref_axis',(-1.,0.,0.));
#3998=DIRECTION('center_axis',(0.,0.,-1.));
#3999=DIRECTION('ref_axis',(-1.,0.,0.));
#4000=DIRECTION('center_axis',(-1.54949502284114E-16,-1.,0.));
#4001=DIRECTION('ref_axis',(1.,-1.54949502284114E-16,0.));
#4002=DIRECTION('center_axis',(0.,0.,1.));
#4003=DIRECTION('ref_axis',(-1.,0.,0.));
#4004=DIRECTION('center_axis',(0.,0.,1.));
#4005=DIRECTION('ref_axis',(-1.,0.,0.));
#4006=DIRECTION('',(0.,0.,-1.));
#4007=DIRECTION('center_axis',(0.,0.,-1.));
#4008=DIRECTION('ref_axis',(-1.,0.,0.));
#4009=DIRECTION('center_axis',(0.,0.,-1.));
#4010=DIRECTION('ref_axis',(-1.,0.,0.));
#4011=DIRECTION('center_axis',(0.,-1.,0.));
#4012=DIRECTION('ref_axis',(1.,0.,0.));
#4013=DIRECTION('center_axis',(0.,0.,1.));
#4014=DIRECTION('ref_axis',(-1.,0.,0.));
#4015=DIRECTION('center_axis',(0.,0.,1.));
#4016=DIRECTION('ref_axis',(-1.,0.,0.));
#4017=DIRECTION('',(0.,0.,-1.));
#4018=DIRECTION('center_axis',(0.,0.,-1.));
#4019=DIRECTION('ref_axis',(-1.,0.,0.));
#4020=DIRECTION('center_axis',(0.,0.,-1.));
#4021=DIRECTION('ref_axis',(-1.,0.,0.));
#4022=DIRECTION('center_axis',(0.,-1.,0.));
#4023=DIRECTION('ref_axis',(1.,0.,0.));
#4024=DIRECTION('center_axis',(0.,0.,1.));
#4025=DIRECTION('ref_axis',(-1.,0.,0.));
#4026=DIRECTION('center_axis',(0.,0.,1.));
#4027=DIRECTION('ref_axis',(-1.,0.,0.));
#4028=DIRECTION('',(0.,0.,-1.));
#4029=DIRECTION('center_axis',(1.,1.11629361135309E-15,0.));
#4030=DIRECTION('ref_axis',(0.,0.707106781186548,0.707106781186547));
#4031=DIRECTION('',(1.,1.11629361135309E-15,0.));
#4032=DIRECTION('center_axis',(0.980785280403229,0.195090322016136,1.0888904005171E-14));
#4033=DIRECTION('ref_axis',(-0.195090322016136,0.980785280403229,5.47422171311617E-14));
#4034=DIRECTION('',(-1.,-1.11629361135309E-15,0.));
#4035=DIRECTION('center_axis',(0.980785280403229,-0.195090322016136,0.));
#4036=DIRECTION('ref_axis',(0.195090322016136,0.980785280403229,0.));
#4037=DIRECTION('center_axis',(0.923879532511286,0.382683432365091,0.));
#4038=DIRECTION('ref_axis',(-0.270598050073087,0.65328148243819,0.707106781186551));
#4039=DIRECTION('',(0.923879532511286,0.382683432365091,0.));
#4040=DIRECTION('center_axis',(0.831469612302534,0.555570233019619,-3.08403432247372E-15));
#4041=DIRECTION('ref_axis',(-0.555570233019619,0.831469612302534,-1.55044875444422E-14));
#4042=DIRECTION('',(-0.923879532511286,-0.382683432365091,0.));
#4043=DIRECTION('center_axis',(0.707106781186547,0.707106781186548,0.));
#4044=DIRECTION('ref_axis',(-0.499999999999989,0.500000000000005,0.707106781186552));
#4045=DIRECTION('',(0.707106781186547,0.707106781186548,0.));
#4046=DIRECTION('center_axis',(0.555570233019618,0.831469612302535,-4.61558353927213E-15));
#4047=DIRECTION('ref_axis',(-0.831469612302535,0.555570233019618,-2.32041054061911E-14));
#4048=DIRECTION('',(-0.707106781186547,-0.707106781186548,0.));
#4049=DIRECTION('center_axis',(0.382683432365089,0.923879532511287,0.));
#4050=DIRECTION('ref_axis',(-0.653281482438191,0.2705980500731,0.707106781186544));
#4051=DIRECTION('',(0.382683432365089,0.923879532511287,0.));
#4052=DIRECTION('center_axis',(0.195090322016128,0.98078528040323,-5.44445200258553E-15));
#4053=DIRECTION('ref_axis',(-0.98078528040323,0.195090322016128,-2.73711085655821E-14));
#4054=DIRECTION('',(-0.382683432365089,-0.923879532511287,0.));
#4055=DIRECTION('center_axis',(0.,1.,0.));
#4056=DIRECTION('ref_axis',(-0.707106781186548,0.,0.707106781186547));
#4057=DIRECTION('',(0.,1.,0.));
#4058=DIRECTION('center_axis',(-0.195090322016115,0.980785280403233,0.));
#4059=DIRECTION('ref_axis',(-0.980785280403233,-0.195090322016115,0.));
#4060=DIRECTION('',(0.,-1.,0.));
#4061=DIRECTION('center_axis',(-0.923879532511287,-0.38268343236509,0.));
#4062=DIRECTION('ref_axis',(0.270598050073115,-0.653281482438189,0.707106781186541));
#4063=DIRECTION('',(0.923879532511287,0.38268343236509,0.));
#4064=DIRECTION('center_axis',(0.980785280403231,0.195090322016126,-1.08889040051711E-14));
#4065=DIRECTION('ref_axis',(-0.195090322016126,0.980785280403231,5.47422171311632E-14));
#4066=DIRECTION('',(-0.923879532511287,-0.38268343236509,0.));
#4067=DIRECTION('center_axis',(-0.831469612302546,-0.555570233019602,3.08403432247363E-15));
#4068=DIRECTION('ref_axis',(0.555570233019602,-0.831469612302545,1.55044875444433E-14));
#4069=DIRECTION('center_axis',(-0.382683432365093,0.923879532511285,0.));
#4070=DIRECTION('ref_axis',(-0.653281482438191,-0.2705980500731,0.707106781186544));
#4071=DIRECTION('',(-0.382683432365093,0.923879532511285,0.));
#4072=DIRECTION('center_axis',(-0.555570233019624,0.83146961230253,0.));
#4073=DIRECTION('ref_axis',(-0.83146961230253,-0.555570233019624,0.));
#4074=DIRECTION('',(0.382683432365093,-0.923879532511285,0.));
#4075=DIRECTION('center_axis',(-0.707106781186549,0.707106781186546,0.));
#4076=DIRECTION('ref_axis',(-0.500000000000001,-0.500000000000001,0.707106781186546));
#4077=DIRECTION('',(-0.707106781186549,0.707106781186546,0.));
#4078=DIRECTION('center_axis',(-0.831469612302539,0.555570233019612,0.));
#4079=DIRECTION('ref_axis',(-0.555570233019612,-0.831469612302539,0.));
#4080=DIRECTION('',(0.707106781186549,-0.707106781186546,0.));
#4081=DIRECTION('center_axis',(-0.923879532511287,0.38268343236509,0.));
#4082=DIRECTION('ref_axis',(-0.270598050073102,-0.653281482438187,0.707106781186548));
#4083=DIRECTION('',(0.923879532511287,-0.38268343236509,0.));
#4084=DIRECTION('',(-0.923879532511287,0.38268343236509,0.));
#4085=DIRECTION('center_axis',(-0.980785280403233,0.195090322016115,-1.08296883691914E-15));
#4086=DIRECTION('ref_axis',(-0.195090322016115,-0.980785280403233,-5.4444520025848E-15));
#4087=DIRECTION('center_axis',(-1.,-4.46517444541238E-15,0.));
#4088=DIRECTION('ref_axis',(0.,-0.707106781186548,0.707106781186547));
#4089=DIRECTION('',(1.,4.46517444541238E-15,0.));
#4090=DIRECTION('',(-1.,-4.46517444541238E-15,0.));
#4091=DIRECTION('center_axis',(-0.707106781186548,-0.707106781186548,0.));
#4092=DIRECTION('ref_axis',(0.499999999999989,-0.500000000000005,0.707106781186552));
#4093=DIRECTION('',(0.707106781186548,0.707106781186548,0.));
#4094=DIRECTION('',(-0.707106781186548,-0.707106781186548,0.));
#4095=DIRECTION('center_axis',(-0.555570233019608,-0.831469612302541,4.61558353927217E-15));
#4096=DIRECTION('ref_axis',(0.831469612302541,-0.555570233019608,2.32041054061898E-14));
#4097=DIRECTION('center_axis',(-0.38268343236509,-0.923879532511287,0.));
#4098=DIRECTION('ref_axis',(0.653281482438191,-0.2705980500731,0.707106781186544));
#4099=DIRECTION('',(0.38268343236509,0.923879532511287,0.));
#4100=DIRECTION('',(-0.38268343236509,-0.923879532511287,0.));
#4101=DIRECTION('center_axis',(-0.195090322016131,-0.98078528040323,0.));
#4102=DIRECTION('ref_axis',(0.98078528040323,-0.195090322016131,0.));
#4103=DIRECTION('center_axis',(0.,-1.,0.));
#4104=DIRECTION('ref_axis',(0.707106781186548,0.,0.707106781186547));
#4105=DIRECTION('',(0.,1.,0.));
#4106=DIRECTION('',(0.,-1.,0.));
#4107=DIRECTION('center_axis',(0.19509032201611,-0.980785280403234,2.72222600129278E-15));
#4108=DIRECTION('ref_axis',(0.980785280403234,0.19509032201611,1.36855542827923E-14));
#4109=DIRECTION('center_axis',(0.382683432365089,-0.923879532511287,0.));
#4110=DIRECTION('ref_axis',(0.653281482438184,0.270598050073096,0.707106781186553));
#4111=DIRECTION('',(-0.382683432365089,0.923879532511287,0.));
#4112=DIRECTION('',(0.382683432365089,-0.923879532511287,0.));
#4113=DIRECTION('center_axis',(0.555570233019617,-0.831469612302535,0.));
#4114=DIRECTION('ref_axis',(0.831469612302535,0.555570233019617,0.));
#4115=DIRECTION('center_axis',(0.707106781186548,-0.707106781186547,0.));
#4116=DIRECTION('ref_axis',(0.500000000000001,0.500000000000001,0.707106781186546));
#4117=DIRECTION('',(-0.707106781186548,0.707106781186547,0.));
#4118=DIRECTION('',(0.707106781186548,-0.707106781186547,0.));
#4119=DIRECTION('center_axis',(0.831469612302552,-0.555570233019592,0.));
#4120=DIRECTION('ref_axis',(0.555570233019592,0.831469612302552,0.));
#4121=DIRECTION('center_axis',(0.923879532511287,-0.382683432365091,0.));
#4122=DIRECTION('ref_axis',(0.270598050073101,0.653281482438189,0.707106781186546));
#4123=DIRECTION('',(-0.923879532511286,0.382683432365091,0.));
#4124=DIRECTION('',(0.923879532511286,-0.382683432365091,0.));
#4125=DIRECTION('center_axis',(1.11629361135309E-15,-1.,0.));
#4126=DIRECTION('ref_axis',(-1.,-1.11629361135309E-15,0.));
#4127=DIRECTION('',(0.,0.,-1.));
#4128=DIRECTION('',(-1.,-1.11629361135309E-15,0.));
#4129=DIRECTION('',(0.,0.,-1.));
#4130=DIRECTION('center_axis',(-0.382683432365091,-0.923879532511287,0.));
#4131=DIRECTION('ref_axis',(-0.923879532511286,0.382683432365091,0.));
#4132=DIRECTION('',(0.,0.,-1.));
#4133=DIRECTION('',(-0.923879532511286,0.382683432365091,0.));
#4134=DIRECTION('center_axis',(-0.707106781186547,-0.707106781186548,0.));
#4135=DIRECTION('ref_axis',(-0.707106781186548,0.707106781186547,0.));
#4136=DIRECTION('',(0.,0.,-1.));
#4137=DIRECTION('',(-0.707106781186548,0.707106781186547,0.));
#4138=DIRECTION('center_axis',(-0.923879532511287,-0.382683432365089,0.));
#4139=DIRECTION('ref_axis',(-0.382683432365089,0.923879532511287,0.));
#4140=DIRECTION('',(0.,0.,-1.));
#4141=DIRECTION('',(-0.382683432365089,0.923879532511287,0.));
#4142=DIRECTION('center_axis',(-1.,0.,0.));
#4143=DIRECTION('ref_axis',(0.,1.,0.));
#4144=DIRECTION('',(0.,0.,-1.));
#4145=DIRECTION('',(0.,1.,0.));
#4146=DIRECTION('center_axis',(-0.923879532511287,0.38268343236509,0.));
#4147=DIRECTION('ref_axis',(0.38268343236509,0.923879532511287,0.));
#4148=DIRECTION('',(0.,0.,-1.));
#4149=DIRECTION('',(0.38268343236509,0.923879532511287,0.));
#4150=DIRECTION('center_axis',(-0.707106781186548,0.707106781186548,0.));
#4151=DIRECTION('ref_axis',(0.707106781186548,0.707106781186548,0.));
#4152=DIRECTION('',(0.,0.,-1.));
#4153=DIRECTION('',(0.707106781186548,0.707106781186548,0.));
#4154=DIRECTION('center_axis',(-0.38268343236509,0.923879532511287,0.));
#4155=DIRECTION('ref_axis',(0.923879532511287,0.38268343236509,0.));
#4156=DIRECTION('',(0.,0.,-1.));
#4157=DIRECTION('',(0.923879532511287,0.38268343236509,0.));
#4158=DIRECTION('center_axis',(0.,0.,1.));
#4159=DIRECTION('ref_axis',(1.,0.,0.));
#4160=DIRECTION('',(0.,-1.,0.));
#4161=DIRECTION('',(-1.,0.,0.));
#4162=DIRECTION('',(0.,-1.,0.));
#4163=DIRECTION('',(1.,0.,0.));
#4164=DIRECTION('',(0.923879532511288,0.382683432365088,0.));
#4165=DIRECTION('',(0.707106781186549,0.707106781186546,0.));
#4166=DIRECTION('',(0.382683432365093,0.923879532511286,0.));
#4167=DIRECTION('',(0.,1.,0.));
#4168=DIRECTION('',(-0.382683432365085,0.923879532511289,0.));
#4169=DIRECTION('',(-0.707106781186546,0.707106781186549,0.));
#4170=DIRECTION('',(-0.923879532511287,0.38268343236509,0.));
#4171=DIRECTION('',(-1.,2.23258722270619E-15,0.));
#4172=DIRECTION('',(-0.923879532511288,-0.382683432365088,0.));
#4173=DIRECTION('',(-0.707106781186549,-0.707106781186546,0.));
#4174=DIRECTION('',(-0.382683432365093,-0.923879532511286,0.));
#4175=DIRECTION('',(0.,-1.,0.));
#4176=DIRECTION('',(0.382683432365084,-0.923879532511289,0.));
#4177=DIRECTION('',(0.707106781186546,-0.707106781186549,0.));
#4178=DIRECTION('',(0.923879532511287,-0.38268343236509,0.));
#4179=DIRECTION('',(1.,-2.23258722270619E-15,0.));
#4180=DIRECTION('',(0.382683432365084,-0.923879532511289,0.));
#4181=DIRECTION('',(0.707106781186541,-0.707106781186554,0.));
#4182=DIRECTION('',(0.923879532511285,-0.382683432365093,0.));
#4183=DIRECTION('',(1.,-8.93034889082472E-15,0.));
#4184=DIRECTION('',(0.92387953251129,0.382683432365083,0.));
#4185=DIRECTION('',(0.70710678118655,0.707106781186545,0.));
#4186=DIRECTION('',(0.382683432365092,0.923879532511286,0.));
#4187=DIRECTION('',(4.46517444541234E-15,1.,0.));
#4188=DIRECTION('',(-0.382683432365088,0.923879532511288,0.));
#4189=DIRECTION('',(-0.707106781186548,0.707106781186548,0.));
#4190=DIRECTION('',(-0.923879532511285,0.382683432365093,0.));
#4191=DIRECTION('',(-1.,0.,0.));
#4192=DIRECTION('',(-0.923879532511289,-0.382683432365084,0.));
#4193=DIRECTION('',(-0.707106781186548,-0.707106781186548,0.));
#4194=DIRECTION('',(-0.382683432365092,-0.923879532511286,0.));
#4195=DIRECTION('',(-4.46517444541242E-15,-1.,0.));
#4196=DIRECTION('center_axis',(0.,0.,1.));
#4197=DIRECTION('ref_axis',(1.,0.,0.));
#4198=DIRECTION('',(0.382683432365095,-0.923879532511285,0.));
#4199=DIRECTION('',(0.707106781186552,-0.707106781186543,0.));
#4200=DIRECTION('',(0.923879532511289,-0.382683432365084,0.));
#4201=DIRECTION('',(1.,8.93034889082476E-15,0.));
#4202=DIRECTION('',(0.923879532511285,0.382683432365095,0.));
#4203=DIRECTION('',(0.707106781186543,0.707106781186552,0.));
#4204=DIRECTION('',(0.382683432365084,0.923879532511289,0.));
#4205=DIRECTION('',(-8.93034889082476E-15,1.,0.));
#4206=DIRECTION('',(-0.382683432365095,0.923879532511285,0.));
#4207=DIRECTION('',(-0.707106781186552,0.707106781186543,0.));
#4208=DIRECTION('',(-0.923879532511289,0.382683432365084,0.));
#4209=DIRECTION('',(-1.,-8.93034889082476E-15,0.));
#4210=DIRECTION('',(-0.923879532511285,-0.382683432365095,0.));
#4211=DIRECTION('',(-0.707106781186543,-0.707106781186552,0.));
#4212=DIRECTION('',(-0.382683432365087,-0.923879532511288,0.));
#4213=DIRECTION('',(8.93034889082468E-15,-1.,0.));
#4214=DIRECTION('center_axis',(0.,-1.,0.));
#4215=DIRECTION('ref_axis',(0.707106781186556,0.,0.707106781186539));
#4216=DIRECTION('',(0.,-1.,0.));
#4217=DIRECTION('center_axis',(0.195090322016139,-0.980785280403228,1.63333560077566E-14));
#4218=DIRECTION('ref_axis',(0.980785280403228,0.195090322016139,8.21133256967409E-14));
#4219=DIRECTION('center_axis',(-0.195090322016157,-0.980785280403225,-5.4444520025855E-15));
#4220=DIRECTION('ref_axis',(0.980785280403225,-0.195090322016157,-2.73711085655855E-14));
#4221=DIRECTION('center_axis',(-0.923879532511288,-0.382683432365088,0.));
#4222=DIRECTION('ref_axis',(0.270598050073087,-0.65328148243819,0.707106781186551));
#4223=DIRECTION('center_axis',(0.980785280403231,0.195090322016126,0.));
#4224=DIRECTION('ref_axis',(-0.195090322016126,0.980785280403231,0.));
#4225=DIRECTION('',(-0.923879532511288,-0.382683432365088,0.));
#4226=DIRECTION('center_axis',(-0.831469612302529,-0.555570233019627,-3.08403432247377E-15));
#4227=DIRECTION('ref_axis',(0.555570233019627,-0.831469612302529,-1.55044875444414E-14));
#4228=DIRECTION('center_axis',(0.382683432365085,-0.923879532511289,0.));
#4229=DIRECTION('ref_axis',(0.6532814824382,0.270598050073097,0.707106781186537));
#4230=DIRECTION('',(0.382683432365085,-0.923879532511289,0.));
#4231=DIRECTION('center_axis',(0.555570233019591,-0.831469612302553,4.61558353927223E-15));
#4232=DIRECTION('ref_axis',(0.831469612302553,0.555570233019591,2.32041054061903E-14));
#4233=DIRECTION('center_axis',(0.707106781186546,-0.707106781186549,0.));
#4234=DIRECTION('ref_axis',(0.500000000000013,0.499999999999997,0.70710678118654));
#4235=DIRECTION('',(0.707106781186546,-0.707106781186549,0.));
#4236=DIRECTION('center_axis',(0.83146961230254,-0.555570233019609,1.54201716123683E-15));
#4237=DIRECTION('ref_axis',(0.555570233019609,0.83146961230254,7.75224377222201E-15));
#4238=DIRECTION('center_axis',(0.923879532511287,-0.38268343236509,0.));
#4239=DIRECTION('ref_axis',(0.270598050073087,0.65328148243819,0.707106781186551));
#4240=DIRECTION('',(0.923879532511287,-0.38268343236509,0.));
#4241=DIRECTION('center_axis',(0.980785280403231,-0.195090322016126,0.));
#4242=DIRECTION('ref_axis',(0.195090322016126,0.980785280403231,0.));
#4243=DIRECTION('center_axis',(1.,-2.23258722270619E-15,0.));
#4244=DIRECTION('ref_axis',(0.,0.707106781186548,0.707106781186547));
#4245=DIRECTION('',(1.,-2.23258722270619E-15,0.));
#4246=DIRECTION('center_axis',(0.980785280403231,0.195090322016125,-1.08296883691919E-15));
#4247=DIRECTION('ref_axis',(-0.195090322016125,0.980785280403231,-5.44445200258547E-15));
#4248=DIRECTION('center_axis',(0.923879532511288,0.382683432365088,0.));
#4249=DIRECTION('ref_axis',(-0.270598050073116,0.653281482438184,0.707106781186545));
#4250=DIRECTION('',(0.923879532511288,0.382683432365088,0.));
#4251=DIRECTION('center_axis',(0.831469612302537,0.555570233019615,3.0840343224737E-15));
#4252=DIRECTION('ref_axis',(-0.555570233019614,0.831469612302537,1.55044875444422E-14));
#4253=DIRECTION('center_axis',(0.707106781186549,0.707106781186546,0.));
#4254=DIRECTION('ref_axis',(-0.499999999999987,0.500000000000011,0.707106781186549));
#4255=DIRECTION('',(0.707106781186549,0.707106781186546,0.));
#4256=DIRECTION('center_axis',(0.555570233019614,0.831469612302538,2.30779176963607E-15));
#4257=DIRECTION('ref_axis',(-0.831469612302538,0.555570233019614,1.16020527030952E-14));
#4258=DIRECTION('center_axis',(0.382683432365093,0.923879532511286,0.));
#4259=DIRECTION('ref_axis',(-0.653281482438182,0.270598050073103,0.707106781186551));
#4260=DIRECTION('',(0.382683432365093,0.923879532511286,0.));
#4261=DIRECTION('center_axis',(0.195090322016136,0.980785280403229,-2.72222600129276E-15));
#4262=DIRECTION('ref_axis',(-0.980785280403229,0.195090322016136,-1.36855542827913E-14));
#4263=DIRECTION('center_axis',(0.,1.,0.));
#4264=DIRECTION('ref_axis',(-0.707106781186556,0.,0.707106781186539));
#4265=DIRECTION('',(0.,1.,0.));
#4266=DIRECTION('center_axis',(-0.195090322016152,0.980785280403226,5.44445200258551E-15));
#4267=DIRECTION('ref_axis',(-0.980785280403226,-0.195090322016152,2.73711085655783E-14));
#4268=DIRECTION('center_axis',(-0.382683432365084,0.923879532511289,0.));
#4269=DIRECTION('ref_axis',(-0.653281482438185,-0.270598050073088,0.707106781186554));
#4270=DIRECTION('',(-0.382683432365084,0.923879532511289,0.));
#4271=DIRECTION('center_axis',(-0.555570233019594,0.831469612302551,4.61558353927222E-15));
#4272=DIRECTION('ref_axis',(-0.831469612302551,-0.555570233019594,2.32041054061896E-14));
#4273=DIRECTION('center_axis',(-0.707106781186546,0.707106781186549,0.));
#4274=DIRECTION('ref_axis',(-0.500000000000013,-0.499999999999997,0.70710678118654));
#4275=DIRECTION('',(-0.707106781186546,0.707106781186549,0.));
#4276=DIRECTION('center_axis',(-0.831469612302527,0.555570233019629,3.08403432247378E-15));
#4277=DIRECTION('ref_axis',(-0.555570233019629,-0.831469612302527,1.55044875444465E-14));
#4278=DIRECTION('center_axis',(-0.923879532511287,0.38268343236509,0.));
#4279=DIRECTION('ref_axis',(-0.270598050073087,-0.65328148243819,0.707106781186551));
#4280=DIRECTION('',(-0.923879532511287,0.38268343236509,0.));
#4281=DIRECTION('center_axis',(-0.980785280403231,0.195090322016126,0.));
#4282=DIRECTION('ref_axis',(-0.195090322016126,-0.980785280403231,0.));
#4283=DIRECTION('center_axis',(-1.,2.23258722270619E-15,0.));
#4284=DIRECTION('ref_axis',(0.,-0.707106781186548,0.707106781186547));
#4285=DIRECTION('',(-1.,2.23258722270619E-15,0.));
#4286=DIRECTION('center_axis',(-0.707106781186549,-0.707106781186546,0.));
#4287=DIRECTION('ref_axis',(0.499999999999987,-0.500000000000011,0.707106781186549));
#4288=DIRECTION('',(-0.707106781186549,-0.707106781186546,0.));
#4289=DIRECTION('center_axis',(-0.555570233019598,-0.831469612302548,0.));
#4290=DIRECTION('ref_axis',(0.831469612302548,-0.555570233019598,0.));
#4291=DIRECTION('center_axis',(-0.382683432365093,-0.923879532511286,0.));
#4292=DIRECTION('ref_axis',(0.653281482438182,-0.270598050073103,0.707106781186551));
#4293=DIRECTION('',(-0.382683432365093,-0.923879532511286,0.));
#4294=DIRECTION('center_axis',(-2.23258722270619E-15,-1.,0.));
#4295=DIRECTION('ref_axis',(-1.,2.23258722270619E-15,0.));
#4296=DIRECTION('',(0.,0.,-1.));
#4297=DIRECTION('',(-1.,2.23258722270619E-15,0.));
#4298=DIRECTION('',(0.,0.,-1.));
#4299=DIRECTION('center_axis',(-0.38268343236509,-0.923879532511287,0.));
#4300=DIRECTION('ref_axis',(-0.923879532511287,0.38268343236509,0.));
#4301=DIRECTION('',(0.,0.,-1.));
#4302=DIRECTION('',(-0.923879532511287,0.38268343236509,0.));
#4303=DIRECTION('center_axis',(-0.707106781186549,-0.707106781186546,0.));
#4304=DIRECTION('ref_axis',(-0.707106781186546,0.707106781186549,0.));
#4305=DIRECTION('',(0.,0.,-1.));
#4306=DIRECTION('',(-0.707106781186546,0.707106781186549,0.));
#4307=DIRECTION('center_axis',(-0.923879532511289,-0.382683432365085,0.));
#4308=DIRECTION('ref_axis',(-0.382683432365085,0.923879532511289,0.));
#4309=DIRECTION('',(0.,0.,-1.));
#4310=DIRECTION('',(-0.382683432365085,0.923879532511289,0.));
#4311=DIRECTION('center_axis',(-1.,0.,0.));
#4312=DIRECTION('ref_axis',(0.,1.,0.));
#4313=DIRECTION('',(0.,0.,-1.));
#4314=DIRECTION('',(0.,1.,0.));
#4315=DIRECTION('center_axis',(-0.923879532511286,0.382683432365093,0.));
#4316=DIRECTION('ref_axis',(0.382683432365093,0.923879532511286,0.));
#4317=DIRECTION('',(0.,0.,-1.));
#4318=DIRECTION('',(0.382683432365093,0.923879532511286,0.));
#4319=DIRECTION('center_axis',(-0.707106781186546,0.707106781186549,0.));
#4320=DIRECTION('ref_axis',(0.707106781186549,0.707106781186546,0.));
#4321=DIRECTION('',(0.,0.,-1.));
#4322=DIRECTION('',(0.707106781186549,0.707106781186546,0.));
#4323=DIRECTION('center_axis',(-0.382683432365088,0.923879532511288,0.));
#4324=DIRECTION('ref_axis',(0.923879532511288,0.382683432365088,0.));
#4325=DIRECTION('',(0.,0.,-1.));
#4326=DIRECTION('',(0.923879532511288,0.382683432365088,0.));
#4327=DIRECTION('center_axis',(0.923879532511289,-0.382683432365084,0.));
#4328=DIRECTION('ref_axis',(0.270598050073083,0.653281482438203,0.70710678118654));
#4329=DIRECTION('',(0.923879532511289,-0.382683432365084,0.));
#4330=DIRECTION('center_axis',(0.980785280403218,-0.195090322016189,0.));
#4331=DIRECTION('ref_axis',(0.195090322016189,0.980785280403219,0.));
#4332=DIRECTION('center_axis',(0.831469612302572,-0.555570233019562,0.));
#4333=DIRECTION('ref_axis',(0.555570233019562,0.831469612302572,0.));
#4334=DIRECTION('center_axis',(1.,8.93034889082476E-15,0.));
#4335=DIRECTION('ref_axis',(0.,0.70710678118654,0.707106781186555));
#4336=DIRECTION('',(1.,8.93034889082476E-15,0.));
#4337=DIRECTION('center_axis',(0.980785280403223,0.195090322016168,0.));
#4338=DIRECTION('ref_axis',(-0.195090322016168,0.980785280403223,0.));
#4339=DIRECTION('center_axis',(0.923879532511285,0.382683432365095,0.));
#4340=DIRECTION('ref_axis',(-0.270598050073112,0.653281482438198,0.707106781186534));
#4341=DIRECTION('',(0.923879532511285,0.382683432365095,0.));
#4342=DIRECTION('center_axis',(0.831469612302556,0.555570233019587,0.));
#4343=DIRECTION('ref_axis',(-0.555570233019587,0.831469612302555,0.));
#4344=DIRECTION('center_axis',(0.707106781186543,0.707106781186552,0.));
#4345=DIRECTION('ref_axis',(-0.499999999999993,0.499999999999993,0.707106781186557));
#4346=DIRECTION('',(0.707106781186543,0.707106781186552,0.));
#4347=DIRECTION('center_axis',(0.555570233019587,0.831469612302556,0.));
#4348=DIRECTION('ref_axis',(-0.831469612302556,0.555570233019587,0.));
#4349=DIRECTION('center_axis',(0.382683432365087,0.923879532511288,0.));
#4350=DIRECTION('ref_axis',(-0.65328148243818,0.270598050073117,0.707106781186548));
#4351=DIRECTION('',(0.382683432365087,0.923879532511288,0.));
#4352=DIRECTION('center_axis',(0.195090322016168,0.980785280403223,0.));
#4353=DIRECTION('ref_axis',(-0.980785280403223,0.195090322016168,0.));
#4354=DIRECTION('center_axis',(-0.382683432365095,0.923879532511285,0.));
#4355=DIRECTION('ref_axis',(-0.65328148243818,-0.270598050073117,0.707106781186548));
#4356=DIRECTION('',(-0.382683432365095,0.923879532511285,0.));
#4357=DIRECTION('center_axis',(-0.555570233019612,0.831469612302539,0.));
#4358=DIRECTION('ref_axis',(-0.831469612302539,-0.555570233019612,0.));
#4359=DIRECTION('center_axis',(0.195090322016126,-0.980785280403231,0.));
#4360=DIRECTION('ref_axis',(0.980785280403231,0.195090322016126,0.));
#4361=DIRECTION('center_axis',(-0.707106781186552,0.707106781186543,0.));
#4362=DIRECTION('ref_axis',(-0.499999999999985,-0.500000000000017,0.707106781186546));
#4363=DIRECTION('',(-0.707106781186552,0.707106781186543,0.));
#4364=DIRECTION('center_axis',(-0.831469612302572,0.555570233019562,0.));
#4365=DIRECTION('ref_axis',(-0.555570233019562,-0.831469612302572,0.));
#4366=DIRECTION('center_axis',(-0.923879532511289,0.382683432365084,0.));
#4367=DIRECTION('ref_axis',(-0.270598050073083,-0.653281482438203,0.70710678118654));
#4368=DIRECTION('',(-0.923879532511289,0.382683432365084,0.));
#4369=DIRECTION('center_axis',(-0.980785280403227,0.195090322016147,0.));
#4370=DIRECTION('ref_axis',(-0.195090322016147,-0.980785280403227,0.));
#4371=DIRECTION('center_axis',(-8.93034889082468E-15,1.,0.));
#4372=DIRECTION('ref_axis',(-0.70710678118654,0.,0.707106781186555));
#4373=DIRECTION('',(-8.93034889082468E-15,1.,0.));
#4374=DIRECTION('center_axis',(-1.,-8.93034889082476E-15,0.));
#4375=DIRECTION('ref_axis',(0.,-0.707106781186556,0.707106781186539));
#4376=DIRECTION('',(-1.,-8.93034889082476E-15,0.));
#4377=DIRECTION('center_axis',(-0.980785280403235,-0.195090322016105,0.));
#4378=DIRECTION('ref_axis',(0.195090322016105,-0.980785280403235,0.));
#4379=DIRECTION('center_axis',(-0.923879532511285,-0.382683432365095,0.));
#4380=DIRECTION('ref_axis',(0.270598050073117,-0.65328148243818,0.707106781186548));
#4381=DIRECTION('',(-0.923879532511285,-0.382683432365095,0.));
#4382=DIRECTION('center_axis',(-0.831469612302505,-0.555570233019662,0.));
#4383=DIRECTION('ref_axis',(0.555570233019662,-0.831469612302505,0.));
#4384=DIRECTION('center_axis',(-0.707106781186543,-0.707106781186552,0.));
#4385=DIRECTION('ref_axis',(0.499999999999985,-0.500000000000017,0.707106781186546));
#4386=DIRECTION('',(-0.707106781186543,-0.707106781186552,0.));
#4387=DIRECTION('center_axis',(-0.555570233019627,-0.831469612302529,0.));
#4388=DIRECTION('ref_axis',(0.831469612302529,-0.555570233019627,0.));
#4389=DIRECTION('center_axis',(-0.382683432365084,-0.923879532511289,0.));
#4390=DIRECTION('ref_axis',(0.653281482438198,-0.270598050073112,0.707106781186534));
#4391=DIRECTION('',(-0.382683432365084,-0.923879532511289,0.));
#4392=DIRECTION('center_axis',(-0.195090322016126,-0.980785280403231,0.));
#4393=DIRECTION('ref_axis',(0.980785280403231,-0.195090322016126,0.));
#4394=DIRECTION('center_axis',(8.93034889082476E-15,-1.,0.));
#4395=DIRECTION('ref_axis',(0.707106781186556,0.,0.707106781186539));
#4396=DIRECTION('',(8.93034889082476E-15,-1.,0.));
#4397=DIRECTION('center_axis',(0.195090322016147,-0.980785280403227,0.));
#4398=DIRECTION('ref_axis',(0.980785280403227,0.195090322016147,0.));
#4399=DIRECTION('center_axis',(0.382683432365095,-0.923879532511285,0.));
#4400=DIRECTION('ref_axis',(0.653281482438198,0.270598050073112,0.707106781186534));
#4401=DIRECTION('',(0.382683432365095,-0.923879532511285,0.));
#4402=DIRECTION('center_axis',(0.555570233019612,-0.831469612302539,0.));
#4403=DIRECTION('ref_axis',(0.831469612302539,0.555570233019612,0.));
#4404=DIRECTION('center_axis',(0.707106781186552,-0.707106781186543,0.));
#4405=DIRECTION('ref_axis',(0.499999999999993,0.499999999999993,0.707106781186557));
#4406=DIRECTION('',(0.707106781186552,-0.707106781186543,0.));
#4407=DIRECTION('center_axis',(-1.,-8.93034889082476E-15,0.));
#4408=DIRECTION('ref_axis',(-8.93034889082476E-15,1.,0.));
#4409=DIRECTION('',(0.,0.,-1.));
#4410=DIRECTION('',(-8.93034889082476E-15,1.,0.));
#4411=DIRECTION('',(0.,0.,-1.));
#4412=DIRECTION('center_axis',(-0.923879532511289,0.382683432365084,0.));
#4413=DIRECTION('ref_axis',(0.382683432365084,0.923879532511289,0.));
#4414=DIRECTION('',(0.,0.,-1.));
#4415=DIRECTION('',(0.382683432365084,0.923879532511289,0.));
#4416=DIRECTION('center_axis',(-0.707106781186552,0.707106781186543,0.));
#4417=DIRECTION('ref_axis',(0.707106781186543,0.707106781186552,0.));
#4418=DIRECTION('',(0.,0.,-1.));
#4419=DIRECTION('',(0.707106781186543,0.707106781186552,0.));
#4420=DIRECTION('center_axis',(-0.382683432365095,0.923879532511285,0.));
#4421=DIRECTION('ref_axis',(0.923879532511285,0.382683432365095,0.));
#4422=DIRECTION('',(0.,0.,-1.));
#4423=DIRECTION('',(0.923879532511285,0.382683432365095,0.));
#4424=DIRECTION('center_axis',(-8.93034889082476E-15,1.,0.));
#4425=DIRECTION('ref_axis',(1.,8.93034889082476E-15,0.));
#4426=DIRECTION('',(0.,0.,-1.));
#4427=DIRECTION('',(1.,8.93034889082476E-15,0.));
#4428=DIRECTION('center_axis',(0.382683432365084,0.923879532511289,0.));
#4429=DIRECTION('ref_axis',(0.923879532511289,-0.382683432365084,0.));
#4430=DIRECTION('',(0.,0.,-1.));
#4431=DIRECTION('',(0.923879532511289,-0.382683432365084,0.));
#4432=DIRECTION('center_axis',(0.707106781186543,0.707106781186552,0.));
#4433=DIRECTION('ref_axis',(0.707106781186552,-0.707106781186543,0.));
#4434=DIRECTION('',(0.,0.,-1.));
#4435=DIRECTION('',(0.707106781186552,-0.707106781186543,0.));
#4436=DIRECTION('center_axis',(0.923879532511285,0.382683432365095,0.));
#4437=DIRECTION('ref_axis',(0.382683432365095,-0.923879532511285,0.));
#4438=DIRECTION('',(0.,0.,-1.));
#4439=DIRECTION('',(0.382683432365095,-0.923879532511285,0.));
#4440=DIRECTION('center_axis',(0.382683432365088,-0.923879532511288,0.));
#4441=DIRECTION('ref_axis',(0.65328148243818,0.270598050073117,0.707106781186548));
#4442=DIRECTION('',(0.382683432365088,-0.923879532511288,0.));
#4443=DIRECTION('center_axis',(0.555570233019612,-0.831469612302539,0.));
#4444=DIRECTION('ref_axis',(0.831469612302539,0.555570233019612,0.));
#4445=DIRECTION('center_axis',(0.195090322016105,-0.980785280403235,2.16593767383816E-15));
#4446=DIRECTION('ref_axis',(0.980785280403235,0.195090322016105,1.08889040051709E-14));
#4447=DIRECTION('center_axis',(0.707106781186548,-0.707106781186548,0.));
#4448=DIRECTION('ref_axis',(0.500000000000005,0.499999999999989,0.707106781186552));
#4449=DIRECTION('',(0.707106781186548,-0.707106781186548,0.));
#4450=DIRECTION('center_axis',(0.831469612302551,-0.555570233019594,2.15673043684388E-14));
#4451=DIRECTION('ref_axis',(0.555570233019594,0.831469612302551,1.08426160990145E-13));
#4452=DIRECTION('center_axis',(0.923879532511285,-0.382683432365093,0.));
#4453=DIRECTION('ref_axis',(0.270598050073103,0.653281482438182,0.707106781186551));
#4454=DIRECTION('',(0.923879532511285,-0.382683432365093,0.));
#4455=DIRECTION('center_axis',(0.980785280403227,-0.195090322016147,-1.0888904005171E-14));
#4456=DIRECTION('ref_axis',(0.195090322016147,0.980785280403227,-5.47422171311679E-14));
#4457=DIRECTION('center_axis',(1.,0.,0.));
#4458=DIRECTION('ref_axis',(0.,0.707106781186556,0.707106781186539));
#4459=DIRECTION('',(1.,0.,0.));
#4460=DIRECTION('center_axis',(0.980785280403231,0.195090322016126,0.));
#4461=DIRECTION('ref_axis',(-0.195090322016126,0.980785280403231,0.));
#4462=DIRECTION('center_axis',(0.923879532511289,0.382683432365084,0.));
#4463=DIRECTION('ref_axis',(-0.270598050073083,0.653281482438203,0.70710678118654));
#4464=DIRECTION('',(0.923879532511289,0.382683432365084,0.));
#4465=DIRECTION('center_axis',(0.831469612302539,0.555570233019612,0.));
#4466=DIRECTION('ref_axis',(-0.555570233019612,0.831469612302539,0.));
#4467=DIRECTION('center_axis',(0.707106781186548,0.707106781186548,0.));
#4468=DIRECTION('ref_axis',(-0.499999999999997,0.500000000000013,0.70710678118654));
#4469=DIRECTION('',(0.707106781186548,0.707106781186548,0.));
#4470=DIRECTION('center_axis',(0.555570233019632,0.831469612302525,6.16806864494759E-15));
#4471=DIRECTION('ref_axis',(-0.831469612302525,0.555570233019632,3.1008975088894E-14));
#4472=DIRECTION('center_axis',(-0.382683432365084,0.923879532511289,0.));
#4473=DIRECTION('ref_axis',(-0.65328148243818,-0.270598050073117,0.707106781186548));
#4474=DIRECTION('center_axis',(0.195090322016105,-0.980785280403235,0.));
#4475=DIRECTION('ref_axis',(0.980785280403235,0.195090322016105,0.));
#4476=DIRECTION('',(-0.382683432365084,0.923879532511289,0.));
#4477=DIRECTION('center_axis',(-0.555570233019592,0.831469612302552,0.));
#4478=DIRECTION('ref_axis',(-0.831469612302552,-0.555570233019592,0.));
#4479=DIRECTION('center_axis',(0.382683432365092,0.923879532511286,0.));
#4480=DIRECTION('ref_axis',(-0.65328148243818,0.270598050073117,0.707106781186548));
#4481=DIRECTION('',(0.382683432365092,0.923879532511286,0.));
#4482=DIRECTION('center_axis',(0.195090322016105,0.980785280403235,0.));
#4483=DIRECTION('ref_axis',(-0.980785280403235,0.195090322016105,0.));
#4484=DIRECTION('center_axis',(4.46517444541242E-15,1.,0.));
#4485=DIRECTION('ref_axis',(-0.707106781186548,0.,0.707106781186547));
#4486=DIRECTION('',(4.46517444541242E-15,1.,0.));
#4487=DIRECTION('center_axis',(-0.707106781186541,0.707106781186554,0.));
#4488=DIRECTION('ref_axis',(-0.500000000000005,-0.499999999999989,0.707106781186552));
#4489=DIRECTION('',(-0.707106781186541,0.707106781186554,0.));
#4490=DIRECTION('center_axis',(-0.831469612302561,0.555570233019579,9.23116707854455E-15));
#4491=DIRECTION('ref_axis',(-0.555570233019579,-0.831469612302561,4.640821081237E-14));
#4492=DIRECTION('center_axis',(-0.923879532511285,0.382683432365093,0.));
#4493=DIRECTION('ref_axis',(-0.270598050073117,-0.65328148243818,0.707106781186548));
#4494=DIRECTION('',(-0.923879532511285,0.382683432365093,0.));
#4495=DIRECTION('center_axis',(-0.980785280403229,0.195090322016136,0.));
#4496=DIRECTION('ref_axis',(-0.195090322016136,-0.980785280403229,0.));
#4497=DIRECTION('center_axis',(-1.,8.93034889082472E-15,0.));
#4498=DIRECTION('ref_axis',(-1.57009245868379E-14,-0.70710678118654,0.707106781186555));
#4499=DIRECTION('',(-1.,8.93034889082472E-15,0.));
#4500=DIRECTION('center_axis',(-0.980785280403231,-0.195090322016126,0.));
#4501=DIRECTION('ref_axis',(0.195090322016126,-0.980785280403231,0.));
#4502=DIRECTION('center_axis',(-0.92387953251129,-0.382683432365083,0.));
#4503=DIRECTION('ref_axis',(0.270598050073097,-0.6532814824382,0.707106781186537));
#4504=DIRECTION('',(-0.92387953251129,-0.382683432365083,0.));
#4505=DIRECTION('center_axis',(-0.831469612302556,-0.555570233019587,0.));
#4506=DIRECTION('ref_axis',(0.555570233019587,-0.831469612302556,0.));
#4507=DIRECTION('center_axis',(-0.70710678118655,-0.707106781186545,0.));
#4508=DIRECTION('ref_axis',(0.500000000000005,-0.499999999999989,0.707106781186552));
#4509=DIRECTION('',(-0.70710678118655,-0.707106781186545,0.));
#4510=DIRECTION('center_axis',(-0.555570233019592,-0.831469612302552,0.));
#4511=DIRECTION('ref_axis',(0.831469612302552,-0.555570233019592,0.));
#4512=DIRECTION('center_axis',(-0.382683432365092,-0.923879532511286,0.));
#4513=DIRECTION('ref_axis',(0.653281482438189,-0.270598050073115,0.707106781186541));
#4514=DIRECTION('',(-0.382683432365092,-0.923879532511286,0.));
#4515=DIRECTION('center_axis',(-0.195090322016147,-0.980785280403227,0.));
#4516=DIRECTION('ref_axis',(0.980785280403227,-0.195090322016147,0.));
#4517=DIRECTION('center_axis',(-4.46517444541234E-15,-1.,0.));
#4518=DIRECTION('ref_axis',(0.707106781186548,0.,0.707106781186547));
#4519=DIRECTION('',(-4.46517444541234E-15,-1.,0.));
#4520=DIRECTION('center_axis',(-1.,4.46517444541234E-15,0.));
#4521=DIRECTION('ref_axis',(4.46517444541234E-15,1.,0.));
#4522=DIRECTION('',(0.,0.,-1.));
#4523=DIRECTION('',(4.46517444541234E-15,1.,0.));
#4524=DIRECTION('',(0.,0.,-1.));
#4525=DIRECTION('center_axis',(-0.923879532511286,0.382683432365092,0.));
#4526=DIRECTION('ref_axis',(0.382683432365092,0.923879532511286,0.));
#4527=DIRECTION('',(0.,0.,-1.));
#4528=DIRECTION('',(0.382683432365092,0.923879532511286,0.));
#4529=DIRECTION('center_axis',(-0.707106781186545,0.70710678118655,0.));
#4530=DIRECTION('ref_axis',(0.70710678118655,0.707106781186545,0.));
#4531=DIRECTION('',(0.,0.,-1.));
#4532=DIRECTION('',(0.70710678118655,0.707106781186545,0.));
#4533=DIRECTION('center_axis',(-0.382683432365083,0.92387953251129,0.));
#4534=DIRECTION('ref_axis',(0.92387953251129,0.382683432365083,0.));
#4535=DIRECTION('',(0.,0.,-1.));
#4536=DIRECTION('',(0.92387953251129,0.382683432365083,0.));
#4537=DIRECTION('center_axis',(8.93034889082472E-15,1.,0.));
#4538=DIRECTION('ref_axis',(1.,-8.93034889082472E-15,0.));
#4539=DIRECTION('',(0.,0.,-1.));
#4540=DIRECTION('',(1.,-8.93034889082472E-15,0.));
#4541=DIRECTION('center_axis',(0.382683432365093,0.923879532511285,0.));
#4542=DIRECTION('ref_axis',(0.923879532511285,-0.382683432365093,0.));
#4543=DIRECTION('',(0.,0.,-1.));
#4544=DIRECTION('',(0.923879532511285,-0.382683432365093,0.));
#4545=DIRECTION('center_axis',(0.707106781186554,0.707106781186541,0.));
#4546=DIRECTION('ref_axis',(0.707106781186541,-0.707106781186554,0.));
#4547=DIRECTION('',(0.,0.,-1.));
#4548=DIRECTION('',(0.707106781186541,-0.707106781186554,0.));
#4549=DIRECTION('center_axis',(0.923879532511289,0.382683432365084,0.));
#4550=DIRECTION('ref_axis',(0.382683432365084,-0.923879532511289,0.));
#4551=DIRECTION('',(0.,0.,-1.));
#4552=DIRECTION('',(0.382683432365084,-0.923879532511289,0.));
#4553=DIRECTION('center_axis',(-0.707106781186548,-6.31471025906395E-15,
-0.707106781186548));
#4554=DIRECTION('ref_axis',(-0.707106781186548,0.,0.707106781186548));
#4555=DIRECTION('',(8.93034889082476E-15,-1.,0.));
#4556=DIRECTION('',(-0.700214507282552,-0.139281325317167,0.700214507282552));
#4557=DIRECTION('',(-0.700214507282553,0.139281325317152,0.700214507282553));
#4558=DIRECTION('center_axis',(-0.653281482438184,-0.270598050073101,-0.707106781186551));
#4559=DIRECTION('ref_axis',(-0.734509555267759,0.,0.678598344545843));
#4560=DIRECTION('',(0.382683432365095,-0.923879532511285,0.));
#4561=DIRECTION('',(-0.593613196009095,-0.396639656760289,0.700214507282553));
#4562=DIRECTION('',(-0.382683432365095,0.923879532511285,0.));
#4563=DIRECTION('center_axis',(-0.499999999999996,-0.500000000000002,-0.707106781186549));
#4564=DIRECTION('ref_axis',(-0.816496580927729,0.,0.577350269189622));
#4565=DIRECTION('',(0.707106781186552,-0.707106781186543,0.));
#4566=DIRECTION('',(-0.396639656760272,-0.593613196009109,0.700214507282551));
#4567=DIRECTION('',(-0.707106781186552,0.707106781186543,0.));
#4568=DIRECTION('center_axis',(-0.270598050073093,-0.653281482438187,-0.707106781186551));
#4569=DIRECTION('ref_axis',(-0.933948831094468,0.,0.357406744336586));
#4570=DIRECTION('',(0.923879532511289,-0.382683432365084,0.));
#4571=DIRECTION('',(-0.139281325317199,-0.700214507282541,0.700214507282556));
#4572=DIRECTION('',(-0.923879532511289,0.382683432365084,0.));
#4573=DIRECTION('center_axis',(6.31471025906402E-15,-0.707106781186555,
-0.70710678118654));
#4574=DIRECTION('ref_axis',(-1.,0.,-8.93034889082496E-15));
#4575=DIRECTION('',(1.,8.93034889082476E-15,0.));
#4576=DIRECTION('',(0.139281325317199,-0.700214507282541,0.700214507282556));
#4577=DIRECTION('',(-1.,-8.93034889082476E-15,0.));
#4578=DIRECTION('center_axis',(0.270598050073101,-0.653281482438184,-0.707106781186551));
#4579=DIRECTION('ref_axis',(-0.933948831094464,0.,-0.357406744336595));
#4580=DIRECTION('',(0.923879532511285,0.382683432365095,0.));
#4581=DIRECTION('',(0.396639656760259,-0.593613196009112,0.700214507282555));
#4582=DIRECTION('',(-0.923879532511285,-0.382683432365095,0.));
#4583=DIRECTION('center_axis',(0.500000000000006,-0.5,-0.707106781186543));
#4584=DIRECTION('ref_axis',(-0.816496580927721,0.,-0.577350269189633));
#4585=DIRECTION('',(0.707106781186543,0.707106781186552,0.));
#4586=DIRECTION('',(0.593613196009112,-0.396639656760259,0.700214507282555));
#4587=DIRECTION('',(-0.707106781186543,-0.707106781186552,0.));
#4588=DIRECTION('center_axis',(0.653281482438186,-0.270598050073096,-0.707106781186551));
#4589=DIRECTION('ref_axis',(-0.734509555267758,0.,-0.678598344545844));
#4590=DIRECTION('',(0.382683432365087,0.923879532511288,0.));
#4591=DIRECTION('',(0.700214507282553,-0.139281325317152,0.700214507282553));
#4592=DIRECTION('',(-0.382683432365087,-0.923879532511288,0.));
#4593=DIRECTION('center_axis',(0.707106781186548,6.3147102590639E-15,-0.707106781186548));
#4594=DIRECTION('ref_axis',(-0.707106781186548,0.,-0.707106781186548));
#4595=DIRECTION('',(-8.93034889082468E-15,1.,0.));
#4596=DIRECTION('',(0.700214507282556,0.139281325317121,0.700214507282556));
#4597=DIRECTION('',(8.93034889082468E-15,-1.,0.));
#4598=DIRECTION('center_axis',(0.653281482438191,0.270598050073104,-0.707106781186544));
#4599=DIRECTION('ref_axis',(-0.734509555267752,0.,-0.67859834454585));
#4600=DIRECTION('',(-0.382683432365095,0.923879532511285,0.));
#4601=DIRECTION('',(0.593613196009085,0.396639656760293,0.700214507282559));
#4602=DIRECTION('center_axis',(0.5,0.500000000000006,-0.707106781186543));
#4603=DIRECTION('ref_axis',(-0.816496580927724,0.,-0.577350269189628));
#4604=DIRECTION('',(-0.707106781186552,0.707106781186543,0.));
#4605=DIRECTION('',(0.396639656760242,0.593613196009126,0.700214507282553));
#4606=DIRECTION('center_axis',(0.270598050073091,0.65328148243818,-0.707106781186558));
#4607=DIRECTION('ref_axis',(-0.93394883109447,0.,-0.357406744336579));
#4608=DIRECTION('',(-0.923879532511289,0.382683432365084,0.));
#4609=DIRECTION('',(0.139281325317135,0.700214507282563,0.700214507282547));
#4610=DIRECTION('center_axis',(-6.31471025906388E-15,0.70710678118654,-0.707106781186555));
#4611=DIRECTION('ref_axis',(-1.,0.,8.93034889082456E-15));
#4612=DIRECTION('',(-1.,-8.93034889082476E-15,0.));
#4613=DIRECTION('',(-0.139281325317089,0.700214507282567,0.700214507282552));
#4614=DIRECTION('center_axis',(-0.270598050073104,0.653281482438191,-0.707106781186544));
#4615=DIRECTION('ref_axis',(-0.933948831094462,0.,0.357406744336601));
#4616=DIRECTION('',(-0.923879532511285,-0.382683432365095,0.));
#4617=DIRECTION('',(-0.396639656760319,0.593613196009078,0.700214507282551));
#4618=DIRECTION('center_axis',(-0.500000000000002,0.499999999999996,-0.707106781186549));
#4619=DIRECTION('ref_axis',(-0.816496580927725,0.,0.577350269189627));
#4620=DIRECTION('',(-0.707106781186543,-0.707106781186552,0.));
#4621=DIRECTION('',(-0.593613196009109,0.396639656760272,0.700214507282551));
#4622=DIRECTION('center_axis',(-0.653281482438187,0.270598050073093,-0.707106781186551));
#4623=DIRECTION('ref_axis',(-0.734509555267758,0.,0.678598344545845));
#4624=DIRECTION('',(-0.382683432365084,-0.923879532511289,0.));
#4625=DIRECTION('center_axis',(0.,0.,-1.));
#4626=DIRECTION('ref_axis',(-1.,0.,0.));
#4627=DIRECTION('center_axis',(-1.57867756476599E-15,-0.707106781186548,
-0.707106781186548));
#4628=DIRECTION('ref_axis',(-1.,0.,2.23258722270619E-15));
#4629=DIRECTION('',(1.,-2.23258722270619E-15,0.));
#4630=DIRECTION('',(0.139281325317167,-0.700214507282552,0.700214507282552));
#4631=DIRECTION('',(-0.139281325317167,-0.700214507282551,0.700214507282553));
#4632=DIRECTION('center_axis',(0.270598050073096,-0.653281482438186,-0.707106781186551));
#4633=DIRECTION('ref_axis',(-0.933948831094466,0.,-0.357406744336589));
#4634=DIRECTION('',(0.923879532511288,0.382683432365088,0.));
#4635=DIRECTION('',(0.396639656760287,-0.5936131960091,0.70021450728255));
#4636=DIRECTION('',(-0.923879532511288,-0.382683432365088,0.));
#4637=DIRECTION('center_axis',(0.499999999999997,-0.499999999999999,-0.70710678118655));
#4638=DIRECTION('ref_axis',(-0.816496580927728,0.,-0.577350269189622));
#4639=DIRECTION('',(0.707106781186549,0.707106781186546,0.));
#4640=DIRECTION('',(0.593613196009095,-0.396639656760289,0.700214507282553));
#4641=DIRECTION('',(-0.707106781186549,-0.707106781186546,0.));
#4642=DIRECTION('center_axis',(0.653281482438184,-0.270598050073099,-0.707106781186551));
#4643=DIRECTION('ref_axis',(-0.734509555267759,0.,-0.678598344545843));
#4644=DIRECTION('',(0.382683432365093,0.923879532511286,0.));
#4645=DIRECTION('',(0.700214507282552,-0.139281325317167,0.700214507282552));
#4646=DIRECTION('',(-0.382683432365093,-0.923879532511286,0.));
#4647=DIRECTION('center_axis',(0.707106781186548,0.,-0.707106781186548));
#4648=DIRECTION('ref_axis',(-0.707106781186548,0.,-0.707106781186548));
#4649=DIRECTION('',(0.,1.,0.));
#4650=DIRECTION('',(0.700214507282553,0.139281325317159,0.700214507282553));
#4651=DIRECTION('',(0.,-1.,0.));
#4652=DIRECTION('center_axis',(0.653281482438188,0.270598050073094,-0.70710678118655));
#4653=DIRECTION('ref_axis',(-0.734509555267757,0.,-0.678598344545845));
#4654=DIRECTION('',(-0.382683432365084,0.923879532511289,0.));
#4655=DIRECTION('',(0.59361319600911,0.396639656760269,0.700214507282552));
#4656=DIRECTION('',(0.382683432365084,-0.923879532511289,0.));
#4657=DIRECTION('center_axis',(0.500000000000001,0.499999999999999,-0.707106781186547));
#4658=DIRECTION('ref_axis',(-0.816496580927726,0.,-0.577350269189627));
#4659=DIRECTION('',(-0.707106781186546,0.707106781186549,0.));
#4660=DIRECTION('',(0.396639656760273,0.593613196009106,0.700214507282552));
#4661=DIRECTION('',(0.707106781186546,-0.707106781186549,0.));
#4662=DIRECTION('center_axis',(0.270598050073098,0.653281482438187,-0.707106781186549));
#4663=DIRECTION('ref_axis',(-0.933948831094465,0.,-0.357406744336592));
#4664=DIRECTION('',(-0.923879532511287,0.38268343236509,0.));
#4665=DIRECTION('',(0.139281325317167,0.700214507282552,0.700214507282552));
#4666=DIRECTION('',(0.923879532511287,-0.38268343236509,0.));
#4667=DIRECTION('center_axis',(1.57867756476599E-15,0.707106781186548,-0.707106781186548));
#4668=DIRECTION('ref_axis',(-1.,0.,-2.23258722270619E-15));
#4669=DIRECTION('',(-1.,2.23258722270619E-15,0.));
#4670=DIRECTION('',(-0.139281325317167,0.700214507282552,0.700214507282552));
#4671=DIRECTION('',(1.,-2.23258722270619E-15,0.));
#4672=DIRECTION('center_axis',(-0.270598050073096,0.653281482438186,-0.707106781186551));
#4673=DIRECTION('ref_axis',(-0.933948831094466,0.,0.357406744336589));
#4674=DIRECTION('',(-0.923879532511288,-0.382683432365088,0.));
#4675=DIRECTION('',(-0.396639656760288,0.593613196009097,0.700214507282551));
#4676=DIRECTION('center_axis',(-0.499999999999997,0.499999999999999,-0.70710678118655));
#4677=DIRECTION('ref_axis',(-0.816496580927728,0.,0.577350269189622));
#4678=DIRECTION('',(-0.707106781186549,-0.707106781186546,0.));
#4679=DIRECTION('',(-0.593613196009094,0.396639656760292,0.700214507282552));
#4680=DIRECTION('center_axis',(-0.653281482438184,0.270598050073099,-0.707106781186551));
#4681=DIRECTION('ref_axis',(-0.734509555267759,0.,0.678598344545843));
#4682=DIRECTION('',(-0.382683432365093,-0.923879532511286,0.));
#4683=DIRECTION('',(-0.700214507282552,0.139281325317167,0.700214507282552));
#4684=DIRECTION('center_axis',(-0.707106781186548,0.,-0.707106781186548));
#4685=DIRECTION('ref_axis',(-0.707106781186548,0.,0.707106781186548));
#4686=DIRECTION('',(0.,-1.,0.));
#4687=DIRECTION('',(-0.700214507282552,-0.139281325317161,0.700214507282552));
#4688=DIRECTION('center_axis',(-0.653281482438188,-0.270598050073094,-0.70710678118655));
#4689=DIRECTION('ref_axis',(-0.734509555267757,0.,0.678598344545846));
#4690=DIRECTION('',(0.382683432365085,-0.923879532511289,0.));
#4691=DIRECTION('',(-0.593613196009109,-0.39663965676027,0.700214507282551));
#4692=DIRECTION('center_axis',(-0.5,-0.499999999999999,-0.707106781186548));
#4693=DIRECTION('ref_axis',(-0.816496580927726,0.,0.577350269189626));
#4694=DIRECTION('',(0.707106781186546,-0.707106781186549,0.));
#4695=DIRECTION('',(-0.396639656760273,-0.593613196009106,0.700214507282552));
#4696=DIRECTION('center_axis',(-0.270598050073098,-0.653281482438186,-0.70710678118655));
#4697=DIRECTION('ref_axis',(-0.933948831094466,0.,0.357406744336591));
#4698=DIRECTION('',(0.923879532511287,-0.38268343236509,0.));
#4699=DIRECTION('center_axis',(0.,0.,-1.));
#4700=DIRECTION('ref_axis',(-1.,0.,0.));
#4701=DIRECTION('center_axis',(7.89338782382989E-16,-0.707106781186547,
-0.707106781186549));
#4702=DIRECTION('ref_axis',(-1.,0.,-1.11629361135309E-15));
#4703=DIRECTION('',(1.,1.11629361135309E-15,0.));
#4704=DIRECTION('',(0.139281325317152,-0.700214507282553,0.700214507282553));
#4705=DIRECTION('',(-0.139281325317151,-0.700214507282554,0.700214507282552));
#4706=DIRECTION('center_axis',(0.2705980500731,-0.653281482438187,-0.707106781186548));
#4707=DIRECTION('ref_axis',(-0.933948831094464,0.,-0.357406744336594));
#4708=DIRECTION('',(0.923879532511286,0.382683432365091,0.));
#4709=DIRECTION('',(0.396639656760289,-0.593613196009095,0.700214507282553));
#4710=DIRECTION('',(-0.923879532511286,-0.382683432365091,0.));
#4711=DIRECTION('center_axis',(0.5,-0.499999999999999,-0.707106781186548));
#4712=DIRECTION('ref_axis',(-0.816496580927726,0.,-0.577350269189626));
#4713=DIRECTION('',(0.707106781186547,0.707106781186548,0.));
#4714=DIRECTION('',(0.593613196009096,-0.396639656760286,0.700214507282554));
#4715=DIRECTION('',(-0.707106781186547,-0.707106781186548,0.));
#4716=DIRECTION('center_axis',(0.65328148243819,-0.270598050073098,-0.707106781186546));
#4717=DIRECTION('ref_axis',(-0.734509555267754,0.,-0.678598344545848));
#4718=DIRECTION('',(0.382683432365089,0.923879532511287,0.));
#4719=DIRECTION('',(0.700214507282553,-0.139281325317152,0.700214507282553));
#4720=DIRECTION('',(-0.382683432365089,-0.923879532511287,0.));
#4721=DIRECTION('center_axis',(0.707106781186548,0.,-0.707106781186548));
#4722=DIRECTION('ref_axis',(-0.707106781186548,0.,-0.707106781186548));
#4723=DIRECTION('',(0.,1.,0.));
#4724=DIRECTION('',(0.700214507282554,0.139281325317148,0.700214507282554));
#4725=DIRECTION('',(0.,-1.,0.));
#4726=DIRECTION('center_axis',(0.653281482438188,0.270598050073101,-0.707106781186547));
#4727=DIRECTION('ref_axis',(-0.734509555267756,0.,-0.678598344545847));
#4728=DIRECTION('',(-0.382683432365093,0.923879532511285,0.));
#4729=DIRECTION('',(0.593613196009088,0.396639656760297,0.700214507282554));
#4730=DIRECTION('',(0.382683432365093,-0.923879532511285,0.));
#4731=DIRECTION('center_axis',(0.499999999999998,0.5,-0.707106781186549));
#4732=DIRECTION('ref_axis',(-0.816496580927727,0.,-0.577350269189624));
#4733=DIRECTION('',(-0.707106781186549,0.707106781186546,0.));
#4734=DIRECTION('',(0.396639656760296,0.593613196009091,0.700214507282552));
#4735=DIRECTION('',(0.707106781186549,-0.707106781186546,0.));
#4736=DIRECTION('center_axis',(0.270598050073099,0.65328148243819,-0.707106781186546));
#4737=DIRECTION('ref_axis',(-0.933948831094464,0.,-0.357406744336595));
#4738=DIRECTION('',(-0.923879532511287,0.38268343236509,0.));
#4739=DIRECTION('',(0.139281325317144,0.700214507282556,0.700214507282552));
#4740=DIRECTION('',(0.923879532511287,-0.38268343236509,0.));
#4741=DIRECTION('center_axis',(-3.15735512953198E-15,0.707106781186548,
-0.707106781186548));
#4742=DIRECTION('ref_axis',(-1.,0.,4.46517444541238E-15));
#4743=DIRECTION('',(-1.,-4.46517444541238E-15,0.));
#4744=DIRECTION('',(-0.139281325317151,0.700214507282555,0.700214507282551));
#4745=DIRECTION('',(1.,4.46517444541238E-15,0.));
#4746=DIRECTION('center_axis',(-0.270598050073098,0.653281482438187,-0.707106781186549));
#4747=DIRECTION('ref_axis',(-0.933948831094465,0.,0.357406744336592));
#4748=DIRECTION('',(-0.923879532511287,-0.38268343236509,0.));
#4749=DIRECTION('',(-0.39663965676028,0.593613196009102,0.700214507282552));
#4750=DIRECTION('center_axis',(-0.499999999999999,0.499999999999999,-0.707106781186549));
#4751=DIRECTION('ref_axis',(-0.816496580927727,0.,0.577350269189625));
#4752=DIRECTION('',(-0.707106781186548,-0.707106781186548,0.));
#4753=DIRECTION('',(-0.593613196009095,0.396639656760289,0.700214507282553));
#4754=DIRECTION('center_axis',(-0.653281482438189,0.270598050073099,-0.707106781186546));
#4755=DIRECTION('ref_axis',(-0.734509555267754,0.,0.678598344545848));
#4756=DIRECTION('',(-0.38268343236509,-0.923879532511287,0.));
#4757=DIRECTION('',(-0.700214507282553,0.139281325317152,0.700214507282553));
#4758=DIRECTION('center_axis',(-0.707106781186548,0.,-0.707106781186548));
#4759=DIRECTION('ref_axis',(-0.707106781186548,0.,0.707106781186548));
#4760=DIRECTION('',(0.,-1.,0.));
#4761=DIRECTION('',(-0.700214507282554,-0.139281325317148,0.700214507282554));
#4762=DIRECTION('center_axis',(-0.65328148243819,-0.270598050073099,-0.707106781186546));
#4763=DIRECTION('ref_axis',(-0.734509555267754,0.,0.678598344545848));
#4764=DIRECTION('',(0.382683432365089,-0.923879532511287,0.));
#4765=DIRECTION('',(-0.593613196009094,-0.396639656760291,0.700214507282552));
#4766=DIRECTION('center_axis',(-0.499999999999999,-0.5,-0.707106781186549));
#4767=DIRECTION('ref_axis',(-0.816496580927727,0.,0.577350269189624));
#4768=DIRECTION('',(0.707106781186548,-0.707106781186547,0.));
#4769=DIRECTION('',(-0.396639656760281,-0.593613196009101,0.700214507282552));
#4770=DIRECTION('center_axis',(-0.270598050073099,-0.653281482438187,-0.707106781186549));
#4771=DIRECTION('ref_axis',(-0.933948831094465,0.,0.357406744336593));
#4772=DIRECTION('',(0.923879532511286,-0.382683432365091,0.));
#4773=DIRECTION('center_axis',(0.,0.,-1.));
#4774=DIRECTION('ref_axis',(-1.,0.,0.));
#4775=DIRECTION('center_axis',(-0.707106781186548,3.15735512953195E-15,
-0.707106781186548));
#4776=DIRECTION('ref_axis',(-0.707106781186548,0.,0.707106781186548));
#4777=DIRECTION('',(-4.46517444541234E-15,-1.,0.));
#4778=DIRECTION('',(-0.700214507282553,-0.139281325317152,0.700214507282553));
#4779=DIRECTION('',(-0.700214507282553,0.139281325317152,0.700214507282553));
#4780=DIRECTION('center_axis',(-0.653281482438189,-0.270598050073097,-0.707106781186547));
#4781=DIRECTION('ref_axis',(-0.734509555267755,0.,0.678598344545848));
#4782=DIRECTION('',(0.382683432365088,-0.923879532511288,0.));
#4783=DIRECTION('',(-0.593613196009091,-0.396639656760302,0.700214507282548));
#4784=DIRECTION('',(-0.382683432365088,0.923879532511288,0.));
#4785=DIRECTION('center_axis',(-0.499999999999997,-0.499999999999997,-0.707106781186552));
#4786=DIRECTION('ref_axis',(-0.816496580927729,0.,0.577350269189621));
#4787=DIRECTION('',(0.707106781186548,-0.707106781186548,0.));
#4788=DIRECTION('',(-0.396639656760289,-0.593613196009095,0.700214507282553));
#4789=DIRECTION('',(-0.707106781186548,0.707106781186548,0.));
#4790=DIRECTION('center_axis',(-0.2705980500731,-0.653281482438184,-0.707106781186551));
#4791=DIRECTION('ref_axis',(-0.933948831094465,0.,0.357406744336593));
#4792=DIRECTION('',(0.923879532511285,-0.382683432365093,0.));
#4793=DIRECTION('',(-0.139281325317167,-0.700214507282552,0.700214507282552));
#4794=DIRECTION('',(-0.923879532511285,0.382683432365093,0.));
#4795=DIRECTION('center_axis',(0.,-0.707106781186548,-0.707106781186548));
#4796=DIRECTION('ref_axis',(-1.,0.,0.));
#4797=DIRECTION('',(1.,0.,0.));
#4798=DIRECTION('',(0.139281325317159,-0.700214507282553,0.700214507282553));
#4799=DIRECTION('',(-1.,0.,0.));
#4800=DIRECTION('center_axis',(0.270598050073094,-0.653281482438188,-0.707106781186549));
#4801=DIRECTION('ref_axis',(-0.933948831094467,0.,-0.357406744336587));
#4802=DIRECTION('',(0.923879532511289,0.382683432365084,0.));
#4803=DIRECTION('',(0.396639656760272,-0.593613196009109,0.700214507282551));
#4804=DIRECTION('',(-0.923879532511289,-0.382683432365084,0.));
#4805=DIRECTION('center_axis',(0.499999999999999,-0.499999999999999,-0.707106781186549));
#4806=DIRECTION('ref_axis',(-0.816496580927727,0.,-0.577350269189625));
#4807=DIRECTION('',(0.707106781186548,0.707106781186548,0.));
#4808=DIRECTION('',(0.59361319600909,-0.396639656760291,0.700214507282556));
#4809=DIRECTION('',(-0.707106781186548,-0.707106781186548,0.));
#4810=DIRECTION('center_axis',(0.653281482438188,-0.2705980500731,-0.707106781186547));
#4811=DIRECTION('ref_axis',(-0.734509555267755,0.,-0.678598344545847));
#4812=DIRECTION('',(0.382683432365092,0.923879532511286,0.));
#4813=DIRECTION('',(0.700214507282553,-0.139281325317152,0.700214507282553));
#4814=DIRECTION('',(-0.382683432365092,-0.923879532511286,0.));
#4815=DIRECTION('center_axis',(0.707106781186548,-3.157355129532E-15,-0.707106781186548));
#4816=DIRECTION('ref_axis',(-0.707106781186548,0.,-0.707106781186548));
#4817=DIRECTION('',(4.46517444541242E-15,1.,0.));
#4818=DIRECTION('',(0.700214507282553,0.139281325317152,0.700214507282553));
#4819=DIRECTION('',(-4.46517444541242E-15,-1.,0.));
#4820=DIRECTION('center_axis',(0.65328148243819,0.270598050073095,-0.707106781186547));
#4821=DIRECTION('ref_axis',(-0.734509555267754,0.,-0.678598344545848));
#4822=DIRECTION('',(-0.382683432365084,0.923879532511289,0.));
#4823=DIRECTION('',(0.593613196009095,0.396639656760289,0.700214507282553));
#4824=DIRECTION('center_axis',(0.500000000000002,0.499999999999992,-0.707106781186552));
#4825=DIRECTION('ref_axis',(-0.816496580927727,0.,-0.577350269189625));
#4826=DIRECTION('',(-0.707106781186541,0.707106781186554,0.));
#4827=DIRECTION('',(0.396639656760279,0.593613196009107,0.700214507282548));
#4828=DIRECTION('center_axis',(0.2705980500731,0.653281482438184,-0.707106781186551));
#4829=DIRECTION('ref_axis',(-0.933948831094465,0.,-0.357406744336593));
#4830=DIRECTION('',(-0.923879532511285,0.382683432365093,0.));
#4831=DIRECTION('',(0.139281325317182,0.70021450728255,0.70021450728255));
#4832=DIRECTION('center_axis',(6.31471025906392E-15,0.707106781186548,-0.707106781186548));
#4833=DIRECTION('ref_axis',(-1.,0.,-8.93034889082472E-15));
#4834=DIRECTION('',(-1.,8.93034889082472E-15,0.));
#4835=DIRECTION('',(-0.139281325317159,0.700214507282553,0.700214507282553));
#4836=DIRECTION('center_axis',(-0.270598050073093,0.653281482438189,-0.707106781186549));
#4837=DIRECTION('ref_axis',(-0.933948831094468,0.,0.357406744336586));
#4838=DIRECTION('',(-0.92387953251129,-0.382683432365083,0.));
#4839=DIRECTION('',(-0.396639656760289,0.593613196009095,0.700214507282553));
#4840=DIRECTION('center_axis',(-0.499999999999998,0.500000000000001,-0.707106781186549));
#4841=DIRECTION('ref_axis',(-0.816496580927728,0.,0.577350269189623));
#4842=DIRECTION('',(-0.70710678118655,-0.707106781186545,0.));
#4843=DIRECTION('',(-0.593613196009081,0.396639656760306,0.700214507282555));
#4844=DIRECTION('center_axis',(-0.653281482438188,0.2705980500731,-0.707106781186547));
#4845=DIRECTION('ref_axis',(-0.734509555267755,0.,0.678598344545847));
#4846=DIRECTION('',(-0.382683432365092,-0.923879532511286,0.));
#4847=DIRECTION('center_axis',(0.,0.,-1.));
#4848=DIRECTION('ref_axis',(-1.,0.,0.));
#4849=DIRECTION('center_axis',(0.382683432365088,-0.923879532511288,0.));
#4850=DIRECTION('ref_axis',(-0.923879532511288,-0.382683432365088,0.));
#4851=DIRECTION('',(0.,0.,-1.));
#4852=DIRECTION('center_axis',(0.707106781186546,-0.707106781186549,0.));
#4853=DIRECTION('ref_axis',(-0.707106781186549,-0.707106781186546,0.));
#4854=DIRECTION('',(0.,0.,-1.));
#4855=DIRECTION('center_axis',(0.923879532511286,-0.382683432365093,0.));
#4856=DIRECTION('ref_axis',(-0.382683432365093,-0.923879532511286,0.));
#4857=DIRECTION('',(0.,0.,-1.));
#4858=DIRECTION('center_axis',(1.,0.,0.));
#4859=DIRECTION('ref_axis',(0.,-1.,0.));
#4860=DIRECTION('',(0.,0.,-1.));
#4861=DIRECTION('center_axis',(0.923879532511289,0.382683432365084,0.));
#4862=DIRECTION('ref_axis',(0.382683432365084,-0.923879532511289,0.));
#4863=DIRECTION('',(0.,0.,-1.));
#4864=DIRECTION('center_axis',(0.707106781186549,0.707106781186546,0.));
#4865=DIRECTION('ref_axis',(0.707106781186546,-0.707106781186549,0.));
#4866=DIRECTION('',(0.,0.,-1.));
#4867=DIRECTION('center_axis',(0.38268343236509,0.923879532511287,0.));
#4868=DIRECTION('ref_axis',(0.923879532511287,-0.38268343236509,0.));
#4869=DIRECTION('',(0.,0.,-1.));
#4870=DIRECTION('center_axis',(2.23258722270619E-15,1.,0.));
#4871=DIRECTION('ref_axis',(1.,-2.23258722270619E-15,0.));
#4872=DIRECTION('center_axis',(-0.923879532511285,-0.382683432365095,0.));
#4873=DIRECTION('ref_axis',(-0.382683432365095,0.923879532511285,0.));
#4874=DIRECTION('',(0.,0.,-1.));
#4875=DIRECTION('center_axis',(-0.707106781186543,-0.707106781186552,0.));
#4876=DIRECTION('ref_axis',(-0.707106781186552,0.707106781186543,0.));
#4877=DIRECTION('',(0.,0.,-1.));
#4878=DIRECTION('center_axis',(-0.382683432365084,-0.923879532511289,0.));
#4879=DIRECTION('ref_axis',(-0.923879532511289,0.382683432365084,0.));
#4880=DIRECTION('',(0.,0.,-1.));
#4881=DIRECTION('center_axis',(8.93034889082476E-15,-1.,0.));
#4882=DIRECTION('ref_axis',(-1.,-8.93034889082476E-15,0.));
#4883=DIRECTION('',(0.,0.,-1.));
#4884=DIRECTION('center_axis',(0.382683432365095,-0.923879532511285,0.));
#4885=DIRECTION('ref_axis',(-0.923879532511285,-0.382683432365095,0.));
#4886=DIRECTION('',(0.,0.,-1.));
#4887=DIRECTION('center_axis',(0.707106781186552,-0.707106781186543,0.));
#4888=DIRECTION('ref_axis',(-0.707106781186543,-0.707106781186552,0.));
#4889=DIRECTION('',(0.,0.,-1.));
#4890=DIRECTION('center_axis',(0.923879532511288,-0.382683432365087,0.));
#4891=DIRECTION('ref_axis',(-0.382683432365087,-0.923879532511288,0.));
#4892=DIRECTION('',(0.,0.,-1.));
#4893=DIRECTION('center_axis',(1.,8.93034889082468E-15,0.));
#4894=DIRECTION('ref_axis',(8.93034889082468E-15,-1.,0.));
#4895=DIRECTION('center_axis',(0.382683432365091,-0.923879532511286,0.));
#4896=DIRECTION('ref_axis',(-0.923879532511286,-0.382683432365091,0.));
#4897=DIRECTION('',(0.,0.,-1.));
#4898=DIRECTION('center_axis',(0.707106781186548,-0.707106781186547,0.));
#4899=DIRECTION('ref_axis',(-0.707106781186547,-0.707106781186548,0.));
#4900=DIRECTION('',(0.,0.,-1.));
#4901=DIRECTION('center_axis',(0.923879532511287,-0.382683432365089,0.));
#4902=DIRECTION('ref_axis',(-0.382683432365089,-0.923879532511287,0.));
#4903=DIRECTION('',(0.,0.,-1.));
#4904=DIRECTION('center_axis',(1.,0.,0.));
#4905=DIRECTION('ref_axis',(0.,-1.,0.));
#4906=DIRECTION('',(0.,0.,-1.));
#4907=DIRECTION('center_axis',(0.923879532511285,0.382683432365093,0.));
#4908=DIRECTION('ref_axis',(0.382683432365093,-0.923879532511285,0.));
#4909=DIRECTION('',(0.,0.,-1.));
#4910=DIRECTION('center_axis',(0.707106781186546,0.707106781186549,0.));
#4911=DIRECTION('ref_axis',(0.707106781186549,-0.707106781186546,0.));
#4912=DIRECTION('',(0.,0.,-1.));
#4913=DIRECTION('center_axis',(0.38268343236509,0.923879532511287,0.));
#4914=DIRECTION('ref_axis',(0.923879532511287,-0.38268343236509,0.));
#4915=DIRECTION('',(0.,0.,-1.));
#4916=DIRECTION('center_axis',(-4.46517444541238E-15,1.,0.));
#4917=DIRECTION('ref_axis',(1.,4.46517444541238E-15,0.));
#4918=DIRECTION('center_axis',(-0.923879532511288,-0.382683432365088,0.));
#4919=DIRECTION('ref_axis',(-0.382683432365088,0.923879532511288,0.));
#4920=DIRECTION('',(0.,0.,-1.));
#4921=DIRECTION('center_axis',(-0.707106781186548,-0.707106781186548,0.));
#4922=DIRECTION('ref_axis',(-0.707106781186548,0.707106781186548,0.));
#4923=DIRECTION('',(0.,0.,-1.));
#4924=DIRECTION('center_axis',(-0.382683432365093,-0.923879532511285,0.));
#4925=DIRECTION('ref_axis',(-0.923879532511285,0.382683432365093,0.));
#4926=DIRECTION('',(0.,0.,-1.));
#4927=DIRECTION('center_axis',(0.,-1.,0.));
#4928=DIRECTION('ref_axis',(-1.,0.,0.));
#4929=DIRECTION('',(0.,0.,-1.));
#4930=DIRECTION('center_axis',(0.382683432365084,-0.923879532511289,0.));
#4931=DIRECTION('ref_axis',(-0.923879532511289,-0.382683432365084,0.));
#4932=DIRECTION('',(0.,0.,-1.));
#4933=DIRECTION('center_axis',(0.707106781186548,-0.707106781186548,0.));
#4934=DIRECTION('ref_axis',(-0.707106781186548,-0.707106781186548,0.));
#4935=DIRECTION('',(0.,0.,-1.));
#4936=DIRECTION('center_axis',(0.923879532511286,-0.382683432365092,0.));
#4937=DIRECTION('ref_axis',(-0.382683432365092,-0.923879532511286,0.));
#4938=DIRECTION('',(0.,0.,-1.));
#4939=DIRECTION('center_axis',(1.,-4.46517444541242E-15,0.));
#4940=DIRECTION('ref_axis',(-4.46517444541242E-15,-1.,0.));
#4941=DIRECTION('center_axis',(0.,0.,1.));
#4942=DIRECTION('ref_axis',(1.,0.,0.));
#4943=DIRECTION('',(0.,0.,1.));
#4944=DIRECTION('center_axis',(0.,-1.,0.));
#4945=DIRECTION('ref_axis',(0.,0.,-1.));
#4946=DIRECTION('',(0.,0.,1.));
#4947=DIRECTION('',(0.,0.,-1.));
#4948=DIRECTION('center_axis',(0.,0.,1.));
#4949=DIRECTION('ref_axis',(-1.,0.,0.));
#4950=DIRECTION('center_axis',(0.,0.,-1.));
#4951=DIRECTION('ref_axis',(-1.,0.,0.));
#4952=DIRECTION('',(0.,0.,-1.));
#4953=DIRECTION('center_axis',(0.,0.,1.));
#4954=DIRECTION('ref_axis',(-1.,0.,0.));
#4955=DIRECTION('center_axis',(0.,0.,1.));
#4956=DIRECTION('ref_axis',(-1.,0.,0.));
#4957=DIRECTION('center_axis',(0.,0.,1.));
#4958=DIRECTION('ref_axis',(-1.,0.,0.));
#4959=DIRECTION('center_axis',(0.,0.,-1.));
#4960=DIRECTION('ref_axis',(-1.,0.,0.));
#4961=DIRECTION('',(0.,0.,-1.));
#4962=DIRECTION('center_axis',(0.,0.,1.));
#4963=DIRECTION('ref_axis',(-1.,0.,0.));
#4964=DIRECTION('center_axis',(0.,0.,1.));
#4965=DIRECTION('ref_axis',(-1.,0.,0.));
#4966=DIRECTION('center_axis',(0.,0.,1.));
#4967=DIRECTION('ref_axis',(1.,0.,0.));
#4968=DIRECTION('center_axis',(0.,0.,1.));
#4969=DIRECTION('ref_axis',(-1.,0.,0.));
#4970=DIRECTION('center_axis',(0.,0.,-1.));
#4971=DIRECTION('ref_axis',(-1.,0.,0.));
#4972=DIRECTION('',(0.,0.,-1.));
#4973=DIRECTION('center_axis',(0.,0.,1.));
#4974=DIRECTION('ref_axis',(-1.,0.,0.));
#4975=DIRECTION('center_axis',(0.,0.,1.));
#4976=DIRECTION('ref_axis',(-1.,0.,0.));
#4977=DIRECTION('center_axis',(0.,0.,1.));
#4978=DIRECTION('ref_axis',(1.,0.,0.));
#4979=DIRECTION('center_axis',(0.,0.,1.));
#4980=DIRECTION('ref_axis',(-1.,0.,0.));
#4981=DIRECTION('center_axis',(0.,0.,-1.));
#4982=DIRECTION('ref_axis',(-1.,0.,0.));
#4983=DIRECTION('',(0.,0.,-1.));
#4984=DIRECTION('center_axis',(0.,0.,1.));
#4985=DIRECTION('ref_axis',(-1.,0.,0.));
#4986=DIRECTION('center_axis',(0.,0.,1.));
#4987=DIRECTION('ref_axis',(-1.,0.,0.));
#4988=DIRECTION('center_axis',(0.,0.,1.));
#4989=DIRECTION('ref_axis',(1.,0.,0.));
#4990=DIRECTION('center_axis',(0.,1.,0.));
#4991=DIRECTION('ref_axis',(-1.,0.,0.));
#4992=DIRECTION('',(0.,0.,1.));
#4993=DIRECTION('',(0.,0.,1.));
#4994=DIRECTION('center_axis',(1.,0.,0.));
#4995=DIRECTION('ref_axis',(0.,1.,0.));
#4996=DIRECTION('center_axis',(-1.,0.,0.));
#4997=DIRECTION('ref_axis',(0.,-1.,0.));
#4998=DIRECTION('center_axis',(0.,0.,1.));
#4999=DIRECTION('ref_axis',(1.,0.,0.));
#5000=CARTESIAN_POINT('',(0.,0.,0.));
#5001=CARTESIAN_POINT('Origin',(30.0000004470348,5.00000007450581,10.));
#5002=CARTESIAN_POINT('',(34.3301274659572,5.00000007450581,10.));
#5003=CARTESIAN_POINT('Origin',(30.0000004470348,5.00000007450581,10.));
#5004=CARTESIAN_POINT('',(39.3301274659572,5.00000007450581,5.));
#5005=CARTESIAN_POINT('Origin',(39.3301274659572,5.00000007450581,10.));
#5006=CARTESIAN_POINT('Origin',(30.0000004470348,5.00000007450581,5.));
#5007=CARTESIAN_POINT('Origin',(50.,40.,5.));
#5008=CARTESIAN_POINT('',(70.1227371384965,80.,5.));
#5009=CARTESIAN_POINT('',(87.3301270189222,75.,5.));
#5010=CARTESIAN_POINT('Origin',(78.,75.,5.));
#5011=CARTESIAN_POINT('',(29.8772628615035,80.,5.));
#5012=CARTESIAN_POINT('',(100.,80.,5.));
#5013=CARTESIAN_POINT('',(31.3301270189222,75.,5.));
#5014=CARTESIAN_POINT('Origin',(22.,75.,5.));
#5015=CARTESIAN_POINT('',(14.1227371384965,80.,5.));
#5016=CARTESIAN_POINT('Origin',(22.,75.,5.));
#5017=CARTESIAN_POINT('',(0.,80.,5.));
#5018=CARTESIAN_POINT('',(100.,80.,5.));
#5019=CARTESIAN_POINT('',(0.,-20.,5.));
#5020=CARTESIAN_POINT('',(0.,80.,5.));
#5021=CARTESIAN_POINT('',(100.,-20.,5.));
#5022=CARTESIAN_POINT('',(0.,-20.,5.));
#5023=CARTESIAN_POINT('',(100.,80.,5.));
#5024=CARTESIAN_POINT('',(100.,0.,5.));
#5025=CARTESIAN_POINT('',(85.8772628615035,80.,5.));
#5026=CARTESIAN_POINT('',(100.,80.,5.));
#5027=CARTESIAN_POINT('Origin',(78.,75.,5.));
#5028=CARTESIAN_POINT('',(79.3301280620046,5.00000007450581,5.));
#5029=CARTESIAN_POINT('Origin',(70.0000010430813,5.00000007450581,5.));
#5030=CARTESIAN_POINT('',(40.,30.,5.));
#5031=CARTESIAN_POINT('Origin',(50.,30.,5.));
#5032=CARTESIAN_POINT('Origin',(30.0000004470348,5.00000007450581,5.));
#5033=CARTESIAN_POINT('',(34.3301274659572,5.00000007450581,29.));
#5034=CARTESIAN_POINT('Origin',(30.0000004470348,5.00000007450581,29.));
#5035=CARTESIAN_POINT('',(34.3301274659572,5.00000007450581,5.));
#5036=CARTESIAN_POINT('Origin',(70.0000010430813,5.00000007450581,10.));
#5037=CARTESIAN_POINT('',(74.3301280620046,5.00000007450581,10.));
#5038=CARTESIAN_POINT('Origin',(70.0000010430813,5.00000007450581,10.));
#5039=CARTESIAN_POINT('Origin',(79.3301280620046,5.00000007450581,10.));
#5040=CARTESIAN_POINT('Origin',(70.0000010430813,5.00000007450581,5.));
#5041=CARTESIAN_POINT('',(74.3301280620046,5.00000007450581,29.));
#5042=CARTESIAN_POINT('Origin',(70.0000010430813,5.00000007450581,29.));
#5043=CARTESIAN_POINT('',(74.3301280620046,5.00000007450581,5.));
#5044=CARTESIAN_POINT('Origin',(78.,75.,10.));
#5045=CARTESIAN_POINT('',(82.3301270189222,75.,10.));
#5046=CARTESIAN_POINT('Origin',(78.,75.,10.));
#5047=CARTESIAN_POINT('Origin',(87.3301270189222,75.,10.));
#5048=CARTESIAN_POINT('Ctrl Pts',(85.8772628615035,80.,5.));
#5049=CARTESIAN_POINT('Ctrl Pts',(85.3568965889154,80.,5.));
#5050=CARTESIAN_POINT('Ctrl Pts',(84.7907437097881,80.,5.06198733798536));
#5051=CARTESIAN_POINT('Ctrl Pts',(83.6810630467141,80.,5.30228110056406));
#5052=CARTESIAN_POINT('Ctrl Pts',(83.1372796772938,80.,5.47940570603795));
#5053=CARTESIAN_POINT('Ctrl Pts',(82.2461797479941,80.,5.82989303505203));
#5054=CARTESIAN_POINT('Ctrl Pts',(81.7691287384719,80.,6.04817715123887));
#5055=CARTESIAN_POINT('Ctrl Pts',(81.163209974965,80.,6.34556882539071));
#5056=CARTESIAN_POINT('Ctrl Pts',(80.9086823833244,80.,6.47454393145039));
#5057=CARTESIAN_POINT('Ctrl Pts',(80.4614227920358,80.,6.70122142401778));
#5058=CARTESIAN_POINT('Ctrl Pts',(80.1789833866725,80.,6.84375416229275));
#5059=CARTESIAN_POINT('Ctrl Pts',(79.6506815325554,80.,7.0928599020811));
#5060=CARTESIAN_POINT('Ctrl Pts',(79.3274525021112,80.,7.23424119860751));
#5061=CARTESIAN_POINT('Ctrl Pts',(78.6631256072364,80.,7.44037507324414));
#5062=CARTESIAN_POINT('Ctrl Pts',(78.3204475190174,80.,7.49999999999999));
#5063=CARTESIAN_POINT('Ctrl Pts',(77.6795524809826,80.,7.49999999999999));
#5064=CARTESIAN_POINT('Ctrl Pts',(77.3368743927635,80.,7.44037507324411));
#5065=CARTESIAN_POINT('Ctrl Pts',(76.6725474978888,80.,7.23424119860748));
#5066=CARTESIAN_POINT('Ctrl Pts',(76.3493184674446,80.,7.0928599020811));
#5067=CARTESIAN_POINT('Ctrl Pts',(75.8210166133275,80.,6.84375416229275));
#5068=CARTESIAN_POINT('Ctrl Pts',(75.5385772079642,80.,6.70122142401778));
#5069=CARTESIAN_POINT('Ctrl Pts',(75.0913176166756,80.,6.47454393145039));
#5070=CARTESIAN_POINT('Ctrl Pts',(74.836790025035,80.,6.34556882539071));
#5071=CARTESIAN_POINT('Ctrl Pts',(74.2308712615281,80.,6.04817715123887));
#5072=CARTESIAN_POINT('Ctrl Pts',(73.7538202520059,80.,5.82989303505203));
#5073=CARTESIAN_POINT('Ctrl Pts',(72.8627203227062,80.,5.47940570603795));
#5074=CARTESIAN_POINT('Ctrl Pts',(72.3189369532859,80.,5.30228110056406));
#5075=CARTESIAN_POINT('Ctrl Pts',(71.2092562902119,80.,5.06198733798536));
#5076=CARTESIAN_POINT('Ctrl Pts',(70.6431034110846,80.,5.));
#5077=CARTESIAN_POINT('Ctrl Pts',(70.1227371384965,80.,5.));
#5078=CARTESIAN_POINT('Origin',(78.,75.,5.));
#5079=CARTESIAN_POINT('',(82.3301270189222,75.,29.));
#5080=CARTESIAN_POINT('Origin',(78.,75.,29.));
#5081=CARTESIAN_POINT('',(82.3301270189222,75.,5.));
#5082=CARTESIAN_POINT('Origin',(22.,75.,10.));
#5083=CARTESIAN_POINT('',(26.3301270189222,75.,10.));
#5084=CARTESIAN_POINT('Origin',(22.,75.,10.));
#5085=CARTESIAN_POINT('Origin',(31.3301270189222,75.,10.));
#5086=CARTESIAN_POINT('Ctrl Pts',(29.8772628615035,80.,5.));
#5087=CARTESIAN_POINT('Ctrl Pts',(29.3568965889154,80.,5.));
#5088=CARTESIAN_POINT('Ctrl Pts',(28.7907437097881,80.,5.06198733798536));
#5089=CARTESIAN_POINT('Ctrl Pts',(27.6810630467141,80.,5.30228110056406));
#5090=CARTESIAN_POINT('Ctrl Pts',(27.1372796772938,80.,5.47940570603795));
#5091=CARTESIAN_POINT('Ctrl Pts',(26.1004611874771,80.,5.88720704371041));
#5092=CARTESIAN_POINT('Ctrl Pts',(25.4586324606602,80.,6.1966297402827));
#5093=CARTESIAN_POINT('Ctrl Pts',(24.0392201141728,80.,6.91402940494357));
#5094=CARTESIAN_POINT('Ctrl Pts',(22.9966390668347,80.,7.50000000000001));
#5095=CARTESIAN_POINT('Ctrl Pts',(21.0033609331653,80.,7.50000000000001));
#5096=CARTESIAN_POINT('Ctrl Pts',(19.9607798858272,80.,6.91402940494357));
#5097=CARTESIAN_POINT('Ctrl Pts',(18.5413675393398,80.,6.1966297402827));
#5098=CARTESIAN_POINT('Ctrl Pts',(17.8995388125229,80.,5.88720704371041));
#5099=CARTESIAN_POINT('Ctrl Pts',(16.8627203227062,80.,5.47940570603795));
#5100=CARTESIAN_POINT('Ctrl Pts',(16.3189369532859,80.,5.30228110056406));
#5101=CARTESIAN_POINT('Ctrl Pts',(15.2092562902119,80.,5.06198733798536));
#5102=CARTESIAN_POINT('Ctrl Pts',(14.6431034110846,80.,5.));
#5103=CARTESIAN_POINT('Ctrl Pts',(14.1227371384965,80.,5.));
#5104=CARTESIAN_POINT('Origin',(22.,75.,5.));
#5105=CARTESIAN_POINT('',(26.3301270189222,75.,29.));
#5106=CARTESIAN_POINT('Origin',(22.,75.,29.));
#5107=CARTESIAN_POINT('',(26.3301270189222,75.,5.));
#5108=CARTESIAN_POINT('Origin',(40.2486404592246,7.10000000000001,-0.4));
#5109=CARTESIAN_POINT('',(29.5027190815509,7.5,-0.4));
#5110=CARTESIAN_POINT('',(30.4972809184491,7.5,-0.4));
#5111=CARTESIAN_POINT('',(40.2486404592246,7.50000000000001,-0.4));
#5112=CARTESIAN_POINT('',(30.576845865401,7.1,0.));
#5113=CARTESIAN_POINT('Origin',(30.576845865401,7.1,-0.4));
#5114=CARTESIAN_POINT('',(29.423154134599,7.1,0.));
#5115=CARTESIAN_POINT('',(40.2486404592246,7.10000000000001,0.));
#5116=CARTESIAN_POINT('Origin',(29.423154134599,7.1,-0.4));
#5117=CARTESIAN_POINT('Origin',(45.1783305499224,13.1481329871118,-0.4));
#5118=CARTESIAN_POINT('',(31.4161362433763,7.88060233744357,-0.4));
#5119=CARTESIAN_POINT('',(45.0252571769764,13.5176848001163,-0.4));
#5120=CARTESIAN_POINT('',(31.6427180423165,7.54149871143454,0.));
#5121=CARTESIAN_POINT('Origin',(31.6427180423165,7.54149871143454,-0.4));
#5122=CARTESIAN_POINT('',(45.1783305499224,13.1481329871118,0.));
#5123=CARTESIAN_POINT('Origin',(44.726425020236,20.6252056893541,-0.4));
#5124=CARTESIAN_POINT('',(32.1193976625564,8.5838637566237,-0.4));
#5125=CARTESIAN_POINT('',(44.4435823077614,20.9080484018287,-0.4));
#5126=CARTESIAN_POINT('',(32.4585012885655,8.35728195768348,0.));
#5127=CARTESIAN_POINT('Origin',(32.4585012885655,8.35728195768348,-0.4));
#5128=CARTESIAN_POINT('',(44.726425020236,20.6252056893541,0.));
#5129=CARTESIAN_POINT('Origin',(39.54216818161,25.4587666422049,-0.4));
#5130=CARTESIAN_POINT('',(32.5,9.50271908155086,-0.4));
#5131=CARTESIAN_POINT('',(39.1726163686055,25.6118400151509,-0.4));
#5132=CARTESIAN_POINT('',(32.9,9.423154134599,0.));
#5133=CARTESIAN_POINT('Origin',(32.9,9.423154134599,-0.4));
#5134=CARTESIAN_POINT('',(39.54216818161,25.4587666422049,0.));
#5135=CARTESIAN_POINT('Origin',(32.9,25.2486404592246,-0.4));
#5136=CARTESIAN_POINT('',(32.5,10.4972809184491,-0.4));
#5137=CARTESIAN_POINT('',(32.5,25.2486404592246,-0.4));
#5138=CARTESIAN_POINT('',(32.9,10.576845865401,0.));
#5139=CARTESIAN_POINT('Origin',(32.9,10.576845865401,-0.4));
#5140=CARTESIAN_POINT('',(32.9,25.2486404592246,0.));
#5141=CARTESIAN_POINT('Origin',(42.4993389797413,18.3163331069555,-0.4));
#5142=CARTESIAN_POINT('',(28.3572819576835,12.4585012885655,0.));
#5143=CARTESIAN_POINT('',(29.423154134599,12.9,0.));
#5144=CARTESIAN_POINT('',(42.4993389797413,18.3163331069555,0.));
#5145=CARTESIAN_POINT('',(29.5027190815509,12.5,-0.4));
#5146=CARTESIAN_POINT('Origin',(29.423154134599,12.9,-0.4));
#5147=CARTESIAN_POINT('',(28.5838637566237,12.1193976625564,-0.4));
#5148=CARTESIAN_POINT('',(42.6524123526873,17.9467812939509,-0.4));
#5149=CARTESIAN_POINT('Origin',(28.3572819576835,12.4585012885655,-0.4));
#5150=CARTESIAN_POINT('Origin',(28.74526529509,20.6072627380569,-0.4));
#5151=CARTESIAN_POINT('',(32.1193976625564,11.4161362433763,-0.4));
#5152=CARTESIAN_POINT('',(28.3757134820855,20.4541893651108,-0.4));
#5153=CARTESIAN_POINT('',(32.4585012885655,11.6427180423165,0.));
#5154=CARTESIAN_POINT('Origin',(32.4585012885655,11.6427180423165,-0.4));
#5155=CARTESIAN_POINT('',(28.74526529509,20.6072627380569,0.));
#5156=CARTESIAN_POINT('Origin',(29.374794310646,14.726425020236,-0.4));
#5157=CARTESIAN_POINT('',(31.4161362433763,12.1193976625564,-0.4));
#5158=CARTESIAN_POINT('',(29.0919515981713,14.4435823077614,-0.4));
#5159=CARTESIAN_POINT('',(31.6427180423165,12.4585012885655,0.));
#5160=CARTESIAN_POINT('Origin',(31.6427180423165,12.4585012885655,-0.4));
#5161=CARTESIAN_POINT('',(29.374794310646,14.726425020236,0.));
#5162=CARTESIAN_POINT('Origin',(34.1123011696606,11.4355664638118,-0.4));
#5163=CARTESIAN_POINT('',(30.576845865401,12.9,0.));
#5164=CARTESIAN_POINT('',(34.1123011696606,11.4355664638118,0.));
#5165=CARTESIAN_POINT('',(30.4972809184491,12.5,-0.4));
#5166=CARTESIAN_POINT('',(33.9592277967146,11.0660146508073,-0.4));
#5167=CARTESIAN_POINT('Origin',(30.576845865401,12.9,-0.4));
#5168=CARTESIAN_POINT('Origin',(39.7513595407755,12.9,-0.4));
#5169=CARTESIAN_POINT('',(39.7513595407755,12.9,0.));
#5170=CARTESIAN_POINT('',(39.7513595407755,12.5,-0.4));
#5171=CARTESIAN_POINT('Origin',(40.273574979764,24.374794310646,-0.4));
#5172=CARTESIAN_POINT('',(27.5414987114345,11.6427180423165,0.));
#5173=CARTESIAN_POINT('',(40.273574979764,24.374794310646,0.));
#5174=CARTESIAN_POINT('',(27.8806023374436,11.4161362433763,-0.4));
#5175=CARTESIAN_POINT('',(40.5564176922386,24.0919515981713,-0.4));
#5176=CARTESIAN_POINT('Origin',(27.5414987114345,11.6427180423165,-0.4));
#5177=CARTESIAN_POINT('Origin',(33.9933657243227,27.2189028874588,-0.4));
#5178=CARTESIAN_POINT('',(27.1,10.576845865401,0.));
#5179=CARTESIAN_POINT('',(33.9933657243227,27.2189028874588,0.));
#5180=CARTESIAN_POINT('',(27.5,10.4972809184491,-0.4));
#5181=CARTESIAN_POINT('',(34.3629175373273,27.0658295145128,-0.4));
#5182=CARTESIAN_POINT('Origin',(27.1,10.576845865401,-0.4));
#5183=CARTESIAN_POINT('Origin',(27.1,24.7513595407754,-0.4));
#5184=CARTESIAN_POINT('',(27.1,9.423154134599,0.));
#5185=CARTESIAN_POINT('',(27.1,24.7513595407754,0.));
#5186=CARTESIAN_POINT('',(27.5,9.50271908155085,-0.4));
#5187=CARTESIAN_POINT('',(27.5,24.7513595407754,-0.4));
#5188=CARTESIAN_POINT('Origin',(27.1,9.423154134599,-0.4));
#5189=CARTESIAN_POINT('Origin',(23.5770651752463,17.9282711678758,-0.4));
#5190=CARTESIAN_POINT('',(27.5414987114345,8.35728195768348,0.));
#5191=CARTESIAN_POINT('',(23.5770651752463,17.9282711678758,0.));
#5192=CARTESIAN_POINT('',(27.8806023374436,8.5838637566237,-0.4));
#5193=CARTESIAN_POINT('',(23.9466169882508,18.0813445408219,-0.4));
#5194=CARTESIAN_POINT('Origin',(27.5414987114345,8.35728195768348,-0.4));
#5195=CARTESIAN_POINT('Origin',(25.6252056893541,10.273574979764,-0.4));
#5196=CARTESIAN_POINT('',(28.3572819576835,7.54149871143454,0.));
#5197=CARTESIAN_POINT('',(25.6252056893541,10.273574979764,0.));
#5198=CARTESIAN_POINT('',(28.5838637566237,7.88060233744357,-0.4));
#5199=CARTESIAN_POINT('',(25.9080484018287,10.5564176922386,-0.4));
#5200=CARTESIAN_POINT('Origin',(28.3572819576835,7.54149871143454,-0.4));
#5201=CARTESIAN_POINT('Origin',(32.3521649244066,5.88676400652454,-0.4));
#5202=CARTESIAN_POINT('',(32.3521649244066,5.88676400652454,0.));
#5203=CARTESIAN_POINT('',(32.5052382973527,6.25631581952906,-0.4));
#5204=CARTESIAN_POINT('Origin',(30.4972809184491,7.5,0.));
#5205=CARTESIAN_POINT('',(29.5027190815509,7.5,-2.6));
#5206=CARTESIAN_POINT('',(29.5027190815509,7.5,0.));
#5207=CARTESIAN_POINT('',(30.4972809184491,7.5,-2.6));
#5208=CARTESIAN_POINT('',(30.2486404592246,7.5,-2.6));
#5209=CARTESIAN_POINT('',(30.4972809184491,7.5,0.));
#5210=CARTESIAN_POINT('Origin',(29.5027190815509,7.5,0.));
#5211=CARTESIAN_POINT('',(28.5838637566237,7.88060233744357,-2.6));
#5212=CARTESIAN_POINT('',(28.5838637566237,7.88060233744357,0.));
#5213=CARTESIAN_POINT('',(29.2730052503191,7.59515058436089,-2.6));
#5214=CARTESIAN_POINT('Origin',(28.5838637566237,7.88060233744357,0.));
#5215=CARTESIAN_POINT('',(27.8806023374436,8.5838637566237,-2.6));
#5216=CARTESIAN_POINT('',(27.8806023374436,8.5838637566237,0.));
#5217=CARTESIAN_POINT('',(28.4080484018287,8.0564176922386,-2.6));
#5218=CARTESIAN_POINT('Origin',(27.8806023374436,8.5838637566237,0.));
#5219=CARTESIAN_POINT('',(27.5,9.50271908155085,-2.6));
#5220=CARTESIAN_POINT('',(27.5,9.50271908155085,0.));
#5221=CARTESIAN_POINT('',(27.7854517530827,8.81357758785549,-2.6));
#5222=CARTESIAN_POINT('Origin',(27.5,9.50271908155085,0.));
#5223=CARTESIAN_POINT('',(27.5,10.4972809184491,-2.6));
#5224=CARTESIAN_POINT('',(27.5,10.4972809184491,0.));
#5225=CARTESIAN_POINT('',(27.5,9.75135954077543,-2.6));
#5226=CARTESIAN_POINT('Origin',(27.5,10.4972809184491,0.));
#5227=CARTESIAN_POINT('',(27.8806023374436,11.4161362433763,-2.6));
#5228=CARTESIAN_POINT('',(27.8806023374436,11.4161362433763,0.));
#5229=CARTESIAN_POINT('',(27.5951505843609,10.7269947496809,-2.6));
#5230=CARTESIAN_POINT('Origin',(27.8806023374436,11.4161362433763,0.));
#5231=CARTESIAN_POINT('',(28.5838637566237,12.1193976625564,-2.6));
#5232=CARTESIAN_POINT('',(28.5838637566237,12.1193976625564,0.));
#5233=CARTESIAN_POINT('',(28.0564176922386,11.5919515981713,-2.6));
#5234=CARTESIAN_POINT('Origin',(28.5838637566237,12.1193976625564,0.));
#5235=CARTESIAN_POINT('',(29.5027190815509,12.5,-2.6));
#5236=CARTESIAN_POINT('',(29.5027190815509,12.5,0.));
#5237=CARTESIAN_POINT('',(28.8135775878555,12.2145482469173,-2.6));
#5238=CARTESIAN_POINT('Origin',(50.,40.,0.));
#5239=CARTESIAN_POINT('',(0.,80.,0.));
#5240=CARTESIAN_POINT('',(0.,-20.,0.));
#5241=CARTESIAN_POINT('',(0.,80.,0.));
#5242=CARTESIAN_POINT('',(100.,80.,0.));
#5243=CARTESIAN_POINT('',(100.,80.,0.));
#5244=CARTESIAN_POINT('',(100.,-20.,0.));
#5245=CARTESIAN_POINT('',(100.,0.,0.));
#5246=CARTESIAN_POINT('',(0.,-20.,0.));
#5247=CARTESIAN_POINT('',(68.3572819576835,12.4585012885655,0.));
#5248=CARTESIAN_POINT('',(69.423154134599,12.9,0.));
#5249=CARTESIAN_POINT('',(65.4282711678758,11.24526529509,0.));
#5250=CARTESIAN_POINT('',(67.5414987114345,11.6427180423165,0.));
#5251=CARTESIAN_POINT('',(70.273574979764,14.3747943106459,0.));
#5252=CARTESIAN_POINT('',(67.1,10.576845865401,0.));
#5253=CARTESIAN_POINT('',(71.0644335361882,20.1478350755933,0.));
#5254=CARTESIAN_POINT('',(67.1,9.423154134599,0.));
#5255=CARTESIAN_POINT('',(67.1,24.7513595407754,0.));
#5256=CARTESIAN_POINT('',(67.5414987114345,8.3572819576835,0.));
#5257=CARTESIAN_POINT('',(60.6481329871119,24.9993389797413,0.));
#5258=CARTESIAN_POINT('',(68.3572819576835,7.54149871143454,0.));
#5259=CARTESIAN_POINT('',(55.6252056893541,20.273574979764,0.));
#5260=CARTESIAN_POINT('',(69.423154134599,7.1,0.));
#5261=CARTESIAN_POINT('',(55.2810971125412,12.95783181839,0.));
#5262=CARTESIAN_POINT('',(70.576845865401,7.1,0.));
#5263=CARTESIAN_POINT('',(60.2486404592245,7.10000000000002,0.));
#5264=CARTESIAN_POINT('',(71.6427180423165,7.54149871143454,0.));
#5265=CARTESIAN_POINT('',(68.1072627380569,6.07706517524631,0.));
#5266=CARTESIAN_POINT('',(72.4585012885655,8.35728195768348,0.));
#5267=CARTESIAN_POINT('',(74.726425020236,10.625205689354,0.));
#5268=CARTESIAN_POINT('',(72.9,9.42315413459898,0.));
#5269=CARTESIAN_POINT('',(76.6132359934755,18.3876988303393,0.));
#5270=CARTESIAN_POINT('',(72.9,10.576845865401,0.));
#5271=CARTESIAN_POINT('',(72.9,25.2486404592246,0.));
#5272=CARTESIAN_POINT('',(72.4585012885655,11.6427180423165,0.));
#5273=CARTESIAN_POINT('',(65.8163331069556,27.6783305499224,0.));
#5274=CARTESIAN_POINT('',(71.6427180423165,12.4585012885655,0.));
#5275=CARTESIAN_POINT('',(59.374794310646,24.726425020236,0.));
#5276=CARTESIAN_POINT('',(70.576845865401,12.9,0.));
#5277=CARTESIAN_POINT('',(57.0412333577951,18.5066342756773,0.));
#5278=CARTESIAN_POINT('',(59.7513595407754,12.9,0.));
#5279=CARTESIAN_POINT('',(32.4585012885655,51.6427180423165,0.));
#5280=CARTESIAN_POINT('',(32.9,50.576845865401,0.));
#5281=CARTESIAN_POINT('',(35.8163331069554,43.5361949261915,0.));
#5282=CARTESIAN_POINT('',(31.6427180423165,52.4585012885655,0.));
#5283=CARTESIAN_POINT('',(39.3747943106459,44.726425020236,0.));
#5284=CARTESIAN_POINT('',(30.576845865401,52.9,0.));
#5285=CARTESIAN_POINT('',(41.1833689815261,48.5066342756772,0.));
#5286=CARTESIAN_POINT('',(29.423154134599,52.9,0.));
#5287=CARTESIAN_POINT('',(39.7513595407755,52.8999999999999,0.));
#5288=CARTESIAN_POINT('',(28.3572819576835,52.4585012885655,0.));
#5289=CARTESIAN_POINT('',(35.4282711678759,55.3874009188209,0.));
#5290=CARTESIAN_POINT('',(27.5414987114345,51.6427180423165,0.));
#5291=CARTESIAN_POINT('',(30.273574979764,54.374794310646,0.));
#5292=CARTESIAN_POINT('',(27.1,50.576845865401,0.));
#5293=CARTESIAN_POINT('',(26.9222979124573,50.1478350755934,0.));
#5294=CARTESIAN_POINT('',(27.1,49.423154134599,0.));
#5295=CARTESIAN_POINT('',(27.1,44.7513595407755,0.));
#5296=CARTESIAN_POINT('',(27.5414987114345,48.3572819576835,0.));
#5297=CARTESIAN_POINT('',(30.6481329871118,40.8572033560104,0.));
#5298=CARTESIAN_POINT('',(28.3572819576835,47.5414987114345,0.));
#5299=CARTESIAN_POINT('',(35.625205689354,40.273574979764,0.));
#5300=CARTESIAN_POINT('',(29.423154134599,47.1,0.));
#5301=CARTESIAN_POINT('',(39.4232327362721,42.95783181839,0.));
#5302=CARTESIAN_POINT('',(30.576845865401,47.1,0.));
#5303=CARTESIAN_POINT('',(40.2486404592246,47.1,0.));
#5304=CARTESIAN_POINT('',(31.6427180423165,47.5414987114345,0.));
#5305=CARTESIAN_POINT('',(38.107262738057,50.2192007989772,0.));
#5306=CARTESIAN_POINT('',(32.4585012885655,48.3572819576835,0.));
#5307=CARTESIAN_POINT('',(34.726425020236,50.625205689354,0.));
#5308=CARTESIAN_POINT('',(32.9,49.423154134599,0.));
#5309=CARTESIAN_POINT('',(32.4711003697445,48.3876988303394,0.));
#5310=CARTESIAN_POINT('',(32.9,45.2486404592246,0.));
#5311=CARTESIAN_POINT('',(40.,30.,0.));
#5312=CARTESIAN_POINT('Origin',(50.,30.,0.));
#5313=CARTESIAN_POINT('',(72.4585012885654,51.6427180423165,0.));
#5314=CARTESIAN_POINT('',(72.9,50.576845865401,0.));
#5315=CARTESIAN_POINT('',(72.8874009188209,50.607262738057,0.));
#5316=CARTESIAN_POINT('',(71.6427180423165,52.4585012885655,0.));
#5317=CARTESIAN_POINT('',(69.3747943106459,54.726425020236,0.));
#5318=CARTESIAN_POINT('',(70.576845865401,52.9,0.));
#5319=CARTESIAN_POINT('',(64.1123011696605,55.5777020875427,0.));
#5320=CARTESIAN_POINT('',(69.423154134599,52.9,0.));
#5321=CARTESIAN_POINT('',(59.7513595407754,52.8999999999999,0.));
#5322=CARTESIAN_POINT('',(68.3572819576835,52.4585012885654,0.));
#5323=CARTESIAN_POINT('',(58.3572033560104,48.3163331069554,0.));
#5324=CARTESIAN_POINT('',(67.5414987114345,51.6427180423165,0.));
#5325=CARTESIAN_POINT('',(60.273574979764,44.3747943106459,0.));
#5326=CARTESIAN_POINT('',(67.1,50.576845865401,0.));
#5327=CARTESIAN_POINT('',(63.9933657243228,43.0767672637279,0.));
#5328=CARTESIAN_POINT('',(67.1,49.423154134599,0.));
#5329=CARTESIAN_POINT('',(67.1000000000001,44.7513595407755,0.));
#5330=CARTESIAN_POINT('',(67.5414987114346,48.3572819576835,0.));
#5331=CARTESIAN_POINT('',(67.7192007989773,47.9282711678759,0.));
#5332=CARTESIAN_POINT('',(68.3572819576835,47.5414987114345,0.));
#5333=CARTESIAN_POINT('',(65.625205689354,50.273574979764,0.));
#5334=CARTESIAN_POINT('',(69.423154134599,47.1,0.));
#5335=CARTESIAN_POINT('',(62.3521649244066,50.0288996302555,0.));
#5336=CARTESIAN_POINT('',(70.576845865401,47.1,0.));
#5337=CARTESIAN_POINT('',(60.2486404592245,47.0999999999999,0.));
#5338=CARTESIAN_POINT('',(71.6427180423165,47.5414987114345,0.));
#5339=CARTESIAN_POINT('',(61.0361949261915,43.1481329871117,0.));
#5340=CARTESIAN_POINT('',(72.4585012885655,48.3572819576835,0.));
#5341=CARTESIAN_POINT('',(64.7264250202361,40.625205689354,0.));
#5342=CARTESIAN_POINT('',(72.9,49.423154134599,0.));
#5343=CARTESIAN_POINT('',(69.54216818161,41.3166310184739,0.));
#5344=CARTESIAN_POINT('',(72.9,45.2486404592247,0.));
#5345=CARTESIAN_POINT('Origin',(67.1,24.7513595407754,-0.4));
#5346=CARTESIAN_POINT('',(67.5,10.4972809184492,-0.4));
#5347=CARTESIAN_POINT('',(67.5,9.50271908155086,-0.4));
#5348=CARTESIAN_POINT('',(67.5,24.7513595407754,-0.4));
#5349=CARTESIAN_POINT('Origin',(67.1,9.423154134599,-0.4));
#5350=CARTESIAN_POINT('Origin',(67.1,10.576845865401,-0.4));
#5351=CARTESIAN_POINT('Origin',(65.4282711678758,11.24526529509,-0.4));
#5352=CARTESIAN_POINT('',(69.5027190815509,12.5,-0.4));
#5353=CARTESIAN_POINT('Origin',(69.423154134599,12.9,-0.4));
#5354=CARTESIAN_POINT('',(68.5838637566237,12.1193976625564,-0.4));
#5355=CARTESIAN_POINT('',(65.5813445408218,10.8757134820855,-0.4));
#5356=CARTESIAN_POINT('Origin',(68.3572819576835,12.4585012885655,-0.4));
#5357=CARTESIAN_POINT('Origin',(60.6481329871119,24.9993389797413,-0.4));
#5358=CARTESIAN_POINT('',(67.8806023374436,8.5838637566237,-0.4));
#5359=CARTESIAN_POINT('',(61.0176848001164,25.1524123526874,-0.4));
#5360=CARTESIAN_POINT('Origin',(67.5414987114345,8.3572819576835,-0.4));
#5361=CARTESIAN_POINT('Origin',(55.6252056893541,20.273574979764,-0.4));
#5362=CARTESIAN_POINT('',(68.5838637566237,7.88060233744357,-0.4));
#5363=CARTESIAN_POINT('',(55.9080484018287,20.5564176922386,-0.4));
#5364=CARTESIAN_POINT('Origin',(68.3572819576835,7.54149871143454,-0.4));
#5365=CARTESIAN_POINT('Origin',(55.2810971125412,12.95783181839,-0.4));
#5366=CARTESIAN_POINT('',(69.5027190815509,7.5,-0.4));
#5367=CARTESIAN_POINT('',(55.4341704854872,13.3273836313945,-0.4));
#5368=CARTESIAN_POINT('Origin',(69.423154134599,7.1,-0.4));
#5369=CARTESIAN_POINT('Origin',(60.2486404592245,7.10000000000002,-0.4));
#5370=CARTESIAN_POINT('',(70.4972809184491,7.5,-0.4));
#5371=CARTESIAN_POINT('',(60.2486404592245,7.50000000000002,-0.4));
#5372=CARTESIAN_POINT('Origin',(70.576845865401,7.1,-0.4));
#5373=CARTESIAN_POINT('Origin',(68.1072627380569,6.07706517524631,-0.4));
#5374=CARTESIAN_POINT('',(71.4161362433763,7.88060233744357,-0.4));
#5375=CARTESIAN_POINT('',(67.9541893651108,6.44661698825082,-0.4));
#5376=CARTESIAN_POINT('Origin',(71.6427180423165,7.54149871143454,-0.4));
#5377=CARTESIAN_POINT('Origin',(74.726425020236,10.625205689354,-0.4));
#5378=CARTESIAN_POINT('',(72.1193976625564,8.58386375662369,-0.4));
#5379=CARTESIAN_POINT('',(74.4435823077614,10.9080484018286,-0.4));
#5380=CARTESIAN_POINT('Origin',(72.4585012885655,8.35728195768348,-0.4));
#5381=CARTESIAN_POINT('Origin',(76.6132359934755,18.3876988303393,-0.4));
#5382=CARTESIAN_POINT('',(72.5,9.50271908155085,-0.4));
#5383=CARTESIAN_POINT('',(76.243684180471,18.5407722032854,-0.4));
#5384=CARTESIAN_POINT('Origin',(72.9,9.42315413459898,-0.4));
#5385=CARTESIAN_POINT('Origin',(72.9,25.2486404592246,-0.4));
#5386=CARTESIAN_POINT('',(72.5,10.4972809184491,-0.4));
#5387=CARTESIAN_POINT('',(72.5,25.2486404592246,-0.4));
#5388=CARTESIAN_POINT('Origin',(72.9,10.576845865401,-0.4));
#5389=CARTESIAN_POINT('Origin',(65.8163331069556,27.6783305499224,-0.4));
#5390=CARTESIAN_POINT('',(72.1193976625564,11.4161362433763,-0.4));
#5391=CARTESIAN_POINT('',(65.4467812939511,27.5252571769764,-0.4));
#5392=CARTESIAN_POINT('Origin',(72.4585012885655,11.6427180423165,-0.4));
#5393=CARTESIAN_POINT('Origin',(59.374794310646,24.726425020236,-0.4));
#5394=CARTESIAN_POINT('',(71.4161362433763,12.1193976625564,-0.4));
#5395=CARTESIAN_POINT('',(59.0919515981714,24.4435823077614,-0.4));
#5396=CARTESIAN_POINT('Origin',(71.6427180423165,12.4585012885655,-0.4));
#5397=CARTESIAN_POINT('Origin',(57.0412333577951,18.5066342756773,-0.4));
#5398=CARTESIAN_POINT('',(70.4972809184491,12.5,-0.4));
#5399=CARTESIAN_POINT('',(56.8881599848491,18.1370824626727,-0.4));
#5400=CARTESIAN_POINT('Origin',(70.576845865401,12.9,-0.4));
#5401=CARTESIAN_POINT('Origin',(59.7513595407754,12.9,-0.4));
#5402=CARTESIAN_POINT('',(59.7513595407754,12.5,-0.4));
#5403=CARTESIAN_POINT('Origin',(70.273574979764,14.3747943106459,-0.4));
#5404=CARTESIAN_POINT('',(67.8806023374436,11.4161362433763,-0.4));
#5405=CARTESIAN_POINT('',(70.5564176922386,14.0919515981713,-0.4));
#5406=CARTESIAN_POINT('Origin',(67.5414987114345,11.6427180423165,-0.4));
#5407=CARTESIAN_POINT('Origin',(71.0644335361882,20.1478350755933,-0.4));
#5408=CARTESIAN_POINT('',(71.4339853491927,19.9947617026473,-0.4));
#5409=CARTESIAN_POINT('Origin',(70.4972809184491,7.5,0.));
#5410=CARTESIAN_POINT('',(69.5027190815509,7.5,-2.6));
#5411=CARTESIAN_POINT('',(69.5027190815509,7.5,0.));
#5412=CARTESIAN_POINT('',(70.4972809184491,7.5,-2.6));
#5413=CARTESIAN_POINT('',(70.2486404592246,7.5,-2.6));
#5414=CARTESIAN_POINT('',(70.4972809184491,7.5,0.));
#5415=CARTESIAN_POINT('Origin',(69.5027190815509,7.5,0.));
#5416=CARTESIAN_POINT('',(68.5838637566237,7.88060233744357,-2.6));
#5417=CARTESIAN_POINT('',(68.5838637566237,7.88060233744357,0.));
#5418=CARTESIAN_POINT('',(69.2730052503191,7.59515058436089,-2.6));
#5419=CARTESIAN_POINT('Origin',(68.5838637566237,7.88060233744357,0.));
#5420=CARTESIAN_POINT('',(67.8806023374436,8.5838637566237,-2.6));
#5421=CARTESIAN_POINT('',(67.8806023374436,8.5838637566237,0.));
#5422=CARTESIAN_POINT('',(68.4080484018287,8.0564176922386,-2.6));
#5423=CARTESIAN_POINT('Origin',(67.8806023374436,8.5838637566237,0.));
#5424=CARTESIAN_POINT('',(67.5,9.50271908155086,-2.6));
#5425=CARTESIAN_POINT('',(67.5,9.50271908155086,0.));
#5426=CARTESIAN_POINT('',(67.7854517530827,8.8135775878555,-2.6));
#5427=CARTESIAN_POINT('Origin',(67.5,9.50271908155086,0.));
#5428=CARTESIAN_POINT('',(67.5,10.4972809184492,-2.6));
#5429=CARTESIAN_POINT('',(67.5,10.4972809184492,0.));
#5430=CARTESIAN_POINT('',(67.5,9.75135954077543,-2.6));
#5431=CARTESIAN_POINT('Origin',(67.5,10.4972809184492,0.));
#5432=CARTESIAN_POINT('',(67.8806023374436,11.4161362433763,-2.6));
#5433=CARTESIAN_POINT('',(67.8806023374436,11.4161362433763,0.));
#5434=CARTESIAN_POINT('',(67.5951505843609,10.7269947496809,-2.6));
#5435=CARTESIAN_POINT('Origin',(67.8806023374436,11.4161362433763,0.));
#5436=CARTESIAN_POINT('',(68.5838637566237,12.1193976625564,-2.6));
#5437=CARTESIAN_POINT('',(68.5838637566237,12.1193976625564,0.));
#5438=CARTESIAN_POINT('',(68.0564176922386,11.5919515981713,-2.6));
#5439=CARTESIAN_POINT('Origin',(68.5838637566237,12.1193976625564,0.));
#5440=CARTESIAN_POINT('',(69.5027190815509,12.5,-2.6));
#5441=CARTESIAN_POINT('',(69.5027190815509,12.5,0.));
#5442=CARTESIAN_POINT('',(68.8135775878555,12.2145482469173,-2.6));
#5443=CARTESIAN_POINT('Origin',(62.3521649244066,50.0288996302555,-0.4));
#5444=CARTESIAN_POINT('',(68.5838637566237,47.8806023374436,-0.4));
#5445=CARTESIAN_POINT('',(69.5027190815509,47.5,-0.4));
#5446=CARTESIAN_POINT('',(62.5052382973526,50.39845144326,-0.4));
#5447=CARTESIAN_POINT('Origin',(69.423154134599,47.1,-0.4));
#5448=CARTESIAN_POINT('Origin',(68.3572819576835,47.5414987114345,-0.4));
#5449=CARTESIAN_POINT('Origin',(60.2486404592245,47.0999999999999,-0.4));
#5450=CARTESIAN_POINT('',(70.4972809184491,47.5,-0.4));
#5451=CARTESIAN_POINT('',(60.2486404592245,47.4999999999999,-0.4));
#5452=CARTESIAN_POINT('Origin',(70.576845865401,47.1,-0.4));
#5453=CARTESIAN_POINT('Origin',(61.0361949261915,43.1481329871117,-0.4));
#5454=CARTESIAN_POINT('',(71.4161362433763,47.8806023374436,-0.4));
#5455=CARTESIAN_POINT('',(60.8831215532454,43.5176848001163,-0.4));
#5456=CARTESIAN_POINT('Origin',(71.6427180423165,47.5414987114345,-0.4));
#5457=CARTESIAN_POINT('Origin',(64.7264250202361,40.625205689354,-0.4));
#5458=CARTESIAN_POINT('',(72.1193976625564,48.5838637566237,-0.4));
#5459=CARTESIAN_POINT('',(64.4435823077615,40.9080484018287,-0.4));
#5460=CARTESIAN_POINT('Origin',(72.4585012885655,48.3572819576835,-0.4));
#5461=CARTESIAN_POINT('Origin',(69.54216818161,41.3166310184739,-0.4));
#5462=CARTESIAN_POINT('',(72.5,49.5027190815509,-0.4));
#5463=CARTESIAN_POINT('',(69.1726163686055,41.46970439142,-0.4));
#5464=CARTESIAN_POINT('Origin',(72.9,49.423154134599,-0.4));
#5465=CARTESIAN_POINT('Origin',(72.8874009188209,50.607262738057,-0.4));
#5466=CARTESIAN_POINT('',(72.5,50.4972809184492,-0.4));
#5467=CARTESIAN_POINT('',(72.1193976625564,51.4161362433763,-0.4));
#5468=CARTESIAN_POINT('',(72.5178491058164,50.4541893651109,-0.4));
#5469=CARTESIAN_POINT('Origin',(72.4585012885654,51.6427180423165,-0.4));
#5470=CARTESIAN_POINT('Origin',(72.9,50.576845865401,-0.4));
#5471=CARTESIAN_POINT('Origin',(69.3747943106459,54.726425020236,-0.4));
#5472=CARTESIAN_POINT('',(71.4161362433763,52.1193976625564,-0.4));
#5473=CARTESIAN_POINT('',(69.0919515981713,54.4435823077614,-0.4));
#5474=CARTESIAN_POINT('Origin',(71.6427180423165,52.4585012885655,-0.4));
#5475=CARTESIAN_POINT('Origin',(64.1123011696605,55.5777020875427,-0.4));
#5476=CARTESIAN_POINT('',(70.4972809184491,52.5,-0.4));
#5477=CARTESIAN_POINT('',(63.9592277967145,55.2081502745382,-0.4));
#5478=CARTESIAN_POINT('Origin',(70.576845865401,52.9,-0.4));
#5479=CARTESIAN_POINT('Origin',(72.9,45.2486404592247,-0.4));
#5480=CARTESIAN_POINT('',(72.5,45.2486404592247,-0.4));
#5481=CARTESIAN_POINT('Origin',(59.7513595407754,52.8999999999999,-0.4));
#5482=CARTESIAN_POINT('',(69.5027190815508,52.5,-0.4));
#5483=CARTESIAN_POINT('',(59.7513595407754,52.4999999999999,-0.4));
#5484=CARTESIAN_POINT('Origin',(69.423154134599,52.9,-0.4));
#5485=CARTESIAN_POINT('Origin',(58.3572033560104,48.3163331069554,-0.4));
#5486=CARTESIAN_POINT('',(68.5838637566237,52.1193976625564,-0.4));
#5487=CARTESIAN_POINT('',(58.5102767289564,47.9467812939509,-0.4));
#5488=CARTESIAN_POINT('Origin',(68.3572819576835,52.4585012885654,-0.4));
#5489=CARTESIAN_POINT('Origin',(60.273574979764,44.3747943106459,-0.4));
#5490=CARTESIAN_POINT('',(67.8806023374436,51.4161362433763,-0.4));
#5491=CARTESIAN_POINT('',(60.5564176922387,44.0919515981713,-0.4));
#5492=CARTESIAN_POINT('Origin',(67.5414987114345,51.6427180423165,-0.4));
#5493=CARTESIAN_POINT('Origin',(63.9933657243228,43.0767672637279,-0.4));
#5494=CARTESIAN_POINT('',(67.5,50.4972809184491,-0.4));
#5495=CARTESIAN_POINT('',(64.3629175373273,42.9236938907818,-0.4));
#5496=CARTESIAN_POINT('Origin',(67.1,50.576845865401,-0.4));
#5497=CARTESIAN_POINT('Origin',(67.1000000000001,44.7513595407755,-0.4));
#5498=CARTESIAN_POINT('',(67.5,49.5027190815508,-0.4));
#5499=CARTESIAN_POINT('',(67.5000000000001,44.7513595407755,-0.4));
#5500=CARTESIAN_POINT('Origin',(67.1,49.423154134599,-0.4));
#5501=CARTESIAN_POINT('Origin',(67.7192007989773,47.9282711678759,-0.4));
#5502=CARTESIAN_POINT('',(67.8806023374436,48.5838637566237,-0.4));
#5503=CARTESIAN_POINT('',(68.0887526119818,48.0813445408219,-0.4));
#5504=CARTESIAN_POINT('Origin',(67.5414987114346,48.3572819576835,-0.4));
#5505=CARTESIAN_POINT('Origin',(65.625205689354,50.273574979764,-0.4));
#5506=CARTESIAN_POINT('',(65.9080484018286,50.5564176922386,-0.4));
#5507=CARTESIAN_POINT('Origin',(67.5,49.5027190815508,0.));
#5508=CARTESIAN_POINT('',(67.5,50.4972809184491,-2.6));
#5509=CARTESIAN_POINT('',(67.5,50.4972809184491,0.));
#5510=CARTESIAN_POINT('',(67.5,49.5027190815508,-2.6));
#5511=CARTESIAN_POINT('',(67.5,49.7513595407754,-2.6));
#5512=CARTESIAN_POINT('',(67.5,49.5027190815508,0.));
#5513=CARTESIAN_POINT('Origin',(67.5,50.4972809184491,0.));
#5514=CARTESIAN_POINT('',(67.8806023374436,51.4161362433763,-2.6));
#5515=CARTESIAN_POINT('',(67.8806023374436,51.4161362433763,0.));
#5516=CARTESIAN_POINT('',(67.5951505843609,50.7269947496809,-2.6));
#5517=CARTESIAN_POINT('Origin',(67.8806023374436,51.4161362433763,0.));
#5518=CARTESIAN_POINT('',(68.5838637566237,52.1193976625564,-2.6));
#5519=CARTESIAN_POINT('',(68.5838637566237,52.1193976625564,0.));
#5520=CARTESIAN_POINT('',(68.0564176922386,51.5919515981713,-2.6));
#5521=CARTESIAN_POINT('Origin',(68.5838637566237,52.1193976625564,0.));
#5522=CARTESIAN_POINT('',(69.5027190815508,52.5,-2.6));
#5523=CARTESIAN_POINT('',(69.5027190815508,52.5,0.));
#5524=CARTESIAN_POINT('',(68.8135775878555,52.2145482469173,-2.6));
#5525=CARTESIAN_POINT('Origin',(69.5027190815508,52.5,0.));
#5526=CARTESIAN_POINT('',(70.4972809184491,52.5,-2.6));
#5527=CARTESIAN_POINT('',(70.4972809184491,52.5,0.));
#5528=CARTESIAN_POINT('',(69.7513595407754,52.5,-2.6));
#5529=CARTESIAN_POINT('Origin',(70.4972809184491,52.5,0.));
#5530=CARTESIAN_POINT('',(71.4161362433763,52.1193976625564,-2.6));
#5531=CARTESIAN_POINT('',(71.4161362433763,52.1193976625564,0.));
#5532=CARTESIAN_POINT('',(70.7269947496809,52.4048494156391,-2.6));
#5533=CARTESIAN_POINT('Origin',(71.4161362433763,52.1193976625564,0.));
#5534=CARTESIAN_POINT('',(72.1193976625564,51.4161362433763,-2.6));
#5535=CARTESIAN_POINT('',(72.1193976625564,51.4161362433763,0.));
#5536=CARTESIAN_POINT('',(71.5919515981713,51.9435823077614,-2.6));
#5537=CARTESIAN_POINT('Origin',(72.1193976625564,51.4161362433763,0.));
#5538=CARTESIAN_POINT('',(72.5,50.4972809184492,-2.6));
#5539=CARTESIAN_POINT('',(72.5,50.4972809184492,0.));
#5540=CARTESIAN_POINT('',(72.2145482469173,51.1864224121445,-2.6));
#5541=CARTESIAN_POINT('Origin',(30.6481329871118,40.8572033560104,-0.4));
#5542=CARTESIAN_POINT('',(27.5,49.5027190815509,-0.4));
#5543=CARTESIAN_POINT('',(27.8806023374436,48.5838637566237,-0.4));
#5544=CARTESIAN_POINT('',(31.0176848001163,41.0102767289564,-0.4));
#5545=CARTESIAN_POINT('Origin',(27.5414987114345,48.3572819576835,-0.4));
#5546=CARTESIAN_POINT('Origin',(27.1,49.423154134599,-0.4));
#5547=CARTESIAN_POINT('Origin',(35.625205689354,40.273574979764,-0.4));
#5548=CARTESIAN_POINT('',(28.5838637566237,47.8806023374436,-0.4));
#5549=CARTESIAN_POINT('',(35.9080484018287,40.5564176922386,-0.4));
#5550=CARTESIAN_POINT('Origin',(28.3572819576835,47.5414987114345,-0.4));
#5551=CARTESIAN_POINT('Origin',(39.4232327362721,42.95783181839,-0.4));
#5552=CARTESIAN_POINT('',(29.5027190815508,47.5,-0.4));
#5553=CARTESIAN_POINT('',(39.5763061092182,43.3273836313945,-0.4));
#5554=CARTESIAN_POINT('Origin',(29.423154134599,47.1,-0.4));
#5555=CARTESIAN_POINT('Origin',(40.2486404592246,47.1,-0.4));
#5556=CARTESIAN_POINT('',(30.4972809184491,47.5,-0.4));
#5557=CARTESIAN_POINT('',(40.2486404592246,47.5,-0.4));
#5558=CARTESIAN_POINT('Origin',(30.576845865401,47.1,-0.4));
#5559=CARTESIAN_POINT('Origin',(38.107262738057,50.2192007989772,-0.4));
#5560=CARTESIAN_POINT('',(31.4161362433763,47.8806023374436,-0.4));
#5561=CARTESIAN_POINT('',(37.9541893651109,50.5887526119818,-0.4));
#5562=CARTESIAN_POINT('Origin',(31.6427180423165,47.5414987114345,-0.4));
#5563=CARTESIAN_POINT('Origin',(34.726425020236,50.625205689354,-0.4));
#5564=CARTESIAN_POINT('',(32.1193976625564,48.5838637566237,-0.4));
#5565=CARTESIAN_POINT('',(34.4435823077614,50.9080484018287,-0.4));
#5566=CARTESIAN_POINT('Origin',(32.4585012885655,48.3572819576835,-0.4));
#5567=CARTESIAN_POINT('Origin',(35.8163331069554,43.5361949261915,-0.4));
#5568=CARTESIAN_POINT('',(32.5,50.4972809184491,-0.4));
#5569=CARTESIAN_POINT('Origin',(32.9,50.576845865401,-0.4));
#5570=CARTESIAN_POINT('',(32.1193976625564,51.4161362433763,-0.4));
#5571=CARTESIAN_POINT('',(35.4467812939509,43.3831215532454,-0.4));
#5572=CARTESIAN_POINT('Origin',(32.4585012885655,51.6427180423165,-0.4));
#5573=CARTESIAN_POINT('Origin',(32.4711003697445,48.3876988303394,-0.4));
#5574=CARTESIAN_POINT('',(32.5,49.5027190815509,-0.4));
#5575=CARTESIAN_POINT('',(32.10154855674,48.5407722032855,-0.4));
#5576=CARTESIAN_POINT('Origin',(32.9,49.423154134599,-0.4));
#5577=CARTESIAN_POINT('Origin',(32.9,45.2486404592246,-0.4));
#5578=CARTESIAN_POINT('',(32.5,45.2486404592246,-0.4));
#5579=CARTESIAN_POINT('Origin',(39.3747943106459,44.726425020236,-0.4));
#5580=CARTESIAN_POINT('',(31.4161362433763,52.1193976625564,-0.4));
#5581=CARTESIAN_POINT('',(39.0919515981713,44.4435823077613,-0.4));
#5582=CARTESIAN_POINT('Origin',(31.6427180423165,52.4585012885655,-0.4));
#5583=CARTESIAN_POINT('Origin',(41.1833689815261,48.5066342756772,-0.4));
#5584=CARTESIAN_POINT('',(30.4972809184492,52.5,-0.4));
#5585=CARTESIAN_POINT('',(41.03029560858,48.1370824626727,-0.4));
#5586=CARTESIAN_POINT('Origin',(30.576845865401,52.9,-0.4));
#5587=CARTESIAN_POINT('Origin',(39.7513595407755,52.8999999999999,-0.4));
#5588=CARTESIAN_POINT('',(29.5027190815509,52.5,-0.4));
#5589=CARTESIAN_POINT('',(39.7513595407755,52.4999999999999,-0.4));
#5590=CARTESIAN_POINT('Origin',(29.423154134599,52.9,-0.4));
#5591=CARTESIAN_POINT('Origin',(35.4282711678759,55.3874009188209,-0.4));
#5592=CARTESIAN_POINT('',(28.5838637566237,52.1193976625565,-0.4));
#5593=CARTESIAN_POINT('',(35.5813445408219,55.0178491058164,-0.4));
#5594=CARTESIAN_POINT('Origin',(28.3572819576835,52.4585012885655,-0.4));
#5595=CARTESIAN_POINT('Origin',(30.273574979764,54.374794310646,-0.4));
#5596=CARTESIAN_POINT('',(27.8806023374436,51.4161362433763,-0.4));
#5597=CARTESIAN_POINT('',(30.5564176922386,54.0919515981714,-0.4));
#5598=CARTESIAN_POINT('Origin',(27.5414987114345,51.6427180423165,-0.4));
#5599=CARTESIAN_POINT('Origin',(26.9222979124573,50.1478350755934,-0.4));
#5600=CARTESIAN_POINT('',(27.5,50.4972809184492,-0.4));
#5601=CARTESIAN_POINT('',(27.2918497254618,49.9947617026473,-0.4));
#5602=CARTESIAN_POINT('Origin',(27.1,50.576845865401,-0.4));
#5603=CARTESIAN_POINT('Origin',(27.1,44.7513595407755,-0.4));
#5604=CARTESIAN_POINT('',(27.5,44.7513595407755,-0.4));
#5605=CARTESIAN_POINT('Origin',(27.5,49.5027190815509,0.));
#5606=CARTESIAN_POINT('',(27.5,50.4972809184492,-2.6));
#5607=CARTESIAN_POINT('',(27.5,50.4972809184492,0.));
#5608=CARTESIAN_POINT('',(27.5,49.5027190815509,-2.6));
#5609=CARTESIAN_POINT('',(27.5,49.7513595407754,-2.6));
#5610=CARTESIAN_POINT('',(27.5,49.5027190815509,0.));
#5611=CARTESIAN_POINT('Origin',(27.5,50.4972809184492,0.));
#5612=CARTESIAN_POINT('',(27.8806023374436,51.4161362433763,-2.6));
#5613=CARTESIAN_POINT('',(27.8806023374436,51.4161362433763,0.));
#5614=CARTESIAN_POINT('',(27.5951505843609,50.7269947496809,-2.6));
#5615=CARTESIAN_POINT('Origin',(27.8806023374436,51.4161362433763,0.));
#5616=CARTESIAN_POINT('',(28.5838637566237,52.1193976625565,-2.6));
#5617=CARTESIAN_POINT('',(28.5838637566237,52.1193976625565,0.));
#5618=CARTESIAN_POINT('',(28.0564176922386,51.5919515981713,-2.6));
#5619=CARTESIAN_POINT('Origin',(28.5838637566237,52.1193976625565,0.));
#5620=CARTESIAN_POINT('',(29.5027190815509,52.5,-2.6));
#5621=CARTESIAN_POINT('',(29.5027190815509,52.5,0.));
#5622=CARTESIAN_POINT('',(28.8135775878555,52.2145482469173,-2.6));
#5623=CARTESIAN_POINT('Origin',(29.5027190815509,52.5,0.));
#5624=CARTESIAN_POINT('',(30.4972809184492,52.5,-2.6));
#5625=CARTESIAN_POINT('',(30.4972809184492,52.5,0.));
#5626=CARTESIAN_POINT('',(29.7513595407754,52.5,-2.6));
#5627=CARTESIAN_POINT('Origin',(30.4972809184492,52.5,0.));
#5628=CARTESIAN_POINT('',(31.4161362433763,52.1193976625564,-2.6));
#5629=CARTESIAN_POINT('',(31.4161362433763,52.1193976625564,0.));
#5630=CARTESIAN_POINT('',(30.726994749681,52.4048494156391,-2.6));
#5631=CARTESIAN_POINT('Origin',(31.4161362433763,52.1193976625564,0.));
#5632=CARTESIAN_POINT('',(32.1193976625564,51.4161362433763,-2.6));
#5633=CARTESIAN_POINT('',(32.1193976625564,51.4161362433763,0.));
#5634=CARTESIAN_POINT('',(31.5919515981713,51.9435823077614,-2.6));
#5635=CARTESIAN_POINT('Origin',(32.1193976625564,51.4161362433763,0.));
#5636=CARTESIAN_POINT('',(32.5,50.4972809184491,-2.6));
#5637=CARTESIAN_POINT('',(32.5,50.4972809184491,0.));
#5638=CARTESIAN_POINT('',(32.2145482469173,51.1864224121445,-2.6));
#5639=CARTESIAN_POINT('Origin',(67.7,49.7513595407754,-2.8));
#5640=CARTESIAN_POINT('',(67.9,50.4177159714973,-3.));
#5641=CARTESIAN_POINT('',(67.9,49.5822840285027,-3.));
#5642=CARTESIAN_POINT('',(67.9,49.7513595407754,-3.));
#5643=CARTESIAN_POINT('',(67.9,49.5822840285027,-3.));
#5644=CARTESIAN_POINT('',(67.9,50.4177159714973,-3.));
#5645=CARTESIAN_POINT('Origin',(67.9702276595849,48.8901142743285,-2.8));
#5646=CARTESIAN_POINT('',(68.2197059634526,48.8104455555639,-3.));
#5647=CARTESIAN_POINT('',(68.1550035660872,48.9666509608015,-3.));
#5648=CARTESIAN_POINT('',(67.8806023374436,48.5838637566237,-2.6));
#5649=CARTESIAN_POINT('',(68.2197059634526,48.8104455555639,-3.));
#5650=CARTESIAN_POINT('',(67.7854517530827,48.8135775878555,-2.6));
#5651=CARTESIAN_POINT('Origin',(68.549469758066,48.1978390484759,-2.8));
#5652=CARTESIAN_POINT('',(68.8104455555639,48.2197059634526,-3.));
#5653=CARTESIAN_POINT('',(68.6908911143033,48.3392604047132,-3.));
#5654=CARTESIAN_POINT('',(68.5838637566237,47.8806023374436,-2.6));
#5655=CARTESIAN_POINT('',(68.8104455555639,48.2197059634526,-3.));
#5656=CARTESIAN_POINT('',(68.4080484018287,48.0564176922386,-2.6));
#5657=CARTESIAN_POINT('Origin',(69.3495419367921,47.7799264908631,-2.8));
#5658=CARTESIAN_POINT('',(69.5822840285028,47.9,-3.));
#5659=CARTESIAN_POINT('',(69.4260786232651,47.9647023973654,-3.));
#5660=CARTESIAN_POINT('',(69.5027190815509,47.5,-2.6));
#5661=CARTESIAN_POINT('',(69.5822840285028,47.9,-3.));
#5662=CARTESIAN_POINT('',(69.2730052503191,47.5951505843609,-2.6));
#5663=CARTESIAN_POINT('Origin',(70.2486404592246,47.7,-2.8));
#5664=CARTESIAN_POINT('',(70.4177159714973,47.9,-3.));
#5665=CARTESIAN_POINT('',(70.2486404592246,47.9,-3.));
#5666=CARTESIAN_POINT('',(70.4972809184491,47.5,-2.6));
#5667=CARTESIAN_POINT('',(70.4177159714973,47.9,-3.));
#5668=CARTESIAN_POINT('',(70.2486404592246,47.5,-2.6));
#5669=CARTESIAN_POINT('Origin',(71.1098857256715,47.9702276595849,-2.8));
#5670=CARTESIAN_POINT('',(71.1895544444361,48.2197059634526,-3.));
#5671=CARTESIAN_POINT('',(71.0333490391985,48.1550035660872,-3.));
#5672=CARTESIAN_POINT('',(71.4161362433763,47.8806023374436,-2.6));
#5673=CARTESIAN_POINT('',(71.1895544444361,48.2197059634526,-3.));
#5674=CARTESIAN_POINT('',(71.1864224121445,47.7854517530827,-2.6));
#5675=CARTESIAN_POINT('Origin',(71.8021609515241,48.549469758066,-2.8));
#5676=CARTESIAN_POINT('',(71.7802940365474,48.8104455555639,-3.));
#5677=CARTESIAN_POINT('',(71.6607395952868,48.6908911143033,-3.));
#5678=CARTESIAN_POINT('',(72.1193976625564,48.5838637566237,-2.6));
#5679=CARTESIAN_POINT('',(71.7802940365474,48.8104455555639,-3.));
#5680=CARTESIAN_POINT('',(71.9435823077614,48.4080484018287,-2.6));
#5681=CARTESIAN_POINT('Origin',(72.2200735091368,49.3495419367921,-2.8));
#5682=CARTESIAN_POINT('',(72.1,49.5822840285027,-3.));
#5683=CARTESIAN_POINT('',(72.0352976026346,49.4260786232651,-3.));
#5684=CARTESIAN_POINT('',(72.5,49.5027190815509,-2.6));
#5685=CARTESIAN_POINT('',(72.1,49.5822840285027,-3.));
#5686=CARTESIAN_POINT('',(72.4048494156391,49.2730052503191,-2.6));
#5687=CARTESIAN_POINT('Origin',(72.3,50.2486404592246,-2.8));
#5688=CARTESIAN_POINT('',(72.1,50.4177159714973,-3.));
#5689=CARTESIAN_POINT('',(72.1,50.2486404592246,-3.));
#5690=CARTESIAN_POINT('',(72.1,50.4177159714973,-3.));
#5691=CARTESIAN_POINT('',(72.5,50.2486404592246,-2.6));
#5692=CARTESIAN_POINT('Origin',(72.0297723404151,51.1098857256715,-2.8));
#5693=CARTESIAN_POINT('',(71.7802940365474,51.1895544444361,-3.));
#5694=CARTESIAN_POINT('',(71.8449964339128,51.0333490391985,-3.));
#5695=CARTESIAN_POINT('',(71.7802940365474,51.1895544444361,-3.));
#5696=CARTESIAN_POINT('Origin',(71.450530241934,51.8021609515241,-2.8));
#5697=CARTESIAN_POINT('',(71.1895544444361,51.7802940365474,-3.));
#5698=CARTESIAN_POINT('',(71.3091088856967,51.6607395952868,-3.));
#5699=CARTESIAN_POINT('',(71.1895544444361,51.7802940365474,-3.));
#5700=CARTESIAN_POINT('Origin',(70.6504580632079,52.2200735091368,-2.8));
#5701=CARTESIAN_POINT('',(70.4177159714973,52.1,-3.));
#5702=CARTESIAN_POINT('',(70.5739213767349,52.0352976026346,-3.));
#5703=CARTESIAN_POINT('',(70.4177159714973,52.1,-3.));
#5704=CARTESIAN_POINT('Origin',(69.7513595407754,52.3,-2.8));
#5705=CARTESIAN_POINT('',(69.5822840285027,52.1,-3.));
#5706=CARTESIAN_POINT('',(69.7513595407754,52.1,-3.));
#5707=CARTESIAN_POINT('',(69.5822840285027,52.1,-3.));
#5708=CARTESIAN_POINT('Origin',(68.8901142743285,52.0297723404151,-2.8));
#5709=CARTESIAN_POINT('',(68.8104455555639,51.7802940365474,-3.));
#5710=CARTESIAN_POINT('',(68.9666509608015,51.8449964339128,-3.));
#5711=CARTESIAN_POINT('',(68.8104455555639,51.7802940365474,-3.));
#5712=CARTESIAN_POINT('Origin',(68.1978390484759,51.450530241934,-2.8));
#5713=CARTESIAN_POINT('',(68.2197059634526,51.1895544444361,-3.));
#5714=CARTESIAN_POINT('',(68.3392604047132,51.3091088856967,-3.));
#5715=CARTESIAN_POINT('',(68.2197059634526,51.1895544444361,-3.));
#5716=CARTESIAN_POINT('Origin',(67.7799264908631,50.6504580632079,-2.8));
#5717=CARTESIAN_POINT('',(67.9647023973654,50.5739213767349,-3.));
#5718=CARTESIAN_POINT('Origin',(70.,50.,-3.));
#5719=CARTESIAN_POINT('Origin',(70.2486404592246,7.7,-2.8));
#5720=CARTESIAN_POINT('',(69.5822840285027,7.9,-3.));
#5721=CARTESIAN_POINT('',(70.4177159714973,7.9,-3.));
#5722=CARTESIAN_POINT('',(70.2486404592246,7.9,-3.));
#5723=CARTESIAN_POINT('',(70.4177159714973,7.9,-3.));
#5724=CARTESIAN_POINT('',(69.5822840285027,7.9,-3.));
#5725=CARTESIAN_POINT('Origin',(71.1098857256715,7.97022765958493,-2.8));
#5726=CARTESIAN_POINT('',(71.1895544444361,8.2197059634526,-3.));
#5727=CARTESIAN_POINT('',(71.0333490391985,8.15500356608719,-3.));
#5728=CARTESIAN_POINT('',(71.4161362433763,7.88060233744357,-2.6));
#5729=CARTESIAN_POINT('',(71.1895544444361,8.2197059634526,-3.));
#5730=CARTESIAN_POINT('',(71.1864224121445,7.78545175308267,-2.6));
#5731=CARTESIAN_POINT('Origin',(71.8021609515241,8.54946975806597,-2.8));
#5732=CARTESIAN_POINT('',(71.7802940365474,8.81044555556391,-3.));
#5733=CARTESIAN_POINT('',(71.6607395952868,8.69089111430328,-3.));
#5734=CARTESIAN_POINT('',(72.1193976625564,8.58386375662369,-2.6));
#5735=CARTESIAN_POINT('',(71.7802940365474,8.81044555556391,-3.));
#5736=CARTESIAN_POINT('',(71.9435823077614,8.40804840182866,-2.6));
#5737=CARTESIAN_POINT('Origin',(72.2200735091369,9.34954193679208,-2.8));
#5738=CARTESIAN_POINT('',(72.1,9.58228402850272,-3.));
#5739=CARTESIAN_POINT('',(72.0352976026346,9.4260786232651,-3.));
#5740=CARTESIAN_POINT('',(72.5,9.50271908155085,-2.6));
#5741=CARTESIAN_POINT('',(72.1,9.58228402850272,-3.));
#5742=CARTESIAN_POINT('',(72.4048494156391,9.27300525031906,-2.6));
#5743=CARTESIAN_POINT('Origin',(72.3,10.2486404592246,-2.8));
#5744=CARTESIAN_POINT('',(72.1,10.4177159714973,-3.));
#5745=CARTESIAN_POINT('',(72.1,10.2486404592246,-3.));
#5746=CARTESIAN_POINT('',(72.5,10.4972809184491,-2.6));
#5747=CARTESIAN_POINT('',(72.1,10.4177159714973,-3.));
#5748=CARTESIAN_POINT('',(72.5,10.2486404592246,-2.6));
#5749=CARTESIAN_POINT('Origin',(72.0297723404151,11.1098857256715,-2.8));
#5750=CARTESIAN_POINT('',(71.7802940365474,11.1895544444361,-3.));
#5751=CARTESIAN_POINT('',(71.8449964339128,11.0333490391985,-3.));
#5752=CARTESIAN_POINT('',(72.1193976625564,11.4161362433763,-2.6));
#5753=CARTESIAN_POINT('',(71.7802940365474,11.1895544444361,-3.));
#5754=CARTESIAN_POINT('',(72.2145482469173,11.1864224121445,-2.6));
#5755=CARTESIAN_POINT('Origin',(71.450530241934,11.8021609515241,-2.8));
#5756=CARTESIAN_POINT('',(71.1895544444361,11.7802940365474,-3.));
#5757=CARTESIAN_POINT('',(71.3091088856967,11.6607395952868,-3.));
#5758=CARTESIAN_POINT('',(71.4161362433763,12.1193976625564,-2.6));
#5759=CARTESIAN_POINT('',(71.1895544444361,11.7802940365474,-3.));
#5760=CARTESIAN_POINT('',(71.5919515981713,11.9435823077614,-2.6));
#5761=CARTESIAN_POINT('Origin',(70.6504580632079,12.2200735091369,-2.8));
#5762=CARTESIAN_POINT('',(70.4177159714973,12.1,-3.));
#5763=CARTESIAN_POINT('',(70.5739213767349,12.0352976026346,-3.));
#5764=CARTESIAN_POINT('',(70.4972809184491,12.5,-2.6));
#5765=CARTESIAN_POINT('',(70.4177159714973,12.1,-3.));
#5766=CARTESIAN_POINT('',(70.7269947496809,12.4048494156391,-2.6));
#5767=CARTESIAN_POINT('Origin',(69.7513595407754,12.3,-2.8));
#5768=CARTESIAN_POINT('',(69.5822840285027,12.1,-3.));
#5769=CARTESIAN_POINT('',(69.7513595407754,12.1,-3.));
#5770=CARTESIAN_POINT('',(69.5822840285027,12.1,-3.));
#5771=CARTESIAN_POINT('',(69.7513595407754,12.5,-2.6));
#5772=CARTESIAN_POINT('Origin',(68.8901142743285,12.0297723404151,-2.8));
#5773=CARTESIAN_POINT('',(68.8104455555639,11.7802940365474,-3.));
#5774=CARTESIAN_POINT('',(68.9666509608015,11.8449964339128,-3.));
#5775=CARTESIAN_POINT('',(68.8104455555639,11.7802940365474,-3.));
#5776=CARTESIAN_POINT('Origin',(68.1978390484759,11.450530241934,-2.8));
#5777=CARTESIAN_POINT('',(68.2197059634526,11.1895544444361,-3.));
#5778=CARTESIAN_POINT('',(68.3392604047132,11.3091088856967,-3.));
#5779=CARTESIAN_POINT('',(68.2197059634526,11.1895544444361,-3.));
#5780=CARTESIAN_POINT('Origin',(67.7799264908631,10.6504580632079,-2.8));
#5781=CARTESIAN_POINT('',(67.9,10.4177159714973,-3.));
#5782=CARTESIAN_POINT('',(67.9647023973654,10.5739213767349,-3.));
#5783=CARTESIAN_POINT('',(67.9,10.4177159714973,-3.));
#5784=CARTESIAN_POINT('Origin',(67.7,9.75135954077543,-2.8));
#5785=CARTESIAN_POINT('',(67.9,9.58228402850273,-3.));
#5786=CARTESIAN_POINT('',(67.9,9.75135954077543,-3.));
#5787=CARTESIAN_POINT('',(67.9,9.58228402850273,-3.));
#5788=CARTESIAN_POINT('Origin',(67.9702276595849,8.89011427432851,-2.8));
#5789=CARTESIAN_POINT('',(68.2197059634526,8.81044555556391,-3.));
#5790=CARTESIAN_POINT('',(68.1550035660872,8.96665096080153,-3.));
#5791=CARTESIAN_POINT('',(68.2197059634526,8.81044555556391,-3.));
#5792=CARTESIAN_POINT('Origin',(68.549469758066,8.19783904847591,-2.8));
#5793=CARTESIAN_POINT('',(68.8104455555639,8.2197059634526,-3.));
#5794=CARTESIAN_POINT('',(68.6908911143033,8.33926040471322,-3.));
#5795=CARTESIAN_POINT('',(68.8104455555639,8.2197059634526,-3.));
#5796=CARTESIAN_POINT('Origin',(69.3495419367921,7.77992649086315,-2.8));
#5797=CARTESIAN_POINT('',(69.4260786232651,7.96470239736541,-3.));
#5798=CARTESIAN_POINT('Origin',(70.,10.,-3.));
#5799=CARTESIAN_POINT('Origin',(30.2486404592246,7.7,-2.8));
#5800=CARTESIAN_POINT('',(29.5822840285027,7.9,-3.));
#5801=CARTESIAN_POINT('',(30.4177159714973,7.9,-3.));
#5802=CARTESIAN_POINT('',(30.2486404592246,7.9,-3.));
#5803=CARTESIAN_POINT('',(30.4177159714973,7.9,-3.));
#5804=CARTESIAN_POINT('',(29.5822840285027,7.9,-3.));
#5805=CARTESIAN_POINT('Origin',(31.1098857256715,7.97022765958494,-2.8));
#5806=CARTESIAN_POINT('',(31.1895544444361,8.2197059634526,-3.));
#5807=CARTESIAN_POINT('',(31.0333490391985,8.15500356608719,-3.));
#5808=CARTESIAN_POINT('',(31.4161362433763,7.88060233744357,-2.6));
#5809=CARTESIAN_POINT('',(31.1895544444361,8.2197059634526,-3.));
#5810=CARTESIAN_POINT('',(31.1864224121445,7.78545175308268,-2.6));
#5811=CARTESIAN_POINT('Origin',(31.8021609515241,8.54946975806598,-2.8));
#5812=CARTESIAN_POINT('',(31.7802940365474,8.81044555556391,-3.));
#5813=CARTESIAN_POINT('',(31.6607395952868,8.69089111430329,-3.));
#5814=CARTESIAN_POINT('',(32.1193976625564,8.5838637566237,-2.6));
#5815=CARTESIAN_POINT('',(31.7802940365474,8.81044555556391,-3.));
#5816=CARTESIAN_POINT('',(31.9435823077614,8.40804840182867,-2.6));
#5817=CARTESIAN_POINT('Origin',(32.2200735091369,9.34954193679209,-2.8));
#5818=CARTESIAN_POINT('',(32.1,9.58228402850272,-3.));
#5819=CARTESIAN_POINT('',(32.0352976026346,9.42607862326511,-3.));
#5820=CARTESIAN_POINT('',(32.5,9.50271908155086,-2.6));
#5821=CARTESIAN_POINT('',(32.1,9.58228402850272,-3.));
#5822=CARTESIAN_POINT('',(32.4048494156391,9.27300525031907,-2.6));
#5823=CARTESIAN_POINT('Origin',(32.3,10.2486404592246,-2.8));
#5824=CARTESIAN_POINT('',(32.1,10.4177159714973,-3.));
#5825=CARTESIAN_POINT('',(32.1,10.2486404592246,-3.));
#5826=CARTESIAN_POINT('',(32.5,10.4972809184491,-2.6));
#5827=CARTESIAN_POINT('',(32.1,10.4177159714973,-3.));
#5828=CARTESIAN_POINT('',(32.5,10.2486404592246,-2.6));
#5829=CARTESIAN_POINT('Origin',(32.0297723404151,11.1098857256715,-2.8));
#5830=CARTESIAN_POINT('',(31.7802940365474,11.1895544444361,-3.));
#5831=CARTESIAN_POINT('',(31.8449964339128,11.0333490391985,-3.));
#5832=CARTESIAN_POINT('',(32.1193976625564,11.4161362433763,-2.6));
#5833=CARTESIAN_POINT('',(31.7802940365474,11.1895544444361,-3.));
#5834=CARTESIAN_POINT('',(32.2145482469173,11.1864224121445,-2.6));
#5835=CARTESIAN_POINT('Origin',(31.450530241934,11.8021609515241,-2.8));
#5836=CARTESIAN_POINT('',(31.1895544444361,11.7802940365474,-3.));
#5837=CARTESIAN_POINT('',(31.3091088856967,11.6607395952868,-3.));
#5838=CARTESIAN_POINT('',(31.4161362433763,12.1193976625564,-2.6));
#5839=CARTESIAN_POINT('',(31.1895544444361,11.7802940365474,-3.));
#5840=CARTESIAN_POINT('',(31.5919515981713,11.9435823077614,-2.6));
#5841=CARTESIAN_POINT('Origin',(30.6504580632079,12.2200735091369,-2.8));
#5842=CARTESIAN_POINT('',(30.4177159714973,12.1,-3.));
#5843=CARTESIAN_POINT('',(30.5739213767349,12.0352976026346,-3.));
#5844=CARTESIAN_POINT('',(30.4972809184491,12.5,-2.6));
#5845=CARTESIAN_POINT('',(30.4177159714973,12.1,-3.));
#5846=CARTESIAN_POINT('',(30.7269947496809,12.4048494156391,-2.6));
#5847=CARTESIAN_POINT('Origin',(29.7513595407754,12.3,-2.8));
#5848=CARTESIAN_POINT('',(29.5822840285027,12.1,-3.));
#5849=CARTESIAN_POINT('',(29.7513595407754,12.1,-3.));
#5850=CARTESIAN_POINT('',(29.5822840285027,12.1,-3.));
#5851=CARTESIAN_POINT('',(29.7513595407754,12.5,-2.6));
#5852=CARTESIAN_POINT('Origin',(28.8901142743285,12.0297723404151,-2.8));
#5853=CARTESIAN_POINT('',(28.8104455555639,11.7802940365474,-3.));
#5854=CARTESIAN_POINT('',(28.9666509608015,11.8449964339128,-3.));
#5855=CARTESIAN_POINT('',(28.8104455555639,11.7802940365474,-3.));
#5856=CARTESIAN_POINT('Origin',(28.1978390484759,11.450530241934,-2.8));
#5857=CARTESIAN_POINT('',(28.2197059634526,11.1895544444361,-3.));
#5858=CARTESIAN_POINT('',(28.3392604047132,11.3091088856967,-3.));
#5859=CARTESIAN_POINT('',(28.2197059634526,11.1895544444361,-3.));
#5860=CARTESIAN_POINT('Origin',(27.7799264908632,10.6504580632079,-2.8));
#5861=CARTESIAN_POINT('',(27.9,10.4177159714973,-3.));
#5862=CARTESIAN_POINT('',(27.9647023973654,10.5739213767349,-3.));
#5863=CARTESIAN_POINT('',(27.9,10.4177159714973,-3.));
#5864=CARTESIAN_POINT('Origin',(27.7,9.75135954077543,-2.8));
#5865=CARTESIAN_POINT('',(27.9,9.58228402850271,-3.));
#5866=CARTESIAN_POINT('',(27.9,9.75135954077543,-3.));
#5867=CARTESIAN_POINT('',(27.9,9.58228402850271,-3.));
#5868=CARTESIAN_POINT('Origin',(27.9702276595849,8.89011427432851,-2.8));
#5869=CARTESIAN_POINT('',(28.2197059634526,8.81044555556391,-3.));
#5870=CARTESIAN_POINT('',(28.1550035660872,8.96665096080153,-3.));
#5871=CARTESIAN_POINT('',(28.2197059634526,8.81044555556391,-3.));
#5872=CARTESIAN_POINT('Origin',(28.549469758066,8.19783904847591,-2.8));
#5873=CARTESIAN_POINT('',(28.8104455555639,8.2197059634526,-3.));
#5874=CARTESIAN_POINT('',(28.6908911143033,8.33926040471322,-3.));
#5875=CARTESIAN_POINT('',(28.8104455555639,8.2197059634526,-3.));
#5876=CARTESIAN_POINT('Origin',(29.3495419367921,7.77992649086315,-2.8));
#5877=CARTESIAN_POINT('',(29.4260786232651,7.96470239736541,-3.));
#5878=CARTESIAN_POINT('Origin',(30.,10.,-3.));
#5879=CARTESIAN_POINT('Origin',(27.7,49.7513595407754,-2.8));
#5880=CARTESIAN_POINT('',(27.9,50.4177159714973,-3.));
#5881=CARTESIAN_POINT('',(27.9,49.5822840285027,-3.));
#5882=CARTESIAN_POINT('',(27.9,49.7513595407754,-3.));
#5883=CARTESIAN_POINT('',(27.9,49.5822840285027,-3.));
#5884=CARTESIAN_POINT('',(27.9,50.4177159714973,-3.));
#5885=CARTESIAN_POINT('Origin',(27.9702276595849,48.8901142743285,-2.8));
#5886=CARTESIAN_POINT('',(28.2197059634526,48.8104455555639,-3.));
#5887=CARTESIAN_POINT('',(28.1550035660872,48.9666509608015,-3.));
#5888=CARTESIAN_POINT('',(27.8806023374436,48.5838637566237,-2.6));
#5889=CARTESIAN_POINT('',(28.2197059634526,48.8104455555639,-3.));
#5890=CARTESIAN_POINT('',(27.7854517530827,48.8135775878555,-2.6));
#5891=CARTESIAN_POINT('Origin',(28.549469758066,48.1978390484759,-2.8));
#5892=CARTESIAN_POINT('',(28.8104455555639,48.2197059634526,-3.));
#5893=CARTESIAN_POINT('',(28.6908911143033,48.3392604047132,-3.));
#5894=CARTESIAN_POINT('',(28.5838637566237,47.8806023374436,-2.6));
#5895=CARTESIAN_POINT('',(28.8104455555639,48.2197059634526,-3.));
#5896=CARTESIAN_POINT('',(28.4080484018287,48.0564176922386,-2.6));
#5897=CARTESIAN_POINT('Origin',(29.3495419367921,47.7799264908631,-2.8));
#5898=CARTESIAN_POINT('',(29.5822840285027,47.9,-3.));
#5899=CARTESIAN_POINT('',(29.4260786232651,47.9647023973654,-3.));
#5900=CARTESIAN_POINT('',(29.5027190815508,47.5,-2.6));
#5901=CARTESIAN_POINT('',(29.5822840285027,47.9,-3.));
#5902=CARTESIAN_POINT('',(29.2730052503191,47.5951505843609,-2.6));
#5903=CARTESIAN_POINT('Origin',(30.2486404592246,47.7,-2.8));
#5904=CARTESIAN_POINT('',(30.4177159714973,47.9,-3.));
#5905=CARTESIAN_POINT('',(30.2486404592246,47.9,-3.));
#5906=CARTESIAN_POINT('',(30.4972809184491,47.5,-2.6));
#5907=CARTESIAN_POINT('',(30.4177159714973,47.9,-3.));
#5908=CARTESIAN_POINT('',(30.2486404592246,47.5,-2.6));
#5909=CARTESIAN_POINT('Origin',(31.1098857256715,47.9702276595849,-2.8));
#5910=CARTESIAN_POINT('',(31.1895544444361,48.2197059634526,-3.));
#5911=CARTESIAN_POINT('',(31.0333490391985,48.1550035660872,-3.));
#5912=CARTESIAN_POINT('',(31.4161362433763,47.8806023374436,-2.6));
#5913=CARTESIAN_POINT('',(31.1895544444361,48.2197059634526,-3.));
#5914=CARTESIAN_POINT('',(31.1864224121445,47.7854517530827,-2.6));
#5915=CARTESIAN_POINT('Origin',(31.8021609515241,48.549469758066,-2.8));
#5916=CARTESIAN_POINT('',(31.7802940365474,48.8104455555639,-3.));
#5917=CARTESIAN_POINT('',(31.6607395952868,48.6908911143033,-3.));
#5918=CARTESIAN_POINT('',(32.1193976625564,48.5838637566237,-2.6));
#5919=CARTESIAN_POINT('',(31.7802940365474,48.8104455555639,-3.));
#5920=CARTESIAN_POINT('',(31.9435823077614,48.4080484018287,-2.6));
#5921=CARTESIAN_POINT('Origin',(32.2200735091369,49.3495419367921,-2.8));
#5922=CARTESIAN_POINT('',(32.1,49.5822840285027,-3.));
#5923=CARTESIAN_POINT('',(32.0352976026346,49.4260786232651,-3.));
#5924=CARTESIAN_POINT('',(32.5,49.5027190815509,-2.6));
#5925=CARTESIAN_POINT('',(32.1,49.5822840285027,-3.));
#5926=CARTESIAN_POINT('',(32.4048494156391,49.2730052503191,-2.6));
#5927=CARTESIAN_POINT('Origin',(32.3,50.2486404592246,-2.8));
#5928=CARTESIAN_POINT('',(32.1,50.4177159714973,-3.));
#5929=CARTESIAN_POINT('',(32.1,50.2486404592246,-3.));
#5930=CARTESIAN_POINT('',(32.1,50.4177159714973,-3.));
#5931=CARTESIAN_POINT('',(32.5,50.2486404592246,-2.6));
#5932=CARTESIAN_POINT('Origin',(32.0297723404151,51.1098857256715,-2.8));
#5933=CARTESIAN_POINT('',(31.7802940365474,51.1895544444361,-3.));
#5934=CARTESIAN_POINT('',(31.8449964339128,51.0333490391985,-3.));
#5935=CARTESIAN_POINT('',(31.7802940365474,51.1895544444361,-3.));
#5936=CARTESIAN_POINT('Origin',(31.450530241934,51.8021609515241,-2.8));
#5937=CARTESIAN_POINT('',(31.1895544444361,51.7802940365474,-3.));
#5938=CARTESIAN_POINT('',(31.3091088856967,51.6607395952868,-3.));
#5939=CARTESIAN_POINT('',(31.1895544444361,51.7802940365474,-3.));
#5940=CARTESIAN_POINT('Origin',(30.6504580632079,52.2200735091369,-2.8));
#5941=CARTESIAN_POINT('',(30.4177159714973,52.1,-3.));
#5942=CARTESIAN_POINT('',(30.5739213767349,52.0352976026346,-3.));
#5943=CARTESIAN_POINT('',(30.4177159714973,52.1,-3.));
#5944=CARTESIAN_POINT('Origin',(29.7513595407754,52.3,-2.8));
#5945=CARTESIAN_POINT('',(29.5822840285027,52.1,-3.));
#5946=CARTESIAN_POINT('',(29.7513595407754,52.1,-3.));
#5947=CARTESIAN_POINT('',(29.5822840285027,52.1,-3.));
#5948=CARTESIAN_POINT('Origin',(28.8901142743285,52.0297723404151,-2.8));
#5949=CARTESIAN_POINT('',(28.8104455555639,51.7802940365474,-3.));
#5950=CARTESIAN_POINT('',(28.9666509608015,51.8449964339128,-3.));
#5951=CARTESIAN_POINT('',(28.8104455555639,51.7802940365474,-3.));
#5952=CARTESIAN_POINT('Origin',(28.1978390484759,51.450530241934,-2.8));
#5953=CARTESIAN_POINT('',(28.2197059634526,51.1895544444361,-3.));
#5954=CARTESIAN_POINT('',(28.3392604047132,51.3091088856967,-3.));
#5955=CARTESIAN_POINT('',(28.2197059634526,51.1895544444361,-3.));
#5956=CARTESIAN_POINT('Origin',(27.7799264908631,50.6504580632079,-2.8));
#5957=CARTESIAN_POINT('',(27.9647023973654,50.5739213767349,-3.));
#5958=CARTESIAN_POINT('Origin',(30.,50.,-3.));
#5959=CARTESIAN_POINT('Origin',(71.4161362433763,7.88060233744357,0.));
#5960=CARTESIAN_POINT('',(71.4161362433763,7.88060233744357,0.));
#5961=CARTESIAN_POINT('Origin',(72.1193976625564,8.58386375662369,0.));
#5962=CARTESIAN_POINT('',(72.1193976625564,8.58386375662369,0.));
#5963=CARTESIAN_POINT('Origin',(72.5,9.50271908155085,0.));
#5964=CARTESIAN_POINT('',(72.5,9.50271908155085,0.));
#5965=CARTESIAN_POINT('Origin',(72.5,10.4972809184491,0.));
#5966=CARTESIAN_POINT('',(72.5,10.4972809184491,0.));
#5967=CARTESIAN_POINT('Origin',(72.1193976625564,11.4161362433763,0.));
#5968=CARTESIAN_POINT('',(72.1193976625564,11.4161362433763,0.));
#5969=CARTESIAN_POINT('Origin',(71.4161362433763,12.1193976625564,0.));
#5970=CARTESIAN_POINT('',(71.4161362433763,12.1193976625564,0.));
#5971=CARTESIAN_POINT('Origin',(70.4972809184491,12.5,0.));
#5972=CARTESIAN_POINT('',(70.4972809184491,12.5,0.));
#5973=CARTESIAN_POINT('Origin',(69.5027190815509,12.5,0.));
#5974=CARTESIAN_POINT('Origin',(67.8806023374436,48.5838637566237,0.));
#5975=CARTESIAN_POINT('',(67.8806023374436,48.5838637566237,0.));
#5976=CARTESIAN_POINT('Origin',(68.5838637566237,47.8806023374436,0.));
#5977=CARTESIAN_POINT('',(68.5838637566237,47.8806023374436,0.));
#5978=CARTESIAN_POINT('Origin',(69.5027190815509,47.5,0.));
#5979=CARTESIAN_POINT('',(69.5027190815509,47.5,0.));
#5980=CARTESIAN_POINT('Origin',(70.4972809184491,47.5,0.));
#5981=CARTESIAN_POINT('',(70.4972809184491,47.5,0.));
#5982=CARTESIAN_POINT('Origin',(71.4161362433763,47.8806023374436,0.));
#5983=CARTESIAN_POINT('',(71.4161362433763,47.8806023374436,0.));
#5984=CARTESIAN_POINT('Origin',(72.1193976625564,48.5838637566237,0.));
#5985=CARTESIAN_POINT('',(72.1193976625564,48.5838637566237,0.));
#5986=CARTESIAN_POINT('Origin',(72.5,49.5027190815509,0.));
#5987=CARTESIAN_POINT('',(72.5,49.5027190815509,0.));
#5988=CARTESIAN_POINT('Origin',(72.5,50.4972809184492,0.));
#5989=CARTESIAN_POINT('Origin',(31.4161362433763,7.88060233744357,0.));
#5990=CARTESIAN_POINT('',(31.4161362433763,7.88060233744357,0.));
#5991=CARTESIAN_POINT('Origin',(32.1193976625564,8.5838637566237,0.));
#5992=CARTESIAN_POINT('',(32.1193976625564,8.5838637566237,0.));
#5993=CARTESIAN_POINT('Origin',(32.5,9.50271908155086,0.));
#5994=CARTESIAN_POINT('',(32.5,9.50271908155086,0.));
#5995=CARTESIAN_POINT('Origin',(32.5,10.4972809184491,0.));
#5996=CARTESIAN_POINT('',(32.5,10.4972809184491,0.));
#5997=CARTESIAN_POINT('Origin',(32.1193976625564,11.4161362433763,0.));
#5998=CARTESIAN_POINT('',(32.1193976625564,11.4161362433763,0.));
#5999=CARTESIAN_POINT('Origin',(31.4161362433763,12.1193976625564,0.));
#6000=CARTESIAN_POINT('',(31.4161362433763,12.1193976625564,0.));
#6001=CARTESIAN_POINT('Origin',(30.4972809184491,12.5,0.));
#6002=CARTESIAN_POINT('',(30.4972809184491,12.5,0.));
#6003=CARTESIAN_POINT('Origin',(29.5027190815509,12.5,0.));
#6004=CARTESIAN_POINT('Origin',(27.8806023374436,48.5838637566237,0.));
#6005=CARTESIAN_POINT('',(27.8806023374436,48.5838637566237,0.));
#6006=CARTESIAN_POINT('Origin',(28.5838637566237,47.8806023374436,0.));
#6007=CARTESIAN_POINT('',(28.5838637566237,47.8806023374436,0.));
#6008=CARTESIAN_POINT('Origin',(29.5027190815508,47.5,0.));
#6009=CARTESIAN_POINT('',(29.5027190815508,47.5,0.));
#6010=CARTESIAN_POINT('Origin',(30.4972809184491,47.5,0.));
#6011=CARTESIAN_POINT('',(30.4972809184491,47.5,0.));
#6012=CARTESIAN_POINT('Origin',(31.4161362433763,47.8806023374436,0.));
#6013=CARTESIAN_POINT('',(31.4161362433763,47.8806023374436,0.));
#6014=CARTESIAN_POINT('Origin',(32.1193976625564,48.5838637566237,0.));
#6015=CARTESIAN_POINT('',(32.1193976625564,48.5838637566237,0.));
#6016=CARTESIAN_POINT('Origin',(32.5,49.5027190815509,0.));
#6017=CARTESIAN_POINT('',(32.5,49.5027190815509,0.));
#6018=CARTESIAN_POINT('Origin',(32.5,50.4972809184491,0.));
#6019=CARTESIAN_POINT('Origin',(50.,30.,0.));
#6020=CARTESIAN_POINT('',(40.,30.,0.));
#6021=CARTESIAN_POINT('Origin',(0.,-20.,0.));
#6022=CARTESIAN_POINT('',(100.,-20.,0.));
#6023=CARTESIAN_POINT('',(0.,-20.,0.));
#6024=CARTESIAN_POINT('Origin',(22.,75.,5.));
#6025=CARTESIAN_POINT('',(25.1754264805429,75.,29.));
#6026=CARTESIAN_POINT('Origin',(22.,75.,29.));
#6027=CARTESIAN_POINT('',(25.1754264805429,75.,5.));
#6028=CARTESIAN_POINT('',(25.1754264805429,75.,5.));
#6029=CARTESIAN_POINT('Origin',(22.,75.,5.));
#6030=CARTESIAN_POINT('Origin',(22.,75.,29.));
#6031=CARTESIAN_POINT('Origin',(30.0000004470348,5.00000007450581,5.));
#6032=CARTESIAN_POINT('',(33.1754269275778,5.00000007450581,29.));
#6033=CARTESIAN_POINT('Origin',(30.0000004470348,5.00000007450581,29.));
#6034=CARTESIAN_POINT('',(33.1754269275778,5.00000007450581,5.));
#6035=CARTESIAN_POINT('',(33.1754269275778,5.00000007450581,5.));
#6036=CARTESIAN_POINT('Origin',(30.0000004470348,5.00000007450581,5.));
#6037=CARTESIAN_POINT('Origin',(30.0000004470348,5.00000007450581,29.));
#6038=CARTESIAN_POINT('Origin',(50.,40.,5.));
#6039=CARTESIAN_POINT('Origin',(78.,75.,5.));
#6040=CARTESIAN_POINT('',(81.175426480543,75.,29.));
#6041=CARTESIAN_POINT('Origin',(78.,75.,29.));
#6042=CARTESIAN_POINT('',(81.175426480543,75.,5.));
#6043=CARTESIAN_POINT('',(81.175426480543,75.,5.));
#6044=CARTESIAN_POINT('Origin',(78.,75.,5.));
#6045=CARTESIAN_POINT('Origin',(78.,75.,29.));
#6046=CARTESIAN_POINT('Origin',(50.,40.,5.));
#6047=CARTESIAN_POINT('Origin',(70.0000010430813,5.00000007450581,5.));
#6048=CARTESIAN_POINT('',(73.1754275236242,5.00000007450581,29.));
#6049=CARTESIAN_POINT('Origin',(70.0000010430813,5.00000007450581,29.));
#6050=CARTESIAN_POINT('',(73.1754275236242,5.00000007450581,5.));
#6051=CARTESIAN_POINT('',(73.1754275236242,5.00000007450581,5.));
#6052=CARTESIAN_POINT('Origin',(70.0000010430813,5.00000007450581,5.));
#6053=CARTESIAN_POINT('Origin',(70.0000010430813,5.00000007450581,29.));
#6054=CARTESIAN_POINT('Origin',(50.,40.,5.));
#6055=CARTESIAN_POINT('Origin',(100.,80.,0.));
#6056=CARTESIAN_POINT('',(0.,80.,0.));
#6057=CARTESIAN_POINT('',(100.,80.,0.));
#6058=CARTESIAN_POINT('Origin',(100.,0.,0.));
#6059=CARTESIAN_POINT('Origin',(0.,80.,0.));
#6060=CARTESIAN_POINT('Origin',(50.,40.,5.));
#6061=UNCERTAINTY_MEASURE_WITH_UNIT(LENGTH_MEASURE(0.01),#6065,
'DISTANCE_ACCURACY_VALUE',
'Maximum model space distance between geometric entities at asserted c
onnectivities');
#6062=UNCERTAINTY_MEASURE_WITH_UNIT(LENGTH_MEASURE(0.01),#6065,
'DISTANCE_ACCURACY_VALUE',
'Maximum model space distance between geometric entities at asserted c
onnectivities');
#6063=(
GEOMETRIC_REPRESENTATION_CONTEXT(3)
GLOBAL_UNCERTAINTY_ASSIGNED_CONTEXT((#6061))
GLOBAL_UNIT_ASSIGNED_CONTEXT((#6065,#6067,#6068))
REPRESENTATION_CONTEXT('','3D')
);
#6064=(
GEOMETRIC_REPRESENTATION_CONTEXT(3)
GLOBAL_UNCERTAINTY_ASSIGNED_CONTEXT((#6062))
GLOBAL_UNIT_ASSIGNED_CONTEXT((#6065,#6067,#6068))
REPRESENTATION_CONTEXT('','3D')
);
#6065=(
LENGTH_UNIT()
NAMED_UNIT(*)
SI_UNIT(.MILLI.,.METRE.)
);
#6066=(
LENGTH_UNIT()
NAMED_UNIT(*)
SI_UNIT($,.METRE.)
);
#6067=(
NAMED_UNIT(*)
PLANE_ANGLE_UNIT()
SI_UNIT($,.RADIAN.)
);
#6068=(
NAMED_UNIT(*)
SI_UNIT($,.STERADIAN.)
SOLID_ANGLE_UNIT()
);
#6069=SHAPE_DEFINITION_REPRESENTATION(#6070,#6071);
#6070=PRODUCT_DEFINITION_SHAPE('',$,#6073);
#6071=SHAPE_REPRESENTATION('',(#3645),#6063);
#6072=PRODUCT_DEFINITION_CONTEXT('part definition',#6077,'design');
#6073=PRODUCT_DEFINITION('rp_lidar_a1_stand','rp_lidar_a1_stand v11',#6074,
#6072);
#6074=PRODUCT_DEFINITION_FORMATION('',$,#6079);
#6075=PRODUCT_RELATED_PRODUCT_CATEGORY('rp_lidar_a1_stand v11',
'rp_lidar_a1_stand v11',(#6079));
#6076=APPLICATION_PROTOCOL_DEFINITION('international standard',
'automotive_design',2009,#6077);
#6077=APPLICATION_CONTEXT(
'Core Data for Automotive Mechanical Design Process');
#6078=PRODUCT_CONTEXT('part definition',#6077,'mechanical');
#6079=PRODUCT('rp_lidar_a1_stand','rp_lidar_a1_stand v11',$,(#6078));
#6080=PRESENTATION_STYLE_ASSIGNMENT((#6081));
#6081=SURFACE_STYLE_USAGE(.BOTH.,#6082);
#6082=SURFACE_SIDE_STYLE('',(#6083));
#6083=SURFACE_STYLE_FILL_AREA(#6084);
#6084=FILL_AREA_STYLE('\X2\92FC\X0\ - \X2\30B530C630F3\X0\',(#6085));
#6085=FILL_AREA_STYLE_COLOUR('\X2\92FC\X0\ - \X2\30B530C630F3\X0\',#6086);
#6086=COLOUR_RGB('\X2\92FC\X0\ - \X2\30B530C630F3\X0\',0.627450980392157,
0.627450980392157,0.627450980392157);
ENDSEC;
END-ISO-10303-21;
