ISO-10303-21;
HEADER;
/* Generated by software containing ST-Developer
 * from STEP Tools, Inc. (www.steptools.com) 
 */

FILE_DESCRIPTION(
/* description */ (''),
/* implementation_level */ '2;1');

FILE_NAME(
/* name */ 'base.step',
/* time_stamp */ '2026-02-01T20:57:58+09:00',
/* author */ (''),
/* organization */ (''),
/* preprocessor_version */ 'ST-DEVELOPER v20.1',
/* originating_system */ 'Autodesk Translation Framework v14.24.0.0',
/* authorisation */ '');

FILE_SCHEMA (('AUTOMOTIVE_DESIGN { 1 0 10303 214 3 1 1 }'));
ENDSEC;

DATA;
#10=MECHANICAL_DESIGN_GEOMETRIC_PRESENTATION_REPRESENTATION('',(#13),#8545);
#11=SHAPE_REPRESENTATION_RELATIONSHIP('SRR','None',#8552,#12);
#12=ADVANCED_BREP_SHAPE_REPRESENTATION('',(#14),#8544);
#13=STYLED_ITEM('',(#8561),#14);
#14=MANIFOLD_SOLID_BREP('\X2\30DC30C730A3\X0\1',#5218);
#15=CYLINDRICAL_SURFACE('',#5239,2.5);
#16=CYLINDRICAL_SURFACE('',#5243,2.5);
#17=CYLINDRICAL_SURFACE('',#5252,2.5);
#18=CYLINDRICAL_SURFACE('',#5256,2.5);
#19=CYLINDRICAL_SURFACE('',#5260,2.5);
#20=CYLINDRICAL_SURFACE('',#5264,2.5);
#21=CYLINDRICAL_SURFACE('',#5273,2.5);
#22=CYLINDRICAL_SURFACE('',#5277,2.5);
#23=CYLINDRICAL_SURFACE('',#5281,2.5);
#24=CYLINDRICAL_SURFACE('',#5285,2.5);
#25=CYLINDRICAL_SURFACE('',#5295,2.5);
#26=CYLINDRICAL_SURFACE('',#5299,2.5);
#27=CYLINDRICAL_SURFACE('',#5303,2.5);
#28=CYLINDRICAL_SURFACE('',#5307,2.5);
#29=CYLINDRICAL_SURFACE('',#5317,2.5);
#30=CYLINDRICAL_SURFACE('',#5321,2.5);
#31=CYLINDRICAL_SURFACE('',#5325,2.5);
#32=CYLINDRICAL_SURFACE('',#5329,2.5);
#33=CYLINDRICAL_SURFACE('',#5339,2.5);
#34=CYLINDRICAL_SURFACE('',#5343,2.5);
#35=CYLINDRICAL_SURFACE('',#5347,2.5);
#36=CYLINDRICAL_SURFACE('',#5351,2.5);
#37=CYLINDRICAL_SURFACE('',#5361,2.5);
#38=CYLINDRICAL_SURFACE('',#5365,2.5);
#39=CYLINDRICAL_SURFACE('',#5369,2.5);
#40=CYLINDRICAL_SURFACE('',#5373,2.5);
#41=CYLINDRICAL_SURFACE('',#5494,10.);
#42=CYLINDRICAL_SURFACE('',#5604,10.);
#43=CYLINDRICAL_SURFACE('',#5609,10.);
#44=CYLINDRICAL_SURFACE('',#5618,10.);
#45=FACE_BOUND('',#587,.T.);
#46=FACE_BOUND('',#588,.T.);
#47=FACE_BOUND('',#589,.T.);
#48=FACE_BOUND('',#590,.T.);
#49=FACE_BOUND('',#591,.T.);
#50=FACE_BOUND('',#597,.T.);
#51=FACE_BOUND('',#598,.T.);
#52=FACE_BOUND('',#599,.T.);
#53=FACE_BOUND('',#600,.T.);
#54=FACE_BOUND('',#601,.T.);
#55=FACE_BOUND('',#611,.T.);
#56=FACE_BOUND('',#612,.T.);
#57=FACE_BOUND('',#613,.T.);
#58=FACE_BOUND('',#614,.T.);
#59=FACE_BOUND('',#615,.T.);
#60=FACE_BOUND('',#625,.T.);
#61=FACE_BOUND('',#626,.T.);
#62=FACE_BOUND('',#627,.T.);
#63=FACE_BOUND('',#628,.T.);
#64=FACE_BOUND('',#629,.T.);
#65=FACE_BOUND('',#639,.T.);
#66=FACE_BOUND('',#640,.T.);
#67=FACE_BOUND('',#641,.T.);
#68=FACE_BOUND('',#642,.T.);
#69=FACE_BOUND('',#643,.T.);
#70=FACE_BOUND('',#653,.T.);
#71=FACE_BOUND('',#654,.T.);
#72=FACE_BOUND('',#655,.T.);
#73=FACE_BOUND('',#656,.T.);
#74=FACE_BOUND('',#657,.T.);
#75=FACE_BOUND('',#667,.T.);
#76=FACE_BOUND('',#668,.T.);
#77=FACE_BOUND('',#669,.T.);
#78=FACE_BOUND('',#670,.T.);
#79=FACE_BOUND('',#671,.T.);
#80=FACE_BOUND('',#898,.T.);
#81=PLANE('',#5236);
#82=PLANE('',#5248);
#83=PLANE('',#5269);
#84=PLANE('',#5290);
#85=PLANE('',#5312);
#86=PLANE('',#5334);
#87=PLANE('',#5356);
#88=PLANE('',#5375);
#89=PLANE('',#5377);
#90=PLANE('',#5379);
#91=PLANE('',#5381);
#92=PLANE('',#5383);
#93=PLANE('',#5384);
#94=PLANE('',#5385);
#95=PLANE('',#5387);
#96=PLANE('',#5389);
#97=PLANE('',#5390);
#98=PLANE('',#5391);
#99=PLANE('',#5392);
#100=PLANE('',#5394);
#101=PLANE('',#5396);
#102=PLANE('',#5397);
#103=PLANE('',#5398);
#104=PLANE('',#5400);
#105=PLANE('',#5401);
#106=PLANE('',#5402);
#107=PLANE('',#5403);
#108=PLANE('',#5404);
#109=PLANE('',#5405);
#110=PLANE('',#5406);
#111=PLANE('',#5407);
#112=PLANE('',#5408);
#113=PLANE('',#5410);
#114=PLANE('',#5412);
#115=PLANE('',#5414);
#116=PLANE('',#5416);
#117=PLANE('',#5418);
#118=PLANE('',#5420);
#119=PLANE('',#5421);
#120=PLANE('',#5423);
#121=PLANE('',#5425);
#122=PLANE('',#5427);
#123=PLANE('',#5428);
#124=PLANE('',#5429);
#125=PLANE('',#5430);
#126=PLANE('',#5431);
#127=PLANE('',#5432);
#128=PLANE('',#5433);
#129=PLANE('',#5434);
#130=PLANE('',#5435);
#131=PLANE('',#5436);
#132=PLANE('',#5437);
#133=PLANE('',#5438);
#134=PLANE('',#5439);
#135=PLANE('',#5440);
#136=PLANE('',#5441);
#137=PLANE('',#5442);
#138=PLANE('',#5443);
#139=PLANE('',#5444);
#140=PLANE('',#5445);
#141=PLANE('',#5446);
#142=PLANE('',#5447);
#143=PLANE('',#5448);
#144=PLANE('',#5449);
#145=PLANE('',#5450);
#146=PLANE('',#5451);
#147=PLANE('',#5452);
#148=PLANE('',#5453);
#149=PLANE('',#5454);
#150=PLANE('',#5455);
#151=PLANE('',#5456);
#152=PLANE('',#5457);
#153=PLANE('',#5458);
#154=PLANE('',#5459);
#155=PLANE('',#5460);
#156=PLANE('',#5461);
#157=PLANE('',#5462);
#158=PLANE('',#5463);
#159=PLANE('',#5464);
#160=PLANE('',#5465);
#161=PLANE('',#5466);
#162=PLANE('',#5467);
#163=PLANE('',#5468);
#164=PLANE('',#5469);
#165=PLANE('',#5470);
#166=PLANE('',#5471);
#167=PLANE('',#5472);
#168=PLANE('',#5473);
#169=PLANE('',#5474);
#170=PLANE('',#5475);
#171=PLANE('',#5476);
#172=PLANE('',#5477);
#173=PLANE('',#5478);
#174=PLANE('',#5479);
#175=PLANE('',#5480);
#176=PLANE('',#5481);
#177=PLANE('',#5482);
#178=PLANE('',#5483);
#179=PLANE('',#5484);
#180=PLANE('',#5485);
#181=PLANE('',#5486);
#182=PLANE('',#5487);
#183=PLANE('',#5488);
#184=PLANE('',#5489);
#185=PLANE('',#5490);
#186=PLANE('',#5491);
#187=PLANE('',#5492);
#188=PLANE('',#5493);
#189=PLANE('',#5505);
#190=PLANE('',#5506);
#191=PLANE('',#5507);
#192=PLANE('',#5508);
#193=PLANE('',#5509);
#194=PLANE('',#5510);
#195=PLANE('',#5511);
#196=PLANE('',#5512);
#197=PLANE('',#5513);
#198=PLANE('',#5514);
#199=PLANE('',#5515);
#200=PLANE('',#5516);
#201=PLANE('',#5518);
#202=PLANE('',#5520);
#203=PLANE('',#5521);
#204=PLANE('',#5522);
#205=PLANE('',#5523);
#206=PLANE('',#5525);
#207=PLANE('',#5527);
#208=PLANE('',#5528);
#209=PLANE('',#5529);
#210=PLANE('',#5530);
#211=PLANE('',#5531);
#212=PLANE('',#5532);
#213=PLANE('',#5533);
#214=PLANE('',#5534);
#215=PLANE('',#5535);
#216=PLANE('',#5536);
#217=PLANE('',#5537);
#218=PLANE('',#5538);
#219=PLANE('',#5539);
#220=PLANE('',#5540);
#221=PLANE('',#5542);
#222=PLANE('',#5544);
#223=PLANE('',#5545);
#224=PLANE('',#5546);
#225=PLANE('',#5549);
#226=PLANE('',#5551);
#227=PLANE('',#5552);
#228=PLANE('',#5553);
#229=PLANE('',#5554);
#230=PLANE('',#5556);
#231=PLANE('',#5557);
#232=PLANE('',#5558);
#233=PLANE('',#5559);
#234=PLANE('',#5560);
#235=PLANE('',#5561);
#236=PLANE('',#5562);
#237=PLANE('',#5563);
#238=PLANE('',#5564);
#239=PLANE('',#5565);
#240=PLANE('',#5566);
#241=PLANE('',#5567);
#242=PLANE('',#5568);
#243=PLANE('',#5569);
#244=PLANE('',#5570);
#245=PLANE('',#5571);
#246=PLANE('',#5572);
#247=PLANE('',#5573);
#248=PLANE('',#5574);
#249=PLANE('',#5575);
#250=PLANE('',#5576);
#251=PLANE('',#5577);
#252=PLANE('',#5578);
#253=PLANE('',#5579);
#254=PLANE('',#5580);
#255=PLANE('',#5581);
#256=PLANE('',#5582);
#257=PLANE('',#5583);
#258=PLANE('',#5584);
#259=PLANE('',#5585);
#260=PLANE('',#5586);
#261=PLANE('',#5587);
#262=PLANE('',#5588);
#263=PLANE('',#5589);
#264=PLANE('',#5590);
#265=PLANE('',#5591);
#266=PLANE('',#5592);
#267=PLANE('',#5593);
#268=PLANE('',#5594);
#269=PLANE('',#5595);
#270=PLANE('',#5596);
#271=PLANE('',#5597);
#272=PLANE('',#5598);
#273=PLANE('',#5599);
#274=PLANE('',#5600);
#275=PLANE('',#5601);
#276=PLANE('',#5602);
#277=PLANE('',#5603);
#278=PLANE('',#5605);
#279=PLANE('',#5606);
#280=PLANE('',#5607);
#281=PLANE('',#5608);
#282=PLANE('',#5610);
#283=PLANE('',#5611);
#284=PLANE('',#5612);
#285=PLANE('',#5613);
#286=PLANE('',#5614);
#287=PLANE('',#5615);
#288=PLANE('',#5616);
#289=PLANE('',#5617);
#290=PLANE('',#5620);
#291=PLANE('',#5621);
#292=PLANE('',#5622);
#293=PLANE('',#5623);
#294=PLANE('',#5624);
#295=PLANE('',#5625);
#296=PLANE('',#5626);
#297=PLANE('',#5627);
#298=PLANE('',#5628);
#299=PLANE('',#5629);
#300=PLANE('',#5630);
#301=PLANE('',#5631);
#302=PLANE('',#5632);
#303=PLANE('',#5633);
#304=PLANE('',#5634);
#305=FACE_OUTER_BOUND('',#585,.T.);
#306=FACE_OUTER_BOUND('',#586,.T.);
#307=FACE_OUTER_BOUND('',#592,.T.);
#308=FACE_OUTER_BOUND('',#593,.T.);
#309=FACE_OUTER_BOUND('',#594,.T.);
#310=FACE_OUTER_BOUND('',#595,.T.);
#311=FACE_OUTER_BOUND('',#596,.T.);
#312=FACE_OUTER_BOUND('',#602,.T.);
#313=FACE_OUTER_BOUND('',#603,.T.);
#314=FACE_OUTER_BOUND('',#604,.T.);
#315=FACE_OUTER_BOUND('',#605,.T.);
#316=FACE_OUTER_BOUND('',#606,.T.);
#317=FACE_OUTER_BOUND('',#607,.T.);
#318=FACE_OUTER_BOUND('',#608,.T.);
#319=FACE_OUTER_BOUND('',#609,.T.);
#320=FACE_OUTER_BOUND('',#610,.T.);
#321=FACE_OUTER_BOUND('',#616,.T.);
#322=FACE_OUTER_BOUND('',#617,.T.);
#323=FACE_OUTER_BOUND('',#618,.T.);
#324=FACE_OUTER_BOUND('',#619,.T.);
#325=FACE_OUTER_BOUND('',#620,.T.);
#326=FACE_OUTER_BOUND('',#621,.T.);
#327=FACE_OUTER_BOUND('',#622,.T.);
#328=FACE_OUTER_BOUND('',#623,.T.);
#329=FACE_OUTER_BOUND('',#624,.T.);
#330=FACE_OUTER_BOUND('',#630,.T.);
#331=FACE_OUTER_BOUND('',#631,.T.);
#332=FACE_OUTER_BOUND('',#632,.T.);
#333=FACE_OUTER_BOUND('',#633,.T.);
#334=FACE_OUTER_BOUND('',#634,.T.);
#335=FACE_OUTER_BOUND('',#635,.T.);
#336=FACE_OUTER_BOUND('',#636,.T.);
#337=FACE_OUTER_BOUND('',#637,.T.);
#338=FACE_OUTER_BOUND('',#638,.T.);
#339=FACE_OUTER_BOUND('',#644,.T.);
#340=FACE_OUTER_BOUND('',#645,.T.);
#341=FACE_OUTER_BOUND('',#646,.T.);
#342=FACE_OUTER_BOUND('',#647,.T.);
#343=FACE_OUTER_BOUND('',#648,.T.);
#344=FACE_OUTER_BOUND('',#649,.T.);
#345=FACE_OUTER_BOUND('',#650,.T.);
#346=FACE_OUTER_BOUND('',#651,.T.);
#347=FACE_OUTER_BOUND('',#652,.T.);
#348=FACE_OUTER_BOUND('',#658,.T.);
#349=FACE_OUTER_BOUND('',#659,.T.);
#350=FACE_OUTER_BOUND('',#660,.T.);
#351=FACE_OUTER_BOUND('',#661,.T.);
#352=FACE_OUTER_BOUND('',#662,.T.);
#353=FACE_OUTER_BOUND('',#663,.T.);
#354=FACE_OUTER_BOUND('',#664,.T.);
#355=FACE_OUTER_BOUND('',#665,.T.);
#356=FACE_OUTER_BOUND('',#666,.T.);
#357=FACE_OUTER_BOUND('',#672,.T.);
#358=FACE_OUTER_BOUND('',#673,.T.);
#359=FACE_OUTER_BOUND('',#674,.T.);
#360=FACE_OUTER_BOUND('',#675,.T.);
#361=FACE_OUTER_BOUND('',#676,.T.);
#362=FACE_OUTER_BOUND('',#677,.T.);
#363=FACE_OUTER_BOUND('',#678,.T.);
#364=FACE_OUTER_BOUND('',#679,.T.);
#365=FACE_OUTER_BOUND('',#680,.T.);
#366=FACE_OUTER_BOUND('',#681,.T.);
#367=FACE_OUTER_BOUND('',#682,.T.);
#368=FACE_OUTER_BOUND('',#683,.T.);
#369=FACE_OUTER_BOUND('',#684,.T.);
#370=FACE_OUTER_BOUND('',#685,.T.);
#371=FACE_OUTER_BOUND('',#686,.T.);
#372=FACE_OUTER_BOUND('',#687,.T.);
#373=FACE_OUTER_BOUND('',#688,.T.);
#374=FACE_OUTER_BOUND('',#689,.T.);
#375=FACE_OUTER_BOUND('',#690,.T.);
#376=FACE_OUTER_BOUND('',#691,.T.);
#377=FACE_OUTER_BOUND('',#692,.T.);
#378=FACE_OUTER_BOUND('',#693,.T.);
#379=FACE_OUTER_BOUND('',#694,.T.);
#380=FACE_OUTER_BOUND('',#695,.T.);
#381=FACE_OUTER_BOUND('',#696,.T.);
#382=FACE_OUTER_BOUND('',#697,.T.);
#383=FACE_OUTER_BOUND('',#698,.T.);
#384=FACE_OUTER_BOUND('',#699,.T.);
#385=FACE_OUTER_BOUND('',#700,.T.);
#386=FACE_OUTER_BOUND('',#701,.T.);
#387=FACE_OUTER_BOUND('',#702,.T.);
#388=FACE_OUTER_BOUND('',#703,.T.);
#389=FACE_OUTER_BOUND('',#704,.T.);
#390=FACE_OUTER_BOUND('',#705,.T.);
#391=FACE_OUTER_BOUND('',#706,.T.);
#392=FACE_OUTER_BOUND('',#707,.T.);
#393=FACE_OUTER_BOUND('',#708,.T.);
#394=FACE_OUTER_BOUND('',#709,.T.);
#395=FACE_OUTER_BOUND('',#710,.T.);
#396=FACE_OUTER_BOUND('',#711,.T.);
#397=FACE_OUTER_BOUND('',#712,.T.);
#398=FACE_OUTER_BOUND('',#713,.T.);
#399=FACE_OUTER_BOUND('',#714,.T.);
#400=FACE_OUTER_BOUND('',#715,.T.);
#401=FACE_OUTER_BOUND('',#716,.T.);
#402=FACE_OUTER_BOUND('',#717,.T.);
#403=FACE_OUTER_BOUND('',#718,.T.);
#404=FACE_OUTER_BOUND('',#719,.T.);
#405=FACE_OUTER_BOUND('',#720,.T.);
#406=FACE_OUTER_BOUND('',#721,.T.);
#407=FACE_OUTER_BOUND('',#722,.T.);
#408=FACE_OUTER_BOUND('',#723,.T.);
#409=FACE_OUTER_BOUND('',#724,.T.);
#410=FACE_OUTER_BOUND('',#725,.T.);
#411=FACE_OUTER_BOUND('',#726,.T.);
#412=FACE_OUTER_BOUND('',#727,.T.);
#413=FACE_OUTER_BOUND('',#728,.T.);
#414=FACE_OUTER_BOUND('',#729,.T.);
#415=FACE_OUTER_BOUND('',#730,.T.);
#416=FACE_OUTER_BOUND('',#731,.T.);
#417=FACE_OUTER_BOUND('',#732,.T.);
#418=FACE_OUTER_BOUND('',#733,.T.);
#419=FACE_OUTER_BOUND('',#734,.T.);
#420=FACE_OUTER_BOUND('',#735,.T.);
#421=FACE_OUTER_BOUND('',#736,.T.);
#422=FACE_OUTER_BOUND('',#737,.T.);
#423=FACE_OUTER_BOUND('',#738,.T.);
#424=FACE_OUTER_BOUND('',#739,.T.);
#425=FACE_OUTER_BOUND('',#740,.T.);
#426=FACE_OUTER_BOUND('',#741,.T.);
#427=FACE_OUTER_BOUND('',#742,.T.);
#428=FACE_OUTER_BOUND('',#743,.T.);
#429=FACE_OUTER_BOUND('',#744,.T.);
#430=FACE_OUTER_BOUND('',#745,.T.);
#431=FACE_OUTER_BOUND('',#746,.T.);
#432=FACE_OUTER_BOUND('',#747,.T.);
#433=FACE_OUTER_BOUND('',#748,.T.);
#434=FACE_OUTER_BOUND('',#749,.T.);
#435=FACE_OUTER_BOUND('',#750,.T.);
#436=FACE_OUTER_BOUND('',#751,.T.);
#437=FACE_OUTER_BOUND('',#752,.T.);
#438=FACE_OUTER_BOUND('',#753,.T.);
#439=FACE_OUTER_BOUND('',#754,.T.);
#440=FACE_OUTER_BOUND('',#755,.T.);
#441=FACE_OUTER_BOUND('',#756,.T.);
#442=FACE_OUTER_BOUND('',#757,.T.);
#443=FACE_OUTER_BOUND('',#758,.T.);
#444=FACE_OUTER_BOUND('',#759,.T.);
#445=FACE_OUTER_BOUND('',#760,.T.);
#446=FACE_OUTER_BOUND('',#761,.T.);
#447=FACE_OUTER_BOUND('',#762,.T.);
#448=FACE_OUTER_BOUND('',#763,.T.);
#449=FACE_OUTER_BOUND('',#764,.T.);
#450=FACE_OUTER_BOUND('',#765,.T.);
#451=FACE_OUTER_BOUND('',#766,.T.);
#452=FACE_OUTER_BOUND('',#767,.T.);
#453=FACE_OUTER_BOUND('',#768,.T.);
#454=FACE_OUTER_BOUND('',#769,.T.);
#455=FACE_OUTER_BOUND('',#770,.T.);
#456=FACE_OUTER_BOUND('',#771,.T.);
#457=FACE_OUTER_BOUND('',#772,.T.);
#458=FACE_OUTER_BOUND('',#773,.T.);
#459=FACE_OUTER_BOUND('',#774,.T.);
#460=FACE_OUTER_BOUND('',#775,.T.);
#461=FACE_OUTER_BOUND('',#776,.T.);
#462=FACE_OUTER_BOUND('',#777,.T.);
#463=FACE_OUTER_BOUND('',#778,.T.);
#464=FACE_OUTER_BOUND('',#779,.T.);
#465=FACE_OUTER_BOUND('',#780,.T.);
#466=FACE_OUTER_BOUND('',#781,.T.);
#467=FACE_OUTER_BOUND('',#782,.T.);
#468=FACE_OUTER_BOUND('',#783,.T.);
#469=FACE_OUTER_BOUND('',#784,.T.);
#470=FACE_OUTER_BOUND('',#785,.T.);
#471=FACE_OUTER_BOUND('',#786,.T.);
#472=FACE_OUTER_BOUND('',#787,.T.);
#473=FACE_OUTER_BOUND('',#788,.T.);
#474=FACE_OUTER_BOUND('',#789,.T.);
#475=FACE_OUTER_BOUND('',#790,.T.);
#476=FACE_OUTER_BOUND('',#791,.T.);
#477=FACE_OUTER_BOUND('',#792,.T.);
#478=FACE_OUTER_BOUND('',#793,.T.);
#479=FACE_OUTER_BOUND('',#794,.T.);
#480=FACE_OUTER_BOUND('',#795,.T.);
#481=FACE_OUTER_BOUND('',#796,.T.);
#482=FACE_OUTER_BOUND('',#797,.T.);
#483=FACE_OUTER_BOUND('',#798,.T.);
#484=FACE_OUTER_BOUND('',#799,.T.);
#485=FACE_OUTER_BOUND('',#800,.T.);
#486=FACE_OUTER_BOUND('',#801,.T.);
#487=FACE_OUTER_BOUND('',#802,.T.);
#488=FACE_OUTER_BOUND('',#803,.T.);
#489=FACE_OUTER_BOUND('',#804,.T.);
#490=FACE_OUTER_BOUND('',#805,.T.);
#491=FACE_OUTER_BOUND('',#806,.T.);
#492=FACE_OUTER_BOUND('',#807,.T.);
#493=FACE_OUTER_BOUND('',#808,.T.);
#494=FACE_OUTER_BOUND('',#809,.T.);
#495=FACE_OUTER_BOUND('',#810,.T.);
#496=FACE_OUTER_BOUND('',#811,.T.);
#497=FACE_OUTER_BOUND('',#812,.T.);
#498=FACE_OUTER_BOUND('',#813,.T.);
#499=FACE_OUTER_BOUND('',#814,.T.);
#500=FACE_OUTER_BOUND('',#815,.T.);
#501=FACE_OUTER_BOUND('',#816,.T.);
#502=FACE_OUTER_BOUND('',#817,.T.);
#503=FACE_OUTER_BOUND('',#818,.T.);
#504=FACE_OUTER_BOUND('',#819,.T.);
#505=FACE_OUTER_BOUND('',#820,.T.);
#506=FACE_OUTER_BOUND('',#821,.T.);
#507=FACE_OUTER_BOUND('',#822,.T.);
#508=FACE_OUTER_BOUND('',#823,.T.);
#509=FACE_OUTER_BOUND('',#824,.T.);
#510=FACE_OUTER_BOUND('',#825,.T.);
#511=FACE_OUTER_BOUND('',#826,.T.);
#512=FACE_OUTER_BOUND('',#827,.T.);
#513=FACE_OUTER_BOUND('',#828,.T.);
#514=FACE_OUTER_BOUND('',#829,.T.);
#515=FACE_OUTER_BOUND('',#830,.T.);
#516=FACE_OUTER_BOUND('',#831,.T.);
#517=FACE_OUTER_BOUND('',#832,.T.);
#518=FACE_OUTER_BOUND('',#833,.T.);
#519=FACE_OUTER_BOUND('',#834,.T.);
#520=FACE_OUTER_BOUND('',#835,.T.);
#521=FACE_OUTER_BOUND('',#836,.T.);
#522=FACE_OUTER_BOUND('',#837,.T.);
#523=FACE_OUTER_BOUND('',#838,.T.);
#524=FACE_OUTER_BOUND('',#839,.T.);
#525=FACE_OUTER_BOUND('',#840,.T.);
#526=FACE_OUTER_BOUND('',#841,.T.);
#527=FACE_OUTER_BOUND('',#842,.T.);
#528=FACE_OUTER_BOUND('',#843,.T.);
#529=FACE_OUTER_BOUND('',#844,.T.);
#530=FACE_OUTER_BOUND('',#845,.T.);
#531=FACE_OUTER_BOUND('',#846,.T.);
#532=FACE_OUTER_BOUND('',#847,.T.);
#533=FACE_OUTER_BOUND('',#848,.T.);
#534=FACE_OUTER_BOUND('',#849,.T.);
#535=FACE_OUTER_BOUND('',#850,.T.);
#536=FACE_OUTER_BOUND('',#851,.T.);
#537=FACE_OUTER_BOUND('',#852,.T.);
#538=FACE_OUTER_BOUND('',#853,.T.);
#539=FACE_OUTER_BOUND('',#854,.T.);
#540=FACE_OUTER_BOUND('',#855,.T.);
#541=FACE_OUTER_BOUND('',#856,.T.);
#542=FACE_OUTER_BOUND('',#857,.T.);
#543=FACE_OUTER_BOUND('',#858,.T.);
#544=FACE_OUTER_BOUND('',#859,.T.);
#545=FACE_OUTER_BOUND('',#860,.T.);
#546=FACE_OUTER_BOUND('',#861,.T.);
#547=FACE_OUTER_BOUND('',#862,.T.);
#548=FACE_OUTER_BOUND('',#863,.T.);
#549=FACE_OUTER_BOUND('',#864,.T.);
#550=FACE_OUTER_BOUND('',#865,.T.);
#551=FACE_OUTER_BOUND('',#866,.T.);
#552=FACE_OUTER_BOUND('',#867,.T.);
#553=FACE_OUTER_BOUND('',#868,.T.);
#554=FACE_OUTER_BOUND('',#869,.T.);
#555=FACE_OUTER_BOUND('',#870,.T.);
#556=FACE_OUTER_BOUND('',#871,.T.);
#557=FACE_OUTER_BOUND('',#872,.T.);
#558=FACE_OUTER_BOUND('',#873,.T.);
#559=FACE_OUTER_BOUND('',#874,.T.);
#560=FACE_OUTER_BOUND('',#875,.T.);
#561=FACE_OUTER_BOUND('',#876,.T.);
#562=FACE_OUTER_BOUND('',#877,.T.);
#563=FACE_OUTER_BOUND('',#878,.T.);
#564=FACE_OUTER_BOUND('',#879,.T.);
#565=FACE_OUTER_BOUND('',#880,.T.);
#566=FACE_OUTER_BOUND('',#881,.T.);
#567=FACE_OUTER_BOUND('',#882,.T.);
#568=FACE_OUTER_BOUND('',#883,.T.);
#569=FACE_OUTER_BOUND('',#884,.T.);
#570=FACE_OUTER_BOUND('',#885,.T.);
#571=FACE_OUTER_BOUND('',#886,.T.);
#572=FACE_OUTER_BOUND('',#887,.T.);
#573=FACE_OUTER_BOUND('',#888,.T.);
#574=FACE_OUTER_BOUND('',#889,.T.);
#575=FACE_OUTER_BOUND('',#890,.T.);
#576=FACE_OUTER_BOUND('',#891,.T.);
#577=FACE_OUTER_BOUND('',#892,.T.);
#578=FACE_OUTER_BOUND('',#893,.T.);
#579=FACE_OUTER_BOUND('',#894,.T.);
#580=FACE_OUTER_BOUND('',#895,.T.);
#581=FACE_OUTER_BOUND('',#896,.T.);
#582=FACE_OUTER_BOUND('',#897,.T.);
#583=FACE_OUTER_BOUND('',#899,.T.);
#584=FACE_OUTER_BOUND('',#900,.T.);
#585=EDGE_LOOP('',(#3450,#3451,#3452,#3453,#3454));
#586=EDGE_LOOP('',(#3455,#3456,#3457,#3458,#3459,#3460,#3461,#3462,#3463,
#3464,#3465,#3466));
#587=EDGE_LOOP('',(#3467));
#588=EDGE_LOOP('',(#3468));
#589=EDGE_LOOP('',(#3469,#3470,#3471,#3472));
#590=EDGE_LOOP('',(#3473,#3474,#3475,#3476));
#591=EDGE_LOOP('',(#3477));
#592=EDGE_LOOP('',(#3478,#3479,#3480,#3481,#3482));
#593=EDGE_LOOP('',(#3483,#3484,#3485,#3486));
#594=EDGE_LOOP('',(#3487,#3488,#3489,#3490));
#595=EDGE_LOOP('',(#3491,#3492,#3493,#3494));
#596=EDGE_LOOP('',(#3495,#3496,#3497,#3498));
#597=EDGE_LOOP('',(#3499));
#598=EDGE_LOOP('',(#3500));
#599=EDGE_LOOP('',(#3501,#3502,#3503,#3504,#3505,#3506,#3507,#3508,#3509,
#3510,#3511,#3512,#3513,#3514,#3515,#3516,#3517,#3518,#3519,#3520,#3521,
#3522,#3523,#3524,#3525,#3526,#3527,#3528,#3529,#3530,#3531,#3532,#3533,
#3534,#3535,#3536,#3537,#3538,#3539,#3540,#3541,#3542,#3543,#3544,#3545,
#3546,#3547,#3548,#3549,#3550,#3551,#3552,#3553,#3554,#3555,#3556,#3557,
#3558,#3559,#3560,#3561,#3562,#3563,#3564,#3565,#3566,#3567,#3568,#3569,
#3570,#3571,#3572,#3573,#3574,#3575,#3576,#3577,#3578,#3579,#3580,#3581,
#3582,#3583,#3584,#3585,#3586,#3587,#3588,#3589,#3590,#3591,#3592,#3593,
#3594,#3595,#3596,#3597,#3598,#3599,#3600,#3601,#3602,#3603,#3604,#3605,
#3606,#3607,#3608,#3609,#3610,#3611,#3612,#3613,#3614,#3615,#3616,#3617,
#3618,#3619,#3620,#3621,#3622,#3623,#3624,#3625,#3626,#3627,#3628,#3629,
#3630,#3631,#3632));
#600=EDGE_LOOP('',(#3633));
#601=EDGE_LOOP('',(#3634));
#602=EDGE_LOOP('',(#3635,#3636,#3637,#3638));
#603=EDGE_LOOP('',(#3639,#3640,#3641,#3642));
#604=EDGE_LOOP('',(#3643,#3644,#3645,#3646));
#605=EDGE_LOOP('',(#3647,#3648,#3649,#3650));
#606=EDGE_LOOP('',(#3651,#3652,#3653,#3654));
#607=EDGE_LOOP('',(#3655,#3656,#3657,#3658));
#608=EDGE_LOOP('',(#3659,#3660,#3661,#3662));
#609=EDGE_LOOP('',(#3663,#3664,#3665,#3666));
#610=EDGE_LOOP('',(#3667,#3668,#3669,#3670));
#611=EDGE_LOOP('',(#3671));
#612=EDGE_LOOP('',(#3672));
#613=EDGE_LOOP('',(#3673,#3674,#3675,#3676,#3677,#3678,#3679,#3680,#3681,
#3682,#3683,#3684,#3685,#3686,#3687,#3688,#3689,#3690,#3691,#3692,#3693,
#3694,#3695,#3696,#3697,#3698,#3699,#3700,#3701,#3702,#3703,#3704,#3705,
#3706,#3707,#3708,#3709,#3710,#3711,#3712,#3713,#3714,#3715,#3716,#3717,
#3718,#3719,#3720,#3721,#3722,#3723,#3724,#3725,#3726,#3727,#3728,#3729,
#3730,#3731,#3732,#3733,#3734,#3735,#3736,#3737,#3738,#3739,#3740,#3741,
#3742,#3743,#3744,#3745,#3746,#3747,#3748,#3749,#3750,#3751,#3752,#3753,
#3754,#3755,#3756,#3757,#3758,#3759,#3760,#3761,#3762,#3763,#3764,#3765,
#3766,#3767,#3768,#3769,#3770,#3771,#3772,#3773,#3774,#3775,#3776,#3777,
#3778,#3779,#3780,#3781,#3782,#3783,#3784,#3785,#3786,#3787,#3788,#3789,
#3790,#3791,#3792,#3793,#3794,#3795,#3796,#3797,#3798,#3799,#3800,#3801,
#3802,#3803,#3804,#3805,#3806,#3807,#3808,#3809,#3810,#3811,#3812));
#614=EDGE_LOOP('',(#3813));
#615=EDGE_LOOP('',(#3814));
#616=EDGE_LOOP('',(#3815,#3816,#3817,#3818));
#617=EDGE_LOOP('',(#3819,#3820,#3821,#3822));
#618=EDGE_LOOP('',(#3823,#3824,#3825,#3826));
#619=EDGE_LOOP('',(#3827,#3828,#3829,#3830));
#620=EDGE_LOOP('',(#3831,#3832,#3833,#3834));
#621=EDGE_LOOP('',(#3835,#3836,#3837,#3838));
#622=EDGE_LOOP('',(#3839,#3840,#3841,#3842));
#623=EDGE_LOOP('',(#3843,#3844,#3845,#3846));
#624=EDGE_LOOP('',(#3847,#3848,#3849,#3850));
#625=EDGE_LOOP('',(#3851));
#626=EDGE_LOOP('',(#3852));
#627=EDGE_LOOP('',(#3853));
#628=EDGE_LOOP('',(#3854));
#629=EDGE_LOOP('',(#3855));
#630=EDGE_LOOP('',(#3856,#3857,#3858,#3859));
#631=EDGE_LOOP('',(#3860,#3861,#3862,#3863));
#632=EDGE_LOOP('',(#3864,#3865,#3866,#3867));
#633=EDGE_LOOP('',(#3868,#3869,#3870,#3871));
#634=EDGE_LOOP('',(#3872,#3873,#3874,#3875));
#635=EDGE_LOOP('',(#3876,#3877,#3878,#3879));
#636=EDGE_LOOP('',(#3880,#3881,#3882,#3883));
#637=EDGE_LOOP('',(#3884,#3885,#3886,#3887));
#638=EDGE_LOOP('',(#3888,#3889,#3890,#3891));
#639=EDGE_LOOP('',(#3892));
#640=EDGE_LOOP('',(#3893));
#641=EDGE_LOOP('',(#3894));
#642=EDGE_LOOP('',(#3895));
#643=EDGE_LOOP('',(#3896));
#644=EDGE_LOOP('',(#3897,#3898,#3899,#3900));
#645=EDGE_LOOP('',(#3901,#3902,#3903,#3904));
#646=EDGE_LOOP('',(#3905,#3906,#3907,#3908));
#647=EDGE_LOOP('',(#3909,#3910,#3911,#3912));
#648=EDGE_LOOP('',(#3913,#3914,#3915,#3916));
#649=EDGE_LOOP('',(#3917,#3918,#3919,#3920));
#650=EDGE_LOOP('',(#3921,#3922,#3923,#3924));
#651=EDGE_LOOP('',(#3925,#3926,#3927,#3928));
#652=EDGE_LOOP('',(#3929,#3930,#3931,#3932));
#653=EDGE_LOOP('',(#3933));
#654=EDGE_LOOP('',(#3934));
#655=EDGE_LOOP('',(#3935));
#656=EDGE_LOOP('',(#3936));
#657=EDGE_LOOP('',(#3937));
#658=EDGE_LOOP('',(#3938,#3939,#3940,#3941));
#659=EDGE_LOOP('',(#3942,#3943,#3944,#3945));
#660=EDGE_LOOP('',(#3946,#3947,#3948,#3949));
#661=EDGE_LOOP('',(#3950,#3951,#3952,#3953));
#662=EDGE_LOOP('',(#3954,#3955,#3956,#3957));
#663=EDGE_LOOP('',(#3958,#3959,#3960,#3961));
#664=EDGE_LOOP('',(#3962,#3963,#3964,#3965));
#665=EDGE_LOOP('',(#3966,#3967,#3968,#3969));
#666=EDGE_LOOP('',(#3970,#3971,#3972,#3973));
#667=EDGE_LOOP('',(#3974));
#668=EDGE_LOOP('',(#3975));
#669=EDGE_LOOP('',(#3976));
#670=EDGE_LOOP('',(#3977));
#671=EDGE_LOOP('',(#3978));
#672=EDGE_LOOP('',(#3979,#3980,#3981,#3982));
#673=EDGE_LOOP('',(#3983,#3984,#3985,#3986));
#674=EDGE_LOOP('',(#3987,#3988,#3989,#3990));
#675=EDGE_LOOP('',(#3991,#3992,#3993,#3994));
#676=EDGE_LOOP('',(#3995,#3996,#3997,#3998));
#677=EDGE_LOOP('',(#3999,#4000,#4001,#4002));
#678=EDGE_LOOP('',(#4003,#4004,#4005,#4006));
#679=EDGE_LOOP('',(#4007,#4008,#4009,#4010));
#680=EDGE_LOOP('',(#4011,#4012,#4013,#4014));
#681=EDGE_LOOP('',(#4015,#4016,#4017,#4018));
#682=EDGE_LOOP('',(#4019,#4020,#4021,#4022));
#683=EDGE_LOOP('',(#4023,#4024,#4025,#4026));
#684=EDGE_LOOP('',(#4027,#4028,#4029,#4030));
#685=EDGE_LOOP('',(#4031,#4032,#4033,#4034));
#686=EDGE_LOOP('',(#4035,#4036,#4037,#4038));
#687=EDGE_LOOP('',(#4039,#4040,#4041,#4042));
#688=EDGE_LOOP('',(#4043,#4044,#4045,#4046));
#689=EDGE_LOOP('',(#4047,#4048,#4049,#4050));
#690=EDGE_LOOP('',(#4051,#4052,#4053,#4054));
#691=EDGE_LOOP('',(#4055,#4056,#4057,#4058));
#692=EDGE_LOOP('',(#4059,#4060,#4061,#4062));
#693=EDGE_LOOP('',(#4063,#4064,#4065,#4066));
#694=EDGE_LOOP('',(#4067,#4068,#4069,#4070,#4071,#4072));
#695=EDGE_LOOP('',(#4073,#4074,#4075,#4076));
#696=EDGE_LOOP('',(#4077,#4078,#4079,#4080));
#697=EDGE_LOOP('',(#4081,#4082,#4083,#4084));
#698=EDGE_LOOP('',(#4085,#4086,#4087,#4088));
#699=EDGE_LOOP('',(#4089,#4090,#4091,#4092));
#700=EDGE_LOOP('',(#4093,#4094,#4095,#4096));
#701=EDGE_LOOP('',(#4097,#4098,#4099,#4100));
#702=EDGE_LOOP('',(#4101,#4102,#4103,#4104));
#703=EDGE_LOOP('',(#4105,#4106,#4107,#4108));
#704=EDGE_LOOP('',(#4109,#4110,#4111,#4112,#4113,#4114));
#705=EDGE_LOOP('',(#4115,#4116,#4117,#4118));
#706=EDGE_LOOP('',(#4119,#4120,#4121,#4122));
#707=EDGE_LOOP('',(#4123,#4124,#4125,#4126));
#708=EDGE_LOOP('',(#4127,#4128,#4129,#4130));
#709=EDGE_LOOP('',(#4131,#4132,#4133,#4134));
#710=EDGE_LOOP('',(#4135,#4136,#4137,#4138));
#711=EDGE_LOOP('',(#4139,#4140,#4141,#4142));
#712=EDGE_LOOP('',(#4143,#4144,#4145,#4146));
#713=EDGE_LOOP('',(#4147,#4148,#4149,#4150));
#714=EDGE_LOOP('',(#4151,#4152,#4153,#4154));
#715=EDGE_LOOP('',(#4155,#4156,#4157,#4158));
#716=EDGE_LOOP('',(#4159,#4160,#4161,#4162));
#717=EDGE_LOOP('',(#4163,#4164,#4165,#4166));
#718=EDGE_LOOP('',(#4167,#4168,#4169,#4170));
#719=EDGE_LOOP('',(#4171,#4172,#4173,#4174));
#720=EDGE_LOOP('',(#4175,#4176,#4177,#4178));
#721=EDGE_LOOP('',(#4179,#4180,#4181,#4182));
#722=EDGE_LOOP('',(#4183,#4184,#4185,#4186));
#723=EDGE_LOOP('',(#4187,#4188,#4189,#4190));
#724=EDGE_LOOP('',(#4191,#4192,#4193,#4194));
#725=EDGE_LOOP('',(#4195,#4196,#4197,#4198));
#726=EDGE_LOOP('',(#4199,#4200,#4201,#4202));
#727=EDGE_LOOP('',(#4203,#4204,#4205,#4206));
#728=EDGE_LOOP('',(#4207,#4208,#4209,#4210));
#729=EDGE_LOOP('',(#4211,#4212,#4213,#4214));
#730=EDGE_LOOP('',(#4215,#4216,#4217,#4218));
#731=EDGE_LOOP('',(#4219,#4220,#4221,#4222));
#732=EDGE_LOOP('',(#4223,#4224,#4225,#4226));
#733=EDGE_LOOP('',(#4227,#4228,#4229,#4230));
#734=EDGE_LOOP('',(#4231,#4232,#4233,#4234));
#735=EDGE_LOOP('',(#4235,#4236,#4237,#4238));
#736=EDGE_LOOP('',(#4239,#4240,#4241,#4242));
#737=EDGE_LOOP('',(#4243,#4244,#4245,#4246));
#738=EDGE_LOOP('',(#4247,#4248,#4249,#4250));
#739=EDGE_LOOP('',(#4251,#4252,#4253,#4254));
#740=EDGE_LOOP('',(#4255,#4256,#4257,#4258));
#741=EDGE_LOOP('',(#4259,#4260,#4261,#4262));
#742=EDGE_LOOP('',(#4263,#4264,#4265,#4266));
#743=EDGE_LOOP('',(#4267,#4268,#4269,#4270));
#744=EDGE_LOOP('',(#4271,#4272,#4273,#4274));
#745=EDGE_LOOP('',(#4275,#4276,#4277,#4278));
#746=EDGE_LOOP('',(#4279,#4280,#4281,#4282));
#747=EDGE_LOOP('',(#4283,#4284,#4285,#4286));
#748=EDGE_LOOP('',(#4287,#4288,#4289,#4290));
#749=EDGE_LOOP('',(#4291,#4292,#4293,#4294));
#750=EDGE_LOOP('',(#4295,#4296,#4297,#4298));
#751=EDGE_LOOP('',(#4299,#4300,#4301,#4302));
#752=EDGE_LOOP('',(#4303,#4304,#4305,#4306));
#753=EDGE_LOOP('',(#4307,#4308,#4309,#4310));
#754=EDGE_LOOP('',(#4311,#4312,#4313,#4314));
#755=EDGE_LOOP('',(#4315,#4316,#4317,#4318));
#756=EDGE_LOOP('',(#4319,#4320,#4321,#4322));
#757=EDGE_LOOP('',(#4323,#4324,#4325,#4326));
#758=EDGE_LOOP('',(#4327,#4328,#4329,#4330));
#759=EDGE_LOOP('',(#4331,#4332,#4333,#4334));
#760=EDGE_LOOP('',(#4335,#4336,#4337,#4338));
#761=EDGE_LOOP('',(#4339,#4340,#4341,#4342));
#762=EDGE_LOOP('',(#4343,#4344,#4345,#4346));
#763=EDGE_LOOP('',(#4347,#4348,#4349,#4350));
#764=EDGE_LOOP('',(#4351,#4352,#4353,#4354));
#765=EDGE_LOOP('',(#4355,#4356,#4357,#4358));
#766=EDGE_LOOP('',(#4359,#4360,#4361,#4362));
#767=EDGE_LOOP('',(#4363,#4364,#4365,#4366));
#768=EDGE_LOOP('',(#4367,#4368,#4369,#4370));
#769=EDGE_LOOP('',(#4371,#4372,#4373,#4374));
#770=EDGE_LOOP('',(#4375,#4376,#4377,#4378));
#771=EDGE_LOOP('',(#4379,#4380,#4381,#4382));
#772=EDGE_LOOP('',(#4383,#4384,#4385,#4386));
#773=EDGE_LOOP('',(#4387,#4388,#4389,#4390));
#774=EDGE_LOOP('',(#4391,#4392,#4393,#4394));
#775=EDGE_LOOP('',(#4395,#4396,#4397,#4398));
#776=EDGE_LOOP('',(#4399,#4400,#4401,#4402));
#777=EDGE_LOOP('',(#4403,#4404,#4405,#4406));
#778=EDGE_LOOP('',(#4407,#4408,#4409,#4410));
#779=EDGE_LOOP('',(#4411,#4412,#4413,#4414));
#780=EDGE_LOOP('',(#4415,#4416,#4417,#4418,#4419,#4420,#4421,#4422,#4423,
#4424,#4425,#4426,#4427,#4428,#4429,#4430,#4431,#4432,#4433,#4434,#4435,
#4436,#4437,#4438,#4439,#4440,#4441,#4442,#4443,#4444,#4445,#4446,#4447,
#4448,#4449,#4450,#4451,#4452,#4453,#4454));
#781=EDGE_LOOP('',(#4455,#4456,#4457,#4458));
#782=EDGE_LOOP('',(#4459,#4460,#4461,#4462));
#783=EDGE_LOOP('',(#4463,#4464,#4465,#4466));
#784=EDGE_LOOP('',(#4467,#4468,#4469,#4470));
#785=EDGE_LOOP('',(#4471,#4472,#4473,#4474));
#786=EDGE_LOOP('',(#4475,#4476,#4477,#4478));
#787=EDGE_LOOP('',(#4479,#4480,#4481,#4482));
#788=EDGE_LOOP('',(#4483,#4484,#4485,#4486));
#789=EDGE_LOOP('',(#4487,#4488,#4489,#4490));
#790=EDGE_LOOP('',(#4491,#4492,#4493,#4494));
#791=EDGE_LOOP('',(#4495,#4496,#4497,#4498));
#792=EDGE_LOOP('',(#4499,#4500,#4501,#4502));
#793=EDGE_LOOP('',(#4503,#4504,#4505,#4506,#4507,#4508));
#794=EDGE_LOOP('',(#4509,#4510,#4511,#4512));
#795=EDGE_LOOP('',(#4513,#4514,#4515,#4516,#4517,#4518));
#796=EDGE_LOOP('',(#4519,#4520,#4521,#4522));
#797=EDGE_LOOP('',(#4523,#4524,#4525,#4526));
#798=EDGE_LOOP('',(#4527,#4528,#4529,#4530));
#799=EDGE_LOOP('',(#4531,#4532,#4533,#4534));
#800=EDGE_LOOP('',(#4535,#4536,#4537,#4538));
#801=EDGE_LOOP('',(#4539,#4540,#4541,#4542));
#802=EDGE_LOOP('',(#4543,#4544,#4545,#4546));
#803=EDGE_LOOP('',(#4547,#4548,#4549,#4550));
#804=EDGE_LOOP('',(#4551,#4552,#4553,#4554));
#805=EDGE_LOOP('',(#4555,#4556,#4557,#4558));
#806=EDGE_LOOP('',(#4559,#4560,#4561,#4562));
#807=EDGE_LOOP('',(#4563,#4564,#4565,#4566));
#808=EDGE_LOOP('',(#4567,#4568,#4569,#4570));
#809=EDGE_LOOP('',(#4571,#4572,#4573,#4574));
#810=EDGE_LOOP('',(#4575,#4576,#4577,#4578));
#811=EDGE_LOOP('',(#4579,#4580,#4581,#4582));
#812=EDGE_LOOP('',(#4583,#4584,#4585,#4586));
#813=EDGE_LOOP('',(#4587,#4588,#4589,#4590));
#814=EDGE_LOOP('',(#4591,#4592,#4593,#4594));
#815=EDGE_LOOP('',(#4595,#4596,#4597,#4598));
#816=EDGE_LOOP('',(#4599,#4600,#4601,#4602,#4603));
#817=EDGE_LOOP('',(#4604,#4605,#4606,#4607));
#818=EDGE_LOOP('',(#4608,#4609,#4610,#4611,#4612));
#819=EDGE_LOOP('',(#4613,#4614,#4615,#4616));
#820=EDGE_LOOP('',(#4617,#4618,#4619,#4620));
#821=EDGE_LOOP('',(#4621,#4622,#4623,#4624));
#822=EDGE_LOOP('',(#4625,#4626,#4627,#4628));
#823=EDGE_LOOP('',(#4629,#4630,#4631,#4632));
#824=EDGE_LOOP('',(#4633,#4634,#4635,#4636));
#825=EDGE_LOOP('',(#4637,#4638,#4639,#4640));
#826=EDGE_LOOP('',(#4641,#4642,#4643,#4644));
#827=EDGE_LOOP('',(#4645,#4646,#4647,#4648));
#828=EDGE_LOOP('',(#4649,#4650,#4651,#4652));
#829=EDGE_LOOP('',(#4653,#4654,#4655,#4656));
#830=EDGE_LOOP('',(#4657,#4658,#4659,#4660));
#831=EDGE_LOOP('',(#4661,#4662,#4663,#4664));
#832=EDGE_LOOP('',(#4665,#4666,#4667,#4668));
#833=EDGE_LOOP('',(#4669,#4670,#4671,#4672));
#834=EDGE_LOOP('',(#4673,#4674,#4675,#4676));
#835=EDGE_LOOP('',(#4677,#4678,#4679,#4680));
#836=EDGE_LOOP('',(#4681,#4682,#4683,#4684));
#837=EDGE_LOOP('',(#4685,#4686,#4687,#4688));
#838=EDGE_LOOP('',(#4689,#4690,#4691,#4692));
#839=EDGE_LOOP('',(#4693,#4694,#4695,#4696));
#840=EDGE_LOOP('',(#4697,#4698,#4699,#4700));
#841=EDGE_LOOP('',(#4701,#4702,#4703,#4704));
#842=EDGE_LOOP('',(#4705,#4706,#4707,#4708));
#843=EDGE_LOOP('',(#4709,#4710,#4711,#4712));
#844=EDGE_LOOP('',(#4713,#4714,#4715,#4716));
#845=EDGE_LOOP('',(#4717,#4718,#4719,#4720));
#846=EDGE_LOOP('',(#4721,#4722,#4723,#4724,#4725,#4726,#4727,#4728));
#847=EDGE_LOOP('',(#4729,#4730,#4731,#4732,#4733,#4734,#4735,#4736));
#848=EDGE_LOOP('',(#4737,#4738,#4739,#4740));
#849=EDGE_LOOP('',(#4741,#4742,#4743,#4744,#4745,#4746,#4747,#4748));
#850=EDGE_LOOP('',(#4749,#4750,#4751,#4752));
#851=EDGE_LOOP('',(#4753,#4754,#4755,#4756));
#852=EDGE_LOOP('',(#4757,#4758,#4759,#4760));
#853=EDGE_LOOP('',(#4761,#4762,#4763,#4764));
#854=EDGE_LOOP('',(#4765,#4766,#4767,#4768));
#855=EDGE_LOOP('',(#4769,#4770,#4771,#4772));
#856=EDGE_LOOP('',(#4773,#4774,#4775,#4776));
#857=EDGE_LOOP('',(#4777,#4778,#4779,#4780));
#858=EDGE_LOOP('',(#4781,#4782,#4783,#4784));
#859=EDGE_LOOP('',(#4785,#4786,#4787,#4788,#4789,#4790,#4791,#4792));
#860=EDGE_LOOP('',(#4793,#4794,#4795,#4796));
#861=EDGE_LOOP('',(#4797,#4798,#4799,#4800));
#862=EDGE_LOOP('',(#4801));
#863=EDGE_LOOP('',(#4802,#4803,#4804,#4805));
#864=EDGE_LOOP('',(#4806,#4807,#4808,#4809));
#865=EDGE_LOOP('',(#4810,#4811,#4812,#4813));
#866=EDGE_LOOP('',(#4814,#4815,#4816,#4817));
#867=EDGE_LOOP('',(#4818,#4819,#4820,#4821));
#868=EDGE_LOOP('',(#4822,#4823,#4824,#4825));
#869=EDGE_LOOP('',(#4826));
#870=EDGE_LOOP('',(#4827,#4828,#4829,#4830));
#871=EDGE_LOOP('',(#4831));
#872=EDGE_LOOP('',(#4832));
#873=EDGE_LOOP('',(#4833));
#874=EDGE_LOOP('',(#4834));
#875=EDGE_LOOP('',(#4835,#4836,#4837,#4838,#4839,#4840,#4841,#4842,#4843,
#4844,#4845,#4846,#4847,#4848,#4849,#4850,#4851,#4852,#4853,#4854,#4855,
#4856,#4857,#4858,#4859,#4860,#4861,#4862,#4863,#4864,#4865,#4866,#4867,
#4868,#4869,#4870,#4871,#4872,#4873,#4874));
#876=EDGE_LOOP('',(#4875));
#877=EDGE_LOOP('',(#4876));
#878=EDGE_LOOP('',(#4877));
#879=EDGE_LOOP('',(#4878));
#880=EDGE_LOOP('',(#4879));
#881=EDGE_LOOP('',(#4880));
#882=EDGE_LOOP('',(#4881));
#883=EDGE_LOOP('',(#4882));
#884=EDGE_LOOP('',(#4883,#4884,#4885,#4886));
#885=EDGE_LOOP('',(#4887));
#886=EDGE_LOOP('',(#4888));
#887=EDGE_LOOP('',(#4889));
#888=EDGE_LOOP('',(#4890));
#889=EDGE_LOOP('',(#4891));
#890=EDGE_LOOP('',(#4892));
#891=EDGE_LOOP('',(#4893));
#892=EDGE_LOOP('',(#4894));
#893=EDGE_LOOP('',(#4895));
#894=EDGE_LOOP('',(#4896));
#895=EDGE_LOOP('',(#4897));
#896=EDGE_LOOP('',(#4898));
#897=EDGE_LOOP('',(#4899,#4900,#4901,#4902));
#898=EDGE_LOOP('',(#4903));
#899=EDGE_LOOP('',(#4904,#4905,#4906,#4907));
#900=EDGE_LOOP('',(#4908,#4909,#4910,#4911));
#901=LINE('',#7056,#1509);
#902=LINE('',#7063,#1510);
#903=LINE('',#7065,#1511);
#904=LINE('',#7067,#1512);
#905=LINE('',#7069,#1513);
#906=LINE('',#7071,#1514);
#907=LINE('',#7073,#1515);
#908=LINE('',#7075,#1516);
#909=LINE('',#7077,#1517);
#910=LINE('',#7079,#1518);
#911=LINE('',#7081,#1519);
#912=LINE('',#7083,#1520);
#913=LINE('',#7084,#1521);
#914=LINE('',#7091,#1522);
#915=LINE('',#7093,#1523);
#916=LINE('',#7095,#1524);
#917=LINE('',#7096,#1525);
#918=LINE('',#7099,#1526);
#919=LINE('',#7101,#1527);
#920=LINE('',#7103,#1528);
#921=LINE('',#7104,#1529);
#922=LINE('',#7107,#1530);
#923=LINE('',#7111,#1531);
#924=LINE('',#7115,#1532);
#925=LINE('',#7121,#1533);
#926=LINE('',#7126,#1534);
#927=LINE('',#7128,#1535);
#928=LINE('',#7130,#1536);
#929=LINE('',#7131,#1537);
#930=LINE('',#7138,#1538);
#931=LINE('',#7140,#1539);
#932=LINE('',#7142,#1540);
#933=LINE('',#7144,#1541);
#934=LINE('',#7146,#1542);
#935=LINE('',#7148,#1543);
#936=LINE('',#7150,#1544);
#937=LINE('',#7152,#1545);
#938=LINE('',#7154,#1546);
#939=LINE('',#7156,#1547);
#940=LINE('',#7158,#1548);
#941=LINE('',#7160,#1549);
#942=LINE('',#7162,#1550);
#943=LINE('',#7164,#1551);
#944=LINE('',#7166,#1552);
#945=LINE('',#7168,#1553);
#946=LINE('',#7170,#1554);
#947=LINE('',#7172,#1555);
#948=LINE('',#7174,#1556);
#949=LINE('',#7176,#1557);
#950=LINE('',#7178,#1558);
#951=LINE('',#7180,#1559);
#952=LINE('',#7182,#1560);
#953=LINE('',#7184,#1561);
#954=LINE('',#7186,#1562);
#955=LINE('',#7188,#1563);
#956=LINE('',#7190,#1564);
#957=LINE('',#7192,#1565);
#958=LINE('',#7194,#1566);
#959=LINE('',#7196,#1567);
#960=LINE('',#7198,#1568);
#961=LINE('',#7200,#1569);
#962=LINE('',#7202,#1570);
#963=LINE('',#7204,#1571);
#964=LINE('',#7206,#1572);
#965=LINE('',#7208,#1573);
#966=LINE('',#7210,#1574);
#967=LINE('',#7212,#1575);
#968=LINE('',#7214,#1576);
#969=LINE('',#7216,#1577);
#970=LINE('',#7218,#1578);
#971=LINE('',#7220,#1579);
#972=LINE('',#7222,#1580);
#973=LINE('',#7224,#1581);
#974=LINE('',#7226,#1582);
#975=LINE('',#7228,#1583);
#976=LINE('',#7230,#1584);
#977=LINE('',#7232,#1585);
#978=LINE('',#7234,#1586);
#979=LINE('',#7236,#1587);
#980=LINE('',#7238,#1588);
#981=LINE('',#7240,#1589);
#982=LINE('',#7242,#1590);
#983=LINE('',#7244,#1591);
#984=LINE('',#7246,#1592);
#985=LINE('',#7248,#1593);
#986=LINE('',#7250,#1594);
#987=LINE('',#7252,#1595);
#988=LINE('',#7254,#1596);
#989=LINE('',#7256,#1597);
#990=LINE('',#7258,#1598);
#991=LINE('',#7260,#1599);
#992=LINE('',#7262,#1600);
#993=LINE('',#7264,#1601);
#994=LINE('',#7266,#1602);
#995=LINE('',#7268,#1603);
#996=LINE('',#7270,#1604);
#997=LINE('',#7272,#1605);
#998=LINE('',#7273,#1606);
#999=LINE('',#7275,#1607);
#1000=LINE('',#7277,#1608);
#1001=LINE('',#7279,#1609);
#1002=LINE('',#7281,#1610);
#1003=LINE('',#7283,#1611);
#1004=LINE('',#7285,#1612);
#1005=LINE('',#7287,#1613);
#1006=LINE('',#7289,#1614);
#1007=LINE('',#7291,#1615);
#1008=LINE('',#7293,#1616);
#1009=LINE('',#7295,#1617);
#1010=LINE('',#7297,#1618);
#1011=LINE('',#7299,#1619);
#1012=LINE('',#7301,#1620);
#1013=LINE('',#7303,#1621);
#1014=LINE('',#7305,#1622);
#1015=LINE('',#7307,#1623);
#1016=LINE('',#7309,#1624);
#1017=LINE('',#7311,#1625);
#1018=LINE('',#7313,#1626);
#1019=LINE('',#7315,#1627);
#1020=LINE('',#7317,#1628);
#1021=LINE('',#7319,#1629);
#1022=LINE('',#7321,#1630);
#1023=LINE('',#7323,#1631);
#1024=LINE('',#7325,#1632);
#1025=LINE('',#7327,#1633);
#1026=LINE('',#7329,#1634);
#1027=LINE('',#7331,#1635);
#1028=LINE('',#7333,#1636);
#1029=LINE('',#7335,#1637);
#1030=LINE('',#7337,#1638);
#1031=LINE('',#7339,#1639);
#1032=LINE('',#7341,#1640);
#1033=LINE('',#7343,#1641);
#1034=LINE('',#7345,#1642);
#1035=LINE('',#7347,#1643);
#1036=LINE('',#7349,#1644);
#1037=LINE('',#7351,#1645);
#1038=LINE('',#7353,#1646);
#1039=LINE('',#7355,#1647);
#1040=LINE('',#7357,#1648);
#1041=LINE('',#7359,#1649);
#1042=LINE('',#7361,#1650);
#1043=LINE('',#7363,#1651);
#1044=LINE('',#7365,#1652);
#1045=LINE('',#7367,#1653);
#1046=LINE('',#7369,#1654);
#1047=LINE('',#7371,#1655);
#1048=LINE('',#7373,#1656);
#1049=LINE('',#7375,#1657);
#1050=LINE('',#7377,#1658);
#1051=LINE('',#7379,#1659);
#1052=LINE('',#7381,#1660);
#1053=LINE('',#7383,#1661);
#1054=LINE('',#7385,#1662);
#1055=LINE('',#7387,#1663);
#1056=LINE('',#7389,#1664);
#1057=LINE('',#7391,#1665);
#1058=LINE('',#7393,#1666);
#1059=LINE('',#7395,#1667);
#1060=LINE('',#7396,#1668);
#1061=LINE('',#7401,#1669);
#1062=LINE('',#7405,#1670);
#1063=LINE('',#7409,#1671);
#1064=LINE('',#7413,#1672);
#1065=LINE('',#7417,#1673);
#1066=LINE('',#7421,#1674);
#1067=LINE('',#7425,#1675);
#1068=LINE('',#7431,#1676);
#1069=LINE('',#7436,#1677);
#1070=LINE('',#7438,#1678);
#1071=LINE('',#7440,#1679);
#1072=LINE('',#7441,#1680);
#1073=LINE('',#7448,#1681);
#1074=LINE('',#7450,#1682);
#1075=LINE('',#7452,#1683);
#1076=LINE('',#7454,#1684);
#1077=LINE('',#7456,#1685);
#1078=LINE('',#7458,#1686);
#1079=LINE('',#7460,#1687);
#1080=LINE('',#7462,#1688);
#1081=LINE('',#7464,#1689);
#1082=LINE('',#7466,#1690);
#1083=LINE('',#7468,#1691);
#1084=LINE('',#7470,#1692);
#1085=LINE('',#7472,#1693);
#1086=LINE('',#7474,#1694);
#1087=LINE('',#7476,#1695);
#1088=LINE('',#7478,#1696);
#1089=LINE('',#7480,#1697);
#1090=LINE('',#7482,#1698);
#1091=LINE('',#7484,#1699);
#1092=LINE('',#7486,#1700);
#1093=LINE('',#7488,#1701);
#1094=LINE('',#7490,#1702);
#1095=LINE('',#7492,#1703);
#1096=LINE('',#7494,#1704);
#1097=LINE('',#7496,#1705);
#1098=LINE('',#7498,#1706);
#1099=LINE('',#7500,#1707);
#1100=LINE('',#7502,#1708);
#1101=LINE('',#7504,#1709);
#1102=LINE('',#7506,#1710);
#1103=LINE('',#7508,#1711);
#1104=LINE('',#7510,#1712);
#1105=LINE('',#7512,#1713);
#1106=LINE('',#7514,#1714);
#1107=LINE('',#7516,#1715);
#1108=LINE('',#7518,#1716);
#1109=LINE('',#7520,#1717);
#1110=LINE('',#7522,#1718);
#1111=LINE('',#7524,#1719);
#1112=LINE('',#7526,#1720);
#1113=LINE('',#7528,#1721);
#1114=LINE('',#7530,#1722);
#1115=LINE('',#7532,#1723);
#1116=LINE('',#7534,#1724);
#1117=LINE('',#7536,#1725);
#1118=LINE('',#7538,#1726);
#1119=LINE('',#7540,#1727);
#1120=LINE('',#7542,#1728);
#1121=LINE('',#7544,#1729);
#1122=LINE('',#7546,#1730);
#1123=LINE('',#7548,#1731);
#1124=LINE('',#7550,#1732);
#1125=LINE('',#7552,#1733);
#1126=LINE('',#7554,#1734);
#1127=LINE('',#7556,#1735);
#1128=LINE('',#7558,#1736);
#1129=LINE('',#7560,#1737);
#1130=LINE('',#7562,#1738);
#1131=LINE('',#7564,#1739);
#1132=LINE('',#7566,#1740);
#1133=LINE('',#7568,#1741);
#1134=LINE('',#7570,#1742);
#1135=LINE('',#7572,#1743);
#1136=LINE('',#7574,#1744);
#1137=LINE('',#7576,#1745);
#1138=LINE('',#7578,#1746);
#1139=LINE('',#7580,#1747);
#1140=LINE('',#7582,#1748);
#1141=LINE('',#7583,#1749);
#1142=LINE('',#7585,#1750);
#1143=LINE('',#7587,#1751);
#1144=LINE('',#7588,#1752);
#1145=LINE('',#7590,#1753);
#1146=LINE('',#7592,#1754);
#1147=LINE('',#7593,#1755);
#1148=LINE('',#7595,#1756);
#1149=LINE('',#7597,#1757);
#1150=LINE('',#7599,#1758);
#1151=LINE('',#7601,#1759);
#1152=LINE('',#7603,#1760);
#1153=LINE('',#7605,#1761);
#1154=LINE('',#7607,#1762);
#1155=LINE('',#7609,#1763);
#1156=LINE('',#7611,#1764);
#1157=LINE('',#7613,#1765);
#1158=LINE('',#7615,#1766);
#1159=LINE('',#7617,#1767);
#1160=LINE('',#7619,#1768);
#1161=LINE('',#7621,#1769);
#1162=LINE('',#7623,#1770);
#1163=LINE('',#7625,#1771);
#1164=LINE('',#7627,#1772);
#1165=LINE('',#7629,#1773);
#1166=LINE('',#7631,#1774);
#1167=LINE('',#7633,#1775);
#1168=LINE('',#7635,#1776);
#1169=LINE('',#7637,#1777);
#1170=LINE('',#7639,#1778);
#1171=LINE('',#7641,#1779);
#1172=LINE('',#7643,#1780);
#1173=LINE('',#7645,#1781);
#1174=LINE('',#7647,#1782);
#1175=LINE('',#7649,#1783);
#1176=LINE('',#7651,#1784);
#1177=LINE('',#7653,#1785);
#1178=LINE('',#7655,#1786);
#1179=LINE('',#7657,#1787);
#1180=LINE('',#7659,#1788);
#1181=LINE('',#7661,#1789);
#1182=LINE('',#7663,#1790);
#1183=LINE('',#7665,#1791);
#1184=LINE('',#7667,#1792);
#1185=LINE('',#7669,#1793);
#1186=LINE('',#7671,#1794);
#1187=LINE('',#7673,#1795);
#1188=LINE('',#7675,#1796);
#1189=LINE('',#7677,#1797);
#1190=LINE('',#7679,#1798);
#1191=LINE('',#7681,#1799);
#1192=LINE('',#7683,#1800);
#1193=LINE('',#7685,#1801);
#1194=LINE('',#7687,#1802);
#1195=LINE('',#7689,#1803);
#1196=LINE('',#7691,#1804);
#1197=LINE('',#7693,#1805);
#1198=LINE('',#7695,#1806);
#1199=LINE('',#7697,#1807);
#1200=LINE('',#7699,#1808);
#1201=LINE('',#7701,#1809);
#1202=LINE('',#7703,#1810);
#1203=LINE('',#7705,#1811);
#1204=LINE('',#7707,#1812);
#1205=LINE('',#7709,#1813);
#1206=LINE('',#7711,#1814);
#1207=LINE('',#7713,#1815);
#1208=LINE('',#7715,#1816);
#1209=LINE('',#7716,#1817);
#1210=LINE('',#7721,#1818);
#1211=LINE('',#7725,#1819);
#1212=LINE('',#7729,#1820);
#1213=LINE('',#7733,#1821);
#1214=LINE('',#7737,#1822);
#1215=LINE('',#7741,#1823);
#1216=LINE('',#7745,#1824);
#1217=LINE('',#7751,#1825);
#1218=LINE('',#7754,#1826);
#1219=LINE('',#7755,#1827);
#1220=LINE('',#7766,#1828);
#1221=LINE('',#7770,#1829);
#1222=LINE('',#7774,#1830);
#1223=LINE('',#7778,#1831);
#1224=LINE('',#7782,#1832);
#1225=LINE('',#7786,#1833);
#1226=LINE('',#7790,#1834);
#1227=LINE('',#7796,#1835);
#1228=LINE('',#7799,#1836);
#1229=LINE('',#7810,#1837);
#1230=LINE('',#7814,#1838);
#1231=LINE('',#7818,#1839);
#1232=LINE('',#7822,#1840);
#1233=LINE('',#7826,#1841);
#1234=LINE('',#7830,#1842);
#1235=LINE('',#7834,#1843);
#1236=LINE('',#7840,#1844);
#1237=LINE('',#7843,#1845);
#1238=LINE('',#7854,#1846);
#1239=LINE('',#7858,#1847);
#1240=LINE('',#7862,#1848);
#1241=LINE('',#7866,#1849);
#1242=LINE('',#7870,#1850);
#1243=LINE('',#7874,#1851);
#1244=LINE('',#7878,#1852);
#1245=LINE('',#7884,#1853);
#1246=LINE('',#7897,#1854);
#1247=LINE('',#7901,#1855);
#1248=LINE('',#7905,#1856);
#1249=LINE('',#7909,#1857);
#1250=LINE('',#7913,#1858);
#1251=LINE('',#7917,#1859);
#1252=LINE('',#7921,#1860);
#1253=LINE('',#7925,#1861);
#1254=LINE('',#7928,#1862);
#1255=LINE('',#7931,#1863);
#1256=LINE('',#7934,#1864);
#1257=LINE('',#7937,#1865);
#1258=LINE('',#7940,#1866);
#1259=LINE('',#7943,#1867);
#1260=LINE('',#7946,#1868);
#1261=LINE('',#7948,#1869);
#1262=LINE('',#7949,#1870);
#1263=LINE('',#7951,#1871);
#1264=LINE('',#7952,#1872);
#1265=LINE('',#7955,#1873);
#1266=LINE('',#7958,#1874);
#1267=LINE('',#7961,#1875);
#1268=LINE('',#7964,#1876);
#1269=LINE('',#7966,#1877);
#1270=LINE('',#7967,#1878);
#1271=LINE('',#7969,#1879);
#1272=LINE('',#7970,#1880);
#1273=LINE('',#7972,#1881);
#1274=LINE('',#7973,#1882);
#1275=LINE('',#7976,#1883);
#1276=LINE('',#7979,#1884);
#1277=LINE('',#7982,#1885);
#1278=LINE('',#7985,#1886);
#1279=LINE('',#7987,#1887);
#1280=LINE('',#7988,#1888);
#1281=LINE('',#7990,#1889);
#1282=LINE('',#7991,#1890);
#1283=LINE('',#7993,#1891);
#1284=LINE('',#7995,#1892);
#1285=LINE('',#7998,#1893);
#1286=LINE('',#8000,#1894);
#1287=LINE('',#8001,#1895);
#1288=LINE('',#8003,#1896);
#1289=LINE('',#8004,#1897);
#1290=LINE('',#8006,#1898);
#1291=LINE('',#8007,#1899);
#1292=LINE('',#8009,#1900);
#1293=LINE('',#8010,#1901);
#1294=LINE('',#8012,#1902);
#1295=LINE('',#8013,#1903);
#1296=LINE('',#8015,#1904);
#1297=LINE('',#8016,#1905);
#1298=LINE('',#8018,#1906);
#1299=LINE('',#8019,#1907);
#1300=LINE('',#8021,#1908);
#1301=LINE('',#8022,#1909);
#1302=LINE('',#8025,#1910);
#1303=LINE('',#8027,#1911);
#1304=LINE('',#8030,#1912);
#1305=LINE('',#8032,#1913);
#1306=LINE('',#8035,#1914);
#1307=LINE('',#8038,#1915);
#1308=LINE('',#8040,#1916);
#1309=LINE('',#8044,#1917);
#1310=LINE('',#8046,#1918);
#1311=LINE('',#8050,#1919);
#1312=LINE('',#8052,#1920);
#1313=LINE('',#8056,#1921);
#1314=LINE('',#8058,#1922);
#1315=LINE('',#8061,#1923);
#1316=LINE('',#8062,#1924);
#1317=LINE('',#8065,#1925);
#1318=LINE('',#8067,#1926);
#1319=LINE('',#8071,#1927);
#1320=LINE('',#8073,#1928);
#1321=LINE('',#8077,#1929);
#1322=LINE('',#8079,#1930);
#1323=LINE('',#8082,#1931);
#1324=LINE('',#8083,#1932);
#1325=LINE('',#8085,#1933);
#1326=LINE('',#8086,#1934);
#1327=LINE('',#8088,#1935);
#1328=LINE('',#8089,#1936);
#1329=LINE('',#8091,#1937);
#1330=LINE('',#8092,#1938);
#1331=LINE('',#8094,#1939);
#1332=LINE('',#8095,#1940);
#1333=LINE('',#8097,#1941);
#1334=LINE('',#8098,#1942);
#1335=LINE('',#8100,#1943);
#1336=LINE('',#8102,#1944);
#1337=LINE('',#8104,#1945);
#1338=LINE('',#8106,#1946);
#1339=LINE('',#8108,#1947);
#1340=LINE('',#8110,#1948);
#1341=LINE('',#8112,#1949);
#1342=LINE('',#8114,#1950);
#1343=LINE('',#8116,#1951);
#1344=LINE('',#8118,#1952);
#1345=LINE('',#8120,#1953);
#1346=LINE('',#8122,#1954);
#1347=LINE('',#8125,#1955);
#1348=LINE('',#8126,#1956);
#1349=LINE('',#8129,#1957);
#1350=LINE('',#8130,#1958);
#1351=LINE('',#8133,#1959);
#1352=LINE('',#8134,#1960);
#1353=LINE('',#8137,#1961);
#1354=LINE('',#8138,#1962);
#1355=LINE('',#8141,#1963);
#1356=LINE('',#8142,#1964);
#1357=LINE('',#8145,#1965);
#1358=LINE('',#8146,#1966);
#1359=LINE('',#8148,#1967);
#1360=LINE('',#8150,#1968);
#1361=LINE('',#8152,#1969);
#1362=LINE('',#8154,#1970);
#1363=LINE('',#8156,#1971);
#1364=LINE('',#8158,#1972);
#1365=LINE('',#8160,#1973);
#1366=LINE('',#8162,#1974);
#1367=LINE('',#8164,#1975);
#1368=LINE('',#8167,#1976);
#1369=LINE('',#8168,#1977);
#1370=LINE('',#8171,#1978);
#1371=LINE('',#8172,#1979);
#1372=LINE('',#8175,#1980);
#1373=LINE('',#8176,#1981);
#1374=LINE('',#8179,#1982);
#1375=LINE('',#8180,#1983);
#1376=LINE('',#8183,#1984);
#1377=LINE('',#8184,#1985);
#1378=LINE('',#8187,#1986);
#1379=LINE('',#8188,#1987);
#1380=LINE('',#8190,#1988);
#1381=LINE('',#8192,#1989);
#1382=LINE('',#8194,#1990);
#1383=LINE('',#8196,#1991);
#1384=LINE('',#8198,#1992);
#1385=LINE('',#8200,#1993);
#1386=LINE('',#8202,#1994);
#1387=LINE('',#8204,#1995);
#1388=LINE('',#8206,#1996);
#1389=LINE('',#8208,#1997);
#1390=LINE('',#8210,#1998);
#1391=LINE('',#8212,#1999);
#1392=LINE('',#8215,#2000);
#1393=LINE('',#8216,#2001);
#1394=LINE('',#8219,#2002);
#1395=LINE('',#8220,#2003);
#1396=LINE('',#8223,#2004);
#1397=LINE('',#8224,#2005);
#1398=LINE('',#8227,#2006);
#1399=LINE('',#8228,#2007);
#1400=LINE('',#8231,#2008);
#1401=LINE('',#8232,#2009);
#1402=LINE('',#8235,#2010);
#1403=LINE('',#8236,#2011);
#1404=LINE('',#8238,#2012);
#1405=LINE('',#8240,#2013);
#1406=LINE('',#8243,#2014);
#1407=LINE('',#8244,#2015);
#1408=LINE('',#8247,#2016);
#1409=LINE('',#8248,#2017);
#1410=LINE('',#8251,#2018);
#1411=LINE('',#8252,#2019);
#1412=LINE('',#8255,#2020);
#1413=LINE('',#8256,#2021);
#1414=LINE('',#8259,#2022);
#1415=LINE('',#8260,#2023);
#1416=LINE('',#8263,#2024);
#1417=LINE('',#8264,#2025);
#1418=LINE('',#8267,#2026);
#1419=LINE('',#8268,#2027);
#1420=LINE('',#8271,#2028);
#1421=LINE('',#8272,#2029);
#1422=LINE('',#8280,#2030);
#1423=LINE('',#8286,#2031);
#1424=LINE('',#8289,#2032);
#1425=LINE('',#8291,#2033);
#1426=LINE('',#8293,#2034);
#1427=LINE('',#8296,#2035);
#1428=LINE('',#8298,#2036);
#1429=LINE('',#8300,#2037);
#1430=LINE('',#8306,#2038);
#1431=LINE('',#8307,#2039);
#1432=LINE('',#8310,#2040);
#1433=LINE('',#8314,#2041);
#1434=LINE('',#8319,#2042);
#1435=LINE('',#8320,#2043);
#1436=LINE('',#8323,#2044);
#1437=LINE('',#8330,#2045);
#1438=LINE('',#8336,#2046);
#1439=LINE('',#8338,#2047);
#1440=LINE('',#8344,#2048);
#1441=LINE('',#8345,#2049);
#1442=LINE('',#8350,#2050);
#1443=LINE('',#8355,#2051);
#1444=LINE('',#8356,#2052);
#1445=LINE('',#8359,#2053);
#1446=LINE('',#8369,#2054);
#1447=LINE('',#8370,#2055);
#1448=LINE('',#8376,#2056);
#1449=LINE('',#8379,#2057);
#1450=LINE('',#8383,#2058);
#1451=LINE('',#8387,#2059);
#1452=LINE('',#8389,#2060);
#1453=LINE('',#8392,#2061);
#1454=LINE('',#8397,#2062);
#1455=LINE('',#8399,#2063);
#1456=LINE('',#8405,#2064);
#1457=LINE('',#8407,#2065);
#1458=LINE('',#8408,#2066);
#1459=LINE('',#8412,#2067);
#1460=LINE('',#8414,#2068);
#1461=LINE('',#8416,#2069);
#1462=LINE('',#8417,#2070);
#1463=LINE('',#8420,#2071);
#1464=LINE('',#8422,#2072);
#1465=LINE('',#8424,#2073);
#1466=LINE('',#8426,#2074);
#1467=LINE('',#8427,#2075);
#1468=LINE('',#8428,#2076);
#1469=LINE('',#8431,#2077);
#1470=LINE('',#8433,#2078);
#1471=LINE('',#8434,#2079);
#1472=LINE('',#8436,#2080);
#1473=LINE('',#8437,#2081);
#1474=LINE('',#8440,#2082);
#1475=LINE('',#8442,#2083);
#1476=LINE('',#8444,#2084);
#1477=LINE('',#8446,#2085);
#1478=LINE('',#8447,#2086);
#1479=LINE('',#8450,#2087);
#1480=LINE('',#8451,#2088);
#1481=LINE('',#8454,#2089);
#1482=LINE('',#8456,#2090);
#1483=LINE('',#8457,#2091);
#1484=LINE('',#8460,#2092);
#1485=LINE('',#8461,#2093);
#1486=LINE('',#8464,#2094);
#1487=LINE('',#8465,#2095);
#1488=LINE('',#8468,#2096);
#1489=LINE('',#8469,#2097);
#1490=LINE('',#8471,#2098);
#1491=LINE('',#8474,#2099);
#1492=LINE('',#8475,#2100);
#1493=LINE('',#8478,#2101);
#1494=LINE('',#8479,#2102);
#1495=LINE('',#8482,#2103);
#1496=LINE('',#8483,#2104);
#1497=LINE('',#8486,#2105);
#1498=LINE('',#8487,#2106);
#1499=LINE('',#8490,#2107);
#1500=LINE('',#8491,#2108);
#1501=LINE('',#8496,#2109);
#1502=LINE('',#8500,#2110);
#1503=LINE('',#8501,#2111);
#1504=LINE('',#8503,#2112);
#1505=LINE('',#8505,#2113);
#1506=LINE('',#8508,#2114);
#1507=LINE('',#8514,#2115);
#1508=LINE('',#8525,#2116);
#1509=VECTOR('',#5641,2.7);
#1510=VECTOR('',#5648,10.);
#1511=VECTOR('',#5649,10.);
#1512=VECTOR('',#5650,10.);
#1513=VECTOR('',#5651,10.);
#1514=VECTOR('',#5652,10.);
#1515=VECTOR('',#5653,10.);
#1516=VECTOR('',#5654,10.);
#1517=VECTOR('',#5655,10.);
#1518=VECTOR('',#5656,10.);
#1519=VECTOR('',#5657,10.);
#1520=VECTOR('',#5658,10.);
#1521=VECTOR('',#5659,10.);
#1522=VECTOR('',#5664,10.);
#1523=VECTOR('',#5665,10.);
#1524=VECTOR('',#5666,10.);
#1525=VECTOR('',#5667,10.);
#1526=VECTOR('',#5668,10.);
#1527=VECTOR('',#5669,10.);
#1528=VECTOR('',#5670,10.);
#1529=VECTOR('',#5671,10.);
#1530=VECTOR('',#5674,2.5);
#1531=VECTOR('',#5679,2.7);
#1532=VECTOR('',#5684,2.5);
#1533=VECTOR('',#5691,2.7);
#1534=VECTOR('',#5696,10.);
#1535=VECTOR('',#5697,10.);
#1536=VECTOR('',#5698,10.);
#1537=VECTOR('',#5699,10.);
#1538=VECTOR('',#5704,10.);
#1539=VECTOR('',#5705,10.);
#1540=VECTOR('',#5706,10.);
#1541=VECTOR('',#5707,10.);
#1542=VECTOR('',#5708,10.);
#1543=VECTOR('',#5709,10.);
#1544=VECTOR('',#5710,10.);
#1545=VECTOR('',#5711,10.);
#1546=VECTOR('',#5712,10.);
#1547=VECTOR('',#5713,10.);
#1548=VECTOR('',#5714,10.);
#1549=VECTOR('',#5715,10.);
#1550=VECTOR('',#5716,10.);
#1551=VECTOR('',#5717,10.);
#1552=VECTOR('',#5718,10.);
#1553=VECTOR('',#5719,10.);
#1554=VECTOR('',#5720,10.);
#1555=VECTOR('',#5721,10.);
#1556=VECTOR('',#5722,10.);
#1557=VECTOR('',#5723,10.);
#1558=VECTOR('',#5724,10.);
#1559=VECTOR('',#5725,10.);
#1560=VECTOR('',#5726,10.);
#1561=VECTOR('',#5727,10.);
#1562=VECTOR('',#5728,10.);
#1563=VECTOR('',#5729,10.);
#1564=VECTOR('',#5730,10.);
#1565=VECTOR('',#5731,10.);
#1566=VECTOR('',#5732,10.);
#1567=VECTOR('',#5733,10.);
#1568=VECTOR('',#5734,10.);
#1569=VECTOR('',#5735,10.);
#1570=VECTOR('',#5736,10.);
#1571=VECTOR('',#5737,10.);
#1572=VECTOR('',#5738,10.);
#1573=VECTOR('',#5739,10.);
#1574=VECTOR('',#5740,10.);
#1575=VECTOR('',#5741,10.);
#1576=VECTOR('',#5742,10.);
#1577=VECTOR('',#5743,10.);
#1578=VECTOR('',#5744,10.);
#1579=VECTOR('',#5745,10.);
#1580=VECTOR('',#5746,10.);
#1581=VECTOR('',#5747,10.);
#1582=VECTOR('',#5748,10.);
#1583=VECTOR('',#5749,10.);
#1584=VECTOR('',#5750,10.);
#1585=VECTOR('',#5751,10.);
#1586=VECTOR('',#5752,10.);
#1587=VECTOR('',#5753,10.);
#1588=VECTOR('',#5754,10.);
#1589=VECTOR('',#5755,10.);
#1590=VECTOR('',#5756,10.);
#1591=VECTOR('',#5757,10.);
#1592=VECTOR('',#5758,10.);
#1593=VECTOR('',#5759,10.);
#1594=VECTOR('',#5760,10.);
#1595=VECTOR('',#5761,10.);
#1596=VECTOR('',#5762,10.);
#1597=VECTOR('',#5763,10.);
#1598=VECTOR('',#5764,10.);
#1599=VECTOR('',#5765,10.);
#1600=VECTOR('',#5766,10.);
#1601=VECTOR('',#5767,10.);
#1602=VECTOR('',#5768,10.);
#1603=VECTOR('',#5769,10.);
#1604=VECTOR('',#5770,10.);
#1605=VECTOR('',#5771,10.);
#1606=VECTOR('',#5772,10.);
#1607=VECTOR('',#5773,10.);
#1608=VECTOR('',#5774,10.);
#1609=VECTOR('',#5775,10.);
#1610=VECTOR('',#5776,10.);
#1611=VECTOR('',#5777,10.);
#1612=VECTOR('',#5778,10.);
#1613=VECTOR('',#5779,10.);
#1614=VECTOR('',#5780,10.);
#1615=VECTOR('',#5781,10.);
#1616=VECTOR('',#5782,10.);
#1617=VECTOR('',#5783,10.);
#1618=VECTOR('',#5784,10.);
#1619=VECTOR('',#5785,10.);
#1620=VECTOR('',#5786,10.);
#1621=VECTOR('',#5787,10.);
#1622=VECTOR('',#5788,10.);
#1623=VECTOR('',#5789,10.);
#1624=VECTOR('',#5790,10.);
#1625=VECTOR('',#5791,10.);
#1626=VECTOR('',#5792,10.);
#1627=VECTOR('',#5793,10.);
#1628=VECTOR('',#5794,10.);
#1629=VECTOR('',#5795,10.);
#1630=VECTOR('',#5796,10.);
#1631=VECTOR('',#5797,10.);
#1632=VECTOR('',#5798,10.);
#1633=VECTOR('',#5799,10.);
#1634=VECTOR('',#5800,10.);
#1635=VECTOR('',#5801,10.);
#1636=VECTOR('',#5802,10.);
#1637=VECTOR('',#5803,10.);
#1638=VECTOR('',#5804,10.);
#1639=VECTOR('',#5805,10.);
#1640=VECTOR('',#5806,10.);
#1641=VECTOR('',#5807,10.);
#1642=VECTOR('',#5808,10.);
#1643=VECTOR('',#5809,10.);
#1644=VECTOR('',#5810,10.);
#1645=VECTOR('',#5811,10.);
#1646=VECTOR('',#5812,10.);
#1647=VECTOR('',#5813,10.);
#1648=VECTOR('',#5814,10.);
#1649=VECTOR('',#5815,10.);
#1650=VECTOR('',#5816,10.);
#1651=VECTOR('',#5817,10.);
#1652=VECTOR('',#5818,10.);
#1653=VECTOR('',#5819,10.);
#1654=VECTOR('',#5820,10.);
#1655=VECTOR('',#5821,10.);
#1656=VECTOR('',#5822,10.);
#1657=VECTOR('',#5823,10.);
#1658=VECTOR('',#5824,10.);
#1659=VECTOR('',#5825,10.);
#1660=VECTOR('',#5826,10.);
#1661=VECTOR('',#5827,10.);
#1662=VECTOR('',#5828,10.);
#1663=VECTOR('',#5829,10.);
#1664=VECTOR('',#5830,10.);
#1665=VECTOR('',#5831,10.);
#1666=VECTOR('',#5832,10.);
#1667=VECTOR('',#5833,10.);
#1668=VECTOR('',#5834,10.);
#1669=VECTOR('',#5839,2.5);
#1670=VECTOR('',#5844,2.69999999999999);
#1671=VECTOR('',#5849,2.5);
#1672=VECTOR('',#5854,2.7);
#1673=VECTOR('',#5859,2.5);
#1674=VECTOR('',#5864,2.7);
#1675=VECTOR('',#5869,2.5);
#1676=VECTOR('',#5876,2.7);
#1677=VECTOR('',#5881,10.);
#1678=VECTOR('',#5882,10.);
#1679=VECTOR('',#5883,10.);
#1680=VECTOR('',#5884,10.);
#1681=VECTOR('',#5889,10.);
#1682=VECTOR('',#5890,10.);
#1683=VECTOR('',#5891,10.);
#1684=VECTOR('',#5892,10.);
#1685=VECTOR('',#5893,10.);
#1686=VECTOR('',#5894,10.);
#1687=VECTOR('',#5895,10.);
#1688=VECTOR('',#5896,10.);
#1689=VECTOR('',#5897,10.);
#1690=VECTOR('',#5898,10.);
#1691=VECTOR('',#5899,10.);
#1692=VECTOR('',#5900,10.);
#1693=VECTOR('',#5901,10.);
#1694=VECTOR('',#5902,10.);
#1695=VECTOR('',#5903,10.);
#1696=VECTOR('',#5904,10.);
#1697=VECTOR('',#5905,10.);
#1698=VECTOR('',#5906,10.);
#1699=VECTOR('',#5907,10.);
#1700=VECTOR('',#5908,10.);
#1701=VECTOR('',#5909,10.);
#1702=VECTOR('',#5910,10.);
#1703=VECTOR('',#5911,10.);
#1704=VECTOR('',#5912,10.);
#1705=VECTOR('',#5913,10.);
#1706=VECTOR('',#5914,10.);
#1707=VECTOR('',#5915,10.);
#1708=VECTOR('',#5916,10.);
#1709=VECTOR('',#5917,10.);
#1710=VECTOR('',#5918,10.);
#1711=VECTOR('',#5919,10.);
#1712=VECTOR('',#5920,10.);
#1713=VECTOR('',#5921,10.);
#1714=VECTOR('',#5922,10.);
#1715=VECTOR('',#5923,10.);
#1716=VECTOR('',#5924,10.);
#1717=VECTOR('',#5925,10.);
#1718=VECTOR('',#5926,10.);
#1719=VECTOR('',#5927,10.);
#1720=VECTOR('',#5928,10.);
#1721=VECTOR('',#5929,10.);
#1722=VECTOR('',#5930,10.);
#1723=VECTOR('',#5931,10.);
#1724=VECTOR('',#5932,10.);
#1725=VECTOR('',#5933,10.);
#1726=VECTOR('',#5934,10.);
#1727=VECTOR('',#5935,10.);
#1728=VECTOR('',#5936,10.);
#1729=VECTOR('',#5937,10.);
#1730=VECTOR('',#5938,10.);
#1731=VECTOR('',#5939,10.);
#1732=VECTOR('',#5940,10.);
#1733=VECTOR('',#5941,10.);
#1734=VECTOR('',#5942,10.);
#1735=VECTOR('',#5943,10.);
#1736=VECTOR('',#5944,10.);
#1737=VECTOR('',#5945,10.);
#1738=VECTOR('',#5946,10.);
#1739=VECTOR('',#5947,10.);
#1740=VECTOR('',#5948,10.);
#1741=VECTOR('',#5949,10.);
#1742=VECTOR('',#5950,10.);
#1743=VECTOR('',#5951,10.);
#1744=VECTOR('',#5952,10.);
#1745=VECTOR('',#5953,10.);
#1746=VECTOR('',#5954,10.);
#1747=VECTOR('',#5955,10.);
#1748=VECTOR('',#5956,10.);
#1749=VECTOR('',#5957,10.);
#1750=VECTOR('',#5958,10.);
#1751=VECTOR('',#5959,10.);
#1752=VECTOR('',#5960,10.);
#1753=VECTOR('',#5961,10.);
#1754=VECTOR('',#5962,10.);
#1755=VECTOR('',#5963,10.);
#1756=VECTOR('',#5964,10.);
#1757=VECTOR('',#5965,10.);
#1758=VECTOR('',#5966,10.);
#1759=VECTOR('',#5967,10.);
#1760=VECTOR('',#5968,10.);
#1761=VECTOR('',#5969,10.);
#1762=VECTOR('',#5970,10.);
#1763=VECTOR('',#5971,10.);
#1764=VECTOR('',#5972,10.);
#1765=VECTOR('',#5973,10.);
#1766=VECTOR('',#5974,10.);
#1767=VECTOR('',#5975,10.);
#1768=VECTOR('',#5976,10.);
#1769=VECTOR('',#5977,10.);
#1770=VECTOR('',#5978,10.);
#1771=VECTOR('',#5979,10.);
#1772=VECTOR('',#5980,10.);
#1773=VECTOR('',#5981,10.);
#1774=VECTOR('',#5982,10.);
#1775=VECTOR('',#5983,10.);
#1776=VECTOR('',#5984,10.);
#1777=VECTOR('',#5985,10.);
#1778=VECTOR('',#5986,10.);
#1779=VECTOR('',#5987,10.);
#1780=VECTOR('',#5988,10.);
#1781=VECTOR('',#5989,10.);
#1782=VECTOR('',#5990,10.);
#1783=VECTOR('',#5991,10.);
#1784=VECTOR('',#5992,10.);
#1785=VECTOR('',#5993,10.);
#1786=VECTOR('',#5994,10.);
#1787=VECTOR('',#5995,10.);
#1788=VECTOR('',#5996,10.);
#1789=VECTOR('',#5997,10.);
#1790=VECTOR('',#5998,10.);
#1791=VECTOR('',#5999,10.);
#1792=VECTOR('',#6000,10.);
#1793=VECTOR('',#6001,10.);
#1794=VECTOR('',#6002,10.);
#1795=VECTOR('',#6003,10.);
#1796=VECTOR('',#6004,10.);
#1797=VECTOR('',#6005,10.);
#1798=VECTOR('',#6006,10.);
#1799=VECTOR('',#6007,10.);
#1800=VECTOR('',#6008,10.);
#1801=VECTOR('',#6009,10.);
#1802=VECTOR('',#6010,10.);
#1803=VECTOR('',#6011,10.);
#1804=VECTOR('',#6012,10.);
#1805=VECTOR('',#6013,10.);
#1806=VECTOR('',#6014,10.);
#1807=VECTOR('',#6015,10.);
#1808=VECTOR('',#6016,10.);
#1809=VECTOR('',#6017,10.);
#1810=VECTOR('',#6018,10.);
#1811=VECTOR('',#6019,10.);
#1812=VECTOR('',#6020,10.);
#1813=VECTOR('',#6021,10.);
#1814=VECTOR('',#6022,10.);
#1815=VECTOR('',#6023,10.);
#1816=VECTOR('',#6024,10.);
#1817=VECTOR('',#6025,10.);
#1818=VECTOR('',#6030,2.5);
#1819=VECTOR('',#6035,2.7);
#1820=VECTOR('',#6040,2.5);
#1821=VECTOR('',#6045,2.7);
#1822=VECTOR('',#6050,2.5);
#1823=VECTOR('',#6055,2.7);
#1824=VECTOR('',#6060,2.5);
#1825=VECTOR('',#6067,2.7);
#1826=VECTOR('',#6072,10.);
#1827=VECTOR('',#6073,10.);
#1828=VECTOR('',#6084,2.5);
#1829=VECTOR('',#6089,2.7);
#1830=VECTOR('',#6094,2.5);
#1831=VECTOR('',#6099,2.7);
#1832=VECTOR('',#6104,2.5);
#1833=VECTOR('',#6109,2.7);
#1834=VECTOR('',#6114,2.5);
#1835=VECTOR('',#6121,2.7);
#1836=VECTOR('',#6126,10.);
#1837=VECTOR('',#6137,2.5);
#1838=VECTOR('',#6142,2.7);
#1839=VECTOR('',#6147,2.5);
#1840=VECTOR('',#6152,2.7);
#1841=VECTOR('',#6157,2.5);
#1842=VECTOR('',#6162,2.7);
#1843=VECTOR('',#6167,2.5);
#1844=VECTOR('',#6174,2.7);
#1845=VECTOR('',#6179,10.);
#1846=VECTOR('',#6190,2.5);
#1847=VECTOR('',#6195,2.7);
#1848=VECTOR('',#6200,2.5);
#1849=VECTOR('',#6205,2.7);
#1850=VECTOR('',#6210,2.5);
#1851=VECTOR('',#6215,2.7);
#1852=VECTOR('',#6220,2.5);
#1853=VECTOR('',#6227,2.7);
#1854=VECTOR('',#6242,2.5);
#1855=VECTOR('',#6247,2.7);
#1856=VECTOR('',#6252,2.5);
#1857=VECTOR('',#6257,2.7);
#1858=VECTOR('',#6262,2.5);
#1859=VECTOR('',#6267,2.7);
#1860=VECTOR('',#6272,2.5);
#1861=VECTOR('',#6277,10.);
#1862=VECTOR('',#6280,10.);
#1863=VECTOR('',#6283,10.);
#1864=VECTOR('',#6286,10.);
#1865=VECTOR('',#6289,10.);
#1866=VECTOR('',#6292,10.);
#1867=VECTOR('',#6295,10.);
#1868=VECTOR('',#6298,10.);
#1869=VECTOR('',#6301,10.);
#1870=VECTOR('',#6302,10.);
#1871=VECTOR('',#6305,10.);
#1872=VECTOR('',#6306,10.);
#1873=VECTOR('',#6309,10.);
#1874=VECTOR('',#6312,10.);
#1875=VECTOR('',#6315,10.);
#1876=VECTOR('',#6318,10.);
#1877=VECTOR('',#6321,10.);
#1878=VECTOR('',#6322,10.);
#1879=VECTOR('',#6325,10.);
#1880=VECTOR('',#6326,10.);
#1881=VECTOR('',#6329,10.);
#1882=VECTOR('',#6330,10.);
#1883=VECTOR('',#6333,10.);
#1884=VECTOR('',#6336,10.);
#1885=VECTOR('',#6339,10.);
#1886=VECTOR('',#6342,10.);
#1887=VECTOR('',#6345,10.);
#1888=VECTOR('',#6346,10.);
#1889=VECTOR('',#6349,10.);
#1890=VECTOR('',#6350,10.);
#1891=VECTOR('',#6353,10.);
#1892=VECTOR('',#6354,10.);
#1893=VECTOR('',#6357,10.);
#1894=VECTOR('',#6360,10.);
#1895=VECTOR('',#6361,10.);
#1896=VECTOR('',#6364,10.);
#1897=VECTOR('',#6365,10.);
#1898=VECTOR('',#6368,10.);
#1899=VECTOR('',#6369,10.);
#1900=VECTOR('',#6372,10.);
#1901=VECTOR('',#6373,10.);
#1902=VECTOR('',#6376,10.);
#1903=VECTOR('',#6377,10.);
#1904=VECTOR('',#6380,10.);
#1905=VECTOR('',#6381,10.);
#1906=VECTOR('',#6384,10.);
#1907=VECTOR('',#6385,10.);
#1908=VECTOR('',#6388,10.);
#1909=VECTOR('',#6389,10.);
#1910=VECTOR('',#6392,10.);
#1911=VECTOR('',#6393,10.);
#1912=VECTOR('',#6398,10.);
#1913=VECTOR('',#6399,10.);
#1914=VECTOR('',#6402,10.);
#1915=VECTOR('',#6405,10.);
#1916=VECTOR('',#6406,10.);
#1917=VECTOR('',#6411,10.);
#1918=VECTOR('',#6412,10.);
#1919=VECTOR('',#6417,10.);
#1920=VECTOR('',#6418,10.);
#1921=VECTOR('',#6423,10.);
#1922=VECTOR('',#6424,10.);
#1923=VECTOR('',#6429,10.);
#1924=VECTOR('',#6430,10.);
#1925=VECTOR('',#6433,10.);
#1926=VECTOR('',#6434,10.);
#1927=VECTOR('',#6439,10.);
#1928=VECTOR('',#6440,10.);
#1929=VECTOR('',#6445,10.);
#1930=VECTOR('',#6446,10.);
#1931=VECTOR('',#6451,10.);
#1932=VECTOR('',#6452,10.);
#1933=VECTOR('',#6455,10.);
#1934=VECTOR('',#6456,10.);
#1935=VECTOR('',#6459,10.);
#1936=VECTOR('',#6460,10.);
#1937=VECTOR('',#6463,10.);
#1938=VECTOR('',#6464,10.);
#1939=VECTOR('',#6467,10.);
#1940=VECTOR('',#6468,10.);
#1941=VECTOR('',#6471,10.);
#1942=VECTOR('',#6472,10.);
#1943=VECTOR('',#6475,10.);
#1944=VECTOR('',#6478,10.);
#1945=VECTOR('',#6481,10.);
#1946=VECTOR('',#6484,10.);
#1947=VECTOR('',#6487,10.);
#1948=VECTOR('',#6490,10.);
#1949=VECTOR('',#6493,10.);
#1950=VECTOR('',#6496,10.);
#1951=VECTOR('',#6499,10.);
#1952=VECTOR('',#6502,10.);
#1953=VECTOR('',#6505,10.);
#1954=VECTOR('',#6508,10.);
#1955=VECTOR('',#6511,10.);
#1956=VECTOR('',#6512,10.);
#1957=VECTOR('',#6515,10.);
#1958=VECTOR('',#6516,10.);
#1959=VECTOR('',#6519,10.);
#1960=VECTOR('',#6520,10.);
#1961=VECTOR('',#6523,10.);
#1962=VECTOR('',#6524,10.);
#1963=VECTOR('',#6527,10.);
#1964=VECTOR('',#6528,10.);
#1965=VECTOR('',#6531,10.);
#1966=VECTOR('',#6532,10.);
#1967=VECTOR('',#6535,10.);
#1968=VECTOR('',#6538,10.);
#1969=VECTOR('',#6541,10.);
#1970=VECTOR('',#6544,10.);
#1971=VECTOR('',#6547,10.);
#1972=VECTOR('',#6550,10.);
#1973=VECTOR('',#6553,10.);
#1974=VECTOR('',#6556,10.);
#1975=VECTOR('',#6559,10.);
#1976=VECTOR('',#6562,10.);
#1977=VECTOR('',#6563,10.);
#1978=VECTOR('',#6566,10.);
#1979=VECTOR('',#6567,10.);
#1980=VECTOR('',#6570,10.);
#1981=VECTOR('',#6571,10.);
#1982=VECTOR('',#6574,10.);
#1983=VECTOR('',#6575,10.);
#1984=VECTOR('',#6578,10.);
#1985=VECTOR('',#6579,10.);
#1986=VECTOR('',#6582,10.);
#1987=VECTOR('',#6583,10.);
#1988=VECTOR('',#6586,10.);
#1989=VECTOR('',#6589,10.);
#1990=VECTOR('',#6592,10.);
#1991=VECTOR('',#6595,10.);
#1992=VECTOR('',#6598,10.);
#1993=VECTOR('',#6601,10.);
#1994=VECTOR('',#6604,10.);
#1995=VECTOR('',#6607,10.);
#1996=VECTOR('',#6610,10.);
#1997=VECTOR('',#6613,10.);
#1998=VECTOR('',#6616,10.);
#1999=VECTOR('',#6619,10.);
#2000=VECTOR('',#6622,10.);
#2001=VECTOR('',#6623,10.);
#2002=VECTOR('',#6626,10.);
#2003=VECTOR('',#6627,10.);
#2004=VECTOR('',#6630,10.);
#2005=VECTOR('',#6631,10.);
#2006=VECTOR('',#6634,10.);
#2007=VECTOR('',#6635,10.);
#2008=VECTOR('',#6638,10.);
#2009=VECTOR('',#6639,10.);
#2010=VECTOR('',#6642,10.);
#2011=VECTOR('',#6643,10.);
#2012=VECTOR('',#6646,10.);
#2013=VECTOR('',#6649,10.);
#2014=VECTOR('',#6652,10.);
#2015=VECTOR('',#6653,10.);
#2016=VECTOR('',#6656,10.);
#2017=VECTOR('',#6657,10.);
#2018=VECTOR('',#6660,10.);
#2019=VECTOR('',#6661,10.);
#2020=VECTOR('',#6664,10.);
#2021=VECTOR('',#6665,10.);
#2022=VECTOR('',#6668,10.);
#2023=VECTOR('',#6669,10.);
#2024=VECTOR('',#6672,10.);
#2025=VECTOR('',#6673,10.);
#2026=VECTOR('',#6676,10.);
#2027=VECTOR('',#6677,10.);
#2028=VECTOR('',#6680,10.);
#2029=VECTOR('',#6681,10.);
#2030=VECTOR('',#6694,10.);
#2031=VECTOR('',#6703,10.);
#2032=VECTOR('',#6708,10.);
#2033=VECTOR('',#6711,10.);
#2034=VECTOR('',#6714,10.);
#2035=VECTOR('',#6719,10.);
#2036=VECTOR('',#6722,10.);
#2037=VECTOR('',#6725,10.);
#2038=VECTOR('',#6734,10.);
#2039=VECTOR('',#6735,10.);
#2040=VECTOR('',#6738,10.);
#2041=VECTOR('',#6745,10.);
#2042=VECTOR('',#6752,10.);
#2043=VECTOR('',#6753,10.);
#2044=VECTOR('',#6756,10.);
#2045=VECTOR('',#6769,10.);
#2046=VECTOR('',#6780,10.);
#2047=VECTOR('',#6783,10.);
#2048=VECTOR('',#6792,10.);
#2049=VECTOR('',#6793,10.);
#2050=VECTOR('',#6800,10.);
#2051=VECTOR('',#6807,10.);
#2052=VECTOR('',#6808,10.);
#2053=VECTOR('',#6811,10.);
#2054=VECTOR('',#6826,10.);
#2055=VECTOR('',#6827,10.);
#2056=VECTOR('',#6838,10.);
#2057=VECTOR('',#6843,10.);
#2058=VECTOR('',#6850,10.);
#2059=VECTOR('',#6857,10.);
#2060=VECTOR('',#6860,10.);
#2061=VECTOR('',#6865,10.);
#2062=VECTOR('',#6874,10.);
#2063=VECTOR('',#6877,10.);
#2064=VECTOR('',#6886,10.);
#2065=VECTOR('',#6887,10.);
#2066=VECTOR('',#6888,10.);
#2067=VECTOR('',#6891,10.);
#2068=VECTOR('',#6892,10.);
#2069=VECTOR('',#6893,10.);
#2070=VECTOR('',#6894,10.);
#2071=VECTOR('',#6897,10.);
#2072=VECTOR('',#6898,10.);
#2073=VECTOR('',#6899,10.);
#2074=VECTOR('',#6900,10.);
#2075=VECTOR('',#6901,10.);
#2076=VECTOR('',#6902,10.);
#2077=VECTOR('',#6905,10.);
#2078=VECTOR('',#6906,10.);
#2079=VECTOR('',#6907,10.);
#2080=VECTOR('',#6910,10.);
#2081=VECTOR('',#6911,10.);
#2082=VECTOR('',#6914,10.);
#2083=VECTOR('',#6915,10.);
#2084=VECTOR('',#6916,10.);
#2085=VECTOR('',#6917,10.);
#2086=VECTOR('',#6918,10.);
#2087=VECTOR('',#6921,10.);
#2088=VECTOR('',#6922,10.);
#2089=VECTOR('',#6925,10.);
#2090=VECTOR('',#6926,10.);
#2091=VECTOR('',#6927,10.);
#2092=VECTOR('',#6930,10.);
#2093=VECTOR('',#6931,10.);
#2094=VECTOR('',#6934,10.);
#2095=VECTOR('',#6935,10.);
#2096=VECTOR('',#6938,10.);
#2097=VECTOR('',#6939,10.);
#2098=VECTOR('',#6942,10.);
#2099=VECTOR('',#6945,10.);
#2100=VECTOR('',#6946,10.);
#2101=VECTOR('',#6949,10.);
#2102=VECTOR('',#6950,10.);
#2103=VECTOR('',#6953,10.);
#2104=VECTOR('',#6954,10.);
#2105=VECTOR('',#6957,10.);
#2106=VECTOR('',#6958,10.);
#2107=VECTOR('',#6961,10.);
#2108=VECTOR('',#6962,10.);
#2109=VECTOR('',#6971,10.);
#2110=VECTOR('',#6976,10.);
#2111=VECTOR('',#6977,10.);
#2112=VECTOR('',#6980,10.);
#2113=VECTOR('',#6983,10.);
#2114=VECTOR('',#6988,10.);
#2115=VECTOR('',#6999,10.);
#2116=VECTOR('',#7018,10.);
#2117=CIRCLE('',#5233,2.9);
#2118=CIRCLE('',#5234,2.5);
#2119=CIRCLE('',#5235,2.5);
#2120=CIRCLE('',#5237,2.89999999999999);
#2121=CIRCLE('',#5238,10.);
#2122=CIRCLE('',#5240,2.5);
#2123=CIRCLE('',#5242,2.5);
#2124=CIRCLE('',#5244,2.5);
#2125=CIRCLE('',#5246,2.9);
#2126=CIRCLE('',#5247,2.5);
#2127=CIRCLE('',#5249,2.89999999999999);
#2128=CIRCLE('',#5250,2.9);
#2129=CIRCLE('',#5251,2.9);
#2130=CIRCLE('',#5253,2.5);
#2131=CIRCLE('',#5255,2.5);
#2132=CIRCLE('',#5257,2.5);
#2133=CIRCLE('',#5259,2.5);
#2134=CIRCLE('',#5261,2.5);
#2135=CIRCLE('',#5263,2.5);
#2136=CIRCLE('',#5265,2.5);
#2137=CIRCLE('',#5267,2.9);
#2138=CIRCLE('',#5268,2.5);
#2139=CIRCLE('',#5270,2.89999999999999);
#2140=CIRCLE('',#5271,2.9);
#2141=CIRCLE('',#5272,2.9);
#2142=CIRCLE('',#5274,2.5);
#2143=CIRCLE('',#5276,2.5);
#2144=CIRCLE('',#5278,2.5);
#2145=CIRCLE('',#5280,2.5);
#2146=CIRCLE('',#5282,2.5);
#2147=CIRCLE('',#5284,2.5);
#2148=CIRCLE('',#5286,2.5);
#2149=CIRCLE('',#5288,2.9);
#2150=CIRCLE('',#5289,2.5);
#2151=CIRCLE('',#5291,2.9);
#2152=CIRCLE('',#5292,2.9);
#2153=CIRCLE('',#5293,10.);
#2154=CIRCLE('',#5294,2.9);
#2155=CIRCLE('',#5296,2.5);
#2156=CIRCLE('',#5298,2.5);
#2157=CIRCLE('',#5300,2.5);
#2158=CIRCLE('',#5302,2.5);
#2159=CIRCLE('',#5304,2.5);
#2160=CIRCLE('',#5306,2.5);
#2161=CIRCLE('',#5308,2.5);
#2162=CIRCLE('',#5310,2.9);
#2163=CIRCLE('',#5311,2.5);
#2164=CIRCLE('',#5313,2.9);
#2165=CIRCLE('',#5314,2.9);
#2166=CIRCLE('',#5315,10.);
#2167=CIRCLE('',#5316,2.9);
#2168=CIRCLE('',#5318,2.5);
#2169=CIRCLE('',#5320,2.5);
#2170=CIRCLE('',#5322,2.5);
#2171=CIRCLE('',#5324,2.5);
#2172=CIRCLE('',#5326,2.5);
#2173=CIRCLE('',#5328,2.5);
#2174=CIRCLE('',#5330,2.5);
#2175=CIRCLE('',#5332,2.9);
#2176=CIRCLE('',#5333,2.5);
#2177=CIRCLE('',#5335,2.9);
#2178=CIRCLE('',#5336,2.9);
#2179=CIRCLE('',#5337,10.);
#2180=CIRCLE('',#5338,2.9);
#2181=CIRCLE('',#5340,2.5);
#2182=CIRCLE('',#5342,2.5);
#2183=CIRCLE('',#5344,2.5);
#2184=CIRCLE('',#5346,2.5);
#2185=CIRCLE('',#5348,2.5);
#2186=CIRCLE('',#5350,2.5);
#2187=CIRCLE('',#5352,2.5);
#2188=CIRCLE('',#5354,2.9);
#2189=CIRCLE('',#5355,2.5);
#2190=CIRCLE('',#5357,2.9);
#2191=CIRCLE('',#5358,2.9);
#2192=CIRCLE('',#5359,10.);
#2193=CIRCLE('',#5360,2.9);
#2194=CIRCLE('',#5362,2.5);
#2195=CIRCLE('',#5364,2.5);
#2196=CIRCLE('',#5366,2.5);
#2197=CIRCLE('',#5368,2.5);
#2198=CIRCLE('',#5370,2.5);
#2199=CIRCLE('',#5372,2.5);
#2200=CIRCLE('',#5374,2.5);
#2201=CIRCLE('',#5376,10.);
#2202=CIRCLE('',#5378,10.);
#2203=CIRCLE('',#5380,10.);
#2204=CIRCLE('',#5382,10.);
#2205=CIRCLE('',#5386,10.);
#2206=CIRCLE('',#5388,10.);
#2207=CIRCLE('',#5393,10.);
#2208=CIRCLE('',#5395,10.);
#2209=CIRCLE('',#5399,10.);
#2210=CIRCLE('',#5409,10.);
#2211=CIRCLE('',#5411,10.);
#2212=CIRCLE('',#5413,10.);
#2213=CIRCLE('',#5415,10.);
#2214=CIRCLE('',#5417,10.);
#2215=CIRCLE('',#5419,10.);
#2216=CIRCLE('',#5422,10.);
#2217=CIRCLE('',#5424,10.);
#2218=CIRCLE('',#5426,10.);
#2219=CIRCLE('',#5495,10.);
#2220=CIRCLE('',#5496,10.);
#2221=CIRCLE('',#5497,10.);
#2222=CIRCLE('',#5498,10.);
#2223=CIRCLE('',#5499,10.);
#2224=CIRCLE('',#5500,10.);
#2225=CIRCLE('',#5501,10.);
#2226=CIRCLE('',#5502,10.);
#2227=CIRCLE('',#5503,10.);
#2228=CIRCLE('',#5504,10.);
#2229=CIRCLE('',#5517,10.);
#2230=CIRCLE('',#5519,10.);
#2231=CIRCLE('',#5524,10.);
#2232=CIRCLE('',#5526,10.);
#2233=CIRCLE('',#5541,10.);
#2234=CIRCLE('',#5543,10.);
#2235=CIRCLE('',#5547,10.);
#2236=CIRCLE('',#5548,10.);
#2237=CIRCLE('',#5550,10.);
#2238=CIRCLE('',#5555,10.);
#2239=CIRCLE('',#5619,10.);
#2240=VERTEX_POINT('',#7053);
#2241=VERTEX_POINT('',#7055);
#2242=VERTEX_POINT('',#7057);
#2243=VERTEX_POINT('',#7061);
#2244=VERTEX_POINT('',#7062);
#2245=VERTEX_POINT('',#7064);
#2246=VERTEX_POINT('',#7066);
#2247=VERTEX_POINT('',#7068);
#2248=VERTEX_POINT('',#7070);
#2249=VERTEX_POINT('',#7072);
#2250=VERTEX_POINT('',#7074);
#2251=VERTEX_POINT('',#7076);
#2252=VERTEX_POINT('',#7078);
#2253=VERTEX_POINT('',#7080);
#2254=VERTEX_POINT('',#7082);
#2255=VERTEX_POINT('',#7085);
#2256=VERTEX_POINT('',#7087);
#2257=VERTEX_POINT('',#7089);
#2258=VERTEX_POINT('',#7090);
#2259=VERTEX_POINT('',#7092);
#2260=VERTEX_POINT('',#7094);
#2261=VERTEX_POINT('',#7097);
#2262=VERTEX_POINT('',#7098);
#2263=VERTEX_POINT('',#7100);
#2264=VERTEX_POINT('',#7102);
#2265=VERTEX_POINT('',#7106);
#2266=VERTEX_POINT('',#7110);
#2267=VERTEX_POINT('',#7114);
#2268=VERTEX_POINT('',#7118);
#2269=VERTEX_POINT('',#7120);
#2270=VERTEX_POINT('',#7124);
#2271=VERTEX_POINT('',#7125);
#2272=VERTEX_POINT('',#7127);
#2273=VERTEX_POINT('',#7129);
#2274=VERTEX_POINT('',#7132);
#2275=VERTEX_POINT('',#7134);
#2276=VERTEX_POINT('',#7136);
#2277=VERTEX_POINT('',#7137);
#2278=VERTEX_POINT('',#7139);
#2279=VERTEX_POINT('',#7141);
#2280=VERTEX_POINT('',#7143);
#2281=VERTEX_POINT('',#7145);
#2282=VERTEX_POINT('',#7147);
#2283=VERTEX_POINT('',#7149);
#2284=VERTEX_POINT('',#7151);
#2285=VERTEX_POINT('',#7153);
#2286=VERTEX_POINT('',#7155);
#2287=VERTEX_POINT('',#7157);
#2288=VERTEX_POINT('',#7159);
#2289=VERTEX_POINT('',#7161);
#2290=VERTEX_POINT('',#7163);
#2291=VERTEX_POINT('',#7165);
#2292=VERTEX_POINT('',#7167);
#2293=VERTEX_POINT('',#7169);
#2294=VERTEX_POINT('',#7171);
#2295=VERTEX_POINT('',#7173);
#2296=VERTEX_POINT('',#7175);
#2297=VERTEX_POINT('',#7177);
#2298=VERTEX_POINT('',#7179);
#2299=VERTEX_POINT('',#7181);
#2300=VERTEX_POINT('',#7183);
#2301=VERTEX_POINT('',#7185);
#2302=VERTEX_POINT('',#7187);
#2303=VERTEX_POINT('',#7189);
#2304=VERTEX_POINT('',#7191);
#2305=VERTEX_POINT('',#7193);
#2306=VERTEX_POINT('',#7195);
#2307=VERTEX_POINT('',#7197);
#2308=VERTEX_POINT('',#7199);
#2309=VERTEX_POINT('',#7201);
#2310=VERTEX_POINT('',#7203);
#2311=VERTEX_POINT('',#7205);
#2312=VERTEX_POINT('',#7207);
#2313=VERTEX_POINT('',#7209);
#2314=VERTEX_POINT('',#7211);
#2315=VERTEX_POINT('',#7213);
#2316=VERTEX_POINT('',#7215);
#2317=VERTEX_POINT('',#7217);
#2318=VERTEX_POINT('',#7219);
#2319=VERTEX_POINT('',#7221);
#2320=VERTEX_POINT('',#7223);
#2321=VERTEX_POINT('',#7225);
#2322=VERTEX_POINT('',#7227);
#2323=VERTEX_POINT('',#7229);
#2324=VERTEX_POINT('',#7231);
#2325=VERTEX_POINT('',#7233);
#2326=VERTEX_POINT('',#7235);
#2327=VERTEX_POINT('',#7237);
#2328=VERTEX_POINT('',#7239);
#2329=VERTEX_POINT('',#7241);
#2330=VERTEX_POINT('',#7243);
#2331=VERTEX_POINT('',#7245);
#2332=VERTEX_POINT('',#7247);
#2333=VERTEX_POINT('',#7249);
#2334=VERTEX_POINT('',#7251);
#2335=VERTEX_POINT('',#7253);
#2336=VERTEX_POINT('',#7255);
#2337=VERTEX_POINT('',#7257);
#2338=VERTEX_POINT('',#7259);
#2339=VERTEX_POINT('',#7261);
#2340=VERTEX_POINT('',#7263);
#2341=VERTEX_POINT('',#7265);
#2342=VERTEX_POINT('',#7267);
#2343=VERTEX_POINT('',#7269);
#2344=VERTEX_POINT('',#7271);
#2345=VERTEX_POINT('',#7274);
#2346=VERTEX_POINT('',#7276);
#2347=VERTEX_POINT('',#7278);
#2348=VERTEX_POINT('',#7280);
#2349=VERTEX_POINT('',#7282);
#2350=VERTEX_POINT('',#7284);
#2351=VERTEX_POINT('',#7286);
#2352=VERTEX_POINT('',#7288);
#2353=VERTEX_POINT('',#7290);
#2354=VERTEX_POINT('',#7292);
#2355=VERTEX_POINT('',#7294);
#2356=VERTEX_POINT('',#7296);
#2357=VERTEX_POINT('',#7298);
#2358=VERTEX_POINT('',#7300);
#2359=VERTEX_POINT('',#7302);
#2360=VERTEX_POINT('',#7304);
#2361=VERTEX_POINT('',#7306);
#2362=VERTEX_POINT('',#7308);
#2363=VERTEX_POINT('',#7310);
#2364=VERTEX_POINT('',#7312);
#2365=VERTEX_POINT('',#7314);
#2366=VERTEX_POINT('',#7316);
#2367=VERTEX_POINT('',#7318);
#2368=VERTEX_POINT('',#7320);
#2369=VERTEX_POINT('',#7322);
#2370=VERTEX_POINT('',#7324);
#2371=VERTEX_POINT('',#7326);
#2372=VERTEX_POINT('',#7328);
#2373=VERTEX_POINT('',#7330);
#2374=VERTEX_POINT('',#7332);
#2375=VERTEX_POINT('',#7334);
#2376=VERTEX_POINT('',#7336);
#2377=VERTEX_POINT('',#7338);
#2378=VERTEX_POINT('',#7340);
#2379=VERTEX_POINT('',#7342);
#2380=VERTEX_POINT('',#7344);
#2381=VERTEX_POINT('',#7346);
#2382=VERTEX_POINT('',#7348);
#2383=VERTEX_POINT('',#7350);
#2384=VERTEX_POINT('',#7352);
#2385=VERTEX_POINT('',#7354);
#2386=VERTEX_POINT('',#7356);
#2387=VERTEX_POINT('',#7358);
#2388=VERTEX_POINT('',#7360);
#2389=VERTEX_POINT('',#7362);
#2390=VERTEX_POINT('',#7364);
#2391=VERTEX_POINT('',#7366);
#2392=VERTEX_POINT('',#7368);
#2393=VERTEX_POINT('',#7370);
#2394=VERTEX_POINT('',#7372);
#2395=VERTEX_POINT('',#7374);
#2396=VERTEX_POINT('',#7376);
#2397=VERTEX_POINT('',#7378);
#2398=VERTEX_POINT('',#7380);
#2399=VERTEX_POINT('',#7382);
#2400=VERTEX_POINT('',#7384);
#2401=VERTEX_POINT('',#7386);
#2402=VERTEX_POINT('',#7388);
#2403=VERTEX_POINT('',#7390);
#2404=VERTEX_POINT('',#7392);
#2405=VERTEX_POINT('',#7394);
#2406=VERTEX_POINT('',#7397);
#2407=VERTEX_POINT('',#7400);
#2408=VERTEX_POINT('',#7404);
#2409=VERTEX_POINT('',#7408);
#2410=VERTEX_POINT('',#7412);
#2411=VERTEX_POINT('',#7416);
#2412=VERTEX_POINT('',#7420);
#2413=VERTEX_POINT('',#7424);
#2414=VERTEX_POINT('',#7428);
#2415=VERTEX_POINT('',#7430);
#2416=VERTEX_POINT('',#7434);
#2417=VERTEX_POINT('',#7435);
#2418=VERTEX_POINT('',#7437);
#2419=VERTEX_POINT('',#7439);
#2420=VERTEX_POINT('',#7442);
#2421=VERTEX_POINT('',#7444);
#2422=VERTEX_POINT('',#7446);
#2423=VERTEX_POINT('',#7447);
#2424=VERTEX_POINT('',#7449);
#2425=VERTEX_POINT('',#7451);
#2426=VERTEX_POINT('',#7453);
#2427=VERTEX_POINT('',#7455);
#2428=VERTEX_POINT('',#7457);
#2429=VERTEX_POINT('',#7459);
#2430=VERTEX_POINT('',#7461);
#2431=VERTEX_POINT('',#7463);
#2432=VERTEX_POINT('',#7465);
#2433=VERTEX_POINT('',#7467);
#2434=VERTEX_POINT('',#7469);
#2435=VERTEX_POINT('',#7471);
#2436=VERTEX_POINT('',#7473);
#2437=VERTEX_POINT('',#7475);
#2438=VERTEX_POINT('',#7477);
#2439=VERTEX_POINT('',#7479);
#2440=VERTEX_POINT('',#7481);
#2441=VERTEX_POINT('',#7483);
#2442=VERTEX_POINT('',#7485);
#2443=VERTEX_POINT('',#7487);
#2444=VERTEX_POINT('',#7489);
#2445=VERTEX_POINT('',#7491);
#2446=VERTEX_POINT('',#7493);
#2447=VERTEX_POINT('',#7495);
#2448=VERTEX_POINT('',#7497);
#2449=VERTEX_POINT('',#7499);
#2450=VERTEX_POINT('',#7501);
#2451=VERTEX_POINT('',#7503);
#2452=VERTEX_POINT('',#7505);
#2453=VERTEX_POINT('',#7507);
#2454=VERTEX_POINT('',#7509);
#2455=VERTEX_POINT('',#7511);
#2456=VERTEX_POINT('',#7513);
#2457=VERTEX_POINT('',#7515);
#2458=VERTEX_POINT('',#7517);
#2459=VERTEX_POINT('',#7519);
#2460=VERTEX_POINT('',#7521);
#2461=VERTEX_POINT('',#7523);
#2462=VERTEX_POINT('',#7525);
#2463=VERTEX_POINT('',#7527);
#2464=VERTEX_POINT('',#7529);
#2465=VERTEX_POINT('',#7531);
#2466=VERTEX_POINT('',#7533);
#2467=VERTEX_POINT('',#7535);
#2468=VERTEX_POINT('',#7537);
#2469=VERTEX_POINT('',#7539);
#2470=VERTEX_POINT('',#7541);
#2471=VERTEX_POINT('',#7543);
#2472=VERTEX_POINT('',#7545);
#2473=VERTEX_POINT('',#7547);
#2474=VERTEX_POINT('',#7549);
#2475=VERTEX_POINT('',#7551);
#2476=VERTEX_POINT('',#7553);
#2477=VERTEX_POINT('',#7555);
#2478=VERTEX_POINT('',#7557);
#2479=VERTEX_POINT('',#7559);
#2480=VERTEX_POINT('',#7561);
#2481=VERTEX_POINT('',#7563);
#2482=VERTEX_POINT('',#7565);
#2483=VERTEX_POINT('',#7567);
#2484=VERTEX_POINT('',#7569);
#2485=VERTEX_POINT('',#7571);
#2486=VERTEX_POINT('',#7573);
#2487=VERTEX_POINT('',#7575);
#2488=VERTEX_POINT('',#7577);
#2489=VERTEX_POINT('',#7579);
#2490=VERTEX_POINT('',#7581);
#2491=VERTEX_POINT('',#7584);
#2492=VERTEX_POINT('',#7586);
#2493=VERTEX_POINT('',#7589);
#2494=VERTEX_POINT('',#7591);
#2495=VERTEX_POINT('',#7594);
#2496=VERTEX_POINT('',#7596);
#2497=VERTEX_POINT('',#7598);
#2498=VERTEX_POINT('',#7600);
#2499=VERTEX_POINT('',#7602);
#2500=VERTEX_POINT('',#7604);
#2501=VERTEX_POINT('',#7606);
#2502=VERTEX_POINT('',#7608);
#2503=VERTEX_POINT('',#7610);
#2504=VERTEX_POINT('',#7612);
#2505=VERTEX_POINT('',#7614);
#2506=VERTEX_POINT('',#7616);
#2507=VERTEX_POINT('',#7618);
#2508=VERTEX_POINT('',#7620);
#2509=VERTEX_POINT('',#7622);
#2510=VERTEX_POINT('',#7624);
#2511=VERTEX_POINT('',#7626);
#2512=VERTEX_POINT('',#7628);
#2513=VERTEX_POINT('',#7630);
#2514=VERTEX_POINT('',#7632);
#2515=VERTEX_POINT('',#7634);
#2516=VERTEX_POINT('',#7636);
#2517=VERTEX_POINT('',#7638);
#2518=VERTEX_POINT('',#7640);
#2519=VERTEX_POINT('',#7642);
#2520=VERTEX_POINT('',#7644);
#2521=VERTEX_POINT('',#7646);
#2522=VERTEX_POINT('',#7648);
#2523=VERTEX_POINT('',#7650);
#2524=VERTEX_POINT('',#7652);
#2525=VERTEX_POINT('',#7654);
#2526=VERTEX_POINT('',#7656);
#2527=VERTEX_POINT('',#7658);
#2528=VERTEX_POINT('',#7660);
#2529=VERTEX_POINT('',#7662);
#2530=VERTEX_POINT('',#7664);
#2531=VERTEX_POINT('',#7666);
#2532=VERTEX_POINT('',#7668);
#2533=VERTEX_POINT('',#7670);
#2534=VERTEX_POINT('',#7672);
#2535=VERTEX_POINT('',#7674);
#2536=VERTEX_POINT('',#7676);
#2537=VERTEX_POINT('',#7678);
#2538=VERTEX_POINT('',#7680);
#2539=VERTEX_POINT('',#7682);
#2540=VERTEX_POINT('',#7684);
#2541=VERTEX_POINT('',#7686);
#2542=VERTEX_POINT('',#7688);
#2543=VERTEX_POINT('',#7690);
#2544=VERTEX_POINT('',#7692);
#2545=VERTEX_POINT('',#7694);
#2546=VERTEX_POINT('',#7696);
#2547=VERTEX_POINT('',#7698);
#2548=VERTEX_POINT('',#7700);
#2549=VERTEX_POINT('',#7702);
#2550=VERTEX_POINT('',#7704);
#2551=VERTEX_POINT('',#7706);
#2552=VERTEX_POINT('',#7708);
#2553=VERTEX_POINT('',#7710);
#2554=VERTEX_POINT('',#7712);
#2555=VERTEX_POINT('',#7714);
#2556=VERTEX_POINT('',#7717);
#2557=VERTEX_POINT('',#7720);
#2558=VERTEX_POINT('',#7724);
#2559=VERTEX_POINT('',#7728);
#2560=VERTEX_POINT('',#7732);
#2561=VERTEX_POINT('',#7736);
#2562=VERTEX_POINT('',#7740);
#2563=VERTEX_POINT('',#7744);
#2564=VERTEX_POINT('',#7748);
#2565=VERTEX_POINT('',#7750);
#2566=VERTEX_POINT('',#7756);
#2567=VERTEX_POINT('',#7758);
#2568=VERTEX_POINT('',#7760);
#2569=VERTEX_POINT('',#7762);
#2570=VERTEX_POINT('',#7765);
#2571=VERTEX_POINT('',#7769);
#2572=VERTEX_POINT('',#7773);
#2573=VERTEX_POINT('',#7777);
#2574=VERTEX_POINT('',#7781);
#2575=VERTEX_POINT('',#7785);
#2576=VERTEX_POINT('',#7789);
#2577=VERTEX_POINT('',#7793);
#2578=VERTEX_POINT('',#7795);
#2579=VERTEX_POINT('',#7800);
#2580=VERTEX_POINT('',#7802);
#2581=VERTEX_POINT('',#7804);
#2582=VERTEX_POINT('',#7806);
#2583=VERTEX_POINT('',#7809);
#2584=VERTEX_POINT('',#7813);
#2585=VERTEX_POINT('',#7817);
#2586=VERTEX_POINT('',#7821);
#2587=VERTEX_POINT('',#7825);
#2588=VERTEX_POINT('',#7829);
#2589=VERTEX_POINT('',#7833);
#2590=VERTEX_POINT('',#7837);
#2591=VERTEX_POINT('',#7839);
#2592=VERTEX_POINT('',#7844);
#2593=VERTEX_POINT('',#7846);
#2594=VERTEX_POINT('',#7848);
#2595=VERTEX_POINT('',#7850);
#2596=VERTEX_POINT('',#7853);
#2597=VERTEX_POINT('',#7857);
#2598=VERTEX_POINT('',#7861);
#2599=VERTEX_POINT('',#7865);
#2600=VERTEX_POINT('',#7869);
#2601=VERTEX_POINT('',#7873);
#2602=VERTEX_POINT('',#7877);
#2603=VERTEX_POINT('',#7881);
#2604=VERTEX_POINT('',#7883);
#2605=VERTEX_POINT('',#7887);
#2606=VERTEX_POINT('',#7889);
#2607=VERTEX_POINT('',#7891);
#2608=VERTEX_POINT('',#7893);
#2609=VERTEX_POINT('',#7896);
#2610=VERTEX_POINT('',#7900);
#2611=VERTEX_POINT('',#7904);
#2612=VERTEX_POINT('',#7908);
#2613=VERTEX_POINT('',#7912);
#2614=VERTEX_POINT('',#7916);
#2615=VERTEX_POINT('',#7920);
#2616=VERTEX_POINT('',#7924);
#2617=VERTEX_POINT('',#7926);
#2618=VERTEX_POINT('',#7930);
#2619=VERTEX_POINT('',#7932);
#2620=VERTEX_POINT('',#7936);
#2621=VERTEX_POINT('',#7938);
#2622=VERTEX_POINT('',#7942);
#2623=VERTEX_POINT('',#7944);
#2624=VERTEX_POINT('',#7954);
#2625=VERTEX_POINT('',#7956);
#2626=VERTEX_POINT('',#7960);
#2627=VERTEX_POINT('',#7962);
#2628=VERTEX_POINT('',#7975);
#2629=VERTEX_POINT('',#7977);
#2630=VERTEX_POINT('',#7981);
#2631=VERTEX_POINT('',#7983);
#2632=VERTEX_POINT('',#7994);
#2633=VERTEX_POINT('',#7996);
#2634=VERTEX_POINT('',#8024);
#2635=VERTEX_POINT('',#8026);
#2636=VERTEX_POINT('',#8031);
#2637=VERTEX_POINT('',#8033);
#2638=VERTEX_POINT('',#8037);
#2639=VERTEX_POINT('',#8039);
#2640=VERTEX_POINT('',#8043);
#2641=VERTEX_POINT('',#8045);
#2642=VERTEX_POINT('',#8049);
#2643=VERTEX_POINT('',#8051);
#2644=VERTEX_POINT('',#8055);
#2645=VERTEX_POINT('',#8057);
#2646=VERTEX_POINT('',#8064);
#2647=VERTEX_POINT('',#8066);
#2648=VERTEX_POINT('',#8070);
#2649=VERTEX_POINT('',#8072);
#2650=VERTEX_POINT('',#8076);
#2651=VERTEX_POINT('',#8078);
#2652=VERTEX_POINT('',#8124);
#2653=VERTEX_POINT('',#8128);
#2654=VERTEX_POINT('',#8132);
#2655=VERTEX_POINT('',#8136);
#2656=VERTEX_POINT('',#8140);
#2657=VERTEX_POINT('',#8144);
#2658=VERTEX_POINT('',#8166);
#2659=VERTEX_POINT('',#8170);
#2660=VERTEX_POINT('',#8174);
#2661=VERTEX_POINT('',#8178);
#2662=VERTEX_POINT('',#8182);
#2663=VERTEX_POINT('',#8186);
#2664=VERTEX_POINT('',#8214);
#2665=VERTEX_POINT('',#8218);
#2666=VERTEX_POINT('',#8222);
#2667=VERTEX_POINT('',#8226);
#2668=VERTEX_POINT('',#8230);
#2669=VERTEX_POINT('',#8234);
#2670=VERTEX_POINT('',#8242);
#2671=VERTEX_POINT('',#8246);
#2672=VERTEX_POINT('',#8250);
#2673=VERTEX_POINT('',#8254);
#2674=VERTEX_POINT('',#8258);
#2675=VERTEX_POINT('',#8262);
#2676=VERTEX_POINT('',#8266);
#2677=VERTEX_POINT('',#8270);
#2678=VERTEX_POINT('',#8279);
#2679=VERTEX_POINT('',#8284);
#2680=VERTEX_POINT('',#8305);
#2681=VERTEX_POINT('',#8309);
#2682=VERTEX_POINT('',#8318);
#2683=VERTEX_POINT('',#8322);
#2684=VERTEX_POINT('',#8343);
#2685=VERTEX_POINT('',#8349);
#2686=VERTEX_POINT('',#8354);
#2687=VERTEX_POINT('',#8358);
#2688=VERTEX_POINT('',#8360);
#2689=VERTEX_POINT('',#8368);
#2690=VERTEX_POINT('',#8404);
#2691=VERTEX_POINT('',#8406);
#2692=VERTEX_POINT('',#8410);
#2693=VERTEX_POINT('',#8411);
#2694=VERTEX_POINT('',#8413);
#2695=VERTEX_POINT('',#8415);
#2696=VERTEX_POINT('',#8419);
#2697=VERTEX_POINT('',#8421);
#2698=VERTEX_POINT('',#8423);
#2699=VERTEX_POINT('',#8425);
#2700=VERTEX_POINT('',#8430);
#2701=VERTEX_POINT('',#8432);
#2702=VERTEX_POINT('',#8439);
#2703=VERTEX_POINT('',#8441);
#2704=VERTEX_POINT('',#8443);
#2705=VERTEX_POINT('',#8445);
#2706=VERTEX_POINT('',#8449);
#2707=VERTEX_POINT('',#8453);
#2708=VERTEX_POINT('',#8455);
#2709=VERTEX_POINT('',#8459);
#2710=VERTEX_POINT('',#8463);
#2711=VERTEX_POINT('',#8467);
#2712=VERTEX_POINT('',#8473);
#2713=VERTEX_POINT('',#8477);
#2714=VERTEX_POINT('',#8481);
#2715=VERTEX_POINT('',#8485);
#2716=VERTEX_POINT('',#8489);
#2717=VERTEX_POINT('',#8499);
#2718=VERTEX_POINT('',#8524);
#2719=EDGE_CURVE('',#2240,#2240,#2117,.T.);
#2720=EDGE_CURVE('',#2240,#2241,#901,.T.);
#2721=EDGE_CURVE('',#2241,#2242,#2118,.T.);
#2722=EDGE_CURVE('',#2242,#2241,#2119,.T.);
#2723=EDGE_CURVE('',#2243,#2244,#902,.T.);
#2724=EDGE_CURVE('',#2244,#2245,#903,.T.);
#2725=EDGE_CURVE('',#2245,#2246,#904,.T.);
#2726=EDGE_CURVE('',#2246,#2247,#905,.T.);
#2727=EDGE_CURVE('',#2247,#2248,#906,.T.);
#2728=EDGE_CURVE('',#2248,#2249,#907,.T.);
#2729=EDGE_CURVE('',#2249,#2250,#908,.T.);
#2730=EDGE_CURVE('',#2250,#2251,#909,.T.);
#2731=EDGE_CURVE('',#2251,#2252,#910,.T.);
#2732=EDGE_CURVE('',#2252,#2253,#911,.T.);
#2733=EDGE_CURVE('',#2253,#2254,#912,.T.);
#2734=EDGE_CURVE('',#2254,#2243,#913,.T.);
#2735=EDGE_CURVE('',#2255,#2255,#2120,.T.);
#2736=EDGE_CURVE('',#2256,#2256,#2121,.T.);
#2737=EDGE_CURVE('',#2257,#2258,#914,.T.);
#2738=EDGE_CURVE('',#2258,#2259,#915,.T.);
#2739=EDGE_CURVE('',#2259,#2260,#916,.T.);
#2740=EDGE_CURVE('',#2260,#2257,#917,.T.);
#2741=EDGE_CURVE('',#2261,#2262,#918,.T.);
#2742=EDGE_CURVE('',#2262,#2263,#919,.T.);
#2743=EDGE_CURVE('',#2263,#2264,#920,.T.);
#2744=EDGE_CURVE('',#2264,#2261,#921,.T.);
#2745=EDGE_CURVE('',#2242,#2265,#922,.T.);
#2746=EDGE_CURVE('',#2265,#2265,#2122,.T.);
#2747=EDGE_CURVE('',#2255,#2266,#923,.T.);
#2748=EDGE_CURVE('',#2266,#2266,#2123,.T.);
#2749=EDGE_CURVE('',#2266,#2267,#924,.T.);
#2750=EDGE_CURVE('',#2267,#2267,#2124,.T.);
#2751=EDGE_CURVE('',#2268,#2268,#2125,.T.);
#2752=EDGE_CURVE('',#2268,#2269,#925,.T.);
#2753=EDGE_CURVE('',#2269,#2269,#2126,.T.);
#2754=EDGE_CURVE('',#2270,#2271,#926,.T.);
#2755=EDGE_CURVE('',#2272,#2270,#927,.T.);
#2756=EDGE_CURVE('',#2273,#2272,#928,.T.);
#2757=EDGE_CURVE('',#2273,#2271,#929,.T.);
#2758=EDGE_CURVE('',#2274,#2274,#2127,.T.);
#2759=EDGE_CURVE('',#2275,#2275,#2128,.T.);
#2760=EDGE_CURVE('',#2276,#2277,#930,.T.);
#2761=EDGE_CURVE('',#2278,#2277,#931,.T.);
#2762=EDGE_CURVE('',#2278,#2279,#932,.T.);
#2763=EDGE_CURVE('',#2280,#2279,#933,.T.);
#2764=EDGE_CURVE('',#2281,#2280,#934,.T.);
#2765=EDGE_CURVE('',#2282,#2281,#935,.T.);
#2766=EDGE_CURVE('',#2282,#2283,#936,.T.);
#2767=EDGE_CURVE('',#2283,#2284,#937,.T.);
#2768=EDGE_CURVE('',#2285,#2284,#938,.T.);
#2769=EDGE_CURVE('',#2286,#2285,#939,.T.);
#2770=EDGE_CURVE('',#2286,#2287,#940,.T.);
#2771=EDGE_CURVE('',#2287,#2288,#941,.T.);
#2772=EDGE_CURVE('',#2289,#2288,#942,.T.);
#2773=EDGE_CURVE('',#2290,#2289,#943,.T.);
#2774=EDGE_CURVE('',#2290,#2291,#944,.T.);
#2775=EDGE_CURVE('',#2291,#2292,#945,.T.);
#2776=EDGE_CURVE('',#2293,#2292,#946,.T.);
#2777=EDGE_CURVE('',#2294,#2293,#947,.T.);
#2778=EDGE_CURVE('',#2294,#2295,#948,.T.);
#2779=EDGE_CURVE('',#2295,#2296,#949,.T.);
#2780=EDGE_CURVE('',#2297,#2296,#950,.T.);
#2781=EDGE_CURVE('',#2298,#2297,#951,.T.);
#2782=EDGE_CURVE('',#2298,#2299,#952,.T.);
#2783=EDGE_CURVE('',#2299,#2300,#953,.T.);
#2784=EDGE_CURVE('',#2301,#2300,#954,.T.);
#2785=EDGE_CURVE('',#2302,#2301,#955,.T.);
#2786=EDGE_CURVE('',#2302,#2303,#956,.T.);
#2787=EDGE_CURVE('',#2303,#2304,#957,.T.);
#2788=EDGE_CURVE('',#2305,#2304,#958,.T.);
#2789=EDGE_CURVE('',#2306,#2305,#959,.T.);
#2790=EDGE_CURVE('',#2306,#2307,#960,.T.);
#2791=EDGE_CURVE('',#2307,#2308,#961,.T.);
#2792=EDGE_CURVE('',#2309,#2308,#962,.T.);
#2793=EDGE_CURVE('',#2310,#2309,#963,.T.);
#2794=EDGE_CURVE('',#2310,#2311,#964,.T.);
#2795=EDGE_CURVE('',#2311,#2312,#965,.T.);
#2796=EDGE_CURVE('',#2313,#2312,#966,.T.);
#2797=EDGE_CURVE('',#2314,#2313,#967,.T.);
#2798=EDGE_CURVE('',#2314,#2315,#968,.T.);
#2799=EDGE_CURVE('',#2315,#2316,#969,.T.);
#2800=EDGE_CURVE('',#2317,#2316,#970,.T.);
#2801=EDGE_CURVE('',#2318,#2317,#971,.T.);
#2802=EDGE_CURVE('',#2318,#2319,#972,.T.);
#2803=EDGE_CURVE('',#2319,#2320,#973,.T.);
#2804=EDGE_CURVE('',#2321,#2320,#974,.T.);
#2805=EDGE_CURVE('',#2322,#2321,#975,.T.);
#2806=EDGE_CURVE('',#2322,#2323,#976,.T.);
#2807=EDGE_CURVE('',#2323,#2324,#977,.T.);
#2808=EDGE_CURVE('',#2325,#2324,#978,.T.);
#2809=EDGE_CURVE('',#2326,#2325,#979,.T.);
#2810=EDGE_CURVE('',#2326,#2327,#980,.T.);
#2811=EDGE_CURVE('',#2327,#2328,#981,.T.);
#2812=EDGE_CURVE('',#2329,#2328,#982,.T.);
#2813=EDGE_CURVE('',#2330,#2329,#983,.T.);
#2814=EDGE_CURVE('',#2330,#2331,#984,.T.);
#2815=EDGE_CURVE('',#2331,#2332,#985,.T.);
#2816=EDGE_CURVE('',#2333,#2332,#986,.T.);
#2817=EDGE_CURVE('',#2334,#2333,#987,.T.);
#2818=EDGE_CURVE('',#2334,#2335,#988,.T.);
#2819=EDGE_CURVE('',#2335,#2336,#989,.T.);
#2820=EDGE_CURVE('',#2337,#2336,#990,.T.);
#2821=EDGE_CURVE('',#2338,#2337,#991,.T.);
#2822=EDGE_CURVE('',#2338,#2339,#992,.T.);
#2823=EDGE_CURVE('',#2339,#2340,#993,.T.);
#2824=EDGE_CURVE('',#2341,#2340,#994,.T.);
#2825=EDGE_CURVE('',#2342,#2341,#995,.T.);
#2826=EDGE_CURVE('',#2342,#2343,#996,.T.);
#2827=EDGE_CURVE('',#2343,#2344,#997,.T.);
#2828=EDGE_CURVE('',#2250,#2344,#998,.T.);
#2829=EDGE_CURVE('',#2249,#2345,#999,.T.);
#2830=EDGE_CURVE('',#2345,#2346,#1000,.T.);
#2831=EDGE_CURVE('',#2346,#2347,#1001,.T.);
#2832=EDGE_CURVE('',#2348,#2347,#1002,.T.);
#2833=EDGE_CURVE('',#2348,#2349,#1003,.T.);
#2834=EDGE_CURVE('',#2349,#2350,#1004,.T.);
#2835=EDGE_CURVE('',#2350,#2351,#1005,.T.);
#2836=EDGE_CURVE('',#2352,#2351,#1006,.T.);
#2837=EDGE_CURVE('',#2352,#2353,#1007,.T.);
#2838=EDGE_CURVE('',#2353,#2354,#1008,.T.);
#2839=EDGE_CURVE('',#2354,#2355,#1009,.T.);
#2840=EDGE_CURVE('',#2356,#2355,#1010,.T.);
#2841=EDGE_CURVE('',#2356,#2357,#1011,.T.);
#2842=EDGE_CURVE('',#2357,#2358,#1012,.T.);
#2843=EDGE_CURVE('',#2358,#2359,#1013,.T.);
#2844=EDGE_CURVE('',#2360,#2359,#1014,.T.);
#2845=EDGE_CURVE('',#2360,#2361,#1015,.T.);
#2846=EDGE_CURVE('',#2361,#2362,#1016,.T.);
#2847=EDGE_CURVE('',#2362,#2363,#1017,.T.);
#2848=EDGE_CURVE('',#2364,#2363,#1018,.T.);
#2849=EDGE_CURVE('',#2364,#2365,#1019,.T.);
#2850=EDGE_CURVE('',#2365,#2366,#1020,.T.);
#2851=EDGE_CURVE('',#2366,#2367,#1021,.T.);
#2852=EDGE_CURVE('',#2368,#2367,#1022,.T.);
#2853=EDGE_CURVE('',#2368,#2369,#1023,.T.);
#2854=EDGE_CURVE('',#2369,#2370,#1024,.T.);
#2855=EDGE_CURVE('',#2370,#2371,#1025,.T.);
#2856=EDGE_CURVE('',#2372,#2371,#1026,.T.);
#2857=EDGE_CURVE('',#2372,#2373,#1027,.T.);
#2858=EDGE_CURVE('',#2373,#2374,#1028,.T.);
#2859=EDGE_CURVE('',#2374,#2375,#1029,.T.);
#2860=EDGE_CURVE('',#2376,#2375,#1030,.T.);
#2861=EDGE_CURVE('',#2376,#2377,#1031,.T.);
#2862=EDGE_CURVE('',#2377,#2378,#1032,.T.);
#2863=EDGE_CURVE('',#2378,#2379,#1033,.T.);
#2864=EDGE_CURVE('',#2380,#2379,#1034,.T.);
#2865=EDGE_CURVE('',#2380,#2381,#1035,.T.);
#2866=EDGE_CURVE('',#2381,#2382,#1036,.T.);
#2867=EDGE_CURVE('',#2382,#2383,#1037,.T.);
#2868=EDGE_CURVE('',#2384,#2383,#1038,.T.);
#2869=EDGE_CURVE('',#2384,#2385,#1039,.T.);
#2870=EDGE_CURVE('',#2385,#2386,#1040,.T.);
#2871=EDGE_CURVE('',#2386,#2387,#1041,.T.);
#2872=EDGE_CURVE('',#2388,#2387,#1042,.T.);
#2873=EDGE_CURVE('',#2388,#2389,#1043,.T.);
#2874=EDGE_CURVE('',#2389,#2390,#1044,.T.);
#2875=EDGE_CURVE('',#2390,#2391,#1045,.T.);
#2876=EDGE_CURVE('',#2392,#2391,#1046,.T.);
#2877=EDGE_CURVE('',#2392,#2393,#1047,.T.);
#2878=EDGE_CURVE('',#2393,#2394,#1048,.T.);
#2879=EDGE_CURVE('',#2394,#2395,#1049,.T.);
#2880=EDGE_CURVE('',#2396,#2395,#1050,.T.);
#2881=EDGE_CURVE('',#2396,#2397,#1051,.T.);
#2882=EDGE_CURVE('',#2397,#2398,#1052,.T.);
#2883=EDGE_CURVE('',#2398,#2399,#1053,.T.);
#2884=EDGE_CURVE('',#2400,#2399,#1054,.T.);
#2885=EDGE_CURVE('',#2400,#2401,#1055,.T.);
#2886=EDGE_CURVE('',#2401,#2402,#1056,.T.);
#2887=EDGE_CURVE('',#2402,#2403,#1057,.T.);
#2888=EDGE_CURVE('',#2404,#2403,#1058,.T.);
#2889=EDGE_CURVE('',#2404,#2405,#1059,.T.);
#2890=EDGE_CURVE('',#2405,#2276,#1060,.T.);
#2891=EDGE_CURVE('',#2406,#2406,#2129,.T.);
#2892=EDGE_CURVE('',#2269,#2407,#1061,.T.);
#2893=EDGE_CURVE('',#2407,#2407,#2130,.T.);
#2894=EDGE_CURVE('',#2274,#2408,#1062,.T.);
#2895=EDGE_CURVE('',#2408,#2408,#2131,.T.);
#2896=EDGE_CURVE('',#2408,#2409,#1063,.T.);
#2897=EDGE_CURVE('',#2409,#2409,#2132,.T.);
#2898=EDGE_CURVE('',#2406,#2410,#1064,.T.);
#2899=EDGE_CURVE('',#2410,#2410,#2133,.T.);
#2900=EDGE_CURVE('',#2410,#2411,#1065,.T.);
#2901=EDGE_CURVE('',#2411,#2411,#2134,.T.);
#2902=EDGE_CURVE('',#2275,#2412,#1066,.T.);
#2903=EDGE_CURVE('',#2412,#2412,#2135,.T.);
#2904=EDGE_CURVE('',#2412,#2413,#1067,.T.);
#2905=EDGE_CURVE('',#2413,#2413,#2136,.T.);
#2906=EDGE_CURVE('',#2414,#2414,#2137,.T.);
#2907=EDGE_CURVE('',#2414,#2415,#1068,.T.);
#2908=EDGE_CURVE('',#2415,#2415,#2138,.T.);
#2909=EDGE_CURVE('',#2416,#2417,#1069,.T.);
#2910=EDGE_CURVE('',#2418,#2416,#1070,.T.);
#2911=EDGE_CURVE('',#2419,#2418,#1071,.T.);
#2912=EDGE_CURVE('',#2419,#2417,#1072,.T.);
#2913=EDGE_CURVE('',#2420,#2420,#2139,.T.);
#2914=EDGE_CURVE('',#2421,#2421,#2140,.T.);
#2915=EDGE_CURVE('',#2422,#2423,#1073,.T.);
#2916=EDGE_CURVE('',#2423,#2424,#1074,.T.);
#2917=EDGE_CURVE('',#2424,#2425,#1075,.T.);
#2918=EDGE_CURVE('',#2425,#2426,#1076,.T.);
#2919=EDGE_CURVE('',#2427,#2426,#1077,.T.);
#2920=EDGE_CURVE('',#2427,#2428,#1078,.T.);
#2921=EDGE_CURVE('',#2428,#2429,#1079,.T.);
#2922=EDGE_CURVE('',#2430,#2429,#1080,.T.);
#2923=EDGE_CURVE('',#2431,#2430,#1081,.T.);
#2924=EDGE_CURVE('',#2431,#2432,#1082,.T.);
#2925=EDGE_CURVE('',#2432,#2433,#1083,.T.);
#2926=EDGE_CURVE('',#2434,#2433,#1084,.T.);
#2927=EDGE_CURVE('',#2435,#2434,#1085,.T.);
#2928=EDGE_CURVE('',#2435,#2436,#1086,.T.);
#2929=EDGE_CURVE('',#2436,#2437,#1087,.T.);
#2930=EDGE_CURVE('',#2438,#2437,#1088,.T.);
#2931=EDGE_CURVE('',#2439,#2438,#1089,.T.);
#2932=EDGE_CURVE('',#2439,#2440,#1090,.T.);
#2933=EDGE_CURVE('',#2440,#2441,#1091,.T.);
#2934=EDGE_CURVE('',#2442,#2441,#1092,.T.);
#2935=EDGE_CURVE('',#2443,#2442,#1093,.T.);
#2936=EDGE_CURVE('',#2443,#2444,#1094,.T.);
#2937=EDGE_CURVE('',#2444,#2445,#1095,.T.);
#2938=EDGE_CURVE('',#2446,#2445,#1096,.T.);
#2939=EDGE_CURVE('',#2447,#2446,#1097,.T.);
#2940=EDGE_CURVE('',#2447,#2448,#1098,.T.);
#2941=EDGE_CURVE('',#2448,#2449,#1099,.T.);
#2942=EDGE_CURVE('',#2450,#2449,#1100,.T.);
#2943=EDGE_CURVE('',#2451,#2450,#1101,.T.);
#2944=EDGE_CURVE('',#2451,#2452,#1102,.T.);
#2945=EDGE_CURVE('',#2452,#2453,#1103,.T.);
#2946=EDGE_CURVE('',#2454,#2453,#1104,.T.);
#2947=EDGE_CURVE('',#2455,#2454,#1105,.T.);
#2948=EDGE_CURVE('',#2455,#2456,#1106,.T.);
#2949=EDGE_CURVE('',#2456,#2457,#1107,.T.);
#2950=EDGE_CURVE('',#2458,#2457,#1108,.T.);
#2951=EDGE_CURVE('',#2459,#2458,#1109,.T.);
#2952=EDGE_CURVE('',#2459,#2460,#1110,.T.);
#2953=EDGE_CURVE('',#2460,#2461,#1111,.T.);
#2954=EDGE_CURVE('',#2462,#2461,#1112,.T.);
#2955=EDGE_CURVE('',#2463,#2462,#1113,.T.);
#2956=EDGE_CURVE('',#2463,#2464,#1114,.T.);
#2957=EDGE_CURVE('',#2464,#2465,#1115,.T.);
#2958=EDGE_CURVE('',#2466,#2465,#1116,.T.);
#2959=EDGE_CURVE('',#2467,#2466,#1117,.T.);
#2960=EDGE_CURVE('',#2467,#2468,#1118,.T.);
#2961=EDGE_CURVE('',#2468,#2469,#1119,.T.);
#2962=EDGE_CURVE('',#2470,#2469,#1120,.T.);
#2963=EDGE_CURVE('',#2471,#2470,#1121,.T.);
#2964=EDGE_CURVE('',#2471,#2472,#1122,.T.);
#2965=EDGE_CURVE('',#2472,#2473,#1123,.T.);
#2966=EDGE_CURVE('',#2474,#2473,#1124,.T.);
#2967=EDGE_CURVE('',#2475,#2474,#1125,.T.);
#2968=EDGE_CURVE('',#2475,#2476,#1126,.T.);
#2969=EDGE_CURVE('',#2476,#2477,#1127,.T.);
#2970=EDGE_CURVE('',#2478,#2477,#1128,.T.);
#2971=EDGE_CURVE('',#2479,#2478,#1129,.T.);
#2972=EDGE_CURVE('',#2479,#2480,#1130,.T.);
#2973=EDGE_CURVE('',#2480,#2481,#1131,.T.);
#2974=EDGE_CURVE('',#2482,#2481,#1132,.T.);
#2975=EDGE_CURVE('',#2483,#2482,#1133,.T.);
#2976=EDGE_CURVE('',#2483,#2484,#1134,.T.);
#2977=EDGE_CURVE('',#2484,#2485,#1135,.T.);
#2978=EDGE_CURVE('',#2486,#2485,#1136,.T.);
#2979=EDGE_CURVE('',#2487,#2486,#1137,.T.);
#2980=EDGE_CURVE('',#2487,#2488,#1138,.T.);
#2981=EDGE_CURVE('',#2488,#2489,#1139,.T.);
#2982=EDGE_CURVE('',#2490,#2489,#1140,.T.);
#2983=EDGE_CURVE('',#2248,#2490,#1141,.T.);
#2984=EDGE_CURVE('',#2247,#2491,#1142,.T.);
#2985=EDGE_CURVE('',#2492,#2491,#1143,.T.);
#2986=EDGE_CURVE('',#2492,#2244,#1144,.T.);
#2987=EDGE_CURVE('',#2243,#2493,#1145,.T.);
#2988=EDGE_CURVE('',#2493,#2494,#1146,.T.);
#2989=EDGE_CURVE('',#2252,#2494,#1147,.T.);
#2990=EDGE_CURVE('',#2251,#2495,#1148,.T.);
#2991=EDGE_CURVE('',#2496,#2495,#1149,.T.);
#2992=EDGE_CURVE('',#2496,#2497,#1150,.T.);
#2993=EDGE_CURVE('',#2497,#2498,#1151,.T.);
#2994=EDGE_CURVE('',#2498,#2499,#1152,.T.);
#2995=EDGE_CURVE('',#2500,#2499,#1153,.T.);
#2996=EDGE_CURVE('',#2500,#2501,#1154,.T.);
#2997=EDGE_CURVE('',#2501,#2502,#1155,.T.);
#2998=EDGE_CURVE('',#2502,#2503,#1156,.T.);
#2999=EDGE_CURVE('',#2504,#2503,#1157,.T.);
#3000=EDGE_CURVE('',#2504,#2505,#1158,.T.);
#3001=EDGE_CURVE('',#2505,#2506,#1159,.T.);
#3002=EDGE_CURVE('',#2506,#2507,#1160,.T.);
#3003=EDGE_CURVE('',#2508,#2507,#1161,.T.);
#3004=EDGE_CURVE('',#2508,#2509,#1162,.T.);
#3005=EDGE_CURVE('',#2509,#2510,#1163,.T.);
#3006=EDGE_CURVE('',#2510,#2511,#1164,.T.);
#3007=EDGE_CURVE('',#2512,#2511,#1165,.T.);
#3008=EDGE_CURVE('',#2512,#2513,#1166,.T.);
#3009=EDGE_CURVE('',#2513,#2514,#1167,.T.);
#3010=EDGE_CURVE('',#2514,#2515,#1168,.T.);
#3011=EDGE_CURVE('',#2516,#2515,#1169,.T.);
#3012=EDGE_CURVE('',#2516,#2517,#1170,.T.);
#3013=EDGE_CURVE('',#2517,#2518,#1171,.T.);
#3014=EDGE_CURVE('',#2518,#2519,#1172,.T.);
#3015=EDGE_CURVE('',#2520,#2519,#1173,.T.);
#3016=EDGE_CURVE('',#2520,#2521,#1174,.T.);
#3017=EDGE_CURVE('',#2521,#2522,#1175,.T.);
#3018=EDGE_CURVE('',#2522,#2523,#1176,.T.);
#3019=EDGE_CURVE('',#2524,#2523,#1177,.T.);
#3020=EDGE_CURVE('',#2524,#2525,#1178,.T.);
#3021=EDGE_CURVE('',#2525,#2526,#1179,.T.);
#3022=EDGE_CURVE('',#2526,#2527,#1180,.T.);
#3023=EDGE_CURVE('',#2528,#2527,#1181,.T.);
#3024=EDGE_CURVE('',#2528,#2529,#1182,.T.);
#3025=EDGE_CURVE('',#2529,#2530,#1183,.T.);
#3026=EDGE_CURVE('',#2530,#2531,#1184,.T.);
#3027=EDGE_CURVE('',#2532,#2531,#1185,.T.);
#3028=EDGE_CURVE('',#2532,#2533,#1186,.T.);
#3029=EDGE_CURVE('',#2533,#2534,#1187,.T.);
#3030=EDGE_CURVE('',#2534,#2535,#1188,.T.);
#3031=EDGE_CURVE('',#2536,#2535,#1189,.T.);
#3032=EDGE_CURVE('',#2536,#2537,#1190,.T.);
#3033=EDGE_CURVE('',#2537,#2538,#1191,.T.);
#3034=EDGE_CURVE('',#2538,#2539,#1192,.T.);
#3035=EDGE_CURVE('',#2540,#2539,#1193,.T.);
#3036=EDGE_CURVE('',#2540,#2541,#1194,.T.);
#3037=EDGE_CURVE('',#2541,#2542,#1195,.T.);
#3038=EDGE_CURVE('',#2542,#2543,#1196,.T.);
#3039=EDGE_CURVE('',#2544,#2543,#1197,.T.);
#3040=EDGE_CURVE('',#2544,#2545,#1198,.T.);
#3041=EDGE_CURVE('',#2545,#2546,#1199,.T.);
#3042=EDGE_CURVE('',#2546,#2547,#1200,.T.);
#3043=EDGE_CURVE('',#2548,#2547,#1201,.T.);
#3044=EDGE_CURVE('',#2548,#2549,#1202,.T.);
#3045=EDGE_CURVE('',#2549,#2550,#1203,.T.);
#3046=EDGE_CURVE('',#2550,#2551,#1204,.T.);
#3047=EDGE_CURVE('',#2552,#2551,#1205,.T.);
#3048=EDGE_CURVE('',#2552,#2553,#1206,.T.);
#3049=EDGE_CURVE('',#2553,#2554,#1207,.T.);
#3050=EDGE_CURVE('',#2554,#2555,#1208,.T.);
#3051=EDGE_CURVE('',#2422,#2555,#1209,.T.);
#3052=EDGE_CURVE('',#2556,#2556,#2141,.T.);
#3053=EDGE_CURVE('',#2415,#2557,#1210,.T.);
#3054=EDGE_CURVE('',#2557,#2557,#2142,.T.);
#3055=EDGE_CURVE('',#2420,#2558,#1211,.T.);
#3056=EDGE_CURVE('',#2558,#2558,#2143,.T.);
#3057=EDGE_CURVE('',#2558,#2559,#1212,.T.);
#3058=EDGE_CURVE('',#2559,#2559,#2144,.T.);
#3059=EDGE_CURVE('',#2556,#2560,#1213,.T.);
#3060=EDGE_CURVE('',#2560,#2560,#2145,.T.);
#3061=EDGE_CURVE('',#2560,#2561,#1214,.T.);
#3062=EDGE_CURVE('',#2561,#2561,#2146,.T.);
#3063=EDGE_CURVE('',#2421,#2562,#1215,.T.);
#3064=EDGE_CURVE('',#2562,#2562,#2147,.T.);
#3065=EDGE_CURVE('',#2562,#2563,#1216,.T.);
#3066=EDGE_CURVE('',#2563,#2563,#2148,.T.);
#3067=EDGE_CURVE('',#2564,#2564,#2149,.T.);
#3068=EDGE_CURVE('',#2564,#2565,#1217,.T.);
#3069=EDGE_CURVE('',#2565,#2565,#2150,.T.);
#3070=EDGE_CURVE('',#2273,#2418,#1218,.T.);
#3071=EDGE_CURVE('',#2419,#2272,#1219,.T.);
#3072=EDGE_CURVE('',#2566,#2566,#2151,.T.);
#3073=EDGE_CURVE('',#2567,#2567,#2152,.T.);
#3074=EDGE_CURVE('',#2568,#2568,#2153,.T.);
#3075=EDGE_CURVE('',#2569,#2569,#2154,.T.);
#3076=EDGE_CURVE('',#2565,#2570,#1220,.T.);
#3077=EDGE_CURVE('',#2570,#2570,#2155,.T.);
#3078=EDGE_CURVE('',#2566,#2571,#1221,.T.);
#3079=EDGE_CURVE('',#2571,#2571,#2156,.T.);
#3080=EDGE_CURVE('',#2571,#2572,#1222,.T.);
#3081=EDGE_CURVE('',#2572,#2572,#2157,.T.);
#3082=EDGE_CURVE('',#2569,#2573,#1223,.T.);
#3083=EDGE_CURVE('',#2573,#2573,#2158,.T.);
#3084=EDGE_CURVE('',#2573,#2574,#1224,.T.);
#3085=EDGE_CURVE('',#2574,#2574,#2159,.T.);
#3086=EDGE_CURVE('',#2567,#2575,#1225,.T.);
#3087=EDGE_CURVE('',#2575,#2575,#2160,.T.);
#3088=EDGE_CURVE('',#2575,#2576,#1226,.T.);
#3089=EDGE_CURVE('',#2576,#2576,#2161,.T.);
#3090=EDGE_CURVE('',#2577,#2577,#2162,.T.);
#3091=EDGE_CURVE('',#2577,#2578,#1227,.T.);
#3092=EDGE_CURVE('',#2578,#2578,#2163,.T.);
#3093=EDGE_CURVE('',#2417,#2270,#1228,.T.);
#3094=EDGE_CURVE('',#2579,#2579,#2164,.T.);
#3095=EDGE_CURVE('',#2580,#2580,#2165,.T.);
#3096=EDGE_CURVE('',#2581,#2581,#2166,.T.);
#3097=EDGE_CURVE('',#2582,#2582,#2167,.T.);
#3098=EDGE_CURVE('',#2578,#2583,#1229,.T.);
#3099=EDGE_CURVE('',#2583,#2583,#2168,.T.);
#3100=EDGE_CURVE('',#2579,#2584,#1230,.T.);
#3101=EDGE_CURVE('',#2584,#2584,#2169,.T.);
#3102=EDGE_CURVE('',#2584,#2585,#1231,.T.);
#3103=EDGE_CURVE('',#2585,#2585,#2170,.T.);
#3104=EDGE_CURVE('',#2582,#2586,#1232,.T.);
#3105=EDGE_CURVE('',#2586,#2586,#2171,.T.);
#3106=EDGE_CURVE('',#2586,#2587,#1233,.T.);
#3107=EDGE_CURVE('',#2587,#2587,#2172,.T.);
#3108=EDGE_CURVE('',#2580,#2588,#1234,.T.);
#3109=EDGE_CURVE('',#2588,#2588,#2173,.T.);
#3110=EDGE_CURVE('',#2588,#2589,#1235,.T.);
#3111=EDGE_CURVE('',#2589,#2589,#2174,.T.);
#3112=EDGE_CURVE('',#2590,#2590,#2175,.T.);
#3113=EDGE_CURVE('',#2590,#2591,#1236,.T.);
#3114=EDGE_CURVE('',#2591,#2591,#2176,.T.);
#3115=EDGE_CURVE('',#2271,#2416,#1237,.T.);
#3116=EDGE_CURVE('',#2592,#2592,#2177,.T.);
#3117=EDGE_CURVE('',#2593,#2593,#2178,.T.);
#3118=EDGE_CURVE('',#2594,#2594,#2179,.T.);
#3119=EDGE_CURVE('',#2595,#2595,#2180,.T.);
#3120=EDGE_CURVE('',#2591,#2596,#1238,.T.);
#3121=EDGE_CURVE('',#2596,#2596,#2181,.T.);
#3122=EDGE_CURVE('',#2592,#2597,#1239,.T.);
#3123=EDGE_CURVE('',#2597,#2597,#2182,.T.);
#3124=EDGE_CURVE('',#2597,#2598,#1240,.T.);
#3125=EDGE_CURVE('',#2598,#2598,#2183,.T.);
#3126=EDGE_CURVE('',#2595,#2599,#1241,.T.);
#3127=EDGE_CURVE('',#2599,#2599,#2184,.T.);
#3128=EDGE_CURVE('',#2599,#2600,#1242,.T.);
#3129=EDGE_CURVE('',#2600,#2600,#2185,.T.);
#3130=EDGE_CURVE('',#2593,#2601,#1243,.T.);
#3131=EDGE_CURVE('',#2601,#2601,#2186,.T.);
#3132=EDGE_CURVE('',#2601,#2602,#1244,.T.);
#3133=EDGE_CURVE('',#2602,#2602,#2187,.T.);
#3134=EDGE_CURVE('',#2603,#2603,#2188,.T.);
#3135=EDGE_CURVE('',#2603,#2604,#1245,.T.);
#3136=EDGE_CURVE('',#2604,#2604,#2189,.T.);
#3137=EDGE_CURVE('',#2605,#2605,#2190,.T.);
#3138=EDGE_CURVE('',#2606,#2606,#2191,.T.);
#3139=EDGE_CURVE('',#2607,#2607,#2192,.T.);
#3140=EDGE_CURVE('',#2608,#2608,#2193,.T.);
#3141=EDGE_CURVE('',#2604,#2609,#1246,.T.);
#3142=EDGE_CURVE('',#2609,#2609,#2194,.T.);
#3143=EDGE_CURVE('',#2605,#2610,#1247,.T.);
#3144=EDGE_CURVE('',#2610,#2610,#2195,.T.);
#3145=EDGE_CURVE('',#2610,#2611,#1248,.T.);
#3146=EDGE_CURVE('',#2611,#2611,#2196,.T.);
#3147=EDGE_CURVE('',#2608,#2612,#1249,.T.);
#3148=EDGE_CURVE('',#2612,#2612,#2197,.T.);
#3149=EDGE_CURVE('',#2612,#2613,#1250,.T.);
#3150=EDGE_CURVE('',#2613,#2613,#2198,.T.);
#3151=EDGE_CURVE('',#2606,#2614,#1251,.T.);
#3152=EDGE_CURVE('',#2614,#2614,#2199,.T.);
#3153=EDGE_CURVE('',#2614,#2615,#1252,.T.);
#3154=EDGE_CURVE('',#2615,#2615,#2200,.T.);
#3155=EDGE_CURVE('',#2616,#2524,#1253,.T.);
#3156=EDGE_CURVE('',#2617,#2616,#2201,.T.);
#3157=EDGE_CURVE('',#2525,#2617,#1254,.T.);
#3158=EDGE_CURVE('',#2618,#2516,#1255,.T.);
#3159=EDGE_CURVE('',#2619,#2618,#2202,.T.);
#3160=EDGE_CURVE('',#2517,#2619,#1256,.T.);
#3161=EDGE_CURVE('',#2620,#2520,#1257,.T.);
#3162=EDGE_CURVE('',#2621,#2620,#2203,.T.);
#3163=EDGE_CURVE('',#2521,#2621,#1258,.T.);
#3164=EDGE_CURVE('',#2622,#2528,#1259,.T.);
#3165=EDGE_CURVE('',#2623,#2622,#2204,.T.);
#3166=EDGE_CURVE('',#2529,#2623,#1260,.T.);
#3167=EDGE_CURVE('',#2533,#2306,#1261,.T.);
#3168=EDGE_CURVE('',#2307,#2532,#1262,.T.);
#3169=EDGE_CURVE('',#2505,#2334,#1263,.T.);
#3170=EDGE_CURVE('',#2335,#2504,#1264,.T.);
#3171=EDGE_CURVE('',#2624,#2322,#1265,.T.);
#3172=EDGE_CURVE('',#2625,#2624,#2205,.T.);
#3173=EDGE_CURVE('',#2323,#2625,#1266,.T.);
#3174=EDGE_CURVE('',#2626,#2314,#1267,.T.);
#3175=EDGE_CURVE('',#2627,#2626,#2206,.T.);
#3176=EDGE_CURVE('',#2315,#2627,#1268,.T.);
#3177=EDGE_CURVE('',#2537,#2302,#1269,.T.);
#3178=EDGE_CURVE('',#2303,#2536,#1270,.T.);
#3179=EDGE_CURVE('',#2287,#2552,#1271,.T.);
#3180=EDGE_CURVE('',#2553,#2286,#1272,.T.);
#3181=EDGE_CURVE('',#2549,#2290,#1273,.T.);
#3182=EDGE_CURVE('',#2291,#2548,#1274,.T.);
#3183=EDGE_CURVE('',#2628,#2310,#1275,.T.);
#3184=EDGE_CURVE('',#2629,#2628,#2207,.T.);
#3185=EDGE_CURVE('',#2311,#2629,#1276,.T.);
#3186=EDGE_CURVE('',#2630,#2318,#1277,.T.);
#3187=EDGE_CURVE('',#2631,#2630,#2208,.T.);
#3188=EDGE_CURVE('',#2319,#2631,#1278,.T.);
#3189=EDGE_CURVE('',#2501,#2338,#1279,.T.);
#3190=EDGE_CURVE('',#2339,#2500,#1280,.T.);
#3191=EDGE_CURVE('',#2497,#2342,#1281,.T.);
#3192=EDGE_CURVE('',#2343,#2496,#1282,.T.);
#3193=EDGE_CURVE('',#2327,#2512,#1283,.T.);
#3194=EDGE_CURVE('',#2632,#2326,#1284,.T.);
#3195=EDGE_CURVE('',#2633,#2632,#2209,.T.);
#3196=EDGE_CURVE('',#2513,#2633,#1285,.T.);
#3197=EDGE_CURVE('',#2509,#2330,#1286,.T.);
#3198=EDGE_CURVE('',#2331,#2508,#1287,.T.);
#3199=EDGE_CURVE('',#2545,#2294,#1288,.T.);
#3200=EDGE_CURVE('',#2295,#2544,#1289,.T.);
#3201=EDGE_CURVE('',#2541,#2298,#1290,.T.);
#3202=EDGE_CURVE('',#2299,#2540,#1291,.T.);
#3203=EDGE_CURVE('',#2351,#2484,#1292,.T.);
#3204=EDGE_CURVE('',#2485,#2350,#1293,.T.);
#3205=EDGE_CURVE('',#2355,#2480,#1294,.T.);
#3206=EDGE_CURVE('',#2481,#2354,#1295,.T.);
#3207=EDGE_CURVE('',#2387,#2448,#1296,.T.);
#3208=EDGE_CURVE('',#2449,#2386,#1297,.T.);
#3209=EDGE_CURVE('',#2399,#2436,#1298,.T.);
#3210=EDGE_CURVE('',#2437,#2398,#1299,.T.);
#3211=EDGE_CURVE('',#2395,#2440,#1300,.T.);
#3212=EDGE_CURVE('',#2441,#2394,#1301,.T.);
#3213=EDGE_CURVE('',#2367,#2634,#1302,.T.);
#3214=EDGE_CURVE('',#2635,#2366,#1303,.T.);
#3215=EDGE_CURVE('',#2634,#2635,#2210,.T.);
#3216=EDGE_CURVE('',#2473,#2362,#1304,.T.);
#3217=EDGE_CURVE('',#2636,#2472,#1305,.T.);
#3218=EDGE_CURVE('',#2637,#2636,#2211,.T.);
#3219=EDGE_CURVE('',#2363,#2637,#1306,.T.);
#3220=EDGE_CURVE('',#2469,#2638,#1307,.T.);
#3221=EDGE_CURVE('',#2639,#2468,#1308,.T.);
#3222=EDGE_CURVE('',#2638,#2639,#2212,.T.);
#3223=EDGE_CURVE('',#2465,#2640,#1309,.T.);
#3224=EDGE_CURVE('',#2641,#2464,#1310,.T.);
#3225=EDGE_CURVE('',#2640,#2641,#2213,.T.);
#3226=EDGE_CURVE('',#2461,#2642,#1311,.T.);
#3227=EDGE_CURVE('',#2643,#2460,#1312,.T.);
#3228=EDGE_CURVE('',#2642,#2643,#2214,.T.);
#3229=EDGE_CURVE('',#2457,#2644,#1313,.T.);
#3230=EDGE_CURVE('',#2645,#2456,#1314,.T.);
#3231=EDGE_CURVE('',#2644,#2645,#2215,.T.);
#3232=EDGE_CURVE('',#2383,#2452,#1315,.T.);
#3233=EDGE_CURVE('',#2453,#2382,#1316,.T.);
#3234=EDGE_CURVE('',#2379,#2646,#1317,.T.);
#3235=EDGE_CURVE('',#2647,#2378,#1318,.T.);
#3236=EDGE_CURVE('',#2646,#2647,#2216,.T.);
#3237=EDGE_CURVE('',#2375,#2648,#1319,.T.);
#3238=EDGE_CURVE('',#2649,#2374,#1320,.T.);
#3239=EDGE_CURVE('',#2648,#2649,#2217,.T.);
#3240=EDGE_CURVE('',#2371,#2650,#1321,.T.);
#3241=EDGE_CURVE('',#2651,#2370,#1322,.T.);
#3242=EDGE_CURVE('',#2650,#2651,#2218,.T.);
#3243=EDGE_CURVE('',#2347,#2488,#1323,.T.);
#3244=EDGE_CURVE('',#2489,#2346,#1324,.T.);
#3245=EDGE_CURVE('',#2359,#2476,#1325,.T.);
#3246=EDGE_CURVE('',#2477,#2358,#1326,.T.);
#3247=EDGE_CURVE('',#2391,#2444,#1327,.T.);
#3248=EDGE_CURVE('',#2445,#2390,#1328,.T.);
#3249=EDGE_CURVE('',#2433,#2402,#1329,.T.);
#3250=EDGE_CURVE('',#2403,#2432,#1330,.T.);
#3251=EDGE_CURVE('',#2429,#2276,#1331,.T.);
#3252=EDGE_CURVE('',#2277,#2428,#1332,.T.);
#3253=EDGE_CURVE('',#2283,#2422,#1333,.T.);
#3254=EDGE_CURVE('',#2423,#2282,#1334,.T.);
#3255=EDGE_CURVE('',#2430,#2405,#1335,.T.);
#3256=EDGE_CURVE('',#2278,#2427,#1336,.T.);
#3257=EDGE_CURVE('',#2424,#2281,#1337,.T.);
#3258=EDGE_CURVE('',#2392,#2443,#1338,.T.);
#3259=EDGE_CURVE('',#2542,#2297,#1339,.T.);
#3260=EDGE_CURVE('',#2446,#2389,#1340,.T.);
#3261=EDGE_CURVE('',#2360,#2475,#1341,.T.);
#3262=EDGE_CURVE('',#2510,#2329,#1342,.T.);
#3263=EDGE_CURVE('',#2478,#2357,#1343,.T.);
#3264=EDGE_CURVE('',#2348,#2487,#1344,.T.);
#3265=EDGE_CURVE('',#2498,#2341,#1345,.T.);
#3266=EDGE_CURVE('',#2490,#2345,#1346,.T.);
#3267=EDGE_CURVE('',#2652,#2650,#1347,.T.);
#3268=EDGE_CURVE('',#2372,#2652,#1348,.T.);
#3269=EDGE_CURVE('',#2653,#2317,#1349,.T.);
#3270=EDGE_CURVE('',#2630,#2653,#1350,.T.);
#3271=EDGE_CURVE('',#2654,#2369,#1351,.T.);
#3272=EDGE_CURVE('',#2654,#2651,#1352,.T.);
#3273=EDGE_CURVE('',#2655,#2646,#1353,.T.);
#3274=EDGE_CURVE('',#2380,#2655,#1354,.T.);
#3275=EDGE_CURVE('',#2656,#2309,#1355,.T.);
#3276=EDGE_CURVE('',#2628,#2656,#1356,.T.);
#3277=EDGE_CURVE('',#2657,#2377,#1357,.T.);
#3278=EDGE_CURVE('',#2657,#2647,#1358,.T.);
#3279=EDGE_CURVE('',#2396,#2439,#1359,.T.);
#3280=EDGE_CURVE('',#2546,#2293,#1360,.T.);
#3281=EDGE_CURVE('',#2442,#2393,#1361,.T.);
#3282=EDGE_CURVE('',#2434,#2401,#1362,.T.);
#3283=EDGE_CURVE('',#2404,#2431,#1363,.T.);
#3284=EDGE_CURVE('',#2554,#2285,#1364,.T.);
#3285=EDGE_CURVE('',#2388,#2447,#1365,.T.);
#3286=EDGE_CURVE('',#2538,#2301,#1366,.T.);
#3287=EDGE_CURVE('',#2450,#2385,#1367,.T.);
#3288=EDGE_CURVE('',#2658,#2648,#1368,.T.);
#3289=EDGE_CURVE('',#2376,#2658,#1369,.T.);
#3290=EDGE_CURVE('',#2659,#2313,#1370,.T.);
#3291=EDGE_CURVE('',#2626,#2659,#1371,.T.);
#3292=EDGE_CURVE('',#2660,#2373,#1372,.T.);
#3293=EDGE_CURVE('',#2660,#2649,#1373,.T.);
#3294=EDGE_CURVE('',#2661,#2634,#1374,.T.);
#3295=EDGE_CURVE('',#2368,#2661,#1375,.T.);
#3296=EDGE_CURVE('',#2662,#2321,#1376,.T.);
#3297=EDGE_CURVE('',#2624,#2662,#1377,.T.);
#3298=EDGE_CURVE('',#2663,#2365,#1378,.T.);
#3299=EDGE_CURVE('',#2663,#2635,#1379,.T.);
#3300=EDGE_CURVE('',#2356,#2479,#1380,.T.);
#3301=EDGE_CURVE('',#2506,#2333,#1381,.T.);
#3302=EDGE_CURVE('',#2482,#2353,#1382,.T.);
#3303=EDGE_CURVE('',#2352,#2483,#1383,.T.);
#3304=EDGE_CURVE('',#2502,#2337,#1384,.T.);
#3305=EDGE_CURVE('',#2486,#2349,#1385,.T.);
#3306=EDGE_CURVE('',#2384,#2451,#1386,.T.);
#3307=EDGE_CURVE('',#2534,#2305,#1387,.T.);
#3308=EDGE_CURVE('',#2454,#2381,#1388,.T.);
#3309=EDGE_CURVE('',#2400,#2435,#1389,.T.);
#3310=EDGE_CURVE('',#2550,#2289,#1390,.T.);
#3311=EDGE_CURVE('',#2438,#2397,#1391,.T.);
#3312=EDGE_CURVE('',#2664,#2644,#1392,.T.);
#3313=EDGE_CURVE('',#2458,#2664,#1393,.T.);
#3314=EDGE_CURVE('',#2665,#2527,#1394,.T.);
#3315=EDGE_CURVE('',#2622,#2665,#1395,.T.);
#3316=EDGE_CURVE('',#2666,#2455,#1396,.T.);
#3317=EDGE_CURVE('',#2666,#2645,#1397,.T.);
#3318=EDGE_CURVE('',#2667,#2640,#1398,.T.);
#3319=EDGE_CURVE('',#2466,#2667,#1399,.T.);
#3320=EDGE_CURVE('',#2668,#2519,#1400,.T.);
#3321=EDGE_CURVE('',#2620,#2668,#1401,.T.);
#3322=EDGE_CURVE('',#2669,#2463,#1402,.T.);
#3323=EDGE_CURVE('',#2669,#2641,#1403,.T.);
#3324=EDGE_CURVE('',#2474,#2361,#1404,.T.);
#3325=EDGE_CURVE('',#2328,#2511,#1405,.T.);
#3326=EDGE_CURVE('',#2670,#2637,#1406,.T.);
#3327=EDGE_CURVE('',#2364,#2670,#1407,.T.);
#3328=EDGE_CURVE('',#2671,#2325,#1408,.T.);
#3329=EDGE_CURVE('',#2632,#2671,#1409,.T.);
#3330=EDGE_CURVE('',#2672,#2471,#1410,.T.);
#3331=EDGE_CURVE('',#2672,#2636,#1411,.T.);
#3332=EDGE_CURVE('',#2673,#2638,#1412,.T.);
#3333=EDGE_CURVE('',#2470,#2673,#1413,.T.);
#3334=EDGE_CURVE('',#2674,#2515,#1414,.T.);
#3335=EDGE_CURVE('',#2618,#2674,#1415,.T.);
#3336=EDGE_CURVE('',#2675,#2467,#1416,.T.);
#3337=EDGE_CURVE('',#2675,#2639,#1417,.T.);
#3338=EDGE_CURVE('',#2676,#2642,#1418,.T.);
#3339=EDGE_CURVE('',#2462,#2676,#1419,.T.);
#3340=EDGE_CURVE('',#2677,#2523,#1420,.T.);
#3341=EDGE_CURVE('',#2616,#2677,#1421,.T.);
#3342=EDGE_CURVE('',#2661,#2654,#2219,.T.);
#3343=EDGE_CURVE('',#2670,#2663,#2220,.T.);
#3344=EDGE_CURVE('',#2673,#2672,#2221,.T.);
#3345=EDGE_CURVE('',#2667,#2675,#2222,.T.);
#3346=EDGE_CURVE('',#2676,#2669,#2223,.T.);
#3347=EDGE_CURVE('',#2678,#2643,#1422,.T.);
#3348=EDGE_CURVE('',#2664,#2678,#2224,.T.);
#3349=EDGE_CURVE('',#2655,#2666,#2225,.T.);
#3350=EDGE_CURVE('',#2658,#2657,#2226,.T.);
#3351=EDGE_CURVE('',#2679,#2660,#2227,.T.);
#3352=EDGE_CURVE('',#2679,#2581,#1423,.T.);
#3353=EDGE_CURVE('',#2652,#2679,#2228,.T.);
#3354=EDGE_CURVE('',#2678,#2459,#1424,.T.);
#3355=EDGE_CURVE('',#2284,#2555,#1425,.T.);
#3356=EDGE_CURVE('',#2280,#2425,#1426,.T.);
#3357=EDGE_CURVE('',#2426,#2279,#1427,.T.);
#3358=EDGE_CURVE('',#2300,#2539,#1428,.T.);
#3359=EDGE_CURVE('',#2296,#2543,#1429,.T.);
#3360=EDGE_CURVE('',#2623,#2680,#1430,.T.);
#3361=EDGE_CURVE('',#2530,#2680,#1431,.T.);
#3362=EDGE_CURVE('',#2526,#2681,#1432,.T.);
#3363=EDGE_CURVE('',#2681,#2665,#2229,.T.);
#3364=EDGE_CURVE('',#2680,#2656,#2230,.T.);
#3365=EDGE_CURVE('',#2308,#2531,#1433,.T.);
#3366=EDGE_CURVE('',#2621,#2682,#1434,.T.);
#3367=EDGE_CURVE('',#2522,#2682,#1435,.T.);
#3368=EDGE_CURVE('',#2518,#2683,#1436,.T.);
#3369=EDGE_CURVE('',#2683,#2668,#2231,.T.);
#3370=EDGE_CURVE('',#2682,#2677,#2232,.T.);
#3371=EDGE_CURVE('',#2332,#2507,#1437,.T.);
#3372=EDGE_CURVE('',#2344,#2495,#1438,.T.);
#3373=EDGE_CURVE('',#2340,#2499,#1439,.T.);
#3374=EDGE_CURVE('',#2633,#2684,#1440,.T.);
#3375=EDGE_CURVE('',#2514,#2684,#1441,.T.);
#3376=EDGE_CURVE('',#2684,#2674,#2233,.T.);
#3377=EDGE_CURVE('',#2324,#2685,#1442,.T.);
#3378=EDGE_CURVE('',#2685,#2671,#2234,.T.);
#3379=EDGE_CURVE('',#2631,#2686,#1443,.T.);
#3380=EDGE_CURVE('',#2320,#2686,#1444,.T.);
#3381=EDGE_CURVE('',#2316,#2687,#1445,.T.);
#3382=EDGE_CURVE('',#2687,#2688,#2235,.T.);
#3383=EDGE_CURVE('',#2688,#2653,#2236,.T.);
#3384=EDGE_CURVE('',#2686,#2662,#2237,.T.);
#3385=EDGE_CURVE('',#2629,#2689,#1446,.T.);
#3386=EDGE_CURVE('',#2312,#2689,#1447,.T.);
#3387=EDGE_CURVE('',#2689,#2659,#2238,.T.);
#3388=EDGE_CURVE('',#2292,#2547,#1448,.T.);
#3389=EDGE_CURVE('',#2288,#2551,#1449,.T.);
#3390=EDGE_CURVE('',#2304,#2535,#1450,.T.);
#3391=EDGE_CURVE('',#2627,#2687,#1451,.T.);
#3392=EDGE_CURVE('',#2625,#2685,#1452,.T.);
#3393=EDGE_CURVE('',#2336,#2503,#1453,.T.);
#3394=EDGE_CURVE('',#2619,#2683,#1454,.T.);
#3395=EDGE_CURVE('',#2617,#2681,#1455,.T.);
#3396=EDGE_CURVE('',#2494,#2690,#1456,.T.);
#3397=EDGE_CURVE('',#2691,#2493,#1457,.T.);
#3398=EDGE_CURVE('',#2690,#2691,#1458,.T.);
#3399=EDGE_CURVE('',#2692,#2693,#1459,.T.);
#3400=EDGE_CURVE('',#2694,#2692,#1460,.T.);
#3401=EDGE_CURVE('',#2695,#2694,#1461,.T.);
#3402=EDGE_CURVE('',#2693,#2695,#1462,.T.);
#3403=EDGE_CURVE('',#2691,#2696,#1463,.T.);
#3404=EDGE_CURVE('',#2697,#2696,#1464,.T.);
#3405=EDGE_CURVE('',#2698,#2697,#1465,.T.);
#3406=EDGE_CURVE('',#2699,#2698,#1466,.T.);
#3407=EDGE_CURVE('',#2699,#2254,#1467,.T.);
#3408=EDGE_CURVE('',#2690,#2253,#1468,.T.);
#3409=EDGE_CURVE('',#2700,#2699,#1469,.T.);
#3410=EDGE_CURVE('',#2701,#2700,#1470,.T.);
#3411=EDGE_CURVE('',#2696,#2701,#1471,.T.);
#3412=EDGE_CURVE('',#2264,#2694,#1472,.T.);
#3413=EDGE_CURVE('',#2263,#2695,#1473,.T.);
#3414=EDGE_CURVE('',#2692,#2702,#1474,.T.);
#3415=EDGE_CURVE('',#2702,#2703,#1475,.T.);
#3416=EDGE_CURVE('',#2703,#2704,#1476,.T.);
#3417=EDGE_CURVE('',#2704,#2705,#1477,.T.);
#3418=EDGE_CURVE('',#2705,#2261,#1478,.T.);
#3419=EDGE_CURVE('',#2245,#2706,#1479,.T.);
#3420=EDGE_CURVE('',#2706,#2492,#1480,.T.);
#3421=EDGE_CURVE('',#2707,#2259,#1481,.T.);
#3422=EDGE_CURVE('',#2708,#2707,#1482,.T.);
#3423=EDGE_CURVE('',#2260,#2708,#1483,.T.);
#3424=EDGE_CURVE('',#2709,#2706,#1484,.T.);
#3425=EDGE_CURVE('',#2246,#2709,#1485,.T.);
#3426=EDGE_CURVE('',#2708,#2710,#1486,.T.);
#3427=EDGE_CURVE('',#2710,#2257,#1487,.T.);
#3428=EDGE_CURVE('',#2707,#2711,#1488,.T.);
#3429=EDGE_CURVE('',#2711,#2710,#1489,.T.);
#3430=EDGE_CURVE('',#2711,#2258,#1490,.T.);
#3431=EDGE_CURVE('',#2712,#2693,#1491,.T.);
#3432=EDGE_CURVE('',#2702,#2712,#1492,.T.);
#3433=EDGE_CURVE('',#2262,#2713,#1493,.T.);
#3434=EDGE_CURVE('',#2713,#2705,#1494,.T.);
#3435=EDGE_CURVE('',#2712,#2714,#1495,.T.);
#3436=EDGE_CURVE('',#2714,#2703,#1496,.T.);
#3437=EDGE_CURVE('',#2715,#2713,#1497,.T.);
#3438=EDGE_CURVE('',#2714,#2715,#1498,.T.);
#3439=EDGE_CURVE('',#2701,#2716,#1499,.T.);
#3440=EDGE_CURVE('',#2716,#2697,#1500,.T.);
#3441=EDGE_CURVE('',#2491,#2709,#1501,.T.);
#3442=EDGE_CURVE('',#2717,#2700,#1502,.T.);
#3443=EDGE_CURVE('',#2716,#2717,#1503,.T.);
#3444=EDGE_CURVE('',#2698,#2717,#1504,.T.);
#3445=EDGE_CURVE('',#2704,#2715,#1505,.T.);
#3446=EDGE_CURVE('',#2568,#2256,#1506,.T.);
#3447=EDGE_CURVE('',#2607,#2688,#1507,.T.);
#3448=EDGE_CURVE('',#2594,#2718,#1508,.T.);
#3449=EDGE_CURVE('',#2718,#2718,#2239,.T.);
#3450=ORIENTED_EDGE('',*,*,#2719,.T.);
#3451=ORIENTED_EDGE('',*,*,#2720,.T.);
#3452=ORIENTED_EDGE('',*,*,#2721,.T.);
#3453=ORIENTED_EDGE('',*,*,#2722,.T.);
#3454=ORIENTED_EDGE('',*,*,#2720,.F.);
#3455=ORIENTED_EDGE('',*,*,#2723,.T.);
#3456=ORIENTED_EDGE('',*,*,#2724,.T.);
#3457=ORIENTED_EDGE('',*,*,#2725,.T.);
#3458=ORIENTED_EDGE('',*,*,#2726,.T.);
#3459=ORIENTED_EDGE('',*,*,#2727,.T.);
#3460=ORIENTED_EDGE('',*,*,#2728,.T.);
#3461=ORIENTED_EDGE('',*,*,#2729,.T.);
#3462=ORIENTED_EDGE('',*,*,#2730,.T.);
#3463=ORIENTED_EDGE('',*,*,#2731,.T.);
#3464=ORIENTED_EDGE('',*,*,#2732,.T.);
#3465=ORIENTED_EDGE('',*,*,#2733,.T.);
#3466=ORIENTED_EDGE('',*,*,#2734,.T.);
#3467=ORIENTED_EDGE('',*,*,#2735,.F.);
#3468=ORIENTED_EDGE('',*,*,#2736,.T.);
#3469=ORIENTED_EDGE('',*,*,#2737,.T.);
#3470=ORIENTED_EDGE('',*,*,#2738,.T.);
#3471=ORIENTED_EDGE('',*,*,#2739,.T.);
#3472=ORIENTED_EDGE('',*,*,#2740,.T.);
#3473=ORIENTED_EDGE('',*,*,#2741,.T.);
#3474=ORIENTED_EDGE('',*,*,#2742,.T.);
#3475=ORIENTED_EDGE('',*,*,#2743,.T.);
#3476=ORIENTED_EDGE('',*,*,#2744,.T.);
#3477=ORIENTED_EDGE('',*,*,#2719,.F.);
#3478=ORIENTED_EDGE('',*,*,#2721,.F.);
#3479=ORIENTED_EDGE('',*,*,#2722,.F.);
#3480=ORIENTED_EDGE('',*,*,#2745,.T.);
#3481=ORIENTED_EDGE('',*,*,#2746,.T.);
#3482=ORIENTED_EDGE('',*,*,#2745,.F.);
#3483=ORIENTED_EDGE('',*,*,#2735,.T.);
#3484=ORIENTED_EDGE('',*,*,#2747,.T.);
#3485=ORIENTED_EDGE('',*,*,#2748,.T.);
#3486=ORIENTED_EDGE('',*,*,#2747,.F.);
#3487=ORIENTED_EDGE('',*,*,#2748,.F.);
#3488=ORIENTED_EDGE('',*,*,#2749,.T.);
#3489=ORIENTED_EDGE('',*,*,#2750,.T.);
#3490=ORIENTED_EDGE('',*,*,#2749,.F.);
#3491=ORIENTED_EDGE('',*,*,#2751,.T.);
#3492=ORIENTED_EDGE('',*,*,#2752,.T.);
#3493=ORIENTED_EDGE('',*,*,#2753,.T.);
#3494=ORIENTED_EDGE('',*,*,#2752,.F.);
#3495=ORIENTED_EDGE('',*,*,#2754,.F.);
#3496=ORIENTED_EDGE('',*,*,#2755,.F.);
#3497=ORIENTED_EDGE('',*,*,#2756,.F.);
#3498=ORIENTED_EDGE('',*,*,#2757,.T.);
#3499=ORIENTED_EDGE('',*,*,#2758,.F.);
#3500=ORIENTED_EDGE('',*,*,#2759,.F.);
#3501=ORIENTED_EDGE('',*,*,#2760,.T.);
#3502=ORIENTED_EDGE('',*,*,#2761,.F.);
#3503=ORIENTED_EDGE('',*,*,#2762,.T.);
#3504=ORIENTED_EDGE('',*,*,#2763,.F.);
#3505=ORIENTED_EDGE('',*,*,#2764,.F.);
#3506=ORIENTED_EDGE('',*,*,#2765,.F.);
#3507=ORIENTED_EDGE('',*,*,#2766,.T.);
#3508=ORIENTED_EDGE('',*,*,#2767,.T.);
#3509=ORIENTED_EDGE('',*,*,#2768,.F.);
#3510=ORIENTED_EDGE('',*,*,#2769,.F.);
#3511=ORIENTED_EDGE('',*,*,#2770,.T.);
#3512=ORIENTED_EDGE('',*,*,#2771,.T.);
#3513=ORIENTED_EDGE('',*,*,#2772,.F.);
#3514=ORIENTED_EDGE('',*,*,#2773,.F.);
#3515=ORIENTED_EDGE('',*,*,#2774,.T.);
#3516=ORIENTED_EDGE('',*,*,#2775,.T.);
#3517=ORIENTED_EDGE('',*,*,#2776,.F.);
#3518=ORIENTED_EDGE('',*,*,#2777,.F.);
#3519=ORIENTED_EDGE('',*,*,#2778,.T.);
#3520=ORIENTED_EDGE('',*,*,#2779,.T.);
#3521=ORIENTED_EDGE('',*,*,#2780,.F.);
#3522=ORIENTED_EDGE('',*,*,#2781,.F.);
#3523=ORIENTED_EDGE('',*,*,#2782,.T.);
#3524=ORIENTED_EDGE('',*,*,#2783,.T.);
#3525=ORIENTED_EDGE('',*,*,#2784,.F.);
#3526=ORIENTED_EDGE('',*,*,#2785,.F.);
#3527=ORIENTED_EDGE('',*,*,#2786,.T.);
#3528=ORIENTED_EDGE('',*,*,#2787,.T.);
#3529=ORIENTED_EDGE('',*,*,#2788,.F.);
#3530=ORIENTED_EDGE('',*,*,#2789,.F.);
#3531=ORIENTED_EDGE('',*,*,#2790,.T.);
#3532=ORIENTED_EDGE('',*,*,#2791,.T.);
#3533=ORIENTED_EDGE('',*,*,#2792,.F.);
#3534=ORIENTED_EDGE('',*,*,#2793,.F.);
#3535=ORIENTED_EDGE('',*,*,#2794,.T.);
#3536=ORIENTED_EDGE('',*,*,#2795,.T.);
#3537=ORIENTED_EDGE('',*,*,#2796,.F.);
#3538=ORIENTED_EDGE('',*,*,#2797,.F.);
#3539=ORIENTED_EDGE('',*,*,#2798,.T.);
#3540=ORIENTED_EDGE('',*,*,#2799,.T.);
#3541=ORIENTED_EDGE('',*,*,#2800,.F.);
#3542=ORIENTED_EDGE('',*,*,#2801,.F.);
#3543=ORIENTED_EDGE('',*,*,#2802,.T.);
#3544=ORIENTED_EDGE('',*,*,#2803,.T.);
#3545=ORIENTED_EDGE('',*,*,#2804,.F.);
#3546=ORIENTED_EDGE('',*,*,#2805,.F.);
#3547=ORIENTED_EDGE('',*,*,#2806,.T.);
#3548=ORIENTED_EDGE('',*,*,#2807,.T.);
#3549=ORIENTED_EDGE('',*,*,#2808,.F.);
#3550=ORIENTED_EDGE('',*,*,#2809,.F.);
#3551=ORIENTED_EDGE('',*,*,#2810,.T.);
#3552=ORIENTED_EDGE('',*,*,#2811,.T.);
#3553=ORIENTED_EDGE('',*,*,#2812,.F.);
#3554=ORIENTED_EDGE('',*,*,#2813,.F.);
#3555=ORIENTED_EDGE('',*,*,#2814,.T.);
#3556=ORIENTED_EDGE('',*,*,#2815,.T.);
#3557=ORIENTED_EDGE('',*,*,#2816,.F.);
#3558=ORIENTED_EDGE('',*,*,#2817,.F.);
#3559=ORIENTED_EDGE('',*,*,#2818,.T.);
#3560=ORIENTED_EDGE('',*,*,#2819,.T.);
#3561=ORIENTED_EDGE('',*,*,#2820,.F.);
#3562=ORIENTED_EDGE('',*,*,#2821,.F.);
#3563=ORIENTED_EDGE('',*,*,#2822,.T.);
#3564=ORIENTED_EDGE('',*,*,#2823,.T.);
#3565=ORIENTED_EDGE('',*,*,#2824,.F.);
#3566=ORIENTED_EDGE('',*,*,#2825,.F.);
#3567=ORIENTED_EDGE('',*,*,#2826,.T.);
#3568=ORIENTED_EDGE('',*,*,#2827,.T.);
#3569=ORIENTED_EDGE('',*,*,#2828,.F.);
#3570=ORIENTED_EDGE('',*,*,#2729,.F.);
#3571=ORIENTED_EDGE('',*,*,#2829,.T.);
#3572=ORIENTED_EDGE('',*,*,#2830,.T.);
#3573=ORIENTED_EDGE('',*,*,#2831,.T.);
#3574=ORIENTED_EDGE('',*,*,#2832,.F.);
#3575=ORIENTED_EDGE('',*,*,#2833,.T.);
#3576=ORIENTED_EDGE('',*,*,#2834,.T.);
#3577=ORIENTED_EDGE('',*,*,#2835,.T.);
#3578=ORIENTED_EDGE('',*,*,#2836,.F.);
#3579=ORIENTED_EDGE('',*,*,#2837,.T.);
#3580=ORIENTED_EDGE('',*,*,#2838,.T.);
#3581=ORIENTED_EDGE('',*,*,#2839,.T.);
#3582=ORIENTED_EDGE('',*,*,#2840,.F.);
#3583=ORIENTED_EDGE('',*,*,#2841,.T.);
#3584=ORIENTED_EDGE('',*,*,#2842,.T.);
#3585=ORIENTED_EDGE('',*,*,#2843,.T.);
#3586=ORIENTED_EDGE('',*,*,#2844,.F.);
#3587=ORIENTED_EDGE('',*,*,#2845,.T.);
#3588=ORIENTED_EDGE('',*,*,#2846,.T.);
#3589=ORIENTED_EDGE('',*,*,#2847,.T.);
#3590=ORIENTED_EDGE('',*,*,#2848,.F.);
#3591=ORIENTED_EDGE('',*,*,#2849,.T.);
#3592=ORIENTED_EDGE('',*,*,#2850,.T.);
#3593=ORIENTED_EDGE('',*,*,#2851,.T.);
#3594=ORIENTED_EDGE('',*,*,#2852,.F.);
#3595=ORIENTED_EDGE('',*,*,#2853,.T.);
#3596=ORIENTED_EDGE('',*,*,#2854,.T.);
#3597=ORIENTED_EDGE('',*,*,#2855,.T.);
#3598=ORIENTED_EDGE('',*,*,#2856,.F.);
#3599=ORIENTED_EDGE('',*,*,#2857,.T.);
#3600=ORIENTED_EDGE('',*,*,#2858,.T.);
#3601=ORIENTED_EDGE('',*,*,#2859,.T.);
#3602=ORIENTED_EDGE('',*,*,#2860,.F.);
#3603=ORIENTED_EDGE('',*,*,#2861,.T.);
#3604=ORIENTED_EDGE('',*,*,#2862,.T.);
#3605=ORIENTED_EDGE('',*,*,#2863,.T.);
#3606=ORIENTED_EDGE('',*,*,#2864,.F.);
#3607=ORIENTED_EDGE('',*,*,#2865,.T.);
#3608=ORIENTED_EDGE('',*,*,#2866,.T.);
#3609=ORIENTED_EDGE('',*,*,#2867,.T.);
#3610=ORIENTED_EDGE('',*,*,#2868,.F.);
#3611=ORIENTED_EDGE('',*,*,#2869,.T.);
#3612=ORIENTED_EDGE('',*,*,#2870,.T.);
#3613=ORIENTED_EDGE('',*,*,#2871,.T.);
#3614=ORIENTED_EDGE('',*,*,#2872,.F.);
#3615=ORIENTED_EDGE('',*,*,#2873,.T.);
#3616=ORIENTED_EDGE('',*,*,#2874,.T.);
#3617=ORIENTED_EDGE('',*,*,#2875,.T.);
#3618=ORIENTED_EDGE('',*,*,#2876,.F.);
#3619=ORIENTED_EDGE('',*,*,#2877,.T.);
#3620=ORIENTED_EDGE('',*,*,#2878,.T.);
#3621=ORIENTED_EDGE('',*,*,#2879,.T.);
#3622=ORIENTED_EDGE('',*,*,#2880,.F.);
#3623=ORIENTED_EDGE('',*,*,#2881,.T.);
#3624=ORIENTED_EDGE('',*,*,#2882,.T.);
#3625=ORIENTED_EDGE('',*,*,#2883,.T.);
#3626=ORIENTED_EDGE('',*,*,#2884,.F.);
#3627=ORIENTED_EDGE('',*,*,#2885,.T.);
#3628=ORIENTED_EDGE('',*,*,#2886,.T.);
#3629=ORIENTED_EDGE('',*,*,#2887,.T.);
#3630=ORIENTED_EDGE('',*,*,#2888,.F.);
#3631=ORIENTED_EDGE('',*,*,#2889,.T.);
#3632=ORIENTED_EDGE('',*,*,#2890,.T.);
#3633=ORIENTED_EDGE('',*,*,#2891,.F.);
#3634=ORIENTED_EDGE('',*,*,#2751,.F.);
#3635=ORIENTED_EDGE('',*,*,#2753,.F.);
#3636=ORIENTED_EDGE('',*,*,#2892,.T.);
#3637=ORIENTED_EDGE('',*,*,#2893,.T.);
#3638=ORIENTED_EDGE('',*,*,#2892,.F.);
#3639=ORIENTED_EDGE('',*,*,#2758,.T.);
#3640=ORIENTED_EDGE('',*,*,#2894,.T.);
#3641=ORIENTED_EDGE('',*,*,#2895,.T.);
#3642=ORIENTED_EDGE('',*,*,#2894,.F.);
#3643=ORIENTED_EDGE('',*,*,#2895,.F.);
#3644=ORIENTED_EDGE('',*,*,#2896,.T.);
#3645=ORIENTED_EDGE('',*,*,#2897,.T.);
#3646=ORIENTED_EDGE('',*,*,#2896,.F.);
#3647=ORIENTED_EDGE('',*,*,#2891,.T.);
#3648=ORIENTED_EDGE('',*,*,#2898,.T.);
#3649=ORIENTED_EDGE('',*,*,#2899,.T.);
#3650=ORIENTED_EDGE('',*,*,#2898,.F.);
#3651=ORIENTED_EDGE('',*,*,#2899,.F.);
#3652=ORIENTED_EDGE('',*,*,#2900,.T.);
#3653=ORIENTED_EDGE('',*,*,#2901,.T.);
#3654=ORIENTED_EDGE('',*,*,#2900,.F.);
#3655=ORIENTED_EDGE('',*,*,#2759,.T.);
#3656=ORIENTED_EDGE('',*,*,#2902,.T.);
#3657=ORIENTED_EDGE('',*,*,#2903,.T.);
#3658=ORIENTED_EDGE('',*,*,#2902,.F.);
#3659=ORIENTED_EDGE('',*,*,#2903,.F.);
#3660=ORIENTED_EDGE('',*,*,#2904,.T.);
#3661=ORIENTED_EDGE('',*,*,#2905,.T.);
#3662=ORIENTED_EDGE('',*,*,#2904,.F.);
#3663=ORIENTED_EDGE('',*,*,#2906,.T.);
#3664=ORIENTED_EDGE('',*,*,#2907,.T.);
#3665=ORIENTED_EDGE('',*,*,#2908,.T.);
#3666=ORIENTED_EDGE('',*,*,#2907,.F.);
#3667=ORIENTED_EDGE('',*,*,#2909,.F.);
#3668=ORIENTED_EDGE('',*,*,#2910,.F.);
#3669=ORIENTED_EDGE('',*,*,#2911,.F.);
#3670=ORIENTED_EDGE('',*,*,#2912,.T.);
#3671=ORIENTED_EDGE('',*,*,#2913,.F.);
#3672=ORIENTED_EDGE('',*,*,#2914,.F.);
#3673=ORIENTED_EDGE('',*,*,#2915,.T.);
#3674=ORIENTED_EDGE('',*,*,#2916,.T.);
#3675=ORIENTED_EDGE('',*,*,#2917,.T.);
#3676=ORIENTED_EDGE('',*,*,#2918,.T.);
#3677=ORIENTED_EDGE('',*,*,#2919,.F.);
#3678=ORIENTED_EDGE('',*,*,#2920,.T.);
#3679=ORIENTED_EDGE('',*,*,#2921,.T.);
#3680=ORIENTED_EDGE('',*,*,#2922,.F.);
#3681=ORIENTED_EDGE('',*,*,#2923,.F.);
#3682=ORIENTED_EDGE('',*,*,#2924,.T.);
#3683=ORIENTED_EDGE('',*,*,#2925,.T.);
#3684=ORIENTED_EDGE('',*,*,#2926,.F.);
#3685=ORIENTED_EDGE('',*,*,#2927,.F.);
#3686=ORIENTED_EDGE('',*,*,#2928,.T.);
#3687=ORIENTED_EDGE('',*,*,#2929,.T.);
#3688=ORIENTED_EDGE('',*,*,#2930,.F.);
#3689=ORIENTED_EDGE('',*,*,#2931,.F.);
#3690=ORIENTED_EDGE('',*,*,#2932,.T.);
#3691=ORIENTED_EDGE('',*,*,#2933,.T.);
#3692=ORIENTED_EDGE('',*,*,#2934,.F.);
#3693=ORIENTED_EDGE('',*,*,#2935,.F.);
#3694=ORIENTED_EDGE('',*,*,#2936,.T.);
#3695=ORIENTED_EDGE('',*,*,#2937,.T.);
#3696=ORIENTED_EDGE('',*,*,#2938,.F.);
#3697=ORIENTED_EDGE('',*,*,#2939,.F.);
#3698=ORIENTED_EDGE('',*,*,#2940,.T.);
#3699=ORIENTED_EDGE('',*,*,#2941,.T.);
#3700=ORIENTED_EDGE('',*,*,#2942,.F.);
#3701=ORIENTED_EDGE('',*,*,#2943,.F.);
#3702=ORIENTED_EDGE('',*,*,#2944,.T.);
#3703=ORIENTED_EDGE('',*,*,#2945,.T.);
#3704=ORIENTED_EDGE('',*,*,#2946,.F.);
#3705=ORIENTED_EDGE('',*,*,#2947,.F.);
#3706=ORIENTED_EDGE('',*,*,#2948,.T.);
#3707=ORIENTED_EDGE('',*,*,#2949,.T.);
#3708=ORIENTED_EDGE('',*,*,#2950,.F.);
#3709=ORIENTED_EDGE('',*,*,#2951,.F.);
#3710=ORIENTED_EDGE('',*,*,#2952,.T.);
#3711=ORIENTED_EDGE('',*,*,#2953,.T.);
#3712=ORIENTED_EDGE('',*,*,#2954,.F.);
#3713=ORIENTED_EDGE('',*,*,#2955,.F.);
#3714=ORIENTED_EDGE('',*,*,#2956,.T.);
#3715=ORIENTED_EDGE('',*,*,#2957,.T.);
#3716=ORIENTED_EDGE('',*,*,#2958,.F.);
#3717=ORIENTED_EDGE('',*,*,#2959,.F.);
#3718=ORIENTED_EDGE('',*,*,#2960,.T.);
#3719=ORIENTED_EDGE('',*,*,#2961,.T.);
#3720=ORIENTED_EDGE('',*,*,#2962,.F.);
#3721=ORIENTED_EDGE('',*,*,#2963,.F.);
#3722=ORIENTED_EDGE('',*,*,#2964,.T.);
#3723=ORIENTED_EDGE('',*,*,#2965,.T.);
#3724=ORIENTED_EDGE('',*,*,#2966,.F.);
#3725=ORIENTED_EDGE('',*,*,#2967,.F.);
#3726=ORIENTED_EDGE('',*,*,#2968,.T.);
#3727=ORIENTED_EDGE('',*,*,#2969,.T.);
#3728=ORIENTED_EDGE('',*,*,#2970,.F.);
#3729=ORIENTED_EDGE('',*,*,#2971,.F.);
#3730=ORIENTED_EDGE('',*,*,#2972,.T.);
#3731=ORIENTED_EDGE('',*,*,#2973,.T.);
#3732=ORIENTED_EDGE('',*,*,#2974,.F.);
#3733=ORIENTED_EDGE('',*,*,#2975,.F.);
#3734=ORIENTED_EDGE('',*,*,#2976,.T.);
#3735=ORIENTED_EDGE('',*,*,#2977,.T.);
#3736=ORIENTED_EDGE('',*,*,#2978,.F.);
#3737=ORIENTED_EDGE('',*,*,#2979,.F.);
#3738=ORIENTED_EDGE('',*,*,#2980,.T.);
#3739=ORIENTED_EDGE('',*,*,#2981,.T.);
#3740=ORIENTED_EDGE('',*,*,#2982,.F.);
#3741=ORIENTED_EDGE('',*,*,#2983,.F.);
#3742=ORIENTED_EDGE('',*,*,#2727,.F.);
#3743=ORIENTED_EDGE('',*,*,#2984,.T.);
#3744=ORIENTED_EDGE('',*,*,#2985,.F.);
#3745=ORIENTED_EDGE('',*,*,#2986,.T.);
#3746=ORIENTED_EDGE('',*,*,#2723,.F.);
#3747=ORIENTED_EDGE('',*,*,#2987,.T.);
#3748=ORIENTED_EDGE('',*,*,#2988,.T.);
#3749=ORIENTED_EDGE('',*,*,#2989,.F.);
#3750=ORIENTED_EDGE('',*,*,#2731,.F.);
#3751=ORIENTED_EDGE('',*,*,#2990,.T.);
#3752=ORIENTED_EDGE('',*,*,#2991,.F.);
#3753=ORIENTED_EDGE('',*,*,#2992,.T.);
#3754=ORIENTED_EDGE('',*,*,#2993,.T.);
#3755=ORIENTED_EDGE('',*,*,#2994,.T.);
#3756=ORIENTED_EDGE('',*,*,#2995,.F.);
#3757=ORIENTED_EDGE('',*,*,#2996,.T.);
#3758=ORIENTED_EDGE('',*,*,#2997,.T.);
#3759=ORIENTED_EDGE('',*,*,#2998,.T.);
#3760=ORIENTED_EDGE('',*,*,#2999,.F.);
#3761=ORIENTED_EDGE('',*,*,#3000,.T.);
#3762=ORIENTED_EDGE('',*,*,#3001,.T.);
#3763=ORIENTED_EDGE('',*,*,#3002,.T.);
#3764=ORIENTED_EDGE('',*,*,#3003,.F.);
#3765=ORIENTED_EDGE('',*,*,#3004,.T.);
#3766=ORIENTED_EDGE('',*,*,#3005,.T.);
#3767=ORIENTED_EDGE('',*,*,#3006,.T.);
#3768=ORIENTED_EDGE('',*,*,#3007,.F.);
#3769=ORIENTED_EDGE('',*,*,#3008,.T.);
#3770=ORIENTED_EDGE('',*,*,#3009,.T.);
#3771=ORIENTED_EDGE('',*,*,#3010,.T.);
#3772=ORIENTED_EDGE('',*,*,#3011,.F.);
#3773=ORIENTED_EDGE('',*,*,#3012,.T.);
#3774=ORIENTED_EDGE('',*,*,#3013,.T.);
#3775=ORIENTED_EDGE('',*,*,#3014,.T.);
#3776=ORIENTED_EDGE('',*,*,#3015,.F.);
#3777=ORIENTED_EDGE('',*,*,#3016,.T.);
#3778=ORIENTED_EDGE('',*,*,#3017,.T.);
#3779=ORIENTED_EDGE('',*,*,#3018,.T.);
#3780=ORIENTED_EDGE('',*,*,#3019,.F.);
#3781=ORIENTED_EDGE('',*,*,#3020,.T.);
#3782=ORIENTED_EDGE('',*,*,#3021,.T.);
#3783=ORIENTED_EDGE('',*,*,#3022,.T.);
#3784=ORIENTED_EDGE('',*,*,#3023,.F.);
#3785=ORIENTED_EDGE('',*,*,#3024,.T.);
#3786=ORIENTED_EDGE('',*,*,#3025,.T.);
#3787=ORIENTED_EDGE('',*,*,#3026,.T.);
#3788=ORIENTED_EDGE('',*,*,#3027,.F.);
#3789=ORIENTED_EDGE('',*,*,#3028,.T.);
#3790=ORIENTED_EDGE('',*,*,#3029,.T.);
#3791=ORIENTED_EDGE('',*,*,#3030,.T.);
#3792=ORIENTED_EDGE('',*,*,#3031,.F.);
#3793=ORIENTED_EDGE('',*,*,#3032,.T.);
#3794=ORIENTED_EDGE('',*,*,#3033,.T.);
#3795=ORIENTED_EDGE('',*,*,#3034,.T.);
#3796=ORIENTED_EDGE('',*,*,#3035,.F.);
#3797=ORIENTED_EDGE('',*,*,#3036,.T.);
#3798=ORIENTED_EDGE('',*,*,#3037,.T.);
#3799=ORIENTED_EDGE('',*,*,#3038,.T.);
#3800=ORIENTED_EDGE('',*,*,#3039,.F.);
#3801=ORIENTED_EDGE('',*,*,#3040,.T.);
#3802=ORIENTED_EDGE('',*,*,#3041,.T.);
#3803=ORIENTED_EDGE('',*,*,#3042,.T.);
#3804=ORIENTED_EDGE('',*,*,#3043,.F.);
#3805=ORIENTED_EDGE('',*,*,#3044,.T.);
#3806=ORIENTED_EDGE('',*,*,#3045,.T.);
#3807=ORIENTED_EDGE('',*,*,#3046,.T.);
#3808=ORIENTED_EDGE('',*,*,#3047,.F.);
#3809=ORIENTED_EDGE('',*,*,#3048,.T.);
#3810=ORIENTED_EDGE('',*,*,#3049,.T.);
#3811=ORIENTED_EDGE('',*,*,#3050,.T.);
#3812=ORIENTED_EDGE('',*,*,#3051,.F.);
#3813=ORIENTED_EDGE('',*,*,#3052,.F.);
#3814=ORIENTED_EDGE('',*,*,#2906,.F.);
#3815=ORIENTED_EDGE('',*,*,#2908,.F.);
#3816=ORIENTED_EDGE('',*,*,#3053,.T.);
#3817=ORIENTED_EDGE('',*,*,#3054,.T.);
#3818=ORIENTED_EDGE('',*,*,#3053,.F.);
#3819=ORIENTED_EDGE('',*,*,#2913,.T.);
#3820=ORIENTED_EDGE('',*,*,#3055,.T.);
#3821=ORIENTED_EDGE('',*,*,#3056,.T.);
#3822=ORIENTED_EDGE('',*,*,#3055,.F.);
#3823=ORIENTED_EDGE('',*,*,#3056,.F.);
#3824=ORIENTED_EDGE('',*,*,#3057,.T.);
#3825=ORIENTED_EDGE('',*,*,#3058,.T.);
#3826=ORIENTED_EDGE('',*,*,#3057,.F.);
#3827=ORIENTED_EDGE('',*,*,#3052,.T.);
#3828=ORIENTED_EDGE('',*,*,#3059,.T.);
#3829=ORIENTED_EDGE('',*,*,#3060,.T.);
#3830=ORIENTED_EDGE('',*,*,#3059,.F.);
#3831=ORIENTED_EDGE('',*,*,#3060,.F.);
#3832=ORIENTED_EDGE('',*,*,#3061,.T.);
#3833=ORIENTED_EDGE('',*,*,#3062,.T.);
#3834=ORIENTED_EDGE('',*,*,#3061,.F.);
#3835=ORIENTED_EDGE('',*,*,#2914,.T.);
#3836=ORIENTED_EDGE('',*,*,#3063,.T.);
#3837=ORIENTED_EDGE('',*,*,#3064,.T.);
#3838=ORIENTED_EDGE('',*,*,#3063,.F.);
#3839=ORIENTED_EDGE('',*,*,#3064,.F.);
#3840=ORIENTED_EDGE('',*,*,#3065,.T.);
#3841=ORIENTED_EDGE('',*,*,#3066,.T.);
#3842=ORIENTED_EDGE('',*,*,#3065,.F.);
#3843=ORIENTED_EDGE('',*,*,#3067,.T.);
#3844=ORIENTED_EDGE('',*,*,#3068,.T.);
#3845=ORIENTED_EDGE('',*,*,#3069,.T.);
#3846=ORIENTED_EDGE('',*,*,#3068,.F.);
#3847=ORIENTED_EDGE('',*,*,#2911,.T.);
#3848=ORIENTED_EDGE('',*,*,#3070,.F.);
#3849=ORIENTED_EDGE('',*,*,#2756,.T.);
#3850=ORIENTED_EDGE('',*,*,#3071,.F.);
#3851=ORIENTED_EDGE('',*,*,#3072,.F.);
#3852=ORIENTED_EDGE('',*,*,#3073,.F.);
#3853=ORIENTED_EDGE('',*,*,#3074,.T.);
#3854=ORIENTED_EDGE('',*,*,#3075,.F.);
#3855=ORIENTED_EDGE('',*,*,#3067,.F.);
#3856=ORIENTED_EDGE('',*,*,#3069,.F.);
#3857=ORIENTED_EDGE('',*,*,#3076,.T.);
#3858=ORIENTED_EDGE('',*,*,#3077,.T.);
#3859=ORIENTED_EDGE('',*,*,#3076,.F.);
#3860=ORIENTED_EDGE('',*,*,#3072,.T.);
#3861=ORIENTED_EDGE('',*,*,#3078,.T.);
#3862=ORIENTED_EDGE('',*,*,#3079,.T.);
#3863=ORIENTED_EDGE('',*,*,#3078,.F.);
#3864=ORIENTED_EDGE('',*,*,#3079,.F.);
#3865=ORIENTED_EDGE('',*,*,#3080,.T.);
#3866=ORIENTED_EDGE('',*,*,#3081,.T.);
#3867=ORIENTED_EDGE('',*,*,#3080,.F.);
#3868=ORIENTED_EDGE('',*,*,#3075,.T.);
#3869=ORIENTED_EDGE('',*,*,#3082,.T.);
#3870=ORIENTED_EDGE('',*,*,#3083,.T.);
#3871=ORIENTED_EDGE('',*,*,#3082,.F.);
#3872=ORIENTED_EDGE('',*,*,#3083,.F.);
#3873=ORIENTED_EDGE('',*,*,#3084,.T.);
#3874=ORIENTED_EDGE('',*,*,#3085,.T.);
#3875=ORIENTED_EDGE('',*,*,#3084,.F.);
#3876=ORIENTED_EDGE('',*,*,#3073,.T.);
#3877=ORIENTED_EDGE('',*,*,#3086,.T.);
#3878=ORIENTED_EDGE('',*,*,#3087,.T.);
#3879=ORIENTED_EDGE('',*,*,#3086,.F.);
#3880=ORIENTED_EDGE('',*,*,#3087,.F.);
#3881=ORIENTED_EDGE('',*,*,#3088,.T.);
#3882=ORIENTED_EDGE('',*,*,#3089,.T.);
#3883=ORIENTED_EDGE('',*,*,#3088,.F.);
#3884=ORIENTED_EDGE('',*,*,#3090,.T.);
#3885=ORIENTED_EDGE('',*,*,#3091,.T.);
#3886=ORIENTED_EDGE('',*,*,#3092,.T.);
#3887=ORIENTED_EDGE('',*,*,#3091,.F.);
#3888=ORIENTED_EDGE('',*,*,#3071,.T.);
#3889=ORIENTED_EDGE('',*,*,#2755,.T.);
#3890=ORIENTED_EDGE('',*,*,#3093,.F.);
#3891=ORIENTED_EDGE('',*,*,#2912,.F.);
#3892=ORIENTED_EDGE('',*,*,#3094,.F.);
#3893=ORIENTED_EDGE('',*,*,#3095,.F.);
#3894=ORIENTED_EDGE('',*,*,#3096,.T.);
#3895=ORIENTED_EDGE('',*,*,#3097,.F.);
#3896=ORIENTED_EDGE('',*,*,#3090,.F.);
#3897=ORIENTED_EDGE('',*,*,#3092,.F.);
#3898=ORIENTED_EDGE('',*,*,#3098,.T.);
#3899=ORIENTED_EDGE('',*,*,#3099,.T.);
#3900=ORIENTED_EDGE('',*,*,#3098,.F.);
#3901=ORIENTED_EDGE('',*,*,#3094,.T.);
#3902=ORIENTED_EDGE('',*,*,#3100,.T.);
#3903=ORIENTED_EDGE('',*,*,#3101,.T.);
#3904=ORIENTED_EDGE('',*,*,#3100,.F.);
#3905=ORIENTED_EDGE('',*,*,#3101,.F.);
#3906=ORIENTED_EDGE('',*,*,#3102,.T.);
#3907=ORIENTED_EDGE('',*,*,#3103,.T.);
#3908=ORIENTED_EDGE('',*,*,#3102,.F.);
#3909=ORIENTED_EDGE('',*,*,#3097,.T.);
#3910=ORIENTED_EDGE('',*,*,#3104,.T.);
#3911=ORIENTED_EDGE('',*,*,#3105,.T.);
#3912=ORIENTED_EDGE('',*,*,#3104,.F.);
#3913=ORIENTED_EDGE('',*,*,#3105,.F.);
#3914=ORIENTED_EDGE('',*,*,#3106,.T.);
#3915=ORIENTED_EDGE('',*,*,#3107,.T.);
#3916=ORIENTED_EDGE('',*,*,#3106,.F.);
#3917=ORIENTED_EDGE('',*,*,#3095,.T.);
#3918=ORIENTED_EDGE('',*,*,#3108,.T.);
#3919=ORIENTED_EDGE('',*,*,#3109,.T.);
#3920=ORIENTED_EDGE('',*,*,#3108,.F.);
#3921=ORIENTED_EDGE('',*,*,#3109,.F.);
#3922=ORIENTED_EDGE('',*,*,#3110,.T.);
#3923=ORIENTED_EDGE('',*,*,#3111,.T.);
#3924=ORIENTED_EDGE('',*,*,#3110,.F.);
#3925=ORIENTED_EDGE('',*,*,#3112,.T.);
#3926=ORIENTED_EDGE('',*,*,#3113,.T.);
#3927=ORIENTED_EDGE('',*,*,#3114,.T.);
#3928=ORIENTED_EDGE('',*,*,#3113,.F.);
#3929=ORIENTED_EDGE('',*,*,#2754,.T.);
#3930=ORIENTED_EDGE('',*,*,#3115,.T.);
#3931=ORIENTED_EDGE('',*,*,#2909,.T.);
#3932=ORIENTED_EDGE('',*,*,#3093,.T.);
#3933=ORIENTED_EDGE('',*,*,#3116,.F.);
#3934=ORIENTED_EDGE('',*,*,#3117,.F.);
#3935=ORIENTED_EDGE('',*,*,#3118,.T.);
#3936=ORIENTED_EDGE('',*,*,#3119,.F.);
#3937=ORIENTED_EDGE('',*,*,#3112,.F.);
#3938=ORIENTED_EDGE('',*,*,#3114,.F.);
#3939=ORIENTED_EDGE('',*,*,#3120,.T.);
#3940=ORIENTED_EDGE('',*,*,#3121,.T.);
#3941=ORIENTED_EDGE('',*,*,#3120,.F.);
#3942=ORIENTED_EDGE('',*,*,#3116,.T.);
#3943=ORIENTED_EDGE('',*,*,#3122,.T.);
#3944=ORIENTED_EDGE('',*,*,#3123,.T.);
#3945=ORIENTED_EDGE('',*,*,#3122,.F.);
#3946=ORIENTED_EDGE('',*,*,#3123,.F.);
#3947=ORIENTED_EDGE('',*,*,#3124,.T.);
#3948=ORIENTED_EDGE('',*,*,#3125,.T.);
#3949=ORIENTED_EDGE('',*,*,#3124,.F.);
#3950=ORIENTED_EDGE('',*,*,#3119,.T.);
#3951=ORIENTED_EDGE('',*,*,#3126,.T.);
#3952=ORIENTED_EDGE('',*,*,#3127,.T.);
#3953=ORIENTED_EDGE('',*,*,#3126,.F.);
#3954=ORIENTED_EDGE('',*,*,#3127,.F.);
#3955=ORIENTED_EDGE('',*,*,#3128,.T.);
#3956=ORIENTED_EDGE('',*,*,#3129,.T.);
#3957=ORIENTED_EDGE('',*,*,#3128,.F.);
#3958=ORIENTED_EDGE('',*,*,#3117,.T.);
#3959=ORIENTED_EDGE('',*,*,#3130,.T.);
#3960=ORIENTED_EDGE('',*,*,#3131,.T.);
#3961=ORIENTED_EDGE('',*,*,#3130,.F.);
#3962=ORIENTED_EDGE('',*,*,#3131,.F.);
#3963=ORIENTED_EDGE('',*,*,#3132,.T.);
#3964=ORIENTED_EDGE('',*,*,#3133,.T.);
#3965=ORIENTED_EDGE('',*,*,#3132,.F.);
#3966=ORIENTED_EDGE('',*,*,#3134,.T.);
#3967=ORIENTED_EDGE('',*,*,#3135,.T.);
#3968=ORIENTED_EDGE('',*,*,#3136,.T.);
#3969=ORIENTED_EDGE('',*,*,#3135,.F.);
#3970=ORIENTED_EDGE('',*,*,#3070,.T.);
#3971=ORIENTED_EDGE('',*,*,#2910,.T.);
#3972=ORIENTED_EDGE('',*,*,#3115,.F.);
#3973=ORIENTED_EDGE('',*,*,#2757,.F.);
#3974=ORIENTED_EDGE('',*,*,#3137,.F.);
#3975=ORIENTED_EDGE('',*,*,#3138,.F.);
#3976=ORIENTED_EDGE('',*,*,#3139,.T.);
#3977=ORIENTED_EDGE('',*,*,#3140,.F.);
#3978=ORIENTED_EDGE('',*,*,#3134,.F.);
#3979=ORIENTED_EDGE('',*,*,#3136,.F.);
#3980=ORIENTED_EDGE('',*,*,#3141,.T.);
#3981=ORIENTED_EDGE('',*,*,#3142,.T.);
#3982=ORIENTED_EDGE('',*,*,#3141,.F.);
#3983=ORIENTED_EDGE('',*,*,#3137,.T.);
#3984=ORIENTED_EDGE('',*,*,#3143,.T.);
#3985=ORIENTED_EDGE('',*,*,#3144,.T.);
#3986=ORIENTED_EDGE('',*,*,#3143,.F.);
#3987=ORIENTED_EDGE('',*,*,#3144,.F.);
#3988=ORIENTED_EDGE('',*,*,#3145,.T.);
#3989=ORIENTED_EDGE('',*,*,#3146,.T.);
#3990=ORIENTED_EDGE('',*,*,#3145,.F.);
#3991=ORIENTED_EDGE('',*,*,#3140,.T.);
#3992=ORIENTED_EDGE('',*,*,#3147,.T.);
#3993=ORIENTED_EDGE('',*,*,#3148,.T.);
#3994=ORIENTED_EDGE('',*,*,#3147,.F.);
#3995=ORIENTED_EDGE('',*,*,#3148,.F.);
#3996=ORIENTED_EDGE('',*,*,#3149,.T.);
#3997=ORIENTED_EDGE('',*,*,#3150,.T.);
#3998=ORIENTED_EDGE('',*,*,#3149,.F.);
#3999=ORIENTED_EDGE('',*,*,#3138,.T.);
#4000=ORIENTED_EDGE('',*,*,#3151,.T.);
#4001=ORIENTED_EDGE('',*,*,#3152,.T.);
#4002=ORIENTED_EDGE('',*,*,#3151,.F.);
#4003=ORIENTED_EDGE('',*,*,#3152,.F.);
#4004=ORIENTED_EDGE('',*,*,#3153,.T.);
#4005=ORIENTED_EDGE('',*,*,#3154,.T.);
#4006=ORIENTED_EDGE('',*,*,#3153,.F.);
#4007=ORIENTED_EDGE('',*,*,#3155,.F.);
#4008=ORIENTED_EDGE('',*,*,#3156,.F.);
#4009=ORIENTED_EDGE('',*,*,#3157,.F.);
#4010=ORIENTED_EDGE('',*,*,#3020,.F.);
#4011=ORIENTED_EDGE('',*,*,#3158,.F.);
#4012=ORIENTED_EDGE('',*,*,#3159,.F.);
#4013=ORIENTED_EDGE('',*,*,#3160,.F.);
#4014=ORIENTED_EDGE('',*,*,#3012,.F.);
#4015=ORIENTED_EDGE('',*,*,#3161,.F.);
#4016=ORIENTED_EDGE('',*,*,#3162,.F.);
#4017=ORIENTED_EDGE('',*,*,#3163,.F.);
#4018=ORIENTED_EDGE('',*,*,#3016,.F.);
#4019=ORIENTED_EDGE('',*,*,#3164,.F.);
#4020=ORIENTED_EDGE('',*,*,#3165,.F.);
#4021=ORIENTED_EDGE('',*,*,#3166,.F.);
#4022=ORIENTED_EDGE('',*,*,#3024,.F.);
#4023=ORIENTED_EDGE('',*,*,#3167,.F.);
#4024=ORIENTED_EDGE('',*,*,#3028,.F.);
#4025=ORIENTED_EDGE('',*,*,#3168,.F.);
#4026=ORIENTED_EDGE('',*,*,#2790,.F.);
#4027=ORIENTED_EDGE('',*,*,#3169,.F.);
#4028=ORIENTED_EDGE('',*,*,#3000,.F.);
#4029=ORIENTED_EDGE('',*,*,#3170,.F.);
#4030=ORIENTED_EDGE('',*,*,#2818,.F.);
#4031=ORIENTED_EDGE('',*,*,#3171,.F.);
#4032=ORIENTED_EDGE('',*,*,#3172,.F.);
#4033=ORIENTED_EDGE('',*,*,#3173,.F.);
#4034=ORIENTED_EDGE('',*,*,#2806,.F.);
#4035=ORIENTED_EDGE('',*,*,#3174,.F.);
#4036=ORIENTED_EDGE('',*,*,#3175,.F.);
#4037=ORIENTED_EDGE('',*,*,#3176,.F.);
#4038=ORIENTED_EDGE('',*,*,#2798,.F.);
#4039=ORIENTED_EDGE('',*,*,#3177,.F.);
#4040=ORIENTED_EDGE('',*,*,#3032,.F.);
#4041=ORIENTED_EDGE('',*,*,#3178,.F.);
#4042=ORIENTED_EDGE('',*,*,#2786,.F.);
#4043=ORIENTED_EDGE('',*,*,#3179,.F.);
#4044=ORIENTED_EDGE('',*,*,#2770,.F.);
#4045=ORIENTED_EDGE('',*,*,#3180,.F.);
#4046=ORIENTED_EDGE('',*,*,#3048,.F.);
#4047=ORIENTED_EDGE('',*,*,#3181,.F.);
#4048=ORIENTED_EDGE('',*,*,#3044,.F.);
#4049=ORIENTED_EDGE('',*,*,#3182,.F.);
#4050=ORIENTED_EDGE('',*,*,#2774,.F.);
#4051=ORIENTED_EDGE('',*,*,#3183,.F.);
#4052=ORIENTED_EDGE('',*,*,#3184,.F.);
#4053=ORIENTED_EDGE('',*,*,#3185,.F.);
#4054=ORIENTED_EDGE('',*,*,#2794,.F.);
#4055=ORIENTED_EDGE('',*,*,#3186,.F.);
#4056=ORIENTED_EDGE('',*,*,#3187,.F.);
#4057=ORIENTED_EDGE('',*,*,#3188,.F.);
#4058=ORIENTED_EDGE('',*,*,#2802,.F.);
#4059=ORIENTED_EDGE('',*,*,#3189,.F.);
#4060=ORIENTED_EDGE('',*,*,#2996,.F.);
#4061=ORIENTED_EDGE('',*,*,#3190,.F.);
#4062=ORIENTED_EDGE('',*,*,#2822,.F.);
#4063=ORIENTED_EDGE('',*,*,#3191,.F.);
#4064=ORIENTED_EDGE('',*,*,#2992,.F.);
#4065=ORIENTED_EDGE('',*,*,#3192,.F.);
#4066=ORIENTED_EDGE('',*,*,#2826,.F.);
#4067=ORIENTED_EDGE('',*,*,#3193,.F.);
#4068=ORIENTED_EDGE('',*,*,#2810,.F.);
#4069=ORIENTED_EDGE('',*,*,#3194,.F.);
#4070=ORIENTED_EDGE('',*,*,#3195,.F.);
#4071=ORIENTED_EDGE('',*,*,#3196,.F.);
#4072=ORIENTED_EDGE('',*,*,#3008,.F.);
#4073=ORIENTED_EDGE('',*,*,#3197,.F.);
#4074=ORIENTED_EDGE('',*,*,#3004,.F.);
#4075=ORIENTED_EDGE('',*,*,#3198,.F.);
#4076=ORIENTED_EDGE('',*,*,#2814,.F.);
#4077=ORIENTED_EDGE('',*,*,#3199,.F.);
#4078=ORIENTED_EDGE('',*,*,#3040,.F.);
#4079=ORIENTED_EDGE('',*,*,#3200,.F.);
#4080=ORIENTED_EDGE('',*,*,#2778,.F.);
#4081=ORIENTED_EDGE('',*,*,#3201,.F.);
#4082=ORIENTED_EDGE('',*,*,#3036,.F.);
#4083=ORIENTED_EDGE('',*,*,#3202,.F.);
#4084=ORIENTED_EDGE('',*,*,#2782,.F.);
#4085=ORIENTED_EDGE('',*,*,#3203,.F.);
#4086=ORIENTED_EDGE('',*,*,#2835,.F.);
#4087=ORIENTED_EDGE('',*,*,#3204,.F.);
#4088=ORIENTED_EDGE('',*,*,#2977,.F.);
#4089=ORIENTED_EDGE('',*,*,#3205,.F.);
#4090=ORIENTED_EDGE('',*,*,#2839,.F.);
#4091=ORIENTED_EDGE('',*,*,#3206,.F.);
#4092=ORIENTED_EDGE('',*,*,#2973,.F.);
#4093=ORIENTED_EDGE('',*,*,#3207,.F.);
#4094=ORIENTED_EDGE('',*,*,#2871,.F.);
#4095=ORIENTED_EDGE('',*,*,#3208,.F.);
#4096=ORIENTED_EDGE('',*,*,#2941,.F.);
#4097=ORIENTED_EDGE('',*,*,#3209,.F.);
#4098=ORIENTED_EDGE('',*,*,#2883,.F.);
#4099=ORIENTED_EDGE('',*,*,#3210,.F.);
#4100=ORIENTED_EDGE('',*,*,#2929,.F.);
#4101=ORIENTED_EDGE('',*,*,#3211,.F.);
#4102=ORIENTED_EDGE('',*,*,#2879,.F.);
#4103=ORIENTED_EDGE('',*,*,#3212,.F.);
#4104=ORIENTED_EDGE('',*,*,#2933,.F.);
#4105=ORIENTED_EDGE('',*,*,#3213,.F.);
#4106=ORIENTED_EDGE('',*,*,#2851,.F.);
#4107=ORIENTED_EDGE('',*,*,#3214,.F.);
#4108=ORIENTED_EDGE('',*,*,#3215,.F.);
#4109=ORIENTED_EDGE('',*,*,#3216,.F.);
#4110=ORIENTED_EDGE('',*,*,#2965,.F.);
#4111=ORIENTED_EDGE('',*,*,#3217,.F.);
#4112=ORIENTED_EDGE('',*,*,#3218,.F.);
#4113=ORIENTED_EDGE('',*,*,#3219,.F.);
#4114=ORIENTED_EDGE('',*,*,#2847,.F.);
#4115=ORIENTED_EDGE('',*,*,#3220,.F.);
#4116=ORIENTED_EDGE('',*,*,#2961,.F.);
#4117=ORIENTED_EDGE('',*,*,#3221,.F.);
#4118=ORIENTED_EDGE('',*,*,#3222,.F.);
#4119=ORIENTED_EDGE('',*,*,#3223,.F.);
#4120=ORIENTED_EDGE('',*,*,#2957,.F.);
#4121=ORIENTED_EDGE('',*,*,#3224,.F.);
#4122=ORIENTED_EDGE('',*,*,#3225,.F.);
#4123=ORIENTED_EDGE('',*,*,#3226,.F.);
#4124=ORIENTED_EDGE('',*,*,#2953,.F.);
#4125=ORIENTED_EDGE('',*,*,#3227,.F.);
#4126=ORIENTED_EDGE('',*,*,#3228,.F.);
#4127=ORIENTED_EDGE('',*,*,#3229,.F.);
#4128=ORIENTED_EDGE('',*,*,#2949,.F.);
#4129=ORIENTED_EDGE('',*,*,#3230,.F.);
#4130=ORIENTED_EDGE('',*,*,#3231,.F.);
#4131=ORIENTED_EDGE('',*,*,#3232,.F.);
#4132=ORIENTED_EDGE('',*,*,#2867,.F.);
#4133=ORIENTED_EDGE('',*,*,#3233,.F.);
#4134=ORIENTED_EDGE('',*,*,#2945,.F.);
#4135=ORIENTED_EDGE('',*,*,#3234,.F.);
#4136=ORIENTED_EDGE('',*,*,#2863,.F.);
#4137=ORIENTED_EDGE('',*,*,#3235,.F.);
#4138=ORIENTED_EDGE('',*,*,#3236,.F.);
#4139=ORIENTED_EDGE('',*,*,#3237,.F.);
#4140=ORIENTED_EDGE('',*,*,#2859,.F.);
#4141=ORIENTED_EDGE('',*,*,#3238,.F.);
#4142=ORIENTED_EDGE('',*,*,#3239,.F.);
#4143=ORIENTED_EDGE('',*,*,#3240,.F.);
#4144=ORIENTED_EDGE('',*,*,#2855,.F.);
#4145=ORIENTED_EDGE('',*,*,#3241,.F.);
#4146=ORIENTED_EDGE('',*,*,#3242,.F.);
#4147=ORIENTED_EDGE('',*,*,#3243,.F.);
#4148=ORIENTED_EDGE('',*,*,#2831,.F.);
#4149=ORIENTED_EDGE('',*,*,#3244,.F.);
#4150=ORIENTED_EDGE('',*,*,#2981,.F.);
#4151=ORIENTED_EDGE('',*,*,#3245,.F.);
#4152=ORIENTED_EDGE('',*,*,#2843,.F.);
#4153=ORIENTED_EDGE('',*,*,#3246,.F.);
#4154=ORIENTED_EDGE('',*,*,#2969,.F.);
#4155=ORIENTED_EDGE('',*,*,#3247,.F.);
#4156=ORIENTED_EDGE('',*,*,#2875,.F.);
#4157=ORIENTED_EDGE('',*,*,#3248,.F.);
#4158=ORIENTED_EDGE('',*,*,#2937,.F.);
#4159=ORIENTED_EDGE('',*,*,#3249,.F.);
#4160=ORIENTED_EDGE('',*,*,#2925,.F.);
#4161=ORIENTED_EDGE('',*,*,#3250,.F.);
#4162=ORIENTED_EDGE('',*,*,#2887,.F.);
#4163=ORIENTED_EDGE('',*,*,#3251,.F.);
#4164=ORIENTED_EDGE('',*,*,#2921,.F.);
#4165=ORIENTED_EDGE('',*,*,#3252,.F.);
#4166=ORIENTED_EDGE('',*,*,#2760,.F.);
#4167=ORIENTED_EDGE('',*,*,#3253,.F.);
#4168=ORIENTED_EDGE('',*,*,#2766,.F.);
#4169=ORIENTED_EDGE('',*,*,#3254,.F.);
#4170=ORIENTED_EDGE('',*,*,#2915,.F.);
#4171=ORIENTED_EDGE('',*,*,#3251,.T.);
#4172=ORIENTED_EDGE('',*,*,#2890,.F.);
#4173=ORIENTED_EDGE('',*,*,#3255,.F.);
#4174=ORIENTED_EDGE('',*,*,#2922,.T.);
#4175=ORIENTED_EDGE('',*,*,#3252,.T.);
#4176=ORIENTED_EDGE('',*,*,#2920,.F.);
#4177=ORIENTED_EDGE('',*,*,#3256,.F.);
#4178=ORIENTED_EDGE('',*,*,#2761,.T.);
#4179=ORIENTED_EDGE('',*,*,#3254,.T.);
#4180=ORIENTED_EDGE('',*,*,#2765,.T.);
#4181=ORIENTED_EDGE('',*,*,#3257,.F.);
#4182=ORIENTED_EDGE('',*,*,#2916,.F.);
#4183=ORIENTED_EDGE('',*,*,#3247,.T.);
#4184=ORIENTED_EDGE('',*,*,#2936,.F.);
#4185=ORIENTED_EDGE('',*,*,#3258,.F.);
#4186=ORIENTED_EDGE('',*,*,#2876,.T.);
#4187=ORIENTED_EDGE('',*,*,#3201,.T.);
#4188=ORIENTED_EDGE('',*,*,#2781,.T.);
#4189=ORIENTED_EDGE('',*,*,#3259,.F.);
#4190=ORIENTED_EDGE('',*,*,#3037,.F.);
#4191=ORIENTED_EDGE('',*,*,#3248,.T.);
#4192=ORIENTED_EDGE('',*,*,#2874,.F.);
#4193=ORIENTED_EDGE('',*,*,#3260,.F.);
#4194=ORIENTED_EDGE('',*,*,#2938,.T.);
#4195=ORIENTED_EDGE('',*,*,#3245,.T.);
#4196=ORIENTED_EDGE('',*,*,#2968,.F.);
#4197=ORIENTED_EDGE('',*,*,#3261,.F.);
#4198=ORIENTED_EDGE('',*,*,#2844,.T.);
#4199=ORIENTED_EDGE('',*,*,#3197,.T.);
#4200=ORIENTED_EDGE('',*,*,#2813,.T.);
#4201=ORIENTED_EDGE('',*,*,#3262,.F.);
#4202=ORIENTED_EDGE('',*,*,#3005,.F.);
#4203=ORIENTED_EDGE('',*,*,#3246,.T.);
#4204=ORIENTED_EDGE('',*,*,#2842,.F.);
#4205=ORIENTED_EDGE('',*,*,#3263,.F.);
#4206=ORIENTED_EDGE('',*,*,#2970,.T.);
#4207=ORIENTED_EDGE('',*,*,#3243,.T.);
#4208=ORIENTED_EDGE('',*,*,#2980,.F.);
#4209=ORIENTED_EDGE('',*,*,#3264,.F.);
#4210=ORIENTED_EDGE('',*,*,#2832,.T.);
#4211=ORIENTED_EDGE('',*,*,#3191,.T.);
#4212=ORIENTED_EDGE('',*,*,#2825,.T.);
#4213=ORIENTED_EDGE('',*,*,#3265,.F.);
#4214=ORIENTED_EDGE('',*,*,#2993,.F.);
#4215=ORIENTED_EDGE('',*,*,#3244,.T.);
#4216=ORIENTED_EDGE('',*,*,#2830,.F.);
#4217=ORIENTED_EDGE('',*,*,#3266,.F.);
#4218=ORIENTED_EDGE('',*,*,#2982,.T.);
#4219=ORIENTED_EDGE('',*,*,#3240,.T.);
#4220=ORIENTED_EDGE('',*,*,#3267,.F.);
#4221=ORIENTED_EDGE('',*,*,#3268,.F.);
#4222=ORIENTED_EDGE('',*,*,#2856,.T.);
#4223=ORIENTED_EDGE('',*,*,#3186,.T.);
#4224=ORIENTED_EDGE('',*,*,#2801,.T.);
#4225=ORIENTED_EDGE('',*,*,#3269,.F.);
#4226=ORIENTED_EDGE('',*,*,#3270,.F.);
#4227=ORIENTED_EDGE('',*,*,#3241,.T.);
#4228=ORIENTED_EDGE('',*,*,#2854,.F.);
#4229=ORIENTED_EDGE('',*,*,#3271,.F.);
#4230=ORIENTED_EDGE('',*,*,#3272,.T.);
#4231=ORIENTED_EDGE('',*,*,#3234,.T.);
#4232=ORIENTED_EDGE('',*,*,#3273,.F.);
#4233=ORIENTED_EDGE('',*,*,#3274,.F.);
#4234=ORIENTED_EDGE('',*,*,#2864,.T.);
#4235=ORIENTED_EDGE('',*,*,#3183,.T.);
#4236=ORIENTED_EDGE('',*,*,#2793,.T.);
#4237=ORIENTED_EDGE('',*,*,#3275,.F.);
#4238=ORIENTED_EDGE('',*,*,#3276,.F.);
#4239=ORIENTED_EDGE('',*,*,#3235,.T.);
#4240=ORIENTED_EDGE('',*,*,#2862,.F.);
#4241=ORIENTED_EDGE('',*,*,#3277,.F.);
#4242=ORIENTED_EDGE('',*,*,#3278,.T.);
#4243=ORIENTED_EDGE('',*,*,#3211,.T.);
#4244=ORIENTED_EDGE('',*,*,#2932,.F.);
#4245=ORIENTED_EDGE('',*,*,#3279,.F.);
#4246=ORIENTED_EDGE('',*,*,#2880,.T.);
#4247=ORIENTED_EDGE('',*,*,#3199,.T.);
#4248=ORIENTED_EDGE('',*,*,#2777,.T.);
#4249=ORIENTED_EDGE('',*,*,#3280,.F.);
#4250=ORIENTED_EDGE('',*,*,#3041,.F.);
#4251=ORIENTED_EDGE('',*,*,#3212,.T.);
#4252=ORIENTED_EDGE('',*,*,#2878,.F.);
#4253=ORIENTED_EDGE('',*,*,#3281,.F.);
#4254=ORIENTED_EDGE('',*,*,#2934,.T.);
#4255=ORIENTED_EDGE('',*,*,#3249,.T.);
#4256=ORIENTED_EDGE('',*,*,#2886,.F.);
#4257=ORIENTED_EDGE('',*,*,#3282,.F.);
#4258=ORIENTED_EDGE('',*,*,#2926,.T.);
#4259=ORIENTED_EDGE('',*,*,#3250,.T.);
#4260=ORIENTED_EDGE('',*,*,#2924,.F.);
#4261=ORIENTED_EDGE('',*,*,#3283,.F.);
#4262=ORIENTED_EDGE('',*,*,#2888,.T.);
#4263=ORIENTED_EDGE('',*,*,#3180,.T.);
#4264=ORIENTED_EDGE('',*,*,#2769,.T.);
#4265=ORIENTED_EDGE('',*,*,#3284,.F.);
#4266=ORIENTED_EDGE('',*,*,#3049,.F.);
#4267=ORIENTED_EDGE('',*,*,#3207,.T.);
#4268=ORIENTED_EDGE('',*,*,#2940,.F.);
#4269=ORIENTED_EDGE('',*,*,#3285,.F.);
#4270=ORIENTED_EDGE('',*,*,#2872,.T.);
#4271=ORIENTED_EDGE('',*,*,#3177,.T.);
#4272=ORIENTED_EDGE('',*,*,#2785,.T.);
#4273=ORIENTED_EDGE('',*,*,#3286,.F.);
#4274=ORIENTED_EDGE('',*,*,#3033,.F.);
#4275=ORIENTED_EDGE('',*,*,#3208,.T.);
#4276=ORIENTED_EDGE('',*,*,#2870,.F.);
#4277=ORIENTED_EDGE('',*,*,#3287,.F.);
#4278=ORIENTED_EDGE('',*,*,#2942,.T.);
#4279=ORIENTED_EDGE('',*,*,#3237,.T.);
#4280=ORIENTED_EDGE('',*,*,#3288,.F.);
#4281=ORIENTED_EDGE('',*,*,#3289,.F.);
#4282=ORIENTED_EDGE('',*,*,#2860,.T.);
#4283=ORIENTED_EDGE('',*,*,#3174,.T.);
#4284=ORIENTED_EDGE('',*,*,#2797,.T.);
#4285=ORIENTED_EDGE('',*,*,#3290,.F.);
#4286=ORIENTED_EDGE('',*,*,#3291,.F.);
#4287=ORIENTED_EDGE('',*,*,#3238,.T.);
#4288=ORIENTED_EDGE('',*,*,#2858,.F.);
#4289=ORIENTED_EDGE('',*,*,#3292,.F.);
#4290=ORIENTED_EDGE('',*,*,#3293,.T.);
#4291=ORIENTED_EDGE('',*,*,#3213,.T.);
#4292=ORIENTED_EDGE('',*,*,#3294,.F.);
#4293=ORIENTED_EDGE('',*,*,#3295,.F.);
#4294=ORIENTED_EDGE('',*,*,#2852,.T.);
#4295=ORIENTED_EDGE('',*,*,#3171,.T.);
#4296=ORIENTED_EDGE('',*,*,#2805,.T.);
#4297=ORIENTED_EDGE('',*,*,#3296,.F.);
#4298=ORIENTED_EDGE('',*,*,#3297,.F.);
#4299=ORIENTED_EDGE('',*,*,#3214,.T.);
#4300=ORIENTED_EDGE('',*,*,#2850,.F.);
#4301=ORIENTED_EDGE('',*,*,#3298,.F.);
#4302=ORIENTED_EDGE('',*,*,#3299,.T.);
#4303=ORIENTED_EDGE('',*,*,#3205,.T.);
#4304=ORIENTED_EDGE('',*,*,#2972,.F.);
#4305=ORIENTED_EDGE('',*,*,#3300,.F.);
#4306=ORIENTED_EDGE('',*,*,#2840,.T.);
#4307=ORIENTED_EDGE('',*,*,#3169,.T.);
#4308=ORIENTED_EDGE('',*,*,#2817,.T.);
#4309=ORIENTED_EDGE('',*,*,#3301,.F.);
#4310=ORIENTED_EDGE('',*,*,#3001,.F.);
#4311=ORIENTED_EDGE('',*,*,#3206,.T.);
#4312=ORIENTED_EDGE('',*,*,#2838,.F.);
#4313=ORIENTED_EDGE('',*,*,#3302,.F.);
#4314=ORIENTED_EDGE('',*,*,#2974,.T.);
#4315=ORIENTED_EDGE('',*,*,#3203,.T.);
#4316=ORIENTED_EDGE('',*,*,#2976,.F.);
#4317=ORIENTED_EDGE('',*,*,#3303,.F.);
#4318=ORIENTED_EDGE('',*,*,#2836,.T.);
#4319=ORIENTED_EDGE('',*,*,#3189,.T.);
#4320=ORIENTED_EDGE('',*,*,#2821,.T.);
#4321=ORIENTED_EDGE('',*,*,#3304,.F.);
#4322=ORIENTED_EDGE('',*,*,#2997,.F.);
#4323=ORIENTED_EDGE('',*,*,#3204,.T.);
#4324=ORIENTED_EDGE('',*,*,#2834,.F.);
#4325=ORIENTED_EDGE('',*,*,#3305,.F.);
#4326=ORIENTED_EDGE('',*,*,#2978,.T.);
#4327=ORIENTED_EDGE('',*,*,#3232,.T.);
#4328=ORIENTED_EDGE('',*,*,#2944,.F.);
#4329=ORIENTED_EDGE('',*,*,#3306,.F.);
#4330=ORIENTED_EDGE('',*,*,#2868,.T.);
#4331=ORIENTED_EDGE('',*,*,#3167,.T.);
#4332=ORIENTED_EDGE('',*,*,#2789,.T.);
#4333=ORIENTED_EDGE('',*,*,#3307,.F.);
#4334=ORIENTED_EDGE('',*,*,#3029,.F.);
#4335=ORIENTED_EDGE('',*,*,#3233,.T.);
#4336=ORIENTED_EDGE('',*,*,#2866,.F.);
#4337=ORIENTED_EDGE('',*,*,#3308,.F.);
#4338=ORIENTED_EDGE('',*,*,#2946,.T.);
#4339=ORIENTED_EDGE('',*,*,#3209,.T.);
#4340=ORIENTED_EDGE('',*,*,#2928,.F.);
#4341=ORIENTED_EDGE('',*,*,#3309,.F.);
#4342=ORIENTED_EDGE('',*,*,#2884,.T.);
#4343=ORIENTED_EDGE('',*,*,#3181,.T.);
#4344=ORIENTED_EDGE('',*,*,#2773,.T.);
#4345=ORIENTED_EDGE('',*,*,#3310,.F.);
#4346=ORIENTED_EDGE('',*,*,#3045,.F.);
#4347=ORIENTED_EDGE('',*,*,#3210,.T.);
#4348=ORIENTED_EDGE('',*,*,#2882,.F.);
#4349=ORIENTED_EDGE('',*,*,#3311,.F.);
#4350=ORIENTED_EDGE('',*,*,#2930,.T.);
#4351=ORIENTED_EDGE('',*,*,#3229,.T.);
#4352=ORIENTED_EDGE('',*,*,#3312,.F.);
#4353=ORIENTED_EDGE('',*,*,#3313,.F.);
#4354=ORIENTED_EDGE('',*,*,#2950,.T.);
#4355=ORIENTED_EDGE('',*,*,#3164,.T.);
#4356=ORIENTED_EDGE('',*,*,#3023,.T.);
#4357=ORIENTED_EDGE('',*,*,#3314,.F.);
#4358=ORIENTED_EDGE('',*,*,#3315,.F.);
#4359=ORIENTED_EDGE('',*,*,#3230,.T.);
#4360=ORIENTED_EDGE('',*,*,#2948,.F.);
#4361=ORIENTED_EDGE('',*,*,#3316,.F.);
#4362=ORIENTED_EDGE('',*,*,#3317,.T.);
#4363=ORIENTED_EDGE('',*,*,#3223,.T.);
#4364=ORIENTED_EDGE('',*,*,#3318,.F.);
#4365=ORIENTED_EDGE('',*,*,#3319,.F.);
#4366=ORIENTED_EDGE('',*,*,#2958,.T.);
#4367=ORIENTED_EDGE('',*,*,#3161,.T.);
#4368=ORIENTED_EDGE('',*,*,#3015,.T.);
#4369=ORIENTED_EDGE('',*,*,#3320,.F.);
#4370=ORIENTED_EDGE('',*,*,#3321,.F.);
#4371=ORIENTED_EDGE('',*,*,#3224,.T.);
#4372=ORIENTED_EDGE('',*,*,#2956,.F.);
#4373=ORIENTED_EDGE('',*,*,#3322,.F.);
#4374=ORIENTED_EDGE('',*,*,#3323,.T.);
#4375=ORIENTED_EDGE('',*,*,#3216,.T.);
#4376=ORIENTED_EDGE('',*,*,#2846,.F.);
#4377=ORIENTED_EDGE('',*,*,#3324,.F.);
#4378=ORIENTED_EDGE('',*,*,#2966,.T.);
#4379=ORIENTED_EDGE('',*,*,#3193,.T.);
#4380=ORIENTED_EDGE('',*,*,#3007,.T.);
#4381=ORIENTED_EDGE('',*,*,#3325,.F.);
#4382=ORIENTED_EDGE('',*,*,#2811,.F.);
#4383=ORIENTED_EDGE('',*,*,#3219,.T.);
#4384=ORIENTED_EDGE('',*,*,#3326,.F.);
#4385=ORIENTED_EDGE('',*,*,#3327,.F.);
#4386=ORIENTED_EDGE('',*,*,#2848,.T.);
#4387=ORIENTED_EDGE('',*,*,#3194,.T.);
#4388=ORIENTED_EDGE('',*,*,#2809,.T.);
#4389=ORIENTED_EDGE('',*,*,#3328,.F.);
#4390=ORIENTED_EDGE('',*,*,#3329,.F.);
#4391=ORIENTED_EDGE('',*,*,#3217,.T.);
#4392=ORIENTED_EDGE('',*,*,#2964,.F.);
#4393=ORIENTED_EDGE('',*,*,#3330,.F.);
#4394=ORIENTED_EDGE('',*,*,#3331,.T.);
#4395=ORIENTED_EDGE('',*,*,#3220,.T.);
#4396=ORIENTED_EDGE('',*,*,#3332,.F.);
#4397=ORIENTED_EDGE('',*,*,#3333,.F.);
#4398=ORIENTED_EDGE('',*,*,#2962,.T.);
#4399=ORIENTED_EDGE('',*,*,#3158,.T.);
#4400=ORIENTED_EDGE('',*,*,#3011,.T.);
#4401=ORIENTED_EDGE('',*,*,#3334,.F.);
#4402=ORIENTED_EDGE('',*,*,#3335,.F.);
#4403=ORIENTED_EDGE('',*,*,#3221,.T.);
#4404=ORIENTED_EDGE('',*,*,#2960,.F.);
#4405=ORIENTED_EDGE('',*,*,#3336,.F.);
#4406=ORIENTED_EDGE('',*,*,#3337,.T.);
#4407=ORIENTED_EDGE('',*,*,#3226,.T.);
#4408=ORIENTED_EDGE('',*,*,#3338,.F.);
#4409=ORIENTED_EDGE('',*,*,#3339,.F.);
#4410=ORIENTED_EDGE('',*,*,#2954,.T.);
#4411=ORIENTED_EDGE('',*,*,#3155,.T.);
#4412=ORIENTED_EDGE('',*,*,#3019,.T.);
#4413=ORIENTED_EDGE('',*,*,#3340,.F.);
#4414=ORIENTED_EDGE('',*,*,#3341,.F.);
#4415=ORIENTED_EDGE('',*,*,#3242,.T.);
#4416=ORIENTED_EDGE('',*,*,#3272,.F.);
#4417=ORIENTED_EDGE('',*,*,#3342,.F.);
#4418=ORIENTED_EDGE('',*,*,#3294,.T.);
#4419=ORIENTED_EDGE('',*,*,#3215,.T.);
#4420=ORIENTED_EDGE('',*,*,#3299,.F.);
#4421=ORIENTED_EDGE('',*,*,#3343,.F.);
#4422=ORIENTED_EDGE('',*,*,#3326,.T.);
#4423=ORIENTED_EDGE('',*,*,#3218,.T.);
#4424=ORIENTED_EDGE('',*,*,#3331,.F.);
#4425=ORIENTED_EDGE('',*,*,#3344,.F.);
#4426=ORIENTED_EDGE('',*,*,#3332,.T.);
#4427=ORIENTED_EDGE('',*,*,#3222,.T.);
#4428=ORIENTED_EDGE('',*,*,#3337,.F.);
#4429=ORIENTED_EDGE('',*,*,#3345,.F.);
#4430=ORIENTED_EDGE('',*,*,#3318,.T.);
#4431=ORIENTED_EDGE('',*,*,#3225,.T.);
#4432=ORIENTED_EDGE('',*,*,#3323,.F.);
#4433=ORIENTED_EDGE('',*,*,#3346,.F.);
#4434=ORIENTED_EDGE('',*,*,#3338,.T.);
#4435=ORIENTED_EDGE('',*,*,#3228,.T.);
#4436=ORIENTED_EDGE('',*,*,#3347,.F.);
#4437=ORIENTED_EDGE('',*,*,#3348,.F.);
#4438=ORIENTED_EDGE('',*,*,#3312,.T.);
#4439=ORIENTED_EDGE('',*,*,#3231,.T.);
#4440=ORIENTED_EDGE('',*,*,#3317,.F.);
#4441=ORIENTED_EDGE('',*,*,#3349,.F.);
#4442=ORIENTED_EDGE('',*,*,#3273,.T.);
#4443=ORIENTED_EDGE('',*,*,#3236,.T.);
#4444=ORIENTED_EDGE('',*,*,#3278,.F.);
#4445=ORIENTED_EDGE('',*,*,#3350,.F.);
#4446=ORIENTED_EDGE('',*,*,#3288,.T.);
#4447=ORIENTED_EDGE('',*,*,#3239,.T.);
#4448=ORIENTED_EDGE('',*,*,#3293,.F.);
#4449=ORIENTED_EDGE('',*,*,#3351,.F.);
#4450=ORIENTED_EDGE('',*,*,#3352,.T.);
#4451=ORIENTED_EDGE('',*,*,#3096,.F.);
#4452=ORIENTED_EDGE('',*,*,#3352,.F.);
#4453=ORIENTED_EDGE('',*,*,#3353,.F.);
#4454=ORIENTED_EDGE('',*,*,#3267,.T.);
#4455=ORIENTED_EDGE('',*,*,#3227,.T.);
#4456=ORIENTED_EDGE('',*,*,#2952,.F.);
#4457=ORIENTED_EDGE('',*,*,#3354,.F.);
#4458=ORIENTED_EDGE('',*,*,#3347,.T.);
#4459=ORIENTED_EDGE('',*,*,#3253,.T.);
#4460=ORIENTED_EDGE('',*,*,#3051,.T.);
#4461=ORIENTED_EDGE('',*,*,#3355,.F.);
#4462=ORIENTED_EDGE('',*,*,#2767,.F.);
#4463=ORIENTED_EDGE('',*,*,#3257,.T.);
#4464=ORIENTED_EDGE('',*,*,#2764,.T.);
#4465=ORIENTED_EDGE('',*,*,#3356,.T.);
#4466=ORIENTED_EDGE('',*,*,#2917,.F.);
#4467=ORIENTED_EDGE('',*,*,#3355,.T.);
#4468=ORIENTED_EDGE('',*,*,#3050,.F.);
#4469=ORIENTED_EDGE('',*,*,#3284,.T.);
#4470=ORIENTED_EDGE('',*,*,#2768,.T.);
#4471=ORIENTED_EDGE('',*,*,#3256,.T.);
#4472=ORIENTED_EDGE('',*,*,#2919,.T.);
#4473=ORIENTED_EDGE('',*,*,#3357,.T.);
#4474=ORIENTED_EDGE('',*,*,#2762,.F.);
#4475=ORIENTED_EDGE('',*,*,#3202,.T.);
#4476=ORIENTED_EDGE('',*,*,#3035,.T.);
#4477=ORIENTED_EDGE('',*,*,#3358,.F.);
#4478=ORIENTED_EDGE('',*,*,#2783,.F.);
#4479=ORIENTED_EDGE('',*,*,#3259,.T.);
#4480=ORIENTED_EDGE('',*,*,#2780,.T.);
#4481=ORIENTED_EDGE('',*,*,#3359,.T.);
#4482=ORIENTED_EDGE('',*,*,#3038,.F.);
#4483=ORIENTED_EDGE('',*,*,#3358,.T.);
#4484=ORIENTED_EDGE('',*,*,#3034,.F.);
#4485=ORIENTED_EDGE('',*,*,#3286,.T.);
#4486=ORIENTED_EDGE('',*,*,#2784,.T.);
#4487=ORIENTED_EDGE('',*,*,#3258,.T.);
#4488=ORIENTED_EDGE('',*,*,#2935,.T.);
#4489=ORIENTED_EDGE('',*,*,#3281,.T.);
#4490=ORIENTED_EDGE('',*,*,#2877,.F.);
#4491=ORIENTED_EDGE('',*,*,#3260,.T.);
#4492=ORIENTED_EDGE('',*,*,#2873,.F.);
#4493=ORIENTED_EDGE('',*,*,#3285,.T.);
#4494=ORIENTED_EDGE('',*,*,#2939,.T.);
#4495=ORIENTED_EDGE('',*,*,#3166,.T.);
#4496=ORIENTED_EDGE('',*,*,#3360,.T.);
#4497=ORIENTED_EDGE('',*,*,#3361,.F.);
#4498=ORIENTED_EDGE('',*,*,#3025,.F.);
#4499=ORIENTED_EDGE('',*,*,#3314,.T.);
#4500=ORIENTED_EDGE('',*,*,#3022,.F.);
#4501=ORIENTED_EDGE('',*,*,#3362,.T.);
#4502=ORIENTED_EDGE('',*,*,#3363,.T.);
#4503=ORIENTED_EDGE('',*,*,#3361,.T.);
#4504=ORIENTED_EDGE('',*,*,#3364,.T.);
#4505=ORIENTED_EDGE('',*,*,#3275,.T.);
#4506=ORIENTED_EDGE('',*,*,#2792,.T.);
#4507=ORIENTED_EDGE('',*,*,#3365,.T.);
#4508=ORIENTED_EDGE('',*,*,#3026,.F.);
#4509=ORIENTED_EDGE('',*,*,#3313,.T.);
#4510=ORIENTED_EDGE('',*,*,#3348,.T.);
#4511=ORIENTED_EDGE('',*,*,#3354,.T.);
#4512=ORIENTED_EDGE('',*,*,#2951,.T.);
#4513=ORIENTED_EDGE('',*,*,#3316,.T.);
#4514=ORIENTED_EDGE('',*,*,#2947,.T.);
#4515=ORIENTED_EDGE('',*,*,#3308,.T.);
#4516=ORIENTED_EDGE('',*,*,#2865,.F.);
#4517=ORIENTED_EDGE('',*,*,#3274,.T.);
#4518=ORIENTED_EDGE('',*,*,#3349,.T.);
#4519=ORIENTED_EDGE('',*,*,#3163,.T.);
#4520=ORIENTED_EDGE('',*,*,#3366,.T.);
#4521=ORIENTED_EDGE('',*,*,#3367,.F.);
#4522=ORIENTED_EDGE('',*,*,#3017,.F.);
#4523=ORIENTED_EDGE('',*,*,#3320,.T.);
#4524=ORIENTED_EDGE('',*,*,#3014,.F.);
#4525=ORIENTED_EDGE('',*,*,#3368,.T.);
#4526=ORIENTED_EDGE('',*,*,#3369,.T.);
#4527=ORIENTED_EDGE('',*,*,#3367,.T.);
#4528=ORIENTED_EDGE('',*,*,#3370,.T.);
#4529=ORIENTED_EDGE('',*,*,#3340,.T.);
#4530=ORIENTED_EDGE('',*,*,#3018,.F.);
#4531=ORIENTED_EDGE('',*,*,#3319,.T.);
#4532=ORIENTED_EDGE('',*,*,#3345,.T.);
#4533=ORIENTED_EDGE('',*,*,#3336,.T.);
#4534=ORIENTED_EDGE('',*,*,#2959,.T.);
#4535=ORIENTED_EDGE('',*,*,#3322,.T.);
#4536=ORIENTED_EDGE('',*,*,#2955,.T.);
#4537=ORIENTED_EDGE('',*,*,#3339,.T.);
#4538=ORIENTED_EDGE('',*,*,#3346,.T.);
#4539=ORIENTED_EDGE('',*,*,#3198,.T.);
#4540=ORIENTED_EDGE('',*,*,#3003,.T.);
#4541=ORIENTED_EDGE('',*,*,#3371,.F.);
#4542=ORIENTED_EDGE('',*,*,#2815,.F.);
#4543=ORIENTED_EDGE('',*,*,#3261,.T.);
#4544=ORIENTED_EDGE('',*,*,#2967,.T.);
#4545=ORIENTED_EDGE('',*,*,#3324,.T.);
#4546=ORIENTED_EDGE('',*,*,#2845,.F.);
#4547=ORIENTED_EDGE('',*,*,#3263,.T.);
#4548=ORIENTED_EDGE('',*,*,#2841,.F.);
#4549=ORIENTED_EDGE('',*,*,#3300,.T.);
#4550=ORIENTED_EDGE('',*,*,#2971,.T.);
#4551=ORIENTED_EDGE('',*,*,#3262,.T.);
#4552=ORIENTED_EDGE('',*,*,#2812,.T.);
#4553=ORIENTED_EDGE('',*,*,#3325,.T.);
#4554=ORIENTED_EDGE('',*,*,#3006,.F.);
#4555=ORIENTED_EDGE('',*,*,#3371,.T.);
#4556=ORIENTED_EDGE('',*,*,#3002,.F.);
#4557=ORIENTED_EDGE('',*,*,#3301,.T.);
#4558=ORIENTED_EDGE('',*,*,#2816,.T.);
#4559=ORIENTED_EDGE('',*,*,#3192,.T.);
#4560=ORIENTED_EDGE('',*,*,#2991,.T.);
#4561=ORIENTED_EDGE('',*,*,#3372,.F.);
#4562=ORIENTED_EDGE('',*,*,#2827,.F.);
#4563=ORIENTED_EDGE('',*,*,#3265,.T.);
#4564=ORIENTED_EDGE('',*,*,#2824,.T.);
#4565=ORIENTED_EDGE('',*,*,#3373,.T.);
#4566=ORIENTED_EDGE('',*,*,#2994,.F.);
#4567=ORIENTED_EDGE('',*,*,#3372,.T.);
#4568=ORIENTED_EDGE('',*,*,#2990,.F.);
#4569=ORIENTED_EDGE('',*,*,#2730,.F.);
#4570=ORIENTED_EDGE('',*,*,#2828,.T.);
#4571=ORIENTED_EDGE('',*,*,#3264,.T.);
#4572=ORIENTED_EDGE('',*,*,#2979,.T.);
#4573=ORIENTED_EDGE('',*,*,#3305,.T.);
#4574=ORIENTED_EDGE('',*,*,#2833,.F.);
#4575=ORIENTED_EDGE('',*,*,#3266,.T.);
#4576=ORIENTED_EDGE('',*,*,#2829,.F.);
#4577=ORIENTED_EDGE('',*,*,#2728,.F.);
#4578=ORIENTED_EDGE('',*,*,#2983,.T.);
#4579=ORIENTED_EDGE('',*,*,#3196,.T.);
#4580=ORIENTED_EDGE('',*,*,#3374,.T.);
#4581=ORIENTED_EDGE('',*,*,#3375,.F.);
#4582=ORIENTED_EDGE('',*,*,#3009,.F.);
#4583=ORIENTED_EDGE('',*,*,#3375,.T.);
#4584=ORIENTED_EDGE('',*,*,#3376,.T.);
#4585=ORIENTED_EDGE('',*,*,#3334,.T.);
#4586=ORIENTED_EDGE('',*,*,#3010,.F.);
#4587=ORIENTED_EDGE('',*,*,#3328,.T.);
#4588=ORIENTED_EDGE('',*,*,#2808,.T.);
#4589=ORIENTED_EDGE('',*,*,#3377,.T.);
#4590=ORIENTED_EDGE('',*,*,#3378,.T.);
#4591=ORIENTED_EDGE('',*,*,#3327,.T.);
#4592=ORIENTED_EDGE('',*,*,#3343,.T.);
#4593=ORIENTED_EDGE('',*,*,#3298,.T.);
#4594=ORIENTED_EDGE('',*,*,#2849,.F.);
#4595=ORIENTED_EDGE('',*,*,#3188,.T.);
#4596=ORIENTED_EDGE('',*,*,#3379,.T.);
#4597=ORIENTED_EDGE('',*,*,#3380,.F.);
#4598=ORIENTED_EDGE('',*,*,#2803,.F.);
#4599=ORIENTED_EDGE('',*,*,#3269,.T.);
#4600=ORIENTED_EDGE('',*,*,#2800,.T.);
#4601=ORIENTED_EDGE('',*,*,#3381,.T.);
#4602=ORIENTED_EDGE('',*,*,#3382,.T.);
#4603=ORIENTED_EDGE('',*,*,#3383,.T.);
#4604=ORIENTED_EDGE('',*,*,#3380,.T.);
#4605=ORIENTED_EDGE('',*,*,#3384,.T.);
#4606=ORIENTED_EDGE('',*,*,#3296,.T.);
#4607=ORIENTED_EDGE('',*,*,#2804,.T.);
#4608=ORIENTED_EDGE('',*,*,#3268,.T.);
#4609=ORIENTED_EDGE('',*,*,#3353,.T.);
#4610=ORIENTED_EDGE('',*,*,#3351,.T.);
#4611=ORIENTED_EDGE('',*,*,#3292,.T.);
#4612=ORIENTED_EDGE('',*,*,#2857,.F.);
#4613=ORIENTED_EDGE('',*,*,#3271,.T.);
#4614=ORIENTED_EDGE('',*,*,#2853,.F.);
#4615=ORIENTED_EDGE('',*,*,#3295,.T.);
#4616=ORIENTED_EDGE('',*,*,#3342,.T.);
#4617=ORIENTED_EDGE('',*,*,#3185,.T.);
#4618=ORIENTED_EDGE('',*,*,#3385,.T.);
#4619=ORIENTED_EDGE('',*,*,#3386,.F.);
#4620=ORIENTED_EDGE('',*,*,#2795,.F.);
#4621=ORIENTED_EDGE('',*,*,#3386,.T.);
#4622=ORIENTED_EDGE('',*,*,#3387,.T.);
#4623=ORIENTED_EDGE('',*,*,#3290,.T.);
#4624=ORIENTED_EDGE('',*,*,#2796,.T.);
#4625=ORIENTED_EDGE('',*,*,#3277,.T.);
#4626=ORIENTED_EDGE('',*,*,#2861,.F.);
#4627=ORIENTED_EDGE('',*,*,#3289,.T.);
#4628=ORIENTED_EDGE('',*,*,#3350,.T.);
#4629=ORIENTED_EDGE('',*,*,#3200,.T.);
#4630=ORIENTED_EDGE('',*,*,#3039,.T.);
#4631=ORIENTED_EDGE('',*,*,#3359,.F.);
#4632=ORIENTED_EDGE('',*,*,#2779,.F.);
#4633=ORIENTED_EDGE('',*,*,#3280,.T.);
#4634=ORIENTED_EDGE('',*,*,#2776,.T.);
#4635=ORIENTED_EDGE('',*,*,#3388,.T.);
#4636=ORIENTED_EDGE('',*,*,#3042,.F.);
#4637=ORIENTED_EDGE('',*,*,#3279,.T.);
#4638=ORIENTED_EDGE('',*,*,#2931,.T.);
#4639=ORIENTED_EDGE('',*,*,#3311,.T.);
#4640=ORIENTED_EDGE('',*,*,#2881,.F.);
#4641=ORIENTED_EDGE('',*,*,#3179,.T.);
#4642=ORIENTED_EDGE('',*,*,#3047,.T.);
#4643=ORIENTED_EDGE('',*,*,#3389,.F.);
#4644=ORIENTED_EDGE('',*,*,#2771,.F.);
#4645=ORIENTED_EDGE('',*,*,#3389,.T.);
#4646=ORIENTED_EDGE('',*,*,#3046,.F.);
#4647=ORIENTED_EDGE('',*,*,#3310,.T.);
#4648=ORIENTED_EDGE('',*,*,#2772,.T.);
#4649=ORIENTED_EDGE('',*,*,#3255,.T.);
#4650=ORIENTED_EDGE('',*,*,#2889,.F.);
#4651=ORIENTED_EDGE('',*,*,#3283,.T.);
#4652=ORIENTED_EDGE('',*,*,#2923,.T.);
#4653=ORIENTED_EDGE('',*,*,#3178,.T.);
#4654=ORIENTED_EDGE('',*,*,#3031,.T.);
#4655=ORIENTED_EDGE('',*,*,#3390,.F.);
#4656=ORIENTED_EDGE('',*,*,#2787,.F.);
#4657=ORIENTED_EDGE('',*,*,#3390,.T.);
#4658=ORIENTED_EDGE('',*,*,#3030,.F.);
#4659=ORIENTED_EDGE('',*,*,#3307,.T.);
#4660=ORIENTED_EDGE('',*,*,#2788,.T.);
#4661=ORIENTED_EDGE('',*,*,#3287,.T.);
#4662=ORIENTED_EDGE('',*,*,#2869,.F.);
#4663=ORIENTED_EDGE('',*,*,#3306,.T.);
#4664=ORIENTED_EDGE('',*,*,#2943,.T.);
#4665=ORIENTED_EDGE('',*,*,#3176,.T.);
#4666=ORIENTED_EDGE('',*,*,#3391,.T.);
#4667=ORIENTED_EDGE('',*,*,#3381,.F.);
#4668=ORIENTED_EDGE('',*,*,#2799,.F.);
#4669=ORIENTED_EDGE('',*,*,#3173,.T.);
#4670=ORIENTED_EDGE('',*,*,#3392,.T.);
#4671=ORIENTED_EDGE('',*,*,#3377,.F.);
#4672=ORIENTED_EDGE('',*,*,#2807,.F.);
#4673=ORIENTED_EDGE('',*,*,#3330,.T.);
#4674=ORIENTED_EDGE('',*,*,#2963,.T.);
#4675=ORIENTED_EDGE('',*,*,#3333,.T.);
#4676=ORIENTED_EDGE('',*,*,#3344,.T.);
#4677=ORIENTED_EDGE('',*,*,#3170,.T.);
#4678=ORIENTED_EDGE('',*,*,#2999,.T.);
#4679=ORIENTED_EDGE('',*,*,#3393,.F.);
#4680=ORIENTED_EDGE('',*,*,#2819,.F.);
#4681=ORIENTED_EDGE('',*,*,#3393,.T.);
#4682=ORIENTED_EDGE('',*,*,#2998,.F.);
#4683=ORIENTED_EDGE('',*,*,#3304,.T.);
#4684=ORIENTED_EDGE('',*,*,#2820,.T.);
#4685=ORIENTED_EDGE('',*,*,#3302,.T.);
#4686=ORIENTED_EDGE('',*,*,#2837,.F.);
#4687=ORIENTED_EDGE('',*,*,#3303,.T.);
#4688=ORIENTED_EDGE('',*,*,#2975,.T.);
#4689=ORIENTED_EDGE('',*,*,#3190,.T.);
#4690=ORIENTED_EDGE('',*,*,#2995,.T.);
#4691=ORIENTED_EDGE('',*,*,#3373,.F.);
#4692=ORIENTED_EDGE('',*,*,#2823,.F.);
#4693=ORIENTED_EDGE('',*,*,#3160,.T.);
#4694=ORIENTED_EDGE('',*,*,#3394,.T.);
#4695=ORIENTED_EDGE('',*,*,#3368,.F.);
#4696=ORIENTED_EDGE('',*,*,#3013,.F.);
#4697=ORIENTED_EDGE('',*,*,#3157,.T.);
#4698=ORIENTED_EDGE('',*,*,#3395,.T.);
#4699=ORIENTED_EDGE('',*,*,#3362,.F.);
#4700=ORIENTED_EDGE('',*,*,#3021,.F.);
#4701=ORIENTED_EDGE('',*,*,#3168,.T.);
#4702=ORIENTED_EDGE('',*,*,#3027,.T.);
#4703=ORIENTED_EDGE('',*,*,#3365,.F.);
#4704=ORIENTED_EDGE('',*,*,#2791,.F.);
#4705=ORIENTED_EDGE('',*,*,#3182,.T.);
#4706=ORIENTED_EDGE('',*,*,#3043,.T.);
#4707=ORIENTED_EDGE('',*,*,#3388,.F.);
#4708=ORIENTED_EDGE('',*,*,#2775,.F.);
#4709=ORIENTED_EDGE('',*,*,#3282,.T.);
#4710=ORIENTED_EDGE('',*,*,#2885,.F.);
#4711=ORIENTED_EDGE('',*,*,#3309,.T.);
#4712=ORIENTED_EDGE('',*,*,#2927,.T.);
#4713=ORIENTED_EDGE('',*,*,#3396,.F.);
#4714=ORIENTED_EDGE('',*,*,#2988,.F.);
#4715=ORIENTED_EDGE('',*,*,#3397,.F.);
#4716=ORIENTED_EDGE('',*,*,#3398,.F.);
#4717=ORIENTED_EDGE('',*,*,#3399,.F.);
#4718=ORIENTED_EDGE('',*,*,#3400,.F.);
#4719=ORIENTED_EDGE('',*,*,#3401,.F.);
#4720=ORIENTED_EDGE('',*,*,#3402,.F.);
#4721=ORIENTED_EDGE('',*,*,#3398,.T.);
#4722=ORIENTED_EDGE('',*,*,#3403,.T.);
#4723=ORIENTED_EDGE('',*,*,#3404,.F.);
#4724=ORIENTED_EDGE('',*,*,#3405,.F.);
#4725=ORIENTED_EDGE('',*,*,#3406,.F.);
#4726=ORIENTED_EDGE('',*,*,#3407,.T.);
#4727=ORIENTED_EDGE('',*,*,#2733,.F.);
#4728=ORIENTED_EDGE('',*,*,#3408,.F.);
#4729=ORIENTED_EDGE('',*,*,#3397,.T.);
#4730=ORIENTED_EDGE('',*,*,#2987,.F.);
#4731=ORIENTED_EDGE('',*,*,#2734,.F.);
#4732=ORIENTED_EDGE('',*,*,#3407,.F.);
#4733=ORIENTED_EDGE('',*,*,#3409,.F.);
#4734=ORIENTED_EDGE('',*,*,#3410,.F.);
#4735=ORIENTED_EDGE('',*,*,#3411,.F.);
#4736=ORIENTED_EDGE('',*,*,#3403,.F.);
#4737=ORIENTED_EDGE('',*,*,#3401,.T.);
#4738=ORIENTED_EDGE('',*,*,#3412,.F.);
#4739=ORIENTED_EDGE('',*,*,#2743,.F.);
#4740=ORIENTED_EDGE('',*,*,#3413,.T.);
#4741=ORIENTED_EDGE('',*,*,#3400,.T.);
#4742=ORIENTED_EDGE('',*,*,#3414,.T.);
#4743=ORIENTED_EDGE('',*,*,#3415,.T.);
#4744=ORIENTED_EDGE('',*,*,#3416,.T.);
#4745=ORIENTED_EDGE('',*,*,#3417,.T.);
#4746=ORIENTED_EDGE('',*,*,#3418,.T.);
#4747=ORIENTED_EDGE('',*,*,#2744,.F.);
#4748=ORIENTED_EDGE('',*,*,#3412,.T.);
#4749=ORIENTED_EDGE('',*,*,#3419,.F.);
#4750=ORIENTED_EDGE('',*,*,#2724,.F.);
#4751=ORIENTED_EDGE('',*,*,#2986,.F.);
#4752=ORIENTED_EDGE('',*,*,#3420,.F.);
#4753=ORIENTED_EDGE('',*,*,#3421,.F.);
#4754=ORIENTED_EDGE('',*,*,#3422,.F.);
#4755=ORIENTED_EDGE('',*,*,#3423,.F.);
#4756=ORIENTED_EDGE('',*,*,#2739,.F.);
#4757=ORIENTED_EDGE('',*,*,#3419,.T.);
#4758=ORIENTED_EDGE('',*,*,#3424,.F.);
#4759=ORIENTED_EDGE('',*,*,#3425,.F.);
#4760=ORIENTED_EDGE('',*,*,#2725,.F.);
#4761=ORIENTED_EDGE('',*,*,#3423,.T.);
#4762=ORIENTED_EDGE('',*,*,#3426,.T.);
#4763=ORIENTED_EDGE('',*,*,#3427,.T.);
#4764=ORIENTED_EDGE('',*,*,#2740,.F.);
#4765=ORIENTED_EDGE('',*,*,#3422,.T.);
#4766=ORIENTED_EDGE('',*,*,#3428,.T.);
#4767=ORIENTED_EDGE('',*,*,#3429,.T.);
#4768=ORIENTED_EDGE('',*,*,#3426,.F.);
#4769=ORIENTED_EDGE('',*,*,#3421,.T.);
#4770=ORIENTED_EDGE('',*,*,#2738,.F.);
#4771=ORIENTED_EDGE('',*,*,#3430,.F.);
#4772=ORIENTED_EDGE('',*,*,#3428,.F.);
#4773=ORIENTED_EDGE('',*,*,#3399,.T.);
#4774=ORIENTED_EDGE('',*,*,#3431,.F.);
#4775=ORIENTED_EDGE('',*,*,#3432,.F.);
#4776=ORIENTED_EDGE('',*,*,#3414,.F.);
#4777=ORIENTED_EDGE('',*,*,#3433,.F.);
#4778=ORIENTED_EDGE('',*,*,#2741,.F.);
#4779=ORIENTED_EDGE('',*,*,#3418,.F.);
#4780=ORIENTED_EDGE('',*,*,#3434,.F.);
#4781=ORIENTED_EDGE('',*,*,#3432,.T.);
#4782=ORIENTED_EDGE('',*,*,#3435,.T.);
#4783=ORIENTED_EDGE('',*,*,#3436,.T.);
#4784=ORIENTED_EDGE('',*,*,#3415,.F.);
#4785=ORIENTED_EDGE('',*,*,#3402,.T.);
#4786=ORIENTED_EDGE('',*,*,#3413,.F.);
#4787=ORIENTED_EDGE('',*,*,#2742,.F.);
#4788=ORIENTED_EDGE('',*,*,#3433,.T.);
#4789=ORIENTED_EDGE('',*,*,#3437,.F.);
#4790=ORIENTED_EDGE('',*,*,#3438,.F.);
#4791=ORIENTED_EDGE('',*,*,#3435,.F.);
#4792=ORIENTED_EDGE('',*,*,#3431,.T.);
#4793=ORIENTED_EDGE('',*,*,#3411,.T.);
#4794=ORIENTED_EDGE('',*,*,#3439,.T.);
#4795=ORIENTED_EDGE('',*,*,#3440,.T.);
#4796=ORIENTED_EDGE('',*,*,#3404,.T.);
#4797=ORIENTED_EDGE('',*,*,#3396,.T.);
#4798=ORIENTED_EDGE('',*,*,#3408,.T.);
#4799=ORIENTED_EDGE('',*,*,#2732,.F.);
#4800=ORIENTED_EDGE('',*,*,#2989,.T.);
#4801=ORIENTED_EDGE('',*,*,#2746,.F.);
#4802=ORIENTED_EDGE('',*,*,#3430,.T.);
#4803=ORIENTED_EDGE('',*,*,#2737,.F.);
#4804=ORIENTED_EDGE('',*,*,#3427,.F.);
#4805=ORIENTED_EDGE('',*,*,#3429,.F.);
#4806=ORIENTED_EDGE('',*,*,#3425,.T.);
#4807=ORIENTED_EDGE('',*,*,#3441,.F.);
#4808=ORIENTED_EDGE('',*,*,#2984,.F.);
#4809=ORIENTED_EDGE('',*,*,#2726,.F.);
#4810=ORIENTED_EDGE('',*,*,#3420,.T.);
#4811=ORIENTED_EDGE('',*,*,#2985,.T.);
#4812=ORIENTED_EDGE('',*,*,#3441,.T.);
#4813=ORIENTED_EDGE('',*,*,#3424,.T.);
#4814=ORIENTED_EDGE('',*,*,#3410,.T.);
#4815=ORIENTED_EDGE('',*,*,#3442,.F.);
#4816=ORIENTED_EDGE('',*,*,#3443,.F.);
#4817=ORIENTED_EDGE('',*,*,#3439,.F.);
#4818=ORIENTED_EDGE('',*,*,#3405,.T.);
#4819=ORIENTED_EDGE('',*,*,#3440,.F.);
#4820=ORIENTED_EDGE('',*,*,#3443,.T.);
#4821=ORIENTED_EDGE('',*,*,#3444,.F.);
#4822=ORIENTED_EDGE('',*,*,#3438,.T.);
#4823=ORIENTED_EDGE('',*,*,#3445,.F.);
#4824=ORIENTED_EDGE('',*,*,#3416,.F.);
#4825=ORIENTED_EDGE('',*,*,#3436,.F.);
#4826=ORIENTED_EDGE('',*,*,#2750,.F.);
#4827=ORIENTED_EDGE('',*,*,#3074,.F.);
#4828=ORIENTED_EDGE('',*,*,#3446,.T.);
#4829=ORIENTED_EDGE('',*,*,#2736,.F.);
#4830=ORIENTED_EDGE('',*,*,#3446,.F.);
#4831=ORIENTED_EDGE('',*,*,#3089,.F.);
#4832=ORIENTED_EDGE('',*,*,#3077,.F.);
#4833=ORIENTED_EDGE('',*,*,#3085,.F.);
#4834=ORIENTED_EDGE('',*,*,#3081,.F.);
#4835=ORIENTED_EDGE('',*,*,#3139,.F.);
#4836=ORIENTED_EDGE('',*,*,#3447,.T.);
#4837=ORIENTED_EDGE('',*,*,#3382,.F.);
#4838=ORIENTED_EDGE('',*,*,#3391,.F.);
#4839=ORIENTED_EDGE('',*,*,#3175,.T.);
#4840=ORIENTED_EDGE('',*,*,#3291,.T.);
#4841=ORIENTED_EDGE('',*,*,#3387,.F.);
#4842=ORIENTED_EDGE('',*,*,#3385,.F.);
#4843=ORIENTED_EDGE('',*,*,#3184,.T.);
#4844=ORIENTED_EDGE('',*,*,#3276,.T.);
#4845=ORIENTED_EDGE('',*,*,#3364,.F.);
#4846=ORIENTED_EDGE('',*,*,#3360,.F.);
#4847=ORIENTED_EDGE('',*,*,#3165,.T.);
#4848=ORIENTED_EDGE('',*,*,#3315,.T.);
#4849=ORIENTED_EDGE('',*,*,#3363,.F.);
#4850=ORIENTED_EDGE('',*,*,#3395,.F.);
#4851=ORIENTED_EDGE('',*,*,#3156,.T.);
#4852=ORIENTED_EDGE('',*,*,#3341,.T.);
#4853=ORIENTED_EDGE('',*,*,#3370,.F.);
#4854=ORIENTED_EDGE('',*,*,#3366,.F.);
#4855=ORIENTED_EDGE('',*,*,#3162,.T.);
#4856=ORIENTED_EDGE('',*,*,#3321,.T.);
#4857=ORIENTED_EDGE('',*,*,#3369,.F.);
#4858=ORIENTED_EDGE('',*,*,#3394,.F.);
#4859=ORIENTED_EDGE('',*,*,#3159,.T.);
#4860=ORIENTED_EDGE('',*,*,#3335,.T.);
#4861=ORIENTED_EDGE('',*,*,#3376,.F.);
#4862=ORIENTED_EDGE('',*,*,#3374,.F.);
#4863=ORIENTED_EDGE('',*,*,#3195,.T.);
#4864=ORIENTED_EDGE('',*,*,#3329,.T.);
#4865=ORIENTED_EDGE('',*,*,#3378,.F.);
#4866=ORIENTED_EDGE('',*,*,#3392,.F.);
#4867=ORIENTED_EDGE('',*,*,#3172,.T.);
#4868=ORIENTED_EDGE('',*,*,#3297,.T.);
#4869=ORIENTED_EDGE('',*,*,#3384,.F.);
#4870=ORIENTED_EDGE('',*,*,#3379,.F.);
#4871=ORIENTED_EDGE('',*,*,#3187,.T.);
#4872=ORIENTED_EDGE('',*,*,#3270,.T.);
#4873=ORIENTED_EDGE('',*,*,#3383,.F.);
#4874=ORIENTED_EDGE('',*,*,#3447,.F.);
#4875=ORIENTED_EDGE('',*,*,#3150,.F.);
#4876=ORIENTED_EDGE('',*,*,#3146,.F.);
#4877=ORIENTED_EDGE('',*,*,#3154,.F.);
#4878=ORIENTED_EDGE('',*,*,#3142,.F.);
#4879=ORIENTED_EDGE('',*,*,#3107,.F.);
#4880=ORIENTED_EDGE('',*,*,#3103,.F.);
#4881=ORIENTED_EDGE('',*,*,#3111,.F.);
#4882=ORIENTED_EDGE('',*,*,#3099,.F.);
#4883=ORIENTED_EDGE('',*,*,#3118,.F.);
#4884=ORIENTED_EDGE('',*,*,#3448,.T.);
#4885=ORIENTED_EDGE('',*,*,#3449,.F.);
#4886=ORIENTED_EDGE('',*,*,#3448,.F.);
#4887=ORIENTED_EDGE('',*,*,#3121,.F.);
#4888=ORIENTED_EDGE('',*,*,#3129,.F.);
#4889=ORIENTED_EDGE('',*,*,#3125,.F.);
#4890=ORIENTED_EDGE('',*,*,#3133,.F.);
#4891=ORIENTED_EDGE('',*,*,#3054,.F.);
#4892=ORIENTED_EDGE('',*,*,#3058,.F.);
#4893=ORIENTED_EDGE('',*,*,#3062,.F.);
#4894=ORIENTED_EDGE('',*,*,#3066,.F.);
#4895=ORIENTED_EDGE('',*,*,#2901,.F.);
#4896=ORIENTED_EDGE('',*,*,#2893,.F.);
#4897=ORIENTED_EDGE('',*,*,#2897,.F.);
#4898=ORIENTED_EDGE('',*,*,#2905,.F.);
#4899=ORIENTED_EDGE('',*,*,#3356,.F.);
#4900=ORIENTED_EDGE('',*,*,#2763,.T.);
#4901=ORIENTED_EDGE('',*,*,#3357,.F.);
#4902=ORIENTED_EDGE('',*,*,#2918,.F.);
#4903=ORIENTED_EDGE('',*,*,#3449,.T.);
#4904=ORIENTED_EDGE('',*,*,#3434,.T.);
#4905=ORIENTED_EDGE('',*,*,#3417,.F.);
#4906=ORIENTED_EDGE('',*,*,#3445,.T.);
#4907=ORIENTED_EDGE('',*,*,#3437,.T.);
#4908=ORIENTED_EDGE('',*,*,#3409,.T.);
#4909=ORIENTED_EDGE('',*,*,#3406,.T.);
#4910=ORIENTED_EDGE('',*,*,#3444,.T.);
#4911=ORIENTED_EDGE('',*,*,#3442,.T.);
#4912=CONICAL_SURFACE('',#5232,2.7,0.785398163397448);
#4913=CONICAL_SURFACE('',#5241,2.7,0.785398163397437);
#4914=CONICAL_SURFACE('',#5245,2.7,0.785398163397459);
#4915=CONICAL_SURFACE('',#5254,2.7,0.785398163397437);
#4916=CONICAL_SURFACE('',#5258,2.7,0.785398163397459);
#4917=CONICAL_SURFACE('',#5262,2.7,0.78539816339747);
#4918=CONICAL_SURFACE('',#5266,2.7,0.785398163397459);
#4919=CONICAL_SURFACE('',#5275,2.7,0.785398163397448);
#4920=CONICAL_SURFACE('',#5279,2.7,0.785398163397459);
#4921=CONICAL_SURFACE('',#5283,2.7,0.785398163397459);
#4922=CONICAL_SURFACE('',#5287,2.7,0.785398163397449);
#4923=CONICAL_SURFACE('',#5297,2.7,0.785398163397449);
#4924=CONICAL_SURFACE('',#5301,2.7,0.785398163397449);
#4925=CONICAL_SURFACE('',#5305,2.7,0.785398163397449);
#4926=CONICAL_SURFACE('',#5309,2.7,0.785398163397459);
#4927=CONICAL_SURFACE('',#5319,2.7,0.785398163397459);
#4928=CONICAL_SURFACE('',#5323,2.7,0.785398163397459);
#4929=CONICAL_SURFACE('',#5327,2.7,0.785398163397459);
#4930=CONICAL_SURFACE('',#5331,2.7,0.785398163397459);
#4931=CONICAL_SURFACE('',#5341,2.7,0.785398163397459);
#4932=CONICAL_SURFACE('',#5345,2.7,0.785398163397459);
#4933=CONICAL_SURFACE('',#5349,2.7,0.785398163397459);
#4934=CONICAL_SURFACE('',#5353,2.7,0.785398163397449);
#4935=CONICAL_SURFACE('',#5363,2.7,0.785398163397449);
#4936=CONICAL_SURFACE('',#5367,2.7,0.785398163397449);
#4937=CONICAL_SURFACE('',#5371,2.7,0.785398163397449);
#4938=ADVANCED_FACE('',(#305),#4912,.F.);
#4939=ADVANCED_FACE('',(#306,#45,#46,#47,#48,#49),#81,.T.);
#4940=ADVANCED_FACE('',(#307),#15,.F.);
#4941=ADVANCED_FACE('',(#308),#4913,.F.);
#4942=ADVANCED_FACE('',(#309),#16,.F.);
#4943=ADVANCED_FACE('',(#310),#4914,.F.);
#4944=ADVANCED_FACE('',(#311,#50,#51,#52,#53,#54),#82,.T.);
#4945=ADVANCED_FACE('',(#312),#17,.F.);
#4946=ADVANCED_FACE('',(#313),#4915,.F.);
#4947=ADVANCED_FACE('',(#314),#18,.F.);
#4948=ADVANCED_FACE('',(#315),#4916,.F.);
#4949=ADVANCED_FACE('',(#316),#19,.F.);
#4950=ADVANCED_FACE('',(#317),#4917,.F.);
#4951=ADVANCED_FACE('',(#318),#20,.F.);
#4952=ADVANCED_FACE('',(#319),#4918,.F.);
#4953=ADVANCED_FACE('',(#320,#55,#56,#57,#58,#59),#83,.T.);
#4954=ADVANCED_FACE('',(#321),#21,.F.);
#4955=ADVANCED_FACE('',(#322),#4919,.F.);
#4956=ADVANCED_FACE('',(#323),#22,.F.);
#4957=ADVANCED_FACE('',(#324),#4920,.F.);
#4958=ADVANCED_FACE('',(#325),#23,.F.);
#4959=ADVANCED_FACE('',(#326),#4921,.F.);
#4960=ADVANCED_FACE('',(#327),#24,.F.);
#4961=ADVANCED_FACE('',(#328),#4922,.F.);
#4962=ADVANCED_FACE('',(#329,#60,#61,#62,#63,#64),#84,.F.);
#4963=ADVANCED_FACE('',(#330),#25,.F.);
#4964=ADVANCED_FACE('',(#331),#4923,.F.);
#4965=ADVANCED_FACE('',(#332),#26,.F.);
#4966=ADVANCED_FACE('',(#333),#4924,.F.);
#4967=ADVANCED_FACE('',(#334),#27,.F.);
#4968=ADVANCED_FACE('',(#335),#4925,.F.);
#4969=ADVANCED_FACE('',(#336),#28,.F.);
#4970=ADVANCED_FACE('',(#337),#4926,.F.);
#4971=ADVANCED_FACE('',(#338,#65,#66,#67,#68,#69),#85,.T.);
#4972=ADVANCED_FACE('',(#339),#29,.F.);
#4973=ADVANCED_FACE('',(#340),#4927,.F.);
#4974=ADVANCED_FACE('',(#341),#30,.F.);
#4975=ADVANCED_FACE('',(#342),#4928,.F.);
#4976=ADVANCED_FACE('',(#343),#31,.F.);
#4977=ADVANCED_FACE('',(#344),#4929,.F.);
#4978=ADVANCED_FACE('',(#345),#32,.F.);
#4979=ADVANCED_FACE('',(#346),#4930,.F.);
#4980=ADVANCED_FACE('',(#347,#70,#71,#72,#73,#74),#86,.T.);
#4981=ADVANCED_FACE('',(#348),#33,.F.);
#4982=ADVANCED_FACE('',(#349),#4931,.F.);
#4983=ADVANCED_FACE('',(#350),#34,.F.);
#4984=ADVANCED_FACE('',(#351),#4932,.F.);
#4985=ADVANCED_FACE('',(#352),#35,.F.);
#4986=ADVANCED_FACE('',(#353),#4933,.F.);
#4987=ADVANCED_FACE('',(#354),#36,.F.);
#4988=ADVANCED_FACE('',(#355),#4934,.F.);
#4989=ADVANCED_FACE('',(#356,#75,#76,#77,#78,#79),#87,.T.);
#4990=ADVANCED_FACE('',(#357),#37,.F.);
#4991=ADVANCED_FACE('',(#358),#4935,.F.);
#4992=ADVANCED_FACE('',(#359),#38,.F.);
#4993=ADVANCED_FACE('',(#360),#4936,.F.);
#4994=ADVANCED_FACE('',(#361),#39,.F.);
#4995=ADVANCED_FACE('',(#362),#4937,.F.);
#4996=ADVANCED_FACE('',(#363),#40,.F.);
#4997=ADVANCED_FACE('',(#364),#88,.F.);
#4998=ADVANCED_FACE('',(#365),#89,.F.);
#4999=ADVANCED_FACE('',(#366),#90,.F.);
#5000=ADVANCED_FACE('',(#367),#91,.F.);
#5001=ADVANCED_FACE('',(#368),#92,.F.);
#5002=ADVANCED_FACE('',(#369),#93,.F.);
#5003=ADVANCED_FACE('',(#370),#94,.F.);
#5004=ADVANCED_FACE('',(#371),#95,.F.);
#5005=ADVANCED_FACE('',(#372),#96,.F.);
#5006=ADVANCED_FACE('',(#373),#97,.F.);
#5007=ADVANCED_FACE('',(#374),#98,.F.);
#5008=ADVANCED_FACE('',(#375),#99,.F.);
#5009=ADVANCED_FACE('',(#376),#100,.F.);
#5010=ADVANCED_FACE('',(#377),#101,.F.);
#5011=ADVANCED_FACE('',(#378),#102,.F.);
#5012=ADVANCED_FACE('',(#379),#103,.F.);
#5013=ADVANCED_FACE('',(#380),#104,.F.);
#5014=ADVANCED_FACE('',(#381),#105,.F.);
#5015=ADVANCED_FACE('',(#382),#106,.F.);
#5016=ADVANCED_FACE('',(#383),#107,.F.);
#5017=ADVANCED_FACE('',(#384),#108,.F.);
#5018=ADVANCED_FACE('',(#385),#109,.F.);
#5019=ADVANCED_FACE('',(#386),#110,.F.);
#5020=ADVANCED_FACE('',(#387),#111,.F.);
#5021=ADVANCED_FACE('',(#388),#112,.F.);
#5022=ADVANCED_FACE('',(#389),#113,.F.);
#5023=ADVANCED_FACE('',(#390),#114,.F.);
#5024=ADVANCED_FACE('',(#391),#115,.F.);
#5025=ADVANCED_FACE('',(#392),#116,.F.);
#5026=ADVANCED_FACE('',(#393),#117,.F.);
#5027=ADVANCED_FACE('',(#394),#118,.F.);
#5028=ADVANCED_FACE('',(#395),#119,.F.);
#5029=ADVANCED_FACE('',(#396),#120,.F.);
#5030=ADVANCED_FACE('',(#397),#121,.F.);
#5031=ADVANCED_FACE('',(#398),#122,.F.);
#5032=ADVANCED_FACE('',(#399),#123,.F.);
#5033=ADVANCED_FACE('',(#400),#124,.F.);
#5034=ADVANCED_FACE('',(#401),#125,.F.);
#5035=ADVANCED_FACE('',(#402),#126,.F.);
#5036=ADVANCED_FACE('',(#403),#127,.F.);
#5037=ADVANCED_FACE('',(#404),#128,.T.);
#5038=ADVANCED_FACE('',(#405),#129,.T.);
#5039=ADVANCED_FACE('',(#406),#130,.T.);
#5040=ADVANCED_FACE('',(#407),#131,.T.);
#5041=ADVANCED_FACE('',(#408),#132,.T.);
#5042=ADVANCED_FACE('',(#409),#133,.T.);
#5043=ADVANCED_FACE('',(#410),#134,.T.);
#5044=ADVANCED_FACE('',(#411),#135,.T.);
#5045=ADVANCED_FACE('',(#412),#136,.T.);
#5046=ADVANCED_FACE('',(#413),#137,.T.);
#5047=ADVANCED_FACE('',(#414),#138,.T.);
#5048=ADVANCED_FACE('',(#415),#139,.T.);
#5049=ADVANCED_FACE('',(#416),#140,.T.);
#5050=ADVANCED_FACE('',(#417),#141,.T.);
#5051=ADVANCED_FACE('',(#418),#142,.T.);
#5052=ADVANCED_FACE('',(#419),#143,.T.);
#5053=ADVANCED_FACE('',(#420),#144,.T.);
#5054=ADVANCED_FACE('',(#421),#145,.T.);
#5055=ADVANCED_FACE('',(#422),#146,.T.);
#5056=ADVANCED_FACE('',(#423),#147,.T.);
#5057=ADVANCED_FACE('',(#424),#148,.T.);
#5058=ADVANCED_FACE('',(#425),#149,.T.);
#5059=ADVANCED_FACE('',(#426),#150,.T.);
#5060=ADVANCED_FACE('',(#427),#151,.T.);
#5061=ADVANCED_FACE('',(#428),#152,.T.);
#5062=ADVANCED_FACE('',(#429),#153,.T.);
#5063=ADVANCED_FACE('',(#430),#154,.T.);
#5064=ADVANCED_FACE('',(#431),#155,.T.);
#5065=ADVANCED_FACE('',(#432),#156,.T.);
#5066=ADVANCED_FACE('',(#433),#157,.T.);
#5067=ADVANCED_FACE('',(#434),#158,.T.);
#5068=ADVANCED_FACE('',(#435),#159,.T.);
#5069=ADVANCED_FACE('',(#436),#160,.T.);
#5070=ADVANCED_FACE('',(#437),#161,.T.);
#5071=ADVANCED_FACE('',(#438),#162,.T.);
#5072=ADVANCED_FACE('',(#439),#163,.T.);
#5073=ADVANCED_FACE('',(#440),#164,.T.);
#5074=ADVANCED_FACE('',(#441),#165,.T.);
#5075=ADVANCED_FACE('',(#442),#166,.T.);
#5076=ADVANCED_FACE('',(#443),#167,.T.);
#5077=ADVANCED_FACE('',(#444),#168,.T.);
#5078=ADVANCED_FACE('',(#445),#169,.T.);
#5079=ADVANCED_FACE('',(#446),#170,.T.);
#5080=ADVANCED_FACE('',(#447),#171,.T.);
#5081=ADVANCED_FACE('',(#448),#172,.T.);
#5082=ADVANCED_FACE('',(#449),#173,.T.);
#5083=ADVANCED_FACE('',(#450),#174,.T.);
#5084=ADVANCED_FACE('',(#451),#175,.T.);
#5085=ADVANCED_FACE('',(#452),#176,.T.);
#5086=ADVANCED_FACE('',(#453),#177,.T.);
#5087=ADVANCED_FACE('',(#454),#178,.T.);
#5088=ADVANCED_FACE('',(#455),#179,.T.);
#5089=ADVANCED_FACE('',(#456),#180,.T.);
#5090=ADVANCED_FACE('',(#457),#181,.T.);
#5091=ADVANCED_FACE('',(#458),#182,.T.);
#5092=ADVANCED_FACE('',(#459),#183,.T.);
#5093=ADVANCED_FACE('',(#460),#184,.T.);
#5094=ADVANCED_FACE('',(#461),#185,.T.);
#5095=ADVANCED_FACE('',(#462),#186,.T.);
#5096=ADVANCED_FACE('',(#463),#187,.T.);
#5097=ADVANCED_FACE('',(#464),#188,.T.);
#5098=ADVANCED_FACE('',(#465),#41,.F.);
#5099=ADVANCED_FACE('',(#466),#189,.T.);
#5100=ADVANCED_FACE('',(#467),#190,.T.);
#5101=ADVANCED_FACE('',(#468),#191,.T.);
#5102=ADVANCED_FACE('',(#469),#192,.T.);
#5103=ADVANCED_FACE('',(#470),#193,.T.);
#5104=ADVANCED_FACE('',(#471),#194,.T.);
#5105=ADVANCED_FACE('',(#472),#195,.T.);
#5106=ADVANCED_FACE('',(#473),#196,.T.);
#5107=ADVANCED_FACE('',(#474),#197,.T.);
#5108=ADVANCED_FACE('',(#475),#198,.T.);
#5109=ADVANCED_FACE('',(#476),#199,.T.);
#5110=ADVANCED_FACE('',(#477),#200,.T.);
#5111=ADVANCED_FACE('',(#478),#201,.T.);
#5112=ADVANCED_FACE('',(#479),#202,.T.);
#5113=ADVANCED_FACE('',(#480),#203,.T.);
#5114=ADVANCED_FACE('',(#481),#204,.T.);
#5115=ADVANCED_FACE('',(#482),#205,.T.);
#5116=ADVANCED_FACE('',(#483),#206,.T.);
#5117=ADVANCED_FACE('',(#484),#207,.T.);
#5118=ADVANCED_FACE('',(#485),#208,.T.);
#5119=ADVANCED_FACE('',(#486),#209,.T.);
#5120=ADVANCED_FACE('',(#487),#210,.T.);
#5121=ADVANCED_FACE('',(#488),#211,.T.);
#5122=ADVANCED_FACE('',(#489),#212,.T.);
#5123=ADVANCED_FACE('',(#490),#213,.T.);
#5124=ADVANCED_FACE('',(#491),#214,.T.);
#5125=ADVANCED_FACE('',(#492),#215,.T.);
#5126=ADVANCED_FACE('',(#493),#216,.T.);
#5127=ADVANCED_FACE('',(#494),#217,.T.);
#5128=ADVANCED_FACE('',(#495),#218,.T.);
#5129=ADVANCED_FACE('',(#496),#219,.T.);
#5130=ADVANCED_FACE('',(#497),#220,.T.);
#5131=ADVANCED_FACE('',(#498),#221,.T.);
#5132=ADVANCED_FACE('',(#499),#222,.T.);
#5133=ADVANCED_FACE('',(#500),#223,.T.);
#5134=ADVANCED_FACE('',(#501),#224,.T.);
#5135=ADVANCED_FACE('',(#502),#225,.T.);
#5136=ADVANCED_FACE('',(#503),#226,.T.);
#5137=ADVANCED_FACE('',(#504),#227,.T.);
#5138=ADVANCED_FACE('',(#505),#228,.T.);
#5139=ADVANCED_FACE('',(#506),#229,.T.);
#5140=ADVANCED_FACE('',(#507),#230,.T.);
#5141=ADVANCED_FACE('',(#508),#231,.T.);
#5142=ADVANCED_FACE('',(#509),#232,.T.);
#5143=ADVANCED_FACE('',(#510),#233,.T.);
#5144=ADVANCED_FACE('',(#511),#234,.T.);
#5145=ADVANCED_FACE('',(#512),#235,.T.);
#5146=ADVANCED_FACE('',(#513),#236,.T.);
#5147=ADVANCED_FACE('',(#514),#237,.T.);
#5148=ADVANCED_FACE('',(#515),#238,.T.);
#5149=ADVANCED_FACE('',(#516),#239,.T.);
#5150=ADVANCED_FACE('',(#517),#240,.T.);
#5151=ADVANCED_FACE('',(#518),#241,.T.);
#5152=ADVANCED_FACE('',(#519),#242,.T.);
#5153=ADVANCED_FACE('',(#520),#243,.T.);
#5154=ADVANCED_FACE('',(#521),#244,.T.);
#5155=ADVANCED_FACE('',(#522),#245,.T.);
#5156=ADVANCED_FACE('',(#523),#246,.T.);
#5157=ADVANCED_FACE('',(#524),#247,.T.);
#5158=ADVANCED_FACE('',(#525),#248,.T.);
#5159=ADVANCED_FACE('',(#526),#249,.T.);
#5160=ADVANCED_FACE('',(#527),#250,.T.);
#5161=ADVANCED_FACE('',(#528),#251,.T.);
#5162=ADVANCED_FACE('',(#529),#252,.F.);
#5163=ADVANCED_FACE('',(#530),#253,.F.);
#5164=ADVANCED_FACE('',(#531),#254,.F.);
#5165=ADVANCED_FACE('',(#532),#255,.F.);
#5166=ADVANCED_FACE('',(#533),#256,.T.);
#5167=ADVANCED_FACE('',(#534),#257,.T.);
#5168=ADVANCED_FACE('',(#535),#258,.F.);
#5169=ADVANCED_FACE('',(#536),#259,.F.);
#5170=ADVANCED_FACE('',(#537),#260,.F.);
#5171=ADVANCED_FACE('',(#538),#261,.T.);
#5172=ADVANCED_FACE('',(#539),#262,.T.);
#5173=ADVANCED_FACE('',(#540),#263,.F.);
#5174=ADVANCED_FACE('',(#541),#264,.F.);
#5175=ADVANCED_FACE('',(#542),#265,.F.);
#5176=ADVANCED_FACE('',(#543),#266,.T.);
#5177=ADVANCED_FACE('',(#544),#267,.F.);
#5178=ADVANCED_FACE('',(#545),#268,.T.);
#5179=ADVANCED_FACE('',(#546),#269,.T.);
#5180=ADVANCED_FACE('',(#547),#270,.T.);
#5181=ADVANCED_FACE('',(#548),#271,.T.);
#5182=ADVANCED_FACE('',(#549),#272,.T.);
#5183=ADVANCED_FACE('',(#550),#273,.T.);
#5184=ADVANCED_FACE('',(#551),#274,.F.);
#5185=ADVANCED_FACE('',(#552),#275,.F.);
#5186=ADVANCED_FACE('',(#553),#276,.F.);
#5187=ADVANCED_FACE('',(#554),#277,.T.);
#5188=ADVANCED_FACE('',(#555),#42,.F.);
#5189=ADVANCED_FACE('',(#556),#278,.T.);
#5190=ADVANCED_FACE('',(#557),#279,.T.);
#5191=ADVANCED_FACE('',(#558),#280,.T.);
#5192=ADVANCED_FACE('',(#559),#281,.T.);
#5193=ADVANCED_FACE('',(#560),#43,.F.);
#5194=ADVANCED_FACE('',(#561),#282,.T.);
#5195=ADVANCED_FACE('',(#562),#283,.T.);
#5196=ADVANCED_FACE('',(#563),#284,.T.);
#5197=ADVANCED_FACE('',(#564),#285,.T.);
#5198=ADVANCED_FACE('',(#565),#286,.T.);
#5199=ADVANCED_FACE('',(#566),#287,.T.);
#5200=ADVANCED_FACE('',(#567),#288,.T.);
#5201=ADVANCED_FACE('',(#568),#289,.T.);
#5202=ADVANCED_FACE('',(#569),#44,.F.);
#5203=ADVANCED_FACE('',(#570),#290,.T.);
#5204=ADVANCED_FACE('',(#571),#291,.T.);
#5205=ADVANCED_FACE('',(#572),#292,.T.);
#5206=ADVANCED_FACE('',(#573),#293,.T.);
#5207=ADVANCED_FACE('',(#574),#294,.T.);
#5208=ADVANCED_FACE('',(#575),#295,.T.);
#5209=ADVANCED_FACE('',(#576),#296,.T.);
#5210=ADVANCED_FACE('',(#577),#297,.T.);
#5211=ADVANCED_FACE('',(#578),#298,.T.);
#5212=ADVANCED_FACE('',(#579),#299,.T.);
#5213=ADVANCED_FACE('',(#580),#300,.T.);
#5214=ADVANCED_FACE('',(#581),#301,.T.);
#5215=ADVANCED_FACE('',(#582,#80),#302,.T.);
#5216=ADVANCED_FACE('',(#583),#303,.T.);
#5217=ADVANCED_FACE('',(#584),#304,.T.);
#5218=CLOSED_SHELL('',(#4938,#4939,#4940,#4941,#4942,#4943,#4944,#4945,
#4946,#4947,#4948,#4949,#4950,#4951,#4952,#4953,#4954,#4955,#4956,#4957,
#4958,#4959,#4960,#4961,#4962,#4963,#4964,#4965,#4966,#4967,#4968,#4969,
#4970,#4971,#4972,#4973,#4974,#4975,#4976,#4977,#4978,#4979,#4980,#4981,
#4982,#4983,#4984,#4985,#4986,#4987,#4988,#4989,#4990,#4991,#4992,#4993,
#4994,#4995,#4996,#4997,#4998,#4999,#5000,#5001,#5002,#5003,#5004,#5005,
#5006,#5007,#5008,#5009,#5010,#5011,#5012,#5013,#5014,#5015,#5016,#5017,
#5018,#5019,#5020,#5021,#5022,#5023,#5024,#5025,#5026,#5027,#5028,#5029,
#5030,#5031,#5032,#5033,#5034,#5035,#5036,#5037,#5038,#5039,#5040,#5041,
#5042,#5043,#5044,#5045,#5046,#5047,#5048,#5049,#5050,#5051,#5052,#5053,
#5054,#5055,#5056,#5057,#5058,#5059,#5060,#5061,#5062,#5063,#5064,#5065,
#5066,#5067,#5068,#5069,#5070,#5071,#5072,#5073,#5074,#5075,#5076,#5077,
#5078,#5079,#5080,#5081,#5082,#5083,#5084,#5085,#5086,#5087,#5088,#5089,
#5090,#5091,#5092,#5093,#5094,#5095,#5096,#5097,#5098,#5099,#5100,#5101,
#5102,#5103,#5104,#5105,#5106,#5107,#5108,#5109,#5110,#5111,#5112,#5113,
#5114,#5115,#5116,#5117,#5118,#5119,#5120,#5121,#5122,#5123,#5124,#5125,
#5126,#5127,#5128,#5129,#5130,#5131,#5132,#5133,#5134,#5135,#5136,#5137,
#5138,#5139,#5140,#5141,#5142,#5143,#5144,#5145,#5146,#5147,#5148,#5149,
#5150,#5151,#5152,#5153,#5154,#5155,#5156,#5157,#5158,#5159,#5160,#5161,
#5162,#5163,#5164,#5165,#5166,#5167,#5168,#5169,#5170,#5171,#5172,#5173,
#5174,#5175,#5176,#5177,#5178,#5179,#5180,#5181,#5182,#5183,#5184,#5185,
#5186,#5187,#5188,#5189,#5190,#5191,#5192,#5193,#5194,#5195,#5196,#5197,
#5198,#5199,#5200,#5201,#5202,#5203,#5204,#5205,#5206,#5207,#5208,#5209,
#5210,#5211,#5212,#5213,#5214,#5215,#5216,#5217));
#5219=DERIVED_UNIT_ELEMENT(#5221,1.);
#5220=DERIVED_UNIT_ELEMENT(#8547,-3.);
#5221=(
MASS_UNIT()
NAMED_UNIT(*)
SI_UNIT(.KILO.,.GRAM.)
);
#5222=DERIVED_UNIT((#5219,#5220));
#5223=MEASURE_REPRESENTATION_ITEM('density measure',
POSITIVE_RATIO_MEASURE(7850.),#5222);
#5224=PROPERTY_DEFINITION_REPRESENTATION(#5229,#5226);
#5225=PROPERTY_DEFINITION_REPRESENTATION(#5230,#5227);
#5226=REPRESENTATION('material name',(#5228),#8544);
#5227=REPRESENTATION('density',(#5223),#8544);
#5228=DESCRIPTIVE_REPRESENTATION_ITEM('\X2\92FC\X0\','\X2\92FC\X0\');
#5229=PROPERTY_DEFINITION('material property','material name',#8554);
#5230=PROPERTY_DEFINITION('material property','density of part',#8554);
#5231=AXIS2_PLACEMENT_3D('',#7051,#5635,#5636);
#5232=AXIS2_PLACEMENT_3D('',#7052,#5637,#5638);
#5233=AXIS2_PLACEMENT_3D('',#7054,#5639,#5640);
#5234=AXIS2_PLACEMENT_3D('',#7058,#5642,#5643);
#5235=AXIS2_PLACEMENT_3D('',#7059,#5644,#5645);
#5236=AXIS2_PLACEMENT_3D('',#7060,#5646,#5647);
#5237=AXIS2_PLACEMENT_3D('',#7086,#5660,#5661);
#5238=AXIS2_PLACEMENT_3D('',#7088,#5662,#5663);
#5239=AXIS2_PLACEMENT_3D('',#7105,#5672,#5673);
#5240=AXIS2_PLACEMENT_3D('',#7108,#5675,#5676);
#5241=AXIS2_PLACEMENT_3D('',#7109,#5677,#5678);
#5242=AXIS2_PLACEMENT_3D('',#7112,#5680,#5681);
#5243=AXIS2_PLACEMENT_3D('',#7113,#5682,#5683);
#5244=AXIS2_PLACEMENT_3D('',#7116,#5685,#5686);
#5245=AXIS2_PLACEMENT_3D('',#7117,#5687,#5688);
#5246=AXIS2_PLACEMENT_3D('',#7119,#5689,#5690);
#5247=AXIS2_PLACEMENT_3D('',#7122,#5692,#5693);
#5248=AXIS2_PLACEMENT_3D('',#7123,#5694,#5695);
#5249=AXIS2_PLACEMENT_3D('',#7133,#5700,#5701);
#5250=AXIS2_PLACEMENT_3D('',#7135,#5702,#5703);
#5251=AXIS2_PLACEMENT_3D('',#7398,#5835,#5836);
#5252=AXIS2_PLACEMENT_3D('',#7399,#5837,#5838);
#5253=AXIS2_PLACEMENT_3D('',#7402,#5840,#5841);
#5254=AXIS2_PLACEMENT_3D('',#7403,#5842,#5843);
#5255=AXIS2_PLACEMENT_3D('',#7406,#5845,#5846);
#5256=AXIS2_PLACEMENT_3D('',#7407,#5847,#5848);
#5257=AXIS2_PLACEMENT_3D('',#7410,#5850,#5851);
#5258=AXIS2_PLACEMENT_3D('',#7411,#5852,#5853);
#5259=AXIS2_PLACEMENT_3D('',#7414,#5855,#5856);
#5260=AXIS2_PLACEMENT_3D('',#7415,#5857,#5858);
#5261=AXIS2_PLACEMENT_3D('',#7418,#5860,#5861);
#5262=AXIS2_PLACEMENT_3D('',#7419,#5862,#5863);
#5263=AXIS2_PLACEMENT_3D('',#7422,#5865,#5866);
#5264=AXIS2_PLACEMENT_3D('',#7423,#5867,#5868);
#5265=AXIS2_PLACEMENT_3D('',#7426,#5870,#5871);
#5266=AXIS2_PLACEMENT_3D('',#7427,#5872,#5873);
#5267=AXIS2_PLACEMENT_3D('',#7429,#5874,#5875);
#5268=AXIS2_PLACEMENT_3D('',#7432,#5877,#5878);
#5269=AXIS2_PLACEMENT_3D('',#7433,#5879,#5880);
#5270=AXIS2_PLACEMENT_3D('',#7443,#5885,#5886);
#5271=AXIS2_PLACEMENT_3D('',#7445,#5887,#5888);
#5272=AXIS2_PLACEMENT_3D('',#7718,#6026,#6027);
#5273=AXIS2_PLACEMENT_3D('',#7719,#6028,#6029);
#5274=AXIS2_PLACEMENT_3D('',#7722,#6031,#6032);
#5275=AXIS2_PLACEMENT_3D('',#7723,#6033,#6034);
#5276=AXIS2_PLACEMENT_3D('',#7726,#6036,#6037);
#5277=AXIS2_PLACEMENT_3D('',#7727,#6038,#6039);
#5278=AXIS2_PLACEMENT_3D('',#7730,#6041,#6042);
#5279=AXIS2_PLACEMENT_3D('',#7731,#6043,#6044);
#5280=AXIS2_PLACEMENT_3D('',#7734,#6046,#6047);
#5281=AXIS2_PLACEMENT_3D('',#7735,#6048,#6049);
#5282=AXIS2_PLACEMENT_3D('',#7738,#6051,#6052);
#5283=AXIS2_PLACEMENT_3D('',#7739,#6053,#6054);
#5284=AXIS2_PLACEMENT_3D('',#7742,#6056,#6057);
#5285=AXIS2_PLACEMENT_3D('',#7743,#6058,#6059);
#5286=AXIS2_PLACEMENT_3D('',#7746,#6061,#6062);
#5287=AXIS2_PLACEMENT_3D('',#7747,#6063,#6064);
#5288=AXIS2_PLACEMENT_3D('',#7749,#6065,#6066);
#5289=AXIS2_PLACEMENT_3D('',#7752,#6068,#6069);
#5290=AXIS2_PLACEMENT_3D('',#7753,#6070,#6071);
#5291=AXIS2_PLACEMENT_3D('',#7757,#6074,#6075);
#5292=AXIS2_PLACEMENT_3D('',#7759,#6076,#6077);
#5293=AXIS2_PLACEMENT_3D('',#7761,#6078,#6079);
#5294=AXIS2_PLACEMENT_3D('',#7763,#6080,#6081);
#5295=AXIS2_PLACEMENT_3D('',#7764,#6082,#6083);
#5296=AXIS2_PLACEMENT_3D('',#7767,#6085,#6086);
#5297=AXIS2_PLACEMENT_3D('',#7768,#6087,#6088);
#5298=AXIS2_PLACEMENT_3D('',#7771,#6090,#6091);
#5299=AXIS2_PLACEMENT_3D('',#7772,#6092,#6093);
#5300=AXIS2_PLACEMENT_3D('',#7775,#6095,#6096);
#5301=AXIS2_PLACEMENT_3D('',#7776,#6097,#6098);
#5302=AXIS2_PLACEMENT_3D('',#7779,#6100,#6101);
#5303=AXIS2_PLACEMENT_3D('',#7780,#6102,#6103);
#5304=AXIS2_PLACEMENT_3D('',#7783,#6105,#6106);
#5305=AXIS2_PLACEMENT_3D('',#7784,#6107,#6108);
#5306=AXIS2_PLACEMENT_3D('',#7787,#6110,#6111);
#5307=AXIS2_PLACEMENT_3D('',#7788,#6112,#6113);
#5308=AXIS2_PLACEMENT_3D('',#7791,#6115,#6116);
#5309=AXIS2_PLACEMENT_3D('',#7792,#6117,#6118);
#5310=AXIS2_PLACEMENT_3D('',#7794,#6119,#6120);
#5311=AXIS2_PLACEMENT_3D('',#7797,#6122,#6123);
#5312=AXIS2_PLACEMENT_3D('',#7798,#6124,#6125);
#5313=AXIS2_PLACEMENT_3D('',#7801,#6127,#6128);
#5314=AXIS2_PLACEMENT_3D('',#7803,#6129,#6130);
#5315=AXIS2_PLACEMENT_3D('',#7805,#6131,#6132);
#5316=AXIS2_PLACEMENT_3D('',#7807,#6133,#6134);
#5317=AXIS2_PLACEMENT_3D('',#7808,#6135,#6136);
#5318=AXIS2_PLACEMENT_3D('',#7811,#6138,#6139);
#5319=AXIS2_PLACEMENT_3D('',#7812,#6140,#6141);
#5320=AXIS2_PLACEMENT_3D('',#7815,#6143,#6144);
#5321=AXIS2_PLACEMENT_3D('',#7816,#6145,#6146);
#5322=AXIS2_PLACEMENT_3D('',#7819,#6148,#6149);
#5323=AXIS2_PLACEMENT_3D('',#7820,#6150,#6151);
#5324=AXIS2_PLACEMENT_3D('',#7823,#6153,#6154);
#5325=AXIS2_PLACEMENT_3D('',#7824,#6155,#6156);
#5326=AXIS2_PLACEMENT_3D('',#7827,#6158,#6159);
#5327=AXIS2_PLACEMENT_3D('',#7828,#6160,#6161);
#5328=AXIS2_PLACEMENT_3D('',#7831,#6163,#6164);
#5329=AXIS2_PLACEMENT_3D('',#7832,#6165,#6166);
#5330=AXIS2_PLACEMENT_3D('',#7835,#6168,#6169);
#5331=AXIS2_PLACEMENT_3D('',#7836,#6170,#6171);
#5332=AXIS2_PLACEMENT_3D('',#7838,#6172,#6173);
#5333=AXIS2_PLACEMENT_3D('',#7841,#6175,#6176);
#5334=AXIS2_PLACEMENT_3D('',#7842,#6177,#6178);
#5335=AXIS2_PLACEMENT_3D('',#7845,#6180,#6181);
#5336=AXIS2_PLACEMENT_3D('',#7847,#6182,#6183);
#5337=AXIS2_PLACEMENT_3D('',#7849,#6184,#6185);
#5338=AXIS2_PLACEMENT_3D('',#7851,#6186,#6187);
#5339=AXIS2_PLACEMENT_3D('',#7852,#6188,#6189);
#5340=AXIS2_PLACEMENT_3D('',#7855,#6191,#6192);
#5341=AXIS2_PLACEMENT_3D('',#7856,#6193,#6194);
#5342=AXIS2_PLACEMENT_3D('',#7859,#6196,#6197);
#5343=AXIS2_PLACEMENT_3D('',#7860,#6198,#6199);
#5344=AXIS2_PLACEMENT_3D('',#7863,#6201,#6202);
#5345=AXIS2_PLACEMENT_3D('',#7864,#6203,#6204);
#5346=AXIS2_PLACEMENT_3D('',#7867,#6206,#6207);
#5347=AXIS2_PLACEMENT_3D('',#7868,#6208,#6209);
#5348=AXIS2_PLACEMENT_3D('',#7871,#6211,#6212);
#5349=AXIS2_PLACEMENT_3D('',#7872,#6213,#6214);
#5350=AXIS2_PLACEMENT_3D('',#7875,#6216,#6217);
#5351=AXIS2_PLACEMENT_3D('',#7876,#6218,#6219);
#5352=AXIS2_PLACEMENT_3D('',#7879,#6221,#6222);
#5353=AXIS2_PLACEMENT_3D('',#7880,#6223,#6224);
#5354=AXIS2_PLACEMENT_3D('',#7882,#6225,#6226);
#5355=AXIS2_PLACEMENT_3D('',#7885,#6228,#6229);
#5356=AXIS2_PLACEMENT_3D('',#7886,#6230,#6231);
#5357=AXIS2_PLACEMENT_3D('',#7888,#6232,#6233);
#5358=AXIS2_PLACEMENT_3D('',#7890,#6234,#6235);
#5359=AXIS2_PLACEMENT_3D('',#7892,#6236,#6237);
#5360=AXIS2_PLACEMENT_3D('',#7894,#6238,#6239);
#5361=AXIS2_PLACEMENT_3D('',#7895,#6240,#6241);
#5362=AXIS2_PLACEMENT_3D('',#7898,#6243,#6244);
#5363=AXIS2_PLACEMENT_3D('',#7899,#6245,#6246);
#5364=AXIS2_PLACEMENT_3D('',#7902,#6248,#6249);
#5365=AXIS2_PLACEMENT_3D('',#7903,#6250,#6251);
#5366=AXIS2_PLACEMENT_3D('',#7906,#6253,#6254);
#5367=AXIS2_PLACEMENT_3D('',#7907,#6255,#6256);
#5368=AXIS2_PLACEMENT_3D('',#7910,#6258,#6259);
#5369=AXIS2_PLACEMENT_3D('',#7911,#6260,#6261);
#5370=AXIS2_PLACEMENT_3D('',#7914,#6263,#6264);
#5371=AXIS2_PLACEMENT_3D('',#7915,#6265,#6266);
#5372=AXIS2_PLACEMENT_3D('',#7918,#6268,#6269);
#5373=AXIS2_PLACEMENT_3D('',#7919,#6270,#6271);
#5374=AXIS2_PLACEMENT_3D('',#7922,#6273,#6274);
#5375=AXIS2_PLACEMENT_3D('',#7923,#6275,#6276);
#5376=AXIS2_PLACEMENT_3D('',#7927,#6278,#6279);
#5377=AXIS2_PLACEMENT_3D('',#7929,#6281,#6282);
#5378=AXIS2_PLACEMENT_3D('',#7933,#6284,#6285);
#5379=AXIS2_PLACEMENT_3D('',#7935,#6287,#6288);
#5380=AXIS2_PLACEMENT_3D('',#7939,#6290,#6291);
#5381=AXIS2_PLACEMENT_3D('',#7941,#6293,#6294);
#5382=AXIS2_PLACEMENT_3D('',#7945,#6296,#6297);
#5383=AXIS2_PLACEMENT_3D('',#7947,#6299,#6300);
#5384=AXIS2_PLACEMENT_3D('',#7950,#6303,#6304);
#5385=AXIS2_PLACEMENT_3D('',#7953,#6307,#6308);
#5386=AXIS2_PLACEMENT_3D('',#7957,#6310,#6311);
#5387=AXIS2_PLACEMENT_3D('',#7959,#6313,#6314);
#5388=AXIS2_PLACEMENT_3D('',#7963,#6316,#6317);
#5389=AXIS2_PLACEMENT_3D('',#7965,#6319,#6320);
#5390=AXIS2_PLACEMENT_3D('',#7968,#6323,#6324);
#5391=AXIS2_PLACEMENT_3D('',#7971,#6327,#6328);
#5392=AXIS2_PLACEMENT_3D('',#7974,#6331,#6332);
#5393=AXIS2_PLACEMENT_3D('',#7978,#6334,#6335);
#5394=AXIS2_PLACEMENT_3D('',#7980,#6337,#6338);
#5395=AXIS2_PLACEMENT_3D('',#7984,#6340,#6341);
#5396=AXIS2_PLACEMENT_3D('',#7986,#6343,#6344);
#5397=AXIS2_PLACEMENT_3D('',#7989,#6347,#6348);
#5398=AXIS2_PLACEMENT_3D('',#7992,#6351,#6352);
#5399=AXIS2_PLACEMENT_3D('',#7997,#6355,#6356);
#5400=AXIS2_PLACEMENT_3D('',#7999,#6358,#6359);
#5401=AXIS2_PLACEMENT_3D('',#8002,#6362,#6363);
#5402=AXIS2_PLACEMENT_3D('',#8005,#6366,#6367);
#5403=AXIS2_PLACEMENT_3D('',#8008,#6370,#6371);
#5404=AXIS2_PLACEMENT_3D('',#8011,#6374,#6375);
#5405=AXIS2_PLACEMENT_3D('',#8014,#6378,#6379);
#5406=AXIS2_PLACEMENT_3D('',#8017,#6382,#6383);
#5407=AXIS2_PLACEMENT_3D('',#8020,#6386,#6387);
#5408=AXIS2_PLACEMENT_3D('',#8023,#6390,#6391);
#5409=AXIS2_PLACEMENT_3D('',#8028,#6394,#6395);
#5410=AXIS2_PLACEMENT_3D('',#8029,#6396,#6397);
#5411=AXIS2_PLACEMENT_3D('',#8034,#6400,#6401);
#5412=AXIS2_PLACEMENT_3D('',#8036,#6403,#6404);
#5413=AXIS2_PLACEMENT_3D('',#8041,#6407,#6408);
#5414=AXIS2_PLACEMENT_3D('',#8042,#6409,#6410);
#5415=AXIS2_PLACEMENT_3D('',#8047,#6413,#6414);
#5416=AXIS2_PLACEMENT_3D('',#8048,#6415,#6416);
#5417=AXIS2_PLACEMENT_3D('',#8053,#6419,#6420);
#5418=AXIS2_PLACEMENT_3D('',#8054,#6421,#6422);
#5419=AXIS2_PLACEMENT_3D('',#8059,#6425,#6426);
#5420=AXIS2_PLACEMENT_3D('',#8060,#6427,#6428);
#5421=AXIS2_PLACEMENT_3D('',#8063,#6431,#6432);
#5422=AXIS2_PLACEMENT_3D('',#8068,#6435,#6436);
#5423=AXIS2_PLACEMENT_3D('',#8069,#6437,#6438);
#5424=AXIS2_PLACEMENT_3D('',#8074,#6441,#6442);
#5425=AXIS2_PLACEMENT_3D('',#8075,#6443,#6444);
#5426=AXIS2_PLACEMENT_3D('',#8080,#6447,#6448);
#5427=AXIS2_PLACEMENT_3D('',#8081,#6449,#6450);
#5428=AXIS2_PLACEMENT_3D('',#8084,#6453,#6454);
#5429=AXIS2_PLACEMENT_3D('',#8087,#6457,#6458);
#5430=AXIS2_PLACEMENT_3D('',#8090,#6461,#6462);
#5431=AXIS2_PLACEMENT_3D('',#8093,#6465,#6466);
#5432=AXIS2_PLACEMENT_3D('',#8096,#6469,#6470);
#5433=AXIS2_PLACEMENT_3D('',#8099,#6473,#6474);
#5434=AXIS2_PLACEMENT_3D('',#8101,#6476,#6477);
#5435=AXIS2_PLACEMENT_3D('',#8103,#6479,#6480);
#5436=AXIS2_PLACEMENT_3D('',#8105,#6482,#6483);
#5437=AXIS2_PLACEMENT_3D('',#8107,#6485,#6486);
#5438=AXIS2_PLACEMENT_3D('',#8109,#6488,#6489);
#5439=AXIS2_PLACEMENT_3D('',#8111,#6491,#6492);
#5440=AXIS2_PLACEMENT_3D('',#8113,#6494,#6495);
#5441=AXIS2_PLACEMENT_3D('',#8115,#6497,#6498);
#5442=AXIS2_PLACEMENT_3D('',#8117,#6500,#6501);
#5443=AXIS2_PLACEMENT_3D('',#8119,#6503,#6504);
#5444=AXIS2_PLACEMENT_3D('',#8121,#6506,#6507);
#5445=AXIS2_PLACEMENT_3D('',#8123,#6509,#6510);
#5446=AXIS2_PLACEMENT_3D('',#8127,#6513,#6514);
#5447=AXIS2_PLACEMENT_3D('',#8131,#6517,#6518);
#5448=AXIS2_PLACEMENT_3D('',#8135,#6521,#6522);
#5449=AXIS2_PLACEMENT_3D('',#8139,#6525,#6526);
#5450=AXIS2_PLACEMENT_3D('',#8143,#6529,#6530);
#5451=AXIS2_PLACEMENT_3D('',#8147,#6533,#6534);
#5452=AXIS2_PLACEMENT_3D('',#8149,#6536,#6537);
#5453=AXIS2_PLACEMENT_3D('',#8151,#6539,#6540);
#5454=AXIS2_PLACEMENT_3D('',#8153,#6542,#6543);
#5455=AXIS2_PLACEMENT_3D('',#8155,#6545,#6546);
#5456=AXIS2_PLACEMENT_3D('',#8157,#6548,#6549);
#5457=AXIS2_PLACEMENT_3D('',#8159,#6551,#6552);
#5458=AXIS2_PLACEMENT_3D('',#8161,#6554,#6555);
#5459=AXIS2_PLACEMENT_3D('',#8163,#6557,#6558);
#5460=AXIS2_PLACEMENT_3D('',#8165,#6560,#6561);
#5461=AXIS2_PLACEMENT_3D('',#8169,#6564,#6565);
#5462=AXIS2_PLACEMENT_3D('',#8173,#6568,#6569);
#5463=AXIS2_PLACEMENT_3D('',#8177,#6572,#6573);
#5464=AXIS2_PLACEMENT_3D('',#8181,#6576,#6577);
#5465=AXIS2_PLACEMENT_3D('',#8185,#6580,#6581);
#5466=AXIS2_PLACEMENT_3D('',#8189,#6584,#6585);
#5467=AXIS2_PLACEMENT_3D('',#8191,#6587,#6588);
#5468=AXIS2_PLACEMENT_3D('',#8193,#6590,#6591);
#5469=AXIS2_PLACEMENT_3D('',#8195,#6593,#6594);
#5470=AXIS2_PLACEMENT_3D('',#8197,#6596,#6597);
#5471=AXIS2_PLACEMENT_3D('',#8199,#6599,#6600);
#5472=AXIS2_PLACEMENT_3D('',#8201,#6602,#6603);
#5473=AXIS2_PLACEMENT_3D('',#8203,#6605,#6606);
#5474=AXIS2_PLACEMENT_3D('',#8205,#6608,#6609);
#5475=AXIS2_PLACEMENT_3D('',#8207,#6611,#6612);
#5476=AXIS2_PLACEMENT_3D('',#8209,#6614,#6615);
#5477=AXIS2_PLACEMENT_3D('',#8211,#6617,#6618);
#5478=AXIS2_PLACEMENT_3D('',#8213,#6620,#6621);
#5479=AXIS2_PLACEMENT_3D('',#8217,#6624,#6625);
#5480=AXIS2_PLACEMENT_3D('',#8221,#6628,#6629);
#5481=AXIS2_PLACEMENT_3D('',#8225,#6632,#6633);
#5482=AXIS2_PLACEMENT_3D('',#8229,#6636,#6637);
#5483=AXIS2_PLACEMENT_3D('',#8233,#6640,#6641);
#5484=AXIS2_PLACEMENT_3D('',#8237,#6644,#6645);
#5485=AXIS2_PLACEMENT_3D('',#8239,#6647,#6648);
#5486=AXIS2_PLACEMENT_3D('',#8241,#6650,#6651);
#5487=AXIS2_PLACEMENT_3D('',#8245,#6654,#6655);
#5488=AXIS2_PLACEMENT_3D('',#8249,#6658,#6659);
#5489=AXIS2_PLACEMENT_3D('',#8253,#6662,#6663);
#5490=AXIS2_PLACEMENT_3D('',#8257,#6666,#6667);
#5491=AXIS2_PLACEMENT_3D('',#8261,#6670,#6671);
#5492=AXIS2_PLACEMENT_3D('',#8265,#6674,#6675);
#5493=AXIS2_PLACEMENT_3D('',#8269,#6678,#6679);
#5494=AXIS2_PLACEMENT_3D('',#8273,#6682,#6683);
#5495=AXIS2_PLACEMENT_3D('',#8274,#6684,#6685);
#5496=AXIS2_PLACEMENT_3D('',#8275,#6686,#6687);
#5497=AXIS2_PLACEMENT_3D('',#8276,#6688,#6689);
#5498=AXIS2_PLACEMENT_3D('',#8277,#6690,#6691);
#5499=AXIS2_PLACEMENT_3D('',#8278,#6692,#6693);
#5500=AXIS2_PLACEMENT_3D('',#8281,#6695,#6696);
#5501=AXIS2_PLACEMENT_3D('',#8282,#6697,#6698);
#5502=AXIS2_PLACEMENT_3D('',#8283,#6699,#6700);
#5503=AXIS2_PLACEMENT_3D('',#8285,#6701,#6702);
#5504=AXIS2_PLACEMENT_3D('',#8287,#6704,#6705);
#5505=AXIS2_PLACEMENT_3D('',#8288,#6706,#6707);
#5506=AXIS2_PLACEMENT_3D('',#8290,#6709,#6710);
#5507=AXIS2_PLACEMENT_3D('',#8292,#6712,#6713);
#5508=AXIS2_PLACEMENT_3D('',#8294,#6715,#6716);
#5509=AXIS2_PLACEMENT_3D('',#8295,#6717,#6718);
#5510=AXIS2_PLACEMENT_3D('',#8297,#6720,#6721);
#5511=AXIS2_PLACEMENT_3D('',#8299,#6723,#6724);
#5512=AXIS2_PLACEMENT_3D('',#8301,#6726,#6727);
#5513=AXIS2_PLACEMENT_3D('',#8302,#6728,#6729);
#5514=AXIS2_PLACEMENT_3D('',#8303,#6730,#6731);
#5515=AXIS2_PLACEMENT_3D('',#8304,#6732,#6733);
#5516=AXIS2_PLACEMENT_3D('',#8308,#6736,#6737);
#5517=AXIS2_PLACEMENT_3D('',#8311,#6739,#6740);
#5518=AXIS2_PLACEMENT_3D('',#8312,#6741,#6742);
#5519=AXIS2_PLACEMENT_3D('',#8313,#6743,#6744);
#5520=AXIS2_PLACEMENT_3D('',#8315,#6746,#6747);
#5521=AXIS2_PLACEMENT_3D('',#8316,#6748,#6749);
#5522=AXIS2_PLACEMENT_3D('',#8317,#6750,#6751);
#5523=AXIS2_PLACEMENT_3D('',#8321,#6754,#6755);
#5524=AXIS2_PLACEMENT_3D('',#8324,#6757,#6758);
#5525=AXIS2_PLACEMENT_3D('',#8325,#6759,#6760);
#5526=AXIS2_PLACEMENT_3D('',#8326,#6761,#6762);
#5527=AXIS2_PLACEMENT_3D('',#8327,#6763,#6764);
#5528=AXIS2_PLACEMENT_3D('',#8328,#6765,#6766);
#5529=AXIS2_PLACEMENT_3D('',#8329,#6767,#6768);
#5530=AXIS2_PLACEMENT_3D('',#8331,#6770,#6771);
#5531=AXIS2_PLACEMENT_3D('',#8332,#6772,#6773);
#5532=AXIS2_PLACEMENT_3D('',#8333,#6774,#6775);
#5533=AXIS2_PLACEMENT_3D('',#8334,#6776,#6777);
#5534=AXIS2_PLACEMENT_3D('',#8335,#6778,#6779);
#5535=AXIS2_PLACEMENT_3D('',#8337,#6781,#6782);
#5536=AXIS2_PLACEMENT_3D('',#8339,#6784,#6785);
#5537=AXIS2_PLACEMENT_3D('',#8340,#6786,#6787);
#5538=AXIS2_PLACEMENT_3D('',#8341,#6788,#6789);
#5539=AXIS2_PLACEMENT_3D('',#8342,#6790,#6791);
#5540=AXIS2_PLACEMENT_3D('',#8346,#6794,#6795);
#5541=AXIS2_PLACEMENT_3D('',#8347,#6796,#6797);
#5542=AXIS2_PLACEMENT_3D('',#8348,#6798,#6799);
#5543=AXIS2_PLACEMENT_3D('',#8351,#6801,#6802);
#5544=AXIS2_PLACEMENT_3D('',#8352,#6803,#6804);
#5545=AXIS2_PLACEMENT_3D('',#8353,#6805,#6806);
#5546=AXIS2_PLACEMENT_3D('',#8357,#6809,#6810);
#5547=AXIS2_PLACEMENT_3D('',#8361,#6812,#6813);
#5548=AXIS2_PLACEMENT_3D('',#8362,#6814,#6815);
#5549=AXIS2_PLACEMENT_3D('',#8363,#6816,#6817);
#5550=AXIS2_PLACEMENT_3D('',#8364,#6818,#6819);
#5551=AXIS2_PLACEMENT_3D('',#8365,#6820,#6821);
#5552=AXIS2_PLACEMENT_3D('',#8366,#6822,#6823);
#5553=AXIS2_PLACEMENT_3D('',#8367,#6824,#6825);
#5554=AXIS2_PLACEMENT_3D('',#8371,#6828,#6829);
#5555=AXIS2_PLACEMENT_3D('',#8372,#6830,#6831);
#5556=AXIS2_PLACEMENT_3D('',#8373,#6832,#6833);
#5557=AXIS2_PLACEMENT_3D('',#8374,#6834,#6835);
#5558=AXIS2_PLACEMENT_3D('',#8375,#6836,#6837);
#5559=AXIS2_PLACEMENT_3D('',#8377,#6839,#6840);
#5560=AXIS2_PLACEMENT_3D('',#8378,#6841,#6842);
#5561=AXIS2_PLACEMENT_3D('',#8380,#6844,#6845);
#5562=AXIS2_PLACEMENT_3D('',#8381,#6846,#6847);
#5563=AXIS2_PLACEMENT_3D('',#8382,#6848,#6849);
#5564=AXIS2_PLACEMENT_3D('',#8384,#6851,#6852);
#5565=AXIS2_PLACEMENT_3D('',#8385,#6853,#6854);
#5566=AXIS2_PLACEMENT_3D('',#8386,#6855,#6856);
#5567=AXIS2_PLACEMENT_3D('',#8388,#6858,#6859);
#5568=AXIS2_PLACEMENT_3D('',#8390,#6861,#6862);
#5569=AXIS2_PLACEMENT_3D('',#8391,#6863,#6864);
#5570=AXIS2_PLACEMENT_3D('',#8393,#6866,#6867);
#5571=AXIS2_PLACEMENT_3D('',#8394,#6868,#6869);
#5572=AXIS2_PLACEMENT_3D('',#8395,#6870,#6871);
#5573=AXIS2_PLACEMENT_3D('',#8396,#6872,#6873);
#5574=AXIS2_PLACEMENT_3D('',#8398,#6875,#6876);
#5575=AXIS2_PLACEMENT_3D('',#8400,#6878,#6879);
#5576=AXIS2_PLACEMENT_3D('',#8401,#6880,#6881);
#5577=AXIS2_PLACEMENT_3D('',#8402,#6882,#6883);
#5578=AXIS2_PLACEMENT_3D('',#8403,#6884,#6885);
#5579=AXIS2_PLACEMENT_3D('',#8409,#6889,#6890);
#5580=AXIS2_PLACEMENT_3D('',#8418,#6895,#6896);
#5581=AXIS2_PLACEMENT_3D('',#8429,#6903,#6904);
#5582=AXIS2_PLACEMENT_3D('',#8435,#6908,#6909);
#5583=AXIS2_PLACEMENT_3D('',#8438,#6912,#6913);
#5584=AXIS2_PLACEMENT_3D('',#8448,#6919,#6920);
#5585=AXIS2_PLACEMENT_3D('',#8452,#6923,#6924);
#5586=AXIS2_PLACEMENT_3D('',#8458,#6928,#6929);
#5587=AXIS2_PLACEMENT_3D('',#8462,#6932,#6933);
#5588=AXIS2_PLACEMENT_3D('',#8466,#6936,#6937);
#5589=AXIS2_PLACEMENT_3D('',#8470,#6940,#6941);
#5590=AXIS2_PLACEMENT_3D('',#8472,#6943,#6944);
#5591=AXIS2_PLACEMENT_3D('',#8476,#6947,#6948);
#5592=AXIS2_PLACEMENT_3D('',#8480,#6951,#6952);
#5593=AXIS2_PLACEMENT_3D('',#8484,#6955,#6956);
#5594=AXIS2_PLACEMENT_3D('',#8488,#6959,#6960);
#5595=AXIS2_PLACEMENT_3D('',#8492,#6963,#6964);
#5596=AXIS2_PLACEMENT_3D('',#8493,#6965,#6966);
#5597=AXIS2_PLACEMENT_3D('',#8494,#6967,#6968);
#5598=AXIS2_PLACEMENT_3D('',#8495,#6969,#6970);
#5599=AXIS2_PLACEMENT_3D('',#8497,#6972,#6973);
#5600=AXIS2_PLACEMENT_3D('',#8498,#6974,#6975);
#5601=AXIS2_PLACEMENT_3D('',#8502,#6978,#6979);
#5602=AXIS2_PLACEMENT_3D('',#8504,#6981,#6982);
#5603=AXIS2_PLACEMENT_3D('',#8506,#6984,#6985);
#5604=AXIS2_PLACEMENT_3D('',#8507,#6986,#6987);
#5605=AXIS2_PLACEMENT_3D('',#8509,#6989,#6990);
#5606=AXIS2_PLACEMENT_3D('',#8510,#6991,#6992);
#5607=AXIS2_PLACEMENT_3D('',#8511,#6993,#6994);
#5608=AXIS2_PLACEMENT_3D('',#8512,#6995,#6996);
#5609=AXIS2_PLACEMENT_3D('',#8513,#6997,#6998);
#5610=AXIS2_PLACEMENT_3D('',#8515,#7000,#7001);
#5611=AXIS2_PLACEMENT_3D('',#8516,#7002,#7003);
#5612=AXIS2_PLACEMENT_3D('',#8517,#7004,#7005);
#5613=AXIS2_PLACEMENT_3D('',#8518,#7006,#7007);
#5614=AXIS2_PLACEMENT_3D('',#8519,#7008,#7009);
#5615=AXIS2_PLACEMENT_3D('',#8520,#7010,#7011);
#5616=AXIS2_PLACEMENT_3D('',#8521,#7012,#7013);
#5617=AXIS2_PLACEMENT_3D('',#8522,#7014,#7015);
#5618=AXIS2_PLACEMENT_3D('',#8523,#7016,#7017);
#5619=AXIS2_PLACEMENT_3D('',#8526,#7019,#7020);
#5620=AXIS2_PLACEMENT_3D('',#8527,#7021,#7022);
#5621=AXIS2_PLACEMENT_3D('',#8528,#7023,#7024);
#5622=AXIS2_PLACEMENT_3D('',#8529,#7025,#7026);
#5623=AXIS2_PLACEMENT_3D('',#8530,#7027,#7028);
#5624=AXIS2_PLACEMENT_3D('',#8531,#7029,#7030);
#5625=AXIS2_PLACEMENT_3D('',#8532,#7031,#7032);
#5626=AXIS2_PLACEMENT_3D('',#8533,#7033,#7034);
#5627=AXIS2_PLACEMENT_3D('',#8534,#7035,#7036);
#5628=AXIS2_PLACEMENT_3D('',#8535,#7037,#7038);
#5629=AXIS2_PLACEMENT_3D('',#8536,#7039,#7040);
#5630=AXIS2_PLACEMENT_3D('',#8537,#7041,#7042);
#5631=AXIS2_PLACEMENT_3D('',#8538,#7043,#7044);
#5632=AXIS2_PLACEMENT_3D('',#8539,#7045,#7046);
#5633=AXIS2_PLACEMENT_3D('',#8540,#7047,#7048);
#5634=AXIS2_PLACEMENT_3D('',#8541,#7049,#7050);
#5635=DIRECTION('axis',(0.,0.,1.));
#5636=DIRECTION('refdir',(1.,0.,0.));
#5637=DIRECTION('center_axis',(0.,0.,1.));
#5638=DIRECTION('ref_axis',(1.,0.,0.));
#5639=DIRECTION('center_axis',(0.,0.,1.));
#5640=DIRECTION('ref_axis',(1.,0.,0.));
#5641=DIRECTION('',(0.707106781186548,8.65956056235493E-17,-0.707106781186548));
#5642=DIRECTION('center_axis',(0.,0.,-1.));
#5643=DIRECTION('ref_axis',(1.,0.,0.));
#5644=DIRECTION('center_axis',(0.,0.,-1.));
#5645=DIRECTION('ref_axis',(1.,0.,0.));
#5646=DIRECTION('center_axis',(0.,0.,1.));
#5647=DIRECTION('ref_axis',(1.,0.,0.));
#5648=DIRECTION('',(0.,1.,0.));
#5649=DIRECTION('',(-1.,0.,0.));
#5650=DIRECTION('',(0.,1.,0.));
#5651=DIRECTION('',(1.,8.88178419700125E-16,0.));
#5652=DIRECTION('',(0.,1.,0.));
#5653=DIRECTION('',(-1.,0.,0.));
#5654=DIRECTION('',(1.11022302462516E-16,-1.,0.));
#5655=DIRECTION('',(1.,0.,0.));
#5656=DIRECTION('',(0.,1.,0.));
#5657=DIRECTION('',(-1.,0.,0.));
#5658=DIRECTION('',(1.77635683940025E-15,1.,0.));
#5659=DIRECTION('',(1.,0.,0.));
#5660=DIRECTION('center_axis',(0.,0.,1.));
#5661=DIRECTION('ref_axis',(-1.,0.,0.));
#5662=DIRECTION('center_axis',(0.,0.,-1.));
#5663=DIRECTION('ref_axis',(1.,0.,0.));
#5664=DIRECTION('',(1.,0.,0.));
#5665=DIRECTION('',(-4.44089209850063E-16,-1.,0.));
#5666=DIRECTION('',(-1.,0.,0.));
#5667=DIRECTION('',(0.,1.,0.));
#5668=DIRECTION('',(1.,0.,0.));
#5669=DIRECTION('',(0.,-1.,0.));
#5670=DIRECTION('',(-1.,0.,0.));
#5671=DIRECTION('',(0.,1.,0.));
#5672=DIRECTION('center_axis',(0.,0.,-1.));
#5673=DIRECTION('ref_axis',(-1.,0.,0.));
#5674=DIRECTION('',(0.,0.,-1.));
#5675=DIRECTION('center_axis',(0.,0.,-1.));
#5676=DIRECTION('ref_axis',(-1.,0.,0.));
#5677=DIRECTION('center_axis',(0.,0.,1.));
#5678=DIRECTION('ref_axis',(-1.,0.,0.));
#5679=DIRECTION('',(-0.70710678118654,-8.65956056235484E-17,-0.707106781186555));
#5680=DIRECTION('center_axis',(0.,0.,-1.));
#5681=DIRECTION('ref_axis',(-1.,0.,0.));
#5682=DIRECTION('center_axis',(0.,0.,-1.));
#5683=DIRECTION('ref_axis',(-1.,0.,0.));
#5684=DIRECTION('',(0.,0.,-1.));
#5685=DIRECTION('center_axis',(0.,0.,-1.));
#5686=DIRECTION('ref_axis',(-1.,0.,0.));
#5687=DIRECTION('center_axis',(-1.,0.,0.));
#5688=DIRECTION('ref_axis',(5.96230883594992E-17,-1.,0.));
#5689=DIRECTION('center_axis',(-1.,-1.11022302462516E-16,0.));
#5690=DIRECTION('ref_axis',(1.11022302462516E-16,-1.,0.));
#5691=DIRECTION('',(0.70710678118654,-0.707106781186555,8.65956056235503E-17));
#5692=DIRECTION('center_axis',(1.,1.11022302462516E-16,0.));
#5693=DIRECTION('ref_axis',(0.,-1.,0.));
#5694=DIRECTION('center_axis',(-1.,-1.11022302462516E-16,0.));
#5695=DIRECTION('ref_axis',(1.11022302462516E-16,-1.,0.));
#5696=DIRECTION('',(0.,-1.,0.));
#5697=DIRECTION('',(0.,0.,1.));
#5698=DIRECTION('',(0.,1.,0.));
#5699=DIRECTION('',(0.,0.,1.));
#5700=DIRECTION('center_axis',(-1.,-1.11022302462516E-16,0.));
#5701=DIRECTION('ref_axis',(1.11022302462516E-16,-1.,0.));
#5702=DIRECTION('center_axis',(-1.,-1.11022302462516E-16,0.));
#5703=DIRECTION('ref_axis',(1.11022302462516E-16,-1.,0.));
#5704=DIRECTION('',(0.,0.,1.));
#5705=DIRECTION('',(0.,-1.,0.));
#5706=DIRECTION('',(0.,0.,1.));
#5707=DIRECTION('',(0.,1.,0.));
#5708=DIRECTION('',(0.,0.,1.));
#5709=DIRECTION('',(0.,-1.,0.));
#5710=DIRECTION('',(0.,0.,-1.));
#5711=DIRECTION('',(0.,-1.,0.));
#5712=DIRECTION('',(0.,0.,1.));
#5713=DIRECTION('',(0.,-1.,0.));
#5714=DIRECTION('',(0.,0.,-1.));
#5715=DIRECTION('',(0.,-1.,0.));
#5716=DIRECTION('',(0.,0.,1.));
#5717=DIRECTION('',(0.,-1.,0.));
#5718=DIRECTION('',(0.,0.,-1.));
#5719=DIRECTION('',(0.,-1.,0.));
#5720=DIRECTION('',(0.,0.,1.));
#5721=DIRECTION('',(0.,-1.,0.));
#5722=DIRECTION('',(0.,0.,-1.));
#5723=DIRECTION('',(0.,-1.,0.));
#5724=DIRECTION('',(0.,0.,1.));
#5725=DIRECTION('',(0.,-1.,0.));
#5726=DIRECTION('',(0.,0.,-1.));
#5727=DIRECTION('',(0.,-1.,0.));
#5728=DIRECTION('',(0.,0.,1.));
#5729=DIRECTION('',(0.,-1.,0.));
#5730=DIRECTION('',(0.,0.,-1.));
#5731=DIRECTION('',(0.,-1.,0.));
#5732=DIRECTION('',(0.,0.,1.));
#5733=DIRECTION('',(0.,-1.,0.));
#5734=DIRECTION('',(0.,0.,-1.));
#5735=DIRECTION('',(0.,-1.,0.));
#5736=DIRECTION('',(0.,0.,1.));
#5737=DIRECTION('',(0.,-1.,0.));
#5738=DIRECTION('',(0.,0.,-1.));
#5739=DIRECTION('',(0.,-1.,0.));
#5740=DIRECTION('',(0.,0.,1.));
#5741=DIRECTION('',(0.,-1.,0.));
#5742=DIRECTION('',(0.,0.,-1.));
#5743=DIRECTION('',(0.,-1.,0.));
#5744=DIRECTION('',(0.,0.,1.));
#5745=DIRECTION('',(0.,-1.,0.));
#5746=DIRECTION('',(0.,0.,-1.));
#5747=DIRECTION('',(0.,-1.,0.));
#5748=DIRECTION('',(0.,0.,1.));
#5749=DIRECTION('',(0.,-1.,0.));
#5750=DIRECTION('',(0.,0.,-1.));
#5751=DIRECTION('',(0.,-1.,0.));
#5752=DIRECTION('',(0.,0.,1.));
#5753=DIRECTION('',(0.,-1.,0.));
#5754=DIRECTION('',(0.,0.,-1.));
#5755=DIRECTION('',(0.,-1.,0.));
#5756=DIRECTION('',(0.,0.,1.));
#5757=DIRECTION('',(0.,-1.,0.));
#5758=DIRECTION('',(0.,0.,-1.));
#5759=DIRECTION('',(0.,-1.,0.));
#5760=DIRECTION('',(0.,0.,1.));
#5761=DIRECTION('',(0.,-1.,0.));
#5762=DIRECTION('',(0.,0.,-1.));
#5763=DIRECTION('',(0.,-1.,0.));
#5764=DIRECTION('',(0.,0.,1.));
#5765=DIRECTION('',(0.,-1.,0.));
#5766=DIRECTION('',(0.,0.,-1.));
#5767=DIRECTION('',(0.,-1.,0.));
#5768=DIRECTION('',(0.,0.,1.));
#5769=DIRECTION('',(0.,-1.,0.));
#5770=DIRECTION('',(0.,0.,-1.));
#5771=DIRECTION('',(0.,-1.,0.));
#5772=DIRECTION('',(0.,0.,1.));
#5773=DIRECTION('',(0.,0.,1.));
#5774=DIRECTION('',(0.,-1.,0.));
#5775=DIRECTION('',(0.,0.,1.));
#5776=DIRECTION('',(0.,-1.,0.));
#5777=DIRECTION('',(0.,0.,1.));
#5778=DIRECTION('',(0.,-1.,0.));
#5779=DIRECTION('',(0.,0.,1.));
#5780=DIRECTION('',(0.,-1.,0.));
#5781=DIRECTION('',(0.,0.,1.));
#5782=DIRECTION('',(0.,-1.,0.));
#5783=DIRECTION('',(0.,0.,1.));
#5784=DIRECTION('',(0.,-1.,0.));
#5785=DIRECTION('',(0.,0.,1.));
#5786=DIRECTION('',(0.,-1.,0.));
#5787=DIRECTION('',(0.,0.,1.));
#5788=DIRECTION('',(0.,-1.,0.));
#5789=DIRECTION('',(0.,0.,1.));
#5790=DIRECTION('',(0.,-1.,0.));
#5791=DIRECTION('',(0.,0.,1.));
#5792=DIRECTION('',(0.,-1.,0.));
#5793=DIRECTION('',(0.,0.,1.));
#5794=DIRECTION('',(0.,-1.,0.));
#5795=DIRECTION('',(0.,0.,1.));
#5796=DIRECTION('',(0.,-1.,0.));
#5797=DIRECTION('',(0.,0.,1.));
#5798=DIRECTION('',(0.,-1.,0.));
#5799=DIRECTION('',(0.,0.,1.));
#5800=DIRECTION('',(0.,-1.,0.));
#5801=DIRECTION('',(0.,0.,1.));
#5802=DIRECTION('',(0.,-1.,0.));
#5803=DIRECTION('',(0.,0.,1.));
#5804=DIRECTION('',(0.,-1.,0.));
#5805=DIRECTION('',(0.,0.,1.));
#5806=DIRECTION('',(0.,-1.,0.));
#5807=DIRECTION('',(0.,0.,1.));
#5808=DIRECTION('',(0.,-1.,0.));
#5809=DIRECTION('',(0.,0.,1.));
#5810=DIRECTION('',(0.,-1.,0.));
#5811=DIRECTION('',(0.,0.,1.));
#5812=DIRECTION('',(0.,-1.,0.));
#5813=DIRECTION('',(0.,0.,1.));
#5814=DIRECTION('',(0.,-1.,0.));
#5815=DIRECTION('',(0.,0.,1.));
#5816=DIRECTION('',(0.,-1.,0.));
#5817=DIRECTION('',(0.,0.,1.));
#5818=DIRECTION('',(0.,-1.,0.));
#5819=DIRECTION('',(0.,0.,1.));
#5820=DIRECTION('',(0.,-1.,0.));
#5821=DIRECTION('',(0.,0.,1.));
#5822=DIRECTION('',(0.,-1.,0.));
#5823=DIRECTION('',(0.,0.,1.));
#5824=DIRECTION('',(0.,-1.,0.));
#5825=DIRECTION('',(0.,0.,1.));
#5826=DIRECTION('',(0.,-1.,0.));
#5827=DIRECTION('',(0.,0.,1.));
#5828=DIRECTION('',(0.,-1.,0.));
#5829=DIRECTION('',(0.,0.,1.));
#5830=DIRECTION('',(0.,-1.,0.));
#5831=DIRECTION('',(0.,0.,1.));
#5832=DIRECTION('',(0.,-1.,0.));
#5833=DIRECTION('',(0.,0.,1.));
#5834=DIRECTION('',(0.,-1.,0.));
#5835=DIRECTION('center_axis',(-1.,-1.11022302462516E-16,0.));
#5836=DIRECTION('ref_axis',(1.11022302462516E-16,-1.,0.));
#5837=DIRECTION('center_axis',(1.,0.,0.));
#5838=DIRECTION('ref_axis',(0.,-1.,0.));
#5839=DIRECTION('',(1.,0.,0.));
#5840=DIRECTION('center_axis',(1.,1.11022302462516E-16,0.));
#5841=DIRECTION('ref_axis',(1.11022302462516E-16,-1.,0.));
#5842=DIRECTION('center_axis',(-1.,0.,0.));
#5843=DIRECTION('ref_axis',(5.96230883594991E-17,-1.,0.));
#5844=DIRECTION('',(0.707106781186555,-0.70710678118654,8.65956056235484E-17));
#5845=DIRECTION('center_axis',(1.,1.11022302462516E-16,0.));
#5846=DIRECTION('ref_axis',(0.,-1.,0.));
#5847=DIRECTION('center_axis',(1.,0.,0.));
#5848=DIRECTION('ref_axis',(0.,-1.,0.));
#5849=DIRECTION('',(1.,0.,0.));
#5850=DIRECTION('center_axis',(1.,1.11022302462516E-16,0.));
#5851=DIRECTION('ref_axis',(1.11022302462516E-16,-1.,0.));
#5852=DIRECTION('center_axis',(-1.,0.,0.));
#5853=DIRECTION('ref_axis',(5.96230883594992E-17,-1.,0.));
#5854=DIRECTION('',(0.70710678118654,-0.707106781186555,8.65956056235503E-17));
#5855=DIRECTION('center_axis',(1.,1.11022302462516E-16,0.));
#5856=DIRECTION('ref_axis',(0.,-1.,0.));
#5857=DIRECTION('center_axis',(1.,0.,0.));
#5858=DIRECTION('ref_axis',(0.,-1.,0.));
#5859=DIRECTION('',(1.,0.,0.));
#5860=DIRECTION('center_axis',(1.,1.11022302462516E-16,0.));
#5861=DIRECTION('ref_axis',(1.11022302462516E-16,-1.,0.));
#5862=DIRECTION('center_axis',(-1.,0.,0.));
#5863=DIRECTION('ref_axis',(5.96230883594992E-17,-1.,0.));
#5864=DIRECTION('',(0.707106781186532,-0.707106781186563,8.65956056235512E-17));
#5865=DIRECTION('center_axis',(1.,1.11022302462516E-16,0.));
#5866=DIRECTION('ref_axis',(0.,-1.,0.));
#5867=DIRECTION('center_axis',(1.,0.,0.));
#5868=DIRECTION('ref_axis',(0.,-1.,0.));
#5869=DIRECTION('',(1.,0.,0.));
#5870=DIRECTION('center_axis',(1.,1.11022302462516E-16,0.));
#5871=DIRECTION('ref_axis',(1.11022302462516E-16,-1.,0.));
#5872=DIRECTION('center_axis',(1.,0.,0.));
#5873=DIRECTION('ref_axis',(0.,1.,0.));
#5874=DIRECTION('center_axis',(1.,0.,0.));
#5875=DIRECTION('ref_axis',(0.,1.,0.));
#5876=DIRECTION('',(-0.70710678118654,0.707106781186555,8.65956056235503E-17));
#5877=DIRECTION('center_axis',(-1.,0.,0.));
#5878=DIRECTION('ref_axis',(0.,1.,0.));
#5879=DIRECTION('center_axis',(1.,0.,0.));
#5880=DIRECTION('ref_axis',(0.,1.,0.));
#5881=DIRECTION('',(0.,1.,0.));
#5882=DIRECTION('',(0.,0.,1.));
#5883=DIRECTION('',(0.,-1.,0.));
#5884=DIRECTION('',(0.,0.,1.));
#5885=DIRECTION('center_axis',(1.,0.,0.));
#5886=DIRECTION('ref_axis',(0.,1.,0.));
#5887=DIRECTION('center_axis',(1.,0.,0.));
#5888=DIRECTION('ref_axis',(0.,1.,0.));
#5889=DIRECTION('',(0.,0.,1.));
#5890=DIRECTION('',(0.,-1.,0.));
#5891=DIRECTION('',(0.,0.,1.));
#5892=DIRECTION('',(0.,1.,0.));
#5893=DIRECTION('',(0.,0.,1.));
#5894=DIRECTION('',(0.,-1.,0.));
#5895=DIRECTION('',(0.,0.,-1.));
#5896=DIRECTION('',(0.,-1.,0.));
#5897=DIRECTION('',(0.,0.,1.));
#5898=DIRECTION('',(0.,-1.,0.));
#5899=DIRECTION('',(0.,0.,-1.));
#5900=DIRECTION('',(0.,-1.,0.));
#5901=DIRECTION('',(0.,0.,1.));
#5902=DIRECTION('',(0.,-1.,0.));
#5903=DIRECTION('',(0.,0.,-1.));
#5904=DIRECTION('',(0.,-1.,0.));
#5905=DIRECTION('',(0.,0.,1.));
#5906=DIRECTION('',(0.,-1.,0.));
#5907=DIRECTION('',(0.,0.,-1.));
#5908=DIRECTION('',(0.,-1.,0.));
#5909=DIRECTION('',(0.,0.,1.));
#5910=DIRECTION('',(0.,-1.,0.));
#5911=DIRECTION('',(0.,0.,-1.));
#5912=DIRECTION('',(0.,-1.,0.));
#5913=DIRECTION('',(0.,0.,1.));
#5914=DIRECTION('',(0.,-1.,0.));
#5915=DIRECTION('',(0.,0.,-1.));
#5916=DIRECTION('',(0.,-1.,0.));
#5917=DIRECTION('',(0.,0.,1.));
#5918=DIRECTION('',(0.,-1.,0.));
#5919=DIRECTION('',(0.,0.,-1.));
#5920=DIRECTION('',(0.,-1.,0.));
#5921=DIRECTION('',(0.,0.,1.));
#5922=DIRECTION('',(0.,-1.,0.));
#5923=DIRECTION('',(0.,0.,-1.));
#5924=DIRECTION('',(0.,-1.,0.));
#5925=DIRECTION('',(0.,0.,1.));
#5926=DIRECTION('',(0.,-1.,0.));
#5927=DIRECTION('',(0.,0.,-1.));
#5928=DIRECTION('',(0.,-1.,0.));
#5929=DIRECTION('',(0.,0.,1.));
#5930=DIRECTION('',(0.,-1.,0.));
#5931=DIRECTION('',(0.,0.,-1.));
#5932=DIRECTION('',(0.,-1.,0.));
#5933=DIRECTION('',(0.,0.,1.));
#5934=DIRECTION('',(0.,-1.,0.));
#5935=DIRECTION('',(0.,0.,-1.));
#5936=DIRECTION('',(0.,-1.,0.));
#5937=DIRECTION('',(0.,0.,1.));
#5938=DIRECTION('',(0.,-1.,0.));
#5939=DIRECTION('',(0.,0.,-1.));
#5940=DIRECTION('',(0.,-1.,0.));
#5941=DIRECTION('',(0.,0.,1.));
#5942=DIRECTION('',(0.,-1.,0.));
#5943=DIRECTION('',(0.,0.,-1.));
#5944=DIRECTION('',(0.,-1.,0.));
#5945=DIRECTION('',(0.,0.,1.));
#5946=DIRECTION('',(0.,-1.,0.));
#5947=DIRECTION('',(0.,0.,-1.));
#5948=DIRECTION('',(0.,-1.,0.));
#5949=DIRECTION('',(0.,0.,1.));
#5950=DIRECTION('',(0.,-1.,0.));
#5951=DIRECTION('',(0.,0.,-1.));
#5952=DIRECTION('',(0.,-1.,0.));
#5953=DIRECTION('',(0.,0.,1.));
#5954=DIRECTION('',(0.,-1.,0.));
#5955=DIRECTION('',(0.,0.,-1.));
#5956=DIRECTION('',(0.,-1.,0.));
#5957=DIRECTION('',(0.,0.,1.));
#5958=DIRECTION('',(0.,0.,1.));
#5959=DIRECTION('',(0.,1.,0.));
#5960=DIRECTION('',(0.,0.,-1.));
#5961=DIRECTION('',(0.,0.,1.));
#5962=DIRECTION('',(0.,-1.,0.));
#5963=DIRECTION('',(0.,0.,1.));
#5964=DIRECTION('',(0.,0.,1.));
#5965=DIRECTION('',(0.,-1.,0.));
#5966=DIRECTION('',(0.,0.,1.));
#5967=DIRECTION('',(0.,-1.,0.));
#5968=DIRECTION('',(0.,0.,1.));
#5969=DIRECTION('',(0.,-1.,0.));
#5970=DIRECTION('',(0.,0.,1.));
#5971=DIRECTION('',(0.,-1.,0.));
#5972=DIRECTION('',(0.,0.,1.));
#5973=DIRECTION('',(0.,-1.,0.));
#5974=DIRECTION('',(0.,0.,1.));
#5975=DIRECTION('',(0.,-1.,0.));
#5976=DIRECTION('',(0.,0.,1.));
#5977=DIRECTION('',(0.,-1.,0.));
#5978=DIRECTION('',(0.,0.,1.));
#5979=DIRECTION('',(0.,-1.,0.));
#5980=DIRECTION('',(0.,0.,1.));
#5981=DIRECTION('',(0.,-1.,0.));
#5982=DIRECTION('',(0.,0.,1.));
#5983=DIRECTION('',(0.,-1.,0.));
#5984=DIRECTION('',(0.,0.,1.));
#5985=DIRECTION('',(0.,-1.,0.));
#5986=DIRECTION('',(0.,0.,1.));
#5987=DIRECTION('',(0.,-1.,0.));
#5988=DIRECTION('',(0.,0.,1.));
#5989=DIRECTION('',(0.,-1.,0.));
#5990=DIRECTION('',(0.,0.,1.));
#5991=DIRECTION('',(0.,-1.,0.));
#5992=DIRECTION('',(0.,0.,1.));
#5993=DIRECTION('',(0.,-1.,0.));
#5994=DIRECTION('',(0.,0.,1.));
#5995=DIRECTION('',(0.,-1.,0.));
#5996=DIRECTION('',(0.,0.,1.));
#5997=DIRECTION('',(0.,-1.,0.));
#5998=DIRECTION('',(0.,0.,1.));
#5999=DIRECTION('',(0.,-1.,0.));
#6000=DIRECTION('',(0.,0.,1.));
#6001=DIRECTION('',(0.,-1.,0.));
#6002=DIRECTION('',(0.,0.,1.));
#6003=DIRECTION('',(0.,-1.,0.));
#6004=DIRECTION('',(0.,0.,1.));
#6005=DIRECTION('',(0.,-1.,0.));
#6006=DIRECTION('',(0.,0.,1.));
#6007=DIRECTION('',(0.,-1.,0.));
#6008=DIRECTION('',(0.,0.,1.));
#6009=DIRECTION('',(0.,-1.,0.));
#6010=DIRECTION('',(0.,0.,1.));
#6011=DIRECTION('',(0.,-1.,0.));
#6012=DIRECTION('',(0.,0.,1.));
#6013=DIRECTION('',(0.,-1.,0.));
#6014=DIRECTION('',(0.,0.,1.));
#6015=DIRECTION('',(0.,-1.,0.));
#6016=DIRECTION('',(0.,0.,1.));
#6017=DIRECTION('',(0.,-1.,0.));
#6018=DIRECTION('',(0.,0.,1.));
#6019=DIRECTION('',(0.,-1.,0.));
#6020=DIRECTION('',(0.,0.,1.));
#6021=DIRECTION('',(0.,-1.,0.));
#6022=DIRECTION('',(0.,0.,1.));
#6023=DIRECTION('',(0.,-1.,0.));
#6024=DIRECTION('',(0.,0.,1.));
#6025=DIRECTION('',(0.,-1.,0.));
#6026=DIRECTION('center_axis',(1.,0.,0.));
#6027=DIRECTION('ref_axis',(0.,1.,0.));
#6028=DIRECTION('center_axis',(-1.,0.,0.));
#6029=DIRECTION('ref_axis',(0.,1.,0.));
#6030=DIRECTION('',(-1.,0.,0.));
#6031=DIRECTION('center_axis',(-1.,0.,0.));
#6032=DIRECTION('ref_axis',(0.,1.,0.));
#6033=DIRECTION('center_axis',(1.,0.,0.));
#6034=DIRECTION('ref_axis',(0.,1.,0.));
#6035=DIRECTION('',(-0.707106781186548,0.707106781186548,8.65956056235493E-17));
#6036=DIRECTION('center_axis',(-1.,0.,0.));
#6037=DIRECTION('ref_axis',(0.,1.,0.));
#6038=DIRECTION('center_axis',(-1.,0.,0.));
#6039=DIRECTION('ref_axis',(0.,1.,0.));
#6040=DIRECTION('',(-1.,0.,0.));
#6041=DIRECTION('center_axis',(-1.,0.,0.));
#6042=DIRECTION('ref_axis',(0.,1.,0.));
#6043=DIRECTION('center_axis',(1.,0.,0.));
#6044=DIRECTION('ref_axis',(0.,1.,0.));
#6045=DIRECTION('',(-0.70710678118654,0.707106781186555,8.65956056235503E-17));
#6046=DIRECTION('center_axis',(-1.,0.,0.));
#6047=DIRECTION('ref_axis',(0.,1.,0.));
#6048=DIRECTION('center_axis',(-1.,0.,0.));
#6049=DIRECTION('ref_axis',(0.,1.,0.));
#6050=DIRECTION('',(-1.,0.,0.));
#6051=DIRECTION('center_axis',(-1.,0.,0.));
#6052=DIRECTION('ref_axis',(0.,1.,0.));
#6053=DIRECTION('center_axis',(1.,0.,0.));
#6054=DIRECTION('ref_axis',(0.,1.,0.));
#6055=DIRECTION('',(-0.70710678118654,0.707106781186555,8.65956056235503E-17));
#6056=DIRECTION('center_axis',(-1.,0.,0.));
#6057=DIRECTION('ref_axis',(0.,1.,0.));
#6058=DIRECTION('center_axis',(-1.,0.,0.));
#6059=DIRECTION('ref_axis',(0.,1.,0.));
#6060=DIRECTION('',(-1.,0.,0.));
#6061=DIRECTION('center_axis',(-1.,0.,0.));
#6062=DIRECTION('ref_axis',(0.,1.,0.));
#6063=DIRECTION('center_axis',(0.,0.,-1.));
#6064=DIRECTION('ref_axis',(1.,0.,0.));
#6065=DIRECTION('center_axis',(0.,0.,-1.));
#6066=DIRECTION('ref_axis',(1.,0.,0.));
#6067=DIRECTION('',(0.707106781186548,-8.65956056235494E-17,0.707106781186547));
#6068=DIRECTION('center_axis',(0.,0.,1.));
#6069=DIRECTION('ref_axis',(1.,0.,0.));
#6070=DIRECTION('center_axis',(0.,0.,1.));
#6071=DIRECTION('ref_axis',(1.,0.,0.));
#6072=DIRECTION('',(1.,0.,0.));
#6073=DIRECTION('',(-1.,0.,0.));
#6074=DIRECTION('center_axis',(0.,0.,-1.));
#6075=DIRECTION('ref_axis',(1.,0.,0.));
#6076=DIRECTION('center_axis',(0.,0.,-1.));
#6077=DIRECTION('ref_axis',(1.,0.,0.));
#6078=DIRECTION('center_axis',(0.,0.,1.));
#6079=DIRECTION('ref_axis',(1.,0.,0.));
#6080=DIRECTION('center_axis',(0.,0.,-1.));
#6081=DIRECTION('ref_axis',(1.,0.,0.));
#6082=DIRECTION('center_axis',(0.,0.,1.));
#6083=DIRECTION('ref_axis',(1.,0.,0.));
#6084=DIRECTION('',(0.,0.,1.));
#6085=DIRECTION('center_axis',(0.,0.,1.));
#6086=DIRECTION('ref_axis',(1.,0.,0.));
#6087=DIRECTION('center_axis',(0.,0.,-1.));
#6088=DIRECTION('ref_axis',(1.,0.,0.));
#6089=DIRECTION('',(0.707106781186548,-8.65956056235494E-17,0.707106781186547));
#6090=DIRECTION('center_axis',(0.,0.,1.));
#6091=DIRECTION('ref_axis',(1.,0.,0.));
#6092=DIRECTION('center_axis',(0.,0.,1.));
#6093=DIRECTION('ref_axis',(1.,0.,0.));
#6094=DIRECTION('',(0.,0.,1.));
#6095=DIRECTION('center_axis',(0.,0.,1.));
#6096=DIRECTION('ref_axis',(1.,0.,0.));
#6097=DIRECTION('center_axis',(0.,0.,-1.));
#6098=DIRECTION('ref_axis',(1.,0.,0.));
#6099=DIRECTION('',(0.707106781186548,-8.65956056235494E-17,0.707106781186547));
#6100=DIRECTION('center_axis',(0.,0.,1.));
#6101=DIRECTION('ref_axis',(1.,0.,0.));
#6102=DIRECTION('center_axis',(0.,0.,1.));
#6103=DIRECTION('ref_axis',(1.,0.,0.));
#6104=DIRECTION('',(0.,0.,1.));
#6105=DIRECTION('center_axis',(0.,0.,1.));
#6106=DIRECTION('ref_axis',(1.,0.,0.));
#6107=DIRECTION('center_axis',(0.,0.,-1.));
#6108=DIRECTION('ref_axis',(1.,0.,0.));
#6109=DIRECTION('',(0.707106781186548,-8.65956056235494E-17,0.707106781186547));
#6110=DIRECTION('center_axis',(0.,0.,1.));
#6111=DIRECTION('ref_axis',(1.,0.,0.));
#6112=DIRECTION('center_axis',(0.,0.,1.));
#6113=DIRECTION('ref_axis',(1.,0.,0.));
#6114=DIRECTION('',(0.,0.,1.));
#6115=DIRECTION('center_axis',(0.,0.,1.));
#6116=DIRECTION('ref_axis',(1.,0.,0.));
#6117=DIRECTION('center_axis',(0.,1.,0.));
#6118=DIRECTION('ref_axis',(-1.,0.,0.));
#6119=DIRECTION('center_axis',(0.,1.,0.));
#6120=DIRECTION('ref_axis',(-1.,0.,0.));
#6121=DIRECTION('',(-0.707106781186555,-0.70710678118654,8.65956056235503E-17));
#6122=DIRECTION('center_axis',(0.,-1.,0.));
#6123=DIRECTION('ref_axis',(-1.,0.,0.));
#6124=DIRECTION('center_axis',(0.,1.,0.));
#6125=DIRECTION('ref_axis',(-1.,0.,0.));
#6126=DIRECTION('',(-1.,0.,0.));
#6127=DIRECTION('center_axis',(0.,1.,0.));
#6128=DIRECTION('ref_axis',(-1.,0.,0.));
#6129=DIRECTION('center_axis',(0.,1.,0.));
#6130=DIRECTION('ref_axis',(-1.,0.,0.));
#6131=DIRECTION('center_axis',(0.,-1.,0.));
#6132=DIRECTION('ref_axis',(-1.,0.,0.));
#6133=DIRECTION('center_axis',(0.,1.,0.));
#6134=DIRECTION('ref_axis',(-1.,0.,0.));
#6135=DIRECTION('center_axis',(0.,-1.,0.));
#6136=DIRECTION('ref_axis',(-1.,0.,0.));
#6137=DIRECTION('',(0.,-1.,0.));
#6138=DIRECTION('center_axis',(0.,-1.,0.));
#6139=DIRECTION('ref_axis',(-1.,0.,0.));
#6140=DIRECTION('center_axis',(0.,1.,0.));
#6141=DIRECTION('ref_axis',(-1.,0.,0.));
#6142=DIRECTION('',(-0.707106781186555,-0.70710678118654,8.65956056235503E-17));
#6143=DIRECTION('center_axis',(0.,-1.,0.));
#6144=DIRECTION('ref_axis',(-1.,0.,0.));
#6145=DIRECTION('center_axis',(0.,-1.,0.));
#6146=DIRECTION('ref_axis',(-1.,0.,0.));
#6147=DIRECTION('',(0.,-1.,0.));
#6148=DIRECTION('center_axis',(0.,-1.,0.));
#6149=DIRECTION('ref_axis',(-1.,0.,0.));
#6150=DIRECTION('center_axis',(0.,1.,0.));
#6151=DIRECTION('ref_axis',(-1.,0.,0.));
#6152=DIRECTION('',(-0.707106781186555,-0.70710678118654,8.65956056235503E-17));
#6153=DIRECTION('center_axis',(0.,-1.,0.));
#6154=DIRECTION('ref_axis',(-1.,0.,0.));
#6155=DIRECTION('center_axis',(0.,-1.,0.));
#6156=DIRECTION('ref_axis',(-1.,0.,0.));
#6157=DIRECTION('',(0.,-1.,0.));
#6158=DIRECTION('center_axis',(0.,-1.,0.));
#6159=DIRECTION('ref_axis',(-1.,0.,0.));
#6160=DIRECTION('center_axis',(0.,1.,0.));
#6161=DIRECTION('ref_axis',(-1.,0.,0.));
#6162=DIRECTION('',(-0.707106781186555,-0.70710678118654,8.65956056235503E-17));
#6163=DIRECTION('center_axis',(0.,-1.,0.));
#6164=DIRECTION('ref_axis',(-1.,0.,0.));
#6165=DIRECTION('center_axis',(0.,-1.,0.));
#6166=DIRECTION('ref_axis',(-1.,0.,0.));
#6167=DIRECTION('',(0.,-1.,0.));
#6168=DIRECTION('center_axis',(0.,-1.,0.));
#6169=DIRECTION('ref_axis',(-1.,0.,0.));
#6170=DIRECTION('center_axis',(0.,0.,1.));
#6171=DIRECTION('ref_axis',(-1.,0.,0.));
#6172=DIRECTION('center_axis',(0.,0.,1.));
#6173=DIRECTION('ref_axis',(-1.,0.,0.));
#6174=DIRECTION('',(-0.707106781186555,-8.65956056235503E-17,-0.70710678118654));
#6175=DIRECTION('center_axis',(0.,0.,-1.));
#6176=DIRECTION('ref_axis',(-1.,0.,0.));
#6177=DIRECTION('center_axis',(0.,0.,1.));
#6178=DIRECTION('ref_axis',(1.,0.,0.));
#6179=DIRECTION('',(1.,0.,0.));
#6180=DIRECTION('center_axis',(0.,0.,1.));
#6181=DIRECTION('ref_axis',(-1.,0.,0.));
#6182=DIRECTION('center_axis',(0.,0.,1.));
#6183=DIRECTION('ref_axis',(-1.,0.,0.));
#6184=DIRECTION('center_axis',(0.,0.,-1.));
#6185=DIRECTION('ref_axis',(-1.,0.,0.));
#6186=DIRECTION('center_axis',(0.,0.,1.));
#6187=DIRECTION('ref_axis',(-1.,0.,0.));
#6188=DIRECTION('center_axis',(0.,0.,-1.));
#6189=DIRECTION('ref_axis',(-1.,0.,0.));
#6190=DIRECTION('',(0.,0.,-1.));
#6191=DIRECTION('center_axis',(0.,0.,-1.));
#6192=DIRECTION('ref_axis',(-1.,0.,0.));
#6193=DIRECTION('center_axis',(0.,0.,1.));
#6194=DIRECTION('ref_axis',(-1.,0.,0.));
#6195=DIRECTION('',(-0.707106781186555,-8.65956056235503E-17,-0.70710678118654));
#6196=DIRECTION('center_axis',(0.,0.,-1.));
#6197=DIRECTION('ref_axis',(-1.,0.,0.));
#6198=DIRECTION('center_axis',(0.,0.,-1.));
#6199=DIRECTION('ref_axis',(-1.,0.,0.));
#6200=DIRECTION('',(0.,0.,-1.));
#6201=DIRECTION('center_axis',(0.,0.,-1.));
#6202=DIRECTION('ref_axis',(-1.,0.,0.));
#6203=DIRECTION('center_axis',(0.,0.,1.));
#6204=DIRECTION('ref_axis',(-1.,0.,0.));
#6205=DIRECTION('',(-0.707106781186555,-8.65956056235503E-17,-0.70710678118654));
#6206=DIRECTION('center_axis',(0.,0.,-1.));
#6207=DIRECTION('ref_axis',(-1.,0.,0.));
#6208=DIRECTION('center_axis',(0.,0.,-1.));
#6209=DIRECTION('ref_axis',(-1.,0.,0.));
#6210=DIRECTION('',(0.,0.,-1.));
#6211=DIRECTION('center_axis',(0.,0.,-1.));
#6212=DIRECTION('ref_axis',(-1.,0.,0.));
#6213=DIRECTION('center_axis',(0.,0.,1.));
#6214=DIRECTION('ref_axis',(-1.,0.,0.));
#6215=DIRECTION('',(-0.707106781186555,-8.65956056235503E-17,-0.70710678118654));
#6216=DIRECTION('center_axis',(0.,0.,-1.));
#6217=DIRECTION('ref_axis',(-1.,0.,0.));
#6218=DIRECTION('center_axis',(0.,0.,-1.));
#6219=DIRECTION('ref_axis',(-1.,0.,0.));
#6220=DIRECTION('',(0.,0.,-1.));
#6221=DIRECTION('center_axis',(0.,0.,-1.));
#6222=DIRECTION('ref_axis',(-1.,0.,0.));
#6223=DIRECTION('center_axis',(0.,-1.,0.));
#6224=DIRECTION('ref_axis',(1.,0.,0.));
#6225=DIRECTION('center_axis',(0.,-1.,0.));
#6226=DIRECTION('ref_axis',(1.,0.,0.));
#6227=DIRECTION('',(0.707106781186548,0.707106781186547,8.65956056235494E-17));
#6228=DIRECTION('center_axis',(0.,1.,0.));
#6229=DIRECTION('ref_axis',(1.,0.,0.));
#6230=DIRECTION('center_axis',(0.,-1.,0.));
#6231=DIRECTION('ref_axis',(1.,0.,0.));
#6232=DIRECTION('center_axis',(0.,-1.,0.));
#6233=DIRECTION('ref_axis',(1.,0.,0.));
#6234=DIRECTION('center_axis',(0.,-1.,0.));
#6235=DIRECTION('ref_axis',(1.,0.,0.));
#6236=DIRECTION('center_axis',(0.,1.,0.));
#6237=DIRECTION('ref_axis',(1.,0.,0.));
#6238=DIRECTION('center_axis',(0.,-1.,0.));
#6239=DIRECTION('ref_axis',(1.,0.,0.));
#6240=DIRECTION('center_axis',(0.,1.,0.));
#6241=DIRECTION('ref_axis',(1.,0.,0.));
#6242=DIRECTION('',(0.,1.,0.));
#6243=DIRECTION('center_axis',(0.,1.,0.));
#6244=DIRECTION('ref_axis',(1.,0.,0.));
#6245=DIRECTION('center_axis',(0.,-1.,0.));
#6246=DIRECTION('ref_axis',(1.,0.,0.));
#6247=DIRECTION('',(0.707106781186548,0.707106781186547,8.65956056235494E-17));
#6248=DIRECTION('center_axis',(0.,1.,0.));
#6249=DIRECTION('ref_axis',(1.,0.,0.));
#6250=DIRECTION('center_axis',(0.,1.,0.));
#6251=DIRECTION('ref_axis',(1.,0.,0.));
#6252=DIRECTION('',(0.,1.,0.));
#6253=DIRECTION('center_axis',(0.,1.,0.));
#6254=DIRECTION('ref_axis',(1.,0.,0.));
#6255=DIRECTION('center_axis',(0.,-1.,0.));
#6256=DIRECTION('ref_axis',(1.,0.,0.));
#6257=DIRECTION('',(0.707106781186548,0.707106781186547,8.65956056235494E-17));
#6258=DIRECTION('center_axis',(0.,1.,0.));
#6259=DIRECTION('ref_axis',(1.,0.,0.));
#6260=DIRECTION('center_axis',(0.,1.,0.));
#6261=DIRECTION('ref_axis',(1.,0.,0.));
#6262=DIRECTION('',(0.,1.,0.));
#6263=DIRECTION('center_axis',(0.,1.,0.));
#6264=DIRECTION('ref_axis',(1.,0.,0.));
#6265=DIRECTION('center_axis',(0.,-1.,0.));
#6266=DIRECTION('ref_axis',(1.,0.,0.));
#6267=DIRECTION('',(0.707106781186548,0.707106781186547,8.65956056235494E-17));
#6268=DIRECTION('center_axis',(0.,1.,0.));
#6269=DIRECTION('ref_axis',(1.,0.,0.));
#6270=DIRECTION('center_axis',(0.,1.,0.));
#6271=DIRECTION('ref_axis',(1.,0.,0.));
#6272=DIRECTION('',(0.,1.,0.));
#6273=DIRECTION('center_axis',(0.,1.,0.));
#6274=DIRECTION('ref_axis',(1.,0.,0.));
#6275=DIRECTION('center_axis',(-2.77555756673277E-17,-1.,0.));
#6276=DIRECTION('ref_axis',(1.,-2.77555756673277E-17,0.));
#6277=DIRECTION('',(1.,-2.77555756673277E-17,0.));
#6278=DIRECTION('center_axis',(2.77555756673277E-17,1.,0.));
#6279=DIRECTION('ref_axis',(1.,0.,0.));
#6280=DIRECTION('',(-1.,2.77555756673277E-17,0.));
#6281=DIRECTION('center_axis',(-2.77555756673277E-17,-1.,0.));
#6282=DIRECTION('ref_axis',(1.,-2.77555756673277E-17,0.));
#6283=DIRECTION('',(1.,-2.77555756673277E-17,0.));
#6284=DIRECTION('center_axis',(2.77555756673277E-17,1.,0.));
#6285=DIRECTION('ref_axis',(1.,0.,0.));
#6286=DIRECTION('',(-1.,2.77555756673277E-17,0.));
#6287=DIRECTION('center_axis',(-2.77555756673277E-17,-1.,0.));
#6288=DIRECTION('ref_axis',(1.,-2.77555756673277E-17,0.));
#6289=DIRECTION('',(1.,-2.77555756673277E-17,0.));
#6290=DIRECTION('center_axis',(2.77555756673277E-17,1.,0.));
#6291=DIRECTION('ref_axis',(1.,0.,0.));
#6292=DIRECTION('',(-1.,2.77555756673277E-17,0.));
#6293=DIRECTION('center_axis',(-2.77555756673277E-17,-1.,0.));
#6294=DIRECTION('ref_axis',(1.,-2.77555756673277E-17,0.));
#6295=DIRECTION('',(1.,-2.77555756673277E-17,0.));
#6296=DIRECTION('center_axis',(2.77555756673277E-17,1.,0.));
#6297=DIRECTION('ref_axis',(1.,0.,0.));
#6298=DIRECTION('',(-1.,2.77555756673277E-17,0.));
#6299=DIRECTION('center_axis',(-2.77555756673277E-17,-1.,0.));
#6300=DIRECTION('ref_axis',(1.,-2.77555756673277E-17,0.));
#6301=DIRECTION('',(-1.,2.77555756673277E-17,0.));
#6302=DIRECTION('',(1.,-2.77555756673277E-17,0.));
#6303=DIRECTION('center_axis',(-2.77555756673277E-17,-1.,0.));
#6304=DIRECTION('ref_axis',(1.,-2.77555756673277E-17,0.));
#6305=DIRECTION('',(-1.,2.77555756673277E-17,0.));
#6306=DIRECTION('',(1.,-2.77555756673277E-17,0.));
#6307=DIRECTION('center_axis',(-2.77555756673277E-17,-1.,0.));
#6308=DIRECTION('ref_axis',(1.,-2.77555756673277E-17,0.));
#6309=DIRECTION('',(-1.,2.77555756673277E-17,0.));
#6310=DIRECTION('center_axis',(2.77555756673277E-17,1.,0.));
#6311=DIRECTION('ref_axis',(1.,0.,0.));
#6312=DIRECTION('',(1.,-2.77555756673277E-17,0.));
#6313=DIRECTION('center_axis',(-2.77555756673277E-17,-1.,0.));
#6314=DIRECTION('ref_axis',(1.,-2.77555756673277E-17,0.));
#6315=DIRECTION('',(-1.,2.77555756673277E-17,0.));
#6316=DIRECTION('center_axis',(2.77555756673277E-17,1.,0.));
#6317=DIRECTION('ref_axis',(1.,0.,0.));
#6318=DIRECTION('',(1.,-2.77555756673277E-17,0.));
#6319=DIRECTION('center_axis',(-2.77555756673277E-17,-1.,0.));
#6320=DIRECTION('ref_axis',(1.,-2.77555756673277E-17,0.));
#6321=DIRECTION('',(-1.,2.77555756673277E-17,0.));
#6322=DIRECTION('',(1.,-2.77555756673277E-17,0.));
#6323=DIRECTION('center_axis',(-2.77555756673277E-17,-1.,0.));
#6324=DIRECTION('ref_axis',(1.,-2.77555756673277E-17,0.));
#6325=DIRECTION('',(1.,-2.77555756673277E-17,0.));
#6326=DIRECTION('',(-1.,2.77555756673277E-17,0.));
#6327=DIRECTION('center_axis',(-2.77555756673277E-17,-1.,0.));
#6328=DIRECTION('ref_axis',(1.,-2.77555756673277E-17,0.));
#6329=DIRECTION('',(-1.,2.77555756673277E-17,0.));
#6330=DIRECTION('',(1.,-2.77555756673277E-17,0.));
#6331=DIRECTION('center_axis',(-2.77555756673277E-17,-1.,0.));
#6332=DIRECTION('ref_axis',(1.,-2.77555756673277E-17,0.));
#6333=DIRECTION('',(-1.,2.77555756673277E-17,0.));
#6334=DIRECTION('center_axis',(2.77555756673277E-17,1.,0.));
#6335=DIRECTION('ref_axis',(1.,0.,0.));
#6336=DIRECTION('',(1.,-2.77555756673277E-17,0.));
#6337=DIRECTION('center_axis',(-2.77555756673277E-17,-1.,0.));
#6338=DIRECTION('ref_axis',(1.,-2.77555756673277E-17,0.));
#6339=DIRECTION('',(-1.,2.77555756673277E-17,0.));
#6340=DIRECTION('center_axis',(2.77555756673277E-17,1.,0.));
#6341=DIRECTION('ref_axis',(1.,0.,0.));
#6342=DIRECTION('',(1.,-2.77555756673277E-17,0.));
#6343=DIRECTION('center_axis',(-2.77555756673277E-17,-1.,0.));
#6344=DIRECTION('ref_axis',(1.,-2.77555756673277E-17,0.));
#6345=DIRECTION('',(-1.,2.77555756673277E-17,0.));
#6346=DIRECTION('',(1.,-2.77555756673277E-17,0.));
#6347=DIRECTION('center_axis',(-2.77555756673277E-17,-1.,0.));
#6348=DIRECTION('ref_axis',(1.,-2.77555756673277E-17,0.));
#6349=DIRECTION('',(-1.,2.77555756673277E-17,0.));
#6350=DIRECTION('',(1.,-2.77555756673277E-17,0.));
#6351=DIRECTION('center_axis',(-2.77555756673277E-17,-1.,0.));
#6352=DIRECTION('ref_axis',(1.,-2.77555756673277E-17,0.));
#6353=DIRECTION('',(1.,-2.77555756673277E-17,0.));
#6354=DIRECTION('',(-1.,2.77555756673277E-17,0.));
#6355=DIRECTION('center_axis',(2.77555756673277E-17,1.,0.));
#6356=DIRECTION('ref_axis',(1.,0.,0.));
#6357=DIRECTION('',(-1.,2.77555756673277E-17,0.));
#6358=DIRECTION('center_axis',(-2.77555756673277E-17,-1.,0.));
#6359=DIRECTION('ref_axis',(1.,-2.77555756673277E-17,0.));
#6360=DIRECTION('',(-1.,2.77555756673277E-17,0.));
#6361=DIRECTION('',(1.,-2.77555756673277E-17,0.));
#6362=DIRECTION('center_axis',(-2.77555756673277E-17,-1.,0.));
#6363=DIRECTION('ref_axis',(1.,-2.77555756673277E-17,0.));
#6364=DIRECTION('',(-1.,2.77555756673277E-17,0.));
#6365=DIRECTION('',(1.,-2.77555756673277E-17,0.));
#6366=DIRECTION('center_axis',(-2.77555756673277E-17,-1.,0.));
#6367=DIRECTION('ref_axis',(1.,-2.77555756673277E-17,0.));
#6368=DIRECTION('',(-1.,2.77555756673277E-17,0.));
#6369=DIRECTION('',(1.,-2.77555756673277E-17,0.));
#6370=DIRECTION('center_axis',(0.,1.,0.));
#6371=DIRECTION('ref_axis',(-1.,0.,0.));
#6372=DIRECTION('',(1.,0.,0.));
#6373=DIRECTION('',(-1.,0.,0.));
#6374=DIRECTION('center_axis',(0.,1.,0.));
#6375=DIRECTION('ref_axis',(-1.,0.,0.));
#6376=DIRECTION('',(1.,0.,0.));
#6377=DIRECTION('',(-1.,0.,0.));
#6378=DIRECTION('center_axis',(0.,1.,0.));
#6379=DIRECTION('ref_axis',(-1.,0.,0.));
#6380=DIRECTION('',(1.,0.,0.));
#6381=DIRECTION('',(-1.,0.,0.));
#6382=DIRECTION('center_axis',(0.,1.,0.));
#6383=DIRECTION('ref_axis',(-1.,0.,0.));
#6384=DIRECTION('',(1.,0.,0.));
#6385=DIRECTION('',(-1.,0.,0.));
#6386=DIRECTION('center_axis',(0.,1.,0.));
#6387=DIRECTION('ref_axis',(-1.,0.,0.));
#6388=DIRECTION('',(1.,0.,0.));
#6389=DIRECTION('',(-1.,0.,0.));
#6390=DIRECTION('center_axis',(0.,1.,0.));
#6391=DIRECTION('ref_axis',(-1.,0.,0.));
#6392=DIRECTION('',(1.,0.,0.));
#6393=DIRECTION('',(-1.,0.,0.));
#6394=DIRECTION('center_axis',(0.,-1.,0.));
#6395=DIRECTION('ref_axis',(1.,0.,0.));
#6396=DIRECTION('center_axis',(0.,1.,0.));
#6397=DIRECTION('ref_axis',(-1.,0.,0.));
#6398=DIRECTION('',(-1.,0.,0.));
#6399=DIRECTION('',(1.,0.,0.));
#6400=DIRECTION('center_axis',(0.,-1.,0.));
#6401=DIRECTION('ref_axis',(1.,0.,0.));
#6402=DIRECTION('',(1.,0.,0.));
#6403=DIRECTION('center_axis',(0.,1.,0.));
#6404=DIRECTION('ref_axis',(-1.,0.,0.));
#6405=DIRECTION('',(-1.,0.,0.));
#6406=DIRECTION('',(1.,0.,0.));
#6407=DIRECTION('center_axis',(0.,-1.,0.));
#6408=DIRECTION('ref_axis',(1.,0.,0.));
#6409=DIRECTION('center_axis',(0.,1.,0.));
#6410=DIRECTION('ref_axis',(-1.,0.,0.));
#6411=DIRECTION('',(-1.,0.,0.));
#6412=DIRECTION('',(1.,0.,0.));
#6413=DIRECTION('center_axis',(0.,-1.,0.));
#6414=DIRECTION('ref_axis',(1.,0.,0.));
#6415=DIRECTION('center_axis',(0.,1.,0.));
#6416=DIRECTION('ref_axis',(-1.,0.,0.));
#6417=DIRECTION('',(-1.,0.,0.));
#6418=DIRECTION('',(1.,0.,0.));
#6419=DIRECTION('center_axis',(0.,-1.,0.));
#6420=DIRECTION('ref_axis',(1.,0.,0.));
#6421=DIRECTION('center_axis',(0.,1.,0.));
#6422=DIRECTION('ref_axis',(-1.,0.,0.));
#6423=DIRECTION('',(-1.,0.,0.));
#6424=DIRECTION('',(1.,0.,0.));
#6425=DIRECTION('center_axis',(0.,-1.,0.));
#6426=DIRECTION('ref_axis',(1.,0.,0.));
#6427=DIRECTION('center_axis',(0.,1.,0.));
#6428=DIRECTION('ref_axis',(-1.,0.,0.));
#6429=DIRECTION('',(1.,0.,0.));
#6430=DIRECTION('',(-1.,0.,0.));
#6431=DIRECTION('center_axis',(0.,1.,0.));
#6432=DIRECTION('ref_axis',(-1.,0.,0.));
#6433=DIRECTION('',(1.,0.,0.));
#6434=DIRECTION('',(-1.,0.,0.));
#6435=DIRECTION('center_axis',(0.,-1.,0.));
#6436=DIRECTION('ref_axis',(1.,0.,0.));
#6437=DIRECTION('center_axis',(0.,1.,0.));
#6438=DIRECTION('ref_axis',(-1.,0.,0.));
#6439=DIRECTION('',(1.,0.,0.));
#6440=DIRECTION('',(-1.,0.,0.));
#6441=DIRECTION('center_axis',(0.,-1.,0.));
#6442=DIRECTION('ref_axis',(1.,0.,0.));
#6443=DIRECTION('center_axis',(0.,1.,0.));
#6444=DIRECTION('ref_axis',(-1.,0.,0.));
#6445=DIRECTION('',(1.,0.,0.));
#6446=DIRECTION('',(-1.,0.,0.));
#6447=DIRECTION('center_axis',(0.,-1.,0.));
#6448=DIRECTION('ref_axis',(1.,0.,0.));
#6449=DIRECTION('center_axis',(0.,1.,0.));
#6450=DIRECTION('ref_axis',(-1.,0.,0.));
#6451=DIRECTION('',(1.,0.,0.));
#6452=DIRECTION('',(-1.,0.,0.));
#6453=DIRECTION('center_axis',(0.,1.,0.));
#6454=DIRECTION('ref_axis',(-1.,0.,0.));
#6455=DIRECTION('',(1.,0.,0.));
#6456=DIRECTION('',(-1.,0.,0.));
#6457=DIRECTION('center_axis',(0.,1.,0.));
#6458=DIRECTION('ref_axis',(-1.,0.,0.));
#6459=DIRECTION('',(1.,0.,0.));
#6460=DIRECTION('',(-1.,0.,0.));
#6461=DIRECTION('center_axis',(0.,1.,0.));
#6462=DIRECTION('ref_axis',(-1.,0.,0.));
#6463=DIRECTION('',(-1.,0.,0.));
#6464=DIRECTION('',(1.,0.,0.));
#6465=DIRECTION('center_axis',(0.,1.,0.));
#6466=DIRECTION('ref_axis',(-1.,0.,0.));
#6467=DIRECTION('',(-1.,0.,0.));
#6468=DIRECTION('',(1.,0.,-2.22044604925031E-16));
#6469=DIRECTION('center_axis',(-2.77555756673277E-17,-1.,0.));
#6470=DIRECTION('ref_axis',(1.,-2.77555756673277E-17,0.));
#6471=DIRECTION('',(1.,-2.77555756673277E-17,0.));
#6472=DIRECTION('',(-1.,2.77555756673277E-17,2.22044604925031E-16));
#6473=DIRECTION('center_axis',(0.,0.,-1.));
#6474=DIRECTION('ref_axis',(1.,0.,0.));
#6475=DIRECTION('',(-1.,0.,0.));
#6476=DIRECTION('center_axis',(2.22044604925031E-16,0.,1.));
#6477=DIRECTION('ref_axis',(-1.,0.,2.22044604925031E-16));
#6478=DIRECTION('',(1.,0.,-2.22044604925031E-16));
#6479=DIRECTION('center_axis',(2.22044604925031E-16,0.,1.));
#6480=DIRECTION('ref_axis',(-1.,0.,2.22044604925031E-16));
#6481=DIRECTION('',(-1.,0.,2.22044604925031E-16));
#6482=DIRECTION('center_axis',(0.,0.,1.));
#6483=DIRECTION('ref_axis',(-1.,0.,0.));
#6484=DIRECTION('',(1.,0.,0.));
#6485=DIRECTION('center_axis',(0.,0.,1.));
#6486=DIRECTION('ref_axis',(-1.,0.,0.));
#6487=DIRECTION('',(-1.,0.,0.));
#6488=DIRECTION('center_axis',(0.,0.,-1.));
#6489=DIRECTION('ref_axis',(1.,0.,0.));
#6490=DIRECTION('',(-1.,0.,0.));
#6491=DIRECTION('center_axis',(0.,0.,1.));
#6492=DIRECTION('ref_axis',(-1.,0.,0.));
#6493=DIRECTION('',(1.,0.,0.));
#6494=DIRECTION('center_axis',(0.,0.,1.));
#6495=DIRECTION('ref_axis',(-1.,0.,0.));
#6496=DIRECTION('',(-1.,0.,0.));
#6497=DIRECTION('center_axis',(0.,0.,-1.));
#6498=DIRECTION('ref_axis',(1.,0.,0.));
#6499=DIRECTION('',(-1.,0.,0.));
#6500=DIRECTION('center_axis',(0.,0.,1.));
#6501=DIRECTION('ref_axis',(-1.,0.,0.));
#6502=DIRECTION('',(1.,0.,0.));
#6503=DIRECTION('center_axis',(0.,0.,1.));
#6504=DIRECTION('ref_axis',(-1.,0.,0.));
#6505=DIRECTION('',(-1.,0.,0.));
#6506=DIRECTION('center_axis',(0.,0.,-1.));
#6507=DIRECTION('ref_axis',(1.,0.,0.));
#6508=DIRECTION('',(-1.,0.,0.));
#6509=DIRECTION('center_axis',(0.,0.,1.));
#6510=DIRECTION('ref_axis',(-1.,0.,0.));
#6511=DIRECTION('',(0.,-1.,0.));
#6512=DIRECTION('',(1.,0.,0.));
#6513=DIRECTION('center_axis',(0.,0.,1.));
#6514=DIRECTION('ref_axis',(-1.,0.,0.));
#6515=DIRECTION('',(-1.,0.,0.));
#6516=DIRECTION('',(0.,-1.,0.));
#6517=DIRECTION('center_axis',(0.,0.,-1.));
#6518=DIRECTION('ref_axis',(1.,0.,0.));
#6519=DIRECTION('',(-1.,0.,0.));
#6520=DIRECTION('',(0.,-1.,0.));
#6521=DIRECTION('center_axis',(0.,0.,1.));
#6522=DIRECTION('ref_axis',(-1.,0.,0.));
#6523=DIRECTION('',(0.,-1.,0.));
#6524=DIRECTION('',(1.,0.,0.));
#6525=DIRECTION('center_axis',(0.,0.,1.));
#6526=DIRECTION('ref_axis',(-1.,0.,0.));
#6527=DIRECTION('',(-1.,0.,0.));
#6528=DIRECTION('',(0.,-1.,0.));
#6529=DIRECTION('center_axis',(0.,0.,-1.));
#6530=DIRECTION('ref_axis',(1.,0.,0.));
#6531=DIRECTION('',(-1.,0.,0.));
#6532=DIRECTION('',(0.,-1.,0.));
#6533=DIRECTION('center_axis',(0.,0.,1.));
#6534=DIRECTION('ref_axis',(-1.,0.,0.));
#6535=DIRECTION('',(1.,0.,0.));
#6536=DIRECTION('center_axis',(0.,0.,1.));
#6537=DIRECTION('ref_axis',(-1.,0.,0.));
#6538=DIRECTION('',(-1.,0.,0.));
#6539=DIRECTION('center_axis',(0.,0.,-1.));
#6540=DIRECTION('ref_axis',(1.,0.,0.));
#6541=DIRECTION('',(-1.,0.,0.));
#6542=DIRECTION('center_axis',(0.,0.,-1.));
#6543=DIRECTION('ref_axis',(1.,0.,0.));
#6544=DIRECTION('',(-1.,0.,0.));
#6545=DIRECTION('center_axis',(0.,0.,1.));
#6546=DIRECTION('ref_axis',(-1.,0.,0.));
#6547=DIRECTION('',(1.,0.,0.));
#6548=DIRECTION('center_axis',(0.,0.,1.));
#6549=DIRECTION('ref_axis',(-1.,0.,0.));
#6550=DIRECTION('',(-1.,0.,0.));
#6551=DIRECTION('center_axis',(0.,0.,1.));
#6552=DIRECTION('ref_axis',(-1.,0.,0.));
#6553=DIRECTION('',(1.,0.,0.));
#6554=DIRECTION('center_axis',(0.,0.,1.));
#6555=DIRECTION('ref_axis',(-1.,0.,0.));
#6556=DIRECTION('',(-1.,0.,0.));
#6557=DIRECTION('center_axis',(0.,0.,-1.));
#6558=DIRECTION('ref_axis',(1.,0.,0.));
#6559=DIRECTION('',(-1.,0.,0.));
#6560=DIRECTION('center_axis',(0.,0.,1.));
#6561=DIRECTION('ref_axis',(-1.,0.,0.));
#6562=DIRECTION('',(0.,-1.,0.));
#6563=DIRECTION('',(1.,0.,0.));
#6564=DIRECTION('center_axis',(0.,0.,1.));
#6565=DIRECTION('ref_axis',(-1.,0.,0.));
#6566=DIRECTION('',(-1.,0.,0.));
#6567=DIRECTION('',(0.,-1.,0.));
#6568=DIRECTION('center_axis',(0.,0.,-1.));
#6569=DIRECTION('ref_axis',(1.,0.,0.));
#6570=DIRECTION('',(-1.,0.,0.));
#6571=DIRECTION('',(0.,-1.,0.));
#6572=DIRECTION('center_axis',(0.,0.,1.));
#6573=DIRECTION('ref_axis',(-1.,0.,0.));
#6574=DIRECTION('',(0.,-1.,0.));
#6575=DIRECTION('',(1.,0.,0.));
#6576=DIRECTION('center_axis',(0.,0.,1.));
#6577=DIRECTION('ref_axis',(-1.,0.,0.));
#6578=DIRECTION('',(-1.,0.,0.));
#6579=DIRECTION('',(0.,-1.,0.));
#6580=DIRECTION('center_axis',(0.,0.,-1.));
#6581=DIRECTION('ref_axis',(1.,0.,0.));
#6582=DIRECTION('',(-1.,0.,0.));
#6583=DIRECTION('',(0.,-1.,0.));
#6584=DIRECTION('center_axis',(0.,0.,1.));
#6585=DIRECTION('ref_axis',(-1.,0.,0.));
#6586=DIRECTION('',(1.,0.,0.));
#6587=DIRECTION('center_axis',(0.,0.,1.));
#6588=DIRECTION('ref_axis',(-1.,0.,0.));
#6589=DIRECTION('',(-1.,0.,0.));
#6590=DIRECTION('center_axis',(0.,0.,-1.));
#6591=DIRECTION('ref_axis',(1.,0.,0.));
#6592=DIRECTION('',(-1.,0.,0.));
#6593=DIRECTION('center_axis',(0.,0.,1.));
#6594=DIRECTION('ref_axis',(-1.,0.,0.));
#6595=DIRECTION('',(1.,0.,0.));
#6596=DIRECTION('center_axis',(0.,0.,1.));
#6597=DIRECTION('ref_axis',(-1.,0.,0.));
#6598=DIRECTION('',(-1.,0.,0.));
#6599=DIRECTION('center_axis',(0.,0.,-1.));
#6600=DIRECTION('ref_axis',(1.,0.,0.));
#6601=DIRECTION('',(-1.,0.,0.));
#6602=DIRECTION('center_axis',(0.,0.,1.));
#6603=DIRECTION('ref_axis',(-1.,0.,0.));
#6604=DIRECTION('',(1.,0.,0.));
#6605=DIRECTION('center_axis',(0.,0.,1.));
#6606=DIRECTION('ref_axis',(-1.,0.,0.));
#6607=DIRECTION('',(-1.,0.,0.));
#6608=DIRECTION('center_axis',(0.,0.,-1.));
#6609=DIRECTION('ref_axis',(1.,0.,0.));
#6610=DIRECTION('',(-1.,0.,0.));
#6611=DIRECTION('center_axis',(0.,0.,1.));
#6612=DIRECTION('ref_axis',(-1.,0.,0.));
#6613=DIRECTION('',(1.,0.,0.));
#6614=DIRECTION('center_axis',(0.,0.,1.));
#6615=DIRECTION('ref_axis',(-1.,0.,0.));
#6616=DIRECTION('',(-1.,0.,0.));
#6617=DIRECTION('center_axis',(0.,0.,-1.));
#6618=DIRECTION('ref_axis',(1.,0.,0.));
#6619=DIRECTION('',(-1.,0.,0.));
#6620=DIRECTION('center_axis',(0.,0.,-1.));
#6621=DIRECTION('ref_axis',(1.,0.,0.));
#6622=DIRECTION('',(0.,-1.,0.));
#6623=DIRECTION('',(-1.,0.,0.));
#6624=DIRECTION('center_axis',(0.,0.,-1.));
#6625=DIRECTION('ref_axis',(1.,0.,0.));
#6626=DIRECTION('',(1.,0.,0.));
#6627=DIRECTION('',(0.,-1.,0.));
#6628=DIRECTION('center_axis',(0.,0.,1.));
#6629=DIRECTION('ref_axis',(-1.,0.,0.));
#6630=DIRECTION('',(1.,0.,0.));
#6631=DIRECTION('',(0.,-1.,0.));
#6632=DIRECTION('center_axis',(0.,0.,-1.));
#6633=DIRECTION('ref_axis',(1.,0.,0.));
#6634=DIRECTION('',(0.,-1.,0.));
#6635=DIRECTION('',(-1.,0.,0.));
#6636=DIRECTION('center_axis',(0.,0.,-1.));
#6637=DIRECTION('ref_axis',(1.,0.,0.));
#6638=DIRECTION('',(1.,0.,0.));
#6639=DIRECTION('',(0.,-1.,0.));
#6640=DIRECTION('center_axis',(0.,0.,1.));
#6641=DIRECTION('ref_axis',(-1.,0.,0.));
#6642=DIRECTION('',(1.,0.,0.));
#6643=DIRECTION('',(0.,-1.,0.));
#6644=DIRECTION('center_axis',(0.,0.,-1.));
#6645=DIRECTION('ref_axis',(1.,0.,0.));
#6646=DIRECTION('',(-1.,0.,0.));
#6647=DIRECTION('center_axis',(0.,0.,-1.));
#6648=DIRECTION('ref_axis',(1.,0.,0.));
#6649=DIRECTION('',(1.,0.,0.));
#6650=DIRECTION('center_axis',(0.,0.,1.));
#6651=DIRECTION('ref_axis',(-1.,0.,0.));
#6652=DIRECTION('',(0.,-1.,0.));
#6653=DIRECTION('',(1.,0.,0.));
#6654=DIRECTION('center_axis',(0.,0.,1.));
#6655=DIRECTION('ref_axis',(-1.,0.,0.));
#6656=DIRECTION('',(-1.,0.,0.));
#6657=DIRECTION('',(0.,-1.,0.));
#6658=DIRECTION('center_axis',(0.,0.,1.));
#6659=DIRECTION('ref_axis',(-1.,0.,0.));
#6660=DIRECTION('',(1.,0.,0.));
#6661=DIRECTION('',(0.,-1.,0.));
#6662=DIRECTION('center_axis',(0.,0.,-1.));
#6663=DIRECTION('ref_axis',(1.,0.,0.));
#6664=DIRECTION('',(0.,-1.,0.));
#6665=DIRECTION('',(-1.,0.,0.));
#6666=DIRECTION('center_axis',(0.,0.,-1.));
#6667=DIRECTION('ref_axis',(1.,0.,0.));
#6668=DIRECTION('',(1.,0.,0.));
#6669=DIRECTION('',(0.,-1.,0.));
#6670=DIRECTION('center_axis',(0.,0.,1.));
#6671=DIRECTION('ref_axis',(-1.,0.,0.));
#6672=DIRECTION('',(1.,0.,0.));
#6673=DIRECTION('',(0.,-1.,0.));
#6674=DIRECTION('center_axis',(0.,0.,-1.));
#6675=DIRECTION('ref_axis',(1.,0.,0.));
#6676=DIRECTION('',(0.,-1.,0.));
#6677=DIRECTION('',(-1.,0.,0.));
#6678=DIRECTION('center_axis',(0.,0.,-1.));
#6679=DIRECTION('ref_axis',(1.,0.,0.));
#6680=DIRECTION('',(1.,0.,0.));
#6681=DIRECTION('',(0.,-1.,0.));
#6682=DIRECTION('center_axis',(0.,1.,0.));
#6683=DIRECTION('ref_axis',(1.,0.,0.));
#6684=DIRECTION('center_axis',(0.,1.,0.));
#6685=DIRECTION('ref_axis',(-1.,0.,0.));
#6686=DIRECTION('center_axis',(0.,1.,0.));
#6687=DIRECTION('ref_axis',(-1.,0.,0.));
#6688=DIRECTION('center_axis',(0.,1.,0.));
#6689=DIRECTION('ref_axis',(-1.,0.,0.));
#6690=DIRECTION('center_axis',(0.,1.,0.));
#6691=DIRECTION('ref_axis',(-1.,0.,0.));
#6692=DIRECTION('center_axis',(0.,1.,0.));
#6693=DIRECTION('ref_axis',(-1.,0.,0.));
#6694=DIRECTION('',(0.,-1.,0.));
#6695=DIRECTION('center_axis',(0.,1.,0.));
#6696=DIRECTION('ref_axis',(-1.,0.,0.));
#6697=DIRECTION('center_axis',(0.,1.,0.));
#6698=DIRECTION('ref_axis',(-1.,0.,0.));
#6699=DIRECTION('center_axis',(0.,1.,0.));
#6700=DIRECTION('ref_axis',(-1.,0.,0.));
#6701=DIRECTION('center_axis',(0.,1.,0.));
#6702=DIRECTION('ref_axis',(-1.,0.,0.));
#6703=DIRECTION('',(0.,1.,0.));
#6704=DIRECTION('center_axis',(0.,1.,0.));
#6705=DIRECTION('ref_axis',(-1.,0.,0.));
#6706=DIRECTION('center_axis',(0.,0.,1.));
#6707=DIRECTION('ref_axis',(-1.,0.,0.));
#6708=DIRECTION('',(1.,0.,0.));
#6709=DIRECTION('center_axis',(0.,0.,-1.));
#6710=DIRECTION('ref_axis',(1.,0.,0.));
#6711=DIRECTION('',(1.,0.,0.));
#6712=DIRECTION('center_axis',(0.,1.,0.));
#6713=DIRECTION('ref_axis',(-1.,0.,0.));
#6714=DIRECTION('',(1.,0.,0.));
#6715=DIRECTION('center_axis',(0.,1.,0.));
#6716=DIRECTION('ref_axis',(-1.,0.,0.));
#6717=DIRECTION('center_axis',(0.,-1.,0.));
#6718=DIRECTION('ref_axis',(1.,0.,0.));
#6719=DIRECTION('',(-1.,0.,0.));
#6720=DIRECTION('center_axis',(0.,0.,-1.));
#6721=DIRECTION('ref_axis',(1.,0.,0.));
#6722=DIRECTION('',(1.,0.,0.));
#6723=DIRECTION('center_axis',(0.,1.,0.));
#6724=DIRECTION('ref_axis',(-1.,0.,0.));
#6725=DIRECTION('',(1.,0.,0.));
#6726=DIRECTION('center_axis',(0.,1.,0.));
#6727=DIRECTION('ref_axis',(-1.,0.,0.));
#6728=DIRECTION('center_axis',(0.,-1.,0.));
#6729=DIRECTION('ref_axis',(1.,0.,0.));
#6730=DIRECTION('center_axis',(0.,-1.,0.));
#6731=DIRECTION('ref_axis',(1.,0.,0.));
#6732=DIRECTION('center_axis',(0.,0.,1.));
#6733=DIRECTION('ref_axis',(-1.,0.,0.));
#6734=DIRECTION('',(0.,-1.,0.));
#6735=DIRECTION('',(-1.,0.,0.));
#6736=DIRECTION('center_axis',(0.,1.,0.));
#6737=DIRECTION('ref_axis',(-1.,0.,0.));
#6738=DIRECTION('',(-1.,0.,0.));
#6739=DIRECTION('center_axis',(0.,-1.,0.));
#6740=DIRECTION('ref_axis',(1.,0.,0.));
#6741=DIRECTION('center_axis',(0.,1.,0.));
#6742=DIRECTION('ref_axis',(-1.,0.,0.));
#6743=DIRECTION('center_axis',(0.,-1.,0.));
#6744=DIRECTION('ref_axis',(1.,0.,0.));
#6745=DIRECTION('',(1.,0.,0.));
#6746=DIRECTION('center_axis',(0.,-1.,0.));
#6747=DIRECTION('ref_axis',(1.,0.,0.));
#6748=DIRECTION('center_axis',(0.,-1.,0.));
#6749=DIRECTION('ref_axis',(1.,0.,0.));
#6750=DIRECTION('center_axis',(0.,0.,1.));
#6751=DIRECTION('ref_axis',(-1.,0.,0.));
#6752=DIRECTION('',(0.,-1.,0.));
#6753=DIRECTION('',(-1.,0.,0.));
#6754=DIRECTION('center_axis',(0.,1.,0.));
#6755=DIRECTION('ref_axis',(-1.,0.,0.));
#6756=DIRECTION('',(-1.,0.,0.));
#6757=DIRECTION('center_axis',(0.,-1.,0.));
#6758=DIRECTION('ref_axis',(1.,0.,0.));
#6759=DIRECTION('center_axis',(0.,1.,0.));
#6760=DIRECTION('ref_axis',(-1.,0.,0.));
#6761=DIRECTION('center_axis',(0.,-1.,0.));
#6762=DIRECTION('ref_axis',(1.,0.,0.));
#6763=DIRECTION('center_axis',(0.,-1.,0.));
#6764=DIRECTION('ref_axis',(1.,0.,0.));
#6765=DIRECTION('center_axis',(0.,-1.,0.));
#6766=DIRECTION('ref_axis',(1.,0.,0.));
#6767=DIRECTION('center_axis',(0.,0.,-1.));
#6768=DIRECTION('ref_axis',(1.,0.,0.));
#6769=DIRECTION('',(1.,0.,0.));
#6770=DIRECTION('center_axis',(0.,-1.,0.));
#6771=DIRECTION('ref_axis',(1.,0.,0.));
#6772=DIRECTION('center_axis',(0.,-1.,0.));
#6773=DIRECTION('ref_axis',(1.,0.,0.));
#6774=DIRECTION('center_axis',(0.,1.,0.));
#6775=DIRECTION('ref_axis',(-1.,0.,0.));
#6776=DIRECTION('center_axis',(0.,1.,0.));
#6777=DIRECTION('ref_axis',(-1.,0.,0.));
#6778=DIRECTION('center_axis',(0.,0.,-1.));
#6779=DIRECTION('ref_axis',(1.,0.,0.));
#6780=DIRECTION('',(1.,0.,0.));
#6781=DIRECTION('center_axis',(0.,1.,0.));
#6782=DIRECTION('ref_axis',(-1.,0.,0.));
#6783=DIRECTION('',(1.,0.,0.));
#6784=DIRECTION('center_axis',(0.,1.,0.));
#6785=DIRECTION('ref_axis',(-1.,0.,0.));
#6786=DIRECTION('center_axis',(0.,-1.,0.));
#6787=DIRECTION('ref_axis',(1.,0.,0.));
#6788=DIRECTION('center_axis',(0.,-1.,0.));
#6789=DIRECTION('ref_axis',(1.,0.,0.));
#6790=DIRECTION('center_axis',(0.,0.,1.));
#6791=DIRECTION('ref_axis',(-1.,0.,0.));
#6792=DIRECTION('',(0.,-1.,0.));
#6793=DIRECTION('',(-1.,0.,0.));
#6794=DIRECTION('center_axis',(0.,1.,0.));
#6795=DIRECTION('ref_axis',(-1.,0.,0.));
#6796=DIRECTION('center_axis',(0.,-1.,0.));
#6797=DIRECTION('ref_axis',(1.,0.,0.));
#6798=DIRECTION('center_axis',(0.,1.,0.));
#6799=DIRECTION('ref_axis',(-1.,0.,0.));
#6800=DIRECTION('',(1.,0.,0.));
#6801=DIRECTION('center_axis',(0.,-1.,0.));
#6802=DIRECTION('ref_axis',(1.,0.,0.));
#6803=DIRECTION('center_axis',(0.,-1.,0.));
#6804=DIRECTION('ref_axis',(1.,0.,0.));
#6805=DIRECTION('center_axis',(0.,0.,-1.));
#6806=DIRECTION('ref_axis',(1.,0.,0.));
#6807=DIRECTION('',(0.,-1.,0.));
#6808=DIRECTION('',(1.,0.,0.));
#6809=DIRECTION('center_axis',(0.,1.,0.));
#6810=DIRECTION('ref_axis',(-1.,0.,0.));
#6811=DIRECTION('',(1.,0.,0.));
#6812=DIRECTION('center_axis',(0.,-1.,0.));
#6813=DIRECTION('ref_axis',(1.,0.,0.));
#6814=DIRECTION('center_axis',(0.,-1.,0.));
#6815=DIRECTION('ref_axis',(1.,0.,0.));
#6816=DIRECTION('center_axis',(0.,1.,0.));
#6817=DIRECTION('ref_axis',(-1.,0.,0.));
#6818=DIRECTION('center_axis',(0.,-1.,0.));
#6819=DIRECTION('ref_axis',(1.,0.,0.));
#6820=DIRECTION('center_axis',(0.,-1.,0.));
#6821=DIRECTION('ref_axis',(1.,0.,0.));
#6822=DIRECTION('center_axis',(0.,-1.,0.));
#6823=DIRECTION('ref_axis',(1.,0.,0.));
#6824=DIRECTION('center_axis',(0.,0.,-1.));
#6825=DIRECTION('ref_axis',(1.,0.,0.));
#6826=DIRECTION('',(0.,-1.,0.));
#6827=DIRECTION('',(1.,0.,0.));
#6828=DIRECTION('center_axis',(0.,1.,0.));
#6829=DIRECTION('ref_axis',(-1.,0.,0.));
#6830=DIRECTION('center_axis',(0.,-1.,0.));
#6831=DIRECTION('ref_axis',(1.,0.,0.));
#6832=DIRECTION('center_axis',(0.,-1.,0.));
#6833=DIRECTION('ref_axis',(1.,0.,0.));
#6834=DIRECTION('center_axis',(0.,0.,-1.));
#6835=DIRECTION('ref_axis',(1.,0.,0.));
#6836=DIRECTION('center_axis',(0.,1.,0.));
#6837=DIRECTION('ref_axis',(-1.,0.,0.));
#6838=DIRECTION('',(1.,0.,0.));
#6839=DIRECTION('center_axis',(0.,-1.,0.));
#6840=DIRECTION('ref_axis',(1.,0.,0.));
#6841=DIRECTION('center_axis',(0.,0.,-1.));
#6842=DIRECTION('ref_axis',(1.,0.,0.));
#6843=DIRECTION('',(1.,0.,0.));
#6844=DIRECTION('center_axis',(0.,1.,0.));
#6845=DIRECTION('ref_axis',(-1.,0.,0.));
#6846=DIRECTION('center_axis',(0.,-1.,0.));
#6847=DIRECTION('ref_axis',(1.,0.,0.));
#6848=DIRECTION('center_axis',(0.,0.,-1.));
#6849=DIRECTION('ref_axis',(1.,0.,0.));
#6850=DIRECTION('',(1.,0.,0.));
#6851=DIRECTION('center_axis',(0.,1.,0.));
#6852=DIRECTION('ref_axis',(-1.,0.,0.));
#6853=DIRECTION('center_axis',(0.,-1.,0.));
#6854=DIRECTION('ref_axis',(1.,0.,0.));
#6855=DIRECTION('center_axis',(0.,0.,-1.));
#6856=DIRECTION('ref_axis',(1.,0.,0.));
#6857=DIRECTION('',(0.,-1.,0.));
#6858=DIRECTION('center_axis',(0.,0.,-1.));
#6859=DIRECTION('ref_axis',(1.,0.,0.));
#6860=DIRECTION('',(0.,-1.,0.));
#6861=DIRECTION('center_axis',(0.,-1.,0.));
#6862=DIRECTION('ref_axis',(1.,0.,0.));
#6863=DIRECTION('center_axis',(0.,0.,-1.));
#6864=DIRECTION('ref_axis',(1.,0.,0.));
#6865=DIRECTION('',(1.,0.,0.));
#6866=DIRECTION('center_axis',(0.,1.,0.));
#6867=DIRECTION('ref_axis',(-1.,0.,0.));
#6868=DIRECTION('center_axis',(0.,-1.,0.));
#6869=DIRECTION('ref_axis',(1.,0.,0.));
#6870=DIRECTION('center_axis',(0.,0.,-1.));
#6871=DIRECTION('ref_axis',(1.,0.,0.));
#6872=DIRECTION('center_axis',(0.,0.,1.));
#6873=DIRECTION('ref_axis',(-1.,0.,0.));
#6874=DIRECTION('',(0.,-1.,0.));
#6875=DIRECTION('center_axis',(0.,0.,1.));
#6876=DIRECTION('ref_axis',(-1.,0.,0.));
#6877=DIRECTION('',(0.,-1.,0.));
#6878=DIRECTION('center_axis',(0.,0.,-1.));
#6879=DIRECTION('ref_axis',(1.,0.,0.));
#6880=DIRECTION('center_axis',(0.,0.,-1.));
#6881=DIRECTION('ref_axis',(1.,0.,0.));
#6882=DIRECTION('center_axis',(0.,-1.,0.));
#6883=DIRECTION('ref_axis',(1.,0.,0.));
#6884=DIRECTION('center_axis',(0.,0.,-1.));
#6885=DIRECTION('ref_axis',(1.,0.,0.));
#6886=DIRECTION('',(-1.,0.,0.));
#6887=DIRECTION('',(1.,0.,0.));
#6888=DIRECTION('',(0.,1.,0.));
#6889=DIRECTION('center_axis',(0.,0.,-1.));
#6890=DIRECTION('ref_axis',(1.,0.,0.));
#6891=DIRECTION('',(1.,0.,0.));
#6892=DIRECTION('',(0.,1.,0.));
#6893=DIRECTION('',(-1.,-2.22044604925031E-16,0.));
#6894=DIRECTION('',(0.,-1.,0.));
#6895=DIRECTION('center_axis',(1.,0.,0.));
#6896=DIRECTION('ref_axis',(0.,0.,-1.));
#6897=DIRECTION('',(0.,0.,-1.));
#6898=DIRECTION('',(0.,1.,0.));
#6899=DIRECTION('',(0.,0.,1.));
#6900=DIRECTION('',(0.,-1.,0.));
#6901=DIRECTION('',(0.,0.,-1.));
#6902=DIRECTION('',(0.,0.,-1.));
#6903=DIRECTION('center_axis',(0.,-1.,0.));
#6904=DIRECTION('ref_axis',(0.,0.,-1.));
#6905=DIRECTION('',(-1.,0.,0.));
#6906=DIRECTION('',(0.,0.,-1.));
#6907=DIRECTION('',(1.,0.,0.));
#6908=DIRECTION('center_axis',(2.22044604925031E-16,-1.,0.));
#6909=DIRECTION('ref_axis',(1.,2.22044604925031E-16,0.));
#6910=DIRECTION('',(0.,0.,1.));
#6911=DIRECTION('',(0.,0.,1.));
#6912=DIRECTION('center_axis',(-1.,0.,0.));
#6913=DIRECTION('ref_axis',(0.,0.,1.));
#6914=DIRECTION('',(0.,0.,-1.));
#6915=DIRECTION('',(0.,-1.,0.));
#6916=DIRECTION('',(0.,0.,-1.));
#6917=DIRECTION('',(0.,1.,0.));
#6918=DIRECTION('',(0.,0.,-1.));
#6919=DIRECTION('center_axis',(0.,1.,0.));
#6920=DIRECTION('ref_axis',(0.,0.,1.));
#6921=DIRECTION('',(0.,0.,1.));
#6922=DIRECTION('',(1.,0.,0.));
#6923=DIRECTION('center_axis',(0.,1.,0.));
#6924=DIRECTION('ref_axis',(0.,0.,1.));
#6925=DIRECTION('',(0.,0.,-1.));
#6926=DIRECTION('',(1.,0.,0.));
#6927=DIRECTION('',(0.,0.,1.));
#6928=DIRECTION('center_axis',(1.,0.,0.));
#6929=DIRECTION('ref_axis',(0.,0.,-1.));
#6930=DIRECTION('',(0.,-1.,0.));
#6931=DIRECTION('',(0.,0.,1.));
#6932=DIRECTION('center_axis',(-1.,0.,0.));
#6933=DIRECTION('ref_axis',(0.,0.,1.));
#6934=DIRECTION('',(0.,1.,0.));
#6935=DIRECTION('',(0.,0.,-1.));
#6936=DIRECTION('center_axis',(0.,0.,1.));
#6937=DIRECTION('ref_axis',(1.,0.,0.));
#6938=DIRECTION('',(0.,1.,0.));
#6939=DIRECTION('',(-1.,0.,0.));
#6940=DIRECTION('center_axis',(-1.,0.,0.));
#6941=DIRECTION('ref_axis',(0.,0.,1.));
#6942=DIRECTION('',(0.,0.,-1.));
#6943=DIRECTION('center_axis',(0.,-1.,0.));
#6944=DIRECTION('ref_axis',(0.,0.,-1.));
#6945=DIRECTION('',(0.,0.,1.));
#6946=DIRECTION('',(1.,0.,0.));
#6947=DIRECTION('center_axis',(0.,-1.,0.));
#6948=DIRECTION('ref_axis',(0.,0.,-1.));
#6949=DIRECTION('',(0.,0.,1.));
#6950=DIRECTION('',(-1.,0.,0.));
#6951=DIRECTION('center_axis',(0.,0.,-1.));
#6952=DIRECTION('ref_axis',(-1.,0.,0.));
#6953=DIRECTION('',(0.,-1.,0.));
#6954=DIRECTION('',(-1.,0.,0.));
#6955=DIRECTION('center_axis',(-1.,0.,0.));
#6956=DIRECTION('ref_axis',(0.,0.,1.));
#6957=DIRECTION('',(0.,1.,0.));
#6958=DIRECTION('',(0.,0.,-1.));
#6959=DIRECTION('center_axis',(0.,0.,-1.));
#6960=DIRECTION('ref_axis',(-1.,2.22044604925031E-15,0.));
#6961=DIRECTION('',(-2.96059473233375E-15,-1.,0.));
#6962=DIRECTION('',(-1.,2.42230478100034E-15,0.));
#6963=DIRECTION('center_axis',(0.,-1.,0.));
#6964=DIRECTION('ref_axis',(1.,0.,0.));
#6965=DIRECTION('center_axis',(0.,0.,1.));
#6966=DIRECTION('ref_axis',(-1.,0.,0.));
#6967=DIRECTION('center_axis',(0.,1.,0.));
#6968=DIRECTION('ref_axis',(-1.,0.,0.));
#6969=DIRECTION('center_axis',(-8.88178419700125E-16,1.,0.));
#6970=DIRECTION('ref_axis',(-1.,-8.88178419700125E-16,0.));
#6971=DIRECTION('',(-1.,-8.88178419700125E-16,0.));
#6972=DIRECTION('center_axis',(0.,0.,1.));
#6973=DIRECTION('ref_axis',(1.,0.,0.));
#6974=DIRECTION('center_axis',(1.,0.,0.));
#6975=DIRECTION('ref_axis',(0.,0.,-1.));
#6976=DIRECTION('',(0.,1.,0.));
#6977=DIRECTION('',(0.,0.,-1.));
#6978=DIRECTION('center_axis',(-2.96059473233375E-15,-1.,0.));
#6979=DIRECTION('ref_axis',(0.,0.,-1.));
#6980=DIRECTION('',(1.,0.,0.));
#6981=DIRECTION('center_axis',(-2.96059473233375E-15,-1.,0.));
#6982=DIRECTION('ref_axis',(0.,0.,-1.));
#6983=DIRECTION('',(1.,0.,0.));
#6984=DIRECTION('center_axis',(0.,0.,1.));
#6985=DIRECTION('ref_axis',(-1.,0.,0.));
#6986=DIRECTION('center_axis',(0.,0.,1.));
#6987=DIRECTION('ref_axis',(1.,0.,0.));
#6988=DIRECTION('',(0.,0.,1.));
#6989=DIRECTION('center_axis',(0.,0.,-1.));
#6990=DIRECTION('ref_axis',(1.,0.,0.));
#6991=DIRECTION('center_axis',(0.,0.,-1.));
#6992=DIRECTION('ref_axis',(1.,0.,0.));
#6993=DIRECTION('center_axis',(0.,0.,-1.));
#6994=DIRECTION('ref_axis',(1.,0.,0.));
#6995=DIRECTION('center_axis',(0.,0.,-1.));
#6996=DIRECTION('ref_axis',(1.,0.,0.));
#6997=DIRECTION('center_axis',(0.,1.,0.));
#6998=DIRECTION('ref_axis',(1.,0.,0.));
#6999=DIRECTION('',(0.,1.,0.));
#7000=DIRECTION('center_axis',(0.,-1.,0.));
#7001=DIRECTION('ref_axis',(1.,0.,0.));
#7002=DIRECTION('center_axis',(0.,-1.,0.));
#7003=DIRECTION('ref_axis',(1.,0.,0.));
#7004=DIRECTION('center_axis',(0.,-1.,0.));
#7005=DIRECTION('ref_axis',(1.,0.,0.));
#7006=DIRECTION('center_axis',(0.,-1.,0.));
#7007=DIRECTION('ref_axis',(1.,0.,0.));
#7008=DIRECTION('center_axis',(0.,1.,0.));
#7009=DIRECTION('ref_axis',(-1.,0.,0.));
#7010=DIRECTION('center_axis',(0.,1.,0.));
#7011=DIRECTION('ref_axis',(-1.,0.,0.));
#7012=DIRECTION('center_axis',(0.,1.,0.));
#7013=DIRECTION('ref_axis',(-1.,0.,0.));
#7014=DIRECTION('center_axis',(0.,1.,0.));
#7015=DIRECTION('ref_axis',(-1.,0.,0.));
#7016=DIRECTION('center_axis',(0.,0.,-1.));
#7017=DIRECTION('ref_axis',(-1.,0.,0.));
#7018=DIRECTION('',(0.,0.,-1.));
#7019=DIRECTION('center_axis',(0.,0.,1.));
#7020=DIRECTION('ref_axis',(-1.,0.,0.));
#7021=DIRECTION('center_axis',(0.,0.,1.));
#7022=DIRECTION('ref_axis',(-1.,0.,0.));
#7023=DIRECTION('center_axis',(0.,0.,1.));
#7024=DIRECTION('ref_axis',(-1.,0.,0.));
#7025=DIRECTION('center_axis',(0.,0.,1.));
#7026=DIRECTION('ref_axis',(-1.,0.,0.));
#7027=DIRECTION('center_axis',(0.,0.,1.));
#7028=DIRECTION('ref_axis',(-1.,0.,0.));
#7029=DIRECTION('center_axis',(1.,0.,0.));
#7030=DIRECTION('ref_axis',(0.,1.,0.));
#7031=DIRECTION('center_axis',(1.,0.,0.));
#7032=DIRECTION('ref_axis',(0.,1.,0.));
#7033=DIRECTION('center_axis',(1.,0.,0.));
#7034=DIRECTION('ref_axis',(0.,1.,0.));
#7035=DIRECTION('center_axis',(1.,0.,0.));
#7036=DIRECTION('ref_axis',(0.,1.,0.));
#7037=DIRECTION('center_axis',(-1.,-1.11022302462516E-16,0.));
#7038=DIRECTION('ref_axis',(1.11022302462516E-16,-1.,0.));
#7039=DIRECTION('center_axis',(-1.,-1.11022302462516E-16,0.));
#7040=DIRECTION('ref_axis',(1.11022302462516E-16,-1.,0.));
#7041=DIRECTION('center_axis',(-1.,-1.11022302462516E-16,0.));
#7042=DIRECTION('ref_axis',(1.11022302462516E-16,-1.,0.));
#7043=DIRECTION('center_axis',(-1.,-1.11022302462516E-16,0.));
#7044=DIRECTION('ref_axis',(1.11022302462516E-16,-1.,0.));
#7045=DIRECTION('center_axis',(0.,0.,-1.));
#7046=DIRECTION('ref_axis',(-1.,0.,0.));
#7047=DIRECTION('center_axis',(0.,0.,1.));
#7048=DIRECTION('ref_axis',(1.,0.,0.));
#7049=DIRECTION('center_axis',(0.,0.,1.));
#7050=DIRECTION('ref_axis',(1.,0.,0.));
#7051=CARTESIAN_POINT('',(0.,0.,0.));
#7052=CARTESIAN_POINT('Origin',(26.,77.,9.8));
#7053=CARTESIAN_POINT('',(23.1,77.,10.));
#7054=CARTESIAN_POINT('Origin',(26.,77.,10.));
#7055=CARTESIAN_POINT('',(23.5,77.,9.6));
#7056=CARTESIAN_POINT('',(23.3,77.,9.8));
#7057=CARTESIAN_POINT('',(28.5,77.,9.6));
#7058=CARTESIAN_POINT('Origin',(26.,77.,9.6));
#7059=CARTESIAN_POINT('Origin',(26.,77.,9.6));
#7060=CARTESIAN_POINT('Origin',(50.,50.,10.));
#7061=CARTESIAN_POINT('',(90.,20.,10.));
#7062=CARTESIAN_POINT('',(90.,67.,10.));
#7063=CARTESIAN_POINT('',(90.,90.,10.));
#7064=CARTESIAN_POINT('',(84.,67.,10.));
#7065=CARTESIAN_POINT('',(65.,67.,10.));
#7066=CARTESIAN_POINT('',(84.,73.,10.));
#7067=CARTESIAN_POINT('',(84.,61.5,10.));
#7068=CARTESIAN_POINT('',(90.,73.,10.));
#7069=CARTESIAN_POINT('',(70.,73.,10.));
#7070=CARTESIAN_POINT('',(90.,90.,10.));
#7071=CARTESIAN_POINT('',(90.,90.,10.));
#7072=CARTESIAN_POINT('',(10.,90.,10.));
#7073=CARTESIAN_POINT('',(10.,90.,10.));
#7074=CARTESIAN_POINT('',(10.,10.,10.));
#7075=CARTESIAN_POINT('',(10.,10.,10.));
#7076=CARTESIAN_POINT('',(90.,10.,10.));
#7077=CARTESIAN_POINT('',(90.,10.,10.));
#7078=CARTESIAN_POINT('',(90.,14.,10.));
#7079=CARTESIAN_POINT('',(90.,90.,10.));
#7080=CARTESIAN_POINT('',(84.,14.,10.));
#7081=CARTESIAN_POINT('',(65.,14.,10.));
#7082=CARTESIAN_POINT('',(84.,20.,10.));
#7083=CARTESIAN_POINT('',(84.,37.,10.));
#7084=CARTESIAN_POINT('',(70.,20.,10.));
#7085=CARTESIAN_POINT('',(89.9,77.,10.));
#7086=CARTESIAN_POINT('Origin',(87.,77.,10.));
#7087=CARTESIAN_POINT('',(40.,50.,10.));
#7088=CARTESIAN_POINT('Origin',(50.,50.,10.));
#7089=CARTESIAN_POINT('',(23.5,73.,10.));
#7090=CARTESIAN_POINT('',(28.5,73.,10.));
#7091=CARTESIAN_POINT('',(41.,73.,10.));
#7092=CARTESIAN_POINT('',(28.5,67.,10.));
#7093=CARTESIAN_POINT('',(28.5,56.5,10.));
#7094=CARTESIAN_POINT('',(23.5,67.,10.));
#7095=CARTESIAN_POINT('',(37.75,67.,10.));
#7096=CARTESIAN_POINT('',(23.5,61.5,10.));
#7097=CARTESIAN_POINT('',(23.5,20.,10.0000001490116));
#7098=CARTESIAN_POINT('',(28.5,20.,10.0000001490116));
#7099=CARTESIAN_POINT('',(37.75,20.0000003576279,10.));
#7100=CARTESIAN_POINT('',(28.5,14.,10.0000001490116));
#7101=CARTESIAN_POINT('',(28.5,24.,10.0000001490116));
#7102=CARTESIAN_POINT('',(23.5,14.,10.0000001490116));
#7103=CARTESIAN_POINT('',(37.75,14.,10.));
#7104=CARTESIAN_POINT('',(23.5,37.,10.));
#7105=CARTESIAN_POINT('Origin',(26.,77.,10.));
#7106=CARTESIAN_POINT('',(28.5,77.,6.5));
#7107=CARTESIAN_POINT('',(28.5,77.,10.));
#7108=CARTESIAN_POINT('Origin',(26.,77.,6.5));
#7109=CARTESIAN_POINT('Origin',(87.,77.,9.8));
#7110=CARTESIAN_POINT('',(89.5,77.,9.6));
#7111=CARTESIAN_POINT('',(89.7,77.,9.8));
#7112=CARTESIAN_POINT('Origin',(87.,77.,9.6));
#7113=CARTESIAN_POINT('Origin',(87.,77.,10.));
#7114=CARTESIAN_POINT('',(89.5,77.,6.5));
#7115=CARTESIAN_POINT('',(89.5,77.,10.));
#7116=CARTESIAN_POINT('Origin',(87.,77.,6.5));
#7117=CARTESIAN_POINT('Origin',(10.2,50.,94.));
#7118=CARTESIAN_POINT('',(10.,52.9,94.));
#7119=CARTESIAN_POINT('Origin',(10.,50.,94.));
#7120=CARTESIAN_POINT('',(10.4,52.5,94.));
#7121=CARTESIAN_POINT('',(10.2,52.7,94.));
#7122=CARTESIAN_POINT('Origin',(10.4,50.,94.));
#7123=CARTESIAN_POINT('Origin',(10.,90.,0.));
#7124=CARTESIAN_POINT('',(10.,100.,100.));
#7125=CARTESIAN_POINT('',(10.,0.,100.));
#7126=CARTESIAN_POINT('',(10.,90.,100.));
#7127=CARTESIAN_POINT('',(10.,100.,0.));
#7128=CARTESIAN_POINT('',(10.,100.,0.));
#7129=CARTESIAN_POINT('',(10.,0.,0.));
#7130=CARTESIAN_POINT('',(10.,90.,0.));
#7131=CARTESIAN_POINT('',(10.,0.,0.));
#7132=CARTESIAN_POINT('',(10.,96.9,50.));
#7133=CARTESIAN_POINT('Origin',(10.,94.,50.));
#7134=CARTESIAN_POINT('',(10.,8.9,50.));
#7135=CARTESIAN_POINT('Origin',(10.,6.,50.));
#7136=CARTESIAN_POINT('',(10.,88.,86.2931524778948));
#7137=CARTESIAN_POINT('',(10.,88.,88.2931524778948));
#7138=CARTESIAN_POINT('',(10.,88.,10.8965762389474));
#7139=CARTESIAN_POINT('',(10.0000001490116,90.,88.2931524778948));
#7140=CARTESIAN_POINT('',(10.0000001490116,90.,88.2931524778948));
#7141=CARTESIAN_POINT('',(10.,90.,90.));
#7142=CARTESIAN_POINT('',(10.,90.,0.));
#7143=CARTESIAN_POINT('',(10.,10.,90.));
#7144=CARTESIAN_POINT('',(10.,10.,90.));
#7145=CARTESIAN_POINT('',(10.0000001490116,10.,88.2931524778948));
#7146=CARTESIAN_POINT('',(10.,10.,0.));
#7147=CARTESIAN_POINT('',(10.,12.,88.2931524778948));
#7148=CARTESIAN_POINT('',(10.0000001490116,90.,88.2931524778948));
#7149=CARTESIAN_POINT('',(10.,12.,86.2931524778948));
#7150=CARTESIAN_POINT('',(10.,12.,10.8965762389474));
#7151=CARTESIAN_POINT('',(10.0000001490116,10.,86.2931524778948));
#7152=CARTESIAN_POINT('',(10.0000001490116,90.,86.2931524778948));
#7153=CARTESIAN_POINT('',(10.0000001490116,10.,83.9931524778948));
#7154=CARTESIAN_POINT('',(10.,10.,0.));
#7155=CARTESIAN_POINT('',(10.,12.,83.9931524778948));
#7156=CARTESIAN_POINT('',(10.0000001490116,90.,83.9931524778948));
#7157=CARTESIAN_POINT('',(10.,12.,81.9931524778948));
#7158=CARTESIAN_POINT('',(10.,12.,10.8965762389474));
#7159=CARTESIAN_POINT('',(10.0000001490116,10.,81.9931524778948));
#7160=CARTESIAN_POINT('',(10.0000001490116,90.,81.9931524778948));
#7161=CARTESIAN_POINT('',(10.0000001490116,10.,79.6931524778948));
#7162=CARTESIAN_POINT('',(10.,10.,0.));
#7163=CARTESIAN_POINT('',(10.,12.,79.6931524778948));
#7164=CARTESIAN_POINT('',(10.0000001490116,90.,79.6931524778948));
#7165=CARTESIAN_POINT('',(10.,12.,77.6931524778948));
#7166=CARTESIAN_POINT('',(10.,12.,10.8965762389474));
#7167=CARTESIAN_POINT('',(10.0000001490116,10.,77.6931524778948));
#7168=CARTESIAN_POINT('',(10.0000001490116,90.,77.6931524778948));
#7169=CARTESIAN_POINT('',(10.0000001490116,10.,75.3931524778948));
#7170=CARTESIAN_POINT('',(10.,10.,0.));
#7171=CARTESIAN_POINT('',(10.,12.,75.3931524778948));
#7172=CARTESIAN_POINT('',(10.0000001490116,90.,75.3931524778948));
#7173=CARTESIAN_POINT('',(10.,12.,73.3931524778948));
#7174=CARTESIAN_POINT('',(10.,12.,10.8965762389474));
#7175=CARTESIAN_POINT('',(10.0000001490116,10.,73.3931524778948));
#7176=CARTESIAN_POINT('',(10.0000001490116,90.,73.3931524778948));
#7177=CARTESIAN_POINT('',(10.0000001490116,10.,71.0931524778948));
#7178=CARTESIAN_POINT('',(10.,10.,0.));
#7179=CARTESIAN_POINT('',(10.,12.,71.0931524778948));
#7180=CARTESIAN_POINT('',(10.0000001490116,90.,71.0931524778948));
#7181=CARTESIAN_POINT('',(10.,12.,69.0931524778948));
#7182=CARTESIAN_POINT('',(10.,12.,10.8965762389474));
#7183=CARTESIAN_POINT('',(10.0000001490116,10.,69.0931524778948));
#7184=CARTESIAN_POINT('',(10.0000001490116,90.,69.0931524778948));
#7185=CARTESIAN_POINT('',(10.0000001490116,10.,66.7931524778948));
#7186=CARTESIAN_POINT('',(10.,10.,0.));
#7187=CARTESIAN_POINT('',(10.,12.,66.7931524778948));
#7188=CARTESIAN_POINT('',(10.0000001490116,90.,66.7931524778948));
#7189=CARTESIAN_POINT('',(10.,12.,64.7931524778948));
#7190=CARTESIAN_POINT('',(10.,12.,10.8965762389474));
#7191=CARTESIAN_POINT('',(10.0000001490116,10.,64.7931524778948));
#7192=CARTESIAN_POINT('',(10.0000001490116,90.,64.7931524778948));
#7193=CARTESIAN_POINT('',(10.0000001490116,10.,62.4931524778948));
#7194=CARTESIAN_POINT('',(10.,10.,0.));
#7195=CARTESIAN_POINT('',(10.,12.,62.4931524778948));
#7196=CARTESIAN_POINT('',(10.0000001490116,90.,62.4931524778948));
#7197=CARTESIAN_POINT('',(10.,12.,60.4931524778948));
#7198=CARTESIAN_POINT('',(10.,12.,10.8965762389474));
#7199=CARTESIAN_POINT('',(10.0000001490116,10.,60.4931524778948));
#7200=CARTESIAN_POINT('',(10.0000001490116,90.,60.4931524778948));
#7201=CARTESIAN_POINT('',(10.0000001490116,10.,58.1931524778948));
#7202=CARTESIAN_POINT('',(10.,10.,0.));
#7203=CARTESIAN_POINT('',(10.,12.,58.1931524778948));
#7204=CARTESIAN_POINT('',(10.0000001490116,90.,58.1931524778948));
#7205=CARTESIAN_POINT('',(10.,12.,56.1931524778948));
#7206=CARTESIAN_POINT('',(10.,12.,10.8965762389474));
#7207=CARTESIAN_POINT('',(10.0000001490116,10.,56.1931524778948));
#7208=CARTESIAN_POINT('',(10.0000001490116,90.,56.1931524778948));
#7209=CARTESIAN_POINT('',(10.0000001490116,10.,53.8931524778948));
#7210=CARTESIAN_POINT('',(10.,10.,0.));
#7211=CARTESIAN_POINT('',(10.,12.,53.8931524778948));
#7212=CARTESIAN_POINT('',(10.0000001490116,90.,53.8931524778948));
#7213=CARTESIAN_POINT('',(10.,12.,51.8931524778948));
#7214=CARTESIAN_POINT('',(10.,12.,10.8965762389474));
#7215=CARTESIAN_POINT('',(10.0000001490116,10.,51.8931524778948));
#7216=CARTESIAN_POINT('',(10.0000001490116,90.,51.8931524778948));
#7217=CARTESIAN_POINT('',(10.0000001490116,10.,49.5931524778948));
#7218=CARTESIAN_POINT('',(10.,10.,0.));
#7219=CARTESIAN_POINT('',(10.,12.,49.5931524778948));
#7220=CARTESIAN_POINT('',(10.0000001490116,90.,49.5931524778948));
#7221=CARTESIAN_POINT('',(10.,12.,47.5931524778948));
#7222=CARTESIAN_POINT('',(10.,12.,10.8965762389474));
#7223=CARTESIAN_POINT('',(10.0000001490116,10.,47.5931524778948));
#7224=CARTESIAN_POINT('',(10.0000001490116,90.,47.5931524778948));
#7225=CARTESIAN_POINT('',(10.0000001490116,10.,45.2931524778948));
#7226=CARTESIAN_POINT('',(10.,10.,0.));
#7227=CARTESIAN_POINT('',(10.,12.,45.2931524778948));
#7228=CARTESIAN_POINT('',(10.0000001490116,90.,45.2931524778948));
#7229=CARTESIAN_POINT('',(10.,12.,43.2931524778948));
#7230=CARTESIAN_POINT('',(10.,12.,10.8965762389474));
#7231=CARTESIAN_POINT('',(10.0000001490116,10.,43.2931524778948));
#7232=CARTESIAN_POINT('',(10.0000001490116,90.,43.2931524778948));
#7233=CARTESIAN_POINT('',(10.0000001490116,10.,40.9931524778948));
#7234=CARTESIAN_POINT('',(10.,10.,0.));
#7235=CARTESIAN_POINT('',(10.,12.,40.9931524778948));
#7236=CARTESIAN_POINT('',(10.0000001490116,90.,40.9931524778948));
#7237=CARTESIAN_POINT('',(10.,12.,38.9931524778948));
#7238=CARTESIAN_POINT('',(10.,12.,10.8965762389474));
#7239=CARTESIAN_POINT('',(10.0000001490116,10.,38.9931524778948));
#7240=CARTESIAN_POINT('',(10.0000001490116,90.,38.9931524778948));
#7241=CARTESIAN_POINT('',(10.0000001490116,10.,36.6931524778948));
#7242=CARTESIAN_POINT('',(10.,10.,0.));
#7243=CARTESIAN_POINT('',(10.,12.,36.6931524778948));
#7244=CARTESIAN_POINT('',(10.0000001490116,90.,36.6931524778948));
#7245=CARTESIAN_POINT('',(10.,12.,34.6931524778948));
#7246=CARTESIAN_POINT('',(10.,12.,10.8965762389474));
#7247=CARTESIAN_POINT('',(10.0000001490116,10.,34.6931524778948));
#7248=CARTESIAN_POINT('',(10.0000001490116,90.,34.6931524778948));
#7249=CARTESIAN_POINT('',(10.,10.,32.3931524778948));
#7250=CARTESIAN_POINT('',(10.,10.,0.));
#7251=CARTESIAN_POINT('',(10.,12.,32.3931524778948));
#7252=CARTESIAN_POINT('',(10.,90.,32.3931524778948));
#7253=CARTESIAN_POINT('',(10.,12.,30.3931524778948));
#7254=CARTESIAN_POINT('',(10.,12.,10.8965762389474));
#7255=CARTESIAN_POINT('',(10.,10.,30.3931524778948));
#7256=CARTESIAN_POINT('',(10.,90.,30.3931524778948));
#7257=CARTESIAN_POINT('',(10.,10.,28.0931524778948));
#7258=CARTESIAN_POINT('',(10.,10.,0.));
#7259=CARTESIAN_POINT('',(10.,12.,28.0931524778948));
#7260=CARTESIAN_POINT('',(10.,90.,28.0931524778948));
#7261=CARTESIAN_POINT('',(10.,12.,26.0931524778948));
#7262=CARTESIAN_POINT('',(10.,12.,10.8965762389474));
#7263=CARTESIAN_POINT('',(10.,10.,26.0931524778948));
#7264=CARTESIAN_POINT('',(10.,90.,26.0931524778948));
#7265=CARTESIAN_POINT('',(10.,10.,23.7931524778948));
#7266=CARTESIAN_POINT('',(10.,10.,0.));
#7267=CARTESIAN_POINT('',(10.,12.,23.7931524778948));
#7268=CARTESIAN_POINT('',(10.,90.,23.7931524778948));
#7269=CARTESIAN_POINT('',(10.,12.,21.7931524778948));
#7270=CARTESIAN_POINT('',(10.,12.,10.8965762389474));
#7271=CARTESIAN_POINT('',(10.,10.,21.7931524778948));
#7272=CARTESIAN_POINT('',(10.,90.,21.7931524778948));
#7273=CARTESIAN_POINT('',(10.,10.,0.));
#7274=CARTESIAN_POINT('',(10.,90.,21.7931524778948));
#7275=CARTESIAN_POINT('',(10.,90.,0.));
#7276=CARTESIAN_POINT('',(10.,88.,21.7931524778948));
#7277=CARTESIAN_POINT('',(10.,90.,21.7931524778948));
#7278=CARTESIAN_POINT('',(10.,88.,23.7931524778948));
#7279=CARTESIAN_POINT('',(10.,88.,10.8965762389474));
#7280=CARTESIAN_POINT('',(10.,90.,23.7931524778948));
#7281=CARTESIAN_POINT('',(10.,90.,23.7931524778948));
#7282=CARTESIAN_POINT('',(10.,90.,26.0931524778948));
#7283=CARTESIAN_POINT('',(10.,90.,0.));
#7284=CARTESIAN_POINT('',(10.,88.,26.0931524778948));
#7285=CARTESIAN_POINT('',(10.,90.,26.0931524778948));
#7286=CARTESIAN_POINT('',(10.,88.,28.0931524778948));
#7287=CARTESIAN_POINT('',(10.,88.,10.8965762389474));
#7288=CARTESIAN_POINT('',(10.,90.,28.0931524778948));
#7289=CARTESIAN_POINT('',(10.,90.,28.0931524778948));
#7290=CARTESIAN_POINT('',(10.,90.,30.3931524778948));
#7291=CARTESIAN_POINT('',(10.,90.,0.));
#7292=CARTESIAN_POINT('',(10.,88.,30.3931524778948));
#7293=CARTESIAN_POINT('',(10.,90.,30.3931524778948));
#7294=CARTESIAN_POINT('',(10.,88.,32.3931524778948));
#7295=CARTESIAN_POINT('',(10.,88.,10.8965762389474));
#7296=CARTESIAN_POINT('',(10.,90.,32.3931524778948));
#7297=CARTESIAN_POINT('',(10.,90.,32.3931524778948));
#7298=CARTESIAN_POINT('',(10.0000001490116,90.,34.6931524778948));
#7299=CARTESIAN_POINT('',(10.,90.,0.));
#7300=CARTESIAN_POINT('',(10.,88.,34.6931524778948));
#7301=CARTESIAN_POINT('',(10.0000001490116,90.,34.6931524778948));
#7302=CARTESIAN_POINT('',(10.,88.,36.6931524778948));
#7303=CARTESIAN_POINT('',(10.,88.,10.8965762389474));
#7304=CARTESIAN_POINT('',(10.0000001490116,90.,36.6931524778948));
#7305=CARTESIAN_POINT('',(10.0000001490116,90.,36.6931524778948));
#7306=CARTESIAN_POINT('',(10.0000001490116,90.,38.9931524778948));
#7307=CARTESIAN_POINT('',(10.,90.,0.));
#7308=CARTESIAN_POINT('',(10.,88.,38.9931524778948));
#7309=CARTESIAN_POINT('',(10.0000001490116,90.,38.9931524778948));
#7310=CARTESIAN_POINT('',(10.,88.,40.9931524778948));
#7311=CARTESIAN_POINT('',(10.,88.,10.8965762389474));
#7312=CARTESIAN_POINT('',(10.0000001490116,90.,40.9931524778948));
#7313=CARTESIAN_POINT('',(10.0000001490116,90.,40.9931524778948));
#7314=CARTESIAN_POINT('',(10.0000001490116,90.,43.2931524778948));
#7315=CARTESIAN_POINT('',(10.,90.,0.));
#7316=CARTESIAN_POINT('',(10.,88.,43.2931524778948));
#7317=CARTESIAN_POINT('',(10.0000001490116,90.,43.2931524778948));
#7318=CARTESIAN_POINT('',(10.,88.,45.2931524778948));
#7319=CARTESIAN_POINT('',(10.,88.,10.8965762389474));
#7320=CARTESIAN_POINT('',(10.0000001490116,90.,45.2931524778948));
#7321=CARTESIAN_POINT('',(10.0000001490116,90.,45.2931524778948));
#7322=CARTESIAN_POINT('',(10.0000001490116,90.,47.5931524778948));
#7323=CARTESIAN_POINT('',(10.,90.,0.));
#7324=CARTESIAN_POINT('',(10.,88.,47.5931524778948));
#7325=CARTESIAN_POINT('',(10.0000001490116,90.,47.5931524778948));
#7326=CARTESIAN_POINT('',(10.,88.,49.5931524778948));
#7327=CARTESIAN_POINT('',(10.,88.,10.8965762389474));
#7328=CARTESIAN_POINT('',(10.0000001490116,90.,49.5931524778948));
#7329=CARTESIAN_POINT('',(10.0000001490116,90.,49.5931524778948));
#7330=CARTESIAN_POINT('',(10.0000001490116,90.,51.8931524778948));
#7331=CARTESIAN_POINT('',(10.,90.,0.));
#7332=CARTESIAN_POINT('',(10.,88.,51.8931524778948));
#7333=CARTESIAN_POINT('',(10.0000001490116,90.,51.8931524778948));
#7334=CARTESIAN_POINT('',(10.,88.,53.8931524778948));
#7335=CARTESIAN_POINT('',(10.,88.,10.8965762389474));
#7336=CARTESIAN_POINT('',(10.0000001490116,90.,53.8931524778948));
#7337=CARTESIAN_POINT('',(10.0000001490116,90.,53.8931524778948));
#7338=CARTESIAN_POINT('',(10.0000001490116,90.,56.1931524778948));
#7339=CARTESIAN_POINT('',(10.,90.,0.));
#7340=CARTESIAN_POINT('',(10.,88.,56.1931524778948));
#7341=CARTESIAN_POINT('',(10.0000001490116,90.,56.1931524778948));
#7342=CARTESIAN_POINT('',(10.,88.,58.1931524778948));
#7343=CARTESIAN_POINT('',(10.,88.,10.8965762389474));
#7344=CARTESIAN_POINT('',(10.0000001490116,90.,58.1931524778948));
#7345=CARTESIAN_POINT('',(10.0000001490116,90.,58.1931524778948));
#7346=CARTESIAN_POINT('',(10.0000001490116,90.,60.4931524778948));
#7347=CARTESIAN_POINT('',(10.,90.,0.));
#7348=CARTESIAN_POINT('',(10.,88.,60.4931524778948));
#7349=CARTESIAN_POINT('',(10.0000001490116,90.,60.4931524778948));
#7350=CARTESIAN_POINT('',(10.,88.,62.4931524778948));
#7351=CARTESIAN_POINT('',(10.,88.,10.8965762389474));
#7352=CARTESIAN_POINT('',(10.0000001490116,90.,62.4931524778948));
#7353=CARTESIAN_POINT('',(10.0000001490116,90.,62.4931524778948));
#7354=CARTESIAN_POINT('',(10.0000001490116,90.,64.7931524778948));
#7355=CARTESIAN_POINT('',(10.,90.,0.));
#7356=CARTESIAN_POINT('',(10.,88.,64.7931524778948));
#7357=CARTESIAN_POINT('',(10.0000001490116,90.,64.7931524778948));
#7358=CARTESIAN_POINT('',(10.,88.,66.7931524778948));
#7359=CARTESIAN_POINT('',(10.,88.,10.8965762389474));
#7360=CARTESIAN_POINT('',(10.0000001490116,90.,66.7931524778948));
#7361=CARTESIAN_POINT('',(10.0000001490116,90.,66.7931524778948));
#7362=CARTESIAN_POINT('',(10.0000001490116,90.,69.0931524778948));
#7363=CARTESIAN_POINT('',(10.,90.,0.));
#7364=CARTESIAN_POINT('',(10.,88.,69.0931524778948));
#7365=CARTESIAN_POINT('',(10.0000001490116,90.,69.0931524778948));
#7366=CARTESIAN_POINT('',(10.,88.,71.0931524778948));
#7367=CARTESIAN_POINT('',(10.,88.,10.8965762389474));
#7368=CARTESIAN_POINT('',(10.0000001490116,90.,71.0931524778948));
#7369=CARTESIAN_POINT('',(10.0000001490116,90.,71.0931524778948));
#7370=CARTESIAN_POINT('',(10.0000001490116,90.,73.3931524778948));
#7371=CARTESIAN_POINT('',(10.,90.,0.));
#7372=CARTESIAN_POINT('',(10.,88.,73.3931524778948));
#7373=CARTESIAN_POINT('',(10.0000001490116,90.,73.3931524778948));
#7374=CARTESIAN_POINT('',(10.,88.,75.3931524778948));
#7375=CARTESIAN_POINT('',(10.,88.,10.8965762389474));
#7376=CARTESIAN_POINT('',(10.0000001490116,90.,75.3931524778948));
#7377=CARTESIAN_POINT('',(10.0000001490116,90.,75.3931524778948));
#7378=CARTESIAN_POINT('',(10.0000001490116,90.,77.6931524778948));
#7379=CARTESIAN_POINT('',(10.,90.,0.));
#7380=CARTESIAN_POINT('',(10.,88.,77.6931524778948));
#7381=CARTESIAN_POINT('',(10.0000001490116,90.,77.6931524778948));
#7382=CARTESIAN_POINT('',(10.,88.,79.6931524778948));
#7383=CARTESIAN_POINT('',(10.,88.,10.8965762389474));
#7384=CARTESIAN_POINT('',(10.0000001490116,90.,79.6931524778948));
#7385=CARTESIAN_POINT('',(10.0000001490116,90.,79.6931524778948));
#7386=CARTESIAN_POINT('',(10.0000001490116,90.,81.9931524778948));
#7387=CARTESIAN_POINT('',(10.,90.,0.));
#7388=CARTESIAN_POINT('',(10.,88.,81.9931524778948));
#7389=CARTESIAN_POINT('',(10.0000001490116,90.,81.9931524778948));
#7390=CARTESIAN_POINT('',(10.,88.,83.9931524778948));
#7391=CARTESIAN_POINT('',(10.,88.,10.8965762389474));
#7392=CARTESIAN_POINT('',(10.0000001490116,90.,83.9931524778948));
#7393=CARTESIAN_POINT('',(10.0000001490116,90.,83.9931524778948));
#7394=CARTESIAN_POINT('',(10.0000001490116,90.,86.2931524778948));
#7395=CARTESIAN_POINT('',(10.,90.,0.));
#7396=CARTESIAN_POINT('',(10.0000001490116,90.,86.2931524778948));
#7397=CARTESIAN_POINT('',(10.,52.9,6.));
#7398=CARTESIAN_POINT('Origin',(10.,50.,6.));
#7399=CARTESIAN_POINT('Origin',(10.,50.,94.));
#7400=CARTESIAN_POINT('',(13.5,52.5,94.));
#7401=CARTESIAN_POINT('',(10.,52.5,94.));
#7402=CARTESIAN_POINT('Origin',(13.5,50.,94.));
#7403=CARTESIAN_POINT('Origin',(10.2,94.,50.));
#7404=CARTESIAN_POINT('',(10.4,96.5,50.));
#7405=CARTESIAN_POINT('',(10.2,96.7,50.));
#7406=CARTESIAN_POINT('Origin',(10.4,94.,50.));
#7407=CARTESIAN_POINT('Origin',(10.,94.,50.));
#7408=CARTESIAN_POINT('',(13.5,96.5,50.));
#7409=CARTESIAN_POINT('',(10.,96.5,50.));
#7410=CARTESIAN_POINT('Origin',(13.5,94.,50.));
#7411=CARTESIAN_POINT('Origin',(10.2,50.,6.));
#7412=CARTESIAN_POINT('',(10.4,52.5,6.));
#7413=CARTESIAN_POINT('',(10.2,52.7,6.));
#7414=CARTESIAN_POINT('Origin',(10.4,50.,6.));
#7415=CARTESIAN_POINT('Origin',(10.,50.,6.));
#7416=CARTESIAN_POINT('',(13.5,52.5,6.));
#7417=CARTESIAN_POINT('',(10.,52.5,6.));
#7418=CARTESIAN_POINT('Origin',(13.5,50.,6.));
#7419=CARTESIAN_POINT('Origin',(10.2,6.,50.));
#7420=CARTESIAN_POINT('',(10.4,8.5,50.));
#7421=CARTESIAN_POINT('',(10.2,8.7,50.));
#7422=CARTESIAN_POINT('Origin',(10.4,6.,50.));
#7423=CARTESIAN_POINT('Origin',(10.,6.,50.));
#7424=CARTESIAN_POINT('',(13.5,8.5,50.));
#7425=CARTESIAN_POINT('',(10.,8.5,50.));
#7426=CARTESIAN_POINT('Origin',(13.5,6.,50.));
#7427=CARTESIAN_POINT('Origin',(89.8,50.,94.));
#7428=CARTESIAN_POINT('',(90.,47.1,94.));
#7429=CARTESIAN_POINT('Origin',(90.,50.,94.));
#7430=CARTESIAN_POINT('',(89.6,47.5,94.));
#7431=CARTESIAN_POINT('',(89.8,47.3,94.));
#7432=CARTESIAN_POINT('Origin',(89.6,50.,94.));
#7433=CARTESIAN_POINT('Origin',(90.,10.,0.));
#7434=CARTESIAN_POINT('',(90.,0.,100.));
#7435=CARTESIAN_POINT('',(90.,100.,100.));
#7436=CARTESIAN_POINT('',(90.,10.,100.));
#7437=CARTESIAN_POINT('',(90.,0.,0.));
#7438=CARTESIAN_POINT('',(90.,0.,0.));
#7439=CARTESIAN_POINT('',(90.,100.,0.));
#7440=CARTESIAN_POINT('',(90.,10.,0.));
#7441=CARTESIAN_POINT('',(90.,100.,0.));
#7442=CARTESIAN_POINT('',(90.,91.1,50.));
#7443=CARTESIAN_POINT('Origin',(90.,94.,50.));
#7444=CARTESIAN_POINT('',(90.,47.1,6.));
#7445=CARTESIAN_POINT('Origin',(90.,50.,6.));
#7446=CARTESIAN_POINT('',(89.9999998509884,12.,86.2931524778948));
#7447=CARTESIAN_POINT('',(89.9999998509884,12.,88.2931524778948));
#7448=CARTESIAN_POINT('',(90.,12.,10.8965762389474));
#7449=CARTESIAN_POINT('',(90.0000001490116,10.,88.2931524778948));
#7450=CARTESIAN_POINT('',(90.0000001490116,90.,88.2931524778948));
#7451=CARTESIAN_POINT('',(90.,10.,90.));
#7452=CARTESIAN_POINT('',(90.,10.,0.));
#7453=CARTESIAN_POINT('',(90.,90.,90.));
#7454=CARTESIAN_POINT('',(90.,10.,90.));
#7455=CARTESIAN_POINT('',(90.0000001490116,90.,88.2931524778948));
#7456=CARTESIAN_POINT('',(90.,90.,0.));
#7457=CARTESIAN_POINT('',(89.9999998509884,88.,88.2931524778948));
#7458=CARTESIAN_POINT('',(90.0000001490116,90.,88.2931524778948));
#7459=CARTESIAN_POINT('',(89.9999998509884,88.,86.2931524778948));
#7460=CARTESIAN_POINT('',(90.,88.,10.8965762389474));
#7461=CARTESIAN_POINT('',(90.,90.,86.2931524778948));
#7462=CARTESIAN_POINT('',(90.,90.,86.2931524778948));
#7463=CARTESIAN_POINT('',(90.0000001490116,90.,83.9931524778948));
#7464=CARTESIAN_POINT('',(90.,90.,0.));
#7465=CARTESIAN_POINT('',(89.9999998509884,88.,83.9931524778948));
#7466=CARTESIAN_POINT('',(90.0000001490116,90.,83.9931524778948));
#7467=CARTESIAN_POINT('',(89.9999998509884,88.,81.9931524778948));
#7468=CARTESIAN_POINT('',(90.,88.,10.8965762389474));
#7469=CARTESIAN_POINT('',(90.,90.,81.9931524778948));
#7470=CARTESIAN_POINT('',(90.,90.,81.9931524778948));
#7471=CARTESIAN_POINT('',(90.0000001490116,90.,79.6931524778948));
#7472=CARTESIAN_POINT('',(90.,90.,0.));
#7473=CARTESIAN_POINT('',(89.9999998509884,88.,79.6931524778948));
#7474=CARTESIAN_POINT('',(90.0000001490116,90.,79.6931524778948));
#7475=CARTESIAN_POINT('',(89.9999998509884,88.,77.6931524778948));
#7476=CARTESIAN_POINT('',(90.,88.,10.8965762389474));
#7477=CARTESIAN_POINT('',(90.0000001490116,90.,77.6931524778948));
#7478=CARTESIAN_POINT('',(90.0000001490116,90.,77.6931524778948));
#7479=CARTESIAN_POINT('',(90.0000001490116,90.,75.3931524778948));
#7480=CARTESIAN_POINT('',(90.,90.,0.));
#7481=CARTESIAN_POINT('',(89.9999998509884,88.,75.3931524778948));
#7482=CARTESIAN_POINT('',(90.0000001490116,90.,75.3931524778948));
#7483=CARTESIAN_POINT('',(89.9999998509884,88.,73.3931524778948));
#7484=CARTESIAN_POINT('',(90.,88.,10.8965762389474));
#7485=CARTESIAN_POINT('',(90.0000001490116,90.,73.3931524778948));
#7486=CARTESIAN_POINT('',(90.0000001490116,90.,73.3931524778948));
#7487=CARTESIAN_POINT('',(90.0000001490116,90.,71.0931524778948));
#7488=CARTESIAN_POINT('',(90.,90.,0.));
#7489=CARTESIAN_POINT('',(89.9999998509884,88.,71.0931524778948));
#7490=CARTESIAN_POINT('',(90.0000001490116,90.,71.0931524778948));
#7491=CARTESIAN_POINT('',(89.9999998509884,88.,69.0931524778948));
#7492=CARTESIAN_POINT('',(90.,88.,10.8965762389474));
#7493=CARTESIAN_POINT('',(90.0000001490116,90.,69.0931524778948));
#7494=CARTESIAN_POINT('',(90.0000001490116,90.,69.0931524778948));
#7495=CARTESIAN_POINT('',(90.0000001490116,90.,66.7931524778948));
#7496=CARTESIAN_POINT('',(90.,90.,0.));
#7497=CARTESIAN_POINT('',(89.9999998509884,88.,66.7931524778948));
#7498=CARTESIAN_POINT('',(90.0000001490116,90.,66.7931524778948));
#7499=CARTESIAN_POINT('',(89.9999998509884,88.,64.7931524778948));
#7500=CARTESIAN_POINT('',(90.,88.,10.8965762389474));
#7501=CARTESIAN_POINT('',(90.0000001490116,90.,64.7931524778948));
#7502=CARTESIAN_POINT('',(90.0000001490116,90.,64.7931524778948));
#7503=CARTESIAN_POINT('',(90.0000001490116,90.,62.4931524778948));
#7504=CARTESIAN_POINT('',(90.,90.,0.));
#7505=CARTESIAN_POINT('',(89.9999998509884,88.,62.4931524778948));
#7506=CARTESIAN_POINT('',(90.0000001490116,90.,62.4931524778948));
#7507=CARTESIAN_POINT('',(89.9999998509884,88.,60.4931524778948));
#7508=CARTESIAN_POINT('',(90.,88.,10.8965762389474));
#7509=CARTESIAN_POINT('',(90.0000001490116,90.,60.4931524778948));
#7510=CARTESIAN_POINT('',(90.0000001490116,90.,60.4931524778948));
#7511=CARTESIAN_POINT('',(90.,90.,58.1931524778948));
#7512=CARTESIAN_POINT('',(90.,90.,0.));
#7513=CARTESIAN_POINT('',(89.9999998509884,88.,58.1931524778948));
#7514=CARTESIAN_POINT('',(90.,90.,58.1931524778948));
#7515=CARTESIAN_POINT('',(89.9999998509884,88.,56.1931524778948));
#7516=CARTESIAN_POINT('',(90.,88.,10.8965762389474));
#7517=CARTESIAN_POINT('',(90.,90.,56.1931524778948));
#7518=CARTESIAN_POINT('',(90.,90.,56.1931524778948));
#7519=CARTESIAN_POINT('',(90.,90.,53.8931524778948));
#7520=CARTESIAN_POINT('',(90.,90.,0.));
#7521=CARTESIAN_POINT('',(89.9999998509884,88.,53.8931524778948));
#7522=CARTESIAN_POINT('',(90.,90.,53.8931524778948));
#7523=CARTESIAN_POINT('',(89.9999998509884,88.,51.8931524778948));
#7524=CARTESIAN_POINT('',(90.,88.,10.8965762389474));
#7525=CARTESIAN_POINT('',(90.0000001490116,90.,51.8931524778948));
#7526=CARTESIAN_POINT('',(90.0000001490116,90.,51.8931524778948));
#7527=CARTESIAN_POINT('',(90.0000001490116,90.,49.5931524778948));
#7528=CARTESIAN_POINT('',(90.,90.,0.));
#7529=CARTESIAN_POINT('',(89.9999998509884,88.,49.5931524778948));
#7530=CARTESIAN_POINT('',(90.0000001490116,90.,49.5931524778948));
#7531=CARTESIAN_POINT('',(89.9999998509884,88.,47.5931524778948));
#7532=CARTESIAN_POINT('',(90.,88.,10.8965762389474));
#7533=CARTESIAN_POINT('',(90.,90.,47.5931524778948));
#7534=CARTESIAN_POINT('',(90.,90.,47.5931524778948));
#7535=CARTESIAN_POINT('',(90.,90.,45.2931524778948));
#7536=CARTESIAN_POINT('',(90.,90.,0.));
#7537=CARTESIAN_POINT('',(89.9999998509884,88.,45.2931524778948));
#7538=CARTESIAN_POINT('',(90.,90.,45.2931524778948));
#7539=CARTESIAN_POINT('',(89.9999998509884,88.,43.2931524778948));
#7540=CARTESIAN_POINT('',(90.,88.,10.8965762389474));
#7541=CARTESIAN_POINT('',(90.,90.,43.2931524778948));
#7542=CARTESIAN_POINT('',(90.,90.,43.2931524778948));
#7543=CARTESIAN_POINT('',(90.,90.,40.9931524778948));
#7544=CARTESIAN_POINT('',(90.,90.,0.));
#7545=CARTESIAN_POINT('',(89.9999998509884,88.,40.9931524778948));
#7546=CARTESIAN_POINT('',(90.,90.,40.9931524778948));
#7547=CARTESIAN_POINT('',(89.9999998509884,88.,38.9931524778948));
#7548=CARTESIAN_POINT('',(90.,88.,10.8965762389474));
#7549=CARTESIAN_POINT('',(90.,90.,38.9931524778948));
#7550=CARTESIAN_POINT('',(90.,90.,38.9931524778948));
#7551=CARTESIAN_POINT('',(90.0000001490116,90.,36.6931524778948));
#7552=CARTESIAN_POINT('',(90.,90.,0.));
#7553=CARTESIAN_POINT('',(89.9999998509884,88.,36.6931524778948));
#7554=CARTESIAN_POINT('',(90.0000001490116,90.,36.6931524778948));
#7555=CARTESIAN_POINT('',(89.9999998509884,88.,34.6931524778948));
#7556=CARTESIAN_POINT('',(90.,88.,10.8965762389474));
#7557=CARTESIAN_POINT('',(90.0000001490116,90.,34.6931524778948));
#7558=CARTESIAN_POINT('',(90.0000001490116,90.,34.6931524778948));
#7559=CARTESIAN_POINT('',(89.9999998509884,90.,32.3931524778948));
#7560=CARTESIAN_POINT('',(90.,90.,0.));
#7561=CARTESIAN_POINT('',(89.9999998509884,88.,32.3931524778948));
#7562=CARTESIAN_POINT('',(89.9999998509884,90.,32.3931524778948));
#7563=CARTESIAN_POINT('',(89.9999998509884,88.,30.3931524778948));
#7564=CARTESIAN_POINT('',(90.,88.,10.8965762389474));
#7565=CARTESIAN_POINT('',(89.9999998509884,90.,30.3931524778948));
#7566=CARTESIAN_POINT('',(89.9999998509884,90.,30.3931524778948));
#7567=CARTESIAN_POINT('',(89.9999998509884,90.,28.0931524778948));
#7568=CARTESIAN_POINT('',(90.,90.,0.));
#7569=CARTESIAN_POINT('',(89.9999998509884,88.,28.0931524778948));
#7570=CARTESIAN_POINT('',(89.9999998509884,90.,28.0931524778948));
#7571=CARTESIAN_POINT('',(89.9999998509884,88.,26.0931524778948));
#7572=CARTESIAN_POINT('',(90.,88.,10.8965762389474));
#7573=CARTESIAN_POINT('',(89.9999998509884,90.,26.0931524778948));
#7574=CARTESIAN_POINT('',(89.9999998509884,90.,26.0931524778948));
#7575=CARTESIAN_POINT('',(89.9999998509884,90.,23.7931524778948));
#7576=CARTESIAN_POINT('',(90.,90.,0.));
#7577=CARTESIAN_POINT('',(89.9999998509884,88.,23.7931524778948));
#7578=CARTESIAN_POINT('',(89.9999998509884,90.,23.7931524778948));
#7579=CARTESIAN_POINT('',(89.9999998509884,88.,21.7931524778948));
#7580=CARTESIAN_POINT('',(90.,88.,10.8965762389474));
#7581=CARTESIAN_POINT('',(89.9999998509884,90.,21.7931524778948));
#7582=CARTESIAN_POINT('',(89.9999998509884,90.,21.7931524778948));
#7583=CARTESIAN_POINT('',(90.,90.,0.));
#7584=CARTESIAN_POINT('',(90.,73.,15.));
#7585=CARTESIAN_POINT('',(90.,73.,10.));
#7586=CARTESIAN_POINT('',(90.,67.,15.));
#7587=CARTESIAN_POINT('',(90.,63.,15.));
#7588=CARTESIAN_POINT('',(90.,67.,5.));
#7589=CARTESIAN_POINT('',(89.9999998509884,20.,19.4931524778948));
#7590=CARTESIAN_POINT('',(90.,20.,5.));
#7591=CARTESIAN_POINT('',(89.9999998509884,14.,19.4931524778948));
#7592=CARTESIAN_POINT('',(90.,50.,19.4931524778948));
#7593=CARTESIAN_POINT('',(90.,14.,10.));
#7594=CARTESIAN_POINT('',(89.9999998509884,10.,21.7931524778948));
#7595=CARTESIAN_POINT('',(90.,10.,0.));
#7596=CARTESIAN_POINT('',(89.9999998509884,12.,21.7931524778948));
#7597=CARTESIAN_POINT('',(89.9999998509884,90.,21.7931524778948));
#7598=CARTESIAN_POINT('',(89.9999998509884,12.,23.7931524778948));
#7599=CARTESIAN_POINT('',(90.,12.,10.8965762389474));
#7600=CARTESIAN_POINT('',(89.9999998509884,10.,23.7931524778948));
#7601=CARTESIAN_POINT('',(89.9999998509884,90.,23.7931524778948));
#7602=CARTESIAN_POINT('',(89.9999998509884,10.,26.0931524778948));
#7603=CARTESIAN_POINT('',(90.,10.,0.));
#7604=CARTESIAN_POINT('',(89.9999998509884,12.,26.0931524778948));
#7605=CARTESIAN_POINT('',(89.9999998509884,90.,26.0931524778948));
#7606=CARTESIAN_POINT('',(89.9999998509884,12.,28.0931524778948));
#7607=CARTESIAN_POINT('',(90.,12.,10.8965762389474));
#7608=CARTESIAN_POINT('',(89.9999998509884,10.,28.0931524778948));
#7609=CARTESIAN_POINT('',(89.9999998509884,90.,28.0931524778948));
#7610=CARTESIAN_POINT('',(89.9999998509884,10.,30.3931524778948));
#7611=CARTESIAN_POINT('',(90.,10.,0.));
#7612=CARTESIAN_POINT('',(89.9999998509884,12.,30.3931524778948));
#7613=CARTESIAN_POINT('',(89.9999998509884,90.,30.3931524778948));
#7614=CARTESIAN_POINT('',(89.9999998509884,12.,32.3931524778948));
#7615=CARTESIAN_POINT('',(90.,12.,10.8965762389474));
#7616=CARTESIAN_POINT('',(89.9999998509884,10.,32.3931524778948));
#7617=CARTESIAN_POINT('',(89.9999998509884,90.,32.3931524778948));
#7618=CARTESIAN_POINT('',(90.0000001490116,10.,34.6931524778948));
#7619=CARTESIAN_POINT('',(90.,10.,0.));
#7620=CARTESIAN_POINT('',(89.9999998509884,12.,34.6931524778948));
#7621=CARTESIAN_POINT('',(90.0000001490116,90.,34.6931524778948));
#7622=CARTESIAN_POINT('',(89.9999998509884,12.,36.6931524778948));
#7623=CARTESIAN_POINT('',(90.,12.,10.8965762389474));
#7624=CARTESIAN_POINT('',(90.0000001490116,10.,36.6931524778948));
#7625=CARTESIAN_POINT('',(90.0000001490116,90.,36.6931524778948));
#7626=CARTESIAN_POINT('',(90.,10.,38.9931524778948));
#7627=CARTESIAN_POINT('',(90.,10.,0.));
#7628=CARTESIAN_POINT('',(89.9999998509884,12.,38.9931524778948));
#7629=CARTESIAN_POINT('',(90.,90.,38.9931524778948));
#7630=CARTESIAN_POINT('',(89.9999998509884,12.,40.9931524778948));
#7631=CARTESIAN_POINT('',(90.,12.,10.8965762389474));
#7632=CARTESIAN_POINT('',(90.,10.,40.9931524778948));
#7633=CARTESIAN_POINT('',(90.,90.,40.9931524778948));
#7634=CARTESIAN_POINT('',(90.,10.,43.2931524778948));
#7635=CARTESIAN_POINT('',(90.,10.,0.));
#7636=CARTESIAN_POINT('',(89.9999998509884,12.,43.2931524778948));
#7637=CARTESIAN_POINT('',(90.,90.,43.2931524778948));
#7638=CARTESIAN_POINT('',(89.9999998509884,12.,45.2931524778948));
#7639=CARTESIAN_POINT('',(90.,12.,10.8965762389474));
#7640=CARTESIAN_POINT('',(90.,10.,45.2931524778948));
#7641=CARTESIAN_POINT('',(90.,90.,45.2931524778948));
#7642=CARTESIAN_POINT('',(90.,10.,47.5931524778948));
#7643=CARTESIAN_POINT('',(90.,10.,0.));
#7644=CARTESIAN_POINT('',(89.9999998509884,12.,47.5931524778948));
#7645=CARTESIAN_POINT('',(90.,90.,47.5931524778948));
#7646=CARTESIAN_POINT('',(89.9999998509884,12.,49.5931524778948));
#7647=CARTESIAN_POINT('',(90.,12.,10.8965762389474));
#7648=CARTESIAN_POINT('',(90.0000001490116,10.,49.5931524778948));
#7649=CARTESIAN_POINT('',(90.0000001490116,90.,49.5931524778948));
#7650=CARTESIAN_POINT('',(90.0000001490116,10.,51.8931524778948));
#7651=CARTESIAN_POINT('',(90.,10.,0.));
#7652=CARTESIAN_POINT('',(89.9999998509884,12.,51.8931524778948));
#7653=CARTESIAN_POINT('',(90.0000001490116,90.,51.8931524778948));
#7654=CARTESIAN_POINT('',(89.9999998509884,12.,53.8931524778948));
#7655=CARTESIAN_POINT('',(90.,12.,10.8965762389474));
#7656=CARTESIAN_POINT('',(90.,10.,53.8931524778948));
#7657=CARTESIAN_POINT('',(90.,90.,53.8931524778948));
#7658=CARTESIAN_POINT('',(90.,10.,56.1931524778948));
#7659=CARTESIAN_POINT('',(90.,10.,0.));
#7660=CARTESIAN_POINT('',(89.9999998509884,12.,56.1931524778948));
#7661=CARTESIAN_POINT('',(90.,90.,56.1931524778948));
#7662=CARTESIAN_POINT('',(89.9999998509884,12.,58.1931524778948));
#7663=CARTESIAN_POINT('',(90.,12.,10.8965762389474));
#7664=CARTESIAN_POINT('',(90.,10.,58.1931524778948));
#7665=CARTESIAN_POINT('',(90.,90.,58.1931524778948));
#7666=CARTESIAN_POINT('',(90.0000001490116,10.,60.4931524778948));
#7667=CARTESIAN_POINT('',(90.,10.,0.));
#7668=CARTESIAN_POINT('',(89.9999998509884,12.,60.4931524778948));
#7669=CARTESIAN_POINT('',(90.0000001490116,90.,60.4931524778948));
#7670=CARTESIAN_POINT('',(89.9999998509884,12.,62.4931524778948));
#7671=CARTESIAN_POINT('',(90.,12.,10.8965762389474));
#7672=CARTESIAN_POINT('',(90.0000001490116,10.,62.4931524778948));
#7673=CARTESIAN_POINT('',(90.0000001490116,90.,62.4931524778948));
#7674=CARTESIAN_POINT('',(90.0000001490116,10.,64.7931524778948));
#7675=CARTESIAN_POINT('',(90.,10.,0.));
#7676=CARTESIAN_POINT('',(89.9999998509884,12.,64.7931524778948));
#7677=CARTESIAN_POINT('',(90.0000001490116,90.,64.7931524778948));
#7678=CARTESIAN_POINT('',(89.9999998509884,12.,66.7931524778948));
#7679=CARTESIAN_POINT('',(90.,12.,10.8965762389474));
#7680=CARTESIAN_POINT('',(90.0000001490116,10.,66.7931524778948));
#7681=CARTESIAN_POINT('',(90.0000001490116,90.,66.7931524778948));
#7682=CARTESIAN_POINT('',(90.0000001490116,10.,69.0931524778948));
#7683=CARTESIAN_POINT('',(90.,10.,0.));
#7684=CARTESIAN_POINT('',(89.9999998509884,12.,69.0931524778948));
#7685=CARTESIAN_POINT('',(90.0000001490116,90.,69.0931524778948));
#7686=CARTESIAN_POINT('',(89.9999998509884,12.,71.0931524778948));
#7687=CARTESIAN_POINT('',(90.,12.,10.8965762389474));
#7688=CARTESIAN_POINT('',(90.0000001490116,10.,71.0931524778948));
#7689=CARTESIAN_POINT('',(90.0000001490116,90.,71.0931524778948));
#7690=CARTESIAN_POINT('',(90.0000001490116,10.,73.3931524778948));
#7691=CARTESIAN_POINT('',(90.,10.,0.));
#7692=CARTESIAN_POINT('',(89.9999998509884,12.,73.3931524778948));
#7693=CARTESIAN_POINT('',(90.0000001490116,90.,73.3931524778948));
#7694=CARTESIAN_POINT('',(89.9999998509884,12.,75.3931524778948));
#7695=CARTESIAN_POINT('',(90.,12.,10.8965762389474));
#7696=CARTESIAN_POINT('',(90.0000001490116,10.,75.3931524778948));
#7697=CARTESIAN_POINT('',(90.0000001490116,90.,75.3931524778948));
#7698=CARTESIAN_POINT('',(90.0000001490116,10.,77.6931524778948));
#7699=CARTESIAN_POINT('',(90.,10.,0.));
#7700=CARTESIAN_POINT('',(89.9999998509884,12.,77.6931524778948));
#7701=CARTESIAN_POINT('',(90.0000001490116,90.,77.6931524778948));
#7702=CARTESIAN_POINT('',(89.9999998509884,12.,79.6931524778948));
#7703=CARTESIAN_POINT('',(90.,12.,10.8965762389474));
#7704=CARTESIAN_POINT('',(90.0000001490116,10.,79.6931524778948));
#7705=CARTESIAN_POINT('',(90.0000001490116,90.,79.6931524778948));
#7706=CARTESIAN_POINT('',(90.,10.,81.9931524778948));
#7707=CARTESIAN_POINT('',(90.,10.,0.));
#7708=CARTESIAN_POINT('',(89.9999998509884,12.,81.9931524778948));
#7709=CARTESIAN_POINT('',(90.,90.,81.9931524778948));
#7710=CARTESIAN_POINT('',(89.9999998509884,12.,83.9931524778948));
#7711=CARTESIAN_POINT('',(90.,12.,10.8965762389474));
#7712=CARTESIAN_POINT('',(90.0000001490116,10.,83.9931524778948));
#7713=CARTESIAN_POINT('',(90.0000001490116,90.,83.9931524778948));
#7714=CARTESIAN_POINT('',(90.,10.,86.2931524778948));
#7715=CARTESIAN_POINT('',(90.,10.,0.));
#7716=CARTESIAN_POINT('',(90.,90.,86.2931524778948));
#7717=CARTESIAN_POINT('',(90.,3.1,50.));
#7718=CARTESIAN_POINT('Origin',(90.,6.,50.));
#7719=CARTESIAN_POINT('Origin',(90.,50.,94.));
#7720=CARTESIAN_POINT('',(86.5,47.5,94.));
#7721=CARTESIAN_POINT('',(90.,47.5,94.));
#7722=CARTESIAN_POINT('Origin',(86.5,50.,94.));
#7723=CARTESIAN_POINT('Origin',(89.8,94.,50.));
#7724=CARTESIAN_POINT('',(89.6,91.5,50.));
#7725=CARTESIAN_POINT('',(89.8,91.3,50.));
#7726=CARTESIAN_POINT('Origin',(89.6,94.,50.));
#7727=CARTESIAN_POINT('Origin',(90.,94.,50.));
#7728=CARTESIAN_POINT('',(86.5,91.5,50.));
#7729=CARTESIAN_POINT('',(90.,91.5,50.));
#7730=CARTESIAN_POINT('Origin',(86.5,94.,50.));
#7731=CARTESIAN_POINT('Origin',(89.8,6.,50.));
#7732=CARTESIAN_POINT('',(89.6,3.5,50.));
#7733=CARTESIAN_POINT('',(89.8,3.3,50.));
#7734=CARTESIAN_POINT('Origin',(89.6,6.,50.));
#7735=CARTESIAN_POINT('Origin',(90.,6.,50.));
#7736=CARTESIAN_POINT('',(86.5,3.5,50.));
#7737=CARTESIAN_POINT('',(90.,3.5,50.));
#7738=CARTESIAN_POINT('Origin',(86.5,6.,50.));
#7739=CARTESIAN_POINT('Origin',(89.8,50.,6.));
#7740=CARTESIAN_POINT('',(89.6,47.5,6.));
#7741=CARTESIAN_POINT('',(89.8,47.3,6.));
#7742=CARTESIAN_POINT('Origin',(89.6,50.,6.));
#7743=CARTESIAN_POINT('Origin',(90.,50.,6.));
#7744=CARTESIAN_POINT('',(86.5,47.5,6.));
#7745=CARTESIAN_POINT('',(90.,47.5,6.));
#7746=CARTESIAN_POINT('Origin',(86.5,50.,6.));
#7747=CARTESIAN_POINT('Origin',(70.,70.,0.2));
#7748=CARTESIAN_POINT('',(67.1,70.,0.));
#7749=CARTESIAN_POINT('Origin',(70.,70.,0.));
#7750=CARTESIAN_POINT('',(67.5,70.,0.4));
#7751=CARTESIAN_POINT('',(67.3,70.,0.2));
#7752=CARTESIAN_POINT('Origin',(70.,70.,0.4));
#7753=CARTESIAN_POINT('Origin',(85.,19.,0.));
#7754=CARTESIAN_POINT('',(0.,0.,0.));
#7755=CARTESIAN_POINT('',(100.,100.,0.));
#7756=CARTESIAN_POINT('',(67.1,30.,0.));
#7757=CARTESIAN_POINT('Origin',(70.,30.,0.));
#7758=CARTESIAN_POINT('',(27.1,70.,0.));
#7759=CARTESIAN_POINT('Origin',(30.,70.,0.));
#7760=CARTESIAN_POINT('',(40.,50.,0.));
#7761=CARTESIAN_POINT('Origin',(50.,50.,0.));
#7762=CARTESIAN_POINT('',(27.1,30.,0.));
#7763=CARTESIAN_POINT('Origin',(30.,30.,0.));
#7764=CARTESIAN_POINT('Origin',(70.,70.,0.));
#7765=CARTESIAN_POINT('',(67.5,70.,3.5));
#7766=CARTESIAN_POINT('',(67.5,70.,0.));
#7767=CARTESIAN_POINT('Origin',(70.,70.,3.5));
#7768=CARTESIAN_POINT('Origin',(70.,30.,0.2));
#7769=CARTESIAN_POINT('',(67.5,30.,0.4));
#7770=CARTESIAN_POINT('',(67.3,30.,0.2));
#7771=CARTESIAN_POINT('Origin',(70.,30.,0.4));
#7772=CARTESIAN_POINT('Origin',(70.,30.,0.));
#7773=CARTESIAN_POINT('',(67.5,30.,3.5));
#7774=CARTESIAN_POINT('',(67.5,30.,0.));
#7775=CARTESIAN_POINT('Origin',(70.,30.,3.5));
#7776=CARTESIAN_POINT('Origin',(30.,30.,0.2));
#7777=CARTESIAN_POINT('',(27.5,30.,0.4));
#7778=CARTESIAN_POINT('',(27.3,30.,0.2));
#7779=CARTESIAN_POINT('Origin',(30.,30.,0.4));
#7780=CARTESIAN_POINT('Origin',(30.,30.,0.));
#7781=CARTESIAN_POINT('',(27.5,30.,3.5));
#7782=CARTESIAN_POINT('',(27.5,30.,0.));
#7783=CARTESIAN_POINT('Origin',(30.,30.,3.5));
#7784=CARTESIAN_POINT('Origin',(30.,70.,0.2));
#7785=CARTESIAN_POINT('',(27.5,70.,0.4));
#7786=CARTESIAN_POINT('',(27.3,70.,0.2));
#7787=CARTESIAN_POINT('Origin',(30.,70.,0.4));
#7788=CARTESIAN_POINT('Origin',(30.,70.,0.));
#7789=CARTESIAN_POINT('',(27.5,70.,3.5));
#7790=CARTESIAN_POINT('',(27.5,70.,0.));
#7791=CARTESIAN_POINT('Origin',(30.,70.,3.5));
#7792=CARTESIAN_POINT('Origin',(70.,99.8,30.));
#7793=CARTESIAN_POINT('',(72.9,100.,30.));
#7794=CARTESIAN_POINT('Origin',(70.,100.,30.));
#7795=CARTESIAN_POINT('',(72.5,99.6,30.));
#7796=CARTESIAN_POINT('',(72.7,99.8,30.));
#7797=CARTESIAN_POINT('Origin',(70.,99.6,30.));
#7798=CARTESIAN_POINT('Origin',(90.,100.,0.));
#7799=CARTESIAN_POINT('',(100.,100.,100.));
#7800=CARTESIAN_POINT('',(32.9,100.,30.));
#7801=CARTESIAN_POINT('Origin',(30.,100.,30.));
#7802=CARTESIAN_POINT('',(72.9,100.,70.));
#7803=CARTESIAN_POINT('Origin',(70.,100.,70.));
#7804=CARTESIAN_POINT('',(40.,100.,50.));
#7805=CARTESIAN_POINT('Origin',(50.,100.,50.));
#7806=CARTESIAN_POINT('',(32.9,100.,70.));
#7807=CARTESIAN_POINT('Origin',(30.,100.,70.));
#7808=CARTESIAN_POINT('Origin',(70.,100.,30.));
#7809=CARTESIAN_POINT('',(72.5,96.5,30.));
#7810=CARTESIAN_POINT('',(72.5,100.,30.));
#7811=CARTESIAN_POINT('Origin',(70.,96.5,30.));
#7812=CARTESIAN_POINT('Origin',(30.,99.8,30.));
#7813=CARTESIAN_POINT('',(32.5,99.6,30.));
#7814=CARTESIAN_POINT('',(32.7,99.8,30.));
#7815=CARTESIAN_POINT('Origin',(30.,99.6,30.));
#7816=CARTESIAN_POINT('Origin',(30.,100.,30.));
#7817=CARTESIAN_POINT('',(32.5,96.5,30.));
#7818=CARTESIAN_POINT('',(32.5,100.,30.));
#7819=CARTESIAN_POINT('Origin',(30.,96.5,30.));
#7820=CARTESIAN_POINT('Origin',(30.,99.8,70.));
#7821=CARTESIAN_POINT('',(32.5,99.6,70.));
#7822=CARTESIAN_POINT('',(32.7,99.8,70.));
#7823=CARTESIAN_POINT('Origin',(30.,99.6,70.));
#7824=CARTESIAN_POINT('Origin',(30.,100.,70.));
#7825=CARTESIAN_POINT('',(32.5,96.5,70.));
#7826=CARTESIAN_POINT('',(32.5,100.,70.));
#7827=CARTESIAN_POINT('Origin',(30.,96.5,70.));
#7828=CARTESIAN_POINT('Origin',(70.,99.8,70.));
#7829=CARTESIAN_POINT('',(72.5,99.6,70.));
#7830=CARTESIAN_POINT('',(72.7,99.8,70.));
#7831=CARTESIAN_POINT('Origin',(70.,99.6,70.));
#7832=CARTESIAN_POINT('Origin',(70.,100.,70.));
#7833=CARTESIAN_POINT('',(72.5,96.5,70.));
#7834=CARTESIAN_POINT('',(72.5,100.,70.));
#7835=CARTESIAN_POINT('Origin',(70.,96.5,70.));
#7836=CARTESIAN_POINT('Origin',(70.,30.,99.8));
#7837=CARTESIAN_POINT('',(72.9,30.,100.));
#7838=CARTESIAN_POINT('Origin',(70.,30.,100.));
#7839=CARTESIAN_POINT('',(72.5,30.,99.6));
#7840=CARTESIAN_POINT('',(72.7,30.,99.8));
#7841=CARTESIAN_POINT('Origin',(70.,30.,99.6));
#7842=CARTESIAN_POINT('Origin',(50.,5.,100.));
#7843=CARTESIAN_POINT('',(0.,0.,100.));
#7844=CARTESIAN_POINT('',(72.9,70.,100.));
#7845=CARTESIAN_POINT('Origin',(70.,70.,100.));
#7846=CARTESIAN_POINT('',(32.9,30.,100.));
#7847=CARTESIAN_POINT('Origin',(30.,30.,100.));
#7848=CARTESIAN_POINT('',(60.,50.,100.));
#7849=CARTESIAN_POINT('Origin',(50.,50.,100.));
#7850=CARTESIAN_POINT('',(32.9,70.,100.));
#7851=CARTESIAN_POINT('Origin',(30.,70.,100.));
#7852=CARTESIAN_POINT('Origin',(70.,30.,100.));
#7853=CARTESIAN_POINT('',(72.5,30.,96.5));
#7854=CARTESIAN_POINT('',(72.5,30.,100.));
#7855=CARTESIAN_POINT('Origin',(70.,30.,96.5));
#7856=CARTESIAN_POINT('Origin',(70.,70.,99.8));
#7857=CARTESIAN_POINT('',(72.5,70.,99.6));
#7858=CARTESIAN_POINT('',(72.7,70.,99.8));
#7859=CARTESIAN_POINT('Origin',(70.,70.,99.6));
#7860=CARTESIAN_POINT('Origin',(70.,70.,100.));
#7861=CARTESIAN_POINT('',(72.5,70.,96.5));
#7862=CARTESIAN_POINT('',(72.5,70.,100.));
#7863=CARTESIAN_POINT('Origin',(70.,70.,96.5));
#7864=CARTESIAN_POINT('Origin',(30.,70.,99.8));
#7865=CARTESIAN_POINT('',(32.5,70.,99.6));
#7866=CARTESIAN_POINT('',(32.7,70.,99.8));
#7867=CARTESIAN_POINT('Origin',(30.,70.,99.6));
#7868=CARTESIAN_POINT('Origin',(30.,70.,100.));
#7869=CARTESIAN_POINT('',(32.5,70.,96.5));
#7870=CARTESIAN_POINT('',(32.5,70.,100.));
#7871=CARTESIAN_POINT('Origin',(30.,70.,96.5));
#7872=CARTESIAN_POINT('Origin',(30.,30.,99.8));
#7873=CARTESIAN_POINT('',(32.5,30.,99.6));
#7874=CARTESIAN_POINT('',(32.7,30.,99.8));
#7875=CARTESIAN_POINT('Origin',(30.,30.,99.6));
#7876=CARTESIAN_POINT('Origin',(30.,30.,100.));
#7877=CARTESIAN_POINT('',(32.5,30.,96.5));
#7878=CARTESIAN_POINT('',(32.5,30.,100.));
#7879=CARTESIAN_POINT('Origin',(30.,30.,96.5));
#7880=CARTESIAN_POINT('Origin',(30.,0.2,30.));
#7881=CARTESIAN_POINT('',(27.1,0.,30.));
#7882=CARTESIAN_POINT('Origin',(30.,0.,30.));
#7883=CARTESIAN_POINT('',(27.5,0.4,30.));
#7884=CARTESIAN_POINT('',(27.3,0.2,30.));
#7885=CARTESIAN_POINT('Origin',(30.,0.4,30.));
#7886=CARTESIAN_POINT('Origin',(10.,0.,0.));
#7887=CARTESIAN_POINT('',(67.1,0.,30.));
#7888=CARTESIAN_POINT('Origin',(70.,0.,30.));
#7889=CARTESIAN_POINT('',(27.1,0.,70.));
#7890=CARTESIAN_POINT('Origin',(30.,0.,70.));
#7891=CARTESIAN_POINT('',(40.,0.,50.));
#7892=CARTESIAN_POINT('Origin',(50.,0.,50.));
#7893=CARTESIAN_POINT('',(67.1,0.,70.));
#7894=CARTESIAN_POINT('Origin',(70.,0.,70.));
#7895=CARTESIAN_POINT('Origin',(30.,0.,30.));
#7896=CARTESIAN_POINT('',(27.5,3.5,30.));
#7897=CARTESIAN_POINT('',(27.5,0.,30.));
#7898=CARTESIAN_POINT('Origin',(30.,3.5,30.));
#7899=CARTESIAN_POINT('Origin',(70.,0.2,30.));
#7900=CARTESIAN_POINT('',(67.5,0.4,30.));
#7901=CARTESIAN_POINT('',(67.3,0.2,30.));
#7902=CARTESIAN_POINT('Origin',(70.,0.4,30.));
#7903=CARTESIAN_POINT('Origin',(70.,0.,30.));
#7904=CARTESIAN_POINT('',(67.5,3.5,30.));
#7905=CARTESIAN_POINT('',(67.5,0.,30.));
#7906=CARTESIAN_POINT('Origin',(70.,3.5,30.));
#7907=CARTESIAN_POINT('Origin',(70.,0.2,70.));
#7908=CARTESIAN_POINT('',(67.5,0.4,70.));
#7909=CARTESIAN_POINT('',(67.3,0.2,70.));
#7910=CARTESIAN_POINT('Origin',(70.,0.4,70.));
#7911=CARTESIAN_POINT('Origin',(70.,0.,70.));
#7912=CARTESIAN_POINT('',(67.5,3.5,70.));
#7913=CARTESIAN_POINT('',(67.5,0.,70.));
#7914=CARTESIAN_POINT('Origin',(70.,3.5,70.));
#7915=CARTESIAN_POINT('Origin',(30.,0.2,70.));
#7916=CARTESIAN_POINT('',(27.5,0.4,70.));
#7917=CARTESIAN_POINT('',(27.3,0.2,70.));
#7918=CARTESIAN_POINT('Origin',(30.,0.4,70.));
#7919=CARTESIAN_POINT('Origin',(30.,0.,70.));
#7920=CARTESIAN_POINT('',(27.5,3.5,70.));
#7921=CARTESIAN_POINT('',(27.5,0.,70.));
#7922=CARTESIAN_POINT('Origin',(30.,3.5,70.));
#7923=CARTESIAN_POINT('Origin',(10.,12.,21.7931524778948));
#7924=CARTESIAN_POINT('',(59.8191635944942,12.,51.8931524778948));
#7925=CARTESIAN_POINT('',(34.9095817972471,12.,51.8931524778948));
#7926=CARTESIAN_POINT('',(59.2110457486575,12.,53.8931524778948));
#7927=CARTESIAN_POINT('Origin',(50.,12.,50.));
#7928=CARTESIAN_POINT('',(50.,12.,53.8931524778948));
#7929=CARTESIAN_POINT('Origin',(10.,12.,21.7931524778948));
#7930=CARTESIAN_POINT('',(57.4174251809662,12.,43.2931524778948));
#7931=CARTESIAN_POINT('',(33.7087125904831,12.,43.2931524778948));
#7932=CARTESIAN_POINT('',(58.8230145870702,12.,45.2931524778948));
#7933=CARTESIAN_POINT('Origin',(50.,12.,50.));
#7934=CARTESIAN_POINT('',(50.,12.,45.2931524778948));
#7935=CARTESIAN_POINT('Origin',(10.,12.,21.7931524778948));
#7936=CARTESIAN_POINT('',(59.7060334331454,12.,47.5931524778948));
#7937=CARTESIAN_POINT('',(34.8530167165727,12.,47.5931524778948));
#7938=CARTESIAN_POINT('',(59.9917203270386,12.,49.5931524778948));
#7939=CARTESIAN_POINT('Origin',(50.,12.,50.));
#7940=CARTESIAN_POINT('',(50.0000000745058,12.,49.5931524778948));
#7941=CARTESIAN_POINT('Origin',(10.,12.,21.7931524778948));
#7942=CARTESIAN_POINT('',(57.8514242265684,12.,56.1931524778948));
#7943=CARTESIAN_POINT('',(33.9257121132842,12.,56.1931524778948));
#7944=CARTESIAN_POINT('',(55.7334328699276,12.,58.1931524778948));
#7945=CARTESIAN_POINT('Origin',(50.,12.,50.));
#7946=CARTESIAN_POINT('',(50.,12.,58.1931524778948));
#7947=CARTESIAN_POINT('Origin',(10.,12.,21.7931524778948));
#7948=CARTESIAN_POINT('',(50.0000000745058,12.,62.4931524778948));
#7949=CARTESIAN_POINT('',(10.0000000745058,12.,60.4931524778948));
#7950=CARTESIAN_POINT('Origin',(10.,12.,21.7931524778948));
#7951=CARTESIAN_POINT('',(49.9999999254942,12.,32.3931524778948));
#7952=CARTESIAN_POINT('',(10.,12.,30.3931524778948));
#7953=CARTESIAN_POINT('Origin',(10.,12.,21.7931524778948));
#7954=CARTESIAN_POINT('',(41.1769854129299,12.,45.2931524778948));
#7955=CARTESIAN_POINT('',(25.588492706465,12.,45.2931524778948));
#7956=CARTESIAN_POINT('',(42.5825748190338,12.,43.2931524778948));
#7957=CARTESIAN_POINT('Origin',(50.,12.,50.));
#7958=CARTESIAN_POINT('',(10.0000000745058,12.,43.2931524778948));
#7959=CARTESIAN_POINT('Origin',(10.,12.,21.7931524778948));
#7960=CARTESIAN_POINT('',(40.7889542513425,12.,53.8931524778948));
#7961=CARTESIAN_POINT('',(25.3944771256713,12.,53.8931524778948));
#7962=CARTESIAN_POINT('',(40.1808364055058,12.,51.8931524778948));
#7963=CARTESIAN_POINT('Origin',(50.,12.,50.));
#7964=CARTESIAN_POINT('',(10.0000000745058,12.,51.8931524778948));
#7965=CARTESIAN_POINT('Origin',(10.,12.,21.7931524778948));
#7966=CARTESIAN_POINT('',(50.0000000745058,12.,66.7931524778948));
#7967=CARTESIAN_POINT('',(10.0000000745058,12.,64.7931524778948));
#7968=CARTESIAN_POINT('Origin',(10.,12.,21.7931524778948));
#7969=CARTESIAN_POINT('',(10.0000000745058,12.,81.9931524778948));
#7970=CARTESIAN_POINT('',(50.0000000745058,12.,83.9931524778948));
#7971=CARTESIAN_POINT('Origin',(10.,12.,21.7931524778948));
#7972=CARTESIAN_POINT('',(50.0000000745058,12.,79.6931524778948));
#7973=CARTESIAN_POINT('',(10.0000000745058,12.,77.6931524778948));
#7974=CARTESIAN_POINT('Origin',(10.,12.,21.7931524778948));
#7975=CARTESIAN_POINT('',(44.2665671300724,12.,58.1931524778948));
#7976=CARTESIAN_POINT('',(27.1332835650362,12.,58.1931524778948));
#7977=CARTESIAN_POINT('',(42.1485757734316,12.,56.1931524778948));
#7978=CARTESIAN_POINT('Origin',(50.,12.,50.));
#7979=CARTESIAN_POINT('',(10.0000000745058,12.,56.1931524778948));
#7980=CARTESIAN_POINT('Origin',(10.,12.,21.7931524778948));
#7981=CARTESIAN_POINT('',(40.0082796729614,12.,49.5931524778948));
#7982=CARTESIAN_POINT('',(25.0041398364807,12.,49.5931524778948));
#7983=CARTESIAN_POINT('',(40.2939665668546,12.,47.5931524778948));
#7984=CARTESIAN_POINT('Origin',(50.,12.,50.));
#7985=CARTESIAN_POINT('',(10.0000000745058,12.,47.5931524778948));
#7986=CARTESIAN_POINT('Origin',(10.,12.,21.7931524778948));
#7987=CARTESIAN_POINT('',(49.9999999254942,12.,28.0931524778948));
#7988=CARTESIAN_POINT('',(10.,12.,26.0931524778948));
#7989=CARTESIAN_POINT('Origin',(10.,12.,21.7931524778948));
#7990=CARTESIAN_POINT('',(49.9999999254942,12.,23.7931524778948));
#7991=CARTESIAN_POINT('',(10.,12.,21.7931524778948));
#7992=CARTESIAN_POINT('Origin',(10.,12.,21.7931524778948));
#7993=CARTESIAN_POINT('',(10.0000000745058,12.,38.9931524778948));
#7994=CARTESIAN_POINT('',(45.6552678202738,12.,40.9931524778948));
#7995=CARTESIAN_POINT('',(27.8276339101369,12.,40.9931524778948));
#7996=CARTESIAN_POINT('',(54.3447321797262,12.,40.9931524778948));
#7997=CARTESIAN_POINT('Origin',(50.,12.,50.));
#7998=CARTESIAN_POINT('',(50.,12.,40.9931524778948));
#7999=CARTESIAN_POINT('Origin',(10.,12.,21.7931524778948));
#8000=CARTESIAN_POINT('',(50.0000000745058,12.,36.6931524778948));
#8001=CARTESIAN_POINT('',(10.0000000745058,12.,34.6931524778948));
#8002=CARTESIAN_POINT('Origin',(10.,12.,21.7931524778948));
#8003=CARTESIAN_POINT('',(50.0000000745058,12.,75.3931524778948));
#8004=CARTESIAN_POINT('',(10.0000000745058,12.,73.3931524778948));
#8005=CARTESIAN_POINT('Origin',(10.,12.,21.7931524778948));
#8006=CARTESIAN_POINT('',(50.0000000745058,12.,71.0931524778948));
#8007=CARTESIAN_POINT('',(10.0000000745058,12.,69.0931524778948));
#8008=CARTESIAN_POINT('Origin',(89.9999998509884,88.,21.7931524778948));
#8009=CARTESIAN_POINT('',(89.9999998509884,88.,28.0931524778948));
#8010=CARTESIAN_POINT('',(49.9999999254942,88.,26.0931524778948));
#8011=CARTESIAN_POINT('Origin',(89.9999998509884,88.,21.7931524778948));
#8012=CARTESIAN_POINT('',(89.9999998509884,88.,32.3931524778948));
#8013=CARTESIAN_POINT('',(49.9999999254942,88.,30.3931524778948));
#8014=CARTESIAN_POINT('Origin',(89.9999998509884,88.,21.7931524778948));
#8015=CARTESIAN_POINT('',(90.,88.,66.7931524778948));
#8016=CARTESIAN_POINT('',(50.,88.,64.7931524778948));
#8017=CARTESIAN_POINT('Origin',(89.9999998509884,88.,21.7931524778948));
#8018=CARTESIAN_POINT('',(90.,88.,79.6931524778948));
#8019=CARTESIAN_POINT('',(50.,88.,77.6931524778948));
#8020=CARTESIAN_POINT('Origin',(89.9999998509884,88.,21.7931524778948));
#8021=CARTESIAN_POINT('',(90.,88.,75.3931524778948));
#8022=CARTESIAN_POINT('',(50.,88.,73.3931524778948));
#8023=CARTESIAN_POINT('Origin',(89.9999998509884,88.,21.7931524778948));
#8024=CARTESIAN_POINT('',(41.1769854129299,88.,45.2931524778948));
#8025=CARTESIAN_POINT('',(65.5884926319592,88.,45.2931524778948));
#8026=CARTESIAN_POINT('',(42.5825748190338,88.,43.2931524778948));
#8027=CARTESIAN_POINT('',(50.,88.,43.2931524778948));
#8028=CARTESIAN_POINT('Origin',(50.,88.,50.));
#8029=CARTESIAN_POINT('Origin',(89.9999998509884,88.,21.7931524778948));
#8030=CARTESIAN_POINT('',(50.,88.,38.9931524778948));
#8031=CARTESIAN_POINT('',(54.3447321797262,88.,40.9931524778948));
#8032=CARTESIAN_POINT('',(89.9999999254942,88.,40.9931524778948));
#8033=CARTESIAN_POINT('',(45.6552678202738,88.,40.9931524778948));
#8034=CARTESIAN_POINT('Origin',(50.,88.,50.));
#8035=CARTESIAN_POINT('',(67.8276338356311,88.,40.9931524778948));
#8036=CARTESIAN_POINT('Origin',(89.9999998509884,88.,21.7931524778948));
#8037=CARTESIAN_POINT('',(57.4174251809662,88.,43.2931524778948));
#8038=CARTESIAN_POINT('',(73.7087125159773,88.,43.2931524778948));
#8039=CARTESIAN_POINT('',(58.8230145870702,88.,45.2931524778948));
#8040=CARTESIAN_POINT('',(89.9999999254942,88.,45.2931524778948));
#8041=CARTESIAN_POINT('Origin',(50.,88.,50.));
#8042=CARTESIAN_POINT('Origin',(89.9999998509884,88.,21.7931524778948));
#8043=CARTESIAN_POINT('',(59.7060334331454,88.,47.5931524778948));
#8044=CARTESIAN_POINT('',(74.8530166420669,88.,47.5931524778948));
#8045=CARTESIAN_POINT('',(59.9917203270386,88.,49.5931524778948));
#8046=CARTESIAN_POINT('',(90.,88.,49.5931524778948));
#8047=CARTESIAN_POINT('Origin',(50.,88.,50.));
#8048=CARTESIAN_POINT('Origin',(89.9999998509884,88.,21.7931524778948));
#8049=CARTESIAN_POINT('',(59.8191635944942,88.,51.8931524778948));
#8050=CARTESIAN_POINT('',(74.9095817227413,88.,51.8931524778948));
#8051=CARTESIAN_POINT('',(59.2110457486575,88.,53.8931524778948));
#8052=CARTESIAN_POINT('',(89.9999999254942,88.,53.8931524778948));
#8053=CARTESIAN_POINT('Origin',(50.,88.,50.));
#8054=CARTESIAN_POINT('Origin',(89.9999998509884,88.,21.7931524778948));
#8055=CARTESIAN_POINT('',(57.8514242265684,88.,56.1931524778948));
#8056=CARTESIAN_POINT('',(73.9257120387784,88.,56.1931524778948));
#8057=CARTESIAN_POINT('',(55.7334328699276,88.,58.1931524778948));
#8058=CARTESIAN_POINT('',(89.9999999254942,88.,58.1931524778948));
#8059=CARTESIAN_POINT('Origin',(50.,88.,50.));
#8060=CARTESIAN_POINT('Origin',(89.9999998509884,88.,21.7931524778948));
#8061=CARTESIAN_POINT('',(90.,88.,62.4931524778948));
#8062=CARTESIAN_POINT('',(50.,88.,60.4931524778948));
#8063=CARTESIAN_POINT('Origin',(89.9999998509884,88.,21.7931524778948));
#8064=CARTESIAN_POINT('',(44.2665671300724,88.,58.1931524778948));
#8065=CARTESIAN_POINT('',(67.1332834905304,88.,58.1931524778948));
#8066=CARTESIAN_POINT('',(42.1485757734316,88.,56.1931524778948));
#8067=CARTESIAN_POINT('',(50.,88.,56.1931524778948));
#8068=CARTESIAN_POINT('Origin',(50.,88.,50.));
#8069=CARTESIAN_POINT('Origin',(89.9999998509884,88.,21.7931524778948));
#8070=CARTESIAN_POINT('',(40.7889542513425,88.,53.8931524778948));
#8071=CARTESIAN_POINT('',(65.3944770511655,88.,53.8931524778948));
#8072=CARTESIAN_POINT('',(40.1808364055058,88.,51.8931524778948));
#8073=CARTESIAN_POINT('',(50.,88.,51.8931524778948));
#8074=CARTESIAN_POINT('Origin',(50.,88.,50.));
#8075=CARTESIAN_POINT('Origin',(89.9999998509884,88.,21.7931524778948));
#8076=CARTESIAN_POINT('',(40.0082796729614,88.,49.5931524778948));
#8077=CARTESIAN_POINT('',(65.0041397619749,88.,49.5931524778948));
#8078=CARTESIAN_POINT('',(40.2939665668546,88.,47.5931524778948));
#8079=CARTESIAN_POINT('',(50.,88.,47.5931524778948));
#8080=CARTESIAN_POINT('Origin',(50.,88.,50.));
#8081=CARTESIAN_POINT('Origin',(89.9999998509884,88.,21.7931524778948));
#8082=CARTESIAN_POINT('',(89.9999998509884,88.,23.7931524778948));
#8083=CARTESIAN_POINT('',(49.9999999254942,88.,21.7931524778948));
#8084=CARTESIAN_POINT('Origin',(89.9999998509884,88.,21.7931524778948));
#8085=CARTESIAN_POINT('',(90.,88.,36.6931524778948));
#8086=CARTESIAN_POINT('',(50.,88.,34.6931524778948));
#8087=CARTESIAN_POINT('Origin',(89.9999998509884,88.,21.7931524778948));
#8088=CARTESIAN_POINT('',(90.,88.,71.0931524778948));
#8089=CARTESIAN_POINT('',(50.,88.,69.0931524778948));
#8090=CARTESIAN_POINT('Origin',(89.9999998509884,88.,21.7931524778948));
#8091=CARTESIAN_POINT('',(50.,88.,81.9931524778948));
#8092=CARTESIAN_POINT('',(90.,88.,83.9931524778948));
#8093=CARTESIAN_POINT('Origin',(89.9999998509884,88.,21.7931524778948));
#8094=CARTESIAN_POINT('',(50.,88.,86.2931524778948));
#8095=CARTESIAN_POINT('',(90.,88.,88.2931524778948));
#8096=CARTESIAN_POINT('Origin',(10.,12.,21.7931524778948));
#8097=CARTESIAN_POINT('',(10.0000000745058,12.,86.2931524778948));
#8098=CARTESIAN_POINT('',(50.0000000745058,12.,88.2931524778948));
#8099=CARTESIAN_POINT('Origin',(10.0000001490116,90.,86.2931524778948));
#8100=CARTESIAN_POINT('',(10.0000000745058,90.,86.2931524778948));
#8101=CARTESIAN_POINT('Origin',(90.0000001490116,90.,88.2931524778948));
#8102=CARTESIAN_POINT('',(50.0000000745058,90.,88.2931524778948));
#8103=CARTESIAN_POINT('Origin',(90.0000001490116,90.,88.2931524778948));
#8104=CARTESIAN_POINT('',(90.0000000745058,10.,88.2931524778948));
#8105=CARTESIAN_POINT('Origin',(90.0000001490116,90.,71.0931524778948));
#8106=CARTESIAN_POINT('',(50.0000000745058,90.,71.0931524778948));
#8107=CARTESIAN_POINT('Origin',(90.0000001490116,90.,71.0931524778948));
#8108=CARTESIAN_POINT('',(90.0000000745058,10.,71.0931524778948));
#8109=CARTESIAN_POINT('Origin',(10.0000001490116,90.,69.0931524778948));
#8110=CARTESIAN_POINT('',(10.0000000745058,90.,69.0931524778948));
#8111=CARTESIAN_POINT('Origin',(90.0000001490116,90.,36.6931524778948));
#8112=CARTESIAN_POINT('',(50.0000000745058,90.,36.6931524778948));
#8113=CARTESIAN_POINT('Origin',(90.0000001490116,90.,36.6931524778948));
#8114=CARTESIAN_POINT('',(90.0000000745058,10.,36.6931524778948));
#8115=CARTESIAN_POINT('Origin',(10.0000001490116,90.,34.6931524778948));
#8116=CARTESIAN_POINT('',(10.0000000745058,90.,34.6931524778948));
#8117=CARTESIAN_POINT('Origin',(89.9999998509884,90.,23.7931524778948));
#8118=CARTESIAN_POINT('',(49.9999999254942,90.,23.7931524778948));
#8119=CARTESIAN_POINT('Origin',(89.9999998509884,90.,23.7931524778948));
#8120=CARTESIAN_POINT('',(89.9999999254942,10.,23.7931524778948));
#8121=CARTESIAN_POINT('Origin',(10.,90.,21.7931524778948));
#8122=CARTESIAN_POINT('',(10.,90.,21.7931524778948));
#8123=CARTESIAN_POINT('Origin',(40.0082796729614,90.,49.5931524778948));
#8124=CARTESIAN_POINT('',(40.0082796729614,90.,49.5931524778948));
#8125=CARTESIAN_POINT('',(40.0082796729614,90.,49.5931524778948));
#8126=CARTESIAN_POINT('',(25.0041398364807,90.,49.5931524778948));
#8127=CARTESIAN_POINT('Origin',(40.0082796729614,90.,49.5931524778948));
#8128=CARTESIAN_POINT('',(40.0082796729614,10.,49.5931524778948));
#8129=CARTESIAN_POINT('',(65.0041398364807,10.,49.5931524778948));
#8130=CARTESIAN_POINT('',(40.0082796729614,90.,49.5931524778948));
#8131=CARTESIAN_POINT('Origin',(10.0000001490116,90.,47.5931524778948));
#8132=CARTESIAN_POINT('',(40.2939665668546,90.,47.5931524778948));
#8133=CARTESIAN_POINT('',(10.0000000745058,90.,47.5931524778948));
#8134=CARTESIAN_POINT('',(40.2939665668546,90.,47.5931524778948));
#8135=CARTESIAN_POINT('Origin',(44.2665671300724,90.,58.1931524778948));
#8136=CARTESIAN_POINT('',(44.2665671300724,90.,58.1931524778948));
#8137=CARTESIAN_POINT('',(44.2665671300724,90.,58.1931524778948));
#8138=CARTESIAN_POINT('',(27.1332835650362,90.,58.1931524778948));
#8139=CARTESIAN_POINT('Origin',(44.2665671300724,90.,58.1931524778948));
#8140=CARTESIAN_POINT('',(44.2665671300724,10.,58.1931524778948));
#8141=CARTESIAN_POINT('',(67.1332835650362,10.,58.1931524778948));
#8142=CARTESIAN_POINT('',(44.2665671300724,90.,58.1931524778948));
#8143=CARTESIAN_POINT('Origin',(10.0000001490116,90.,56.1931524778948));
#8144=CARTESIAN_POINT('',(42.1485757734316,90.,56.1931524778948));
#8145=CARTESIAN_POINT('',(10.0000000745058,90.,56.1931524778948));
#8146=CARTESIAN_POINT('',(42.1485757734316,90.,56.1931524778948));
#8147=CARTESIAN_POINT('Origin',(90.0000001490116,90.,75.3931524778948));
#8148=CARTESIAN_POINT('',(50.0000000745058,90.,75.3931524778948));
#8149=CARTESIAN_POINT('Origin',(90.0000001490116,90.,75.3931524778948));
#8150=CARTESIAN_POINT('',(90.0000000745058,10.,75.3931524778948));
#8151=CARTESIAN_POINT('Origin',(10.0000001490116,90.,73.3931524778948));
#8152=CARTESIAN_POINT('',(10.0000000745058,90.,73.3931524778948));
#8153=CARTESIAN_POINT('Origin',(10.0000001490116,90.,81.9931524778948));
#8154=CARTESIAN_POINT('',(10.0000000745058,90.,81.9931524778948));
#8155=CARTESIAN_POINT('Origin',(90.0000001490116,90.,83.9931524778948));
#8156=CARTESIAN_POINT('',(50.0000000745058,90.,83.9931524778948));
#8157=CARTESIAN_POINT('Origin',(90.0000001490116,90.,83.9931524778948));
#8158=CARTESIAN_POINT('',(90.0000000745058,10.,83.9931524778948));
#8159=CARTESIAN_POINT('Origin',(90.0000001490116,90.,66.7931524778948));
#8160=CARTESIAN_POINT('',(50.0000000745058,90.,66.7931524778948));
#8161=CARTESIAN_POINT('Origin',(90.0000001490116,90.,66.7931524778948));
#8162=CARTESIAN_POINT('',(90.0000000745058,10.,66.7931524778948));
#8163=CARTESIAN_POINT('Origin',(10.0000001490116,90.,64.7931524778948));
#8164=CARTESIAN_POINT('',(10.0000000745058,90.,64.7931524778948));
#8165=CARTESIAN_POINT('Origin',(40.7889542513425,90.,53.8931524778948));
#8166=CARTESIAN_POINT('',(40.7889542513425,90.,53.8931524778948));
#8167=CARTESIAN_POINT('',(40.7889542513425,90.,53.8931524778948));
#8168=CARTESIAN_POINT('',(25.3944771256713,90.,53.8931524778948));
#8169=CARTESIAN_POINT('Origin',(40.7889542513425,90.,53.8931524778948));
#8170=CARTESIAN_POINT('',(40.7889542513425,10.,53.8931524778948));
#8171=CARTESIAN_POINT('',(65.3944771256713,10.,53.8931524778948));
#8172=CARTESIAN_POINT('',(40.7889542513425,90.,53.8931524778948));
#8173=CARTESIAN_POINT('Origin',(10.0000001490116,90.,51.8931524778948));
#8174=CARTESIAN_POINT('',(40.1808364055058,90.,51.8931524778948));
#8175=CARTESIAN_POINT('',(10.0000000745058,90.,51.8931524778948));
#8176=CARTESIAN_POINT('',(40.1808364055058,90.,51.8931524778948));
#8177=CARTESIAN_POINT('Origin',(41.1769854129299,90.,45.2931524778948));
#8178=CARTESIAN_POINT('',(41.1769854129299,90.,45.2931524778948));
#8179=CARTESIAN_POINT('',(41.1769854129299,90.,45.2931524778948));
#8180=CARTESIAN_POINT('',(25.588492706465,90.,45.2931524778948));
#8181=CARTESIAN_POINT('Origin',(41.1769854129299,90.,45.2931524778948));
#8182=CARTESIAN_POINT('',(41.1769854129299,10.,45.2931524778948));
#8183=CARTESIAN_POINT('',(65.5884927064649,10.,45.2931524778948));
#8184=CARTESIAN_POINT('',(41.1769854129299,90.,45.2931524778948));
#8185=CARTESIAN_POINT('Origin',(10.0000001490116,90.,43.2931524778948));
#8186=CARTESIAN_POINT('',(42.5825748190338,90.,43.2931524778948));
#8187=CARTESIAN_POINT('',(10.0000000745058,90.,43.2931524778948));
#8188=CARTESIAN_POINT('',(42.5825748190338,90.,43.2931524778948));
#8189=CARTESIAN_POINT('Origin',(89.9999998509884,90.,32.3931524778948));
#8190=CARTESIAN_POINT('',(49.9999999254942,90.,32.3931524778948));
#8191=CARTESIAN_POINT('Origin',(89.9999998509884,90.,32.3931524778948));
#8192=CARTESIAN_POINT('',(89.9999999254942,10.,32.3931524778948));
#8193=CARTESIAN_POINT('Origin',(10.,90.,30.3931524778948));
#8194=CARTESIAN_POINT('',(10.,90.,30.3931524778948));
#8195=CARTESIAN_POINT('Origin',(89.9999998509884,90.,28.0931524778948));
#8196=CARTESIAN_POINT('',(49.9999999254942,90.,28.0931524778948));
#8197=CARTESIAN_POINT('Origin',(89.9999998509884,90.,28.0931524778948));
#8198=CARTESIAN_POINT('',(89.9999999254942,10.,28.0931524778948));
#8199=CARTESIAN_POINT('Origin',(10.,90.,26.0931524778948));
#8200=CARTESIAN_POINT('',(10.,90.,26.0931524778948));
#8201=CARTESIAN_POINT('Origin',(90.0000001490116,90.,62.4931524778948));
#8202=CARTESIAN_POINT('',(50.0000000745058,90.,62.4931524778948));
#8203=CARTESIAN_POINT('Origin',(90.0000001490116,90.,62.4931524778948));
#8204=CARTESIAN_POINT('',(90.0000000745058,10.,62.4931524778948));
#8205=CARTESIAN_POINT('Origin',(10.0000001490116,90.,60.4931524778948));
#8206=CARTESIAN_POINT('',(10.0000000745058,90.,60.4931524778948));
#8207=CARTESIAN_POINT('Origin',(90.0000001490116,90.,79.6931524778948));
#8208=CARTESIAN_POINT('',(50.0000000745058,90.,79.6931524778948));
#8209=CARTESIAN_POINT('Origin',(90.0000001490116,90.,79.6931524778948));
#8210=CARTESIAN_POINT('',(90.0000000745058,10.,79.6931524778948));
#8211=CARTESIAN_POINT('Origin',(10.0000001490116,90.,77.6931524778948));
#8212=CARTESIAN_POINT('',(10.0000000745058,90.,77.6931524778948));
#8213=CARTESIAN_POINT('Origin',(57.8514242265684,90.,56.1931524778948));
#8214=CARTESIAN_POINT('',(57.8514242265684,90.,56.1931524778948));
#8215=CARTESIAN_POINT('',(57.8514242265684,90.,56.1931524778948));
#8216=CARTESIAN_POINT('',(33.9257121132842,90.,56.1931524778948));
#8217=CARTESIAN_POINT('Origin',(57.8514242265684,90.,56.1931524778948));
#8218=CARTESIAN_POINT('',(57.8514242265684,10.,56.1931524778948));
#8219=CARTESIAN_POINT('',(73.9257121132842,10.,56.1931524778948));
#8220=CARTESIAN_POINT('',(57.8514242265684,90.,56.1931524778948));
#8221=CARTESIAN_POINT('Origin',(90.,90.,58.1931524778948));
#8222=CARTESIAN_POINT('',(55.7334328699276,90.,58.1931524778948));
#8223=CARTESIAN_POINT('',(50.,90.,58.1931524778948));
#8224=CARTESIAN_POINT('',(55.7334328699276,90.,58.1931524778948));
#8225=CARTESIAN_POINT('Origin',(59.7060334331454,90.,47.5931524778948));
#8226=CARTESIAN_POINT('',(59.7060334331454,90.,47.5931524778948));
#8227=CARTESIAN_POINT('',(59.7060334331454,90.,47.5931524778948));
#8228=CARTESIAN_POINT('',(34.8530167165727,90.,47.5931524778948));
#8229=CARTESIAN_POINT('Origin',(59.7060334331454,90.,47.5931524778948));
#8230=CARTESIAN_POINT('',(59.7060334331454,10.,47.5931524778948));
#8231=CARTESIAN_POINT('',(74.8530167165727,10.,47.5931524778948));
#8232=CARTESIAN_POINT('',(59.7060334331454,90.,47.5931524778948));
#8233=CARTESIAN_POINT('Origin',(90.0000001490116,90.,49.5931524778948));
#8234=CARTESIAN_POINT('',(59.9917203270386,90.,49.5931524778948));
#8235=CARTESIAN_POINT('',(50.0000000745058,90.,49.5931524778948));
#8236=CARTESIAN_POINT('',(59.9917203270386,90.,49.5931524778948));
#8237=CARTESIAN_POINT('Origin',(10.0000001490116,90.,38.9931524778948));
#8238=CARTESIAN_POINT('',(10.0000000745058,90.,38.9931524778948));
#8239=CARTESIAN_POINT('Origin',(10.0000001490116,90.,38.9931524778948));
#8240=CARTESIAN_POINT('',(50.0000000745058,10.,38.9931524778948));
#8241=CARTESIAN_POINT('Origin',(45.6552678202738,90.,40.9931524778948));
#8242=CARTESIAN_POINT('',(45.6552678202738,90.,40.9931524778948));
#8243=CARTESIAN_POINT('',(45.6552678202738,90.,40.9931524778948));
#8244=CARTESIAN_POINT('',(27.8276339101369,90.,40.9931524778948));
#8245=CARTESIAN_POINT('Origin',(45.6552678202738,90.,40.9931524778948));
#8246=CARTESIAN_POINT('',(45.6552678202738,10.,40.9931524778948));
#8247=CARTESIAN_POINT('',(67.8276339101369,10.,40.9931524778948));
#8248=CARTESIAN_POINT('',(45.6552678202738,90.,40.9931524778948));
#8249=CARTESIAN_POINT('Origin',(90.,90.,40.9931524778948));
#8250=CARTESIAN_POINT('',(54.3447321797262,90.,40.9931524778948));
#8251=CARTESIAN_POINT('',(50.,90.,40.9931524778948));
#8252=CARTESIAN_POINT('',(54.3447321797262,90.,40.9931524778948));
#8253=CARTESIAN_POINT('Origin',(57.4174251809662,90.,43.2931524778948));
#8254=CARTESIAN_POINT('',(57.4174251809662,90.,43.2931524778948));
#8255=CARTESIAN_POINT('',(57.4174251809662,90.,43.2931524778948));
#8256=CARTESIAN_POINT('',(33.7087125904831,90.,43.2931524778948));
#8257=CARTESIAN_POINT('Origin',(57.4174251809662,90.,43.2931524778948));
#8258=CARTESIAN_POINT('',(57.4174251809662,10.,43.2931524778948));
#8259=CARTESIAN_POINT('',(73.7087125904831,10.,43.2931524778948));
#8260=CARTESIAN_POINT('',(57.4174251809662,90.,43.2931524778948));
#8261=CARTESIAN_POINT('Origin',(90.,90.,45.2931524778948));
#8262=CARTESIAN_POINT('',(58.8230145870702,90.,45.2931524778948));
#8263=CARTESIAN_POINT('',(50.,90.,45.2931524778948));
#8264=CARTESIAN_POINT('',(58.8230145870702,90.,45.2931524778948));
#8265=CARTESIAN_POINT('Origin',(59.8191635944942,90.,51.8931524778948));
#8266=CARTESIAN_POINT('',(59.8191635944942,90.,51.8931524778948));
#8267=CARTESIAN_POINT('',(59.8191635944942,90.,51.8931524778948));
#8268=CARTESIAN_POINT('',(34.9095817972471,90.,51.8931524778948));
#8269=CARTESIAN_POINT('Origin',(59.8191635944942,90.,51.8931524778948));
#8270=CARTESIAN_POINT('',(59.8191635944942,10.,51.8931524778948));
#8271=CARTESIAN_POINT('',(74.9095817972471,10.,51.8931524778948));
#8272=CARTESIAN_POINT('',(59.8191635944942,90.,51.8931524778948));
#8273=CARTESIAN_POINT('Origin',(50.,0.,50.));
#8274=CARTESIAN_POINT('Origin',(50.,90.,50.));
#8275=CARTESIAN_POINT('Origin',(50.,90.,50.));
#8276=CARTESIAN_POINT('Origin',(50.,90.,50.));
#8277=CARTESIAN_POINT('Origin',(50.,90.,50.));
#8278=CARTESIAN_POINT('Origin',(50.,90.,50.));
#8279=CARTESIAN_POINT('',(59.2110457486575,90.,53.8931524778948));
#8280=CARTESIAN_POINT('',(59.2110457486575,90.,53.8931524778948));
#8281=CARTESIAN_POINT('Origin',(50.,90.,50.));
#8282=CARTESIAN_POINT('Origin',(50.,90.,50.));
#8283=CARTESIAN_POINT('Origin',(50.,90.,50.));
#8284=CARTESIAN_POINT('',(40.,90.,50.));
#8285=CARTESIAN_POINT('Origin',(50.,90.,50.));
#8286=CARTESIAN_POINT('',(40.,0.,50.));
#8287=CARTESIAN_POINT('Origin',(50.,90.,50.));
#8288=CARTESIAN_POINT('Origin',(90.,90.,53.8931524778948));
#8289=CARTESIAN_POINT('',(50.,90.,53.8931524778948));
#8290=CARTESIAN_POINT('Origin',(10.0000001490116,90.,86.2931524778948));
#8291=CARTESIAN_POINT('',(50.0000000745058,10.,86.2931524778948));
#8292=CARTESIAN_POINT('Origin',(90.,10.,0.));
#8293=CARTESIAN_POINT('',(90.,10.,90.));
#8294=CARTESIAN_POINT('Origin',(90.,10.,0.));
#8295=CARTESIAN_POINT('Origin',(10.,90.,0.));
#8296=CARTESIAN_POINT('',(50.,90.,90.));
#8297=CARTESIAN_POINT('Origin',(10.0000001490116,90.,69.0931524778948));
#8298=CARTESIAN_POINT('',(50.0000000745058,10.,69.0931524778948));
#8299=CARTESIAN_POINT('Origin',(90.,10.,0.));
#8300=CARTESIAN_POINT('',(50.0000000745058,10.,73.3931524778948));
#8301=CARTESIAN_POINT('Origin',(90.,10.,0.));
#8302=CARTESIAN_POINT('Origin',(10.,90.,0.));
#8303=CARTESIAN_POINT('Origin',(10.,90.,0.));
#8304=CARTESIAN_POINT('Origin',(90.,90.,58.1931524778948));
#8305=CARTESIAN_POINT('',(55.7334328699276,10.,58.1931524778948));
#8306=CARTESIAN_POINT('',(55.7334328699276,90.,58.1931524778948));
#8307=CARTESIAN_POINT('',(90.,10.,58.1931524778948));
#8308=CARTESIAN_POINT('Origin',(90.,10.,0.));
#8309=CARTESIAN_POINT('',(59.2110457486575,10.,53.8931524778948));
#8310=CARTESIAN_POINT('',(90.,10.,53.8931524778948));
#8311=CARTESIAN_POINT('Origin',(50.,10.,50.));
#8312=CARTESIAN_POINT('Origin',(90.,10.,0.));
#8313=CARTESIAN_POINT('Origin',(50.,10.,50.));
#8314=CARTESIAN_POINT('',(50.0000000745058,10.,60.4931524778948));
#8315=CARTESIAN_POINT('Origin',(10.,90.,0.));
#8316=CARTESIAN_POINT('Origin',(10.,90.,0.));
#8317=CARTESIAN_POINT('Origin',(90.0000001490116,90.,49.5931524778948));
#8318=CARTESIAN_POINT('',(59.9917203270386,10.,49.5931524778948));
#8319=CARTESIAN_POINT('',(59.9917203270386,90.,49.5931524778948));
#8320=CARTESIAN_POINT('',(90.0000000745058,10.,49.5931524778948));
#8321=CARTESIAN_POINT('Origin',(90.,10.,0.));
#8322=CARTESIAN_POINT('',(58.8230145870702,10.,45.2931524778948));
#8323=CARTESIAN_POINT('',(90.,10.,45.2931524778948));
#8324=CARTESIAN_POINT('Origin',(50.,10.,50.));
#8325=CARTESIAN_POINT('Origin',(90.,10.,0.));
#8326=CARTESIAN_POINT('Origin',(50.,10.,50.));
#8327=CARTESIAN_POINT('Origin',(10.,90.,0.));
#8328=CARTESIAN_POINT('Origin',(10.,90.,0.));
#8329=CARTESIAN_POINT('Origin',(10.0000001490116,90.,34.6931524778948));
#8330=CARTESIAN_POINT('',(50.0000000745058,10.,34.6931524778948));
#8331=CARTESIAN_POINT('Origin',(10.,90.,0.));
#8332=CARTESIAN_POINT('Origin',(10.,90.,0.));
#8333=CARTESIAN_POINT('Origin',(90.,10.,0.));
#8334=CARTESIAN_POINT('Origin',(90.,10.,0.));
#8335=CARTESIAN_POINT('Origin',(10.,90.,21.7931524778948));
#8336=CARTESIAN_POINT('',(50.,10.,21.7931524778948));
#8337=CARTESIAN_POINT('Origin',(90.,10.,0.));
#8338=CARTESIAN_POINT('',(50.,10.,26.0931524778948));
#8339=CARTESIAN_POINT('Origin',(90.,10.,0.));
#8340=CARTESIAN_POINT('Origin',(10.,90.,0.));
#8341=CARTESIAN_POINT('Origin',(10.,90.,0.));
#8342=CARTESIAN_POINT('Origin',(90.,90.,40.9931524778948));
#8343=CARTESIAN_POINT('',(54.3447321797262,10.,40.9931524778948));
#8344=CARTESIAN_POINT('',(54.3447321797262,90.,40.9931524778948));
#8345=CARTESIAN_POINT('',(90.,10.,40.9931524778948));
#8346=CARTESIAN_POINT('Origin',(90.,10.,0.));
#8347=CARTESIAN_POINT('Origin',(50.,10.,50.));
#8348=CARTESIAN_POINT('Origin',(90.,10.,0.));
#8349=CARTESIAN_POINT('',(42.5825748190338,10.,43.2931524778948));
#8350=CARTESIAN_POINT('',(50.0000000745058,10.,43.2931524778948));
#8351=CARTESIAN_POINT('Origin',(50.,10.,50.));
#8352=CARTESIAN_POINT('Origin',(10.,90.,0.));
#8353=CARTESIAN_POINT('Origin',(10.0000001490116,90.,47.5931524778948));
#8354=CARTESIAN_POINT('',(40.2939665668546,10.,47.5931524778948));
#8355=CARTESIAN_POINT('',(40.2939665668546,90.,47.5931524778948));
#8356=CARTESIAN_POINT('',(50.0000000745058,10.,47.5931524778948));
#8357=CARTESIAN_POINT('Origin',(90.,10.,0.));
#8358=CARTESIAN_POINT('',(40.1808364055058,10.,51.8931524778948));
#8359=CARTESIAN_POINT('',(50.0000000745058,10.,51.8931524778948));
#8360=CARTESIAN_POINT('',(40.,10.,50.));
#8361=CARTESIAN_POINT('Origin',(50.,10.,50.));
#8362=CARTESIAN_POINT('Origin',(50.,10.,50.));
#8363=CARTESIAN_POINT('Origin',(90.,10.,0.));
#8364=CARTESIAN_POINT('Origin',(50.,10.,50.));
#8365=CARTESIAN_POINT('Origin',(10.,90.,0.));
#8366=CARTESIAN_POINT('Origin',(10.,90.,0.));
#8367=CARTESIAN_POINT('Origin',(10.0000001490116,90.,56.1931524778948));
#8368=CARTESIAN_POINT('',(42.1485757734316,10.,56.1931524778948));
#8369=CARTESIAN_POINT('',(42.1485757734316,90.,56.1931524778948));
#8370=CARTESIAN_POINT('',(50.0000000745058,10.,56.1931524778948));
#8371=CARTESIAN_POINT('Origin',(90.,10.,0.));
#8372=CARTESIAN_POINT('Origin',(50.,10.,50.));
#8373=CARTESIAN_POINT('Origin',(10.,90.,0.));
#8374=CARTESIAN_POINT('Origin',(10.0000001490116,90.,73.3931524778948));
#8375=CARTESIAN_POINT('Origin',(90.,10.,0.));
#8376=CARTESIAN_POINT('',(50.0000000745058,10.,77.6931524778948));
#8377=CARTESIAN_POINT('Origin',(10.,90.,0.));
#8378=CARTESIAN_POINT('Origin',(10.0000001490116,90.,81.9931524778948));
#8379=CARTESIAN_POINT('',(50.0000000745058,10.,81.9931524778948));
#8380=CARTESIAN_POINT('Origin',(90.,10.,0.));
#8381=CARTESIAN_POINT('Origin',(10.,90.,0.));
#8382=CARTESIAN_POINT('Origin',(10.0000001490116,90.,64.7931524778948));
#8383=CARTESIAN_POINT('',(50.0000000745058,10.,64.7931524778948));
#8384=CARTESIAN_POINT('Origin',(90.,10.,0.));
#8385=CARTESIAN_POINT('Origin',(10.,90.,0.));
#8386=CARTESIAN_POINT('Origin',(10.0000001490116,90.,51.8931524778948));
#8387=CARTESIAN_POINT('',(40.1808364055058,90.,51.8931524778948));
#8388=CARTESIAN_POINT('Origin',(10.0000001490116,90.,43.2931524778948));
#8389=CARTESIAN_POINT('',(42.5825748190338,90.,43.2931524778948));
#8390=CARTESIAN_POINT('Origin',(10.,90.,0.));
#8391=CARTESIAN_POINT('Origin',(10.,90.,30.3931524778948));
#8392=CARTESIAN_POINT('',(50.,10.,30.3931524778948));
#8393=CARTESIAN_POINT('Origin',(90.,10.,0.));
#8394=CARTESIAN_POINT('Origin',(10.,90.,0.));
#8395=CARTESIAN_POINT('Origin',(10.,90.,26.0931524778948));
#8396=CARTESIAN_POINT('Origin',(90.,90.,45.2931524778948));
#8397=CARTESIAN_POINT('',(58.8230145870702,90.,45.2931524778948));
#8398=CARTESIAN_POINT('Origin',(90.,90.,53.8931524778948));
#8399=CARTESIAN_POINT('',(59.2110457486575,90.,53.8931524778948));
#8400=CARTESIAN_POINT('Origin',(10.0000001490116,90.,60.4931524778948));
#8401=CARTESIAN_POINT('Origin',(10.0000001490116,90.,77.6931524778948));
#8402=CARTESIAN_POINT('Origin',(10.,90.,0.));
#8403=CARTESIAN_POINT('Origin',(10.,90.,19.4931524778948));
#8404=CARTESIAN_POINT('',(84.,14.,19.4931524778948));
#8405=CARTESIAN_POINT('',(45.,14.,19.4931524778948));
#8406=CARTESIAN_POINT('',(84.,20.,19.4931524778948));
#8407=CARTESIAN_POINT('',(50.,20.,19.4931524778948));
#8408=CARTESIAN_POINT('',(84.,57.,19.4931524778948));
#8409=CARTESIAN_POINT('Origin',(10.,90.,19.4931524778948));
#8410=CARTESIAN_POINT('',(23.5,20.,19.4931524778948));
#8411=CARTESIAN_POINT('',(28.5,20.,19.4931524778948));
#8412=CARTESIAN_POINT('',(21.,20.,19.4931524778948));
#8413=CARTESIAN_POINT('',(23.5,14.,19.4931524778948));
#8414=CARTESIAN_POINT('',(23.5,57.,19.4931524778948));
#8415=CARTESIAN_POINT('',(28.5,14.,19.4931524778948));
#8416=CARTESIAN_POINT('',(16.,14.,19.4931524778948));
#8417=CARTESIAN_POINT('',(28.5,57.,19.4931524778948));
#8418=CARTESIAN_POINT('Origin',(84.,24.,10.));
#8419=CARTESIAN_POINT('',(84.,20.,17.));
#8420=CARTESIAN_POINT('',(84.,20.,10.));
#8421=CARTESIAN_POINT('',(84.,15.5,17.));
#8422=CARTESIAN_POINT('',(84.,21.25,17.));
#8423=CARTESIAN_POINT('',(84.,15.5,15.));
#8424=CARTESIAN_POINT('',(84.,15.5,12.5));
#8425=CARTESIAN_POINT('',(84.,20.,15.));
#8426=CARTESIAN_POINT('',(84.,21.5,15.));
#8427=CARTESIAN_POINT('',(84.,20.,10.));
#8428=CARTESIAN_POINT('',(84.,14.,10.));
#8429=CARTESIAN_POINT('Origin',(90.,20.,10.));
#8430=CARTESIAN_POINT('',(88.,20.,15.));
#8431=CARTESIAN_POINT('',(87.5,20.,15.));
#8432=CARTESIAN_POINT('',(88.,20.,17.));
#8433=CARTESIAN_POINT('',(88.,20.,12.5));
#8434=CARTESIAN_POINT('',(87.75,20.,17.));
#8435=CARTESIAN_POINT('Origin',(22.,14.,10.));
#8436=CARTESIAN_POINT('',(23.5,14.,10.0000000745058));
#8437=CARTESIAN_POINT('',(28.5,14.,15.0000001490116));
#8438=CARTESIAN_POINT('Origin',(23.5,24.,10.0000001490116));
#8439=CARTESIAN_POINT('',(23.5,20.,17.));
#8440=CARTESIAN_POINT('',(23.5,20.,10.0000000745058));
#8441=CARTESIAN_POINT('',(23.5,15.5,17.));
#8442=CARTESIAN_POINT('',(23.5,18.5,17.));
#8443=CARTESIAN_POINT('',(23.5,15.5,15.));
#8444=CARTESIAN_POINT('',(23.5,15.5,12.5000000745058));
#8445=CARTESIAN_POINT('',(23.5,20.,15.));
#8446=CARTESIAN_POINT('',(23.5,21.25,15.));
#8447=CARTESIAN_POINT('',(23.5,20.0000003576279,10.0000000745058));
#8448=CARTESIAN_POINT('Origin',(80.,67.,10.));
#8449=CARTESIAN_POINT('',(84.,67.,15.));
#8450=CARTESIAN_POINT('',(84.,67.,10.));
#8451=CARTESIAN_POINT('',(82.5,67.,15.));
#8452=CARTESIAN_POINT('Origin',(22.,67.,10.));
#8453=CARTESIAN_POINT('',(28.5,67.,15.));
#8454=CARTESIAN_POINT('',(28.5,67.,10.));
#8455=CARTESIAN_POINT('',(23.5,67.,15.));
#8456=CARTESIAN_POINT('',(24.5,67.,15.));
#8457=CARTESIAN_POINT('',(23.5,67.,10.));
#8458=CARTESIAN_POINT('Origin',(84.,73.,10.));
#8459=CARTESIAN_POINT('',(84.,73.,15.));
#8460=CARTESIAN_POINT('',(84.,70.5,15.));
#8461=CARTESIAN_POINT('',(84.,73.,10.));
#8462=CARTESIAN_POINT('Origin',(23.5,73.,10.));
#8463=CARTESIAN_POINT('',(23.5,73.,15.));
#8464=CARTESIAN_POINT('',(23.5,70.5,15.));
#8465=CARTESIAN_POINT('',(23.5,73.,10.));
#8466=CARTESIAN_POINT('Origin',(27.,68.,15.));
#8467=CARTESIAN_POINT('',(28.5,73.,15.));
#8468=CARTESIAN_POINT('',(28.5,65.5,15.));
#8469=CARTESIAN_POINT('',(25.5,73.,15.));
#8470=CARTESIAN_POINT('Origin',(28.5,63.,10.));
#8471=CARTESIAN_POINT('',(28.5,73.,10.));
#8472=CARTESIAN_POINT('Origin',(32.,20.,10.));
#8473=CARTESIAN_POINT('',(28.5,20.,17.));
#8474=CARTESIAN_POINT('',(28.5,20.,15.0000001490116));
#8475=CARTESIAN_POINT('',(31.25,20.,17.));
#8476=CARTESIAN_POINT('Origin',(32.,20.0000003576279,10.));
#8477=CARTESIAN_POINT('',(28.5,20.0000003576279,15.));
#8478=CARTESIAN_POINT('',(28.5,20.0000003576279,15.0000001490116));
#8479=CARTESIAN_POINT('',(29.5,20.0000003576279,15.));
#8480=CARTESIAN_POINT('Origin',(30.5,18.5,17.));
#8481=CARTESIAN_POINT('',(28.5,15.5,17.));
#8482=CARTESIAN_POINT('',(28.5,21.25,17.));
#8483=CARTESIAN_POINT('',(25.5,15.5,17.));
#8484=CARTESIAN_POINT('Origin',(28.5,24.,20.0000002980232));
#8485=CARTESIAN_POINT('',(28.5,15.5,15.));
#8486=CARTESIAN_POINT('',(28.5,21.5,15.));
#8487=CARTESIAN_POINT('',(28.5,15.5,17.5000001490116));
#8488=CARTESIAN_POINT('Origin',(85.5,18.5,17.));
#8489=CARTESIAN_POINT('',(88.,15.5,17.));
#8490=CARTESIAN_POINT('',(88.,18.5,17.));
#8491=CARTESIAN_POINT('',(85.5,15.5,17.));
#8492=CARTESIAN_POINT('Origin',(80.,14.,10.));
#8493=CARTESIAN_POINT('Origin',(26.,77.,6.5));
#8494=CARTESIAN_POINT('Origin',(32.,73.,10.));
#8495=CARTESIAN_POINT('Origin',(90.,73.,10.));
#8496=CARTESIAN_POINT('',(90.,73.,15.));
#8497=CARTESIAN_POINT('Origin',(85.,68.,15.));
#8498=CARTESIAN_POINT('Origin',(88.,24.,15.));
#8499=CARTESIAN_POINT('',(88.,15.5,15.));
#8500=CARTESIAN_POINT('',(88.,21.5,15.));
#8501=CARTESIAN_POINT('',(88.,15.5,15.));
#8502=CARTESIAN_POINT('Origin',(85.5,15.5,15.));
#8503=CARTESIAN_POINT('',(85.5,15.5,15.));
#8504=CARTESIAN_POINT('Origin',(30.5,15.5,15.));
#8505=CARTESIAN_POINT('',(28.75,15.5,15.));
#8506=CARTESIAN_POINT('Origin',(87.,77.,6.5));
#8507=CARTESIAN_POINT('Origin',(50.,50.,0.));
#8508=CARTESIAN_POINT('',(40.,50.,0.));
#8509=CARTESIAN_POINT('Origin',(30.,70.,3.5));
#8510=CARTESIAN_POINT('Origin',(70.,70.,3.5));
#8511=CARTESIAN_POINT('Origin',(30.,30.,3.5));
#8512=CARTESIAN_POINT('Origin',(70.,30.,3.5));
#8513=CARTESIAN_POINT('Origin',(50.,0.,50.));
#8514=CARTESIAN_POINT('',(40.,0.,50.));
#8515=CARTESIAN_POINT('Origin',(70.,3.5,70.));
#8516=CARTESIAN_POINT('Origin',(70.,3.5,30.));
#8517=CARTESIAN_POINT('Origin',(30.,3.5,70.));
#8518=CARTESIAN_POINT('Origin',(30.,3.5,30.));
#8519=CARTESIAN_POINT('Origin',(30.,96.5,70.));
#8520=CARTESIAN_POINT('Origin',(30.,96.5,30.));
#8521=CARTESIAN_POINT('Origin',(70.,96.5,70.));
#8522=CARTESIAN_POINT('Origin',(70.,96.5,30.));
#8523=CARTESIAN_POINT('Origin',(50.,50.,100.));
#8524=CARTESIAN_POINT('',(60.,50.,90.));
#8525=CARTESIAN_POINT('',(60.,50.,100.));
#8526=CARTESIAN_POINT('Origin',(50.,50.,90.));
#8527=CARTESIAN_POINT('Origin',(70.,30.,96.5));
#8528=CARTESIAN_POINT('Origin',(30.,70.,96.5));
#8529=CARTESIAN_POINT('Origin',(70.,70.,96.5));
#8530=CARTESIAN_POINT('Origin',(30.,30.,96.5));
#8531=CARTESIAN_POINT('Origin',(86.5,50.,94.));
#8532=CARTESIAN_POINT('Origin',(86.5,94.,50.));
#8533=CARTESIAN_POINT('Origin',(86.5,6.,50.));
#8534=CARTESIAN_POINT('Origin',(86.5,50.,6.));
#8535=CARTESIAN_POINT('Origin',(13.5,50.,6.));
#8536=CARTESIAN_POINT('Origin',(13.5,50.,94.));
#8537=CARTESIAN_POINT('Origin',(13.5,94.,50.));
#8538=CARTESIAN_POINT('Origin',(13.5,6.,50.));
#8539=CARTESIAN_POINT('Origin',(90.,10.,90.));
#8540=CARTESIAN_POINT('Origin',(27.,19.,15.));
#8541=CARTESIAN_POINT('Origin',(85.,19.,15.));
#8542=UNCERTAINTY_MEASURE_WITH_UNIT(LENGTH_MEASURE(0.01),#8546,
'DISTANCE_ACCURACY_VALUE',
'Maximum model space distance between geometric entities at asserted c
onnectivities');
#8543=UNCERTAINTY_MEASURE_WITH_UNIT(LENGTH_MEASURE(0.01),#8546,
'DISTANCE_ACCURACY_VALUE',
'Maximum model space distance between geometric entities at asserted c
onnectivities');
#8544=(
GEOMETRIC_REPRESENTATION_CONTEXT(3)
GLOBAL_UNCERTAINTY_ASSIGNED_CONTEXT((#8542))
GLOBAL_UNIT_ASSIGNED_CONTEXT((#8546,#8548,#8549))
REPRESENTATION_CONTEXT('','3D')
);
#8545=(
GEOMETRIC_REPRESENTATION_CONTEXT(3)
GLOBAL_UNCERTAINTY_ASSIGNED_CONTEXT((#8543))
GLOBAL_UNIT_ASSIGNED_CONTEXT((#8546,#8548,#8549))
REPRESENTATION_CONTEXT('','3D')
);
#8546=(
LENGTH_UNIT()
NAMED_UNIT(*)
SI_UNIT(.MILLI.,.METRE.)
);
#8547=(
LENGTH_UNIT()
NAMED_UNIT(*)
SI_UNIT($,.METRE.)
);
#8548=(
NAMED_UNIT(*)
PLANE_ANGLE_UNIT()
SI_UNIT($,.RADIAN.)
);
#8549=(
NAMED_UNIT(*)
SI_UNIT($,.STERADIAN.)
SOLID_ANGLE_UNIT()
);
#8550=SHAPE_DEFINITION_REPRESENTATION(#8551,#8552);
#8551=PRODUCT_DEFINITION_SHAPE('',$,#8554);
#8552=SHAPE_REPRESENTATION('',(#5231),#8544);
#8553=PRODUCT_DEFINITION_CONTEXT('part definition',#8558,'design');
#8554=PRODUCT_DEFINITION('base','base v31',#8555,#8553);
#8555=PRODUCT_DEFINITION_FORMATION('',$,#8560);
#8556=PRODUCT_RELATED_PRODUCT_CATEGORY('base v31','base v31',(#8560));
#8557=APPLICATION_PROTOCOL_DEFINITION('international standard',
'automotive_design',2009,#8558);
#8558=APPLICATION_CONTEXT(
'Core Data for Automotive Mechanical Design Process');
#8559=PRODUCT_CONTEXT('part definition',#8558,'mechanical');
#8560=PRODUCT('base','base v31',$,(#8559));
#8561=PRESENTATION_STYLE_ASSIGNMENT((#8562));
#8562=SURFACE_STYLE_USAGE(.BOTH.,#8563);
#8563=SURFACE_SIDE_STYLE('',(#8564));
#8564=SURFACE_STYLE_FILL_AREA(#8565);
#8565=FILL_AREA_STYLE('\X2\92FC\X0\ - \X2\30B530C630F3\X0\',(#8566));
#8566=FILL_AREA_STYLE_COLOUR('\X2\92FC\X0\ - \X2\30B530C630F3\X0\',#8567);
#8567=COLOUR_RGB('\X2\92FC\X0\ - \X2\30B530C630F3\X0\',0.627450980392157,
0.627450980392157,0.627450980392157);
ENDSEC;
END-ISO-10303-21;
