ISO-10303-21;
HEADER;
/* Generated by software containing ST-Developer
 * from STEP Tools, Inc. (www.steptools.com) 
 */

FILE_DESCRIPTION(
/* description */ (''),
/* implementation_level */ '2;1');

FILE_NAME(
/* name */ 'rp_lidar_a1_stand.step',
/* time_stamp */ '2026-02-01T19:36:58+09:00',
/* author */ (''),
/* organization */ (''),
/* preprocessor_version */ 'ST-DEVELOPER v20.1',
/* originating_system */ 'Autodesk Translation Framework v14.24.0.0',
/* authorisation */ '');

FILE_SCHEMA (('AUTOMOTIVE_DESIGN { 1 0 10303 214 3 1 1 }'));
ENDSEC;

DATA;
#10=MECHANICAL_DESIGN_GEOMETRIC_PRESENTATION_REPRESENTATION('',(#13),#6166);
#11=SHAPE_REPRESENTATION_RELATIONSHIP('SRR','None',#6173,#12);
#12=ADVANCED_BREP_SHAPE_REPRESENTATION('',(#14),#6165);
#13=STYLED_ITEM('',(#6182),#14);
#14=MANIFOLD_SOLID_BREP('\X2\30DC30C730A3\X0\1',#3658);
#15=ELLIPSE('',#3722,0.407836463283326,0.4);
#16=ELLIPSE('',#3723,0.407836463283327,0.4);
#17=ELLIPSE('',#3725,0.407836463283329,0.4);
#18=ELLIPSE('',#3727,0.407836463283329,0.4);
#19=ELLIPSE('',#3729,0.407836463283326,0.4);
#20=ELLIPSE('',#3731,0.407836463283328,0.4);
#21=ELLIPSE('',#3733,0.407836463283328,0.4);
#22=ELLIPSE('',#3735,0.407836463283326,0.4);
#23=ELLIPSE('',#3737,0.407836463283327,0.4);
#24=ELLIPSE('',#3739,0.407836463283328,0.4);
#25=ELLIPSE('',#3741,0.407836463283329,0.4);
#26=ELLIPSE('',#3743,0.407836463283327,0.4);
#27=ELLIPSE('',#3745,0.407836463283327,0.4);
#28=ELLIPSE('',#3747,0.407836463283325,0.4);
#29=ELLIPSE('',#3749,0.407836463283332,0.4);
#30=ELLIPSE('',#3751,0.407836463283326,0.4);
#31=ELLIPSE('',#3764,0.407836463283329,0.4);
#32=ELLIPSE('',#3765,0.407836463283326,0.4);
#33=ELLIPSE('',#3767,0.40783646328333,0.4);
#34=ELLIPSE('',#3768,0.40783646328333,0.4);
#35=ELLIPSE('',#3770,0.407836463283328,0.4);
#36=ELLIPSE('',#3772,0.407836463283329,0.4);
#37=ELLIPSE('',#3774,0.407836463283326,0.4);
#38=ELLIPSE('',#3776,0.407836463283325,0.4);
#39=ELLIPSE('',#3778,0.40783646328333,0.4);
#40=ELLIPSE('',#3780,0.407836463283327,0.4);
#41=ELLIPSE('',#3782,0.407836463283328,0.4);
#42=ELLIPSE('',#3784,0.407836463283324,0.4);
#43=ELLIPSE('',#3786,0.407836463283335,0.4);
#44=ELLIPSE('',#3788,0.407836463283327,0.4);
#45=ELLIPSE('',#3790,0.407836463283327,0.4);
#46=ELLIPSE('',#3793,0.407836463283327,0.4);
#47=ELLIPSE('',#3804,0.407836463283325,0.4);
#48=ELLIPSE('',#3805,0.407836463283327,0.4);
#49=ELLIPSE('',#3807,0.40783646328333,0.4);
#50=ELLIPSE('',#3809,0.407836463283326,0.4);
#51=ELLIPSE('',#3811,0.407836463283329,0.4);
#52=ELLIPSE('',#3813,0.407836463283326,0.4);
#53=ELLIPSE('',#3815,0.407836463283331,0.4);
#54=ELLIPSE('',#3817,0.407836463283323,0.4);
#55=ELLIPSE('',#3819,0.407836463283327,0.4);
#56=ELLIPSE('',#3821,0.407836463283325,0.4);
#57=ELLIPSE('',#3823,0.407836463283333,0.4);
#58=ELLIPSE('',#3825,0.407836463283326,0.4);
#59=ELLIPSE('',#3827,0.407836463283327,0.4);
#60=ELLIPSE('',#3829,0.407836463283328,0.4);
#61=ELLIPSE('',#3831,0.407836463283328,0.4);
#62=ELLIPSE('',#3833,0.407836463283326,0.4);
#63=ELLIPSE('',#3844,0.407836463283326,0.4);
#64=ELLIPSE('',#3845,0.40783646328333,0.4);
#65=ELLIPSE('',#3847,0.407836463283327,0.4);
#66=ELLIPSE('',#3849,0.407836463283325,0.4);
#67=ELLIPSE('',#3851,0.40783646328333,0.4);
#68=ELLIPSE('',#3853,0.407836463283326,0.4);
#69=ELLIPSE('',#3855,0.407836463283328,0.4);
#70=ELLIPSE('',#3857,0.407836463283329,0.4);
#71=ELLIPSE('',#3858,0.407836463283327,0.4);
#72=ELLIPSE('',#3861,0.407836463283331,0.4);
#73=ELLIPSE('',#3863,0.407836463283325,0.4);
#74=ELLIPSE('',#3865,0.407836463283326,0.4);
#75=ELLIPSE('',#3867,0.407836463283329,0.4);
#76=ELLIPSE('',#3869,0.407836463283327,0.4);
#77=ELLIPSE('',#3871,0.407836463283328,0.4);
#78=ELLIPSE('',#3873,0.407836463283326,0.4);
#79=FACE_BOUND('',#1359,.T.);
#80=FACE_BOUND('',#1361,.T.);
#81=FACE_BOUND('',#1364,.T.);
#82=FACE_BOUND('',#1368,.T.);
#83=FACE_BOUND('',#1372,.T.);
#84=FACE_BOUND('',#1399,.T.);
#85=FACE_BOUND('',#1400,.T.);
#86=FACE_BOUND('',#1401,.T.);
#87=FACE_BOUND('',#1402,.T.);
#88=FACE_BOUND('',#1403,.T.);
#89=PLANE('',#3703);
#90=PLANE('',#3704);
#91=PLANE('',#3709);
#92=PLANE('',#3710);
#93=PLANE('',#3714);
#94=PLANE('',#3715);
#95=PLANE('',#3719);
#96=PLANE('',#3720);
#97=PLANE('',#3753);
#98=PLANE('',#3754);
#99=PLANE('',#3755);
#100=PLANE('',#3756);
#101=PLANE('',#3757);
#102=PLANE('',#3758);
#103=PLANE('',#3759);
#104=PLANE('',#3760);
#105=PLANE('',#3761);
#106=PLANE('',#3795);
#107=PLANE('',#3796);
#108=PLANE('',#3797);
#109=PLANE('',#3798);
#110=PLANE('',#3799);
#111=PLANE('',#3800);
#112=PLANE('',#3801);
#113=PLANE('',#3802);
#114=PLANE('',#3835);
#115=PLANE('',#3836);
#116=PLANE('',#3837);
#117=PLANE('',#3838);
#118=PLANE('',#3839);
#119=PLANE('',#3840);
#120=PLANE('',#3841);
#121=PLANE('',#3842);
#122=PLANE('',#3875);
#123=PLANE('',#3876);
#124=PLANE('',#3877);
#125=PLANE('',#3878);
#126=PLANE('',#3879);
#127=PLANE('',#3880);
#128=PLANE('',#3881);
#129=PLANE('',#3882);
#130=PLANE('',#3883);
#131=PLANE('',#3884);
#132=PLANE('',#3885);
#133=PLANE('',#3886);
#134=PLANE('',#3887);
#135=PLANE('',#3888);
#136=PLANE('',#3889);
#137=PLANE('',#3890);
#138=PLANE('',#3891);
#139=PLANE('',#3892);
#140=PLANE('',#3893);
#141=PLANE('',#3894);
#142=PLANE('',#3895);
#143=PLANE('',#3896);
#144=PLANE('',#3897);
#145=PLANE('',#3898);
#146=PLANE('',#3899);
#147=PLANE('',#3900);
#148=PLANE('',#3901);
#149=PLANE('',#3902);
#150=PLANE('',#3903);
#151=PLANE('',#3904);
#152=PLANE('',#3905);
#153=PLANE('',#3906);
#154=PLANE('',#3907);
#155=PLANE('',#3908);
#156=PLANE('',#3909);
#157=PLANE('',#3910);
#158=PLANE('',#3911);
#159=PLANE('',#3912);
#160=PLANE('',#3913);
#161=PLANE('',#3914);
#162=PLANE('',#3915);
#163=PLANE('',#3916);
#164=PLANE('',#3917);
#165=PLANE('',#3918);
#166=PLANE('',#3919);
#167=PLANE('',#3920);
#168=PLANE('',#3921);
#169=PLANE('',#3922);
#170=PLANE('',#3923);
#171=PLANE('',#3924);
#172=PLANE('',#3925);
#173=PLANE('',#3926);
#174=PLANE('',#3927);
#175=PLANE('',#3928);
#176=PLANE('',#3929);
#177=PLANE('',#3930);
#178=PLANE('',#3931);
#179=PLANE('',#3932);
#180=PLANE('',#3933);
#181=PLANE('',#3934);
#182=PLANE('',#3935);
#183=PLANE('',#3936);
#184=PLANE('',#3937);
#185=PLANE('',#3938);
#186=PLANE('',#3939);
#187=PLANE('',#3940);
#188=PLANE('',#3941);
#189=PLANE('',#3942);
#190=PLANE('',#3943);
#191=PLANE('',#3944);
#192=PLANE('',#3945);
#193=PLANE('',#3946);
#194=PLANE('',#3947);
#195=PLANE('',#3948);
#196=PLANE('',#3949);
#197=PLANE('',#3950);
#198=PLANE('',#3951);
#199=PLANE('',#3952);
#200=PLANE('',#3953);
#201=PLANE('',#3954);
#202=PLANE('',#3955);
#203=PLANE('',#3956);
#204=PLANE('',#3957);
#205=PLANE('',#3958);
#206=PLANE('',#3959);
#207=PLANE('',#3960);
#208=PLANE('',#3961);
#209=PLANE('',#3962);
#210=PLANE('',#3963);
#211=PLANE('',#3964);
#212=PLANE('',#3965);
#213=PLANE('',#3966);
#214=PLANE('',#3967);
#215=PLANE('',#3968);
#216=PLANE('',#3969);
#217=PLANE('',#3970);
#218=PLANE('',#3971);
#219=PLANE('',#3972);
#220=PLANE('',#3973);
#221=PLANE('',#3974);
#222=PLANE('',#3975);
#223=PLANE('',#3976);
#224=PLANE('',#3977);
#225=PLANE('',#3978);
#226=PLANE('',#3979);
#227=PLANE('',#3980);
#228=PLANE('',#3981);
#229=PLANE('',#3982);
#230=PLANE('',#3984);
#231=PLANE('',#3985);
#232=PLANE('',#3986);
#233=PLANE('',#3987);
#234=PLANE('',#3988);
#235=LINE('',#5077,#644);
#236=LINE('',#5120,#645);
#237=LINE('',#5151,#646);
#238=LINE('',#5194,#647);
#239=LINE('',#5199,#648);
#240=LINE('',#5203,#649);
#241=LINE('',#5205,#650);
#242=LINE('',#5207,#651);
#243=LINE('',#5208,#652);
#244=LINE('',#5209,#653);
#245=LINE('',#5211,#654);
#246=LINE('',#5213,#655);
#247=LINE('',#5214,#656);
#248=LINE('',#5221,#657);
#249=LINE('',#5229,#658);
#250=LINE('',#5237,#659);
#251=LINE('',#5244,#660);
#252=LINE('',#5248,#661);
#253=LINE('',#5252,#662);
#254=LINE('',#5255,#663);
#255=LINE('',#5258,#664);
#256=LINE('',#5261,#665);
#257=LINE('',#5264,#666);
#258=LINE('',#5267,#667);
#259=LINE('',#5270,#668);
#260=LINE('',#5273,#669);
#261=LINE('',#5276,#670);
#262=LINE('',#5279,#671);
#263=LINE('',#5282,#672);
#264=LINE('',#5285,#673);
#265=LINE('',#5288,#674);
#266=LINE('',#5290,#675);
#267=LINE('',#5294,#676);
#268=LINE('',#5296,#677);
#269=LINE('',#5300,#678);
#270=LINE('',#5302,#679);
#271=LINE('',#5306,#680);
#272=LINE('',#5308,#681);
#273=LINE('',#5312,#682);
#274=LINE('',#5314,#683);
#275=LINE('',#5318,#684);
#276=LINE('',#5320,#685);
#277=LINE('',#5324,#686);
#278=LINE('',#5326,#687);
#279=LINE('',#5330,#688);
#280=LINE('',#5332,#689);
#281=LINE('',#5335,#690);
#282=LINE('',#5336,#691);
#283=LINE('',#5339,#692);
#284=LINE('',#5341,#693);
#285=LINE('',#5342,#694);
#286=LINE('',#5345,#695);
#287=LINE('',#5346,#696);
#288=LINE('',#5349,#697);
#289=LINE('',#5350,#698);
#290=LINE('',#5353,#699);
#291=LINE('',#5354,#700);
#292=LINE('',#5357,#701);
#293=LINE('',#5358,#702);
#294=LINE('',#5361,#703);
#295=LINE('',#5362,#704);
#296=LINE('',#5365,#705);
#297=LINE('',#5366,#706);
#298=LINE('',#5369,#707);
#299=LINE('',#5370,#708);
#300=LINE('',#5374,#709);
#301=LINE('',#5376,#710);
#302=LINE('',#5378,#711);
#303=LINE('',#5379,#712);
#304=LINE('',#5382,#713);
#305=LINE('',#5384,#714);
#306=LINE('',#5386,#715);
#307=LINE('',#5388,#716);
#308=LINE('',#5390,#717);
#309=LINE('',#5392,#718);
#310=LINE('',#5394,#719);
#311=LINE('',#5396,#720);
#312=LINE('',#5398,#721);
#313=LINE('',#5400,#722);
#314=LINE('',#5402,#723);
#315=LINE('',#5404,#724);
#316=LINE('',#5406,#725);
#317=LINE('',#5408,#726);
#318=LINE('',#5410,#727);
#319=LINE('',#5411,#728);
#320=LINE('',#5414,#729);
#321=LINE('',#5416,#730);
#322=LINE('',#5418,#731);
#323=LINE('',#5420,#732);
#324=LINE('',#5422,#733);
#325=LINE('',#5424,#734);
#326=LINE('',#5426,#735);
#327=LINE('',#5428,#736);
#328=LINE('',#5430,#737);
#329=LINE('',#5432,#738);
#330=LINE('',#5434,#739);
#331=LINE('',#5436,#740);
#332=LINE('',#5438,#741);
#333=LINE('',#5440,#742);
#334=LINE('',#5442,#743);
#335=LINE('',#5443,#744);
#336=LINE('',#5448,#745);
#337=LINE('',#5450,#746);
#338=LINE('',#5452,#747);
#339=LINE('',#5454,#748);
#340=LINE('',#5456,#749);
#341=LINE('',#5458,#750);
#342=LINE('',#5460,#751);
#343=LINE('',#5462,#752);
#344=LINE('',#5464,#753);
#345=LINE('',#5466,#754);
#346=LINE('',#5468,#755);
#347=LINE('',#5470,#756);
#348=LINE('',#5472,#757);
#349=LINE('',#5474,#758);
#350=LINE('',#5476,#759);
#351=LINE('',#5477,#760);
#352=LINE('',#5481,#761);
#353=LINE('',#5488,#762);
#354=LINE('',#5492,#763);
#355=LINE('',#5496,#764);
#356=LINE('',#5500,#765);
#357=LINE('',#5504,#766);
#358=LINE('',#5508,#767);
#359=LINE('',#5512,#768);
#360=LINE('',#5516,#769);
#361=LINE('',#5520,#770);
#362=LINE('',#5524,#771);
#363=LINE('',#5528,#772);
#364=LINE('',#5532,#773);
#365=LINE('',#5535,#774);
#366=LINE('',#5538,#775);
#367=LINE('',#5541,#776);
#368=LINE('',#5544,#777);
#369=LINE('',#5546,#778);
#370=LINE('',#5547,#779);
#371=LINE('',#5550,#780);
#372=LINE('',#5551,#781);
#373=LINE('',#5554,#782);
#374=LINE('',#5555,#783);
#375=LINE('',#5558,#784);
#376=LINE('',#5559,#785);
#377=LINE('',#5562,#786);
#378=LINE('',#5563,#787);
#379=LINE('',#5566,#788);
#380=LINE('',#5567,#789);
#381=LINE('',#5570,#790);
#382=LINE('',#5571,#791);
#383=LINE('',#5574,#792);
#384=LINE('',#5575,#793);
#385=LINE('',#5579,#794);
#386=LINE('',#5584,#795);
#387=LINE('',#5588,#796);
#388=LINE('',#5592,#797);
#389=LINE('',#5596,#798);
#390=LINE('',#5600,#799);
#391=LINE('',#5604,#800);
#392=LINE('',#5608,#801);
#393=LINE('',#5612,#802);
#394=LINE('',#5616,#803);
#395=LINE('',#5620,#804);
#396=LINE('',#5624,#805);
#397=LINE('',#5628,#806);
#398=LINE('',#5632,#807);
#399=LINE('',#5636,#808);
#400=LINE('',#5639,#809);
#401=LINE('',#5642,#810);
#402=LINE('',#5644,#811);
#403=LINE('',#5645,#812);
#404=LINE('',#5648,#813);
#405=LINE('',#5649,#814);
#406=LINE('',#5652,#815);
#407=LINE('',#5653,#816);
#408=LINE('',#5656,#817);
#409=LINE('',#5657,#818);
#410=LINE('',#5660,#819);
#411=LINE('',#5661,#820);
#412=LINE('',#5664,#821);
#413=LINE('',#5665,#822);
#414=LINE('',#5668,#823);
#415=LINE('',#5669,#824);
#416=LINE('',#5672,#825);
#417=LINE('',#5673,#826);
#418=LINE('',#5677,#827);
#419=LINE('',#5682,#828);
#420=LINE('',#5686,#829);
#421=LINE('',#5690,#830);
#422=LINE('',#5694,#831);
#423=LINE('',#5698,#832);
#424=LINE('',#5704,#833);
#425=LINE('',#5707,#834);
#426=LINE('',#5710,#835);
#427=LINE('',#5714,#836);
#428=LINE('',#5718,#837);
#429=LINE('',#5722,#838);
#430=LINE('',#5726,#839);
#431=LINE('',#5730,#840);
#432=LINE('',#5734,#841);
#433=LINE('',#5737,#842);
#434=LINE('',#5740,#843);
#435=LINE('',#5742,#844);
#436=LINE('',#5743,#845);
#437=LINE('',#5746,#846);
#438=LINE('',#5747,#847);
#439=LINE('',#5750,#848);
#440=LINE('',#5751,#849);
#441=LINE('',#5754,#850);
#442=LINE('',#5755,#851);
#443=LINE('',#5758,#852);
#444=LINE('',#5759,#853);
#445=LINE('',#5762,#854);
#446=LINE('',#5763,#855);
#447=LINE('',#5766,#856);
#448=LINE('',#5767,#857);
#449=LINE('',#5770,#858);
#450=LINE('',#5771,#859);
#451=LINE('',#5775,#860);
#452=LINE('',#5776,#861);
#453=LINE('',#5777,#862);
#454=LINE('',#5780,#863);
#455=LINE('',#5782,#864);
#456=LINE('',#5783,#865);
#457=LINE('',#5786,#866);
#458=LINE('',#5788,#867);
#459=LINE('',#5789,#868);
#460=LINE('',#5792,#869);
#461=LINE('',#5794,#870);
#462=LINE('',#5795,#871);
#463=LINE('',#5798,#872);
#464=LINE('',#5800,#873);
#465=LINE('',#5801,#874);
#466=LINE('',#5804,#875);
#467=LINE('',#5806,#876);
#468=LINE('',#5807,#877);
#469=LINE('',#5810,#878);
#470=LINE('',#5812,#879);
#471=LINE('',#5813,#880);
#472=LINE('',#5816,#881);
#473=LINE('',#5818,#882);
#474=LINE('',#5819,#883);
#475=LINE('',#5822,#884);
#476=LINE('',#5823,#885);
#477=LINE('',#5824,#886);
#478=LINE('',#5827,#887);
#479=LINE('',#5828,#888);
#480=LINE('',#5831,#889);
#481=LINE('',#5832,#890);
#482=LINE('',#5835,#891);
#483=LINE('',#5836,#892);
#484=LINE('',#5839,#893);
#485=LINE('',#5840,#894);
#486=LINE('',#5843,#895);
#487=LINE('',#5844,#896);
#488=LINE('',#5847,#897);
#489=LINE('',#5848,#898);
#490=LINE('',#5850,#899);
#491=LINE('',#5855,#900);
#492=LINE('',#5856,#901);
#493=LINE('',#5857,#902);
#494=LINE('',#5860,#903);
#495=LINE('',#5862,#904);
#496=LINE('',#5863,#905);
#497=LINE('',#5866,#906);
#498=LINE('',#5868,#907);
#499=LINE('',#5869,#908);
#500=LINE('',#5872,#909);
#501=LINE('',#5874,#910);
#502=LINE('',#5875,#911);
#503=LINE('',#5878,#912);
#504=LINE('',#5880,#913);
#505=LINE('',#5881,#914);
#506=LINE('',#5884,#915);
#507=LINE('',#5886,#916);
#508=LINE('',#5887,#917);
#509=LINE('',#5890,#918);
#510=LINE('',#5892,#919);
#511=LINE('',#5893,#920);
#512=LINE('',#5896,#921);
#513=LINE('',#5898,#922);
#514=LINE('',#5899,#923);
#515=LINE('',#5902,#924);
#516=LINE('',#5903,#925);
#517=LINE('',#5904,#926);
#518=LINE('',#5907,#927);
#519=LINE('',#5908,#928);
#520=LINE('',#5911,#929);
#521=LINE('',#5912,#930);
#522=LINE('',#5915,#931);
#523=LINE('',#5916,#932);
#524=LINE('',#5919,#933);
#525=LINE('',#5920,#934);
#526=LINE('',#5923,#935);
#527=LINE('',#5924,#936);
#528=LINE('',#5927,#937);
#529=LINE('',#5928,#938);
#530=LINE('',#5930,#939);
#531=LINE('',#5935,#940);
#532=LINE('',#5936,#941);
#533=LINE('',#5937,#942);
#534=LINE('',#5940,#943);
#535=LINE('',#5942,#944);
#536=LINE('',#5943,#945);
#537=LINE('',#5946,#946);
#538=LINE('',#5948,#947);
#539=LINE('',#5949,#948);
#540=LINE('',#5952,#949);
#541=LINE('',#5954,#950);
#542=LINE('',#5955,#951);
#543=LINE('',#5958,#952);
#544=LINE('',#5960,#953);
#545=LINE('',#5961,#954);
#546=LINE('',#5964,#955);
#547=LINE('',#5966,#956);
#548=LINE('',#5967,#957);
#549=LINE('',#5970,#958);
#550=LINE('',#5972,#959);
#551=LINE('',#5973,#960);
#552=LINE('',#5976,#961);
#553=LINE('',#5978,#962);
#554=LINE('',#5979,#963);
#555=LINE('',#5982,#964);
#556=LINE('',#5983,#965);
#557=LINE('',#5984,#966);
#558=LINE('',#5987,#967);
#559=LINE('',#5988,#968);
#560=LINE('',#5991,#969);
#561=LINE('',#5992,#970);
#562=LINE('',#5995,#971);
#563=LINE('',#5996,#972);
#564=LINE('',#5999,#973);
#565=LINE('',#6000,#974);
#566=LINE('',#6003,#975);
#567=LINE('',#6004,#976);
#568=LINE('',#6007,#977);
#569=LINE('',#6008,#978);
#570=LINE('',#6010,#979);
#571=LINE('',#6015,#980);
#572=LINE('',#6016,#981);
#573=LINE('',#6017,#982);
#574=LINE('',#6020,#983);
#575=LINE('',#6022,#984);
#576=LINE('',#6023,#985);
#577=LINE('',#6026,#986);
#578=LINE('',#6028,#987);
#579=LINE('',#6029,#988);
#580=LINE('',#6032,#989);
#581=LINE('',#6034,#990);
#582=LINE('',#6035,#991);
#583=LINE('',#6038,#992);
#584=LINE('',#6040,#993);
#585=LINE('',#6041,#994);
#586=LINE('',#6044,#995);
#587=LINE('',#6046,#996);
#588=LINE('',#6047,#997);
#589=LINE('',#6050,#998);
#590=LINE('',#6052,#999);
#591=LINE('',#6053,#1000);
#592=LINE('',#6056,#1001);
#593=LINE('',#6058,#1002);
#594=LINE('',#6059,#1003);
#595=LINE('',#6062,#1004);
#596=LINE('',#6063,#1005);
#597=LINE('',#6064,#1006);
#598=LINE('',#6067,#1007);
#599=LINE('',#6068,#1008);
#600=LINE('',#6071,#1009);
#601=LINE('',#6072,#1010);
#602=LINE('',#6075,#1011);
#603=LINE('',#6076,#1012);
#604=LINE('',#6079,#1013);
#605=LINE('',#6080,#1014);
#606=LINE('',#6083,#1015);
#607=LINE('',#6084,#1016);
#608=LINE('',#6087,#1017);
#609=LINE('',#6088,#1018);
#610=LINE('',#6090,#1019);
#611=LINE('',#6093,#1020);
#612=LINE('',#6095,#1021);
#613=LINE('',#6097,#1022);
#614=LINE('',#6099,#1023);
#615=LINE('',#6101,#1024);
#616=LINE('',#6103,#1025);
#617=LINE('',#6105,#1026);
#618=LINE('',#6108,#1027);
#619=LINE('',#6110,#1028);
#620=LINE('',#6112,#1029);
#621=LINE('',#6114,#1030);
#622=LINE('',#6116,#1031);
#623=LINE('',#6118,#1032);
#624=LINE('',#6120,#1033);
#625=LINE('',#6123,#1034);
#626=LINE('',#6125,#1035);
#627=LINE('',#6127,#1036);
#628=LINE('',#6129,#1037);
#629=LINE('',#6131,#1038);
#630=LINE('',#6133,#1039);
#631=LINE('',#6135,#1040);
#632=LINE('',#6138,#1041);
#633=LINE('',#6140,#1042);
#634=LINE('',#6142,#1043);
#635=LINE('',#6144,#1044);
#636=LINE('',#6146,#1045);
#637=LINE('',#6148,#1046);
#638=LINE('',#6150,#1047);
#639=LINE('',#6153,#1048);
#640=LINE('',#6155,#1049);
#641=LINE('',#6156,#1050);
#642=LINE('',#6158,#1051);
#643=LINE('',#6160,#1052);
#644=VECTOR('',#4005,4.33012701892241);
#645=VECTOR('',#4020,4.33012701892334);
#646=VECTOR('',#4035,4.33012701892219);
#647=VECTOR('',#4050,4.33012701892218);
#648=VECTOR('',#4055,3.17542648054294);
#649=VECTOR('',#4062,10.);
#650=VECTOR('',#4063,10.);
#651=VECTOR('',#4064,10.);
#652=VECTOR('',#4065,10.);
#653=VECTOR('',#4066,10.);
#654=VECTOR('',#4067,10.);
#655=VECTOR('',#4068,10.);
#656=VECTOR('',#4069,10.);
#657=VECTOR('',#4076,3.17542648054294);
#658=VECTOR('',#4087,3.17542648054294);
#659=VECTOR('',#4098,3.17542648054294);
#660=VECTOR('',#4107,10.);
#661=VECTOR('',#4110,10.);
#662=VECTOR('',#4115,10.);
#663=VECTOR('',#4118,10.);
#664=VECTOR('',#4121,10.);
#665=VECTOR('',#4124,10.);
#666=VECTOR('',#4127,10.);
#667=VECTOR('',#4130,10.);
#668=VECTOR('',#4133,10.);
#669=VECTOR('',#4136,10.);
#670=VECTOR('',#4139,10.);
#671=VECTOR('',#4142,10.);
#672=VECTOR('',#4145,10.);
#673=VECTOR('',#4148,10.);
#674=VECTOR('',#4151,10.);
#675=VECTOR('',#4152,10.);
#676=VECTOR('',#4157,10.);
#677=VECTOR('',#4158,10.);
#678=VECTOR('',#4163,10.);
#679=VECTOR('',#4164,10.);
#680=VECTOR('',#4169,10.);
#681=VECTOR('',#4170,10.);
#682=VECTOR('',#4175,10.);
#683=VECTOR('',#4176,10.);
#684=VECTOR('',#4181,10.);
#685=VECTOR('',#4182,10.);
#686=VECTOR('',#4187,10.);
#687=VECTOR('',#4188,10.);
#688=VECTOR('',#4193,10.);
#689=VECTOR('',#4194,10.);
#690=VECTOR('',#4199,10.);
#691=VECTOR('',#4200,10.);
#692=VECTOR('',#4203,10.);
#693=VECTOR('',#4204,10.);
#694=VECTOR('',#4205,10.);
#695=VECTOR('',#4208,10.);
#696=VECTOR('',#4209,10.);
#697=VECTOR('',#4212,10.);
#698=VECTOR('',#4213,10.);
#699=VECTOR('',#4216,10.);
#700=VECTOR('',#4217,10.);
#701=VECTOR('',#4220,10.);
#702=VECTOR('',#4221,10.);
#703=VECTOR('',#4224,10.);
#704=VECTOR('',#4225,10.);
#705=VECTOR('',#4228,10.);
#706=VECTOR('',#4229,10.);
#707=VECTOR('',#4232,10.);
#708=VECTOR('',#4233,10.);
#709=VECTOR('',#4236,10.);
#710=VECTOR('',#4237,10.);
#711=VECTOR('',#4238,10.);
#712=VECTOR('',#4239,10.);
#713=VECTOR('',#4240,10.);
#714=VECTOR('',#4241,10.);
#715=VECTOR('',#4242,10.);
#716=VECTOR('',#4243,10.);
#717=VECTOR('',#4244,10.);
#718=VECTOR('',#4245,10.);
#719=VECTOR('',#4246,10.);
#720=VECTOR('',#4247,10.);
#721=VECTOR('',#4248,10.);
#722=VECTOR('',#4249,10.);
#723=VECTOR('',#4250,10.);
#724=VECTOR('',#4251,10.);
#725=VECTOR('',#4252,10.);
#726=VECTOR('',#4253,10.);
#727=VECTOR('',#4254,10.);
#728=VECTOR('',#4255,10.);
#729=VECTOR('',#4256,10.);
#730=VECTOR('',#4257,10.);
#731=VECTOR('',#4258,10.);
#732=VECTOR('',#4259,10.);
#733=VECTOR('',#4260,10.);
#734=VECTOR('',#4261,10.);
#735=VECTOR('',#4262,10.);
#736=VECTOR('',#4263,10.);
#737=VECTOR('',#4264,10.);
#738=VECTOR('',#4265,10.);
#739=VECTOR('',#4266,10.);
#740=VECTOR('',#4267,10.);
#741=VECTOR('',#4268,10.);
#742=VECTOR('',#4269,10.);
#743=VECTOR('',#4270,10.);
#744=VECTOR('',#4271,10.);
#745=VECTOR('',#4274,10.);
#746=VECTOR('',#4275,10.);
#747=VECTOR('',#4276,10.);
#748=VECTOR('',#4277,10.);
#749=VECTOR('',#4278,10.);
#750=VECTOR('',#4279,10.);
#751=VECTOR('',#4280,10.);
#752=VECTOR('',#4281,10.);
#753=VECTOR('',#4282,10.);
#754=VECTOR('',#4283,10.);
#755=VECTOR('',#4284,10.);
#756=VECTOR('',#4285,10.);
#757=VECTOR('',#4286,10.);
#758=VECTOR('',#4287,10.);
#759=VECTOR('',#4288,10.);
#760=VECTOR('',#4289,10.);
#761=VECTOR('',#4292,10.);
#762=VECTOR('',#4301,10.);
#763=VECTOR('',#4306,10.);
#764=VECTOR('',#4311,10.);
#765=VECTOR('',#4316,10.);
#766=VECTOR('',#4321,10.);
#767=VECTOR('',#4326,10.);
#768=VECTOR('',#4331,10.);
#769=VECTOR('',#4336,10.);
#770=VECTOR('',#4341,10.);
#771=VECTOR('',#4346,10.);
#772=VECTOR('',#4351,10.);
#773=VECTOR('',#4356,10.);
#774=VECTOR('',#4361,10.);
#775=VECTOR('',#4364,10.);
#776=VECTOR('',#4369,10.);
#777=VECTOR('',#4372,10.);
#778=VECTOR('',#4373,10.);
#779=VECTOR('',#4374,10.);
#780=VECTOR('',#4377,10.);
#781=VECTOR('',#4378,10.);
#782=VECTOR('',#4381,10.);
#783=VECTOR('',#4382,10.);
#784=VECTOR('',#4385,10.);
#785=VECTOR('',#4386,10.);
#786=VECTOR('',#4389,10.);
#787=VECTOR('',#4390,10.);
#788=VECTOR('',#4393,10.);
#789=VECTOR('',#4394,10.);
#790=VECTOR('',#4397,10.);
#791=VECTOR('',#4398,10.);
#792=VECTOR('',#4401,10.);
#793=VECTOR('',#4402,10.);
#794=VECTOR('',#4405,10.);
#795=VECTOR('',#4412,10.);
#796=VECTOR('',#4417,10.);
#797=VECTOR('',#4422,10.);
#798=VECTOR('',#4427,10.);
#799=VECTOR('',#4432,10.);
#800=VECTOR('',#4437,10.);
#801=VECTOR('',#4442,10.);
#802=VECTOR('',#4447,10.);
#803=VECTOR('',#4452,10.);
#804=VECTOR('',#4457,10.);
#805=VECTOR('',#4462,10.);
#806=VECTOR('',#4467,10.);
#807=VECTOR('',#4472,10.);
#808=VECTOR('',#4477,10.);
#809=VECTOR('',#4482,10.);
#810=VECTOR('',#4485,10.);
#811=VECTOR('',#4486,10.);
#812=VECTOR('',#4487,10.);
#813=VECTOR('',#4490,10.);
#814=VECTOR('',#4491,10.);
#815=VECTOR('',#4494,10.);
#816=VECTOR('',#4495,10.);
#817=VECTOR('',#4498,10.);
#818=VECTOR('',#4499,10.);
#819=VECTOR('',#4502,10.);
#820=VECTOR('',#4503,10.);
#821=VECTOR('',#4506,10.);
#822=VECTOR('',#4507,10.);
#823=VECTOR('',#4510,10.);
#824=VECTOR('',#4511,10.);
#825=VECTOR('',#4514,10.);
#826=VECTOR('',#4515,10.);
#827=VECTOR('',#4518,10.);
#828=VECTOR('',#4525,10.);
#829=VECTOR('',#4530,10.);
#830=VECTOR('',#4535,10.);
#831=VECTOR('',#4540,10.);
#832=VECTOR('',#4545,10.);
#833=VECTOR('',#4552,10.);
#834=VECTOR('',#4557,10.);
#835=VECTOR('',#4560,10.);
#836=VECTOR('',#4565,10.);
#837=VECTOR('',#4570,10.);
#838=VECTOR('',#4575,10.);
#839=VECTOR('',#4580,10.);
#840=VECTOR('',#4585,10.);
#841=VECTOR('',#4590,10.);
#842=VECTOR('',#4595,10.);
#843=VECTOR('',#4598,10.);
#844=VECTOR('',#4599,10.);
#845=VECTOR('',#4600,10.);
#846=VECTOR('',#4603,10.);
#847=VECTOR('',#4604,10.);
#848=VECTOR('',#4607,10.);
#849=VECTOR('',#4608,10.);
#850=VECTOR('',#4611,10.);
#851=VECTOR('',#4612,10.);
#852=VECTOR('',#4615,10.);
#853=VECTOR('',#4616,10.);
#854=VECTOR('',#4619,10.);
#855=VECTOR('',#4620,10.);
#856=VECTOR('',#4623,10.);
#857=VECTOR('',#4624,10.);
#858=VECTOR('',#4627,10.);
#859=VECTOR('',#4628,10.);
#860=VECTOR('',#4631,10.);
#861=VECTOR('',#4632,10.);
#862=VECTOR('',#4633,10.);
#863=VECTOR('',#4636,10.);
#864=VECTOR('',#4637,10.);
#865=VECTOR('',#4638,10.);
#866=VECTOR('',#4641,10.);
#867=VECTOR('',#4642,10.);
#868=VECTOR('',#4643,10.);
#869=VECTOR('',#4646,10.);
#870=VECTOR('',#4647,10.);
#871=VECTOR('',#4648,10.);
#872=VECTOR('',#4651,10.);
#873=VECTOR('',#4652,10.);
#874=VECTOR('',#4653,10.);
#875=VECTOR('',#4656,10.);
#876=VECTOR('',#4657,10.);
#877=VECTOR('',#4658,10.);
#878=VECTOR('',#4661,10.);
#879=VECTOR('',#4662,10.);
#880=VECTOR('',#4663,10.);
#881=VECTOR('',#4666,10.);
#882=VECTOR('',#4667,10.);
#883=VECTOR('',#4668,10.);
#884=VECTOR('',#4671,10.);
#885=VECTOR('',#4672,10.);
#886=VECTOR('',#4673,10.);
#887=VECTOR('',#4676,10.);
#888=VECTOR('',#4677,10.);
#889=VECTOR('',#4680,10.);
#890=VECTOR('',#4681,10.);
#891=VECTOR('',#4684,10.);
#892=VECTOR('',#4685,10.);
#893=VECTOR('',#4688,10.);
#894=VECTOR('',#4689,10.);
#895=VECTOR('',#4692,10.);
#896=VECTOR('',#4693,10.);
#897=VECTOR('',#4696,10.);
#898=VECTOR('',#4697,10.);
#899=VECTOR('',#4700,10.);
#900=VECTOR('',#4705,10.);
#901=VECTOR('',#4706,10.);
#902=VECTOR('',#4707,10.);
#903=VECTOR('',#4710,10.);
#904=VECTOR('',#4711,10.);
#905=VECTOR('',#4712,10.);
#906=VECTOR('',#4715,10.);
#907=VECTOR('',#4716,10.);
#908=VECTOR('',#4717,10.);
#909=VECTOR('',#4720,10.);
#910=VECTOR('',#4721,10.);
#911=VECTOR('',#4722,10.);
#912=VECTOR('',#4725,10.);
#913=VECTOR('',#4726,10.);
#914=VECTOR('',#4727,10.);
#915=VECTOR('',#4730,10.);
#916=VECTOR('',#4731,10.);
#917=VECTOR('',#4732,10.);
#918=VECTOR('',#4735,10.);
#919=VECTOR('',#4736,10.);
#920=VECTOR('',#4737,10.);
#921=VECTOR('',#4740,10.);
#922=VECTOR('',#4741,10.);
#923=VECTOR('',#4742,10.);
#924=VECTOR('',#4745,10.);
#925=VECTOR('',#4746,10.);
#926=VECTOR('',#4747,10.);
#927=VECTOR('',#4750,10.);
#928=VECTOR('',#4751,10.);
#929=VECTOR('',#4754,10.);
#930=VECTOR('',#4755,10.);
#931=VECTOR('',#4758,10.);
#932=VECTOR('',#4759,10.);
#933=VECTOR('',#4762,10.);
#934=VECTOR('',#4763,10.);
#935=VECTOR('',#4766,10.);
#936=VECTOR('',#4767,10.);
#937=VECTOR('',#4770,10.);
#938=VECTOR('',#4771,10.);
#939=VECTOR('',#4774,10.);
#940=VECTOR('',#4779,10.);
#941=VECTOR('',#4780,10.);
#942=VECTOR('',#4781,10.);
#943=VECTOR('',#4784,10.);
#944=VECTOR('',#4785,10.);
#945=VECTOR('',#4786,10.);
#946=VECTOR('',#4789,10.);
#947=VECTOR('',#4790,10.);
#948=VECTOR('',#4791,10.);
#949=VECTOR('',#4794,10.);
#950=VECTOR('',#4795,10.);
#951=VECTOR('',#4796,10.);
#952=VECTOR('',#4799,10.);
#953=VECTOR('',#4800,10.);
#954=VECTOR('',#4801,10.);
#955=VECTOR('',#4804,10.);
#956=VECTOR('',#4805,10.);
#957=VECTOR('',#4806,10.);
#958=VECTOR('',#4809,10.);
#959=VECTOR('',#4810,10.);
#960=VECTOR('',#4811,10.);
#961=VECTOR('',#4814,10.);
#962=VECTOR('',#4815,10.);
#963=VECTOR('',#4816,10.);
#964=VECTOR('',#4819,10.);
#965=VECTOR('',#4820,10.);
#966=VECTOR('',#4821,10.);
#967=VECTOR('',#4824,10.);
#968=VECTOR('',#4825,10.);
#969=VECTOR('',#4828,10.);
#970=VECTOR('',#4829,10.);
#971=VECTOR('',#4832,10.);
#972=VECTOR('',#4833,10.);
#973=VECTOR('',#4836,10.);
#974=VECTOR('',#4837,10.);
#975=VECTOR('',#4840,10.);
#976=VECTOR('',#4841,10.);
#977=VECTOR('',#4844,10.);
#978=VECTOR('',#4845,10.);
#979=VECTOR('',#4848,10.);
#980=VECTOR('',#4853,10.);
#981=VECTOR('',#4854,10.);
#982=VECTOR('',#4855,10.);
#983=VECTOR('',#4858,10.);
#984=VECTOR('',#4859,10.);
#985=VECTOR('',#4860,10.);
#986=VECTOR('',#4863,10.);
#987=VECTOR('',#4864,10.);
#988=VECTOR('',#4865,10.);
#989=VECTOR('',#4868,10.);
#990=VECTOR('',#4869,10.);
#991=VECTOR('',#4870,10.);
#992=VECTOR('',#4873,10.);
#993=VECTOR('',#4874,10.);
#994=VECTOR('',#4875,10.);
#995=VECTOR('',#4878,10.);
#996=VECTOR('',#4879,10.);
#997=VECTOR('',#4880,10.);
#998=VECTOR('',#4883,10.);
#999=VECTOR('',#4884,10.);
#1000=VECTOR('',#4885,10.);
#1001=VECTOR('',#4888,10.);
#1002=VECTOR('',#4889,10.);
#1003=VECTOR('',#4890,10.);
#1004=VECTOR('',#4893,10.);
#1005=VECTOR('',#4894,10.);
#1006=VECTOR('',#4895,10.);
#1007=VECTOR('',#4898,10.);
#1008=VECTOR('',#4899,10.);
#1009=VECTOR('',#4902,10.);
#1010=VECTOR('',#4903,10.);
#1011=VECTOR('',#4906,10.);
#1012=VECTOR('',#4907,10.);
#1013=VECTOR('',#4910,10.);
#1014=VECTOR('',#4911,10.);
#1015=VECTOR('',#4914,10.);
#1016=VECTOR('',#4915,10.);
#1017=VECTOR('',#4918,10.);
#1018=VECTOR('',#4919,10.);
#1019=VECTOR('',#4922,10.);
#1020=VECTOR('',#4927,10.);
#1021=VECTOR('',#4930,10.);
#1022=VECTOR('',#4933,10.);
#1023=VECTOR('',#4936,10.);
#1024=VECTOR('',#4939,10.);
#1025=VECTOR('',#4942,10.);
#1026=VECTOR('',#4945,10.);
#1027=VECTOR('',#4950,10.);
#1028=VECTOR('',#4953,10.);
#1029=VECTOR('',#4956,10.);
#1030=VECTOR('',#4959,10.);
#1031=VECTOR('',#4962,10.);
#1032=VECTOR('',#4965,10.);
#1033=VECTOR('',#4968,10.);
#1034=VECTOR('',#4973,10.);
#1035=VECTOR('',#4976,10.);
#1036=VECTOR('',#4979,10.);
#1037=VECTOR('',#4982,10.);
#1038=VECTOR('',#4985,10.);
#1039=VECTOR('',#4988,10.);
#1040=VECTOR('',#4991,10.);
#1041=VECTOR('',#4996,10.);
#1042=VECTOR('',#4999,10.);
#1043=VECTOR('',#5002,10.);
#1044=VECTOR('',#5005,10.);
#1045=VECTOR('',#5008,10.);
#1046=VECTOR('',#5011,10.);
#1047=VECTOR('',#5014,10.);
#1048=VECTOR('',#5019,10.);
#1049=VECTOR('',#5022,10.);
#1050=VECTOR('',#5023,10.);
#1051=VECTOR('',#5026,10.);
#1052=VECTOR('',#5029,10.);
#1053=CYLINDRICAL_SURFACE('',#3677,4.33012701892241);
#1054=CYLINDRICAL_SURFACE('',#3684,4.33012701892334);
#1055=CYLINDRICAL_SURFACE('',#3691,4.33012701892219);
#1056=CYLINDRICAL_SURFACE('',#3698,4.33012701892218);
#1057=CYLINDRICAL_SURFACE('',#3700,3.17542648054294);
#1058=CYLINDRICAL_SURFACE('',#3706,3.17542648054294);
#1059=CYLINDRICAL_SURFACE('',#3711,3.17542648054294);
#1060=CYLINDRICAL_SURFACE('',#3716,3.17542648054294);
#1061=CYLINDRICAL_SURFACE('',#3721,0.4);
#1062=CYLINDRICAL_SURFACE('',#3724,0.4);
#1063=CYLINDRICAL_SURFACE('',#3726,0.4);
#1064=CYLINDRICAL_SURFACE('',#3728,0.4);
#1065=CYLINDRICAL_SURFACE('',#3730,0.4);
#1066=CYLINDRICAL_SURFACE('',#3732,0.4);
#1067=CYLINDRICAL_SURFACE('',#3734,0.4);
#1068=CYLINDRICAL_SURFACE('',#3736,0.4);
#1069=CYLINDRICAL_SURFACE('',#3738,0.4);
#1070=CYLINDRICAL_SURFACE('',#3740,0.4);
#1071=CYLINDRICAL_SURFACE('',#3742,0.4);
#1072=CYLINDRICAL_SURFACE('',#3744,0.4);
#1073=CYLINDRICAL_SURFACE('',#3746,0.4);
#1074=CYLINDRICAL_SURFACE('',#3748,0.4);
#1075=CYLINDRICAL_SURFACE('',#3750,0.4);
#1076=CYLINDRICAL_SURFACE('',#3752,0.4);
#1077=CYLINDRICAL_SURFACE('',#3763,0.4);
#1078=CYLINDRICAL_SURFACE('',#3766,0.4);
#1079=CYLINDRICAL_SURFACE('',#3769,0.4);
#1080=CYLINDRICAL_SURFACE('',#3771,0.4);
#1081=CYLINDRICAL_SURFACE('',#3773,0.4);
#1082=CYLINDRICAL_SURFACE('',#3775,0.4);
#1083=CYLINDRICAL_SURFACE('',#3777,0.4);
#1084=CYLINDRICAL_SURFACE('',#3779,0.4);
#1085=CYLINDRICAL_SURFACE('',#3781,0.4);
#1086=CYLINDRICAL_SURFACE('',#3783,0.4);
#1087=CYLINDRICAL_SURFACE('',#3785,0.4);
#1088=CYLINDRICAL_SURFACE('',#3787,0.4);
#1089=CYLINDRICAL_SURFACE('',#3789,0.4);
#1090=CYLINDRICAL_SURFACE('',#3791,0.4);
#1091=CYLINDRICAL_SURFACE('',#3792,0.4);
#1092=CYLINDRICAL_SURFACE('',#3794,0.4);
#1093=CYLINDRICAL_SURFACE('',#3803,0.4);
#1094=CYLINDRICAL_SURFACE('',#3806,0.4);
#1095=CYLINDRICAL_SURFACE('',#3808,0.4);
#1096=CYLINDRICAL_SURFACE('',#3810,0.4);
#1097=CYLINDRICAL_SURFACE('',#3812,0.4);
#1098=CYLINDRICAL_SURFACE('',#3814,0.4);
#1099=CYLINDRICAL_SURFACE('',#3816,0.4);
#1100=CYLINDRICAL_SURFACE('',#3818,0.4);
#1101=CYLINDRICAL_SURFACE('',#3820,0.4);
#1102=CYLINDRICAL_SURFACE('',#3822,0.4);
#1103=CYLINDRICAL_SURFACE('',#3824,0.4);
#1104=CYLINDRICAL_SURFACE('',#3826,0.4);
#1105=CYLINDRICAL_SURFACE('',#3828,0.4);
#1106=CYLINDRICAL_SURFACE('',#3830,0.4);
#1107=CYLINDRICAL_SURFACE('',#3832,0.4);
#1108=CYLINDRICAL_SURFACE('',#3834,0.4);
#1109=CYLINDRICAL_SURFACE('',#3843,0.4);
#1110=CYLINDRICAL_SURFACE('',#3846,0.4);
#1111=CYLINDRICAL_SURFACE('',#3848,0.4);
#1112=CYLINDRICAL_SURFACE('',#3850,0.4);
#1113=CYLINDRICAL_SURFACE('',#3852,0.4);
#1114=CYLINDRICAL_SURFACE('',#3854,0.4);
#1115=CYLINDRICAL_SURFACE('',#3856,0.4);
#1116=CYLINDRICAL_SURFACE('',#3859,0.4);
#1117=CYLINDRICAL_SURFACE('',#3860,0.4);
#1118=CYLINDRICAL_SURFACE('',#3862,0.4);
#1119=CYLINDRICAL_SURFACE('',#3864,0.4);
#1120=CYLINDRICAL_SURFACE('',#3866,0.4);
#1121=CYLINDRICAL_SURFACE('',#3868,0.4);
#1122=CYLINDRICAL_SURFACE('',#3870,0.4);
#1123=CYLINDRICAL_SURFACE('',#3872,0.4);
#1124=CYLINDRICAL_SURFACE('',#3874,0.4);
#1125=CYLINDRICAL_SURFACE('',#3983,10.);
#1126=FACE_OUTER_BOUND('',#1349,.T.);
#1127=FACE_OUTER_BOUND('',#1350,.T.);
#1128=FACE_OUTER_BOUND('',#1351,.T.);
#1129=FACE_OUTER_BOUND('',#1352,.T.);
#1130=FACE_OUTER_BOUND('',#1353,.T.);
#1131=FACE_OUTER_BOUND('',#1354,.T.);
#1132=FACE_OUTER_BOUND('',#1355,.T.);
#1133=FACE_OUTER_BOUND('',#1356,.T.);
#1134=FACE_OUTER_BOUND('',#1357,.T.);
#1135=FACE_OUTER_BOUND('',#1358,.T.);
#1136=FACE_OUTER_BOUND('',#1360,.T.);
#1137=FACE_OUTER_BOUND('',#1362,.T.);
#1138=FACE_OUTER_BOUND('',#1363,.T.);
#1139=FACE_OUTER_BOUND('',#1365,.T.);
#1140=FACE_OUTER_BOUND('',#1366,.T.);
#1141=FACE_OUTER_BOUND('',#1367,.T.);
#1142=FACE_OUTER_BOUND('',#1369,.T.);
#1143=FACE_OUTER_BOUND('',#1370,.T.);
#1144=FACE_OUTER_BOUND('',#1371,.T.);
#1145=FACE_OUTER_BOUND('',#1373,.T.);
#1146=FACE_OUTER_BOUND('',#1374,.T.);
#1147=FACE_OUTER_BOUND('',#1375,.T.);
#1148=FACE_OUTER_BOUND('',#1376,.T.);
#1149=FACE_OUTER_BOUND('',#1377,.T.);
#1150=FACE_OUTER_BOUND('',#1378,.T.);
#1151=FACE_OUTER_BOUND('',#1379,.T.);
#1152=FACE_OUTER_BOUND('',#1380,.T.);
#1153=FACE_OUTER_BOUND('',#1381,.T.);
#1154=FACE_OUTER_BOUND('',#1382,.T.);
#1155=FACE_OUTER_BOUND('',#1383,.T.);
#1156=FACE_OUTER_BOUND('',#1384,.T.);
#1157=FACE_OUTER_BOUND('',#1385,.T.);
#1158=FACE_OUTER_BOUND('',#1386,.T.);
#1159=FACE_OUTER_BOUND('',#1387,.T.);
#1160=FACE_OUTER_BOUND('',#1388,.T.);
#1161=FACE_OUTER_BOUND('',#1389,.T.);
#1162=FACE_OUTER_BOUND('',#1390,.T.);
#1163=FACE_OUTER_BOUND('',#1391,.T.);
#1164=FACE_OUTER_BOUND('',#1392,.T.);
#1165=FACE_OUTER_BOUND('',#1393,.T.);
#1166=FACE_OUTER_BOUND('',#1394,.T.);
#1167=FACE_OUTER_BOUND('',#1395,.T.);
#1168=FACE_OUTER_BOUND('',#1396,.T.);
#1169=FACE_OUTER_BOUND('',#1397,.T.);
#1170=FACE_OUTER_BOUND('',#1398,.T.);
#1171=FACE_OUTER_BOUND('',#1404,.T.);
#1172=FACE_OUTER_BOUND('',#1405,.T.);
#1173=FACE_OUTER_BOUND('',#1406,.T.);
#1174=FACE_OUTER_BOUND('',#1407,.T.);
#1175=FACE_OUTER_BOUND('',#1408,.T.);
#1176=FACE_OUTER_BOUND('',#1409,.T.);
#1177=FACE_OUTER_BOUND('',#1410,.T.);
#1178=FACE_OUTER_BOUND('',#1411,.T.);
#1179=FACE_OUTER_BOUND('',#1412,.T.);
#1180=FACE_OUTER_BOUND('',#1413,.T.);
#1181=FACE_OUTER_BOUND('',#1414,.T.);
#1182=FACE_OUTER_BOUND('',#1415,.T.);
#1183=FACE_OUTER_BOUND('',#1416,.T.);
#1184=FACE_OUTER_BOUND('',#1417,.T.);
#1185=FACE_OUTER_BOUND('',#1418,.T.);
#1186=FACE_OUTER_BOUND('',#1419,.T.);
#1187=FACE_OUTER_BOUND('',#1420,.T.);
#1188=FACE_OUTER_BOUND('',#1421,.T.);
#1189=FACE_OUTER_BOUND('',#1422,.T.);
#1190=FACE_OUTER_BOUND('',#1423,.T.);
#1191=FACE_OUTER_BOUND('',#1424,.T.);
#1192=FACE_OUTER_BOUND('',#1425,.T.);
#1193=FACE_OUTER_BOUND('',#1426,.T.);
#1194=FACE_OUTER_BOUND('',#1427,.T.);
#1195=FACE_OUTER_BOUND('',#1428,.T.);
#1196=FACE_OUTER_BOUND('',#1429,.T.);
#1197=FACE_OUTER_BOUND('',#1430,.T.);
#1198=FACE_OUTER_BOUND('',#1431,.T.);
#1199=FACE_OUTER_BOUND('',#1432,.T.);
#1200=FACE_OUTER_BOUND('',#1433,.T.);
#1201=FACE_OUTER_BOUND('',#1434,.T.);
#1202=FACE_OUTER_BOUND('',#1435,.T.);
#1203=FACE_OUTER_BOUND('',#1436,.T.);
#1204=FACE_OUTER_BOUND('',#1437,.T.);
#1205=FACE_OUTER_BOUND('',#1438,.T.);
#1206=FACE_OUTER_BOUND('',#1439,.T.);
#1207=FACE_OUTER_BOUND('',#1440,.T.);
#1208=FACE_OUTER_BOUND('',#1441,.T.);
#1209=FACE_OUTER_BOUND('',#1442,.T.);
#1210=FACE_OUTER_BOUND('',#1443,.T.);
#1211=FACE_OUTER_BOUND('',#1444,.T.);
#1212=FACE_OUTER_BOUND('',#1445,.T.);
#1213=FACE_OUTER_BOUND('',#1446,.T.);
#1214=FACE_OUTER_BOUND('',#1447,.T.);
#1215=FACE_OUTER_BOUND('',#1448,.T.);
#1216=FACE_OUTER_BOUND('',#1449,.T.);
#1217=FACE_OUTER_BOUND('',#1450,.T.);
#1218=FACE_OUTER_BOUND('',#1451,.T.);
#1219=FACE_OUTER_BOUND('',#1452,.T.);
#1220=FACE_OUTER_BOUND('',#1453,.T.);
#1221=FACE_OUTER_BOUND('',#1454,.T.);
#1222=FACE_OUTER_BOUND('',#1455,.T.);
#1223=FACE_OUTER_BOUND('',#1456,.T.);
#1224=FACE_OUTER_BOUND('',#1457,.T.);
#1225=FACE_OUTER_BOUND('',#1458,.T.);
#1226=FACE_OUTER_BOUND('',#1459,.T.);
#1227=FACE_OUTER_BOUND('',#1460,.T.);
#1228=FACE_OUTER_BOUND('',#1461,.T.);
#1229=FACE_OUTER_BOUND('',#1462,.T.);
#1230=FACE_OUTER_BOUND('',#1463,.T.);
#1231=FACE_OUTER_BOUND('',#1464,.T.);
#1232=FACE_OUTER_BOUND('',#1465,.T.);
#1233=FACE_OUTER_BOUND('',#1466,.T.);
#1234=FACE_OUTER_BOUND('',#1467,.T.);
#1235=FACE_OUTER_BOUND('',#1468,.T.);
#1236=FACE_OUTER_BOUND('',#1469,.T.);
#1237=FACE_OUTER_BOUND('',#1470,.T.);
#1238=FACE_OUTER_BOUND('',#1471,.T.);
#1239=FACE_OUTER_BOUND('',#1472,.T.);
#1240=FACE_OUTER_BOUND('',#1473,.T.);
#1241=FACE_OUTER_BOUND('',#1474,.T.);
#1242=FACE_OUTER_BOUND('',#1475,.T.);
#1243=FACE_OUTER_BOUND('',#1476,.T.);
#1244=FACE_OUTER_BOUND('',#1477,.T.);
#1245=FACE_OUTER_BOUND('',#1478,.T.);
#1246=FACE_OUTER_BOUND('',#1479,.T.);
#1247=FACE_OUTER_BOUND('',#1480,.T.);
#1248=FACE_OUTER_BOUND('',#1481,.T.);
#1249=FACE_OUTER_BOUND('',#1482,.T.);
#1250=FACE_OUTER_BOUND('',#1483,.T.);
#1251=FACE_OUTER_BOUND('',#1484,.T.);
#1252=FACE_OUTER_BOUND('',#1485,.T.);
#1253=FACE_OUTER_BOUND('',#1486,.T.);
#1254=FACE_OUTER_BOUND('',#1487,.T.);
#1255=FACE_OUTER_BOUND('',#1488,.T.);
#1256=FACE_OUTER_BOUND('',#1489,.T.);
#1257=FACE_OUTER_BOUND('',#1490,.T.);
#1258=FACE_OUTER_BOUND('',#1491,.T.);
#1259=FACE_OUTER_BOUND('',#1492,.T.);
#1260=FACE_OUTER_BOUND('',#1493,.T.);
#1261=FACE_OUTER_BOUND('',#1494,.T.);
#1262=FACE_OUTER_BOUND('',#1495,.T.);
#1263=FACE_OUTER_BOUND('',#1496,.T.);
#1264=FACE_OUTER_BOUND('',#1497,.T.);
#1265=FACE_OUTER_BOUND('',#1498,.T.);
#1266=FACE_OUTER_BOUND('',#1499,.T.);
#1267=FACE_OUTER_BOUND('',#1500,.T.);
#1268=FACE_OUTER_BOUND('',#1501,.T.);
#1269=FACE_OUTER_BOUND('',#1502,.T.);
#1270=FACE_OUTER_BOUND('',#1503,.T.);
#1271=FACE_OUTER_BOUND('',#1504,.T.);
#1272=FACE_OUTER_BOUND('',#1505,.T.);
#1273=FACE_OUTER_BOUND('',#1506,.T.);
#1274=FACE_OUTER_BOUND('',#1507,.T.);
#1275=FACE_OUTER_BOUND('',#1508,.T.);
#1276=FACE_OUTER_BOUND('',#1509,.T.);
#1277=FACE_OUTER_BOUND('',#1510,.T.);
#1278=FACE_OUTER_BOUND('',#1511,.T.);
#1279=FACE_OUTER_BOUND('',#1512,.T.);
#1280=FACE_OUTER_BOUND('',#1513,.T.);
#1281=FACE_OUTER_BOUND('',#1514,.T.);
#1282=FACE_OUTER_BOUND('',#1515,.T.);
#1283=FACE_OUTER_BOUND('',#1516,.T.);
#1284=FACE_OUTER_BOUND('',#1517,.T.);
#1285=FACE_OUTER_BOUND('',#1518,.T.);
#1286=FACE_OUTER_BOUND('',#1519,.T.);
#1287=FACE_OUTER_BOUND('',#1520,.T.);
#1288=FACE_OUTER_BOUND('',#1521,.T.);
#1289=FACE_OUTER_BOUND('',#1522,.T.);
#1290=FACE_OUTER_BOUND('',#1523,.T.);
#1291=FACE_OUTER_BOUND('',#1524,.T.);
#1292=FACE_OUTER_BOUND('',#1525,.T.);
#1293=FACE_OUTER_BOUND('',#1526,.T.);
#1294=FACE_OUTER_BOUND('',#1527,.T.);
#1295=FACE_OUTER_BOUND('',#1528,.T.);
#1296=FACE_OUTER_BOUND('',#1529,.T.);
#1297=FACE_OUTER_BOUND('',#1530,.T.);
#1298=FACE_OUTER_BOUND('',#1531,.T.);
#1299=FACE_OUTER_BOUND('',#1532,.T.);
#1300=FACE_OUTER_BOUND('',#1533,.T.);
#1301=FACE_OUTER_BOUND('',#1534,.T.);
#1302=FACE_OUTER_BOUND('',#1535,.T.);
#1303=FACE_OUTER_BOUND('',#1536,.T.);
#1304=FACE_OUTER_BOUND('',#1537,.T.);
#1305=FACE_OUTER_BOUND('',#1538,.T.);
#1306=FACE_OUTER_BOUND('',#1539,.T.);
#1307=FACE_OUTER_BOUND('',#1540,.T.);
#1308=FACE_OUTER_BOUND('',#1541,.T.);
#1309=FACE_OUTER_BOUND('',#1542,.T.);
#1310=FACE_OUTER_BOUND('',#1543,.T.);
#1311=FACE_OUTER_BOUND('',#1544,.T.);
#1312=FACE_OUTER_BOUND('',#1545,.T.);
#1313=FACE_OUTER_BOUND('',#1546,.T.);
#1314=FACE_OUTER_BOUND('',#1547,.T.);
#1315=FACE_OUTER_BOUND('',#1548,.T.);
#1316=FACE_OUTER_BOUND('',#1549,.T.);
#1317=FACE_OUTER_BOUND('',#1550,.T.);
#1318=FACE_OUTER_BOUND('',#1551,.T.);
#1319=FACE_OUTER_BOUND('',#1552,.T.);
#1320=FACE_OUTER_BOUND('',#1553,.T.);
#1321=FACE_OUTER_BOUND('',#1554,.T.);
#1322=FACE_OUTER_BOUND('',#1555,.T.);
#1323=FACE_OUTER_BOUND('',#1556,.T.);
#1324=FACE_OUTER_BOUND('',#1557,.T.);
#1325=FACE_OUTER_BOUND('',#1558,.T.);
#1326=FACE_OUTER_BOUND('',#1559,.T.);
#1327=FACE_OUTER_BOUND('',#1560,.T.);
#1328=FACE_OUTER_BOUND('',#1561,.T.);
#1329=FACE_OUTER_BOUND('',#1562,.T.);
#1330=FACE_OUTER_BOUND('',#1563,.T.);
#1331=FACE_OUTER_BOUND('',#1564,.T.);
#1332=FACE_OUTER_BOUND('',#1565,.T.);
#1333=FACE_OUTER_BOUND('',#1566,.T.);
#1334=FACE_OUTER_BOUND('',#1567,.T.);
#1335=FACE_OUTER_BOUND('',#1568,.T.);
#1336=FACE_OUTER_BOUND('',#1569,.T.);
#1337=FACE_OUTER_BOUND('',#1570,.T.);
#1338=FACE_OUTER_BOUND('',#1571,.T.);
#1339=FACE_OUTER_BOUND('',#1572,.T.);
#1340=FACE_OUTER_BOUND('',#1573,.T.);
#1341=FACE_OUTER_BOUND('',#1574,.T.);
#1342=FACE_OUTER_BOUND('',#1575,.T.);
#1343=FACE_OUTER_BOUND('',#1576,.T.);
#1344=FACE_OUTER_BOUND('',#1577,.T.);
#1345=FACE_OUTER_BOUND('',#1578,.T.);
#1346=FACE_OUTER_BOUND('',#1579,.T.);
#1347=FACE_OUTER_BOUND('',#1580,.T.);
#1348=FACE_OUTER_BOUND('',#1581,.T.);
#1349=EDGE_LOOP('',(#2417,#2418,#2419,#2420,#2421,#2422));
#1350=EDGE_LOOP('',(#2423,#2424,#2425,#2426));
#1351=EDGE_LOOP('',(#2427,#2428,#2429,#2430,#2431,#2432));
#1352=EDGE_LOOP('',(#2433,#2434,#2435,#2436));
#1353=EDGE_LOOP('',(#2437,#2438,#2439,#2440,#2441,#2442));
#1354=EDGE_LOOP('',(#2443,#2444,#2445,#2446));
#1355=EDGE_LOOP('',(#2447,#2448,#2449,#2450,#2451,#2452));
#1356=EDGE_LOOP('',(#2453,#2454,#2455,#2456));
#1357=EDGE_LOOP('',(#2457,#2458,#2459,#2460));
#1358=EDGE_LOOP('',(#2461));
#1359=EDGE_LOOP('',(#2462));
#1360=EDGE_LOOP('',(#2463,#2464,#2465,#2466,#2467,#2468,#2469,#2470,#2471,
#2472,#2473,#2474,#2475,#2476,#2477,#2478));
#1361=EDGE_LOOP('',(#2479));
#1362=EDGE_LOOP('',(#2480,#2481,#2482,#2483));
#1363=EDGE_LOOP('',(#2484));
#1364=EDGE_LOOP('',(#2485));
#1365=EDGE_LOOP('',(#2486));
#1366=EDGE_LOOP('',(#2487,#2488,#2489,#2490));
#1367=EDGE_LOOP('',(#2491));
#1368=EDGE_LOOP('',(#2492));
#1369=EDGE_LOOP('',(#2493));
#1370=EDGE_LOOP('',(#2494,#2495,#2496,#2497));
#1371=EDGE_LOOP('',(#2498));
#1372=EDGE_LOOP('',(#2499));
#1373=EDGE_LOOP('',(#2500));
#1374=EDGE_LOOP('',(#2501,#2502,#2503,#2504));
#1375=EDGE_LOOP('',(#2505,#2506,#2507,#2508));
#1376=EDGE_LOOP('',(#2509,#2510,#2511,#2512));
#1377=EDGE_LOOP('',(#2513,#2514,#2515,#2516));
#1378=EDGE_LOOP('',(#2517,#2518,#2519,#2520));
#1379=EDGE_LOOP('',(#2521,#2522,#2523,#2524));
#1380=EDGE_LOOP('',(#2525,#2526,#2527,#2528));
#1381=EDGE_LOOP('',(#2529,#2530,#2531,#2532));
#1382=EDGE_LOOP('',(#2533,#2534,#2535,#2536));
#1383=EDGE_LOOP('',(#2537,#2538,#2539,#2540));
#1384=EDGE_LOOP('',(#2541,#2542,#2543,#2544));
#1385=EDGE_LOOP('',(#2545,#2546,#2547,#2548));
#1386=EDGE_LOOP('',(#2549,#2550,#2551,#2552));
#1387=EDGE_LOOP('',(#2553,#2554,#2555,#2556));
#1388=EDGE_LOOP('',(#2557,#2558,#2559,#2560));
#1389=EDGE_LOOP('',(#2561,#2562,#2563,#2564));
#1390=EDGE_LOOP('',(#2565,#2566,#2567,#2568));
#1391=EDGE_LOOP('',(#2569,#2570,#2571,#2572));
#1392=EDGE_LOOP('',(#2573,#2574,#2575,#2576));
#1393=EDGE_LOOP('',(#2577,#2578,#2579,#2580));
#1394=EDGE_LOOP('',(#2581,#2582,#2583,#2584));
#1395=EDGE_LOOP('',(#2585,#2586,#2587,#2588));
#1396=EDGE_LOOP('',(#2589,#2590,#2591,#2592));
#1397=EDGE_LOOP('',(#2593,#2594,#2595,#2596));
#1398=EDGE_LOOP('',(#2597,#2598,#2599,#2600));
#1399=EDGE_LOOP('',(#2601,#2602,#2603,#2604,#2605,#2606,#2607,#2608,#2609,
#2610,#2611,#2612,#2613,#2614,#2615,#2616));
#1400=EDGE_LOOP('',(#2617,#2618,#2619,#2620,#2621,#2622,#2623,#2624,#2625,
#2626,#2627,#2628,#2629,#2630,#2631,#2632));
#1401=EDGE_LOOP('',(#2633));
#1402=EDGE_LOOP('',(#2634,#2635,#2636,#2637,#2638,#2639,#2640,#2641,#2642,
#2643,#2644,#2645,#2646,#2647,#2648,#2649));
#1403=EDGE_LOOP('',(#2650,#2651,#2652,#2653,#2654,#2655,#2656,#2657,#2658,
#2659,#2660,#2661,#2662,#2663,#2664,#2665));
#1404=EDGE_LOOP('',(#2666,#2667,#2668,#2669));
#1405=EDGE_LOOP('',(#2670,#2671,#2672,#2673));
#1406=EDGE_LOOP('',(#2674,#2675,#2676,#2677));
#1407=EDGE_LOOP('',(#2678,#2679,#2680,#2681));
#1408=EDGE_LOOP('',(#2682,#2683,#2684,#2685));
#1409=EDGE_LOOP('',(#2686,#2687,#2688,#2689));
#1410=EDGE_LOOP('',(#2690,#2691,#2692,#2693));
#1411=EDGE_LOOP('',(#2694,#2695,#2696,#2697));
#1412=EDGE_LOOP('',(#2698,#2699,#2700,#2701));
#1413=EDGE_LOOP('',(#2702,#2703,#2704,#2705));
#1414=EDGE_LOOP('',(#2706,#2707,#2708,#2709));
#1415=EDGE_LOOP('',(#2710,#2711,#2712,#2713));
#1416=EDGE_LOOP('',(#2714,#2715,#2716,#2717));
#1417=EDGE_LOOP('',(#2718,#2719,#2720,#2721));
#1418=EDGE_LOOP('',(#2722,#2723,#2724,#2725));
#1419=EDGE_LOOP('',(#2726,#2727,#2728,#2729));
#1420=EDGE_LOOP('',(#2730,#2731,#2732,#2733));
#1421=EDGE_LOOP('',(#2734,#2735,#2736,#2737));
#1422=EDGE_LOOP('',(#2738,#2739,#2740,#2741));
#1423=EDGE_LOOP('',(#2742,#2743,#2744,#2745));
#1424=EDGE_LOOP('',(#2746,#2747,#2748,#2749));
#1425=EDGE_LOOP('',(#2750,#2751,#2752,#2753));
#1426=EDGE_LOOP('',(#2754,#2755,#2756,#2757));
#1427=EDGE_LOOP('',(#2758,#2759,#2760,#2761));
#1428=EDGE_LOOP('',(#2762,#2763,#2764,#2765));
#1429=EDGE_LOOP('',(#2766,#2767,#2768,#2769));
#1430=EDGE_LOOP('',(#2770,#2771,#2772,#2773));
#1431=EDGE_LOOP('',(#2774,#2775,#2776,#2777));
#1432=EDGE_LOOP('',(#2778,#2779,#2780,#2781));
#1433=EDGE_LOOP('',(#2782,#2783,#2784,#2785));
#1434=EDGE_LOOP('',(#2786,#2787,#2788,#2789));
#1435=EDGE_LOOP('',(#2790,#2791,#2792,#2793));
#1436=EDGE_LOOP('',(#2794,#2795,#2796,#2797));
#1437=EDGE_LOOP('',(#2798,#2799,#2800,#2801));
#1438=EDGE_LOOP('',(#2802,#2803,#2804,#2805));
#1439=EDGE_LOOP('',(#2806,#2807,#2808,#2809));
#1440=EDGE_LOOP('',(#2810,#2811,#2812,#2813));
#1441=EDGE_LOOP('',(#2814,#2815,#2816,#2817));
#1442=EDGE_LOOP('',(#2818,#2819,#2820,#2821));
#1443=EDGE_LOOP('',(#2822,#2823,#2824,#2825));
#1444=EDGE_LOOP('',(#2826,#2827,#2828,#2829));
#1445=EDGE_LOOP('',(#2830,#2831,#2832,#2833));
#1446=EDGE_LOOP('',(#2834,#2835,#2836,#2837));
#1447=EDGE_LOOP('',(#2838,#2839,#2840,#2841));
#1448=EDGE_LOOP('',(#2842,#2843,#2844,#2845));
#1449=EDGE_LOOP('',(#2846,#2847,#2848,#2849));
#1450=EDGE_LOOP('',(#2850,#2851,#2852,#2853));
#1451=EDGE_LOOP('',(#2854,#2855,#2856,#2857));
#1452=EDGE_LOOP('',(#2858,#2859,#2860,#2861));
#1453=EDGE_LOOP('',(#2862,#2863,#2864,#2865));
#1454=EDGE_LOOP('',(#2866,#2867,#2868,#2869));
#1455=EDGE_LOOP('',(#2870,#2871,#2872,#2873));
#1456=EDGE_LOOP('',(#2874,#2875,#2876,#2877));
#1457=EDGE_LOOP('',(#2878,#2879,#2880,#2881));
#1458=EDGE_LOOP('',(#2882,#2883,#2884,#2885));
#1459=EDGE_LOOP('',(#2886,#2887,#2888,#2889));
#1460=EDGE_LOOP('',(#2890,#2891,#2892,#2893));
#1461=EDGE_LOOP('',(#2894,#2895,#2896,#2897));
#1462=EDGE_LOOP('',(#2898,#2899,#2900,#2901));
#1463=EDGE_LOOP('',(#2902,#2903,#2904,#2905));
#1464=EDGE_LOOP('',(#2906,#2907,#2908,#2909));
#1465=EDGE_LOOP('',(#2910,#2911,#2912,#2913));
#1466=EDGE_LOOP('',(#2914,#2915,#2916,#2917));
#1467=EDGE_LOOP('',(#2918,#2919,#2920,#2921));
#1468=EDGE_LOOP('',(#2922,#2923,#2924,#2925));
#1469=EDGE_LOOP('',(#2926,#2927,#2928,#2929));
#1470=EDGE_LOOP('',(#2930,#2931,#2932,#2933));
#1471=EDGE_LOOP('',(#2934,#2935,#2936,#2937));
#1472=EDGE_LOOP('',(#2938,#2939,#2940,#2941));
#1473=EDGE_LOOP('',(#2942,#2943,#2944,#2945));
#1474=EDGE_LOOP('',(#2946,#2947,#2948,#2949));
#1475=EDGE_LOOP('',(#2950,#2951,#2952,#2953));
#1476=EDGE_LOOP('',(#2954,#2955,#2956,#2957));
#1477=EDGE_LOOP('',(#2958,#2959,#2960,#2961));
#1478=EDGE_LOOP('',(#2962,#2963,#2964,#2965));
#1479=EDGE_LOOP('',(#2966,#2967,#2968,#2969));
#1480=EDGE_LOOP('',(#2970,#2971,#2972,#2973));
#1481=EDGE_LOOP('',(#2974,#2975,#2976,#2977));
#1482=EDGE_LOOP('',(#2978,#2979,#2980,#2981));
#1483=EDGE_LOOP('',(#2982,#2983,#2984,#2985));
#1484=EDGE_LOOP('',(#2986,#2987,#2988,#2989));
#1485=EDGE_LOOP('',(#2990,#2991,#2992,#2993));
#1486=EDGE_LOOP('',(#2994,#2995,#2996,#2997));
#1487=EDGE_LOOP('',(#2998,#2999,#3000,#3001));
#1488=EDGE_LOOP('',(#3002,#3003,#3004,#3005));
#1489=EDGE_LOOP('',(#3006,#3007,#3008,#3009));
#1490=EDGE_LOOP('',(#3010,#3011,#3012,#3013));
#1491=EDGE_LOOP('',(#3014,#3015,#3016,#3017));
#1492=EDGE_LOOP('',(#3018,#3019,#3020,#3021,#3022,#3023,#3024,#3025,#3026,
#3027,#3028,#3029,#3030,#3031,#3032,#3033));
#1493=EDGE_LOOP('',(#3034,#3035,#3036,#3037));
#1494=EDGE_LOOP('',(#3038,#3039,#3040,#3041));
#1495=EDGE_LOOP('',(#3042,#3043,#3044,#3045));
#1496=EDGE_LOOP('',(#3046,#3047,#3048,#3049));
#1497=EDGE_LOOP('',(#3050,#3051,#3052,#3053));
#1498=EDGE_LOOP('',(#3054,#3055,#3056,#3057));
#1499=EDGE_LOOP('',(#3058,#3059,#3060,#3061));
#1500=EDGE_LOOP('',(#3062,#3063,#3064,#3065));
#1501=EDGE_LOOP('',(#3066,#3067,#3068,#3069));
#1502=EDGE_LOOP('',(#3070,#3071,#3072,#3073));
#1503=EDGE_LOOP('',(#3074,#3075,#3076,#3077));
#1504=EDGE_LOOP('',(#3078,#3079,#3080,#3081));
#1505=EDGE_LOOP('',(#3082,#3083,#3084,#3085));
#1506=EDGE_LOOP('',(#3086,#3087,#3088,#3089));
#1507=EDGE_LOOP('',(#3090,#3091,#3092,#3093));
#1508=EDGE_LOOP('',(#3094,#3095,#3096,#3097));
#1509=EDGE_LOOP('',(#3098,#3099,#3100,#3101,#3102,#3103,#3104,#3105,#3106,
#3107,#3108,#3109,#3110,#3111,#3112,#3113));
#1510=EDGE_LOOP('',(#3114,#3115,#3116,#3117));
#1511=EDGE_LOOP('',(#3118,#3119,#3120,#3121));
#1512=EDGE_LOOP('',(#3122,#3123,#3124,#3125));
#1513=EDGE_LOOP('',(#3126,#3127,#3128,#3129));
#1514=EDGE_LOOP('',(#3130,#3131,#3132,#3133));
#1515=EDGE_LOOP('',(#3134,#3135,#3136,#3137));
#1516=EDGE_LOOP('',(#3138,#3139,#3140,#3141));
#1517=EDGE_LOOP('',(#3142,#3143,#3144,#3145));
#1518=EDGE_LOOP('',(#3146,#3147,#3148,#3149));
#1519=EDGE_LOOP('',(#3150,#3151,#3152,#3153));
#1520=EDGE_LOOP('',(#3154,#3155,#3156,#3157));
#1521=EDGE_LOOP('',(#3158,#3159,#3160,#3161));
#1522=EDGE_LOOP('',(#3162,#3163,#3164,#3165));
#1523=EDGE_LOOP('',(#3166,#3167,#3168,#3169));
#1524=EDGE_LOOP('',(#3170,#3171,#3172,#3173));
#1525=EDGE_LOOP('',(#3174,#3175,#3176,#3177));
#1526=EDGE_LOOP('',(#3178,#3179,#3180,#3181,#3182,#3183,#3184,#3185,#3186,
#3187,#3188,#3189,#3190,#3191,#3192,#3193));
#1527=EDGE_LOOP('',(#3194,#3195,#3196,#3197));
#1528=EDGE_LOOP('',(#3198,#3199,#3200,#3201));
#1529=EDGE_LOOP('',(#3202,#3203,#3204,#3205));
#1530=EDGE_LOOP('',(#3206,#3207,#3208,#3209));
#1531=EDGE_LOOP('',(#3210,#3211,#3212,#3213));
#1532=EDGE_LOOP('',(#3214,#3215,#3216,#3217));
#1533=EDGE_LOOP('',(#3218,#3219,#3220,#3221));
#1534=EDGE_LOOP('',(#3222,#3223,#3224,#3225));
#1535=EDGE_LOOP('',(#3226,#3227,#3228,#3229));
#1536=EDGE_LOOP('',(#3230,#3231,#3232,#3233));
#1537=EDGE_LOOP('',(#3234,#3235,#3236,#3237));
#1538=EDGE_LOOP('',(#3238,#3239,#3240,#3241));
#1539=EDGE_LOOP('',(#3242,#3243,#3244,#3245));
#1540=EDGE_LOOP('',(#3246,#3247,#3248,#3249));
#1541=EDGE_LOOP('',(#3250,#3251,#3252,#3253));
#1542=EDGE_LOOP('',(#3254,#3255,#3256,#3257));
#1543=EDGE_LOOP('',(#3258,#3259,#3260,#3261,#3262,#3263,#3264,#3265,#3266,
#3267,#3268,#3269,#3270,#3271,#3272,#3273));
#1544=EDGE_LOOP('',(#3274,#3275,#3276,#3277));
#1545=EDGE_LOOP('',(#3278,#3279,#3280,#3281));
#1546=EDGE_LOOP('',(#3282,#3283,#3284,#3285));
#1547=EDGE_LOOP('',(#3286,#3287,#3288,#3289));
#1548=EDGE_LOOP('',(#3290,#3291,#3292,#3293));
#1549=EDGE_LOOP('',(#3294,#3295,#3296,#3297));
#1550=EDGE_LOOP('',(#3298,#3299,#3300,#3301));
#1551=EDGE_LOOP('',(#3302,#3303,#3304,#3305));
#1552=EDGE_LOOP('',(#3306,#3307,#3308,#3309));
#1553=EDGE_LOOP('',(#3310,#3311,#3312,#3313));
#1554=EDGE_LOOP('',(#3314,#3315,#3316,#3317));
#1555=EDGE_LOOP('',(#3318,#3319,#3320,#3321));
#1556=EDGE_LOOP('',(#3322,#3323,#3324,#3325));
#1557=EDGE_LOOP('',(#3326,#3327,#3328,#3329));
#1558=EDGE_LOOP('',(#3330,#3331,#3332,#3333));
#1559=EDGE_LOOP('',(#3334,#3335,#3336,#3337));
#1560=EDGE_LOOP('',(#3338,#3339,#3340,#3341));
#1561=EDGE_LOOP('',(#3342,#3343,#3344,#3345));
#1562=EDGE_LOOP('',(#3346,#3347,#3348,#3349));
#1563=EDGE_LOOP('',(#3350,#3351,#3352,#3353));
#1564=EDGE_LOOP('',(#3354,#3355,#3356,#3357));
#1565=EDGE_LOOP('',(#3358,#3359,#3360,#3361));
#1566=EDGE_LOOP('',(#3362,#3363,#3364,#3365));
#1567=EDGE_LOOP('',(#3366,#3367,#3368,#3369));
#1568=EDGE_LOOP('',(#3370,#3371,#3372,#3373));
#1569=EDGE_LOOP('',(#3374,#3375,#3376,#3377));
#1570=EDGE_LOOP('',(#3378,#3379,#3380,#3381));
#1571=EDGE_LOOP('',(#3382,#3383,#3384,#3385));
#1572=EDGE_LOOP('',(#3386,#3387,#3388,#3389));
#1573=EDGE_LOOP('',(#3390,#3391,#3392,#3393));
#1574=EDGE_LOOP('',(#3394,#3395,#3396,#3397));
#1575=EDGE_LOOP('',(#3398,#3399,#3400,#3401));
#1576=EDGE_LOOP('',(#3402,#3403,#3404,#3405));
#1577=EDGE_LOOP('',(#3406,#3407,#3408,#3409,#3410,#3411,#3412,#3413));
#1578=EDGE_LOOP('',(#3414,#3415,#3416,#3417));
#1579=EDGE_LOOP('',(#3418,#3419,#3420,#3421,#3422,#3423,#3424,#3425));
#1580=EDGE_LOOP('',(#3426,#3427,#3428,#3429));
#1581=EDGE_LOOP('',(#3430));
#1582=B_SPLINE_CURVE_WITH_KNOTS('',3,(#5043,#5044,#5045,#5046,#5047,#5048,
#5049,#5050,#5051,#5052,#5053,#5054,#5055,#5056,#5057,#5058,#5059,#5060,
#5061,#5062,#5063,#5064,#5065,#5066,#5067,#5068,#5069,#5070,#5071,#5072),
 .UNSPECIFIED.,.F.,.F.,(4,2,2,2,2,2,2,2,2,2,2,2,2,2,4),(2.3552386552435,
2.51134853365687,2.66745841207023,2.79861328404906,2.86994826375592,2.94903982277108,
3.04517408058804,3.14130833840501,3.23744259622198,3.33357685403895,3.41266841305411,
3.48400339276097,3.6151582647398,3.77126814315316,3.92737802156652),
 .UNSPECIFIED.);
#1583=B_SPLINE_CURVE_WITH_KNOTS('',3,(#5086,#5087,#5088,#5089,#5090,#5091,
#5092,#5093,#5094,#5095,#5096,#5097,#5098,#5099,#5100,#5101,#5102,#5103,
#5104,#5105,#5106,#5107,#5108,#5109,#5110,#5111,#5112,#5113,#5114,#5115),
 .UNSPECIFIED.,.F.,.F.,(4,2,2,2,2,2,2,2,2,2,2,2,2,2,4),(2.35524821726877,
2.51135809568218,2.66746797409559,2.79862284607447,2.86995782578135,2.94904938479653,
3.04518364261349,3.14131790043044,3.23745215824739,3.33358641606434,3.41267797507953,
3.48401295478641,3.61516782676528,3.77127770517869,3.9273875835921),
 .UNSPECIFIED.);
#1584=B_SPLINE_CURVE_WITH_KNOTS('',3,(#5129,#5130,#5131,#5132,#5133,#5134,
#5135,#5136,#5137,#5138,#5139,#5140,#5141,#5142,#5143,#5144,#5145,#5146),
 .UNSPECIFIED.,.F.,.F.,(4,2,2,2,2,2,2,2,4),(2.35523866100947,2.5113485427859,
2.66745842456232,2.84558873496061,3.14458045501103,3.44357217506144,3.62170248545973,
3.77781236723616,3.93392224901258),.UNSPECIFIED.);
#1585=B_SPLINE_CURVE_WITH_KNOTS('',3,(#5160,#5161,#5162,#5163,#5164,#5165,
#5166,#5167,#5168,#5169,#5170,#5171,#5172,#5173,#5174,#5175,#5176,#5177,
#5178,#5179,#5180,#5181,#5182,#5183,#5184,#5185,#5186,#5187,#5188,#5189),
 .UNSPECIFIED.,.F.,.F.,(4,2,2,2,2,2,2,2,2,2,2,2,2,2,4),(2.35523866100947,
2.51134854278589,2.66745842456232,2.79861329986857,2.8699482811582,2.94903984169966,
3.04517409740489,3.14130835311011,3.23744260881534,3.33357686452056,3.41266842506203,
3.48400340635166,3.6151582816579,3.77126816343433,3.92737804521076),
 .UNSPECIFIED.);
#1586=CIRCLE('',#3673,4.33012701892241);
#1587=CIRCLE('',#3674,5.);
#1588=CIRCLE('',#3675,9.33012701892241);
#1589=CIRCLE('',#3676,9.33012701892241);
#1590=CIRCLE('',#3678,4.33012701892241);
#1591=CIRCLE('',#3680,4.33012701892334);
#1592=CIRCLE('',#3681,5.);
#1593=CIRCLE('',#3682,9.33012701892334);
#1594=CIRCLE('',#3683,9.33012701892334);
#1595=CIRCLE('',#3685,4.33012701892334);
#1596=CIRCLE('',#3687,4.33012701892219);
#1597=CIRCLE('',#3688,5.);
#1598=CIRCLE('',#3689,9.33012701892219);
#1599=CIRCLE('',#3690,9.33012701892219);
#1600=CIRCLE('',#3692,4.33012701892219);
#1601=CIRCLE('',#3694,4.33012701892218);
#1602=CIRCLE('',#3695,5.);
#1603=CIRCLE('',#3696,9.33012701892218);
#1604=CIRCLE('',#3697,9.33012701892218);
#1605=CIRCLE('',#3699,4.33012701892218);
#1606=CIRCLE('',#3701,3.17542648054294);
#1607=CIRCLE('',#3702,3.17542648054294);
#1608=CIRCLE('',#3705,10.);
#1609=CIRCLE('',#3707,3.17542648054294);
#1610=CIRCLE('',#3708,3.17542648054294);
#1611=CIRCLE('',#3712,3.17542648054294);
#1612=CIRCLE('',#3713,3.17542648054294);
#1613=CIRCLE('',#3717,3.17542648054294);
#1614=CIRCLE('',#3718,3.17542648054294);
#1615=CIRCLE('',#3762,10.);
#1616=VERTEX_POINT('',#5036);
#1617=VERTEX_POINT('',#5038);
#1618=VERTEX_POINT('',#5040);
#1619=VERTEX_POINT('',#5042);
#1620=VERTEX_POINT('',#5075);
#1621=VERTEX_POINT('',#5079);
#1622=VERTEX_POINT('',#5081);
#1623=VERTEX_POINT('',#5083);
#1624=VERTEX_POINT('',#5085);
#1625=VERTEX_POINT('',#5118);
#1626=VERTEX_POINT('',#5122);
#1627=VERTEX_POINT('',#5124);
#1628=VERTEX_POINT('',#5126);
#1629=VERTEX_POINT('',#5128);
#1630=VERTEX_POINT('',#5149);
#1631=VERTEX_POINT('',#5153);
#1632=VERTEX_POINT('',#5155);
#1633=VERTEX_POINT('',#5157);
#1634=VERTEX_POINT('',#5159);
#1635=VERTEX_POINT('',#5192);
#1636=VERTEX_POINT('',#5196);
#1637=VERTEX_POINT('',#5198);
#1638=VERTEX_POINT('',#5204);
#1639=VERTEX_POINT('',#5206);
#1640=VERTEX_POINT('',#5210);
#1641=VERTEX_POINT('',#5212);
#1642=VERTEX_POINT('',#5215);
#1643=VERTEX_POINT('',#5218);
#1644=VERTEX_POINT('',#5220);
#1645=VERTEX_POINT('',#5226);
#1646=VERTEX_POINT('',#5228);
#1647=VERTEX_POINT('',#5234);
#1648=VERTEX_POINT('',#5236);
#1649=VERTEX_POINT('',#5242);
#1650=VERTEX_POINT('',#5243);
#1651=VERTEX_POINT('',#5245);
#1652=VERTEX_POINT('',#5247);
#1653=VERTEX_POINT('',#5251);
#1654=VERTEX_POINT('',#5253);
#1655=VERTEX_POINT('',#5257);
#1656=VERTEX_POINT('',#5259);
#1657=VERTEX_POINT('',#5263);
#1658=VERTEX_POINT('',#5265);
#1659=VERTEX_POINT('',#5269);
#1660=VERTEX_POINT('',#5271);
#1661=VERTEX_POINT('',#5275);
#1662=VERTEX_POINT('',#5277);
#1663=VERTEX_POINT('',#5281);
#1664=VERTEX_POINT('',#5283);
#1665=VERTEX_POINT('',#5287);
#1666=VERTEX_POINT('',#5289);
#1667=VERTEX_POINT('',#5293);
#1668=VERTEX_POINT('',#5295);
#1669=VERTEX_POINT('',#5299);
#1670=VERTEX_POINT('',#5301);
#1671=VERTEX_POINT('',#5305);
#1672=VERTEX_POINT('',#5307);
#1673=VERTEX_POINT('',#5311);
#1674=VERTEX_POINT('',#5313);
#1675=VERTEX_POINT('',#5317);
#1676=VERTEX_POINT('',#5319);
#1677=VERTEX_POINT('',#5323);
#1678=VERTEX_POINT('',#5325);
#1679=VERTEX_POINT('',#5329);
#1680=VERTEX_POINT('',#5331);
#1681=VERTEX_POINT('',#5338);
#1682=VERTEX_POINT('',#5340);
#1683=VERTEX_POINT('',#5344);
#1684=VERTEX_POINT('',#5348);
#1685=VERTEX_POINT('',#5352);
#1686=VERTEX_POINT('',#5356);
#1687=VERTEX_POINT('',#5360);
#1688=VERTEX_POINT('',#5364);
#1689=VERTEX_POINT('',#5368);
#1690=VERTEX_POINT('',#5372);
#1691=VERTEX_POINT('',#5373);
#1692=VERTEX_POINT('',#5375);
#1693=VERTEX_POINT('',#5377);
#1694=VERTEX_POINT('',#5380);
#1695=VERTEX_POINT('',#5381);
#1696=VERTEX_POINT('',#5383);
#1697=VERTEX_POINT('',#5385);
#1698=VERTEX_POINT('',#5387);
#1699=VERTEX_POINT('',#5389);
#1700=VERTEX_POINT('',#5391);
#1701=VERTEX_POINT('',#5393);
#1702=VERTEX_POINT('',#5395);
#1703=VERTEX_POINT('',#5397);
#1704=VERTEX_POINT('',#5399);
#1705=VERTEX_POINT('',#5401);
#1706=VERTEX_POINT('',#5403);
#1707=VERTEX_POINT('',#5405);
#1708=VERTEX_POINT('',#5407);
#1709=VERTEX_POINT('',#5409);
#1710=VERTEX_POINT('',#5412);
#1711=VERTEX_POINT('',#5413);
#1712=VERTEX_POINT('',#5415);
#1713=VERTEX_POINT('',#5417);
#1714=VERTEX_POINT('',#5419);
#1715=VERTEX_POINT('',#5421);
#1716=VERTEX_POINT('',#5423);
#1717=VERTEX_POINT('',#5425);
#1718=VERTEX_POINT('',#5427);
#1719=VERTEX_POINT('',#5429);
#1720=VERTEX_POINT('',#5431);
#1721=VERTEX_POINT('',#5433);
#1722=VERTEX_POINT('',#5435);
#1723=VERTEX_POINT('',#5437);
#1724=VERTEX_POINT('',#5439);
#1725=VERTEX_POINT('',#5441);
#1726=VERTEX_POINT('',#5444);
#1727=VERTEX_POINT('',#5446);
#1728=VERTEX_POINT('',#5447);
#1729=VERTEX_POINT('',#5449);
#1730=VERTEX_POINT('',#5451);
#1731=VERTEX_POINT('',#5453);
#1732=VERTEX_POINT('',#5455);
#1733=VERTEX_POINT('',#5457);
#1734=VERTEX_POINT('',#5459);
#1735=VERTEX_POINT('',#5461);
#1736=VERTEX_POINT('',#5463);
#1737=VERTEX_POINT('',#5465);
#1738=VERTEX_POINT('',#5467);
#1739=VERTEX_POINT('',#5469);
#1740=VERTEX_POINT('',#5471);
#1741=VERTEX_POINT('',#5473);
#1742=VERTEX_POINT('',#5475);
#1743=VERTEX_POINT('',#5479);
#1744=VERTEX_POINT('',#5480);
#1745=VERTEX_POINT('',#5485);
#1746=VERTEX_POINT('',#5487);
#1747=VERTEX_POINT('',#5491);
#1748=VERTEX_POINT('',#5495);
#1749=VERTEX_POINT('',#5499);
#1750=VERTEX_POINT('',#5503);
#1751=VERTEX_POINT('',#5507);
#1752=VERTEX_POINT('',#5511);
#1753=VERTEX_POINT('',#5515);
#1754=VERTEX_POINT('',#5519);
#1755=VERTEX_POINT('',#5523);
#1756=VERTEX_POINT('',#5527);
#1757=VERTEX_POINT('',#5531);
#1758=VERTEX_POINT('',#5537);
#1759=VERTEX_POINT('',#5543);
#1760=VERTEX_POINT('',#5545);
#1761=VERTEX_POINT('',#5549);
#1762=VERTEX_POINT('',#5553);
#1763=VERTEX_POINT('',#5557);
#1764=VERTEX_POINT('',#5561);
#1765=VERTEX_POINT('',#5565);
#1766=VERTEX_POINT('',#5569);
#1767=VERTEX_POINT('',#5573);
#1768=VERTEX_POINT('',#5577);
#1769=VERTEX_POINT('',#5578);
#1770=VERTEX_POINT('',#5583);
#1771=VERTEX_POINT('',#5587);
#1772=VERTEX_POINT('',#5591);
#1773=VERTEX_POINT('',#5595);
#1774=VERTEX_POINT('',#5599);
#1775=VERTEX_POINT('',#5603);
#1776=VERTEX_POINT('',#5607);
#1777=VERTEX_POINT('',#5611);
#1778=VERTEX_POINT('',#5615);
#1779=VERTEX_POINT('',#5619);
#1780=VERTEX_POINT('',#5623);
#1781=VERTEX_POINT('',#5627);
#1782=VERTEX_POINT('',#5631);
#1783=VERTEX_POINT('',#5635);
#1784=VERTEX_POINT('',#5641);
#1785=VERTEX_POINT('',#5643);
#1786=VERTEX_POINT('',#5647);
#1787=VERTEX_POINT('',#5651);
#1788=VERTEX_POINT('',#5655);
#1789=VERTEX_POINT('',#5659);
#1790=VERTEX_POINT('',#5663);
#1791=VERTEX_POINT('',#5667);
#1792=VERTEX_POINT('',#5671);
#1793=VERTEX_POINT('',#5675);
#1794=VERTEX_POINT('',#5676);
#1795=VERTEX_POINT('',#5681);
#1796=VERTEX_POINT('',#5685);
#1797=VERTEX_POINT('',#5689);
#1798=VERTEX_POINT('',#5693);
#1799=VERTEX_POINT('',#5697);
#1800=VERTEX_POINT('',#5701);
#1801=VERTEX_POINT('',#5703);
#1802=VERTEX_POINT('',#5709);
#1803=VERTEX_POINT('',#5713);
#1804=VERTEX_POINT('',#5717);
#1805=VERTEX_POINT('',#5721);
#1806=VERTEX_POINT('',#5725);
#1807=VERTEX_POINT('',#5729);
#1808=VERTEX_POINT('',#5733);
#1809=VERTEX_POINT('',#5739);
#1810=VERTEX_POINT('',#5741);
#1811=VERTEX_POINT('',#5745);
#1812=VERTEX_POINT('',#5749);
#1813=VERTEX_POINT('',#5753);
#1814=VERTEX_POINT('',#5757);
#1815=VERTEX_POINT('',#5761);
#1816=VERTEX_POINT('',#5765);
#1817=VERTEX_POINT('',#5769);
#1818=VERTEX_POINT('',#5773);
#1819=VERTEX_POINT('',#5774);
#1820=VERTEX_POINT('',#5779);
#1821=VERTEX_POINT('',#5781);
#1822=VERTEX_POINT('',#5785);
#1823=VERTEX_POINT('',#5787);
#1824=VERTEX_POINT('',#5791);
#1825=VERTEX_POINT('',#5793);
#1826=VERTEX_POINT('',#5797);
#1827=VERTEX_POINT('',#5799);
#1828=VERTEX_POINT('',#5803);
#1829=VERTEX_POINT('',#5805);
#1830=VERTEX_POINT('',#5809);
#1831=VERTEX_POINT('',#5811);
#1832=VERTEX_POINT('',#5815);
#1833=VERTEX_POINT('',#5817);
#1834=VERTEX_POINT('',#5821);
#1835=VERTEX_POINT('',#5826);
#1836=VERTEX_POINT('',#5830);
#1837=VERTEX_POINT('',#5834);
#1838=VERTEX_POINT('',#5838);
#1839=VERTEX_POINT('',#5842);
#1840=VERTEX_POINT('',#5846);
#1841=VERTEX_POINT('',#5853);
#1842=VERTEX_POINT('',#5854);
#1843=VERTEX_POINT('',#5859);
#1844=VERTEX_POINT('',#5861);
#1845=VERTEX_POINT('',#5865);
#1846=VERTEX_POINT('',#5867);
#1847=VERTEX_POINT('',#5871);
#1848=VERTEX_POINT('',#5873);
#1849=VERTEX_POINT('',#5877);
#1850=VERTEX_POINT('',#5879);
#1851=VERTEX_POINT('',#5883);
#1852=VERTEX_POINT('',#5885);
#1853=VERTEX_POINT('',#5889);
#1854=VERTEX_POINT('',#5891);
#1855=VERTEX_POINT('',#5895);
#1856=VERTEX_POINT('',#5897);
#1857=VERTEX_POINT('',#5901);
#1858=VERTEX_POINT('',#5906);
#1859=VERTEX_POINT('',#5910);
#1860=VERTEX_POINT('',#5914);
#1861=VERTEX_POINT('',#5918);
#1862=VERTEX_POINT('',#5922);
#1863=VERTEX_POINT('',#5926);
#1864=VERTEX_POINT('',#5933);
#1865=VERTEX_POINT('',#5934);
#1866=VERTEX_POINT('',#5939);
#1867=VERTEX_POINT('',#5941);
#1868=VERTEX_POINT('',#5945);
#1869=VERTEX_POINT('',#5947);
#1870=VERTEX_POINT('',#5951);
#1871=VERTEX_POINT('',#5953);
#1872=VERTEX_POINT('',#5957);
#1873=VERTEX_POINT('',#5959);
#1874=VERTEX_POINT('',#5963);
#1875=VERTEX_POINT('',#5965);
#1876=VERTEX_POINT('',#5969);
#1877=VERTEX_POINT('',#5971);
#1878=VERTEX_POINT('',#5975);
#1879=VERTEX_POINT('',#5977);
#1880=VERTEX_POINT('',#5981);
#1881=VERTEX_POINT('',#5986);
#1882=VERTEX_POINT('',#5990);
#1883=VERTEX_POINT('',#5994);
#1884=VERTEX_POINT('',#5998);
#1885=VERTEX_POINT('',#6002);
#1886=VERTEX_POINT('',#6006);
#1887=VERTEX_POINT('',#6013);
#1888=VERTEX_POINT('',#6014);
#1889=VERTEX_POINT('',#6019);
#1890=VERTEX_POINT('',#6021);
#1891=VERTEX_POINT('',#6025);
#1892=VERTEX_POINT('',#6027);
#1893=VERTEX_POINT('',#6031);
#1894=VERTEX_POINT('',#6033);
#1895=VERTEX_POINT('',#6037);
#1896=VERTEX_POINT('',#6039);
#1897=VERTEX_POINT('',#6043);
#1898=VERTEX_POINT('',#6045);
#1899=VERTEX_POINT('',#6049);
#1900=VERTEX_POINT('',#6051);
#1901=VERTEX_POINT('',#6055);
#1902=VERTEX_POINT('',#6057);
#1903=VERTEX_POINT('',#6061);
#1904=VERTEX_POINT('',#6066);
#1905=VERTEX_POINT('',#6070);
#1906=VERTEX_POINT('',#6074);
#1907=VERTEX_POINT('',#6078);
#1908=VERTEX_POINT('',#6082);
#1909=VERTEX_POINT('',#6086);
#1910=EDGE_CURVE('',#1616,#1616,#1586,.T.);
#1911=EDGE_CURVE('',#1616,#1617,#1587,.T.);
#1912=EDGE_CURVE('',#1617,#1618,#1588,.T.);
#1913=EDGE_CURVE('',#1619,#1618,#1582,.F.);
#1914=EDGE_CURVE('',#1619,#1617,#1589,.T.);
#1915=EDGE_CURVE('',#1620,#1620,#1590,.T.);
#1916=EDGE_CURVE('',#1620,#1616,#235,.T.);
#1917=EDGE_CURVE('',#1621,#1621,#1591,.T.);
#1918=EDGE_CURVE('',#1621,#1622,#1592,.T.);
#1919=EDGE_CURVE('',#1622,#1623,#1593,.T.);
#1920=EDGE_CURVE('',#1624,#1623,#1583,.F.);
#1921=EDGE_CURVE('',#1624,#1622,#1594,.T.);
#1922=EDGE_CURVE('',#1625,#1625,#1595,.T.);
#1923=EDGE_CURVE('',#1625,#1621,#236,.T.);
#1924=EDGE_CURVE('',#1626,#1626,#1596,.T.);
#1925=EDGE_CURVE('',#1626,#1627,#1597,.T.);
#1926=EDGE_CURVE('',#1627,#1628,#1598,.T.);
#1927=EDGE_CURVE('',#1629,#1628,#1584,.F.);
#1928=EDGE_CURVE('',#1629,#1627,#1599,.T.);
#1929=EDGE_CURVE('',#1630,#1630,#1600,.T.);
#1930=EDGE_CURVE('',#1630,#1626,#237,.T.);
#1931=EDGE_CURVE('',#1631,#1631,#1601,.T.);
#1932=EDGE_CURVE('',#1631,#1632,#1602,.T.);
#1933=EDGE_CURVE('',#1632,#1633,#1603,.T.);
#1934=EDGE_CURVE('',#1634,#1633,#1585,.F.);
#1935=EDGE_CURVE('',#1634,#1632,#1604,.T.);
#1936=EDGE_CURVE('',#1635,#1635,#1605,.T.);
#1937=EDGE_CURVE('',#1635,#1631,#238,.T.);
#1938=EDGE_CURVE('',#1636,#1636,#1606,.T.);
#1939=EDGE_CURVE('',#1636,#1637,#239,.T.);
#1940=EDGE_CURVE('',#1637,#1637,#1607,.T.);
#1941=EDGE_CURVE('',#1619,#1623,#240,.T.);
#1942=EDGE_CURVE('',#1624,#1638,#241,.T.);
#1943=EDGE_CURVE('',#1638,#1639,#242,.T.);
#1944=EDGE_CURVE('',#1639,#1633,#243,.T.);
#1945=EDGE_CURVE('',#1634,#1628,#244,.T.);
#1946=EDGE_CURVE('',#1629,#1640,#245,.T.);
#1947=EDGE_CURVE('',#1640,#1641,#246,.T.);
#1948=EDGE_CURVE('',#1641,#1618,#247,.T.);
#1949=EDGE_CURVE('',#1642,#1642,#1608,.T.);
#1950=EDGE_CURVE('',#1643,#1643,#1609,.T.);
#1951=EDGE_CURVE('',#1643,#1644,#248,.T.);
#1952=EDGE_CURVE('',#1644,#1644,#1610,.T.);
#1953=EDGE_CURVE('',#1645,#1645,#1611,.T.);
#1954=EDGE_CURVE('',#1645,#1646,#249,.T.);
#1955=EDGE_CURVE('',#1646,#1646,#1612,.T.);
#1956=EDGE_CURVE('',#1647,#1647,#1613,.T.);
#1957=EDGE_CURVE('',#1647,#1648,#250,.T.);
#1958=EDGE_CURVE('',#1648,#1648,#1614,.T.);
#1959=EDGE_CURVE('',#1649,#1650,#251,.T.);
#1960=EDGE_CURVE('',#1650,#1651,#15,.T.);
#1961=EDGE_CURVE('',#1651,#1652,#252,.T.);
#1962=EDGE_CURVE('',#1652,#1649,#16,.T.);
#1963=EDGE_CURVE('',#1650,#1653,#253,.T.);
#1964=EDGE_CURVE('',#1653,#1654,#17,.T.);
#1965=EDGE_CURVE('',#1654,#1651,#254,.T.);
#1966=EDGE_CURVE('',#1653,#1655,#255,.T.);
#1967=EDGE_CURVE('',#1655,#1656,#18,.T.);
#1968=EDGE_CURVE('',#1656,#1654,#256,.T.);
#1969=EDGE_CURVE('',#1655,#1657,#257,.T.);
#1970=EDGE_CURVE('',#1657,#1658,#19,.T.);
#1971=EDGE_CURVE('',#1658,#1656,#258,.T.);
#1972=EDGE_CURVE('',#1657,#1659,#259,.T.);
#1973=EDGE_CURVE('',#1659,#1660,#20,.T.);
#1974=EDGE_CURVE('',#1660,#1658,#260,.T.);
#1975=EDGE_CURVE('',#1659,#1661,#261,.T.);
#1976=EDGE_CURVE('',#1661,#1662,#21,.T.);
#1977=EDGE_CURVE('',#1662,#1660,#262,.T.);
#1978=EDGE_CURVE('',#1661,#1663,#263,.T.);
#1979=EDGE_CURVE('',#1663,#1664,#22,.T.);
#1980=EDGE_CURVE('',#1664,#1662,#264,.T.);
#1981=EDGE_CURVE('',#1665,#1664,#265,.T.);
#1982=EDGE_CURVE('',#1663,#1666,#266,.T.);
#1983=EDGE_CURVE('',#1666,#1665,#23,.T.);
#1984=EDGE_CURVE('',#1667,#1665,#267,.T.);
#1985=EDGE_CURVE('',#1666,#1668,#268,.T.);
#1986=EDGE_CURVE('',#1668,#1667,#24,.T.);
#1987=EDGE_CURVE('',#1669,#1667,#269,.T.);
#1988=EDGE_CURVE('',#1668,#1670,#270,.T.);
#1989=EDGE_CURVE('',#1670,#1669,#25,.T.);
#1990=EDGE_CURVE('',#1671,#1669,#271,.T.);
#1991=EDGE_CURVE('',#1670,#1672,#272,.T.);
#1992=EDGE_CURVE('',#1672,#1671,#26,.T.);
#1993=EDGE_CURVE('',#1673,#1671,#273,.T.);
#1994=EDGE_CURVE('',#1672,#1674,#274,.T.);
#1995=EDGE_CURVE('',#1674,#1673,#27,.T.);
#1996=EDGE_CURVE('',#1675,#1673,#275,.T.);
#1997=EDGE_CURVE('',#1674,#1676,#276,.T.);
#1998=EDGE_CURVE('',#1676,#1675,#28,.T.);
#1999=EDGE_CURVE('',#1677,#1675,#277,.T.);
#2000=EDGE_CURVE('',#1676,#1678,#278,.T.);
#2001=EDGE_CURVE('',#1678,#1677,#29,.T.);
#2002=EDGE_CURVE('',#1679,#1677,#279,.T.);
#2003=EDGE_CURVE('',#1678,#1680,#280,.T.);
#2004=EDGE_CURVE('',#1680,#1679,#30,.T.);
#2005=EDGE_CURVE('',#1652,#1679,#281,.T.);
#2006=EDGE_CURVE('',#1680,#1649,#282,.T.);
#2007=EDGE_CURVE('',#1663,#1681,#283,.T.);
#2008=EDGE_CURVE('',#1682,#1681,#284,.T.);
#2009=EDGE_CURVE('',#1666,#1682,#285,.T.);
#2010=EDGE_CURVE('',#1661,#1683,#286,.T.);
#2011=EDGE_CURVE('',#1681,#1683,#287,.T.);
#2012=EDGE_CURVE('',#1659,#1684,#288,.T.);
#2013=EDGE_CURVE('',#1683,#1684,#289,.T.);
#2014=EDGE_CURVE('',#1657,#1685,#290,.T.);
#2015=EDGE_CURVE('',#1684,#1685,#291,.T.);
#2016=EDGE_CURVE('',#1655,#1686,#292,.T.);
#2017=EDGE_CURVE('',#1685,#1686,#293,.T.);
#2018=EDGE_CURVE('',#1653,#1687,#294,.T.);
#2019=EDGE_CURVE('',#1686,#1687,#295,.T.);
#2020=EDGE_CURVE('',#1650,#1688,#296,.T.);
#2021=EDGE_CURVE('',#1687,#1688,#297,.T.);
#2022=EDGE_CURVE('',#1649,#1689,#298,.T.);
#2023=EDGE_CURVE('',#1688,#1689,#299,.T.);
#2024=EDGE_CURVE('',#1690,#1691,#300,.T.);
#2025=EDGE_CURVE('',#1692,#1690,#301,.T.);
#2026=EDGE_CURVE('',#1693,#1692,#302,.T.);
#2027=EDGE_CURVE('',#1691,#1693,#303,.T.);
#2028=EDGE_CURVE('',#1694,#1695,#304,.T.);
#2029=EDGE_CURVE('',#1696,#1694,#305,.T.);
#2030=EDGE_CURVE('',#1697,#1696,#306,.T.);
#2031=EDGE_CURVE('',#1698,#1697,#307,.T.);
#2032=EDGE_CURVE('',#1699,#1698,#308,.T.);
#2033=EDGE_CURVE('',#1700,#1699,#309,.T.);
#2034=EDGE_CURVE('',#1701,#1700,#310,.T.);
#2035=EDGE_CURVE('',#1702,#1701,#311,.T.);
#2036=EDGE_CURVE('',#1703,#1702,#312,.T.);
#2037=EDGE_CURVE('',#1704,#1703,#313,.T.);
#2038=EDGE_CURVE('',#1705,#1704,#314,.T.);
#2039=EDGE_CURVE('',#1706,#1705,#315,.T.);
#2040=EDGE_CURVE('',#1707,#1706,#316,.T.);
#2041=EDGE_CURVE('',#1708,#1707,#317,.T.);
#2042=EDGE_CURVE('',#1709,#1708,#318,.T.);
#2043=EDGE_CURVE('',#1695,#1709,#319,.T.);
#2044=EDGE_CURVE('',#1710,#1711,#320,.T.);
#2045=EDGE_CURVE('',#1712,#1710,#321,.T.);
#2046=EDGE_CURVE('',#1713,#1712,#322,.T.);
#2047=EDGE_CURVE('',#1714,#1713,#323,.T.);
#2048=EDGE_CURVE('',#1715,#1714,#324,.T.);
#2049=EDGE_CURVE('',#1716,#1715,#325,.T.);
#2050=EDGE_CURVE('',#1717,#1716,#326,.T.);
#2051=EDGE_CURVE('',#1718,#1717,#327,.T.);
#2052=EDGE_CURVE('',#1719,#1718,#328,.T.);
#2053=EDGE_CURVE('',#1720,#1719,#329,.T.);
#2054=EDGE_CURVE('',#1721,#1720,#330,.T.);
#2055=EDGE_CURVE('',#1722,#1721,#331,.T.);
#2056=EDGE_CURVE('',#1723,#1722,#332,.T.);
#2057=EDGE_CURVE('',#1724,#1723,#333,.T.);
#2058=EDGE_CURVE('',#1725,#1724,#334,.T.);
#2059=EDGE_CURVE('',#1711,#1725,#335,.T.);
#2060=EDGE_CURVE('',#1726,#1726,#1615,.T.);
#2061=EDGE_CURVE('',#1727,#1728,#336,.T.);
#2062=EDGE_CURVE('',#1729,#1727,#337,.T.);
#2063=EDGE_CURVE('',#1730,#1729,#338,.T.);
#2064=EDGE_CURVE('',#1731,#1730,#339,.T.);
#2065=EDGE_CURVE('',#1732,#1731,#340,.T.);
#2066=EDGE_CURVE('',#1733,#1732,#341,.T.);
#2067=EDGE_CURVE('',#1734,#1733,#342,.T.);
#2068=EDGE_CURVE('',#1735,#1734,#343,.T.);
#2069=EDGE_CURVE('',#1736,#1735,#344,.T.);
#2070=EDGE_CURVE('',#1737,#1736,#345,.T.);
#2071=EDGE_CURVE('',#1738,#1737,#346,.T.);
#2072=EDGE_CURVE('',#1739,#1738,#347,.T.);
#2073=EDGE_CURVE('',#1740,#1739,#348,.T.);
#2074=EDGE_CURVE('',#1741,#1740,#349,.T.);
#2075=EDGE_CURVE('',#1742,#1741,#350,.T.);
#2076=EDGE_CURVE('',#1728,#1742,#351,.T.);
#2077=EDGE_CURVE('',#1743,#1744,#352,.T.);
#2078=EDGE_CURVE('',#1744,#1698,#31,.T.);
#2079=EDGE_CURVE('',#1743,#1697,#32,.T.);
#2080=EDGE_CURVE('',#1695,#1745,#33,.T.);
#2081=EDGE_CURVE('',#1745,#1746,#353,.T.);
#2082=EDGE_CURVE('',#1746,#1694,#34,.T.);
#2083=EDGE_CURVE('',#1744,#1747,#354,.T.);
#2084=EDGE_CURVE('',#1747,#1699,#35,.T.);
#2085=EDGE_CURVE('',#1747,#1748,#355,.T.);
#2086=EDGE_CURVE('',#1748,#1700,#36,.T.);
#2087=EDGE_CURVE('',#1748,#1749,#356,.T.);
#2088=EDGE_CURVE('',#1749,#1701,#37,.T.);
#2089=EDGE_CURVE('',#1749,#1750,#357,.T.);
#2090=EDGE_CURVE('',#1750,#1702,#38,.T.);
#2091=EDGE_CURVE('',#1750,#1751,#358,.T.);
#2092=EDGE_CURVE('',#1751,#1703,#39,.T.);
#2093=EDGE_CURVE('',#1751,#1752,#359,.T.);
#2094=EDGE_CURVE('',#1752,#1704,#40,.T.);
#2095=EDGE_CURVE('',#1752,#1753,#360,.T.);
#2096=EDGE_CURVE('',#1753,#1705,#41,.T.);
#2097=EDGE_CURVE('',#1753,#1754,#361,.T.);
#2098=EDGE_CURVE('',#1754,#1706,#42,.T.);
#2099=EDGE_CURVE('',#1754,#1755,#362,.T.);
#2100=EDGE_CURVE('',#1755,#1707,#43,.T.);
#2101=EDGE_CURVE('',#1755,#1756,#363,.T.);
#2102=EDGE_CURVE('',#1756,#1708,#44,.T.);
#2103=EDGE_CURVE('',#1756,#1757,#364,.T.);
#2104=EDGE_CURVE('',#1757,#1709,#45,.T.);
#2105=EDGE_CURVE('',#1757,#1745,#365,.T.);
#2106=EDGE_CURVE('',#1746,#1758,#366,.T.);
#2107=EDGE_CURVE('',#1758,#1696,#46,.T.);
#2108=EDGE_CURVE('',#1758,#1743,#367,.T.);
#2109=EDGE_CURVE('',#1749,#1759,#368,.T.);
#2110=EDGE_CURVE('',#1760,#1759,#369,.T.);
#2111=EDGE_CURVE('',#1750,#1760,#370,.T.);
#2112=EDGE_CURVE('',#1748,#1761,#371,.T.);
#2113=EDGE_CURVE('',#1759,#1761,#372,.T.);
#2114=EDGE_CURVE('',#1747,#1762,#373,.T.);
#2115=EDGE_CURVE('',#1761,#1762,#374,.T.);
#2116=EDGE_CURVE('',#1744,#1763,#375,.T.);
#2117=EDGE_CURVE('',#1762,#1763,#376,.T.);
#2118=EDGE_CURVE('',#1743,#1764,#377,.T.);
#2119=EDGE_CURVE('',#1763,#1764,#378,.T.);
#2120=EDGE_CURVE('',#1758,#1765,#379,.T.);
#2121=EDGE_CURVE('',#1764,#1765,#380,.T.);
#2122=EDGE_CURVE('',#1746,#1766,#381,.T.);
#2123=EDGE_CURVE('',#1765,#1766,#382,.T.);
#2124=EDGE_CURVE('',#1745,#1767,#383,.T.);
#2125=EDGE_CURVE('',#1766,#1767,#384,.T.);
#2126=EDGE_CURVE('',#1768,#1769,#385,.T.);
#2127=EDGE_CURVE('',#1769,#1727,#47,.T.);
#2128=EDGE_CURVE('',#1728,#1768,#48,.T.);
#2129=EDGE_CURVE('',#1769,#1770,#386,.T.);
#2130=EDGE_CURVE('',#1770,#1729,#49,.T.);
#2131=EDGE_CURVE('',#1770,#1771,#387,.T.);
#2132=EDGE_CURVE('',#1771,#1730,#50,.T.);
#2133=EDGE_CURVE('',#1771,#1772,#388,.T.);
#2134=EDGE_CURVE('',#1772,#1731,#51,.T.);
#2135=EDGE_CURVE('',#1772,#1773,#389,.T.);
#2136=EDGE_CURVE('',#1773,#1732,#52,.T.);
#2137=EDGE_CURVE('',#1773,#1774,#390,.T.);
#2138=EDGE_CURVE('',#1774,#1733,#53,.T.);
#2139=EDGE_CURVE('',#1774,#1775,#391,.T.);
#2140=EDGE_CURVE('',#1775,#1734,#54,.T.);
#2141=EDGE_CURVE('',#1775,#1776,#392,.T.);
#2142=EDGE_CURVE('',#1776,#1735,#55,.T.);
#2143=EDGE_CURVE('',#1776,#1777,#393,.T.);
#2144=EDGE_CURVE('',#1777,#1736,#56,.T.);
#2145=EDGE_CURVE('',#1777,#1778,#394,.T.);
#2146=EDGE_CURVE('',#1778,#1737,#57,.T.);
#2147=EDGE_CURVE('',#1778,#1779,#395,.T.);
#2148=EDGE_CURVE('',#1779,#1738,#58,.T.);
#2149=EDGE_CURVE('',#1779,#1780,#396,.T.);
#2150=EDGE_CURVE('',#1780,#1739,#59,.T.);
#2151=EDGE_CURVE('',#1780,#1781,#397,.T.);
#2152=EDGE_CURVE('',#1781,#1740,#60,.T.);
#2153=EDGE_CURVE('',#1782,#1768,#398,.T.);
#2154=EDGE_CURVE('',#1782,#1742,#61,.T.);
#2155=EDGE_CURVE('',#1781,#1783,#399,.T.);
#2156=EDGE_CURVE('',#1783,#1741,#62,.T.);
#2157=EDGE_CURVE('',#1783,#1782,#400,.T.);
#2158=EDGE_CURVE('',#1775,#1784,#401,.T.);
#2159=EDGE_CURVE('',#1785,#1784,#402,.T.);
#2160=EDGE_CURVE('',#1776,#1785,#403,.T.);
#2161=EDGE_CURVE('',#1774,#1786,#404,.T.);
#2162=EDGE_CURVE('',#1784,#1786,#405,.T.);
#2163=EDGE_CURVE('',#1773,#1787,#406,.T.);
#2164=EDGE_CURVE('',#1786,#1787,#407,.T.);
#2165=EDGE_CURVE('',#1772,#1788,#408,.T.);
#2166=EDGE_CURVE('',#1787,#1788,#409,.T.);
#2167=EDGE_CURVE('',#1771,#1789,#410,.T.);
#2168=EDGE_CURVE('',#1788,#1789,#411,.T.);
#2169=EDGE_CURVE('',#1770,#1790,#412,.T.);
#2170=EDGE_CURVE('',#1789,#1790,#413,.T.);
#2171=EDGE_CURVE('',#1769,#1791,#414,.T.);
#2172=EDGE_CURVE('',#1790,#1791,#415,.T.);
#2173=EDGE_CURVE('',#1768,#1792,#416,.T.);
#2174=EDGE_CURVE('',#1791,#1792,#417,.T.);
#2175=EDGE_CURVE('',#1793,#1794,#418,.T.);
#2176=EDGE_CURVE('',#1794,#1720,#63,.T.);
#2177=EDGE_CURVE('',#1793,#1719,#64,.T.);
#2178=EDGE_CURVE('',#1794,#1795,#419,.T.);
#2179=EDGE_CURVE('',#1795,#1721,#65,.T.);
#2180=EDGE_CURVE('',#1795,#1796,#420,.T.);
#2181=EDGE_CURVE('',#1796,#1722,#66,.T.);
#2182=EDGE_CURVE('',#1796,#1797,#421,.T.);
#2183=EDGE_CURVE('',#1797,#1723,#67,.T.);
#2184=EDGE_CURVE('',#1797,#1798,#422,.T.);
#2185=EDGE_CURVE('',#1798,#1724,#68,.T.);
#2186=EDGE_CURVE('',#1798,#1799,#423,.T.);
#2187=EDGE_CURVE('',#1799,#1725,#69,.T.);
#2188=EDGE_CURVE('',#1711,#1800,#70,.T.);
#2189=EDGE_CURVE('',#1800,#1801,#424,.T.);
#2190=EDGE_CURVE('',#1801,#1710,#71,.T.);
#2191=EDGE_CURVE('',#1799,#1800,#425,.T.);
#2192=EDGE_CURVE('',#1801,#1802,#426,.T.);
#2193=EDGE_CURVE('',#1802,#1712,#72,.T.);
#2194=EDGE_CURVE('',#1802,#1803,#427,.T.);
#2195=EDGE_CURVE('',#1803,#1713,#73,.T.);
#2196=EDGE_CURVE('',#1803,#1804,#428,.T.);
#2197=EDGE_CURVE('',#1804,#1714,#74,.T.);
#2198=EDGE_CURVE('',#1804,#1805,#429,.T.);
#2199=EDGE_CURVE('',#1805,#1715,#75,.T.);
#2200=EDGE_CURVE('',#1805,#1806,#430,.T.);
#2201=EDGE_CURVE('',#1806,#1716,#76,.T.);
#2202=EDGE_CURVE('',#1806,#1807,#431,.T.);
#2203=EDGE_CURVE('',#1807,#1717,#77,.T.);
#2204=EDGE_CURVE('',#1807,#1808,#432,.T.);
#2205=EDGE_CURVE('',#1808,#1718,#78,.T.);
#2206=EDGE_CURVE('',#1808,#1793,#433,.T.);
#2207=EDGE_CURVE('',#1807,#1809,#434,.T.);
#2208=EDGE_CURVE('',#1810,#1809,#435,.T.);
#2209=EDGE_CURVE('',#1808,#1810,#436,.T.);
#2210=EDGE_CURVE('',#1806,#1811,#437,.T.);
#2211=EDGE_CURVE('',#1809,#1811,#438,.T.);
#2212=EDGE_CURVE('',#1805,#1812,#439,.T.);
#2213=EDGE_CURVE('',#1811,#1812,#440,.T.);
#2214=EDGE_CURVE('',#1804,#1813,#441,.T.);
#2215=EDGE_CURVE('',#1812,#1813,#442,.T.);
#2216=EDGE_CURVE('',#1803,#1814,#443,.T.);
#2217=EDGE_CURVE('',#1813,#1814,#444,.T.);
#2218=EDGE_CURVE('',#1802,#1815,#445,.T.);
#2219=EDGE_CURVE('',#1814,#1815,#446,.T.);
#2220=EDGE_CURVE('',#1801,#1816,#447,.T.);
#2221=EDGE_CURVE('',#1815,#1816,#448,.T.);
#2222=EDGE_CURVE('',#1800,#1817,#449,.T.);
#2223=EDGE_CURVE('',#1816,#1817,#450,.T.);
#2224=EDGE_CURVE('',#1818,#1819,#451,.T.);
#2225=EDGE_CURVE('',#1819,#1785,#452,.T.);
#2226=EDGE_CURVE('',#1818,#1784,#453,.T.);
#2227=EDGE_CURVE('',#1819,#1820,#454,.T.);
#2228=EDGE_CURVE('',#1820,#1821,#455,.T.);
#2229=EDGE_CURVE('',#1821,#1785,#456,.T.);
#2230=EDGE_CURVE('',#1820,#1822,#457,.T.);
#2231=EDGE_CURVE('',#1822,#1823,#458,.T.);
#2232=EDGE_CURVE('',#1823,#1821,#459,.T.);
#2233=EDGE_CURVE('',#1822,#1824,#460,.T.);
#2234=EDGE_CURVE('',#1824,#1825,#461,.T.);
#2235=EDGE_CURVE('',#1825,#1823,#462,.T.);
#2236=EDGE_CURVE('',#1824,#1826,#463,.T.);
#2237=EDGE_CURVE('',#1826,#1827,#464,.T.);
#2238=EDGE_CURVE('',#1827,#1825,#465,.T.);
#2239=EDGE_CURVE('',#1826,#1828,#466,.T.);
#2240=EDGE_CURVE('',#1828,#1829,#467,.T.);
#2241=EDGE_CURVE('',#1829,#1827,#468,.T.);
#2242=EDGE_CURVE('',#1828,#1830,#469,.T.);
#2243=EDGE_CURVE('',#1830,#1831,#470,.T.);
#2244=EDGE_CURVE('',#1831,#1829,#471,.T.);
#2245=EDGE_CURVE('',#1830,#1832,#472,.T.);
#2246=EDGE_CURVE('',#1832,#1833,#473,.T.);
#2247=EDGE_CURVE('',#1833,#1831,#474,.T.);
#2248=EDGE_CURVE('',#1832,#1834,#475,.T.);
#2249=EDGE_CURVE('',#1834,#1792,#476,.T.);
#2250=EDGE_CURVE('',#1792,#1833,#477,.T.);
#2251=EDGE_CURVE('',#1834,#1835,#478,.T.);
#2252=EDGE_CURVE('',#1835,#1791,#479,.T.);
#2253=EDGE_CURVE('',#1835,#1836,#480,.T.);
#2254=EDGE_CURVE('',#1836,#1790,#481,.T.);
#2255=EDGE_CURVE('',#1836,#1837,#482,.T.);
#2256=EDGE_CURVE('',#1837,#1789,#483,.T.);
#2257=EDGE_CURVE('',#1837,#1838,#484,.T.);
#2258=EDGE_CURVE('',#1838,#1788,#485,.T.);
#2259=EDGE_CURVE('',#1838,#1839,#486,.T.);
#2260=EDGE_CURVE('',#1839,#1787,#487,.T.);
#2261=EDGE_CURVE('',#1839,#1840,#488,.T.);
#2262=EDGE_CURVE('',#1840,#1786,#489,.T.);
#2263=EDGE_CURVE('',#1840,#1818,#490,.T.);
#2264=EDGE_CURVE('',#1841,#1842,#491,.T.);
#2265=EDGE_CURVE('',#1842,#1760,#492,.T.);
#2266=EDGE_CURVE('',#1841,#1759,#493,.T.);
#2267=EDGE_CURVE('',#1842,#1843,#494,.T.);
#2268=EDGE_CURVE('',#1843,#1844,#495,.T.);
#2269=EDGE_CURVE('',#1844,#1760,#496,.T.);
#2270=EDGE_CURVE('',#1843,#1845,#497,.T.);
#2271=EDGE_CURVE('',#1845,#1846,#498,.T.);
#2272=EDGE_CURVE('',#1846,#1844,#499,.T.);
#2273=EDGE_CURVE('',#1845,#1847,#500,.T.);
#2274=EDGE_CURVE('',#1847,#1848,#501,.T.);
#2275=EDGE_CURVE('',#1848,#1846,#502,.T.);
#2276=EDGE_CURVE('',#1847,#1849,#503,.T.);
#2277=EDGE_CURVE('',#1849,#1850,#504,.T.);
#2278=EDGE_CURVE('',#1850,#1848,#505,.T.);
#2279=EDGE_CURVE('',#1849,#1851,#506,.T.);
#2280=EDGE_CURVE('',#1851,#1852,#507,.T.);
#2281=EDGE_CURVE('',#1852,#1850,#508,.T.);
#2282=EDGE_CURVE('',#1851,#1853,#509,.T.);
#2283=EDGE_CURVE('',#1853,#1854,#510,.T.);
#2284=EDGE_CURVE('',#1854,#1852,#511,.T.);
#2285=EDGE_CURVE('',#1853,#1855,#512,.T.);
#2286=EDGE_CURVE('',#1855,#1856,#513,.T.);
#2287=EDGE_CURVE('',#1856,#1854,#514,.T.);
#2288=EDGE_CURVE('',#1855,#1857,#515,.T.);
#2289=EDGE_CURVE('',#1857,#1767,#516,.T.);
#2290=EDGE_CURVE('',#1767,#1856,#517,.T.);
#2291=EDGE_CURVE('',#1857,#1858,#518,.T.);
#2292=EDGE_CURVE('',#1858,#1766,#519,.T.);
#2293=EDGE_CURVE('',#1858,#1859,#520,.T.);
#2294=EDGE_CURVE('',#1859,#1765,#521,.T.);
#2295=EDGE_CURVE('',#1859,#1860,#522,.T.);
#2296=EDGE_CURVE('',#1860,#1764,#523,.T.);
#2297=EDGE_CURVE('',#1860,#1861,#524,.T.);
#2298=EDGE_CURVE('',#1861,#1763,#525,.T.);
#2299=EDGE_CURVE('',#1861,#1862,#526,.T.);
#2300=EDGE_CURVE('',#1862,#1762,#527,.T.);
#2301=EDGE_CURVE('',#1862,#1863,#528,.T.);
#2302=EDGE_CURVE('',#1863,#1761,#529,.T.);
#2303=EDGE_CURVE('',#1863,#1841,#530,.T.);
#2304=EDGE_CURVE('',#1864,#1865,#531,.T.);
#2305=EDGE_CURVE('',#1865,#1682,#532,.T.);
#2306=EDGE_CURVE('',#1864,#1681,#533,.T.);
#2307=EDGE_CURVE('',#1865,#1866,#534,.T.);
#2308=EDGE_CURVE('',#1866,#1867,#535,.T.);
#2309=EDGE_CURVE('',#1867,#1682,#536,.T.);
#2310=EDGE_CURVE('',#1866,#1868,#537,.T.);
#2311=EDGE_CURVE('',#1868,#1869,#538,.T.);
#2312=EDGE_CURVE('',#1869,#1867,#539,.T.);
#2313=EDGE_CURVE('',#1868,#1870,#540,.T.);
#2314=EDGE_CURVE('',#1870,#1871,#541,.T.);
#2315=EDGE_CURVE('',#1871,#1869,#542,.T.);
#2316=EDGE_CURVE('',#1870,#1872,#543,.T.);
#2317=EDGE_CURVE('',#1872,#1873,#544,.T.);
#2318=EDGE_CURVE('',#1873,#1871,#545,.T.);
#2319=EDGE_CURVE('',#1872,#1874,#546,.T.);
#2320=EDGE_CURVE('',#1874,#1875,#547,.T.);
#2321=EDGE_CURVE('',#1875,#1873,#548,.T.);
#2322=EDGE_CURVE('',#1874,#1876,#549,.T.);
#2323=EDGE_CURVE('',#1876,#1877,#550,.T.);
#2324=EDGE_CURVE('',#1877,#1875,#551,.T.);
#2325=EDGE_CURVE('',#1876,#1878,#552,.T.);
#2326=EDGE_CURVE('',#1878,#1879,#553,.T.);
#2327=EDGE_CURVE('',#1879,#1877,#554,.T.);
#2328=EDGE_CURVE('',#1878,#1880,#555,.T.);
#2329=EDGE_CURVE('',#1880,#1689,#556,.T.);
#2330=EDGE_CURVE('',#1689,#1879,#557,.T.);
#2331=EDGE_CURVE('',#1880,#1881,#558,.T.);
#2332=EDGE_CURVE('',#1881,#1688,#559,.T.);
#2333=EDGE_CURVE('',#1881,#1882,#560,.T.);
#2334=EDGE_CURVE('',#1882,#1687,#561,.T.);
#2335=EDGE_CURVE('',#1882,#1883,#562,.T.);
#2336=EDGE_CURVE('',#1883,#1686,#563,.T.);
#2337=EDGE_CURVE('',#1883,#1884,#564,.T.);
#2338=EDGE_CURVE('',#1884,#1685,#565,.T.);
#2339=EDGE_CURVE('',#1884,#1885,#566,.T.);
#2340=EDGE_CURVE('',#1885,#1684,#567,.T.);
#2341=EDGE_CURVE('',#1885,#1886,#568,.T.);
#2342=EDGE_CURVE('',#1886,#1683,#569,.T.);
#2343=EDGE_CURVE('',#1886,#1864,#570,.T.);
#2344=EDGE_CURVE('',#1887,#1888,#571,.T.);
#2345=EDGE_CURVE('',#1888,#1810,#572,.T.);
#2346=EDGE_CURVE('',#1887,#1809,#573,.T.);
#2347=EDGE_CURVE('',#1888,#1889,#574,.T.);
#2348=EDGE_CURVE('',#1889,#1890,#575,.T.);
#2349=EDGE_CURVE('',#1890,#1810,#576,.T.);
#2350=EDGE_CURVE('',#1889,#1891,#577,.T.);
#2351=EDGE_CURVE('',#1891,#1892,#578,.T.);
#2352=EDGE_CURVE('',#1892,#1890,#579,.T.);
#2353=EDGE_CURVE('',#1891,#1893,#580,.T.);
#2354=EDGE_CURVE('',#1893,#1894,#581,.T.);
#2355=EDGE_CURVE('',#1894,#1892,#582,.T.);
#2356=EDGE_CURVE('',#1893,#1895,#583,.T.);
#2357=EDGE_CURVE('',#1895,#1896,#584,.T.);
#2358=EDGE_CURVE('',#1896,#1894,#585,.T.);
#2359=EDGE_CURVE('',#1895,#1897,#586,.T.);
#2360=EDGE_CURVE('',#1897,#1898,#587,.T.);
#2361=EDGE_CURVE('',#1898,#1896,#588,.T.);
#2362=EDGE_CURVE('',#1897,#1899,#589,.T.);
#2363=EDGE_CURVE('',#1899,#1900,#590,.T.);
#2364=EDGE_CURVE('',#1900,#1898,#591,.T.);
#2365=EDGE_CURVE('',#1899,#1901,#592,.T.);
#2366=EDGE_CURVE('',#1901,#1902,#593,.T.);
#2367=EDGE_CURVE('',#1902,#1900,#594,.T.);
#2368=EDGE_CURVE('',#1901,#1903,#595,.T.);
#2369=EDGE_CURVE('',#1903,#1817,#596,.T.);
#2370=EDGE_CURVE('',#1817,#1902,#597,.T.);
#2371=EDGE_CURVE('',#1903,#1904,#598,.T.);
#2372=EDGE_CURVE('',#1904,#1816,#599,.T.);
#2373=EDGE_CURVE('',#1904,#1905,#600,.T.);
#2374=EDGE_CURVE('',#1905,#1815,#601,.T.);
#2375=EDGE_CURVE('',#1905,#1906,#602,.T.);
#2376=EDGE_CURVE('',#1906,#1814,#603,.T.);
#2377=EDGE_CURVE('',#1906,#1907,#604,.T.);
#2378=EDGE_CURVE('',#1907,#1813,#605,.T.);
#2379=EDGE_CURVE('',#1907,#1908,#606,.T.);
#2380=EDGE_CURVE('',#1908,#1812,#607,.T.);
#2381=EDGE_CURVE('',#1908,#1909,#608,.T.);
#2382=EDGE_CURVE('',#1909,#1811,#609,.T.);
#2383=EDGE_CURVE('',#1909,#1887,#610,.T.);
#2384=EDGE_CURVE('',#1751,#1844,#611,.T.);
#2385=EDGE_CURVE('',#1752,#1846,#612,.T.);
#2386=EDGE_CURVE('',#1753,#1848,#613,.T.);
#2387=EDGE_CURVE('',#1754,#1850,#614,.T.);
#2388=EDGE_CURVE('',#1755,#1852,#615,.T.);
#2389=EDGE_CURVE('',#1756,#1854,#616,.T.);
#2390=EDGE_CURVE('',#1757,#1856,#617,.T.);
#2391=EDGE_CURVE('',#1777,#1821,#618,.T.);
#2392=EDGE_CURVE('',#1778,#1823,#619,.T.);
#2393=EDGE_CURVE('',#1779,#1825,#620,.T.);
#2394=EDGE_CURVE('',#1780,#1827,#621,.T.);
#2395=EDGE_CURVE('',#1781,#1829,#622,.T.);
#2396=EDGE_CURVE('',#1783,#1831,#623,.T.);
#2397=EDGE_CURVE('',#1782,#1833,#624,.T.);
#2398=EDGE_CURVE('',#1668,#1867,#625,.T.);
#2399=EDGE_CURVE('',#1670,#1869,#626,.T.);
#2400=EDGE_CURVE('',#1672,#1871,#627,.T.);
#2401=EDGE_CURVE('',#1674,#1873,#628,.T.);
#2402=EDGE_CURVE('',#1676,#1875,#629,.T.);
#2403=EDGE_CURVE('',#1678,#1877,#630,.T.);
#2404=EDGE_CURVE('',#1680,#1879,#631,.T.);
#2405=EDGE_CURVE('',#1793,#1890,#632,.T.);
#2406=EDGE_CURVE('',#1794,#1892,#633,.T.);
#2407=EDGE_CURVE('',#1795,#1894,#634,.T.);
#2408=EDGE_CURVE('',#1796,#1896,#635,.T.);
#2409=EDGE_CURVE('',#1797,#1898,#636,.T.);
#2410=EDGE_CURVE('',#1798,#1900,#637,.T.);
#2411=EDGE_CURVE('',#1799,#1902,#638,.T.);
#2412=EDGE_CURVE('',#1726,#1642,#639,.T.);
#2413=EDGE_CURVE('',#1690,#1640,#640,.T.);
#2414=EDGE_CURVE('',#1692,#1639,#641,.T.);
#2415=EDGE_CURVE('',#1693,#1638,#642,.T.);
#2416=EDGE_CURVE('',#1691,#1641,#643,.T.);
#2417=ORIENTED_EDGE('',*,*,#1910,.T.);
#2418=ORIENTED_EDGE('',*,*,#1911,.T.);
#2419=ORIENTED_EDGE('',*,*,#1912,.T.);
#2420=ORIENTED_EDGE('',*,*,#1913,.F.);
#2421=ORIENTED_EDGE('',*,*,#1914,.T.);
#2422=ORIENTED_EDGE('',*,*,#1911,.F.);
#2423=ORIENTED_EDGE('',*,*,#1915,.F.);
#2424=ORIENTED_EDGE('',*,*,#1916,.T.);
#2425=ORIENTED_EDGE('',*,*,#1910,.F.);
#2426=ORIENTED_EDGE('',*,*,#1916,.F.);
#2427=ORIENTED_EDGE('',*,*,#1917,.T.);
#2428=ORIENTED_EDGE('',*,*,#1918,.T.);
#2429=ORIENTED_EDGE('',*,*,#1919,.T.);
#2430=ORIENTED_EDGE('',*,*,#1920,.F.);
#2431=ORIENTED_EDGE('',*,*,#1921,.T.);
#2432=ORIENTED_EDGE('',*,*,#1918,.F.);
#2433=ORIENTED_EDGE('',*,*,#1922,.F.);
#2434=ORIENTED_EDGE('',*,*,#1923,.T.);
#2435=ORIENTED_EDGE('',*,*,#1917,.F.);
#2436=ORIENTED_EDGE('',*,*,#1923,.F.);
#2437=ORIENTED_EDGE('',*,*,#1924,.T.);
#2438=ORIENTED_EDGE('',*,*,#1925,.T.);
#2439=ORIENTED_EDGE('',*,*,#1926,.T.);
#2440=ORIENTED_EDGE('',*,*,#1927,.F.);
#2441=ORIENTED_EDGE('',*,*,#1928,.T.);
#2442=ORIENTED_EDGE('',*,*,#1925,.F.);
#2443=ORIENTED_EDGE('',*,*,#1929,.F.);
#2444=ORIENTED_EDGE('',*,*,#1930,.T.);
#2445=ORIENTED_EDGE('',*,*,#1924,.F.);
#2446=ORIENTED_EDGE('',*,*,#1930,.F.);
#2447=ORIENTED_EDGE('',*,*,#1931,.T.);
#2448=ORIENTED_EDGE('',*,*,#1932,.T.);
#2449=ORIENTED_EDGE('',*,*,#1933,.T.);
#2450=ORIENTED_EDGE('',*,*,#1934,.F.);
#2451=ORIENTED_EDGE('',*,*,#1935,.T.);
#2452=ORIENTED_EDGE('',*,*,#1932,.F.);
#2453=ORIENTED_EDGE('',*,*,#1936,.F.);
#2454=ORIENTED_EDGE('',*,*,#1937,.T.);
#2455=ORIENTED_EDGE('',*,*,#1931,.F.);
#2456=ORIENTED_EDGE('',*,*,#1937,.F.);
#2457=ORIENTED_EDGE('',*,*,#1938,.F.);
#2458=ORIENTED_EDGE('',*,*,#1939,.T.);
#2459=ORIENTED_EDGE('',*,*,#1940,.F.);
#2460=ORIENTED_EDGE('',*,*,#1939,.F.);
#2461=ORIENTED_EDGE('',*,*,#1929,.T.);
#2462=ORIENTED_EDGE('',*,*,#1938,.T.);
#2463=ORIENTED_EDGE('',*,*,#1914,.F.);
#2464=ORIENTED_EDGE('',*,*,#1941,.T.);
#2465=ORIENTED_EDGE('',*,*,#1919,.F.);
#2466=ORIENTED_EDGE('',*,*,#1921,.F.);
#2467=ORIENTED_EDGE('',*,*,#1942,.T.);
#2468=ORIENTED_EDGE('',*,*,#1943,.T.);
#2469=ORIENTED_EDGE('',*,*,#1944,.T.);
#2470=ORIENTED_EDGE('',*,*,#1933,.F.);
#2471=ORIENTED_EDGE('',*,*,#1935,.F.);
#2472=ORIENTED_EDGE('',*,*,#1945,.T.);
#2473=ORIENTED_EDGE('',*,*,#1926,.F.);
#2474=ORIENTED_EDGE('',*,*,#1928,.F.);
#2475=ORIENTED_EDGE('',*,*,#1946,.T.);
#2476=ORIENTED_EDGE('',*,*,#1947,.T.);
#2477=ORIENTED_EDGE('',*,*,#1948,.T.);
#2478=ORIENTED_EDGE('',*,*,#1912,.F.);
#2479=ORIENTED_EDGE('',*,*,#1949,.T.);
#2480=ORIENTED_EDGE('',*,*,#1950,.F.);
#2481=ORIENTED_EDGE('',*,*,#1951,.T.);
#2482=ORIENTED_EDGE('',*,*,#1952,.F.);
#2483=ORIENTED_EDGE('',*,*,#1951,.F.);
#2484=ORIENTED_EDGE('',*,*,#1915,.T.);
#2485=ORIENTED_EDGE('',*,*,#1950,.T.);
#2486=ORIENTED_EDGE('',*,*,#1940,.T.);
#2487=ORIENTED_EDGE('',*,*,#1953,.F.);
#2488=ORIENTED_EDGE('',*,*,#1954,.T.);
#2489=ORIENTED_EDGE('',*,*,#1955,.F.);
#2490=ORIENTED_EDGE('',*,*,#1954,.F.);
#2491=ORIENTED_EDGE('',*,*,#1936,.T.);
#2492=ORIENTED_EDGE('',*,*,#1953,.T.);
#2493=ORIENTED_EDGE('',*,*,#1952,.T.);
#2494=ORIENTED_EDGE('',*,*,#1956,.F.);
#2495=ORIENTED_EDGE('',*,*,#1957,.T.);
#2496=ORIENTED_EDGE('',*,*,#1958,.F.);
#2497=ORIENTED_EDGE('',*,*,#1957,.F.);
#2498=ORIENTED_EDGE('',*,*,#1922,.T.);
#2499=ORIENTED_EDGE('',*,*,#1956,.T.);
#2500=ORIENTED_EDGE('',*,*,#1955,.T.);
#2501=ORIENTED_EDGE('',*,*,#1959,.T.);
#2502=ORIENTED_EDGE('',*,*,#1960,.T.);
#2503=ORIENTED_EDGE('',*,*,#1961,.T.);
#2504=ORIENTED_EDGE('',*,*,#1962,.T.);
#2505=ORIENTED_EDGE('',*,*,#1963,.T.);
#2506=ORIENTED_EDGE('',*,*,#1964,.T.);
#2507=ORIENTED_EDGE('',*,*,#1965,.T.);
#2508=ORIENTED_EDGE('',*,*,#1960,.F.);
#2509=ORIENTED_EDGE('',*,*,#1966,.T.);
#2510=ORIENTED_EDGE('',*,*,#1967,.T.);
#2511=ORIENTED_EDGE('',*,*,#1968,.T.);
#2512=ORIENTED_EDGE('',*,*,#1964,.F.);
#2513=ORIENTED_EDGE('',*,*,#1969,.T.);
#2514=ORIENTED_EDGE('',*,*,#1970,.T.);
#2515=ORIENTED_EDGE('',*,*,#1971,.T.);
#2516=ORIENTED_EDGE('',*,*,#1967,.F.);
#2517=ORIENTED_EDGE('',*,*,#1972,.T.);
#2518=ORIENTED_EDGE('',*,*,#1973,.T.);
#2519=ORIENTED_EDGE('',*,*,#1974,.T.);
#2520=ORIENTED_EDGE('',*,*,#1970,.F.);
#2521=ORIENTED_EDGE('',*,*,#1975,.T.);
#2522=ORIENTED_EDGE('',*,*,#1976,.T.);
#2523=ORIENTED_EDGE('',*,*,#1977,.T.);
#2524=ORIENTED_EDGE('',*,*,#1973,.F.);
#2525=ORIENTED_EDGE('',*,*,#1978,.T.);
#2526=ORIENTED_EDGE('',*,*,#1979,.T.);
#2527=ORIENTED_EDGE('',*,*,#1980,.T.);
#2528=ORIENTED_EDGE('',*,*,#1976,.F.);
#2529=ORIENTED_EDGE('',*,*,#1981,.T.);
#2530=ORIENTED_EDGE('',*,*,#1979,.F.);
#2531=ORIENTED_EDGE('',*,*,#1982,.T.);
#2532=ORIENTED_EDGE('',*,*,#1983,.T.);
#2533=ORIENTED_EDGE('',*,*,#1984,.T.);
#2534=ORIENTED_EDGE('',*,*,#1983,.F.);
#2535=ORIENTED_EDGE('',*,*,#1985,.T.);
#2536=ORIENTED_EDGE('',*,*,#1986,.T.);
#2537=ORIENTED_EDGE('',*,*,#1987,.T.);
#2538=ORIENTED_EDGE('',*,*,#1986,.F.);
#2539=ORIENTED_EDGE('',*,*,#1988,.T.);
#2540=ORIENTED_EDGE('',*,*,#1989,.T.);
#2541=ORIENTED_EDGE('',*,*,#1990,.T.);
#2542=ORIENTED_EDGE('',*,*,#1989,.F.);
#2543=ORIENTED_EDGE('',*,*,#1991,.T.);
#2544=ORIENTED_EDGE('',*,*,#1992,.T.);
#2545=ORIENTED_EDGE('',*,*,#1993,.T.);
#2546=ORIENTED_EDGE('',*,*,#1992,.F.);
#2547=ORIENTED_EDGE('',*,*,#1994,.T.);
#2548=ORIENTED_EDGE('',*,*,#1995,.T.);
#2549=ORIENTED_EDGE('',*,*,#1996,.T.);
#2550=ORIENTED_EDGE('',*,*,#1995,.F.);
#2551=ORIENTED_EDGE('',*,*,#1997,.T.);
#2552=ORIENTED_EDGE('',*,*,#1998,.T.);
#2553=ORIENTED_EDGE('',*,*,#1999,.T.);
#2554=ORIENTED_EDGE('',*,*,#1998,.F.);
#2555=ORIENTED_EDGE('',*,*,#2000,.T.);
#2556=ORIENTED_EDGE('',*,*,#2001,.T.);
#2557=ORIENTED_EDGE('',*,*,#2002,.T.);
#2558=ORIENTED_EDGE('',*,*,#2001,.F.);
#2559=ORIENTED_EDGE('',*,*,#2003,.T.);
#2560=ORIENTED_EDGE('',*,*,#2004,.T.);
#2561=ORIENTED_EDGE('',*,*,#2005,.T.);
#2562=ORIENTED_EDGE('',*,*,#2004,.F.);
#2563=ORIENTED_EDGE('',*,*,#2006,.T.);
#2564=ORIENTED_EDGE('',*,*,#1962,.F.);
#2565=ORIENTED_EDGE('',*,*,#1982,.F.);
#2566=ORIENTED_EDGE('',*,*,#2007,.T.);
#2567=ORIENTED_EDGE('',*,*,#2008,.F.);
#2568=ORIENTED_EDGE('',*,*,#2009,.F.);
#2569=ORIENTED_EDGE('',*,*,#1978,.F.);
#2570=ORIENTED_EDGE('',*,*,#2010,.T.);
#2571=ORIENTED_EDGE('',*,*,#2011,.F.);
#2572=ORIENTED_EDGE('',*,*,#2007,.F.);
#2573=ORIENTED_EDGE('',*,*,#1975,.F.);
#2574=ORIENTED_EDGE('',*,*,#2012,.T.);
#2575=ORIENTED_EDGE('',*,*,#2013,.F.);
#2576=ORIENTED_EDGE('',*,*,#2010,.F.);
#2577=ORIENTED_EDGE('',*,*,#1972,.F.);
#2578=ORIENTED_EDGE('',*,*,#2014,.T.);
#2579=ORIENTED_EDGE('',*,*,#2015,.F.);
#2580=ORIENTED_EDGE('',*,*,#2012,.F.);
#2581=ORIENTED_EDGE('',*,*,#1969,.F.);
#2582=ORIENTED_EDGE('',*,*,#2016,.T.);
#2583=ORIENTED_EDGE('',*,*,#2017,.F.);
#2584=ORIENTED_EDGE('',*,*,#2014,.F.);
#2585=ORIENTED_EDGE('',*,*,#1966,.F.);
#2586=ORIENTED_EDGE('',*,*,#2018,.T.);
#2587=ORIENTED_EDGE('',*,*,#2019,.F.);
#2588=ORIENTED_EDGE('',*,*,#2016,.F.);
#2589=ORIENTED_EDGE('',*,*,#1963,.F.);
#2590=ORIENTED_EDGE('',*,*,#2020,.T.);
#2591=ORIENTED_EDGE('',*,*,#2021,.F.);
#2592=ORIENTED_EDGE('',*,*,#2018,.F.);
#2593=ORIENTED_EDGE('',*,*,#1959,.F.);
#2594=ORIENTED_EDGE('',*,*,#2022,.T.);
#2595=ORIENTED_EDGE('',*,*,#2023,.F.);
#2596=ORIENTED_EDGE('',*,*,#2020,.F.);
#2597=ORIENTED_EDGE('',*,*,#2024,.F.);
#2598=ORIENTED_EDGE('',*,*,#2025,.F.);
#2599=ORIENTED_EDGE('',*,*,#2026,.F.);
#2600=ORIENTED_EDGE('',*,*,#2027,.F.);
#2601=ORIENTED_EDGE('',*,*,#2028,.F.);
#2602=ORIENTED_EDGE('',*,*,#2029,.F.);
#2603=ORIENTED_EDGE('',*,*,#2030,.F.);
#2604=ORIENTED_EDGE('',*,*,#2031,.F.);
#2605=ORIENTED_EDGE('',*,*,#2032,.F.);
#2606=ORIENTED_EDGE('',*,*,#2033,.F.);
#2607=ORIENTED_EDGE('',*,*,#2034,.F.);
#2608=ORIENTED_EDGE('',*,*,#2035,.F.);
#2609=ORIENTED_EDGE('',*,*,#2036,.F.);
#2610=ORIENTED_EDGE('',*,*,#2037,.F.);
#2611=ORIENTED_EDGE('',*,*,#2038,.F.);
#2612=ORIENTED_EDGE('',*,*,#2039,.F.);
#2613=ORIENTED_EDGE('',*,*,#2040,.F.);
#2614=ORIENTED_EDGE('',*,*,#2041,.F.);
#2615=ORIENTED_EDGE('',*,*,#2042,.F.);
#2616=ORIENTED_EDGE('',*,*,#2043,.F.);
#2617=ORIENTED_EDGE('',*,*,#2044,.F.);
#2618=ORIENTED_EDGE('',*,*,#2045,.F.);
#2619=ORIENTED_EDGE('',*,*,#2046,.F.);
#2620=ORIENTED_EDGE('',*,*,#2047,.F.);
#2621=ORIENTED_EDGE('',*,*,#2048,.F.);
#2622=ORIENTED_EDGE('',*,*,#2049,.F.);
#2623=ORIENTED_EDGE('',*,*,#2050,.F.);
#2624=ORIENTED_EDGE('',*,*,#2051,.F.);
#2625=ORIENTED_EDGE('',*,*,#2052,.F.);
#2626=ORIENTED_EDGE('',*,*,#2053,.F.);
#2627=ORIENTED_EDGE('',*,*,#2054,.F.);
#2628=ORIENTED_EDGE('',*,*,#2055,.F.);
#2629=ORIENTED_EDGE('',*,*,#2056,.F.);
#2630=ORIENTED_EDGE('',*,*,#2057,.F.);
#2631=ORIENTED_EDGE('',*,*,#2058,.F.);
#2632=ORIENTED_EDGE('',*,*,#2059,.F.);
#2633=ORIENTED_EDGE('',*,*,#2060,.T.);
#2634=ORIENTED_EDGE('',*,*,#2061,.F.);
#2635=ORIENTED_EDGE('',*,*,#2062,.F.);
#2636=ORIENTED_EDGE('',*,*,#2063,.F.);
#2637=ORIENTED_EDGE('',*,*,#2064,.F.);
#2638=ORIENTED_EDGE('',*,*,#2065,.F.);
#2639=ORIENTED_EDGE('',*,*,#2066,.F.);
#2640=ORIENTED_EDGE('',*,*,#2067,.F.);
#2641=ORIENTED_EDGE('',*,*,#2068,.F.);
#2642=ORIENTED_EDGE('',*,*,#2069,.F.);
#2643=ORIENTED_EDGE('',*,*,#2070,.F.);
#2644=ORIENTED_EDGE('',*,*,#2071,.F.);
#2645=ORIENTED_EDGE('',*,*,#2072,.F.);
#2646=ORIENTED_EDGE('',*,*,#2073,.F.);
#2647=ORIENTED_EDGE('',*,*,#2074,.F.);
#2648=ORIENTED_EDGE('',*,*,#2075,.F.);
#2649=ORIENTED_EDGE('',*,*,#2076,.F.);
#2650=ORIENTED_EDGE('',*,*,#1961,.F.);
#2651=ORIENTED_EDGE('',*,*,#1965,.F.);
#2652=ORIENTED_EDGE('',*,*,#1968,.F.);
#2653=ORIENTED_EDGE('',*,*,#1971,.F.);
#2654=ORIENTED_EDGE('',*,*,#1974,.F.);
#2655=ORIENTED_EDGE('',*,*,#1977,.F.);
#2656=ORIENTED_EDGE('',*,*,#1980,.F.);
#2657=ORIENTED_EDGE('',*,*,#1981,.F.);
#2658=ORIENTED_EDGE('',*,*,#1984,.F.);
#2659=ORIENTED_EDGE('',*,*,#1987,.F.);
#2660=ORIENTED_EDGE('',*,*,#1990,.F.);
#2661=ORIENTED_EDGE('',*,*,#1993,.F.);
#2662=ORIENTED_EDGE('',*,*,#1996,.F.);
#2663=ORIENTED_EDGE('',*,*,#1999,.F.);
#2664=ORIENTED_EDGE('',*,*,#2002,.F.);
#2665=ORIENTED_EDGE('',*,*,#2005,.F.);
#2666=ORIENTED_EDGE('',*,*,#2077,.T.);
#2667=ORIENTED_EDGE('',*,*,#2078,.T.);
#2668=ORIENTED_EDGE('',*,*,#2031,.T.);
#2669=ORIENTED_EDGE('',*,*,#2079,.F.);
#2670=ORIENTED_EDGE('',*,*,#2028,.T.);
#2671=ORIENTED_EDGE('',*,*,#2080,.T.);
#2672=ORIENTED_EDGE('',*,*,#2081,.T.);
#2673=ORIENTED_EDGE('',*,*,#2082,.T.);
#2674=ORIENTED_EDGE('',*,*,#2083,.T.);
#2675=ORIENTED_EDGE('',*,*,#2084,.T.);
#2676=ORIENTED_EDGE('',*,*,#2032,.T.);
#2677=ORIENTED_EDGE('',*,*,#2078,.F.);
#2678=ORIENTED_EDGE('',*,*,#2085,.T.);
#2679=ORIENTED_EDGE('',*,*,#2086,.T.);
#2680=ORIENTED_EDGE('',*,*,#2033,.T.);
#2681=ORIENTED_EDGE('',*,*,#2084,.F.);
#2682=ORIENTED_EDGE('',*,*,#2087,.T.);
#2683=ORIENTED_EDGE('',*,*,#2088,.T.);
#2684=ORIENTED_EDGE('',*,*,#2034,.T.);
#2685=ORIENTED_EDGE('',*,*,#2086,.F.);
#2686=ORIENTED_EDGE('',*,*,#2089,.T.);
#2687=ORIENTED_EDGE('',*,*,#2090,.T.);
#2688=ORIENTED_EDGE('',*,*,#2035,.T.);
#2689=ORIENTED_EDGE('',*,*,#2088,.F.);
#2690=ORIENTED_EDGE('',*,*,#2091,.T.);
#2691=ORIENTED_EDGE('',*,*,#2092,.T.);
#2692=ORIENTED_EDGE('',*,*,#2036,.T.);
#2693=ORIENTED_EDGE('',*,*,#2090,.F.);
#2694=ORIENTED_EDGE('',*,*,#2093,.T.);
#2695=ORIENTED_EDGE('',*,*,#2094,.T.);
#2696=ORIENTED_EDGE('',*,*,#2037,.T.);
#2697=ORIENTED_EDGE('',*,*,#2092,.F.);
#2698=ORIENTED_EDGE('',*,*,#2038,.T.);
#2699=ORIENTED_EDGE('',*,*,#2094,.F.);
#2700=ORIENTED_EDGE('',*,*,#2095,.T.);
#2701=ORIENTED_EDGE('',*,*,#2096,.T.);
#2702=ORIENTED_EDGE('',*,*,#2039,.T.);
#2703=ORIENTED_EDGE('',*,*,#2096,.F.);
#2704=ORIENTED_EDGE('',*,*,#2097,.T.);
#2705=ORIENTED_EDGE('',*,*,#2098,.T.);
#2706=ORIENTED_EDGE('',*,*,#2040,.T.);
#2707=ORIENTED_EDGE('',*,*,#2098,.F.);
#2708=ORIENTED_EDGE('',*,*,#2099,.T.);
#2709=ORIENTED_EDGE('',*,*,#2100,.T.);
#2710=ORIENTED_EDGE('',*,*,#2041,.T.);
#2711=ORIENTED_EDGE('',*,*,#2100,.F.);
#2712=ORIENTED_EDGE('',*,*,#2101,.T.);
#2713=ORIENTED_EDGE('',*,*,#2102,.T.);
#2714=ORIENTED_EDGE('',*,*,#2042,.T.);
#2715=ORIENTED_EDGE('',*,*,#2102,.F.);
#2716=ORIENTED_EDGE('',*,*,#2103,.T.);
#2717=ORIENTED_EDGE('',*,*,#2104,.T.);
#2718=ORIENTED_EDGE('',*,*,#2043,.T.);
#2719=ORIENTED_EDGE('',*,*,#2104,.F.);
#2720=ORIENTED_EDGE('',*,*,#2105,.T.);
#2721=ORIENTED_EDGE('',*,*,#2080,.F.);
#2722=ORIENTED_EDGE('',*,*,#2029,.T.);
#2723=ORIENTED_EDGE('',*,*,#2082,.F.);
#2724=ORIENTED_EDGE('',*,*,#2106,.T.);
#2725=ORIENTED_EDGE('',*,*,#2107,.T.);
#2726=ORIENTED_EDGE('',*,*,#2030,.T.);
#2727=ORIENTED_EDGE('',*,*,#2107,.F.);
#2728=ORIENTED_EDGE('',*,*,#2108,.T.);
#2729=ORIENTED_EDGE('',*,*,#2079,.T.);
#2730=ORIENTED_EDGE('',*,*,#2089,.F.);
#2731=ORIENTED_EDGE('',*,*,#2109,.T.);
#2732=ORIENTED_EDGE('',*,*,#2110,.F.);
#2733=ORIENTED_EDGE('',*,*,#2111,.F.);
#2734=ORIENTED_EDGE('',*,*,#2087,.F.);
#2735=ORIENTED_EDGE('',*,*,#2112,.T.);
#2736=ORIENTED_EDGE('',*,*,#2113,.F.);
#2737=ORIENTED_EDGE('',*,*,#2109,.F.);
#2738=ORIENTED_EDGE('',*,*,#2085,.F.);
#2739=ORIENTED_EDGE('',*,*,#2114,.T.);
#2740=ORIENTED_EDGE('',*,*,#2115,.F.);
#2741=ORIENTED_EDGE('',*,*,#2112,.F.);
#2742=ORIENTED_EDGE('',*,*,#2083,.F.);
#2743=ORIENTED_EDGE('',*,*,#2116,.T.);
#2744=ORIENTED_EDGE('',*,*,#2117,.F.);
#2745=ORIENTED_EDGE('',*,*,#2114,.F.);
#2746=ORIENTED_EDGE('',*,*,#2077,.F.);
#2747=ORIENTED_EDGE('',*,*,#2118,.T.);
#2748=ORIENTED_EDGE('',*,*,#2119,.F.);
#2749=ORIENTED_EDGE('',*,*,#2116,.F.);
#2750=ORIENTED_EDGE('',*,*,#2108,.F.);
#2751=ORIENTED_EDGE('',*,*,#2120,.T.);
#2752=ORIENTED_EDGE('',*,*,#2121,.F.);
#2753=ORIENTED_EDGE('',*,*,#2118,.F.);
#2754=ORIENTED_EDGE('',*,*,#2106,.F.);
#2755=ORIENTED_EDGE('',*,*,#2122,.T.);
#2756=ORIENTED_EDGE('',*,*,#2123,.F.);
#2757=ORIENTED_EDGE('',*,*,#2120,.F.);
#2758=ORIENTED_EDGE('',*,*,#2081,.F.);
#2759=ORIENTED_EDGE('',*,*,#2124,.T.);
#2760=ORIENTED_EDGE('',*,*,#2125,.F.);
#2761=ORIENTED_EDGE('',*,*,#2122,.F.);
#2762=ORIENTED_EDGE('',*,*,#2126,.T.);
#2763=ORIENTED_EDGE('',*,*,#2127,.T.);
#2764=ORIENTED_EDGE('',*,*,#2061,.T.);
#2765=ORIENTED_EDGE('',*,*,#2128,.T.);
#2766=ORIENTED_EDGE('',*,*,#2129,.T.);
#2767=ORIENTED_EDGE('',*,*,#2130,.T.);
#2768=ORIENTED_EDGE('',*,*,#2062,.T.);
#2769=ORIENTED_EDGE('',*,*,#2127,.F.);
#2770=ORIENTED_EDGE('',*,*,#2131,.T.);
#2771=ORIENTED_EDGE('',*,*,#2132,.T.);
#2772=ORIENTED_EDGE('',*,*,#2063,.T.);
#2773=ORIENTED_EDGE('',*,*,#2130,.F.);
#2774=ORIENTED_EDGE('',*,*,#2133,.T.);
#2775=ORIENTED_EDGE('',*,*,#2134,.T.);
#2776=ORIENTED_EDGE('',*,*,#2064,.T.);
#2777=ORIENTED_EDGE('',*,*,#2132,.F.);
#2778=ORIENTED_EDGE('',*,*,#2135,.T.);
#2779=ORIENTED_EDGE('',*,*,#2136,.T.);
#2780=ORIENTED_EDGE('',*,*,#2065,.T.);
#2781=ORIENTED_EDGE('',*,*,#2134,.F.);
#2782=ORIENTED_EDGE('',*,*,#2137,.T.);
#2783=ORIENTED_EDGE('',*,*,#2138,.T.);
#2784=ORIENTED_EDGE('',*,*,#2066,.T.);
#2785=ORIENTED_EDGE('',*,*,#2136,.F.);
#2786=ORIENTED_EDGE('',*,*,#2067,.T.);
#2787=ORIENTED_EDGE('',*,*,#2138,.F.);
#2788=ORIENTED_EDGE('',*,*,#2139,.T.);
#2789=ORIENTED_EDGE('',*,*,#2140,.T.);
#2790=ORIENTED_EDGE('',*,*,#2068,.T.);
#2791=ORIENTED_EDGE('',*,*,#2140,.F.);
#2792=ORIENTED_EDGE('',*,*,#2141,.T.);
#2793=ORIENTED_EDGE('',*,*,#2142,.T.);
#2794=ORIENTED_EDGE('',*,*,#2069,.T.);
#2795=ORIENTED_EDGE('',*,*,#2142,.F.);
#2796=ORIENTED_EDGE('',*,*,#2143,.T.);
#2797=ORIENTED_EDGE('',*,*,#2144,.T.);
#2798=ORIENTED_EDGE('',*,*,#2070,.T.);
#2799=ORIENTED_EDGE('',*,*,#2144,.F.);
#2800=ORIENTED_EDGE('',*,*,#2145,.T.);
#2801=ORIENTED_EDGE('',*,*,#2146,.T.);
#2802=ORIENTED_EDGE('',*,*,#2071,.T.);
#2803=ORIENTED_EDGE('',*,*,#2146,.F.);
#2804=ORIENTED_EDGE('',*,*,#2147,.T.);
#2805=ORIENTED_EDGE('',*,*,#2148,.T.);
#2806=ORIENTED_EDGE('',*,*,#2072,.T.);
#2807=ORIENTED_EDGE('',*,*,#2148,.F.);
#2808=ORIENTED_EDGE('',*,*,#2149,.T.);
#2809=ORIENTED_EDGE('',*,*,#2150,.T.);
#2810=ORIENTED_EDGE('',*,*,#2073,.T.);
#2811=ORIENTED_EDGE('',*,*,#2150,.F.);
#2812=ORIENTED_EDGE('',*,*,#2151,.T.);
#2813=ORIENTED_EDGE('',*,*,#2152,.T.);
#2814=ORIENTED_EDGE('',*,*,#2153,.T.);
#2815=ORIENTED_EDGE('',*,*,#2128,.F.);
#2816=ORIENTED_EDGE('',*,*,#2076,.T.);
#2817=ORIENTED_EDGE('',*,*,#2154,.F.);
#2818=ORIENTED_EDGE('',*,*,#2074,.T.);
#2819=ORIENTED_EDGE('',*,*,#2152,.F.);
#2820=ORIENTED_EDGE('',*,*,#2155,.T.);
#2821=ORIENTED_EDGE('',*,*,#2156,.T.);
#2822=ORIENTED_EDGE('',*,*,#2075,.T.);
#2823=ORIENTED_EDGE('',*,*,#2156,.F.);
#2824=ORIENTED_EDGE('',*,*,#2157,.T.);
#2825=ORIENTED_EDGE('',*,*,#2154,.T.);
#2826=ORIENTED_EDGE('',*,*,#2141,.F.);
#2827=ORIENTED_EDGE('',*,*,#2158,.T.);
#2828=ORIENTED_EDGE('',*,*,#2159,.F.);
#2829=ORIENTED_EDGE('',*,*,#2160,.F.);
#2830=ORIENTED_EDGE('',*,*,#2139,.F.);
#2831=ORIENTED_EDGE('',*,*,#2161,.T.);
#2832=ORIENTED_EDGE('',*,*,#2162,.F.);
#2833=ORIENTED_EDGE('',*,*,#2158,.F.);
#2834=ORIENTED_EDGE('',*,*,#2137,.F.);
#2835=ORIENTED_EDGE('',*,*,#2163,.T.);
#2836=ORIENTED_EDGE('',*,*,#2164,.F.);
#2837=ORIENTED_EDGE('',*,*,#2161,.F.);
#2838=ORIENTED_EDGE('',*,*,#2135,.F.);
#2839=ORIENTED_EDGE('',*,*,#2165,.T.);
#2840=ORIENTED_EDGE('',*,*,#2166,.F.);
#2841=ORIENTED_EDGE('',*,*,#2163,.F.);
#2842=ORIENTED_EDGE('',*,*,#2133,.F.);
#2843=ORIENTED_EDGE('',*,*,#2167,.T.);
#2844=ORIENTED_EDGE('',*,*,#2168,.F.);
#2845=ORIENTED_EDGE('',*,*,#2165,.F.);
#2846=ORIENTED_EDGE('',*,*,#2131,.F.);
#2847=ORIENTED_EDGE('',*,*,#2169,.T.);
#2848=ORIENTED_EDGE('',*,*,#2170,.F.);
#2849=ORIENTED_EDGE('',*,*,#2167,.F.);
#2850=ORIENTED_EDGE('',*,*,#2129,.F.);
#2851=ORIENTED_EDGE('',*,*,#2171,.T.);
#2852=ORIENTED_EDGE('',*,*,#2172,.F.);
#2853=ORIENTED_EDGE('',*,*,#2169,.F.);
#2854=ORIENTED_EDGE('',*,*,#2126,.F.);
#2855=ORIENTED_EDGE('',*,*,#2173,.T.);
#2856=ORIENTED_EDGE('',*,*,#2174,.F.);
#2857=ORIENTED_EDGE('',*,*,#2171,.F.);
#2858=ORIENTED_EDGE('',*,*,#2175,.T.);
#2859=ORIENTED_EDGE('',*,*,#2176,.T.);
#2860=ORIENTED_EDGE('',*,*,#2053,.T.);
#2861=ORIENTED_EDGE('',*,*,#2177,.F.);
#2862=ORIENTED_EDGE('',*,*,#2178,.T.);
#2863=ORIENTED_EDGE('',*,*,#2179,.T.);
#2864=ORIENTED_EDGE('',*,*,#2054,.T.);
#2865=ORIENTED_EDGE('',*,*,#2176,.F.);
#2866=ORIENTED_EDGE('',*,*,#2180,.T.);
#2867=ORIENTED_EDGE('',*,*,#2181,.T.);
#2868=ORIENTED_EDGE('',*,*,#2055,.T.);
#2869=ORIENTED_EDGE('',*,*,#2179,.F.);
#2870=ORIENTED_EDGE('',*,*,#2182,.T.);
#2871=ORIENTED_EDGE('',*,*,#2183,.T.);
#2872=ORIENTED_EDGE('',*,*,#2056,.T.);
#2873=ORIENTED_EDGE('',*,*,#2181,.F.);
#2874=ORIENTED_EDGE('',*,*,#2184,.T.);
#2875=ORIENTED_EDGE('',*,*,#2185,.T.);
#2876=ORIENTED_EDGE('',*,*,#2057,.T.);
#2877=ORIENTED_EDGE('',*,*,#2183,.F.);
#2878=ORIENTED_EDGE('',*,*,#2186,.T.);
#2879=ORIENTED_EDGE('',*,*,#2187,.T.);
#2880=ORIENTED_EDGE('',*,*,#2058,.T.);
#2881=ORIENTED_EDGE('',*,*,#2185,.F.);
#2882=ORIENTED_EDGE('',*,*,#2044,.T.);
#2883=ORIENTED_EDGE('',*,*,#2188,.T.);
#2884=ORIENTED_EDGE('',*,*,#2189,.T.);
#2885=ORIENTED_EDGE('',*,*,#2190,.T.);
#2886=ORIENTED_EDGE('',*,*,#2191,.T.);
#2887=ORIENTED_EDGE('',*,*,#2188,.F.);
#2888=ORIENTED_EDGE('',*,*,#2059,.T.);
#2889=ORIENTED_EDGE('',*,*,#2187,.F.);
#2890=ORIENTED_EDGE('',*,*,#2045,.T.);
#2891=ORIENTED_EDGE('',*,*,#2190,.F.);
#2892=ORIENTED_EDGE('',*,*,#2192,.T.);
#2893=ORIENTED_EDGE('',*,*,#2193,.T.);
#2894=ORIENTED_EDGE('',*,*,#2046,.T.);
#2895=ORIENTED_EDGE('',*,*,#2193,.F.);
#2896=ORIENTED_EDGE('',*,*,#2194,.T.);
#2897=ORIENTED_EDGE('',*,*,#2195,.T.);
#2898=ORIENTED_EDGE('',*,*,#2047,.T.);
#2899=ORIENTED_EDGE('',*,*,#2195,.F.);
#2900=ORIENTED_EDGE('',*,*,#2196,.T.);
#2901=ORIENTED_EDGE('',*,*,#2197,.T.);
#2902=ORIENTED_EDGE('',*,*,#2048,.T.);
#2903=ORIENTED_EDGE('',*,*,#2197,.F.);
#2904=ORIENTED_EDGE('',*,*,#2198,.T.);
#2905=ORIENTED_EDGE('',*,*,#2199,.T.);
#2906=ORIENTED_EDGE('',*,*,#2049,.T.);
#2907=ORIENTED_EDGE('',*,*,#2199,.F.);
#2908=ORIENTED_EDGE('',*,*,#2200,.T.);
#2909=ORIENTED_EDGE('',*,*,#2201,.T.);
#2910=ORIENTED_EDGE('',*,*,#2050,.T.);
#2911=ORIENTED_EDGE('',*,*,#2201,.F.);
#2912=ORIENTED_EDGE('',*,*,#2202,.T.);
#2913=ORIENTED_EDGE('',*,*,#2203,.T.);
#2914=ORIENTED_EDGE('',*,*,#2051,.T.);
#2915=ORIENTED_EDGE('',*,*,#2203,.F.);
#2916=ORIENTED_EDGE('',*,*,#2204,.T.);
#2917=ORIENTED_EDGE('',*,*,#2205,.T.);
#2918=ORIENTED_EDGE('',*,*,#2052,.T.);
#2919=ORIENTED_EDGE('',*,*,#2205,.F.);
#2920=ORIENTED_EDGE('',*,*,#2206,.T.);
#2921=ORIENTED_EDGE('',*,*,#2177,.T.);
#2922=ORIENTED_EDGE('',*,*,#2204,.F.);
#2923=ORIENTED_EDGE('',*,*,#2207,.T.);
#2924=ORIENTED_EDGE('',*,*,#2208,.F.);
#2925=ORIENTED_EDGE('',*,*,#2209,.F.);
#2926=ORIENTED_EDGE('',*,*,#2202,.F.);
#2927=ORIENTED_EDGE('',*,*,#2210,.T.);
#2928=ORIENTED_EDGE('',*,*,#2211,.F.);
#2929=ORIENTED_EDGE('',*,*,#2207,.F.);
#2930=ORIENTED_EDGE('',*,*,#2200,.F.);
#2931=ORIENTED_EDGE('',*,*,#2212,.T.);
#2932=ORIENTED_EDGE('',*,*,#2213,.F.);
#2933=ORIENTED_EDGE('',*,*,#2210,.F.);
#2934=ORIENTED_EDGE('',*,*,#2198,.F.);
#2935=ORIENTED_EDGE('',*,*,#2214,.T.);
#2936=ORIENTED_EDGE('',*,*,#2215,.F.);
#2937=ORIENTED_EDGE('',*,*,#2212,.F.);
#2938=ORIENTED_EDGE('',*,*,#2196,.F.);
#2939=ORIENTED_EDGE('',*,*,#2216,.T.);
#2940=ORIENTED_EDGE('',*,*,#2217,.F.);
#2941=ORIENTED_EDGE('',*,*,#2214,.F.);
#2942=ORIENTED_EDGE('',*,*,#2194,.F.);
#2943=ORIENTED_EDGE('',*,*,#2218,.T.);
#2944=ORIENTED_EDGE('',*,*,#2219,.F.);
#2945=ORIENTED_EDGE('',*,*,#2216,.F.);
#2946=ORIENTED_EDGE('',*,*,#2192,.F.);
#2947=ORIENTED_EDGE('',*,*,#2220,.T.);
#2948=ORIENTED_EDGE('',*,*,#2221,.F.);
#2949=ORIENTED_EDGE('',*,*,#2218,.F.);
#2950=ORIENTED_EDGE('',*,*,#2189,.F.);
#2951=ORIENTED_EDGE('',*,*,#2222,.T.);
#2952=ORIENTED_EDGE('',*,*,#2223,.F.);
#2953=ORIENTED_EDGE('',*,*,#2220,.F.);
#2954=ORIENTED_EDGE('',*,*,#2224,.T.);
#2955=ORIENTED_EDGE('',*,*,#2225,.T.);
#2956=ORIENTED_EDGE('',*,*,#2159,.T.);
#2957=ORIENTED_EDGE('',*,*,#2226,.F.);
#2958=ORIENTED_EDGE('',*,*,#2227,.T.);
#2959=ORIENTED_EDGE('',*,*,#2228,.T.);
#2960=ORIENTED_EDGE('',*,*,#2229,.T.);
#2961=ORIENTED_EDGE('',*,*,#2225,.F.);
#2962=ORIENTED_EDGE('',*,*,#2230,.T.);
#2963=ORIENTED_EDGE('',*,*,#2231,.T.);
#2964=ORIENTED_EDGE('',*,*,#2232,.T.);
#2965=ORIENTED_EDGE('',*,*,#2228,.F.);
#2966=ORIENTED_EDGE('',*,*,#2233,.T.);
#2967=ORIENTED_EDGE('',*,*,#2234,.T.);
#2968=ORIENTED_EDGE('',*,*,#2235,.T.);
#2969=ORIENTED_EDGE('',*,*,#2231,.F.);
#2970=ORIENTED_EDGE('',*,*,#2236,.T.);
#2971=ORIENTED_EDGE('',*,*,#2237,.T.);
#2972=ORIENTED_EDGE('',*,*,#2238,.T.);
#2973=ORIENTED_EDGE('',*,*,#2234,.F.);
#2974=ORIENTED_EDGE('',*,*,#2239,.T.);
#2975=ORIENTED_EDGE('',*,*,#2240,.T.);
#2976=ORIENTED_EDGE('',*,*,#2241,.T.);
#2977=ORIENTED_EDGE('',*,*,#2237,.F.);
#2978=ORIENTED_EDGE('',*,*,#2242,.T.);
#2979=ORIENTED_EDGE('',*,*,#2243,.T.);
#2980=ORIENTED_EDGE('',*,*,#2244,.T.);
#2981=ORIENTED_EDGE('',*,*,#2240,.F.);
#2982=ORIENTED_EDGE('',*,*,#2245,.T.);
#2983=ORIENTED_EDGE('',*,*,#2246,.T.);
#2984=ORIENTED_EDGE('',*,*,#2247,.T.);
#2985=ORIENTED_EDGE('',*,*,#2243,.F.);
#2986=ORIENTED_EDGE('',*,*,#2248,.T.);
#2987=ORIENTED_EDGE('',*,*,#2249,.T.);
#2988=ORIENTED_EDGE('',*,*,#2250,.T.);
#2989=ORIENTED_EDGE('',*,*,#2246,.F.);
#2990=ORIENTED_EDGE('',*,*,#2174,.T.);
#2991=ORIENTED_EDGE('',*,*,#2249,.F.);
#2992=ORIENTED_EDGE('',*,*,#2251,.T.);
#2993=ORIENTED_EDGE('',*,*,#2252,.T.);
#2994=ORIENTED_EDGE('',*,*,#2172,.T.);
#2995=ORIENTED_EDGE('',*,*,#2252,.F.);
#2996=ORIENTED_EDGE('',*,*,#2253,.T.);
#2997=ORIENTED_EDGE('',*,*,#2254,.T.);
#2998=ORIENTED_EDGE('',*,*,#2170,.T.);
#2999=ORIENTED_EDGE('',*,*,#2254,.F.);
#3000=ORIENTED_EDGE('',*,*,#2255,.T.);
#3001=ORIENTED_EDGE('',*,*,#2256,.T.);
#3002=ORIENTED_EDGE('',*,*,#2168,.T.);
#3003=ORIENTED_EDGE('',*,*,#2256,.F.);
#3004=ORIENTED_EDGE('',*,*,#2257,.T.);
#3005=ORIENTED_EDGE('',*,*,#2258,.T.);
#3006=ORIENTED_EDGE('',*,*,#2166,.T.);
#3007=ORIENTED_EDGE('',*,*,#2258,.F.);
#3008=ORIENTED_EDGE('',*,*,#2259,.T.);
#3009=ORIENTED_EDGE('',*,*,#2260,.T.);
#3010=ORIENTED_EDGE('',*,*,#2164,.T.);
#3011=ORIENTED_EDGE('',*,*,#2260,.F.);
#3012=ORIENTED_EDGE('',*,*,#2261,.T.);
#3013=ORIENTED_EDGE('',*,*,#2262,.T.);
#3014=ORIENTED_EDGE('',*,*,#2162,.T.);
#3015=ORIENTED_EDGE('',*,*,#2262,.F.);
#3016=ORIENTED_EDGE('',*,*,#2263,.T.);
#3017=ORIENTED_EDGE('',*,*,#2226,.T.);
#3018=ORIENTED_EDGE('',*,*,#2224,.F.);
#3019=ORIENTED_EDGE('',*,*,#2263,.F.);
#3020=ORIENTED_EDGE('',*,*,#2261,.F.);
#3021=ORIENTED_EDGE('',*,*,#2259,.F.);
#3022=ORIENTED_EDGE('',*,*,#2257,.F.);
#3023=ORIENTED_EDGE('',*,*,#2255,.F.);
#3024=ORIENTED_EDGE('',*,*,#2253,.F.);
#3025=ORIENTED_EDGE('',*,*,#2251,.F.);
#3026=ORIENTED_EDGE('',*,*,#2248,.F.);
#3027=ORIENTED_EDGE('',*,*,#2245,.F.);
#3028=ORIENTED_EDGE('',*,*,#2242,.F.);
#3029=ORIENTED_EDGE('',*,*,#2239,.F.);
#3030=ORIENTED_EDGE('',*,*,#2236,.F.);
#3031=ORIENTED_EDGE('',*,*,#2233,.F.);
#3032=ORIENTED_EDGE('',*,*,#2230,.F.);
#3033=ORIENTED_EDGE('',*,*,#2227,.F.);
#3034=ORIENTED_EDGE('',*,*,#2264,.T.);
#3035=ORIENTED_EDGE('',*,*,#2265,.T.);
#3036=ORIENTED_EDGE('',*,*,#2110,.T.);
#3037=ORIENTED_EDGE('',*,*,#2266,.F.);
#3038=ORIENTED_EDGE('',*,*,#2267,.T.);
#3039=ORIENTED_EDGE('',*,*,#2268,.T.);
#3040=ORIENTED_EDGE('',*,*,#2269,.T.);
#3041=ORIENTED_EDGE('',*,*,#2265,.F.);
#3042=ORIENTED_EDGE('',*,*,#2270,.T.);
#3043=ORIENTED_EDGE('',*,*,#2271,.T.);
#3044=ORIENTED_EDGE('',*,*,#2272,.T.);
#3045=ORIENTED_EDGE('',*,*,#2268,.F.);
#3046=ORIENTED_EDGE('',*,*,#2273,.T.);
#3047=ORIENTED_EDGE('',*,*,#2274,.T.);
#3048=ORIENTED_EDGE('',*,*,#2275,.T.);
#3049=ORIENTED_EDGE('',*,*,#2271,.F.);
#3050=ORIENTED_EDGE('',*,*,#2276,.T.);
#3051=ORIENTED_EDGE('',*,*,#2277,.T.);
#3052=ORIENTED_EDGE('',*,*,#2278,.T.);
#3053=ORIENTED_EDGE('',*,*,#2274,.F.);
#3054=ORIENTED_EDGE('',*,*,#2279,.T.);
#3055=ORIENTED_EDGE('',*,*,#2280,.T.);
#3056=ORIENTED_EDGE('',*,*,#2281,.T.);
#3057=ORIENTED_EDGE('',*,*,#2277,.F.);
#3058=ORIENTED_EDGE('',*,*,#2282,.T.);
#3059=ORIENTED_EDGE('',*,*,#2283,.T.);
#3060=ORIENTED_EDGE('',*,*,#2284,.T.);
#3061=ORIENTED_EDGE('',*,*,#2280,.F.);
#3062=ORIENTED_EDGE('',*,*,#2285,.T.);
#3063=ORIENTED_EDGE('',*,*,#2286,.T.);
#3064=ORIENTED_EDGE('',*,*,#2287,.T.);
#3065=ORIENTED_EDGE('',*,*,#2283,.F.);
#3066=ORIENTED_EDGE('',*,*,#2288,.T.);
#3067=ORIENTED_EDGE('',*,*,#2289,.T.);
#3068=ORIENTED_EDGE('',*,*,#2290,.T.);
#3069=ORIENTED_EDGE('',*,*,#2286,.F.);
#3070=ORIENTED_EDGE('',*,*,#2125,.T.);
#3071=ORIENTED_EDGE('',*,*,#2289,.F.);
#3072=ORIENTED_EDGE('',*,*,#2291,.T.);
#3073=ORIENTED_EDGE('',*,*,#2292,.T.);
#3074=ORIENTED_EDGE('',*,*,#2123,.T.);
#3075=ORIENTED_EDGE('',*,*,#2292,.F.);
#3076=ORIENTED_EDGE('',*,*,#2293,.T.);
#3077=ORIENTED_EDGE('',*,*,#2294,.T.);
#3078=ORIENTED_EDGE('',*,*,#2121,.T.);
#3079=ORIENTED_EDGE('',*,*,#2294,.F.);
#3080=ORIENTED_EDGE('',*,*,#2295,.T.);
#3081=ORIENTED_EDGE('',*,*,#2296,.T.);
#3082=ORIENTED_EDGE('',*,*,#2119,.T.);
#3083=ORIENTED_EDGE('',*,*,#2296,.F.);
#3084=ORIENTED_EDGE('',*,*,#2297,.T.);
#3085=ORIENTED_EDGE('',*,*,#2298,.T.);
#3086=ORIENTED_EDGE('',*,*,#2117,.T.);
#3087=ORIENTED_EDGE('',*,*,#2298,.F.);
#3088=ORIENTED_EDGE('',*,*,#2299,.T.);
#3089=ORIENTED_EDGE('',*,*,#2300,.T.);
#3090=ORIENTED_EDGE('',*,*,#2115,.T.);
#3091=ORIENTED_EDGE('',*,*,#2300,.F.);
#3092=ORIENTED_EDGE('',*,*,#2301,.T.);
#3093=ORIENTED_EDGE('',*,*,#2302,.T.);
#3094=ORIENTED_EDGE('',*,*,#2113,.T.);
#3095=ORIENTED_EDGE('',*,*,#2302,.F.);
#3096=ORIENTED_EDGE('',*,*,#2303,.T.);
#3097=ORIENTED_EDGE('',*,*,#2266,.T.);
#3098=ORIENTED_EDGE('',*,*,#2264,.F.);
#3099=ORIENTED_EDGE('',*,*,#2303,.F.);
#3100=ORIENTED_EDGE('',*,*,#2301,.F.);
#3101=ORIENTED_EDGE('',*,*,#2299,.F.);
#3102=ORIENTED_EDGE('',*,*,#2297,.F.);
#3103=ORIENTED_EDGE('',*,*,#2295,.F.);
#3104=ORIENTED_EDGE('',*,*,#2293,.F.);
#3105=ORIENTED_EDGE('',*,*,#2291,.F.);
#3106=ORIENTED_EDGE('',*,*,#2288,.F.);
#3107=ORIENTED_EDGE('',*,*,#2285,.F.);
#3108=ORIENTED_EDGE('',*,*,#2282,.F.);
#3109=ORIENTED_EDGE('',*,*,#2279,.F.);
#3110=ORIENTED_EDGE('',*,*,#2276,.F.);
#3111=ORIENTED_EDGE('',*,*,#2273,.F.);
#3112=ORIENTED_EDGE('',*,*,#2270,.F.);
#3113=ORIENTED_EDGE('',*,*,#2267,.F.);
#3114=ORIENTED_EDGE('',*,*,#2304,.T.);
#3115=ORIENTED_EDGE('',*,*,#2305,.T.);
#3116=ORIENTED_EDGE('',*,*,#2008,.T.);
#3117=ORIENTED_EDGE('',*,*,#2306,.F.);
#3118=ORIENTED_EDGE('',*,*,#2307,.T.);
#3119=ORIENTED_EDGE('',*,*,#2308,.T.);
#3120=ORIENTED_EDGE('',*,*,#2309,.T.);
#3121=ORIENTED_EDGE('',*,*,#2305,.F.);
#3122=ORIENTED_EDGE('',*,*,#2310,.T.);
#3123=ORIENTED_EDGE('',*,*,#2311,.T.);
#3124=ORIENTED_EDGE('',*,*,#2312,.T.);
#3125=ORIENTED_EDGE('',*,*,#2308,.F.);
#3126=ORIENTED_EDGE('',*,*,#2313,.T.);
#3127=ORIENTED_EDGE('',*,*,#2314,.T.);
#3128=ORIENTED_EDGE('',*,*,#2315,.T.);
#3129=ORIENTED_EDGE('',*,*,#2311,.F.);
#3130=ORIENTED_EDGE('',*,*,#2316,.T.);
#3131=ORIENTED_EDGE('',*,*,#2317,.T.);
#3132=ORIENTED_EDGE('',*,*,#2318,.T.);
#3133=ORIENTED_EDGE('',*,*,#2314,.F.);
#3134=ORIENTED_EDGE('',*,*,#2319,.T.);
#3135=ORIENTED_EDGE('',*,*,#2320,.T.);
#3136=ORIENTED_EDGE('',*,*,#2321,.T.);
#3137=ORIENTED_EDGE('',*,*,#2317,.F.);
#3138=ORIENTED_EDGE('',*,*,#2322,.T.);
#3139=ORIENTED_EDGE('',*,*,#2323,.T.);
#3140=ORIENTED_EDGE('',*,*,#2324,.T.);
#3141=ORIENTED_EDGE('',*,*,#2320,.F.);
#3142=ORIENTED_EDGE('',*,*,#2325,.T.);
#3143=ORIENTED_EDGE('',*,*,#2326,.T.);
#3144=ORIENTED_EDGE('',*,*,#2327,.T.);
#3145=ORIENTED_EDGE('',*,*,#2323,.F.);
#3146=ORIENTED_EDGE('',*,*,#2328,.T.);
#3147=ORIENTED_EDGE('',*,*,#2329,.T.);
#3148=ORIENTED_EDGE('',*,*,#2330,.T.);
#3149=ORIENTED_EDGE('',*,*,#2326,.F.);
#3150=ORIENTED_EDGE('',*,*,#2023,.T.);
#3151=ORIENTED_EDGE('',*,*,#2329,.F.);
#3152=ORIENTED_EDGE('',*,*,#2331,.T.);
#3153=ORIENTED_EDGE('',*,*,#2332,.T.);
#3154=ORIENTED_EDGE('',*,*,#2021,.T.);
#3155=ORIENTED_EDGE('',*,*,#2332,.F.);
#3156=ORIENTED_EDGE('',*,*,#2333,.T.);
#3157=ORIENTED_EDGE('',*,*,#2334,.T.);
#3158=ORIENTED_EDGE('',*,*,#2019,.T.);
#3159=ORIENTED_EDGE('',*,*,#2334,.F.);
#3160=ORIENTED_EDGE('',*,*,#2335,.T.);
#3161=ORIENTED_EDGE('',*,*,#2336,.T.);
#3162=ORIENTED_EDGE('',*,*,#2017,.T.);
#3163=ORIENTED_EDGE('',*,*,#2336,.F.);
#3164=ORIENTED_EDGE('',*,*,#2337,.T.);
#3165=ORIENTED_EDGE('',*,*,#2338,.T.);
#3166=ORIENTED_EDGE('',*,*,#2015,.T.);
#3167=ORIENTED_EDGE('',*,*,#2338,.F.);
#3168=ORIENTED_EDGE('',*,*,#2339,.T.);
#3169=ORIENTED_EDGE('',*,*,#2340,.T.);
#3170=ORIENTED_EDGE('',*,*,#2013,.T.);
#3171=ORIENTED_EDGE('',*,*,#2340,.F.);
#3172=ORIENTED_EDGE('',*,*,#2341,.T.);
#3173=ORIENTED_EDGE('',*,*,#2342,.T.);
#3174=ORIENTED_EDGE('',*,*,#2011,.T.);
#3175=ORIENTED_EDGE('',*,*,#2342,.F.);
#3176=ORIENTED_EDGE('',*,*,#2343,.T.);
#3177=ORIENTED_EDGE('',*,*,#2306,.T.);
#3178=ORIENTED_EDGE('',*,*,#2304,.F.);
#3179=ORIENTED_EDGE('',*,*,#2343,.F.);
#3180=ORIENTED_EDGE('',*,*,#2341,.F.);
#3181=ORIENTED_EDGE('',*,*,#2339,.F.);
#3182=ORIENTED_EDGE('',*,*,#2337,.F.);
#3183=ORIENTED_EDGE('',*,*,#2335,.F.);
#3184=ORIENTED_EDGE('',*,*,#2333,.F.);
#3185=ORIENTED_EDGE('',*,*,#2331,.F.);
#3186=ORIENTED_EDGE('',*,*,#2328,.F.);
#3187=ORIENTED_EDGE('',*,*,#2325,.F.);
#3188=ORIENTED_EDGE('',*,*,#2322,.F.);
#3189=ORIENTED_EDGE('',*,*,#2319,.F.);
#3190=ORIENTED_EDGE('',*,*,#2316,.F.);
#3191=ORIENTED_EDGE('',*,*,#2313,.F.);
#3192=ORIENTED_EDGE('',*,*,#2310,.F.);
#3193=ORIENTED_EDGE('',*,*,#2307,.F.);
#3194=ORIENTED_EDGE('',*,*,#2344,.T.);
#3195=ORIENTED_EDGE('',*,*,#2345,.T.);
#3196=ORIENTED_EDGE('',*,*,#2208,.T.);
#3197=ORIENTED_EDGE('',*,*,#2346,.F.);
#3198=ORIENTED_EDGE('',*,*,#2347,.T.);
#3199=ORIENTED_EDGE('',*,*,#2348,.T.);
#3200=ORIENTED_EDGE('',*,*,#2349,.T.);
#3201=ORIENTED_EDGE('',*,*,#2345,.F.);
#3202=ORIENTED_EDGE('',*,*,#2350,.T.);
#3203=ORIENTED_EDGE('',*,*,#2351,.T.);
#3204=ORIENTED_EDGE('',*,*,#2352,.T.);
#3205=ORIENTED_EDGE('',*,*,#2348,.F.);
#3206=ORIENTED_EDGE('',*,*,#2353,.T.);
#3207=ORIENTED_EDGE('',*,*,#2354,.T.);
#3208=ORIENTED_EDGE('',*,*,#2355,.T.);
#3209=ORIENTED_EDGE('',*,*,#2351,.F.);
#3210=ORIENTED_EDGE('',*,*,#2356,.T.);
#3211=ORIENTED_EDGE('',*,*,#2357,.T.);
#3212=ORIENTED_EDGE('',*,*,#2358,.T.);
#3213=ORIENTED_EDGE('',*,*,#2354,.F.);
#3214=ORIENTED_EDGE('',*,*,#2359,.T.);
#3215=ORIENTED_EDGE('',*,*,#2360,.T.);
#3216=ORIENTED_EDGE('',*,*,#2361,.T.);
#3217=ORIENTED_EDGE('',*,*,#2357,.F.);
#3218=ORIENTED_EDGE('',*,*,#2362,.T.);
#3219=ORIENTED_EDGE('',*,*,#2363,.T.);
#3220=ORIENTED_EDGE('',*,*,#2364,.T.);
#3221=ORIENTED_EDGE('',*,*,#2360,.F.);
#3222=ORIENTED_EDGE('',*,*,#2365,.T.);
#3223=ORIENTED_EDGE('',*,*,#2366,.T.);
#3224=ORIENTED_EDGE('',*,*,#2367,.T.);
#3225=ORIENTED_EDGE('',*,*,#2363,.F.);
#3226=ORIENTED_EDGE('',*,*,#2368,.T.);
#3227=ORIENTED_EDGE('',*,*,#2369,.T.);
#3228=ORIENTED_EDGE('',*,*,#2370,.T.);
#3229=ORIENTED_EDGE('',*,*,#2366,.F.);
#3230=ORIENTED_EDGE('',*,*,#2223,.T.);
#3231=ORIENTED_EDGE('',*,*,#2369,.F.);
#3232=ORIENTED_EDGE('',*,*,#2371,.T.);
#3233=ORIENTED_EDGE('',*,*,#2372,.T.);
#3234=ORIENTED_EDGE('',*,*,#2221,.T.);
#3235=ORIENTED_EDGE('',*,*,#2372,.F.);
#3236=ORIENTED_EDGE('',*,*,#2373,.T.);
#3237=ORIENTED_EDGE('',*,*,#2374,.T.);
#3238=ORIENTED_EDGE('',*,*,#2219,.T.);
#3239=ORIENTED_EDGE('',*,*,#2374,.F.);
#3240=ORIENTED_EDGE('',*,*,#2375,.T.);
#3241=ORIENTED_EDGE('',*,*,#2376,.T.);
#3242=ORIENTED_EDGE('',*,*,#2217,.T.);
#3243=ORIENTED_EDGE('',*,*,#2376,.F.);
#3244=ORIENTED_EDGE('',*,*,#2377,.T.);
#3245=ORIENTED_EDGE('',*,*,#2378,.T.);
#3246=ORIENTED_EDGE('',*,*,#2215,.T.);
#3247=ORIENTED_EDGE('',*,*,#2378,.F.);
#3248=ORIENTED_EDGE('',*,*,#2379,.T.);
#3249=ORIENTED_EDGE('',*,*,#2380,.T.);
#3250=ORIENTED_EDGE('',*,*,#2213,.T.);
#3251=ORIENTED_EDGE('',*,*,#2380,.F.);
#3252=ORIENTED_EDGE('',*,*,#2381,.T.);
#3253=ORIENTED_EDGE('',*,*,#2382,.T.);
#3254=ORIENTED_EDGE('',*,*,#2211,.T.);
#3255=ORIENTED_EDGE('',*,*,#2382,.F.);
#3256=ORIENTED_EDGE('',*,*,#2383,.T.);
#3257=ORIENTED_EDGE('',*,*,#2346,.T.);
#3258=ORIENTED_EDGE('',*,*,#2344,.F.);
#3259=ORIENTED_EDGE('',*,*,#2383,.F.);
#3260=ORIENTED_EDGE('',*,*,#2381,.F.);
#3261=ORIENTED_EDGE('',*,*,#2379,.F.);
#3262=ORIENTED_EDGE('',*,*,#2377,.F.);
#3263=ORIENTED_EDGE('',*,*,#2375,.F.);
#3264=ORIENTED_EDGE('',*,*,#2373,.F.);
#3265=ORIENTED_EDGE('',*,*,#2371,.F.);
#3266=ORIENTED_EDGE('',*,*,#2368,.F.);
#3267=ORIENTED_EDGE('',*,*,#2365,.F.);
#3268=ORIENTED_EDGE('',*,*,#2362,.F.);
#3269=ORIENTED_EDGE('',*,*,#2359,.F.);
#3270=ORIENTED_EDGE('',*,*,#2356,.F.);
#3271=ORIENTED_EDGE('',*,*,#2353,.F.);
#3272=ORIENTED_EDGE('',*,*,#2350,.F.);
#3273=ORIENTED_EDGE('',*,*,#2347,.F.);
#3274=ORIENTED_EDGE('',*,*,#2091,.F.);
#3275=ORIENTED_EDGE('',*,*,#2111,.T.);
#3276=ORIENTED_EDGE('',*,*,#2269,.F.);
#3277=ORIENTED_EDGE('',*,*,#2384,.F.);
#3278=ORIENTED_EDGE('',*,*,#2093,.F.);
#3279=ORIENTED_EDGE('',*,*,#2384,.T.);
#3280=ORIENTED_EDGE('',*,*,#2272,.F.);
#3281=ORIENTED_EDGE('',*,*,#2385,.F.);
#3282=ORIENTED_EDGE('',*,*,#2095,.F.);
#3283=ORIENTED_EDGE('',*,*,#2385,.T.);
#3284=ORIENTED_EDGE('',*,*,#2275,.F.);
#3285=ORIENTED_EDGE('',*,*,#2386,.F.);
#3286=ORIENTED_EDGE('',*,*,#2097,.F.);
#3287=ORIENTED_EDGE('',*,*,#2386,.T.);
#3288=ORIENTED_EDGE('',*,*,#2278,.F.);
#3289=ORIENTED_EDGE('',*,*,#2387,.F.);
#3290=ORIENTED_EDGE('',*,*,#2099,.F.);
#3291=ORIENTED_EDGE('',*,*,#2387,.T.);
#3292=ORIENTED_EDGE('',*,*,#2281,.F.);
#3293=ORIENTED_EDGE('',*,*,#2388,.F.);
#3294=ORIENTED_EDGE('',*,*,#2101,.F.);
#3295=ORIENTED_EDGE('',*,*,#2388,.T.);
#3296=ORIENTED_EDGE('',*,*,#2284,.F.);
#3297=ORIENTED_EDGE('',*,*,#2389,.F.);
#3298=ORIENTED_EDGE('',*,*,#2103,.F.);
#3299=ORIENTED_EDGE('',*,*,#2389,.T.);
#3300=ORIENTED_EDGE('',*,*,#2287,.F.);
#3301=ORIENTED_EDGE('',*,*,#2390,.F.);
#3302=ORIENTED_EDGE('',*,*,#2105,.F.);
#3303=ORIENTED_EDGE('',*,*,#2390,.T.);
#3304=ORIENTED_EDGE('',*,*,#2290,.F.);
#3305=ORIENTED_EDGE('',*,*,#2124,.F.);
#3306=ORIENTED_EDGE('',*,*,#2143,.F.);
#3307=ORIENTED_EDGE('',*,*,#2160,.T.);
#3308=ORIENTED_EDGE('',*,*,#2229,.F.);
#3309=ORIENTED_EDGE('',*,*,#2391,.F.);
#3310=ORIENTED_EDGE('',*,*,#2145,.F.);
#3311=ORIENTED_EDGE('',*,*,#2391,.T.);
#3312=ORIENTED_EDGE('',*,*,#2232,.F.);
#3313=ORIENTED_EDGE('',*,*,#2392,.F.);
#3314=ORIENTED_EDGE('',*,*,#2147,.F.);
#3315=ORIENTED_EDGE('',*,*,#2392,.T.);
#3316=ORIENTED_EDGE('',*,*,#2235,.F.);
#3317=ORIENTED_EDGE('',*,*,#2393,.F.);
#3318=ORIENTED_EDGE('',*,*,#2149,.F.);
#3319=ORIENTED_EDGE('',*,*,#2393,.T.);
#3320=ORIENTED_EDGE('',*,*,#2238,.F.);
#3321=ORIENTED_EDGE('',*,*,#2394,.F.);
#3322=ORIENTED_EDGE('',*,*,#2151,.F.);
#3323=ORIENTED_EDGE('',*,*,#2394,.T.);
#3324=ORIENTED_EDGE('',*,*,#2241,.F.);
#3325=ORIENTED_EDGE('',*,*,#2395,.F.);
#3326=ORIENTED_EDGE('',*,*,#2155,.F.);
#3327=ORIENTED_EDGE('',*,*,#2395,.T.);
#3328=ORIENTED_EDGE('',*,*,#2244,.F.);
#3329=ORIENTED_EDGE('',*,*,#2396,.F.);
#3330=ORIENTED_EDGE('',*,*,#2157,.F.);
#3331=ORIENTED_EDGE('',*,*,#2396,.T.);
#3332=ORIENTED_EDGE('',*,*,#2247,.F.);
#3333=ORIENTED_EDGE('',*,*,#2397,.F.);
#3334=ORIENTED_EDGE('',*,*,#2153,.F.);
#3335=ORIENTED_EDGE('',*,*,#2397,.T.);
#3336=ORIENTED_EDGE('',*,*,#2250,.F.);
#3337=ORIENTED_EDGE('',*,*,#2173,.F.);
#3338=ORIENTED_EDGE('',*,*,#1985,.F.);
#3339=ORIENTED_EDGE('',*,*,#2009,.T.);
#3340=ORIENTED_EDGE('',*,*,#2309,.F.);
#3341=ORIENTED_EDGE('',*,*,#2398,.F.);
#3342=ORIENTED_EDGE('',*,*,#1988,.F.);
#3343=ORIENTED_EDGE('',*,*,#2398,.T.);
#3344=ORIENTED_EDGE('',*,*,#2312,.F.);
#3345=ORIENTED_EDGE('',*,*,#2399,.F.);
#3346=ORIENTED_EDGE('',*,*,#1991,.F.);
#3347=ORIENTED_EDGE('',*,*,#2399,.T.);
#3348=ORIENTED_EDGE('',*,*,#2315,.F.);
#3349=ORIENTED_EDGE('',*,*,#2400,.F.);
#3350=ORIENTED_EDGE('',*,*,#1994,.F.);
#3351=ORIENTED_EDGE('',*,*,#2400,.T.);
#3352=ORIENTED_EDGE('',*,*,#2318,.F.);
#3353=ORIENTED_EDGE('',*,*,#2401,.F.);
#3354=ORIENTED_EDGE('',*,*,#1997,.F.);
#3355=ORIENTED_EDGE('',*,*,#2401,.T.);
#3356=ORIENTED_EDGE('',*,*,#2321,.F.);
#3357=ORIENTED_EDGE('',*,*,#2402,.F.);
#3358=ORIENTED_EDGE('',*,*,#2000,.F.);
#3359=ORIENTED_EDGE('',*,*,#2402,.T.);
#3360=ORIENTED_EDGE('',*,*,#2324,.F.);
#3361=ORIENTED_EDGE('',*,*,#2403,.F.);
#3362=ORIENTED_EDGE('',*,*,#2003,.F.);
#3363=ORIENTED_EDGE('',*,*,#2403,.T.);
#3364=ORIENTED_EDGE('',*,*,#2327,.F.);
#3365=ORIENTED_EDGE('',*,*,#2404,.F.);
#3366=ORIENTED_EDGE('',*,*,#2006,.F.);
#3367=ORIENTED_EDGE('',*,*,#2404,.T.);
#3368=ORIENTED_EDGE('',*,*,#2330,.F.);
#3369=ORIENTED_EDGE('',*,*,#2022,.F.);
#3370=ORIENTED_EDGE('',*,*,#2206,.F.);
#3371=ORIENTED_EDGE('',*,*,#2209,.T.);
#3372=ORIENTED_EDGE('',*,*,#2349,.F.);
#3373=ORIENTED_EDGE('',*,*,#2405,.F.);
#3374=ORIENTED_EDGE('',*,*,#2175,.F.);
#3375=ORIENTED_EDGE('',*,*,#2405,.T.);
#3376=ORIENTED_EDGE('',*,*,#2352,.F.);
#3377=ORIENTED_EDGE('',*,*,#2406,.F.);
#3378=ORIENTED_EDGE('',*,*,#2178,.F.);
#3379=ORIENTED_EDGE('',*,*,#2406,.T.);
#3380=ORIENTED_EDGE('',*,*,#2355,.F.);
#3381=ORIENTED_EDGE('',*,*,#2407,.F.);
#3382=ORIENTED_EDGE('',*,*,#2180,.F.);
#3383=ORIENTED_EDGE('',*,*,#2407,.T.);
#3384=ORIENTED_EDGE('',*,*,#2358,.F.);
#3385=ORIENTED_EDGE('',*,*,#2408,.F.);
#3386=ORIENTED_EDGE('',*,*,#2182,.F.);
#3387=ORIENTED_EDGE('',*,*,#2408,.T.);
#3388=ORIENTED_EDGE('',*,*,#2361,.F.);
#3389=ORIENTED_EDGE('',*,*,#2409,.F.);
#3390=ORIENTED_EDGE('',*,*,#2184,.F.);
#3391=ORIENTED_EDGE('',*,*,#2409,.T.);
#3392=ORIENTED_EDGE('',*,*,#2364,.F.);
#3393=ORIENTED_EDGE('',*,*,#2410,.F.);
#3394=ORIENTED_EDGE('',*,*,#2186,.F.);
#3395=ORIENTED_EDGE('',*,*,#2410,.T.);
#3396=ORIENTED_EDGE('',*,*,#2367,.F.);
#3397=ORIENTED_EDGE('',*,*,#2411,.F.);
#3398=ORIENTED_EDGE('',*,*,#2191,.F.);
#3399=ORIENTED_EDGE('',*,*,#2411,.T.);
#3400=ORIENTED_EDGE('',*,*,#2370,.F.);
#3401=ORIENTED_EDGE('',*,*,#2222,.F.);
#3402=ORIENTED_EDGE('',*,*,#2060,.F.);
#3403=ORIENTED_EDGE('',*,*,#2412,.T.);
#3404=ORIENTED_EDGE('',*,*,#1949,.F.);
#3405=ORIENTED_EDGE('',*,*,#2412,.F.);
#3406=ORIENTED_EDGE('',*,*,#2025,.T.);
#3407=ORIENTED_EDGE('',*,*,#2413,.T.);
#3408=ORIENTED_EDGE('',*,*,#1946,.F.);
#3409=ORIENTED_EDGE('',*,*,#1927,.T.);
#3410=ORIENTED_EDGE('',*,*,#1945,.F.);
#3411=ORIENTED_EDGE('',*,*,#1934,.T.);
#3412=ORIENTED_EDGE('',*,*,#1944,.F.);
#3413=ORIENTED_EDGE('',*,*,#2414,.F.);
#3414=ORIENTED_EDGE('',*,*,#2026,.T.);
#3415=ORIENTED_EDGE('',*,*,#2414,.T.);
#3416=ORIENTED_EDGE('',*,*,#1943,.F.);
#3417=ORIENTED_EDGE('',*,*,#2415,.F.);
#3418=ORIENTED_EDGE('',*,*,#2027,.T.);
#3419=ORIENTED_EDGE('',*,*,#2415,.T.);
#3420=ORIENTED_EDGE('',*,*,#1942,.F.);
#3421=ORIENTED_EDGE('',*,*,#1920,.T.);
#3422=ORIENTED_EDGE('',*,*,#1941,.F.);
#3423=ORIENTED_EDGE('',*,*,#1913,.T.);
#3424=ORIENTED_EDGE('',*,*,#1948,.F.);
#3425=ORIENTED_EDGE('',*,*,#2416,.F.);
#3426=ORIENTED_EDGE('',*,*,#2024,.T.);
#3427=ORIENTED_EDGE('',*,*,#2416,.T.);
#3428=ORIENTED_EDGE('',*,*,#1947,.F.);
#3429=ORIENTED_EDGE('',*,*,#2413,.F.);
#3430=ORIENTED_EDGE('',*,*,#1958,.T.);
#3431=TOROIDAL_SURFACE('',#3672,9.33012701892241,5.);
#3432=TOROIDAL_SURFACE('',#3679,9.33012701892334,5.);
#3433=TOROIDAL_SURFACE('',#3686,9.33012701892219,5.);
#3434=TOROIDAL_SURFACE('',#3693,9.33012701892218,5.);
#3435=ADVANCED_FACE('',(#1126),#3431,.F.);
#3436=ADVANCED_FACE('',(#1127),#1053,.T.);
#3437=ADVANCED_FACE('',(#1128),#3432,.F.);
#3438=ADVANCED_FACE('',(#1129),#1054,.T.);
#3439=ADVANCED_FACE('',(#1130),#3433,.F.);
#3440=ADVANCED_FACE('',(#1131),#1055,.T.);
#3441=ADVANCED_FACE('',(#1132),#3434,.F.);
#3442=ADVANCED_FACE('',(#1133),#1056,.T.);
#3443=ADVANCED_FACE('',(#1134),#1057,.F.);
#3444=ADVANCED_FACE('',(#1135,#79),#89,.T.);
#3445=ADVANCED_FACE('',(#1136,#80),#90,.T.);
#3446=ADVANCED_FACE('',(#1137),#1058,.F.);
#3447=ADVANCED_FACE('',(#1138,#81),#91,.T.);
#3448=ADVANCED_FACE('',(#1139),#92,.T.);
#3449=ADVANCED_FACE('',(#1140),#1059,.F.);
#3450=ADVANCED_FACE('',(#1141,#82),#93,.T.);
#3451=ADVANCED_FACE('',(#1142),#94,.T.);
#3452=ADVANCED_FACE('',(#1143),#1060,.F.);
#3453=ADVANCED_FACE('',(#1144,#83),#95,.T.);
#3454=ADVANCED_FACE('',(#1145),#96,.T.);
#3455=ADVANCED_FACE('',(#1146),#1061,.F.);
#3456=ADVANCED_FACE('',(#1147),#1062,.F.);
#3457=ADVANCED_FACE('',(#1148),#1063,.F.);
#3458=ADVANCED_FACE('',(#1149),#1064,.F.);
#3459=ADVANCED_FACE('',(#1150),#1065,.F.);
#3460=ADVANCED_FACE('',(#1151),#1066,.F.);
#3461=ADVANCED_FACE('',(#1152),#1067,.F.);
#3462=ADVANCED_FACE('',(#1153),#1068,.F.);
#3463=ADVANCED_FACE('',(#1154),#1069,.F.);
#3464=ADVANCED_FACE('',(#1155),#1070,.F.);
#3465=ADVANCED_FACE('',(#1156),#1071,.F.);
#3466=ADVANCED_FACE('',(#1157),#1072,.F.);
#3467=ADVANCED_FACE('',(#1158),#1073,.F.);
#3468=ADVANCED_FACE('',(#1159),#1074,.F.);
#3469=ADVANCED_FACE('',(#1160),#1075,.F.);
#3470=ADVANCED_FACE('',(#1161),#1076,.F.);
#3471=ADVANCED_FACE('',(#1162),#97,.T.);
#3472=ADVANCED_FACE('',(#1163),#98,.T.);
#3473=ADVANCED_FACE('',(#1164),#99,.T.);
#3474=ADVANCED_FACE('',(#1165),#100,.T.);
#3475=ADVANCED_FACE('',(#1166),#101,.T.);
#3476=ADVANCED_FACE('',(#1167),#102,.T.);
#3477=ADVANCED_FACE('',(#1168),#103,.T.);
#3478=ADVANCED_FACE('',(#1169),#104,.T.);
#3479=ADVANCED_FACE('',(#1170,#84,#85,#86,#87,#88),#105,.F.);
#3480=ADVANCED_FACE('',(#1171),#1077,.F.);
#3481=ADVANCED_FACE('',(#1172),#1078,.F.);
#3482=ADVANCED_FACE('',(#1173),#1079,.F.);
#3483=ADVANCED_FACE('',(#1174),#1080,.F.);
#3484=ADVANCED_FACE('',(#1175),#1081,.F.);
#3485=ADVANCED_FACE('',(#1176),#1082,.F.);
#3486=ADVANCED_FACE('',(#1177),#1083,.F.);
#3487=ADVANCED_FACE('',(#1178),#1084,.F.);
#3488=ADVANCED_FACE('',(#1179),#1085,.F.);
#3489=ADVANCED_FACE('',(#1180),#1086,.F.);
#3490=ADVANCED_FACE('',(#1181),#1087,.F.);
#3491=ADVANCED_FACE('',(#1182),#1088,.F.);
#3492=ADVANCED_FACE('',(#1183),#1089,.F.);
#3493=ADVANCED_FACE('',(#1184),#1090,.F.);
#3494=ADVANCED_FACE('',(#1185),#1091,.F.);
#3495=ADVANCED_FACE('',(#1186),#1092,.F.);
#3496=ADVANCED_FACE('',(#1187),#106,.T.);
#3497=ADVANCED_FACE('',(#1188),#107,.T.);
#3498=ADVANCED_FACE('',(#1189),#108,.T.);
#3499=ADVANCED_FACE('',(#1190),#109,.T.);
#3500=ADVANCED_FACE('',(#1191),#110,.T.);
#3501=ADVANCED_FACE('',(#1192),#111,.T.);
#3502=ADVANCED_FACE('',(#1193),#112,.T.);
#3503=ADVANCED_FACE('',(#1194),#113,.T.);
#3504=ADVANCED_FACE('',(#1195),#1093,.F.);
#3505=ADVANCED_FACE('',(#1196),#1094,.F.);
#3506=ADVANCED_FACE('',(#1197),#1095,.F.);
#3507=ADVANCED_FACE('',(#1198),#1096,.F.);
#3508=ADVANCED_FACE('',(#1199),#1097,.F.);
#3509=ADVANCED_FACE('',(#1200),#1098,.F.);
#3510=ADVANCED_FACE('',(#1201),#1099,.F.);
#3511=ADVANCED_FACE('',(#1202),#1100,.F.);
#3512=ADVANCED_FACE('',(#1203),#1101,.F.);
#3513=ADVANCED_FACE('',(#1204),#1102,.F.);
#3514=ADVANCED_FACE('',(#1205),#1103,.F.);
#3515=ADVANCED_FACE('',(#1206),#1104,.F.);
#3516=ADVANCED_FACE('',(#1207),#1105,.F.);
#3517=ADVANCED_FACE('',(#1208),#1106,.F.);
#3518=ADVANCED_FACE('',(#1209),#1107,.F.);
#3519=ADVANCED_FACE('',(#1210),#1108,.F.);
#3520=ADVANCED_FACE('',(#1211),#114,.T.);
#3521=ADVANCED_FACE('',(#1212),#115,.T.);
#3522=ADVANCED_FACE('',(#1213),#116,.T.);
#3523=ADVANCED_FACE('',(#1214),#117,.T.);
#3524=ADVANCED_FACE('',(#1215),#118,.T.);
#3525=ADVANCED_FACE('',(#1216),#119,.T.);
#3526=ADVANCED_FACE('',(#1217),#120,.T.);
#3527=ADVANCED_FACE('',(#1218),#121,.T.);
#3528=ADVANCED_FACE('',(#1219),#1109,.F.);
#3529=ADVANCED_FACE('',(#1220),#1110,.F.);
#3530=ADVANCED_FACE('',(#1221),#1111,.F.);
#3531=ADVANCED_FACE('',(#1222),#1112,.F.);
#3532=ADVANCED_FACE('',(#1223),#1113,.F.);
#3533=ADVANCED_FACE('',(#1224),#1114,.F.);
#3534=ADVANCED_FACE('',(#1225),#1115,.F.);
#3535=ADVANCED_FACE('',(#1226),#1116,.F.);
#3536=ADVANCED_FACE('',(#1227),#1117,.F.);
#3537=ADVANCED_FACE('',(#1228),#1118,.F.);
#3538=ADVANCED_FACE('',(#1229),#1119,.F.);
#3539=ADVANCED_FACE('',(#1230),#1120,.F.);
#3540=ADVANCED_FACE('',(#1231),#1121,.F.);
#3541=ADVANCED_FACE('',(#1232),#1122,.F.);
#3542=ADVANCED_FACE('',(#1233),#1123,.F.);
#3543=ADVANCED_FACE('',(#1234),#1124,.F.);
#3544=ADVANCED_FACE('',(#1235),#122,.T.);
#3545=ADVANCED_FACE('',(#1236),#123,.T.);
#3546=ADVANCED_FACE('',(#1237),#124,.T.);
#3547=ADVANCED_FACE('',(#1238),#125,.T.);
#3548=ADVANCED_FACE('',(#1239),#126,.T.);
#3549=ADVANCED_FACE('',(#1240),#127,.T.);
#3550=ADVANCED_FACE('',(#1241),#128,.T.);
#3551=ADVANCED_FACE('',(#1242),#129,.T.);
#3552=ADVANCED_FACE('',(#1243),#130,.T.);
#3553=ADVANCED_FACE('',(#1244),#131,.T.);
#3554=ADVANCED_FACE('',(#1245),#132,.T.);
#3555=ADVANCED_FACE('',(#1246),#133,.T.);
#3556=ADVANCED_FACE('',(#1247),#134,.T.);
#3557=ADVANCED_FACE('',(#1248),#135,.T.);
#3558=ADVANCED_FACE('',(#1249),#136,.T.);
#3559=ADVANCED_FACE('',(#1250),#137,.T.);
#3560=ADVANCED_FACE('',(#1251),#138,.T.);
#3561=ADVANCED_FACE('',(#1252),#139,.T.);
#3562=ADVANCED_FACE('',(#1253),#140,.T.);
#3563=ADVANCED_FACE('',(#1254),#141,.T.);
#3564=ADVANCED_FACE('',(#1255),#142,.T.);
#3565=ADVANCED_FACE('',(#1256),#143,.T.);
#3566=ADVANCED_FACE('',(#1257),#144,.T.);
#3567=ADVANCED_FACE('',(#1258),#145,.T.);
#3568=ADVANCED_FACE('',(#1259),#146,.T.);
#3569=ADVANCED_FACE('',(#1260),#147,.T.);
#3570=ADVANCED_FACE('',(#1261),#148,.T.);
#3571=ADVANCED_FACE('',(#1262),#149,.T.);
#3572=ADVANCED_FACE('',(#1263),#150,.T.);
#3573=ADVANCED_FACE('',(#1264),#151,.T.);
#3574=ADVANCED_FACE('',(#1265),#152,.T.);
#3575=ADVANCED_FACE('',(#1266),#153,.T.);
#3576=ADVANCED_FACE('',(#1267),#154,.T.);
#3577=ADVANCED_FACE('',(#1268),#155,.T.);
#3578=ADVANCED_FACE('',(#1269),#156,.T.);
#3579=ADVANCED_FACE('',(#1270),#157,.T.);
#3580=ADVANCED_FACE('',(#1271),#158,.T.);
#3581=ADVANCED_FACE('',(#1272),#159,.T.);
#3582=ADVANCED_FACE('',(#1273),#160,.T.);
#3583=ADVANCED_FACE('',(#1274),#161,.T.);
#3584=ADVANCED_FACE('',(#1275),#162,.T.);
#3585=ADVANCED_FACE('',(#1276),#163,.T.);
#3586=ADVANCED_FACE('',(#1277),#164,.T.);
#3587=ADVANCED_FACE('',(#1278),#165,.T.);
#3588=ADVANCED_FACE('',(#1279),#166,.T.);
#3589=ADVANCED_FACE('',(#1280),#167,.T.);
#3590=ADVANCED_FACE('',(#1281),#168,.T.);
#3591=ADVANCED_FACE('',(#1282),#169,.T.);
#3592=ADVANCED_FACE('',(#1283),#170,.T.);
#3593=ADVANCED_FACE('',(#1284),#171,.T.);
#3594=ADVANCED_FACE('',(#1285),#172,.T.);
#3595=ADVANCED_FACE('',(#1286),#173,.T.);
#3596=ADVANCED_FACE('',(#1287),#174,.T.);
#3597=ADVANCED_FACE('',(#1288),#175,.T.);
#3598=ADVANCED_FACE('',(#1289),#176,.T.);
#3599=ADVANCED_FACE('',(#1290),#177,.T.);
#3600=ADVANCED_FACE('',(#1291),#178,.T.);
#3601=ADVANCED_FACE('',(#1292),#179,.T.);
#3602=ADVANCED_FACE('',(#1293),#180,.T.);
#3603=ADVANCED_FACE('',(#1294),#181,.T.);
#3604=ADVANCED_FACE('',(#1295),#182,.T.);
#3605=ADVANCED_FACE('',(#1296),#183,.T.);
#3606=ADVANCED_FACE('',(#1297),#184,.T.);
#3607=ADVANCED_FACE('',(#1298),#185,.T.);
#3608=ADVANCED_FACE('',(#1299),#186,.T.);
#3609=ADVANCED_FACE('',(#1300),#187,.T.);
#3610=ADVANCED_FACE('',(#1301),#188,.T.);
#3611=ADVANCED_FACE('',(#1302),#189,.T.);
#3612=ADVANCED_FACE('',(#1303),#190,.T.);
#3613=ADVANCED_FACE('',(#1304),#191,.T.);
#3614=ADVANCED_FACE('',(#1305),#192,.T.);
#3615=ADVANCED_FACE('',(#1306),#193,.T.);
#3616=ADVANCED_FACE('',(#1307),#194,.T.);
#3617=ADVANCED_FACE('',(#1308),#195,.T.);
#3618=ADVANCED_FACE('',(#1309),#196,.T.);
#3619=ADVANCED_FACE('',(#1310),#197,.T.);
#3620=ADVANCED_FACE('',(#1311),#198,.T.);
#3621=ADVANCED_FACE('',(#1312),#199,.T.);
#3622=ADVANCED_FACE('',(#1313),#200,.T.);
#3623=ADVANCED_FACE('',(#1314),#201,.T.);
#3624=ADVANCED_FACE('',(#1315),#202,.T.);
#3625=ADVANCED_FACE('',(#1316),#203,.T.);
#3626=ADVANCED_FACE('',(#1317),#204,.T.);
#3627=ADVANCED_FACE('',(#1318),#205,.T.);
#3628=ADVANCED_FACE('',(#1319),#206,.T.);
#3629=ADVANCED_FACE('',(#1320),#207,.T.);
#3630=ADVANCED_FACE('',(#1321),#208,.T.);
#3631=ADVANCED_FACE('',(#1322),#209,.T.);
#3632=ADVANCED_FACE('',(#1323),#210,.T.);
#3633=ADVANCED_FACE('',(#1324),#211,.T.);
#3634=ADVANCED_FACE('',(#1325),#212,.T.);
#3635=ADVANCED_FACE('',(#1326),#213,.T.);
#3636=ADVANCED_FACE('',(#1327),#214,.T.);
#3637=ADVANCED_FACE('',(#1328),#215,.T.);
#3638=ADVANCED_FACE('',(#1329),#216,.T.);
#3639=ADVANCED_FACE('',(#1330),#217,.T.);
#3640=ADVANCED_FACE('',(#1331),#218,.T.);
#3641=ADVANCED_FACE('',(#1332),#219,.T.);
#3642=ADVANCED_FACE('',(#1333),#220,.T.);
#3643=ADVANCED_FACE('',(#1334),#221,.T.);
#3644=ADVANCED_FACE('',(#1335),#222,.T.);
#3645=ADVANCED_FACE('',(#1336),#223,.T.);
#3646=ADVANCED_FACE('',(#1337),#224,.T.);
#3647=ADVANCED_FACE('',(#1338),#225,.T.);
#3648=ADVANCED_FACE('',(#1339),#226,.T.);
#3649=ADVANCED_FACE('',(#1340),#227,.T.);
#3650=ADVANCED_FACE('',(#1341),#228,.T.);
#3651=ADVANCED_FACE('',(#1342),#229,.T.);
#3652=ADVANCED_FACE('',(#1343),#1125,.F.);
#3653=ADVANCED_FACE('',(#1344),#230,.T.);
#3654=ADVANCED_FACE('',(#1345),#231,.T.);
#3655=ADVANCED_FACE('',(#1346),#232,.T.);
#3656=ADVANCED_FACE('',(#1347),#233,.T.);
#3657=ADVANCED_FACE('',(#1348),#234,.T.);
#3658=CLOSED_SHELL('',(#3435,#3436,#3437,#3438,#3439,#3440,#3441,#3442,
#3443,#3444,#3445,#3446,#3447,#3448,#3449,#3450,#3451,#3452,#3453,#3454,
#3455,#3456,#3457,#3458,#3459,#3460,#3461,#3462,#3463,#3464,#3465,#3466,
#3467,#3468,#3469,#3470,#3471,#3472,#3473,#3474,#3475,#3476,#3477,#3478,
#3479,#3480,#3481,#3482,#3483,#3484,#3485,#3486,#3487,#3488,#3489,#3490,
#3491,#3492,#3493,#3494,#3495,#3496,#3497,#3498,#3499,#3500,#3501,#3502,
#3503,#3504,#3505,#3506,#3507,#3508,#3509,#3510,#3511,#3512,#3513,#3514,
#3515,#3516,#3517,#3518,#3519,#3520,#3521,#3522,#3523,#3524,#3525,#3526,
#3527,#3528,#3529,#3530,#3531,#3532,#3533,#3534,#3535,#3536,#3537,#3538,
#3539,#3540,#3541,#3542,#3543,#3544,#3545,#3546,#3547,#3548,#3549,#3550,
#3551,#3552,#3553,#3554,#3555,#3556,#3557,#3558,#3559,#3560,#3561,#3562,
#3563,#3564,#3565,#3566,#3567,#3568,#3569,#3570,#3571,#3572,#3573,#3574,
#3575,#3576,#3577,#3578,#3579,#3580,#3581,#3582,#3583,#3584,#3585,#3586,
#3587,#3588,#3589,#3590,#3591,#3592,#3593,#3594,#3595,#3596,#3597,#3598,
#3599,#3600,#3601,#3602,#3603,#3604,#3605,#3606,#3607,#3608,#3609,#3610,
#3611,#3612,#3613,#3614,#3615,#3616,#3617,#3618,#3619,#3620,#3621,#3622,
#3623,#3624,#3625,#3626,#3627,#3628,#3629,#3630,#3631,#3632,#3633,#3634,
#3635,#3636,#3637,#3638,#3639,#3640,#3641,#3642,#3643,#3644,#3645,#3646,
#3647,#3648,#3649,#3650,#3651,#3652,#3653,#3654,#3655,#3656,#3657));
#3659=DERIVED_UNIT_ELEMENT(#3661,1.);
#3660=DERIVED_UNIT_ELEMENT(#6168,-3.);
#3661=(
MASS_UNIT()
NAMED_UNIT(*)
SI_UNIT(.KILO.,.GRAM.)
);
#3662=DERIVED_UNIT((#3659,#3660));
#3663=MEASURE_REPRESENTATION_ITEM('density measure',
POSITIVE_RATIO_MEASURE(7850.),#3662);
#3664=PROPERTY_DEFINITION_REPRESENTATION(#3669,#3666);
#3665=PROPERTY_DEFINITION_REPRESENTATION(#3670,#3667);
#3666=REPRESENTATION('material name',(#3668),#6165);
#3667=REPRESENTATION('density',(#3663),#6165);
#3668=DESCRIPTIVE_REPRESENTATION_ITEM('\X2\92FC\X0\','\X2\92FC\X0\');
#3669=PROPERTY_DEFINITION('material property','material name',#6175);
#3670=PROPERTY_DEFINITION('material property','density of part',#6175);
#3671=AXIS2_PLACEMENT_3D('',#5034,#3989,#3990);
#3672=AXIS2_PLACEMENT_3D('',#5035,#3991,#3992);
#3673=AXIS2_PLACEMENT_3D('',#5037,#3993,#3994);
#3674=AXIS2_PLACEMENT_3D('',#5039,#3995,#3996);
#3675=AXIS2_PLACEMENT_3D('',#5041,#3997,#3998);
#3676=AXIS2_PLACEMENT_3D('',#5073,#3999,#4000);
#3677=AXIS2_PLACEMENT_3D('',#5074,#4001,#4002);
#3678=AXIS2_PLACEMENT_3D('',#5076,#4003,#4004);
#3679=AXIS2_PLACEMENT_3D('',#5078,#4006,#4007);
#3680=AXIS2_PLACEMENT_3D('',#5080,#4008,#4009);
#3681=AXIS2_PLACEMENT_3D('',#5082,#4010,#4011);
#3682=AXIS2_PLACEMENT_3D('',#5084,#4012,#4013);
#3683=AXIS2_PLACEMENT_3D('',#5116,#4014,#4015);
#3684=AXIS2_PLACEMENT_3D('',#5117,#4016,#4017);
#3685=AXIS2_PLACEMENT_3D('',#5119,#4018,#4019);
#3686=AXIS2_PLACEMENT_3D('',#5121,#4021,#4022);
#3687=AXIS2_PLACEMENT_3D('',#5123,#4023,#4024);
#3688=AXIS2_PLACEMENT_3D('',#5125,#4025,#4026);
#3689=AXIS2_PLACEMENT_3D('',#5127,#4027,#4028);
#3690=AXIS2_PLACEMENT_3D('',#5147,#4029,#4030);
#3691=AXIS2_PLACEMENT_3D('',#5148,#4031,#4032);
#3692=AXIS2_PLACEMENT_3D('',#5150,#4033,#4034);
#3693=AXIS2_PLACEMENT_3D('',#5152,#4036,#4037);
#3694=AXIS2_PLACEMENT_3D('',#5154,#4038,#4039);
#3695=AXIS2_PLACEMENT_3D('',#5156,#4040,#4041);
#3696=AXIS2_PLACEMENT_3D('',#5158,#4042,#4043);
#3697=AXIS2_PLACEMENT_3D('',#5190,#4044,#4045);
#3698=AXIS2_PLACEMENT_3D('',#5191,#4046,#4047);
#3699=AXIS2_PLACEMENT_3D('',#5193,#4048,#4049);
#3700=AXIS2_PLACEMENT_3D('',#5195,#4051,#4052);
#3701=AXIS2_PLACEMENT_3D('',#5197,#4053,#4054);
#3702=AXIS2_PLACEMENT_3D('',#5200,#4056,#4057);
#3703=AXIS2_PLACEMENT_3D('',#5201,#4058,#4059);
#3704=AXIS2_PLACEMENT_3D('',#5202,#4060,#4061);
#3705=AXIS2_PLACEMENT_3D('',#5216,#4070,#4071);
#3706=AXIS2_PLACEMENT_3D('',#5217,#4072,#4073);
#3707=AXIS2_PLACEMENT_3D('',#5219,#4074,#4075);
#3708=AXIS2_PLACEMENT_3D('',#5222,#4077,#4078);
#3709=AXIS2_PLACEMENT_3D('',#5223,#4079,#4080);
#3710=AXIS2_PLACEMENT_3D('',#5224,#4081,#4082);
#3711=AXIS2_PLACEMENT_3D('',#5225,#4083,#4084);
#3712=AXIS2_PLACEMENT_3D('',#5227,#4085,#4086);
#3713=AXIS2_PLACEMENT_3D('',#5230,#4088,#4089);
#3714=AXIS2_PLACEMENT_3D('',#5231,#4090,#4091);
#3715=AXIS2_PLACEMENT_3D('',#5232,#4092,#4093);
#3716=AXIS2_PLACEMENT_3D('',#5233,#4094,#4095);
#3717=AXIS2_PLACEMENT_3D('',#5235,#4096,#4097);
#3718=AXIS2_PLACEMENT_3D('',#5238,#4099,#4100);
#3719=AXIS2_PLACEMENT_3D('',#5239,#4101,#4102);
#3720=AXIS2_PLACEMENT_3D('',#5240,#4103,#4104);
#3721=AXIS2_PLACEMENT_3D('',#5241,#4105,#4106);
#3722=AXIS2_PLACEMENT_3D('',#5246,#4108,#4109);
#3723=AXIS2_PLACEMENT_3D('',#5249,#4111,#4112);
#3724=AXIS2_PLACEMENT_3D('',#5250,#4113,#4114);
#3725=AXIS2_PLACEMENT_3D('',#5254,#4116,#4117);
#3726=AXIS2_PLACEMENT_3D('',#5256,#4119,#4120);
#3727=AXIS2_PLACEMENT_3D('',#5260,#4122,#4123);
#3728=AXIS2_PLACEMENT_3D('',#5262,#4125,#4126);
#3729=AXIS2_PLACEMENT_3D('',#5266,#4128,#4129);
#3730=AXIS2_PLACEMENT_3D('',#5268,#4131,#4132);
#3731=AXIS2_PLACEMENT_3D('',#5272,#4134,#4135);
#3732=AXIS2_PLACEMENT_3D('',#5274,#4137,#4138);
#3733=AXIS2_PLACEMENT_3D('',#5278,#4140,#4141);
#3734=AXIS2_PLACEMENT_3D('',#5280,#4143,#4144);
#3735=AXIS2_PLACEMENT_3D('',#5284,#4146,#4147);
#3736=AXIS2_PLACEMENT_3D('',#5286,#4149,#4150);
#3737=AXIS2_PLACEMENT_3D('',#5291,#4153,#4154);
#3738=AXIS2_PLACEMENT_3D('',#5292,#4155,#4156);
#3739=AXIS2_PLACEMENT_3D('',#5297,#4159,#4160);
#3740=AXIS2_PLACEMENT_3D('',#5298,#4161,#4162);
#3741=AXIS2_PLACEMENT_3D('',#5303,#4165,#4166);
#3742=AXIS2_PLACEMENT_3D('',#5304,#4167,#4168);
#3743=AXIS2_PLACEMENT_3D('',#5309,#4171,#4172);
#3744=AXIS2_PLACEMENT_3D('',#5310,#4173,#4174);
#3745=AXIS2_PLACEMENT_3D('',#5315,#4177,#4178);
#3746=AXIS2_PLACEMENT_3D('',#5316,#4179,#4180);
#3747=AXIS2_PLACEMENT_3D('',#5321,#4183,#4184);
#3748=AXIS2_PLACEMENT_3D('',#5322,#4185,#4186);
#3749=AXIS2_PLACEMENT_3D('',#5327,#4189,#4190);
#3750=AXIS2_PLACEMENT_3D('',#5328,#4191,#4192);
#3751=AXIS2_PLACEMENT_3D('',#5333,#4195,#4196);
#3752=AXIS2_PLACEMENT_3D('',#5334,#4197,#4198);
#3753=AXIS2_PLACEMENT_3D('',#5337,#4201,#4202);
#3754=AXIS2_PLACEMENT_3D('',#5343,#4206,#4207);
#3755=AXIS2_PLACEMENT_3D('',#5347,#4210,#4211);
#3756=AXIS2_PLACEMENT_3D('',#5351,#4214,#4215);
#3757=AXIS2_PLACEMENT_3D('',#5355,#4218,#4219);
#3758=AXIS2_PLACEMENT_3D('',#5359,#4222,#4223);
#3759=AXIS2_PLACEMENT_3D('',#5363,#4226,#4227);
#3760=AXIS2_PLACEMENT_3D('',#5367,#4230,#4231);
#3761=AXIS2_PLACEMENT_3D('',#5371,#4234,#4235);
#3762=AXIS2_PLACEMENT_3D('',#5445,#4272,#4273);
#3763=AXIS2_PLACEMENT_3D('',#5478,#4290,#4291);
#3764=AXIS2_PLACEMENT_3D('',#5482,#4293,#4294);
#3765=AXIS2_PLACEMENT_3D('',#5483,#4295,#4296);
#3766=AXIS2_PLACEMENT_3D('',#5484,#4297,#4298);
#3767=AXIS2_PLACEMENT_3D('',#5486,#4299,#4300);
#3768=AXIS2_PLACEMENT_3D('',#5489,#4302,#4303);
#3769=AXIS2_PLACEMENT_3D('',#5490,#4304,#4305);
#3770=AXIS2_PLACEMENT_3D('',#5493,#4307,#4308);
#3771=AXIS2_PLACEMENT_3D('',#5494,#4309,#4310);
#3772=AXIS2_PLACEMENT_3D('',#5497,#4312,#4313);
#3773=AXIS2_PLACEMENT_3D('',#5498,#4314,#4315);
#3774=AXIS2_PLACEMENT_3D('',#5501,#4317,#4318);
#3775=AXIS2_PLACEMENT_3D('',#5502,#4319,#4320);
#3776=AXIS2_PLACEMENT_3D('',#5505,#4322,#4323);
#3777=AXIS2_PLACEMENT_3D('',#5506,#4324,#4325);
#3778=AXIS2_PLACEMENT_3D('',#5509,#4327,#4328);
#3779=AXIS2_PLACEMENT_3D('',#5510,#4329,#4330);
#3780=AXIS2_PLACEMENT_3D('',#5513,#4332,#4333);
#3781=AXIS2_PLACEMENT_3D('',#5514,#4334,#4335);
#3782=AXIS2_PLACEMENT_3D('',#5517,#4337,#4338);
#3783=AXIS2_PLACEMENT_3D('',#5518,#4339,#4340);
#3784=AXIS2_PLACEMENT_3D('',#5521,#4342,#4343);
#3785=AXIS2_PLACEMENT_3D('',#5522,#4344,#4345);
#3786=AXIS2_PLACEMENT_3D('',#5525,#4347,#4348);
#3787=AXIS2_PLACEMENT_3D('',#5526,#4349,#4350);
#3788=AXIS2_PLACEMENT_3D('',#5529,#4352,#4353);
#3789=AXIS2_PLACEMENT_3D('',#5530,#4354,#4355);
#3790=AXIS2_PLACEMENT_3D('',#5533,#4357,#4358);
#3791=AXIS2_PLACEMENT_3D('',#5534,#4359,#4360);
#3792=AXIS2_PLACEMENT_3D('',#5536,#4362,#4363);
#3793=AXIS2_PLACEMENT_3D('',#5539,#4365,#4366);
#3794=AXIS2_PLACEMENT_3D('',#5540,#4367,#4368);
#3795=AXIS2_PLACEMENT_3D('',#5542,#4370,#4371);
#3796=AXIS2_PLACEMENT_3D('',#5548,#4375,#4376);
#3797=AXIS2_PLACEMENT_3D('',#5552,#4379,#4380);
#3798=AXIS2_PLACEMENT_3D('',#5556,#4383,#4384);
#3799=AXIS2_PLACEMENT_3D('',#5560,#4387,#4388);
#3800=AXIS2_PLACEMENT_3D('',#5564,#4391,#4392);
#3801=AXIS2_PLACEMENT_3D('',#5568,#4395,#4396);
#3802=AXIS2_PLACEMENT_3D('',#5572,#4399,#4400);
#3803=AXIS2_PLACEMENT_3D('',#5576,#4403,#4404);
#3804=AXIS2_PLACEMENT_3D('',#5580,#4406,#4407);
#3805=AXIS2_PLACEMENT_3D('',#5581,#4408,#4409);
#3806=AXIS2_PLACEMENT_3D('',#5582,#4410,#4411);
#3807=AXIS2_PLACEMENT_3D('',#5585,#4413,#4414);
#3808=AXIS2_PLACEMENT_3D('',#5586,#4415,#4416);
#3809=AXIS2_PLACEMENT_3D('',#5589,#4418,#4419);
#3810=AXIS2_PLACEMENT_3D('',#5590,#4420,#4421);
#3811=AXIS2_PLACEMENT_3D('',#5593,#4423,#4424);
#3812=AXIS2_PLACEMENT_3D('',#5594,#4425,#4426);
#3813=AXIS2_PLACEMENT_3D('',#5597,#4428,#4429);
#3814=AXIS2_PLACEMENT_3D('',#5598,#4430,#4431);
#3815=AXIS2_PLACEMENT_3D('',#5601,#4433,#4434);
#3816=AXIS2_PLACEMENT_3D('',#5602,#4435,#4436);
#3817=AXIS2_PLACEMENT_3D('',#5605,#4438,#4439);
#3818=AXIS2_PLACEMENT_3D('',#5606,#4440,#4441);
#3819=AXIS2_PLACEMENT_3D('',#5609,#4443,#4444);
#3820=AXIS2_PLACEMENT_3D('',#5610,#4445,#4446);
#3821=AXIS2_PLACEMENT_3D('',#5613,#4448,#4449);
#3822=AXIS2_PLACEMENT_3D('',#5614,#4450,#4451);
#3823=AXIS2_PLACEMENT_3D('',#5617,#4453,#4454);
#3824=AXIS2_PLACEMENT_3D('',#5618,#4455,#4456);
#3825=AXIS2_PLACEMENT_3D('',#5621,#4458,#4459);
#3826=AXIS2_PLACEMENT_3D('',#5622,#4460,#4461);
#3827=AXIS2_PLACEMENT_3D('',#5625,#4463,#4464);
#3828=AXIS2_PLACEMENT_3D('',#5626,#4465,#4466);
#3829=AXIS2_PLACEMENT_3D('',#5629,#4468,#4469);
#3830=AXIS2_PLACEMENT_3D('',#5630,#4470,#4471);
#3831=AXIS2_PLACEMENT_3D('',#5633,#4473,#4474);
#3832=AXIS2_PLACEMENT_3D('',#5634,#4475,#4476);
#3833=AXIS2_PLACEMENT_3D('',#5637,#4478,#4479);
#3834=AXIS2_PLACEMENT_3D('',#5638,#4480,#4481);
#3835=AXIS2_PLACEMENT_3D('',#5640,#4483,#4484);
#3836=AXIS2_PLACEMENT_3D('',#5646,#4488,#4489);
#3837=AXIS2_PLACEMENT_3D('',#5650,#4492,#4493);
#3838=AXIS2_PLACEMENT_3D('',#5654,#4496,#4497);
#3839=AXIS2_PLACEMENT_3D('',#5658,#4500,#4501);
#3840=AXIS2_PLACEMENT_3D('',#5662,#4504,#4505);
#3841=AXIS2_PLACEMENT_3D('',#5666,#4508,#4509);
#3842=AXIS2_PLACEMENT_3D('',#5670,#4512,#4513);
#3843=AXIS2_PLACEMENT_3D('',#5674,#4516,#4517);
#3844=AXIS2_PLACEMENT_3D('',#5678,#4519,#4520);
#3845=AXIS2_PLACEMENT_3D('',#5679,#4521,#4522);
#3846=AXIS2_PLACEMENT_3D('',#5680,#4523,#4524);
#3847=AXIS2_PLACEMENT_3D('',#5683,#4526,#4527);
#3848=AXIS2_PLACEMENT_3D('',#5684,#4528,#4529);
#3849=AXIS2_PLACEMENT_3D('',#5687,#4531,#4532);
#3850=AXIS2_PLACEMENT_3D('',#5688,#4533,#4534);
#3851=AXIS2_PLACEMENT_3D('',#5691,#4536,#4537);
#3852=AXIS2_PLACEMENT_3D('',#5692,#4538,#4539);
#3853=AXIS2_PLACEMENT_3D('',#5695,#4541,#4542);
#3854=AXIS2_PLACEMENT_3D('',#5696,#4543,#4544);
#3855=AXIS2_PLACEMENT_3D('',#5699,#4546,#4547);
#3856=AXIS2_PLACEMENT_3D('',#5700,#4548,#4549);
#3857=AXIS2_PLACEMENT_3D('',#5702,#4550,#4551);
#3858=AXIS2_PLACEMENT_3D('',#5705,#4553,#4554);
#3859=AXIS2_PLACEMENT_3D('',#5706,#4555,#4556);
#3860=AXIS2_PLACEMENT_3D('',#5708,#4558,#4559);
#3861=AXIS2_PLACEMENT_3D('',#5711,#4561,#4562);
#3862=AXIS2_PLACEMENT_3D('',#5712,#4563,#4564);
#3863=AXIS2_PLACEMENT_3D('',#5715,#4566,#4567);
#3864=AXIS2_PLACEMENT_3D('',#5716,#4568,#4569);
#3865=AXIS2_PLACEMENT_3D('',#5719,#4571,#4572);
#3866=AXIS2_PLACEMENT_3D('',#5720,#4573,#4574);
#3867=AXIS2_PLACEMENT_3D('',#5723,#4576,#4577);
#3868=AXIS2_PLACEMENT_3D('',#5724,#4578,#4579);
#3869=AXIS2_PLACEMENT_3D('',#5727,#4581,#4582);
#3870=AXIS2_PLACEMENT_3D('',#5728,#4583,#4584);
#3871=AXIS2_PLACEMENT_3D('',#5731,#4586,#4587);
#3872=AXIS2_PLACEMENT_3D('',#5732,#4588,#4589);
#3873=AXIS2_PLACEMENT_3D('',#5735,#4591,#4592);
#3874=AXIS2_PLACEMENT_3D('',#5736,#4593,#4594);
#3875=AXIS2_PLACEMENT_3D('',#5738,#4596,#4597);
#3876=AXIS2_PLACEMENT_3D('',#5744,#4601,#4602);
#3877=AXIS2_PLACEMENT_3D('',#5748,#4605,#4606);
#3878=AXIS2_PLACEMENT_3D('',#5752,#4609,#4610);
#3879=AXIS2_PLACEMENT_3D('',#5756,#4613,#4614);
#3880=AXIS2_PLACEMENT_3D('',#5760,#4617,#4618);
#3881=AXIS2_PLACEMENT_3D('',#5764,#4621,#4622);
#3882=AXIS2_PLACEMENT_3D('',#5768,#4625,#4626);
#3883=AXIS2_PLACEMENT_3D('',#5772,#4629,#4630);
#3884=AXIS2_PLACEMENT_3D('',#5778,#4634,#4635);
#3885=AXIS2_PLACEMENT_3D('',#5784,#4639,#4640);
#3886=AXIS2_PLACEMENT_3D('',#5790,#4644,#4645);
#3887=AXIS2_PLACEMENT_3D('',#5796,#4649,#4650);
#3888=AXIS2_PLACEMENT_3D('',#5802,#4654,#4655);
#3889=AXIS2_PLACEMENT_3D('',#5808,#4659,#4660);
#3890=AXIS2_PLACEMENT_3D('',#5814,#4664,#4665);
#3891=AXIS2_PLACEMENT_3D('',#5820,#4669,#4670);
#3892=AXIS2_PLACEMENT_3D('',#5825,#4674,#4675);
#3893=AXIS2_PLACEMENT_3D('',#5829,#4678,#4679);
#3894=AXIS2_PLACEMENT_3D('',#5833,#4682,#4683);
#3895=AXIS2_PLACEMENT_3D('',#5837,#4686,#4687);
#3896=AXIS2_PLACEMENT_3D('',#5841,#4690,#4691);
#3897=AXIS2_PLACEMENT_3D('',#5845,#4694,#4695);
#3898=AXIS2_PLACEMENT_3D('',#5849,#4698,#4699);
#3899=AXIS2_PLACEMENT_3D('',#5851,#4701,#4702);
#3900=AXIS2_PLACEMENT_3D('',#5852,#4703,#4704);
#3901=AXIS2_PLACEMENT_3D('',#5858,#4708,#4709);
#3902=AXIS2_PLACEMENT_3D('',#5864,#4713,#4714);
#3903=AXIS2_PLACEMENT_3D('',#5870,#4718,#4719);
#3904=AXIS2_PLACEMENT_3D('',#5876,#4723,#4724);
#3905=AXIS2_PLACEMENT_3D('',#5882,#4728,#4729);
#3906=AXIS2_PLACEMENT_3D('',#5888,#4733,#4734);
#3907=AXIS2_PLACEMENT_3D('',#5894,#4738,#4739);
#3908=AXIS2_PLACEMENT_3D('',#5900,#4743,#4744);
#3909=AXIS2_PLACEMENT_3D('',#5905,#4748,#4749);
#3910=AXIS2_PLACEMENT_3D('',#5909,#4752,#4753);
#3911=AXIS2_PLACEMENT_3D('',#5913,#4756,#4757);
#3912=AXIS2_PLACEMENT_3D('',#5917,#4760,#4761);
#3913=AXIS2_PLACEMENT_3D('',#5921,#4764,#4765);
#3914=AXIS2_PLACEMENT_3D('',#5925,#4768,#4769);
#3915=AXIS2_PLACEMENT_3D('',#5929,#4772,#4773);
#3916=AXIS2_PLACEMENT_3D('',#5931,#4775,#4776);
#3917=AXIS2_PLACEMENT_3D('',#5932,#4777,#4778);
#3918=AXIS2_PLACEMENT_3D('',#5938,#4782,#4783);
#3919=AXIS2_PLACEMENT_3D('',#5944,#4787,#4788);
#3920=AXIS2_PLACEMENT_3D('',#5950,#4792,#4793);
#3921=AXIS2_PLACEMENT_3D('',#5956,#4797,#4798);
#3922=AXIS2_PLACEMENT_3D('',#5962,#4802,#4803);
#3923=AXIS2_PLACEMENT_3D('',#5968,#4807,#4808);
#3924=AXIS2_PLACEMENT_3D('',#5974,#4812,#4813);
#3925=AXIS2_PLACEMENT_3D('',#5980,#4817,#4818);
#3926=AXIS2_PLACEMENT_3D('',#5985,#4822,#4823);
#3927=AXIS2_PLACEMENT_3D('',#5989,#4826,#4827);
#3928=AXIS2_PLACEMENT_3D('',#5993,#4830,#4831);
#3929=AXIS2_PLACEMENT_3D('',#5997,#4834,#4835);
#3930=AXIS2_PLACEMENT_3D('',#6001,#4838,#4839);
#3931=AXIS2_PLACEMENT_3D('',#6005,#4842,#4843);
#3932=AXIS2_PLACEMENT_3D('',#6009,#4846,#4847);
#3933=AXIS2_PLACEMENT_3D('',#6011,#4849,#4850);
#3934=AXIS2_PLACEMENT_3D('',#6012,#4851,#4852);
#3935=AXIS2_PLACEMENT_3D('',#6018,#4856,#4857);
#3936=AXIS2_PLACEMENT_3D('',#6024,#4861,#4862);
#3937=AXIS2_PLACEMENT_3D('',#6030,#4866,#4867);
#3938=AXIS2_PLACEMENT_3D('',#6036,#4871,#4872);
#3939=AXIS2_PLACEMENT_3D('',#6042,#4876,#4877);
#3940=AXIS2_PLACEMENT_3D('',#6048,#4881,#4882);
#3941=AXIS2_PLACEMENT_3D('',#6054,#4886,#4887);
#3942=AXIS2_PLACEMENT_3D('',#6060,#4891,#4892);
#3943=AXIS2_PLACEMENT_3D('',#6065,#4896,#4897);
#3944=AXIS2_PLACEMENT_3D('',#6069,#4900,#4901);
#3945=AXIS2_PLACEMENT_3D('',#6073,#4904,#4905);
#3946=AXIS2_PLACEMENT_3D('',#6077,#4908,#4909);
#3947=AXIS2_PLACEMENT_3D('',#6081,#4912,#4913);
#3948=AXIS2_PLACEMENT_3D('',#6085,#4916,#4917);
#3949=AXIS2_PLACEMENT_3D('',#6089,#4920,#4921);
#3950=AXIS2_PLACEMENT_3D('',#6091,#4923,#4924);
#3951=AXIS2_PLACEMENT_3D('',#6092,#4925,#4926);
#3952=AXIS2_PLACEMENT_3D('',#6094,#4928,#4929);
#3953=AXIS2_PLACEMENT_3D('',#6096,#4931,#4932);
#3954=AXIS2_PLACEMENT_3D('',#6098,#4934,#4935);
#3955=AXIS2_PLACEMENT_3D('',#6100,#4937,#4938);
#3956=AXIS2_PLACEMENT_3D('',#6102,#4940,#4941);
#3957=AXIS2_PLACEMENT_3D('',#6104,#4943,#4944);
#3958=AXIS2_PLACEMENT_3D('',#6106,#4946,#4947);
#3959=AXIS2_PLACEMENT_3D('',#6107,#4948,#4949);
#3960=AXIS2_PLACEMENT_3D('',#6109,#4951,#4952);
#3961=AXIS2_PLACEMENT_3D('',#6111,#4954,#4955);
#3962=AXIS2_PLACEMENT_3D('',#6113,#4957,#4958);
#3963=AXIS2_PLACEMENT_3D('',#6115,#4960,#4961);
#3964=AXIS2_PLACEMENT_3D('',#6117,#4963,#4964);
#3965=AXIS2_PLACEMENT_3D('',#6119,#4966,#4967);
#3966=AXIS2_PLACEMENT_3D('',#6121,#4969,#4970);
#3967=AXIS2_PLACEMENT_3D('',#6122,#4971,#4972);
#3968=AXIS2_PLACEMENT_3D('',#6124,#4974,#4975);
#3969=AXIS2_PLACEMENT_3D('',#6126,#4977,#4978);
#3970=AXIS2_PLACEMENT_3D('',#6128,#4980,#4981);
#3971=AXIS2_PLACEMENT_3D('',#6130,#4983,#4984);
#3972=AXIS2_PLACEMENT_3D('',#6132,#4986,#4987);
#3973=AXIS2_PLACEMENT_3D('',#6134,#4989,#4990);
#3974=AXIS2_PLACEMENT_3D('',#6136,#4992,#4993);
#3975=AXIS2_PLACEMENT_3D('',#6137,#4994,#4995);
#3976=AXIS2_PLACEMENT_3D('',#6139,#4997,#4998);
#3977=AXIS2_PLACEMENT_3D('',#6141,#5000,#5001);
#3978=AXIS2_PLACEMENT_3D('',#6143,#5003,#5004);
#3979=AXIS2_PLACEMENT_3D('',#6145,#5006,#5007);
#3980=AXIS2_PLACEMENT_3D('',#6147,#5009,#5010);
#3981=AXIS2_PLACEMENT_3D('',#6149,#5012,#5013);
#3982=AXIS2_PLACEMENT_3D('',#6151,#5015,#5016);
#3983=AXIS2_PLACEMENT_3D('',#6152,#5017,#5018);
#3984=AXIS2_PLACEMENT_3D('',#6154,#5020,#5021);
#3985=AXIS2_PLACEMENT_3D('',#6157,#5024,#5025);
#3986=AXIS2_PLACEMENT_3D('',#6159,#5027,#5028);
#3987=AXIS2_PLACEMENT_3D('',#6161,#5030,#5031);
#3988=AXIS2_PLACEMENT_3D('',#6162,#5032,#5033);
#3989=DIRECTION('axis',(0.,0.,1.));
#3990=DIRECTION('refdir',(1.,0.,0.));
#3991=DIRECTION('center_axis',(0.,0.,-1.));
#3992=DIRECTION('ref_axis',(-1.,0.,0.));
#3993=DIRECTION('center_axis',(0.,0.,-1.));
#3994=DIRECTION('ref_axis',(-1.,0.,0.));
#3995=DIRECTION('center_axis',(-1.54949502284125E-16,-1.,0.));
#3996=DIRECTION('ref_axis',(1.,-1.54949502284125E-16,0.));
#3997=DIRECTION('center_axis',(0.,0.,1.));
#3998=DIRECTION('ref_axis',(-1.,0.,0.));
#3999=DIRECTION('center_axis',(0.,0.,1.));
#4000=DIRECTION('ref_axis',(-1.,0.,0.));
#4001=DIRECTION('center_axis',(0.,0.,1.));
#4002=DIRECTION('ref_axis',(-1.,0.,0.));
#4003=DIRECTION('center_axis',(0.,0.,1.));
#4004=DIRECTION('ref_axis',(-1.,0.,0.));
#4005=DIRECTION('',(0.,0.,-1.));
#4006=DIRECTION('center_axis',(0.,0.,-1.));
#4007=DIRECTION('ref_axis',(-1.,0.,0.));
#4008=DIRECTION('center_axis',(0.,0.,-1.));
#4009=DIRECTION('ref_axis',(-1.,0.,0.));
#4010=DIRECTION('center_axis',(-1.54949502284114E-16,-1.,0.));
#4011=DIRECTION('ref_axis',(1.,-1.54949502284114E-16,0.));
#4012=DIRECTION('center_axis',(0.,0.,1.));
#4013=DIRECTION('ref_axis',(-1.,0.,0.));
#4014=DIRECTION('center_axis',(0.,0.,1.));
#4015=DIRECTION('ref_axis',(-1.,0.,0.));
#4016=DIRECTION('center_axis',(0.,0.,1.));
#4017=DIRECTION('ref_axis',(-1.,0.,0.));
#4018=DIRECTION('center_axis',(0.,0.,1.));
#4019=DIRECTION('ref_axis',(-1.,0.,0.));
#4020=DIRECTION('',(0.,0.,-1.));
#4021=DIRECTION('center_axis',(0.,0.,-1.));
#4022=DIRECTION('ref_axis',(-1.,0.,0.));
#4023=DIRECTION('center_axis',(0.,0.,-1.));
#4024=DIRECTION('ref_axis',(-1.,0.,0.));
#4025=DIRECTION('center_axis',(0.,-1.,0.));
#4026=DIRECTION('ref_axis',(1.,0.,0.));
#4027=DIRECTION('center_axis',(0.,0.,1.));
#4028=DIRECTION('ref_axis',(-1.,0.,0.));
#4029=DIRECTION('center_axis',(0.,0.,1.));
#4030=DIRECTION('ref_axis',(-1.,0.,0.));
#4031=DIRECTION('center_axis',(0.,0.,1.));
#4032=DIRECTION('ref_axis',(-1.,0.,0.));
#4033=DIRECTION('center_axis',(0.,0.,1.));
#4034=DIRECTION('ref_axis',(-1.,0.,0.));
#4035=DIRECTION('',(0.,0.,-1.));
#4036=DIRECTION('center_axis',(0.,0.,-1.));
#4037=DIRECTION('ref_axis',(-1.,0.,0.));
#4038=DIRECTION('center_axis',(0.,0.,-1.));
#4039=DIRECTION('ref_axis',(-1.,0.,0.));
#4040=DIRECTION('center_axis',(0.,-1.,0.));
#4041=DIRECTION('ref_axis',(1.,0.,0.));
#4042=DIRECTION('center_axis',(0.,0.,1.));
#4043=DIRECTION('ref_axis',(-1.,0.,0.));
#4044=DIRECTION('center_axis',(0.,0.,1.));
#4045=DIRECTION('ref_axis',(-1.,0.,0.));
#4046=DIRECTION('center_axis',(0.,0.,1.));
#4047=DIRECTION('ref_axis',(-1.,0.,0.));
#4048=DIRECTION('center_axis',(0.,0.,1.));
#4049=DIRECTION('ref_axis',(-1.,0.,0.));
#4050=DIRECTION('',(0.,0.,-1.));
#4051=DIRECTION('center_axis',(0.,0.,1.));
#4052=DIRECTION('ref_axis',(-1.,0.,0.));
#4053=DIRECTION('center_axis',(0.,0.,-1.));
#4054=DIRECTION('ref_axis',(-1.,0.,0.));
#4055=DIRECTION('',(0.,0.,-1.));
#4056=DIRECTION('center_axis',(0.,0.,1.));
#4057=DIRECTION('ref_axis',(-1.,0.,0.));
#4058=DIRECTION('center_axis',(0.,0.,1.));
#4059=DIRECTION('ref_axis',(-1.,0.,0.));
#4060=DIRECTION('center_axis',(0.,0.,1.));
#4061=DIRECTION('ref_axis',(1.,0.,0.));
#4062=DIRECTION('',(1.,0.,0.));
#4063=DIRECTION('',(1.,0.,0.));
#4064=DIRECTION('',(0.,1.,0.));
#4065=DIRECTION('',(-1.,0.,0.));
#4066=DIRECTION('',(-1.,0.,0.));
#4067=DIRECTION('',(-1.,0.,0.));
#4068=DIRECTION('',(0.,-1.,0.));
#4069=DIRECTION('',(1.,0.,0.));
#4070=DIRECTION('center_axis',(0.,0.,-1.));
#4071=DIRECTION('ref_axis',(1.,0.,0.));
#4072=DIRECTION('center_axis',(0.,0.,1.));
#4073=DIRECTION('ref_axis',(-1.,0.,0.));
#4074=DIRECTION('center_axis',(0.,0.,-1.));
#4075=DIRECTION('ref_axis',(-1.,0.,0.));
#4076=DIRECTION('',(0.,0.,-1.));
#4077=DIRECTION('center_axis',(0.,0.,1.));
#4078=DIRECTION('ref_axis',(-1.,0.,0.));
#4079=DIRECTION('center_axis',(0.,0.,1.));
#4080=DIRECTION('ref_axis',(-1.,0.,0.));
#4081=DIRECTION('center_axis',(0.,0.,1.));
#4082=DIRECTION('ref_axis',(1.,0.,0.));
#4083=DIRECTION('center_axis',(0.,0.,1.));
#4084=DIRECTION('ref_axis',(-1.,0.,0.));
#4085=DIRECTION('center_axis',(0.,0.,-1.));
#4086=DIRECTION('ref_axis',(-1.,0.,0.));
#4087=DIRECTION('',(0.,0.,-1.));
#4088=DIRECTION('center_axis',(0.,0.,1.));
#4089=DIRECTION('ref_axis',(-1.,0.,0.));
#4090=DIRECTION('center_axis',(0.,0.,1.));
#4091=DIRECTION('ref_axis',(-1.,0.,0.));
#4092=DIRECTION('center_axis',(0.,0.,1.));
#4093=DIRECTION('ref_axis',(1.,0.,0.));
#4094=DIRECTION('center_axis',(0.,0.,1.));
#4095=DIRECTION('ref_axis',(-1.,0.,0.));
#4096=DIRECTION('center_axis',(0.,0.,-1.));
#4097=DIRECTION('ref_axis',(-1.,0.,0.));
#4098=DIRECTION('',(0.,0.,-1.));
#4099=DIRECTION('center_axis',(0.,0.,1.));
#4100=DIRECTION('ref_axis',(-1.,0.,0.));
#4101=DIRECTION('center_axis',(0.,0.,1.));
#4102=DIRECTION('ref_axis',(-1.,0.,0.));
#4103=DIRECTION('center_axis',(0.,0.,1.));
#4104=DIRECTION('ref_axis',(1.,0.,0.));
#4105=DIRECTION('center_axis',(-0.382683267162495,0.923879600940425,0.));
#4106=DIRECTION('ref_axis',(-0.653281530824897,-0.270597933257218,0.707106781186549));
#4107=DIRECTION('',(-0.382683267162495,0.923879600940425,0.));
#4108=DIRECTION('center_axis',(-0.555570084341175,0.831469711646275,0.));
#4109=DIRECTION('ref_axis',(-0.831469711646275,-0.555570084341175,0.));
#4110=DIRECTION('',(0.382683267162495,-0.923879600940425,0.));
#4111=DIRECTION('center_axis',(0.195090146638001,-0.980785315288093,0.));
#4112=DIRECTION('ref_axis',(0.980785315288093,0.195090146638001,0.));
#4113=DIRECTION('center_axis',(-0.707106654745949,0.707106907627123,0.));
#4114=DIRECTION('ref_axis',(-0.500000089406985,-0.499999910593001,0.707106781186546));
#4115=DIRECTION('',(-0.707106654745949,0.707106907627123,0.));
#4116=DIRECTION('center_axis',(-0.831469512958809,0.555570381697981,0.));
#4117=DIRECTION('ref_axis',(-0.555570381697981,-0.831469512958809,0.));
#4118=DIRECTION('',(0.707106654745949,-0.707106907627123,0.));
#4119=DIRECTION('center_axis',(-0.92387946408212,0.38268359756767,0.));
#4120=DIRECTION('ref_axis',(-0.270598166888954,-0.653281434051463,0.707106781186549));
#4121=DIRECTION('',(-0.92387946408212,0.38268359756767,0.));
#4122=DIRECTION('center_axis',(-0.980785245518339,0.19509049739424,0.));
#4123=DIRECTION('ref_axis',(-0.19509049739424,-0.980785245518339,0.));
#4124=DIRECTION('',(0.92387946408212,-0.38268359756767,0.));
#4125=DIRECTION('center_axis',(-0.999999999999984,1.7881399061049E-7,0.));
#4126=DIRECTION('ref_axis',(-1.26440581958827E-7,-0.707106781186534,0.70710678118655));
#4127=DIRECTION('',(-0.999999999999984,1.7881399061049E-7,0.));
#4128=DIRECTION('center_axis',(-0.980785315288097,-0.195090146637978,0.));
#4129=DIRECTION('ref_axis',(0.195090146637978,-0.980785315288097,0.));
#4130=DIRECTION('',(0.999999999999984,-1.7881399061049E-7,0.));
#4131=DIRECTION('center_axis',(-0.923879600940423,-0.382683267162499,0.));
#4132=DIRECTION('ref_axis',(0.270597933257233,-0.653281530824894,0.707106781186546));
#4133=DIRECTION('',(-0.923879600940423,-0.382683267162499,0.));
#4134=DIRECTION('center_axis',(-0.831469711646258,-0.5555700843412,0.));
#4135=DIRECTION('ref_axis',(0.5555700843412,-0.831469711646258,0.));
#4136=DIRECTION('',(0.923879600940423,0.382683267162499,0.));
#4137=DIRECTION('center_axis',(-0.707106907627119,-0.707106654745954,0.));
#4138=DIRECTION('ref_axis',(0.499999910593001,-0.500000089406985,0.707106781186546));
#4139=DIRECTION('',(-0.707106907627119,-0.707106654745954,0.));
#4140=DIRECTION('center_axis',(-0.555570381697981,-0.831469512958809,0.));
#4141=DIRECTION('ref_axis',(0.83146951295881,-0.555570381697981,0.));
#4142=DIRECTION('',(0.707106907627119,0.707106654745954,0.));
#4143=DIRECTION('center_axis',(-0.382683597567668,-0.923879464082121,0.));
#4144=DIRECTION('ref_axis',(0.653281434051463,-0.270598166888954,0.707106781186549));
#4145=DIRECTION('',(-0.382683597567668,-0.923879464082121,0.));
#4146=DIRECTION('center_axis',(-0.195090497394273,-0.980785245518332,0.));
#4147=DIRECTION('ref_axis',(0.980785245518332,-0.195090497394273,0.));
#4148=DIRECTION('',(0.382683597567668,0.923879464082121,0.));
#4149=DIRECTION('center_axis',(-1.78813990610491E-7,-0.999999999999984,
0.));
#4150=DIRECTION('ref_axis',(0.707106781186534,-1.26440581958827E-7,0.70710678118655));
#4151=DIRECTION('',(1.78813990610491E-7,0.999999999999984,0.));
#4152=DIRECTION('',(-1.78813990610491E-7,-0.999999999999984,0.));
#4153=DIRECTION('center_axis',(0.195090146637986,-0.980785315288096,0.));
#4154=DIRECTION('ref_axis',(0.980785315288096,0.195090146637986,0.));
#4155=DIRECTION('center_axis',(0.382683267162496,-0.923879600940424,0.));
#4156=DIRECTION('ref_axis',(0.653281530824885,0.270597933257235,0.707106781186553));
#4157=DIRECTION('',(-0.382683267162496,0.923879600940424,0.));
#4158=DIRECTION('',(0.382683267162496,-0.923879600940424,0.));
#4159=DIRECTION('center_axis',(0.555570084341196,-0.831469711646261,0.));
#4160=DIRECTION('ref_axis',(0.831469711646261,0.555570084341196,0.));
#4161=DIRECTION('center_axis',(0.707106654745949,-0.707106907627123,0.));
#4162=DIRECTION('ref_axis',(0.500000089406987,0.499999910592995,0.707106781186549));
#4163=DIRECTION('',(-0.707106654745949,0.707106907627123,0.));
#4164=DIRECTION('',(0.707106654745949,-0.707106907627123,0.));
#4165=DIRECTION('center_axis',(0.831469512958808,-0.555570381697983,0.));
#4166=DIRECTION('ref_axis',(0.555570381697983,0.831469512958808,0.));
#4167=DIRECTION('center_axis',(0.92387946408212,-0.382683597567671,0.));
#4168=DIRECTION('ref_axis',(0.270598166888969,0.65328143405146,0.707106781186546));
#4169=DIRECTION('',(-0.92387946408212,0.382683597567671,0.));
#4170=DIRECTION('',(0.92387946408212,-0.382683597567671,0.));
#4171=DIRECTION('center_axis',(0.980785245518334,-0.195090497394262,2.17778072357418E-14));
#4172=DIRECTION('ref_axis',(0.195090497394262,0.980785245518334,1.09484430368152E-13));
#4173=DIRECTION('center_axis',(0.999999999999984,-1.78813992843078E-7,0.));
#4174=DIRECTION('ref_axis',(1.26440581958827E-7,0.707106781186534,0.70710678118655));
#4175=DIRECTION('',(-0.999999999999984,1.78813992843078E-7,0.));
#4176=DIRECTION('',(0.999999999999984,-1.78813992843078E-7,0.));
#4177=DIRECTION('center_axis',(0.980785315288095,0.19509014663799,0.));
#4178=DIRECTION('ref_axis',(-0.19509014663799,0.980785315288095,0.));
#4179=DIRECTION('center_axis',(0.923879600940424,0.382683267162497,0.));
#4180=DIRECTION('ref_axis',(-0.270597933257233,0.653281530824894,0.707106781186546));
#4181=DIRECTION('',(-0.923879600940424,-0.382683267162497,0.));
#4182=DIRECTION('',(0.923879600940424,0.382683267162497,0.));
#4183=DIRECTION('center_axis',(0.831469711646277,0.555570084341172,3.08403349714255E-15));
#4184=DIRECTION('ref_axis',(-0.555570084341172,0.831469711646277,1.55044833952258E-14));
#4185=DIRECTION('center_axis',(0.707106907627122,0.70710665474595,0.));
#4186=DIRECTION('ref_axis',(-0.49999991059299,0.500000089406989,0.707106781186551));
#4187=DIRECTION('',(-0.707106907627122,-0.70710665474595,0.));
#4188=DIRECTION('',(0.707106907627122,0.70710665474595,0.));
#4189=DIRECTION('center_axis',(0.555570381697948,0.831469512958831,1.07836532834123E-14));
#4190=DIRECTION('ref_axis',(-0.831469512958831,0.555570381697948,5.42130860210758E-14));
#4191=DIRECTION('center_axis',(0.382683597567671,0.92387946408212,0.));
#4192=DIRECTION('ref_axis',(-0.65328143405146,0.270598166888969,0.707106781186546));
#4193=DIRECTION('',(-0.382683597567671,-0.92387946408212,0.));
#4194=DIRECTION('',(0.382683597567671,0.92387946408212,0.));
#4195=DIRECTION('center_axis',(0.195090497394271,0.980785245518333,0.));
#4196=DIRECTION('ref_axis',(-0.980785245518333,0.195090497394271,0.));
#4197=DIRECTION('center_axis',(1.78813986145314E-7,0.999999999999984,0.));
#4198=DIRECTION('ref_axis',(-0.707106781186534,1.26440581958827E-7,0.70710678118655));
#4199=DIRECTION('',(-1.78813986145314E-7,-0.999999999999984,0.));
#4200=DIRECTION('',(1.78813986145314E-7,0.999999999999984,0.));
#4201=DIRECTION('center_axis',(-0.999999999999984,1.78813990610491E-7,0.));
#4202=DIRECTION('ref_axis',(1.78813990610491E-7,0.999999999999984,0.));
#4203=DIRECTION('',(0.,0.,-1.));
#4204=DIRECTION('',(1.78813990610491E-7,0.999999999999984,0.));
#4205=DIRECTION('',(0.,0.,-1.));
#4206=DIRECTION('center_axis',(-0.923879464082121,0.382683597567668,0.));
#4207=DIRECTION('ref_axis',(0.382683597567668,0.923879464082121,0.));
#4208=DIRECTION('',(0.,0.,-1.));
#4209=DIRECTION('',(0.382683597567668,0.923879464082121,0.));
#4210=DIRECTION('center_axis',(-0.707106654745954,0.707106907627119,0.));
#4211=DIRECTION('ref_axis',(0.707106907627119,0.707106654745954,0.));
#4212=DIRECTION('',(0.,0.,-1.));
#4213=DIRECTION('',(0.707106907627119,0.707106654745954,0.));
#4214=DIRECTION('center_axis',(-0.382683267162499,0.923879600940423,0.));
#4215=DIRECTION('ref_axis',(0.923879600940423,0.382683267162499,0.));
#4216=DIRECTION('',(0.,0.,-1.));
#4217=DIRECTION('',(0.923879600940423,0.382683267162499,0.));
#4218=DIRECTION('center_axis',(1.7881399061049E-7,0.999999999999984,0.));
#4219=DIRECTION('ref_axis',(0.999999999999984,-1.7881399061049E-7,0.));
#4220=DIRECTION('',(0.,0.,-1.));
#4221=DIRECTION('',(0.999999999999984,-1.7881399061049E-7,0.));
#4222=DIRECTION('center_axis',(0.38268359756767,0.92387946408212,0.));
#4223=DIRECTION('ref_axis',(0.92387946408212,-0.38268359756767,0.));
#4224=DIRECTION('',(0.,0.,-1.));
#4225=DIRECTION('',(0.92387946408212,-0.38268359756767,0.));
#4226=DIRECTION('center_axis',(0.707106907627123,0.707106654745949,0.));
#4227=DIRECTION('ref_axis',(0.707106654745949,-0.707106907627123,0.));
#4228=DIRECTION('',(0.,0.,-1.));
#4229=DIRECTION('',(0.707106654745949,-0.707106907627123,0.));
#4230=DIRECTION('center_axis',(0.923879600940425,0.382683267162495,0.));
#4231=DIRECTION('ref_axis',(0.382683267162495,-0.923879600940425,0.));
#4232=DIRECTION('',(0.,0.,-1.));
#4233=DIRECTION('',(0.382683267162495,-0.923879600940425,0.));
#4234=DIRECTION('center_axis',(0.,0.,1.));
#4235=DIRECTION('ref_axis',(1.,0.,0.));
#4236=DIRECTION('',(0.,-1.,0.));
#4237=DIRECTION('',(-1.,0.,0.));
#4238=DIRECTION('',(0.,1.,0.));
#4239=DIRECTION('',(1.,0.,0.));
#4240=DIRECTION('',(-0.382683322230025,0.923879578130717,0.));
#4241=DIRECTION('',(-0.707106696892813,0.707106865480272,0.));
#4242=DIRECTION('',(-0.923879486891844,0.382683542500149,0.));
#4243=DIRECTION('',(-0.999999999999993,1.19209335186976E-7,0.));
#4244=DIRECTION('',(-0.923879578130717,-0.382683322230024,0.));
#4245=DIRECTION('',(-0.707106865480271,-0.707106696892814,0.));
#4246=DIRECTION('',(-0.382683542500151,-0.923879486891843,0.));
#4247=DIRECTION('',(-1.19209337419563E-7,-0.999999999999993,0.));
#4248=DIRECTION('',(0.382683322230024,-0.923879578130717,0.));
#4249=DIRECTION('',(0.707106696892816,-0.707106865480269,0.));
#4250=DIRECTION('',(0.923879486891843,-0.382683542500151,0.));
#4251=DIRECTION('',(0.999999999999993,-1.19209332954387E-7,0.));
#4252=DIRECTION('',(0.923879578130717,0.382683322230024,0.));
#4253=DIRECTION('',(0.707106865480269,0.707106696892816,0.));
#4254=DIRECTION('',(0.38268354250015,0.923879486891844,0.));
#4255=DIRECTION('',(1.19209319558859E-7,0.999999999999993,0.));
#4256=DIRECTION('',(0.382683432365084,-0.923879532511289,0.));
#4257=DIRECTION('',(0.707106781186541,-0.707106781186554,0.));
#4258=DIRECTION('',(0.923879532511285,-0.382683432365093,0.));
#4259=DIRECTION('',(1.,-8.93034889082472E-15,0.));
#4260=DIRECTION('',(0.92387953251129,0.382683432365083,0.));
#4261=DIRECTION('',(0.70710678118655,0.707106781186545,0.));
#4262=DIRECTION('',(0.382683432365092,0.923879532511286,0.));
#4263=DIRECTION('',(4.46517444541234E-15,1.,0.));
#4264=DIRECTION('',(-0.382683432365088,0.923879532511288,0.));
#4265=DIRECTION('',(-0.707106781186548,0.707106781186548,0.));
#4266=DIRECTION('',(-0.923879532511285,0.382683432365093,0.));
#4267=DIRECTION('',(-1.,0.,0.));
#4268=DIRECTION('',(-0.923879532511289,-0.382683432365084,0.));
#4269=DIRECTION('',(-0.707106781186548,-0.707106781186548,0.));
#4270=DIRECTION('',(-0.382683432365092,-0.923879532511286,0.));
#4271=DIRECTION('',(-4.46517444541242E-15,-1.,0.));
#4272=DIRECTION('center_axis',(0.,0.,1.));
#4273=DIRECTION('ref_axis',(1.,0.,0.));
#4274=DIRECTION('',(-0.923879532511289,-0.382683432365084,0.));
#4275=DIRECTION('',(-0.707106781186548,-0.707106781186548,0.));
#4276=DIRECTION('',(-0.382683432365092,-0.923879532511286,0.));
#4277=DIRECTION('',(0.,-1.,0.));
#4278=DIRECTION('',(0.382683432365084,-0.923879532511289,0.));
#4279=DIRECTION('',(0.707106781186548,-0.707106781186548,0.));
#4280=DIRECTION('',(0.923879532511286,-0.382683432365092,0.));
#4281=DIRECTION('',(1.,0.,0.));
#4282=DIRECTION('',(0.923879532511289,0.382683432365084,0.));
#4283=DIRECTION('',(0.707106781186548,0.707106781186548,0.));
#4284=DIRECTION('',(0.382683432365092,0.923879532511286,0.));
#4285=DIRECTION('',(0.,1.,0.));
#4286=DIRECTION('',(-0.382683432365084,0.923879532511289,0.));
#4287=DIRECTION('',(-0.707106781186548,0.707106781186548,0.));
#4288=DIRECTION('',(-0.923879532511286,0.382683432365092,0.));
#4289=DIRECTION('',(-1.,0.,0.));
#4290=DIRECTION('center_axis',(0.999999999999993,-1.19209335186976E-7,0.));
#4291=DIRECTION('ref_axis',(8.42937108386018E-8,0.707106781186541,0.707106781186549));
#4292=DIRECTION('',(0.999999999999993,-1.19209335186976E-7,0.));
#4293=DIRECTION('center_axis',(0.980785303659806,0.19509020509739,-1.08296818788983E-15));
#4294=DIRECTION('ref_axis',(-0.19509020509739,0.980785303659806,-5.44444873969381E-15));
#4295=DIRECTION('center_axis',(0.980785257146632,-0.195090438934906,-1.0829694859488E-15));
#4296=DIRECTION('ref_axis',(0.195090438934906,0.980785257146632,-5.44445526547824E-15));
#4297=DIRECTION('center_axis',(0.382683322230025,-0.923879578130717,0.));
#4298=DIRECTION('ref_axis',(0.653281514696006,0.270597972195838,0.707106781186542));
#4299=DIRECTION('center_axis',(-0.195090205097336,0.980785303659817,-5.44445213168552E-15));
#4300=DIRECTION('ref_axis',(-0.980785303659817,-0.195090205097336,2.73711092146066E-14));
#4301=DIRECTION('',(0.382683322230025,-0.923879578130717,0.));
#4302=DIRECTION('center_axis',(0.555570133900683,-0.831469678531681,0.));
#4303=DIRECTION('ref_axis',(0.831469678531681,0.555570133900683,0.));
#4304=DIRECTION('center_axis',(0.923879578130717,0.382683322230024,0.));
#4305=DIRECTION('ref_axis',(-0.270597972195841,0.653281514695997,0.707106781186549));
#4306=DIRECTION('',(0.923879578130717,0.382683322230024,0.));
#4307=DIRECTION('center_axis',(0.831469678531695,0.555570133900663,0.));
#4308=DIRECTION('ref_axis',(-0.555570133900663,0.831469678531695,0.));
#4309=DIRECTION('center_axis',(0.707106865480271,0.707106696892814,0.));
#4310=DIRECTION('ref_axis',(-0.499999940395321,0.50000005960467,0.707106781186549));
#4311=DIRECTION('',(0.707106865480271,0.707106696892814,0.));
#4312=DIRECTION('center_axis',(0.555570332138518,0.831469546073395,0.));
#4313=DIRECTION('ref_axis',(-0.831469546073394,0.555570332138518,0.));
#4314=DIRECTION('center_axis',(0.382683542500151,0.923879486891843,0.));
#4315=DIRECTION('ref_axis',(-0.653281450180375,0.270598127950346,0.707106781186544));
#4316=DIRECTION('',(0.382683542500151,0.923879486891843,0.));
#4317=DIRECTION('center_axis',(0.195090438934908,0.980785257146632,-1.0888903746971E-14));
#4318=DIRECTION('ref_axis',(-0.980785257146632,0.195090438934908,-5.47422158331102E-14));
#4319=DIRECTION('center_axis',(1.19209337419563E-7,0.999999999999993,0.));
#4320=DIRECTION('ref_axis',(-0.707106781186537,8.42937265395269E-8,0.707106781186553));
#4321=DIRECTION('',(1.19209337419563E-7,0.999999999999993,0.));
#4322=DIRECTION('center_axis',(-0.195090205097336,0.980785303659817,1.0888904263371E-14));
#4323=DIRECTION('ref_axis',(-0.980785303659817,-0.195090205097336,5.47422184292309E-14));
#4324=DIRECTION('center_axis',(-0.382683322230024,0.923879578130717,0.));
#4325=DIRECTION('ref_axis',(-0.653281514696006,-0.270597972195838,0.707106781186542));
#4326=DIRECTION('',(-0.382683322230024,0.923879578130717,0.));
#4327=DIRECTION('center_axis',(-0.55557013390069,0.831469678531676,9.23116781383544E-15));
#4328=DIRECTION('ref_axis',(-0.831469678531676,-0.55557013390069,4.64082145089271E-14));
#4329=DIRECTION('center_axis',(-0.707106696892816,0.707106865480269,0.));
#4330=DIRECTION('ref_axis',(-0.500000059604654,-0.499999940395337,0.707106781186549));
#4331=DIRECTION('',(-0.707106696892816,0.707106865480269,0.));
#4332=DIRECTION('center_axis',(-0.831469546073378,0.555570332138543,0.));
#4333=DIRECTION('ref_axis',(-0.555570332138543,-0.831469546073378,0.));
#4334=DIRECTION('center_axis',(-0.923879486891843,0.382683542500151,0.));
#4335=DIRECTION('ref_axis',(-0.27059812795036,-0.653281450180372,0.707106781186541));
#4336=DIRECTION('',(-0.923879486891843,0.382683542500151,0.));
#4337=DIRECTION('center_axis',(-0.980785257146637,0.195090438934882,2.16593897189734E-15));
#4338=DIRECTION('ref_axis',(-0.195090438934882,-0.980785257146637,1.08889105309536E-14));
#4339=DIRECTION('center_axis',(-0.999999999999993,1.19209332954387E-7,0.));
#4340=DIRECTION('ref_axis',(-8.42937108386014E-8,-0.707106781186545,0.707106781186545));
#4341=DIRECTION('',(-0.999999999999993,1.19209332954387E-7,0.));
#4342=DIRECTION('center_axis',(-0.980785303659819,-0.195090205097325,-2.16593637577894E-15));
#4343=DIRECTION('ref_axis',(0.195090205097325,-0.980785303659819,-1.08888974793879E-14));
#4344=DIRECTION('center_axis',(-0.923879578130717,-0.382683322230024,0.));
#4345=DIRECTION('ref_axis',(0.270597972195844,-0.653281514695988,0.707106781186557));
#4346=DIRECTION('',(-0.923879578130717,-0.382683322230024,0.));
#4347=DIRECTION('center_axis',(-0.831469678531648,-0.555570133900733,6.16806754450675E-15));
#4348=DIRECTION('ref_axis',(0.555570133900733,-0.831469678531648,3.10089695565843E-14));
#4349=DIRECTION('center_axis',(-0.707106865480269,-0.707106696892816,0.));
#4350=DIRECTION('ref_axis',(0.499999940395321,-0.50000005960467,0.707106781186549));
#4351=DIRECTION('',(-0.707106865480269,-0.707106696892816,0.));
#4352=DIRECTION('center_axis',(-0.555570332138541,-0.831469546073379,0.));
#4353=DIRECTION('ref_axis',(0.831469546073379,-0.555570332138541,0.));
#4354=DIRECTION('center_axis',(-0.38268354250015,-0.923879486891844,0.));
#4355=DIRECTION('ref_axis',(0.653281450180375,-0.270598127950346,0.707106781186544));
#4356=DIRECTION('',(-0.38268354250015,-0.923879486891844,0.));
#4357=DIRECTION('center_axis',(-0.195090438934892,-0.980785257146635,0.));
#4358=DIRECTION('ref_axis',(0.980785257146635,-0.195090438934892,0.));
#4359=DIRECTION('center_axis',(-1.19209319558859E-7,-0.999999999999993,
0.));
#4360=DIRECTION('ref_axis',(0.707106781186537,-8.42937108386023E-8,0.707106781186553));
#4361=DIRECTION('',(-1.19209319558859E-7,-0.999999999999993,0.));
#4362=DIRECTION('center_axis',(0.707106696892813,-0.707106865480272,0.));
#4363=DIRECTION('ref_axis',(0.500000059604658,0.499999940395325,0.707106781186555));
#4364=DIRECTION('',(0.707106696892813,-0.707106865480272,0.));
#4365=DIRECTION('center_axis',(0.831469546073379,-0.555570332138541,-3.08403487269427E-15));
#4366=DIRECTION('ref_axis',(0.555570332138541,0.831469546073379,-1.55044903105894E-14));
#4367=DIRECTION('center_axis',(0.923879486891844,-0.382683542500149,0.));
#4368=DIRECTION('ref_axis',(0.270598127950331,0.653281450180378,0.707106781186547));
#4369=DIRECTION('',(0.923879486891844,-0.382683542500149,0.));
#4370=DIRECTION('center_axis',(0.999999999999993,-1.19209337419563E-7,0.));
#4371=DIRECTION('ref_axis',(-1.19209337419563E-7,-0.999999999999993,0.));
#4372=DIRECTION('',(0.,0.,-1.));
#4373=DIRECTION('',(-1.19209337419563E-7,-0.999999999999993,0.));
#4374=DIRECTION('',(0.,0.,-1.));
#4375=DIRECTION('center_axis',(0.923879486891843,-0.382683542500151,0.));
#4376=DIRECTION('ref_axis',(-0.382683542500151,-0.923879486891843,0.));
#4377=DIRECTION('',(0.,0.,-1.));
#4378=DIRECTION('',(-0.382683542500151,-0.923879486891843,0.));
#4379=DIRECTION('center_axis',(0.707106696892814,-0.707106865480271,0.));
#4380=DIRECTION('ref_axis',(-0.707106865480271,-0.707106696892814,0.));
#4381=DIRECTION('',(0.,0.,-1.));
#4382=DIRECTION('',(-0.707106865480271,-0.707106696892814,0.));
#4383=DIRECTION('center_axis',(0.382683322230024,-0.923879578130717,0.));
#4384=DIRECTION('ref_axis',(-0.923879578130717,-0.382683322230024,0.));
#4385=DIRECTION('',(0.,0.,-1.));
#4386=DIRECTION('',(-0.923879578130717,-0.382683322230024,0.));
#4387=DIRECTION('center_axis',(-1.19209335186976E-7,-0.999999999999993,
0.));
#4388=DIRECTION('ref_axis',(-0.999999999999993,1.19209335186976E-7,0.));
#4389=DIRECTION('',(0.,0.,-1.));
#4390=DIRECTION('',(-0.999999999999993,1.19209335186976E-7,0.));
#4391=DIRECTION('center_axis',(-0.382683542500149,-0.923879486891844,0.));
#4392=DIRECTION('ref_axis',(-0.923879486891844,0.382683542500149,0.));
#4393=DIRECTION('',(0.,0.,-1.));
#4394=DIRECTION('',(-0.923879486891844,0.382683542500149,0.));
#4395=DIRECTION('center_axis',(-0.707106865480272,-0.707106696892813,0.));
#4396=DIRECTION('ref_axis',(-0.707106696892813,0.707106865480272,0.));
#4397=DIRECTION('',(0.,0.,-1.));
#4398=DIRECTION('',(-0.707106696892813,0.707106865480272,0.));
#4399=DIRECTION('center_axis',(-0.923879578130717,-0.382683322230025,0.));
#4400=DIRECTION('ref_axis',(-0.382683322230025,0.923879578130717,0.));
#4401=DIRECTION('',(0.,0.,-1.));
#4402=DIRECTION('',(-0.382683322230025,0.923879578130717,0.));
#4403=DIRECTION('center_axis',(0.923879532511289,0.382683432365084,0.));
#4404=DIRECTION('ref_axis',(-0.270598050073088,0.653281482438185,0.707106781186554));
#4405=DIRECTION('',(0.923879532511289,0.382683432365084,0.));
#4406=DIRECTION('center_axis',(0.831469612302566,0.555570233019572,0.));
#4407=DIRECTION('ref_axis',(-0.555570233019572,0.831469612302566,0.));
#4408=DIRECTION('center_axis',(-0.980785280403231,-0.195090322016126,0.));
#4409=DIRECTION('ref_axis',(0.195090322016126,-0.980785280403231,0.));
#4410=DIRECTION('center_axis',(0.707106781186548,0.707106781186548,0.));
#4411=DIRECTION('ref_axis',(-0.500000000000009,0.500000000000009,0.707106781186535));
#4412=DIRECTION('',(0.707106781186548,0.707106781186548,0.));
#4413=DIRECTION('center_axis',(0.555570233019572,0.831469612302566,0.));
#4414=DIRECTION('ref_axis',(-0.831469612302566,0.555570233019572,0.));
#4415=DIRECTION('center_axis',(0.382683432365092,0.923879532511286,0.));
#4416=DIRECTION('ref_axis',(-0.653281482438198,0.270598050073112,0.707106781186534));
#4417=DIRECTION('',(0.382683432365092,0.923879532511286,0.));
#4418=DIRECTION('center_axis',(0.195090322016147,0.980785280403227,0.));
#4419=DIRECTION('ref_axis',(-0.980785280403227,0.195090322016147,0.));
#4420=DIRECTION('center_axis',(0.,1.,0.));
#4421=DIRECTION('ref_axis',(-0.707106781186556,0.,0.707106781186539));
#4422=DIRECTION('',(0.,1.,0.));
#4423=DIRECTION('center_axis',(-0.195090322016147,0.980785280403227,0.));
#4424=DIRECTION('ref_axis',(-0.980785280403227,-0.195090322016147,0.));
#4425=DIRECTION('center_axis',(-0.382683432365084,0.923879532511289,0.));
#4426=DIRECTION('ref_axis',(-0.65328148243818,-0.270598050073117,0.707106781186548));
#4427=DIRECTION('',(-0.382683432365084,0.923879532511289,0.));
#4428=DIRECTION('center_axis',(-0.555570233019587,0.831469612302556,0.));
#4429=DIRECTION('ref_axis',(-0.831469612302556,-0.555570233019587,0.));
#4430=DIRECTION('center_axis',(-0.707106781186548,0.707106781186548,0.));
#4431=DIRECTION('ref_axis',(-0.500000000000017,-0.499999999999985,0.707106781186546));
#4432=DIRECTION('',(-0.707106781186548,0.707106781186548,0.));
#4433=DIRECTION('center_axis',(-0.831469612302572,0.555570233019562,0.));
#4434=DIRECTION('ref_axis',(-0.555570233019562,-0.831469612302572,0.));
#4435=DIRECTION('center_axis',(-0.923879532511286,0.382683432365092,0.));
#4436=DIRECTION('ref_axis',(-0.270598050073112,-0.653281482438198,0.707106781186534));
#4437=DIRECTION('',(-0.923879532511286,0.382683432365092,0.));
#4438=DIRECTION('center_axis',(-0.980785280403218,0.195090322016189,0.));
#4439=DIRECTION('ref_axis',(-0.195090322016189,-0.980785280403218,0.));
#4440=DIRECTION('center_axis',(-1.,0.,0.));
#4441=DIRECTION('ref_axis',(0.,-0.707106781186556,0.707106781186539));
#4442=DIRECTION('',(-1.,0.,0.));
#4443=DIRECTION('center_axis',(-0.980785280403231,-0.195090322016126,0.));
#4444=DIRECTION('ref_axis',(0.195090322016126,-0.980785280403231,0.));
#4445=DIRECTION('center_axis',(-0.923879532511289,-0.382683432365084,0.));
#4446=DIRECTION('ref_axis',(0.270598050073083,-0.653281482438203,0.70710678118654));
#4447=DIRECTION('',(-0.923879532511289,-0.382683432365084,0.));
#4448=DIRECTION('center_axis',(-0.831469612302566,-0.555570233019572,0.));
#4449=DIRECTION('ref_axis',(0.555570233019572,-0.831469612302566,0.));
#4450=DIRECTION('center_axis',(-0.707106781186548,-0.707106781186548,0.));
#4451=DIRECTION('ref_axis',(0.499999999999993,-0.499999999999993,0.707106781186557));
#4452=DIRECTION('',(-0.707106781186548,-0.707106781186548,0.));
#4453=DIRECTION('center_axis',(-0.555570233019547,-0.831469612302582,0.));
#4454=DIRECTION('ref_axis',(0.831469612302582,-0.555570233019547,0.));
#4455=DIRECTION('center_axis',(-0.382683432365092,-0.923879532511286,0.));
#4456=DIRECTION('ref_axis',(0.653281482438203,-0.270598050073083,0.70710678118654));
#4457=DIRECTION('',(-0.382683432365092,-0.923879532511286,0.));
#4458=DIRECTION('center_axis',(-0.195090322016147,-0.980785280403227,0.));
#4459=DIRECTION('ref_axis',(0.980785280403227,-0.195090322016147,0.));
#4460=DIRECTION('center_axis',(0.,-1.,0.));
#4461=DIRECTION('ref_axis',(0.707106781186556,0.,0.707106781186539));
#4462=DIRECTION('',(0.,-1.,0.));
#4463=DIRECTION('center_axis',(0.195090322016126,-0.980785280403231,0.));
#4464=DIRECTION('ref_axis',(0.980785280403231,0.195090322016126,0.));
#4465=DIRECTION('center_axis',(0.382683432365084,-0.923879532511289,0.));
#4466=DIRECTION('ref_axis',(0.653281482438185,0.270598050073088,0.707106781186554));
#4467=DIRECTION('',(0.382683432365084,-0.923879532511289,0.));
#4468=DIRECTION('center_axis',(0.555570233019602,-0.831469612302545,0.));
#4469=DIRECTION('ref_axis',(0.831469612302545,0.555570233019602,0.));
#4470=DIRECTION('center_axis',(1.,0.,0.));
#4471=DIRECTION('ref_axis',(0.,0.707106781186556,0.707106781186539));
#4472=DIRECTION('',(1.,0.,0.));
#4473=DIRECTION('center_axis',(0.980785280403231,-0.195090322016126,0.));
#4474=DIRECTION('ref_axis',(0.195090322016126,0.980785280403231,0.));
#4475=DIRECTION('center_axis',(0.707106781186548,-0.707106781186548,0.));
#4476=DIRECTION('ref_axis',(0.499999999999985,0.500000000000017,0.707106781186546));
#4477=DIRECTION('',(0.707106781186548,-0.707106781186548,0.));
#4478=DIRECTION('center_axis',(0.831469612302539,-0.555570233019612,0.));
#4479=DIRECTION('ref_axis',(0.555570233019612,0.831469612302539,0.));
#4480=DIRECTION('center_axis',(0.923879532511286,-0.382683432365092,0.));
#4481=DIRECTION('ref_axis',(0.270598050073112,0.653281482438198,0.707106781186534));
#4482=DIRECTION('',(0.923879532511286,-0.382683432365092,0.));
#4483=DIRECTION('center_axis',(0.,1.,0.));
#4484=DIRECTION('ref_axis',(1.,0.,0.));
#4485=DIRECTION('',(0.,0.,-1.));
#4486=DIRECTION('',(1.,0.,0.));
#4487=DIRECTION('',(0.,0.,-1.));
#4488=DIRECTION('center_axis',(0.382683432365092,0.923879532511286,0.));
#4489=DIRECTION('ref_axis',(0.923879532511286,-0.382683432365092,0.));
#4490=DIRECTION('',(0.,0.,-1.));
#4491=DIRECTION('',(0.923879532511286,-0.382683432365092,0.));
#4492=DIRECTION('center_axis',(0.707106781186548,0.707106781186548,0.));
#4493=DIRECTION('ref_axis',(0.707106781186548,-0.707106781186548,0.));
#4494=DIRECTION('',(0.,0.,-1.));
#4495=DIRECTION('',(0.707106781186548,-0.707106781186548,0.));
#4496=DIRECTION('center_axis',(0.923879532511289,0.382683432365084,0.));
#4497=DIRECTION('ref_axis',(0.382683432365084,-0.923879532511289,0.));
#4498=DIRECTION('',(0.,0.,-1.));
#4499=DIRECTION('',(0.382683432365084,-0.923879532511289,0.));
#4500=DIRECTION('center_axis',(1.,0.,0.));
#4501=DIRECTION('ref_axis',(0.,-1.,0.));
#4502=DIRECTION('',(0.,0.,-1.));
#4503=DIRECTION('',(0.,-1.,0.));
#4504=DIRECTION('center_axis',(0.923879532511286,-0.382683432365092,0.));
#4505=DIRECTION('ref_axis',(-0.382683432365092,-0.923879532511286,0.));
#4506=DIRECTION('',(0.,0.,-1.));
#4507=DIRECTION('',(-0.382683432365092,-0.923879532511286,0.));
#4508=DIRECTION('center_axis',(0.707106781186548,-0.707106781186548,0.));
#4509=DIRECTION('ref_axis',(-0.707106781186548,-0.707106781186548,0.));
#4510=DIRECTION('',(0.,0.,-1.));
#4511=DIRECTION('',(-0.707106781186548,-0.707106781186548,0.));
#4512=DIRECTION('center_axis',(0.382683432365084,-0.923879532511289,0.));
#4513=DIRECTION('ref_axis',(-0.923879532511289,-0.382683432365084,0.));
#4514=DIRECTION('',(0.,0.,-1.));
#4515=DIRECTION('',(-0.923879532511289,-0.382683432365084,0.));
#4516=DIRECTION('center_axis',(0.707106781186548,-0.707106781186548,0.));
#4517=DIRECTION('ref_axis',(0.500000000000005,0.499999999999989,0.707106781186552));
#4518=DIRECTION('',(0.707106781186548,-0.707106781186548,0.));
#4519=DIRECTION('center_axis',(0.831469612302534,-0.555570233019619,0.));
#4520=DIRECTION('ref_axis',(0.555570233019619,0.831469612302534,0.));
#4521=DIRECTION('center_axis',(0.555570233019627,-0.831469612302529,0.));
#4522=DIRECTION('ref_axis',(0.831469612302529,0.555570233019627,0.));
#4523=DIRECTION('center_axis',(0.923879532511285,-0.382683432365093,0.));
#4524=DIRECTION('ref_axis',(0.270598050073117,0.65328148243818,0.707106781186548));
#4525=DIRECTION('',(0.923879532511285,-0.382683432365093,0.));
#4526=DIRECTION('center_axis',(0.980785280403229,-0.195090322016136,0.));
#4527=DIRECTION('ref_axis',(0.195090322016136,0.980785280403229,0.));
#4528=DIRECTION('center_axis',(1.,0.,0.));
#4529=DIRECTION('ref_axis',(0.,0.70710678118654,0.707106781186555));
#4530=DIRECTION('',(1.,0.,0.));
#4531=DIRECTION('center_axis',(0.980785280403235,0.195090322016105,0.));
#4532=DIRECTION('ref_axis',(-0.195090322016105,0.980785280403235,0.));
#4533=DIRECTION('center_axis',(0.923879532511289,0.382683432365084,0.));
#4534=DIRECTION('ref_axis',(-0.270598050073103,0.653281482438182,0.707106781186551));
#4535=DIRECTION('',(0.923879532511289,0.382683432365084,0.));
#4536=DIRECTION('center_axis',(0.831469612302534,0.555570233019619,9.23116707854425E-15));
#4537=DIRECTION('ref_axis',(-0.555570233019619,0.831469612302534,4.6408210812371E-14));
#4538=DIRECTION('center_axis',(0.707106781186548,0.707106781186548,0.));
#4539=DIRECTION('ref_axis',(-0.500000000000005,0.499999999999989,0.707106781186552));
#4540=DIRECTION('',(0.707106781186548,0.707106781186548,0.));
#4541=DIRECTION('center_axis',(0.555570233019612,0.831469612302539,0.));
#4542=DIRECTION('ref_axis',(-0.831469612302539,0.555570233019612,0.));
#4543=DIRECTION('center_axis',(0.382683432365092,0.923879532511286,0.));
#4544=DIRECTION('ref_axis',(-0.653281482438185,0.270598050073088,0.707106781186554));
#4545=DIRECTION('',(0.382683432365092,0.923879532511286,0.));
#4546=DIRECTION('center_axis',(0.195090322016126,0.980785280403231,0.));
#4547=DIRECTION('ref_axis',(-0.980785280403231,0.195090322016126,0.));
#4548=DIRECTION('center_axis',(-0.382683432365084,0.923879532511289,0.));
#4549=DIRECTION('ref_axis',(-0.65328148243818,-0.270598050073117,0.707106781186548));
#4550=DIRECTION('center_axis',(0.195090322016105,-0.980785280403235,0.));
#4551=DIRECTION('ref_axis',(0.980785280403235,0.195090322016105,0.));
#4552=DIRECTION('',(-0.382683432365084,0.923879532511289,0.));
#4553=DIRECTION('center_axis',(-0.555570233019592,0.831469612302552,0.));
#4554=DIRECTION('ref_axis',(-0.831469612302552,-0.555570233019592,0.));
#4555=DIRECTION('center_axis',(4.46517444541242E-15,1.,0.));
#4556=DIRECTION('ref_axis',(-0.707106781186548,0.,0.707106781186547));
#4557=DIRECTION('',(4.46517444541242E-15,1.,0.));
#4558=DIRECTION('center_axis',(-0.707106781186541,0.707106781186554,0.));
#4559=DIRECTION('ref_axis',(-0.499999999999985,-0.500000000000017,0.707106781186546));
#4560=DIRECTION('',(-0.707106781186541,0.707106781186554,0.));
#4561=DIRECTION('center_axis',(-0.831469612302566,0.555570233019572,9.2311670785446E-15));
#4562=DIRECTION('ref_axis',(-0.555570233019572,-0.831469612302566,4.64082108123681E-14));
#4563=DIRECTION('center_axis',(-0.923879532511285,0.382683432365093,0.));
#4564=DIRECTION('ref_axis',(-0.270598050073088,-0.653281482438185,0.707106781186554));
#4565=DIRECTION('',(-0.923879532511285,0.382683432365093,0.));
#4566=DIRECTION('center_axis',(-0.980785280403225,0.195090322016157,0.));
#4567=DIRECTION('ref_axis',(-0.195090322016157,-0.980785280403225,0.));
#4568=DIRECTION('center_axis',(-1.,8.93034889082472E-15,0.));
#4569=DIRECTION('ref_axis',(-1.57009245868376E-14,-0.707106781186556,0.707106781186539));
#4570=DIRECTION('',(-1.,8.93034889082472E-15,0.));
#4571=DIRECTION('center_axis',(-0.980785280403235,-0.195090322016105,0.));
#4572=DIRECTION('ref_axis',(0.195090322016105,-0.980785280403235,0.));
#4573=DIRECTION('center_axis',(-0.92387953251129,-0.382683432365083,0.));
#4574=DIRECTION('ref_axis',(0.270598050073083,-0.653281482438203,0.70710678118654));
#4575=DIRECTION('',(-0.92387953251129,-0.382683432365083,0.));
#4576=DIRECTION('center_axis',(-0.831469612302539,-0.555570233019612,0.));
#4577=DIRECTION('ref_axis',(0.555570233019612,-0.831469612302539,0.));
#4578=DIRECTION('center_axis',(-0.70710678118655,-0.707106781186545,0.));
#4579=DIRECTION('ref_axis',(0.500000000000005,-0.499999999999989,0.707106781186552));
#4580=DIRECTION('',(-0.70710678118655,-0.707106781186545,0.));
#4581=DIRECTION('center_axis',(-0.555570233019612,-0.831469612302539,0.));
#4582=DIRECTION('ref_axis',(0.831469612302539,-0.555570233019612,0.));
#4583=DIRECTION('center_axis',(-0.382683432365092,-0.923879532511286,0.));
#4584=DIRECTION('ref_axis',(0.653281482438189,-0.270598050073115,0.707106781186541));
#4585=DIRECTION('',(-0.382683432365092,-0.923879532511286,0.));
#4586=DIRECTION('center_axis',(-0.195090322016126,-0.980785280403231,0.));
#4587=DIRECTION('ref_axis',(0.980785280403231,-0.195090322016126,0.));
#4588=DIRECTION('center_axis',(-4.46517444541234E-15,-1.,0.));
#4589=DIRECTION('ref_axis',(0.707106781186548,0.,0.707106781186547));
#4590=DIRECTION('',(-4.46517444541234E-15,-1.,0.));
#4591=DIRECTION('center_axis',(0.195090322016105,-0.980785280403235,2.16593767383816E-15));
#4592=DIRECTION('ref_axis',(0.980785280403235,0.195090322016105,1.08889040051709E-14));
#4593=DIRECTION('center_axis',(0.382683432365088,-0.923879532511288,0.));
#4594=DIRECTION('ref_axis',(0.653281482438189,0.270598050073115,0.707106781186541));
#4595=DIRECTION('',(0.382683432365088,-0.923879532511288,0.));
#4596=DIRECTION('center_axis',(-1.,4.46517444541234E-15,0.));
#4597=DIRECTION('ref_axis',(4.46517444541234E-15,1.,0.));
#4598=DIRECTION('',(0.,0.,-1.));
#4599=DIRECTION('',(4.46517444541234E-15,1.,0.));
#4600=DIRECTION('',(0.,0.,-1.));
#4601=DIRECTION('center_axis',(-0.923879532511286,0.382683432365092,0.));
#4602=DIRECTION('ref_axis',(0.382683432365092,0.923879532511286,0.));
#4603=DIRECTION('',(0.,0.,-1.));
#4604=DIRECTION('',(0.382683432365092,0.923879532511286,0.));
#4605=DIRECTION('center_axis',(-0.707106781186545,0.70710678118655,0.));
#4606=DIRECTION('ref_axis',(0.70710678118655,0.707106781186545,0.));
#4607=DIRECTION('',(0.,0.,-1.));
#4608=DIRECTION('',(0.70710678118655,0.707106781186545,0.));
#4609=DIRECTION('center_axis',(-0.382683432365083,0.92387953251129,0.));
#4610=DIRECTION('ref_axis',(0.92387953251129,0.382683432365083,0.));
#4611=DIRECTION('',(0.,0.,-1.));
#4612=DIRECTION('',(0.92387953251129,0.382683432365083,0.));
#4613=DIRECTION('center_axis',(8.93034889082472E-15,1.,0.));
#4614=DIRECTION('ref_axis',(1.,-8.93034889082472E-15,0.));
#4615=DIRECTION('',(0.,0.,-1.));
#4616=DIRECTION('',(1.,-8.93034889082472E-15,0.));
#4617=DIRECTION('center_axis',(0.382683432365093,0.923879532511285,0.));
#4618=DIRECTION('ref_axis',(0.923879532511285,-0.382683432365093,0.));
#4619=DIRECTION('',(0.,0.,-1.));
#4620=DIRECTION('',(0.923879532511285,-0.382683432365093,0.));
#4621=DIRECTION('center_axis',(0.707106781186554,0.707106781186541,0.));
#4622=DIRECTION('ref_axis',(0.707106781186541,-0.707106781186554,0.));
#4623=DIRECTION('',(0.,0.,-1.));
#4624=DIRECTION('',(0.707106781186541,-0.707106781186554,0.));
#4625=DIRECTION('center_axis',(0.923879532511289,0.382683432365084,0.));
#4626=DIRECTION('ref_axis',(0.382683432365084,-0.923879532511289,0.));
#4627=DIRECTION('',(0.,0.,-1.));
#4628=DIRECTION('',(0.382683432365084,-0.923879532511289,0.));
#4629=DIRECTION('center_axis',(0.,0.707106781186548,-0.707106781186548));
#4630=DIRECTION('ref_axis',(-1.,0.,0.));
#4631=DIRECTION('',(-1.,0.,0.));
#4632=DIRECTION('',(-0.139281325317167,0.700214507282552,0.700214507282552));
#4633=DIRECTION('',(0.139281325317167,0.700214507282552,0.700214507282552));
#4634=DIRECTION('center_axis',(-0.270598050073093,0.653281482438187,-0.707106781186551));
#4635=DIRECTION('ref_axis',(-0.933948831094468,0.,0.357406744336586));
#4636=DIRECTION('',(-0.923879532511289,-0.382683432365084,0.));
#4637=DIRECTION('',(-0.396639656760302,0.593613196009091,0.700214507282548));
#4638=DIRECTION('',(0.923879532511289,0.382683432365084,0.));
#4639=DIRECTION('center_axis',(-0.499999999999991,0.499999999999991,-0.70710678118656));
#4640=DIRECTION('ref_axis',(-0.816496580927735,0.,0.577350269189612));
#4641=DIRECTION('',(-0.707106781186548,-0.707106781186548,0.));
#4642=DIRECTION('',(-0.593613196009091,0.396639656760302,0.700214507282548));
#4643=DIRECTION('',(0.707106781186548,0.707106781186548,0.));
#4644=DIRECTION('center_axis',(-0.653281482438185,0.270598050073099,-0.707106781186551));
#4645=DIRECTION('ref_axis',(-0.734509555267759,0.,0.678598344545843));
#4646=DIRECTION('',(-0.382683432365092,-0.923879532511286,0.));
#4647=DIRECTION('',(-0.700214507282552,0.139281325317167,0.700214507282552));
#4648=DIRECTION('',(0.382683432365092,0.923879532511286,0.));
#4649=DIRECTION('center_axis',(-0.707106781186548,0.,-0.707106781186548));
#4650=DIRECTION('ref_axis',(-0.707106781186548,0.,0.707106781186548));
#4651=DIRECTION('',(0.,-1.,0.));
#4652=DIRECTION('',(-0.700214507282552,-0.139281325317167,0.700214507282552));
#4653=DIRECTION('',(0.,1.,0.));
#4654=DIRECTION('center_axis',(-0.653281482438187,-0.270598050073093,-0.707106781186551));
#4655=DIRECTION('ref_axis',(-0.734509555267758,0.,0.678598344545845));
#4656=DIRECTION('',(0.382683432365084,-0.923879532511289,0.));
#4657=DIRECTION('',(-0.593613196009091,-0.396639656760302,0.700214507282548));
#4658=DIRECTION('',(-0.382683432365084,0.923879532511289,0.));
#4659=DIRECTION('center_axis',(-0.499999999999991,-0.499999999999991,-0.70710678118656));
#4660=DIRECTION('ref_axis',(-0.816496580927735,0.,0.577350269189612));
#4661=DIRECTION('',(0.707106781186548,-0.707106781186548,0.));
#4662=DIRECTION('',(-0.396639656760302,-0.593613196009091,0.700214507282548));
#4663=DIRECTION('',(-0.707106781186548,0.707106781186548,0.));
#4664=DIRECTION('center_axis',(-0.270598050073099,-0.653281482438185,-0.707106781186551));
#4665=DIRECTION('ref_axis',(-0.933948831094465,0.,0.357406744336592));
#4666=DIRECTION('',(0.923879532511286,-0.382683432365092,0.));
#4667=DIRECTION('',(-0.139281325317167,-0.700214507282552,0.700214507282552));
#4668=DIRECTION('',(-0.923879532511286,0.382683432365092,0.));
#4669=DIRECTION('center_axis',(0.,-0.707106781186548,-0.707106781186548));
#4670=DIRECTION('ref_axis',(-1.,0.,0.));
#4671=DIRECTION('',(1.,0.,0.));
#4672=DIRECTION('',(0.139281325317167,-0.700214507282552,0.700214507282552));
#4673=DIRECTION('',(-1.,0.,0.));
#4674=DIRECTION('center_axis',(0.270598050073093,-0.653281482438187,-0.707106781186551));
#4675=DIRECTION('ref_axis',(-0.933948831094468,0.,-0.357406744336586));
#4676=DIRECTION('',(0.923879532511289,0.382683432365084,0.));
#4677=DIRECTION('',(0.396639656760302,-0.593613196009091,0.700214507282548));
#4678=DIRECTION('center_axis',(0.499999999999991,-0.499999999999991,-0.70710678118656));
#4679=DIRECTION('ref_axis',(-0.816496580927735,0.,-0.577350269189612));
#4680=DIRECTION('',(0.707106781186548,0.707106781186548,0.));
#4681=DIRECTION('',(0.593613196009091,-0.396639656760302,0.700214507282548));
#4682=DIRECTION('center_axis',(0.653281482438185,-0.270598050073099,-0.707106781186551));
#4683=DIRECTION('ref_axis',(-0.734509555267759,0.,-0.678598344545843));
#4684=DIRECTION('',(0.382683432365092,0.923879532511286,0.));
#4685=DIRECTION('',(0.700214507282552,-0.139281325317167,0.700214507282552));
#4686=DIRECTION('center_axis',(0.707106781186548,0.,-0.707106781186548));
#4687=DIRECTION('ref_axis',(-0.707106781186548,0.,-0.707106781186548));
#4688=DIRECTION('',(0.,1.,0.));
#4689=DIRECTION('',(0.700214507282552,0.139281325317167,0.700214507282552));
#4690=DIRECTION('center_axis',(0.653281482438187,0.270598050073093,-0.707106781186551));
#4691=DIRECTION('ref_axis',(-0.734509555267758,0.,-0.678598344545845));
#4692=DIRECTION('',(-0.382683432365084,0.923879532511289,0.));
#4693=DIRECTION('',(0.593613196009091,0.396639656760302,0.700214507282548));
#4694=DIRECTION('center_axis',(0.499999999999991,0.499999999999991,-0.70710678118656));
#4695=DIRECTION('ref_axis',(-0.816496580927735,0.,-0.577350269189612));
#4696=DIRECTION('',(-0.707106781186548,0.707106781186548,0.));
#4697=DIRECTION('',(0.396639656760302,0.593613196009091,0.700214507282548));
#4698=DIRECTION('center_axis',(0.270598050073099,0.653281482438185,-0.707106781186551));
#4699=DIRECTION('ref_axis',(-0.933948831094465,0.,-0.357406744336592));
#4700=DIRECTION('',(-0.923879532511286,0.382683432365092,0.));
#4701=DIRECTION('center_axis',(0.,0.,-1.));
#4702=DIRECTION('ref_axis',(-1.,0.,0.));
#4703=DIRECTION('center_axis',(0.70710678118654,-8.42937308701282E-8,-0.70710678118655));
#4704=DIRECTION('ref_axis',(-0.707106781186553,0.,-0.707106781186543));
#4705=DIRECTION('',(1.19209337419563E-7,0.999999999999993,0.));
#4706=DIRECTION('',(0.700214523886187,0.139281241845017,0.700214507282554));
#4707=DIRECTION('',(0.700214490678923,-0.139281408789197,0.700214507282556));
#4708=DIRECTION('center_axis',(0.653281514695997,0.270597972195847,-0.707106781186547));
#4709=DIRECTION('ref_axis',(-0.734509538566175,0.,-0.678598362623507));
#4710=DIRECTION('',(-0.382683322230024,0.923879578130717,0.));
#4711=DIRECTION('',(0.593613243292233,0.396639585996069,0.700214507282549));
#4712=DIRECTION('',(0.382683322230024,-0.923879578130717,0.));
#4713=DIRECTION('center_axis',(0.50000005960466,0.499999940395328,-0.707106781186551));
#4714=DIRECTION('ref_axis',(-0.81649654848306,0.,-0.577350315073309));
#4715=DIRECTION('',(-0.707106696892816,0.707106865480269,0.));
#4716=DIRECTION('',(0.396639727524544,0.593613148725929,0.70021450728255));
#4717=DIRECTION('',(0.707106696892816,-0.707106865480269,0.));
#4718=DIRECTION('center_axis',(0.270598127950347,0.65328145018037,-0.707106781186547));
#4719=DIRECTION('ref_axis',(-0.933948796759663,0.,-0.357406834057742));
#4720=DIRECTION('',(-0.923879486891843,0.382683542500151,0.));
#4721=DIRECTION('',(0.139281408789239,0.700214490678919,0.700214507282552));
#4722=DIRECTION('',(0.923879486891843,-0.382683542500151,0.));
#4723=DIRECTION('center_axis',(8.42937277127714E-8,0.70710678118654,-0.70710678118655));
#4724=DIRECTION('ref_axis',(-0.999999999999993,0.,-1.19209332954385E-7));
#4725=DIRECTION('',(-0.999999999999993,1.19209332954387E-7,0.));
#4726=DIRECTION('',(-0.139281241845033,0.700214523886186,0.700214507282552));
#4727=DIRECTION('',(0.999999999999993,-1.19209332954387E-7,0.));
#4728=DIRECTION('center_axis',(-0.270597972195847,0.653281514695999,-0.707106781186545));
#4729=DIRECTION('ref_axis',(-0.933948865429261,0.,0.357406654615433));
#4730=DIRECTION('',(-0.923879578130717,-0.382683322230024,0.));
#4731=DIRECTION('',(-0.396639585996063,0.593613243292235,0.700214507282552));
#4732=DIRECTION('',(0.923879578130717,0.382683322230024,0.));
#4733=DIRECTION('center_axis',(-0.499999940395328,0.50000005960466,-0.707106781186551));
#4734=DIRECTION('ref_axis',(-0.816496613372401,0.,0.577350223305923));
#4735=DIRECTION('',(-0.707106865480269,-0.707106696892816,0.));
#4736=DIRECTION('',(-0.593613148725965,0.396639727524496,0.700214507282547));
#4737=DIRECTION('',(0.707106865480269,0.707106696892816,0.));
#4738=DIRECTION('center_axis',(-0.653281450180366,0.270598127950344,-0.707106781186552));
#4739=DIRECTION('ref_axis',(-0.734509571969345,0.,0.678598326468177));
#4740=DIRECTION('',(-0.38268354250015,-0.923879486891844,0.));
#4741=DIRECTION('',(-0.700214490678914,0.139281408789285,0.700214507282548));
#4742=DIRECTION('',(0.38268354250015,0.923879486891844,0.));
#4743=DIRECTION('center_axis',(-0.70710678118654,8.4293718240703E-8,-0.70710678118655));
#4744=DIRECTION('ref_axis',(-0.707106781186553,0.,0.707106781186543));
#4745=DIRECTION('',(-1.19209319558859E-7,-0.999999999999993,0.));
#4746=DIRECTION('',(-0.700214523886184,-0.139281241845052,0.700214507282551));
#4747=DIRECTION('',(1.19209319558859E-7,0.999999999999993,0.));
#4748=DIRECTION('center_axis',(-0.653281514695997,-0.270597972195847,-0.707106781186547));
#4749=DIRECTION('ref_axis',(-0.734509538566175,0.,0.678598362623507));
#4750=DIRECTION('',(0.382683322230025,-0.923879578130717,0.));
#4751=DIRECTION('',(-0.59361324329225,-0.396639585996039,0.700214507282552));
#4752=DIRECTION('center_axis',(-0.500000059604664,-0.499999940395328,-0.707106781186549));
#4753=DIRECTION('ref_axis',(-0.816496548483057,0.,0.577350315073314));
#4754=DIRECTION('',(0.707106696892813,-0.707106865480272,0.));
#4755=DIRECTION('',(-0.396639727524515,-0.593613148725943,0.700214507282554));
#4756=DIRECTION('center_axis',(-0.270598127950346,-0.653281450180371,-0.707106781186547));
#4757=DIRECTION('ref_axis',(-0.933948796759663,0.,0.35740683405774));
#4758=DIRECTION('',(0.923879486891844,-0.382683542500149,0.));
#4759=DIRECTION('',(-0.139281408789239,-0.700214490678917,0.700214507282554));
#4760=DIRECTION('center_axis',(-8.42937292914506E-8,-0.707106781186542,
-0.707106781186548));
#4761=DIRECTION('ref_axis',(-0.999999999999993,0.,1.19209335186975E-7));
#4762=DIRECTION('',(0.999999999999993,-1.19209335186976E-7,0.));
#4763=DIRECTION('',(0.139281241845018,-0.700214523886185,0.700214507282556));
#4764=DIRECTION('center_axis',(0.270597972195849,-0.653281514696002,-0.707106781186542));
#4765=DIRECTION('ref_axis',(-0.93394886542926,0.,-0.357406654615437));
#4766=DIRECTION('',(0.923879578130717,0.382683322230024,0.));
#4767=DIRECTION('',(0.396639585996095,-0.59361324329221,0.700214507282554));
#4768=DIRECTION('center_axis',(0.499999940395326,-0.50000005960466,-0.707106781186553));
#4769=DIRECTION('ref_axis',(-0.816496613372403,0.,-0.57735022330592));
#4770=DIRECTION('',(0.707106865480271,0.707106696892814,0.));
#4771=DIRECTION('',(0.593613148725908,-0.396639727524569,0.700214507282553));
#4772=DIRECTION('center_axis',(0.653281450180375,-0.270598127950349,-0.707106781186543));
#4773=DIRECTION('ref_axis',(-0.734509571969336,0.,-0.678598326468186));
#4774=DIRECTION('',(0.382683542500151,0.923879486891843,0.));
#4775=DIRECTION('center_axis',(0.,0.,-1.));
#4776=DIRECTION('ref_axis',(-1.,0.,0.));
#4777=DIRECTION('center_axis',(-0.707106781186538,1.26440585331706E-7,-0.707106781186545));
#4778=DIRECTION('ref_axis',(-0.707106781186551,0.,0.707106781186544));
#4779=DIRECTION('',(-1.78813990610491E-7,-0.999999999999984,0.));
#4780=DIRECTION('',(-0.70021453218799,-0.139281200108997,0.700214507282555));
#4781=DIRECTION('',(-0.700214482377094,0.139281450525298,0.700214507282552));
#4782=DIRECTION('center_axis',(-0.653281530824895,-0.270597933257224,-0.707106781186548));
#4783=DIRECTION('ref_axis',(-0.734509530215389,0.,0.678598371662332));
#4784=DIRECTION('',(0.382683267162496,-0.923879600940424,0.));
#4785=DIRECTION('',(-0.593613266933815,-0.39663955061392,0.700214507282555));
#4786=DIRECTION('',(-0.382683267162496,0.923879600940424,0.));
#4787=DIRECTION('center_axis',(-0.50000008940699,-0.499999910592998,-0.707106781186545));
#4788=DIRECTION('ref_axis',(-0.816496532260724,0.,0.577350338015154));
#4789=DIRECTION('',(0.707106654745949,-0.707106907627123,0.));
#4790=DIRECTION('',(-0.396639762906605,-0.593613125084378,0.700214507282555));
#4791=DIRECTION('',(-0.707106654745949,0.707106907627123,0.));
#4792=DIRECTION('center_axis',(-0.270598166888964,-0.65328143405146,-0.707106781186548));
#4793=DIRECTION('ref_axis',(-0.933948779592263,0.,0.357406878918303));
#4794=DIRECTION('',(0.92387946408212,-0.382683597567671,0.));
#4795=DIRECTION('',(-0.139281450525306,-0.700214482377091,0.700214507282553));
#4796=DIRECTION('',(-0.92387946408212,0.382683597567671,0.));
#4797=DIRECTION('center_axis',(-1.26440586910383E-7,-0.707106781186536,
-0.707106781186547));
#4798=DIRECTION('ref_axis',(-0.999999999999984,0.,1.78813992843075E-7));
#4799=DIRECTION('',(0.999999999999984,-1.78813992843078E-7,0.));
#4800=DIRECTION('',(0.139281200109005,-0.700214532187991,0.700214507282553));
#4801=DIRECTION('',(-0.999999999999984,1.78813992843078E-7,0.));
#4802=DIRECTION('center_axis',(0.270597933257225,-0.653281530824895,-0.707106781186548));
#4803=DIRECTION('ref_axis',(-0.933948882596656,0.,-0.357406609754852));
#4804=DIRECTION('',(0.923879600940424,0.382683267162497,0.));
#4805=DIRECTION('',(0.396639550613928,-0.593613266933811,0.700214507282554));
#4806=DIRECTION('',(-0.923879600940424,-0.382683267162497,0.));
#4807=DIRECTION('center_axis',(0.499999910592997,-0.500000089406989,-0.707106781186546));
#4808=DIRECTION('ref_axis',(-0.816496629594733,0.,-0.577350200364078));
#4809=DIRECTION('',(0.707106907627122,0.70710665474595,0.));
#4810=DIRECTION('',(0.593613125084376,-0.396639762906612,0.700214507282553));
#4811=DIRECTION('',(-0.707106907627122,-0.70710665474595,0.));
#4812=DIRECTION('center_axis',(0.65328143405146,-0.270598166888963,-0.707106781186548));
#4813=DIRECTION('ref_axis',(-0.734509580320134,0.,-0.678598317429347));
#4814=DIRECTION('',(0.382683597567671,0.92387946408212,0.));
#4815=DIRECTION('',(0.700214482377088,-0.139281450525318,0.700214507282554));
#4816=DIRECTION('',(-0.382683597567671,-0.92387946408212,0.));
#4817=DIRECTION('center_axis',(0.707106781186538,-1.2644058217435E-7,-0.707106781186545));
#4818=DIRECTION('ref_axis',(-0.707106781186551,0.,-0.707106781186544));
#4819=DIRECTION('',(1.78813986145314E-7,0.999999999999984,0.));
#4820=DIRECTION('',(0.700214532187988,0.139281200109013,0.700214507282554));
#4821=DIRECTION('',(-1.78813986145314E-7,-0.999999999999984,0.));
#4822=DIRECTION('center_axis',(0.653281530824896,0.270597933257224,-0.707106781186548));
#4823=DIRECTION('ref_axis',(-0.734509530215389,0.,-0.678598371662332));
#4824=DIRECTION('',(-0.382683267162495,0.923879600940425,0.));
#4825=DIRECTION('',(0.593613266933813,0.396639550613927,0.700214507282552));
#4826=DIRECTION('center_axis',(0.500000089406989,0.499999910592997,-0.707106781186546));
#4827=DIRECTION('ref_axis',(-0.816496532260725,0.,-0.577350338015153));
#4828=DIRECTION('',(-0.707106654745949,0.707106907627123,0.));
#4829=DIRECTION('',(0.39663976290662,0.593613125084369,0.700214507282554));
#4830=DIRECTION('center_axis',(0.270598166888963,0.653281434051461,-0.707106781186548));
#4831=DIRECTION('ref_axis',(-0.933948779592263,0.,-0.357406878918302));
#4832=DIRECTION('',(-0.92387946408212,0.38268359756767,0.));
#4833=DIRECTION('',(0.139281450525314,0.700214482377089,0.700214507282554));
#4834=DIRECTION('center_axis',(1.26440585331706E-7,0.707106781186538,-0.707106781186545));
#4835=DIRECTION('ref_axis',(-0.999999999999984,0.,-1.78813990610488E-7));
#4836=DIRECTION('',(-0.999999999999984,1.7881399061049E-7,0.));
#4837=DIRECTION('',(-0.139281200109013,0.700214532187988,0.700214507282554));
#4838=DIRECTION('center_axis',(-0.270597933257226,0.653281530824894,-0.707106781186548));
#4839=DIRECTION('ref_axis',(-0.933948882596656,0.,0.357406609754853));
#4840=DIRECTION('',(-0.923879600940423,-0.382683267162499,0.));
#4841=DIRECTION('',(-0.396639550613935,0.593613266933806,0.700214507282553));
#4842=DIRECTION('center_axis',(-0.499999910592998,0.500000089406984,-0.707106781186549));
#4843=DIRECTION('ref_axis',(-0.816496629594734,0.,0.577350200364077));
#4844=DIRECTION('',(-0.707106907627119,-0.707106654745954,0.));
#4845=DIRECTION('',(-0.593613125084369,0.39663976290662,0.700214507282554));
#4846=DIRECTION('center_axis',(-0.653281434051461,0.270598166888962,-0.707106781186548));
#4847=DIRECTION('ref_axis',(-0.734509580320133,0.,0.678598317429348));
#4848=DIRECTION('',(-0.382683597567668,-0.923879464082121,0.));
#4849=DIRECTION('center_axis',(0.,0.,-1.));
#4850=DIRECTION('ref_axis',(-1.,0.,0.));
#4851=DIRECTION('center_axis',(-0.707106781186548,3.15735512953195E-15,
-0.707106781186548));
#4852=DIRECTION('ref_axis',(-0.707106781186548,0.,0.707106781186548));
#4853=DIRECTION('',(-4.46517444541234E-15,-1.,0.));
#4854=DIRECTION('',(-0.700214507282553,-0.139281325317152,0.700214507282553));
#4855=DIRECTION('',(-0.700214507282553,0.139281325317152,0.700214507282553));
#4856=DIRECTION('center_axis',(-0.653281482438189,-0.270598050073097,-0.707106781186547));
#4857=DIRECTION('ref_axis',(-0.734509555267755,0.,0.678598344545848));
#4858=DIRECTION('',(0.382683432365088,-0.923879532511288,0.));
#4859=DIRECTION('',(-0.593613196009095,-0.396639656760289,0.700214507282553));
#4860=DIRECTION('',(-0.382683432365088,0.923879532511288,0.));
#4861=DIRECTION('center_axis',(-0.499999999999999,-0.499999999999999,-0.707106781186549));
#4862=DIRECTION('ref_axis',(-0.816496580927727,0.,0.577350269189625));
#4863=DIRECTION('',(0.707106781186548,-0.707106781186548,0.));
#4864=DIRECTION('',(-0.396639656760279,-0.593613196009107,0.700214507282548));
#4865=DIRECTION('',(-0.707106781186548,0.707106781186548,0.));
#4866=DIRECTION('center_axis',(-0.2705980500731,-0.653281482438184,-0.707106781186551));
#4867=DIRECTION('ref_axis',(-0.933948831094465,0.,0.357406744336593));
#4868=DIRECTION('',(0.923879532511285,-0.382683432365093,0.));
#4869=DIRECTION('',(-0.139281325317167,-0.700214507282552,0.700214507282552));
#4870=DIRECTION('',(-0.923879532511285,0.382683432365093,0.));
#4871=DIRECTION('center_axis',(0.,-0.707106781186548,-0.707106781186548));
#4872=DIRECTION('ref_axis',(-1.,0.,0.));
#4873=DIRECTION('',(1.,0.,0.));
#4874=DIRECTION('',(0.139281325317159,-0.700214507282553,0.700214507282553));
#4875=DIRECTION('',(-1.,0.,0.));
#4876=DIRECTION('center_axis',(0.270598050073094,-0.653281482438188,-0.707106781186549));
#4877=DIRECTION('ref_axis',(-0.933948831094467,0.,-0.357406744336587));
#4878=DIRECTION('',(0.923879532511289,0.382683432365084,0.));
#4879=DIRECTION('',(0.396639656760272,-0.593613196009109,0.700214507282551));
#4880=DIRECTION('',(-0.923879532511289,-0.382683432365084,0.));
#4881=DIRECTION('center_axis',(0.499999999999999,-0.499999999999999,-0.707106781186549));
#4882=DIRECTION('ref_axis',(-0.816496580927727,0.,-0.577350269189625));
#4883=DIRECTION('',(0.707106781186548,0.707106781186548,0.));
#4884=DIRECTION('',(0.593613196009086,-0.396639656760304,0.700214507282552));
#4885=DIRECTION('',(-0.707106781186548,-0.707106781186548,0.));
#4886=DIRECTION('center_axis',(0.653281482438188,-0.2705980500731,-0.707106781186547));
#4887=DIRECTION('ref_axis',(-0.734509555267755,0.,-0.678598344545847));
#4888=DIRECTION('',(0.382683432365092,0.923879532511286,0.));
#4889=DIRECTION('',(0.700214507282553,-0.139281325317152,0.700214507282553));
#4890=DIRECTION('',(-0.382683432365092,-0.923879532511286,0.));
#4891=DIRECTION('center_axis',(0.707106781186548,-3.157355129532E-15,-0.707106781186548));
#4892=DIRECTION('ref_axis',(-0.707106781186548,0.,-0.707106781186548));
#4893=DIRECTION('',(4.46517444541242E-15,1.,0.));
#4894=DIRECTION('',(0.700214507282555,0.139281325317136,0.700214507282555));
#4895=DIRECTION('',(-4.46517444541242E-15,-1.,0.));
#4896=DIRECTION('center_axis',(0.653281482438193,0.270598050073096,-0.707106781186544));
#4897=DIRECTION('ref_axis',(-0.734509555267751,0.,-0.678598344545852));
#4898=DIRECTION('',(-0.382683432365084,0.923879532511289,0.));
#4899=DIRECTION('',(0.593613196009086,0.396639656760304,0.700214507282552));
#4900=DIRECTION('center_axis',(0.500000000000002,0.499999999999992,-0.707106781186552));
#4901=DIRECTION('ref_axis',(-0.816496580927727,0.,-0.577350269189625));
#4902=DIRECTION('',(-0.707106781186541,0.707106781186554,0.));
#4903=DIRECTION('',(0.396639656760279,0.593613196009107,0.700214507282548));
#4904=DIRECTION('center_axis',(0.2705980500731,0.653281482438184,-0.707106781186551));
#4905=DIRECTION('ref_axis',(-0.933948831094465,0.,-0.357406744336593));
#4906=DIRECTION('',(-0.923879532511285,0.382683432365093,0.));
#4907=DIRECTION('',(0.139281325317229,0.700214507282538,0.700214507282553));
#4908=DIRECTION('center_axis',(6.31471025906399E-15,0.707106781186555,-0.70710678118654));
#4909=DIRECTION('ref_axis',(-1.,0.,-8.93034889082492E-15));
#4910=DIRECTION('',(-1.,8.93034889082472E-15,0.));
#4911=DIRECTION('',(-0.139281325317199,0.700214507282541,0.700214507282556));
#4912=DIRECTION('center_axis',(-0.270598050073093,0.653281482438189,-0.707106781186549));
#4913=DIRECTION('ref_axis',(-0.933948831094468,0.,0.357406744336586));
#4914=DIRECTION('',(-0.92387953251129,-0.382683432365083,0.));
#4915=DIRECTION('',(-0.396639656760272,0.593613196009109,0.700214507282551));
#4916=DIRECTION('center_axis',(-0.499999999999998,0.500000000000001,-0.707106781186549));
#4917=DIRECTION('ref_axis',(-0.816496580927728,0.,0.577350269189623));
#4918=DIRECTION('',(-0.70710678118655,-0.707106781186545,0.));
#4919=DIRECTION('',(-0.59361319600909,0.396639656760291,0.700214507282556));
#4920=DIRECTION('center_axis',(-0.653281482438188,0.2705980500731,-0.707106781186547));
#4921=DIRECTION('ref_axis',(-0.734509555267755,0.,0.678598344545847));
#4922=DIRECTION('',(-0.382683432365092,-0.923879532511286,0.));
#4923=DIRECTION('center_axis',(0.,0.,-1.));
#4924=DIRECTION('ref_axis',(-1.,0.,0.));
#4925=DIRECTION('center_axis',(0.923879578130717,0.382683322230024,0.));
#4926=DIRECTION('ref_axis',(0.382683322230024,-0.923879578130717,0.));
#4927=DIRECTION('',(0.,0.,-1.));
#4928=DIRECTION('center_axis',(0.707106865480269,0.707106696892816,0.));
#4929=DIRECTION('ref_axis',(0.707106696892816,-0.707106865480269,0.));
#4930=DIRECTION('',(0.,0.,-1.));
#4931=DIRECTION('center_axis',(0.382683542500151,0.923879486891843,0.));
#4932=DIRECTION('ref_axis',(0.923879486891843,-0.382683542500151,0.));
#4933=DIRECTION('',(0.,0.,-1.));
#4934=DIRECTION('center_axis',(1.19209332954387E-7,0.999999999999993,0.));
#4935=DIRECTION('ref_axis',(0.999999999999993,-1.19209332954387E-7,0.));
#4936=DIRECTION('',(0.,0.,-1.));
#4937=DIRECTION('center_axis',(-0.382683322230024,0.923879578130717,0.));
#4938=DIRECTION('ref_axis',(0.923879578130717,0.382683322230024,0.));
#4939=DIRECTION('',(0.,0.,-1.));
#4940=DIRECTION('center_axis',(-0.707106696892816,0.707106865480269,0.));
#4941=DIRECTION('ref_axis',(0.707106865480269,0.707106696892816,0.));
#4942=DIRECTION('',(0.,0.,-1.));
#4943=DIRECTION('center_axis',(-0.923879486891844,0.38268354250015,0.));
#4944=DIRECTION('ref_axis',(0.38268354250015,0.923879486891844,0.));
#4945=DIRECTION('',(0.,0.,-1.));
#4946=DIRECTION('center_axis',(-0.999999999999993,1.19209319558859E-7,0.));
#4947=DIRECTION('ref_axis',(1.19209319558859E-7,0.999999999999993,0.));
#4948=DIRECTION('center_axis',(-0.382683432365084,0.923879532511289,0.));
#4949=DIRECTION('ref_axis',(0.923879532511289,0.382683432365084,0.));
#4950=DIRECTION('',(0.,0.,-1.));
#4951=DIRECTION('center_axis',(-0.707106781186548,0.707106781186548,0.));
#4952=DIRECTION('ref_axis',(0.707106781186548,0.707106781186548,0.));
#4953=DIRECTION('',(0.,0.,-1.));
#4954=DIRECTION('center_axis',(-0.923879532511286,0.382683432365092,0.));
#4955=DIRECTION('ref_axis',(0.382683432365092,0.923879532511286,0.));
#4956=DIRECTION('',(0.,0.,-1.));
#4957=DIRECTION('center_axis',(-1.,0.,0.));
#4958=DIRECTION('ref_axis',(0.,1.,0.));
#4959=DIRECTION('',(0.,0.,-1.));
#4960=DIRECTION('center_axis',(-0.923879532511289,-0.382683432365084,0.));
#4961=DIRECTION('ref_axis',(-0.382683432365084,0.923879532511289,0.));
#4962=DIRECTION('',(0.,0.,-1.));
#4963=DIRECTION('center_axis',(-0.707106781186548,-0.707106781186548,0.));
#4964=DIRECTION('ref_axis',(-0.707106781186548,0.707106781186548,0.));
#4965=DIRECTION('',(0.,0.,-1.));
#4966=DIRECTION('center_axis',(-0.382683432365092,-0.923879532511286,0.));
#4967=DIRECTION('ref_axis',(-0.923879532511286,0.382683432365092,0.));
#4968=DIRECTION('',(0.,0.,-1.));
#4969=DIRECTION('center_axis',(0.,-1.,0.));
#4970=DIRECTION('ref_axis',(-1.,0.,0.));
#4971=DIRECTION('center_axis',(-0.923879600940424,-0.382683267162496,0.));
#4972=DIRECTION('ref_axis',(-0.382683267162496,0.923879600940424,0.));
#4973=DIRECTION('',(0.,0.,-1.));
#4974=DIRECTION('center_axis',(-0.707106907627123,-0.707106654745949,0.));
#4975=DIRECTION('ref_axis',(-0.707106654745949,0.707106907627123,0.));
#4976=DIRECTION('',(0.,0.,-1.));
#4977=DIRECTION('center_axis',(-0.382683597567671,-0.92387946408212,0.));
#4978=DIRECTION('ref_axis',(-0.92387946408212,0.382683597567671,0.));
#4979=DIRECTION('',(0.,0.,-1.));
#4980=DIRECTION('center_axis',(-1.78813992843078E-7,-0.999999999999984,
0.));
#4981=DIRECTION('ref_axis',(-0.999999999999984,1.78813992843078E-7,0.));
#4982=DIRECTION('',(0.,0.,-1.));
#4983=DIRECTION('center_axis',(0.382683267162497,-0.923879600940424,0.));
#4984=DIRECTION('ref_axis',(-0.923879600940424,-0.382683267162497,0.));
#4985=DIRECTION('',(0.,0.,-1.));
#4986=DIRECTION('center_axis',(0.70710665474595,-0.707106907627122,0.));
#4987=DIRECTION('ref_axis',(-0.707106907627122,-0.70710665474595,0.));
#4988=DIRECTION('',(0.,0.,-1.));
#4989=DIRECTION('center_axis',(0.92387946408212,-0.382683597567671,0.));
#4990=DIRECTION('ref_axis',(-0.382683597567671,-0.92387946408212,0.));
#4991=DIRECTION('',(0.,0.,-1.));
#4992=DIRECTION('center_axis',(0.999999999999984,-1.78813986145314E-7,0.));
#4993=DIRECTION('ref_axis',(-1.78813986145314E-7,-0.999999999999984,0.));
#4994=DIRECTION('center_axis',(-0.923879532511288,-0.382683432365088,0.));
#4995=DIRECTION('ref_axis',(-0.382683432365088,0.923879532511288,0.));
#4996=DIRECTION('',(0.,0.,-1.));
#4997=DIRECTION('center_axis',(-0.707106781186548,-0.707106781186548,0.));
#4998=DIRECTION('ref_axis',(-0.707106781186548,0.707106781186548,0.));
#4999=DIRECTION('',(0.,0.,-1.));
#5000=DIRECTION('center_axis',(-0.382683432365093,-0.923879532511285,0.));
#5001=DIRECTION('ref_axis',(-0.923879532511285,0.382683432365093,0.));
#5002=DIRECTION('',(0.,0.,-1.));
#5003=DIRECTION('center_axis',(0.,-1.,0.));
#5004=DIRECTION('ref_axis',(-1.,0.,0.));
#5005=DIRECTION('',(0.,0.,-1.));
#5006=DIRECTION('center_axis',(0.382683432365084,-0.923879532511289,0.));
#5007=DIRECTION('ref_axis',(-0.923879532511289,-0.382683432365084,0.));
#5008=DIRECTION('',(0.,0.,-1.));
#5009=DIRECTION('center_axis',(0.707106781186548,-0.707106781186548,0.));
#5010=DIRECTION('ref_axis',(-0.707106781186548,-0.707106781186548,0.));
#5011=DIRECTION('',(0.,0.,-1.));
#5012=DIRECTION('center_axis',(0.923879532511286,-0.382683432365092,0.));
#5013=DIRECTION('ref_axis',(-0.382683432365092,-0.923879532511286,0.));
#5014=DIRECTION('',(0.,0.,-1.));
#5015=DIRECTION('center_axis',(1.,-4.46517444541242E-15,0.));
#5016=DIRECTION('ref_axis',(-4.46517444541242E-15,-1.,0.));
#5017=DIRECTION('center_axis',(0.,0.,1.));
#5018=DIRECTION('ref_axis',(1.,0.,0.));
#5019=DIRECTION('',(0.,0.,1.));
#5020=DIRECTION('center_axis',(0.,1.,0.));
#5021=DIRECTION('ref_axis',(-1.,0.,0.));
#5022=DIRECTION('',(0.,0.,1.));
#5023=DIRECTION('',(0.,0.,1.));
#5024=DIRECTION('center_axis',(1.,0.,0.));
#5025=DIRECTION('ref_axis',(0.,1.,0.));
#5026=DIRECTION('',(0.,0.,1.));
#5027=DIRECTION('center_axis',(0.,-1.,0.));
#5028=DIRECTION('ref_axis',(1.,0.,0.));
#5029=DIRECTION('',(0.,0.,1.));
#5030=DIRECTION('center_axis',(-1.,0.,0.));
#5031=DIRECTION('ref_axis',(0.,-1.,0.));
#5032=DIRECTION('center_axis',(0.,0.,1.));
#5033=DIRECTION('ref_axis',(1.,0.,0.));
#5034=CARTESIAN_POINT('',(0.,0.,0.));
#5035=CARTESIAN_POINT('Origin',(30.0000004470348,5.00000007450581,10.));
#5036=CARTESIAN_POINT('',(34.3301274659572,5.00000007450581,10.));
#5037=CARTESIAN_POINT('Origin',(30.0000004470348,5.00000007450581,10.));
#5038=CARTESIAN_POINT('',(39.3301274659572,5.00000007450581,5.));
#5039=CARTESIAN_POINT('Origin',(39.3301274659572,5.00000007450581,10.));
#5040=CARTESIAN_POINT('',(22.1227376328228,0.,5.));
#5041=CARTESIAN_POINT('Origin',(30.0000004470348,5.00000007450581,5.));
#5042=CARTESIAN_POINT('',(37.8772632612469,0.,5.));
#5043=CARTESIAN_POINT('Ctrl Pts',(22.1227376328228,0.,5.));
#5044=CARTESIAN_POINT('Ctrl Pts',(22.6431038942007,3.12224270234987E-17,
5.));
#5045=CARTESIAN_POINT('Ctrl Pts',(23.2092567615458,0.,5.06198733459985));
#5046=CARTESIAN_POINT('Ctrl Pts',(24.3189374031549,0.,5.3022810839529));
#5047=CARTESIAN_POINT('Ctrl Pts',(24.8627207628797,0.,5.47940567960358));
#5048=CARTESIAN_POINT('Ctrl Pts',(25.7538206762857,0.,5.82989298809777));
#5049=CARTESIAN_POINT('Ctrl Pts',(26.2308716773328,0.,6.04817709081822));
#5050=CARTESIAN_POINT('Ctrl Pts',(26.8367904316768,0.,6.34556874649169));
#5051=CARTESIAN_POINT('Ctrl Pts',(27.0913180201932,0.,6.47454384471012));
#5052=CARTESIAN_POINT('Ctrl Pts',(27.5385776067701,0.,6.70122132364944));
#5053=CARTESIAN_POINT('Ctrl Pts',(27.8210170095975,0.,6.84375405339822));
#5054=CARTESIAN_POINT('Ctrl Pts',(28.3493188702328,0.,7.09285978393864));
#5055=CARTESIAN_POINT('Ctrl Pts',(28.6725479104513,-2.64697796016969E-22,
7.23424107744212));
#5056=CARTESIAN_POINT('Ctrl Pts',(29.3368748240018,-2.64697796016969E-22,
7.44037494653336));
#5057=CARTESIAN_POINT('Ctrl Pts',(29.6795529209783,0.,7.49999987095254));
#5058=CARTESIAN_POINT('Ctrl Pts',(30.3204479730914,0.,7.49999987095254));
#5059=CARTESIAN_POINT('Ctrl Pts',(30.6631260700678,-2.64697796016969E-22,
7.44037494653336));
#5060=CARTESIAN_POINT('Ctrl Pts',(31.3274529836184,-2.64697796016969E-22,
7.23424107744212));
#5061=CARTESIAN_POINT('Ctrl Pts',(31.6506820238369,0.,7.09285978393864));
#5062=CARTESIAN_POINT('Ctrl Pts',(32.1789838844721,0.,6.84375405339822));
#5063=CARTESIAN_POINT('Ctrl Pts',(32.4614232872996,0.,6.70122132364944));
#5064=CARTESIAN_POINT('Ctrl Pts',(32.9086828738765,0.,6.47454384471012));
#5065=CARTESIAN_POINT('Ctrl Pts',(33.1632104623929,0.,6.34556874649169));
#5066=CARTESIAN_POINT('Ctrl Pts',(33.7691292167369,0.,6.04817709081822));
#5067=CARTESIAN_POINT('Ctrl Pts',(34.246180217784,0.,5.82989298809777));
#5068=CARTESIAN_POINT('Ctrl Pts',(35.1372801311899,0.,5.47940567960358));
#5069=CARTESIAN_POINT('Ctrl Pts',(35.6810634909148,0.,5.3022810839529));
#5070=CARTESIAN_POINT('Ctrl Pts',(36.7907441325239,0.,5.06198733459985));
#5071=CARTESIAN_POINT('Ctrl Pts',(37.356896999869,0.,5.));
#5072=CARTESIAN_POINT('Ctrl Pts',(37.8772632612469,0.,5.));
#5073=CARTESIAN_POINT('Origin',(30.0000004470348,5.00000007450581,5.));
#5074=CARTESIAN_POINT('Origin',(30.0000004470348,5.00000007450581,5.));
#5075=CARTESIAN_POINT('',(34.3301274659572,5.00000007450581,29.));
#5076=CARTESIAN_POINT('Origin',(30.0000004470348,5.00000007450581,29.));
#5077=CARTESIAN_POINT('',(34.3301274659572,5.00000007450581,5.));
#5078=CARTESIAN_POINT('Origin',(70.0000010430813,5.00000007450581,10.));
#5079=CARTESIAN_POINT('',(74.3301280620046,5.00000007450581,10.));
#5080=CARTESIAN_POINT('Origin',(70.0000010430813,5.00000007450581,10.));
#5081=CARTESIAN_POINT('',(79.3301280620046,5.00000007450581,5.));
#5082=CARTESIAN_POINT('Origin',(79.3301280620046,5.00000007450581,10.));
#5083=CARTESIAN_POINT('',(62.1227382288681,0.,5.));
#5084=CARTESIAN_POINT('Origin',(70.0000010430813,5.00000007450581,5.));
#5085=CARTESIAN_POINT('',(77.8772638572944,0.,5.));
#5086=CARTESIAN_POINT('Ctrl Pts',(62.1227382288681,0.,5.));
#5087=CARTESIAN_POINT('Ctrl Pts',(62.6431044902462,-3.04403982833506E-17,
5.));
#5088=CARTESIAN_POINT('Ctrl Pts',(63.2092573575915,0.,5.0619873345999));
#5089=CARTESIAN_POINT('Ctrl Pts',(64.3189379992009,0.,5.30228108395311));
#5090=CARTESIAN_POINT('Ctrl Pts',(64.8627213589259,0.,5.47940567960391));
#5091=CARTESIAN_POINT('Ctrl Pts',(65.7538212723321,0.,5.82989298809836));
#5092=CARTESIAN_POINT('Ctrl Pts',(66.2308722733793,0.,6.04817709081897));
#5093=CARTESIAN_POINT('Ctrl Pts',(66.8367910277234,0.,6.34556874649267));
#5094=CARTESIAN_POINT('Ctrl Pts',(67.0913186162399,0.,6.47454384471119));
#5095=CARTESIAN_POINT('Ctrl Pts',(67.5385782028169,0.,6.70122132365068));
#5096=CARTESIAN_POINT('Ctrl Pts',(67.8210176056444,0.,6.84375405339956));
#5097=CARTESIAN_POINT('Ctrl Pts',(68.3493194662796,0.,7.09285978394011));
#5098=CARTESIAN_POINT('Ctrl Pts',(68.672548506498,1.32348898008484E-22,
7.23424107744363));
#5099=CARTESIAN_POINT('Ctrl Pts',(69.3368754200484,1.32348898008484E-22,
7.44037494653494));
#5100=CARTESIAN_POINT('Ctrl Pts',(69.6795535170248,0.,7.49999987095415));
#5101=CARTESIAN_POINT('Ctrl Pts',(70.3204485691378,0.,7.49999987095415));
#5102=CARTESIAN_POINT('Ctrl Pts',(70.6631266661141,1.32348898008484E-22,
7.44037494653494));
#5103=CARTESIAN_POINT('Ctrl Pts',(71.3274535796645,1.32348898008484E-22,
7.23424107744363));
#5104=CARTESIAN_POINT('Ctrl Pts',(71.650682619883,0.,7.09285978394011));
#5105=CARTESIAN_POINT('Ctrl Pts',(72.1789844805182,0.,6.84375405339956));
#5106=CARTESIAN_POINT('Ctrl Pts',(72.4614238833457,0.,6.70122132365068));
#5107=CARTESIAN_POINT('Ctrl Pts',(72.9086834699227,0.,6.47454384471119));
#5108=CARTESIAN_POINT('Ctrl Pts',(73.1632110584391,0.,6.34556874649267));
#5109=CARTESIAN_POINT('Ctrl Pts',(73.7691298127832,0.,6.04817709081897));
#5110=CARTESIAN_POINT('Ctrl Pts',(74.2461808138305,0.,5.82989298809836));
#5111=CARTESIAN_POINT('Ctrl Pts',(75.1372807272367,0.,5.47940567960391));
#5112=CARTESIAN_POINT('Ctrl Pts',(75.6810640869616,0.,5.30228108395311));
#5113=CARTESIAN_POINT('Ctrl Pts',(76.7907447285711,0.,5.0619873345999));
#5114=CARTESIAN_POINT('Ctrl Pts',(77.3568975959164,0.,5.));
#5115=CARTESIAN_POINT('Ctrl Pts',(77.8772638572944,0.,5.));
#5116=CARTESIAN_POINT('Origin',(70.0000010430813,5.00000007450581,5.));
#5117=CARTESIAN_POINT('Origin',(70.0000010430813,5.00000007450581,5.));
#5118=CARTESIAN_POINT('',(74.3301280620046,5.00000007450581,29.));
#5119=CARTESIAN_POINT('Origin',(70.0000010430813,5.00000007450581,29.));
#5120=CARTESIAN_POINT('',(74.3301280620046,5.00000007450581,5.));
#5121=CARTESIAN_POINT('Origin',(22.,75.,10.));
#5122=CARTESIAN_POINT('',(26.3301270189222,75.,10.));
#5123=CARTESIAN_POINT('Origin',(22.,75.,10.));
#5124=CARTESIAN_POINT('',(31.3301270189222,75.,5.));
#5125=CARTESIAN_POINT('Origin',(31.3301270189222,75.,10.));
#5126=CARTESIAN_POINT('',(29.8772628615035,80.,5.));
#5127=CARTESIAN_POINT('Origin',(22.,75.,5.));
#5128=CARTESIAN_POINT('',(14.1227371384965,80.,5.));
#5129=CARTESIAN_POINT('Ctrl Pts',(29.8772628615035,80.,5.));
#5130=CARTESIAN_POINT('Ctrl Pts',(29.3568965889154,80.,5.));
#5131=CARTESIAN_POINT('Ctrl Pts',(28.7907437097881,80.,5.06198733798536));
#5132=CARTESIAN_POINT('Ctrl Pts',(27.6810630467141,80.,5.30228110056406));
#5133=CARTESIAN_POINT('Ctrl Pts',(27.1372796772938,80.,5.47940570603795));
#5134=CARTESIAN_POINT('Ctrl Pts',(26.1004611874771,80.,5.88720704371041));
#5135=CARTESIAN_POINT('Ctrl Pts',(25.4586324606602,80.,6.1966297402827));
#5136=CARTESIAN_POINT('Ctrl Pts',(24.0392201141728,80.,6.91402940494357));
#5137=CARTESIAN_POINT('Ctrl Pts',(22.9966390668347,80.,7.50000000000001));
#5138=CARTESIAN_POINT('Ctrl Pts',(21.0033609331653,80.,7.50000000000001));
#5139=CARTESIAN_POINT('Ctrl Pts',(19.9607798858272,80.,6.91402940494357));
#5140=CARTESIAN_POINT('Ctrl Pts',(18.5413675393398,80.,6.1966297402827));
#5141=CARTESIAN_POINT('Ctrl Pts',(17.8995388125229,80.,5.88720704371041));
#5142=CARTESIAN_POINT('Ctrl Pts',(16.8627203227062,80.,5.47940570603795));
#5143=CARTESIAN_POINT('Ctrl Pts',(16.3189369532859,80.,5.30228110056406));
#5144=CARTESIAN_POINT('Ctrl Pts',(15.2092562902119,80.,5.06198733798536));
#5145=CARTESIAN_POINT('Ctrl Pts',(14.6431034110846,80.,5.));
#5146=CARTESIAN_POINT('Ctrl Pts',(14.1227371384965,80.,5.));
#5147=CARTESIAN_POINT('Origin',(22.,75.,5.));
#5148=CARTESIAN_POINT('Origin',(22.,75.,5.));
#5149=CARTESIAN_POINT('',(26.3301270189222,75.,29.));
#5150=CARTESIAN_POINT('Origin',(22.,75.,29.));
#5151=CARTESIAN_POINT('',(26.3301270189222,75.,5.));
#5152=CARTESIAN_POINT('Origin',(78.,75.,10.));
#5153=CARTESIAN_POINT('',(82.3301270189222,75.,10.));
#5154=CARTESIAN_POINT('Origin',(78.,75.,10.));
#5155=CARTESIAN_POINT('',(87.3301270189222,75.,5.));
#5156=CARTESIAN_POINT('Origin',(87.3301270189222,75.,10.));
#5157=CARTESIAN_POINT('',(85.8772628615035,80.,5.));
#5158=CARTESIAN_POINT('Origin',(78.,75.,5.));
#5159=CARTESIAN_POINT('',(70.1227371384965,80.,5.));
#5160=CARTESIAN_POINT('Ctrl Pts',(85.8772628615035,80.,5.));
#5161=CARTESIAN_POINT('Ctrl Pts',(85.3568965889154,80.,5.));
#5162=CARTESIAN_POINT('Ctrl Pts',(84.7907437097881,80.,5.06198733798536));
#5163=CARTESIAN_POINT('Ctrl Pts',(83.6810630467141,80.,5.30228110056406));
#5164=CARTESIAN_POINT('Ctrl Pts',(83.1372796772938,80.,5.47940570603795));
#5165=CARTESIAN_POINT('Ctrl Pts',(82.2461797479941,80.,5.82989303505203));
#5166=CARTESIAN_POINT('Ctrl Pts',(81.7691287384719,80.,6.04817715123887));
#5167=CARTESIAN_POINT('Ctrl Pts',(81.163209974965,80.,6.34556882539071));
#5168=CARTESIAN_POINT('Ctrl Pts',(80.9086823833244,80.,6.47454393145039));
#5169=CARTESIAN_POINT('Ctrl Pts',(80.4614227920358,80.,6.70122142401778));
#5170=CARTESIAN_POINT('Ctrl Pts',(80.1789833866725,80.,6.84375416229275));
#5171=CARTESIAN_POINT('Ctrl Pts',(79.6506815325554,80.,7.0928599020811));
#5172=CARTESIAN_POINT('Ctrl Pts',(79.3274525021112,80.,7.23424119860751));
#5173=CARTESIAN_POINT('Ctrl Pts',(78.6631256072364,80.,7.44037507324414));
#5174=CARTESIAN_POINT('Ctrl Pts',(78.3204475190174,80.,7.49999999999999));
#5175=CARTESIAN_POINT('Ctrl Pts',(77.6795524809826,80.,7.49999999999999));
#5176=CARTESIAN_POINT('Ctrl Pts',(77.3368743927635,80.,7.44037507324411));
#5177=CARTESIAN_POINT('Ctrl Pts',(76.6725474978888,80.,7.23424119860748));
#5178=CARTESIAN_POINT('Ctrl Pts',(76.3493184674446,80.,7.0928599020811));
#5179=CARTESIAN_POINT('Ctrl Pts',(75.8210166133275,80.,6.84375416229275));
#5180=CARTESIAN_POINT('Ctrl Pts',(75.5385772079642,80.,6.70122142401778));
#5181=CARTESIAN_POINT('Ctrl Pts',(75.0913176166756,80.,6.47454393145039));
#5182=CARTESIAN_POINT('Ctrl Pts',(74.836790025035,80.,6.34556882539071));
#5183=CARTESIAN_POINT('Ctrl Pts',(74.2308712615281,80.,6.04817715123887));
#5184=CARTESIAN_POINT('Ctrl Pts',(73.7538202520059,80.,5.82989303505203));
#5185=CARTESIAN_POINT('Ctrl Pts',(72.8627203227062,80.,5.47940570603795));
#5186=CARTESIAN_POINT('Ctrl Pts',(72.3189369532859,80.,5.30228110056406));
#5187=CARTESIAN_POINT('Ctrl Pts',(71.2092562902119,80.,5.06198733798536));
#5188=CARTESIAN_POINT('Ctrl Pts',(70.6431034110846,80.,5.));
#5189=CARTESIAN_POINT('Ctrl Pts',(70.1227371384965,80.,5.));
#5190=CARTESIAN_POINT('Origin',(78.,75.,5.));
#5191=CARTESIAN_POINT('Origin',(78.,75.,5.));
#5192=CARTESIAN_POINT('',(82.3301270189222,75.,29.));
#5193=CARTESIAN_POINT('Origin',(78.,75.,29.));
#5194=CARTESIAN_POINT('',(82.3301270189222,75.,5.));
#5195=CARTESIAN_POINT('Origin',(22.,75.,5.));
#5196=CARTESIAN_POINT('',(25.1754264805429,75.,29.));
#5197=CARTESIAN_POINT('Origin',(22.,75.,29.));
#5198=CARTESIAN_POINT('',(25.1754264805429,75.,5.));
#5199=CARTESIAN_POINT('',(25.1754264805429,75.,5.));
#5200=CARTESIAN_POINT('Origin',(22.,75.,5.));
#5201=CARTESIAN_POINT('Origin',(22.,75.,29.));
#5202=CARTESIAN_POINT('Origin',(50.,40.,5.));
#5203=CARTESIAN_POINT('',(0.,0.,5.));
#5204=CARTESIAN_POINT('',(100.,0.,5.));
#5205=CARTESIAN_POINT('',(0.,0.,5.));
#5206=CARTESIAN_POINT('',(100.,80.,5.));
#5207=CARTESIAN_POINT('',(100.,0.,5.));
#5208=CARTESIAN_POINT('',(100.,80.,5.));
#5209=CARTESIAN_POINT('',(100.,80.,5.));
#5210=CARTESIAN_POINT('',(0.,80.,5.));
#5211=CARTESIAN_POINT('',(100.,80.,5.));
#5212=CARTESIAN_POINT('',(0.,0.,5.));
#5213=CARTESIAN_POINT('',(0.,80.,5.));
#5214=CARTESIAN_POINT('',(0.,0.,5.));
#5215=CARTESIAN_POINT('',(40.,40.,5.));
#5216=CARTESIAN_POINT('Origin',(50.,40.,5.));
#5217=CARTESIAN_POINT('Origin',(30.0000004470348,5.00000007450581,5.));
#5218=CARTESIAN_POINT('',(33.1754269275778,5.00000007450581,29.));
#5219=CARTESIAN_POINT('Origin',(30.0000004470348,5.00000007450581,29.));
#5220=CARTESIAN_POINT('',(33.1754269275778,5.00000007450581,5.));
#5221=CARTESIAN_POINT('',(33.1754269275778,5.00000007450581,5.));
#5222=CARTESIAN_POINT('Origin',(30.0000004470348,5.00000007450581,5.));
#5223=CARTESIAN_POINT('Origin',(30.0000004470348,5.00000007450581,29.));
#5224=CARTESIAN_POINT('Origin',(50.,40.,5.));
#5225=CARTESIAN_POINT('Origin',(78.,75.,5.));
#5226=CARTESIAN_POINT('',(81.175426480543,75.,29.));
#5227=CARTESIAN_POINT('Origin',(78.,75.,29.));
#5228=CARTESIAN_POINT('',(81.175426480543,75.,5.));
#5229=CARTESIAN_POINT('',(81.175426480543,75.,5.));
#5230=CARTESIAN_POINT('Origin',(78.,75.,5.));
#5231=CARTESIAN_POINT('Origin',(78.,75.,29.));
#5232=CARTESIAN_POINT('Origin',(50.,40.,5.));
#5233=CARTESIAN_POINT('Origin',(70.0000010430813,5.00000007450581,5.));
#5234=CARTESIAN_POINT('',(73.1754275236242,5.00000007450581,29.));
#5235=CARTESIAN_POINT('Origin',(70.0000010430813,5.00000007450581,29.));
#5236=CARTESIAN_POINT('',(73.1754275236242,5.00000007450581,5.));
#5237=CARTESIAN_POINT('',(73.1754275236242,5.00000007450581,5.));
#5238=CARTESIAN_POINT('Origin',(70.0000010430813,5.00000007450581,5.));
#5239=CARTESIAN_POINT('Origin',(70.0000010430813,5.00000007450581,29.));
#5240=CARTESIAN_POINT('Origin',(50.,40.,5.));
#5241=CARTESIAN_POINT('Origin',(30.5130318440902,26.3394975070873,-0.4));
#5242=CARTESIAN_POINT('',(32.4999993624891,20.4972803269181,-0.4));
#5243=CARTESIAN_POINT('',(32.1193972999423,21.416135452908,-0.4));
#5244=CARTESIAN_POINT('',(30.143480003714,26.1864242002223,-0.4));
#5245=CARTESIAN_POINT('',(32.4585009664674,21.6427171912117,0.));
#5246=CARTESIAN_POINT('Origin',(32.4585009664674,21.6427171912117,-0.4));
#5247=CARTESIAN_POINT('',(32.8999993767165,20.5768452023443,0.));
#5248=CARTESIAN_POINT('',(30.5130318440902,26.3394975070873,0.));
#5249=CARTESIAN_POINT('Origin',(32.8999993767165,20.5768452023443,-0.4));
#5250=CARTESIAN_POINT('Origin',(31.8747924580446,22.2264259083851,-0.4));
#5251=CARTESIAN_POINT('',(31.4161362108637,22.1193967934926,-0.4));
#5252=CARTESIAN_POINT('',(31.5919496949938,21.9435832464867,-0.4));
#5253=CARTESIAN_POINT('',(31.6427180704404,22.4585003789856,0.));
#5254=CARTESIAN_POINT('Origin',(31.6427180704404,22.4585003789856,-0.4));
#5255=CARTESIAN_POINT('',(31.8747924580446,22.2264259083851,0.));
#5256=CARTESIAN_POINT('Origin',(35.8800658786721,20.7033325606267,-0.4));
#5257=CARTESIAN_POINT('',(30.4972812209878,22.4999991846476,-0.4));
#5258=CARTESIAN_POINT('',(35.726992439645,20.3337807749939,-0.4));
#5259=CARTESIAN_POINT('',(30.5768462394652,22.8999991704203,0.));
#5260=CARTESIAN_POINT('Origin',(30.5768462394652,22.8999991704203,-0.4));
#5261=CARTESIAN_POINT('',(35.8800658786721,20.7033325606267,0.));
#5262=CARTESIAN_POINT('Origin',(39.7513583434438,22.8999975298892,-0.4));
#5263=CARTESIAN_POINT('',(29.5027196730819,22.4999993624892,-0.4));
#5264=CARTESIAN_POINT('',(39.7513582719182,22.4999975298892,-0.4));
#5265=CARTESIAN_POINT('',(29.4231547976557,22.8999993767165,0.));
#5266=CARTESIAN_POINT('Origin',(29.4231547976557,22.8999993767165,-0.4));
#5267=CARTESIAN_POINT('',(39.7513583434438,22.8999975298892,0.));
#5268=CARTESIAN_POINT('Origin',(40.7315728335895,27.5840971271436,-0.4));
#5269=CARTESIAN_POINT('',(28.583864547092,22.1193972999424,-0.4));
#5270=CARTESIAN_POINT('',(40.8846461404545,27.2145452867674,-0.4));
#5271=CARTESIAN_POINT('',(28.3572828087882,22.4585009664674,0.));
#5272=CARTESIAN_POINT('Origin',(28.3572828087882,22.4585009664674,-0.4));
#5273=CARTESIAN_POINT('',(40.7315728335895,27.5840971271436,0.));
#5274=CARTESIAN_POINT('Origin',(37.7735776678947,31.874792458044,-0.4));
#5275=CARTESIAN_POINT('',(27.8806032065074,21.4161362108637,-0.4));
#5276=CARTESIAN_POINT('',(38.0564203297931,31.5919496949932,-0.4));
#5277=CARTESIAN_POINT('',(27.5414996210144,21.6427180704404,0.));
#5278=CARTESIAN_POINT('Origin',(27.5414996210144,21.6427180704404,-0.4));
#5279=CARTESIAN_POINT('',(37.7735776678947,31.874792458044,0.));
#5280=CARTESIAN_POINT('Origin',(32.22560215632,32.9511362193488,-0.4));
#5281=CARTESIAN_POINT('',(27.5000008153524,20.4972812209878,-0.4));
#5282=CARTESIAN_POINT('',(32.5951539419528,32.7980627803218,-0.4));
#5283=CARTESIAN_POINT('',(27.1000008295797,20.5768462394652,0.));
#5284=CARTESIAN_POINT('Origin',(27.1000008295797,20.5768462394652,-0.4));
#5285=CARTESIAN_POINT('',(32.22560215632,32.9511362193488,0.));
#5286=CARTESIAN_POINT('Origin',(27.1000024701115,29.7513619197236,-0.4));
#5287=CARTESIAN_POINT('',(27.1000006232835,19.4231547976557,0.));
#5288=CARTESIAN_POINT('',(27.1000024701115,29.7513619197236,0.));
#5289=CARTESIAN_POINT('',(27.5000006375108,19.5027196730819,-0.4));
#5290=CARTESIAN_POINT('',(27.5000024701114,29.751361848198,-0.4));
#5291=CARTESIAN_POINT('Origin',(27.1000006232835,19.4231547976557,-0.4));
#5292=CARTESIAN_POINT('Origin',(25.3448325321798,23.6605075505362,-0.4));
#5293=CARTESIAN_POINT('',(27.5414990335326,18.3572828087883,0.));
#5294=CARTESIAN_POINT('',(25.3448325321798,23.6605075505362,0.));
#5295=CARTESIAN_POINT('',(27.8806027000576,18.583864547092,-0.4));
#5296=CARTESIAN_POINT('',(25.7143843725559,23.8135808574012,-0.4));
#5297=CARTESIAN_POINT('Origin',(27.5414990335326,18.3572828087883,-0.4));
#5298=CARTESIAN_POINT('Origin',(28.1252039656762,17.7735776678955,-0.4));
#5299=CARTESIAN_POINT('',(28.3572819295596,17.5414996210144,0.));
#5300=CARTESIAN_POINT('',(28.1252039656762,17.7735776678955,0.));
#5301=CARTESIAN_POINT('',(28.5838637891363,17.8806032065075,-0.4));
#5302=CARTESIAN_POINT('',(28.408046728727,18.0564203297938,-0.4));
#5303=CARTESIAN_POINT('Origin',(28.3572819295596,17.5414996210144,-0.4));
#5304=CARTESIAN_POINT('Origin',(34.1199290637044,15.1545318156433,-0.4));
#5305=CARTESIAN_POINT('',(29.4231537605348,17.1000008295797,0.));
#5306=CARTESIAN_POINT('',(34.1199290637044,15.1545318156433,0.));
#5307=CARTESIAN_POINT('',(29.5027187790122,17.5000008153524,-0.4));
#5308=CARTESIAN_POINT('',(34.2730025027315,15.5240836012761,-0.4));
#5309=CARTESIAN_POINT('Origin',(29.4231537605348,17.1000008295797,-0.4));
#5310=CARTESIAN_POINT('Origin',(40.2486380802758,17.0999988938316,-0.4));
#5311=CARTESIAN_POINT('',(30.5768452023443,17.1000006232835,0.));
#5312=CARTESIAN_POINT('',(40.2486380802758,17.0999988938316,0.));
#5313=CARTESIAN_POINT('',(30.4972803269181,17.5000006375109,-0.4));
#5314=CARTESIAN_POINT('',(40.2486381518013,17.4999988938316,-0.4));
#5315=CARTESIAN_POINT('Origin',(30.5768452023443,17.1000006232835,-0.4));
#5316=CARTESIAN_POINT('Origin',(43.4105627901405,22.4158978152331,-0.4));
#5317=CARTESIAN_POINT('',(31.6427171912117,17.5414990335326,0.));
#5318=CARTESIAN_POINT('',(43.4105627901405,22.4158978152331,0.));
#5319=CARTESIAN_POINT('',(31.416135452908,17.8806027000577,-0.4));
#5320=CARTESIAN_POINT('',(43.2574894832755,22.7854496556092,-0.4));
#5321=CARTESIAN_POINT('Origin',(31.6427171912117,17.5414990335326,-0.4));
#5322=CARTESIAN_POINT('Origin',(42.2264259083844,28.1252039656756,-0.4));
#5323=CARTESIAN_POINT('',(32.4585003789856,18.3572819295597,0.));
#5324=CARTESIAN_POINT('',(42.2264259083844,28.1252039656756,0.));
#5325=CARTESIAN_POINT('',(32.1193967934926,18.5838637891363,-0.4));
#5326=CARTESIAN_POINT('',(41.943583246486,28.4080467287264,-0.4));
#5327=CARTESIAN_POINT('Origin',(32.4585003789856,18.3572819295597,-0.4));
#5328=CARTESIAN_POINT('Origin',(37.7744029013034,31.1909994043812,-0.4));
#5329=CARTESIAN_POINT('',(32.8999991704203,19.4231537605348,0.));
#5330=CARTESIAN_POINT('',(37.7744029013034,31.1909994043812,0.));
#5331=CARTESIAN_POINT('',(32.4999991846476,19.5027187790122,-0.4));
#5332=CARTESIAN_POINT('',(37.4048511156706,31.3440728434083,-0.4));
#5333=CARTESIAN_POINT('Origin',(32.8999991704203,19.4231537605348,-0.4));
#5334=CARTESIAN_POINT('Origin',(32.9000011061689,30.2486416565556,-0.4));
#5335=CARTESIAN_POINT('',(32.9000011061689,30.2486416565556,0.));
#5336=CARTESIAN_POINT('',(32.5000011061689,30.2486417280812,-0.4));
#5337=CARTESIAN_POINT('Origin',(27.5000006375108,19.5027196730819,0.));
#5338=CARTESIAN_POINT('',(27.5000008153524,20.4972812209878,-2.6));
#5339=CARTESIAN_POINT('',(27.5000008153524,20.4972812209878,0.));
#5340=CARTESIAN_POINT('',(27.5000006375108,19.5027196730819,-2.6));
#5341=CARTESIAN_POINT('',(27.5000006819712,19.7513600600584,-2.6));
#5342=CARTESIAN_POINT('',(27.5000006375108,19.5027196730819,0.));
#5343=CARTESIAN_POINT('Origin',(27.5000008153524,20.4972812209878,0.));
#5344=CARTESIAN_POINT('',(27.8806032065074,21.4161362108637,-2.6));
#5345=CARTESIAN_POINT('',(27.8806032065074,21.4161362108637,0.));
#5346=CARTESIAN_POINT('',(27.5951514131411,20.7269949684568,-2.6));
#5347=CARTESIAN_POINT('Origin',(27.8806032065074,21.4161362108637,0.));
#5348=CARTESIAN_POINT('',(28.583864547092,22.1193972999424,-2.6));
#5349=CARTESIAN_POINT('',(28.583864547092,22.1193972999424,0.));
#5350=CARTESIAN_POINT('',(28.0564185416536,21.5919514831334,-2.6));
#5351=CARTESIAN_POINT('Origin',(28.583864547092,22.1193972999424,0.));
#5352=CARTESIAN_POINT('',(29.5027196730819,22.4999993624892,-2.6));
#5353=CARTESIAN_POINT('',(29.5027196730819,22.4999993624892,0.));
#5354=CARTESIAN_POINT('',(28.8135783285895,22.2145478155791,-2.6));
#5355=CARTESIAN_POINT('Origin',(29.5027196730819,22.4999993624892,0.));
#5356=CARTESIAN_POINT('',(30.4972812209878,22.4999991846476,-2.6));
#5357=CARTESIAN_POINT('',(30.4972812209878,22.4999991846476,0.));
#5358=CARTESIAN_POINT('',(29.7513600600584,22.4999993180288,-2.6));
#5359=CARTESIAN_POINT('Origin',(30.4972812209878,22.4999991846476,0.));
#5360=CARTESIAN_POINT('',(31.4161362108637,22.1193967934926,-2.6));
#5361=CARTESIAN_POINT('',(31.4161362108637,22.1193967934926,0.));
#5362=CARTESIAN_POINT('',(30.7269949684567,22.4048485868589,-2.6));
#5363=CARTESIAN_POINT('Origin',(31.4161362108637,22.1193967934926,0.));
#5364=CARTESIAN_POINT('',(32.1193972999423,21.416135452908,-2.6));
#5365=CARTESIAN_POINT('',(32.1193972999423,21.416135452908,0.));
#5366=CARTESIAN_POINT('',(31.5919514831334,21.9435814583464,-2.6));
#5367=CARTESIAN_POINT('Origin',(32.1193972999423,21.416135452908,0.));
#5368=CARTESIAN_POINT('',(32.4999993624891,20.4972803269181,-2.6));
#5369=CARTESIAN_POINT('',(32.4999993624891,20.4972803269181,0.));
#5370=CARTESIAN_POINT('',(32.2145478155791,21.1864216714105,-2.6));
#5371=CARTESIAN_POINT('Origin',(50.,40.,0.));
#5372=CARTESIAN_POINT('',(0.,80.,0.));
#5373=CARTESIAN_POINT('',(0.,0.,0.));
#5374=CARTESIAN_POINT('',(0.,80.,0.));
#5375=CARTESIAN_POINT('',(100.,80.,0.));
#5376=CARTESIAN_POINT('',(100.,80.,0.));
#5377=CARTESIAN_POINT('',(100.,0.,0.));
#5378=CARTESIAN_POINT('',(100.,0.,0.));
#5379=CARTESIAN_POINT('',(0.,0.,0.));
#5380=CARTESIAN_POINT('',(67.5414993683074,18.3572828205157,0.));
#5381=CARTESIAN_POINT('',(67.100000937063,19.4231546803777,0.));
#5382=CARTESIAN_POINT('',(62.4159023572546,30.7315728121584,0.));
#5383=CARTESIAN_POINT('',(68.3572822343633,17.5414997599619,0.));
#5384=CARTESIAN_POINT('',(58.125207256529,27.7735771773142,0.));
#5385=CARTESIAN_POINT('',(69.4231539889637,17.1000010745938,0.));
#5386=CARTESIAN_POINT('',(57.0488640272661,22.2256015296896,0.));
#5387=CARTESIAN_POINT('',(70.5768453196224,17.100000937063,0.));
#5388=CARTESIAN_POINT('',(60.2486388213886,17.1000021682816,0.));
#5389=CARTESIAN_POINT('',(71.6427171794843,17.5414993683074,0.));
#5390=CARTESIAN_POINT('',(66.3394933138323,15.3448328595148,0.));
#5391=CARTESIAN_POINT('',(72.4585002400381,18.3572822343633,0.));
#5392=CARTESIAN_POINT('',(72.2264228226855,18.1252048723423,0.));
#5393=CARTESIAN_POINT('',(72.8999989254062,19.4231539889638,0.));
#5394=CARTESIAN_POINT('',(74.8454679680503,24.1199301532568,0.));
#5395=CARTESIAN_POINT('',(72.899999062937,20.5768453196224,0.));
#5396=CARTESIAN_POINT('',(72.9000002159051,30.2486388213883,0.));
#5397=CARTESIAN_POINT('',(72.4585006316926,21.6427171794843,0.));
#5398=CARTESIAN_POINT('',(67.5841010144945,33.4105628115722,0.));
#5399=CARTESIAN_POINT('',(71.6427177656367,22.4585002400381,0.));
#5400=CARTESIAN_POINT('',(61.8747951276579,32.2264252068722,0.));
#5401=CARTESIAN_POINT('',(70.5768460110363,22.8999989254062,0.));
#5402=CARTESIAN_POINT('',(58.8090003490033,27.7744018420596,0.));
#5403=CARTESIAN_POINT('',(69.4231546803776,22.899999062937,0.));
#5404=CARTESIAN_POINT('',(59.751358794425,22.9000002159054,0.));
#5405=CARTESIAN_POINT('',(68.3572828205157,22.4585006316926,0.));
#5406=CARTESIAN_POINT('',(63.6605033144186,20.5130315167547,0.));
#5407=CARTESIAN_POINT('',(67.5414997599619,21.6427177656367,0.));
#5408=CARTESIAN_POINT('',(67.7735747931275,21.8747927434713,0.));
#5409=CARTESIAN_POINT('',(67.1000010745938,20.5768460110363,0.));
#5410=CARTESIAN_POINT('',(69.2966676556803,25.880066474994,0.));
#5411=CARTESIAN_POINT('',(67.1000021682812,29.7513587944249,0.));
#5412=CARTESIAN_POINT('',(32.4585012885655,61.6427180423165,0.));
#5413=CARTESIAN_POINT('',(32.9,60.576845865401,0.));
#5414=CARTESIAN_POINT('',(37.5841000599218,49.2684279732251,0.));
#5415=CARTESIAN_POINT('',(31.6427180423165,62.4585012885655,0.));
#5416=CARTESIAN_POINT('',(41.8747943106459,52.2264250202359,0.));
#5417=CARTESIAN_POINT('',(30.576845865401,62.9,0.));
#5418=CARTESIAN_POINT('',(42.9511359344925,57.7744012286436,0.));
#5419=CARTESIAN_POINT('',(29.423154134599,62.9,0.));
#5420=CARTESIAN_POINT('',(39.7513595407755,62.8999999999999,0.));
#5421=CARTESIAN_POINT('',(28.3572819576835,62.4585012885655,0.));
#5422=CARTESIAN_POINT('',(33.6605042149096,64.6551678717873,0.));
#5423=CARTESIAN_POINT('',(27.5414987114345,61.6427180423165,0.));
#5424=CARTESIAN_POINT('',(27.773574979764,61.874794310646,0.));
#5425=CARTESIAN_POINT('',(27.1,60.576845865401,0.));
#5426=CARTESIAN_POINT('',(25.1545309594909,55.880068122627,0.));
#5427=CARTESIAN_POINT('',(27.1,59.423154134599,0.));
#5428=CARTESIAN_POINT('',(27.1,49.7513595407755,0.));
#5429=CARTESIAN_POINT('',(27.5414987114345,58.3572819576835,0.));
#5430=CARTESIAN_POINT('',(32.4158999400781,46.589436403044,0.));
#5431=CARTESIAN_POINT('',(28.3572819576835,57.5414987114345,0.));
#5432=CARTESIAN_POINT('',(38.125205689354,47.773574979764,0.));
#5433=CARTESIAN_POINT('',(29.423154134599,57.1,0.));
#5434=CARTESIAN_POINT('',(41.1909996892385,52.2255987713563,0.));
#5435=CARTESIAN_POINT('',(30.576845865401,57.1,0.));
#5436=CARTESIAN_POINT('',(40.2486404592246,57.1,0.));
#5437=CARTESIAN_POINT('',(31.6427180423165,57.5414987114345,0.));
#5438=CARTESIAN_POINT('',(36.3394957850906,59.4869677519436,0.));
#5439=CARTESIAN_POINT('',(32.4585012885655,58.3572819576835,0.));
#5440=CARTESIAN_POINT('',(32.226425020236,58.125205689354,0.));
#5441=CARTESIAN_POINT('',(32.9,59.423154134599,0.));
#5442=CARTESIAN_POINT('',(30.7033334167781,54.1199318773731,0.));
#5443=CARTESIAN_POINT('',(32.9,50.2486404592246,0.));
#5444=CARTESIAN_POINT('',(40.,40.,0.));
#5445=CARTESIAN_POINT('Origin',(50.,40.,0.));
#5446=CARTESIAN_POINT('',(71.6427180423165,57.5414987114345,0.));
#5447=CARTESIAN_POINT('',(70.576845865401,57.1,0.));
#5448=CARTESIAN_POINT('',(59.2684279732251,52.4158999400783,0.));
#5449=CARTESIAN_POINT('',(72.4585012885655,58.3572819576835,0.));
#5450=CARTESIAN_POINT('',(62.226425020236,48.1252056893541,0.));
#5451=CARTESIAN_POINT('',(72.9,59.423154134599,0.));
#5452=CARTESIAN_POINT('',(67.7744012286436,47.0488640655076,0.));
#5453=CARTESIAN_POINT('',(72.9,60.576845865401,0.));
#5454=CARTESIAN_POINT('',(72.9,50.2486404592246,0.));
#5455=CARTESIAN_POINT('',(72.4585012885655,61.6427180423165,0.));
#5456=CARTESIAN_POINT('',(74.6551678717873,56.3394957850905,0.));
#5457=CARTESIAN_POINT('',(71.6427180423165,62.4585012885655,0.));
#5458=CARTESIAN_POINT('',(71.874794310646,62.226425020236,0.));
#5459=CARTESIAN_POINT('',(70.576845865401,62.9,0.));
#5460=CARTESIAN_POINT('',(65.880068122627,64.8454690405091,0.));
#5461=CARTESIAN_POINT('',(69.423154134599,62.9,0.));
#5462=CARTESIAN_POINT('',(59.7513595407754,62.9,0.));
#5463=CARTESIAN_POINT('',(68.3572819576835,62.4585012885655,0.));
#5464=CARTESIAN_POINT('',(56.589436403044,57.584100059922,0.));
#5465=CARTESIAN_POINT('',(67.5414987114345,61.6427180423165,0.));
#5466=CARTESIAN_POINT('',(57.773574979764,51.874794310646,0.));
#5467=CARTESIAN_POINT('',(67.1,60.576845865401,0.));
#5468=CARTESIAN_POINT('',(62.2255987713563,48.8090003107615,0.));
#5469=CARTESIAN_POINT('',(67.1,59.423154134599,0.));
#5470=CARTESIAN_POINT('',(67.1,49.7513595407754,0.));
#5471=CARTESIAN_POINT('',(67.5414987114345,58.3572819576835,0.));
#5472=CARTESIAN_POINT('',(69.4869677519436,53.6605042149094,0.));
#5473=CARTESIAN_POINT('',(68.3572819576835,57.5414987114346,0.));
#5474=CARTESIAN_POINT('',(68.125205689354,57.773574979764,0.));
#5475=CARTESIAN_POINT('',(69.423154134599,57.1,0.));
#5476=CARTESIAN_POINT('',(64.1199318773731,59.2966665832219,0.));
#5477=CARTESIAN_POINT('',(60.2486404592246,57.1,0.));
#5478=CARTESIAN_POINT('Origin',(60.2486388213886,17.1000021682816,-0.4));
#5479=CARTESIAN_POINT('',(69.5027189835994,17.5000010651089,-0.4));
#5480=CARTESIAN_POINT('',(70.4972804203542,17.5000009465479,-0.4));
#5481=CARTESIAN_POINT('',(60.2486388690723,17.5000021682816,-0.4));
#5482=CARTESIAN_POINT('Origin',(70.5768453196224,17.100000937063,-0.4));
#5483=CARTESIAN_POINT('Origin',(69.4231539889637,17.1000010745938,-0.4));
#5484=CARTESIAN_POINT('Origin',(62.4159023572546,30.7315728121584,-0.4));
#5485=CARTESIAN_POINT('',(67.5000009465479,19.5027195796458,-0.4));
#5486=CARTESIAN_POINT('Origin',(67.100000937063,19.4231546803777,-0.4));
#5487=CARTESIAN_POINT('',(67.8806030213271,18.5838645790316,-0.4));
#5488=CARTESIAN_POINT('',(62.7854541885069,30.8846461410504,-0.4));
#5489=CARTESIAN_POINT('Origin',(67.5414993683074,18.3572828205157,-0.4));
#5490=CARTESIAN_POINT('Origin',(66.3394933138323,15.3448328595148,-0.4));
#5491=CARTESIAN_POINT('',(71.4161354209684,17.8806030213271,-0.4));
#5492=CARTESIAN_POINT('',(66.1864199849403,15.714384690767,-0.4));
#5493=CARTESIAN_POINT('Origin',(71.6427171794843,17.5414993683074,-0.4));
#5494=CARTESIAN_POINT('Origin',(72.2264228226855,18.1252048723423,-0.4));
#5495=CARTESIAN_POINT('',(72.1193966410397,18.5838640737278,-0.4));
#5496=CARTESIAN_POINT('',(71.9435801439284,18.4080476185345,-0.4));
#5497=CARTESIAN_POINT('Origin',(72.4585002400381,18.3572822343633,-0.4));
#5498=CARTESIAN_POINT('Origin',(74.8454679680503,24.1199301532568,-0.4));
#5499=CARTESIAN_POINT('',(72.4999989348911,19.5027189835994,-0.4));
#5500=CARTESIAN_POINT('',(74.4759161732935,24.2730035702569,-0.4));
#5501=CARTESIAN_POINT('Origin',(72.8999989254062,19.4231539889638,-0.4));
#5502=CARTESIAN_POINT('Origin',(72.9000002159051,30.2486388213883,-0.4));
#5503=CARTESIAN_POINT('',(72.4999990534521,20.4972804203542,-0.4));
#5504=CARTESIAN_POINT('',(72.5000002159051,30.248638869072,-0.4));
#5505=CARTESIAN_POINT('Origin',(72.899999062937,20.5768453196224,-0.4));
#5506=CARTESIAN_POINT('Origin',(67.5841010144945,33.4105628115722,-0.4));
#5507=CARTESIAN_POINT('',(72.1193969786729,21.4161354209684,-0.4));
#5508=CARTESIAN_POINT('',(67.2145491832423,33.2574894826801,-0.4));
#5509=CARTESIAN_POINT('Origin',(72.4585006316926,21.6427171794843,-0.4));
#5510=CARTESIAN_POINT('Origin',(61.8747951276579,32.2264252068722,-0.4));
#5511=CARTESIAN_POINT('',(71.4161359262722,22.1193966410397,-0.4));
#5512=CARTESIAN_POINT('',(61.5919523814658,31.9435825281151,-0.4));
#5513=CARTESIAN_POINT('Origin',(71.6427177656367,22.4585002400381,-0.4));
#5514=CARTESIAN_POINT('Origin',(58.8090003490033,27.7744018420596,-0.4));
#5515=CARTESIAN_POINT('',(70.4972810164006,22.4999989348911,-0.4));
#5516=CARTESIAN_POINT('',(58.6559269320033,27.4048500473028,-0.4));
#5517=CARTESIAN_POINT('Origin',(70.5768460110363,22.8999989254062,-0.4));
#5518=CARTESIAN_POINT('Origin',(59.751358794425,22.9000002159054,-0.4));
#5519=CARTESIAN_POINT('',(69.5027195796458,22.4999990534521,-0.4));
#5520=CARTESIAN_POINT('',(59.7513587467413,22.5000002159054,-0.4));
#5521=CARTESIAN_POINT('Origin',(69.4231546803776,22.899999062937,-0.4));
#5522=CARTESIAN_POINT('Origin',(63.6605033144186,20.5130315167547,-0.4));
#5523=CARTESIAN_POINT('',(68.5838645790316,22.1193969786729,-0.4));
#5524=CARTESIAN_POINT('',(63.8135766433106,20.1434796855024,-0.4));
#5525=CARTESIAN_POINT('Origin',(68.3572828205157,22.4585006316926,-0.4));
#5526=CARTESIAN_POINT('Origin',(67.7735747931275,21.8747927434713,-0.4));
#5527=CARTESIAN_POINT('',(67.8806033589603,21.4161359262722,-0.4));
#5528=CARTESIAN_POINT('',(68.0564174718846,21.5919499972792,-0.4));
#5529=CARTESIAN_POINT('Origin',(67.5414997599619,21.6427177656367,-0.4));
#5530=CARTESIAN_POINT('Origin',(69.2966676556803,25.880066474994,-0.4));
#5531=CARTESIAN_POINT('',(67.5000010651089,20.4972810164007,-0.4));
#5532=CARTESIAN_POINT('',(69.666219450437,25.726993057994,-0.4));
#5533=CARTESIAN_POINT('Origin',(67.1000010745938,20.5768460110363,-0.4));
#5534=CARTESIAN_POINT('Origin',(67.1000021682812,29.7513587944249,-0.4));
#5535=CARTESIAN_POINT('',(67.5000021682812,29.7513587467411,-0.4));
#5536=CARTESIAN_POINT('Origin',(58.125207256529,27.7735771773142,-0.4));
#5537=CARTESIAN_POINT('',(68.5838640737278,17.8806033589603,-0.4));
#5538=CARTESIAN_POINT('',(58.4080500027212,28.0564198560713,-0.4));
#5539=CARTESIAN_POINT('Origin',(68.3572822343633,17.5414997599619,-0.4));
#5540=CARTESIAN_POINT('Origin',(57.0488640272661,22.2256015296896,-0.4));
#5541=CARTESIAN_POINT('',(57.2019374442662,22.5951533244463,-0.4));
#5542=CARTESIAN_POINT('Origin',(72.4999990534521,20.4972804203542,0.));
#5543=CARTESIAN_POINT('',(72.4999989348911,19.5027189835994,-2.6));
#5544=CARTESIAN_POINT('',(72.4999989348911,19.5027189835994,0.));
#5545=CARTESIAN_POINT('',(72.4999990534521,20.4972804203542,-2.6));
#5546=CARTESIAN_POINT('',(72.4999990238119,20.2486400611655,-2.6));
#5547=CARTESIAN_POINT('',(72.4999990534521,20.4972804203542,0.));
#5548=CARTESIAN_POINT('Origin',(72.4999989348911,19.5027189835994,0.));
#5549=CARTESIAN_POINT('',(72.1193966410397,18.5838640737278,-2.6));
#5550=CARTESIAN_POINT('',(72.1193966410397,18.5838640737278,0.));
#5551=CARTESIAN_POINT('',(72.4048483614283,19.2730052561315,-2.6));
#5552=CARTESIAN_POINT('Origin',(72.1193966410397,18.5838640737278,0.));
#5553=CARTESIAN_POINT('',(71.4161354209684,17.8806030213271,-2.6));
#5554=CARTESIAN_POINT('',(71.4161354209684,17.8806030213271,0.));
#5555=CARTESIAN_POINT('',(71.9435813360219,18.4080488106277,-2.6));
#5556=CARTESIAN_POINT('Origin',(71.4161354209684,17.8806030213271,0.));
#5557=CARTESIAN_POINT('',(70.4972804203542,17.5000009465479,-2.6));
#5558=CARTESIAN_POINT('',(70.4972804203542,17.5000009465479,0.));
#5559=CARTESIAN_POINT('',(71.1864216708149,17.7854525026323,-2.6));
#5560=CARTESIAN_POINT('Origin',(70.4972804203542,17.5000009465479,0.));
#5561=CARTESIAN_POINT('',(69.5027189835994,17.5000010651089,-2.6));
#5562=CARTESIAN_POINT('',(69.5027189835994,17.5000010651089,0.));
#5563=CARTESIAN_POINT('',(70.2486400611655,17.5000009761882,-2.6));
#5564=CARTESIAN_POINT('Origin',(69.5027189835994,17.5000010651089,0.));
#5565=CARTESIAN_POINT('',(68.5838640737278,17.8806033589603,-2.6));
#5566=CARTESIAN_POINT('',(68.5838640737278,17.8806033589603,0.));
#5567=CARTESIAN_POINT('',(69.2730052561315,17.5951516385717,-2.6));
#5568=CARTESIAN_POINT('Origin',(68.5838640737278,17.8806033589603,0.));
#5569=CARTESIAN_POINT('',(67.8806030213271,18.5838645790316,-2.6));
#5570=CARTESIAN_POINT('',(67.8806030213271,18.5838645790316,0.));
#5571=CARTESIAN_POINT('',(68.4080488106276,18.0564186639781,-2.6));
#5572=CARTESIAN_POINT('Origin',(67.8806030213271,18.5838645790316,0.));
#5573=CARTESIAN_POINT('',(67.5000009465479,19.5027195796458,-2.6));
#5574=CARTESIAN_POINT('',(67.5000009465479,19.5027195796458,0.));
#5575=CARTESIAN_POINT('',(67.7854525026323,18.8135783291852,-2.6));
#5576=CARTESIAN_POINT('Origin',(59.2684279732251,52.4158999400783,-0.4));
#5577=CARTESIAN_POINT('',(70.4972809184491,57.5,-0.4));
#5578=CARTESIAN_POINT('',(71.4161362433763,57.8806023374436,-0.4));
#5579=CARTESIAN_POINT('',(59.115354600279,52.7854517530828,-0.4));
#5580=CARTESIAN_POINT('Origin',(71.6427180423165,57.5414987114345,-0.4));
#5581=CARTESIAN_POINT('Origin',(70.576845865401,57.1,-0.4));
#5582=CARTESIAN_POINT('Origin',(62.226425020236,48.1252056893541,-0.4));
#5583=CARTESIAN_POINT('',(72.1193976625564,58.5838637566237,-0.4));
#5584=CARTESIAN_POINT('',(61.9435823077614,48.4080484018287,-0.4));
#5585=CARTESIAN_POINT('Origin',(72.4585012885655,58.3572819576835,-0.4));
#5586=CARTESIAN_POINT('Origin',(67.7744012286436,47.0488640655076,-0.4));
#5587=CARTESIAN_POINT('',(72.5,59.5027190815509,-0.4));
#5588=CARTESIAN_POINT('',(67.4048494156391,47.2019374384536,-0.4));
#5589=CARTESIAN_POINT('Origin',(72.9,59.423154134599,-0.4));
#5590=CARTESIAN_POINT('Origin',(72.9,50.2486404592246,-0.4));
#5591=CARTESIAN_POINT('',(72.5,60.4972809184492,-0.4));
#5592=CARTESIAN_POINT('',(72.5,50.2486404592246,-0.4));
#5593=CARTESIAN_POINT('Origin',(72.9,60.576845865401,-0.4));
#5594=CARTESIAN_POINT('Origin',(74.6551678717873,56.3394957850905,-0.4));
#5595=CARTESIAN_POINT('',(72.1193976625564,61.4161362433763,-0.4));
#5596=CARTESIAN_POINT('',(74.2856160587828,56.1864224121444,-0.4));
#5597=CARTESIAN_POINT('Origin',(72.4585012885655,61.6427180423165,-0.4));
#5598=CARTESIAN_POINT('Origin',(71.874794310646,62.226425020236,-0.4));
#5599=CARTESIAN_POINT('',(71.4161362433763,62.1193976625565,-0.4));
#5600=CARTESIAN_POINT('',(71.5919515981713,61.9435823077614,-0.4));
#5601=CARTESIAN_POINT('Origin',(71.6427180423165,62.4585012885655,-0.4));
#5602=CARTESIAN_POINT('Origin',(65.880068122627,64.8454690405091,-0.4));
#5603=CARTESIAN_POINT('',(70.4972809184491,62.5,-0.4));
#5604=CARTESIAN_POINT('',(65.726994749681,64.4759172275046,-0.4));
#5605=CARTESIAN_POINT('Origin',(70.576845865401,62.9,-0.4));
#5606=CARTESIAN_POINT('Origin',(59.7513595407754,62.9,-0.4));
#5607=CARTESIAN_POINT('',(69.5027190815509,62.5,-0.4));
#5608=CARTESIAN_POINT('',(59.7513595407754,62.5,-0.4));
#5609=CARTESIAN_POINT('Origin',(69.423154134599,62.9,-0.4));
#5610=CARTESIAN_POINT('Origin',(56.589436403044,57.584100059922,-0.4));
#5611=CARTESIAN_POINT('',(68.5838637566237,62.1193976625565,-0.4));
#5612=CARTESIAN_POINT('',(56.74250977599,57.2145482469174,-0.4));
#5613=CARTESIAN_POINT('Origin',(68.3572819576835,62.4585012885655,-0.4));
#5614=CARTESIAN_POINT('Origin',(57.773574979764,51.874794310646,-0.4));
#5615=CARTESIAN_POINT('',(67.8806023374436,61.4161362433763,-0.4));
#5616=CARTESIAN_POINT('',(58.0564176922386,51.5919515981714,-0.4));
#5617=CARTESIAN_POINT('Origin',(67.5414987114345,61.6427180423165,-0.4));
#5618=CARTESIAN_POINT('Origin',(62.2255987713563,48.8090003107615,-0.4));
#5619=CARTESIAN_POINT('',(67.5,60.4972809184492,-0.4));
#5620=CARTESIAN_POINT('',(62.5951505843609,48.6559269378155,-0.4));
#5621=CARTESIAN_POINT('Origin',(67.1,60.576845865401,-0.4));
#5622=CARTESIAN_POINT('Origin',(67.1,49.7513595407754,-0.4));
#5623=CARTESIAN_POINT('',(67.5,59.5027190815509,-0.4));
#5624=CARTESIAN_POINT('',(67.5,49.7513595407754,-0.4));
#5625=CARTESIAN_POINT('Origin',(67.1,59.423154134599,-0.4));
#5626=CARTESIAN_POINT('Origin',(69.4869677519436,53.6605042149094,-0.4));
#5627=CARTESIAN_POINT('',(67.8806023374436,58.5838637566237,-0.4));
#5628=CARTESIAN_POINT('',(69.8565195649481,53.8135775878554,-0.4));
#5629=CARTESIAN_POINT('Origin',(67.5414987114345,58.3572819576835,-0.4));
#5630=CARTESIAN_POINT('Origin',(60.2486404592246,57.1,-0.4));
#5631=CARTESIAN_POINT('',(69.5027190815509,57.5,-0.4));
#5632=CARTESIAN_POINT('',(60.2486404592246,57.5,-0.4));
#5633=CARTESIAN_POINT('Origin',(69.423154134599,57.1,-0.4));
#5634=CARTESIAN_POINT('Origin',(68.125205689354,57.773574979764,-0.4));
#5635=CARTESIAN_POINT('',(68.5838637566237,57.8806023374436,-0.4));
#5636=CARTESIAN_POINT('',(68.4080484018287,58.0564176922386,-0.4));
#5637=CARTESIAN_POINT('Origin',(68.3572819576835,57.5414987114346,-0.4));
#5638=CARTESIAN_POINT('Origin',(64.1199318773731,59.2966665832219,-0.4));
#5639=CARTESIAN_POINT('',(64.2730052503191,59.6662183962264,-0.4));
#5640=CARTESIAN_POINT('Origin',(69.5027190815509,62.5,0.));
#5641=CARTESIAN_POINT('',(70.4972809184491,62.5,-2.6));
#5642=CARTESIAN_POINT('',(70.4972809184491,62.5,0.));
#5643=CARTESIAN_POINT('',(69.5027190815509,62.5,-2.6));
#5644=CARTESIAN_POINT('',(69.7513595407754,62.5,-2.6));
#5645=CARTESIAN_POINT('',(69.5027190815509,62.5,0.));
#5646=CARTESIAN_POINT('Origin',(70.4972809184491,62.5,0.));
#5647=CARTESIAN_POINT('',(71.4161362433763,62.1193976625565,-2.6));
#5648=CARTESIAN_POINT('',(71.4161362433763,62.1193976625565,0.));
#5649=CARTESIAN_POINT('',(70.7269947496809,62.4048494156391,-2.6));
#5650=CARTESIAN_POINT('Origin',(71.4161362433763,62.1193976625565,0.));
#5651=CARTESIAN_POINT('',(72.1193976625564,61.4161362433763,-2.6));
#5652=CARTESIAN_POINT('',(72.1193976625564,61.4161362433763,0.));
#5653=CARTESIAN_POINT('',(71.5919515981713,61.9435823077614,-2.6));
#5654=CARTESIAN_POINT('Origin',(72.1193976625564,61.4161362433763,0.));
#5655=CARTESIAN_POINT('',(72.5,60.4972809184492,-2.6));
#5656=CARTESIAN_POINT('',(72.5,60.4972809184492,0.));
#5657=CARTESIAN_POINT('',(72.2145482469173,61.1864224121445,-2.6));
#5658=CARTESIAN_POINT('Origin',(72.5,60.4972809184492,0.));
#5659=CARTESIAN_POINT('',(72.5,59.5027190815509,-2.6));
#5660=CARTESIAN_POINT('',(72.5,59.5027190815509,0.));
#5661=CARTESIAN_POINT('',(72.5,60.2486404592246,-2.6));
#5662=CARTESIAN_POINT('Origin',(72.5,59.5027190815509,0.));
#5663=CARTESIAN_POINT('',(72.1193976625564,58.5838637566237,-2.6));
#5664=CARTESIAN_POINT('',(72.1193976625564,58.5838637566237,0.));
#5665=CARTESIAN_POINT('',(72.4048494156391,59.2730052503191,-2.6));
#5666=CARTESIAN_POINT('Origin',(72.1193976625564,58.5838637566237,0.));
#5667=CARTESIAN_POINT('',(71.4161362433763,57.8806023374436,-2.6));
#5668=CARTESIAN_POINT('',(71.4161362433763,57.8806023374436,0.));
#5669=CARTESIAN_POINT('',(71.9435823077614,58.4080484018287,-2.6));
#5670=CARTESIAN_POINT('Origin',(71.4161362433763,57.8806023374436,0.));
#5671=CARTESIAN_POINT('',(70.4972809184491,57.5,-2.6));
#5672=CARTESIAN_POINT('',(70.4972809184491,57.5,0.));
#5673=CARTESIAN_POINT('',(71.1864224121445,57.7854517530827,-2.6));
#5674=CARTESIAN_POINT('Origin',(38.125205689354,47.773574979764,-0.4));
#5675=CARTESIAN_POINT('',(27.8806023374436,58.5838637566237,-0.4));
#5676=CARTESIAN_POINT('',(28.5838637566237,57.8806023374436,-0.4));
#5677=CARTESIAN_POINT('',(38.4080484018287,48.0564176922386,-0.4));
#5678=CARTESIAN_POINT('Origin',(28.3572819576835,57.5414987114345,-0.4));
#5679=CARTESIAN_POINT('Origin',(27.5414987114345,58.3572819576835,-0.4));
#5680=CARTESIAN_POINT('Origin',(41.1909996892385,52.2255987713563,-0.4));
#5681=CARTESIAN_POINT('',(29.5027190815508,57.5,-0.4));
#5682=CARTESIAN_POINT('',(41.3440730621845,52.5951505843609,-0.4));
#5683=CARTESIAN_POINT('Origin',(29.423154134599,57.1,-0.4));
#5684=CARTESIAN_POINT('Origin',(40.2486404592246,57.1,-0.4));
#5685=CARTESIAN_POINT('',(30.4972809184491,57.5,-0.4));
#5686=CARTESIAN_POINT('',(40.2486404592246,57.5,-0.4));
#5687=CARTESIAN_POINT('Origin',(30.576845865401,57.1,-0.4));
#5688=CARTESIAN_POINT('Origin',(36.3394957850906,59.4869677519436,-0.4));
#5689=CARTESIAN_POINT('',(31.4161362433763,57.8806023374436,-0.4));
#5690=CARTESIAN_POINT('',(36.1864224121446,59.8565195649481,-0.4));
#5691=CARTESIAN_POINT('Origin',(31.6427180423165,57.5414987114345,-0.4));
#5692=CARTESIAN_POINT('Origin',(32.226425020236,58.125205689354,-0.4));
#5693=CARTESIAN_POINT('',(32.1193976625564,58.5838637566237,-0.4));
#5694=CARTESIAN_POINT('',(31.9435823077614,58.4080484018287,-0.4));
#5695=CARTESIAN_POINT('Origin',(32.4585012885655,58.3572819576835,-0.4));
#5696=CARTESIAN_POINT('Origin',(30.7033334167781,54.1199318773731,-0.4));
#5697=CARTESIAN_POINT('',(32.5,59.5027190815509,-0.4));
#5698=CARTESIAN_POINT('',(30.3337816037736,54.2730052503191,-0.4));
#5699=CARTESIAN_POINT('Origin',(32.9,59.423154134599,-0.4));
#5700=CARTESIAN_POINT('Origin',(37.5841000599218,49.2684279732251,-0.4));
#5701=CARTESIAN_POINT('',(32.5,60.4972809184491,-0.4));
#5702=CARTESIAN_POINT('Origin',(32.9,60.576845865401,-0.4));
#5703=CARTESIAN_POINT('',(32.1193976625564,61.4161362433763,-0.4));
#5704=CARTESIAN_POINT('',(37.2145482469172,49.115354600279,-0.4));
#5705=CARTESIAN_POINT('Origin',(32.4585012885655,61.6427180423165,-0.4));
#5706=CARTESIAN_POINT('Origin',(32.9,50.2486404592246,-0.4));
#5707=CARTESIAN_POINT('',(32.5,50.2486404592246,-0.4));
#5708=CARTESIAN_POINT('Origin',(41.8747943106459,52.2264250202359,-0.4));
#5709=CARTESIAN_POINT('',(31.4161362433763,62.1193976625564,-0.4));
#5710=CARTESIAN_POINT('',(41.5919515981713,51.9435823077613,-0.4));
#5711=CARTESIAN_POINT('Origin',(31.6427180423165,62.4585012885655,-0.4));
#5712=CARTESIAN_POINT('Origin',(42.9511359344925,57.7744012286436,-0.4));
#5713=CARTESIAN_POINT('',(30.4972809184492,62.5,-0.4));
#5714=CARTESIAN_POINT('',(42.7980625615464,57.4048494156391,-0.4));
#5715=CARTESIAN_POINT('Origin',(30.576845865401,62.9,-0.4));
#5716=CARTESIAN_POINT('Origin',(39.7513595407755,62.8999999999999,-0.4));
#5717=CARTESIAN_POINT('',(29.5027190815509,62.5,-0.4));
#5718=CARTESIAN_POINT('',(39.7513595407755,62.4999999999999,-0.4));
#5719=CARTESIAN_POINT('Origin',(29.423154134599,62.9,-0.4));
#5720=CARTESIAN_POINT('Origin',(33.6605042149096,64.6551678717873,-0.4));
#5721=CARTESIAN_POINT('',(28.5838637566237,62.1193976625565,-0.4));
#5722=CARTESIAN_POINT('',(33.8135775878556,64.2856160587828,-0.4));
#5723=CARTESIAN_POINT('Origin',(28.3572819576835,62.4585012885655,-0.4));
#5724=CARTESIAN_POINT('Origin',(27.773574979764,61.874794310646,-0.4));
#5725=CARTESIAN_POINT('',(27.8806023374436,61.4161362433763,-0.4));
#5726=CARTESIAN_POINT('',(28.0564176922386,61.5919515981714,-0.4));
#5727=CARTESIAN_POINT('Origin',(27.5414987114345,61.6427180423165,-0.4));
#5728=CARTESIAN_POINT('Origin',(25.1545309594909,55.880068122627,-0.4));
#5729=CARTESIAN_POINT('',(27.5,60.4972809184492,-0.4));
#5730=CARTESIAN_POINT('',(25.5240827724954,55.726994749681,-0.4));
#5731=CARTESIAN_POINT('Origin',(27.1,60.576845865401,-0.4));
#5732=CARTESIAN_POINT('Origin',(27.1,49.7513595407755,-0.4));
#5733=CARTESIAN_POINT('',(27.5,59.5027190815509,-0.4));
#5734=CARTESIAN_POINT('',(27.5,49.7513595407755,-0.4));
#5735=CARTESIAN_POINT('Origin',(27.1,59.423154134599,-0.4));
#5736=CARTESIAN_POINT('Origin',(32.4158999400781,46.589436403044,-0.4));
#5737=CARTESIAN_POINT('',(32.7854517530826,46.74250977599,-0.4));
#5738=CARTESIAN_POINT('Origin',(27.5,59.5027190815509,0.));
#5739=CARTESIAN_POINT('',(27.5,60.4972809184492,-2.6));
#5740=CARTESIAN_POINT('',(27.5,60.4972809184492,0.));
#5741=CARTESIAN_POINT('',(27.5,59.5027190815509,-2.6));
#5742=CARTESIAN_POINT('',(27.5,59.7513595407754,-2.6));
#5743=CARTESIAN_POINT('',(27.5,59.5027190815509,0.));
#5744=CARTESIAN_POINT('Origin',(27.5,60.4972809184492,0.));
#5745=CARTESIAN_POINT('',(27.8806023374436,61.4161362433763,-2.6));
#5746=CARTESIAN_POINT('',(27.8806023374436,61.4161362433763,0.));
#5747=CARTESIAN_POINT('',(27.5951505843609,60.726994749681,-2.6));
#5748=CARTESIAN_POINT('Origin',(27.8806023374436,61.4161362433763,0.));
#5749=CARTESIAN_POINT('',(28.5838637566237,62.1193976625565,-2.6));
#5750=CARTESIAN_POINT('',(28.5838637566237,62.1193976625565,0.));
#5751=CARTESIAN_POINT('',(28.0564176922386,61.5919515981714,-2.6));
#5752=CARTESIAN_POINT('Origin',(28.5838637566237,62.1193976625565,0.));
#5753=CARTESIAN_POINT('',(29.5027190815509,62.5,-2.6));
#5754=CARTESIAN_POINT('',(29.5027190815509,62.5,0.));
#5755=CARTESIAN_POINT('',(28.8135775878555,62.2145482469173,-2.6));
#5756=CARTESIAN_POINT('Origin',(29.5027190815509,62.5,0.));
#5757=CARTESIAN_POINT('',(30.4972809184492,62.5,-2.6));
#5758=CARTESIAN_POINT('',(30.4972809184492,62.5,0.));
#5759=CARTESIAN_POINT('',(29.7513595407754,62.5,-2.6));
#5760=CARTESIAN_POINT('Origin',(30.4972809184492,62.5,0.));
#5761=CARTESIAN_POINT('',(31.4161362433763,62.1193976625564,-2.6));
#5762=CARTESIAN_POINT('',(31.4161362433763,62.1193976625564,0.));
#5763=CARTESIAN_POINT('',(30.7269947496809,62.4048494156391,-2.6));
#5764=CARTESIAN_POINT('Origin',(31.4161362433763,62.1193976625564,0.));
#5765=CARTESIAN_POINT('',(32.1193976625564,61.4161362433763,-2.6));
#5766=CARTESIAN_POINT('',(32.1193976625564,61.4161362433763,0.));
#5767=CARTESIAN_POINT('',(31.5919515981713,61.9435823077614,-2.6));
#5768=CARTESIAN_POINT('Origin',(32.1193976625564,61.4161362433763,0.));
#5769=CARTESIAN_POINT('',(32.5,60.4972809184491,-2.6));
#5770=CARTESIAN_POINT('',(32.5,60.4972809184491,0.));
#5771=CARTESIAN_POINT('',(32.2145482469173,61.1864224121445,-2.6));
#5772=CARTESIAN_POINT('Origin',(69.7513595407754,62.3,-2.8));
#5773=CARTESIAN_POINT('',(70.4177159714973,62.1,-3.));
#5774=CARTESIAN_POINT('',(69.5822840285027,62.1,-3.));
#5775=CARTESIAN_POINT('',(69.7513595407754,62.1,-3.));
#5776=CARTESIAN_POINT('',(69.5822840285027,62.1,-3.));
#5777=CARTESIAN_POINT('',(70.4177159714973,62.1,-3.));
#5778=CARTESIAN_POINT('Origin',(68.8901142743285,62.0297723404151,-2.8));
#5779=CARTESIAN_POINT('',(68.8104455555639,61.7802940365474,-3.));
#5780=CARTESIAN_POINT('',(68.9666509608015,61.8449964339128,-3.));
#5781=CARTESIAN_POINT('',(68.5838637566237,62.1193976625565,-2.6));
#5782=CARTESIAN_POINT('',(68.8104455555639,61.7802940365474,-3.));
#5783=CARTESIAN_POINT('',(68.8135775878555,62.2145482469173,-2.6));
#5784=CARTESIAN_POINT('Origin',(68.1978390484759,61.450530241934,-2.8));
#5785=CARTESIAN_POINT('',(68.2197059634526,61.1895544444361,-3.));
#5786=CARTESIAN_POINT('',(68.3392604047132,61.3091088856967,-3.));
#5787=CARTESIAN_POINT('',(67.8806023374436,61.4161362433763,-2.6));
#5788=CARTESIAN_POINT('',(68.2197059634526,61.1895544444361,-3.));
#5789=CARTESIAN_POINT('',(68.0564176922386,61.5919515981714,-2.6));
#5790=CARTESIAN_POINT('Origin',(67.7799264908631,60.6504580632079,-2.8));
#5791=CARTESIAN_POINT('',(67.9,60.4177159714973,-3.));
#5792=CARTESIAN_POINT('',(67.9647023973654,60.5739213767349,-3.));
#5793=CARTESIAN_POINT('',(67.5,60.4972809184492,-2.6));
#5794=CARTESIAN_POINT('',(67.9,60.4177159714973,-3.));
#5795=CARTESIAN_POINT('',(67.5951505843609,60.726994749681,-2.6));
#5796=CARTESIAN_POINT('Origin',(67.7,59.7513595407754,-2.8));
#5797=CARTESIAN_POINT('',(67.9,59.5822840285027,-3.));
#5798=CARTESIAN_POINT('',(67.9,59.7513595407754,-3.));
#5799=CARTESIAN_POINT('',(67.5,59.5027190815509,-2.6));
#5800=CARTESIAN_POINT('',(67.9,59.5822840285027,-3.));
#5801=CARTESIAN_POINT('',(67.5,59.7513595407754,-2.6));
#5802=CARTESIAN_POINT('Origin',(67.9702276595849,58.8901142743285,-2.8));
#5803=CARTESIAN_POINT('',(68.2197059634526,58.8104455555639,-3.));
#5804=CARTESIAN_POINT('',(68.1550035660872,58.9666509608016,-3.));
#5805=CARTESIAN_POINT('',(67.8806023374436,58.5838637566237,-2.6));
#5806=CARTESIAN_POINT('',(68.2197059634526,58.8104455555639,-3.));
#5807=CARTESIAN_POINT('',(67.7854517530827,58.8135775878555,-2.6));
#5808=CARTESIAN_POINT('Origin',(68.549469758066,58.1978390484759,-2.8));
#5809=CARTESIAN_POINT('',(68.8104455555639,58.2197059634526,-3.));
#5810=CARTESIAN_POINT('',(68.6908911143033,58.3392604047132,-3.));
#5811=CARTESIAN_POINT('',(68.5838637566237,57.8806023374436,-2.6));
#5812=CARTESIAN_POINT('',(68.8104455555639,58.2197059634526,-3.));
#5813=CARTESIAN_POINT('',(68.4080484018287,58.0564176922386,-2.6));
#5814=CARTESIAN_POINT('Origin',(69.3495419367921,57.7799264908632,-2.8));
#5815=CARTESIAN_POINT('',(69.5822840285027,57.9,-3.));
#5816=CARTESIAN_POINT('',(69.4260786232651,57.9647023973654,-3.));
#5817=CARTESIAN_POINT('',(69.5027190815509,57.5,-2.6));
#5818=CARTESIAN_POINT('',(69.5822840285027,57.9,-3.));
#5819=CARTESIAN_POINT('',(69.2730052503191,57.5951505843609,-2.6));
#5820=CARTESIAN_POINT('Origin',(70.2486404592246,57.7,-2.8));
#5821=CARTESIAN_POINT('',(70.4177159714973,57.9,-3.));
#5822=CARTESIAN_POINT('',(70.2486404592246,57.9,-3.));
#5823=CARTESIAN_POINT('',(70.4177159714973,57.9,-3.));
#5824=CARTESIAN_POINT('',(70.2486404592246,57.5,-2.6));
#5825=CARTESIAN_POINT('Origin',(71.1098857256715,57.9702276595849,-2.8));
#5826=CARTESIAN_POINT('',(71.1895544444361,58.2197059634526,-3.));
#5827=CARTESIAN_POINT('',(71.0333490391985,58.1550035660872,-3.));
#5828=CARTESIAN_POINT('',(71.1895544444361,58.2197059634526,-3.));
#5829=CARTESIAN_POINT('Origin',(71.8021609515241,58.549469758066,-2.8));
#5830=CARTESIAN_POINT('',(71.7802940365474,58.8104455555639,-3.));
#5831=CARTESIAN_POINT('',(71.6607395952868,58.6908911143033,-3.));
#5832=CARTESIAN_POINT('',(71.7802940365474,58.8104455555639,-3.));
#5833=CARTESIAN_POINT('Origin',(72.2200735091369,59.3495419367921,-2.8));
#5834=CARTESIAN_POINT('',(72.1,59.5822840285027,-3.));
#5835=CARTESIAN_POINT('',(72.0352976026346,59.4260786232651,-3.));
#5836=CARTESIAN_POINT('',(72.1,59.5822840285027,-3.));
#5837=CARTESIAN_POINT('Origin',(72.3,60.2486404592246,-2.8));
#5838=CARTESIAN_POINT('',(72.1,60.4177159714973,-3.));
#5839=CARTESIAN_POINT('',(72.1,60.2486404592246,-3.));
#5840=CARTESIAN_POINT('',(72.1,60.4177159714973,-3.));
#5841=CARTESIAN_POINT('Origin',(72.0297723404151,61.1098857256715,-2.8));
#5842=CARTESIAN_POINT('',(71.7802940365474,61.1895544444361,-3.));
#5843=CARTESIAN_POINT('',(71.8449964339128,61.0333490391985,-3.));
#5844=CARTESIAN_POINT('',(71.7802940365474,61.1895544444361,-3.));
#5845=CARTESIAN_POINT('Origin',(71.450530241934,61.8021609515241,-2.8));
#5846=CARTESIAN_POINT('',(71.1895544444361,61.7802940365474,-3.));
#5847=CARTESIAN_POINT('',(71.3091088856967,61.6607395952868,-3.));
#5848=CARTESIAN_POINT('',(71.1895544444361,61.7802940365474,-3.));
#5849=CARTESIAN_POINT('Origin',(70.6504580632079,62.2200735091369,-2.8));
#5850=CARTESIAN_POINT('',(70.5739213767349,62.0352976026346,-3.));
#5851=CARTESIAN_POINT('Origin',(70.,60.,-3.));
#5852=CARTESIAN_POINT('Origin',(72.2999990238119,20.2486400850074,-2.8));
#5853=CARTESIAN_POINT('',(72.099998944376,19.5822839782349,-3.));
#5854=CARTESIAN_POINT('',(72.0999990439672,20.4177155210861,-3.));
#5855=CARTESIAN_POINT('',(72.0999990238119,20.2486401088493,-3.));
#5856=CARTESIAN_POINT('',(72.0999990439672,20.4177155210861,-3.));
#5857=CARTESIAN_POINT('',(72.099998944376,19.5822839782349,-3.));
#5858=CARTESIAN_POINT('Origin',(72.0297715817416,21.1098850063689,-2.8));
#5859=CARTESIAN_POINT('',(71.7802933256532,21.1895536624525,-3.));
#5860=CARTESIAN_POINT('',(71.8449956661154,21.0333483419229,-3.));
#5861=CARTESIAN_POINT('',(72.1193969786729,21.4161354209684,-2.6));
#5862=CARTESIAN_POINT('',(71.7802933256532,21.1895536624525,-3.));
#5863=CARTESIAN_POINT('',(72.2145474973677,21.1864216708149,-2.6));
#5864=CARTESIAN_POINT('Origin',(71.4505298162763,21.8021599966433,-2.8));
#5865=CARTESIAN_POINT('',(71.1895540869076,21.7802930420414,-3.));
#5866=CARTESIAN_POINT('',(71.3091084431802,21.6607386572648,-3.));
#5867=CARTESIAN_POINT('',(71.4161359262722,22.1193966410397,-2.6));
#5868=CARTESIAN_POINT('',(71.1895540869076,21.7802930420414,-3.));
#5869=CARTESIAN_POINT('',(71.5919511893724,21.9435813360219,-2.6));
#5870=CARTESIAN_POINT('Origin',(70.6504580353685,22.2200724640499,-2.8));
#5871=CARTESIAN_POINT('',(70.4177160217651,22.099998944376,-3.));
#5872=CARTESIAN_POINT('',(70.5739213268685,22.0352965666715,-3.));
#5873=CARTESIAN_POINT('',(70.4972810164006,22.4999989348911,-2.6));
#5874=CARTESIAN_POINT('',(70.4177160217651,22.099998944376,-3.));
#5875=CARTESIAN_POINT('',(70.7269947438685,22.4048483614283,-2.6));
#5876=CARTESIAN_POINT('Origin',(69.7513599149926,22.2999990238119,-2.8));
#5877=CARTESIAN_POINT('',(69.5822844789139,22.0999990439672,-3.));
#5878=CARTESIAN_POINT('',(69.7513598911508,22.0999990238119,-3.));
#5879=CARTESIAN_POINT('',(69.5027195796458,22.4999990534521,-2.6));
#5880=CARTESIAN_POINT('',(69.5822844789139,22.0999990439672,-3.));
#5881=CARTESIAN_POINT('',(69.7513599388345,22.4999990238119,-2.6));
#5882=CARTESIAN_POINT('Origin',(68.8901149936311,22.0297715817416,-2.8));
#5883=CARTESIAN_POINT('',(68.8104463375475,21.7802933256532,-3.));
#5884=CARTESIAN_POINT('',(68.9666516580771,21.8449956661154,-3.));
#5885=CARTESIAN_POINT('',(68.5838645790316,22.1193969786729,-2.6));
#5886=CARTESIAN_POINT('',(68.8104463375475,21.7802933256532,-3.));
#5887=CARTESIAN_POINT('',(68.8135783291851,22.2145474973677,-2.6));
#5888=CARTESIAN_POINT('Origin',(68.1978400033567,21.4505298162763,-2.8));
#5889=CARTESIAN_POINT('',(68.2197069579587,21.1895540869077,-3.));
#5890=CARTESIAN_POINT('',(68.3392613427352,21.3091084431803,-3.));
#5891=CARTESIAN_POINT('',(67.8806033589603,21.4161359262722,-2.6));
#5892=CARTESIAN_POINT('',(68.2197069579587,21.1895540869077,-3.));
#5893=CARTESIAN_POINT('',(68.0564186639781,21.5919511893724,-2.6));
#5894=CARTESIAN_POINT('Origin',(67.7799275359501,20.6504580353685,-2.8));
#5895=CARTESIAN_POINT('',(67.900001055624,20.417716021765,-3.));
#5896=CARTESIAN_POINT('',(67.9647034333285,20.5739213268685,-3.));
#5897=CARTESIAN_POINT('',(67.5000010651089,20.4972810164007,-2.6));
#5898=CARTESIAN_POINT('',(67.900001055624,20.417716021765,-3.));
#5899=CARTESIAN_POINT('',(67.5951516385717,20.7269947438685,-2.6));
#5900=CARTESIAN_POINT('Origin',(67.7000009761881,19.7513599149926,-2.8));
#5901=CARTESIAN_POINT('',(67.9000009560328,19.5822844789139,-3.));
#5902=CARTESIAN_POINT('',(67.9000009761881,19.7513598911508,-3.));
#5903=CARTESIAN_POINT('',(67.9000009560328,19.5822844789139,-3.));
#5904=CARTESIAN_POINT('',(67.5000009761881,19.7513599388345,-2.6));
#5905=CARTESIAN_POINT('Origin',(67.9702284182584,18.8901149936312,-2.8));
#5906=CARTESIAN_POINT('',(68.2197066743468,18.8104463375475,-3.));
#5907=CARTESIAN_POINT('',(68.1550043338846,18.9666516580772,-3.));
#5908=CARTESIAN_POINT('',(68.2197066743468,18.8104463375475,-3.));
#5909=CARTESIAN_POINT('Origin',(68.5494701837237,18.1978400033567,-2.8));
#5910=CARTESIAN_POINT('',(68.8104459130924,18.2197069579587,-3.));
#5911=CARTESIAN_POINT('',(68.6908915568198,18.3392613427353,-3.));
#5912=CARTESIAN_POINT('',(68.8104459130924,18.2197069579587,-3.));
#5913=CARTESIAN_POINT('Origin',(69.3495419646315,17.7799275359501,-2.8));
#5914=CARTESIAN_POINT('',(69.5822839782349,17.900001055624,-3.));
#5915=CARTESIAN_POINT('',(69.4260786731315,17.9647034333285,-3.));
#5916=CARTESIAN_POINT('',(69.5822839782349,17.900001055624,-3.));
#5917=CARTESIAN_POINT('Origin',(70.2486400850074,17.7000009761882,-2.8));
#5918=CARTESIAN_POINT('',(70.4177155210861,17.9000009560328,-3.));
#5919=CARTESIAN_POINT('',(70.2486401088492,17.9000009761881,-3.));
#5920=CARTESIAN_POINT('',(70.4177155210861,17.9000009560328,-3.));
#5921=CARTESIAN_POINT('Origin',(71.1098850063689,17.9702284182585,-2.8));
#5922=CARTESIAN_POINT('',(71.1895536624525,18.2197066743468,-3.));
#5923=CARTESIAN_POINT('',(71.0333483419229,18.1550043338846,-3.));
#5924=CARTESIAN_POINT('',(71.1895536624525,18.2197066743468,-3.));
#5925=CARTESIAN_POINT('Origin',(71.8021599966433,18.5494701837237,-2.8));
#5926=CARTESIAN_POINT('',(71.7802930420414,18.8104459130924,-3.));
#5927=CARTESIAN_POINT('',(71.6607386572648,18.6908915568198,-3.));
#5928=CARTESIAN_POINT('',(71.7802930420414,18.8104459130924,-3.));
#5929=CARTESIAN_POINT('Origin',(72.2200724640499,19.3495419646315,-2.8));
#5930=CARTESIAN_POINT('',(72.0352965666715,19.4260786731315,-3.));
#5931=CARTESIAN_POINT('Origin',(70.,20.,-3.));
#5932=CARTESIAN_POINT('Origin',(27.7000006819712,19.7513600242956,-2.8));
#5933=CARTESIAN_POINT('',(27.900000801125,20.4177162025103,-3.));
#5934=CARTESIAN_POINT('',(27.9000006517382,19.5822845485082,-3.));
#5935=CARTESIAN_POINT('',(27.9000006819712,19.7513599885328,-3.));
#5936=CARTESIAN_POINT('',(27.9000006517382,19.5822845485082,-3.));
#5937=CARTESIAN_POINT('',(27.900000801125,20.4177162025103,-3.));
#5938=CARTESIAN_POINT('Origin',(27.970228104609,18.890114982022,-2.8));
#5939=CARTESIAN_POINT('',(28.2197063665827,18.8104462853957,-3.));
#5940=CARTESIAN_POINT('',(28.1550040247971,18.9666516354545,-3.));
#5941=CARTESIAN_POINT('',(27.8806027000576,18.583864547092,-2.6));
#5942=CARTESIAN_POINT('',(28.2197063665827,18.8104462853957,-3.));
#5943=CARTESIAN_POINT('',(27.7854521844209,18.8135783285895,-2.6));
#5944=CARTESIAN_POINT('Origin',(28.5494698983921,18.1978398726028,-2.8));
#5945=CARTESIAN_POINT('',(28.810445648713,18.2197067920005,-3.));
#5946=CARTESIAN_POINT('',(28.6908912799175,18.339261203552,-3.));
#5947=CARTESIAN_POINT('',(28.5838637891363,17.8806032065075,-2.6));
#5948=CARTESIAN_POINT('',(28.810445648713,18.2197067920005,-3.));
#5949=CARTESIAN_POINT('',(28.4080485168666,18.0564185416536,-2.6));
#5950=CARTESIAN_POINT('Origin',(29.3495417510568,17.7799273059576,-2.8));
#5951=CARTESIAN_POINT('',(29.5822837974897,17.900000801125,-3.));
#5952=CARTESIAN_POINT('',(29.4260784705703,17.964703198774,-3.));
#5953=CARTESIAN_POINT('',(29.5027187790122,17.5000008153524,-2.6));
#5954=CARTESIAN_POINT('',(29.5822837974897,17.900000801125,-3.));
#5955=CARTESIAN_POINT('',(29.2730050315432,17.5951514131411,-2.6));
#5956=CARTESIAN_POINT('Origin',(30.2486399757044,17.7000006819712,-2.8));
#5957=CARTESIAN_POINT('',(30.4177154514918,17.9000006517382,-3.));
#5958=CARTESIAN_POINT('',(30.2486400114672,17.9000006819712,-3.));
#5959=CARTESIAN_POINT('',(30.4972803269181,17.5000006375109,-2.6));
#5960=CARTESIAN_POINT('',(30.4177154514918,17.9000006517382,-3.));
#5961=CARTESIAN_POINT('',(30.2486399399416,17.5000006819712,-2.6));
#5962=CARTESIAN_POINT('Origin',(31.109885017978,17.970228104609,-2.8));
#5963=CARTESIAN_POINT('',(31.1895537146043,18.2197063665827,-3.));
#5964=CARTESIAN_POINT('',(31.0333483645455,18.1550040247971,-3.));
#5965=CARTESIAN_POINT('',(31.416135452908,17.8806027000577,-2.6));
#5966=CARTESIAN_POINT('',(31.1895537146043,18.2197063665827,-3.));
#5967=CARTESIAN_POINT('',(31.1864216714105,17.785452184421,-2.6));
#5968=CARTESIAN_POINT('Origin',(31.8021601273972,18.5494698983921,-2.8));
#5969=CARTESIAN_POINT('',(31.7802932079995,18.810445648713,-3.));
#5970=CARTESIAN_POINT('',(31.660738796448,18.6908912799175,-3.));
#5971=CARTESIAN_POINT('',(32.1193967934926,18.5838637891363,-2.6));
#5972=CARTESIAN_POINT('',(31.7802932079995,18.810445648713,-3.));
#5973=CARTESIAN_POINT('',(31.9435814583464,18.4080485168666,-2.6));
#5974=CARTESIAN_POINT('Origin',(32.2200726940424,19.3495417510568,-2.8));
#5975=CARTESIAN_POINT('',(32.099999198875,19.5822837974897,-3.));
#5976=CARTESIAN_POINT('',(32.035296801226,19.4260784705703,-3.));
#5977=CARTESIAN_POINT('',(32.4999991846476,19.5027187790122,-2.6));
#5978=CARTESIAN_POINT('',(32.099999198875,19.5822837974897,-3.));
#5979=CARTESIAN_POINT('',(32.4048485868589,19.2730050315433,-2.6));
#5980=CARTESIAN_POINT('Origin',(32.2999993180288,20.2486399757044,-2.8));
#5981=CARTESIAN_POINT('',(32.0999993482618,20.4177154514918,-3.));
#5982=CARTESIAN_POINT('',(32.0999993180288,20.2486400114672,-3.));
#5983=CARTESIAN_POINT('',(32.0999993482618,20.4177154514918,-3.));
#5984=CARTESIAN_POINT('',(32.4999993180288,20.2486399399416,-2.6));
#5985=CARTESIAN_POINT('Origin',(32.029771895391,21.109885017978,-2.8));
#5986=CARTESIAN_POINT('',(31.7802936334173,21.1895537146043,-3.));
#5987=CARTESIAN_POINT('',(31.8449959752029,21.0333483645455,-3.));
#5988=CARTESIAN_POINT('',(31.7802936334173,21.1895537146043,-3.));
#5989=CARTESIAN_POINT('Origin',(31.4505301016079,21.8021601273972,-2.8));
#5990=CARTESIAN_POINT('',(31.189554351287,21.7802932079995,-3.));
#5991=CARTESIAN_POINT('',(31.3091087200825,21.6607387964481,-3.));
#5992=CARTESIAN_POINT('',(31.189554351287,21.7802932079995,-3.));
#5993=CARTESIAN_POINT('Origin',(30.6504582489432,22.2200726940425,-2.8));
#5994=CARTESIAN_POINT('',(30.4177162025103,22.099999198875,-3.));
#5995=CARTESIAN_POINT('',(30.5739215294297,22.035296801226,-3.));
#5996=CARTESIAN_POINT('',(30.4177162025103,22.099999198875,-3.));
#5997=CARTESIAN_POINT('Origin',(29.7513600242956,22.2999993180288,-2.8));
#5998=CARTESIAN_POINT('',(29.5822845485082,22.0999993482619,-3.));
#5999=CARTESIAN_POINT('',(29.7513599885328,22.0999993180288,-3.));
#6000=CARTESIAN_POINT('',(29.5822845485082,22.0999993482619,-3.));
#6001=CARTESIAN_POINT('Origin',(28.890114982022,22.029771895391,-2.8));
#6002=CARTESIAN_POINT('',(28.8104462853957,21.7802936334174,-3.));
#6003=CARTESIAN_POINT('',(28.9666516354545,21.8449959752029,-3.));
#6004=CARTESIAN_POINT('',(28.8104462853957,21.7802936334174,-3.));
#6005=CARTESIAN_POINT('Origin',(28.1978398726028,21.4505301016079,-2.8));
#6006=CARTESIAN_POINT('',(28.2197067920005,21.189554351287,-3.));
#6007=CARTESIAN_POINT('',(28.339261203552,21.3091087200825,-3.));
#6008=CARTESIAN_POINT('',(28.2197067920005,21.189554351287,-3.));
#6009=CARTESIAN_POINT('Origin',(27.7799273059576,20.6504582489432,-2.8));
#6010=CARTESIAN_POINT('',(27.964703198774,20.5739215294297,-3.));
#6011=CARTESIAN_POINT('Origin',(30.,20.,-3.));
#6012=CARTESIAN_POINT('Origin',(27.7,59.7513595407754,-2.8));
#6013=CARTESIAN_POINT('',(27.9,60.4177159714973,-3.));
#6014=CARTESIAN_POINT('',(27.9,59.5822840285027,-3.));
#6015=CARTESIAN_POINT('',(27.9,59.7513595407754,-3.));
#6016=CARTESIAN_POINT('',(27.9,59.5822840285027,-3.));
#6017=CARTESIAN_POINT('',(27.9,60.4177159714973,-3.));
#6018=CARTESIAN_POINT('Origin',(27.9702276595849,58.8901142743285,-2.8));
#6019=CARTESIAN_POINT('',(28.2197059634526,58.8104455555639,-3.));
#6020=CARTESIAN_POINT('',(28.1550035660872,58.9666509608015,-3.));
#6021=CARTESIAN_POINT('',(27.8806023374436,58.5838637566237,-2.6));
#6022=CARTESIAN_POINT('',(28.2197059634526,58.8104455555639,-3.));
#6023=CARTESIAN_POINT('',(27.7854517530827,58.8135775878555,-2.6));
#6024=CARTESIAN_POINT('Origin',(28.549469758066,58.1978390484759,-2.8));
#6025=CARTESIAN_POINT('',(28.8104455555639,58.2197059634526,-3.));
#6026=CARTESIAN_POINT('',(28.6908911143033,58.3392604047132,-3.));
#6027=CARTESIAN_POINT('',(28.5838637566237,57.8806023374436,-2.6));
#6028=CARTESIAN_POINT('',(28.8104455555639,58.2197059634526,-3.));
#6029=CARTESIAN_POINT('',(28.4080484018287,58.0564176922386,-2.6));
#6030=CARTESIAN_POINT('Origin',(29.3495419367921,57.7799264908632,-2.8));
#6031=CARTESIAN_POINT('',(29.5822840285027,57.9,-3.));
#6032=CARTESIAN_POINT('',(29.4260786232651,57.9647023973654,-3.));
#6033=CARTESIAN_POINT('',(29.5027190815508,57.5,-2.6));
#6034=CARTESIAN_POINT('',(29.5822840285027,57.9,-3.));
#6035=CARTESIAN_POINT('',(29.2730052503191,57.5951505843609,-2.6));
#6036=CARTESIAN_POINT('Origin',(30.2486404592246,57.7,-2.8));
#6037=CARTESIAN_POINT('',(30.4177159714973,57.9,-3.));
#6038=CARTESIAN_POINT('',(30.2486404592246,57.9,-3.));
#6039=CARTESIAN_POINT('',(30.4972809184491,57.5,-2.6));
#6040=CARTESIAN_POINT('',(30.4177159714973,57.9,-3.));
#6041=CARTESIAN_POINT('',(30.2486404592246,57.5,-2.6));
#6042=CARTESIAN_POINT('Origin',(31.1098857256715,57.9702276595849,-2.8));
#6043=CARTESIAN_POINT('',(31.1895544444361,58.2197059634526,-3.));
#6044=CARTESIAN_POINT('',(31.0333490391985,58.1550035660872,-3.));
#6045=CARTESIAN_POINT('',(31.4161362433763,57.8806023374436,-2.6));
#6046=CARTESIAN_POINT('',(31.1895544444361,58.2197059634526,-3.));
#6047=CARTESIAN_POINT('',(31.1864224121445,57.7854517530827,-2.6));
#6048=CARTESIAN_POINT('Origin',(31.8021609515241,58.549469758066,-2.8));
#6049=CARTESIAN_POINT('',(31.7802940365474,58.8104455555639,-3.));
#6050=CARTESIAN_POINT('',(31.6607395952868,58.6908911143033,-3.));
#6051=CARTESIAN_POINT('',(32.1193976625564,58.5838637566237,-2.6));
#6052=CARTESIAN_POINT('',(31.7802940365474,58.8104455555639,-3.));
#6053=CARTESIAN_POINT('',(31.9435823077614,58.4080484018287,-2.6));
#6054=CARTESIAN_POINT('Origin',(32.2200735091369,59.3495419367921,-2.8));
#6055=CARTESIAN_POINT('',(32.1,59.5822840285027,-3.));
#6056=CARTESIAN_POINT('',(32.0352976026346,59.4260786232651,-3.));
#6057=CARTESIAN_POINT('',(32.5,59.5027190815509,-2.6));
#6058=CARTESIAN_POINT('',(32.1,59.5822840285027,-3.));
#6059=CARTESIAN_POINT('',(32.4048494156391,59.2730052503191,-2.6));
#6060=CARTESIAN_POINT('Origin',(32.3,60.2486404592246,-2.8));
#6061=CARTESIAN_POINT('',(32.1,60.4177159714973,-3.));
#6062=CARTESIAN_POINT('',(32.1,60.2486404592246,-3.));
#6063=CARTESIAN_POINT('',(32.1,60.4177159714973,-3.));
#6064=CARTESIAN_POINT('',(32.5,60.2486404592246,-2.6));
#6065=CARTESIAN_POINT('Origin',(32.0297723404151,61.1098857256715,-2.8));
#6066=CARTESIAN_POINT('',(31.7802940365474,61.1895544444361,-3.));
#6067=CARTESIAN_POINT('',(31.8449964339128,61.0333490391985,-3.));
#6068=CARTESIAN_POINT('',(31.7802940365474,61.1895544444361,-3.));
#6069=CARTESIAN_POINT('Origin',(31.450530241934,61.8021609515241,-2.8));
#6070=CARTESIAN_POINT('',(31.1895544444361,61.7802940365474,-3.));
#6071=CARTESIAN_POINT('',(31.3091088856967,61.6607395952868,-3.));
#6072=CARTESIAN_POINT('',(31.1895544444361,61.7802940365474,-3.));
#6073=CARTESIAN_POINT('Origin',(30.6504580632079,62.2200735091369,-2.8));
#6074=CARTESIAN_POINT('',(30.4177159714973,62.1,-3.));
#6075=CARTESIAN_POINT('',(30.5739213767349,62.0352976026346,-3.));
#6076=CARTESIAN_POINT('',(30.4177159714973,62.1,-3.));
#6077=CARTESIAN_POINT('Origin',(29.7513595407754,62.3,-2.8));
#6078=CARTESIAN_POINT('',(29.5822840285028,62.1,-3.));
#6079=CARTESIAN_POINT('',(29.7513595407754,62.1,-3.));
#6080=CARTESIAN_POINT('',(29.5822840285028,62.1,-3.));
#6081=CARTESIAN_POINT('Origin',(28.8901142743285,62.0297723404151,-2.8));
#6082=CARTESIAN_POINT('',(28.8104455555639,61.7802940365474,-3.));
#6083=CARTESIAN_POINT('',(28.9666509608015,61.8449964339128,-3.));
#6084=CARTESIAN_POINT('',(28.8104455555639,61.7802940365474,-3.));
#6085=CARTESIAN_POINT('Origin',(28.1978390484759,61.4505302419341,-2.8));
#6086=CARTESIAN_POINT('',(28.2197059634526,61.1895544444361,-3.));
#6087=CARTESIAN_POINT('',(28.3392604047132,61.3091088856967,-3.));
#6088=CARTESIAN_POINT('',(28.2197059634526,61.1895544444361,-3.));
#6089=CARTESIAN_POINT('Origin',(27.7799264908631,60.6504580632079,-2.8));
#6090=CARTESIAN_POINT('',(27.9647023973654,60.5739213767349,-3.));
#6091=CARTESIAN_POINT('Origin',(30.,60.,-3.));
#6092=CARTESIAN_POINT('Origin',(72.1193969786729,21.4161354209684,0.));
#6093=CARTESIAN_POINT('',(72.1193969786729,21.4161354209684,0.));
#6094=CARTESIAN_POINT('Origin',(71.4161359262722,22.1193966410397,0.));
#6095=CARTESIAN_POINT('',(71.4161359262722,22.1193966410397,0.));
#6096=CARTESIAN_POINT('Origin',(70.4972810164006,22.4999989348911,0.));
#6097=CARTESIAN_POINT('',(70.4972810164006,22.4999989348911,0.));
#6098=CARTESIAN_POINT('Origin',(69.5027195796458,22.4999990534521,0.));
#6099=CARTESIAN_POINT('',(69.5027195796458,22.4999990534521,0.));
#6100=CARTESIAN_POINT('Origin',(68.5838645790316,22.1193969786729,0.));
#6101=CARTESIAN_POINT('',(68.5838645790316,22.1193969786729,0.));
#6102=CARTESIAN_POINT('Origin',(67.8806033589603,21.4161359262722,0.));
#6103=CARTESIAN_POINT('',(67.8806033589603,21.4161359262722,0.));
#6104=CARTESIAN_POINT('Origin',(67.5000010651089,20.4972810164007,0.));
#6105=CARTESIAN_POINT('',(67.5000010651089,20.4972810164007,0.));
#6106=CARTESIAN_POINT('Origin',(67.5000009465479,19.5027195796458,0.));
#6107=CARTESIAN_POINT('Origin',(68.5838637566237,62.1193976625565,0.));
#6108=CARTESIAN_POINT('',(68.5838637566237,62.1193976625565,0.));
#6109=CARTESIAN_POINT('Origin',(67.8806023374436,61.4161362433763,0.));
#6110=CARTESIAN_POINT('',(67.8806023374436,61.4161362433763,0.));
#6111=CARTESIAN_POINT('Origin',(67.5,60.4972809184492,0.));
#6112=CARTESIAN_POINT('',(67.5,60.4972809184492,0.));
#6113=CARTESIAN_POINT('Origin',(67.5,59.5027190815509,0.));
#6114=CARTESIAN_POINT('',(67.5,59.5027190815509,0.));
#6115=CARTESIAN_POINT('Origin',(67.8806023374436,58.5838637566237,0.));
#6116=CARTESIAN_POINT('',(67.8806023374436,58.5838637566237,0.));
#6117=CARTESIAN_POINT('Origin',(68.5838637566237,57.8806023374436,0.));
#6118=CARTESIAN_POINT('',(68.5838637566237,57.8806023374436,0.));
#6119=CARTESIAN_POINT('Origin',(69.5027190815509,57.5,0.));
#6120=CARTESIAN_POINT('',(69.5027190815509,57.5,0.));
#6121=CARTESIAN_POINT('Origin',(70.4972809184491,57.5,0.));
#6122=CARTESIAN_POINT('Origin',(27.8806027000576,18.583864547092,0.));
#6123=CARTESIAN_POINT('',(27.8806027000576,18.583864547092,0.));
#6124=CARTESIAN_POINT('Origin',(28.5838637891363,17.8806032065075,0.));
#6125=CARTESIAN_POINT('',(28.5838637891363,17.8806032065075,0.));
#6126=CARTESIAN_POINT('Origin',(29.5027187790122,17.5000008153524,0.));
#6127=CARTESIAN_POINT('',(29.5027187790122,17.5000008153524,0.));
#6128=CARTESIAN_POINT('Origin',(30.4972803269181,17.5000006375109,0.));
#6129=CARTESIAN_POINT('',(30.4972803269181,17.5000006375109,0.));
#6130=CARTESIAN_POINT('Origin',(31.416135452908,17.8806027000577,0.));
#6131=CARTESIAN_POINT('',(31.416135452908,17.8806027000577,0.));
#6132=CARTESIAN_POINT('Origin',(32.1193967934926,18.5838637891363,0.));
#6133=CARTESIAN_POINT('',(32.1193967934926,18.5838637891363,0.));
#6134=CARTESIAN_POINT('Origin',(32.4999991846476,19.5027187790122,0.));
#6135=CARTESIAN_POINT('',(32.4999991846476,19.5027187790122,0.));
#6136=CARTESIAN_POINT('Origin',(32.4999993624891,20.4972803269181,0.));
#6137=CARTESIAN_POINT('Origin',(27.8806023374436,58.5838637566237,0.));
#6138=CARTESIAN_POINT('',(27.8806023374436,58.5838637566237,0.));
#6139=CARTESIAN_POINT('Origin',(28.5838637566237,57.8806023374436,0.));
#6140=CARTESIAN_POINT('',(28.5838637566237,57.8806023374436,0.));
#6141=CARTESIAN_POINT('Origin',(29.5027190815508,57.5,0.));
#6142=CARTESIAN_POINT('',(29.5027190815508,57.5,0.));
#6143=CARTESIAN_POINT('Origin',(30.4972809184491,57.5,0.));
#6144=CARTESIAN_POINT('',(30.4972809184491,57.5,0.));
#6145=CARTESIAN_POINT('Origin',(31.4161362433763,57.8806023374436,0.));
#6146=CARTESIAN_POINT('',(31.4161362433763,57.8806023374436,0.));
#6147=CARTESIAN_POINT('Origin',(32.1193976625564,58.5838637566237,0.));
#6148=CARTESIAN_POINT('',(32.1193976625564,58.5838637566237,0.));
#6149=CARTESIAN_POINT('Origin',(32.5,59.5027190815509,0.));
#6150=CARTESIAN_POINT('',(32.5,59.5027190815509,0.));
#6151=CARTESIAN_POINT('Origin',(32.5,60.4972809184491,0.));
#6152=CARTESIAN_POINT('Origin',(50.,40.,0.));
#6153=CARTESIAN_POINT('',(40.,40.,0.));
#6154=CARTESIAN_POINT('Origin',(100.,80.,0.));
#6155=CARTESIAN_POINT('',(0.,80.,0.));
#6156=CARTESIAN_POINT('',(100.,80.,0.));
#6157=CARTESIAN_POINT('Origin',(100.,0.,0.));
#6158=CARTESIAN_POINT('',(100.,0.,0.));
#6159=CARTESIAN_POINT('Origin',(0.,0.,0.));
#6160=CARTESIAN_POINT('',(0.,0.,0.));
#6161=CARTESIAN_POINT('Origin',(0.,80.,0.));
#6162=CARTESIAN_POINT('Origin',(50.,40.,5.));
#6163=UNCERTAINTY_MEASURE_WITH_UNIT(LENGTH_MEASURE(0.01),#6167,
'DISTANCE_ACCURACY_VALUE',
'Maximum model space distance between geometric entities at asserted c
onnectivities');
#6164=UNCERTAINTY_MEASURE_WITH_UNIT(LENGTH_MEASURE(0.01),#6167,
'DISTANCE_ACCURACY_VALUE',
'Maximum model space distance between geometric entities at asserted c
onnectivities');
#6165=(
GEOMETRIC_REPRESENTATION_CONTEXT(3)
GLOBAL_UNCERTAINTY_ASSIGNED_CONTEXT((#6163))
GLOBAL_UNIT_ASSIGNED_CONTEXT((#6167,#6169,#6170))
REPRESENTATION_CONTEXT('','3D')
);
#6166=(
GEOMETRIC_REPRESENTATION_CONTEXT(3)
GLOBAL_UNCERTAINTY_ASSIGNED_CONTEXT((#6164))
GLOBAL_UNIT_ASSIGNED_CONTEXT((#6167,#6169,#6170))
REPRESENTATION_CONTEXT('','3D')
);
#6167=(
LENGTH_UNIT()
NAMED_UNIT(*)
SI_UNIT(.MILLI.,.METRE.)
);
#6168=(
LENGTH_UNIT()
NAMED_UNIT(*)
SI_UNIT($,.METRE.)
);
#6169=(
NAMED_UNIT(*)
PLANE_ANGLE_UNIT()
SI_UNIT($,.RADIAN.)
);
#6170=(
NAMED_UNIT(*)
SI_UNIT($,.STERADIAN.)
SOLID_ANGLE_UNIT()
);
#6171=SHAPE_DEFINITION_REPRESENTATION(#6172,#6173);
#6172=PRODUCT_DEFINITION_SHAPE('',$,#6175);
#6173=SHAPE_REPRESENTATION('',(#3671),#6165);
#6174=PRODUCT_DEFINITION_CONTEXT('part definition',#6179,'design');
#6175=PRODUCT_DEFINITION('rp_lidar_a1_stand','rp_lidar_a1_stand v10',#6176,
#6174);
#6176=PRODUCT_DEFINITION_FORMATION('',$,#6181);
#6177=PRODUCT_RELATED_PRODUCT_CATEGORY('rp_lidar_a1_stand v10',
'rp_lidar_a1_stand v10',(#6181));
#6178=APPLICATION_PROTOCOL_DEFINITION('international standard',
'automotive_design',2009,#6179);
#6179=APPLICATION_CONTEXT(
'Core Data for Automotive Mechanical Design Process');
#6180=PRODUCT_CONTEXT('part definition',#6179,'mechanical');
#6181=PRODUCT('rp_lidar_a1_stand','rp_lidar_a1_stand v10',$,(#6180));
#6182=PRESENTATION_STYLE_ASSIGNMENT((#6183));
#6183=SURFACE_STYLE_USAGE(.BOTH.,#6184);
#6184=SURFACE_SIDE_STYLE('',(#6185));
#6185=SURFACE_STYLE_FILL_AREA(#6186);
#6186=FILL_AREA_STYLE('\X2\92FC\X0\ - \X2\30B530C630F3\X0\',(#6187));
#6187=FILL_AREA_STYLE_COLOUR('\X2\92FC\X0\ - \X2\30B530C630F3\X0\',#6188);
#6188=COLOUR_RGB('\X2\92FC\X0\ - \X2\30B530C630F3\X0\',0.627450980392157,
0.627450980392157,0.627450980392157);
ENDSEC;
END-ISO-10303-21;
