ISO-10303-21;
HEADER;
/* Generated by software containing ST-Developer
 * from STEP Tools, Inc. (www.steptools.com) 
 */

FILE_DESCRIPTION(
/* description */ (''),
/* implementation_level */ '2;1');

FILE_NAME(
/* name */ 'cover_back.step',
/* time_stamp */ '2026-02-01T21:00:32+09:00',
/* author */ (''),
/* organization */ (''),
/* preprocessor_version */ 'ST-DEVELOPER v20.1',
/* originating_system */ 'Autodesk Translation Framework v14.24.0.0',
/* authorisation */ '');

FILE_SCHEMA (('AUTOMOTIVE_DESIGN { 1 0 10303 214 3 1 1 }'));
ENDSEC;

DATA;
#10=MECHANICAL_DESIGN_GEOMETRIC_PRESENTATION_REPRESENTATION('',(#13),#5671);
#11=SHAPE_REPRESENTATION_RELATIONSHIP('SRR','None',#5678,#12);
#12=ADVANCED_BREP_SHAPE_REPRESENTATION('',(#14),#5670);
#13=STYLED_ITEM('',(#5687),#14);
#14=MANIFOLD_SOLID_BREP('\X2\30DC30C730A3\X0\9',#3355);
#15=FACE_BOUND('',#330,.T.);
#16=FACE_BOUND('',#331,.T.);
#17=FACE_BOUND('',#332,.T.);
#18=FACE_BOUND('',#333,.T.);
#19=FACE_BOUND('',#334,.T.);
#20=FACE_BOUND('',#516,.T.);
#21=PLANE('',#3401);
#22=PLANE('',#3402);
#23=PLANE('',#3403);
#24=PLANE('',#3404);
#25=PLANE('',#3405);
#26=PLANE('',#3406);
#27=PLANE('',#3407);
#28=PLANE('',#3408);
#29=PLANE('',#3409);
#30=PLANE('',#3442);
#31=PLANE('',#3443);
#32=PLANE('',#3444);
#33=PLANE('',#3445);
#34=PLANE('',#3446);
#35=PLANE('',#3447);
#36=PLANE('',#3448);
#37=PLANE('',#3449);
#38=PLANE('',#3482);
#39=PLANE('',#3483);
#40=PLANE('',#3484);
#41=PLANE('',#3485);
#42=PLANE('',#3486);
#43=PLANE('',#3487);
#44=PLANE('',#3488);
#45=PLANE('',#3489);
#46=PLANE('',#3522);
#47=PLANE('',#3523);
#48=PLANE('',#3524);
#49=PLANE('',#3525);
#50=PLANE('',#3526);
#51=PLANE('',#3527);
#52=PLANE('',#3528);
#53=PLANE('',#3529);
#54=PLANE('',#3562);
#55=PLANE('',#3595);
#56=PLANE('',#3628);
#57=PLANE('',#3661);
#58=PLANE('',#3662);
#59=PLANE('',#3663);
#60=PLANE('',#3664);
#61=PLANE('',#3665);
#62=PLANE('',#3666);
#63=PLANE('',#3667);
#64=PLANE('',#3668);
#65=PLANE('',#3669);
#66=PLANE('',#3670);
#67=PLANE('',#3671);
#68=PLANE('',#3672);
#69=PLANE('',#3673);
#70=PLANE('',#3674);
#71=PLANE('',#3675);
#72=PLANE('',#3676);
#73=PLANE('',#3677);
#74=PLANE('',#3678);
#75=PLANE('',#3679);
#76=PLANE('',#3680);
#77=PLANE('',#3681);
#78=PLANE('',#3682);
#79=PLANE('',#3683);
#80=PLANE('',#3684);
#81=PLANE('',#3685);
#82=PLANE('',#3686);
#83=PLANE('',#3687);
#84=PLANE('',#3688);
#85=PLANE('',#3689);
#86=PLANE('',#3690);
#87=PLANE('',#3691);
#88=PLANE('',#3692);
#89=PLANE('',#3693);
#90=PLANE('',#3694);
#91=PLANE('',#3695);
#92=PLANE('',#3696);
#93=PLANE('',#3697);
#94=PLANE('',#3698);
#95=PLANE('',#3699);
#96=PLANE('',#3700);
#97=PLANE('',#3701);
#98=PLANE('',#3702);
#99=FACE_OUTER_BOUND('',#305,.T.);
#100=FACE_OUTER_BOUND('',#306,.T.);
#101=FACE_OUTER_BOUND('',#307,.T.);
#102=FACE_OUTER_BOUND('',#308,.T.);
#103=FACE_OUTER_BOUND('',#309,.T.);
#104=FACE_OUTER_BOUND('',#310,.T.);
#105=FACE_OUTER_BOUND('',#311,.T.);
#106=FACE_OUTER_BOUND('',#312,.T.);
#107=FACE_OUTER_BOUND('',#313,.T.);
#108=FACE_OUTER_BOUND('',#314,.T.);
#109=FACE_OUTER_BOUND('',#315,.T.);
#110=FACE_OUTER_BOUND('',#316,.T.);
#111=FACE_OUTER_BOUND('',#317,.T.);
#112=FACE_OUTER_BOUND('',#318,.T.);
#113=FACE_OUTER_BOUND('',#319,.T.);
#114=FACE_OUTER_BOUND('',#320,.T.);
#115=FACE_OUTER_BOUND('',#321,.T.);
#116=FACE_OUTER_BOUND('',#322,.T.);
#117=FACE_OUTER_BOUND('',#323,.T.);
#118=FACE_OUTER_BOUND('',#324,.T.);
#119=FACE_OUTER_BOUND('',#325,.T.);
#120=FACE_OUTER_BOUND('',#326,.T.);
#121=FACE_OUTER_BOUND('',#327,.T.);
#122=FACE_OUTER_BOUND('',#328,.T.);
#123=FACE_OUTER_BOUND('',#329,.T.);
#124=FACE_OUTER_BOUND('',#335,.T.);
#125=FACE_OUTER_BOUND('',#336,.T.);
#126=FACE_OUTER_BOUND('',#337,.T.);
#127=FACE_OUTER_BOUND('',#338,.T.);
#128=FACE_OUTER_BOUND('',#339,.T.);
#129=FACE_OUTER_BOUND('',#340,.T.);
#130=FACE_OUTER_BOUND('',#341,.T.);
#131=FACE_OUTER_BOUND('',#342,.T.);
#132=FACE_OUTER_BOUND('',#343,.T.);
#133=FACE_OUTER_BOUND('',#344,.T.);
#134=FACE_OUTER_BOUND('',#345,.T.);
#135=FACE_OUTER_BOUND('',#346,.T.);
#136=FACE_OUTER_BOUND('',#347,.T.);
#137=FACE_OUTER_BOUND('',#348,.T.);
#138=FACE_OUTER_BOUND('',#349,.T.);
#139=FACE_OUTER_BOUND('',#350,.T.);
#140=FACE_OUTER_BOUND('',#351,.T.);
#141=FACE_OUTER_BOUND('',#352,.T.);
#142=FACE_OUTER_BOUND('',#353,.T.);
#143=FACE_OUTER_BOUND('',#354,.T.);
#144=FACE_OUTER_BOUND('',#355,.T.);
#145=FACE_OUTER_BOUND('',#356,.T.);
#146=FACE_OUTER_BOUND('',#357,.T.);
#147=FACE_OUTER_BOUND('',#358,.T.);
#148=FACE_OUTER_BOUND('',#359,.T.);
#149=FACE_OUTER_BOUND('',#360,.T.);
#150=FACE_OUTER_BOUND('',#361,.T.);
#151=FACE_OUTER_BOUND('',#362,.T.);
#152=FACE_OUTER_BOUND('',#363,.T.);
#153=FACE_OUTER_BOUND('',#364,.T.);
#154=FACE_OUTER_BOUND('',#365,.T.);
#155=FACE_OUTER_BOUND('',#366,.T.);
#156=FACE_OUTER_BOUND('',#367,.T.);
#157=FACE_OUTER_BOUND('',#368,.T.);
#158=FACE_OUTER_BOUND('',#369,.T.);
#159=FACE_OUTER_BOUND('',#370,.T.);
#160=FACE_OUTER_BOUND('',#371,.T.);
#161=FACE_OUTER_BOUND('',#372,.T.);
#162=FACE_OUTER_BOUND('',#373,.T.);
#163=FACE_OUTER_BOUND('',#374,.T.);
#164=FACE_OUTER_BOUND('',#375,.T.);
#165=FACE_OUTER_BOUND('',#376,.T.);
#166=FACE_OUTER_BOUND('',#377,.T.);
#167=FACE_OUTER_BOUND('',#378,.T.);
#168=FACE_OUTER_BOUND('',#379,.T.);
#169=FACE_OUTER_BOUND('',#380,.T.);
#170=FACE_OUTER_BOUND('',#381,.T.);
#171=FACE_OUTER_BOUND('',#382,.T.);
#172=FACE_OUTER_BOUND('',#383,.T.);
#173=FACE_OUTER_BOUND('',#384,.T.);
#174=FACE_OUTER_BOUND('',#385,.T.);
#175=FACE_OUTER_BOUND('',#386,.T.);
#176=FACE_OUTER_BOUND('',#387,.T.);
#177=FACE_OUTER_BOUND('',#388,.T.);
#178=FACE_OUTER_BOUND('',#389,.T.);
#179=FACE_OUTER_BOUND('',#390,.T.);
#180=FACE_OUTER_BOUND('',#391,.T.);
#181=FACE_OUTER_BOUND('',#392,.T.);
#182=FACE_OUTER_BOUND('',#393,.T.);
#183=FACE_OUTER_BOUND('',#394,.T.);
#184=FACE_OUTER_BOUND('',#395,.T.);
#185=FACE_OUTER_BOUND('',#396,.T.);
#186=FACE_OUTER_BOUND('',#397,.T.);
#187=FACE_OUTER_BOUND('',#398,.T.);
#188=FACE_OUTER_BOUND('',#399,.T.);
#189=FACE_OUTER_BOUND('',#400,.T.);
#190=FACE_OUTER_BOUND('',#401,.T.);
#191=FACE_OUTER_BOUND('',#402,.T.);
#192=FACE_OUTER_BOUND('',#403,.T.);
#193=FACE_OUTER_BOUND('',#404,.T.);
#194=FACE_OUTER_BOUND('',#405,.T.);
#195=FACE_OUTER_BOUND('',#406,.T.);
#196=FACE_OUTER_BOUND('',#407,.T.);
#197=FACE_OUTER_BOUND('',#408,.T.);
#198=FACE_OUTER_BOUND('',#409,.T.);
#199=FACE_OUTER_BOUND('',#410,.T.);
#200=FACE_OUTER_BOUND('',#411,.T.);
#201=FACE_OUTER_BOUND('',#412,.T.);
#202=FACE_OUTER_BOUND('',#413,.T.);
#203=FACE_OUTER_BOUND('',#414,.T.);
#204=FACE_OUTER_BOUND('',#415,.T.);
#205=FACE_OUTER_BOUND('',#416,.T.);
#206=FACE_OUTER_BOUND('',#417,.T.);
#207=FACE_OUTER_BOUND('',#418,.T.);
#208=FACE_OUTER_BOUND('',#419,.T.);
#209=FACE_OUTER_BOUND('',#420,.T.);
#210=FACE_OUTER_BOUND('',#421,.T.);
#211=FACE_OUTER_BOUND('',#422,.T.);
#212=FACE_OUTER_BOUND('',#423,.T.);
#213=FACE_OUTER_BOUND('',#424,.T.);
#214=FACE_OUTER_BOUND('',#425,.T.);
#215=FACE_OUTER_BOUND('',#426,.T.);
#216=FACE_OUTER_BOUND('',#427,.T.);
#217=FACE_OUTER_BOUND('',#428,.T.);
#218=FACE_OUTER_BOUND('',#429,.T.);
#219=FACE_OUTER_BOUND('',#430,.T.);
#220=FACE_OUTER_BOUND('',#431,.T.);
#221=FACE_OUTER_BOUND('',#432,.T.);
#222=FACE_OUTER_BOUND('',#433,.T.);
#223=FACE_OUTER_BOUND('',#434,.T.);
#224=FACE_OUTER_BOUND('',#435,.T.);
#225=FACE_OUTER_BOUND('',#436,.T.);
#226=FACE_OUTER_BOUND('',#437,.T.);
#227=FACE_OUTER_BOUND('',#438,.T.);
#228=FACE_OUTER_BOUND('',#439,.T.);
#229=FACE_OUTER_BOUND('',#440,.T.);
#230=FACE_OUTER_BOUND('',#441,.T.);
#231=FACE_OUTER_BOUND('',#442,.T.);
#232=FACE_OUTER_BOUND('',#443,.T.);
#233=FACE_OUTER_BOUND('',#444,.T.);
#234=FACE_OUTER_BOUND('',#445,.T.);
#235=FACE_OUTER_BOUND('',#446,.T.);
#236=FACE_OUTER_BOUND('',#447,.T.);
#237=FACE_OUTER_BOUND('',#448,.T.);
#238=FACE_OUTER_BOUND('',#449,.T.);
#239=FACE_OUTER_BOUND('',#450,.T.);
#240=FACE_OUTER_BOUND('',#451,.T.);
#241=FACE_OUTER_BOUND('',#452,.T.);
#242=FACE_OUTER_BOUND('',#453,.T.);
#243=FACE_OUTER_BOUND('',#454,.T.);
#244=FACE_OUTER_BOUND('',#455,.T.);
#245=FACE_OUTER_BOUND('',#456,.T.);
#246=FACE_OUTER_BOUND('',#457,.T.);
#247=FACE_OUTER_BOUND('',#458,.T.);
#248=FACE_OUTER_BOUND('',#459,.T.);
#249=FACE_OUTER_BOUND('',#460,.T.);
#250=FACE_OUTER_BOUND('',#461,.T.);
#251=FACE_OUTER_BOUND('',#462,.T.);
#252=FACE_OUTER_BOUND('',#463,.T.);
#253=FACE_OUTER_BOUND('',#464,.T.);
#254=FACE_OUTER_BOUND('',#465,.T.);
#255=FACE_OUTER_BOUND('',#466,.T.);
#256=FACE_OUTER_BOUND('',#467,.T.);
#257=FACE_OUTER_BOUND('',#468,.T.);
#258=FACE_OUTER_BOUND('',#469,.T.);
#259=FACE_OUTER_BOUND('',#470,.T.);
#260=FACE_OUTER_BOUND('',#471,.T.);
#261=FACE_OUTER_BOUND('',#472,.T.);
#262=FACE_OUTER_BOUND('',#473,.T.);
#263=FACE_OUTER_BOUND('',#474,.T.);
#264=FACE_OUTER_BOUND('',#475,.T.);
#265=FACE_OUTER_BOUND('',#476,.T.);
#266=FACE_OUTER_BOUND('',#477,.T.);
#267=FACE_OUTER_BOUND('',#478,.T.);
#268=FACE_OUTER_BOUND('',#479,.T.);
#269=FACE_OUTER_BOUND('',#480,.T.);
#270=FACE_OUTER_BOUND('',#481,.T.);
#271=FACE_OUTER_BOUND('',#482,.T.);
#272=FACE_OUTER_BOUND('',#483,.T.);
#273=FACE_OUTER_BOUND('',#484,.T.);
#274=FACE_OUTER_BOUND('',#485,.T.);
#275=FACE_OUTER_BOUND('',#486,.T.);
#276=FACE_OUTER_BOUND('',#487,.T.);
#277=FACE_OUTER_BOUND('',#488,.T.);
#278=FACE_OUTER_BOUND('',#489,.T.);
#279=FACE_OUTER_BOUND('',#490,.T.);
#280=FACE_OUTER_BOUND('',#491,.T.);
#281=FACE_OUTER_BOUND('',#492,.T.);
#282=FACE_OUTER_BOUND('',#493,.T.);
#283=FACE_OUTER_BOUND('',#494,.T.);
#284=FACE_OUTER_BOUND('',#495,.T.);
#285=FACE_OUTER_BOUND('',#496,.T.);
#286=FACE_OUTER_BOUND('',#497,.T.);
#287=FACE_OUTER_BOUND('',#498,.T.);
#288=FACE_OUTER_BOUND('',#499,.T.);
#289=FACE_OUTER_BOUND('',#500,.T.);
#290=FACE_OUTER_BOUND('',#501,.T.);
#291=FACE_OUTER_BOUND('',#502,.T.);
#292=FACE_OUTER_BOUND('',#503,.T.);
#293=FACE_OUTER_BOUND('',#504,.T.);
#294=FACE_OUTER_BOUND('',#505,.T.);
#295=FACE_OUTER_BOUND('',#506,.T.);
#296=FACE_OUTER_BOUND('',#507,.T.);
#297=FACE_OUTER_BOUND('',#508,.T.);
#298=FACE_OUTER_BOUND('',#509,.T.);
#299=FACE_OUTER_BOUND('',#510,.T.);
#300=FACE_OUTER_BOUND('',#511,.T.);
#301=FACE_OUTER_BOUND('',#512,.T.);
#302=FACE_OUTER_BOUND('',#513,.T.);
#303=FACE_OUTER_BOUND('',#514,.T.);
#304=FACE_OUTER_BOUND('',#515,.T.);
#305=EDGE_LOOP('',(#2077,#2078,#2079,#2080));
#306=EDGE_LOOP('',(#2081,#2082,#2083,#2084));
#307=EDGE_LOOP('',(#2085,#2086,#2087,#2088));
#308=EDGE_LOOP('',(#2089,#2090,#2091,#2092));
#309=EDGE_LOOP('',(#2093,#2094,#2095,#2096));
#310=EDGE_LOOP('',(#2097,#2098,#2099,#2100));
#311=EDGE_LOOP('',(#2101,#2102,#2103,#2104));
#312=EDGE_LOOP('',(#2105,#2106,#2107,#2108));
#313=EDGE_LOOP('',(#2109,#2110,#2111,#2112));
#314=EDGE_LOOP('',(#2113,#2114,#2115,#2116));
#315=EDGE_LOOP('',(#2117,#2118,#2119,#2120));
#316=EDGE_LOOP('',(#2121,#2122,#2123,#2124));
#317=EDGE_LOOP('',(#2125,#2126,#2127,#2128));
#318=EDGE_LOOP('',(#2129,#2130,#2131,#2132));
#319=EDGE_LOOP('',(#2133,#2134,#2135,#2136));
#320=EDGE_LOOP('',(#2137,#2138,#2139,#2140));
#321=EDGE_LOOP('',(#2141,#2142,#2143,#2144));
#322=EDGE_LOOP('',(#2145,#2146,#2147,#2148));
#323=EDGE_LOOP('',(#2149,#2150,#2151,#2152));
#324=EDGE_LOOP('',(#2153,#2154,#2155,#2156));
#325=EDGE_LOOP('',(#2157,#2158,#2159,#2160));
#326=EDGE_LOOP('',(#2161,#2162,#2163,#2164));
#327=EDGE_LOOP('',(#2165,#2166,#2167,#2168));
#328=EDGE_LOOP('',(#2169,#2170,#2171,#2172));
#329=EDGE_LOOP('',(#2173,#2174,#2175,#2176));
#330=EDGE_LOOP('',(#2177,#2178,#2179,#2180,#2181,#2182,#2183,#2184,#2185,
#2186,#2187,#2188,#2189,#2190,#2191,#2192));
#331=EDGE_LOOP('',(#2193,#2194,#2195,#2196,#2197,#2198,#2199,#2200,#2201,
#2202,#2203,#2204,#2205,#2206,#2207,#2208));
#332=EDGE_LOOP('',(#2209,#2210,#2211,#2212));
#333=EDGE_LOOP('',(#2213,#2214,#2215,#2216,#2217,#2218,#2219,#2220,#2221,
#2222,#2223,#2224,#2225,#2226,#2227,#2228));
#334=EDGE_LOOP('',(#2229,#2230,#2231,#2232,#2233,#2234,#2235,#2236,#2237,
#2238,#2239,#2240,#2241,#2242,#2243,#2244));
#335=EDGE_LOOP('',(#2245,#2246,#2247,#2248));
#336=EDGE_LOOP('',(#2249,#2250,#2251,#2252));
#337=EDGE_LOOP('',(#2253,#2254,#2255,#2256));
#338=EDGE_LOOP('',(#2257,#2258,#2259,#2260));
#339=EDGE_LOOP('',(#2261,#2262,#2263,#2264));
#340=EDGE_LOOP('',(#2265,#2266,#2267,#2268));
#341=EDGE_LOOP('',(#2269,#2270,#2271,#2272));
#342=EDGE_LOOP('',(#2273,#2274,#2275,#2276));
#343=EDGE_LOOP('',(#2277,#2278,#2279,#2280));
#344=EDGE_LOOP('',(#2281,#2282,#2283,#2284));
#345=EDGE_LOOP('',(#2285,#2286,#2287,#2288));
#346=EDGE_LOOP('',(#2289,#2290,#2291,#2292));
#347=EDGE_LOOP('',(#2293,#2294,#2295,#2296));
#348=EDGE_LOOP('',(#2297,#2298,#2299,#2300));
#349=EDGE_LOOP('',(#2301,#2302,#2303,#2304));
#350=EDGE_LOOP('',(#2305,#2306,#2307,#2308));
#351=EDGE_LOOP('',(#2309,#2310,#2311,#2312));
#352=EDGE_LOOP('',(#2313,#2314,#2315,#2316));
#353=EDGE_LOOP('',(#2317,#2318,#2319,#2320));
#354=EDGE_LOOP('',(#2321,#2322,#2323,#2324));
#355=EDGE_LOOP('',(#2325,#2326,#2327,#2328));
#356=EDGE_LOOP('',(#2329,#2330,#2331,#2332));
#357=EDGE_LOOP('',(#2333,#2334,#2335,#2336));
#358=EDGE_LOOP('',(#2337,#2338,#2339,#2340));
#359=EDGE_LOOP('',(#2341,#2342,#2343,#2344));
#360=EDGE_LOOP('',(#2345,#2346,#2347,#2348));
#361=EDGE_LOOP('',(#2349,#2350,#2351,#2352));
#362=EDGE_LOOP('',(#2353,#2354,#2355,#2356));
#363=EDGE_LOOP('',(#2357,#2358,#2359,#2360));
#364=EDGE_LOOP('',(#2361,#2362,#2363,#2364));
#365=EDGE_LOOP('',(#2365,#2366,#2367,#2368));
#366=EDGE_LOOP('',(#2369,#2370,#2371,#2372));
#367=EDGE_LOOP('',(#2373,#2374,#2375,#2376));
#368=EDGE_LOOP('',(#2377,#2378,#2379,#2380));
#369=EDGE_LOOP('',(#2381,#2382,#2383,#2384));
#370=EDGE_LOOP('',(#2385,#2386,#2387,#2388));
#371=EDGE_LOOP('',(#2389,#2390,#2391,#2392));
#372=EDGE_LOOP('',(#2393,#2394,#2395,#2396));
#373=EDGE_LOOP('',(#2397,#2398,#2399,#2400));
#374=EDGE_LOOP('',(#2401,#2402,#2403,#2404));
#375=EDGE_LOOP('',(#2405,#2406,#2407,#2408));
#376=EDGE_LOOP('',(#2409,#2410,#2411,#2412));
#377=EDGE_LOOP('',(#2413,#2414,#2415,#2416));
#378=EDGE_LOOP('',(#2417,#2418,#2419,#2420));
#379=EDGE_LOOP('',(#2421,#2422,#2423,#2424));
#380=EDGE_LOOP('',(#2425,#2426,#2427,#2428));
#381=EDGE_LOOP('',(#2429,#2430,#2431,#2432));
#382=EDGE_LOOP('',(#2433,#2434,#2435,#2436));
#383=EDGE_LOOP('',(#2437,#2438,#2439,#2440));
#384=EDGE_LOOP('',(#2441,#2442,#2443,#2444));
#385=EDGE_LOOP('',(#2445,#2446,#2447,#2448));
#386=EDGE_LOOP('',(#2449,#2450,#2451,#2452));
#387=EDGE_LOOP('',(#2453,#2454,#2455,#2456));
#388=EDGE_LOOP('',(#2457,#2458,#2459,#2460));
#389=EDGE_LOOP('',(#2461,#2462,#2463,#2464));
#390=EDGE_LOOP('',(#2465,#2466,#2467,#2468));
#391=EDGE_LOOP('',(#2469,#2470,#2471,#2472));
#392=EDGE_LOOP('',(#2473,#2474,#2475,#2476));
#393=EDGE_LOOP('',(#2477,#2478,#2479,#2480));
#394=EDGE_LOOP('',(#2481,#2482,#2483,#2484));
#395=EDGE_LOOP('',(#2485,#2486,#2487,#2488));
#396=EDGE_LOOP('',(#2489,#2490,#2491,#2492));
#397=EDGE_LOOP('',(#2493,#2494,#2495,#2496));
#398=EDGE_LOOP('',(#2497,#2498,#2499,#2500));
#399=EDGE_LOOP('',(#2501,#2502,#2503,#2504));
#400=EDGE_LOOP('',(#2505,#2506,#2507,#2508));
#401=EDGE_LOOP('',(#2509,#2510,#2511,#2512));
#402=EDGE_LOOP('',(#2513,#2514,#2515,#2516));
#403=EDGE_LOOP('',(#2517,#2518,#2519,#2520));
#404=EDGE_LOOP('',(#2521,#2522,#2523,#2524));
#405=EDGE_LOOP('',(#2525,#2526,#2527,#2528));
#406=EDGE_LOOP('',(#2529,#2530,#2531,#2532));
#407=EDGE_LOOP('',(#2533,#2534,#2535,#2536));
#408=EDGE_LOOP('',(#2537,#2538,#2539,#2540));
#409=EDGE_LOOP('',(#2541,#2542,#2543,#2544));
#410=EDGE_LOOP('',(#2545,#2546,#2547,#2548));
#411=EDGE_LOOP('',(#2549,#2550,#2551,#2552));
#412=EDGE_LOOP('',(#2553,#2554,#2555,#2556));
#413=EDGE_LOOP('',(#2557,#2558,#2559,#2560));
#414=EDGE_LOOP('',(#2561,#2562,#2563,#2564));
#415=EDGE_LOOP('',(#2565,#2566,#2567,#2568));
#416=EDGE_LOOP('',(#2569,#2570,#2571,#2572));
#417=EDGE_LOOP('',(#2573,#2574,#2575,#2576));
#418=EDGE_LOOP('',(#2577,#2578,#2579,#2580));
#419=EDGE_LOOP('',(#2581,#2582,#2583,#2584));
#420=EDGE_LOOP('',(#2585,#2586,#2587,#2588));
#421=EDGE_LOOP('',(#2589,#2590,#2591,#2592));
#422=EDGE_LOOP('',(#2593,#2594,#2595,#2596));
#423=EDGE_LOOP('',(#2597,#2598,#2599,#2600,#2601,#2602,#2603,#2604,#2605,
#2606,#2607,#2608,#2609,#2610,#2611,#2612));
#424=EDGE_LOOP('',(#2613,#2614,#2615,#2616));
#425=EDGE_LOOP('',(#2617,#2618,#2619,#2620));
#426=EDGE_LOOP('',(#2621,#2622,#2623,#2624));
#427=EDGE_LOOP('',(#2625,#2626,#2627,#2628));
#428=EDGE_LOOP('',(#2629,#2630,#2631,#2632));
#429=EDGE_LOOP('',(#2633,#2634,#2635,#2636));
#430=EDGE_LOOP('',(#2637,#2638,#2639,#2640));
#431=EDGE_LOOP('',(#2641,#2642,#2643,#2644));
#432=EDGE_LOOP('',(#2645,#2646,#2647,#2648));
#433=EDGE_LOOP('',(#2649,#2650,#2651,#2652));
#434=EDGE_LOOP('',(#2653,#2654,#2655,#2656));
#435=EDGE_LOOP('',(#2657,#2658,#2659,#2660));
#436=EDGE_LOOP('',(#2661,#2662,#2663,#2664));
#437=EDGE_LOOP('',(#2665,#2666,#2667,#2668));
#438=EDGE_LOOP('',(#2669,#2670,#2671,#2672));
#439=EDGE_LOOP('',(#2673,#2674,#2675,#2676));
#440=EDGE_LOOP('',(#2677,#2678,#2679,#2680,#2681,#2682,#2683,#2684,#2685,
#2686,#2687,#2688,#2689,#2690,#2691,#2692));
#441=EDGE_LOOP('',(#2693,#2694,#2695,#2696));
#442=EDGE_LOOP('',(#2697,#2698,#2699,#2700));
#443=EDGE_LOOP('',(#2701,#2702,#2703,#2704));
#444=EDGE_LOOP('',(#2705,#2706,#2707,#2708));
#445=EDGE_LOOP('',(#2709,#2710,#2711,#2712));
#446=EDGE_LOOP('',(#2713,#2714,#2715,#2716));
#447=EDGE_LOOP('',(#2717,#2718,#2719,#2720));
#448=EDGE_LOOP('',(#2721,#2722,#2723,#2724));
#449=EDGE_LOOP('',(#2725,#2726,#2727,#2728));
#450=EDGE_LOOP('',(#2729,#2730,#2731,#2732));
#451=EDGE_LOOP('',(#2733,#2734,#2735,#2736));
#452=EDGE_LOOP('',(#2737,#2738,#2739,#2740));
#453=EDGE_LOOP('',(#2741,#2742,#2743,#2744));
#454=EDGE_LOOP('',(#2745,#2746,#2747,#2748));
#455=EDGE_LOOP('',(#2749,#2750,#2751,#2752));
#456=EDGE_LOOP('',(#2753,#2754,#2755,#2756));
#457=EDGE_LOOP('',(#2757,#2758,#2759,#2760,#2761,#2762,#2763,#2764,#2765,
#2766,#2767,#2768,#2769,#2770,#2771,#2772));
#458=EDGE_LOOP('',(#2773,#2774,#2775,#2776));
#459=EDGE_LOOP('',(#2777,#2778,#2779,#2780));
#460=EDGE_LOOP('',(#2781,#2782,#2783,#2784));
#461=EDGE_LOOP('',(#2785,#2786,#2787,#2788));
#462=EDGE_LOOP('',(#2789,#2790,#2791,#2792));
#463=EDGE_LOOP('',(#2793,#2794,#2795,#2796));
#464=EDGE_LOOP('',(#2797,#2798,#2799,#2800));
#465=EDGE_LOOP('',(#2801,#2802,#2803,#2804));
#466=EDGE_LOOP('',(#2805,#2806,#2807,#2808));
#467=EDGE_LOOP('',(#2809,#2810,#2811,#2812));
#468=EDGE_LOOP('',(#2813,#2814,#2815,#2816));
#469=EDGE_LOOP('',(#2817,#2818,#2819,#2820));
#470=EDGE_LOOP('',(#2821,#2822,#2823,#2824));
#471=EDGE_LOOP('',(#2825,#2826,#2827,#2828));
#472=EDGE_LOOP('',(#2829,#2830,#2831,#2832));
#473=EDGE_LOOP('',(#2833,#2834,#2835,#2836));
#474=EDGE_LOOP('',(#2837,#2838,#2839,#2840,#2841,#2842,#2843,#2844,#2845,
#2846,#2847,#2848,#2849,#2850,#2851,#2852));
#475=EDGE_LOOP('',(#2853,#2854,#2855,#2856));
#476=EDGE_LOOP('',(#2857,#2858,#2859,#2860));
#477=EDGE_LOOP('',(#2861,#2862,#2863,#2864));
#478=EDGE_LOOP('',(#2865,#2866,#2867,#2868));
#479=EDGE_LOOP('',(#2869,#2870,#2871,#2872));
#480=EDGE_LOOP('',(#2873,#2874,#2875,#2876));
#481=EDGE_LOOP('',(#2877,#2878,#2879,#2880));
#482=EDGE_LOOP('',(#2881,#2882,#2883,#2884));
#483=EDGE_LOOP('',(#2885,#2886,#2887,#2888));
#484=EDGE_LOOP('',(#2889,#2890,#2891,#2892));
#485=EDGE_LOOP('',(#2893,#2894,#2895,#2896));
#486=EDGE_LOOP('',(#2897,#2898,#2899,#2900));
#487=EDGE_LOOP('',(#2901,#2902,#2903,#2904));
#488=EDGE_LOOP('',(#2905,#2906,#2907,#2908));
#489=EDGE_LOOP('',(#2909,#2910,#2911,#2912));
#490=EDGE_LOOP('',(#2913,#2914,#2915,#2916));
#491=EDGE_LOOP('',(#2917,#2918,#2919,#2920));
#492=EDGE_LOOP('',(#2921,#2922,#2923,#2924));
#493=EDGE_LOOP('',(#2925,#2926,#2927,#2928));
#494=EDGE_LOOP('',(#2929,#2930,#2931,#2932));
#495=EDGE_LOOP('',(#2933,#2934,#2935,#2936));
#496=EDGE_LOOP('',(#2937,#2938,#2939,#2940));
#497=EDGE_LOOP('',(#2941,#2942,#2943,#2944));
#498=EDGE_LOOP('',(#2945,#2946,#2947,#2948));
#499=EDGE_LOOP('',(#2949,#2950,#2951,#2952));
#500=EDGE_LOOP('',(#2953,#2954,#2955,#2956));
#501=EDGE_LOOP('',(#2957,#2958,#2959,#2960));
#502=EDGE_LOOP('',(#2961,#2962,#2963,#2964));
#503=EDGE_LOOP('',(#2965,#2966,#2967,#2968));
#504=EDGE_LOOP('',(#2969,#2970,#2971,#2972));
#505=EDGE_LOOP('',(#2973,#2974,#2975,#2976));
#506=EDGE_LOOP('',(#2977,#2978,#2979,#2980));
#507=EDGE_LOOP('',(#2981,#2982,#2983,#2984));
#508=EDGE_LOOP('',(#2985,#2986,#2987,#2988));
#509=EDGE_LOOP('',(#2989,#2990,#2991,#2992));
#510=EDGE_LOOP('',(#2993,#2994,#2995,#2996));
#511=EDGE_LOOP('',(#2997,#2998,#2999,#3000));
#512=EDGE_LOOP('',(#3001,#3002,#3003,#3004));
#513=EDGE_LOOP('',(#3005,#3006,#3007,#3008));
#514=EDGE_LOOP('',(#3009,#3010,#3011,#3012));
#515=EDGE_LOOP('',(#3013,#3014,#3015,#3016));
#516=EDGE_LOOP('',(#3017,#3018,#3019,#3020));
#517=ELLIPSE('',#3370,0.407836463283329,0.4);
#518=ELLIPSE('',#3371,0.407836463283328,0.4);
#519=ELLIPSE('',#3373,0.407836463283327,0.4);
#520=ELLIPSE('',#3375,0.407836463283328,0.4);
#521=ELLIPSE('',#3377,0.407836463283329,0.4);
#522=ELLIPSE('',#3379,0.40783646328333,0.4);
#523=ELLIPSE('',#3380,0.40783646328333,0.4);
#524=ELLIPSE('',#3382,0.407836463283328,0.4);
#525=ELLIPSE('',#3384,0.407836463283326,0.4);
#526=ELLIPSE('',#3386,0.407836463283328,0.4);
#527=ELLIPSE('',#3388,0.407836463283327,0.4);
#528=ELLIPSE('',#3390,0.407836463283328,0.4);
#529=ELLIPSE('',#3393,0.407836463283327,0.4);
#530=ELLIPSE('',#3395,0.407836463283326,0.4);
#531=ELLIPSE('',#3397,0.407836463283329,0.4);
#532=ELLIPSE('',#3399,0.407836463283324,0.4);
#533=ELLIPSE('',#3411,0.407836463283327,0.4);
#534=ELLIPSE('',#3412,0.407836463283324,0.4);
#535=ELLIPSE('',#3414,0.407836463283329,0.4);
#536=ELLIPSE('',#3416,0.407836463283323,0.4);
#537=ELLIPSE('',#3417,0.407836463283334,0.4);
#538=ELLIPSE('',#3419,0.407836463283323,0.4);
#539=ELLIPSE('',#3421,0.407836463283335,0.4);
#540=ELLIPSE('',#3423,0.407836463283326,0.4);
#541=ELLIPSE('',#3425,0.407836463283324,0.4);
#542=ELLIPSE('',#3427,0.40783646328333,0.4);
#543=ELLIPSE('',#3429,0.407836463283327,0.4);
#544=ELLIPSE('',#3431,0.407836463283324,0.4);
#545=ELLIPSE('',#3433,0.407836463283327,0.4);
#546=ELLIPSE('',#3435,0.407836463283326,0.4);
#547=ELLIPSE('',#3438,0.40783646328332,0.4);
#548=ELLIPSE('',#3440,0.407836463283333,0.4);
#549=ELLIPSE('',#3451,0.40783646328333,0.4);
#550=ELLIPSE('',#3452,0.407836463283331,0.4);
#551=ELLIPSE('',#3454,0.407836463283328,0.4);
#552=ELLIPSE('',#3456,0.407836463283316,0.4);
#553=ELLIPSE('',#3458,0.407836463283333,0.4);
#554=ELLIPSE('',#3460,0.407836463283325,0.4);
#555=ELLIPSE('',#3462,0.407836463283331,0.4);
#556=ELLIPSE('',#3464,0.407836463283327,0.4);
#557=ELLIPSE('',#3466,0.407836463283328,0.4);
#558=ELLIPSE('',#3468,0.40783646328333,0.4);
#559=ELLIPSE('',#3470,0.407836463283326,0.4);
#560=ELLIPSE('',#3472,0.407836463283327,0.4);
#561=ELLIPSE('',#3474,0.407836463283325,0.4);
#562=ELLIPSE('',#3476,0.407836463283331,0.4);
#563=ELLIPSE('',#3478,0.407836463283333,0.4);
#564=ELLIPSE('',#3480,0.407836463283327,0.4);
#565=ELLIPSE('',#3491,0.40783646328333,0.4);
#566=ELLIPSE('',#3492,0.407836463283324,0.4);
#567=ELLIPSE('',#3494,0.407836463283328,0.4);
#568=ELLIPSE('',#3496,0.407836463283326,0.4);
#569=ELLIPSE('',#3498,0.407836463283328,0.4);
#570=ELLIPSE('',#3499,0.407836463283328,0.4);
#571=ELLIPSE('',#3501,0.40783646328333,0.4);
#572=ELLIPSE('',#3503,0.407836463283325,0.4);
#573=ELLIPSE('',#3505,0.407836463283328,0.4);
#574=ELLIPSE('',#3507,0.407836463283327,0.4);
#575=ELLIPSE('',#3509,0.407836463283333,0.4);
#576=ELLIPSE('',#3511,0.407836463283322,0.4);
#577=ELLIPSE('',#3514,0.407836463283325,0.4);
#578=ELLIPSE('',#3516,0.40783646328333,0.4);
#579=ELLIPSE('',#3518,0.407836463283328,0.4);
#580=ELLIPSE('',#3520,0.407836463283331,0.4);
#581=ELLIPSE('',#3531,0.407836463283328,0.4);
#582=ELLIPSE('',#3532,0.407836463283324,0.4);
#583=ELLIPSE('',#3534,0.407836463283327,0.4);
#584=ELLIPSE('',#3536,0.407836463283326,0.4);
#585=ELLIPSE('',#3538,0.407836463283329,0.4);
#586=ELLIPSE('',#3540,0.407836463283325,0.4);
#587=ELLIPSE('',#3542,0.407836463283328,0.4);
#588=ELLIPSE('',#3544,0.407836463283333,0.4);
#589=ELLIPSE('',#3546,0.407836463283324,0.4);
#590=ELLIPSE('',#3548,0.407836463283326,0.4);
#591=ELLIPSE('',#3550,0.407836463283329,0.4);
#592=ELLIPSE('',#3552,0.407836463283325,0.4);
#593=ELLIPSE('',#3554,0.407836463283327,0.4);
#594=ELLIPSE('',#3556,0.407836463283326,0.4);
#595=ELLIPSE('',#3558,0.407836463283327,0.4);
#596=ELLIPSE('',#3560,0.407836463283333,0.4);
#597=ELLIPSE('',#3564,0.407836463283327,0.4);
#598=ELLIPSE('',#3565,0.407836463283327,0.4);
#599=ELLIPSE('',#3567,0.407836463283328,0.4);
#600=ELLIPSE('',#3569,0.407836463283328,0.4);
#601=ELLIPSE('',#3571,0.407836463283331,0.4);
#602=ELLIPSE('',#3573,0.407836463283323,0.4);
#603=ELLIPSE('',#3575,0.40783646328333,0.4);
#604=ELLIPSE('',#3577,0.407836463283327,0.4);
#605=ELLIPSE('',#3579,0.407836463283328,0.4);
#606=ELLIPSE('',#3581,0.407836463283326,0.4);
#607=ELLIPSE('',#3583,0.407836463283328,0.4);
#608=ELLIPSE('',#3585,0.407836463283328,0.4);
#609=ELLIPSE('',#3587,0.407836463283331,0.4);
#610=ELLIPSE('',#3589,0.407836463283323,0.4);
#611=ELLIPSE('',#3591,0.407836463283328,0.4);
#612=ELLIPSE('',#3593,0.407836463283329,0.4);
#613=ELLIPSE('',#3597,0.407836463283326,0.4);
#614=ELLIPSE('',#3598,0.407836463283327,0.4);
#615=ELLIPSE('',#3600,0.407836463283329,0.4);
#616=ELLIPSE('',#3602,0.407836463283329,0.4);
#617=ELLIPSE('',#3604,0.407836463283326,0.4);
#618=ELLIPSE('',#3606,0.407836463283328,0.4);
#619=ELLIPSE('',#3608,0.407836463283327,0.4);
#620=ELLIPSE('',#3610,0.407836463283328,0.4);
#621=ELLIPSE('',#3612,0.407836463283327,0.4);
#622=ELLIPSE('',#3614,0.407836463283327,0.4);
#623=ELLIPSE('',#3616,0.407836463283327,0.4);
#624=ELLIPSE('',#3618,0.40783646328333,0.4);
#625=ELLIPSE('',#3620,0.407836463283326,0.4);
#626=ELLIPSE('',#3622,0.407836463283328,0.4);
#627=ELLIPSE('',#3624,0.407836463283326,0.4);
#628=ELLIPSE('',#3626,0.407836463283328,0.4);
#629=ELLIPSE('',#3630,0.407836463283328,0.4);
#630=ELLIPSE('',#3631,0.407836463283332,0.4);
#631=ELLIPSE('',#3633,0.407836463283329,0.4);
#632=ELLIPSE('',#3635,0.407836463283325,0.4);
#633=ELLIPSE('',#3637,0.407836463283326,0.4);
#634=ELLIPSE('',#3639,0.407836463283327,0.4);
#635=ELLIPSE('',#3641,0.407836463283327,0.4);
#636=ELLIPSE('',#3643,0.407836463283327,0.4);
#637=ELLIPSE('',#3645,0.407836463283325,0.4);
#638=ELLIPSE('',#3647,0.40783646328333,0.4);
#639=ELLIPSE('',#3649,0.407836463283329,0.4);
#640=ELLIPSE('',#3651,0.407836463283325,0.4);
#641=ELLIPSE('',#3653,0.407836463283326,0.4);
#642=ELLIPSE('',#3655,0.407836463283327,0.4);
#643=ELLIPSE('',#3657,0.407836463283324,0.4);
#644=ELLIPSE('',#3659,0.407836463283327,0.4);
#645=LINE('',#4721,#989);
#646=LINE('',#4725,#990);
#647=LINE('',#4729,#991);
#648=LINE('',#4732,#992);
#649=LINE('',#4735,#993);
#650=LINE('',#4738,#994);
#651=LINE('',#4741,#995);
#652=LINE('',#4744,#996);
#653=LINE('',#4748,#997);
#654=LINE('',#4752,#998);
#655=LINE('',#4756,#999);
#656=LINE('',#4759,#1000);
#657=LINE('',#4762,#1001);
#658=LINE('',#4765,#1002);
#659=LINE('',#4768,#1003);
#660=LINE('',#4771,#1004);
#661=LINE('',#4774,#1005);
#662=LINE('',#4776,#1006);
#663=LINE('',#4780,#1007);
#664=LINE('',#4782,#1008);
#665=LINE('',#4785,#1009);
#666=LINE('',#4786,#1010);
#667=LINE('',#4789,#1011);
#668=LINE('',#4791,#1012);
#669=LINE('',#4795,#1013);
#670=LINE('',#4797,#1014);
#671=LINE('',#4801,#1015);
#672=LINE('',#4803,#1016);
#673=LINE('',#4807,#1017);
#674=LINE('',#4809,#1018);
#675=LINE('',#4812,#1019);
#676=LINE('',#4813,#1020);
#677=LINE('',#4816,#1021);
#678=LINE('',#4818,#1022);
#679=LINE('',#4819,#1023);
#680=LINE('',#4822,#1024);
#681=LINE('',#4823,#1025);
#682=LINE('',#4826,#1026);
#683=LINE('',#4827,#1027);
#684=LINE('',#4830,#1028);
#685=LINE('',#4831,#1029);
#686=LINE('',#4834,#1030);
#687=LINE('',#4835,#1031);
#688=LINE('',#4838,#1032);
#689=LINE('',#4839,#1033);
#690=LINE('',#4842,#1034);
#691=LINE('',#4843,#1035);
#692=LINE('',#4846,#1036);
#693=LINE('',#4847,#1037);
#694=LINE('',#4851,#1038);
#695=LINE('',#4853,#1039);
#696=LINE('',#4855,#1040);
#697=LINE('',#4856,#1041);
#698=LINE('',#4859,#1042);
#699=LINE('',#4861,#1043);
#700=LINE('',#4863,#1044);
#701=LINE('',#4865,#1045);
#702=LINE('',#4867,#1046);
#703=LINE('',#4869,#1047);
#704=LINE('',#4871,#1048);
#705=LINE('',#4873,#1049);
#706=LINE('',#4875,#1050);
#707=LINE('',#4877,#1051);
#708=LINE('',#4879,#1052);
#709=LINE('',#4881,#1053);
#710=LINE('',#4883,#1054);
#711=LINE('',#4885,#1055);
#712=LINE('',#4887,#1056);
#713=LINE('',#4888,#1057);
#714=LINE('',#4891,#1058);
#715=LINE('',#4893,#1059);
#716=LINE('',#4895,#1060);
#717=LINE('',#4897,#1061);
#718=LINE('',#4899,#1062);
#719=LINE('',#4901,#1063);
#720=LINE('',#4903,#1064);
#721=LINE('',#4905,#1065);
#722=LINE('',#4907,#1066);
#723=LINE('',#4909,#1067);
#724=LINE('',#4911,#1068);
#725=LINE('',#4913,#1069);
#726=LINE('',#4915,#1070);
#727=LINE('',#4917,#1071);
#728=LINE('',#4919,#1072);
#729=LINE('',#4920,#1073);
#730=LINE('',#4923,#1074);
#731=LINE('',#4925,#1075);
#732=LINE('',#4927,#1076);
#733=LINE('',#4928,#1077);
#734=LINE('',#4931,#1078);
#735=LINE('',#4933,#1079);
#736=LINE('',#4935,#1080);
#737=LINE('',#4937,#1081);
#738=LINE('',#4939,#1082);
#739=LINE('',#4941,#1083);
#740=LINE('',#4943,#1084);
#741=LINE('',#4945,#1085);
#742=LINE('',#4947,#1086);
#743=LINE('',#4949,#1087);
#744=LINE('',#4951,#1088);
#745=LINE('',#4953,#1089);
#746=LINE('',#4955,#1090);
#747=LINE('',#4957,#1091);
#748=LINE('',#4959,#1092);
#749=LINE('',#4960,#1093);
#750=LINE('',#4964,#1094);
#751=LINE('',#4969,#1095);
#752=LINE('',#4975,#1096);
#753=LINE('',#4979,#1097);
#754=LINE('',#4983,#1098);
#755=LINE('',#4987,#1099);
#756=LINE('',#4991,#1100);
#757=LINE('',#4995,#1101);
#758=LINE('',#4999,#1102);
#759=LINE('',#5003,#1103);
#760=LINE('',#5007,#1104);
#761=LINE('',#5011,#1105);
#762=LINE('',#5014,#1106);
#763=LINE('',#5017,#1107);
#764=LINE('',#5021,#1108);
#765=LINE('',#5024,#1109);
#766=LINE('',#5027,#1110);
#767=LINE('',#5029,#1111);
#768=LINE('',#5030,#1112);
#769=LINE('',#5033,#1113);
#770=LINE('',#5034,#1114);
#771=LINE('',#5037,#1115);
#772=LINE('',#5038,#1116);
#773=LINE('',#5041,#1117);
#774=LINE('',#5042,#1118);
#775=LINE('',#5045,#1119);
#776=LINE('',#5046,#1120);
#777=LINE('',#5049,#1121);
#778=LINE('',#5050,#1122);
#779=LINE('',#5053,#1123);
#780=LINE('',#5054,#1124);
#781=LINE('',#5057,#1125);
#782=LINE('',#5058,#1126);
#783=LINE('',#5062,#1127);
#784=LINE('',#5067,#1128);
#785=LINE('',#5071,#1129);
#786=LINE('',#5075,#1130);
#787=LINE('',#5079,#1131);
#788=LINE('',#5083,#1132);
#789=LINE('',#5087,#1133);
#790=LINE('',#5091,#1134);
#791=LINE('',#5095,#1135);
#792=LINE('',#5099,#1136);
#793=LINE('',#5103,#1137);
#794=LINE('',#5107,#1138);
#795=LINE('',#5111,#1139);
#796=LINE('',#5115,#1140);
#797=LINE('',#5119,#1141);
#798=LINE('',#5122,#1142);
#799=LINE('',#5125,#1143);
#800=LINE('',#5127,#1144);
#801=LINE('',#5128,#1145);
#802=LINE('',#5131,#1146);
#803=LINE('',#5132,#1147);
#804=LINE('',#5135,#1148);
#805=LINE('',#5136,#1149);
#806=LINE('',#5139,#1150);
#807=LINE('',#5140,#1151);
#808=LINE('',#5143,#1152);
#809=LINE('',#5144,#1153);
#810=LINE('',#5147,#1154);
#811=LINE('',#5148,#1155);
#812=LINE('',#5151,#1156);
#813=LINE('',#5152,#1157);
#814=LINE('',#5155,#1158);
#815=LINE('',#5156,#1159);
#816=LINE('',#5160,#1160);
#817=LINE('',#5165,#1161);
#818=LINE('',#5169,#1162);
#819=LINE('',#5174,#1163);
#820=LINE('',#5179,#1164);
#821=LINE('',#5183,#1165);
#822=LINE('',#5187,#1166);
#823=LINE('',#5191,#1167);
#824=LINE('',#5195,#1168);
#825=LINE('',#5199,#1169);
#826=LINE('',#5202,#1170);
#827=LINE('',#5205,#1171);
#828=LINE('',#5209,#1172);
#829=LINE('',#5213,#1173);
#830=LINE('',#5217,#1174);
#831=LINE('',#5220,#1175);
#832=LINE('',#5223,#1176);
#833=LINE('',#5225,#1177);
#834=LINE('',#5226,#1178);
#835=LINE('',#5229,#1179);
#836=LINE('',#5230,#1180);
#837=LINE('',#5233,#1181);
#838=LINE('',#5234,#1182);
#839=LINE('',#5237,#1183);
#840=LINE('',#5238,#1184);
#841=LINE('',#5241,#1185);
#842=LINE('',#5242,#1186);
#843=LINE('',#5245,#1187);
#844=LINE('',#5246,#1188);
#845=LINE('',#5249,#1189);
#846=LINE('',#5250,#1190);
#847=LINE('',#5253,#1191);
#848=LINE('',#5254,#1192);
#849=LINE('',#5258,#1193);
#850=LINE('',#5263,#1194);
#851=LINE('',#5266,#1195);
#852=LINE('',#5269,#1196);
#853=LINE('',#5272,#1197);
#854=LINE('',#5275,#1198);
#855=LINE('',#5278,#1199);
#856=LINE('',#5281,#1200);
#857=LINE('',#5284,#1201);
#858=LINE('',#5287,#1202);
#859=LINE('',#5290,#1203);
#860=LINE('',#5293,#1204);
#861=LINE('',#5296,#1205);
#862=LINE('',#5299,#1206);
#863=LINE('',#5302,#1207);
#864=LINE('',#5305,#1208);
#865=LINE('',#5307,#1209);
#866=LINE('',#5310,#1210);
#867=LINE('',#5314,#1211);
#868=LINE('',#5318,#1212);
#869=LINE('',#5322,#1213);
#870=LINE('',#5326,#1214);
#871=LINE('',#5330,#1215);
#872=LINE('',#5333,#1216);
#873=LINE('',#5338,#1217);
#874=LINE('',#5343,#1218);
#875=LINE('',#5346,#1219);
#876=LINE('',#5349,#1220);
#877=LINE('',#5352,#1221);
#878=LINE('',#5355,#1222);
#879=LINE('',#5358,#1223);
#880=LINE('',#5361,#1224);
#881=LINE('',#5364,#1225);
#882=LINE('',#5367,#1226);
#883=LINE('',#5370,#1227);
#884=LINE('',#5373,#1228);
#885=LINE('',#5376,#1229);
#886=LINE('',#5379,#1230);
#887=LINE('',#5382,#1231);
#888=LINE('',#5385,#1232);
#889=LINE('',#5387,#1233);
#890=LINE('',#5390,#1234);
#891=LINE('',#5394,#1235);
#892=LINE('',#5398,#1236);
#893=LINE('',#5402,#1237);
#894=LINE('',#5406,#1238);
#895=LINE('',#5410,#1239);
#896=LINE('',#5413,#1240);
#897=LINE('',#5418,#1241);
#898=LINE('',#5423,#1242);
#899=LINE('',#5426,#1243);
#900=LINE('',#5429,#1244);
#901=LINE('',#5432,#1245);
#902=LINE('',#5435,#1246);
#903=LINE('',#5438,#1247);
#904=LINE('',#5441,#1248);
#905=LINE('',#5444,#1249);
#906=LINE('',#5447,#1250);
#907=LINE('',#5450,#1251);
#908=LINE('',#5453,#1252);
#909=LINE('',#5456,#1253);
#910=LINE('',#5459,#1254);
#911=LINE('',#5462,#1255);
#912=LINE('',#5465,#1256);
#913=LINE('',#5467,#1257);
#914=LINE('',#5470,#1258);
#915=LINE('',#5474,#1259);
#916=LINE('',#5478,#1260);
#917=LINE('',#5482,#1261);
#918=LINE('',#5486,#1262);
#919=LINE('',#5490,#1263);
#920=LINE('',#5493,#1264);
#921=LINE('',#5498,#1265);
#922=LINE('',#5503,#1266);
#923=LINE('',#5506,#1267);
#924=LINE('',#5509,#1268);
#925=LINE('',#5512,#1269);
#926=LINE('',#5515,#1270);
#927=LINE('',#5518,#1271);
#928=LINE('',#5521,#1272);
#929=LINE('',#5524,#1273);
#930=LINE('',#5527,#1274);
#931=LINE('',#5530,#1275);
#932=LINE('',#5533,#1276);
#933=LINE('',#5536,#1277);
#934=LINE('',#5539,#1278);
#935=LINE('',#5542,#1279);
#936=LINE('',#5545,#1280);
#937=LINE('',#5547,#1281);
#938=LINE('',#5550,#1282);
#939=LINE('',#5554,#1283);
#940=LINE('',#5558,#1284);
#941=LINE('',#5562,#1285);
#942=LINE('',#5566,#1286);
#943=LINE('',#5570,#1287);
#944=LINE('',#5573,#1288);
#945=LINE('',#5576,#1289);
#946=LINE('',#5578,#1290);
#947=LINE('',#5580,#1291);
#948=LINE('',#5582,#1292);
#949=LINE('',#5584,#1293);
#950=LINE('',#5586,#1294);
#951=LINE('',#5588,#1295);
#952=LINE('',#5591,#1296);
#953=LINE('',#5593,#1297);
#954=LINE('',#5595,#1298);
#955=LINE('',#5597,#1299);
#956=LINE('',#5599,#1300);
#957=LINE('',#5601,#1301);
#958=LINE('',#5603,#1302);
#959=LINE('',#5606,#1303);
#960=LINE('',#5608,#1304);
#961=LINE('',#5610,#1305);
#962=LINE('',#5612,#1306);
#963=LINE('',#5614,#1307);
#964=LINE('',#5616,#1308);
#965=LINE('',#5618,#1309);
#966=LINE('',#5621,#1310);
#967=LINE('',#5623,#1311);
#968=LINE('',#5625,#1312);
#969=LINE('',#5627,#1313);
#970=LINE('',#5629,#1314);
#971=LINE('',#5631,#1315);
#972=LINE('',#5633,#1316);
#973=LINE('',#5637,#1317);
#974=LINE('',#5639,#1318);
#975=LINE('',#5640,#1319);
#976=LINE('',#5643,#1320);
#977=LINE('',#5644,#1321);
#978=LINE('',#5647,#1322);
#979=LINE('',#5648,#1323);
#980=LINE('',#5650,#1324);
#981=LINE('',#5654,#1325);
#982=LINE('',#5655,#1326);
#983=LINE('',#5656,#1327);
#984=LINE('',#5659,#1328);
#985=LINE('',#5660,#1329);
#986=LINE('',#5663,#1330);
#987=LINE('',#5664,#1331);
#988=LINE('',#5666,#1332);
#989=VECTOR('',#3707,10.);
#990=VECTOR('',#3710,10.);
#991=VECTOR('',#3715,10.);
#992=VECTOR('',#3718,10.);
#993=VECTOR('',#3721,10.);
#994=VECTOR('',#3724,10.);
#995=VECTOR('',#3727,10.);
#996=VECTOR('',#3730,10.);
#997=VECTOR('',#3733,10.);
#998=VECTOR('',#3736,10.);
#999=VECTOR('',#3741,10.);
#1000=VECTOR('',#3744,10.);
#1001=VECTOR('',#3747,10.);
#1002=VECTOR('',#3750,10.);
#1003=VECTOR('',#3753,10.);
#1004=VECTOR('',#3756,10.);
#1005=VECTOR('',#3759,10.);
#1006=VECTOR('',#3760,10.);
#1007=VECTOR('',#3765,10.);
#1008=VECTOR('',#3766,10.);
#1009=VECTOR('',#3771,10.);
#1010=VECTOR('',#3772,10.);
#1011=VECTOR('',#3775,10.);
#1012=VECTOR('',#3776,10.);
#1013=VECTOR('',#3781,10.);
#1014=VECTOR('',#3782,10.);
#1015=VECTOR('',#3787,10.);
#1016=VECTOR('',#3788,10.);
#1017=VECTOR('',#3793,10.);
#1018=VECTOR('',#3794,10.);
#1019=VECTOR('',#3799,10.);
#1020=VECTOR('',#3800,10.);
#1021=VECTOR('',#3803,10.);
#1022=VECTOR('',#3804,10.);
#1023=VECTOR('',#3805,10.);
#1024=VECTOR('',#3808,10.);
#1025=VECTOR('',#3809,10.);
#1026=VECTOR('',#3812,10.);
#1027=VECTOR('',#3813,10.);
#1028=VECTOR('',#3816,10.);
#1029=VECTOR('',#3817,10.);
#1030=VECTOR('',#3820,10.);
#1031=VECTOR('',#3821,10.);
#1032=VECTOR('',#3824,10.);
#1033=VECTOR('',#3825,10.);
#1034=VECTOR('',#3828,10.);
#1035=VECTOR('',#3829,10.);
#1036=VECTOR('',#3832,10.);
#1037=VECTOR('',#3833,10.);
#1038=VECTOR('',#3836,10.);
#1039=VECTOR('',#3837,10.);
#1040=VECTOR('',#3838,10.);
#1041=VECTOR('',#3839,10.);
#1042=VECTOR('',#3840,10.);
#1043=VECTOR('',#3841,10.);
#1044=VECTOR('',#3842,10.);
#1045=VECTOR('',#3843,10.);
#1046=VECTOR('',#3844,10.);
#1047=VECTOR('',#3845,10.);
#1048=VECTOR('',#3846,10.);
#1049=VECTOR('',#3847,10.);
#1050=VECTOR('',#3848,10.);
#1051=VECTOR('',#3849,10.);
#1052=VECTOR('',#3850,10.);
#1053=VECTOR('',#3851,10.);
#1054=VECTOR('',#3852,10.);
#1055=VECTOR('',#3853,10.);
#1056=VECTOR('',#3854,10.);
#1057=VECTOR('',#3855,10.);
#1058=VECTOR('',#3856,10.);
#1059=VECTOR('',#3857,10.);
#1060=VECTOR('',#3858,10.);
#1061=VECTOR('',#3859,10.);
#1062=VECTOR('',#3860,10.);
#1063=VECTOR('',#3861,10.);
#1064=VECTOR('',#3862,10.);
#1065=VECTOR('',#3863,10.);
#1066=VECTOR('',#3864,10.);
#1067=VECTOR('',#3865,10.);
#1068=VECTOR('',#3866,10.);
#1069=VECTOR('',#3867,10.);
#1070=VECTOR('',#3868,10.);
#1071=VECTOR('',#3869,10.);
#1072=VECTOR('',#3870,10.);
#1073=VECTOR('',#3871,10.);
#1074=VECTOR('',#3872,10.);
#1075=VECTOR('',#3873,10.);
#1076=VECTOR('',#3874,10.);
#1077=VECTOR('',#3875,10.);
#1078=VECTOR('',#3876,10.);
#1079=VECTOR('',#3877,10.);
#1080=VECTOR('',#3878,10.);
#1081=VECTOR('',#3879,10.);
#1082=VECTOR('',#3880,10.);
#1083=VECTOR('',#3881,10.);
#1084=VECTOR('',#3882,10.);
#1085=VECTOR('',#3883,10.);
#1086=VECTOR('',#3884,10.);
#1087=VECTOR('',#3885,10.);
#1088=VECTOR('',#3886,10.);
#1089=VECTOR('',#3887,10.);
#1090=VECTOR('',#3888,10.);
#1091=VECTOR('',#3889,10.);
#1092=VECTOR('',#3890,10.);
#1093=VECTOR('',#3891,10.);
#1094=VECTOR('',#3894,10.);
#1095=VECTOR('',#3901,10.);
#1096=VECTOR('',#3908,10.);
#1097=VECTOR('',#3913,10.);
#1098=VECTOR('',#3918,10.);
#1099=VECTOR('',#3923,10.);
#1100=VECTOR('',#3928,10.);
#1101=VECTOR('',#3933,10.);
#1102=VECTOR('',#3938,10.);
#1103=VECTOR('',#3943,10.);
#1104=VECTOR('',#3948,10.);
#1105=VECTOR('',#3953,10.);
#1106=VECTOR('',#3958,10.);
#1107=VECTOR('',#3961,10.);
#1108=VECTOR('',#3966,10.);
#1109=VECTOR('',#3971,10.);
#1110=VECTOR('',#3974,10.);
#1111=VECTOR('',#3975,10.);
#1112=VECTOR('',#3976,10.);
#1113=VECTOR('',#3979,10.);
#1114=VECTOR('',#3980,10.);
#1115=VECTOR('',#3983,10.);
#1116=VECTOR('',#3984,10.);
#1117=VECTOR('',#3987,10.);
#1118=VECTOR('',#3988,10.);
#1119=VECTOR('',#3991,10.);
#1120=VECTOR('',#3992,10.);
#1121=VECTOR('',#3995,10.);
#1122=VECTOR('',#3996,10.);
#1123=VECTOR('',#3999,10.);
#1124=VECTOR('',#4000,10.);
#1125=VECTOR('',#4003,10.);
#1126=VECTOR('',#4004,10.);
#1127=VECTOR('',#4007,10.);
#1128=VECTOR('',#4014,10.);
#1129=VECTOR('',#4019,10.);
#1130=VECTOR('',#4024,10.);
#1131=VECTOR('',#4029,10.);
#1132=VECTOR('',#4034,10.);
#1133=VECTOR('',#4039,10.);
#1134=VECTOR('',#4044,10.);
#1135=VECTOR('',#4049,10.);
#1136=VECTOR('',#4054,10.);
#1137=VECTOR('',#4059,10.);
#1138=VECTOR('',#4064,10.);
#1139=VECTOR('',#4069,10.);
#1140=VECTOR('',#4074,10.);
#1141=VECTOR('',#4079,10.);
#1142=VECTOR('',#4084,10.);
#1143=VECTOR('',#4087,10.);
#1144=VECTOR('',#4088,10.);
#1145=VECTOR('',#4089,10.);
#1146=VECTOR('',#4092,10.);
#1147=VECTOR('',#4093,10.);
#1148=VECTOR('',#4096,10.);
#1149=VECTOR('',#4097,10.);
#1150=VECTOR('',#4100,10.);
#1151=VECTOR('',#4101,10.);
#1152=VECTOR('',#4104,10.);
#1153=VECTOR('',#4105,10.);
#1154=VECTOR('',#4108,10.);
#1155=VECTOR('',#4109,10.);
#1156=VECTOR('',#4112,10.);
#1157=VECTOR('',#4113,10.);
#1158=VECTOR('',#4116,10.);
#1159=VECTOR('',#4117,10.);
#1160=VECTOR('',#4120,10.);
#1161=VECTOR('',#4127,10.);
#1162=VECTOR('',#4132,10.);
#1163=VECTOR('',#4137,10.);
#1164=VECTOR('',#4144,10.);
#1165=VECTOR('',#4149,10.);
#1166=VECTOR('',#4154,10.);
#1167=VECTOR('',#4159,10.);
#1168=VECTOR('',#4164,10.);
#1169=VECTOR('',#4169,10.);
#1170=VECTOR('',#4174,10.);
#1171=VECTOR('',#4177,10.);
#1172=VECTOR('',#4182,10.);
#1173=VECTOR('',#4187,10.);
#1174=VECTOR('',#4192,10.);
#1175=VECTOR('',#4197,10.);
#1176=VECTOR('',#4200,10.);
#1177=VECTOR('',#4201,10.);
#1178=VECTOR('',#4202,10.);
#1179=VECTOR('',#4205,10.);
#1180=VECTOR('',#4206,10.);
#1181=VECTOR('',#4209,10.);
#1182=VECTOR('',#4210,10.);
#1183=VECTOR('',#4213,10.);
#1184=VECTOR('',#4214,10.);
#1185=VECTOR('',#4217,10.);
#1186=VECTOR('',#4218,10.);
#1187=VECTOR('',#4221,10.);
#1188=VECTOR('',#4222,10.);
#1189=VECTOR('',#4225,10.);
#1190=VECTOR('',#4226,10.);
#1191=VECTOR('',#4229,10.);
#1192=VECTOR('',#4230,10.);
#1193=VECTOR('',#4233,10.);
#1194=VECTOR('',#4240,10.);
#1195=VECTOR('',#4243,10.);
#1196=VECTOR('',#4246,10.);
#1197=VECTOR('',#4249,10.);
#1198=VECTOR('',#4252,10.);
#1199=VECTOR('',#4255,10.);
#1200=VECTOR('',#4258,10.);
#1201=VECTOR('',#4261,10.);
#1202=VECTOR('',#4264,10.);
#1203=VECTOR('',#4267,10.);
#1204=VECTOR('',#4270,10.);
#1205=VECTOR('',#4273,10.);
#1206=VECTOR('',#4276,10.);
#1207=VECTOR('',#4279,10.);
#1208=VECTOR('',#4282,10.);
#1209=VECTOR('',#4285,10.);
#1210=VECTOR('',#4288,10.);
#1211=VECTOR('',#4293,10.);
#1212=VECTOR('',#4298,10.);
#1213=VECTOR('',#4303,10.);
#1214=VECTOR('',#4308,10.);
#1215=VECTOR('',#4313,10.);
#1216=VECTOR('',#4318,10.);
#1217=VECTOR('',#4323,10.);
#1218=VECTOR('',#4330,10.);
#1219=VECTOR('',#4333,10.);
#1220=VECTOR('',#4336,10.);
#1221=VECTOR('',#4339,10.);
#1222=VECTOR('',#4342,10.);
#1223=VECTOR('',#4345,10.);
#1224=VECTOR('',#4348,10.);
#1225=VECTOR('',#4351,10.);
#1226=VECTOR('',#4354,10.);
#1227=VECTOR('',#4357,10.);
#1228=VECTOR('',#4360,10.);
#1229=VECTOR('',#4363,10.);
#1230=VECTOR('',#4366,10.);
#1231=VECTOR('',#4369,10.);
#1232=VECTOR('',#4372,10.);
#1233=VECTOR('',#4375,10.);
#1234=VECTOR('',#4378,10.);
#1235=VECTOR('',#4383,10.);
#1236=VECTOR('',#4388,10.);
#1237=VECTOR('',#4393,10.);
#1238=VECTOR('',#4398,10.);
#1239=VECTOR('',#4403,10.);
#1240=VECTOR('',#4408,10.);
#1241=VECTOR('',#4413,10.);
#1242=VECTOR('',#4420,10.);
#1243=VECTOR('',#4423,10.);
#1244=VECTOR('',#4426,10.);
#1245=VECTOR('',#4429,10.);
#1246=VECTOR('',#4432,10.);
#1247=VECTOR('',#4435,10.);
#1248=VECTOR('',#4438,10.);
#1249=VECTOR('',#4441,10.);
#1250=VECTOR('',#4444,10.);
#1251=VECTOR('',#4447,10.);
#1252=VECTOR('',#4450,10.);
#1253=VECTOR('',#4453,10.);
#1254=VECTOR('',#4456,10.);
#1255=VECTOR('',#4459,10.);
#1256=VECTOR('',#4462,10.);
#1257=VECTOR('',#4465,10.);
#1258=VECTOR('',#4468,10.);
#1259=VECTOR('',#4473,10.);
#1260=VECTOR('',#4478,10.);
#1261=VECTOR('',#4483,10.);
#1262=VECTOR('',#4488,10.);
#1263=VECTOR('',#4493,10.);
#1264=VECTOR('',#4498,10.);
#1265=VECTOR('',#4503,10.);
#1266=VECTOR('',#4510,10.);
#1267=VECTOR('',#4513,10.);
#1268=VECTOR('',#4516,10.);
#1269=VECTOR('',#4519,10.);
#1270=VECTOR('',#4522,10.);
#1271=VECTOR('',#4525,10.);
#1272=VECTOR('',#4528,10.);
#1273=VECTOR('',#4531,10.);
#1274=VECTOR('',#4534,10.);
#1275=VECTOR('',#4537,10.);
#1276=VECTOR('',#4540,10.);
#1277=VECTOR('',#4543,10.);
#1278=VECTOR('',#4546,10.);
#1279=VECTOR('',#4549,10.);
#1280=VECTOR('',#4552,10.);
#1281=VECTOR('',#4555,10.);
#1282=VECTOR('',#4558,10.);
#1283=VECTOR('',#4563,10.);
#1284=VECTOR('',#4568,10.);
#1285=VECTOR('',#4573,10.);
#1286=VECTOR('',#4578,10.);
#1287=VECTOR('',#4583,10.);
#1288=VECTOR('',#4588,10.);
#1289=VECTOR('',#4593,10.);
#1290=VECTOR('',#4596,10.);
#1291=VECTOR('',#4599,10.);
#1292=VECTOR('',#4602,10.);
#1293=VECTOR('',#4605,10.);
#1294=VECTOR('',#4608,10.);
#1295=VECTOR('',#4611,10.);
#1296=VECTOR('',#4616,10.);
#1297=VECTOR('',#4619,10.);
#1298=VECTOR('',#4622,10.);
#1299=VECTOR('',#4625,10.);
#1300=VECTOR('',#4628,10.);
#1301=VECTOR('',#4631,10.);
#1302=VECTOR('',#4634,10.);
#1303=VECTOR('',#4639,10.);
#1304=VECTOR('',#4642,10.);
#1305=VECTOR('',#4645,10.);
#1306=VECTOR('',#4648,10.);
#1307=VECTOR('',#4651,10.);
#1308=VECTOR('',#4654,10.);
#1309=VECTOR('',#4657,10.);
#1310=VECTOR('',#4662,10.);
#1311=VECTOR('',#4665,10.);
#1312=VECTOR('',#4668,10.);
#1313=VECTOR('',#4671,10.);
#1314=VECTOR('',#4674,10.);
#1315=VECTOR('',#4677,10.);
#1316=VECTOR('',#4680,10.);
#1317=VECTOR('',#4685,10.);
#1318=VECTOR('',#4686,10.);
#1319=VECTOR('',#4687,10.);
#1320=VECTOR('',#4690,10.);
#1321=VECTOR('',#4691,10.);
#1322=VECTOR('',#4694,10.);
#1323=VECTOR('',#4695,10.);
#1324=VECTOR('',#4698,10.);
#1325=VECTOR('',#4701,10.);
#1326=VECTOR('',#4702,10.);
#1327=VECTOR('',#4703,10.);
#1328=VECTOR('',#4706,10.);
#1329=VECTOR('',#4707,10.);
#1330=VECTOR('',#4710,10.);
#1331=VECTOR('',#4711,10.);
#1332=VECTOR('',#4714,10.);
#1333=VERTEX_POINT('',#4719);
#1334=VERTEX_POINT('',#4720);
#1335=VERTEX_POINT('',#4722);
#1336=VERTEX_POINT('',#4724);
#1337=VERTEX_POINT('',#4728);
#1338=VERTEX_POINT('',#4730);
#1339=VERTEX_POINT('',#4734);
#1340=VERTEX_POINT('',#4736);
#1341=VERTEX_POINT('',#4740);
#1342=VERTEX_POINT('',#4742);
#1343=VERTEX_POINT('',#4746);
#1344=VERTEX_POINT('',#4747);
#1345=VERTEX_POINT('',#4749);
#1346=VERTEX_POINT('',#4751);
#1347=VERTEX_POINT('',#4755);
#1348=VERTEX_POINT('',#4757);
#1349=VERTEX_POINT('',#4761);
#1350=VERTEX_POINT('',#4763);
#1351=VERTEX_POINT('',#4767);
#1352=VERTEX_POINT('',#4769);
#1353=VERTEX_POINT('',#4773);
#1354=VERTEX_POINT('',#4775);
#1355=VERTEX_POINT('',#4779);
#1356=VERTEX_POINT('',#4781);
#1357=VERTEX_POINT('',#4788);
#1358=VERTEX_POINT('',#4790);
#1359=VERTEX_POINT('',#4794);
#1360=VERTEX_POINT('',#4796);
#1361=VERTEX_POINT('',#4800);
#1362=VERTEX_POINT('',#4802);
#1363=VERTEX_POINT('',#4806);
#1364=VERTEX_POINT('',#4808);
#1365=VERTEX_POINT('',#4815);
#1366=VERTEX_POINT('',#4817);
#1367=VERTEX_POINT('',#4821);
#1368=VERTEX_POINT('',#4825);
#1369=VERTEX_POINT('',#4829);
#1370=VERTEX_POINT('',#4833);
#1371=VERTEX_POINT('',#4837);
#1372=VERTEX_POINT('',#4841);
#1373=VERTEX_POINT('',#4845);
#1374=VERTEX_POINT('',#4849);
#1375=VERTEX_POINT('',#4850);
#1376=VERTEX_POINT('',#4852);
#1377=VERTEX_POINT('',#4854);
#1378=VERTEX_POINT('',#4857);
#1379=VERTEX_POINT('',#4858);
#1380=VERTEX_POINT('',#4860);
#1381=VERTEX_POINT('',#4862);
#1382=VERTEX_POINT('',#4864);
#1383=VERTEX_POINT('',#4866);
#1384=VERTEX_POINT('',#4868);
#1385=VERTEX_POINT('',#4870);
#1386=VERTEX_POINT('',#4872);
#1387=VERTEX_POINT('',#4874);
#1388=VERTEX_POINT('',#4876);
#1389=VERTEX_POINT('',#4878);
#1390=VERTEX_POINT('',#4880);
#1391=VERTEX_POINT('',#4882);
#1392=VERTEX_POINT('',#4884);
#1393=VERTEX_POINT('',#4886);
#1394=VERTEX_POINT('',#4889);
#1395=VERTEX_POINT('',#4890);
#1396=VERTEX_POINT('',#4892);
#1397=VERTEX_POINT('',#4894);
#1398=VERTEX_POINT('',#4896);
#1399=VERTEX_POINT('',#4898);
#1400=VERTEX_POINT('',#4900);
#1401=VERTEX_POINT('',#4902);
#1402=VERTEX_POINT('',#4904);
#1403=VERTEX_POINT('',#4906);
#1404=VERTEX_POINT('',#4908);
#1405=VERTEX_POINT('',#4910);
#1406=VERTEX_POINT('',#4912);
#1407=VERTEX_POINT('',#4914);
#1408=VERTEX_POINT('',#4916);
#1409=VERTEX_POINT('',#4918);
#1410=VERTEX_POINT('',#4921);
#1411=VERTEX_POINT('',#4922);
#1412=VERTEX_POINT('',#4924);
#1413=VERTEX_POINT('',#4926);
#1414=VERTEX_POINT('',#4929);
#1415=VERTEX_POINT('',#4930);
#1416=VERTEX_POINT('',#4932);
#1417=VERTEX_POINT('',#4934);
#1418=VERTEX_POINT('',#4936);
#1419=VERTEX_POINT('',#4938);
#1420=VERTEX_POINT('',#4940);
#1421=VERTEX_POINT('',#4942);
#1422=VERTEX_POINT('',#4944);
#1423=VERTEX_POINT('',#4946);
#1424=VERTEX_POINT('',#4948);
#1425=VERTEX_POINT('',#4950);
#1426=VERTEX_POINT('',#4952);
#1427=VERTEX_POINT('',#4954);
#1428=VERTEX_POINT('',#4956);
#1429=VERTEX_POINT('',#4958);
#1430=VERTEX_POINT('',#4962);
#1431=VERTEX_POINT('',#4963);
#1432=VERTEX_POINT('',#4968);
#1433=VERTEX_POINT('',#4972);
#1434=VERTEX_POINT('',#4974);
#1435=VERTEX_POINT('',#4978);
#1436=VERTEX_POINT('',#4982);
#1437=VERTEX_POINT('',#4986);
#1438=VERTEX_POINT('',#4990);
#1439=VERTEX_POINT('',#4994);
#1440=VERTEX_POINT('',#4998);
#1441=VERTEX_POINT('',#5002);
#1442=VERTEX_POINT('',#5006);
#1443=VERTEX_POINT('',#5010);
#1444=VERTEX_POINT('',#5016);
#1445=VERTEX_POINT('',#5020);
#1446=VERTEX_POINT('',#5026);
#1447=VERTEX_POINT('',#5028);
#1448=VERTEX_POINT('',#5032);
#1449=VERTEX_POINT('',#5036);
#1450=VERTEX_POINT('',#5040);
#1451=VERTEX_POINT('',#5044);
#1452=VERTEX_POINT('',#5048);
#1453=VERTEX_POINT('',#5052);
#1454=VERTEX_POINT('',#5056);
#1455=VERTEX_POINT('',#5060);
#1456=VERTEX_POINT('',#5061);
#1457=VERTEX_POINT('',#5066);
#1458=VERTEX_POINT('',#5070);
#1459=VERTEX_POINT('',#5074);
#1460=VERTEX_POINT('',#5078);
#1461=VERTEX_POINT('',#5082);
#1462=VERTEX_POINT('',#5086);
#1463=VERTEX_POINT('',#5090);
#1464=VERTEX_POINT('',#5094);
#1465=VERTEX_POINT('',#5098);
#1466=VERTEX_POINT('',#5102);
#1467=VERTEX_POINT('',#5106);
#1468=VERTEX_POINT('',#5110);
#1469=VERTEX_POINT('',#5114);
#1470=VERTEX_POINT('',#5118);
#1471=VERTEX_POINT('',#5124);
#1472=VERTEX_POINT('',#5126);
#1473=VERTEX_POINT('',#5130);
#1474=VERTEX_POINT('',#5134);
#1475=VERTEX_POINT('',#5138);
#1476=VERTEX_POINT('',#5142);
#1477=VERTEX_POINT('',#5146);
#1478=VERTEX_POINT('',#5150);
#1479=VERTEX_POINT('',#5154);
#1480=VERTEX_POINT('',#5158);
#1481=VERTEX_POINT('',#5159);
#1482=VERTEX_POINT('',#5164);
#1483=VERTEX_POINT('',#5168);
#1484=VERTEX_POINT('',#5172);
#1485=VERTEX_POINT('',#5173);
#1486=VERTEX_POINT('',#5178);
#1487=VERTEX_POINT('',#5182);
#1488=VERTEX_POINT('',#5186);
#1489=VERTEX_POINT('',#5190);
#1490=VERTEX_POINT('',#5194);
#1491=VERTEX_POINT('',#5198);
#1492=VERTEX_POINT('',#5204);
#1493=VERTEX_POINT('',#5208);
#1494=VERTEX_POINT('',#5212);
#1495=VERTEX_POINT('',#5216);
#1496=VERTEX_POINT('',#5222);
#1497=VERTEX_POINT('',#5224);
#1498=VERTEX_POINT('',#5228);
#1499=VERTEX_POINT('',#5232);
#1500=VERTEX_POINT('',#5236);
#1501=VERTEX_POINT('',#5240);
#1502=VERTEX_POINT('',#5244);
#1503=VERTEX_POINT('',#5248);
#1504=VERTEX_POINT('',#5252);
#1505=VERTEX_POINT('',#5256);
#1506=VERTEX_POINT('',#5257);
#1507=VERTEX_POINT('',#5262);
#1508=VERTEX_POINT('',#5264);
#1509=VERTEX_POINT('',#5268);
#1510=VERTEX_POINT('',#5270);
#1511=VERTEX_POINT('',#5274);
#1512=VERTEX_POINT('',#5276);
#1513=VERTEX_POINT('',#5280);
#1514=VERTEX_POINT('',#5282);
#1515=VERTEX_POINT('',#5286);
#1516=VERTEX_POINT('',#5288);
#1517=VERTEX_POINT('',#5292);
#1518=VERTEX_POINT('',#5294);
#1519=VERTEX_POINT('',#5298);
#1520=VERTEX_POINT('',#5300);
#1521=VERTEX_POINT('',#5304);
#1522=VERTEX_POINT('',#5309);
#1523=VERTEX_POINT('',#5313);
#1524=VERTEX_POINT('',#5317);
#1525=VERTEX_POINT('',#5321);
#1526=VERTEX_POINT('',#5325);
#1527=VERTEX_POINT('',#5329);
#1528=VERTEX_POINT('',#5336);
#1529=VERTEX_POINT('',#5337);
#1530=VERTEX_POINT('',#5342);
#1531=VERTEX_POINT('',#5344);
#1532=VERTEX_POINT('',#5348);
#1533=VERTEX_POINT('',#5350);
#1534=VERTEX_POINT('',#5354);
#1535=VERTEX_POINT('',#5356);
#1536=VERTEX_POINT('',#5360);
#1537=VERTEX_POINT('',#5362);
#1538=VERTEX_POINT('',#5366);
#1539=VERTEX_POINT('',#5368);
#1540=VERTEX_POINT('',#5372);
#1541=VERTEX_POINT('',#5374);
#1542=VERTEX_POINT('',#5378);
#1543=VERTEX_POINT('',#5380);
#1544=VERTEX_POINT('',#5384);
#1545=VERTEX_POINT('',#5389);
#1546=VERTEX_POINT('',#5393);
#1547=VERTEX_POINT('',#5397);
#1548=VERTEX_POINT('',#5401);
#1549=VERTEX_POINT('',#5405);
#1550=VERTEX_POINT('',#5409);
#1551=VERTEX_POINT('',#5416);
#1552=VERTEX_POINT('',#5417);
#1553=VERTEX_POINT('',#5422);
#1554=VERTEX_POINT('',#5424);
#1555=VERTEX_POINT('',#5428);
#1556=VERTEX_POINT('',#5430);
#1557=VERTEX_POINT('',#5434);
#1558=VERTEX_POINT('',#5436);
#1559=VERTEX_POINT('',#5440);
#1560=VERTEX_POINT('',#5442);
#1561=VERTEX_POINT('',#5446);
#1562=VERTEX_POINT('',#5448);
#1563=VERTEX_POINT('',#5452);
#1564=VERTEX_POINT('',#5454);
#1565=VERTEX_POINT('',#5458);
#1566=VERTEX_POINT('',#5460);
#1567=VERTEX_POINT('',#5464);
#1568=VERTEX_POINT('',#5469);
#1569=VERTEX_POINT('',#5473);
#1570=VERTEX_POINT('',#5477);
#1571=VERTEX_POINT('',#5481);
#1572=VERTEX_POINT('',#5485);
#1573=VERTEX_POINT('',#5489);
#1574=VERTEX_POINT('',#5496);
#1575=VERTEX_POINT('',#5497);
#1576=VERTEX_POINT('',#5502);
#1577=VERTEX_POINT('',#5504);
#1578=VERTEX_POINT('',#5508);
#1579=VERTEX_POINT('',#5510);
#1580=VERTEX_POINT('',#5514);
#1581=VERTEX_POINT('',#5516);
#1582=VERTEX_POINT('',#5520);
#1583=VERTEX_POINT('',#5522);
#1584=VERTEX_POINT('',#5526);
#1585=VERTEX_POINT('',#5528);
#1586=VERTEX_POINT('',#5532);
#1587=VERTEX_POINT('',#5534);
#1588=VERTEX_POINT('',#5538);
#1589=VERTEX_POINT('',#5540);
#1590=VERTEX_POINT('',#5544);
#1591=VERTEX_POINT('',#5549);
#1592=VERTEX_POINT('',#5553);
#1593=VERTEX_POINT('',#5557);
#1594=VERTEX_POINT('',#5561);
#1595=VERTEX_POINT('',#5565);
#1596=VERTEX_POINT('',#5569);
#1597=VERTEX_POINT('',#5636);
#1598=VERTEX_POINT('',#5638);
#1599=VERTEX_POINT('',#5642);
#1600=VERTEX_POINT('',#5646);
#1601=VERTEX_POINT('',#5652);
#1602=VERTEX_POINT('',#5653);
#1603=VERTEX_POINT('',#5658);
#1604=VERTEX_POINT('',#5662);
#1605=EDGE_CURVE('',#1333,#1334,#645,.T.);
#1606=EDGE_CURVE('',#1334,#1335,#517,.T.);
#1607=EDGE_CURVE('',#1335,#1336,#646,.T.);
#1608=EDGE_CURVE('',#1333,#1336,#518,.T.);
#1609=EDGE_CURVE('',#1334,#1337,#647,.T.);
#1610=EDGE_CURVE('',#1337,#1338,#519,.T.);
#1611=EDGE_CURVE('',#1338,#1335,#648,.T.);
#1612=EDGE_CURVE('',#1337,#1339,#649,.T.);
#1613=EDGE_CURVE('',#1339,#1340,#520,.T.);
#1614=EDGE_CURVE('',#1340,#1338,#650,.T.);
#1615=EDGE_CURVE('',#1339,#1341,#651,.T.);
#1616=EDGE_CURVE('',#1341,#1342,#521,.T.);
#1617=EDGE_CURVE('',#1342,#1340,#652,.T.);
#1618=EDGE_CURVE('',#1343,#1344,#653,.T.);
#1619=EDGE_CURVE('',#1344,#1345,#522,.T.);
#1620=EDGE_CURVE('',#1345,#1346,#654,.T.);
#1621=EDGE_CURVE('',#1346,#1343,#523,.T.);
#1622=EDGE_CURVE('',#1341,#1347,#655,.T.);
#1623=EDGE_CURVE('',#1347,#1348,#524,.T.);
#1624=EDGE_CURVE('',#1348,#1342,#656,.T.);
#1625=EDGE_CURVE('',#1347,#1349,#657,.T.);
#1626=EDGE_CURVE('',#1349,#1350,#525,.T.);
#1627=EDGE_CURVE('',#1350,#1348,#658,.T.);
#1628=EDGE_CURVE('',#1349,#1351,#659,.T.);
#1629=EDGE_CURVE('',#1351,#1352,#526,.T.);
#1630=EDGE_CURVE('',#1352,#1350,#660,.T.);
#1631=EDGE_CURVE('',#1353,#1352,#661,.T.);
#1632=EDGE_CURVE('',#1351,#1354,#662,.T.);
#1633=EDGE_CURVE('',#1354,#1353,#527,.T.);
#1634=EDGE_CURVE('',#1355,#1353,#663,.T.);
#1635=EDGE_CURVE('',#1354,#1356,#664,.T.);
#1636=EDGE_CURVE('',#1356,#1355,#528,.T.);
#1637=EDGE_CURVE('',#1344,#1355,#665,.T.);
#1638=EDGE_CURVE('',#1356,#1345,#666,.T.);
#1639=EDGE_CURVE('',#1357,#1343,#667,.T.);
#1640=EDGE_CURVE('',#1346,#1358,#668,.T.);
#1641=EDGE_CURVE('',#1358,#1357,#529,.T.);
#1642=EDGE_CURVE('',#1359,#1357,#669,.T.);
#1643=EDGE_CURVE('',#1358,#1360,#670,.T.);
#1644=EDGE_CURVE('',#1360,#1359,#530,.T.);
#1645=EDGE_CURVE('',#1361,#1359,#671,.T.);
#1646=EDGE_CURVE('',#1360,#1362,#672,.T.);
#1647=EDGE_CURVE('',#1362,#1361,#531,.T.);
#1648=EDGE_CURVE('',#1363,#1361,#673,.T.);
#1649=EDGE_CURVE('',#1362,#1364,#674,.T.);
#1650=EDGE_CURVE('',#1364,#1363,#532,.T.);
#1651=EDGE_CURVE('',#1336,#1363,#675,.T.);
#1652=EDGE_CURVE('',#1364,#1333,#676,.T.);
#1653=EDGE_CURVE('',#1334,#1365,#677,.T.);
#1654=EDGE_CURVE('',#1366,#1365,#678,.T.);
#1655=EDGE_CURVE('',#1337,#1366,#679,.T.);
#1656=EDGE_CURVE('',#1333,#1367,#680,.T.);
#1657=EDGE_CURVE('',#1365,#1367,#681,.T.);
#1658=EDGE_CURVE('',#1364,#1368,#682,.T.);
#1659=EDGE_CURVE('',#1367,#1368,#683,.T.);
#1660=EDGE_CURVE('',#1362,#1369,#684,.T.);
#1661=EDGE_CURVE('',#1368,#1369,#685,.T.);
#1662=EDGE_CURVE('',#1360,#1370,#686,.T.);
#1663=EDGE_CURVE('',#1369,#1370,#687,.T.);
#1664=EDGE_CURVE('',#1358,#1371,#688,.T.);
#1665=EDGE_CURVE('',#1370,#1371,#689,.T.);
#1666=EDGE_CURVE('',#1346,#1372,#690,.T.);
#1667=EDGE_CURVE('',#1371,#1372,#691,.T.);
#1668=EDGE_CURVE('',#1345,#1373,#692,.T.);
#1669=EDGE_CURVE('',#1372,#1373,#693,.T.);
#1670=EDGE_CURVE('',#1374,#1375,#694,.T.);
#1671=EDGE_CURVE('',#1375,#1376,#695,.T.);
#1672=EDGE_CURVE('',#1376,#1377,#696,.T.);
#1673=EDGE_CURVE('',#1377,#1374,#697,.T.);
#1674=EDGE_CURVE('',#1378,#1379,#698,.T.);
#1675=EDGE_CURVE('',#1380,#1378,#699,.T.);
#1676=EDGE_CURVE('',#1381,#1380,#700,.T.);
#1677=EDGE_CURVE('',#1382,#1381,#701,.T.);
#1678=EDGE_CURVE('',#1383,#1382,#702,.T.);
#1679=EDGE_CURVE('',#1384,#1383,#703,.T.);
#1680=EDGE_CURVE('',#1385,#1384,#704,.T.);
#1681=EDGE_CURVE('',#1386,#1385,#705,.T.);
#1682=EDGE_CURVE('',#1387,#1386,#706,.T.);
#1683=EDGE_CURVE('',#1388,#1387,#707,.T.);
#1684=EDGE_CURVE('',#1389,#1388,#708,.T.);
#1685=EDGE_CURVE('',#1390,#1389,#709,.T.);
#1686=EDGE_CURVE('',#1391,#1390,#710,.T.);
#1687=EDGE_CURVE('',#1392,#1391,#711,.T.);
#1688=EDGE_CURVE('',#1393,#1392,#712,.T.);
#1689=EDGE_CURVE('',#1379,#1393,#713,.T.);
#1690=EDGE_CURVE('',#1394,#1395,#714,.T.);
#1691=EDGE_CURVE('',#1396,#1394,#715,.T.);
#1692=EDGE_CURVE('',#1397,#1396,#716,.T.);
#1693=EDGE_CURVE('',#1398,#1397,#717,.T.);
#1694=EDGE_CURVE('',#1399,#1398,#718,.T.);
#1695=EDGE_CURVE('',#1400,#1399,#719,.T.);
#1696=EDGE_CURVE('',#1401,#1400,#720,.T.);
#1697=EDGE_CURVE('',#1402,#1401,#721,.T.);
#1698=EDGE_CURVE('',#1403,#1402,#722,.T.);
#1699=EDGE_CURVE('',#1404,#1403,#723,.T.);
#1700=EDGE_CURVE('',#1405,#1404,#724,.T.);
#1701=EDGE_CURVE('',#1406,#1405,#725,.T.);
#1702=EDGE_CURVE('',#1407,#1406,#726,.T.);
#1703=EDGE_CURVE('',#1408,#1407,#727,.T.);
#1704=EDGE_CURVE('',#1409,#1408,#728,.T.);
#1705=EDGE_CURVE('',#1395,#1409,#729,.T.);
#1706=EDGE_CURVE('',#1410,#1411,#730,.T.);
#1707=EDGE_CURVE('',#1411,#1412,#731,.T.);
#1708=EDGE_CURVE('',#1412,#1413,#732,.T.);
#1709=EDGE_CURVE('',#1413,#1410,#733,.T.);
#1710=EDGE_CURVE('',#1414,#1415,#734,.T.);
#1711=EDGE_CURVE('',#1416,#1414,#735,.T.);
#1712=EDGE_CURVE('',#1417,#1416,#736,.T.);
#1713=EDGE_CURVE('',#1418,#1417,#737,.T.);
#1714=EDGE_CURVE('',#1419,#1418,#738,.T.);
#1715=EDGE_CURVE('',#1420,#1419,#739,.T.);
#1716=EDGE_CURVE('',#1421,#1420,#740,.T.);
#1717=EDGE_CURVE('',#1422,#1421,#741,.T.);
#1718=EDGE_CURVE('',#1423,#1422,#742,.T.);
#1719=EDGE_CURVE('',#1424,#1423,#743,.T.);
#1720=EDGE_CURVE('',#1425,#1424,#744,.T.);
#1721=EDGE_CURVE('',#1426,#1425,#745,.T.);
#1722=EDGE_CURVE('',#1427,#1426,#746,.T.);
#1723=EDGE_CURVE('',#1428,#1427,#747,.T.);
#1724=EDGE_CURVE('',#1429,#1428,#748,.T.);
#1725=EDGE_CURVE('',#1415,#1429,#749,.T.);
#1726=EDGE_CURVE('',#1430,#1431,#750,.T.);
#1727=EDGE_CURVE('',#1431,#1383,#533,.T.);
#1728=EDGE_CURVE('',#1430,#1382,#534,.T.);
#1729=EDGE_CURVE('',#1431,#1432,#751,.T.);
#1730=EDGE_CURVE('',#1432,#1384,#535,.T.);
#1731=EDGE_CURVE('',#1379,#1433,#536,.T.);
#1732=EDGE_CURVE('',#1433,#1434,#752,.T.);
#1733=EDGE_CURVE('',#1434,#1378,#537,.T.);
#1734=EDGE_CURVE('',#1432,#1435,#753,.T.);
#1735=EDGE_CURVE('',#1435,#1385,#538,.T.);
#1736=EDGE_CURVE('',#1435,#1436,#754,.T.);
#1737=EDGE_CURVE('',#1436,#1386,#539,.T.);
#1738=EDGE_CURVE('',#1436,#1437,#755,.T.);
#1739=EDGE_CURVE('',#1437,#1387,#540,.T.);
#1740=EDGE_CURVE('',#1437,#1438,#756,.T.);
#1741=EDGE_CURVE('',#1438,#1388,#541,.T.);
#1742=EDGE_CURVE('',#1438,#1439,#757,.T.);
#1743=EDGE_CURVE('',#1439,#1389,#542,.T.);
#1744=EDGE_CURVE('',#1439,#1440,#758,.T.);
#1745=EDGE_CURVE('',#1440,#1390,#543,.T.);
#1746=EDGE_CURVE('',#1440,#1441,#759,.T.);
#1747=EDGE_CURVE('',#1441,#1391,#544,.T.);
#1748=EDGE_CURVE('',#1441,#1442,#760,.T.);
#1749=EDGE_CURVE('',#1442,#1392,#545,.T.);
#1750=EDGE_CURVE('',#1442,#1443,#761,.T.);
#1751=EDGE_CURVE('',#1443,#1393,#546,.T.);
#1752=EDGE_CURVE('',#1443,#1433,#762,.T.);
#1753=EDGE_CURVE('',#1434,#1444,#763,.T.);
#1754=EDGE_CURVE('',#1444,#1380,#547,.T.);
#1755=EDGE_CURVE('',#1444,#1445,#764,.T.);
#1756=EDGE_CURVE('',#1445,#1381,#548,.T.);
#1757=EDGE_CURVE('',#1445,#1430,#765,.T.);
#1758=EDGE_CURVE('',#1435,#1446,#766,.T.);
#1759=EDGE_CURVE('',#1447,#1446,#767,.T.);
#1760=EDGE_CURVE('',#1436,#1447,#768,.T.);
#1761=EDGE_CURVE('',#1432,#1448,#769,.T.);
#1762=EDGE_CURVE('',#1446,#1448,#770,.T.);
#1763=EDGE_CURVE('',#1431,#1449,#771,.T.);
#1764=EDGE_CURVE('',#1448,#1449,#772,.T.);
#1765=EDGE_CURVE('',#1430,#1450,#773,.T.);
#1766=EDGE_CURVE('',#1449,#1450,#774,.T.);
#1767=EDGE_CURVE('',#1445,#1451,#775,.T.);
#1768=EDGE_CURVE('',#1450,#1451,#776,.T.);
#1769=EDGE_CURVE('',#1444,#1452,#777,.T.);
#1770=EDGE_CURVE('',#1451,#1452,#778,.T.);
#1771=EDGE_CURVE('',#1434,#1453,#779,.T.);
#1772=EDGE_CURVE('',#1452,#1453,#780,.T.);
#1773=EDGE_CURVE('',#1433,#1454,#781,.T.);
#1774=EDGE_CURVE('',#1453,#1454,#782,.T.);
#1775=EDGE_CURVE('',#1455,#1456,#783,.T.);
#1776=EDGE_CURVE('',#1456,#1414,#549,.T.);
#1777=EDGE_CURVE('',#1415,#1455,#550,.T.);
#1778=EDGE_CURVE('',#1456,#1457,#784,.T.);
#1779=EDGE_CURVE('',#1457,#1416,#551,.T.);
#1780=EDGE_CURVE('',#1457,#1458,#785,.T.);
#1781=EDGE_CURVE('',#1458,#1417,#552,.T.);
#1782=EDGE_CURVE('',#1458,#1459,#786,.T.);
#1783=EDGE_CURVE('',#1459,#1418,#553,.T.);
#1784=EDGE_CURVE('',#1459,#1460,#787,.T.);
#1785=EDGE_CURVE('',#1460,#1419,#554,.T.);
#1786=EDGE_CURVE('',#1460,#1461,#788,.T.);
#1787=EDGE_CURVE('',#1461,#1420,#555,.T.);
#1788=EDGE_CURVE('',#1461,#1462,#789,.T.);
#1789=EDGE_CURVE('',#1462,#1421,#556,.T.);
#1790=EDGE_CURVE('',#1462,#1463,#790,.T.);
#1791=EDGE_CURVE('',#1463,#1422,#557,.T.);
#1792=EDGE_CURVE('',#1463,#1464,#791,.T.);
#1793=EDGE_CURVE('',#1464,#1423,#558,.T.);
#1794=EDGE_CURVE('',#1464,#1465,#792,.T.);
#1795=EDGE_CURVE('',#1465,#1424,#559,.T.);
#1796=EDGE_CURVE('',#1465,#1466,#793,.T.);
#1797=EDGE_CURVE('',#1466,#1425,#560,.T.);
#1798=EDGE_CURVE('',#1466,#1467,#794,.T.);
#1799=EDGE_CURVE('',#1467,#1426,#561,.T.);
#1800=EDGE_CURVE('',#1467,#1468,#795,.T.);
#1801=EDGE_CURVE('',#1468,#1427,#562,.T.);
#1802=EDGE_CURVE('',#1468,#1469,#796,.T.);
#1803=EDGE_CURVE('',#1469,#1428,#563,.T.);
#1804=EDGE_CURVE('',#1469,#1470,#797,.T.);
#1805=EDGE_CURVE('',#1470,#1429,#564,.T.);
#1806=EDGE_CURVE('',#1470,#1455,#798,.T.);
#1807=EDGE_CURVE('',#1462,#1471,#799,.T.);
#1808=EDGE_CURVE('',#1472,#1471,#800,.T.);
#1809=EDGE_CURVE('',#1463,#1472,#801,.T.);
#1810=EDGE_CURVE('',#1461,#1473,#802,.T.);
#1811=EDGE_CURVE('',#1471,#1473,#803,.T.);
#1812=EDGE_CURVE('',#1460,#1474,#804,.T.);
#1813=EDGE_CURVE('',#1473,#1474,#805,.T.);
#1814=EDGE_CURVE('',#1459,#1475,#806,.T.);
#1815=EDGE_CURVE('',#1474,#1475,#807,.T.);
#1816=EDGE_CURVE('',#1458,#1476,#808,.T.);
#1817=EDGE_CURVE('',#1475,#1476,#809,.T.);
#1818=EDGE_CURVE('',#1457,#1477,#810,.T.);
#1819=EDGE_CURVE('',#1476,#1477,#811,.T.);
#1820=EDGE_CURVE('',#1456,#1478,#812,.T.);
#1821=EDGE_CURVE('',#1477,#1478,#813,.T.);
#1822=EDGE_CURVE('',#1455,#1479,#814,.T.);
#1823=EDGE_CURVE('',#1478,#1479,#815,.T.);
#1824=EDGE_CURVE('',#1480,#1481,#816,.T.);
#1825=EDGE_CURVE('',#1481,#1407,#565,.T.);
#1826=EDGE_CURVE('',#1480,#1406,#566,.T.);
#1827=EDGE_CURVE('',#1481,#1482,#817,.T.);
#1828=EDGE_CURVE('',#1482,#1408,#567,.T.);
#1829=EDGE_CURVE('',#1482,#1483,#818,.T.);
#1830=EDGE_CURVE('',#1483,#1409,#568,.T.);
#1831=EDGE_CURVE('',#1484,#1485,#819,.T.);
#1832=EDGE_CURVE('',#1485,#1394,#569,.T.);
#1833=EDGE_CURVE('',#1395,#1484,#570,.T.);
#1834=EDGE_CURVE('',#1485,#1486,#820,.T.);
#1835=EDGE_CURVE('',#1486,#1396,#571,.T.);
#1836=EDGE_CURVE('',#1486,#1487,#821,.T.);
#1837=EDGE_CURVE('',#1487,#1397,#572,.T.);
#1838=EDGE_CURVE('',#1487,#1488,#822,.T.);
#1839=EDGE_CURVE('',#1488,#1398,#573,.T.);
#1840=EDGE_CURVE('',#1488,#1489,#823,.T.);
#1841=EDGE_CURVE('',#1489,#1399,#574,.T.);
#1842=EDGE_CURVE('',#1489,#1490,#824,.T.);
#1843=EDGE_CURVE('',#1490,#1400,#575,.T.);
#1844=EDGE_CURVE('',#1490,#1491,#825,.T.);
#1845=EDGE_CURVE('',#1491,#1401,#576,.T.);
#1846=EDGE_CURVE('',#1483,#1484,#826,.T.);
#1847=EDGE_CURVE('',#1491,#1492,#827,.T.);
#1848=EDGE_CURVE('',#1492,#1402,#577,.T.);
#1849=EDGE_CURVE('',#1492,#1493,#828,.T.);
#1850=EDGE_CURVE('',#1493,#1403,#578,.T.);
#1851=EDGE_CURVE('',#1493,#1494,#829,.T.);
#1852=EDGE_CURVE('',#1494,#1404,#579,.T.);
#1853=EDGE_CURVE('',#1494,#1495,#830,.T.);
#1854=EDGE_CURVE('',#1495,#1405,#580,.T.);
#1855=EDGE_CURVE('',#1495,#1480,#831,.T.);
#1856=EDGE_CURVE('',#1491,#1496,#832,.T.);
#1857=EDGE_CURVE('',#1497,#1496,#833,.T.);
#1858=EDGE_CURVE('',#1492,#1497,#834,.T.);
#1859=EDGE_CURVE('',#1490,#1498,#835,.T.);
#1860=EDGE_CURVE('',#1496,#1498,#836,.T.);
#1861=EDGE_CURVE('',#1489,#1499,#837,.T.);
#1862=EDGE_CURVE('',#1498,#1499,#838,.T.);
#1863=EDGE_CURVE('',#1488,#1500,#839,.T.);
#1864=EDGE_CURVE('',#1499,#1500,#840,.T.);
#1865=EDGE_CURVE('',#1487,#1501,#841,.T.);
#1866=EDGE_CURVE('',#1500,#1501,#842,.T.);
#1867=EDGE_CURVE('',#1486,#1502,#843,.T.);
#1868=EDGE_CURVE('',#1501,#1502,#844,.T.);
#1869=EDGE_CURVE('',#1485,#1503,#845,.T.);
#1870=EDGE_CURVE('',#1502,#1503,#846,.T.);
#1871=EDGE_CURVE('',#1484,#1504,#847,.T.);
#1872=EDGE_CURVE('',#1503,#1504,#848,.T.);
#1873=EDGE_CURVE('',#1505,#1506,#849,.T.);
#1874=EDGE_CURVE('',#1506,#1472,#581,.T.);
#1875=EDGE_CURVE('',#1505,#1471,#582,.T.);
#1876=EDGE_CURVE('',#1506,#1507,#850,.T.);
#1877=EDGE_CURVE('',#1507,#1508,#583,.T.);
#1878=EDGE_CURVE('',#1508,#1472,#851,.T.);
#1879=EDGE_CURVE('',#1507,#1509,#852,.T.);
#1880=EDGE_CURVE('',#1509,#1510,#584,.T.);
#1881=EDGE_CURVE('',#1510,#1508,#853,.T.);
#1882=EDGE_CURVE('',#1509,#1511,#854,.T.);
#1883=EDGE_CURVE('',#1511,#1512,#585,.T.);
#1884=EDGE_CURVE('',#1512,#1510,#855,.T.);
#1885=EDGE_CURVE('',#1511,#1513,#856,.T.);
#1886=EDGE_CURVE('',#1513,#1514,#586,.T.);
#1887=EDGE_CURVE('',#1514,#1512,#857,.T.);
#1888=EDGE_CURVE('',#1513,#1515,#858,.T.);
#1889=EDGE_CURVE('',#1515,#1516,#587,.T.);
#1890=EDGE_CURVE('',#1516,#1514,#859,.T.);
#1891=EDGE_CURVE('',#1515,#1517,#860,.T.);
#1892=EDGE_CURVE('',#1517,#1518,#588,.T.);
#1893=EDGE_CURVE('',#1518,#1516,#861,.T.);
#1894=EDGE_CURVE('',#1517,#1519,#862,.T.);
#1895=EDGE_CURVE('',#1519,#1520,#589,.T.);
#1896=EDGE_CURVE('',#1520,#1518,#863,.T.);
#1897=EDGE_CURVE('',#1519,#1521,#864,.T.);
#1898=EDGE_CURVE('',#1521,#1479,#590,.T.);
#1899=EDGE_CURVE('',#1479,#1520,#865,.T.);
#1900=EDGE_CURVE('',#1521,#1522,#866,.T.);
#1901=EDGE_CURVE('',#1522,#1478,#591,.T.);
#1902=EDGE_CURVE('',#1522,#1523,#867,.T.);
#1903=EDGE_CURVE('',#1523,#1477,#592,.T.);
#1904=EDGE_CURVE('',#1523,#1524,#868,.T.);
#1905=EDGE_CURVE('',#1524,#1476,#593,.T.);
#1906=EDGE_CURVE('',#1524,#1525,#869,.T.);
#1907=EDGE_CURVE('',#1525,#1475,#594,.T.);
#1908=EDGE_CURVE('',#1525,#1526,#870,.T.);
#1909=EDGE_CURVE('',#1526,#1474,#595,.T.);
#1910=EDGE_CURVE('',#1526,#1527,#871,.T.);
#1911=EDGE_CURVE('',#1527,#1473,#596,.T.);
#1912=EDGE_CURVE('',#1527,#1505,#872,.T.);
#1913=EDGE_CURVE('',#1528,#1529,#873,.T.);
#1914=EDGE_CURVE('',#1529,#1497,#597,.T.);
#1915=EDGE_CURVE('',#1528,#1496,#598,.T.);
#1916=EDGE_CURVE('',#1529,#1530,#874,.T.);
#1917=EDGE_CURVE('',#1530,#1531,#599,.T.);
#1918=EDGE_CURVE('',#1531,#1497,#875,.T.);
#1919=EDGE_CURVE('',#1530,#1532,#876,.T.);
#1920=EDGE_CURVE('',#1532,#1533,#600,.T.);
#1921=EDGE_CURVE('',#1533,#1531,#877,.T.);
#1922=EDGE_CURVE('',#1532,#1534,#878,.T.);
#1923=EDGE_CURVE('',#1534,#1535,#601,.T.);
#1924=EDGE_CURVE('',#1535,#1533,#879,.T.);
#1925=EDGE_CURVE('',#1534,#1536,#880,.T.);
#1926=EDGE_CURVE('',#1536,#1537,#602,.T.);
#1927=EDGE_CURVE('',#1537,#1535,#881,.T.);
#1928=EDGE_CURVE('',#1536,#1538,#882,.T.);
#1929=EDGE_CURVE('',#1538,#1539,#603,.T.);
#1930=EDGE_CURVE('',#1539,#1537,#883,.T.);
#1931=EDGE_CURVE('',#1538,#1540,#884,.T.);
#1932=EDGE_CURVE('',#1540,#1541,#604,.T.);
#1933=EDGE_CURVE('',#1541,#1539,#885,.T.);
#1934=EDGE_CURVE('',#1540,#1542,#886,.T.);
#1935=EDGE_CURVE('',#1542,#1543,#605,.T.);
#1936=EDGE_CURVE('',#1543,#1541,#887,.T.);
#1937=EDGE_CURVE('',#1542,#1544,#888,.T.);
#1938=EDGE_CURVE('',#1544,#1504,#606,.T.);
#1939=EDGE_CURVE('',#1504,#1543,#889,.T.);
#1940=EDGE_CURVE('',#1544,#1545,#890,.T.);
#1941=EDGE_CURVE('',#1545,#1503,#607,.T.);
#1942=EDGE_CURVE('',#1545,#1546,#891,.T.);
#1943=EDGE_CURVE('',#1546,#1502,#608,.T.);
#1944=EDGE_CURVE('',#1546,#1547,#892,.T.);
#1945=EDGE_CURVE('',#1547,#1501,#609,.T.);
#1946=EDGE_CURVE('',#1547,#1548,#893,.T.);
#1947=EDGE_CURVE('',#1548,#1500,#610,.T.);
#1948=EDGE_CURVE('',#1548,#1549,#894,.T.);
#1949=EDGE_CURVE('',#1549,#1499,#611,.T.);
#1950=EDGE_CURVE('',#1549,#1550,#895,.T.);
#1951=EDGE_CURVE('',#1550,#1498,#612,.T.);
#1952=EDGE_CURVE('',#1550,#1528,#896,.T.);
#1953=EDGE_CURVE('',#1551,#1552,#897,.T.);
#1954=EDGE_CURVE('',#1552,#1366,#613,.T.);
#1955=EDGE_CURVE('',#1551,#1365,#614,.T.);
#1956=EDGE_CURVE('',#1552,#1553,#898,.T.);
#1957=EDGE_CURVE('',#1553,#1554,#615,.T.);
#1958=EDGE_CURVE('',#1554,#1366,#899,.T.);
#1959=EDGE_CURVE('',#1553,#1555,#900,.T.);
#1960=EDGE_CURVE('',#1555,#1556,#616,.T.);
#1961=EDGE_CURVE('',#1556,#1554,#901,.T.);
#1962=EDGE_CURVE('',#1555,#1557,#902,.T.);
#1963=EDGE_CURVE('',#1557,#1558,#617,.T.);
#1964=EDGE_CURVE('',#1558,#1556,#903,.T.);
#1965=EDGE_CURVE('',#1557,#1559,#904,.T.);
#1966=EDGE_CURVE('',#1559,#1560,#618,.T.);
#1967=EDGE_CURVE('',#1560,#1558,#905,.T.);
#1968=EDGE_CURVE('',#1559,#1561,#906,.T.);
#1969=EDGE_CURVE('',#1561,#1562,#619,.T.);
#1970=EDGE_CURVE('',#1562,#1560,#907,.T.);
#1971=EDGE_CURVE('',#1561,#1563,#908,.T.);
#1972=EDGE_CURVE('',#1563,#1564,#620,.T.);
#1973=EDGE_CURVE('',#1564,#1562,#909,.T.);
#1974=EDGE_CURVE('',#1563,#1565,#910,.T.);
#1975=EDGE_CURVE('',#1565,#1566,#621,.T.);
#1976=EDGE_CURVE('',#1566,#1564,#911,.T.);
#1977=EDGE_CURVE('',#1565,#1567,#912,.T.);
#1978=EDGE_CURVE('',#1567,#1373,#622,.T.);
#1979=EDGE_CURVE('',#1373,#1566,#913,.T.);
#1980=EDGE_CURVE('',#1567,#1568,#914,.T.);
#1981=EDGE_CURVE('',#1568,#1372,#623,.T.);
#1982=EDGE_CURVE('',#1568,#1569,#915,.T.);
#1983=EDGE_CURVE('',#1569,#1371,#624,.T.);
#1984=EDGE_CURVE('',#1569,#1570,#916,.T.);
#1985=EDGE_CURVE('',#1570,#1370,#625,.T.);
#1986=EDGE_CURVE('',#1570,#1571,#917,.T.);
#1987=EDGE_CURVE('',#1571,#1369,#626,.T.);
#1988=EDGE_CURVE('',#1571,#1572,#918,.T.);
#1989=EDGE_CURVE('',#1572,#1368,#627,.T.);
#1990=EDGE_CURVE('',#1572,#1573,#919,.T.);
#1991=EDGE_CURVE('',#1573,#1367,#628,.T.);
#1992=EDGE_CURVE('',#1573,#1551,#920,.T.);
#1993=EDGE_CURVE('',#1574,#1575,#921,.T.);
#1994=EDGE_CURVE('',#1575,#1447,#629,.T.);
#1995=EDGE_CURVE('',#1574,#1446,#630,.T.);
#1996=EDGE_CURVE('',#1575,#1576,#922,.T.);
#1997=EDGE_CURVE('',#1576,#1577,#631,.T.);
#1998=EDGE_CURVE('',#1577,#1447,#923,.T.);
#1999=EDGE_CURVE('',#1576,#1578,#924,.T.);
#2000=EDGE_CURVE('',#1578,#1579,#632,.T.);
#2001=EDGE_CURVE('',#1579,#1577,#925,.T.);
#2002=EDGE_CURVE('',#1578,#1580,#926,.T.);
#2003=EDGE_CURVE('',#1580,#1581,#633,.T.);
#2004=EDGE_CURVE('',#1581,#1579,#927,.T.);
#2005=EDGE_CURVE('',#1580,#1582,#928,.T.);
#2006=EDGE_CURVE('',#1582,#1583,#634,.T.);
#2007=EDGE_CURVE('',#1583,#1581,#929,.T.);
#2008=EDGE_CURVE('',#1582,#1584,#930,.T.);
#2009=EDGE_CURVE('',#1584,#1585,#635,.T.);
#2010=EDGE_CURVE('',#1585,#1583,#931,.T.);
#2011=EDGE_CURVE('',#1584,#1586,#932,.T.);
#2012=EDGE_CURVE('',#1586,#1587,#636,.T.);
#2013=EDGE_CURVE('',#1587,#1585,#933,.T.);
#2014=EDGE_CURVE('',#1586,#1588,#934,.T.);
#2015=EDGE_CURVE('',#1588,#1589,#637,.T.);
#2016=EDGE_CURVE('',#1589,#1587,#935,.T.);
#2017=EDGE_CURVE('',#1588,#1590,#936,.T.);
#2018=EDGE_CURVE('',#1590,#1454,#638,.T.);
#2019=EDGE_CURVE('',#1454,#1589,#937,.T.);
#2020=EDGE_CURVE('',#1590,#1591,#938,.T.);
#2021=EDGE_CURVE('',#1591,#1453,#639,.T.);
#2022=EDGE_CURVE('',#1591,#1592,#939,.T.);
#2023=EDGE_CURVE('',#1592,#1452,#640,.T.);
#2024=EDGE_CURVE('',#1592,#1593,#940,.T.);
#2025=EDGE_CURVE('',#1593,#1451,#641,.T.);
#2026=EDGE_CURVE('',#1593,#1594,#941,.T.);
#2027=EDGE_CURVE('',#1594,#1450,#642,.T.);
#2028=EDGE_CURVE('',#1594,#1595,#942,.T.);
#2029=EDGE_CURVE('',#1595,#1449,#643,.T.);
#2030=EDGE_CURVE('',#1595,#1596,#943,.T.);
#2031=EDGE_CURVE('',#1596,#1448,#644,.T.);
#2032=EDGE_CURVE('',#1596,#1574,#944,.T.);
#2033=EDGE_CURVE('',#1464,#1508,#945,.T.);
#2034=EDGE_CURVE('',#1465,#1510,#946,.T.);
#2035=EDGE_CURVE('',#1466,#1512,#947,.T.);
#2036=EDGE_CURVE('',#1467,#1514,#948,.T.);
#2037=EDGE_CURVE('',#1468,#1516,#949,.T.);
#2038=EDGE_CURVE('',#1469,#1518,#950,.T.);
#2039=EDGE_CURVE('',#1470,#1520,#951,.T.);
#2040=EDGE_CURVE('',#1493,#1531,#952,.T.);
#2041=EDGE_CURVE('',#1494,#1533,#953,.T.);
#2042=EDGE_CURVE('',#1495,#1535,#954,.T.);
#2043=EDGE_CURVE('',#1480,#1537,#955,.T.);
#2044=EDGE_CURVE('',#1481,#1539,#956,.T.);
#2045=EDGE_CURVE('',#1482,#1541,#957,.T.);
#2046=EDGE_CURVE('',#1483,#1543,#958,.T.);
#2047=EDGE_CURVE('',#1437,#1577,#959,.T.);
#2048=EDGE_CURVE('',#1438,#1579,#960,.T.);
#2049=EDGE_CURVE('',#1439,#1581,#961,.T.);
#2050=EDGE_CURVE('',#1440,#1583,#962,.T.);
#2051=EDGE_CURVE('',#1441,#1585,#963,.T.);
#2052=EDGE_CURVE('',#1442,#1587,#964,.T.);
#2053=EDGE_CURVE('',#1443,#1589,#965,.T.);
#2054=EDGE_CURVE('',#1339,#1554,#966,.T.);
#2055=EDGE_CURVE('',#1341,#1556,#967,.T.);
#2056=EDGE_CURVE('',#1347,#1558,#968,.T.);
#2057=EDGE_CURVE('',#1349,#1560,#969,.T.);
#2058=EDGE_CURVE('',#1351,#1562,#970,.T.);
#2059=EDGE_CURVE('',#1354,#1564,#971,.T.);
#2060=EDGE_CURVE('',#1356,#1566,#972,.T.);
#2061=EDGE_CURVE('',#1410,#1597,#973,.T.);
#2062=EDGE_CURVE('',#1598,#1597,#974,.T.);
#2063=EDGE_CURVE('',#1411,#1598,#975,.T.);
#2064=EDGE_CURVE('',#1413,#1599,#976,.T.);
#2065=EDGE_CURVE('',#1597,#1599,#977,.T.);
#2066=EDGE_CURVE('',#1412,#1600,#978,.T.);
#2067=EDGE_CURVE('',#1599,#1600,#979,.T.);
#2068=EDGE_CURVE('',#1600,#1598,#980,.T.);
#2069=EDGE_CURVE('',#1601,#1602,#981,.T.);
#2070=EDGE_CURVE('',#1602,#1374,#982,.T.);
#2071=EDGE_CURVE('',#1601,#1377,#983,.T.);
#2072=EDGE_CURVE('',#1603,#1601,#984,.T.);
#2073=EDGE_CURVE('',#1603,#1376,#985,.T.);
#2074=EDGE_CURVE('',#1604,#1603,#986,.T.);
#2075=EDGE_CURVE('',#1604,#1375,#987,.T.);
#2076=EDGE_CURVE('',#1602,#1604,#988,.T.);
#2077=ORIENTED_EDGE('',*,*,#1605,.T.);
#2078=ORIENTED_EDGE('',*,*,#1606,.T.);
#2079=ORIENTED_EDGE('',*,*,#1607,.T.);
#2080=ORIENTED_EDGE('',*,*,#1608,.F.);
#2081=ORIENTED_EDGE('',*,*,#1609,.T.);
#2082=ORIENTED_EDGE('',*,*,#1610,.T.);
#2083=ORIENTED_EDGE('',*,*,#1611,.T.);
#2084=ORIENTED_EDGE('',*,*,#1606,.F.);
#2085=ORIENTED_EDGE('',*,*,#1612,.T.);
#2086=ORIENTED_EDGE('',*,*,#1613,.T.);
#2087=ORIENTED_EDGE('',*,*,#1614,.T.);
#2088=ORIENTED_EDGE('',*,*,#1610,.F.);
#2089=ORIENTED_EDGE('',*,*,#1615,.T.);
#2090=ORIENTED_EDGE('',*,*,#1616,.T.);
#2091=ORIENTED_EDGE('',*,*,#1617,.T.);
#2092=ORIENTED_EDGE('',*,*,#1613,.F.);
#2093=ORIENTED_EDGE('',*,*,#1618,.T.);
#2094=ORIENTED_EDGE('',*,*,#1619,.T.);
#2095=ORIENTED_EDGE('',*,*,#1620,.T.);
#2096=ORIENTED_EDGE('',*,*,#1621,.T.);
#2097=ORIENTED_EDGE('',*,*,#1622,.T.);
#2098=ORIENTED_EDGE('',*,*,#1623,.T.);
#2099=ORIENTED_EDGE('',*,*,#1624,.T.);
#2100=ORIENTED_EDGE('',*,*,#1616,.F.);
#2101=ORIENTED_EDGE('',*,*,#1625,.T.);
#2102=ORIENTED_EDGE('',*,*,#1626,.T.);
#2103=ORIENTED_EDGE('',*,*,#1627,.T.);
#2104=ORIENTED_EDGE('',*,*,#1623,.F.);
#2105=ORIENTED_EDGE('',*,*,#1628,.T.);
#2106=ORIENTED_EDGE('',*,*,#1629,.T.);
#2107=ORIENTED_EDGE('',*,*,#1630,.T.);
#2108=ORIENTED_EDGE('',*,*,#1626,.F.);
#2109=ORIENTED_EDGE('',*,*,#1631,.T.);
#2110=ORIENTED_EDGE('',*,*,#1629,.F.);
#2111=ORIENTED_EDGE('',*,*,#1632,.T.);
#2112=ORIENTED_EDGE('',*,*,#1633,.T.);
#2113=ORIENTED_EDGE('',*,*,#1634,.T.);
#2114=ORIENTED_EDGE('',*,*,#1633,.F.);
#2115=ORIENTED_EDGE('',*,*,#1635,.T.);
#2116=ORIENTED_EDGE('',*,*,#1636,.T.);
#2117=ORIENTED_EDGE('',*,*,#1637,.T.);
#2118=ORIENTED_EDGE('',*,*,#1636,.F.);
#2119=ORIENTED_EDGE('',*,*,#1638,.T.);
#2120=ORIENTED_EDGE('',*,*,#1619,.F.);
#2121=ORIENTED_EDGE('',*,*,#1639,.T.);
#2122=ORIENTED_EDGE('',*,*,#1621,.F.);
#2123=ORIENTED_EDGE('',*,*,#1640,.T.);
#2124=ORIENTED_EDGE('',*,*,#1641,.T.);
#2125=ORIENTED_EDGE('',*,*,#1642,.T.);
#2126=ORIENTED_EDGE('',*,*,#1641,.F.);
#2127=ORIENTED_EDGE('',*,*,#1643,.T.);
#2128=ORIENTED_EDGE('',*,*,#1644,.T.);
#2129=ORIENTED_EDGE('',*,*,#1645,.T.);
#2130=ORIENTED_EDGE('',*,*,#1644,.F.);
#2131=ORIENTED_EDGE('',*,*,#1646,.T.);
#2132=ORIENTED_EDGE('',*,*,#1647,.T.);
#2133=ORIENTED_EDGE('',*,*,#1648,.T.);
#2134=ORIENTED_EDGE('',*,*,#1647,.F.);
#2135=ORIENTED_EDGE('',*,*,#1649,.T.);
#2136=ORIENTED_EDGE('',*,*,#1650,.T.);
#2137=ORIENTED_EDGE('',*,*,#1651,.T.);
#2138=ORIENTED_EDGE('',*,*,#1650,.F.);
#2139=ORIENTED_EDGE('',*,*,#1652,.T.);
#2140=ORIENTED_EDGE('',*,*,#1608,.T.);
#2141=ORIENTED_EDGE('',*,*,#1609,.F.);
#2142=ORIENTED_EDGE('',*,*,#1653,.T.);
#2143=ORIENTED_EDGE('',*,*,#1654,.F.);
#2144=ORIENTED_EDGE('',*,*,#1655,.F.);
#2145=ORIENTED_EDGE('',*,*,#1605,.F.);
#2146=ORIENTED_EDGE('',*,*,#1656,.T.);
#2147=ORIENTED_EDGE('',*,*,#1657,.F.);
#2148=ORIENTED_EDGE('',*,*,#1653,.F.);
#2149=ORIENTED_EDGE('',*,*,#1652,.F.);
#2150=ORIENTED_EDGE('',*,*,#1658,.T.);
#2151=ORIENTED_EDGE('',*,*,#1659,.F.);
#2152=ORIENTED_EDGE('',*,*,#1656,.F.);
#2153=ORIENTED_EDGE('',*,*,#1649,.F.);
#2154=ORIENTED_EDGE('',*,*,#1660,.T.);
#2155=ORIENTED_EDGE('',*,*,#1661,.F.);
#2156=ORIENTED_EDGE('',*,*,#1658,.F.);
#2157=ORIENTED_EDGE('',*,*,#1646,.F.);
#2158=ORIENTED_EDGE('',*,*,#1662,.T.);
#2159=ORIENTED_EDGE('',*,*,#1663,.F.);
#2160=ORIENTED_EDGE('',*,*,#1660,.F.);
#2161=ORIENTED_EDGE('',*,*,#1643,.F.);
#2162=ORIENTED_EDGE('',*,*,#1664,.T.);
#2163=ORIENTED_EDGE('',*,*,#1665,.F.);
#2164=ORIENTED_EDGE('',*,*,#1662,.F.);
#2165=ORIENTED_EDGE('',*,*,#1640,.F.);
#2166=ORIENTED_EDGE('',*,*,#1666,.T.);
#2167=ORIENTED_EDGE('',*,*,#1667,.F.);
#2168=ORIENTED_EDGE('',*,*,#1664,.F.);
#2169=ORIENTED_EDGE('',*,*,#1620,.F.);
#2170=ORIENTED_EDGE('',*,*,#1668,.T.);
#2171=ORIENTED_EDGE('',*,*,#1669,.F.);
#2172=ORIENTED_EDGE('',*,*,#1666,.F.);
#2173=ORIENTED_EDGE('',*,*,#1670,.T.);
#2174=ORIENTED_EDGE('',*,*,#1671,.T.);
#2175=ORIENTED_EDGE('',*,*,#1672,.T.);
#2176=ORIENTED_EDGE('',*,*,#1673,.T.);
#2177=ORIENTED_EDGE('',*,*,#1674,.F.);
#2178=ORIENTED_EDGE('',*,*,#1675,.F.);
#2179=ORIENTED_EDGE('',*,*,#1676,.F.);
#2180=ORIENTED_EDGE('',*,*,#1677,.F.);
#2181=ORIENTED_EDGE('',*,*,#1678,.F.);
#2182=ORIENTED_EDGE('',*,*,#1679,.F.);
#2183=ORIENTED_EDGE('',*,*,#1680,.F.);
#2184=ORIENTED_EDGE('',*,*,#1681,.F.);
#2185=ORIENTED_EDGE('',*,*,#1682,.F.);
#2186=ORIENTED_EDGE('',*,*,#1683,.F.);
#2187=ORIENTED_EDGE('',*,*,#1684,.F.);
#2188=ORIENTED_EDGE('',*,*,#1685,.F.);
#2189=ORIENTED_EDGE('',*,*,#1686,.F.);
#2190=ORIENTED_EDGE('',*,*,#1687,.F.);
#2191=ORIENTED_EDGE('',*,*,#1688,.F.);
#2192=ORIENTED_EDGE('',*,*,#1689,.F.);
#2193=ORIENTED_EDGE('',*,*,#1690,.F.);
#2194=ORIENTED_EDGE('',*,*,#1691,.F.);
#2195=ORIENTED_EDGE('',*,*,#1692,.F.);
#2196=ORIENTED_EDGE('',*,*,#1693,.F.);
#2197=ORIENTED_EDGE('',*,*,#1694,.F.);
#2198=ORIENTED_EDGE('',*,*,#1695,.F.);
#2199=ORIENTED_EDGE('',*,*,#1696,.F.);
#2200=ORIENTED_EDGE('',*,*,#1697,.F.);
#2201=ORIENTED_EDGE('',*,*,#1698,.F.);
#2202=ORIENTED_EDGE('',*,*,#1699,.F.);
#2203=ORIENTED_EDGE('',*,*,#1700,.F.);
#2204=ORIENTED_EDGE('',*,*,#1701,.F.);
#2205=ORIENTED_EDGE('',*,*,#1702,.F.);
#2206=ORIENTED_EDGE('',*,*,#1703,.F.);
#2207=ORIENTED_EDGE('',*,*,#1704,.F.);
#2208=ORIENTED_EDGE('',*,*,#1705,.F.);
#2209=ORIENTED_EDGE('',*,*,#1706,.T.);
#2210=ORIENTED_EDGE('',*,*,#1707,.T.);
#2211=ORIENTED_EDGE('',*,*,#1708,.T.);
#2212=ORIENTED_EDGE('',*,*,#1709,.T.);
#2213=ORIENTED_EDGE('',*,*,#1710,.F.);
#2214=ORIENTED_EDGE('',*,*,#1711,.F.);
#2215=ORIENTED_EDGE('',*,*,#1712,.F.);
#2216=ORIENTED_EDGE('',*,*,#1713,.F.);
#2217=ORIENTED_EDGE('',*,*,#1714,.F.);
#2218=ORIENTED_EDGE('',*,*,#1715,.F.);
#2219=ORIENTED_EDGE('',*,*,#1716,.F.);
#2220=ORIENTED_EDGE('',*,*,#1717,.F.);
#2221=ORIENTED_EDGE('',*,*,#1718,.F.);
#2222=ORIENTED_EDGE('',*,*,#1719,.F.);
#2223=ORIENTED_EDGE('',*,*,#1720,.F.);
#2224=ORIENTED_EDGE('',*,*,#1721,.F.);
#2225=ORIENTED_EDGE('',*,*,#1722,.F.);
#2226=ORIENTED_EDGE('',*,*,#1723,.F.);
#2227=ORIENTED_EDGE('',*,*,#1724,.F.);
#2228=ORIENTED_EDGE('',*,*,#1725,.F.);
#2229=ORIENTED_EDGE('',*,*,#1618,.F.);
#2230=ORIENTED_EDGE('',*,*,#1639,.F.);
#2231=ORIENTED_EDGE('',*,*,#1642,.F.);
#2232=ORIENTED_EDGE('',*,*,#1645,.F.);
#2233=ORIENTED_EDGE('',*,*,#1648,.F.);
#2234=ORIENTED_EDGE('',*,*,#1651,.F.);
#2235=ORIENTED_EDGE('',*,*,#1607,.F.);
#2236=ORIENTED_EDGE('',*,*,#1611,.F.);
#2237=ORIENTED_EDGE('',*,*,#1614,.F.);
#2238=ORIENTED_EDGE('',*,*,#1617,.F.);
#2239=ORIENTED_EDGE('',*,*,#1624,.F.);
#2240=ORIENTED_EDGE('',*,*,#1627,.F.);
#2241=ORIENTED_EDGE('',*,*,#1630,.F.);
#2242=ORIENTED_EDGE('',*,*,#1631,.F.);
#2243=ORIENTED_EDGE('',*,*,#1634,.F.);
#2244=ORIENTED_EDGE('',*,*,#1637,.F.);
#2245=ORIENTED_EDGE('',*,*,#1726,.T.);
#2246=ORIENTED_EDGE('',*,*,#1727,.T.);
#2247=ORIENTED_EDGE('',*,*,#1678,.T.);
#2248=ORIENTED_EDGE('',*,*,#1728,.F.);
#2249=ORIENTED_EDGE('',*,*,#1729,.T.);
#2250=ORIENTED_EDGE('',*,*,#1730,.T.);
#2251=ORIENTED_EDGE('',*,*,#1679,.T.);
#2252=ORIENTED_EDGE('',*,*,#1727,.F.);
#2253=ORIENTED_EDGE('',*,*,#1674,.T.);
#2254=ORIENTED_EDGE('',*,*,#1731,.T.);
#2255=ORIENTED_EDGE('',*,*,#1732,.T.);
#2256=ORIENTED_EDGE('',*,*,#1733,.T.);
#2257=ORIENTED_EDGE('',*,*,#1734,.T.);
#2258=ORIENTED_EDGE('',*,*,#1735,.T.);
#2259=ORIENTED_EDGE('',*,*,#1680,.T.);
#2260=ORIENTED_EDGE('',*,*,#1730,.F.);
#2261=ORIENTED_EDGE('',*,*,#1736,.T.);
#2262=ORIENTED_EDGE('',*,*,#1737,.T.);
#2263=ORIENTED_EDGE('',*,*,#1681,.T.);
#2264=ORIENTED_EDGE('',*,*,#1735,.F.);
#2265=ORIENTED_EDGE('',*,*,#1738,.T.);
#2266=ORIENTED_EDGE('',*,*,#1739,.T.);
#2267=ORIENTED_EDGE('',*,*,#1682,.T.);
#2268=ORIENTED_EDGE('',*,*,#1737,.F.);
#2269=ORIENTED_EDGE('',*,*,#1740,.T.);
#2270=ORIENTED_EDGE('',*,*,#1741,.T.);
#2271=ORIENTED_EDGE('',*,*,#1683,.T.);
#2272=ORIENTED_EDGE('',*,*,#1739,.F.);
#2273=ORIENTED_EDGE('',*,*,#1742,.T.);
#2274=ORIENTED_EDGE('',*,*,#1743,.T.);
#2275=ORIENTED_EDGE('',*,*,#1684,.T.);
#2276=ORIENTED_EDGE('',*,*,#1741,.F.);
#2277=ORIENTED_EDGE('',*,*,#1685,.T.);
#2278=ORIENTED_EDGE('',*,*,#1743,.F.);
#2279=ORIENTED_EDGE('',*,*,#1744,.T.);
#2280=ORIENTED_EDGE('',*,*,#1745,.T.);
#2281=ORIENTED_EDGE('',*,*,#1686,.T.);
#2282=ORIENTED_EDGE('',*,*,#1745,.F.);
#2283=ORIENTED_EDGE('',*,*,#1746,.T.);
#2284=ORIENTED_EDGE('',*,*,#1747,.T.);
#2285=ORIENTED_EDGE('',*,*,#1687,.T.);
#2286=ORIENTED_EDGE('',*,*,#1747,.F.);
#2287=ORIENTED_EDGE('',*,*,#1748,.T.);
#2288=ORIENTED_EDGE('',*,*,#1749,.T.);
#2289=ORIENTED_EDGE('',*,*,#1688,.T.);
#2290=ORIENTED_EDGE('',*,*,#1749,.F.);
#2291=ORIENTED_EDGE('',*,*,#1750,.T.);
#2292=ORIENTED_EDGE('',*,*,#1751,.T.);
#2293=ORIENTED_EDGE('',*,*,#1689,.T.);
#2294=ORIENTED_EDGE('',*,*,#1751,.F.);
#2295=ORIENTED_EDGE('',*,*,#1752,.T.);
#2296=ORIENTED_EDGE('',*,*,#1731,.F.);
#2297=ORIENTED_EDGE('',*,*,#1675,.T.);
#2298=ORIENTED_EDGE('',*,*,#1733,.F.);
#2299=ORIENTED_EDGE('',*,*,#1753,.T.);
#2300=ORIENTED_EDGE('',*,*,#1754,.T.);
#2301=ORIENTED_EDGE('',*,*,#1676,.T.);
#2302=ORIENTED_EDGE('',*,*,#1754,.F.);
#2303=ORIENTED_EDGE('',*,*,#1755,.T.);
#2304=ORIENTED_EDGE('',*,*,#1756,.T.);
#2305=ORIENTED_EDGE('',*,*,#1677,.T.);
#2306=ORIENTED_EDGE('',*,*,#1756,.F.);
#2307=ORIENTED_EDGE('',*,*,#1757,.T.);
#2308=ORIENTED_EDGE('',*,*,#1728,.T.);
#2309=ORIENTED_EDGE('',*,*,#1736,.F.);
#2310=ORIENTED_EDGE('',*,*,#1758,.T.);
#2311=ORIENTED_EDGE('',*,*,#1759,.F.);
#2312=ORIENTED_EDGE('',*,*,#1760,.F.);
#2313=ORIENTED_EDGE('',*,*,#1734,.F.);
#2314=ORIENTED_EDGE('',*,*,#1761,.T.);
#2315=ORIENTED_EDGE('',*,*,#1762,.F.);
#2316=ORIENTED_EDGE('',*,*,#1758,.F.);
#2317=ORIENTED_EDGE('',*,*,#1729,.F.);
#2318=ORIENTED_EDGE('',*,*,#1763,.T.);
#2319=ORIENTED_EDGE('',*,*,#1764,.F.);
#2320=ORIENTED_EDGE('',*,*,#1761,.F.);
#2321=ORIENTED_EDGE('',*,*,#1726,.F.);
#2322=ORIENTED_EDGE('',*,*,#1765,.T.);
#2323=ORIENTED_EDGE('',*,*,#1766,.F.);
#2324=ORIENTED_EDGE('',*,*,#1763,.F.);
#2325=ORIENTED_EDGE('',*,*,#1757,.F.);
#2326=ORIENTED_EDGE('',*,*,#1767,.T.);
#2327=ORIENTED_EDGE('',*,*,#1768,.F.);
#2328=ORIENTED_EDGE('',*,*,#1765,.F.);
#2329=ORIENTED_EDGE('',*,*,#1755,.F.);
#2330=ORIENTED_EDGE('',*,*,#1769,.T.);
#2331=ORIENTED_EDGE('',*,*,#1770,.F.);
#2332=ORIENTED_EDGE('',*,*,#1767,.F.);
#2333=ORIENTED_EDGE('',*,*,#1753,.F.);
#2334=ORIENTED_EDGE('',*,*,#1771,.T.);
#2335=ORIENTED_EDGE('',*,*,#1772,.F.);
#2336=ORIENTED_EDGE('',*,*,#1769,.F.);
#2337=ORIENTED_EDGE('',*,*,#1732,.F.);
#2338=ORIENTED_EDGE('',*,*,#1773,.T.);
#2339=ORIENTED_EDGE('',*,*,#1774,.F.);
#2340=ORIENTED_EDGE('',*,*,#1771,.F.);
#2341=ORIENTED_EDGE('',*,*,#1775,.T.);
#2342=ORIENTED_EDGE('',*,*,#1776,.T.);
#2343=ORIENTED_EDGE('',*,*,#1710,.T.);
#2344=ORIENTED_EDGE('',*,*,#1777,.T.);
#2345=ORIENTED_EDGE('',*,*,#1778,.T.);
#2346=ORIENTED_EDGE('',*,*,#1779,.T.);
#2347=ORIENTED_EDGE('',*,*,#1711,.T.);
#2348=ORIENTED_EDGE('',*,*,#1776,.F.);
#2349=ORIENTED_EDGE('',*,*,#1780,.T.);
#2350=ORIENTED_EDGE('',*,*,#1781,.T.);
#2351=ORIENTED_EDGE('',*,*,#1712,.T.);
#2352=ORIENTED_EDGE('',*,*,#1779,.F.);
#2353=ORIENTED_EDGE('',*,*,#1782,.T.);
#2354=ORIENTED_EDGE('',*,*,#1783,.T.);
#2355=ORIENTED_EDGE('',*,*,#1713,.T.);
#2356=ORIENTED_EDGE('',*,*,#1781,.F.);
#2357=ORIENTED_EDGE('',*,*,#1784,.T.);
#2358=ORIENTED_EDGE('',*,*,#1785,.T.);
#2359=ORIENTED_EDGE('',*,*,#1714,.T.);
#2360=ORIENTED_EDGE('',*,*,#1783,.F.);
#2361=ORIENTED_EDGE('',*,*,#1786,.T.);
#2362=ORIENTED_EDGE('',*,*,#1787,.T.);
#2363=ORIENTED_EDGE('',*,*,#1715,.T.);
#2364=ORIENTED_EDGE('',*,*,#1785,.F.);
#2365=ORIENTED_EDGE('',*,*,#1788,.T.);
#2366=ORIENTED_EDGE('',*,*,#1789,.T.);
#2367=ORIENTED_EDGE('',*,*,#1716,.T.);
#2368=ORIENTED_EDGE('',*,*,#1787,.F.);
#2369=ORIENTED_EDGE('',*,*,#1717,.T.);
#2370=ORIENTED_EDGE('',*,*,#1789,.F.);
#2371=ORIENTED_EDGE('',*,*,#1790,.T.);
#2372=ORIENTED_EDGE('',*,*,#1791,.T.);
#2373=ORIENTED_EDGE('',*,*,#1718,.T.);
#2374=ORIENTED_EDGE('',*,*,#1791,.F.);
#2375=ORIENTED_EDGE('',*,*,#1792,.T.);
#2376=ORIENTED_EDGE('',*,*,#1793,.T.);
#2377=ORIENTED_EDGE('',*,*,#1719,.T.);
#2378=ORIENTED_EDGE('',*,*,#1793,.F.);
#2379=ORIENTED_EDGE('',*,*,#1794,.T.);
#2380=ORIENTED_EDGE('',*,*,#1795,.T.);
#2381=ORIENTED_EDGE('',*,*,#1720,.T.);
#2382=ORIENTED_EDGE('',*,*,#1795,.F.);
#2383=ORIENTED_EDGE('',*,*,#1796,.T.);
#2384=ORIENTED_EDGE('',*,*,#1797,.T.);
#2385=ORIENTED_EDGE('',*,*,#1721,.T.);
#2386=ORIENTED_EDGE('',*,*,#1797,.F.);
#2387=ORIENTED_EDGE('',*,*,#1798,.T.);
#2388=ORIENTED_EDGE('',*,*,#1799,.T.);
#2389=ORIENTED_EDGE('',*,*,#1722,.T.);
#2390=ORIENTED_EDGE('',*,*,#1799,.F.);
#2391=ORIENTED_EDGE('',*,*,#1800,.T.);
#2392=ORIENTED_EDGE('',*,*,#1801,.T.);
#2393=ORIENTED_EDGE('',*,*,#1723,.T.);
#2394=ORIENTED_EDGE('',*,*,#1801,.F.);
#2395=ORIENTED_EDGE('',*,*,#1802,.T.);
#2396=ORIENTED_EDGE('',*,*,#1803,.T.);
#2397=ORIENTED_EDGE('',*,*,#1724,.T.);
#2398=ORIENTED_EDGE('',*,*,#1803,.F.);
#2399=ORIENTED_EDGE('',*,*,#1804,.T.);
#2400=ORIENTED_EDGE('',*,*,#1805,.T.);
#2401=ORIENTED_EDGE('',*,*,#1725,.T.);
#2402=ORIENTED_EDGE('',*,*,#1805,.F.);
#2403=ORIENTED_EDGE('',*,*,#1806,.T.);
#2404=ORIENTED_EDGE('',*,*,#1777,.F.);
#2405=ORIENTED_EDGE('',*,*,#1790,.F.);
#2406=ORIENTED_EDGE('',*,*,#1807,.T.);
#2407=ORIENTED_EDGE('',*,*,#1808,.F.);
#2408=ORIENTED_EDGE('',*,*,#1809,.F.);
#2409=ORIENTED_EDGE('',*,*,#1788,.F.);
#2410=ORIENTED_EDGE('',*,*,#1810,.T.);
#2411=ORIENTED_EDGE('',*,*,#1811,.F.);
#2412=ORIENTED_EDGE('',*,*,#1807,.F.);
#2413=ORIENTED_EDGE('',*,*,#1786,.F.);
#2414=ORIENTED_EDGE('',*,*,#1812,.T.);
#2415=ORIENTED_EDGE('',*,*,#1813,.F.);
#2416=ORIENTED_EDGE('',*,*,#1810,.F.);
#2417=ORIENTED_EDGE('',*,*,#1784,.F.);
#2418=ORIENTED_EDGE('',*,*,#1814,.T.);
#2419=ORIENTED_EDGE('',*,*,#1815,.F.);
#2420=ORIENTED_EDGE('',*,*,#1812,.F.);
#2421=ORIENTED_EDGE('',*,*,#1782,.F.);
#2422=ORIENTED_EDGE('',*,*,#1816,.T.);
#2423=ORIENTED_EDGE('',*,*,#1817,.F.);
#2424=ORIENTED_EDGE('',*,*,#1814,.F.);
#2425=ORIENTED_EDGE('',*,*,#1780,.F.);
#2426=ORIENTED_EDGE('',*,*,#1818,.T.);
#2427=ORIENTED_EDGE('',*,*,#1819,.F.);
#2428=ORIENTED_EDGE('',*,*,#1816,.F.);
#2429=ORIENTED_EDGE('',*,*,#1778,.F.);
#2430=ORIENTED_EDGE('',*,*,#1820,.T.);
#2431=ORIENTED_EDGE('',*,*,#1821,.F.);
#2432=ORIENTED_EDGE('',*,*,#1818,.F.);
#2433=ORIENTED_EDGE('',*,*,#1775,.F.);
#2434=ORIENTED_EDGE('',*,*,#1822,.T.);
#2435=ORIENTED_EDGE('',*,*,#1823,.F.);
#2436=ORIENTED_EDGE('',*,*,#1820,.F.);
#2437=ORIENTED_EDGE('',*,*,#1824,.T.);
#2438=ORIENTED_EDGE('',*,*,#1825,.T.);
#2439=ORIENTED_EDGE('',*,*,#1702,.T.);
#2440=ORIENTED_EDGE('',*,*,#1826,.F.);
#2441=ORIENTED_EDGE('',*,*,#1827,.T.);
#2442=ORIENTED_EDGE('',*,*,#1828,.T.);
#2443=ORIENTED_EDGE('',*,*,#1703,.T.);
#2444=ORIENTED_EDGE('',*,*,#1825,.F.);
#2445=ORIENTED_EDGE('',*,*,#1829,.T.);
#2446=ORIENTED_EDGE('',*,*,#1830,.T.);
#2447=ORIENTED_EDGE('',*,*,#1704,.T.);
#2448=ORIENTED_EDGE('',*,*,#1828,.F.);
#2449=ORIENTED_EDGE('',*,*,#1831,.T.);
#2450=ORIENTED_EDGE('',*,*,#1832,.T.);
#2451=ORIENTED_EDGE('',*,*,#1690,.T.);
#2452=ORIENTED_EDGE('',*,*,#1833,.T.);
#2453=ORIENTED_EDGE('',*,*,#1834,.T.);
#2454=ORIENTED_EDGE('',*,*,#1835,.T.);
#2455=ORIENTED_EDGE('',*,*,#1691,.T.);
#2456=ORIENTED_EDGE('',*,*,#1832,.F.);
#2457=ORIENTED_EDGE('',*,*,#1836,.T.);
#2458=ORIENTED_EDGE('',*,*,#1837,.T.);
#2459=ORIENTED_EDGE('',*,*,#1692,.T.);
#2460=ORIENTED_EDGE('',*,*,#1835,.F.);
#2461=ORIENTED_EDGE('',*,*,#1693,.T.);
#2462=ORIENTED_EDGE('',*,*,#1837,.F.);
#2463=ORIENTED_EDGE('',*,*,#1838,.T.);
#2464=ORIENTED_EDGE('',*,*,#1839,.T.);
#2465=ORIENTED_EDGE('',*,*,#1694,.T.);
#2466=ORIENTED_EDGE('',*,*,#1839,.F.);
#2467=ORIENTED_EDGE('',*,*,#1840,.T.);
#2468=ORIENTED_EDGE('',*,*,#1841,.T.);
#2469=ORIENTED_EDGE('',*,*,#1695,.T.);
#2470=ORIENTED_EDGE('',*,*,#1841,.F.);
#2471=ORIENTED_EDGE('',*,*,#1842,.T.);
#2472=ORIENTED_EDGE('',*,*,#1843,.T.);
#2473=ORIENTED_EDGE('',*,*,#1696,.T.);
#2474=ORIENTED_EDGE('',*,*,#1843,.F.);
#2475=ORIENTED_EDGE('',*,*,#1844,.T.);
#2476=ORIENTED_EDGE('',*,*,#1845,.T.);
#2477=ORIENTED_EDGE('',*,*,#1846,.T.);
#2478=ORIENTED_EDGE('',*,*,#1833,.F.);
#2479=ORIENTED_EDGE('',*,*,#1705,.T.);
#2480=ORIENTED_EDGE('',*,*,#1830,.F.);
#2481=ORIENTED_EDGE('',*,*,#1697,.T.);
#2482=ORIENTED_EDGE('',*,*,#1845,.F.);
#2483=ORIENTED_EDGE('',*,*,#1847,.T.);
#2484=ORIENTED_EDGE('',*,*,#1848,.T.);
#2485=ORIENTED_EDGE('',*,*,#1698,.T.);
#2486=ORIENTED_EDGE('',*,*,#1848,.F.);
#2487=ORIENTED_EDGE('',*,*,#1849,.T.);
#2488=ORIENTED_EDGE('',*,*,#1850,.T.);
#2489=ORIENTED_EDGE('',*,*,#1699,.T.);
#2490=ORIENTED_EDGE('',*,*,#1850,.F.);
#2491=ORIENTED_EDGE('',*,*,#1851,.T.);
#2492=ORIENTED_EDGE('',*,*,#1852,.T.);
#2493=ORIENTED_EDGE('',*,*,#1700,.T.);
#2494=ORIENTED_EDGE('',*,*,#1852,.F.);
#2495=ORIENTED_EDGE('',*,*,#1853,.T.);
#2496=ORIENTED_EDGE('',*,*,#1854,.T.);
#2497=ORIENTED_EDGE('',*,*,#1701,.T.);
#2498=ORIENTED_EDGE('',*,*,#1854,.F.);
#2499=ORIENTED_EDGE('',*,*,#1855,.T.);
#2500=ORIENTED_EDGE('',*,*,#1826,.T.);
#2501=ORIENTED_EDGE('',*,*,#1847,.F.);
#2502=ORIENTED_EDGE('',*,*,#1856,.T.);
#2503=ORIENTED_EDGE('',*,*,#1857,.F.);
#2504=ORIENTED_EDGE('',*,*,#1858,.F.);
#2505=ORIENTED_EDGE('',*,*,#1844,.F.);
#2506=ORIENTED_EDGE('',*,*,#1859,.T.);
#2507=ORIENTED_EDGE('',*,*,#1860,.F.);
#2508=ORIENTED_EDGE('',*,*,#1856,.F.);
#2509=ORIENTED_EDGE('',*,*,#1842,.F.);
#2510=ORIENTED_EDGE('',*,*,#1861,.T.);
#2511=ORIENTED_EDGE('',*,*,#1862,.F.);
#2512=ORIENTED_EDGE('',*,*,#1859,.F.);
#2513=ORIENTED_EDGE('',*,*,#1840,.F.);
#2514=ORIENTED_EDGE('',*,*,#1863,.T.);
#2515=ORIENTED_EDGE('',*,*,#1864,.F.);
#2516=ORIENTED_EDGE('',*,*,#1861,.F.);
#2517=ORIENTED_EDGE('',*,*,#1838,.F.);
#2518=ORIENTED_EDGE('',*,*,#1865,.T.);
#2519=ORIENTED_EDGE('',*,*,#1866,.F.);
#2520=ORIENTED_EDGE('',*,*,#1863,.F.);
#2521=ORIENTED_EDGE('',*,*,#1836,.F.);
#2522=ORIENTED_EDGE('',*,*,#1867,.T.);
#2523=ORIENTED_EDGE('',*,*,#1868,.F.);
#2524=ORIENTED_EDGE('',*,*,#1865,.F.);
#2525=ORIENTED_EDGE('',*,*,#1834,.F.);
#2526=ORIENTED_EDGE('',*,*,#1869,.T.);
#2527=ORIENTED_EDGE('',*,*,#1870,.F.);
#2528=ORIENTED_EDGE('',*,*,#1867,.F.);
#2529=ORIENTED_EDGE('',*,*,#1831,.F.);
#2530=ORIENTED_EDGE('',*,*,#1871,.T.);
#2531=ORIENTED_EDGE('',*,*,#1872,.F.);
#2532=ORIENTED_EDGE('',*,*,#1869,.F.);
#2533=ORIENTED_EDGE('',*,*,#1873,.T.);
#2534=ORIENTED_EDGE('',*,*,#1874,.T.);
#2535=ORIENTED_EDGE('',*,*,#1808,.T.);
#2536=ORIENTED_EDGE('',*,*,#1875,.F.);
#2537=ORIENTED_EDGE('',*,*,#1876,.T.);
#2538=ORIENTED_EDGE('',*,*,#1877,.T.);
#2539=ORIENTED_EDGE('',*,*,#1878,.T.);
#2540=ORIENTED_EDGE('',*,*,#1874,.F.);
#2541=ORIENTED_EDGE('',*,*,#1879,.T.);
#2542=ORIENTED_EDGE('',*,*,#1880,.T.);
#2543=ORIENTED_EDGE('',*,*,#1881,.T.);
#2544=ORIENTED_EDGE('',*,*,#1877,.F.);
#2545=ORIENTED_EDGE('',*,*,#1882,.T.);
#2546=ORIENTED_EDGE('',*,*,#1883,.T.);
#2547=ORIENTED_EDGE('',*,*,#1884,.T.);
#2548=ORIENTED_EDGE('',*,*,#1880,.F.);
#2549=ORIENTED_EDGE('',*,*,#1885,.T.);
#2550=ORIENTED_EDGE('',*,*,#1886,.T.);
#2551=ORIENTED_EDGE('',*,*,#1887,.T.);
#2552=ORIENTED_EDGE('',*,*,#1883,.F.);
#2553=ORIENTED_EDGE('',*,*,#1888,.T.);
#2554=ORIENTED_EDGE('',*,*,#1889,.T.);
#2555=ORIENTED_EDGE('',*,*,#1890,.T.);
#2556=ORIENTED_EDGE('',*,*,#1886,.F.);
#2557=ORIENTED_EDGE('',*,*,#1891,.T.);
#2558=ORIENTED_EDGE('',*,*,#1892,.T.);
#2559=ORIENTED_EDGE('',*,*,#1893,.T.);
#2560=ORIENTED_EDGE('',*,*,#1889,.F.);
#2561=ORIENTED_EDGE('',*,*,#1894,.T.);
#2562=ORIENTED_EDGE('',*,*,#1895,.T.);
#2563=ORIENTED_EDGE('',*,*,#1896,.T.);
#2564=ORIENTED_EDGE('',*,*,#1892,.F.);
#2565=ORIENTED_EDGE('',*,*,#1897,.T.);
#2566=ORIENTED_EDGE('',*,*,#1898,.T.);
#2567=ORIENTED_EDGE('',*,*,#1899,.T.);
#2568=ORIENTED_EDGE('',*,*,#1895,.F.);
#2569=ORIENTED_EDGE('',*,*,#1823,.T.);
#2570=ORIENTED_EDGE('',*,*,#1898,.F.);
#2571=ORIENTED_EDGE('',*,*,#1900,.T.);
#2572=ORIENTED_EDGE('',*,*,#1901,.T.);
#2573=ORIENTED_EDGE('',*,*,#1821,.T.);
#2574=ORIENTED_EDGE('',*,*,#1901,.F.);
#2575=ORIENTED_EDGE('',*,*,#1902,.T.);
#2576=ORIENTED_EDGE('',*,*,#1903,.T.);
#2577=ORIENTED_EDGE('',*,*,#1819,.T.);
#2578=ORIENTED_EDGE('',*,*,#1903,.F.);
#2579=ORIENTED_EDGE('',*,*,#1904,.T.);
#2580=ORIENTED_EDGE('',*,*,#1905,.T.);
#2581=ORIENTED_EDGE('',*,*,#1817,.T.);
#2582=ORIENTED_EDGE('',*,*,#1905,.F.);
#2583=ORIENTED_EDGE('',*,*,#1906,.T.);
#2584=ORIENTED_EDGE('',*,*,#1907,.T.);
#2585=ORIENTED_EDGE('',*,*,#1815,.T.);
#2586=ORIENTED_EDGE('',*,*,#1907,.F.);
#2587=ORIENTED_EDGE('',*,*,#1908,.T.);
#2588=ORIENTED_EDGE('',*,*,#1909,.T.);
#2589=ORIENTED_EDGE('',*,*,#1813,.T.);
#2590=ORIENTED_EDGE('',*,*,#1909,.F.);
#2591=ORIENTED_EDGE('',*,*,#1910,.T.);
#2592=ORIENTED_EDGE('',*,*,#1911,.T.);
#2593=ORIENTED_EDGE('',*,*,#1811,.T.);
#2594=ORIENTED_EDGE('',*,*,#1911,.F.);
#2595=ORIENTED_EDGE('',*,*,#1912,.T.);
#2596=ORIENTED_EDGE('',*,*,#1875,.T.);
#2597=ORIENTED_EDGE('',*,*,#1873,.F.);
#2598=ORIENTED_EDGE('',*,*,#1912,.F.);
#2599=ORIENTED_EDGE('',*,*,#1910,.F.);
#2600=ORIENTED_EDGE('',*,*,#1908,.F.);
#2601=ORIENTED_EDGE('',*,*,#1906,.F.);
#2602=ORIENTED_EDGE('',*,*,#1904,.F.);
#2603=ORIENTED_EDGE('',*,*,#1902,.F.);
#2604=ORIENTED_EDGE('',*,*,#1900,.F.);
#2605=ORIENTED_EDGE('',*,*,#1897,.F.);
#2606=ORIENTED_EDGE('',*,*,#1894,.F.);
#2607=ORIENTED_EDGE('',*,*,#1891,.F.);
#2608=ORIENTED_EDGE('',*,*,#1888,.F.);
#2609=ORIENTED_EDGE('',*,*,#1885,.F.);
#2610=ORIENTED_EDGE('',*,*,#1882,.F.);
#2611=ORIENTED_EDGE('',*,*,#1879,.F.);
#2612=ORIENTED_EDGE('',*,*,#1876,.F.);
#2613=ORIENTED_EDGE('',*,*,#1913,.T.);
#2614=ORIENTED_EDGE('',*,*,#1914,.T.);
#2615=ORIENTED_EDGE('',*,*,#1857,.T.);
#2616=ORIENTED_EDGE('',*,*,#1915,.F.);
#2617=ORIENTED_EDGE('',*,*,#1916,.T.);
#2618=ORIENTED_EDGE('',*,*,#1917,.T.);
#2619=ORIENTED_EDGE('',*,*,#1918,.T.);
#2620=ORIENTED_EDGE('',*,*,#1914,.F.);
#2621=ORIENTED_EDGE('',*,*,#1919,.T.);
#2622=ORIENTED_EDGE('',*,*,#1920,.T.);
#2623=ORIENTED_EDGE('',*,*,#1921,.T.);
#2624=ORIENTED_EDGE('',*,*,#1917,.F.);
#2625=ORIENTED_EDGE('',*,*,#1922,.T.);
#2626=ORIENTED_EDGE('',*,*,#1923,.T.);
#2627=ORIENTED_EDGE('',*,*,#1924,.T.);
#2628=ORIENTED_EDGE('',*,*,#1920,.F.);
#2629=ORIENTED_EDGE('',*,*,#1925,.T.);
#2630=ORIENTED_EDGE('',*,*,#1926,.T.);
#2631=ORIENTED_EDGE('',*,*,#1927,.T.);
#2632=ORIENTED_EDGE('',*,*,#1923,.F.);
#2633=ORIENTED_EDGE('',*,*,#1928,.T.);
#2634=ORIENTED_EDGE('',*,*,#1929,.T.);
#2635=ORIENTED_EDGE('',*,*,#1930,.T.);
#2636=ORIENTED_EDGE('',*,*,#1926,.F.);
#2637=ORIENTED_EDGE('',*,*,#1931,.T.);
#2638=ORIENTED_EDGE('',*,*,#1932,.T.);
#2639=ORIENTED_EDGE('',*,*,#1933,.T.);
#2640=ORIENTED_EDGE('',*,*,#1929,.F.);
#2641=ORIENTED_EDGE('',*,*,#1934,.T.);
#2642=ORIENTED_EDGE('',*,*,#1935,.T.);
#2643=ORIENTED_EDGE('',*,*,#1936,.T.);
#2644=ORIENTED_EDGE('',*,*,#1932,.F.);
#2645=ORIENTED_EDGE('',*,*,#1937,.T.);
#2646=ORIENTED_EDGE('',*,*,#1938,.T.);
#2647=ORIENTED_EDGE('',*,*,#1939,.T.);
#2648=ORIENTED_EDGE('',*,*,#1935,.F.);
#2649=ORIENTED_EDGE('',*,*,#1872,.T.);
#2650=ORIENTED_EDGE('',*,*,#1938,.F.);
#2651=ORIENTED_EDGE('',*,*,#1940,.T.);
#2652=ORIENTED_EDGE('',*,*,#1941,.T.);
#2653=ORIENTED_EDGE('',*,*,#1870,.T.);
#2654=ORIENTED_EDGE('',*,*,#1941,.F.);
#2655=ORIENTED_EDGE('',*,*,#1942,.T.);
#2656=ORIENTED_EDGE('',*,*,#1943,.T.);
#2657=ORIENTED_EDGE('',*,*,#1868,.T.);
#2658=ORIENTED_EDGE('',*,*,#1943,.F.);
#2659=ORIENTED_EDGE('',*,*,#1944,.T.);
#2660=ORIENTED_EDGE('',*,*,#1945,.T.);
#2661=ORIENTED_EDGE('',*,*,#1866,.T.);
#2662=ORIENTED_EDGE('',*,*,#1945,.F.);
#2663=ORIENTED_EDGE('',*,*,#1946,.T.);
#2664=ORIENTED_EDGE('',*,*,#1947,.T.);
#2665=ORIENTED_EDGE('',*,*,#1864,.T.);
#2666=ORIENTED_EDGE('',*,*,#1947,.F.);
#2667=ORIENTED_EDGE('',*,*,#1948,.T.);
#2668=ORIENTED_EDGE('',*,*,#1949,.T.);
#2669=ORIENTED_EDGE('',*,*,#1862,.T.);
#2670=ORIENTED_EDGE('',*,*,#1949,.F.);
#2671=ORIENTED_EDGE('',*,*,#1950,.T.);
#2672=ORIENTED_EDGE('',*,*,#1951,.T.);
#2673=ORIENTED_EDGE('',*,*,#1860,.T.);
#2674=ORIENTED_EDGE('',*,*,#1951,.F.);
#2675=ORIENTED_EDGE('',*,*,#1952,.T.);
#2676=ORIENTED_EDGE('',*,*,#1915,.T.);
#2677=ORIENTED_EDGE('',*,*,#1913,.F.);
#2678=ORIENTED_EDGE('',*,*,#1952,.F.);
#2679=ORIENTED_EDGE('',*,*,#1950,.F.);
#2680=ORIENTED_EDGE('',*,*,#1948,.F.);
#2681=ORIENTED_EDGE('',*,*,#1946,.F.);
#2682=ORIENTED_EDGE('',*,*,#1944,.F.);
#2683=ORIENTED_EDGE('',*,*,#1942,.F.);
#2684=ORIENTED_EDGE('',*,*,#1940,.F.);
#2685=ORIENTED_EDGE('',*,*,#1937,.F.);
#2686=ORIENTED_EDGE('',*,*,#1934,.F.);
#2687=ORIENTED_EDGE('',*,*,#1931,.F.);
#2688=ORIENTED_EDGE('',*,*,#1928,.F.);
#2689=ORIENTED_EDGE('',*,*,#1925,.F.);
#2690=ORIENTED_EDGE('',*,*,#1922,.F.);
#2691=ORIENTED_EDGE('',*,*,#1919,.F.);
#2692=ORIENTED_EDGE('',*,*,#1916,.F.);
#2693=ORIENTED_EDGE('',*,*,#1953,.T.);
#2694=ORIENTED_EDGE('',*,*,#1954,.T.);
#2695=ORIENTED_EDGE('',*,*,#1654,.T.);
#2696=ORIENTED_EDGE('',*,*,#1955,.F.);
#2697=ORIENTED_EDGE('',*,*,#1956,.T.);
#2698=ORIENTED_EDGE('',*,*,#1957,.T.);
#2699=ORIENTED_EDGE('',*,*,#1958,.T.);
#2700=ORIENTED_EDGE('',*,*,#1954,.F.);
#2701=ORIENTED_EDGE('',*,*,#1959,.T.);
#2702=ORIENTED_EDGE('',*,*,#1960,.T.);
#2703=ORIENTED_EDGE('',*,*,#1961,.T.);
#2704=ORIENTED_EDGE('',*,*,#1957,.F.);
#2705=ORIENTED_EDGE('',*,*,#1962,.T.);
#2706=ORIENTED_EDGE('',*,*,#1963,.T.);
#2707=ORIENTED_EDGE('',*,*,#1964,.T.);
#2708=ORIENTED_EDGE('',*,*,#1960,.F.);
#2709=ORIENTED_EDGE('',*,*,#1965,.T.);
#2710=ORIENTED_EDGE('',*,*,#1966,.T.);
#2711=ORIENTED_EDGE('',*,*,#1967,.T.);
#2712=ORIENTED_EDGE('',*,*,#1963,.F.);
#2713=ORIENTED_EDGE('',*,*,#1968,.T.);
#2714=ORIENTED_EDGE('',*,*,#1969,.T.);
#2715=ORIENTED_EDGE('',*,*,#1970,.T.);
#2716=ORIENTED_EDGE('',*,*,#1966,.F.);
#2717=ORIENTED_EDGE('',*,*,#1971,.T.);
#2718=ORIENTED_EDGE('',*,*,#1972,.T.);
#2719=ORIENTED_EDGE('',*,*,#1973,.T.);
#2720=ORIENTED_EDGE('',*,*,#1969,.F.);
#2721=ORIENTED_EDGE('',*,*,#1974,.T.);
#2722=ORIENTED_EDGE('',*,*,#1975,.T.);
#2723=ORIENTED_EDGE('',*,*,#1976,.T.);
#2724=ORIENTED_EDGE('',*,*,#1972,.F.);
#2725=ORIENTED_EDGE('',*,*,#1977,.T.);
#2726=ORIENTED_EDGE('',*,*,#1978,.T.);
#2727=ORIENTED_EDGE('',*,*,#1979,.T.);
#2728=ORIENTED_EDGE('',*,*,#1975,.F.);
#2729=ORIENTED_EDGE('',*,*,#1669,.T.);
#2730=ORIENTED_EDGE('',*,*,#1978,.F.);
#2731=ORIENTED_EDGE('',*,*,#1980,.T.);
#2732=ORIENTED_EDGE('',*,*,#1981,.T.);
#2733=ORIENTED_EDGE('',*,*,#1667,.T.);
#2734=ORIENTED_EDGE('',*,*,#1981,.F.);
#2735=ORIENTED_EDGE('',*,*,#1982,.T.);
#2736=ORIENTED_EDGE('',*,*,#1983,.T.);
#2737=ORIENTED_EDGE('',*,*,#1665,.T.);
#2738=ORIENTED_EDGE('',*,*,#1983,.F.);
#2739=ORIENTED_EDGE('',*,*,#1984,.T.);
#2740=ORIENTED_EDGE('',*,*,#1985,.T.);
#2741=ORIENTED_EDGE('',*,*,#1663,.T.);
#2742=ORIENTED_EDGE('',*,*,#1985,.F.);
#2743=ORIENTED_EDGE('',*,*,#1986,.T.);
#2744=ORIENTED_EDGE('',*,*,#1987,.T.);
#2745=ORIENTED_EDGE('',*,*,#1661,.T.);
#2746=ORIENTED_EDGE('',*,*,#1987,.F.);
#2747=ORIENTED_EDGE('',*,*,#1988,.T.);
#2748=ORIENTED_EDGE('',*,*,#1989,.T.);
#2749=ORIENTED_EDGE('',*,*,#1659,.T.);
#2750=ORIENTED_EDGE('',*,*,#1989,.F.);
#2751=ORIENTED_EDGE('',*,*,#1990,.T.);
#2752=ORIENTED_EDGE('',*,*,#1991,.T.);
#2753=ORIENTED_EDGE('',*,*,#1657,.T.);
#2754=ORIENTED_EDGE('',*,*,#1991,.F.);
#2755=ORIENTED_EDGE('',*,*,#1992,.T.);
#2756=ORIENTED_EDGE('',*,*,#1955,.T.);
#2757=ORIENTED_EDGE('',*,*,#1953,.F.);
#2758=ORIENTED_EDGE('',*,*,#1992,.F.);
#2759=ORIENTED_EDGE('',*,*,#1990,.F.);
#2760=ORIENTED_EDGE('',*,*,#1988,.F.);
#2761=ORIENTED_EDGE('',*,*,#1986,.F.);
#2762=ORIENTED_EDGE('',*,*,#1984,.F.);
#2763=ORIENTED_EDGE('',*,*,#1982,.F.);
#2764=ORIENTED_EDGE('',*,*,#1980,.F.);
#2765=ORIENTED_EDGE('',*,*,#1977,.F.);
#2766=ORIENTED_EDGE('',*,*,#1974,.F.);
#2767=ORIENTED_EDGE('',*,*,#1971,.F.);
#2768=ORIENTED_EDGE('',*,*,#1968,.F.);
#2769=ORIENTED_EDGE('',*,*,#1965,.F.);
#2770=ORIENTED_EDGE('',*,*,#1962,.F.);
#2771=ORIENTED_EDGE('',*,*,#1959,.F.);
#2772=ORIENTED_EDGE('',*,*,#1956,.F.);
#2773=ORIENTED_EDGE('',*,*,#1993,.T.);
#2774=ORIENTED_EDGE('',*,*,#1994,.T.);
#2775=ORIENTED_EDGE('',*,*,#1759,.T.);
#2776=ORIENTED_EDGE('',*,*,#1995,.F.);
#2777=ORIENTED_EDGE('',*,*,#1996,.T.);
#2778=ORIENTED_EDGE('',*,*,#1997,.T.);
#2779=ORIENTED_EDGE('',*,*,#1998,.T.);
#2780=ORIENTED_EDGE('',*,*,#1994,.F.);
#2781=ORIENTED_EDGE('',*,*,#1999,.T.);
#2782=ORIENTED_EDGE('',*,*,#2000,.T.);
#2783=ORIENTED_EDGE('',*,*,#2001,.T.);
#2784=ORIENTED_EDGE('',*,*,#1997,.F.);
#2785=ORIENTED_EDGE('',*,*,#2002,.T.);
#2786=ORIENTED_EDGE('',*,*,#2003,.T.);
#2787=ORIENTED_EDGE('',*,*,#2004,.T.);
#2788=ORIENTED_EDGE('',*,*,#2000,.F.);
#2789=ORIENTED_EDGE('',*,*,#2005,.T.);
#2790=ORIENTED_EDGE('',*,*,#2006,.T.);
#2791=ORIENTED_EDGE('',*,*,#2007,.T.);
#2792=ORIENTED_EDGE('',*,*,#2003,.F.);
#2793=ORIENTED_EDGE('',*,*,#2008,.T.);
#2794=ORIENTED_EDGE('',*,*,#2009,.T.);
#2795=ORIENTED_EDGE('',*,*,#2010,.T.);
#2796=ORIENTED_EDGE('',*,*,#2006,.F.);
#2797=ORIENTED_EDGE('',*,*,#2011,.T.);
#2798=ORIENTED_EDGE('',*,*,#2012,.T.);
#2799=ORIENTED_EDGE('',*,*,#2013,.T.);
#2800=ORIENTED_EDGE('',*,*,#2009,.F.);
#2801=ORIENTED_EDGE('',*,*,#2014,.T.);
#2802=ORIENTED_EDGE('',*,*,#2015,.T.);
#2803=ORIENTED_EDGE('',*,*,#2016,.T.);
#2804=ORIENTED_EDGE('',*,*,#2012,.F.);
#2805=ORIENTED_EDGE('',*,*,#2017,.T.);
#2806=ORIENTED_EDGE('',*,*,#2018,.T.);
#2807=ORIENTED_EDGE('',*,*,#2019,.T.);
#2808=ORIENTED_EDGE('',*,*,#2015,.F.);
#2809=ORIENTED_EDGE('',*,*,#1774,.T.);
#2810=ORIENTED_EDGE('',*,*,#2018,.F.);
#2811=ORIENTED_EDGE('',*,*,#2020,.T.);
#2812=ORIENTED_EDGE('',*,*,#2021,.T.);
#2813=ORIENTED_EDGE('',*,*,#1772,.T.);
#2814=ORIENTED_EDGE('',*,*,#2021,.F.);
#2815=ORIENTED_EDGE('',*,*,#2022,.T.);
#2816=ORIENTED_EDGE('',*,*,#2023,.T.);
#2817=ORIENTED_EDGE('',*,*,#1770,.T.);
#2818=ORIENTED_EDGE('',*,*,#2023,.F.);
#2819=ORIENTED_EDGE('',*,*,#2024,.T.);
#2820=ORIENTED_EDGE('',*,*,#2025,.T.);
#2821=ORIENTED_EDGE('',*,*,#1768,.T.);
#2822=ORIENTED_EDGE('',*,*,#2025,.F.);
#2823=ORIENTED_EDGE('',*,*,#2026,.T.);
#2824=ORIENTED_EDGE('',*,*,#2027,.T.);
#2825=ORIENTED_EDGE('',*,*,#1766,.T.);
#2826=ORIENTED_EDGE('',*,*,#2027,.F.);
#2827=ORIENTED_EDGE('',*,*,#2028,.T.);
#2828=ORIENTED_EDGE('',*,*,#2029,.T.);
#2829=ORIENTED_EDGE('',*,*,#1764,.T.);
#2830=ORIENTED_EDGE('',*,*,#2029,.F.);
#2831=ORIENTED_EDGE('',*,*,#2030,.T.);
#2832=ORIENTED_EDGE('',*,*,#2031,.T.);
#2833=ORIENTED_EDGE('',*,*,#1762,.T.);
#2834=ORIENTED_EDGE('',*,*,#2031,.F.);
#2835=ORIENTED_EDGE('',*,*,#2032,.T.);
#2836=ORIENTED_EDGE('',*,*,#1995,.T.);
#2837=ORIENTED_EDGE('',*,*,#1993,.F.);
#2838=ORIENTED_EDGE('',*,*,#2032,.F.);
#2839=ORIENTED_EDGE('',*,*,#2030,.F.);
#2840=ORIENTED_EDGE('',*,*,#2028,.F.);
#2841=ORIENTED_EDGE('',*,*,#2026,.F.);
#2842=ORIENTED_EDGE('',*,*,#2024,.F.);
#2843=ORIENTED_EDGE('',*,*,#2022,.F.);
#2844=ORIENTED_EDGE('',*,*,#2020,.F.);
#2845=ORIENTED_EDGE('',*,*,#2017,.F.);
#2846=ORIENTED_EDGE('',*,*,#2014,.F.);
#2847=ORIENTED_EDGE('',*,*,#2011,.F.);
#2848=ORIENTED_EDGE('',*,*,#2008,.F.);
#2849=ORIENTED_EDGE('',*,*,#2005,.F.);
#2850=ORIENTED_EDGE('',*,*,#2002,.F.);
#2851=ORIENTED_EDGE('',*,*,#1999,.F.);
#2852=ORIENTED_EDGE('',*,*,#1996,.F.);
#2853=ORIENTED_EDGE('',*,*,#1792,.F.);
#2854=ORIENTED_EDGE('',*,*,#1809,.T.);
#2855=ORIENTED_EDGE('',*,*,#1878,.F.);
#2856=ORIENTED_EDGE('',*,*,#2033,.F.);
#2857=ORIENTED_EDGE('',*,*,#1794,.F.);
#2858=ORIENTED_EDGE('',*,*,#2033,.T.);
#2859=ORIENTED_EDGE('',*,*,#1881,.F.);
#2860=ORIENTED_EDGE('',*,*,#2034,.F.);
#2861=ORIENTED_EDGE('',*,*,#1796,.F.);
#2862=ORIENTED_EDGE('',*,*,#2034,.T.);
#2863=ORIENTED_EDGE('',*,*,#1884,.F.);
#2864=ORIENTED_EDGE('',*,*,#2035,.F.);
#2865=ORIENTED_EDGE('',*,*,#1798,.F.);
#2866=ORIENTED_EDGE('',*,*,#2035,.T.);
#2867=ORIENTED_EDGE('',*,*,#1887,.F.);
#2868=ORIENTED_EDGE('',*,*,#2036,.F.);
#2869=ORIENTED_EDGE('',*,*,#1800,.F.);
#2870=ORIENTED_EDGE('',*,*,#2036,.T.);
#2871=ORIENTED_EDGE('',*,*,#1890,.F.);
#2872=ORIENTED_EDGE('',*,*,#2037,.F.);
#2873=ORIENTED_EDGE('',*,*,#1802,.F.);
#2874=ORIENTED_EDGE('',*,*,#2037,.T.);
#2875=ORIENTED_EDGE('',*,*,#1893,.F.);
#2876=ORIENTED_EDGE('',*,*,#2038,.F.);
#2877=ORIENTED_EDGE('',*,*,#1804,.F.);
#2878=ORIENTED_EDGE('',*,*,#2038,.T.);
#2879=ORIENTED_EDGE('',*,*,#1896,.F.);
#2880=ORIENTED_EDGE('',*,*,#2039,.F.);
#2881=ORIENTED_EDGE('',*,*,#1806,.F.);
#2882=ORIENTED_EDGE('',*,*,#2039,.T.);
#2883=ORIENTED_EDGE('',*,*,#1899,.F.);
#2884=ORIENTED_EDGE('',*,*,#1822,.F.);
#2885=ORIENTED_EDGE('',*,*,#1849,.F.);
#2886=ORIENTED_EDGE('',*,*,#1858,.T.);
#2887=ORIENTED_EDGE('',*,*,#1918,.F.);
#2888=ORIENTED_EDGE('',*,*,#2040,.F.);
#2889=ORIENTED_EDGE('',*,*,#1851,.F.);
#2890=ORIENTED_EDGE('',*,*,#2040,.T.);
#2891=ORIENTED_EDGE('',*,*,#1921,.F.);
#2892=ORIENTED_EDGE('',*,*,#2041,.F.);
#2893=ORIENTED_EDGE('',*,*,#1853,.F.);
#2894=ORIENTED_EDGE('',*,*,#2041,.T.);
#2895=ORIENTED_EDGE('',*,*,#1924,.F.);
#2896=ORIENTED_EDGE('',*,*,#2042,.F.);
#2897=ORIENTED_EDGE('',*,*,#1855,.F.);
#2898=ORIENTED_EDGE('',*,*,#2042,.T.);
#2899=ORIENTED_EDGE('',*,*,#1927,.F.);
#2900=ORIENTED_EDGE('',*,*,#2043,.F.);
#2901=ORIENTED_EDGE('',*,*,#1824,.F.);
#2902=ORIENTED_EDGE('',*,*,#2043,.T.);
#2903=ORIENTED_EDGE('',*,*,#1930,.F.);
#2904=ORIENTED_EDGE('',*,*,#2044,.F.);
#2905=ORIENTED_EDGE('',*,*,#1827,.F.);
#2906=ORIENTED_EDGE('',*,*,#2044,.T.);
#2907=ORIENTED_EDGE('',*,*,#1933,.F.);
#2908=ORIENTED_EDGE('',*,*,#2045,.F.);
#2909=ORIENTED_EDGE('',*,*,#1829,.F.);
#2910=ORIENTED_EDGE('',*,*,#2045,.T.);
#2911=ORIENTED_EDGE('',*,*,#1936,.F.);
#2912=ORIENTED_EDGE('',*,*,#2046,.F.);
#2913=ORIENTED_EDGE('',*,*,#1846,.F.);
#2914=ORIENTED_EDGE('',*,*,#2046,.T.);
#2915=ORIENTED_EDGE('',*,*,#1939,.F.);
#2916=ORIENTED_EDGE('',*,*,#1871,.F.);
#2917=ORIENTED_EDGE('',*,*,#1738,.F.);
#2918=ORIENTED_EDGE('',*,*,#1760,.T.);
#2919=ORIENTED_EDGE('',*,*,#1998,.F.);
#2920=ORIENTED_EDGE('',*,*,#2047,.F.);
#2921=ORIENTED_EDGE('',*,*,#1740,.F.);
#2922=ORIENTED_EDGE('',*,*,#2047,.T.);
#2923=ORIENTED_EDGE('',*,*,#2001,.F.);
#2924=ORIENTED_EDGE('',*,*,#2048,.F.);
#2925=ORIENTED_EDGE('',*,*,#1742,.F.);
#2926=ORIENTED_EDGE('',*,*,#2048,.T.);
#2927=ORIENTED_EDGE('',*,*,#2004,.F.);
#2928=ORIENTED_EDGE('',*,*,#2049,.F.);
#2929=ORIENTED_EDGE('',*,*,#1744,.F.);
#2930=ORIENTED_EDGE('',*,*,#2049,.T.);
#2931=ORIENTED_EDGE('',*,*,#2007,.F.);
#2932=ORIENTED_EDGE('',*,*,#2050,.F.);
#2933=ORIENTED_EDGE('',*,*,#1746,.F.);
#2934=ORIENTED_EDGE('',*,*,#2050,.T.);
#2935=ORIENTED_EDGE('',*,*,#2010,.F.);
#2936=ORIENTED_EDGE('',*,*,#2051,.F.);
#2937=ORIENTED_EDGE('',*,*,#1748,.F.);
#2938=ORIENTED_EDGE('',*,*,#2051,.T.);
#2939=ORIENTED_EDGE('',*,*,#2013,.F.);
#2940=ORIENTED_EDGE('',*,*,#2052,.F.);
#2941=ORIENTED_EDGE('',*,*,#1750,.F.);
#2942=ORIENTED_EDGE('',*,*,#2052,.T.);
#2943=ORIENTED_EDGE('',*,*,#2016,.F.);
#2944=ORIENTED_EDGE('',*,*,#2053,.F.);
#2945=ORIENTED_EDGE('',*,*,#1752,.F.);
#2946=ORIENTED_EDGE('',*,*,#2053,.T.);
#2947=ORIENTED_EDGE('',*,*,#2019,.F.);
#2948=ORIENTED_EDGE('',*,*,#1773,.F.);
#2949=ORIENTED_EDGE('',*,*,#1612,.F.);
#2950=ORIENTED_EDGE('',*,*,#1655,.T.);
#2951=ORIENTED_EDGE('',*,*,#1958,.F.);
#2952=ORIENTED_EDGE('',*,*,#2054,.F.);
#2953=ORIENTED_EDGE('',*,*,#1615,.F.);
#2954=ORIENTED_EDGE('',*,*,#2054,.T.);
#2955=ORIENTED_EDGE('',*,*,#1961,.F.);
#2956=ORIENTED_EDGE('',*,*,#2055,.F.);
#2957=ORIENTED_EDGE('',*,*,#1622,.F.);
#2958=ORIENTED_EDGE('',*,*,#2055,.T.);
#2959=ORIENTED_EDGE('',*,*,#1964,.F.);
#2960=ORIENTED_EDGE('',*,*,#2056,.F.);
#2961=ORIENTED_EDGE('',*,*,#1625,.F.);
#2962=ORIENTED_EDGE('',*,*,#2056,.T.);
#2963=ORIENTED_EDGE('',*,*,#1967,.F.);
#2964=ORIENTED_EDGE('',*,*,#2057,.F.);
#2965=ORIENTED_EDGE('',*,*,#1628,.F.);
#2966=ORIENTED_EDGE('',*,*,#2057,.T.);
#2967=ORIENTED_EDGE('',*,*,#1970,.F.);
#2968=ORIENTED_EDGE('',*,*,#2058,.F.);
#2969=ORIENTED_EDGE('',*,*,#1632,.F.);
#2970=ORIENTED_EDGE('',*,*,#2058,.T.);
#2971=ORIENTED_EDGE('',*,*,#1973,.F.);
#2972=ORIENTED_EDGE('',*,*,#2059,.F.);
#2973=ORIENTED_EDGE('',*,*,#1635,.F.);
#2974=ORIENTED_EDGE('',*,*,#2059,.T.);
#2975=ORIENTED_EDGE('',*,*,#1976,.F.);
#2976=ORIENTED_EDGE('',*,*,#2060,.F.);
#2977=ORIENTED_EDGE('',*,*,#1638,.F.);
#2978=ORIENTED_EDGE('',*,*,#2060,.T.);
#2979=ORIENTED_EDGE('',*,*,#1979,.F.);
#2980=ORIENTED_EDGE('',*,*,#1668,.F.);
#2981=ORIENTED_EDGE('',*,*,#1706,.F.);
#2982=ORIENTED_EDGE('',*,*,#2061,.T.);
#2983=ORIENTED_EDGE('',*,*,#2062,.F.);
#2984=ORIENTED_EDGE('',*,*,#2063,.F.);
#2985=ORIENTED_EDGE('',*,*,#1709,.F.);
#2986=ORIENTED_EDGE('',*,*,#2064,.T.);
#2987=ORIENTED_EDGE('',*,*,#2065,.F.);
#2988=ORIENTED_EDGE('',*,*,#2061,.F.);
#2989=ORIENTED_EDGE('',*,*,#1708,.F.);
#2990=ORIENTED_EDGE('',*,*,#2066,.T.);
#2991=ORIENTED_EDGE('',*,*,#2067,.F.);
#2992=ORIENTED_EDGE('',*,*,#2064,.F.);
#2993=ORIENTED_EDGE('',*,*,#1707,.F.);
#2994=ORIENTED_EDGE('',*,*,#2063,.T.);
#2995=ORIENTED_EDGE('',*,*,#2068,.F.);
#2996=ORIENTED_EDGE('',*,*,#2066,.F.);
#2997=ORIENTED_EDGE('',*,*,#2069,.T.);
#2998=ORIENTED_EDGE('',*,*,#2070,.T.);
#2999=ORIENTED_EDGE('',*,*,#1673,.F.);
#3000=ORIENTED_EDGE('',*,*,#2071,.F.);
#3001=ORIENTED_EDGE('',*,*,#2072,.T.);
#3002=ORIENTED_EDGE('',*,*,#2071,.T.);
#3003=ORIENTED_EDGE('',*,*,#1672,.F.);
#3004=ORIENTED_EDGE('',*,*,#2073,.F.);
#3005=ORIENTED_EDGE('',*,*,#2074,.T.);
#3006=ORIENTED_EDGE('',*,*,#2073,.T.);
#3007=ORIENTED_EDGE('',*,*,#1671,.F.);
#3008=ORIENTED_EDGE('',*,*,#2075,.F.);
#3009=ORIENTED_EDGE('',*,*,#2076,.T.);
#3010=ORIENTED_EDGE('',*,*,#2075,.T.);
#3011=ORIENTED_EDGE('',*,*,#1670,.F.);
#3012=ORIENTED_EDGE('',*,*,#2070,.F.);
#3013=ORIENTED_EDGE('',*,*,#2076,.F.);
#3014=ORIENTED_EDGE('',*,*,#2069,.F.);
#3015=ORIENTED_EDGE('',*,*,#2072,.F.);
#3016=ORIENTED_EDGE('',*,*,#2074,.F.);
#3017=ORIENTED_EDGE('',*,*,#2062,.T.);
#3018=ORIENTED_EDGE('',*,*,#2065,.T.);
#3019=ORIENTED_EDGE('',*,*,#2067,.T.);
#3020=ORIENTED_EDGE('',*,*,#2068,.T.);
#3021=CYLINDRICAL_SURFACE('',#3369,0.4);
#3022=CYLINDRICAL_SURFACE('',#3372,0.4);
#3023=CYLINDRICAL_SURFACE('',#3374,0.4);
#3024=CYLINDRICAL_SURFACE('',#3376,0.4);
#3025=CYLINDRICAL_SURFACE('',#3378,0.4);
#3026=CYLINDRICAL_SURFACE('',#3381,0.4);
#3027=CYLINDRICAL_SURFACE('',#3383,0.4);
#3028=CYLINDRICAL_SURFACE('',#3385,0.4);
#3029=CYLINDRICAL_SURFACE('',#3387,0.4);
#3030=CYLINDRICAL_SURFACE('',#3389,0.4);
#3031=CYLINDRICAL_SURFACE('',#3391,0.4);
#3032=CYLINDRICAL_SURFACE('',#3392,0.4);
#3033=CYLINDRICAL_SURFACE('',#3394,0.4);
#3034=CYLINDRICAL_SURFACE('',#3396,0.4);
#3035=CYLINDRICAL_SURFACE('',#3398,0.4);
#3036=CYLINDRICAL_SURFACE('',#3400,0.4);
#3037=CYLINDRICAL_SURFACE('',#3410,0.4);
#3038=CYLINDRICAL_SURFACE('',#3413,0.4);
#3039=CYLINDRICAL_SURFACE('',#3415,0.4);
#3040=CYLINDRICAL_SURFACE('',#3418,0.4);
#3041=CYLINDRICAL_SURFACE('',#3420,0.4);
#3042=CYLINDRICAL_SURFACE('',#3422,0.4);
#3043=CYLINDRICAL_SURFACE('',#3424,0.4);
#3044=CYLINDRICAL_SURFACE('',#3426,0.4);
#3045=CYLINDRICAL_SURFACE('',#3428,0.4);
#3046=CYLINDRICAL_SURFACE('',#3430,0.4);
#3047=CYLINDRICAL_SURFACE('',#3432,0.4);
#3048=CYLINDRICAL_SURFACE('',#3434,0.4);
#3049=CYLINDRICAL_SURFACE('',#3436,0.4);
#3050=CYLINDRICAL_SURFACE('',#3437,0.4);
#3051=CYLINDRICAL_SURFACE('',#3439,0.4);
#3052=CYLINDRICAL_SURFACE('',#3441,0.4);
#3053=CYLINDRICAL_SURFACE('',#3450,0.4);
#3054=CYLINDRICAL_SURFACE('',#3453,0.4);
#3055=CYLINDRICAL_SURFACE('',#3455,0.4);
#3056=CYLINDRICAL_SURFACE('',#3457,0.4);
#3057=CYLINDRICAL_SURFACE('',#3459,0.4);
#3058=CYLINDRICAL_SURFACE('',#3461,0.4);
#3059=CYLINDRICAL_SURFACE('',#3463,0.4);
#3060=CYLINDRICAL_SURFACE('',#3465,0.4);
#3061=CYLINDRICAL_SURFACE('',#3467,0.4);
#3062=CYLINDRICAL_SURFACE('',#3469,0.4);
#3063=CYLINDRICAL_SURFACE('',#3471,0.4);
#3064=CYLINDRICAL_SURFACE('',#3473,0.4);
#3065=CYLINDRICAL_SURFACE('',#3475,0.4);
#3066=CYLINDRICAL_SURFACE('',#3477,0.4);
#3067=CYLINDRICAL_SURFACE('',#3479,0.4);
#3068=CYLINDRICAL_SURFACE('',#3481,0.4);
#3069=CYLINDRICAL_SURFACE('',#3490,0.4);
#3070=CYLINDRICAL_SURFACE('',#3493,0.4);
#3071=CYLINDRICAL_SURFACE('',#3495,0.4);
#3072=CYLINDRICAL_SURFACE('',#3497,0.4);
#3073=CYLINDRICAL_SURFACE('',#3500,0.4);
#3074=CYLINDRICAL_SURFACE('',#3502,0.4);
#3075=CYLINDRICAL_SURFACE('',#3504,0.4);
#3076=CYLINDRICAL_SURFACE('',#3506,0.4);
#3077=CYLINDRICAL_SURFACE('',#3508,0.4);
#3078=CYLINDRICAL_SURFACE('',#3510,0.4);
#3079=CYLINDRICAL_SURFACE('',#3512,0.4);
#3080=CYLINDRICAL_SURFACE('',#3513,0.4);
#3081=CYLINDRICAL_SURFACE('',#3515,0.4);
#3082=CYLINDRICAL_SURFACE('',#3517,0.4);
#3083=CYLINDRICAL_SURFACE('',#3519,0.4);
#3084=CYLINDRICAL_SURFACE('',#3521,0.4);
#3085=CYLINDRICAL_SURFACE('',#3530,0.4);
#3086=CYLINDRICAL_SURFACE('',#3533,0.4);
#3087=CYLINDRICAL_SURFACE('',#3535,0.4);
#3088=CYLINDRICAL_SURFACE('',#3537,0.4);
#3089=CYLINDRICAL_SURFACE('',#3539,0.4);
#3090=CYLINDRICAL_SURFACE('',#3541,0.4);
#3091=CYLINDRICAL_SURFACE('',#3543,0.4);
#3092=CYLINDRICAL_SURFACE('',#3545,0.4);
#3093=CYLINDRICAL_SURFACE('',#3547,0.4);
#3094=CYLINDRICAL_SURFACE('',#3549,0.4);
#3095=CYLINDRICAL_SURFACE('',#3551,0.4);
#3096=CYLINDRICAL_SURFACE('',#3553,0.4);
#3097=CYLINDRICAL_SURFACE('',#3555,0.4);
#3098=CYLINDRICAL_SURFACE('',#3557,0.4);
#3099=CYLINDRICAL_SURFACE('',#3559,0.4);
#3100=CYLINDRICAL_SURFACE('',#3561,0.4);
#3101=CYLINDRICAL_SURFACE('',#3563,0.4);
#3102=CYLINDRICAL_SURFACE('',#3566,0.4);
#3103=CYLINDRICAL_SURFACE('',#3568,0.4);
#3104=CYLINDRICAL_SURFACE('',#3570,0.4);
#3105=CYLINDRICAL_SURFACE('',#3572,0.4);
#3106=CYLINDRICAL_SURFACE('',#3574,0.4);
#3107=CYLINDRICAL_SURFACE('',#3576,0.4);
#3108=CYLINDRICAL_SURFACE('',#3578,0.4);
#3109=CYLINDRICAL_SURFACE('',#3580,0.4);
#3110=CYLINDRICAL_SURFACE('',#3582,0.4);
#3111=CYLINDRICAL_SURFACE('',#3584,0.4);
#3112=CYLINDRICAL_SURFACE('',#3586,0.4);
#3113=CYLINDRICAL_SURFACE('',#3588,0.4);
#3114=CYLINDRICAL_SURFACE('',#3590,0.4);
#3115=CYLINDRICAL_SURFACE('',#3592,0.4);
#3116=CYLINDRICAL_SURFACE('',#3594,0.4);
#3117=CYLINDRICAL_SURFACE('',#3596,0.4);
#3118=CYLINDRICAL_SURFACE('',#3599,0.4);
#3119=CYLINDRICAL_SURFACE('',#3601,0.4);
#3120=CYLINDRICAL_SURFACE('',#3603,0.4);
#3121=CYLINDRICAL_SURFACE('',#3605,0.4);
#3122=CYLINDRICAL_SURFACE('',#3607,0.4);
#3123=CYLINDRICAL_SURFACE('',#3609,0.4);
#3124=CYLINDRICAL_SURFACE('',#3611,0.4);
#3125=CYLINDRICAL_SURFACE('',#3613,0.4);
#3126=CYLINDRICAL_SURFACE('',#3615,0.4);
#3127=CYLINDRICAL_SURFACE('',#3617,0.4);
#3128=CYLINDRICAL_SURFACE('',#3619,0.4);
#3129=CYLINDRICAL_SURFACE('',#3621,0.4);
#3130=CYLINDRICAL_SURFACE('',#3623,0.4);
#3131=CYLINDRICAL_SURFACE('',#3625,0.4);
#3132=CYLINDRICAL_SURFACE('',#3627,0.4);
#3133=CYLINDRICAL_SURFACE('',#3629,0.4);
#3134=CYLINDRICAL_SURFACE('',#3632,0.4);
#3135=CYLINDRICAL_SURFACE('',#3634,0.4);
#3136=CYLINDRICAL_SURFACE('',#3636,0.4);
#3137=CYLINDRICAL_SURFACE('',#3638,0.4);
#3138=CYLINDRICAL_SURFACE('',#3640,0.4);
#3139=CYLINDRICAL_SURFACE('',#3642,0.4);
#3140=CYLINDRICAL_SURFACE('',#3644,0.4);
#3141=CYLINDRICAL_SURFACE('',#3646,0.4);
#3142=CYLINDRICAL_SURFACE('',#3648,0.4);
#3143=CYLINDRICAL_SURFACE('',#3650,0.4);
#3144=CYLINDRICAL_SURFACE('',#3652,0.4);
#3145=CYLINDRICAL_SURFACE('',#3654,0.4);
#3146=CYLINDRICAL_SURFACE('',#3656,0.4);
#3147=CYLINDRICAL_SURFACE('',#3658,0.4);
#3148=CYLINDRICAL_SURFACE('',#3660,0.4);
#3149=ADVANCED_FACE('',(#99),#3021,.F.);
#3150=ADVANCED_FACE('',(#100),#3022,.F.);
#3151=ADVANCED_FACE('',(#101),#3023,.F.);
#3152=ADVANCED_FACE('',(#102),#3024,.F.);
#3153=ADVANCED_FACE('',(#103),#3025,.F.);
#3154=ADVANCED_FACE('',(#104),#3026,.F.);
#3155=ADVANCED_FACE('',(#105),#3027,.F.);
#3156=ADVANCED_FACE('',(#106),#3028,.F.);
#3157=ADVANCED_FACE('',(#107),#3029,.F.);
#3158=ADVANCED_FACE('',(#108),#3030,.F.);
#3159=ADVANCED_FACE('',(#109),#3031,.F.);
#3160=ADVANCED_FACE('',(#110),#3032,.F.);
#3161=ADVANCED_FACE('',(#111),#3033,.F.);
#3162=ADVANCED_FACE('',(#112),#3034,.F.);
#3163=ADVANCED_FACE('',(#113),#3035,.F.);
#3164=ADVANCED_FACE('',(#114),#3036,.F.);
#3165=ADVANCED_FACE('',(#115),#21,.T.);
#3166=ADVANCED_FACE('',(#116),#22,.T.);
#3167=ADVANCED_FACE('',(#117),#23,.T.);
#3168=ADVANCED_FACE('',(#118),#24,.T.);
#3169=ADVANCED_FACE('',(#119),#25,.T.);
#3170=ADVANCED_FACE('',(#120),#26,.T.);
#3171=ADVANCED_FACE('',(#121),#27,.T.);
#3172=ADVANCED_FACE('',(#122),#28,.T.);
#3173=ADVANCED_FACE('',(#123,#15,#16,#17,#18,#19),#29,.T.);
#3174=ADVANCED_FACE('',(#124),#3037,.F.);
#3175=ADVANCED_FACE('',(#125),#3038,.F.);
#3176=ADVANCED_FACE('',(#126),#3039,.F.);
#3177=ADVANCED_FACE('',(#127),#3040,.F.);
#3178=ADVANCED_FACE('',(#128),#3041,.F.);
#3179=ADVANCED_FACE('',(#129),#3042,.F.);
#3180=ADVANCED_FACE('',(#130),#3043,.F.);
#3181=ADVANCED_FACE('',(#131),#3044,.F.);
#3182=ADVANCED_FACE('',(#132),#3045,.F.);
#3183=ADVANCED_FACE('',(#133),#3046,.F.);
#3184=ADVANCED_FACE('',(#134),#3047,.F.);
#3185=ADVANCED_FACE('',(#135),#3048,.F.);
#3186=ADVANCED_FACE('',(#136),#3049,.F.);
#3187=ADVANCED_FACE('',(#137),#3050,.F.);
#3188=ADVANCED_FACE('',(#138),#3051,.F.);
#3189=ADVANCED_FACE('',(#139),#3052,.F.);
#3190=ADVANCED_FACE('',(#140),#30,.T.);
#3191=ADVANCED_FACE('',(#141),#31,.T.);
#3192=ADVANCED_FACE('',(#142),#32,.T.);
#3193=ADVANCED_FACE('',(#143),#33,.T.);
#3194=ADVANCED_FACE('',(#144),#34,.T.);
#3195=ADVANCED_FACE('',(#145),#35,.T.);
#3196=ADVANCED_FACE('',(#146),#36,.T.);
#3197=ADVANCED_FACE('',(#147),#37,.T.);
#3198=ADVANCED_FACE('',(#148),#3053,.F.);
#3199=ADVANCED_FACE('',(#149),#3054,.F.);
#3200=ADVANCED_FACE('',(#150),#3055,.F.);
#3201=ADVANCED_FACE('',(#151),#3056,.F.);
#3202=ADVANCED_FACE('',(#152),#3057,.F.);
#3203=ADVANCED_FACE('',(#153),#3058,.F.);
#3204=ADVANCED_FACE('',(#154),#3059,.F.);
#3205=ADVANCED_FACE('',(#155),#3060,.F.);
#3206=ADVANCED_FACE('',(#156),#3061,.F.);
#3207=ADVANCED_FACE('',(#157),#3062,.F.);
#3208=ADVANCED_FACE('',(#158),#3063,.F.);
#3209=ADVANCED_FACE('',(#159),#3064,.F.);
#3210=ADVANCED_FACE('',(#160),#3065,.F.);
#3211=ADVANCED_FACE('',(#161),#3066,.F.);
#3212=ADVANCED_FACE('',(#162),#3067,.F.);
#3213=ADVANCED_FACE('',(#163),#3068,.F.);
#3214=ADVANCED_FACE('',(#164),#38,.T.);
#3215=ADVANCED_FACE('',(#165),#39,.T.);
#3216=ADVANCED_FACE('',(#166),#40,.T.);
#3217=ADVANCED_FACE('',(#167),#41,.T.);
#3218=ADVANCED_FACE('',(#168),#42,.T.);
#3219=ADVANCED_FACE('',(#169),#43,.T.);
#3220=ADVANCED_FACE('',(#170),#44,.T.);
#3221=ADVANCED_FACE('',(#171),#45,.T.);
#3222=ADVANCED_FACE('',(#172),#3069,.F.);
#3223=ADVANCED_FACE('',(#173),#3070,.F.);
#3224=ADVANCED_FACE('',(#174),#3071,.F.);
#3225=ADVANCED_FACE('',(#175),#3072,.F.);
#3226=ADVANCED_FACE('',(#176),#3073,.F.);
#3227=ADVANCED_FACE('',(#177),#3074,.F.);
#3228=ADVANCED_FACE('',(#178),#3075,.F.);
#3229=ADVANCED_FACE('',(#179),#3076,.F.);
#3230=ADVANCED_FACE('',(#180),#3077,.F.);
#3231=ADVANCED_FACE('',(#181),#3078,.F.);
#3232=ADVANCED_FACE('',(#182),#3079,.F.);
#3233=ADVANCED_FACE('',(#183),#3080,.F.);
#3234=ADVANCED_FACE('',(#184),#3081,.F.);
#3235=ADVANCED_FACE('',(#185),#3082,.F.);
#3236=ADVANCED_FACE('',(#186),#3083,.F.);
#3237=ADVANCED_FACE('',(#187),#3084,.F.);
#3238=ADVANCED_FACE('',(#188),#46,.T.);
#3239=ADVANCED_FACE('',(#189),#47,.T.);
#3240=ADVANCED_FACE('',(#190),#48,.T.);
#3241=ADVANCED_FACE('',(#191),#49,.T.);
#3242=ADVANCED_FACE('',(#192),#50,.T.);
#3243=ADVANCED_FACE('',(#193),#51,.T.);
#3244=ADVANCED_FACE('',(#194),#52,.T.);
#3245=ADVANCED_FACE('',(#195),#53,.T.);
#3246=ADVANCED_FACE('',(#196),#3085,.T.);
#3247=ADVANCED_FACE('',(#197),#3086,.T.);
#3248=ADVANCED_FACE('',(#198),#3087,.T.);
#3249=ADVANCED_FACE('',(#199),#3088,.T.);
#3250=ADVANCED_FACE('',(#200),#3089,.T.);
#3251=ADVANCED_FACE('',(#201),#3090,.T.);
#3252=ADVANCED_FACE('',(#202),#3091,.T.);
#3253=ADVANCED_FACE('',(#203),#3092,.T.);
#3254=ADVANCED_FACE('',(#204),#3093,.T.);
#3255=ADVANCED_FACE('',(#205),#3094,.T.);
#3256=ADVANCED_FACE('',(#206),#3095,.T.);
#3257=ADVANCED_FACE('',(#207),#3096,.T.);
#3258=ADVANCED_FACE('',(#208),#3097,.T.);
#3259=ADVANCED_FACE('',(#209),#3098,.T.);
#3260=ADVANCED_FACE('',(#210),#3099,.T.);
#3261=ADVANCED_FACE('',(#211),#3100,.T.);
#3262=ADVANCED_FACE('',(#212),#54,.T.);
#3263=ADVANCED_FACE('',(#213),#3101,.T.);
#3264=ADVANCED_FACE('',(#214),#3102,.T.);
#3265=ADVANCED_FACE('',(#215),#3103,.T.);
#3266=ADVANCED_FACE('',(#216),#3104,.T.);
#3267=ADVANCED_FACE('',(#217),#3105,.T.);
#3268=ADVANCED_FACE('',(#218),#3106,.T.);
#3269=ADVANCED_FACE('',(#219),#3107,.T.);
#3270=ADVANCED_FACE('',(#220),#3108,.T.);
#3271=ADVANCED_FACE('',(#221),#3109,.T.);
#3272=ADVANCED_FACE('',(#222),#3110,.T.);
#3273=ADVANCED_FACE('',(#223),#3111,.T.);
#3274=ADVANCED_FACE('',(#224),#3112,.T.);
#3275=ADVANCED_FACE('',(#225),#3113,.T.);
#3276=ADVANCED_FACE('',(#226),#3114,.T.);
#3277=ADVANCED_FACE('',(#227),#3115,.T.);
#3278=ADVANCED_FACE('',(#228),#3116,.T.);
#3279=ADVANCED_FACE('',(#229),#55,.T.);
#3280=ADVANCED_FACE('',(#230),#3117,.T.);
#3281=ADVANCED_FACE('',(#231),#3118,.T.);
#3282=ADVANCED_FACE('',(#232),#3119,.T.);
#3283=ADVANCED_FACE('',(#233),#3120,.T.);
#3284=ADVANCED_FACE('',(#234),#3121,.T.);
#3285=ADVANCED_FACE('',(#235),#3122,.T.);
#3286=ADVANCED_FACE('',(#236),#3123,.T.);
#3287=ADVANCED_FACE('',(#237),#3124,.T.);
#3288=ADVANCED_FACE('',(#238),#3125,.T.);
#3289=ADVANCED_FACE('',(#239),#3126,.T.);
#3290=ADVANCED_FACE('',(#240),#3127,.T.);
#3291=ADVANCED_FACE('',(#241),#3128,.T.);
#3292=ADVANCED_FACE('',(#242),#3129,.T.);
#3293=ADVANCED_FACE('',(#243),#3130,.T.);
#3294=ADVANCED_FACE('',(#244),#3131,.T.);
#3295=ADVANCED_FACE('',(#245),#3132,.T.);
#3296=ADVANCED_FACE('',(#246),#56,.T.);
#3297=ADVANCED_FACE('',(#247),#3133,.T.);
#3298=ADVANCED_FACE('',(#248),#3134,.T.);
#3299=ADVANCED_FACE('',(#249),#3135,.T.);
#3300=ADVANCED_FACE('',(#250),#3136,.T.);
#3301=ADVANCED_FACE('',(#251),#3137,.T.);
#3302=ADVANCED_FACE('',(#252),#3138,.T.);
#3303=ADVANCED_FACE('',(#253),#3139,.T.);
#3304=ADVANCED_FACE('',(#254),#3140,.T.);
#3305=ADVANCED_FACE('',(#255),#3141,.T.);
#3306=ADVANCED_FACE('',(#256),#3142,.T.);
#3307=ADVANCED_FACE('',(#257),#3143,.T.);
#3308=ADVANCED_FACE('',(#258),#3144,.T.);
#3309=ADVANCED_FACE('',(#259),#3145,.T.);
#3310=ADVANCED_FACE('',(#260),#3146,.T.);
#3311=ADVANCED_FACE('',(#261),#3147,.T.);
#3312=ADVANCED_FACE('',(#262),#3148,.T.);
#3313=ADVANCED_FACE('',(#263),#57,.T.);
#3314=ADVANCED_FACE('',(#264),#58,.T.);
#3315=ADVANCED_FACE('',(#265),#59,.T.);
#3316=ADVANCED_FACE('',(#266),#60,.T.);
#3317=ADVANCED_FACE('',(#267),#61,.T.);
#3318=ADVANCED_FACE('',(#268),#62,.T.);
#3319=ADVANCED_FACE('',(#269),#63,.T.);
#3320=ADVANCED_FACE('',(#270),#64,.T.);
#3321=ADVANCED_FACE('',(#271),#65,.T.);
#3322=ADVANCED_FACE('',(#272),#66,.T.);
#3323=ADVANCED_FACE('',(#273),#67,.T.);
#3324=ADVANCED_FACE('',(#274),#68,.T.);
#3325=ADVANCED_FACE('',(#275),#69,.T.);
#3326=ADVANCED_FACE('',(#276),#70,.T.);
#3327=ADVANCED_FACE('',(#277),#71,.T.);
#3328=ADVANCED_FACE('',(#278),#72,.T.);
#3329=ADVANCED_FACE('',(#279),#73,.T.);
#3330=ADVANCED_FACE('',(#280),#74,.T.);
#3331=ADVANCED_FACE('',(#281),#75,.T.);
#3332=ADVANCED_FACE('',(#282),#76,.T.);
#3333=ADVANCED_FACE('',(#283),#77,.T.);
#3334=ADVANCED_FACE('',(#284),#78,.T.);
#3335=ADVANCED_FACE('',(#285),#79,.T.);
#3336=ADVANCED_FACE('',(#286),#80,.T.);
#3337=ADVANCED_FACE('',(#287),#81,.T.);
#3338=ADVANCED_FACE('',(#288),#82,.T.);
#3339=ADVANCED_FACE('',(#289),#83,.T.);
#3340=ADVANCED_FACE('',(#290),#84,.T.);
#3341=ADVANCED_FACE('',(#291),#85,.T.);
#3342=ADVANCED_FACE('',(#292),#86,.T.);
#3343=ADVANCED_FACE('',(#293),#87,.T.);
#3344=ADVANCED_FACE('',(#294),#88,.T.);
#3345=ADVANCED_FACE('',(#295),#89,.T.);
#3346=ADVANCED_FACE('',(#296),#90,.F.);
#3347=ADVANCED_FACE('',(#297),#91,.F.);
#3348=ADVANCED_FACE('',(#298),#92,.F.);
#3349=ADVANCED_FACE('',(#299),#93,.F.);
#3350=ADVANCED_FACE('',(#300),#94,.T.);
#3351=ADVANCED_FACE('',(#301),#95,.T.);
#3352=ADVANCED_FACE('',(#302),#96,.T.);
#3353=ADVANCED_FACE('',(#303),#97,.T.);
#3354=ADVANCED_FACE('',(#304,#20),#98,.F.);
#3355=CLOSED_SHELL('',(#3149,#3150,#3151,#3152,#3153,#3154,#3155,#3156,
#3157,#3158,#3159,#3160,#3161,#3162,#3163,#3164,#3165,#3166,#3167,#3168,
#3169,#3170,#3171,#3172,#3173,#3174,#3175,#3176,#3177,#3178,#3179,#3180,
#3181,#3182,#3183,#3184,#3185,#3186,#3187,#3188,#3189,#3190,#3191,#3192,
#3193,#3194,#3195,#3196,#3197,#3198,#3199,#3200,#3201,#3202,#3203,#3204,
#3205,#3206,#3207,#3208,#3209,#3210,#3211,#3212,#3213,#3214,#3215,#3216,
#3217,#3218,#3219,#3220,#3221,#3222,#3223,#3224,#3225,#3226,#3227,#3228,
#3229,#3230,#3231,#3232,#3233,#3234,#3235,#3236,#3237,#3238,#3239,#3240,
#3241,#3242,#3243,#3244,#3245,#3246,#3247,#3248,#3249,#3250,#3251,#3252,
#3253,#3254,#3255,#3256,#3257,#3258,#3259,#3260,#3261,#3262,#3263,#3264,
#3265,#3266,#3267,#3268,#3269,#3270,#3271,#3272,#3273,#3274,#3275,#3276,
#3277,#3278,#3279,#3280,#3281,#3282,#3283,#3284,#3285,#3286,#3287,#3288,
#3289,#3290,#3291,#3292,#3293,#3294,#3295,#3296,#3297,#3298,#3299,#3300,
#3301,#3302,#3303,#3304,#3305,#3306,#3307,#3308,#3309,#3310,#3311,#3312,
#3313,#3314,#3315,#3316,#3317,#3318,#3319,#3320,#3321,#3322,#3323,#3324,
#3325,#3326,#3327,#3328,#3329,#3330,#3331,#3332,#3333,#3334,#3335,#3336,
#3337,#3338,#3339,#3340,#3341,#3342,#3343,#3344,#3345,#3346,#3347,#3348,
#3349,#3350,#3351,#3352,#3353,#3354));
#3356=DERIVED_UNIT_ELEMENT(#3358,1.);
#3357=DERIVED_UNIT_ELEMENT(#5673,-3.);
#3358=(
MASS_UNIT()
NAMED_UNIT(*)
SI_UNIT(.KILO.,.GRAM.)
);
#3359=DERIVED_UNIT((#3356,#3357));
#3360=MEASURE_REPRESENTATION_ITEM('density measure',
POSITIVE_RATIO_MEASURE(7850.),#3359);
#3361=PROPERTY_DEFINITION_REPRESENTATION(#3366,#3363);
#3362=PROPERTY_DEFINITION_REPRESENTATION(#3367,#3364);
#3363=REPRESENTATION('material name',(#3365),#5670);
#3364=REPRESENTATION('density',(#3360),#5670);
#3365=DESCRIPTIVE_REPRESENTATION_ITEM('\X2\92FC\X0\','\X2\92FC\X0\');
#3366=PROPERTY_DEFINITION('material property','material name',#5680);
#3367=PROPERTY_DEFINITION('material property','density of part',#5680);
#3368=AXIS2_PLACEMENT_3D('',#4717,#3703,#3704);
#3369=AXIS2_PLACEMENT_3D('',#4718,#3705,#3706);
#3370=AXIS2_PLACEMENT_3D('',#4723,#3708,#3709);
#3371=AXIS2_PLACEMENT_3D('',#4726,#3711,#3712);
#3372=AXIS2_PLACEMENT_3D('',#4727,#3713,#3714);
#3373=AXIS2_PLACEMENT_3D('',#4731,#3716,#3717);
#3374=AXIS2_PLACEMENT_3D('',#4733,#3719,#3720);
#3375=AXIS2_PLACEMENT_3D('',#4737,#3722,#3723);
#3376=AXIS2_PLACEMENT_3D('',#4739,#3725,#3726);
#3377=AXIS2_PLACEMENT_3D('',#4743,#3728,#3729);
#3378=AXIS2_PLACEMENT_3D('',#4745,#3731,#3732);
#3379=AXIS2_PLACEMENT_3D('',#4750,#3734,#3735);
#3380=AXIS2_PLACEMENT_3D('',#4753,#3737,#3738);
#3381=AXIS2_PLACEMENT_3D('',#4754,#3739,#3740);
#3382=AXIS2_PLACEMENT_3D('',#4758,#3742,#3743);
#3383=AXIS2_PLACEMENT_3D('',#4760,#3745,#3746);
#3384=AXIS2_PLACEMENT_3D('',#4764,#3748,#3749);
#3385=AXIS2_PLACEMENT_3D('',#4766,#3751,#3752);
#3386=AXIS2_PLACEMENT_3D('',#4770,#3754,#3755);
#3387=AXIS2_PLACEMENT_3D('',#4772,#3757,#3758);
#3388=AXIS2_PLACEMENT_3D('',#4777,#3761,#3762);
#3389=AXIS2_PLACEMENT_3D('',#4778,#3763,#3764);
#3390=AXIS2_PLACEMENT_3D('',#4783,#3767,#3768);
#3391=AXIS2_PLACEMENT_3D('',#4784,#3769,#3770);
#3392=AXIS2_PLACEMENT_3D('',#4787,#3773,#3774);
#3393=AXIS2_PLACEMENT_3D('',#4792,#3777,#3778);
#3394=AXIS2_PLACEMENT_3D('',#4793,#3779,#3780);
#3395=AXIS2_PLACEMENT_3D('',#4798,#3783,#3784);
#3396=AXIS2_PLACEMENT_3D('',#4799,#3785,#3786);
#3397=AXIS2_PLACEMENT_3D('',#4804,#3789,#3790);
#3398=AXIS2_PLACEMENT_3D('',#4805,#3791,#3792);
#3399=AXIS2_PLACEMENT_3D('',#4810,#3795,#3796);
#3400=AXIS2_PLACEMENT_3D('',#4811,#3797,#3798);
#3401=AXIS2_PLACEMENT_3D('',#4814,#3801,#3802);
#3402=AXIS2_PLACEMENT_3D('',#4820,#3806,#3807);
#3403=AXIS2_PLACEMENT_3D('',#4824,#3810,#3811);
#3404=AXIS2_PLACEMENT_3D('',#4828,#3814,#3815);
#3405=AXIS2_PLACEMENT_3D('',#4832,#3818,#3819);
#3406=AXIS2_PLACEMENT_3D('',#4836,#3822,#3823);
#3407=AXIS2_PLACEMENT_3D('',#4840,#3826,#3827);
#3408=AXIS2_PLACEMENT_3D('',#4844,#3830,#3831);
#3409=AXIS2_PLACEMENT_3D('',#4848,#3834,#3835);
#3410=AXIS2_PLACEMENT_3D('',#4961,#3892,#3893);
#3411=AXIS2_PLACEMENT_3D('',#4965,#3895,#3896);
#3412=AXIS2_PLACEMENT_3D('',#4966,#3897,#3898);
#3413=AXIS2_PLACEMENT_3D('',#4967,#3899,#3900);
#3414=AXIS2_PLACEMENT_3D('',#4970,#3902,#3903);
#3415=AXIS2_PLACEMENT_3D('',#4971,#3904,#3905);
#3416=AXIS2_PLACEMENT_3D('',#4973,#3906,#3907);
#3417=AXIS2_PLACEMENT_3D('',#4976,#3909,#3910);
#3418=AXIS2_PLACEMENT_3D('',#4977,#3911,#3912);
#3419=AXIS2_PLACEMENT_3D('',#4980,#3914,#3915);
#3420=AXIS2_PLACEMENT_3D('',#4981,#3916,#3917);
#3421=AXIS2_PLACEMENT_3D('',#4984,#3919,#3920);
#3422=AXIS2_PLACEMENT_3D('',#4985,#3921,#3922);
#3423=AXIS2_PLACEMENT_3D('',#4988,#3924,#3925);
#3424=AXIS2_PLACEMENT_3D('',#4989,#3926,#3927);
#3425=AXIS2_PLACEMENT_3D('',#4992,#3929,#3930);
#3426=AXIS2_PLACEMENT_3D('',#4993,#3931,#3932);
#3427=AXIS2_PLACEMENT_3D('',#4996,#3934,#3935);
#3428=AXIS2_PLACEMENT_3D('',#4997,#3936,#3937);
#3429=AXIS2_PLACEMENT_3D('',#5000,#3939,#3940);
#3430=AXIS2_PLACEMENT_3D('',#5001,#3941,#3942);
#3431=AXIS2_PLACEMENT_3D('',#5004,#3944,#3945);
#3432=AXIS2_PLACEMENT_3D('',#5005,#3946,#3947);
#3433=AXIS2_PLACEMENT_3D('',#5008,#3949,#3950);
#3434=AXIS2_PLACEMENT_3D('',#5009,#3951,#3952);
#3435=AXIS2_PLACEMENT_3D('',#5012,#3954,#3955);
#3436=AXIS2_PLACEMENT_3D('',#5013,#3956,#3957);
#3437=AXIS2_PLACEMENT_3D('',#5015,#3959,#3960);
#3438=AXIS2_PLACEMENT_3D('',#5018,#3962,#3963);
#3439=AXIS2_PLACEMENT_3D('',#5019,#3964,#3965);
#3440=AXIS2_PLACEMENT_3D('',#5022,#3967,#3968);
#3441=AXIS2_PLACEMENT_3D('',#5023,#3969,#3970);
#3442=AXIS2_PLACEMENT_3D('',#5025,#3972,#3973);
#3443=AXIS2_PLACEMENT_3D('',#5031,#3977,#3978);
#3444=AXIS2_PLACEMENT_3D('',#5035,#3981,#3982);
#3445=AXIS2_PLACEMENT_3D('',#5039,#3985,#3986);
#3446=AXIS2_PLACEMENT_3D('',#5043,#3989,#3990);
#3447=AXIS2_PLACEMENT_3D('',#5047,#3993,#3994);
#3448=AXIS2_PLACEMENT_3D('',#5051,#3997,#3998);
#3449=AXIS2_PLACEMENT_3D('',#5055,#4001,#4002);
#3450=AXIS2_PLACEMENT_3D('',#5059,#4005,#4006);
#3451=AXIS2_PLACEMENT_3D('',#5063,#4008,#4009);
#3452=AXIS2_PLACEMENT_3D('',#5064,#4010,#4011);
#3453=AXIS2_PLACEMENT_3D('',#5065,#4012,#4013);
#3454=AXIS2_PLACEMENT_3D('',#5068,#4015,#4016);
#3455=AXIS2_PLACEMENT_3D('',#5069,#4017,#4018);
#3456=AXIS2_PLACEMENT_3D('',#5072,#4020,#4021);
#3457=AXIS2_PLACEMENT_3D('',#5073,#4022,#4023);
#3458=AXIS2_PLACEMENT_3D('',#5076,#4025,#4026);
#3459=AXIS2_PLACEMENT_3D('',#5077,#4027,#4028);
#3460=AXIS2_PLACEMENT_3D('',#5080,#4030,#4031);
#3461=AXIS2_PLACEMENT_3D('',#5081,#4032,#4033);
#3462=AXIS2_PLACEMENT_3D('',#5084,#4035,#4036);
#3463=AXIS2_PLACEMENT_3D('',#5085,#4037,#4038);
#3464=AXIS2_PLACEMENT_3D('',#5088,#4040,#4041);
#3465=AXIS2_PLACEMENT_3D('',#5089,#4042,#4043);
#3466=AXIS2_PLACEMENT_3D('',#5092,#4045,#4046);
#3467=AXIS2_PLACEMENT_3D('',#5093,#4047,#4048);
#3468=AXIS2_PLACEMENT_3D('',#5096,#4050,#4051);
#3469=AXIS2_PLACEMENT_3D('',#5097,#4052,#4053);
#3470=AXIS2_PLACEMENT_3D('',#5100,#4055,#4056);
#3471=AXIS2_PLACEMENT_3D('',#5101,#4057,#4058);
#3472=AXIS2_PLACEMENT_3D('',#5104,#4060,#4061);
#3473=AXIS2_PLACEMENT_3D('',#5105,#4062,#4063);
#3474=AXIS2_PLACEMENT_3D('',#5108,#4065,#4066);
#3475=AXIS2_PLACEMENT_3D('',#5109,#4067,#4068);
#3476=AXIS2_PLACEMENT_3D('',#5112,#4070,#4071);
#3477=AXIS2_PLACEMENT_3D('',#5113,#4072,#4073);
#3478=AXIS2_PLACEMENT_3D('',#5116,#4075,#4076);
#3479=AXIS2_PLACEMENT_3D('',#5117,#4077,#4078);
#3480=AXIS2_PLACEMENT_3D('',#5120,#4080,#4081);
#3481=AXIS2_PLACEMENT_3D('',#5121,#4082,#4083);
#3482=AXIS2_PLACEMENT_3D('',#5123,#4085,#4086);
#3483=AXIS2_PLACEMENT_3D('',#5129,#4090,#4091);
#3484=AXIS2_PLACEMENT_3D('',#5133,#4094,#4095);
#3485=AXIS2_PLACEMENT_3D('',#5137,#4098,#4099);
#3486=AXIS2_PLACEMENT_3D('',#5141,#4102,#4103);
#3487=AXIS2_PLACEMENT_3D('',#5145,#4106,#4107);
#3488=AXIS2_PLACEMENT_3D('',#5149,#4110,#4111);
#3489=AXIS2_PLACEMENT_3D('',#5153,#4114,#4115);
#3490=AXIS2_PLACEMENT_3D('',#5157,#4118,#4119);
#3491=AXIS2_PLACEMENT_3D('',#5161,#4121,#4122);
#3492=AXIS2_PLACEMENT_3D('',#5162,#4123,#4124);
#3493=AXIS2_PLACEMENT_3D('',#5163,#4125,#4126);
#3494=AXIS2_PLACEMENT_3D('',#5166,#4128,#4129);
#3495=AXIS2_PLACEMENT_3D('',#5167,#4130,#4131);
#3496=AXIS2_PLACEMENT_3D('',#5170,#4133,#4134);
#3497=AXIS2_PLACEMENT_3D('',#5171,#4135,#4136);
#3498=AXIS2_PLACEMENT_3D('',#5175,#4138,#4139);
#3499=AXIS2_PLACEMENT_3D('',#5176,#4140,#4141);
#3500=AXIS2_PLACEMENT_3D('',#5177,#4142,#4143);
#3501=AXIS2_PLACEMENT_3D('',#5180,#4145,#4146);
#3502=AXIS2_PLACEMENT_3D('',#5181,#4147,#4148);
#3503=AXIS2_PLACEMENT_3D('',#5184,#4150,#4151);
#3504=AXIS2_PLACEMENT_3D('',#5185,#4152,#4153);
#3505=AXIS2_PLACEMENT_3D('',#5188,#4155,#4156);
#3506=AXIS2_PLACEMENT_3D('',#5189,#4157,#4158);
#3507=AXIS2_PLACEMENT_3D('',#5192,#4160,#4161);
#3508=AXIS2_PLACEMENT_3D('',#5193,#4162,#4163);
#3509=AXIS2_PLACEMENT_3D('',#5196,#4165,#4166);
#3510=AXIS2_PLACEMENT_3D('',#5197,#4167,#4168);
#3511=AXIS2_PLACEMENT_3D('',#5200,#4170,#4171);
#3512=AXIS2_PLACEMENT_3D('',#5201,#4172,#4173);
#3513=AXIS2_PLACEMENT_3D('',#5203,#4175,#4176);
#3514=AXIS2_PLACEMENT_3D('',#5206,#4178,#4179);
#3515=AXIS2_PLACEMENT_3D('',#5207,#4180,#4181);
#3516=AXIS2_PLACEMENT_3D('',#5210,#4183,#4184);
#3517=AXIS2_PLACEMENT_3D('',#5211,#4185,#4186);
#3518=AXIS2_PLACEMENT_3D('',#5214,#4188,#4189);
#3519=AXIS2_PLACEMENT_3D('',#5215,#4190,#4191);
#3520=AXIS2_PLACEMENT_3D('',#5218,#4193,#4194);
#3521=AXIS2_PLACEMENT_3D('',#5219,#4195,#4196);
#3522=AXIS2_PLACEMENT_3D('',#5221,#4198,#4199);
#3523=AXIS2_PLACEMENT_3D('',#5227,#4203,#4204);
#3524=AXIS2_PLACEMENT_3D('',#5231,#4207,#4208);
#3525=AXIS2_PLACEMENT_3D('',#5235,#4211,#4212);
#3526=AXIS2_PLACEMENT_3D('',#5239,#4215,#4216);
#3527=AXIS2_PLACEMENT_3D('',#5243,#4219,#4220);
#3528=AXIS2_PLACEMENT_3D('',#5247,#4223,#4224);
#3529=AXIS2_PLACEMENT_3D('',#5251,#4227,#4228);
#3530=AXIS2_PLACEMENT_3D('',#5255,#4231,#4232);
#3531=AXIS2_PLACEMENT_3D('',#5259,#4234,#4235);
#3532=AXIS2_PLACEMENT_3D('',#5260,#4236,#4237);
#3533=AXIS2_PLACEMENT_3D('',#5261,#4238,#4239);
#3534=AXIS2_PLACEMENT_3D('',#5265,#4241,#4242);
#3535=AXIS2_PLACEMENT_3D('',#5267,#4244,#4245);
#3536=AXIS2_PLACEMENT_3D('',#5271,#4247,#4248);
#3537=AXIS2_PLACEMENT_3D('',#5273,#4250,#4251);
#3538=AXIS2_PLACEMENT_3D('',#5277,#4253,#4254);
#3539=AXIS2_PLACEMENT_3D('',#5279,#4256,#4257);
#3540=AXIS2_PLACEMENT_3D('',#5283,#4259,#4260);
#3541=AXIS2_PLACEMENT_3D('',#5285,#4262,#4263);
#3542=AXIS2_PLACEMENT_3D('',#5289,#4265,#4266);
#3543=AXIS2_PLACEMENT_3D('',#5291,#4268,#4269);
#3544=AXIS2_PLACEMENT_3D('',#5295,#4271,#4272);
#3545=AXIS2_PLACEMENT_3D('',#5297,#4274,#4275);
#3546=AXIS2_PLACEMENT_3D('',#5301,#4277,#4278);
#3547=AXIS2_PLACEMENT_3D('',#5303,#4280,#4281);
#3548=AXIS2_PLACEMENT_3D('',#5306,#4283,#4284);
#3549=AXIS2_PLACEMENT_3D('',#5308,#4286,#4287);
#3550=AXIS2_PLACEMENT_3D('',#5311,#4289,#4290);
#3551=AXIS2_PLACEMENT_3D('',#5312,#4291,#4292);
#3552=AXIS2_PLACEMENT_3D('',#5315,#4294,#4295);
#3553=AXIS2_PLACEMENT_3D('',#5316,#4296,#4297);
#3554=AXIS2_PLACEMENT_3D('',#5319,#4299,#4300);
#3555=AXIS2_PLACEMENT_3D('',#5320,#4301,#4302);
#3556=AXIS2_PLACEMENT_3D('',#5323,#4304,#4305);
#3557=AXIS2_PLACEMENT_3D('',#5324,#4306,#4307);
#3558=AXIS2_PLACEMENT_3D('',#5327,#4309,#4310);
#3559=AXIS2_PLACEMENT_3D('',#5328,#4311,#4312);
#3560=AXIS2_PLACEMENT_3D('',#5331,#4314,#4315);
#3561=AXIS2_PLACEMENT_3D('',#5332,#4316,#4317);
#3562=AXIS2_PLACEMENT_3D('',#5334,#4319,#4320);
#3563=AXIS2_PLACEMENT_3D('',#5335,#4321,#4322);
#3564=AXIS2_PLACEMENT_3D('',#5339,#4324,#4325);
#3565=AXIS2_PLACEMENT_3D('',#5340,#4326,#4327);
#3566=AXIS2_PLACEMENT_3D('',#5341,#4328,#4329);
#3567=AXIS2_PLACEMENT_3D('',#5345,#4331,#4332);
#3568=AXIS2_PLACEMENT_3D('',#5347,#4334,#4335);
#3569=AXIS2_PLACEMENT_3D('',#5351,#4337,#4338);
#3570=AXIS2_PLACEMENT_3D('',#5353,#4340,#4341);
#3571=AXIS2_PLACEMENT_3D('',#5357,#4343,#4344);
#3572=AXIS2_PLACEMENT_3D('',#5359,#4346,#4347);
#3573=AXIS2_PLACEMENT_3D('',#5363,#4349,#4350);
#3574=AXIS2_PLACEMENT_3D('',#5365,#4352,#4353);
#3575=AXIS2_PLACEMENT_3D('',#5369,#4355,#4356);
#3576=AXIS2_PLACEMENT_3D('',#5371,#4358,#4359);
#3577=AXIS2_PLACEMENT_3D('',#5375,#4361,#4362);
#3578=AXIS2_PLACEMENT_3D('',#5377,#4364,#4365);
#3579=AXIS2_PLACEMENT_3D('',#5381,#4367,#4368);
#3580=AXIS2_PLACEMENT_3D('',#5383,#4370,#4371);
#3581=AXIS2_PLACEMENT_3D('',#5386,#4373,#4374);
#3582=AXIS2_PLACEMENT_3D('',#5388,#4376,#4377);
#3583=AXIS2_PLACEMENT_3D('',#5391,#4379,#4380);
#3584=AXIS2_PLACEMENT_3D('',#5392,#4381,#4382);
#3585=AXIS2_PLACEMENT_3D('',#5395,#4384,#4385);
#3586=AXIS2_PLACEMENT_3D('',#5396,#4386,#4387);
#3587=AXIS2_PLACEMENT_3D('',#5399,#4389,#4390);
#3588=AXIS2_PLACEMENT_3D('',#5400,#4391,#4392);
#3589=AXIS2_PLACEMENT_3D('',#5403,#4394,#4395);
#3590=AXIS2_PLACEMENT_3D('',#5404,#4396,#4397);
#3591=AXIS2_PLACEMENT_3D('',#5407,#4399,#4400);
#3592=AXIS2_PLACEMENT_3D('',#5408,#4401,#4402);
#3593=AXIS2_PLACEMENT_3D('',#5411,#4404,#4405);
#3594=AXIS2_PLACEMENT_3D('',#5412,#4406,#4407);
#3595=AXIS2_PLACEMENT_3D('',#5414,#4409,#4410);
#3596=AXIS2_PLACEMENT_3D('',#5415,#4411,#4412);
#3597=AXIS2_PLACEMENT_3D('',#5419,#4414,#4415);
#3598=AXIS2_PLACEMENT_3D('',#5420,#4416,#4417);
#3599=AXIS2_PLACEMENT_3D('',#5421,#4418,#4419);
#3600=AXIS2_PLACEMENT_3D('',#5425,#4421,#4422);
#3601=AXIS2_PLACEMENT_3D('',#5427,#4424,#4425);
#3602=AXIS2_PLACEMENT_3D('',#5431,#4427,#4428);
#3603=AXIS2_PLACEMENT_3D('',#5433,#4430,#4431);
#3604=AXIS2_PLACEMENT_3D('',#5437,#4433,#4434);
#3605=AXIS2_PLACEMENT_3D('',#5439,#4436,#4437);
#3606=AXIS2_PLACEMENT_3D('',#5443,#4439,#4440);
#3607=AXIS2_PLACEMENT_3D('',#5445,#4442,#4443);
#3608=AXIS2_PLACEMENT_3D('',#5449,#4445,#4446);
#3609=AXIS2_PLACEMENT_3D('',#5451,#4448,#4449);
#3610=AXIS2_PLACEMENT_3D('',#5455,#4451,#4452);
#3611=AXIS2_PLACEMENT_3D('',#5457,#4454,#4455);
#3612=AXIS2_PLACEMENT_3D('',#5461,#4457,#4458);
#3613=AXIS2_PLACEMENT_3D('',#5463,#4460,#4461);
#3614=AXIS2_PLACEMENT_3D('',#5466,#4463,#4464);
#3615=AXIS2_PLACEMENT_3D('',#5468,#4466,#4467);
#3616=AXIS2_PLACEMENT_3D('',#5471,#4469,#4470);
#3617=AXIS2_PLACEMENT_3D('',#5472,#4471,#4472);
#3618=AXIS2_PLACEMENT_3D('',#5475,#4474,#4475);
#3619=AXIS2_PLACEMENT_3D('',#5476,#4476,#4477);
#3620=AXIS2_PLACEMENT_3D('',#5479,#4479,#4480);
#3621=AXIS2_PLACEMENT_3D('',#5480,#4481,#4482);
#3622=AXIS2_PLACEMENT_3D('',#5483,#4484,#4485);
#3623=AXIS2_PLACEMENT_3D('',#5484,#4486,#4487);
#3624=AXIS2_PLACEMENT_3D('',#5487,#4489,#4490);
#3625=AXIS2_PLACEMENT_3D('',#5488,#4491,#4492);
#3626=AXIS2_PLACEMENT_3D('',#5491,#4494,#4495);
#3627=AXIS2_PLACEMENT_3D('',#5492,#4496,#4497);
#3628=AXIS2_PLACEMENT_3D('',#5494,#4499,#4500);
#3629=AXIS2_PLACEMENT_3D('',#5495,#4501,#4502);
#3630=AXIS2_PLACEMENT_3D('',#5499,#4504,#4505);
#3631=AXIS2_PLACEMENT_3D('',#5500,#4506,#4507);
#3632=AXIS2_PLACEMENT_3D('',#5501,#4508,#4509);
#3633=AXIS2_PLACEMENT_3D('',#5505,#4511,#4512);
#3634=AXIS2_PLACEMENT_3D('',#5507,#4514,#4515);
#3635=AXIS2_PLACEMENT_3D('',#5511,#4517,#4518);
#3636=AXIS2_PLACEMENT_3D('',#5513,#4520,#4521);
#3637=AXIS2_PLACEMENT_3D('',#5517,#4523,#4524);
#3638=AXIS2_PLACEMENT_3D('',#5519,#4526,#4527);
#3639=AXIS2_PLACEMENT_3D('',#5523,#4529,#4530);
#3640=AXIS2_PLACEMENT_3D('',#5525,#4532,#4533);
#3641=AXIS2_PLACEMENT_3D('',#5529,#4535,#4536);
#3642=AXIS2_PLACEMENT_3D('',#5531,#4538,#4539);
#3643=AXIS2_PLACEMENT_3D('',#5535,#4541,#4542);
#3644=AXIS2_PLACEMENT_3D('',#5537,#4544,#4545);
#3645=AXIS2_PLACEMENT_3D('',#5541,#4547,#4548);
#3646=AXIS2_PLACEMENT_3D('',#5543,#4550,#4551);
#3647=AXIS2_PLACEMENT_3D('',#5546,#4553,#4554);
#3648=AXIS2_PLACEMENT_3D('',#5548,#4556,#4557);
#3649=AXIS2_PLACEMENT_3D('',#5551,#4559,#4560);
#3650=AXIS2_PLACEMENT_3D('',#5552,#4561,#4562);
#3651=AXIS2_PLACEMENT_3D('',#5555,#4564,#4565);
#3652=AXIS2_PLACEMENT_3D('',#5556,#4566,#4567);
#3653=AXIS2_PLACEMENT_3D('',#5559,#4569,#4570);
#3654=AXIS2_PLACEMENT_3D('',#5560,#4571,#4572);
#3655=AXIS2_PLACEMENT_3D('',#5563,#4574,#4575);
#3656=AXIS2_PLACEMENT_3D('',#5564,#4576,#4577);
#3657=AXIS2_PLACEMENT_3D('',#5567,#4579,#4580);
#3658=AXIS2_PLACEMENT_3D('',#5568,#4581,#4582);
#3659=AXIS2_PLACEMENT_3D('',#5571,#4584,#4585);
#3660=AXIS2_PLACEMENT_3D('',#5572,#4586,#4587);
#3661=AXIS2_PLACEMENT_3D('',#5574,#4589,#4590);
#3662=AXIS2_PLACEMENT_3D('',#5575,#4591,#4592);
#3663=AXIS2_PLACEMENT_3D('',#5577,#4594,#4595);
#3664=AXIS2_PLACEMENT_3D('',#5579,#4597,#4598);
#3665=AXIS2_PLACEMENT_3D('',#5581,#4600,#4601);
#3666=AXIS2_PLACEMENT_3D('',#5583,#4603,#4604);
#3667=AXIS2_PLACEMENT_3D('',#5585,#4606,#4607);
#3668=AXIS2_PLACEMENT_3D('',#5587,#4609,#4610);
#3669=AXIS2_PLACEMENT_3D('',#5589,#4612,#4613);
#3670=AXIS2_PLACEMENT_3D('',#5590,#4614,#4615);
#3671=AXIS2_PLACEMENT_3D('',#5592,#4617,#4618);
#3672=AXIS2_PLACEMENT_3D('',#5594,#4620,#4621);
#3673=AXIS2_PLACEMENT_3D('',#5596,#4623,#4624);
#3674=AXIS2_PLACEMENT_3D('',#5598,#4626,#4627);
#3675=AXIS2_PLACEMENT_3D('',#5600,#4629,#4630);
#3676=AXIS2_PLACEMENT_3D('',#5602,#4632,#4633);
#3677=AXIS2_PLACEMENT_3D('',#5604,#4635,#4636);
#3678=AXIS2_PLACEMENT_3D('',#5605,#4637,#4638);
#3679=AXIS2_PLACEMENT_3D('',#5607,#4640,#4641);
#3680=AXIS2_PLACEMENT_3D('',#5609,#4643,#4644);
#3681=AXIS2_PLACEMENT_3D('',#5611,#4646,#4647);
#3682=AXIS2_PLACEMENT_3D('',#5613,#4649,#4650);
#3683=AXIS2_PLACEMENT_3D('',#5615,#4652,#4653);
#3684=AXIS2_PLACEMENT_3D('',#5617,#4655,#4656);
#3685=AXIS2_PLACEMENT_3D('',#5619,#4658,#4659);
#3686=AXIS2_PLACEMENT_3D('',#5620,#4660,#4661);
#3687=AXIS2_PLACEMENT_3D('',#5622,#4663,#4664);
#3688=AXIS2_PLACEMENT_3D('',#5624,#4666,#4667);
#3689=AXIS2_PLACEMENT_3D('',#5626,#4669,#4670);
#3690=AXIS2_PLACEMENT_3D('',#5628,#4672,#4673);
#3691=AXIS2_PLACEMENT_3D('',#5630,#4675,#4676);
#3692=AXIS2_PLACEMENT_3D('',#5632,#4678,#4679);
#3693=AXIS2_PLACEMENT_3D('',#5634,#4681,#4682);
#3694=AXIS2_PLACEMENT_3D('',#5635,#4683,#4684);
#3695=AXIS2_PLACEMENT_3D('',#5641,#4688,#4689);
#3696=AXIS2_PLACEMENT_3D('',#5645,#4692,#4693);
#3697=AXIS2_PLACEMENT_3D('',#5649,#4696,#4697);
#3698=AXIS2_PLACEMENT_3D('',#5651,#4699,#4700);
#3699=AXIS2_PLACEMENT_3D('',#5657,#4704,#4705);
#3700=AXIS2_PLACEMENT_3D('',#5661,#4708,#4709);
#3701=AXIS2_PLACEMENT_3D('',#5665,#4712,#4713);
#3702=AXIS2_PLACEMENT_3D('',#5667,#4715,#4716);
#3703=DIRECTION('axis',(0.,0.,1.));
#3704=DIRECTION('refdir',(1.,0.,0.));
#3705=DIRECTION('center_axis',(-0.382683465405462,0.923879518825516,0.));
#3706=DIRECTION('ref_axis',(0.653281472760884,0.270598073436172,-0.707106781186549));
#3707=DIRECTION('',(-0.382683465405462,0.923879518825516,0.));
#3708=DIRECTION('center_axis',(-0.195090357091578,0.980785273426289,0.));
#3709=DIRECTION('ref_axis',(0.980785273426289,0.195090357091578,0.));
#3710=DIRECTION('',(0.382683465405462,-0.923879518825516,0.));
#3711=DIRECTION('center_axis',(-0.555570262755148,0.831469592433888,0.));
#3712=DIRECTION('ref_axis',(0.831469592433888,0.555570262755148,0.));
#3713=DIRECTION('center_axis',(-3.5762642584174E-8,0.999999999999999,0.));
#3714=DIRECTION('ref_axis',(0.707106781186555,2.52880033451081E-8,-0.707106781186539));
#3715=DIRECTION('',(-3.5762642584174E-8,0.999999999999999,0.));
#3716=DIRECTION('center_axis',(0.195090286940651,0.980785287380176,-1.08889040826307E-14));
#3717=DIRECTION('ref_axis',(0.980785287380176,-0.195090286940651,-5.47422175205807E-14));
#3718=DIRECTION('',(3.5762642584174E-8,-0.999999999999999,0.));
#3719=DIRECTION('center_axis',(0.382683399324714,0.923879546197058,0.));
#3720=DIRECTION('ref_axis',(0.653281492115498,-0.270598026710028,-0.707106781186539));
#3721=DIRECTION('',(0.382683399324714,0.923879546197058,0.));
#3722=DIRECTION('center_axis',(0.555570203284057,0.8314696321712,-2.15673039287635E-14));
#3723=DIRECTION('ref_axis',(0.8314696321712,-0.555570203284057,-1.08426158779748E-13));
#3724=DIRECTION('',(-0.382683399324714,-0.923879546197058,0.));
#3725=DIRECTION('center_axis',(0.707106755898539,0.707106806474555,0.));
#3726=DIRECTION('ref_axis',(0.500000017881305,-0.499999982118681,-0.707106781186557));
#3727=DIRECTION('',(0.707106755898539,0.707106806474555,0.));
#3728=DIRECTION('center_axis',(0.831469592433895,0.555570262755138,-1.5420172437695E-15));
#3729=DIRECTION('ref_axis',(0.555570262755138,-0.831469592433895,-7.75224418714069E-15));
#3730=DIRECTION('',(-0.707106755898539,-0.707106806474555,0.));
#3731=DIRECTION('center_axis',(-0.382683399324722,-0.923879546197054,0.));
#3732=DIRECTION('ref_axis',(-0.653281492115483,0.270598026710019,-0.707106781186556));
#3733=DIRECTION('',(0.382683399324722,0.923879546197054,0.));
#3734=DIRECTION('center_axis',(0.195090286940632,0.98078528738018,1.08889040826308E-14));
#3735=DIRECTION('ref_axis',(0.98078528738018,-0.195090286940632,-5.47422175205713E-14));
#3736=DIRECTION('',(-0.382683399324722,-0.923879546197054,0.));
#3737=DIRECTION('center_axis',(-0.555570203284084,-0.831469632171182,4.61558364956528E-15));
#3738=DIRECTION('ref_axis',(-0.831469632171182,0.555570203284084,2.32041059606659E-14));
#3739=DIRECTION('center_axis',(0.923879518825515,0.382683465405463,0.));
#3740=DIRECTION('ref_axis',(0.270598073436185,-0.653281472760886,-0.707106781186543));
#3741=DIRECTION('',(0.923879518825515,0.382683465405463,0.));
#3742=DIRECTION('center_axis',(0.980785273426286,0.195090357091593,0.));
#3743=DIRECTION('ref_axis',(0.195090357091593,-0.980785273426286,0.));
#3744=DIRECTION('',(-0.923879518825515,-0.382683465405463,0.));
#3745=DIRECTION('center_axis',(0.999999999999999,3.57626448167606E-8,0.));
#3746=DIRECTION('ref_axis',(2.52880033451082E-8,-0.707106781186551,-0.707106781186543));
#3747=DIRECTION('',(0.999999999999999,3.57626448167606E-8,0.));
#3748=DIRECTION('center_axis',(0.980785287380179,-0.195090286940635,-5.41484321105552E-16));
#3749=DIRECTION('ref_axis',(-0.195090286940635,-0.980785287380179,-2.72222551186116E-15));
#3750=DIRECTION('',(-0.999999999999999,-3.57626448167606E-8,0.));
#3751=DIRECTION('center_axis',(0.923879546197058,-0.382683399324714,0.));
#3752=DIRECTION('ref_axis',(-0.270598026710016,-0.653281492115492,-0.707106781186549));
#3753=DIRECTION('',(0.923879546197058,-0.382683399324714,0.));
#3754=DIRECTION('center_axis',(0.831469632171202,-0.555570203284055,3.08403415740818E-15));
#3755=DIRECTION('ref_axis',(-0.555570203284055,-0.831469632171202,1.55044867146026E-14));
#3756=DIRECTION('',(-0.923879546197058,0.382683399324714,0.));
#3757=DIRECTION('center_axis',(0.707106806474554,-0.70710675589854,0.));
#3758=DIRECTION('ref_axis',(-0.499999982118675,-0.500000017881323,-0.707106781186549));
#3759=DIRECTION('',(-0.707106806474554,0.70710675589854,0.));
#3760=DIRECTION('',(0.707106806474554,-0.70710675589854,0.));
#3761=DIRECTION('center_axis',(0.555570262755154,-0.831469592433884,-4.61558342897896E-15));
#3762=DIRECTION('ref_axis',(-0.831469592433884,-0.555570262755154,-2.32041048517079E-14));
#3763=DIRECTION('center_axis',(0.382683465405462,-0.923879518825516,0.));
#3764=DIRECTION('ref_axis',(-0.653281472760884,-0.270598073436172,-0.707106781186549));
#3765=DIRECTION('',(-0.382683465405462,0.923879518825516,0.));
#3766=DIRECTION('',(0.382683465405462,-0.923879518825516,0.));
#3767=DIRECTION('center_axis',(0.195090357091587,-0.980785273426287,-1.08889039277114E-14));
#3768=DIRECTION('ref_axis',(-0.980785273426287,-0.195090357091587,-5.4742216741744E-14));
#3769=DIRECTION('center_axis',(3.57626425841735E-8,-0.999999999999999,0.));
#3770=DIRECTION('ref_axis',(-0.707106781186555,-2.52880033451081E-8,-0.707106781186539));
#3771=DIRECTION('',(-3.57626425841735E-8,0.999999999999999,0.));
#3772=DIRECTION('',(3.57626425841735E-8,-0.999999999999999,0.));
#3773=DIRECTION('center_axis',(-0.707106755898541,-0.707106806474553,0.));
#3774=DIRECTION('ref_axis',(-0.500000017881327,0.499999982118679,-0.707106781186543));
#3775=DIRECTION('',(0.707106755898541,0.707106806474553,0.));
#3776=DIRECTION('',(-0.707106755898541,-0.707106806474553,0.));
#3777=DIRECTION('center_axis',(-0.831469592433882,-0.555570262755157,-2.31302586565434E-15));
#3778=DIRECTION('ref_axis',(-0.555570262755157,0.831469592433882,-1.1628366280713E-14));
#3779=DIRECTION('center_axis',(-0.923879518825516,-0.382683465405461,0.));
#3780=DIRECTION('ref_axis',(-0.270598073436185,0.653281472760886,-0.707106781186543));
#3781=DIRECTION('',(0.923879518825516,0.382683465405461,0.));
#3782=DIRECTION('',(-0.923879518825516,-0.382683465405461,0.));
#3783=DIRECTION('center_axis',(-0.980785273426282,-0.195090357091615,-2.70742257906818E-16));
#3784=DIRECTION('ref_axis',(-0.195090357091615,0.980785273426282,-1.36111324536238E-15));
#3785=DIRECTION('center_axis',(-0.999999999999999,-3.57626409097342E-8,
0.));
#3786=DIRECTION('ref_axis',(-2.52880033451084E-8,0.707106781186547,-0.707106781186547));
#3787=DIRECTION('',(0.999999999999999,3.57626409097342E-8,0.));
#3788=DIRECTION('',(-0.999999999999999,-3.57626409097342E-8,0.));
#3789=DIRECTION('center_axis',(-0.980785287380171,0.195090286940678,2.70742160552837E-16));
#3790=DIRECTION('ref_axis',(0.195090286940678,0.980785287380171,1.36111275593059E-15));
#3791=DIRECTION('center_axis',(-0.923879546197056,0.382683399324718,0.));
#3792=DIRECTION('ref_axis',(0.270598026710045,0.653281492115488,-0.707106781186541));
#3793=DIRECTION('',(0.923879546197056,-0.382683399324718,0.));
#3794=DIRECTION('',(-0.923879546197056,0.382683399324718,0.));
#3795=DIRECTION('center_axis',(-0.831469632171227,0.555570203284018,1.54201707870399E-15));
#3796=DIRECTION('ref_axis',(0.555570203284018,0.831469632171227,7.75224335730278E-15));
#3797=DIRECTION('center_axis',(-0.707106806474554,0.70710675589854,0.));
#3798=DIRECTION('ref_axis',(0.499999982118675,0.500000017881323,-0.707106781186549));
#3799=DIRECTION('',(0.707106806474554,-0.70710675589854,0.));
#3800=DIRECTION('',(-0.707106806474554,0.70710675589854,0.));
#3801=DIRECTION('center_axis',(-0.999999999999999,-3.5762642584174E-8,0.));
#3802=DIRECTION('ref_axis',(3.5762642584174E-8,-0.999999999999999,0.));
#3803=DIRECTION('',(0.,0.,1.));
#3804=DIRECTION('',(3.5762642584174E-8,-0.999999999999999,0.));
#3805=DIRECTION('',(0.,0.,1.));
#3806=DIRECTION('center_axis',(-0.923879518825516,-0.382683465405462,0.));
#3807=DIRECTION('ref_axis',(0.382683465405462,-0.923879518825516,0.));
#3808=DIRECTION('',(0.,0.,1.));
#3809=DIRECTION('',(0.382683465405462,-0.923879518825516,0.));
#3810=DIRECTION('center_axis',(-0.70710675589854,-0.707106806474554,0.));
#3811=DIRECTION('ref_axis',(0.707106806474554,-0.70710675589854,0.));
#3812=DIRECTION('',(0.,0.,1.));
#3813=DIRECTION('',(0.707106806474554,-0.70710675589854,0.));
#3814=DIRECTION('center_axis',(-0.382683399324718,-0.923879546197056,0.));
#3815=DIRECTION('ref_axis',(0.923879546197056,-0.382683399324718,0.));
#3816=DIRECTION('',(0.,0.,1.));
#3817=DIRECTION('',(0.923879546197056,-0.382683399324718,0.));
#3818=DIRECTION('center_axis',(3.57626409097342E-8,-0.999999999999999,0.));
#3819=DIRECTION('ref_axis',(0.999999999999999,3.57626409097342E-8,0.));
#3820=DIRECTION('',(0.,0.,1.));
#3821=DIRECTION('',(0.999999999999999,3.57626409097342E-8,0.));
#3822=DIRECTION('center_axis',(0.382683465405461,-0.923879518825516,0.));
#3823=DIRECTION('ref_axis',(0.923879518825516,0.382683465405461,0.));
#3824=DIRECTION('',(0.,0.,1.));
#3825=DIRECTION('',(0.923879518825516,0.382683465405461,0.));
#3826=DIRECTION('center_axis',(0.707106806474553,-0.707106755898541,0.));
#3827=DIRECTION('ref_axis',(0.707106755898541,0.707106806474553,0.));
#3828=DIRECTION('',(0.,0.,1.));
#3829=DIRECTION('',(0.707106755898541,0.707106806474553,0.));
#3830=DIRECTION('center_axis',(0.923879546197054,-0.382683399324722,0.));
#3831=DIRECTION('ref_axis',(0.382683399324722,0.923879546197054,0.));
#3832=DIRECTION('',(0.,0.,1.));
#3833=DIRECTION('',(0.382683399324722,0.923879546197054,0.));
#3834=DIRECTION('center_axis',(0.,0.,1.));
#3835=DIRECTION('ref_axis',(1.,0.,0.));
#3836=DIRECTION('',(0.,-1.,0.));
#3837=DIRECTION('',(1.,0.,0.));
#3838=DIRECTION('',(0.,1.,0.));
#3839=DIRECTION('',(-1.,0.,0.));
#3840=DIRECTION('',(0.382683157027738,0.923879646559704,0.));
#3841=DIRECTION('',(0.707106570452448,0.707106991920584,0.));
#3842=DIRECTION('',(0.923879418462791,0.3826837077024,0.));
#3843=DIRECTION('',(0.999999999999956,2.98022976318507E-7,0.));
#3844=DIRECTION('',(0.923879646559704,-0.382683157027738,0.));
#3845=DIRECTION('',(0.707106991920584,-0.707106570452448,0.));
#3846=DIRECTION('',(0.382683707702403,-0.923879418462789,0.));
#3847=DIRECTION('',(2.98022985248849E-7,-0.999999999999956,0.));
#3848=DIRECTION('',(-0.382683157027738,-0.923879646559704,0.));
#3849=DIRECTION('',(-0.707106570452448,-0.707106991920584,0.));
#3850=DIRECTION('',(-0.923879418462791,-0.3826837077024,0.));
#3851=DIRECTION('',(-0.999999999999956,-2.98022976318507E-7,0.));
#3852=DIRECTION('',(-0.923879646559704,0.382683157027738,0.));
#3853=DIRECTION('',(-0.707106991920584,0.707106570452448,0.));
#3854=DIRECTION('',(-0.382683707702403,0.923879418462789,0.));
#3855=DIRECTION('',(-2.98022985248849E-7,0.999999999999956,0.));
#3856=DIRECTION('',(0.382683157027591,0.923879646559765,0.));
#3857=DIRECTION('',(0.707106570452331,0.707106991920701,0.));
#3858=DIRECTION('',(0.923879418462726,0.382683707702556,0.));
#3859=DIRECTION('',(0.999999999999956,2.98023141568156E-7,0.));
#3860=DIRECTION('',(0.923879646559766,-0.382683157027587,0.));
#3861=DIRECTION('',(0.707106991920699,-0.707106570452333,0.));
#3862=DIRECTION('',(0.382683707702555,-0.923879418462726,0.));
#3863=DIRECTION('',(2.98023143800744E-7,-0.999999999999956,0.));
#3864=DIRECTION('',(-0.38268315702759,-0.923879646559765,0.));
#3865=DIRECTION('',(-0.707106570452331,-0.707106991920702,0.));
#3866=DIRECTION('',(-0.923879418462726,-0.382683707702556,0.));
#3867=DIRECTION('',(-0.999999999999956,-2.98023141568156E-7,0.));
#3868=DIRECTION('',(-0.923879646559766,0.382683157027588,0.));
#3869=DIRECTION('',(-0.707106991920705,0.707106570452327,0.));
#3870=DIRECTION('',(-0.382683707702558,0.923879418462725,0.));
#3871=DIRECTION('',(-2.9802314045186E-7,0.999999999999956,0.));
#3872=DIRECTION('',(0.,-1.,0.));
#3873=DIRECTION('',(-1.,0.,0.));
#3874=DIRECTION('',(0.,1.,0.));
#3875=DIRECTION('',(1.,0.,0.));
#3876=DIRECTION('',(0.382682914730585,0.923879746922349,0.));
#3877=DIRECTION('',(0.707106385006184,0.707107177366689,0.));
#3878=DIRECTION('',(0.923879318099935,0.382683949999473,0.));
#3879=DIRECTION('',(0.999999999999843,5.60283484232723E-7,0.));
#3880=DIRECTION('',(0.92387974692235,-0.382682914730582,0.));
#3881=DIRECTION('',(0.707107177366685,-0.707106385006188,0.));
#3882=DIRECTION('',(0.382683949999477,-0.923879318099934,0.));
#3883=DIRECTION('',(5.60283484232723E-7,-0.999999999999843,0.));
#3884=DIRECTION('',(-0.382682914730585,-0.923879746922349,0.));
#3885=DIRECTION('',(-0.707106385006184,-0.707107177366689,0.));
#3886=DIRECTION('',(-0.923879318099934,-0.382683949999477,0.));
#3887=DIRECTION('',(-0.999999999999843,-5.60283484232723E-7,0.));
#3888=DIRECTION('',(-0.923879746922349,0.382682914730585,0.));
#3889=DIRECTION('',(-0.707107177366694,0.70710638500618,0.));
#3890=DIRECTION('',(-0.382683949999477,0.923879318099934,0.));
#3891=DIRECTION('',(-5.60283502093406E-7,0.999999999999843,0.));
#3892=DIRECTION('center_axis',(-0.923879646559704,0.382683157027738,0.));
#3893=DIRECTION('ref_axis',(0.270597855380203,0.653281563082606,-0.707106781186535));
#3894=DIRECTION('',(-0.923879646559704,0.382683157027738,0.));
#3895=DIRECTION('center_axis',(-0.831469777875207,0.555569985222523,0.));
#3896=DIRECTION('ref_axis',(0.555569985222523,0.831469777875207,0.));
#3897=DIRECTION('center_axis',(-0.980785338544594,0.195090029719525,0.));
#3898=DIRECTION('ref_axis',(0.195090029719525,0.980785338544594,0.));
#3899=DIRECTION('center_axis',(-0.707106991920584,0.707106570452448,0.));
#3900=DIRECTION('ref_axis',(0.499999850988481,0.500000149011467,-0.707106781186553));
#3901=DIRECTION('',(-0.707106991920584,0.707106570452448,0.));
#3902=DIRECTION('center_axis',(-0.555570480816612,0.831469446729824,0.));
#3903=DIRECTION('ref_axis',(0.831469446729824,0.555570480816612,0.));
#3904=DIRECTION('center_axis',(-0.382683157027738,-0.923879646559704,0.));
#3905=DIRECTION('ref_axis',(-0.65328156308257,0.270597855380214,-0.707106781186564));
#3906=DIRECTION('center_axis',(0.195090029719617,0.980785338544576,0.));
#3907=DIRECTION('ref_axis',(0.980785338544576,-0.195090029719617,0.));
#3908=DIRECTION('',(-0.382683157027738,-0.923879646559704,0.));
#3909=DIRECTION('center_axis',(-0.555569985222588,-0.831469777875163,0.));
#3910=DIRECTION('ref_axis',(-0.831469777875163,0.555569985222588,0.));
#3911=DIRECTION('center_axis',(-0.382683707702403,0.923879418462789,0.));
#3912=DIRECTION('ref_axis',(0.653281401793699,0.270598244765973,-0.707106781186572));
#3913=DIRECTION('',(-0.382683707702403,0.923879418462789,0.));
#3914=DIRECTION('center_axis',(-0.195090614312726,0.980785222261777,0.));
#3915=DIRECTION('ref_axis',(0.980785222261777,0.195090614312726,0.));
#3916=DIRECTION('center_axis',(-2.98022985248849E-7,0.999999999999956,0.));
#3917=DIRECTION('ref_axis',(0.707106781186524,2.10734072984482E-7,-0.70710678118654));
#3918=DIRECTION('',(-2.98022985248849E-7,0.999999999999956,0.));
#3919=DIRECTION('center_axis',(0.195090029719659,0.980785338544568,0.));
#3920=DIRECTION('ref_axis',(0.980785338544568,-0.195090029719659,0.));
#3921=DIRECTION('center_axis',(0.382683157027738,0.923879646559704,0.));
#3922=DIRECTION('ref_axis',(0.653281563082606,-0.270597855380203,-0.707106781186535));
#3923=DIRECTION('',(0.382683157027738,0.923879646559704,0.));
#3924=DIRECTION('center_axis',(0.555569985222508,0.831469777875217,0.));
#3925=DIRECTION('ref_axis',(0.831469777875217,-0.555569985222508,0.));
#3926=DIRECTION('center_axis',(0.707106570452448,0.707106991920584,0.));
#3927=DIRECTION('ref_axis',(0.500000149011491,-0.499999850988473,-0.707106781186542));
#3928=DIRECTION('',(0.707106570452448,0.707106991920584,0.));
#3929=DIRECTION('center_axis',(0.83146944672979,0.555570480816662,0.));
#3930=DIRECTION('ref_axis',(0.555570480816662,-0.83146944672979,0.));
#3931=DIRECTION('center_axis',(0.923879418462791,0.3826837077024,0.));
#3932=DIRECTION('ref_axis',(0.270598244765996,-0.653281401793711,-0.707106781186551));
#3933=DIRECTION('',(0.923879418462791,0.3826837077024,0.));
#3934=DIRECTION('center_axis',(0.980785222261795,0.195090614312638,0.));
#3935=DIRECTION('ref_axis',(0.195090614312638,-0.980785222261795,0.));
#3936=DIRECTION('center_axis',(0.999999999999956,2.98022976318507E-7,0.));
#3937=DIRECTION('ref_axis',(2.10734072984482E-7,-0.707106781186524,-0.70710678118654));
#3938=DIRECTION('',(0.999999999999956,2.98022976318507E-7,0.));
#3939=DIRECTION('center_axis',(0.980785338544585,-0.195090029719571,0.));
#3940=DIRECTION('ref_axis',(-0.195090029719571,-0.980785338544585,0.));
#3941=DIRECTION('center_axis',(0.923879646559704,-0.382683157027738,0.));
#3942=DIRECTION('ref_axis',(-0.270597855380174,-0.653281563082611,-0.707106781186541));
#3943=DIRECTION('',(0.923879646559704,-0.382683157027738,0.));
#3944=DIRECTION('center_axis',(0.831469777875234,-0.555569985222483,0.));
#3945=DIRECTION('ref_axis',(-0.555569985222483,-0.831469777875234,0.));
#3946=DIRECTION('center_axis',(0.707106991920584,-0.707106570452448,0.));
#3947=DIRECTION('ref_axis',(-0.499999850988481,-0.500000149011467,-0.707106781186553));
#3948=DIRECTION('',(0.707106991920584,-0.707106570452448,0.));
#3949=DIRECTION('center_axis',(0.555570480816632,-0.83146944672981,0.));
#3950=DIRECTION('ref_axis',(-0.83146944672981,-0.555570480816632,0.));
#3951=DIRECTION('center_axis',(0.382683707702403,-0.923879418462789,0.));
#3952=DIRECTION('ref_axis',(-0.653281401793735,-0.270598244765962,-0.707106781186543));
#3953=DIRECTION('',(0.382683707702403,-0.923879418462789,0.));
#3954=DIRECTION('center_axis',(0.195090614312684,-0.980785222261785,0.));
#3955=DIRECTION('ref_axis',(-0.980785222261785,-0.195090614312684,0.));
#3956=DIRECTION('center_axis',(2.98022985248849E-7,-0.999999999999956,0.));
#3957=DIRECTION('ref_axis',(-0.707106781186524,-2.10734072984482E-7,-0.70710678118654));
#3958=DIRECTION('',(2.98022985248849E-7,-0.999999999999956,0.));
#3959=DIRECTION('center_axis',(-0.707106570452448,-0.707106991920584,0.));
#3960=DIRECTION('ref_axis',(-0.500000149011487,0.499999850988485,-0.707106781186536));
#3961=DIRECTION('',(-0.707106570452448,-0.707106991920584,0.));
#3962=DIRECTION('center_axis',(-0.831469446729763,-0.555570480816702,0.));
#3963=DIRECTION('ref_axis',(-0.555570480816702,0.831469446729763,0.));
#3964=DIRECTION('center_axis',(-0.923879418462791,-0.3826837077024,0.));
#3965=DIRECTION('ref_axis',(-0.270598244765967,0.653281401793717,-0.707106781186557));
#3966=DIRECTION('',(-0.923879418462791,-0.3826837077024,0.));
#3967=DIRECTION('center_axis',(-0.980785222261803,-0.195090614312596,0.));
#3968=DIRECTION('ref_axis',(-0.195090614312596,0.980785222261803,0.));
#3969=DIRECTION('center_axis',(-0.999999999999956,-2.98022976318507E-7,
0.));
#3970=DIRECTION('ref_axis',(-2.10734072984487E-7,0.707106781186508,-0.707106781186555));
#3971=DIRECTION('',(-0.999999999999956,-2.98022976318507E-7,0.));
#3972=DIRECTION('center_axis',(-0.999999999999956,-2.98022985248849E-7,
0.));
#3973=DIRECTION('ref_axis',(2.98022985248849E-7,-0.999999999999956,0.));
#3974=DIRECTION('',(0.,0.,1.));
#3975=DIRECTION('',(2.98022985248849E-7,-0.999999999999956,0.));
#3976=DIRECTION('',(0.,0.,1.));
#3977=DIRECTION('center_axis',(-0.923879418462789,-0.382683707702403,0.));
#3978=DIRECTION('ref_axis',(0.382683707702403,-0.923879418462789,0.));
#3979=DIRECTION('',(0.,0.,1.));
#3980=DIRECTION('',(0.382683707702403,-0.923879418462789,0.));
#3981=DIRECTION('center_axis',(-0.707106570452448,-0.707106991920584,0.));
#3982=DIRECTION('ref_axis',(0.707106991920584,-0.707106570452448,0.));
#3983=DIRECTION('',(0.,0.,1.));
#3984=DIRECTION('',(0.707106991920584,-0.707106570452448,0.));
#3985=DIRECTION('center_axis',(-0.382683157027738,-0.923879646559704,0.));
#3986=DIRECTION('ref_axis',(0.923879646559704,-0.382683157027738,0.));
#3987=DIRECTION('',(0.,0.,1.));
#3988=DIRECTION('',(0.923879646559704,-0.382683157027738,0.));
#3989=DIRECTION('center_axis',(2.98022976318507E-7,-0.999999999999956,0.));
#3990=DIRECTION('ref_axis',(0.999999999999956,2.98022976318507E-7,0.));
#3991=DIRECTION('',(0.,0.,1.));
#3992=DIRECTION('',(0.999999999999956,2.98022976318507E-7,0.));
#3993=DIRECTION('center_axis',(0.3826837077024,-0.923879418462791,0.));
#3994=DIRECTION('ref_axis',(0.923879418462791,0.3826837077024,0.));
#3995=DIRECTION('',(0.,0.,1.));
#3996=DIRECTION('',(0.923879418462791,0.3826837077024,0.));
#3997=DIRECTION('center_axis',(0.707106991920584,-0.707106570452448,0.));
#3998=DIRECTION('ref_axis',(0.707106570452448,0.707106991920584,0.));
#3999=DIRECTION('',(0.,0.,1.));
#4000=DIRECTION('',(0.707106570452448,0.707106991920584,0.));
#4001=DIRECTION('center_axis',(0.923879646559704,-0.382683157027738,0.));
#4002=DIRECTION('ref_axis',(0.382683157027738,0.923879646559704,0.));
#4003=DIRECTION('',(0.,0.,1.));
#4004=DIRECTION('',(0.382683157027738,0.923879646559704,0.));
#4005=DIRECTION('center_axis',(-0.382682914730585,-0.923879746922349,0.));
#4006=DIRECTION('ref_axis',(-0.653281634049698,0.270597684050243,-0.707106781186548));
#4007=DIRECTION('',(-0.382682914730585,-0.923879746922349,0.));
#4008=DIRECTION('center_axis',(-0.555569767160844,-0.831469923579227,0.));
#4009=DIRECTION('ref_axis',(-0.831469923579227,0.555569767160844,0.));
#4010=DIRECTION('center_axis',(0.195089772498265,0.98078538970897,0.));
#4011=DIRECTION('ref_axis',(0.98078538970897,-0.195089772498265,0.));
#4012=DIRECTION('center_axis',(-0.707106385006184,-0.707107177366689,0.));
#4013=DIRECTION('ref_axis',(-0.500000280141683,0.499999719858177,-0.707106781186535));
#4014=DIRECTION('',(-0.707106385006184,-0.707107177366689,0.));
#4015=DIRECTION('center_axis',(-0.831469301025593,-0.555570698878201,0.));
#4016=DIRECTION('ref_axis',(-0.555570698878201,0.831469301025593,0.));
#4017=DIRECTION('center_axis',(-0.923879318099935,-0.382683949999473,0.));
#4018=DIRECTION('ref_axis',(-0.270598416095872,0.653281330826454,-0.707106781186563));
#4019=DIRECTION('',(-0.923879318099935,-0.382683949999473,0.));
#4020=DIRECTION('center_axis',(-0.980785171097164,-0.19509087153403,2.17778055832599E-14));
#4021=DIRECTION('ref_axis',(-0.19509087153403,0.980785171097164,1.09484422060642E-13));
#4022=DIRECTION('center_axis',(-0.999999999999843,-5.60283484232723E-7,
0.));
#4023=DIRECTION('ref_axis',(-3.96180236829417E-7,0.707106781186421,-0.707106781186563));
#4024=DIRECTION('',(-0.999999999999843,-5.60283484232723E-7,0.));
#4025=DIRECTION('center_axis',(-0.980785389708948,0.195089772498374,0.));
#4026=DIRECTION('ref_axis',(0.195089772498374,0.980785389708948,0.));
#4027=DIRECTION('center_axis',(-0.923879746922351,0.382682914730582,0.));
#4028=DIRECTION('ref_axis',(0.270597684050219,0.653281634049686,-0.707106781186569));
#4029=DIRECTION('',(-0.92387974692235,0.382682914730582,0.));
#4030=DIRECTION('center_axis',(-0.831469923579257,0.555569767160799,0.));
#4031=DIRECTION('ref_axis',(0.555569767160799,0.831469923579257,0.));
#4032=DIRECTION('center_axis',(-0.707107177366685,0.707106385006188,0.));
#4033=DIRECTION('ref_axis',(0.499999719858162,0.500000280141667,-0.707106781186557));
#4034=DIRECTION('',(-0.707107177366685,0.707106385006188,0.));
#4035=DIRECTION('center_axis',(-0.555570698878166,0.831469301025616,0.));
#4036=DIRECTION('ref_axis',(0.831469301025616,0.555570698878166,0.));
#4037=DIRECTION('center_axis',(-0.382683949999477,0.923879318099934,0.));
#4038=DIRECTION('ref_axis',(0.653281330826472,0.270598416095866,-0.707106781186549));
#4039=DIRECTION('',(-0.382683949999477,0.923879318099934,0.));
#4040=DIRECTION('center_axis',(-0.1950908715339,0.98078517109719,0.));
#4041=DIRECTION('ref_axis',(0.98078517109719,0.1950908715339,0.));
#4042=DIRECTION('center_axis',(-5.60283484232723E-7,0.999999999999843,0.));
#4043=DIRECTION('ref_axis',(0.707106781186437,3.96180236829408E-7,-0.707106781186547));
#4044=DIRECTION('',(-5.60283484232723E-7,0.999999999999843,0.));
#4045=DIRECTION('center_axis',(0.195089772498307,0.980785389708961,0.));
#4046=DIRECTION('ref_axis',(0.980785389708961,-0.195089772498307,0.));
#4047=DIRECTION('center_axis',(0.382682914730585,0.923879746922349,0.));
#4048=DIRECTION('ref_axis',(0.653281634049707,-0.27059768405024,-0.707106781186541));
#4049=DIRECTION('',(0.382682914730585,0.923879746922349,0.));
#4050=DIRECTION('center_axis',(0.555569767160844,0.831469923579227,1.23361269457521E-14));
#4051=DIRECTION('ref_axis',(0.831469923579227,-0.555569767160844,6.2017898174249E-14));
#4052=DIRECTION('center_axis',(0.707106385006184,0.707107177366689,0.));
#4053=DIRECTION('ref_axis',(0.500000280141659,-0.499999719858185,-0.707106781186546));
#4054=DIRECTION('',(0.707106385006184,0.707107177366689,0.));
#4055=DIRECTION('center_axis',(0.831469301025579,0.555570698878221,0.));
#4056=DIRECTION('ref_axis',(0.555570698878221,-0.831469301025579,0.));
#4057=DIRECTION('center_axis',(0.923879318099934,0.382683949999477,0.));
#4058=DIRECTION('ref_axis',(0.270598416095901,-0.653281330826449,-0.707106781186557));
#4059=DIRECTION('',(0.923879318099934,0.382683949999477,0.));
#4060=DIRECTION('center_axis',(0.980785171097189,0.195090871533904,0.));
#4061=DIRECTION('ref_axis',(0.195090871533904,-0.980785171097189,0.));
#4062=DIRECTION('center_axis',(0.999999999999843,5.60283484232723E-7,0.));
#4063=DIRECTION('ref_axis',(3.96180268231266E-7,-0.707106781186421,-0.707106781186563));
#4064=DIRECTION('',(0.999999999999843,5.60283484232723E-7,0.));
#4065=DIRECTION('center_axis',(0.980785389708969,-0.195089772498269,0.));
#4066=DIRECTION('ref_axis',(-0.195089772498269,-0.980785389708969,0.));
#4067=DIRECTION('center_axis',(0.923879746922349,-0.382682914730585,0.));
#4068=DIRECTION('ref_axis',(-0.270597684050219,-0.653281634049686,-0.707106781186569));
#4069=DIRECTION('',(0.923879746922349,-0.382682914730585,0.));
#4070=DIRECTION('center_axis',(0.831469923579214,-0.555569767160864,0.));
#4071=DIRECTION('ref_axis',(-0.555569767160864,-0.831469923579214,0.));
#4072=DIRECTION('center_axis',(0.707107177366694,-0.70710638500618,0.));
#4073=DIRECTION('ref_axis',(-0.499999719858162,-0.500000280141667,-0.707106781186557));
#4074=DIRECTION('',(0.707107177366694,-0.70710638500618,0.));
#4075=DIRECTION('center_axis',(0.555570698878156,-0.831469301025623,0.));
#4076=DIRECTION('ref_axis',(-0.831469301025623,-0.555570698878156,0.));
#4077=DIRECTION('center_axis',(0.382683949999477,-0.923879318099934,0.));
#4078=DIRECTION('ref_axis',(-0.653281330826467,-0.270598416095895,-0.707106781186543));
#4079=DIRECTION('',(0.382683949999477,-0.923879318099934,0.));
#4080=DIRECTION('center_axis',(0.1950908715339,-0.98078517109719,-4.35556111665209E-14));
#4081=DIRECTION('ref_axis',(-0.98078517109719,-0.1950908715339,-2.18968844121134E-13));
#4082=DIRECTION('center_axis',(5.60283502093406E-7,-0.999999999999843,0.));
#4083=DIRECTION('ref_axis',(-0.707106781186437,-3.96180268231257E-7,-0.707106781186547));
#4084=DIRECTION('',(5.60283502093406E-7,-0.999999999999843,0.));
#4085=DIRECTION('center_axis',(-0.999999999999843,-5.60283484232723E-7,
0.));
#4086=DIRECTION('ref_axis',(5.60283484232723E-7,-0.999999999999843,0.));
#4087=DIRECTION('',(0.,0.,1.));
#4088=DIRECTION('',(5.60283484232723E-7,-0.999999999999843,0.));
#4089=DIRECTION('',(0.,0.,1.));
#4090=DIRECTION('center_axis',(-0.923879318099934,-0.382683949999477,0.));
#4091=DIRECTION('ref_axis',(0.382683949999477,-0.923879318099934,0.));
#4092=DIRECTION('',(0.,0.,1.));
#4093=DIRECTION('',(0.382683949999477,-0.923879318099934,0.));
#4094=DIRECTION('center_axis',(-0.707106385006188,-0.707107177366685,0.));
#4095=DIRECTION('ref_axis',(0.707107177366685,-0.707106385006188,0.));
#4096=DIRECTION('',(0.,0.,1.));
#4097=DIRECTION('',(0.707107177366685,-0.707106385006188,0.));
#4098=DIRECTION('center_axis',(-0.382682914730582,-0.923879746922351,0.));
#4099=DIRECTION('ref_axis',(0.92387974692235,-0.382682914730582,0.));
#4100=DIRECTION('',(0.,0.,1.));
#4101=DIRECTION('',(0.92387974692235,-0.382682914730582,0.));
#4102=DIRECTION('center_axis',(5.60283484232723E-7,-0.999999999999843,0.));
#4103=DIRECTION('ref_axis',(0.999999999999843,5.60283484232723E-7,0.));
#4104=DIRECTION('',(0.,0.,1.));
#4105=DIRECTION('',(0.999999999999843,5.60283484232723E-7,0.));
#4106=DIRECTION('center_axis',(0.382683949999473,-0.923879318099935,0.));
#4107=DIRECTION('ref_axis',(0.923879318099935,0.382683949999473,0.));
#4108=DIRECTION('',(0.,0.,1.));
#4109=DIRECTION('',(0.923879318099935,0.382683949999473,0.));
#4110=DIRECTION('center_axis',(0.707107177366689,-0.707106385006184,0.));
#4111=DIRECTION('ref_axis',(0.707106385006184,0.707107177366689,0.));
#4112=DIRECTION('',(0.,0.,1.));
#4113=DIRECTION('',(0.707106385006184,0.707107177366689,0.));
#4114=DIRECTION('center_axis',(0.923879746922349,-0.382682914730585,0.));
#4115=DIRECTION('ref_axis',(0.382682914730585,0.923879746922349,0.));
#4116=DIRECTION('',(0.,0.,1.));
#4117=DIRECTION('',(0.382682914730585,0.923879746922349,0.));
#4118=DIRECTION('center_axis',(0.923879646559766,-0.382683157027588,0.));
#4119=DIRECTION('ref_axis',(-0.270597855380081,-0.653281563082646,-0.707106781186544));
#4120=DIRECTION('',(0.923879646559766,-0.382683157027588,0.));
#4121=DIRECTION('center_axis',(0.83146977787528,-0.555569985222414,0.));
#4122=DIRECTION('ref_axis',(-0.555569985222414,-0.83146977787528,0.));
#4123=DIRECTION('center_axis',(0.980785338544627,-0.195090029719364,5.44445232533511E-15));
#4124=DIRECTION('ref_axis',(-0.195090029719364,-0.980785338544626,2.73711101881602E-14));
#4125=DIRECTION('center_axis',(0.707106991920705,-0.707106570452327,0.));
#4126=DIRECTION('ref_axis',(-0.499999850988404,-0.500000149011556,-0.707106781186545));
#4127=DIRECTION('',(0.707106991920705,-0.707106570452327,0.));
#4128=DIRECTION('center_axis',(0.555570480816762,-0.831469446729723,-1.54201784901209E-15));
#4129=DIRECTION('ref_axis',(-0.831469446729723,-0.555570480816762,-7.75224722990115E-15));
#4130=DIRECTION('center_axis',(0.382683707702558,-0.923879418462725,0.));
#4131=DIRECTION('ref_axis',(-0.653281401793677,-0.270598244766089,-0.707106781186548));
#4132=DIRECTION('',(0.382683707702558,-0.923879418462725,0.));
#4133=DIRECTION('center_axis',(0.195090614312856,-0.980785222261751,0.));
#4134=DIRECTION('ref_axis',(-0.980785222261751,-0.195090614312856,0.));
#4135=DIRECTION('center_axis',(-0.382683157027591,-0.923879646559765,0.));
#4136=DIRECTION('ref_axis',(-0.653281563082642,0.270597855380082,-0.707106781186548));
#4137=DIRECTION('',(-0.382683157027591,-0.923879646559765,0.));
#4138=DIRECTION('center_axis',(-0.555569985222396,-0.831469777875292,3.08403294692281E-15));
#4139=DIRECTION('ref_axis',(-0.831469777875292,0.555569985222396,1.55044806290817E-14));
#4140=DIRECTION('center_axis',(0.195090029719398,0.98078533854462,5.41483607173203E-16));
#4141=DIRECTION('ref_axis',(0.98078533854462,-0.195090029719398,-2.72222192268045E-15));
#4142=DIRECTION('center_axis',(-0.707106570452331,-0.707106991920701,0.));
#4143=DIRECTION('ref_axis',(-0.50000014901155,0.499999850988391,-0.707106781186558));
#4144=DIRECTION('',(-0.707106570452331,-0.707106991920701,0.));
#4145=DIRECTION('center_axis',(-0.831469446729738,-0.55557048081674,-9.23116524031694E-15));
#4146=DIRECTION('ref_axis',(-0.55557048081674,0.831469446729738,-4.64082015709777E-14));
#4147=DIRECTION('center_axis',(-0.923879418462726,-0.382683707702556,0.));
#4148=DIRECTION('ref_axis',(-0.270598244766089,0.653281401793677,-0.707106781186548));
#4149=DIRECTION('',(-0.923879418462726,-0.382683707702556,0.));
#4150=DIRECTION('center_axis',(-0.980785222261749,-0.195090614312866,-1.63333550395064E-14));
#4151=DIRECTION('ref_axis',(-0.195090614312866,0.980785222261749,-8.21133208290378E-14));
#4152=DIRECTION('center_axis',(-0.999999999999956,-2.98023141568156E-7,
0.));
#4153=DIRECTION('ref_axis',(-2.10734182890954E-7,0.707106781186524,-0.70710678118654));
#4154=DIRECTION('',(-0.999999999999956,-2.98023141568156E-7,0.));
#4155=DIRECTION('center_axis',(-0.980785338544617,0.195090029719413,-9.77632118272102E-15));
#4156=DIRECTION('ref_axis',(0.195090029719413,0.980785338544617,-4.91488855695989E-14));
#4157=DIRECTION('center_axis',(-0.923879646559766,0.382683157027587,0.));
#4158=DIRECTION('ref_axis',(0.270597855380084,0.653281563082637,-0.707106781186552));
#4159=DIRECTION('',(-0.923879646559766,0.382683157027587,0.));
#4160=DIRECTION('center_axis',(-0.831469777875299,0.555569985222385,0.));
#4161=DIRECTION('ref_axis',(0.555569985222385,0.831469777875299,0.));
#4162=DIRECTION('center_axis',(-0.707106991920699,0.707106570452333,0.));
#4163=DIRECTION('ref_axis',(0.499999850988402,0.500000149011546,-0.707106781186553));
#4164=DIRECTION('',(-0.707106991920699,0.707106570452333,0.));
#4165=DIRECTION('center_axis',(-0.555570480816702,0.831469446729763,2.31302677351789E-15));
#4166=DIRECTION('ref_axis',(0.831469446729763,0.555570480816702,1.16283708448465E-14));
#4167=DIRECTION('center_axis',(-0.382683707702555,0.923879418462726,0.));
#4168=DIRECTION('ref_axis',(0.653281401793683,0.270598244766087,-0.707106781186542));
#4169=DIRECTION('',(-0.382683707702555,0.923879418462726,0.));
#4170=DIRECTION('center_axis',(-0.195090614312899,0.980785222261743,2.70742614873058E-16));
#4171=DIRECTION('ref_axis',(0.980785222261743,0.195090614312899,1.36111503995323E-15));
#4172=DIRECTION('center_axis',(2.9802314045186E-7,-0.999999999999956,0.));
#4173=DIRECTION('ref_axis',(-0.707106781186514,-2.10734167190033E-7,-0.707106781186549));
#4174=DIRECTION('',(2.9802314045186E-7,-0.999999999999956,0.));
#4175=DIRECTION('center_axis',(-2.98023143800744E-7,0.999999999999956,0.));
#4176=DIRECTION('ref_axis',(0.707106781186512,2.10734198591882E-7,-0.707106781186551));
#4177=DIRECTION('',(-2.98023143800744E-7,0.999999999999956,0.));
#4178=DIRECTION('center_axis',(0.195090029719377,0.980785338544624,2.70741803586573E-16));
#4179=DIRECTION('ref_axis',(0.980785338544624,-0.195090029719377,1.36111096134037E-15));
#4180=DIRECTION('center_axis',(0.38268315702759,0.923879646559765,0.));
#4181=DIRECTION('ref_axis',(0.653281563082633,-0.270597855380085,-0.707106781186555));
#4182=DIRECTION('',(0.38268315702759,0.923879646559765,0.));
#4183=DIRECTION('center_axis',(0.55556998522242,0.831469777875276,-7.71008236730735E-16));
#4184=DIRECTION('ref_axis',(0.831469777875276,-0.55556998522242,-3.87612015727001E-15));
#4185=DIRECTION('center_axis',(0.707106570452331,0.707106991920702,0.));
#4186=DIRECTION('ref_axis',(0.500000149011542,-0.499999850988414,-0.707106781186547));
#4187=DIRECTION('',(0.707106570452331,0.707106991920702,0.));
#4188=DIRECTION('center_axis',(0.831469446729725,0.55557048081676,0.));
#4189=DIRECTION('ref_axis',(0.55557048081676,-0.831469446729725,0.));
#4190=DIRECTION('center_axis',(0.923879418462726,0.382683707702556,0.));
#4191=DIRECTION('ref_axis',(0.270598244766089,-0.653281401793677,-0.707106781186548));
#4192=DIRECTION('',(0.923879418462726,0.382683707702556,0.));
#4193=DIRECTION('center_axis',(0.980785222261763,0.195090614312795,-1.200147320154E-14));
#4194=DIRECTION('ref_axis',(0.195090614312795,-0.980785222261763,-6.03354801897801E-14));
#4195=DIRECTION('center_axis',(0.999999999999956,2.98023141568156E-7,0.));
#4196=DIRECTION('ref_axis',(2.10734182890959E-7,-0.707106781186508,-0.707106781186555));
#4197=DIRECTION('',(0.999999999999956,2.98023141568156E-7,0.));
#4198=DIRECTION('center_axis',(-0.999999999999956,-2.98023143800744E-7,
0.));
#4199=DIRECTION('ref_axis',(2.98023143800744E-7,-0.999999999999956,0.));
#4200=DIRECTION('',(0.,0.,1.));
#4201=DIRECTION('',(2.98023143800744E-7,-0.999999999999956,0.));
#4202=DIRECTION('',(0.,0.,1.));
#4203=DIRECTION('center_axis',(-0.923879418462726,-0.382683707702555,0.));
#4204=DIRECTION('ref_axis',(0.382683707702555,-0.923879418462726,0.));
#4205=DIRECTION('',(0.,0.,1.));
#4206=DIRECTION('',(0.382683707702555,-0.923879418462726,0.));
#4207=DIRECTION('center_axis',(-0.707106570452333,-0.707106991920699,0.));
#4208=DIRECTION('ref_axis',(0.707106991920699,-0.707106570452333,0.));
#4209=DIRECTION('',(0.,0.,1.));
#4210=DIRECTION('',(0.707106991920699,-0.707106570452333,0.));
#4211=DIRECTION('center_axis',(-0.382683157027587,-0.923879646559766,0.));
#4212=DIRECTION('ref_axis',(0.923879646559766,-0.382683157027587,0.));
#4213=DIRECTION('',(0.,0.,1.));
#4214=DIRECTION('',(0.923879646559766,-0.382683157027587,0.));
#4215=DIRECTION('center_axis',(2.98023141568156E-7,-0.999999999999956,0.));
#4216=DIRECTION('ref_axis',(0.999999999999956,2.98023141568156E-7,0.));
#4217=DIRECTION('',(0.,0.,1.));
#4218=DIRECTION('',(0.999999999999956,2.98023141568156E-7,0.));
#4219=DIRECTION('center_axis',(0.382683707702556,-0.923879418462726,0.));
#4220=DIRECTION('ref_axis',(0.923879418462726,0.382683707702556,0.));
#4221=DIRECTION('',(0.,0.,1.));
#4222=DIRECTION('',(0.923879418462726,0.382683707702556,0.));
#4223=DIRECTION('center_axis',(0.707106991920701,-0.707106570452331,0.));
#4224=DIRECTION('ref_axis',(0.707106570452331,0.707106991920701,0.));
#4225=DIRECTION('',(0.,0.,1.));
#4226=DIRECTION('',(0.707106570452331,0.707106991920701,0.));
#4227=DIRECTION('center_axis',(0.923879646559765,-0.382683157027591,0.));
#4228=DIRECTION('ref_axis',(0.382683157027591,0.923879646559765,0.));
#4229=DIRECTION('',(0.,0.,1.));
#4230=DIRECTION('',(0.382683157027591,0.923879646559765,0.));
#4231=DIRECTION('center_axis',(5.60283484232723E-7,-0.999999999999843,0.));
#4232=DIRECTION('ref_axis',(-0.707106781186437,-3.96180236829408E-7,0.707106781186547));
#4233=DIRECTION('',(-5.60283484232723E-7,0.999999999999843,0.));
#4234=DIRECTION('center_axis',(-0.195089772498307,-0.980785389708961,0.));
#4235=DIRECTION('ref_axis',(-0.980785389708961,0.195089772498307,0.));
#4236=DIRECTION('center_axis',(0.195090871533942,-0.980785171097181,0.));
#4237=DIRECTION('ref_axis',(-0.980785171097181,-0.195090871533942,0.));
#4238=DIRECTION('center_axis',(-0.382682914730585,-0.923879746922349,0.));
#4239=DIRECTION('ref_axis',(-0.653281634049693,0.270597684050272,0.707106781186542));
#4240=DIRECTION('',(0.382682914730585,0.923879746922349,0.));
#4241=DIRECTION('center_axis',(-0.555569767160814,-0.831469923579247,0.));
#4242=DIRECTION('ref_axis',(-0.831469923579247,0.555569767160814,0.));
#4243=DIRECTION('',(-0.382682914730585,-0.923879746922349,0.));
#4244=DIRECTION('center_axis',(-0.707106385006184,-0.707107177366689,0.));
#4245=DIRECTION('ref_axis',(-0.500000280141659,0.499999719858185,0.707106781186546));
#4246=DIRECTION('',(0.707106385006184,0.707107177366689,0.));
#4247=DIRECTION('center_axis',(-0.831469301025579,-0.555570698878221,0.));
#4248=DIRECTION('ref_axis',(-0.555570698878221,0.831469301025579,0.));
#4249=DIRECTION('',(-0.707106385006184,-0.707107177366689,0.));
#4250=DIRECTION('center_axis',(-0.923879318099934,-0.382683949999477,0.));
#4251=DIRECTION('ref_axis',(-0.270598416095861,0.65328133082649,0.707106781186534));
#4252=DIRECTION('',(0.923879318099934,0.382683949999477,0.));
#4253=DIRECTION('center_axis',(-0.980785171097195,-0.195090871533875,0.));
#4254=DIRECTION('ref_axis',(-0.195090871533875,0.980785171097195,0.));
#4255=DIRECTION('',(-0.923879318099934,-0.382683949999477,0.));
#4256=DIRECTION('center_axis',(-0.999999999999843,-5.60283484232723E-7,
0.));
#4257=DIRECTION('ref_axis',(-3.96180268231248E-7,0.707106781186453,0.707106781186531));
#4258=DIRECTION('',(0.999999999999843,5.60283484232723E-7,0.));
#4259=DIRECTION('center_axis',(-0.980785389708969,0.195089772498269,0.));
#4260=DIRECTION('ref_axis',(0.195089772498269,0.980785389708969,0.));
#4261=DIRECTION('',(-0.999999999999843,-5.60283484232723E-7,0.));
#4262=DIRECTION('center_axis',(-0.923879746922349,0.382682914730585,0.));
#4263=DIRECTION('ref_axis',(0.270597684050219,0.653281634049686,0.707106781186569));
#4264=DIRECTION('',(0.923879746922349,-0.382682914730585,0.));
#4265=DIRECTION('center_axis',(-0.831469923579237,0.555569767160829,0.));
#4266=DIRECTION('ref_axis',(0.555569767160829,0.831469923579237,0.));
#4267=DIRECTION('',(-0.923879746922349,0.382682914730585,0.));
#4268=DIRECTION('center_axis',(-0.707107177366694,0.70710638500618,0.));
#4269=DIRECTION('ref_axis',(0.499999719858162,0.500000280141667,0.707106781186557));
#4270=DIRECTION('',(0.707107177366694,-0.70710638500618,0.));
#4271=DIRECTION('center_axis',(-0.555570698878156,0.831469301025623,0.));
#4272=DIRECTION('ref_axis',(0.831469301025623,0.555570698878156,0.));
#4273=DIRECTION('',(-0.707107177366694,0.70710638500618,0.));
#4274=DIRECTION('center_axis',(-0.382683949999477,0.923879318099934,0.));
#4275=DIRECTION('ref_axis',(0.653281330826467,0.270598416095895,0.707106781186543));
#4276=DIRECTION('',(0.382683949999477,-0.923879318099934,0.));
#4277=DIRECTION('center_axis',(-0.195090871533938,0.980785171097182,0.));
#4278=DIRECTION('ref_axis',(0.980785171097182,0.195090871533938,0.));
#4279=DIRECTION('',(-0.382683949999477,0.923879318099934,0.));
#4280=DIRECTION('center_axis',(-5.60283502093406E-7,0.999999999999843,0.));
#4281=DIRECTION('ref_axis',(0.707106781186437,3.96180299633106E-7,0.707106781186547));
#4282=DIRECTION('',(5.60283502093406E-7,-0.999999999999843,0.));
#4283=DIRECTION('center_axis',(0.195089772498265,0.98078538970897,4.33186314592912E-15));
#4284=DIRECTION('ref_axis',(0.98078538970897,-0.195089772498265,2.17777466680164E-14));
#4285=DIRECTION('',(-5.60283502093406E-7,0.999999999999843,0.));
#4286=DIRECTION('center_axis',(0.382682914730585,0.923879746922349,0.));
#4287=DIRECTION('ref_axis',(0.653281634049722,-0.270597684050208,0.70710678118654));
#4288=DIRECTION('',(-0.382682914730585,-0.923879746922349,0.));
#4289=DIRECTION('center_axis',(0.555569767160844,0.831469923579227,0.));
#4290=DIRECTION('ref_axis',(0.831469923579227,-0.555569767160844,0.));
#4291=DIRECTION('center_axis',(0.707106385006184,0.707107177366689,0.));
#4292=DIRECTION('ref_axis',(0.500000280141683,-0.499999719858177,0.707106781186535));
#4293=DIRECTION('',(-0.707106385006184,-0.707107177366689,0.));
#4294=DIRECTION('center_axis',(0.831469301025569,0.555570698878236,0.));
#4295=DIRECTION('ref_axis',(0.555570698878236,-0.831469301025569,0.));
#4296=DIRECTION('center_axis',(0.923879318099935,0.382683949999473,0.));
#4297=DIRECTION('ref_axis',(0.270598416095901,-0.653281330826449,0.707106781186557));
#4298=DIRECTION('',(-0.923879318099935,-0.382683949999473,0.));
#4299=DIRECTION('center_axis',(0.98078517109719,0.195090871533896,0.));
#4300=DIRECTION('ref_axis',(0.195090871533896,-0.98078517109719,0.));
#4301=DIRECTION('center_axis',(0.999999999999843,5.60283484232723E-7,0.));
#4302=DIRECTION('ref_axis',(3.96180268231266E-7,-0.707106781186421,0.707106781186563));
#4303=DIRECTION('',(-0.999999999999843,-5.60283484232723E-7,0.));
#4304=DIRECTION('center_axis',(0.980785389708965,-0.19508977249829,0.));
#4305=DIRECTION('ref_axis',(-0.19508977249829,-0.980785389708965,0.));
#4306=DIRECTION('center_axis',(0.923879746922351,-0.382682914730582,0.));
#4307=DIRECTION('ref_axis',(-0.270597684050208,-0.653281634049722,0.70710678118654));
#4308=DIRECTION('',(-0.92387974692235,0.382682914730582,0.));
#4309=DIRECTION('center_axis',(0.831469923579247,-0.555569767160814,0.));
#4310=DIRECTION('ref_axis',(-0.555569767160814,-0.831469923579247,0.));
#4311=DIRECTION('center_axis',(0.707107177366685,-0.707106385006188,0.));
#4312=DIRECTION('ref_axis',(-0.499999719858162,-0.500000280141667,0.707106781186557));
#4313=DIRECTION('',(-0.707107177366685,0.707106385006188,0.));
#4314=DIRECTION('center_axis',(0.555570698878146,-0.83146930102563,0.));
#4315=DIRECTION('ref_axis',(-0.831469301025629,-0.555570698878146,0.));
#4316=DIRECTION('center_axis',(0.382683949999477,-0.923879318099934,0.));
#4317=DIRECTION('ref_axis',(-0.653281330826485,-0.27059841609589,0.707106781186528));
#4318=DIRECTION('',(-0.382683949999477,0.923879318099934,0.));
#4319=DIRECTION('center_axis',(0.,0.,1.));
#4320=DIRECTION('ref_axis',(1.,0.,0.));
#4321=DIRECTION('center_axis',(2.98023143800744E-7,-0.999999999999956,0.));
#4322=DIRECTION('ref_axis',(-0.707106781186516,-2.10734167190032E-7,0.707106781186547));
#4323=DIRECTION('',(-2.98023143800744E-7,0.999999999999956,0.));
#4324=DIRECTION('center_axis',(-0.195090029719396,-0.98078533854462,2.70741803586598E-16));
#4325=DIRECTION('ref_axis',(-0.98078533854462,0.195090029719396,1.36111096134036E-15));
#4326=DIRECTION('center_axis',(0.195090614312834,-0.980785222261755,0.));
#4327=DIRECTION('ref_axis',(-0.980785222261755,-0.195090614312834,0.));
#4328=DIRECTION('center_axis',(-0.38268315702759,-0.923879646559765,0.));
#4329=DIRECTION('ref_axis',(-0.653281563082639,0.270597855380083,0.70710678118655));
#4330=DIRECTION('',(0.38268315702759,0.923879646559765,0.));
#4331=DIRECTION('center_axis',(-0.555569985222392,-0.831469777875294,-2.31302471019208E-15));
#4332=DIRECTION('ref_axis',(-0.831469777875294,0.555569985222392,-1.16283604718114E-14));
#4333=DIRECTION('',(-0.38268315702759,-0.923879646559765,0.));
#4334=DIRECTION('center_axis',(-0.707106570452331,-0.707106991920702,0.));
#4335=DIRECTION('ref_axis',(-0.500000149011551,0.49999985098839,0.707106781186558));
#4336=DIRECTION('',(0.707106570452331,0.707106991920702,0.));
#4337=DIRECTION('center_axis',(-0.831469446729723,-0.555570480816762,0.));
#4338=DIRECTION('ref_axis',(-0.555570480816762,0.831469446729723,0.));
#4339=DIRECTION('',(-0.707106570452331,-0.707106991920702,0.));
#4340=DIRECTION('center_axis',(-0.923879418462726,-0.382683707702556,0.));
#4341=DIRECTION('ref_axis',(-0.270598244766089,0.653281401793677,0.707106781186548));
#4342=DIRECTION('',(0.923879418462726,0.382683707702556,0.));
#4343=DIRECTION('center_axis',(-0.980785222261763,-0.195090614312794,0.));
#4344=DIRECTION('ref_axis',(-0.195090614312794,0.980785222261763,0.));
#4345=DIRECTION('',(-0.923879418462726,-0.382683707702556,0.));
#4346=DIRECTION('center_axis',(-0.999999999999956,-2.98023141568156E-7,
0.));
#4347=DIRECTION('ref_axis',(-2.10734186816185E-7,0.707106781186524,0.70710678118654));
#4348=DIRECTION('',(0.999999999999956,2.98023141568156E-7,0.));
#4349=DIRECTION('center_axis',(-0.980785338544628,0.195090029719359,-2.72222616266754E-15));
#4350=DIRECTION('ref_axis',(0.195090029719359,0.980785338544628,-1.36855550940804E-14));
#4351=DIRECTION('',(-0.999999999999956,-2.98023141568156E-7,0.));
#4352=DIRECTION('center_axis',(-0.923879646559766,0.382683157027588,0.));
#4353=DIRECTION('ref_axis',(0.270597855380077,0.653281563082647,0.707106781186545));
#4354=DIRECTION('',(0.923879646559766,-0.382683157027588,0.));
#4355=DIRECTION('center_axis',(-0.831469777875282,0.55556998522241,-4.61558445838549E-15));
#4356=DIRECTION('ref_axis',(0.55556998522241,0.831469777875282,-2.32041100268804E-14));
#4357=DIRECTION('',(-0.923879646559766,0.382683157027588,0.));
#4358=DIRECTION('center_axis',(-0.707106991920705,0.707106570452327,0.));
#4359=DIRECTION('ref_axis',(0.499999850988404,0.500000149011556,0.707106781186545));
#4360=DIRECTION('',(0.707106991920705,-0.707106570452327,0.));
#4361=DIRECTION('center_axis',(-0.555570480816769,0.831469446729719,0.));
#4362=DIRECTION('ref_axis',(0.831469446729719,0.555570480816769,0.));
#4363=DIRECTION('',(-0.707106991920705,0.707106570452327,0.));
#4364=DIRECTION('center_axis',(-0.382683707702558,0.923879418462725,0.));
#4365=DIRECTION('ref_axis',(0.653281401793677,0.270598244766089,0.707106781186548));
#4366=DIRECTION('',(0.382683707702558,-0.923879418462725,0.));
#4367=DIRECTION('center_axis',(-0.195090614312834,0.980785222261755,0.));
#4368=DIRECTION('ref_axis',(0.980785222261755,0.195090614312834,0.));
#4369=DIRECTION('',(-0.382683707702558,0.923879418462725,0.));
#4370=DIRECTION('center_axis',(-2.9802314045186E-7,0.999999999999956,0.));
#4371=DIRECTION('ref_axis',(0.707106781186516,2.10734167190032E-7,0.707106781186547));
#4372=DIRECTION('',(2.9802314045186E-7,-0.999999999999956,0.));
#4373=DIRECTION('center_axis',(0.195090029719396,0.98078533854462,5.41483607173195E-16));
#4374=DIRECTION('ref_axis',(0.98078533854462,-0.195090029719396,2.72222192268077E-15));
#4375=DIRECTION('',(-2.9802314045186E-7,0.999999999999956,0.));
#4376=DIRECTION('center_axis',(0.382683157027591,0.923879646559765,0.));
#4377=DIRECTION('ref_axis',(0.653281563082639,-0.270597855380083,0.70710678118655));
#4378=DIRECTION('',(-0.382683157027591,-0.923879646559765,0.));
#4379=DIRECTION('center_axis',(0.555569985222391,0.831469777875295,-3.08403294692276E-15));
#4380=DIRECTION('ref_axis',(0.831469777875295,-0.555569985222391,-1.5504480629082E-14));
#4381=DIRECTION('center_axis',(0.707106570452331,0.707106991920701,0.));
#4382=DIRECTION('ref_axis',(0.500000149011553,-0.49999985098839,0.707106781186557));
#4383=DIRECTION('',(-0.707106570452331,-0.707106991920701,0.));
#4384=DIRECTION('center_axis',(0.831469446729722,0.555570480816764,0.));
#4385=DIRECTION('ref_axis',(0.555570480816764,-0.831469446729722,0.));
#4386=DIRECTION('center_axis',(0.923879418462726,0.382683707702556,0.));
#4387=DIRECTION('ref_axis',(0.270598244766089,-0.653281401793677,0.707106781186548));
#4388=DIRECTION('',(-0.923879418462726,-0.382683707702556,0.));
#4389=DIRECTION('center_axis',(0.980785222261764,0.195090614312791,0.));
#4390=DIRECTION('ref_axis',(0.195090614312791,-0.980785222261764,0.));
#4391=DIRECTION('center_axis',(0.999999999999956,2.98023141568156E-7,0.));
#4392=DIRECTION('ref_axis',(2.10734182890954E-7,-0.707106781186524,0.70710678118654));
#4393=DIRECTION('',(-0.999999999999956,-2.98023141568156E-7,0.));
#4394=DIRECTION('center_axis',(0.980785338544627,-0.195090029719361,-2.72222616266754E-15));
#4395=DIRECTION('ref_axis',(-0.195090029719361,-0.980785338544627,-1.36855550940802E-14));
#4396=DIRECTION('center_axis',(0.923879646559766,-0.382683157027587,0.));
#4397=DIRECTION('ref_axis',(-0.270597855380079,-0.653281563082646,0.707106781186545));
#4398=DIRECTION('',(-0.923879646559766,0.382683157027587,0.));
#4399=DIRECTION('center_axis',(0.831469777875293,-0.555569985222394,3.46168834378916E-15));
#4400=DIRECTION('ref_axis',(-0.555569985222394,-0.831469777875293,1.74030825201622E-14));
#4401=DIRECTION('center_axis',(0.707106991920699,-0.707106570452333,0.));
#4402=DIRECTION('ref_axis',(-0.499999850988411,-0.500000149011532,0.707106781186556));
#4403=DIRECTION('',(-0.707106991920699,0.707106570452333,0.));
#4404=DIRECTION('center_axis',(0.555570480816746,-0.831469446729734,0.));
#4405=DIRECTION('ref_axis',(-0.831469446729734,-0.555570480816746,0.));
#4406=DIRECTION('center_axis',(0.382683707702555,-0.923879418462726,0.));
#4407=DIRECTION('ref_axis',(-0.653281401793679,-0.270598244766089,0.707106781186546));
#4408=DIRECTION('',(-0.382683707702555,0.923879418462726,0.));
#4409=DIRECTION('center_axis',(0.,0.,1.));
#4410=DIRECTION('ref_axis',(1.,0.,0.));
#4411=DIRECTION('center_axis',(3.5762642584174E-8,-0.999999999999999,0.));
#4412=DIRECTION('ref_axis',(-0.707106781186539,-2.52880072703398E-8,0.707106781186555));
#4413=DIRECTION('',(-3.5762642584174E-8,0.999999999999999,0.));
#4414=DIRECTION('center_axis',(-0.195090286940633,-0.98078528738018,-2.72222602065767E-15));
#4415=DIRECTION('ref_axis',(-0.98078528738018,0.195090286940633,-1.36855543801465E-14));
#4416=DIRECTION('center_axis',(0.195090357091607,-0.980785273426283,-4.33187612650888E-15));
#4417=DIRECTION('ref_axis',(-0.980785273426283,-0.195090357091607,-2.1777811925796E-14));
#4418=DIRECTION('center_axis',(-0.382683399324714,-0.923879546197058,0.));
#4419=DIRECTION('ref_axis',(-0.653281492115481,0.270598026710026,0.707106781186555));
#4420=DIRECTION('',(0.382683399324714,0.923879546197058,0.));
#4421=DIRECTION('center_axis',(-0.555570203284061,-0.831469632171198,2.30779182478267E-15));
#4422=DIRECTION('ref_axis',(-0.831469632171198,0.555570203284061,1.16020529803342E-14));
#4423=DIRECTION('',(-0.382683399324714,-0.923879546197058,0.));
#4424=DIRECTION('center_axis',(-0.707106755898539,-0.707106806474555,0.));
#4425=DIRECTION('ref_axis',(-0.500000017881306,0.499999982118678,0.707106781186559));
#4426=DIRECTION('',(0.707106755898539,0.707106806474555,0.));
#4427=DIRECTION('center_axis',(-0.831469592433892,-0.555570262755143,-1.54201724376951E-15));
#4428=DIRECTION('ref_axis',(-0.555570262755143,0.831469592433892,-7.75224418714096E-15));
#4429=DIRECTION('',(-0.707106755898539,-0.707106806474555,0.));
#4430=DIRECTION('center_axis',(-0.923879518825515,-0.382683465405463,0.));
#4431=DIRECTION('ref_axis',(-0.270598073436157,0.653281472760889,0.70710678118655));
#4432=DIRECTION('',(0.923879518825515,0.382683465405463,0.));
#4433=DIRECTION('center_axis',(-0.980785273426282,-0.195090357091616,0.));
#4434=DIRECTION('ref_axis',(-0.195090357091616,0.980785273426282,0.));
#4435=DIRECTION('',(-0.923879518825515,-0.382683465405463,0.));
#4436=DIRECTION('center_axis',(-0.999999999999999,-3.57626448167606E-8,
0.));
#4437=DIRECTION('ref_axis',(-2.52880033451084E-8,0.707106781186547,0.707106781186547));
#4438=DIRECTION('',(0.999999999999999,3.57626448167606E-8,0.));
#4439=DIRECTION('center_axis',(-0.980785287380175,0.195090286940657,0.));
#4440=DIRECTION('ref_axis',(0.195090286940657,0.980785287380175,0.));
#4441=DIRECTION('',(-0.999999999999999,-3.57626448167606E-8,0.));
#4442=DIRECTION('center_axis',(-0.923879546197058,0.382683399324714,0.));
#4443=DIRECTION('ref_axis',(0.270598026710045,0.653281492115488,0.707106781186541));
#4444=DIRECTION('',(0.923879546197058,-0.382683399324714,0.));
#4445=DIRECTION('center_axis',(-0.83146963217121,0.555570203284043,1.54201707870405E-15));
#4446=DIRECTION('ref_axis',(0.555570203284043,0.83146963217121,7.7522433573017E-15));
#4447=DIRECTION('',(-0.923879546197058,0.382683399324714,0.));
#4448=DIRECTION('center_axis',(-0.707106806474554,0.70710675589854,0.));
#4449=DIRECTION('ref_axis',(0.499999982118676,0.50000001788132,0.70710678118655));
#4450=DIRECTION('',(0.707106806474554,-0.70710675589854,0.));
#4451=DIRECTION('center_axis',(-0.555570262755147,0.831469592433889,2.30779171448948E-15));
#4452=DIRECTION('ref_axis',(0.831469592433889,0.555570262755147,1.16020524258534E-14));
#4453=DIRECTION('',(-0.707106806474554,0.70710675589854,0.));
#4454=DIRECTION('center_axis',(-0.382683465405462,0.923879518825516,0.));
#4455=DIRECTION('ref_axis',(0.653281472760885,0.270598073436168,0.70710678118655));
#4456=DIRECTION('',(0.382683465405462,-0.923879518825516,0.));
#4457=DIRECTION('center_axis',(-0.195090357091605,0.980785273426284,0.));
#4458=DIRECTION('ref_axis',(0.980785273426284,0.195090357091605,0.));
#4459=DIRECTION('',(-0.382683465405462,0.923879518825516,0.));
#4460=DIRECTION('center_axis',(-3.57626425841735E-8,0.999999999999999,0.));
#4461=DIRECTION('ref_axis',(0.707106781186539,2.52880072703398E-8,0.707106781186555));
#4462=DIRECTION('',(3.57626425841735E-8,-0.999999999999999,0.));
#4463=DIRECTION('center_axis',(0.195090286940651,0.980785287380176,-5.44445204131533E-15));
#4464=DIRECTION('ref_axis',(0.980785287380176,-0.195090286940651,-2.73711087602902E-14));
#4465=DIRECTION('',(-3.57626425841735E-8,0.999999999999999,0.));
#4466=DIRECTION('center_axis',(0.382683399324722,0.923879546197054,0.));
#4467=DIRECTION('ref_axis',(0.653281492115498,-0.270598026710028,0.707106781186539));
#4468=DIRECTION('',(-0.382683399324722,-0.923879546197054,0.));
#4469=DIRECTION('center_axis',(0.555570203284047,0.831469632171207,-3.46168773717404E-15));
#4470=DIRECTION('ref_axis',(0.831469632171207,-0.555570203284047,-1.74030794705039E-14));
#4471=DIRECTION('center_axis',(0.707106755898541,0.707106806474553,0.));
#4472=DIRECTION('ref_axis',(0.500000017881305,-0.499999982118681,0.707106781186557));
#4473=DIRECTION('',(-0.707106755898541,-0.707106806474553,0.));
#4474=DIRECTION('center_axis',(0.831469592433904,0.555570262755124,-1.54201724376946E-15));
#4475=DIRECTION('ref_axis',(0.555570262755124,-0.831469592433904,-7.75224418713989E-15));
#4476=DIRECTION('center_axis',(0.923879518825516,0.382683465405461,0.));
#4477=DIRECTION('ref_axis',(0.270598073436186,-0.653281472760885,0.707106781186544));
#4478=DIRECTION('',(-0.923879518825516,-0.382683465405461,0.));
#4479=DIRECTION('center_axis',(0.980785273426282,0.195090357091615,0.));
#4480=DIRECTION('ref_axis',(0.195090357091615,-0.980785273426282,0.));
#4481=DIRECTION('center_axis',(0.999999999999999,3.57626409097342E-8,0.));
#4482=DIRECTION('ref_axis',(2.52880033451084E-8,-0.707106781186546,0.707106781186548));
#4483=DIRECTION('',(-0.999999999999999,-3.57626409097342E-8,0.));
#4484=DIRECTION('center_axis',(0.980785287380175,-0.195090286940657,5.41484321105613E-16));
#4485=DIRECTION('ref_axis',(-0.195090286940657,-0.980785287380175,2.72222551186118E-15));
#4486=DIRECTION('center_axis',(0.923879546197056,-0.382683399324718,0.));
#4487=DIRECTION('ref_axis',(-0.270598026710045,-0.653281492115487,0.707106781186542));
#4488=DIRECTION('',(-0.923879546197056,0.382683399324718,0.));
#4489=DIRECTION('center_axis',(0.831469632171211,-0.555570203284041,7.71008539352022E-16));
#4490=DIRECTION('ref_axis',(-0.555570203284041,-0.831469632171211,3.87612167865097E-15));
#4491=DIRECTION('center_axis',(0.707106806474554,-0.70710675589854,0.));
#4492=DIRECTION('ref_axis',(-0.499999982118675,-0.500000017881321,0.707106781186549));
#4493=DIRECTION('',(-0.707106806474554,0.70710675589854,0.));
#4494=DIRECTION('center_axis',(0.555570262755148,-0.831469592433888,2.30779171448948E-15));
#4495=DIRECTION('ref_axis',(-0.831469592433888,-0.555570262755148,1.16020524258534E-14));
#4496=DIRECTION('center_axis',(0.382683465405462,-0.923879518825516,0.));
#4497=DIRECTION('ref_axis',(-0.653281472760885,-0.270598073436168,0.70710678118655));
#4498=DIRECTION('',(-0.382683465405462,0.923879518825516,0.));
#4499=DIRECTION('center_axis',(0.,0.,1.));
#4500=DIRECTION('ref_axis',(1.,0.,0.));
#4501=DIRECTION('center_axis',(2.98022985248849E-7,-0.999999999999956,0.));
#4502=DIRECTION('ref_axis',(-0.707106781186524,-2.10734072984482E-7,0.70710678118654));
#4503=DIRECTION('',(-2.98022985248849E-7,0.999999999999956,0.));
#4504=DIRECTION('center_axis',(-0.195090029719576,-0.980785338544584,0.));
#4505=DIRECTION('ref_axis',(-0.980785338544584,0.195090029719576,0.));
#4506=DIRECTION('center_axis',(0.195090614312621,-0.980785222261798,0.));
#4507=DIRECTION('ref_axis',(-0.980785222261798,-0.195090614312621,0.));
#4508=DIRECTION('center_axis',(-0.382683157027738,-0.923879646559704,0.));
#4509=DIRECTION('ref_axis',(-0.65328156308257,0.270597855380214,0.707106781186564));
#4510=DIRECTION('',(0.382683157027738,0.923879646559704,0.));
#4511=DIRECTION('center_axis',(-0.555569985222538,-0.831469777875197,0.));
#4512=DIRECTION('ref_axis',(-0.831469777875197,0.555569985222538,0.));
#4513=DIRECTION('',(-0.382683157027738,-0.923879646559704,0.));
#4514=DIRECTION('center_axis',(-0.707106570452448,-0.707106991920584,0.));
#4515=DIRECTION('ref_axis',(-0.500000149011436,0.499999850988512,0.707106781186553));
#4516=DIRECTION('',(0.707106570452448,0.707106991920584,0.));
#4517=DIRECTION('center_axis',(-0.831469446729797,-0.555570480816652,0.));
#4518=DIRECTION('ref_axis',(-0.555570480816652,0.831469446729797,0.));
#4519=DIRECTION('',(-0.707106570452448,-0.707106991920584,0.));
#4520=DIRECTION('center_axis',(-0.923879418462791,-0.3826837077024,0.));
#4521=DIRECTION('ref_axis',(-0.270598244765962,0.653281401793735,0.707106781186543));
#4522=DIRECTION('',(0.923879418462791,0.3826837077024,0.));
#4523=DIRECTION('center_axis',(-0.980785222261785,-0.195090614312684,0.));
#4524=DIRECTION('ref_axis',(-0.195090614312684,0.980785222261785,0.));
#4525=DIRECTION('',(-0.923879418462791,-0.3826837077024,0.));
#4526=DIRECTION('center_axis',(-0.999999999999956,-2.98022976318507E-7,
0.));
#4527=DIRECTION('ref_axis',(-2.10734041582638E-7,0.707106781186508,0.707106781186555));
#4528=DIRECTION('',(0.999999999999956,2.98022976318507E-7,0.));
#4529=DIRECTION('center_axis',(-0.980785338544585,0.195090029719571,0.));
#4530=DIRECTION('ref_axis',(0.195090029719571,0.980785338544585,0.));
#4531=DIRECTION('',(-0.999999999999956,-2.98022976318507E-7,0.));
#4532=DIRECTION('center_axis',(-0.923879646559704,0.382683157027738,0.));
#4533=DIRECTION('ref_axis',(0.27059785538015,0.653281563082599,0.707106781186561));
#4534=DIRECTION('',(0.923879646559704,-0.382683157027738,0.));
#4535=DIRECTION('center_axis',(-0.831469777875207,0.555569985222523,0.));
#4536=DIRECTION('ref_axis',(0.555569985222523,0.831469777875207,0.));
#4537=DIRECTION('',(-0.923879646559704,0.382683157027738,0.));
#4538=DIRECTION('center_axis',(-0.707106991920584,0.707106570452448,0.));
#4539=DIRECTION('ref_axis',(0.499999850988481,0.500000149011467,0.707106781186553));
#4540=DIRECTION('',(0.707106991920584,-0.707106570452448,0.));
#4541=DIRECTION('center_axis',(-0.555570480816627,0.831469446729814,0.));
#4542=DIRECTION('ref_axis',(0.831469446729814,0.555570480816627,0.));
#4543=DIRECTION('',(-0.707106991920584,0.707106570452448,0.));
#4544=DIRECTION('center_axis',(-0.382683707702403,0.923879418462789,0.));
#4545=DIRECTION('ref_axis',(0.653281401793735,0.270598244765962,0.707106781186543));
#4546=DIRECTION('',(0.382683707702403,-0.923879418462789,0.));
#4547=DIRECTION('center_axis',(-0.195090614312705,0.980785222261781,0.));
#4548=DIRECTION('ref_axis',(0.980785222261781,0.195090614312705,0.));
#4549=DIRECTION('',(-0.382683707702403,0.923879418462789,0.));
#4550=DIRECTION('center_axis',(-2.98022985248849E-7,0.999999999999956,0.));
#4551=DIRECTION('ref_axis',(0.707106781186524,2.10734072984482E-7,0.70710678118654));
#4552=DIRECTION('',(2.98022985248849E-7,-0.999999999999956,0.));
#4553=DIRECTION('center_axis',(0.195090029719596,0.98078533854458,0.));
#4554=DIRECTION('ref_axis',(0.98078533854458,-0.195090029719596,0.));
#4555=DIRECTION('',(-2.98022985248849E-7,0.999999999999956,0.));
#4556=DIRECTION('center_axis',(0.382683157027738,0.923879646559704,0.));
#4557=DIRECTION('ref_axis',(0.65328156308257,-0.270597855380214,0.707106781186564));
#4558=DIRECTION('',(-0.382683157027738,-0.923879646559704,0.));
#4559=DIRECTION('center_axis',(0.555569985222538,0.831469777875197,0.));
#4560=DIRECTION('ref_axis',(0.831469777875197,-0.555569985222538,0.));
#4561=DIRECTION('center_axis',(0.707106570452448,0.707106991920584,0.));
#4562=DIRECTION('ref_axis',(0.500000149011444,-0.499999850988489,0.707106781186564));
#4563=DIRECTION('',(-0.707106570452448,-0.707106991920584,0.));
#4564=DIRECTION('center_axis',(0.831469446729797,0.555570480816652,0.));
#4565=DIRECTION('ref_axis',(0.555570480816652,-0.831469446729797,0.));
#4566=DIRECTION('center_axis',(0.923879418462791,0.3826837077024,0.));
#4567=DIRECTION('ref_axis',(0.270598244765967,-0.653281401793717,0.707106781186557));
#4568=DIRECTION('',(-0.923879418462791,-0.3826837077024,0.));
#4569=DIRECTION('center_axis',(0.980785222261785,0.195090614312684,0.));
#4570=DIRECTION('ref_axis',(0.195090614312684,-0.980785222261785,0.));
#4571=DIRECTION('center_axis',(0.999999999999956,2.98022976318507E-7,0.));
#4572=DIRECTION('ref_axis',(2.10734041582633E-7,-0.707106781186524,0.70710678118654));
#4573=DIRECTION('',(-0.999999999999956,-2.98022976318507E-7,0.));
#4574=DIRECTION('center_axis',(0.980785338544585,-0.195090029719571,0.));
#4575=DIRECTION('ref_axis',(-0.195090029719571,-0.980785338544585,0.));
#4576=DIRECTION('center_axis',(0.923879646559704,-0.382683157027738,0.));
#4577=DIRECTION('ref_axis',(-0.270597855380145,-0.653281563082617,0.707106781186547));
#4578=DIRECTION('',(-0.923879646559704,0.382683157027738,0.));
#4579=DIRECTION('center_axis',(0.831469777875234,-0.555569985222483,0.));
#4580=DIRECTION('ref_axis',(-0.555569985222483,-0.831469777875234,0.));
#4581=DIRECTION('center_axis',(0.707106991920584,-0.707106570452448,0.));
#4582=DIRECTION('ref_axis',(-0.499999850988489,-0.500000149011444,0.707106781186564));
#4583=DIRECTION('',(-0.707106991920584,0.707106570452448,0.));
#4584=DIRECTION('center_axis',(0.555570480816632,-0.83146944672981,0.));
#4585=DIRECTION('ref_axis',(-0.83146944672981,-0.555570480816632,0.));
#4586=DIRECTION('center_axis',(0.382683707702403,-0.923879418462789,0.));
#4587=DIRECTION('ref_axis',(-0.653281401793699,-0.270598244765973,0.707106781186572));
#4588=DIRECTION('',(-0.382683707702403,0.923879418462789,0.));
#4589=DIRECTION('center_axis',(0.,0.,1.));
#4590=DIRECTION('ref_axis',(1.,0.,0.));
#4591=DIRECTION('center_axis',(-0.923879746922349,0.382682914730585,0.));
#4592=DIRECTION('ref_axis',(-0.382682914730585,-0.923879746922349,0.));
#4593=DIRECTION('',(0.,0.,1.));
#4594=DIRECTION('center_axis',(-0.707107177366689,0.707106385006184,0.));
#4595=DIRECTION('ref_axis',(-0.707106385006184,-0.707107177366689,0.));
#4596=DIRECTION('',(0.,0.,1.));
#4597=DIRECTION('center_axis',(-0.382683949999477,0.923879318099934,0.));
#4598=DIRECTION('ref_axis',(-0.923879318099934,-0.382683949999477,0.));
#4599=DIRECTION('',(0.,0.,1.));
#4600=DIRECTION('center_axis',(-5.60283484232723E-7,0.999999999999843,0.));
#4601=DIRECTION('ref_axis',(-0.999999999999843,-5.60283484232723E-7,0.));
#4602=DIRECTION('',(0.,0.,1.));
#4603=DIRECTION('center_axis',(0.382682914730585,0.923879746922349,0.));
#4604=DIRECTION('ref_axis',(-0.923879746922349,0.382682914730585,0.));
#4605=DIRECTION('',(0.,0.,1.));
#4606=DIRECTION('center_axis',(0.70710638500618,0.707107177366694,0.));
#4607=DIRECTION('ref_axis',(-0.707107177366694,0.70710638500618,0.));
#4608=DIRECTION('',(0.,0.,1.));
#4609=DIRECTION('center_axis',(0.923879318099934,0.382683949999477,0.));
#4610=DIRECTION('ref_axis',(-0.382683949999477,0.923879318099934,0.));
#4611=DIRECTION('',(0.,0.,1.));
#4612=DIRECTION('center_axis',(0.999999999999843,5.60283502093406E-7,0.));
#4613=DIRECTION('ref_axis',(-5.60283502093406E-7,0.999999999999843,0.));
#4614=DIRECTION('center_axis',(-0.923879646559765,0.38268315702759,0.));
#4615=DIRECTION('ref_axis',(-0.38268315702759,-0.923879646559765,0.));
#4616=DIRECTION('',(0.,0.,1.));
#4617=DIRECTION('center_axis',(-0.707106991920702,0.707106570452331,0.));
#4618=DIRECTION('ref_axis',(-0.707106570452331,-0.707106991920702,0.));
#4619=DIRECTION('',(0.,0.,1.));
#4620=DIRECTION('center_axis',(-0.382683707702556,0.923879418462726,0.));
#4621=DIRECTION('ref_axis',(-0.923879418462726,-0.382683707702556,0.));
#4622=DIRECTION('',(0.,0.,1.));
#4623=DIRECTION('center_axis',(-2.98023141568156E-7,0.999999999999956,0.));
#4624=DIRECTION('ref_axis',(-0.999999999999956,-2.98023141568156E-7,0.));
#4625=DIRECTION('',(0.,0.,1.));
#4626=DIRECTION('center_axis',(0.382683157027588,0.923879646559766,0.));
#4627=DIRECTION('ref_axis',(-0.923879646559766,0.382683157027588,0.));
#4628=DIRECTION('',(0.,0.,1.));
#4629=DIRECTION('center_axis',(0.707106570452327,0.707106991920705,0.));
#4630=DIRECTION('ref_axis',(-0.707106991920705,0.707106570452327,0.));
#4631=DIRECTION('',(0.,0.,1.));
#4632=DIRECTION('center_axis',(0.923879418462725,0.382683707702558,0.));
#4633=DIRECTION('ref_axis',(-0.382683707702558,0.923879418462725,0.));
#4634=DIRECTION('',(0.,0.,1.));
#4635=DIRECTION('center_axis',(0.999999999999956,2.9802314045186E-7,0.));
#4636=DIRECTION('ref_axis',(-2.9802314045186E-7,0.999999999999956,0.));
#4637=DIRECTION('center_axis',(-0.923879646559704,0.382683157027738,0.));
#4638=DIRECTION('ref_axis',(-0.382683157027738,-0.923879646559704,0.));
#4639=DIRECTION('',(0.,0.,1.));
#4640=DIRECTION('center_axis',(-0.707106991920584,0.707106570452448,0.));
#4641=DIRECTION('ref_axis',(-0.707106570452448,-0.707106991920584,0.));
#4642=DIRECTION('',(0.,0.,1.));
#4643=DIRECTION('center_axis',(-0.3826837077024,0.923879418462791,0.));
#4644=DIRECTION('ref_axis',(-0.923879418462791,-0.3826837077024,0.));
#4645=DIRECTION('',(0.,0.,1.));
#4646=DIRECTION('center_axis',(-2.98022976318507E-7,0.999999999999956,0.));
#4647=DIRECTION('ref_axis',(-0.999999999999956,-2.98022976318507E-7,0.));
#4648=DIRECTION('',(0.,0.,1.));
#4649=DIRECTION('center_axis',(0.382683157027738,0.923879646559704,0.));
#4650=DIRECTION('ref_axis',(-0.923879646559704,0.382683157027738,0.));
#4651=DIRECTION('',(0.,0.,1.));
#4652=DIRECTION('center_axis',(0.707106570452448,0.707106991920584,0.));
#4653=DIRECTION('ref_axis',(-0.707106991920584,0.707106570452448,0.));
#4654=DIRECTION('',(0.,0.,1.));
#4655=DIRECTION('center_axis',(0.923879418462789,0.382683707702403,0.));
#4656=DIRECTION('ref_axis',(-0.382683707702403,0.923879418462789,0.));
#4657=DIRECTION('',(0.,0.,1.));
#4658=DIRECTION('center_axis',(0.999999999999956,2.98022985248849E-7,0.));
#4659=DIRECTION('ref_axis',(-2.98022985248849E-7,0.999999999999956,0.));
#4660=DIRECTION('center_axis',(-0.923879546197058,0.382683399324714,0.));
#4661=DIRECTION('ref_axis',(-0.382683399324714,-0.923879546197058,0.));
#4662=DIRECTION('',(0.,0.,1.));
#4663=DIRECTION('center_axis',(-0.707106806474555,0.707106755898539,0.));
#4664=DIRECTION('ref_axis',(-0.707106755898539,-0.707106806474555,0.));
#4665=DIRECTION('',(0.,0.,1.));
#4666=DIRECTION('center_axis',(-0.382683465405463,0.923879518825515,0.));
#4667=DIRECTION('ref_axis',(-0.923879518825515,-0.382683465405463,0.));
#4668=DIRECTION('',(0.,0.,1.));
#4669=DIRECTION('center_axis',(-3.57626448167606E-8,0.999999999999999,0.));
#4670=DIRECTION('ref_axis',(-0.999999999999999,-3.57626448167606E-8,0.));
#4671=DIRECTION('',(0.,0.,1.));
#4672=DIRECTION('center_axis',(0.382683399324714,0.923879546197058,0.));
#4673=DIRECTION('ref_axis',(-0.923879546197058,0.382683399324714,0.));
#4674=DIRECTION('',(0.,0.,1.));
#4675=DIRECTION('center_axis',(0.70710675589854,0.707106806474554,0.));
#4676=DIRECTION('ref_axis',(-0.707106806474554,0.70710675589854,0.));
#4677=DIRECTION('',(0.,0.,1.));
#4678=DIRECTION('center_axis',(0.923879518825516,0.382683465405462,0.));
#4679=DIRECTION('ref_axis',(-0.382683465405462,0.923879518825516,0.));
#4680=DIRECTION('',(0.,0.,1.));
#4681=DIRECTION('center_axis',(0.999999999999999,3.57626425841735E-8,0.));
#4682=DIRECTION('ref_axis',(-3.57626425841735E-8,0.999999999999999,0.));
#4683=DIRECTION('center_axis',(1.,0.,0.));
#4684=DIRECTION('ref_axis',(0.,-1.,0.));
#4685=DIRECTION('',(0.,0.,-1.));
#4686=DIRECTION('',(0.,1.,0.));
#4687=DIRECTION('',(0.,0.,-1.));
#4688=DIRECTION('center_axis',(0.,1.,0.));
#4689=DIRECTION('ref_axis',(1.,0.,0.));
#4690=DIRECTION('',(0.,0.,-1.));
#4691=DIRECTION('',(-1.,0.,0.));
#4692=DIRECTION('center_axis',(-1.,0.,0.));
#4693=DIRECTION('ref_axis',(0.,1.,0.));
#4694=DIRECTION('',(0.,0.,-1.));
#4695=DIRECTION('',(0.,-1.,0.));
#4696=DIRECTION('center_axis',(0.,-1.,0.));
#4697=DIRECTION('ref_axis',(-1.,0.,0.));
#4698=DIRECTION('',(1.,0.,0.));
#4699=DIRECTION('center_axis',(0.,1.,0.));
#4700=DIRECTION('ref_axis',(-1.,0.,0.));
#4701=DIRECTION('',(-1.,0.,0.));
#4702=DIRECTION('',(0.,0.,1.));
#4703=DIRECTION('',(0.,0.,1.));
#4704=DIRECTION('center_axis',(1.,0.,0.));
#4705=DIRECTION('ref_axis',(0.,1.,0.));
#4706=DIRECTION('',(0.,1.,0.));
#4707=DIRECTION('',(0.,0.,1.));
#4708=DIRECTION('center_axis',(0.,-1.,0.));
#4709=DIRECTION('ref_axis',(1.,0.,0.));
#4710=DIRECTION('',(1.,0.,0.));
#4711=DIRECTION('',(0.,0.,1.));
#4712=DIRECTION('center_axis',(-1.,0.,0.));
#4713=DIRECTION('ref_axis',(0.,-1.,0.));
#4714=DIRECTION('',(0.,-1.,0.));
#4715=DIRECTION('center_axis',(0.,0.,1.));
#4716=DIRECTION('ref_axis',(1.,0.,0.));
#4717=CARTESIAN_POINT('',(0.,0.,0.));
#4718=CARTESIAN_POINT('Origin',(39.4474229009062,23.8981055873748,10.4));
#4719=CARTESIAN_POINT('',(47.8806017248775,4.58386323768527,10.4));
#4720=CARTESIAN_POINT('',(47.4999992354735,5.50271883653326,10.4));
#4721=CARTESIAN_POINT('',(39.8169747084364,24.051178973537,10.4));
#4722=CARTESIAN_POINT('',(47.0999992383189,5.42315387527635,10.));
#4723=CARTESIAN_POINT('Origin',(47.0999992383189,5.42315387527635,10.4));
#4724=CARTESIAN_POINT('',(47.5414981069716,4.35728142661783,10.));
#4725=CARTESIAN_POINT('',(39.4474229009062,23.8981055873748,10.));
#4726=CARTESIAN_POINT('Origin',(47.5414981069716,4.35728142661783,10.4));
#4727=CARTESIAN_POINT('Origin',(47.0999984220192,28.2486404333187,10.4));
#4728=CARTESIAN_POINT('',(47.4999991999053,6.49728098465413,10.4));
#4729=CARTESIAN_POINT('',(47.4999984220192,28.2486404476237,10.4));
#4730=CARTESIAN_POINT('',(47.0999991970598,6.57684591730093,10.));
#4731=CARTESIAN_POINT('Origin',(47.0999991970598,6.57684591730094,10.4));
#4732=CARTESIAN_POINT('',(47.0999984220192,28.2486404333187,10.));
#4733=CARTESIAN_POINT('Origin',(55.1940732359041,26.1176712133251,10.4));
#4734=CARTESIAN_POINT('',(47.8806016235879,7.41613661072482,10.4));
#4735=CARTESIAN_POINT('',(55.563625054383,25.9645978535952,10.4));
#4736=CARTESIAN_POINT('',(47.5414979894757,7.64271839753778,10.));
#4737=CARTESIAN_POINT('Origin',(47.5414979894757,7.64271839753778,10.4));
#4738=CARTESIAN_POINT('',(55.1940732359041,26.1176712133251,10.));
#4739=CARTESIAN_POINT('Origin',(59.1252051115708,19.2264263481609,10.4));
#4740=CARTESIAN_POINT('',(48.5838632376851,8.11939827512304,10.4));
#4741=CARTESIAN_POINT('',(59.4080478341606,18.9435836458015,10.4));
#4742=CARTESIAN_POINT('',(48.3572814266177,8.45850189302891,10.));
#4743=CARTESIAN_POINT('Origin',(48.3572814266177,8.45850189302891,10.4));
#4744=CARTESIAN_POINT('',(59.1252051115708,19.2264263481609,10.));
#4745=CARTESIAN_POINT('Origin',(60.3622748375278,23.4386790854515,10.4));
#4746=CARTESIAN_POINT('',(52.4585020105246,4.35728160246285,10.));
#4747=CARTESIAN_POINT('',(52.9000008029405,5.42315408269972,10.));
#4748=CARTESIAN_POINT('',(60.3622748375278,23.4386790854515,10.));
#4749=CARTESIAN_POINT('',(52.5000008000951,5.50271901534652,10.4));
#4750=CARTESIAN_POINT('Origin',(52.9000008029405,5.42315408269972,10.4));
#4751=CARTESIAN_POINT('',(52.1193983764125,4.58386338927584,10.4));
#4752=CARTESIAN_POINT('',(59.992723019049,23.5917524451814,10.4));
#4753=CARTESIAN_POINT('Origin',(52.4585020105246,4.35728160246286,10.4));
#4754=CARTESIAN_POINT('Origin',(56.8981067000469,11.9962279129904,10.4));
#4755=CARTESIAN_POINT('',(49.5027188365331,8.50000076452704,10.4));
#4756=CARTESIAN_POINT('',(57.0511800862091,11.6266761054601,10.4));
#4757=CARTESIAN_POINT('',(49.4231538752762,8.90000076168159,10.));
#4758=CARTESIAN_POINT('Origin',(49.4231538752762,8.90000076168159,10.4));
#4759=CARTESIAN_POINT('',(56.8981067000469,11.9962279129904,10.));
#4760=CARTESIAN_POINT('Origin',(50.2486412200968,8.9000007912032,10.4));
#4761=CARTESIAN_POINT('',(50.497280984654,8.50000080009521,10.4));
#4762=CARTESIAN_POINT('',(50.2486412344018,8.5000007912032,10.4));
#4763=CARTESIAN_POINT('',(50.5768459173008,8.90000080294067,10.));
#4764=CARTESIAN_POINT('Origin',(50.5768459173008,8.90000080294067,10.4));
#4765=CARTESIAN_POINT('',(50.2486412200968,8.9000007912032,10.));
#4766=CARTESIAN_POINT('Origin',(43.561322027221,11.8059256514239,10.4));
#4767=CARTESIAN_POINT('',(51.4161366107247,8.11939837641263,10.4));
#4768=CARTESIAN_POINT('',(43.4082486674912,11.4363738329451,10.4));
#4769=CARTESIAN_POINT('',(51.6427183975376,8.45850201052482,10.));
#4770=CARTESIAN_POINT('Origin',(51.6427183975376,8.45850201052482,10.4));
#4771=CARTESIAN_POINT('',(43.561322027221,11.8059256514239,10.));
#4772=CARTESIAN_POINT('Origin',(41.2264255613828,18.8747941016514,10.4));
#4773=CARTESIAN_POINT('',(52.4585018930287,7.64271857338284,10.));
#4774=CARTESIAN_POINT('',(41.2264255613828,18.8747941016514,10.));
#4775=CARTESIAN_POINT('',(52.1193982751229,7.41613676231539,10.4));
#4776=CARTESIAN_POINT('',(40.9435828590234,18.5919513790615,10.4));
#4777=CARTESIAN_POINT('Origin',(52.4585018930287,7.64271857338284,10.4));
#4778=CARTESIAN_POINT('Origin',(44.996226800318,25.6582424860573,10.4));
#4779=CARTESIAN_POINT('',(52.9000007616814,6.57684612472432,10.));
#4780=CARTESIAN_POINT('',(44.996226800318,25.6582424860573,10.));
#4781=CARTESIAN_POINT('',(52.5000007645269,6.49728116346741,10.4));
#4782=CARTESIAN_POINT('',(44.6266749927878,25.5051690998952,10.4));
#4783=CARTESIAN_POINT('Origin',(52.9000007616814,6.57684612472432,10.4));
#4784=CARTESIAN_POINT('Origin',(52.9000000044249,27.7513595666816,10.4));
#4785=CARTESIAN_POINT('',(52.9000000044249,27.7513595666816,10.));
#4786=CARTESIAN_POINT('',(52.5000000044249,27.7513595523765,10.4));
#4787=CARTESIAN_POINT('Origin',(62.8747948884292,14.7735752253957,10.4));
#4788=CARTESIAN_POINT('',(51.6427185733827,3.54149810697175,10.));
#4789=CARTESIAN_POINT('',(62.8747948884292,14.7735752253957,10.));
#4790=CARTESIAN_POINT('',(51.4161367623152,3.88060172487761,10.4));
#4791=CARTESIAN_POINT('',(62.5919521658394,15.0564179277552,10.4));
#4792=CARTESIAN_POINT('Origin',(51.6427185733827,3.54149810697175,10.4));
#4793=CARTESIAN_POINT('Origin',(58.6582435987294,6.44742401357847,10.4));
#4794=CARTESIAN_POINT('',(50.5768461247242,3.09999923831907,10.));
#4795=CARTESIAN_POINT('',(58.6582435987294,6.44742401357847,10.));
#4796=CARTESIAN_POINT('',(50.4972811634672,3.49999923547362,10.4));
#4797=CARTESIAN_POINT('',(58.5051702125672,6.81697582110868,10.4));
#4798=CARTESIAN_POINT('Origin',(50.5768461247242,3.09999923831907,10.4));
#4799=CARTESIAN_POINT('Origin',(49.7513603534597,3.09999920879752,10.4));
#4800=CARTESIAN_POINT('',(49.4231540826995,3.09999919706,10.));
#4801=CARTESIAN_POINT('',(49.7513603534597,3.09999920879752,10.));
#4802=CARTESIAN_POINT('',(49.5027190153464,3.49999919990545,10.4));
#4803=CARTESIAN_POINT('',(49.7513603391546,3.49999920879752,10.4));
#4804=CARTESIAN_POINT('Origin',(49.4231540826995,3.09999919706,10.4));
#4805=CARTESIAN_POINT('Origin',(40.8823298993476,6.63772404980044,10.4));
#4806=CARTESIAN_POINT('',(48.3572816024627,3.54149798947583,10.));
#4807=CARTESIAN_POINT('',(40.8823298993476,6.63772404980044,10.));
#4808=CARTESIAN_POINT('',(48.5838633892757,3.88060162358804,10.4));
#4809=CARTESIAN_POINT('',(41.0354032590775,7.00727586827927,10.4));
#4810=CARTESIAN_POINT('Origin',(48.3572816024627,3.54149798947583,10.4));
#4811=CARTESIAN_POINT('Origin',(36.7735744386177,15.125204324793,10.4));
#4812=CARTESIAN_POINT('',(36.7735744386177,15.125204324793,10.));
#4813=CARTESIAN_POINT('',(37.0564171409771,15.4080470473828,10.4));
#4814=CARTESIAN_POINT('Origin',(47.4999991999053,6.49728098465413,10.));
#4815=CARTESIAN_POINT('',(47.4999992354735,5.50271883653326,12.6));
#4816=CARTESIAN_POINT('',(47.4999992354735,5.50271883653326,10.));
#4817=CARTESIAN_POINT('',(47.4999991999053,6.49728098465413,12.6));
#4818=CARTESIAN_POINT('',(47.4999992087973,6.24864044762391,12.6));
#4819=CARTESIAN_POINT('',(47.4999991999053,6.49728098465413,10.));
#4820=CARTESIAN_POINT('Origin',(47.4999992354735,5.50271883653326,10.));
#4821=CARTESIAN_POINT('',(47.8806017248775,4.58386323768527,12.6));
#4822=CARTESIAN_POINT('',(47.8806017248775,4.58386323768527,10.));
#4823=CARTESIAN_POINT('',(47.5951498578245,5.27300493682126,12.6));
#4824=CARTESIAN_POINT('Origin',(47.8806017248775,4.58386323768527,10.));
#4825=CARTESIAN_POINT('',(48.5838633892757,3.88060162358804,12.6));
#4826=CARTESIAN_POINT('',(48.5838633892757,3.88060162358804,10.));
#4827=CARTESIAN_POINT('',(48.056417140977,4.40804783416096,12.6));
#4828=CARTESIAN_POINT('Origin',(48.5838633892757,3.88060162358804,10.));
#4829=CARTESIAN_POINT('',(49.5027190153464,3.49999919990545,12.6));
#4830=CARTESIAN_POINT('',(49.5027190153464,3.49999919990545,10.));
#4831=CARTESIAN_POINT('',(48.8135772957934,3.78545101766739,12.6));
#4832=CARTESIAN_POINT('Origin',(49.5027190153464,3.49999919990545,10.));
#4833=CARTESIAN_POINT('',(50.4972811634672,3.49999923547362,12.6));
#4834=CARTESIAN_POINT('',(50.4972811634672,3.49999923547362,10.));
#4835=CARTESIAN_POINT('',(49.7513595523766,3.49999920879749,12.6));
#4836=CARTESIAN_POINT('Origin',(50.4972811634672,3.49999923547362,10.));
#4837=CARTESIAN_POINT('',(51.4161367623152,3.88060172487761,12.6));
#4838=CARTESIAN_POINT('',(51.4161367623152,3.88060172487761,10.));
#4839=CARTESIAN_POINT('',(50.7269950631792,3.59514985782462,12.6));
#4840=CARTESIAN_POINT('Origin',(51.4161367623152,3.88060172487761,10.));
#4841=CARTESIAN_POINT('',(52.1193983764125,4.58386338927584,12.6));
#4842=CARTESIAN_POINT('',(52.1193983764125,4.58386338927584,10.));
#4843=CARTESIAN_POINT('',(51.5919521658395,4.05641714097717,12.6));
#4844=CARTESIAN_POINT('Origin',(52.1193983764125,4.58386338927584,10.));
#4845=CARTESIAN_POINT('',(52.5000008000951,5.50271901534652,12.6));
#4846=CARTESIAN_POINT('',(52.5000008000951,5.50271901534652,10.));
#4847=CARTESIAN_POINT('',(52.2145489823331,4.8135772957935,12.6));
#4848=CARTESIAN_POINT('Origin',(50.,50.,10.));
#4849=CARTESIAN_POINT('',(0.,100.,10.));
#4850=CARTESIAN_POINT('',(0.,0.,10.));
#4851=CARTESIAN_POINT('',(0.,100.,10.));
#4852=CARTESIAN_POINT('',(100.,0.,10.));
#4853=CARTESIAN_POINT('',(0.,0.,10.));
#4854=CARTESIAN_POINT('',(100.,100.,10.));
#4855=CARTESIAN_POINT('',(100.,0.,10.));
#4856=CARTESIAN_POINT('',(100.,100.,10.));
#4857=CARTESIAN_POINT('',(96.4585029971788,48.3572818758338,10.));
#4858=CARTESIAN_POINT('',(96.9000016098754,49.4231547128378,10.));
#4859=CARTESIAN_POINT('',(93.3622809620973,40.8823343457179,10.));
#4860=CARTESIAN_POINT('',(95.6427195895468,47.5414979819573,10.));
#4861=CARTESIAN_POINT('',(84.8748024463439,36.7735744205791,10.));
#4862=CARTESIAN_POINT('',(94.5768470156965,47.0999987339516,10.));
#4863=CARTESIAN_POINT('',(76.1018994107178,39.4474184212042,10.));
#4864=CARTESIAN_POINT('',(93.4231547128377,47.0999983901247,10.));
#4865=CARTESIAN_POINT('',(71.7513602620302,47.0999919314321,10.));
#4866=CARTESIAN_POINT('',(92.3572818758337,47.5414970028214,10.));
#4867=CARTESIAN_POINT('',(73.8823250734187,55.1940682240041,10.));
#4868=CARTESIAN_POINT('',(91.5414979819572,48.3572804104534,10.));
#4869=CARTESIAN_POINT('',(80.7735678640716,59.1252041101597,10.));
#4870=CARTESIAN_POINT('',(91.0999987339514,49.4231529843036,10.));
#4871=CARTESIAN_POINT('',(88.0037676073053,56.8981098615812,10.));
#4872=CARTESIAN_POINT('',(91.0999983901246,50.5768452871626,10.));
#4873=CARTESIAN_POINT('',(91.0999984879354,50.2486462944775,10.));
#4874=CARTESIAN_POINT('',(91.5414970028212,51.6427181241665,10.));
#4875=CARTESIAN_POINT('',(88.1940774963031,43.5613257404802,10.));
#4876=CARTESIAN_POINT('',(92.3572804104532,52.458502018043,10.));
#4877=CARTESIAN_POINT('',(81.125210666667,41.2264255794251,10.));
#4878=CARTESIAN_POINT('',(93.4231529843035,52.9000012660488,10.));
#4879=CARTESIAN_POINT('',(74.3417606754798,44.9962231203959,10.));
#4880=CARTESIAN_POINT('',(94.5768452871624,52.9000016098756,10.));
#4881=CARTESIAN_POINT('',(72.2486397379737,52.8999949555573,10.));
#4882=CARTESIAN_POINT('',(95.6427181241663,52.458502997179,10.));
#4883=CARTESIAN_POINT('',(76.5613164681809,60.3622716897983,10.));
#4884=CARTESIAN_POINT('',(96.4585020180428,51.642719589547,10.));
#4885=CARTESIAN_POINT('',(85.2264190229175,62.8747958898367,10.));
#4886=CARTESIAN_POINT('',(96.9000012660486,50.5768470156967,10.));
#4887=CARTESIAN_POINT('',(93.552572306497,58.6582485968193,10.));
#4888=CARTESIAN_POINT('',(96.9000015120607,49.7513668185341,10.));
#4889=CARTESIAN_POINT('',(8.45850188551056,48.3572826186271,10.));
#4890=CARTESIAN_POINT('',(8.90000029857327,49.4231549736722,10.));
#4891=CARTESIAN_POINT('',(11.8059213421176,56.438674881821,10.));
#4892=CARTESIAN_POINT('',(7.642718846754,47.541499093626,10.));
#4893=CARTESIAN_POINT('',(18.8747884983176,58.7735754400249,10.));
#4894=CARTESIAN_POINT('',(6.57684675486266,47.1000000452541,10.));
#4895=CARTESIAN_POINT('',(25.6582389431938,55.0037781410011,10.));
#4896=CARTESIAN_POINT('',(5.42315497367233,47.0999997014272,10.));
#4897=CARTESIAN_POINT('',(27.7513603924437,47.1000063557491,10.));
#4898=CARTESIAN_POINT('',(4.35728261862728,47.5414981144899,10.));
#4899=CARTESIAN_POINT('',(23.4386841541254,39.6377294717817,10.));
#4900=CARTESIAN_POINT('',(3.54149909362611,48.3572811532465,10.));
#4901=CARTESIAN_POINT('',(14.7735819965362,37.1252049451757,10.));
#4902=CARTESIAN_POINT('',(3.10000004525424,49.4231532451378,10.));
#4903=CARTESIAN_POINT('',(6.44742895489999,41.3417517845023,10.));
#4904=CARTESIAN_POINT('',(3.09999970142739,50.5768450263281,10.));
#4905=CARTESIAN_POINT('',(3.09999979924215,50.2486330510454,10.));
#4906=CARTESIAN_POINT('',(3.54149811449011,51.6427173813732,10.));
#4907=CARTESIAN_POINT('',(6.63772019947751,59.1176650319762,10.));
#4908=CARTESIAN_POINT('',(4.35728115324665,52.4585009063744,10.));
#4909=CARTESIAN_POINT('',(15.1251983886646,63.2264245599713,10.));
#4910=CARTESIAN_POINT('',(5.42315324513804,52.8999999547462,10.));
#4911=CARTESIAN_POINT('',(23.8981009706036,60.5525803174046,10.));
#4912=CARTESIAN_POINT('',(6.57684502632832,52.9000002985731,10.));
#4913=CARTESIAN_POINT('',(28.2486396075527,52.9000067572694,10.));
#4914=CARTESIAN_POINT('',(7.64271738137339,52.4585018855104,10.));
#4915=CARTESIAN_POINT('',(26.1176743042806,44.8059306144217,10.));
#4916=CARTESIAN_POINT('',(8.45850090637453,51.6427188467539,10.));
#4917=CARTESIAN_POINT('',(19.2264311164827,40.8747950548287,10.));
#4918=CARTESIAN_POINT('',(8.89999995474643,50.5768467548625,10.));
#4919=CARTESIAN_POINT('',(11.9962311313036,43.1018897570925,10.));
#4920=CARTESIAN_POINT('',(8.90000020076242,49.7513538359365,10.));
#4921=CARTESIAN_POINT('',(90.,35.,10.));
#4922=CARTESIAN_POINT('',(90.,10.,10.));
#4923=CARTESIAN_POINT('',(90.,42.5,10.));
#4924=CARTESIAN_POINT('',(10.,10.,10.));
#4925=CARTESIAN_POINT('',(70.,10.,10.));
#4926=CARTESIAN_POINT('',(10.,35.,10.));
#4927=CARTESIAN_POINT('',(10.,30.,10.));
#4928=CARTESIAN_POINT('',(30.,35.,10.));
#4929=CARTESIAN_POINT('',(52.4585028721647,92.3572828919981,10.));
#4930=CARTESIAN_POINT('',(52.9000011055082,93.4231556038103,10.));
#4931=CARTESIAN_POINT('',(44.8059356263239,73.8823219824653,10.));
#4932=CARTESIAN_POINT('',(51.6427198629182,91.5414989686115,10.));
#4933=CARTESIAN_POINT('',(40.8747960562428,80.7735630957497,10.));
#4934=CARTESIAN_POINT('',(50.5768476458351,91.0999995408866,10.));
#4935=CARTESIAN_POINT('',(43.1018865955603,88.0037643889899,10.));
#4936=CARTESIAN_POINT('',(49.4231556038104,91.099998894492,10.));
#4937=CARTESIAN_POINT('',(49.7513487615558,91.0999990783732,10.));
#4938=CARTESIAN_POINT('',(48.3572828919983,91.5414971278355,10.));
#4939=CARTESIAN_POINT('',(56.4386711685597,88.1940818056074,10.));
#4940=CARTESIAN_POINT('',(47.5414989686117,92.357280137082,10.));
#4941=CARTESIAN_POINT('',(58.7735754219796,81.1252162700008,10.));
#4942=CARTESIAN_POINT('',(47.0999995408867,93.4231523541652,10.));
#4943=CARTESIAN_POINT('',(55.0037818209212,74.3417642183456,10.));
#4944=CARTESIAN_POINT('',(47.0999988944921,94.5768443961897,10.));
#4945=CARTESIAN_POINT('',(47.1000114046169,72.2486389122146,10.));
#4946=CARTESIAN_POINT('',(47.5414971278356,95.6427171080019,10.));
#4947=CARTESIAN_POINT('',(39.6377326195132,76.5613113995093,10.));
#4948=CARTESIAN_POINT('',(48.3572801370822,96.4585010313884,10.));
#4949=CARTESIAN_POINT('',(37.1252039437712,85.2264122517768,10.));
#4950=CARTESIAN_POINT('',(49.4231523541653,96.9000004591134,10.));
#4951=CARTESIAN_POINT('',(41.3417467864145,93.5525673651732,10.));
#4952=CARTESIAN_POINT('',(50.5768443961899,96.900001105508,10.));
#4953=CARTESIAN_POINT('',(50.2486265859711,96.900000921613,10.));
#4954=CARTESIAN_POINT('',(51.6427171080021,96.4585028721645,10.));
#4955=CARTESIAN_POINT('',(59.1176605856037,93.3622848124181,10.));
#4956=CARTESIAN_POINT('',(52.4585010313886,95.642719862918,10.));
#4957=CARTESIAN_POINT('',(63.2264245780068,84.8748083824727,10.));
#4958=CARTESIAN_POINT('',(52.9000004591136,94.5768476458349,10.));
#4959=CARTESIAN_POINT('',(60.5525847971045,76.1019040274914,10.));
#4960=CARTESIAN_POINT('',(52.9000132478571,71.7513610877993,10.));
#4961=CARTESIAN_POINT('Origin',(73.8823250734187,55.1940682240041,10.4));
#4962=CARTESIAN_POINT('',(93.5027195405803,47.4999984138369,10.4));
#4963=CARTESIAN_POINT('',(92.5838635737132,47.880600696357,10.4));
#4964=CARTESIAN_POINT('',(74.0353983362298,55.563620082628,10.4));
#4965=CARTESIAN_POINT('Origin',(92.3572818758337,47.5414970028214,10.4));
#4966=CARTESIAN_POINT('Origin',(93.4231547128377,47.0999983901247,10.4));
#4967=CARTESIAN_POINT('Origin',(80.7735678640716,59.1252041101597,10.4));
#4968=CARTESIAN_POINT('',(91.8806015404396,48.5838623104542,10.4));
#4969=CARTESIAN_POINT('',(81.0564104922525,59.4080469069279,10.4));
#4970=CARTESIAN_POINT('Origin',(91.5414979819572,48.3572804104534,10.4));
#4971=CARTESIAN_POINT('Origin',(93.3622809620973,40.8823343457179,10.4));
#4972=CARTESIAN_POINT('',(96.5000015861633,49.5027195405805,10.4));
#4973=CARTESIAN_POINT('Origin',(96.9000016098754,49.4231547128378,10.4));
#4974=CARTESIAN_POINT('',(96.1193993036432,48.5838635737134,10.4));
#4975=CARTESIAN_POINT('',(92.9927291034734,41.035407608529,10.4));
#4976=CARTESIAN_POINT('Origin',(96.4585029971788,48.3572818758338,10.4));
#4977=CARTESIAN_POINT('Origin',(88.0037676073053,56.8981098615812,10.4));
#4978=CARTESIAN_POINT('',(91.4999987102392,49.5027180504647,10.4));
#4979=CARTESIAN_POINT('',(88.3733193746904,57.0511833446622,10.4));
#4980=CARTESIAN_POINT('Origin',(91.0999987339514,49.4231529843036,10.4));
#4981=CARTESIAN_POINT('Origin',(91.0999984879354,50.2486462944775,10.4));
#4982=CARTESIAN_POINT('',(91.4999984138367,50.4972804594199,10.4));
#4983=CARTESIAN_POINT('',(91.4999984879354,50.2486464136867,10.4));
#4984=CARTESIAN_POINT('Origin',(91.0999983901246,50.5768452871626,10.4));
#4985=CARTESIAN_POINT('Origin',(88.1940774963031,43.5613257404802,10.4));
#4986=CARTESIAN_POINT('',(91.8806006963568,51.416136426287,10.4));
#4987=CARTESIAN_POINT('',(88.563629354927,43.4082524776691,10.4));
#4988=CARTESIAN_POINT('Origin',(91.5414970028212,51.6427181241665,10.4));
#4989=CARTESIAN_POINT('Origin',(81.125210666667,41.2264255794251,10.4));
#4990=CARTESIAN_POINT('',(92.5838623104541,52.1193984595606,10.4));
#4991=CARTESIAN_POINT('',(81.4080534634352,40.9435829512441,10.4));
#4992=CARTESIAN_POINT('Origin',(92.3572804104532,52.458502018043,10.4));
#4993=CARTESIAN_POINT('Origin',(74.3417606754798,44.9962231203959,10.4));
#4994=CARTESIAN_POINT('',(93.5027180504646,52.500001289761,10.4));
#4995=CARTESIAN_POINT('',(74.4948341585607,44.6266713530108,10.4));
#4996=CARTESIAN_POINT('Origin',(93.4231529843035,52.9000012660488,10.4));
#4997=CARTESIAN_POINT('Origin',(72.2486397379737,52.8999949555573,10.4));
#4998=CARTESIAN_POINT('',(94.4972804594197,52.5000015861634,10.4));
#4999=CARTESIAN_POINT('',(72.2486398571829,52.4999949555573,10.4));
#5000=CARTESIAN_POINT('Origin',(94.5768452871624,52.9000016098756,10.4));
#5001=CARTESIAN_POINT('Origin',(76.5613164681809,60.3622716897983,10.4));
#5002=CARTESIAN_POINT('',(95.4161364262868,52.1193993036433,10.4));
#5003=CARTESIAN_POINT('',(76.4082432053698,59.9927198311744,10.4));
#5004=CARTESIAN_POINT('Origin',(95.6427181241663,52.458502997179,10.4));
#5005=CARTESIAN_POINT('Origin',(85.2264190229175,62.8747958898367,10.4));
#5006=CARTESIAN_POINT('',(96.1193984595604,51.4161376895461,10.4));
#5007=CARTESIAN_POINT('',(84.9435763947366,62.5919530930684,10.4));
#5008=CARTESIAN_POINT('Origin',(96.4585020180428,51.642719589547,10.4));
#5009=CARTESIAN_POINT('Origin',(93.552572306497,58.6582485968193,10.4));
#5010=CARTESIAN_POINT('',(96.5000012897608,50.4972819495356,10.4));
#5011=CARTESIAN_POINT('',(93.1830205391119,58.5051751137383,10.4));
#5012=CARTESIAN_POINT('Origin',(96.9000012660486,50.5768470156967,10.4));
#5013=CARTESIAN_POINT('Origin',(96.9000015120607,49.7513668185341,10.4));
#5014=CARTESIAN_POINT('',(96.5000015120607,49.7513666993249,10.4));
#5015=CARTESIAN_POINT('Origin',(84.8748024463439,36.7735744205791,10.4));
#5016=CARTESIAN_POINT('',(95.4161376895459,47.8806015404398,10.4));
#5017=CARTESIAN_POINT('',(84.5919596495757,37.0564170487601,10.4));
#5018=CARTESIAN_POINT('Origin',(95.6427195895468,47.5414979819573,10.4));
#5019=CARTESIAN_POINT('Origin',(76.1018994107178,39.4474184212042,10.4));
#5020=CARTESIAN_POINT('',(94.4972819495354,47.4999987102394,10.4));
#5021=CARTESIAN_POINT('',(75.9488259276369,39.8169701885893,10.4));
#5022=CARTESIAN_POINT('Origin',(94.5768470156965,47.0999987339516,10.4));
#5023=CARTESIAN_POINT('Origin',(71.7513602620302,47.0999919314321,10.4));
#5024=CARTESIAN_POINT('',(71.751360142821,47.499991931432,10.4));
#5025=CARTESIAN_POINT('Origin',(91.4999984138367,50.4972804594199,10.));
#5026=CARTESIAN_POINT('',(91.4999987102392,49.5027180504647,12.6));
#5027=CARTESIAN_POINT('',(91.4999987102392,49.5027180504647,10.));
#5028=CARTESIAN_POINT('',(91.4999984138367,50.4972804594199,12.6));
#5029=CARTESIAN_POINT('',(91.4999984879373,50.2486398571811,12.6));
#5030=CARTESIAN_POINT('',(91.4999984138367,50.4972804594199,10.));
#5031=CARTESIAN_POINT('Origin',(91.4999987102392,49.5027180504647,10.));
#5032=CARTESIAN_POINT('',(91.8806015404396,48.5838623104542,12.6));
#5033=CARTESIAN_POINT('',(91.8806015404396,48.5838623104542,10.));
#5034=CARTESIAN_POINT('',(91.5951494177893,49.2730041154621,12.6));
#5035=CARTESIAN_POINT('Origin',(91.8806015404396,48.5838623104542,10.));
#5036=CARTESIAN_POINT('',(92.5838635737132,47.880600696357,12.6));
#5037=CARTESIAN_POINT('',(92.5838635737132,47.880600696357,10.));
#5038=CARTESIAN_POINT('',(92.056417048758,48.4080469069299,12.6));
#5039=CARTESIAN_POINT('Origin',(92.5838635737132,47.880600696357,10.));
#5040=CARTESIAN_POINT('',(93.5027195405803,47.4999984138369,12.6));
#5041=CARTESIAN_POINT('',(93.5027195405803,47.4999984138369,10.));
#5042=CARTESIAN_POINT('',(92.81357756543,47.785450125727,12.6));
#5043=CARTESIAN_POINT('Origin',(93.5027195405803,47.4999984138369,10.));
#5044=CARTESIAN_POINT('',(94.4972819495354,47.4999987102394,12.6));
#5045=CARTESIAN_POINT('',(94.4972819495354,47.4999987102394,10.));
#5046=CARTESIAN_POINT('',(93.7513601428191,47.4999984879375,12.6));
#5047=CARTESIAN_POINT('Origin',(94.4972819495354,47.4999987102394,10.));
#5048=CARTESIAN_POINT('',(95.4161376895459,47.8806015404398,12.6));
#5049=CARTESIAN_POINT('',(95.4161376895459,47.8806015404398,10.));
#5050=CARTESIAN_POINT('',(94.7269958845381,47.5951494177895,12.6));
#5051=CARTESIAN_POINT('Origin',(95.4161376895459,47.8806015404398,10.));
#5052=CARTESIAN_POINT('',(96.1193993036432,48.5838635737134,12.6));
#5053=CARTESIAN_POINT('',(96.1193993036432,48.5838635737134,10.));
#5054=CARTESIAN_POINT('',(95.5919530930703,48.0564170487582,12.6));
#5055=CARTESIAN_POINT('Origin',(96.1193993036432,48.5838635737134,10.));
#5056=CARTESIAN_POINT('',(96.5000015861633,49.5027195405805,12.6));
#5057=CARTESIAN_POINT('',(96.5000015861633,49.5027195405805,10.));
#5058=CARTESIAN_POINT('',(96.2145498742732,48.8135775654302,12.6));
#5059=CARTESIAN_POINT('Origin',(44.8059356263239,73.8823219824653,10.4));
#5060=CARTESIAN_POINT('',(52.5000010609293,93.5027203266487,10.4));
#5061=CARTESIAN_POINT('',(52.1193991192057,92.5838645009441,10.4));
#5062=CARTESIAN_POINT('',(44.436383727555,74.0353951483575,10.4));
#5063=CARTESIAN_POINT('Origin',(52.4585028721647,92.3572828919981,10.4));
#5064=CARTESIAN_POINT('Origin',(52.9000011055082,93.4231556038103,10.4));
#5065=CARTESIAN_POINT('Origin',(40.8747960562428,80.7735630957497,10.4));
#5066=CARTESIAN_POINT('',(51.4161378739838,91.8806024676705,10.4));
#5067=CARTESIAN_POINT('',(40.5919531852962,81.0564056497522,10.4));
#5068=CARTESIAN_POINT('Origin',(51.6427198629182,91.5414989686115,10.4));
#5069=CARTESIAN_POINT('Origin',(43.1018865955603,88.0037643889899,10.4));
#5070=CARTESIAN_POINT('',(50.4972824747698,91.4999994963076,10.4));
#5071=CARTESIAN_POINT('',(42.9488130155605,88.3733161162299,10.4));
#5072=CARTESIAN_POINT('Origin',(50.5768476458351,91.0999995408866,10.4));
#5073=CARTESIAN_POINT('Origin',(49.7513487615558,91.0999990783732,10.4));
#5074=CARTESIAN_POINT('',(49.5027203266489,91.4999989390708,10.4));
#5075=CARTESIAN_POINT('',(49.7513485374424,91.4999990783731,10.4));
#5076=CARTESIAN_POINT('Origin',(49.4231556038104,91.099998894492,10.4));
#5077=CARTESIAN_POINT('Origin',(56.4386711685597,88.1940818056074,10.4));
#5078=CARTESIAN_POINT('',(48.5838645009443,91.8806008807945,10.4));
#5079=CARTESIAN_POINT('',(56.5917443344519,88.5636337043763,10.4));
#5080=CARTESIAN_POINT('Origin',(48.3572828919983,91.5414971278355,10.4));
#5081=CARTESIAN_POINT('Origin',(58.7735754219796,81.1252162700008,10.4));
#5082=CARTESIAN_POINT('',(47.8806024676706,92.5838621260163,10.4));
#5083=CARTESIAN_POINT('',(59.0564179759821,81.4080591409475,10.4));
#5084=CARTESIAN_POINT('Origin',(47.5414989686117,92.357280137082,10.4));
#5085=CARTESIAN_POINT('Origin',(55.0037818209212,74.3417642183456,10.4));
#5086=CARTESIAN_POINT('',(47.4999994963077,93.5027175252304,10.4));
#5087=CARTESIAN_POINT('',(55.3733335481612,74.4948377983454,10.4));
#5088=CARTESIAN_POINT('Origin',(47.0999995408867,93.4231523541652,10.4));
#5089=CARTESIAN_POINT('Origin',(47.1000114046169,72.2486389122146,10.4));
#5090=CARTESIAN_POINT('',(47.499998939071,94.4972796733513,10.4));
#5091=CARTESIAN_POINT('',(47.5000114046168,72.248639136328,10.4));
#5092=CARTESIAN_POINT('Origin',(47.0999988944921,94.5768443961897,10.4));
#5093=CARTESIAN_POINT('Origin',(39.6377326195132,76.5613113995093,10.4));
#5094=CARTESIAN_POINT('',(47.8806008807946,95.4161354990559,10.4));
#5095=CARTESIAN_POINT('',(40.0072845182821,76.408238233617,10.4));
#5096=CARTESIAN_POINT('Origin',(47.5414971278356,95.6427171080019,10.4));
#5097=CARTESIAN_POINT('Origin',(37.1252039437712,85.2264122517768,10.4));
#5098=CARTESIAN_POINT('',(48.5838621260165,96.1193975323295,10.4));
#5099=CARTESIAN_POINT('',(37.4080468147179,84.9435696977744,10.4));
#5100=CARTESIAN_POINT('Origin',(48.3572801370822,96.4585010313884,10.4));
#5101=CARTESIAN_POINT('Origin',(41.3417467864145,93.5525673651732,10.4));
#5102=CARTESIAN_POINT('',(49.5027175252306,96.5000005036924,10.4));
#5103=CARTESIAN_POINT('',(41.4948203664143,93.1830156379332,10.4));
#5104=CARTESIAN_POINT('Origin',(49.4231523541653,96.9000004591134,10.4));
#5105=CARTESIAN_POINT('Origin',(50.2486265859711,96.900000921613,10.4));
#5106=CARTESIAN_POINT('',(50.4972796733514,96.5000010609292,10.4));
#5107=CARTESIAN_POINT('',(50.2486268100845,96.5000009216131,10.4));
#5108=CARTESIAN_POINT('Origin',(50.5768443961899,96.900001105508,10.4));
#5109=CARTESIAN_POINT('Origin',(59.1176605856037,93.3622848124181,10.4));
#5110=CARTESIAN_POINT('',(51.4161354990561,96.1193991192055,10.4));
#5111=CARTESIAN_POINT('',(58.9645874197114,92.9927329136491,10.4));
#5112=CARTESIAN_POINT('Origin',(51.6427171080021,96.4585028721645,10.4));
#5113=CARTESIAN_POINT('Origin',(63.2264245780068,84.8748083824727,10.4));
#5114=CARTESIAN_POINT('',(52.1193975323297,95.4161378739837,10.4));
#5115=CARTESIAN_POINT('',(62.9435820240043,84.591965511526,10.4));
#5116=CARTESIAN_POINT('Origin',(52.4585010313886,95.642719862918,10.4));
#5117=CARTESIAN_POINT('Origin',(60.5525847971045,76.1019040274914,10.4));
#5118=CARTESIAN_POINT('',(52.5000005036926,94.4972824747696,10.4));
#5119=CARTESIAN_POINT('',(60.1830330698646,75.9488304474916,10.4));
#5120=CARTESIAN_POINT('Origin',(52.9000004591136,94.5768476458348,10.4));
#5121=CARTESIAN_POINT('Origin',(52.9000132478571,71.7513610877993,10.4));
#5122=CARTESIAN_POINT('',(52.5000132478572,71.7513608636858,10.4));
#5123=CARTESIAN_POINT('Origin',(47.499998939071,94.4972796733513,10.));
#5124=CARTESIAN_POINT('',(47.4999994963077,93.5027175252304,12.6));
#5125=CARTESIAN_POINT('',(47.4999994963077,93.5027175252304,10.));
#5126=CARTESIAN_POINT('',(47.499998939071,94.4972796733513,12.6));
#5127=CARTESIAN_POINT('',(47.4999990783802,94.2486391363211,12.6));
#5128=CARTESIAN_POINT('',(47.499998939071,94.4972796733513,10.));
#5129=CARTESIAN_POINT('Origin',(47.4999994963077,93.5027175252304,10.));
#5130=CARTESIAN_POINT('',(47.8806024676706,92.5838621260163,12.6));
#5131=CARTESIAN_POINT('',(47.8806024676706,92.5838621260163,10.));
#5132=CARTESIAN_POINT('',(47.5951502391484,93.2730036754269,12.6));
#5133=CARTESIAN_POINT('Origin',(47.8806024676706,92.5838621260163,10.));
#5134=CARTESIAN_POINT('',(48.5838645009443,91.8806008807945,12.6));
#5135=CARTESIAN_POINT('',(48.5838645009443,91.8806008807945,10.));
#5136=CARTESIAN_POINT('',(48.0564179759891,92.4080468147109,12.6));
#5137=CARTESIAN_POINT('Origin',(48.5838645009443,91.8806008807945,10.));
#5138=CARTESIAN_POINT('',(49.5027203266489,91.4999989390708,12.6));
#5139=CARTESIAN_POINT('',(49.5027203266489,91.4999989390708,10.));
#5140=CARTESIAN_POINT('',(48.8135784573704,91.7854503953636,12.6));
#5141=CARTESIAN_POINT('Origin',(49.5027203266489,91.4999989390708,10.));
#5142=CARTESIAN_POINT('',(50.4972824747698,91.4999994963076,12.6));
#5143=CARTESIAN_POINT('',(50.4972824747698,91.4999994963076,10.));
#5144=CARTESIAN_POINT('',(49.7513608636791,91.49999907838,12.6));
#5145=CARTESIAN_POINT('Origin',(50.4972824747698,91.4999994963076,10.));
#5146=CARTESIAN_POINT('',(51.4161378739838,91.8806024676705,12.6));
#5147=CARTESIAN_POINT('',(51.4161378739838,91.8806024676705,10.));
#5148=CARTESIAN_POINT('',(50.7269963245733,91.5951502391483,12.6));
#5149=CARTESIAN_POINT('Origin',(51.4161378739838,91.8806024676705,10.));
#5150=CARTESIAN_POINT('',(52.1193991192057,92.5838645009441,12.6));
#5151=CARTESIAN_POINT('',(52.1193991192057,92.5838645009441,10.));
#5152=CARTESIAN_POINT('',(51.5919531852893,92.0564179759889,12.6));
#5153=CARTESIAN_POINT('Origin',(52.1193991192057,92.5838645009441,10.));
#5154=CARTESIAN_POINT('',(52.5000010609293,93.5027203266487,12.6));
#5155=CARTESIAN_POINT('',(52.5000010609293,93.5027203266487,10.));
#5156=CARTESIAN_POINT('',(52.2145496046366,92.8135784573703,12.6));
#5157=CARTESIAN_POINT('Origin',(26.1176743042806,44.8059306144217,10.4));
#5158=CARTESIAN_POINT('',(6.49728019858573,52.5000002748609,10.4));
#5159=CARTESIAN_POINT('',(7.41613568349391,52.1193981919748,10.4));
#5160=CARTESIAN_POINT('',(25.9646010414695,44.4363787557978,10.4));
#5161=CARTESIAN_POINT('Origin',(7.64271738137339,52.4585018855104,10.4));
#5162=CARTESIAN_POINT('Origin',(6.57684502632831,52.9000002985731,10.4));
#5163=CARTESIAN_POINT('Origin',(19.2264311164827,40.8747950548287,10.4));
#5164=CARTESIAN_POINT('',(8.11939734789214,51.4161369467529,10.4));
#5165=CARTESIAN_POINT('',(18.9435884883018,40.5919522580604,10.4));
#5166=CARTESIAN_POINT('Origin',(8.45850090637454,51.6427188467539,10.4));
#5167=CARTESIAN_POINT('Origin',(11.9962311313036,43.1018897570925,10.4));
#5168=CARTESIAN_POINT('',(8.49999997845864,50.4972816887014,10.4));
#5169=CARTESIAN_POINT('',(11.6266793639185,42.9488162740115,10.4));
#5170=CARTESIAN_POINT('Origin',(8.89999995474643,50.5768467548625,10.4));
#5171=CARTESIAN_POINT('Origin',(11.8059213421176,56.438674881821,10.4));
#5172=CARTESIAN_POINT('',(8.5000002748611,49.5027198014148,10.4));
#5173=CARTESIAN_POINT('',(8.11939819197493,48.5838643165066,10.4));
#5174=CARTESIAN_POINT('',(11.4363694834937,56.5917481446321,10.4));
#5175=CARTESIAN_POINT('Origin',(8.45850188551056,48.3572826186271,10.4));
#5176=CARTESIAN_POINT('Origin',(8.90000029857327,49.4231549736722,10.4));
#5177=CARTESIAN_POINT('Origin',(18.8747884983176,58.7735754400249,10.4));
#5178=CARTESIAN_POINT('',(7.41613694675308,47.8806026521084,10.4));
#5179=CARTESIAN_POINT('',(18.5919457015493,59.0564180682058,10.4));
#5180=CARTESIAN_POINT('Origin',(7.642718846754,47.541499093626,10.4));
#5181=CARTESIAN_POINT('Origin',(25.6582389431938,55.0037781410011,10.4));
#5182=CARTESIAN_POINT('',(6.49728168870152,47.5000000215419,10.4));
#5183=CARTESIAN_POINT('',(25.5051654601128,55.3733299083861,10.4));
#5184=CARTESIAN_POINT('Origin',(6.57684675486265,47.1000000452541,10.4));
#5185=CARTESIAN_POINT('Origin',(27.7513603924437,47.1000063557491,10.4));
#5186=CARTESIAN_POINT('',(5.50271980141493,47.4999997251394,10.4));
#5187=CARTESIAN_POINT('',(27.7513602732345,47.5000063557491,10.4));
#5188=CARTESIAN_POINT('Origin',(5.42315497367233,47.0999997014272,10.4));
#5189=CARTESIAN_POINT('Origin',(23.4386841541254,39.6377294717817,10.4));
#5190=CARTESIAN_POINT('',(4.58386431650675,47.8806018080256,10.4));
#5191=CARTESIAN_POINT('',(23.5917574169365,40.0072813304056,10.4));
#5192=CARTESIAN_POINT('Origin',(4.35728261862728,47.5414981144899,10.4));
#5193=CARTESIAN_POINT('Origin',(14.7735819965362,37.1252049451757,10.4));
#5194=CARTESIAN_POINT('',(3.88060265210852,48.5838630532474,10.4));
#5195=CARTESIAN_POINT('',(15.0564246247171,37.4080477419439,10.4));
#5196=CARTESIAN_POINT('Origin',(3.54149909362611,48.3572811532465,10.4));
#5197=CARTESIAN_POINT('Origin',(6.44742895489999,41.3417517845023,10.4));
#5198=CARTESIAN_POINT('',(3.50000002154202,49.502718311299,10.4));
#5199=CARTESIAN_POINT('',(6.81698072228509,41.4948252675833,10.4));
#5200=CARTESIAN_POINT('Origin',(3.10000004525424,49.4231532451378,10.4));
#5201=CARTESIAN_POINT('Origin',(8.90000020076242,49.7513538359365,10.4));
#5202=CARTESIAN_POINT('',(8.50000020076244,49.7513537167272,10.4));
#5203=CARTESIAN_POINT('Origin',(3.09999979924215,50.2486330510454,10.4));
#5204=CARTESIAN_POINT('',(3.49999972513956,50.4972801985856,10.4));
#5205=CARTESIAN_POINT('',(3.49999979924213,50.2486331702547,10.4));
#5206=CARTESIAN_POINT('Origin',(3.09999970142739,50.5768450263281,10.4));
#5207=CARTESIAN_POINT('Origin',(6.63772019947751,59.1176650319762,10.4));
#5208=CARTESIAN_POINT('',(3.88060180802573,51.4161356834937,10.4));
#5209=CARTESIAN_POINT('',(7.00727205810141,58.9645917691651,10.4));
#5210=CARTESIAN_POINT('Origin',(3.54149811449011,51.6427173813732,10.4));
#5211=CARTESIAN_POINT('Origin',(15.1251983886646,63.2264245599713,10.4));
#5212=CARTESIAN_POINT('',(4.58386305324758,52.119397347892,10.4));
#5213=CARTESIAN_POINT('',(15.4080411854328,62.9435819317903,10.4));
#5214=CARTESIAN_POINT('Origin',(4.35728115324665,52.4585009063744,10.4));
#5215=CARTESIAN_POINT('Origin',(23.8981009706036,60.5525803174046,10.4));
#5216=CARTESIAN_POINT('',(5.50271831129914,52.4999999784585,10.4));
#5217=CARTESIAN_POINT('',(24.0511744536846,60.1830285500195,10.4));
#5218=CARTESIAN_POINT('Origin',(5.42315324513804,52.8999999547462,10.4));
#5219=CARTESIAN_POINT('Origin',(28.2486396075527,52.9000067572694,10.4));
#5220=CARTESIAN_POINT('',(28.248639726762,52.5000067572694,10.4));
#5221=CARTESIAN_POINT('Origin',(3.49999972513956,50.4972801985856,10.));
#5222=CARTESIAN_POINT('',(3.50000002154202,49.502718311299,12.6));
#5223=CARTESIAN_POINT('',(3.50000002154202,49.502718311299,10.));
#5224=CARTESIAN_POINT('',(3.49999972513956,50.4972801985856,12.6));
#5225=CARTESIAN_POINT('',(3.49999979924018,50.2486397267639,12.6));
#5226=CARTESIAN_POINT('',(3.49999972513956,50.4972801985856,10.));
#5227=CARTESIAN_POINT('Origin',(3.50000002154202,49.502718311299,10.));
#5228=CARTESIAN_POINT('',(3.88060265210852,48.5838630532474,12.6));
#5229=CARTESIAN_POINT('',(3.88060265210852,48.5838630532474,10.));
#5230=CARTESIAN_POINT('',(3.59515067918365,49.2730044967861,12.6));
#5231=CARTESIAN_POINT('Origin',(3.88060265210852,48.5838630532474,10.));
#5232=CARTESIAN_POINT('',(4.58386431650675,47.8806018080256,12.6));
#5233=CARTESIAN_POINT('',(4.58386431650675,47.8806018080256,10.));
#5234=CARTESIAN_POINT('',(4.05641806820807,48.408047741942,12.6));
#5235=CARTESIAN_POINT('Origin',(4.58386431650675,47.8806018080256,10.));
#5236=CARTESIAN_POINT('',(5.50271980141493,47.4999997251394,12.6));
#5237=CARTESIAN_POINT('',(5.50271980141493,47.4999997251394,10.));
#5238=CARTESIAN_POINT('',(4.8135781877338,47.785451287304,12.6));
#5239=CARTESIAN_POINT('Origin',(5.50271980141493,47.4999997251394,10.));
#5240=CARTESIAN_POINT('',(6.49728168870152,47.5000000215419,12.6));
#5241=CARTESIAN_POINT('',(6.49728168870152,47.5000000215419,10.));
#5242=CARTESIAN_POINT('',(5.75136027323658,47.49999979924,12.6));
#5243=CARTESIAN_POINT('Origin',(6.49728168870152,47.5000000215419,10.));
#5244=CARTESIAN_POINT('',(7.41613694675308,47.8806026521084,12.6));
#5245=CARTESIAN_POINT('',(7.41613694675308,47.8806026521084,10.));
#5246=CARTESIAN_POINT('',(6.72699550321441,47.5951506791835,12.6));
#5247=CARTESIAN_POINT('Origin',(7.41613694675308,47.8806026521084,10.));
#5248=CARTESIAN_POINT('',(8.11939819197493,48.5838643165066,12.6));
#5249=CARTESIAN_POINT('',(8.11939819197493,48.5838643165066,10.));
#5250=CARTESIAN_POINT('',(7.59195225805854,48.0564180682079,12.6));
#5251=CARTESIAN_POINT('Origin',(8.11939819197493,48.5838643165066,10.));
#5252=CARTESIAN_POINT('',(8.5000002748611,49.5027198014148,12.6));
#5253=CARTESIAN_POINT('',(8.5000002748611,49.5027198014148,10.));
#5254=CARTESIAN_POINT('',(8.21454871269647,48.8135781877336,12.6));
#5255=CARTESIAN_POINT('Origin',(47.8999990783801,94.2486393604345,12.6));
#5256=CARTESIAN_POINT('',(47.8999994517287,93.5822826962957,13.));
#5257=CARTESIAN_POINT('',(47.8999989836498,94.4177149505128,13.));
#5258=CARTESIAN_POINT('',(47.8999990783801,94.2486393604345,13.));
#5259=CARTESIAN_POINT('Origin',(47.8999989836498,94.4177149505128,12.6));
#5260=CARTESIAN_POINT('Origin',(47.8999994517287,93.5822826962957,12.6));
#5261=CARTESIAN_POINT('Origin',(48.1550022941327,95.0333483767375,12.6));
#5262=CARTESIAN_POINT('',(48.2197046337537,95.1895538901099,13.));
#5263=CARTESIAN_POINT('',(48.1550022941327,95.0333483767375,13.));
#5264=CARTESIAN_POINT('',(47.8806008807946,95.4161354990559,12.6));
#5265=CARTESIAN_POINT('Origin',(48.2197046337537,95.1895538901099,12.6));
#5266=CARTESIAN_POINT('',(47.7854503953637,95.1864215426297,12.6));
#5267=CARTESIAN_POINT('Origin',(48.6908896856577,95.6607394700086,12.6));
#5268=CARTESIAN_POINT('',(48.8104441149508,95.7802940332706,13.));
#5269=CARTESIAN_POINT('',(48.6908896856577,95.6607394700086,13.));
#5270=CARTESIAN_POINT('',(48.5838621260165,96.1193975323295,12.6));
#5271=CARTESIAN_POINT('Origin',(48.8104441149508,95.7802940332706,12.6));
#5272=CARTESIAN_POINT('',(48.408046814711,95.9435820240111,12.6));
#5273=CARTESIAN_POINT('Origin',(49.4260772554268,96.0352980336117,12.6));
#5274=CARTESIAN_POINT('',(49.5822826962958,96.1000005482714,13.));
#5275=CARTESIAN_POINT('',(49.4260772554268,96.0352980336117,13.));
#5276=CARTESIAN_POINT('',(49.5027175252306,96.5000005036924,12.6));
#5277=CARTESIAN_POINT('Origin',(49.5822826962958,96.1000005482714,12.6));
#5278=CARTESIAN_POINT('',(49.273003675427,96.4048497608517,12.6));
#5279=CARTESIAN_POINT('Origin',(50.2486393604346,96.1000009216201,12.6));
#5280=CARTESIAN_POINT('',(50.417714950513,96.1000010163503,13.));
#5281=CARTESIAN_POINT('',(50.2486393604346,96.1000009216201,13.));
#5282=CARTESIAN_POINT('',(50.4972796733514,96.5000010609292,12.6));
#5283=CARTESIAN_POINT('Origin',(50.417714950513,96.1000010163503,12.6));
#5284=CARTESIAN_POINT('',(50.2486391363212,96.50000092162,12.6));
#5285=CARTESIAN_POINT('Origin',(51.0333483767377,95.8449977058675,12.6));
#5286=CARTESIAN_POINT('',(51.18955389011,95.7802953662465,13.));
#5287=CARTESIAN_POINT('',(51.0333483767377,95.8449977058675,13.));
#5288=CARTESIAN_POINT('',(51.4161354990561,96.1193991192055,12.6));
#5289=CARTESIAN_POINT('Origin',(51.18955389011,95.7802953662465,12.6));
#5290=CARTESIAN_POINT('',(51.1864215426299,96.2145496046364,12.6));
#5291=CARTESIAN_POINT('Origin',(51.6607394700088,95.3091103143424,12.6));
#5292=CARTESIAN_POINT('',(51.7802940332707,95.1895558850494,13.));
#5293=CARTESIAN_POINT('',(51.6607394700088,95.3091103143424,13.));
#5294=CARTESIAN_POINT('',(52.1193975323297,95.4161378739837,12.6));
#5295=CARTESIAN_POINT('Origin',(51.7802940332707,95.1895558850494,12.6));
#5296=CARTESIAN_POINT('',(51.9435820240113,95.5919531852891,12.6));
#5297=CARTESIAN_POINT('Origin',(52.0352980336119,94.5739227445733,12.6));
#5298=CARTESIAN_POINT('',(52.1000005482716,94.4177173037043,13.));
#5299=CARTESIAN_POINT('',(52.0352980336119,94.5739227445733,13.));
#5300=CARTESIAN_POINT('',(52.5000005036926,94.4972824747696,12.6));
#5301=CARTESIAN_POINT('Origin',(52.1000005482716,94.4177173037043,12.6));
#5302=CARTESIAN_POINT('',(52.4048497608519,94.7269963245731,12.6));
#5303=CARTESIAN_POINT('Origin',(52.1000009216202,93.7513606395655,12.6));
#5304=CARTESIAN_POINT('',(52.1000010163505,93.5822850494871,13.));
#5305=CARTESIAN_POINT('',(52.1000009216202,93.7513606395655,13.));
#5306=CARTESIAN_POINT('Origin',(52.1000010163505,93.5822850494871,12.6));
#5307=CARTESIAN_POINT('',(52.5000009216202,93.7513608636789,12.6));
#5308=CARTESIAN_POINT('Origin',(51.8449977058677,92.9666516232625,12.6));
#5309=CARTESIAN_POINT('',(51.7802953662467,92.8104461098901,13.));
#5310=CARTESIAN_POINT('',(51.8449977058677,92.9666516232625,13.));
#5311=CARTESIAN_POINT('Origin',(51.7802953662467,92.8104461098901,12.6));
#5312=CARTESIAN_POINT('Origin',(51.3091103143426,92.3392605299914,12.6));
#5313=CARTESIAN_POINT('',(51.1895558850495,92.2197059667294,13.));
#5314=CARTESIAN_POINT('',(51.3091103143426,92.3392605299914,13.));
#5315=CARTESIAN_POINT('Origin',(51.1895558850495,92.2197059667294,12.6));
#5316=CARTESIAN_POINT('Origin',(50.5739227445735,91.9647019663883,12.6));
#5317=CARTESIAN_POINT('',(50.4177173037045,91.8999994517286,13.));
#5318=CARTESIAN_POINT('',(50.5739227445735,91.9647019663883,13.));
#5319=CARTESIAN_POINT('Origin',(50.4177173037045,91.8999994517286,12.6));
#5320=CARTESIAN_POINT('Origin',(49.7513606395657,91.8999990783799,12.6));
#5321=CARTESIAN_POINT('',(49.5822850494873,91.8999989836497,13.));
#5322=CARTESIAN_POINT('',(49.7513606395657,91.8999990783799,13.));
#5323=CARTESIAN_POINT('Origin',(49.5822850494873,91.8999989836497,12.6));
#5324=CARTESIAN_POINT('Origin',(48.9666516232626,92.1550022941325,12.6));
#5325=CARTESIAN_POINT('',(48.8104461098903,92.2197046337535,13.));
#5326=CARTESIAN_POINT('',(48.9666516232626,92.1550022941325,13.));
#5327=CARTESIAN_POINT('Origin',(48.8104461098903,92.2197046337535,12.6));
#5328=CARTESIAN_POINT('Origin',(48.3392605299915,92.6908896856575,12.6));
#5329=CARTESIAN_POINT('',(48.2197059667296,92.8104441149507,13.));
#5330=CARTESIAN_POINT('',(48.3392605299915,92.6908896856575,13.));
#5331=CARTESIAN_POINT('Origin',(48.2197059667296,92.8104441149507,12.6));
#5332=CARTESIAN_POINT('Origin',(47.9647019663884,93.4260772554267,12.6));
#5333=CARTESIAN_POINT('',(47.9647019663884,93.4260772554267,13.));
#5334=CARTESIAN_POINT('Origin',(50.0000000000002,94.,13.));
#5335=CARTESIAN_POINT('Origin',(3.89999979924016,50.2486398459732,12.6));
#5336=CARTESIAN_POINT('',(3.89999999782981,49.5822833774601,13.));
#5337=CARTESIAN_POINT('',(3.89999974885174,50.417715370843,13.));
#5338=CARTESIAN_POINT('',(3.89999979924016,50.2486398459732,13.));
#5339=CARTESIAN_POINT('Origin',(3.89999974885174,50.417715370843,12.6));
#5340=CARTESIAN_POINT('Origin',(3.89999999782981,49.5822833774601,12.6));
#5341=CARTESIAN_POINT('Origin',(4.15500314592809,51.0333485494557,12.6));
#5342=CARTESIAN_POINT('',(4.21970550156136,51.1895539856143,13.));
#5343=CARTESIAN_POINT('',(4.15500314592809,51.0333485494557,13.));
#5344=CARTESIAN_POINT('',(3.88060180802573,51.4161356834937,12.6));
#5345=CARTESIAN_POINT('Origin',(4.21970550156136,51.1895539856143,12.6));
#5346=CARTESIAN_POINT('',(3.78545128730419,51.1864218122667,12.6));
#5347=CARTESIAN_POINT('Origin',(4.69089053871039,51.6607393036115,12.6));
#5348=CARTESIAN_POINT('',(4.8104449532485,51.7802937894096,13.));
#5349=CARTESIAN_POINT('',(4.69089053871039,51.6607393036115,13.));
#5350=CARTESIAN_POINT('',(4.58386305324758,52.119397347892,12.6));
#5351=CARTESIAN_POINT('Origin',(4.8104449532485,51.7802937894096,12.6));
#5352=CARTESIAN_POINT('',(4.40804774194212,51.9435819317924,12.6));
#5353=CARTESIAN_POINT('Origin',(5.42607797986727,52.0352975534318,12.6));
#5354=CARTESIAN_POINT('',(5.58228337746024,52.1000000021707,13.));
#5355=CARTESIAN_POINT('',(5.42607797986727,52.0352975534318,13.));
#5356=CARTESIAN_POINT('',(5.50271831129914,52.4999999784585,12.6));
#5357=CARTESIAN_POINT('Origin',(5.58228337746024,52.1000000021707,12.6));
#5358=CARTESIAN_POINT('',(5.27300449678625,52.4048493208168,12.6));
#5359=CARTESIAN_POINT('Origin',(6.24863984597334,52.1000002007603,12.6));
#5360=CARTESIAN_POINT('',(6.41771537084314,52.1000002511487,13.));
#5361=CARTESIAN_POINT('',(6.24863984597334,52.1000002007603,13.));
#5362=CARTESIAN_POINT('',(6.49728019858573,52.5000002748609,12.6));
#5363=CARTESIAN_POINT('Origin',(6.41771537084314,52.1000002511487,12.6));
#5364=CARTESIAN_POINT('',(6.24863972676408,52.5000002007603,12.6));
#5365=CARTESIAN_POINT('Origin',(7.03334854945583,51.8449968540724,12.6));
#5366=CARTESIAN_POINT('',(7.18955398561443,51.7802944984391,13.));
#5367=CARTESIAN_POINT('',(7.03334854945583,51.8449968540724,13.));
#5368=CARTESIAN_POINT('',(7.41613568349391,52.1193981919748,12.6));
#5369=CARTESIAN_POINT('Origin',(7.18955398561444,51.7802944984391,12.6));
#5370=CARTESIAN_POINT('',(7.18642181226686,52.2145487126963,12.6));
#5371=CARTESIAN_POINT('Origin',(7.66073930361165,51.3091094612901,12.6));
#5372=CARTESIAN_POINT('',(7.78029378940975,51.189555046752,13.));
#5373=CARTESIAN_POINT('',(7.66073930361165,51.3091094612901,13.));
#5374=CARTESIAN_POINT('',(8.11939734789214,51.4161369467529,12.6));
#5375=CARTESIAN_POINT('Origin',(7.78029378940975,51.189555046752,12.6));
#5376=CARTESIAN_POINT('',(7.94358193179258,51.5919522580584,12.6));
#5377=CARTESIAN_POINT('Origin',(8.03529755343192,50.5739220201332,12.6));
#5378=CARTESIAN_POINT('',(8.10000000217085,50.4177166225402,13.));
#5379=CARTESIAN_POINT('',(8.03529755343192,50.5739220201332,13.));
#5380=CARTESIAN_POINT('',(8.49999997845864,50.4972816887014,12.6));
#5381=CARTESIAN_POINT('Origin',(8.10000000217085,50.4177166225402,12.6));
#5382=CARTESIAN_POINT('',(8.40484932081701,50.7269955032142,12.6));
#5383=CARTESIAN_POINT('Origin',(8.1000002007605,49.7513601540271,12.6));
#5384=CARTESIAN_POINT('',(8.10000025114892,49.5822846291574,13.));
#5385=CARTESIAN_POINT('',(8.1000002007605,49.7513601540271,13.));
#5386=CARTESIAN_POINT('Origin',(8.10000025114892,49.5822846291574,12.6));
#5387=CARTESIAN_POINT('',(8.50000020076048,49.7513602732364,12.6));
#5388=CARTESIAN_POINT('Origin',(7.84499685407257,48.9666514505447,12.6));
#5389=CARTESIAN_POINT('',(7.7802944984393,48.810446014386,13.));
#5390=CARTESIAN_POINT('',(7.84499685407257,48.9666514505447,13.));
#5391=CARTESIAN_POINT('Origin',(7.78029449843929,48.810446014386,12.6));
#5392=CARTESIAN_POINT('Origin',(7.30910946129026,48.3392606963888,12.6));
#5393=CARTESIAN_POINT('',(7.18955504675216,48.2197062105907,13.));
#5394=CARTESIAN_POINT('',(7.30910946129026,48.3392606963888,13.));
#5395=CARTESIAN_POINT('Origin',(7.18955504675216,48.2197062105907,12.6));
#5396=CARTESIAN_POINT('Origin',(6.57392202013339,47.9647024465686,12.6));
#5397=CARTESIAN_POINT('',(6.41771662254042,47.8999999978296,13.));
#5398=CARTESIAN_POINT('',(6.57392202013339,47.9647024465686,13.));
#5399=CARTESIAN_POINT('Origin',(6.41771662254042,47.8999999978296,12.6));
#5400=CARTESIAN_POINT('Origin',(5.75136015402732,47.89999979924,12.6));
#5401=CARTESIAN_POINT('',(5.58228462915752,47.8999997488516,13.));
#5402=CARTESIAN_POINT('',(5.75136015402732,47.89999979924,13.));
#5403=CARTESIAN_POINT('Origin',(5.58228462915752,47.8999997488516,12.6));
#5404=CARTESIAN_POINT('Origin',(4.96665145054483,48.1550031459279,12.6));
#5405=CARTESIAN_POINT('',(4.81044601438622,48.2197055015612,13.));
#5406=CARTESIAN_POINT('',(4.96665145054483,48.1550031459279,13.));
#5407=CARTESIAN_POINT('Origin',(4.81044601438622,48.2197055015612,12.6));
#5408=CARTESIAN_POINT('Origin',(4.33926069638901,48.6908905387102,12.6));
#5409=CARTESIAN_POINT('',(4.21970621059092,48.8104449532483,13.));
#5410=CARTESIAN_POINT('',(4.33926069638901,48.6908905387102,13.));
#5411=CARTESIAN_POINT('Origin',(4.21970621059092,48.8104449532483,12.6));
#5412=CARTESIAN_POINT('Origin',(3.96470244656874,49.4260779798671,12.6));
#5413=CARTESIAN_POINT('',(3.96470244656874,49.4260779798671,13.));
#5414=CARTESIAN_POINT('Origin',(6.00000000000033,50.0000000000002,13.));
#5415=CARTESIAN_POINT('Origin',(47.8999992087973,6.24864046192897,12.6));
#5416=CARTESIAN_POINT('',(47.899999232628,5.58228379779018,13.));
#5417=CARTESIAN_POINT('',(47.8999992027507,6.41771605200733,13.));
#5418=CARTESIAN_POINT('',(47.8999992087973,6.24864046192897,13.));
#5419=CARTESIAN_POINT('Origin',(47.8999992027507,6.41771605200733,12.6));
#5420=CARTESIAN_POINT('Origin',(47.899999232628,5.58228379779018,12.6));
#5421=CARTESIAN_POINT('Origin',(48.155002836146,7.03334934447726,12.6));
#5422=CARTESIAN_POINT('',(48.2197052577001,7.18955482391185,13.));
#5423=CARTESIAN_POINT('',(48.155002836146,7.03334934447726,13.));
#5424=CARTESIAN_POINT('',(47.8806016235879,7.41613661072482,12.6));
#5425=CARTESIAN_POINT('Origin',(48.2197052577001,7.18955482391185,12.6));
#5426=CARTESIAN_POINT('',(47.7854510176672,7.18642270420714,12.6));
#5427=CARTESIAN_POINT('Origin',(48.6908905567506,7.66074015666407,12.6));
#5428=CARTESIAN_POINT('',(48.8104450487526,7.78029465721717,13.));
#5429=CARTESIAN_POINT('',(48.6908905567506,7.66074015666407,13.));
#5430=CARTESIAN_POINT('',(48.5838632376851,8.11939827512304,12.6));
#5431=CARTESIAN_POINT('Origin',(48.8104450487526,7.78029465721717,12.6));
#5432=CARTESIAN_POINT('',(48.4080478341608,7.94358285902349,12.6));
#5433=CARTESIAN_POINT('Origin',(49.4260783229833,8.03529833464584,12.6));
#5434=CARTESIAN_POINT('',(49.58228379779,8.10000076737249,13.));
#5435=CARTESIAN_POINT('',(49.4260783229833,8.03529833464584,13.));
#5436=CARTESIAN_POINT('',(49.5027188365331,8.50000076452704,12.6));
#5437=CARTESIAN_POINT('Origin',(49.58228379779,8.10000076737249,12.6));
#5438=CARTESIAN_POINT('',(49.2730049368211,8.40485014217604,12.6));
#5439=CARTESIAN_POINT('Origin',(50.2486404619288,8.10000079120317,12.6));
#5440=CARTESIAN_POINT('',(50.4177160520072,8.10000079724976,13.));
#5441=CARTESIAN_POINT('',(50.2486404619288,8.10000079120317,13.));
#5442=CARTESIAN_POINT('',(50.497280984654,8.50000080009521,12.6));
#5443=CARTESIAN_POINT('Origin',(50.4177160520072,8.10000079724976,12.6));
#5444=CARTESIAN_POINT('',(50.2486404476237,8.50000079120317,12.6));
#5445=CARTESIAN_POINT('Origin',(51.0333493444771,7.84499716385445,12.6));
#5446=CARTESIAN_POINT('',(51.1895548239117,7.78029474230043,13.));
#5447=CARTESIAN_POINT('',(51.0333493444771,7.84499716385445,13.));
#5448=CARTESIAN_POINT('',(51.4161366107247,8.11939837641263,12.6));
#5449=CARTESIAN_POINT('Origin',(51.1895548239117,7.78029474230043,12.6));
#5450=CARTESIAN_POINT('',(51.186422704207,8.21454898233327,12.6));
#5451=CARTESIAN_POINT('Origin',(51.6607401566639,7.30910944324988,12.6));
#5452=CARTESIAN_POINT('',(51.780294657217,7.18955495124794,13.));
#5453=CARTESIAN_POINT('',(51.6607401566639,7.30910944324988,13.));
#5454=CARTESIAN_POINT('',(52.1193982751229,7.41613676231539,12.6));
#5455=CARTESIAN_POINT('Origin',(51.780294657217,7.18955495124794,12.6));
#5456=CARTESIAN_POINT('',(51.9435828590233,7.5919521658397,12.6));
#5457=CARTESIAN_POINT('Origin',(52.0352983346457,6.57392167701721,12.6));
#5458=CARTESIAN_POINT('',(52.1000007673723,6.41771620221048,13.));
#5459=CARTESIAN_POINT('',(52.0352983346457,6.57392167701721,13.));
#5460=CARTESIAN_POINT('',(52.5000007645269,6.49728116346741,12.6));
#5461=CARTESIAN_POINT('Origin',(52.1000007673723,6.41771620221048,12.6));
#5462=CARTESIAN_POINT('',(52.4048501421759,6.7269950631794,12.6));
#5463=CARTESIAN_POINT('Origin',(52.100000791203,5.75135953807168,12.6));
#5464=CARTESIAN_POINT('',(52.1000007972496,5.58228394799332,13.));
#5465=CARTESIAN_POINT('',(52.100000791203,5.75135953807168,13.));
#5466=CARTESIAN_POINT('Origin',(52.1000007972496,5.58228394799332,12.6));
#5467=CARTESIAN_POINT('',(52.500000791203,5.75135955237674,12.6));
#5468=CARTESIAN_POINT('Origin',(51.8449971638543,4.96665065552339,12.6));
#5469=CARTESIAN_POINT('',(51.7802947423003,4.8104451760888,13.));
#5470=CARTESIAN_POINT('',(51.8449971638543,4.96665065552339,13.));
#5471=CARTESIAN_POINT('Origin',(51.7802947423003,4.8104451760888,12.6));
#5472=CARTESIAN_POINT('Origin',(51.3091094432497,4.33925984333659,12.6));
#5473=CARTESIAN_POINT('',(51.1895549512478,4.21970534278349,13.));
#5474=CARTESIAN_POINT('',(51.3091094432497,4.33925984333659,13.));
#5475=CARTESIAN_POINT('Origin',(51.1895549512478,4.21970534278348,12.6));
#5476=CARTESIAN_POINT('Origin',(50.573921677017,3.96470166535482,12.6));
#5477=CARTESIAN_POINT('',(50.4177162022103,3.89999923262816,13.));
#5478=CARTESIAN_POINT('',(50.573921677017,3.96470166535482,13.));
#5479=CARTESIAN_POINT('Origin',(50.4177162022103,3.89999923262816,12.6));
#5480=CARTESIAN_POINT('Origin',(49.7513595380715,3.89999920879749,12.6));
#5481=CARTESIAN_POINT('',(49.5822839479932,3.8999992027509,13.));
#5482=CARTESIAN_POINT('',(49.7513595380715,3.89999920879749,13.));
#5483=CARTESIAN_POINT('Origin',(49.5822839479932,3.8999992027509,12.6));
#5484=CARTESIAN_POINT('Origin',(48.9666506555232,4.15500283614621,12.6));
#5485=CARTESIAN_POINT('',(48.8104451760886,4.21970525770023,13.));
#5486=CARTESIAN_POINT('',(48.9666506555232,4.15500283614621,13.));
#5487=CARTESIAN_POINT('Origin',(48.8104451760886,4.21970525770023,12.6));
#5488=CARTESIAN_POINT('Origin',(48.3392598433364,4.69089055675078,12.6));
#5489=CARTESIAN_POINT('',(48.2197053427833,4.81044504875272,13.));
#5490=CARTESIAN_POINT('',(48.3392598433364,4.69089055675078,13.));
#5491=CARTESIAN_POINT('Origin',(48.2197053427833,4.81044504875272,12.6));
#5492=CARTESIAN_POINT('Origin',(47.9647016653547,5.42607832298345,12.6));
#5493=CARTESIAN_POINT('',(47.9647016653547,5.42607832298345,13.));
#5494=CARTESIAN_POINT('Origin',(50.0000000000002,6.00000000000033,13.));
#5495=CARTESIAN_POINT('Origin',(91.8999984879373,50.2486399763903,12.6));
#5496=CARTESIAN_POINT('',(91.899998686527,49.5822831166257,13.));
#5497=CARTESIAN_POINT('',(91.8999984375489,50.4177156316772,13.));
#5498=CARTESIAN_POINT('',(91.8999984879373,50.2486399763903,13.));
#5499=CARTESIAN_POINT('Origin',(91.8999984375489,50.4177156316772,12.6));
#5500=CARTESIAN_POINT('Origin',(91.899998686527,49.5822831166257,12.6));
#5501=CARTESIAN_POINT('Origin',(92.1550019843507,51.0333491717591,12.6));
#5502=CARTESIAN_POINT('',(92.2197043898924,51.1895547284074,13.));
#5503=CARTESIAN_POINT('',(92.1550019843507,51.0333491717591,13.));
#5504=CARTESIAN_POINT('',(91.8806006963568,51.416136426287,12.6));
#5505=CARTESIAN_POINT('Origin',(92.2197043898924,51.1895547284074,12.6));
#5506=CARTESIAN_POINT('',(91.7854501257268,51.1864224345702,12.6));
#5507=CARTESIAN_POINT('Origin',(92.690889703698,51.6607403230612,12.6));
#5508=CARTESIAN_POINT('',(92.8104442104549,51.7802949010782,13.));
#5509=CARTESIAN_POINT('',(92.690889703698,51.6607403230612,13.));
#5510=CARTESIAN_POINT('',(92.5838623104541,52.1193984595606,12.6));
#5511=CARTESIAN_POINT('Origin',(92.8104442104549,51.7802949010782,12.6));
#5512=CARTESIAN_POINT('',(92.4080469069298,51.9435829512422,12.6));
#5513=CARTESIAN_POINT('Origin',(93.4260775985429,52.0352988148258,12.6));
#5514=CARTESIAN_POINT('',(93.5822831166256,52.1000013134732,13.));
#5515=CARTESIAN_POINT('',(93.4260775985429,52.0352988148258,13.));
#5516=CARTESIAN_POINT('',(93.5027180504646,52.500001289761,12.6));
#5517=CARTESIAN_POINT('Origin',(93.5822831166256,52.1000013134732,12.6));
#5518=CARTESIAN_POINT('',(93.2730041154619,52.4048505822109,12.6));
#5519=CARTESIAN_POINT('Origin',(94.2486399763901,52.1000015120628,12.6));
#5520=CARTESIAN_POINT('',(94.417715631677,52.1000015624513,13.));
#5521=CARTESIAN_POINT('',(94.2486399763901,52.1000015120628,13.));
#5522=CARTESIAN_POINT('',(94.4972804594197,52.5000015861634,12.6));
#5523=CARTESIAN_POINT('Origin',(94.417715631677,52.1000015624513,12.6));
#5524=CARTESIAN_POINT('',(94.2486398571809,52.5000015120628,12.6));
#5525=CARTESIAN_POINT('Origin',(95.0333491717589,51.8449980156495,12.6));
#5526=CARTESIAN_POINT('',(95.1895547284073,51.7802956101077,13.));
#5527=CARTESIAN_POINT('',(95.0333491717589,51.8449980156495,13.));
#5528=CARTESIAN_POINT('',(95.4161364262868,52.1193993036433,12.6));
#5529=CARTESIAN_POINT('Origin',(95.1895547284073,51.7802956101077,12.6));
#5530=CARTESIAN_POINT('',(95.18642243457,52.2145498742734,12.6));
#5531=CARTESIAN_POINT('Origin',(95.660740323061,51.3091102963022,12.6));
#5532=CARTESIAN_POINT('',(95.780294901078,51.1895557895452,13.));
#5533=CARTESIAN_POINT('',(95.660740323061,51.3091102963022,13.));
#5534=CARTESIAN_POINT('',(96.1193984595604,51.4161376895461,12.6));
#5535=CARTESIAN_POINT('Origin',(95.780294901078,51.1895557895452,12.6));
#5536=CARTESIAN_POINT('',(95.943582951242,51.5919530930704,12.6));
#5537=CARTESIAN_POINT('Origin',(96.0352988148256,50.5739224014573,12.6));
#5538=CARTESIAN_POINT('',(96.100001313473,50.4177168833746,13.));
#5539=CARTESIAN_POINT('',(96.0352988148256,50.5739224014573,13.));
#5540=CARTESIAN_POINT('',(96.5000012897608,50.4972819495356,12.6));
#5541=CARTESIAN_POINT('Origin',(96.100001313473,50.4177168833746,12.6));
#5542=CARTESIAN_POINT('',(96.4048505822107,50.7269958845383,12.6));
#5543=CARTESIAN_POINT('Origin',(96.1000015120627,49.7513600236101,12.6));
#5544=CARTESIAN_POINT('',(96.1000015624511,49.5822843683232,13.));
#5545=CARTESIAN_POINT('',(96.1000015120627,49.7513600236101,13.));
#5546=CARTESIAN_POINT('Origin',(96.1000015624511,49.5822843683232,12.6));
#5547=CARTESIAN_POINT('',(96.5000015120627,49.7513601428193,12.6));
#5548=CARTESIAN_POINT('Origin',(95.8449980156493,48.9666508282412,12.6));
#5549=CARTESIAN_POINT('',(95.7802956101076,48.8104452715929,13.));
#5550=CARTESIAN_POINT('',(95.8449980156493,48.9666508282412,13.));
#5551=CARTESIAN_POINT('Origin',(95.7802956101076,48.8104452715929,12.6));
#5552=CARTESIAN_POINT('Origin',(95.309110296302,48.3392596769392,12.6));
#5553=CARTESIAN_POINT('',(95.1895557895451,48.2197050989222,13.));
#5554=CARTESIAN_POINT('',(95.309110296302,48.3392596769392,13.));
#5555=CARTESIAN_POINT('Origin',(95.1895557895451,48.2197050989222,12.6));
#5556=CARTESIAN_POINT('Origin',(94.5739224014571,47.9647011851746,12.6));
#5557=CARTESIAN_POINT('',(94.4177168833744,47.8999986865271,13.));
#5558=CARTESIAN_POINT('',(94.5739224014571,47.9647011851746,13.));
#5559=CARTESIAN_POINT('Origin',(94.4177168833744,47.8999986865271,12.6));
#5560=CARTESIAN_POINT('Origin',(93.7513600236099,47.8999984879375,12.6));
#5561=CARTESIAN_POINT('',(93.582284368323,47.8999984375491,13.));
#5562=CARTESIAN_POINT('',(93.7513600236099,47.8999984879375,13.));
#5563=CARTESIAN_POINT('Origin',(93.582284368323,47.8999984375491,12.6));
#5564=CARTESIAN_POINT('Origin',(92.9666508282411,48.1550019843509,12.6));
#5565=CARTESIAN_POINT('',(92.8104452715927,48.2197043898926,13.));
#5566=CARTESIAN_POINT('',(92.9666508282411,48.1550019843509,13.));
#5567=CARTESIAN_POINT('Origin',(92.8104452715927,48.2197043898926,12.6));
#5568=CARTESIAN_POINT('Origin',(92.339259676939,48.6908897036982,12.6));
#5569=CARTESIAN_POINT('',(92.219705098922,48.8104442104551,13.));
#5570=CARTESIAN_POINT('',(92.339259676939,48.6908897036982,13.));
#5571=CARTESIAN_POINT('Origin',(92.219705098922,48.8104442104551,12.6));
#5572=CARTESIAN_POINT('Origin',(91.9647011851744,49.4260775985431,12.6));
#5573=CARTESIAN_POINT('',(91.9647011851744,49.4260775985431,13.));
#5574=CARTESIAN_POINT('Origin',(94.,50.0000000000002,13.));
#5575=CARTESIAN_POINT('Origin',(47.8806008807946,95.4161354990559,10.));
#5576=CARTESIAN_POINT('',(47.8806008807946,95.4161354990559,10.));
#5577=CARTESIAN_POINT('Origin',(48.5838621260165,96.1193975323295,10.));
#5578=CARTESIAN_POINT('',(48.5838621260165,96.1193975323295,10.));
#5579=CARTESIAN_POINT('Origin',(49.5027175252306,96.5000005036924,10.));
#5580=CARTESIAN_POINT('',(49.5027175252306,96.5000005036924,10.));
#5581=CARTESIAN_POINT('Origin',(50.4972796733514,96.5000010609292,10.));
#5582=CARTESIAN_POINT('',(50.4972796733514,96.5000010609292,10.));
#5583=CARTESIAN_POINT('Origin',(51.4161354990561,96.1193991192055,10.));
#5584=CARTESIAN_POINT('',(51.4161354990561,96.1193991192055,10.));
#5585=CARTESIAN_POINT('Origin',(52.1193975323297,95.4161378739837,10.));
#5586=CARTESIAN_POINT('',(52.1193975323297,95.4161378739837,10.));
#5587=CARTESIAN_POINT('Origin',(52.5000005036926,94.4972824747696,10.));
#5588=CARTESIAN_POINT('',(52.5000005036926,94.4972824747696,10.));
#5589=CARTESIAN_POINT('Origin',(52.5000010609293,93.5027203266487,10.));
#5590=CARTESIAN_POINT('Origin',(3.88060180802573,51.4161356834937,10.));
#5591=CARTESIAN_POINT('',(3.88060180802573,51.4161356834937,10.));
#5592=CARTESIAN_POINT('Origin',(4.58386305324758,52.119397347892,10.));
#5593=CARTESIAN_POINT('',(4.58386305324758,52.119397347892,10.));
#5594=CARTESIAN_POINT('Origin',(5.50271831129914,52.4999999784585,10.));
#5595=CARTESIAN_POINT('',(5.50271831129914,52.4999999784585,10.));
#5596=CARTESIAN_POINT('Origin',(6.49728019858573,52.5000002748609,10.));
#5597=CARTESIAN_POINT('',(6.49728019858573,52.5000002748609,10.));
#5598=CARTESIAN_POINT('Origin',(7.41613568349391,52.1193981919748,10.));
#5599=CARTESIAN_POINT('',(7.41613568349391,52.1193981919748,10.));
#5600=CARTESIAN_POINT('Origin',(8.11939734789214,51.4161369467529,10.));
#5601=CARTESIAN_POINT('',(8.11939734789214,51.4161369467529,10.));
#5602=CARTESIAN_POINT('Origin',(8.49999997845864,50.4972816887014,10.));
#5603=CARTESIAN_POINT('',(8.49999997845864,50.4972816887014,10.));
#5604=CARTESIAN_POINT('Origin',(8.5000002748611,49.5027198014148,10.));
#5605=CARTESIAN_POINT('Origin',(91.8806006963568,51.416136426287,10.));
#5606=CARTESIAN_POINT('',(91.8806006963568,51.416136426287,10.));
#5607=CARTESIAN_POINT('Origin',(92.5838623104541,52.1193984595606,10.));
#5608=CARTESIAN_POINT('',(92.5838623104541,52.1193984595606,10.));
#5609=CARTESIAN_POINT('Origin',(93.5027180504646,52.500001289761,10.));
#5610=CARTESIAN_POINT('',(93.5027180504646,52.500001289761,10.));
#5611=CARTESIAN_POINT('Origin',(94.4972804594197,52.5000015861634,10.));
#5612=CARTESIAN_POINT('',(94.4972804594197,52.5000015861634,10.));
#5613=CARTESIAN_POINT('Origin',(95.4161364262868,52.1193993036433,10.));
#5614=CARTESIAN_POINT('',(95.4161364262868,52.1193993036433,10.));
#5615=CARTESIAN_POINT('Origin',(96.1193984595604,51.4161376895461,10.));
#5616=CARTESIAN_POINT('',(96.1193984595604,51.4161376895461,10.));
#5617=CARTESIAN_POINT('Origin',(96.5000012897608,50.4972819495356,10.));
#5618=CARTESIAN_POINT('',(96.5000012897608,50.4972819495356,10.));
#5619=CARTESIAN_POINT('Origin',(96.5000015861633,49.5027195405805,10.));
#5620=CARTESIAN_POINT('Origin',(47.8806016235879,7.41613661072482,10.));
#5621=CARTESIAN_POINT('',(47.8806016235879,7.41613661072482,10.));
#5622=CARTESIAN_POINT('Origin',(48.5838632376851,8.11939827512304,10.));
#5623=CARTESIAN_POINT('',(48.5838632376851,8.11939827512304,10.));
#5624=CARTESIAN_POINT('Origin',(49.5027188365331,8.50000076452704,10.));
#5625=CARTESIAN_POINT('',(49.5027188365331,8.50000076452704,10.));
#5626=CARTESIAN_POINT('Origin',(50.497280984654,8.50000080009521,10.));
#5627=CARTESIAN_POINT('',(50.497280984654,8.50000080009521,10.));
#5628=CARTESIAN_POINT('Origin',(51.4161366107247,8.11939837641263,10.));
#5629=CARTESIAN_POINT('',(51.4161366107247,8.11939837641263,10.));
#5630=CARTESIAN_POINT('Origin',(52.1193982751229,7.41613676231539,10.));
#5631=CARTESIAN_POINT('',(52.1193982751229,7.41613676231539,10.));
#5632=CARTESIAN_POINT('Origin',(52.5000007645269,6.49728116346741,10.));
#5633=CARTESIAN_POINT('',(52.5000007645269,6.49728116346741,10.));
#5634=CARTESIAN_POINT('Origin',(52.5000008000951,5.50271901534652,10.));
#5635=CARTESIAN_POINT('Origin',(90.,35.,10.));
#5636=CARTESIAN_POINT('',(90.,35.,0.));
#5637=CARTESIAN_POINT('',(90.,35.,10.));
#5638=CARTESIAN_POINT('',(90.,10.,0.));
#5639=CARTESIAN_POINT('',(90.,42.5,0.));
#5640=CARTESIAN_POINT('',(90.,10.,10.));
#5641=CARTESIAN_POINT('Origin',(10.,35.,10.));
#5642=CARTESIAN_POINT('',(10.,35.,0.));
#5643=CARTESIAN_POINT('',(10.,35.,10.));
#5644=CARTESIAN_POINT('',(8.00000000000001,35.,0.));
#5645=CARTESIAN_POINT('Origin',(10.,10.,10.));
#5646=CARTESIAN_POINT('',(10.,10.,0.));
#5647=CARTESIAN_POINT('',(10.,10.,10.));
#5648=CARTESIAN_POINT('',(10.,30.,0.));
#5649=CARTESIAN_POINT('Origin',(90.,10.,10.));
#5650=CARTESIAN_POINT('',(48.,10.,0.));
#5651=CARTESIAN_POINT('Origin',(100.,100.,0.));
#5652=CARTESIAN_POINT('',(100.,100.,0.));
#5653=CARTESIAN_POINT('',(0.,100.,0.));
#5654=CARTESIAN_POINT('',(100.,100.,0.));
#5655=CARTESIAN_POINT('',(0.,100.,0.));
#5656=CARTESIAN_POINT('',(100.,100.,0.));
#5657=CARTESIAN_POINT('Origin',(100.,0.,0.));
#5658=CARTESIAN_POINT('',(100.,0.,0.));
#5659=CARTESIAN_POINT('',(100.,0.,0.));
#5660=CARTESIAN_POINT('',(100.,0.,0.));
#5661=CARTESIAN_POINT('Origin',(0.,0.,0.));
#5662=CARTESIAN_POINT('',(0.,0.,0.));
#5663=CARTESIAN_POINT('',(0.,0.,0.));
#5664=CARTESIAN_POINT('',(0.,0.,0.));
#5665=CARTESIAN_POINT('Origin',(0.,100.,0.));
#5666=CARTESIAN_POINT('',(0.,100.,0.));
#5667=CARTESIAN_POINT('Origin',(6.00000000000001,50.,0.));
#5668=UNCERTAINTY_MEASURE_WITH_UNIT(LENGTH_MEASURE(0.01),#5672,
'DISTANCE_ACCURACY_VALUE',
'Maximum model space distance between geometric entities at asserted c
onnectivities');
#5669=UNCERTAINTY_MEASURE_WITH_UNIT(LENGTH_MEASURE(0.01),#5672,
'DISTANCE_ACCURACY_VALUE',
'Maximum model space distance between geometric entities at asserted c
onnectivities');
#5670=(
GEOMETRIC_REPRESENTATION_CONTEXT(3)
GLOBAL_UNCERTAINTY_ASSIGNED_CONTEXT((#5668))
GLOBAL_UNIT_ASSIGNED_CONTEXT((#5672,#5674,#5675))
REPRESENTATION_CONTEXT('','3D')
);
#5671=(
GEOMETRIC_REPRESENTATION_CONTEXT(3)
GLOBAL_UNCERTAINTY_ASSIGNED_CONTEXT((#5669))
GLOBAL_UNIT_ASSIGNED_CONTEXT((#5672,#5674,#5675))
REPRESENTATION_CONTEXT('','3D')
);
#5672=(
LENGTH_UNIT()
NAMED_UNIT(*)
SI_UNIT(.MILLI.,.METRE.)
);
#5673=(
LENGTH_UNIT()
NAMED_UNIT(*)
SI_UNIT($,.METRE.)
);
#5674=(
NAMED_UNIT(*)
PLANE_ANGLE_UNIT()
SI_UNIT($,.RADIAN.)
);
#5675=(
NAMED_UNIT(*)
SI_UNIT($,.STERADIAN.)
SOLID_ANGLE_UNIT()
);
#5676=SHAPE_DEFINITION_REPRESENTATION(#5677,#5678);
#5677=PRODUCT_DEFINITION_SHAPE('',$,#5680);
#5678=SHAPE_REPRESENTATION('',(#3368),#5670);
#5679=PRODUCT_DEFINITION_CONTEXT('part definition',#5684,'design');
#5680=PRODUCT_DEFINITION('cover_back','cover_back v5',#5681,#5679);
#5681=PRODUCT_DEFINITION_FORMATION('',$,#5686);
#5682=PRODUCT_RELATED_PRODUCT_CATEGORY('cover_back v5','cover_back v5',
(#5686));
#5683=APPLICATION_PROTOCOL_DEFINITION('international standard',
'automotive_design',2009,#5684);
#5684=APPLICATION_CONTEXT(
'Core Data for Automotive Mechanical Design Process');
#5685=PRODUCT_CONTEXT('part definition',#5684,'mechanical');
#5686=PRODUCT('cover_back','cover_back v5',$,(#5685));
#5687=PRESENTATION_STYLE_ASSIGNMENT((#5688));
#5688=SURFACE_STYLE_USAGE(.BOTH.,#5689);
#5689=SURFACE_SIDE_STYLE('',(#5690));
#5690=SURFACE_STYLE_FILL_AREA(#5691);
#5691=FILL_AREA_STYLE('\X2\92FC\X0\ - \X2\30B530C630F3\X0\',(#5692));
#5692=FILL_AREA_STYLE_COLOUR('\X2\92FC\X0\ - \X2\30B530C630F3\X0\',#5693);
#5693=COLOUR_RGB('\X2\92FC\X0\ - \X2\30B530C630F3\X0\',0.627450980392157,
0.627450980392157,0.627450980392157);
ENDSEC;
END-ISO-10303-21;
