ISO-10303-21;
HEADER;
/* Generated by software containing ST-Developer
 * from STEP Tools, Inc. (www.steptools.com) 
 */

FILE_DESCRIPTION(
/* description */ (''),
/* implementation_level */ '2;1');

FILE_NAME(
/* name */ 'raspi_camera_stand.step',
/* time_stamp */ '2026-02-01T23:15:13+09:00',
/* author */ (''),
/* organization */ (''),
/* preprocessor_version */ 'ST-DEVELOPER v20.1',
/* originating_system */ 'Autodesk Translation Framework v14.24.0.0',
/* authorisation */ '');

FILE_SCHEMA (('AUTOMOTIVE_DESIGN { 1 0 10303 214 3 1 1 }'));
ENDSEC;

DATA;
#10=MECHANICAL_DESIGN_GEOMETRIC_PRESENTATION_REPRESENTATION('',(#13),#6366);
#11=SHAPE_REPRESENTATION_RELATIONSHIP('SRR','None',#6373,#12);
#12=ADVANCED_BREP_SHAPE_REPRESENTATION('',(#14),#6365);
#13=STYLED_ITEM('',(#6382),#14);
#14=MANIFOLD_SOLID_BREP('\X2\30DC30C730A3\X0\1',#3876);
#15=ELLIPSE('',#3937,0.407836463283327,0.4);
#16=ELLIPSE('',#3938,0.407836463283326,0.4);
#17=ELLIPSE('',#3940,0.407836463283328,0.4);
#18=ELLIPSE('',#3942,0.407836463283329,0.4);
#19=ELLIPSE('',#3944,0.407836463283326,0.4);
#20=ELLIPSE('',#3946,0.407836463283327,0.4);
#21=ELLIPSE('',#3948,0.407836463283327,0.4);
#22=ELLIPSE('',#3949,0.407836463283327,0.4);
#23=ELLIPSE('',#3951,0.407836463283329,0.4);
#24=ELLIPSE('',#3953,0.407836463283326,0.4);
#25=ELLIPSE('',#3955,0.407836463283328,0.4);
#26=ELLIPSE('',#3958,0.407836463283328,0.4);
#27=ELLIPSE('',#3960,0.407836463283327,0.4);
#28=ELLIPSE('',#3962,0.407836463283325,0.4);
#29=ELLIPSE('',#3964,0.407836463283328,0.4);
#30=ELLIPSE('',#3966,0.407836463283329,0.4);
#31=ELLIPSE('',#3977,0.407836463283328,0.4);
#32=ELLIPSE('',#3978,0.407836463283328,0.4);
#33=ELLIPSE('',#3980,0.407836463283328,0.4);
#34=ELLIPSE('',#3982,0.407836463283325,0.4);
#35=ELLIPSE('',#3984,0.407836463283328,0.4);
#36=ELLIPSE('',#3986,0.407836463283329,0.4);
#37=ELLIPSE('',#3988,0.407836463283327,0.4);
#38=ELLIPSE('',#3990,0.407836463283328,0.4);
#39=ELLIPSE('',#3991,0.40783646328333,0.4);
#40=ELLIPSE('',#3993,0.407836463283324,0.4);
#41=ELLIPSE('',#3996,0.407836463283328,0.4);
#42=ELLIPSE('',#3998,0.407836463283324,0.4);
#43=ELLIPSE('',#4000,0.407836463283326,0.4);
#44=ELLIPSE('',#4002,0.407836463283329,0.4);
#45=ELLIPSE('',#4004,0.407836463283331,0.4);
#46=ELLIPSE('',#4006,0.407836463283324,0.4);
#47=ELLIPSE('',#4017,0.407836463283324,0.4);
#48=ELLIPSE('',#4018,0.40783646328333,0.4);
#49=ELLIPSE('',#4020,0.407836463283327,0.4);
#50=ELLIPSE('',#4022,0.407836463283328,0.4);
#51=ELLIPSE('',#4024,0.407836463283328,0.4);
#52=ELLIPSE('',#4025,0.407836463283327,0.4);
#53=ELLIPSE('',#4027,0.407836463283327,0.4);
#54=ELLIPSE('',#4029,0.407836463283327,0.4);
#55=ELLIPSE('',#4031,0.407836463283328,0.4);
#56=ELLIPSE('',#4033,0.407836463283326,0.4);
#57=ELLIPSE('',#4035,0.407836463283329,0.4);
#58=ELLIPSE('',#4037,0.407836463283326,0.4);
#59=ELLIPSE('',#4040,0.407836463283329,0.4);
#60=ELLIPSE('',#4042,0.407836463283326,0.4);
#61=ELLIPSE('',#4044,0.407836463283331,0.4);
#62=ELLIPSE('',#4046,0.407836463283324,0.4);
#63=ELLIPSE('',#4057,0.407836463283328,0.4);
#64=ELLIPSE('',#4058,0.407836463283328,0.4);
#65=ELLIPSE('',#4060,0.407836463283327,0.4);
#66=ELLIPSE('',#4062,0.407836463283327,0.4);
#67=ELLIPSE('',#4064,0.407836463283328,0.4);
#68=ELLIPSE('',#4065,0.407836463283327,0.4);
#69=ELLIPSE('',#4067,0.407836463283326,0.4);
#70=ELLIPSE('',#4069,0.407836463283328,0.4);
#71=ELLIPSE('',#4071,0.407836463283328,0.4);
#72=ELLIPSE('',#4073,0.407836463283327,0.4);
#73=ELLIPSE('',#4075,0.407836463283327,0.4);
#74=ELLIPSE('',#4077,0.407836463283328,0.4);
#75=ELLIPSE('',#4080,0.407836463283327,0.4);
#76=ELLIPSE('',#4082,0.407836463283327,0.4);
#77=ELLIPSE('',#4084,0.407836463283328,0.4);
#78=ELLIPSE('',#4086,0.407836463283327,0.4);
#79=CYLINDRICAL_SURFACE('',#3916,2.5);
#80=CYLINDRICAL_SURFACE('',#3920,2.5);
#81=CYLINDRICAL_SURFACE('',#3924,2.5);
#82=CYLINDRICAL_SURFACE('',#3928,2.5);
#83=CYLINDRICAL_SURFACE('',#3936,0.4);
#84=CYLINDRICAL_SURFACE('',#3939,0.4);
#85=CYLINDRICAL_SURFACE('',#3941,0.4);
#86=CYLINDRICAL_SURFACE('',#3943,0.4);
#87=CYLINDRICAL_SURFACE('',#3945,0.4);
#88=CYLINDRICAL_SURFACE('',#3947,0.4);
#89=CYLINDRICAL_SURFACE('',#3950,0.4);
#90=CYLINDRICAL_SURFACE('',#3952,0.4);
#91=CYLINDRICAL_SURFACE('',#3954,0.4);
#92=CYLINDRICAL_SURFACE('',#3956,0.4);
#93=CYLINDRICAL_SURFACE('',#3957,0.4);
#94=CYLINDRICAL_SURFACE('',#3959,0.4);
#95=CYLINDRICAL_SURFACE('',#3961,0.4);
#96=CYLINDRICAL_SURFACE('',#3963,0.4);
#97=CYLINDRICAL_SURFACE('',#3965,0.4);
#98=CYLINDRICAL_SURFACE('',#3967,0.4);
#99=CYLINDRICAL_SURFACE('',#3976,0.4);
#100=CYLINDRICAL_SURFACE('',#3979,0.4);
#101=CYLINDRICAL_SURFACE('',#3981,0.4);
#102=CYLINDRICAL_SURFACE('',#3983,0.4);
#103=CYLINDRICAL_SURFACE('',#3985,0.4);
#104=CYLINDRICAL_SURFACE('',#3987,0.4);
#105=CYLINDRICAL_SURFACE('',#3989,0.4);
#106=CYLINDRICAL_SURFACE('',#3992,0.4);
#107=CYLINDRICAL_SURFACE('',#3994,0.4);
#108=CYLINDRICAL_SURFACE('',#3995,0.4);
#109=CYLINDRICAL_SURFACE('',#3997,0.4);
#110=CYLINDRICAL_SURFACE('',#3999,0.4);
#111=CYLINDRICAL_SURFACE('',#4001,0.4);
#112=CYLINDRICAL_SURFACE('',#4003,0.4);
#113=CYLINDRICAL_SURFACE('',#4005,0.4);
#114=CYLINDRICAL_SURFACE('',#4007,0.4);
#115=CYLINDRICAL_SURFACE('',#4016,0.4);
#116=CYLINDRICAL_SURFACE('',#4019,0.4);
#117=CYLINDRICAL_SURFACE('',#4021,0.4);
#118=CYLINDRICAL_SURFACE('',#4023,0.4);
#119=CYLINDRICAL_SURFACE('',#4026,0.4);
#120=CYLINDRICAL_SURFACE('',#4028,0.4);
#121=CYLINDRICAL_SURFACE('',#4030,0.4);
#122=CYLINDRICAL_SURFACE('',#4032,0.4);
#123=CYLINDRICAL_SURFACE('',#4034,0.4);
#124=CYLINDRICAL_SURFACE('',#4036,0.4);
#125=CYLINDRICAL_SURFACE('',#4038,0.4);
#126=CYLINDRICAL_SURFACE('',#4039,0.4);
#127=CYLINDRICAL_SURFACE('',#4041,0.4);
#128=CYLINDRICAL_SURFACE('',#4043,0.4);
#129=CYLINDRICAL_SURFACE('',#4045,0.4);
#130=CYLINDRICAL_SURFACE('',#4047,0.4);
#131=CYLINDRICAL_SURFACE('',#4056,0.4);
#132=CYLINDRICAL_SURFACE('',#4059,0.4);
#133=CYLINDRICAL_SURFACE('',#4061,0.4);
#134=CYLINDRICAL_SURFACE('',#4063,0.4);
#135=CYLINDRICAL_SURFACE('',#4066,0.4);
#136=CYLINDRICAL_SURFACE('',#4068,0.4);
#137=CYLINDRICAL_SURFACE('',#4070,0.4);
#138=CYLINDRICAL_SURFACE('',#4072,0.4);
#139=CYLINDRICAL_SURFACE('',#4074,0.4);
#140=CYLINDRICAL_SURFACE('',#4076,0.4);
#141=CYLINDRICAL_SURFACE('',#4078,0.4);
#142=CYLINDRICAL_SURFACE('',#4079,0.4);
#143=CYLINDRICAL_SURFACE('',#4081,0.4);
#144=CYLINDRICAL_SURFACE('',#4083,0.4);
#145=CYLINDRICAL_SURFACE('',#4085,0.4);
#146=CYLINDRICAL_SURFACE('',#4087,0.4);
#147=CYLINDRICAL_SURFACE('',#4200,10.);
#148=CONICAL_SURFACE('',#3908,2.7,0.785398163397448);
#149=CONICAL_SURFACE('',#3918,2.7,0.785398163397448);
#150=CONICAL_SURFACE('',#3922,2.7,0.785398163397448);
#151=CONICAL_SURFACE('',#3926,2.7,0.785398163397448);
#152=CIRCLE('',#3907,10.);
#153=CIRCLE('',#3909,2.9);
#154=CIRCLE('',#3910,2.5);
#155=CIRCLE('',#3912,2.9);
#156=CIRCLE('',#3913,2.9);
#157=CIRCLE('',#3914,10.);
#158=CIRCLE('',#3915,2.9);
#159=CIRCLE('',#3917,2.5);
#160=CIRCLE('',#3919,2.5);
#161=CIRCLE('',#3921,2.5);
#162=CIRCLE('',#3923,2.5);
#163=CIRCLE('',#3925,2.5);
#164=CIRCLE('',#3927,2.5);
#165=CIRCLE('',#3929,2.5);
#166=FACE_BOUND('',#426,.T.);
#167=FACE_BOUND('',#427,.T.);
#168=FACE_BOUND('',#428,.T.);
#169=FACE_BOUND('',#429,.T.);
#170=FACE_BOUND('',#430,.T.);
#171=FACE_BOUND('',#433,.T.);
#172=FACE_BOUND('',#434,.T.);
#173=FACE_BOUND('',#435,.T.);
#174=FACE_BOUND('',#436,.T.);
#175=FACE_BOUND('',#437,.T.);
#176=FACE_OUTER_BOUND('',#409,.T.);
#177=FACE_OUTER_BOUND('',#410,.T.);
#178=FACE_OUTER_BOUND('',#411,.T.);
#179=FACE_OUTER_BOUND('',#412,.T.);
#180=FACE_OUTER_BOUND('',#413,.T.);
#181=FACE_OUTER_BOUND('',#414,.T.);
#182=FACE_OUTER_BOUND('',#415,.T.);
#183=FACE_OUTER_BOUND('',#416,.T.);
#184=FACE_OUTER_BOUND('',#417,.T.);
#185=FACE_OUTER_BOUND('',#418,.T.);
#186=FACE_OUTER_BOUND('',#419,.T.);
#187=FACE_OUTER_BOUND('',#420,.T.);
#188=FACE_OUTER_BOUND('',#421,.T.);
#189=FACE_OUTER_BOUND('',#422,.T.);
#190=FACE_OUTER_BOUND('',#423,.T.);
#191=FACE_OUTER_BOUND('',#424,.T.);
#192=FACE_OUTER_BOUND('',#425,.T.);
#193=FACE_OUTER_BOUND('',#431,.T.);
#194=FACE_OUTER_BOUND('',#432,.T.);
#195=FACE_OUTER_BOUND('',#438,.T.);
#196=FACE_OUTER_BOUND('',#439,.T.);
#197=FACE_OUTER_BOUND('',#440,.T.);
#198=FACE_OUTER_BOUND('',#441,.T.);
#199=FACE_OUTER_BOUND('',#442,.T.);
#200=FACE_OUTER_BOUND('',#443,.T.);
#201=FACE_OUTER_BOUND('',#444,.T.);
#202=FACE_OUTER_BOUND('',#445,.T.);
#203=FACE_OUTER_BOUND('',#446,.T.);
#204=FACE_OUTER_BOUND('',#447,.T.);
#205=FACE_OUTER_BOUND('',#448,.T.);
#206=FACE_OUTER_BOUND('',#449,.T.);
#207=FACE_OUTER_BOUND('',#450,.T.);
#208=FACE_OUTER_BOUND('',#451,.T.);
#209=FACE_OUTER_BOUND('',#452,.T.);
#210=FACE_OUTER_BOUND('',#453,.T.);
#211=FACE_OUTER_BOUND('',#454,.T.);
#212=FACE_OUTER_BOUND('',#455,.T.);
#213=FACE_OUTER_BOUND('',#456,.T.);
#214=FACE_OUTER_BOUND('',#457,.T.);
#215=FACE_OUTER_BOUND('',#458,.T.);
#216=FACE_OUTER_BOUND('',#459,.T.);
#217=FACE_OUTER_BOUND('',#460,.T.);
#218=FACE_OUTER_BOUND('',#461,.T.);
#219=FACE_OUTER_BOUND('',#462,.T.);
#220=FACE_OUTER_BOUND('',#463,.T.);
#221=FACE_OUTER_BOUND('',#464,.T.);
#222=FACE_OUTER_BOUND('',#465,.T.);
#223=FACE_OUTER_BOUND('',#466,.T.);
#224=FACE_OUTER_BOUND('',#467,.T.);
#225=FACE_OUTER_BOUND('',#468,.T.);
#226=FACE_OUTER_BOUND('',#469,.T.);
#227=FACE_OUTER_BOUND('',#470,.T.);
#228=FACE_OUTER_BOUND('',#471,.T.);
#229=FACE_OUTER_BOUND('',#472,.T.);
#230=FACE_OUTER_BOUND('',#473,.T.);
#231=FACE_OUTER_BOUND('',#474,.T.);
#232=FACE_OUTER_BOUND('',#475,.T.);
#233=FACE_OUTER_BOUND('',#476,.T.);
#234=FACE_OUTER_BOUND('',#477,.T.);
#235=FACE_OUTER_BOUND('',#478,.T.);
#236=FACE_OUTER_BOUND('',#479,.T.);
#237=FACE_OUTER_BOUND('',#480,.T.);
#238=FACE_OUTER_BOUND('',#481,.T.);
#239=FACE_OUTER_BOUND('',#482,.T.);
#240=FACE_OUTER_BOUND('',#483,.T.);
#241=FACE_OUTER_BOUND('',#484,.T.);
#242=FACE_OUTER_BOUND('',#485,.T.);
#243=FACE_OUTER_BOUND('',#486,.T.);
#244=FACE_OUTER_BOUND('',#487,.T.);
#245=FACE_OUTER_BOUND('',#488,.T.);
#246=FACE_OUTER_BOUND('',#489,.T.);
#247=FACE_OUTER_BOUND('',#490,.T.);
#248=FACE_OUTER_BOUND('',#491,.T.);
#249=FACE_OUTER_BOUND('',#492,.T.);
#250=FACE_OUTER_BOUND('',#493,.T.);
#251=FACE_OUTER_BOUND('',#494,.T.);
#252=FACE_OUTER_BOUND('',#495,.T.);
#253=FACE_OUTER_BOUND('',#496,.T.);
#254=FACE_OUTER_BOUND('',#497,.T.);
#255=FACE_OUTER_BOUND('',#498,.T.);
#256=FACE_OUTER_BOUND('',#499,.T.);
#257=FACE_OUTER_BOUND('',#500,.T.);
#258=FACE_OUTER_BOUND('',#501,.T.);
#259=FACE_OUTER_BOUND('',#502,.T.);
#260=FACE_OUTER_BOUND('',#503,.T.);
#261=FACE_OUTER_BOUND('',#504,.T.);
#262=FACE_OUTER_BOUND('',#505,.T.);
#263=FACE_OUTER_BOUND('',#506,.T.);
#264=FACE_OUTER_BOUND('',#507,.T.);
#265=FACE_OUTER_BOUND('',#508,.T.);
#266=FACE_OUTER_BOUND('',#509,.T.);
#267=FACE_OUTER_BOUND('',#510,.T.);
#268=FACE_OUTER_BOUND('',#511,.T.);
#269=FACE_OUTER_BOUND('',#512,.T.);
#270=FACE_OUTER_BOUND('',#513,.T.);
#271=FACE_OUTER_BOUND('',#514,.T.);
#272=FACE_OUTER_BOUND('',#515,.T.);
#273=FACE_OUTER_BOUND('',#516,.T.);
#274=FACE_OUTER_BOUND('',#517,.T.);
#275=FACE_OUTER_BOUND('',#518,.T.);
#276=FACE_OUTER_BOUND('',#519,.T.);
#277=FACE_OUTER_BOUND('',#520,.T.);
#278=FACE_OUTER_BOUND('',#521,.T.);
#279=FACE_OUTER_BOUND('',#522,.T.);
#280=FACE_OUTER_BOUND('',#523,.T.);
#281=FACE_OUTER_BOUND('',#524,.T.);
#282=FACE_OUTER_BOUND('',#525,.T.);
#283=FACE_OUTER_BOUND('',#526,.T.);
#284=FACE_OUTER_BOUND('',#527,.T.);
#285=FACE_OUTER_BOUND('',#528,.T.);
#286=FACE_OUTER_BOUND('',#529,.T.);
#287=FACE_OUTER_BOUND('',#530,.T.);
#288=FACE_OUTER_BOUND('',#531,.T.);
#289=FACE_OUTER_BOUND('',#532,.T.);
#290=FACE_OUTER_BOUND('',#533,.T.);
#291=FACE_OUTER_BOUND('',#534,.T.);
#292=FACE_OUTER_BOUND('',#535,.T.);
#293=FACE_OUTER_BOUND('',#536,.T.);
#294=FACE_OUTER_BOUND('',#537,.T.);
#295=FACE_OUTER_BOUND('',#538,.T.);
#296=FACE_OUTER_BOUND('',#539,.T.);
#297=FACE_OUTER_BOUND('',#540,.T.);
#298=FACE_OUTER_BOUND('',#541,.T.);
#299=FACE_OUTER_BOUND('',#542,.T.);
#300=FACE_OUTER_BOUND('',#543,.T.);
#301=FACE_OUTER_BOUND('',#544,.T.);
#302=FACE_OUTER_BOUND('',#545,.T.);
#303=FACE_OUTER_BOUND('',#546,.T.);
#304=FACE_OUTER_BOUND('',#547,.T.);
#305=FACE_OUTER_BOUND('',#548,.T.);
#306=FACE_OUTER_BOUND('',#549,.T.);
#307=FACE_OUTER_BOUND('',#550,.T.);
#308=FACE_OUTER_BOUND('',#551,.T.);
#309=FACE_OUTER_BOUND('',#552,.T.);
#310=FACE_OUTER_BOUND('',#553,.T.);
#311=FACE_OUTER_BOUND('',#554,.T.);
#312=FACE_OUTER_BOUND('',#555,.T.);
#313=FACE_OUTER_BOUND('',#556,.T.);
#314=FACE_OUTER_BOUND('',#557,.T.);
#315=FACE_OUTER_BOUND('',#558,.T.);
#316=FACE_OUTER_BOUND('',#559,.T.);
#317=FACE_OUTER_BOUND('',#560,.T.);
#318=FACE_OUTER_BOUND('',#561,.T.);
#319=FACE_OUTER_BOUND('',#562,.T.);
#320=FACE_OUTER_BOUND('',#563,.T.);
#321=FACE_OUTER_BOUND('',#564,.T.);
#322=FACE_OUTER_BOUND('',#565,.T.);
#323=FACE_OUTER_BOUND('',#566,.T.);
#324=FACE_OUTER_BOUND('',#567,.T.);
#325=FACE_OUTER_BOUND('',#568,.T.);
#326=FACE_OUTER_BOUND('',#569,.T.);
#327=FACE_OUTER_BOUND('',#570,.T.);
#328=FACE_OUTER_BOUND('',#571,.T.);
#329=FACE_OUTER_BOUND('',#572,.T.);
#330=FACE_OUTER_BOUND('',#573,.T.);
#331=FACE_OUTER_BOUND('',#574,.T.);
#332=FACE_OUTER_BOUND('',#575,.T.);
#333=FACE_OUTER_BOUND('',#576,.T.);
#334=FACE_OUTER_BOUND('',#577,.T.);
#335=FACE_OUTER_BOUND('',#578,.T.);
#336=FACE_OUTER_BOUND('',#579,.T.);
#337=FACE_OUTER_BOUND('',#580,.T.);
#338=FACE_OUTER_BOUND('',#581,.T.);
#339=FACE_OUTER_BOUND('',#582,.T.);
#340=FACE_OUTER_BOUND('',#583,.T.);
#341=FACE_OUTER_BOUND('',#584,.T.);
#342=FACE_OUTER_BOUND('',#585,.T.);
#343=FACE_OUTER_BOUND('',#586,.T.);
#344=FACE_OUTER_BOUND('',#587,.T.);
#345=FACE_OUTER_BOUND('',#588,.T.);
#346=FACE_OUTER_BOUND('',#589,.T.);
#347=FACE_OUTER_BOUND('',#590,.T.);
#348=FACE_OUTER_BOUND('',#591,.T.);
#349=FACE_OUTER_BOUND('',#592,.T.);
#350=FACE_OUTER_BOUND('',#593,.T.);
#351=FACE_OUTER_BOUND('',#594,.T.);
#352=FACE_OUTER_BOUND('',#595,.T.);
#353=FACE_OUTER_BOUND('',#596,.T.);
#354=FACE_OUTER_BOUND('',#597,.T.);
#355=FACE_OUTER_BOUND('',#598,.T.);
#356=FACE_OUTER_BOUND('',#599,.T.);
#357=FACE_OUTER_BOUND('',#600,.T.);
#358=FACE_OUTER_BOUND('',#601,.T.);
#359=FACE_OUTER_BOUND('',#602,.T.);
#360=FACE_OUTER_BOUND('',#603,.T.);
#361=FACE_OUTER_BOUND('',#604,.T.);
#362=FACE_OUTER_BOUND('',#605,.T.);
#363=FACE_OUTER_BOUND('',#606,.T.);
#364=FACE_OUTER_BOUND('',#607,.T.);
#365=FACE_OUTER_BOUND('',#608,.T.);
#366=FACE_OUTER_BOUND('',#609,.T.);
#367=FACE_OUTER_BOUND('',#610,.T.);
#368=FACE_OUTER_BOUND('',#611,.T.);
#369=FACE_OUTER_BOUND('',#612,.T.);
#370=FACE_OUTER_BOUND('',#613,.T.);
#371=FACE_OUTER_BOUND('',#614,.T.);
#372=FACE_OUTER_BOUND('',#615,.T.);
#373=FACE_OUTER_BOUND('',#616,.T.);
#374=FACE_OUTER_BOUND('',#617,.T.);
#375=FACE_OUTER_BOUND('',#618,.T.);
#376=FACE_OUTER_BOUND('',#619,.T.);
#377=FACE_OUTER_BOUND('',#620,.T.);
#378=FACE_OUTER_BOUND('',#621,.T.);
#379=FACE_OUTER_BOUND('',#622,.T.);
#380=FACE_OUTER_BOUND('',#623,.T.);
#381=FACE_OUTER_BOUND('',#624,.T.);
#382=FACE_OUTER_BOUND('',#625,.T.);
#383=FACE_OUTER_BOUND('',#626,.T.);
#384=FACE_OUTER_BOUND('',#627,.T.);
#385=FACE_OUTER_BOUND('',#628,.T.);
#386=FACE_OUTER_BOUND('',#629,.T.);
#387=FACE_OUTER_BOUND('',#630,.T.);
#388=FACE_OUTER_BOUND('',#631,.T.);
#389=FACE_OUTER_BOUND('',#632,.T.);
#390=FACE_OUTER_BOUND('',#633,.T.);
#391=FACE_OUTER_BOUND('',#634,.T.);
#392=FACE_OUTER_BOUND('',#635,.T.);
#393=FACE_OUTER_BOUND('',#636,.T.);
#394=FACE_OUTER_BOUND('',#637,.T.);
#395=FACE_OUTER_BOUND('',#638,.T.);
#396=FACE_OUTER_BOUND('',#639,.T.);
#397=FACE_OUTER_BOUND('',#640,.T.);
#398=FACE_OUTER_BOUND('',#641,.T.);
#399=FACE_OUTER_BOUND('',#642,.T.);
#400=FACE_OUTER_BOUND('',#643,.T.);
#401=FACE_OUTER_BOUND('',#644,.T.);
#402=FACE_OUTER_BOUND('',#645,.T.);
#403=FACE_OUTER_BOUND('',#646,.T.);
#404=FACE_OUTER_BOUND('',#647,.T.);
#405=FACE_OUTER_BOUND('',#648,.T.);
#406=FACE_OUTER_BOUND('',#649,.T.);
#407=FACE_OUTER_BOUND('',#650,.T.);
#408=FACE_OUTER_BOUND('',#651,.T.);
#409=EDGE_LOOP('',(#2413,#2414,#2415,#2416,#2417,#2418,#2419,#2420));
#410=EDGE_LOOP('',(#2421,#2422,#2423,#2424));
#411=EDGE_LOOP('',(#2425,#2426,#2427,#2428));
#412=EDGE_LOOP('',(#2429,#2430,#2431,#2432,#2433,#2434,#2435,#2436));
#413=EDGE_LOOP('',(#2437,#2438,#2439,#2440));
#414=EDGE_LOOP('',(#2441,#2442,#2443,#2444));
#415=EDGE_LOOP('',(#2445,#2446,#2447,#2448));
#416=EDGE_LOOP('',(#2449,#2450,#2451,#2452));
#417=EDGE_LOOP('',(#2453,#2454,#2455,#2456,#2457,#2458,#2459,#2460,#2461,
#2462,#2463,#2464));
#418=EDGE_LOOP('',(#2465,#2466,#2467,#2468));
#419=EDGE_LOOP('',(#2469,#2470,#2471,#2472,#2473,#2474,#2475,#2476));
#420=EDGE_LOOP('',(#2477,#2478,#2479,#2480,#2481,#2482,#2483,#2484));
#421=EDGE_LOOP('',(#2485,#2486,#2487,#2488,#2489));
#422=EDGE_LOOP('',(#2490,#2491,#2492,#2493));
#423=EDGE_LOOP('',(#2494,#2495,#2496,#2497));
#424=EDGE_LOOP('',(#2498,#2499,#2500,#2501));
#425=EDGE_LOOP('',(#2502,#2503,#2504,#2505,#2506,#2507,#2508,#2509));
#426=EDGE_LOOP('',(#2510,#2511,#2512,#2513,#2514,#2515,#2516,#2517,#2518,
#2519,#2520,#2521,#2522,#2523,#2524,#2525));
#427=EDGE_LOOP('',(#2526,#2527,#2528,#2529,#2530,#2531,#2532,#2533,#2534,
#2535,#2536,#2537,#2538,#2539,#2540,#2541));
#428=EDGE_LOOP('',(#2542));
#429=EDGE_LOOP('',(#2543,#2544,#2545,#2546,#2547,#2548,#2549,#2550,#2551,
#2552,#2553,#2554,#2555,#2556,#2557,#2558));
#430=EDGE_LOOP('',(#2559,#2560,#2561,#2562,#2563,#2564,#2565,#2566,#2567,
#2568,#2569,#2570,#2571,#2572,#2573,#2574));
#431=EDGE_LOOP('',(#2575,#2576,#2577,#2578));
#432=EDGE_LOOP('',(#2579,#2580,#2581,#2582,#2583,#2584));
#433=EDGE_LOOP('',(#2585));
#434=EDGE_LOOP('',(#2586));
#435=EDGE_LOOP('',(#2587));
#436=EDGE_LOOP('',(#2588));
#437=EDGE_LOOP('',(#2589));
#438=EDGE_LOOP('',(#2590,#2591,#2592,#2593));
#439=EDGE_LOOP('',(#2594,#2595,#2596,#2597));
#440=EDGE_LOOP('',(#2598,#2599,#2600,#2601));
#441=EDGE_LOOP('',(#2602,#2603,#2604,#2605));
#442=EDGE_LOOP('',(#2606,#2607,#2608,#2609));
#443=EDGE_LOOP('',(#2610,#2611,#2612,#2613));
#444=EDGE_LOOP('',(#2614,#2615,#2616,#2617));
#445=EDGE_LOOP('',(#2618));
#446=EDGE_LOOP('',(#2619));
#447=EDGE_LOOP('',(#2620));
#448=EDGE_LOOP('',(#2621));
#449=EDGE_LOOP('',(#2622,#2623,#2624,#2625));
#450=EDGE_LOOP('',(#2626,#2627,#2628,#2629));
#451=EDGE_LOOP('',(#2630,#2631,#2632,#2633));
#452=EDGE_LOOP('',(#2634,#2635,#2636,#2637));
#453=EDGE_LOOP('',(#2638,#2639,#2640,#2641));
#454=EDGE_LOOP('',(#2642,#2643,#2644,#2645));
#455=EDGE_LOOP('',(#2646,#2647,#2648,#2649));
#456=EDGE_LOOP('',(#2650,#2651,#2652,#2653));
#457=EDGE_LOOP('',(#2654,#2655,#2656,#2657));
#458=EDGE_LOOP('',(#2658,#2659,#2660,#2661));
#459=EDGE_LOOP('',(#2662,#2663,#2664,#2665));
#460=EDGE_LOOP('',(#2666,#2667,#2668,#2669));
#461=EDGE_LOOP('',(#2670,#2671,#2672,#2673));
#462=EDGE_LOOP('',(#2674,#2675,#2676,#2677));
#463=EDGE_LOOP('',(#2678,#2679,#2680,#2681));
#464=EDGE_LOOP('',(#2682,#2683,#2684,#2685));
#465=EDGE_LOOP('',(#2686,#2687,#2688,#2689));
#466=EDGE_LOOP('',(#2690,#2691,#2692,#2693));
#467=EDGE_LOOP('',(#2694,#2695,#2696,#2697));
#468=EDGE_LOOP('',(#2698,#2699,#2700,#2701));
#469=EDGE_LOOP('',(#2702,#2703,#2704,#2705));
#470=EDGE_LOOP('',(#2706,#2707,#2708,#2709));
#471=EDGE_LOOP('',(#2710,#2711,#2712,#2713));
#472=EDGE_LOOP('',(#2714,#2715,#2716,#2717));
#473=EDGE_LOOP('',(#2718,#2719,#2720,#2721));
#474=EDGE_LOOP('',(#2722,#2723,#2724,#2725));
#475=EDGE_LOOP('',(#2726,#2727,#2728,#2729));
#476=EDGE_LOOP('',(#2730,#2731,#2732,#2733));
#477=EDGE_LOOP('',(#2734,#2735,#2736,#2737));
#478=EDGE_LOOP('',(#2738,#2739,#2740,#2741));
#479=EDGE_LOOP('',(#2742,#2743,#2744,#2745));
#480=EDGE_LOOP('',(#2746,#2747,#2748,#2749));
#481=EDGE_LOOP('',(#2750,#2751,#2752,#2753));
#482=EDGE_LOOP('',(#2754,#2755,#2756,#2757));
#483=EDGE_LOOP('',(#2758,#2759,#2760,#2761));
#484=EDGE_LOOP('',(#2762,#2763,#2764,#2765));
#485=EDGE_LOOP('',(#2766,#2767,#2768,#2769));
#486=EDGE_LOOP('',(#2770,#2771,#2772,#2773));
#487=EDGE_LOOP('',(#2774,#2775,#2776,#2777));
#488=EDGE_LOOP('',(#2778,#2779,#2780,#2781));
#489=EDGE_LOOP('',(#2782,#2783,#2784,#2785));
#490=EDGE_LOOP('',(#2786,#2787,#2788,#2789));
#491=EDGE_LOOP('',(#2790,#2791,#2792,#2793));
#492=EDGE_LOOP('',(#2794,#2795,#2796,#2797));
#493=EDGE_LOOP('',(#2798,#2799,#2800,#2801));
#494=EDGE_LOOP('',(#2802,#2803,#2804,#2805));
#495=EDGE_LOOP('',(#2806,#2807,#2808,#2809));
#496=EDGE_LOOP('',(#2810,#2811,#2812,#2813));
#497=EDGE_LOOP('',(#2814,#2815,#2816,#2817));
#498=EDGE_LOOP('',(#2818,#2819,#2820,#2821));
#499=EDGE_LOOP('',(#2822,#2823,#2824,#2825));
#500=EDGE_LOOP('',(#2826,#2827,#2828,#2829));
#501=EDGE_LOOP('',(#2830,#2831,#2832,#2833));
#502=EDGE_LOOP('',(#2834,#2835,#2836,#2837));
#503=EDGE_LOOP('',(#2838,#2839,#2840,#2841));
#504=EDGE_LOOP('',(#2842,#2843,#2844,#2845));
#505=EDGE_LOOP('',(#2846,#2847,#2848,#2849));
#506=EDGE_LOOP('',(#2850,#2851,#2852,#2853));
#507=EDGE_LOOP('',(#2854,#2855,#2856,#2857));
#508=EDGE_LOOP('',(#2858,#2859,#2860,#2861));
#509=EDGE_LOOP('',(#2862,#2863,#2864,#2865));
#510=EDGE_LOOP('',(#2866,#2867,#2868,#2869));
#511=EDGE_LOOP('',(#2870,#2871,#2872,#2873));
#512=EDGE_LOOP('',(#2874,#2875,#2876,#2877));
#513=EDGE_LOOP('',(#2878,#2879,#2880,#2881));
#514=EDGE_LOOP('',(#2882,#2883,#2884,#2885));
#515=EDGE_LOOP('',(#2886,#2887,#2888,#2889));
#516=EDGE_LOOP('',(#2890,#2891,#2892,#2893));
#517=EDGE_LOOP('',(#2894,#2895,#2896,#2897));
#518=EDGE_LOOP('',(#2898,#2899,#2900,#2901));
#519=EDGE_LOOP('',(#2902,#2903,#2904,#2905));
#520=EDGE_LOOP('',(#2906,#2907,#2908,#2909));
#521=EDGE_LOOP('',(#2910,#2911,#2912,#2913));
#522=EDGE_LOOP('',(#2914,#2915,#2916,#2917));
#523=EDGE_LOOP('',(#2918,#2919,#2920,#2921));
#524=EDGE_LOOP('',(#2922,#2923,#2924,#2925));
#525=EDGE_LOOP('',(#2926,#2927,#2928,#2929));
#526=EDGE_LOOP('',(#2930,#2931,#2932,#2933));
#527=EDGE_LOOP('',(#2934,#2935,#2936,#2937));
#528=EDGE_LOOP('',(#2938,#2939,#2940,#2941));
#529=EDGE_LOOP('',(#2942,#2943,#2944,#2945));
#530=EDGE_LOOP('',(#2946,#2947,#2948,#2949));
#531=EDGE_LOOP('',(#2950,#2951,#2952,#2953));
#532=EDGE_LOOP('',(#2954,#2955,#2956,#2957));
#533=EDGE_LOOP('',(#2958,#2959,#2960,#2961));
#534=EDGE_LOOP('',(#2962,#2963,#2964,#2965));
#535=EDGE_LOOP('',(#2966,#2967,#2968,#2969));
#536=EDGE_LOOP('',(#2970,#2971,#2972,#2973));
#537=EDGE_LOOP('',(#2974,#2975,#2976,#2977));
#538=EDGE_LOOP('',(#2978,#2979,#2980,#2981));
#539=EDGE_LOOP('',(#2982,#2983,#2984,#2985));
#540=EDGE_LOOP('',(#2986,#2987,#2988,#2989));
#541=EDGE_LOOP('',(#2990,#2991,#2992,#2993));
#542=EDGE_LOOP('',(#2994,#2995,#2996,#2997));
#543=EDGE_LOOP('',(#2998,#2999,#3000,#3001));
#544=EDGE_LOOP('',(#3002,#3003,#3004,#3005));
#545=EDGE_LOOP('',(#3006,#3007,#3008,#3009));
#546=EDGE_LOOP('',(#3010,#3011,#3012,#3013));
#547=EDGE_LOOP('',(#3014,#3015,#3016,#3017));
#548=EDGE_LOOP('',(#3018,#3019,#3020,#3021));
#549=EDGE_LOOP('',(#3022,#3023,#3024,#3025));
#550=EDGE_LOOP('',(#3026,#3027,#3028,#3029));
#551=EDGE_LOOP('',(#3030,#3031,#3032,#3033));
#552=EDGE_LOOP('',(#3034,#3035,#3036,#3037));
#553=EDGE_LOOP('',(#3038,#3039,#3040,#3041));
#554=EDGE_LOOP('',(#3042,#3043,#3044,#3045));
#555=EDGE_LOOP('',(#3046,#3047,#3048,#3049));
#556=EDGE_LOOP('',(#3050,#3051,#3052,#3053));
#557=EDGE_LOOP('',(#3054,#3055,#3056,#3057));
#558=EDGE_LOOP('',(#3058,#3059,#3060,#3061));
#559=EDGE_LOOP('',(#3062,#3063,#3064,#3065));
#560=EDGE_LOOP('',(#3066,#3067,#3068,#3069));
#561=EDGE_LOOP('',(#3070,#3071,#3072,#3073));
#562=EDGE_LOOP('',(#3074,#3075,#3076,#3077));
#563=EDGE_LOOP('',(#3078,#3079,#3080,#3081,#3082,#3083,#3084,#3085,#3086,
#3087,#3088,#3089,#3090,#3091,#3092,#3093));
#564=EDGE_LOOP('',(#3094,#3095,#3096,#3097));
#565=EDGE_LOOP('',(#3098,#3099,#3100,#3101));
#566=EDGE_LOOP('',(#3102,#3103,#3104,#3105));
#567=EDGE_LOOP('',(#3106,#3107,#3108,#3109));
#568=EDGE_LOOP('',(#3110,#3111,#3112,#3113));
#569=EDGE_LOOP('',(#3114,#3115,#3116,#3117));
#570=EDGE_LOOP('',(#3118,#3119,#3120,#3121));
#571=EDGE_LOOP('',(#3122,#3123,#3124,#3125));
#572=EDGE_LOOP('',(#3126,#3127,#3128,#3129));
#573=EDGE_LOOP('',(#3130,#3131,#3132,#3133));
#574=EDGE_LOOP('',(#3134,#3135,#3136,#3137));
#575=EDGE_LOOP('',(#3138,#3139,#3140,#3141));
#576=EDGE_LOOP('',(#3142,#3143,#3144,#3145));
#577=EDGE_LOOP('',(#3146,#3147,#3148,#3149));
#578=EDGE_LOOP('',(#3150,#3151,#3152,#3153));
#579=EDGE_LOOP('',(#3154,#3155,#3156,#3157));
#580=EDGE_LOOP('',(#3158,#3159,#3160,#3161,#3162,#3163,#3164,#3165,#3166,
#3167,#3168,#3169,#3170,#3171,#3172,#3173));
#581=EDGE_LOOP('',(#3174,#3175,#3176,#3177));
#582=EDGE_LOOP('',(#3178,#3179,#3180,#3181));
#583=EDGE_LOOP('',(#3182,#3183,#3184,#3185));
#584=EDGE_LOOP('',(#3186,#3187,#3188,#3189));
#585=EDGE_LOOP('',(#3190,#3191,#3192,#3193));
#586=EDGE_LOOP('',(#3194,#3195,#3196,#3197));
#587=EDGE_LOOP('',(#3198,#3199,#3200,#3201));
#588=EDGE_LOOP('',(#3202,#3203,#3204,#3205));
#589=EDGE_LOOP('',(#3206,#3207,#3208,#3209));
#590=EDGE_LOOP('',(#3210,#3211,#3212,#3213));
#591=EDGE_LOOP('',(#3214,#3215,#3216,#3217));
#592=EDGE_LOOP('',(#3218,#3219,#3220,#3221));
#593=EDGE_LOOP('',(#3222,#3223,#3224,#3225));
#594=EDGE_LOOP('',(#3226,#3227,#3228,#3229));
#595=EDGE_LOOP('',(#3230,#3231,#3232,#3233));
#596=EDGE_LOOP('',(#3234,#3235,#3236,#3237));
#597=EDGE_LOOP('',(#3238,#3239,#3240,#3241,#3242,#3243,#3244,#3245,#3246,
#3247,#3248,#3249,#3250,#3251,#3252,#3253));
#598=EDGE_LOOP('',(#3254,#3255,#3256,#3257));
#599=EDGE_LOOP('',(#3258,#3259,#3260,#3261));
#600=EDGE_LOOP('',(#3262,#3263,#3264,#3265));
#601=EDGE_LOOP('',(#3266,#3267,#3268,#3269));
#602=EDGE_LOOP('',(#3270,#3271,#3272,#3273));
#603=EDGE_LOOP('',(#3274,#3275,#3276,#3277));
#604=EDGE_LOOP('',(#3278,#3279,#3280,#3281));
#605=EDGE_LOOP('',(#3282,#3283,#3284,#3285));
#606=EDGE_LOOP('',(#3286,#3287,#3288,#3289));
#607=EDGE_LOOP('',(#3290,#3291,#3292,#3293));
#608=EDGE_LOOP('',(#3294,#3295,#3296,#3297));
#609=EDGE_LOOP('',(#3298,#3299,#3300,#3301));
#610=EDGE_LOOP('',(#3302,#3303,#3304,#3305));
#611=EDGE_LOOP('',(#3306,#3307,#3308,#3309));
#612=EDGE_LOOP('',(#3310,#3311,#3312,#3313));
#613=EDGE_LOOP('',(#3314,#3315,#3316,#3317));
#614=EDGE_LOOP('',(#3318,#3319,#3320,#3321,#3322,#3323,#3324,#3325,#3326,
#3327,#3328,#3329,#3330,#3331,#3332,#3333));
#615=EDGE_LOOP('',(#3334,#3335,#3336,#3337));
#616=EDGE_LOOP('',(#3338,#3339,#3340,#3341));
#617=EDGE_LOOP('',(#3342,#3343,#3344,#3345));
#618=EDGE_LOOP('',(#3346,#3347,#3348,#3349));
#619=EDGE_LOOP('',(#3350,#3351,#3352,#3353));
#620=EDGE_LOOP('',(#3354,#3355,#3356,#3357));
#621=EDGE_LOOP('',(#3358,#3359,#3360,#3361));
#622=EDGE_LOOP('',(#3362,#3363,#3364,#3365));
#623=EDGE_LOOP('',(#3366,#3367,#3368,#3369));
#624=EDGE_LOOP('',(#3370,#3371,#3372,#3373));
#625=EDGE_LOOP('',(#3374,#3375,#3376,#3377));
#626=EDGE_LOOP('',(#3378,#3379,#3380,#3381));
#627=EDGE_LOOP('',(#3382,#3383,#3384,#3385));
#628=EDGE_LOOP('',(#3386,#3387,#3388,#3389));
#629=EDGE_LOOP('',(#3390,#3391,#3392,#3393));
#630=EDGE_LOOP('',(#3394,#3395,#3396,#3397));
#631=EDGE_LOOP('',(#3398,#3399,#3400,#3401));
#632=EDGE_LOOP('',(#3402,#3403,#3404,#3405));
#633=EDGE_LOOP('',(#3406,#3407,#3408,#3409));
#634=EDGE_LOOP('',(#3410,#3411,#3412,#3413));
#635=EDGE_LOOP('',(#3414,#3415,#3416,#3417));
#636=EDGE_LOOP('',(#3418,#3419,#3420,#3421));
#637=EDGE_LOOP('',(#3422,#3423,#3424,#3425));
#638=EDGE_LOOP('',(#3426,#3427,#3428,#3429));
#639=EDGE_LOOP('',(#3430,#3431,#3432,#3433));
#640=EDGE_LOOP('',(#3434,#3435,#3436,#3437));
#641=EDGE_LOOP('',(#3438,#3439,#3440,#3441));
#642=EDGE_LOOP('',(#3442,#3443,#3444,#3445));
#643=EDGE_LOOP('',(#3446,#3447,#3448,#3449));
#644=EDGE_LOOP('',(#3450,#3451,#3452,#3453));
#645=EDGE_LOOP('',(#3454,#3455,#3456,#3457));
#646=EDGE_LOOP('',(#3458,#3459,#3460,#3461));
#647=EDGE_LOOP('',(#3462,#3463,#3464,#3465));
#648=EDGE_LOOP('',(#3466,#3467,#3468,#3469));
#649=EDGE_LOOP('',(#3470,#3471,#3472,#3473));
#650=EDGE_LOOP('',(#3474,#3475,#3476,#3477,#3478));
#651=EDGE_LOOP('',(#3479,#3480,#3481,#3482));
#652=LINE('',#5286,#1109);
#653=LINE('',#5288,#1110);
#654=LINE('',#5290,#1111);
#655=LINE('',#5292,#1112);
#656=LINE('',#5294,#1113);
#657=LINE('',#5296,#1114);
#658=LINE('',#5298,#1115);
#659=LINE('',#5299,#1116);
#660=LINE('',#5303,#1117);
#661=LINE('',#5305,#1118);
#662=LINE('',#5307,#1119);
#663=LINE('',#5308,#1120);
#664=LINE('',#5312,#1121);
#665=LINE('',#5314,#1122);
#666=LINE('',#5316,#1123);
#667=LINE('',#5317,#1124);
#668=LINE('',#5320,#1125);
#669=LINE('',#5321,#1126);
#670=LINE('',#5323,#1127);
#671=LINE('',#5325,#1128);
#672=LINE('',#5327,#1129);
#673=LINE('',#5328,#1130);
#674=LINE('',#5330,#1131);
#675=LINE('',#5334,#1132);
#676=LINE('',#5335,#1133);
#677=LINE('',#5336,#1134);
#678=LINE('',#5338,#1135);
#679=LINE('',#5342,#1136);
#680=LINE('',#5344,#1137);
#681=LINE('',#5346,#1138);
#682=LINE('',#5347,#1139);
#683=LINE('',#5350,#1140);
#684=LINE('',#5352,#1141);
#685=LINE('',#5353,#1142);
#686=LINE('',#5354,#1143);
#687=LINE('',#5355,#1144);
#688=LINE('',#5357,#1145);
#689=LINE('',#5361,#1146);
#690=LINE('',#5363,#1147);
#691=LINE('',#5365,#1148);
#692=LINE('',#5366,#1149);
#693=LINE('',#5367,#1150);
#694=LINE('',#5368,#1151);
#695=LINE('',#5370,#1152);
#696=LINE('',#5371,#1153);
#697=LINE('',#5372,#1154);
#698=LINE('',#5375,#1155);
#699=LINE('',#5376,#1156);
#700=LINE('',#5380,#1157);
#701=LINE('',#5381,#1158);
#702=LINE('',#5382,#1159);
#703=LINE('',#5385,#1160);
#704=LINE('',#5387,#1161);
#705=LINE('',#5389,#1162);
#706=LINE('',#5390,#1163);
#707=LINE('',#5393,#1164);
#708=LINE('',#5395,#1165);
#709=LINE('',#5396,#1166);
#710=LINE('',#5399,#1167);
#711=LINE('',#5400,#1168);
#712=LINE('',#5401,#1169);
#713=LINE('',#5404,#1170);
#714=LINE('',#5406,#1171);
#715=LINE('',#5408,#1172);
#716=LINE('',#5410,#1173);
#717=LINE('',#5412,#1174);
#718=LINE('',#5414,#1175);
#719=LINE('',#5416,#1176);
#720=LINE('',#5418,#1177);
#721=LINE('',#5420,#1178);
#722=LINE('',#5422,#1179);
#723=LINE('',#5424,#1180);
#724=LINE('',#5426,#1181);
#725=LINE('',#5428,#1182);
#726=LINE('',#5430,#1183);
#727=LINE('',#5432,#1184);
#728=LINE('',#5433,#1185);
#729=LINE('',#5436,#1186);
#730=LINE('',#5438,#1187);
#731=LINE('',#5440,#1188);
#732=LINE('',#5442,#1189);
#733=LINE('',#5444,#1190);
#734=LINE('',#5446,#1191);
#735=LINE('',#5448,#1192);
#736=LINE('',#5450,#1193);
#737=LINE('',#5452,#1194);
#738=LINE('',#5454,#1195);
#739=LINE('',#5456,#1196);
#740=LINE('',#5458,#1197);
#741=LINE('',#5460,#1198);
#742=LINE('',#5462,#1199);
#743=LINE('',#5464,#1200);
#744=LINE('',#5465,#1201);
#745=LINE('',#5470,#1202);
#746=LINE('',#5472,#1203);
#747=LINE('',#5474,#1204);
#748=LINE('',#5476,#1205);
#749=LINE('',#5478,#1206);
#750=LINE('',#5480,#1207);
#751=LINE('',#5482,#1208);
#752=LINE('',#5484,#1209);
#753=LINE('',#5486,#1210);
#754=LINE('',#5488,#1211);
#755=LINE('',#5490,#1212);
#756=LINE('',#5492,#1213);
#757=LINE('',#5494,#1214);
#758=LINE('',#5496,#1215);
#759=LINE('',#5498,#1216);
#760=LINE('',#5499,#1217);
#761=LINE('',#5502,#1218);
#762=LINE('',#5504,#1219);
#763=LINE('',#5506,#1220);
#764=LINE('',#5508,#1221);
#765=LINE('',#5510,#1222);
#766=LINE('',#5512,#1223);
#767=LINE('',#5514,#1224);
#768=LINE('',#5516,#1225);
#769=LINE('',#5518,#1226);
#770=LINE('',#5520,#1227);
#771=LINE('',#5522,#1228);
#772=LINE('',#5524,#1229);
#773=LINE('',#5526,#1230);
#774=LINE('',#5528,#1231);
#775=LINE('',#5530,#1232);
#776=LINE('',#5531,#1233);
#777=LINE('',#5536,#1234);
#778=LINE('',#5540,#1235);
#779=LINE('',#5541,#1236);
#780=LINE('',#5552,#1237);
#781=LINE('',#5556,#1238);
#782=LINE('',#5560,#1239);
#783=LINE('',#5564,#1240);
#784=LINE('',#5568,#1241);
#785=LINE('',#5572,#1242);
#786=LINE('',#5576,#1243);
#787=LINE('',#5583,#1244);
#788=LINE('',#5588,#1245);
#789=LINE('',#5593,#1246);
#790=LINE('',#5597,#1247);
#791=LINE('',#5601,#1248);
#792=LINE('',#5605,#1249);
#793=LINE('',#5611,#1250);
#794=LINE('',#5615,#1251);
#795=LINE('',#5619,#1252);
#796=LINE('',#5623,#1253);
#797=LINE('',#5626,#1254);
#798=LINE('',#5629,#1255);
#799=LINE('',#5633,#1256);
#800=LINE('',#5637,#1257);
#801=LINE('',#5641,#1258);
#802=LINE('',#5645,#1259);
#803=LINE('',#5648,#1260);
#804=LINE('',#5651,#1261);
#805=LINE('',#5653,#1262);
#806=LINE('',#5654,#1263);
#807=LINE('',#5657,#1264);
#808=LINE('',#5658,#1265);
#809=LINE('',#5661,#1266);
#810=LINE('',#5662,#1267);
#811=LINE('',#5665,#1268);
#812=LINE('',#5666,#1269);
#813=LINE('',#5669,#1270);
#814=LINE('',#5670,#1271);
#815=LINE('',#5673,#1272);
#816=LINE('',#5674,#1273);
#817=LINE('',#5677,#1274);
#818=LINE('',#5678,#1275);
#819=LINE('',#5681,#1276);
#820=LINE('',#5682,#1277);
#821=LINE('',#5686,#1278);
#822=LINE('',#5691,#1279);
#823=LINE('',#5695,#1280);
#824=LINE('',#5699,#1281);
#825=LINE('',#5703,#1282);
#826=LINE('',#5707,#1283);
#827=LINE('',#5713,#1284);
#828=LINE('',#5717,#1285);
#829=LINE('',#5720,#1286);
#830=LINE('',#5723,#1287);
#831=LINE('',#5727,#1288);
#832=LINE('',#5731,#1289);
#833=LINE('',#5735,#1290);
#834=LINE('',#5739,#1291);
#835=LINE('',#5743,#1292);
#836=LINE('',#5746,#1293);
#837=LINE('',#5749,#1294);
#838=LINE('',#5751,#1295);
#839=LINE('',#5752,#1296);
#840=LINE('',#5755,#1297);
#841=LINE('',#5756,#1298);
#842=LINE('',#5759,#1299);
#843=LINE('',#5760,#1300);
#844=LINE('',#5763,#1301);
#845=LINE('',#5764,#1302);
#846=LINE('',#5767,#1303);
#847=LINE('',#5768,#1304);
#848=LINE('',#5771,#1305);
#849=LINE('',#5772,#1306);
#850=LINE('',#5775,#1307);
#851=LINE('',#5776,#1308);
#852=LINE('',#5779,#1309);
#853=LINE('',#5780,#1310);
#854=LINE('',#5784,#1311);
#855=LINE('',#5789,#1312);
#856=LINE('',#5793,#1313);
#857=LINE('',#5798,#1314);
#858=LINE('',#5803,#1315);
#859=LINE('',#5807,#1316);
#860=LINE('',#5811,#1317);
#861=LINE('',#5815,#1318);
#862=LINE('',#5819,#1319);
#863=LINE('',#5823,#1320);
#864=LINE('',#5826,#1321);
#865=LINE('',#5829,#1322);
#866=LINE('',#5833,#1323);
#867=LINE('',#5837,#1324);
#868=LINE('',#5841,#1325);
#869=LINE('',#5844,#1326);
#870=LINE('',#5847,#1327);
#871=LINE('',#5849,#1328);
#872=LINE('',#5850,#1329);
#873=LINE('',#5853,#1330);
#874=LINE('',#5854,#1331);
#875=LINE('',#5857,#1332);
#876=LINE('',#5858,#1333);
#877=LINE('',#5861,#1334);
#878=LINE('',#5862,#1335);
#879=LINE('',#5865,#1336);
#880=LINE('',#5866,#1337);
#881=LINE('',#5869,#1338);
#882=LINE('',#5870,#1339);
#883=LINE('',#5873,#1340);
#884=LINE('',#5874,#1341);
#885=LINE('',#5877,#1342);
#886=LINE('',#5878,#1343);
#887=LINE('',#5882,#1344);
#888=LINE('',#5887,#1345);
#889=LINE('',#5891,#1346);
#890=LINE('',#5896,#1347);
#891=LINE('',#5901,#1348);
#892=LINE('',#5905,#1349);
#893=LINE('',#5909,#1350);
#894=LINE('',#5913,#1351);
#895=LINE('',#5917,#1352);
#896=LINE('',#5921,#1353);
#897=LINE('',#5924,#1354);
#898=LINE('',#5927,#1355);
#899=LINE('',#5931,#1356);
#900=LINE('',#5935,#1357);
#901=LINE('',#5939,#1358);
#902=LINE('',#5942,#1359);
#903=LINE('',#5945,#1360);
#904=LINE('',#5947,#1361);
#905=LINE('',#5948,#1362);
#906=LINE('',#5951,#1363);
#907=LINE('',#5952,#1364);
#908=LINE('',#5955,#1365);
#909=LINE('',#5956,#1366);
#910=LINE('',#5959,#1367);
#911=LINE('',#5960,#1368);
#912=LINE('',#5963,#1369);
#913=LINE('',#5964,#1370);
#914=LINE('',#5967,#1371);
#915=LINE('',#5968,#1372);
#916=LINE('',#5971,#1373);
#917=LINE('',#5972,#1374);
#918=LINE('',#5975,#1375);
#919=LINE('',#5976,#1376);
#920=LINE('',#5980,#1377);
#921=LINE('',#5981,#1378);
#922=LINE('',#5982,#1379);
#923=LINE('',#5985,#1380);
#924=LINE('',#5987,#1381);
#925=LINE('',#5988,#1382);
#926=LINE('',#5991,#1383);
#927=LINE('',#5993,#1384);
#928=LINE('',#5994,#1385);
#929=LINE('',#5997,#1386);
#930=LINE('',#5999,#1387);
#931=LINE('',#6000,#1388);
#932=LINE('',#6003,#1389);
#933=LINE('',#6005,#1390);
#934=LINE('',#6006,#1391);
#935=LINE('',#6009,#1392);
#936=LINE('',#6011,#1393);
#937=LINE('',#6012,#1394);
#938=LINE('',#6015,#1395);
#939=LINE('',#6017,#1396);
#940=LINE('',#6018,#1397);
#941=LINE('',#6021,#1398);
#942=LINE('',#6023,#1399);
#943=LINE('',#6024,#1400);
#944=LINE('',#6027,#1401);
#945=LINE('',#6028,#1402);
#946=LINE('',#6029,#1403);
#947=LINE('',#6032,#1404);
#948=LINE('',#6033,#1405);
#949=LINE('',#6036,#1406);
#950=LINE('',#6037,#1407);
#951=LINE('',#6040,#1408);
#952=LINE('',#6041,#1409);
#953=LINE('',#6044,#1410);
#954=LINE('',#6045,#1411);
#955=LINE('',#6048,#1412);
#956=LINE('',#6049,#1413);
#957=LINE('',#6052,#1414);
#958=LINE('',#6053,#1415);
#959=LINE('',#6055,#1416);
#960=LINE('',#6060,#1417);
#961=LINE('',#6061,#1418);
#962=LINE('',#6062,#1419);
#963=LINE('',#6065,#1420);
#964=LINE('',#6067,#1421);
#965=LINE('',#6068,#1422);
#966=LINE('',#6071,#1423);
#967=LINE('',#6073,#1424);
#968=LINE('',#6074,#1425);
#969=LINE('',#6077,#1426);
#970=LINE('',#6079,#1427);
#971=LINE('',#6080,#1428);
#972=LINE('',#6083,#1429);
#973=LINE('',#6085,#1430);
#974=LINE('',#6086,#1431);
#975=LINE('',#6089,#1432);
#976=LINE('',#6091,#1433);
#977=LINE('',#6092,#1434);
#978=LINE('',#6095,#1435);
#979=LINE('',#6097,#1436);
#980=LINE('',#6098,#1437);
#981=LINE('',#6101,#1438);
#982=LINE('',#6103,#1439);
#983=LINE('',#6104,#1440);
#984=LINE('',#6107,#1441);
#985=LINE('',#6108,#1442);
#986=LINE('',#6109,#1443);
#987=LINE('',#6112,#1444);
#988=LINE('',#6113,#1445);
#989=LINE('',#6116,#1446);
#990=LINE('',#6117,#1447);
#991=LINE('',#6120,#1448);
#992=LINE('',#6121,#1449);
#993=LINE('',#6124,#1450);
#994=LINE('',#6125,#1451);
#995=LINE('',#6128,#1452);
#996=LINE('',#6129,#1453);
#997=LINE('',#6132,#1454);
#998=LINE('',#6133,#1455);
#999=LINE('',#6135,#1456);
#1000=LINE('',#6140,#1457);
#1001=LINE('',#6141,#1458);
#1002=LINE('',#6142,#1459);
#1003=LINE('',#6145,#1460);
#1004=LINE('',#6147,#1461);
#1005=LINE('',#6148,#1462);
#1006=LINE('',#6151,#1463);
#1007=LINE('',#6153,#1464);
#1008=LINE('',#6154,#1465);
#1009=LINE('',#6157,#1466);
#1010=LINE('',#6159,#1467);
#1011=LINE('',#6160,#1468);
#1012=LINE('',#6163,#1469);
#1013=LINE('',#6165,#1470);
#1014=LINE('',#6166,#1471);
#1015=LINE('',#6169,#1472);
#1016=LINE('',#6171,#1473);
#1017=LINE('',#6172,#1474);
#1018=LINE('',#6175,#1475);
#1019=LINE('',#6177,#1476);
#1020=LINE('',#6178,#1477);
#1021=LINE('',#6181,#1478);
#1022=LINE('',#6183,#1479);
#1023=LINE('',#6184,#1480);
#1024=LINE('',#6187,#1481);
#1025=LINE('',#6188,#1482);
#1026=LINE('',#6189,#1483);
#1027=LINE('',#6192,#1484);
#1028=LINE('',#6193,#1485);
#1029=LINE('',#6196,#1486);
#1030=LINE('',#6197,#1487);
#1031=LINE('',#6200,#1488);
#1032=LINE('',#6201,#1489);
#1033=LINE('',#6204,#1490);
#1034=LINE('',#6205,#1491);
#1035=LINE('',#6208,#1492);
#1036=LINE('',#6209,#1493);
#1037=LINE('',#6212,#1494);
#1038=LINE('',#6213,#1495);
#1039=LINE('',#6215,#1496);
#1040=LINE('',#6220,#1497);
#1041=LINE('',#6221,#1498);
#1042=LINE('',#6222,#1499);
#1043=LINE('',#6225,#1500);
#1044=LINE('',#6227,#1501);
#1045=LINE('',#6228,#1502);
#1046=LINE('',#6231,#1503);
#1047=LINE('',#6233,#1504);
#1048=LINE('',#6234,#1505);
#1049=LINE('',#6237,#1506);
#1050=LINE('',#6239,#1507);
#1051=LINE('',#6240,#1508);
#1052=LINE('',#6243,#1509);
#1053=LINE('',#6245,#1510);
#1054=LINE('',#6246,#1511);
#1055=LINE('',#6249,#1512);
#1056=LINE('',#6251,#1513);
#1057=LINE('',#6252,#1514);
#1058=LINE('',#6255,#1515);
#1059=LINE('',#6257,#1516);
#1060=LINE('',#6258,#1517);
#1061=LINE('',#6261,#1518);
#1062=LINE('',#6263,#1519);
#1063=LINE('',#6264,#1520);
#1064=LINE('',#6267,#1521);
#1065=LINE('',#6268,#1522);
#1066=LINE('',#6269,#1523);
#1067=LINE('',#6272,#1524);
#1068=LINE('',#6273,#1525);
#1069=LINE('',#6276,#1526);
#1070=LINE('',#6277,#1527);
#1071=LINE('',#6280,#1528);
#1072=LINE('',#6281,#1529);
#1073=LINE('',#6284,#1530);
#1074=LINE('',#6285,#1531);
#1075=LINE('',#6288,#1532);
#1076=LINE('',#6289,#1533);
#1077=LINE('',#6292,#1534);
#1078=LINE('',#6293,#1535);
#1079=LINE('',#6295,#1536);
#1080=LINE('',#6298,#1537);
#1081=LINE('',#6300,#1538);
#1082=LINE('',#6302,#1539);
#1083=LINE('',#6304,#1540);
#1084=LINE('',#6306,#1541);
#1085=LINE('',#6308,#1542);
#1086=LINE('',#6310,#1543);
#1087=LINE('',#6313,#1544);
#1088=LINE('',#6315,#1545);
#1089=LINE('',#6317,#1546);
#1090=LINE('',#6319,#1547);
#1091=LINE('',#6321,#1548);
#1092=LINE('',#6323,#1549);
#1093=LINE('',#6325,#1550);
#1094=LINE('',#6328,#1551);
#1095=LINE('',#6330,#1552);
#1096=LINE('',#6332,#1553);
#1097=LINE('',#6334,#1554);
#1098=LINE('',#6336,#1555);
#1099=LINE('',#6338,#1556);
#1100=LINE('',#6340,#1557);
#1101=LINE('',#6343,#1558);
#1102=LINE('',#6345,#1559);
#1103=LINE('',#6347,#1560);
#1104=LINE('',#6349,#1561);
#1105=LINE('',#6351,#1562);
#1106=LINE('',#6353,#1563);
#1107=LINE('',#6355,#1564);
#1108=LINE('',#6362,#1565);
#1109=VECTOR('',#4205,10.);
#1110=VECTOR('',#4206,10.);
#1111=VECTOR('',#4207,10.);
#1112=VECTOR('',#4208,10.);
#1113=VECTOR('',#4209,10.);
#1114=VECTOR('',#4210,10.);
#1115=VECTOR('',#4211,10.);
#1116=VECTOR('',#4212,10.);
#1117=VECTOR('',#4215,10.);
#1118=VECTOR('',#4216,10.);
#1119=VECTOR('',#4217,10.);
#1120=VECTOR('',#4218,10.);
#1121=VECTOR('',#4221,10.);
#1122=VECTOR('',#4222,10.);
#1123=VECTOR('',#4223,10.);
#1124=VECTOR('',#4224,10.);
#1125=VECTOR('',#4227,10.);
#1126=VECTOR('',#4228,10.);
#1127=VECTOR('',#4229,10.);
#1128=VECTOR('',#4230,10.);
#1129=VECTOR('',#4231,10.);
#1130=VECTOR('',#4232,10.);
#1131=VECTOR('',#4235,10.);
#1132=VECTOR('',#4238,10.);
#1133=VECTOR('',#4239,10.);
#1134=VECTOR('',#4240,10.);
#1135=VECTOR('',#4243,10.);
#1136=VECTOR('',#4246,10.);
#1137=VECTOR('',#4247,10.);
#1138=VECTOR('',#4248,10.);
#1139=VECTOR('',#4249,10.);
#1140=VECTOR('',#4252,10.);
#1141=VECTOR('',#4253,10.);
#1142=VECTOR('',#4254,10.);
#1143=VECTOR('',#4255,10.);
#1144=VECTOR('',#4256,10.);
#1145=VECTOR('',#4259,10.);
#1146=VECTOR('',#4262,10.);
#1147=VECTOR('',#4263,10.);
#1148=VECTOR('',#4264,10.);
#1149=VECTOR('',#4265,10.);
#1150=VECTOR('',#4266,10.);
#1151=VECTOR('',#4267,10.);
#1152=VECTOR('',#4270,10.);
#1153=VECTOR('',#4271,10.);
#1154=VECTOR('',#4272,10.);
#1155=VECTOR('',#4275,10.);
#1156=VECTOR('',#4276,10.);
#1157=VECTOR('',#4279,10.);
#1158=VECTOR('',#4280,10.);
#1159=VECTOR('',#4281,10.);
#1160=VECTOR('',#4284,10.);
#1161=VECTOR('',#4285,10.);
#1162=VECTOR('',#4286,10.);
#1163=VECTOR('',#4287,10.);
#1164=VECTOR('',#4290,10.);
#1165=VECTOR('',#4291,10.);
#1166=VECTOR('',#4292,10.);
#1167=VECTOR('',#4295,10.);
#1168=VECTOR('',#4296,10.);
#1169=VECTOR('',#4297,10.);
#1170=VECTOR('',#4298,10.);
#1171=VECTOR('',#4299,10.);
#1172=VECTOR('',#4300,10.);
#1173=VECTOR('',#4301,10.);
#1174=VECTOR('',#4302,10.);
#1175=VECTOR('',#4303,10.);
#1176=VECTOR('',#4304,10.);
#1177=VECTOR('',#4305,10.);
#1178=VECTOR('',#4306,10.);
#1179=VECTOR('',#4307,10.);
#1180=VECTOR('',#4308,10.);
#1181=VECTOR('',#4309,10.);
#1182=VECTOR('',#4310,10.);
#1183=VECTOR('',#4311,10.);
#1184=VECTOR('',#4312,10.);
#1185=VECTOR('',#4313,10.);
#1186=VECTOR('',#4314,10.);
#1187=VECTOR('',#4315,10.);
#1188=VECTOR('',#4316,10.);
#1189=VECTOR('',#4317,10.);
#1190=VECTOR('',#4318,10.);
#1191=VECTOR('',#4319,10.);
#1192=VECTOR('',#4320,10.);
#1193=VECTOR('',#4321,10.);
#1194=VECTOR('',#4322,10.);
#1195=VECTOR('',#4323,10.);
#1196=VECTOR('',#4324,10.);
#1197=VECTOR('',#4325,10.);
#1198=VECTOR('',#4326,10.);
#1199=VECTOR('',#4327,10.);
#1200=VECTOR('',#4328,10.);
#1201=VECTOR('',#4329,10.);
#1202=VECTOR('',#4332,10.);
#1203=VECTOR('',#4333,10.);
#1204=VECTOR('',#4334,10.);
#1205=VECTOR('',#4335,10.);
#1206=VECTOR('',#4336,10.);
#1207=VECTOR('',#4337,10.);
#1208=VECTOR('',#4338,10.);
#1209=VECTOR('',#4339,10.);
#1210=VECTOR('',#4340,10.);
#1211=VECTOR('',#4341,10.);
#1212=VECTOR('',#4342,10.);
#1213=VECTOR('',#4343,10.);
#1214=VECTOR('',#4344,10.);
#1215=VECTOR('',#4345,10.);
#1216=VECTOR('',#4346,10.);
#1217=VECTOR('',#4347,10.);
#1218=VECTOR('',#4348,10.);
#1219=VECTOR('',#4349,10.);
#1220=VECTOR('',#4350,10.);
#1221=VECTOR('',#4351,10.);
#1222=VECTOR('',#4352,10.);
#1223=VECTOR('',#4353,10.);
#1224=VECTOR('',#4354,10.);
#1225=VECTOR('',#4355,10.);
#1226=VECTOR('',#4356,10.);
#1227=VECTOR('',#4357,10.);
#1228=VECTOR('',#4358,10.);
#1229=VECTOR('',#4359,10.);
#1230=VECTOR('',#4360,10.);
#1231=VECTOR('',#4361,10.);
#1232=VECTOR('',#4362,10.);
#1233=VECTOR('',#4363,10.);
#1234=VECTOR('',#4368,2.7);
#1235=VECTOR('',#4373,10.);
#1236=VECTOR('',#4374,10.);
#1237=VECTOR('',#4385,2.5);
#1238=VECTOR('',#4390,2.7);
#1239=VECTOR('',#4395,2.5);
#1240=VECTOR('',#4400,2.7);
#1241=VECTOR('',#4405,2.5);
#1242=VECTOR('',#4410,2.7);
#1243=VECTOR('',#4415,2.5);
#1244=VECTOR('',#4428,10.);
#1245=VECTOR('',#4433,10.);
#1246=VECTOR('',#4440,10.);
#1247=VECTOR('',#4445,10.);
#1248=VECTOR('',#4450,10.);
#1249=VECTOR('',#4455,10.);
#1250=VECTOR('',#4462,10.);
#1251=VECTOR('',#4467,10.);
#1252=VECTOR('',#4472,10.);
#1253=VECTOR('',#4477,10.);
#1254=VECTOR('',#4482,10.);
#1255=VECTOR('',#4485,10.);
#1256=VECTOR('',#4490,10.);
#1257=VECTOR('',#4495,10.);
#1258=VECTOR('',#4500,10.);
#1259=VECTOR('',#4505,10.);
#1260=VECTOR('',#4510,10.);
#1261=VECTOR('',#4513,10.);
#1262=VECTOR('',#4514,10.);
#1263=VECTOR('',#4515,10.);
#1264=VECTOR('',#4518,10.);
#1265=VECTOR('',#4519,10.);
#1266=VECTOR('',#4522,10.);
#1267=VECTOR('',#4523,10.);
#1268=VECTOR('',#4526,10.);
#1269=VECTOR('',#4527,10.);
#1270=VECTOR('',#4530,10.);
#1271=VECTOR('',#4531,10.);
#1272=VECTOR('',#4534,10.);
#1273=VECTOR('',#4535,10.);
#1274=VECTOR('',#4538,10.);
#1275=VECTOR('',#4539,10.);
#1276=VECTOR('',#4542,10.);
#1277=VECTOR('',#4543,10.);
#1278=VECTOR('',#4546,10.);
#1279=VECTOR('',#4553,10.);
#1280=VECTOR('',#4558,10.);
#1281=VECTOR('',#4563,10.);
#1282=VECTOR('',#4568,10.);
#1283=VECTOR('',#4573,10.);
#1284=VECTOR('',#4580,10.);
#1285=VECTOR('',#4585,10.);
#1286=VECTOR('',#4590,10.);
#1287=VECTOR('',#4593,10.);
#1288=VECTOR('',#4598,10.);
#1289=VECTOR('',#4603,10.);
#1290=VECTOR('',#4608,10.);
#1291=VECTOR('',#4613,10.);
#1292=VECTOR('',#4618,10.);
#1293=VECTOR('',#4623,10.);
#1294=VECTOR('',#4626,10.);
#1295=VECTOR('',#4627,10.);
#1296=VECTOR('',#4628,10.);
#1297=VECTOR('',#4631,10.);
#1298=VECTOR('',#4632,10.);
#1299=VECTOR('',#4635,10.);
#1300=VECTOR('',#4636,10.);
#1301=VECTOR('',#4639,10.);
#1302=VECTOR('',#4640,10.);
#1303=VECTOR('',#4643,10.);
#1304=VECTOR('',#4644,10.);
#1305=VECTOR('',#4647,10.);
#1306=VECTOR('',#4648,10.);
#1307=VECTOR('',#4651,10.);
#1308=VECTOR('',#4652,10.);
#1309=VECTOR('',#4655,10.);
#1310=VECTOR('',#4656,10.);
#1311=VECTOR('',#4659,10.);
#1312=VECTOR('',#4666,10.);
#1313=VECTOR('',#4671,10.);
#1314=VECTOR('',#4676,10.);
#1315=VECTOR('',#4683,10.);
#1316=VECTOR('',#4688,10.);
#1317=VECTOR('',#4693,10.);
#1318=VECTOR('',#4698,10.);
#1319=VECTOR('',#4703,10.);
#1320=VECTOR('',#4708,10.);
#1321=VECTOR('',#4713,10.);
#1322=VECTOR('',#4716,10.);
#1323=VECTOR('',#4721,10.);
#1324=VECTOR('',#4726,10.);
#1325=VECTOR('',#4731,10.);
#1326=VECTOR('',#4736,10.);
#1327=VECTOR('',#4739,10.);
#1328=VECTOR('',#4740,10.);
#1329=VECTOR('',#4741,10.);
#1330=VECTOR('',#4744,10.);
#1331=VECTOR('',#4745,10.);
#1332=VECTOR('',#4748,10.);
#1333=VECTOR('',#4749,10.);
#1334=VECTOR('',#4752,10.);
#1335=VECTOR('',#4753,10.);
#1336=VECTOR('',#4756,10.);
#1337=VECTOR('',#4757,10.);
#1338=VECTOR('',#4760,10.);
#1339=VECTOR('',#4761,10.);
#1340=VECTOR('',#4764,10.);
#1341=VECTOR('',#4765,10.);
#1342=VECTOR('',#4768,10.);
#1343=VECTOR('',#4769,10.);
#1344=VECTOR('',#4772,10.);
#1345=VECTOR('',#4779,10.);
#1346=VECTOR('',#4784,10.);
#1347=VECTOR('',#4789,10.);
#1348=VECTOR('',#4796,10.);
#1349=VECTOR('',#4801,10.);
#1350=VECTOR('',#4806,10.);
#1351=VECTOR('',#4811,10.);
#1352=VECTOR('',#4816,10.);
#1353=VECTOR('',#4821,10.);
#1354=VECTOR('',#4826,10.);
#1355=VECTOR('',#4829,10.);
#1356=VECTOR('',#4834,10.);
#1357=VECTOR('',#4839,10.);
#1358=VECTOR('',#4844,10.);
#1359=VECTOR('',#4849,10.);
#1360=VECTOR('',#4852,10.);
#1361=VECTOR('',#4853,10.);
#1362=VECTOR('',#4854,10.);
#1363=VECTOR('',#4857,10.);
#1364=VECTOR('',#4858,10.);
#1365=VECTOR('',#4861,10.);
#1366=VECTOR('',#4862,10.);
#1367=VECTOR('',#4865,10.);
#1368=VECTOR('',#4866,10.);
#1369=VECTOR('',#4869,10.);
#1370=VECTOR('',#4870,10.);
#1371=VECTOR('',#4873,10.);
#1372=VECTOR('',#4874,10.);
#1373=VECTOR('',#4877,10.);
#1374=VECTOR('',#4878,10.);
#1375=VECTOR('',#4881,10.);
#1376=VECTOR('',#4882,10.);
#1377=VECTOR('',#4885,10.);
#1378=VECTOR('',#4886,10.);
#1379=VECTOR('',#4887,10.);
#1380=VECTOR('',#4890,10.);
#1381=VECTOR('',#4891,10.);
#1382=VECTOR('',#4892,10.);
#1383=VECTOR('',#4895,10.);
#1384=VECTOR('',#4896,10.);
#1385=VECTOR('',#4897,10.);
#1386=VECTOR('',#4900,10.);
#1387=VECTOR('',#4901,10.);
#1388=VECTOR('',#4902,10.);
#1389=VECTOR('',#4905,10.);
#1390=VECTOR('',#4906,10.);
#1391=VECTOR('',#4907,10.);
#1392=VECTOR('',#4910,10.);
#1393=VECTOR('',#4911,10.);
#1394=VECTOR('',#4912,10.);
#1395=VECTOR('',#4915,10.);
#1396=VECTOR('',#4916,10.);
#1397=VECTOR('',#4917,10.);
#1398=VECTOR('',#4920,10.);
#1399=VECTOR('',#4921,10.);
#1400=VECTOR('',#4922,10.);
#1401=VECTOR('',#4925,10.);
#1402=VECTOR('',#4926,10.);
#1403=VECTOR('',#4927,10.);
#1404=VECTOR('',#4930,10.);
#1405=VECTOR('',#4931,10.);
#1406=VECTOR('',#4934,10.);
#1407=VECTOR('',#4935,10.);
#1408=VECTOR('',#4938,10.);
#1409=VECTOR('',#4939,10.);
#1410=VECTOR('',#4942,10.);
#1411=VECTOR('',#4943,10.);
#1412=VECTOR('',#4946,10.);
#1413=VECTOR('',#4947,10.);
#1414=VECTOR('',#4950,10.);
#1415=VECTOR('',#4951,10.);
#1416=VECTOR('',#4954,10.);
#1417=VECTOR('',#4959,10.);
#1418=VECTOR('',#4960,10.);
#1419=VECTOR('',#4961,10.);
#1420=VECTOR('',#4964,10.);
#1421=VECTOR('',#4965,10.);
#1422=VECTOR('',#4966,10.);
#1423=VECTOR('',#4969,10.);
#1424=VECTOR('',#4970,10.);
#1425=VECTOR('',#4971,10.);
#1426=VECTOR('',#4974,10.);
#1427=VECTOR('',#4975,10.);
#1428=VECTOR('',#4976,10.);
#1429=VECTOR('',#4979,10.);
#1430=VECTOR('',#4980,10.);
#1431=VECTOR('',#4981,10.);
#1432=VECTOR('',#4984,10.);
#1433=VECTOR('',#4985,10.);
#1434=VECTOR('',#4986,10.);
#1435=VECTOR('',#4989,10.);
#1436=VECTOR('',#4990,10.);
#1437=VECTOR('',#4991,10.);
#1438=VECTOR('',#4994,10.);
#1439=VECTOR('',#4995,10.);
#1440=VECTOR('',#4996,10.);
#1441=VECTOR('',#4999,10.);
#1442=VECTOR('',#5000,10.);
#1443=VECTOR('',#5001,10.);
#1444=VECTOR('',#5004,10.);
#1445=VECTOR('',#5005,10.);
#1446=VECTOR('',#5008,10.);
#1447=VECTOR('',#5009,10.);
#1448=VECTOR('',#5012,10.);
#1449=VECTOR('',#5013,10.);
#1450=VECTOR('',#5016,10.);
#1451=VECTOR('',#5017,10.);
#1452=VECTOR('',#5020,10.);
#1453=VECTOR('',#5021,10.);
#1454=VECTOR('',#5024,10.);
#1455=VECTOR('',#5025,10.);
#1456=VECTOR('',#5028,10.);
#1457=VECTOR('',#5033,10.);
#1458=VECTOR('',#5034,10.);
#1459=VECTOR('',#5035,10.);
#1460=VECTOR('',#5038,10.);
#1461=VECTOR('',#5039,10.);
#1462=VECTOR('',#5040,10.);
#1463=VECTOR('',#5043,10.);
#1464=VECTOR('',#5044,10.);
#1465=VECTOR('',#5045,10.);
#1466=VECTOR('',#5048,10.);
#1467=VECTOR('',#5049,10.);
#1468=VECTOR('',#5050,10.);
#1469=VECTOR('',#5053,10.);
#1470=VECTOR('',#5054,10.);
#1471=VECTOR('',#5055,10.);
#1472=VECTOR('',#5058,10.);
#1473=VECTOR('',#5059,10.);
#1474=VECTOR('',#5060,10.);
#1475=VECTOR('',#5063,10.);
#1476=VECTOR('',#5064,10.);
#1477=VECTOR('',#5065,10.);
#1478=VECTOR('',#5068,10.);
#1479=VECTOR('',#5069,10.);
#1480=VECTOR('',#5070,10.);
#1481=VECTOR('',#5073,10.);
#1482=VECTOR('',#5074,10.);
#1483=VECTOR('',#5075,10.);
#1484=VECTOR('',#5078,10.);
#1485=VECTOR('',#5079,10.);
#1486=VECTOR('',#5082,10.);
#1487=VECTOR('',#5083,10.);
#1488=VECTOR('',#5086,10.);
#1489=VECTOR('',#5087,10.);
#1490=VECTOR('',#5090,10.);
#1491=VECTOR('',#5091,10.);
#1492=VECTOR('',#5094,10.);
#1493=VECTOR('',#5095,10.);
#1494=VECTOR('',#5098,10.);
#1495=VECTOR('',#5099,10.);
#1496=VECTOR('',#5102,10.);
#1497=VECTOR('',#5107,10.);
#1498=VECTOR('',#5108,10.);
#1499=VECTOR('',#5109,10.);
#1500=VECTOR('',#5112,10.);
#1501=VECTOR('',#5113,10.);
#1502=VECTOR('',#5114,10.);
#1503=VECTOR('',#5117,10.);
#1504=VECTOR('',#5118,10.);
#1505=VECTOR('',#5119,10.);
#1506=VECTOR('',#5122,10.);
#1507=VECTOR('',#5123,10.);
#1508=VECTOR('',#5124,10.);
#1509=VECTOR('',#5127,10.);
#1510=VECTOR('',#5128,10.);
#1511=VECTOR('',#5129,10.);
#1512=VECTOR('',#5132,10.);
#1513=VECTOR('',#5133,10.);
#1514=VECTOR('',#5134,10.);
#1515=VECTOR('',#5137,10.);
#1516=VECTOR('',#5138,10.);
#1517=VECTOR('',#5139,10.);
#1518=VECTOR('',#5142,10.);
#1519=VECTOR('',#5143,10.);
#1520=VECTOR('',#5144,10.);
#1521=VECTOR('',#5147,10.);
#1522=VECTOR('',#5148,10.);
#1523=VECTOR('',#5149,10.);
#1524=VECTOR('',#5152,10.);
#1525=VECTOR('',#5153,10.);
#1526=VECTOR('',#5156,10.);
#1527=VECTOR('',#5157,10.);
#1528=VECTOR('',#5160,10.);
#1529=VECTOR('',#5161,10.);
#1530=VECTOR('',#5164,10.);
#1531=VECTOR('',#5165,10.);
#1532=VECTOR('',#5168,10.);
#1533=VECTOR('',#5169,10.);
#1534=VECTOR('',#5172,10.);
#1535=VECTOR('',#5173,10.);
#1536=VECTOR('',#5176,10.);
#1537=VECTOR('',#5181,10.);
#1538=VECTOR('',#5184,10.);
#1539=VECTOR('',#5187,10.);
#1540=VECTOR('',#5190,10.);
#1541=VECTOR('',#5193,10.);
#1542=VECTOR('',#5196,10.);
#1543=VECTOR('',#5199,10.);
#1544=VECTOR('',#5204,10.);
#1545=VECTOR('',#5207,10.);
#1546=VECTOR('',#5210,10.);
#1547=VECTOR('',#5213,10.);
#1548=VECTOR('',#5216,10.);
#1549=VECTOR('',#5219,10.);
#1550=VECTOR('',#5222,10.);
#1551=VECTOR('',#5227,10.);
#1552=VECTOR('',#5230,10.);
#1553=VECTOR('',#5233,10.);
#1554=VECTOR('',#5236,10.);
#1555=VECTOR('',#5239,10.);
#1556=VECTOR('',#5242,10.);
#1557=VECTOR('',#5245,10.);
#1558=VECTOR('',#5250,10.);
#1559=VECTOR('',#5253,10.);
#1560=VECTOR('',#5256,10.);
#1561=VECTOR('',#5259,10.);
#1562=VECTOR('',#5262,10.);
#1563=VECTOR('',#5265,10.);
#1564=VECTOR('',#5268,10.);
#1565=VECTOR('',#5281,10.);
#1566=VERTEX_POINT('',#5284);
#1567=VERTEX_POINT('',#5285);
#1568=VERTEX_POINT('',#5287);
#1569=VERTEX_POINT('',#5289);
#1570=VERTEX_POINT('',#5291);
#1571=VERTEX_POINT('',#5293);
#1572=VERTEX_POINT('',#5295);
#1573=VERTEX_POINT('',#5297);
#1574=VERTEX_POINT('',#5301);
#1575=VERTEX_POINT('',#5302);
#1576=VERTEX_POINT('',#5304);
#1577=VERTEX_POINT('',#5306);
#1578=VERTEX_POINT('',#5310);
#1579=VERTEX_POINT('',#5311);
#1580=VERTEX_POINT('',#5313);
#1581=VERTEX_POINT('',#5315);
#1582=VERTEX_POINT('',#5319);
#1583=VERTEX_POINT('',#5322);
#1584=VERTEX_POINT('',#5324);
#1585=VERTEX_POINT('',#5326);
#1586=VERTEX_POINT('',#5332);
#1587=VERTEX_POINT('',#5333);
#1588=VERTEX_POINT('',#5340);
#1589=VERTEX_POINT('',#5341);
#1590=VERTEX_POINT('',#5343);
#1591=VERTEX_POINT('',#5345);
#1592=VERTEX_POINT('',#5349);
#1593=VERTEX_POINT('',#5351);
#1594=VERTEX_POINT('',#5359);
#1595=VERTEX_POINT('',#5360);
#1596=VERTEX_POINT('',#5362);
#1597=VERTEX_POINT('',#5364);
#1598=VERTEX_POINT('',#5374);
#1599=VERTEX_POINT('',#5378);
#1600=VERTEX_POINT('',#5379);
#1601=VERTEX_POINT('',#5384);
#1602=VERTEX_POINT('',#5386);
#1603=VERTEX_POINT('',#5388);
#1604=VERTEX_POINT('',#5392);
#1605=VERTEX_POINT('',#5394);
#1606=VERTEX_POINT('',#5398);
#1607=VERTEX_POINT('',#5402);
#1608=VERTEX_POINT('',#5403);
#1609=VERTEX_POINT('',#5405);
#1610=VERTEX_POINT('',#5407);
#1611=VERTEX_POINT('',#5409);
#1612=VERTEX_POINT('',#5411);
#1613=VERTEX_POINT('',#5413);
#1614=VERTEX_POINT('',#5415);
#1615=VERTEX_POINT('',#5417);
#1616=VERTEX_POINT('',#5419);
#1617=VERTEX_POINT('',#5421);
#1618=VERTEX_POINT('',#5423);
#1619=VERTEX_POINT('',#5425);
#1620=VERTEX_POINT('',#5427);
#1621=VERTEX_POINT('',#5429);
#1622=VERTEX_POINT('',#5431);
#1623=VERTEX_POINT('',#5434);
#1624=VERTEX_POINT('',#5435);
#1625=VERTEX_POINT('',#5437);
#1626=VERTEX_POINT('',#5439);
#1627=VERTEX_POINT('',#5441);
#1628=VERTEX_POINT('',#5443);
#1629=VERTEX_POINT('',#5445);
#1630=VERTEX_POINT('',#5447);
#1631=VERTEX_POINT('',#5449);
#1632=VERTEX_POINT('',#5451);
#1633=VERTEX_POINT('',#5453);
#1634=VERTEX_POINT('',#5455);
#1635=VERTEX_POINT('',#5457);
#1636=VERTEX_POINT('',#5459);
#1637=VERTEX_POINT('',#5461);
#1638=VERTEX_POINT('',#5463);
#1639=VERTEX_POINT('',#5466);
#1640=VERTEX_POINT('',#5468);
#1641=VERTEX_POINT('',#5469);
#1642=VERTEX_POINT('',#5471);
#1643=VERTEX_POINT('',#5473);
#1644=VERTEX_POINT('',#5475);
#1645=VERTEX_POINT('',#5477);
#1646=VERTEX_POINT('',#5479);
#1647=VERTEX_POINT('',#5481);
#1648=VERTEX_POINT('',#5483);
#1649=VERTEX_POINT('',#5485);
#1650=VERTEX_POINT('',#5487);
#1651=VERTEX_POINT('',#5489);
#1652=VERTEX_POINT('',#5491);
#1653=VERTEX_POINT('',#5493);
#1654=VERTEX_POINT('',#5495);
#1655=VERTEX_POINT('',#5497);
#1656=VERTEX_POINT('',#5500);
#1657=VERTEX_POINT('',#5501);
#1658=VERTEX_POINT('',#5503);
#1659=VERTEX_POINT('',#5505);
#1660=VERTEX_POINT('',#5507);
#1661=VERTEX_POINT('',#5509);
#1662=VERTEX_POINT('',#5511);
#1663=VERTEX_POINT('',#5513);
#1664=VERTEX_POINT('',#5515);
#1665=VERTEX_POINT('',#5517);
#1666=VERTEX_POINT('',#5519);
#1667=VERTEX_POINT('',#5521);
#1668=VERTEX_POINT('',#5523);
#1669=VERTEX_POINT('',#5525);
#1670=VERTEX_POINT('',#5527);
#1671=VERTEX_POINT('',#5529);
#1672=VERTEX_POINT('',#5533);
#1673=VERTEX_POINT('',#5535);
#1674=VERTEX_POINT('',#5539);
#1675=VERTEX_POINT('',#5542);
#1676=VERTEX_POINT('',#5544);
#1677=VERTEX_POINT('',#5546);
#1678=VERTEX_POINT('',#5548);
#1679=VERTEX_POINT('',#5551);
#1680=VERTEX_POINT('',#5555);
#1681=VERTEX_POINT('',#5559);
#1682=VERTEX_POINT('',#5563);
#1683=VERTEX_POINT('',#5567);
#1684=VERTEX_POINT('',#5571);
#1685=VERTEX_POINT('',#5575);
#1686=VERTEX_POINT('',#5586);
#1687=VERTEX_POINT('',#5587);
#1688=VERTEX_POINT('',#5592);
#1689=VERTEX_POINT('',#5596);
#1690=VERTEX_POINT('',#5600);
#1691=VERTEX_POINT('',#5604);
#1692=VERTEX_POINT('',#5608);
#1693=VERTEX_POINT('',#5610);
#1694=VERTEX_POINT('',#5614);
#1695=VERTEX_POINT('',#5618);
#1696=VERTEX_POINT('',#5622);
#1697=VERTEX_POINT('',#5628);
#1698=VERTEX_POINT('',#5632);
#1699=VERTEX_POINT('',#5636);
#1700=VERTEX_POINT('',#5640);
#1701=VERTEX_POINT('',#5644);
#1702=VERTEX_POINT('',#5650);
#1703=VERTEX_POINT('',#5652);
#1704=VERTEX_POINT('',#5656);
#1705=VERTEX_POINT('',#5660);
#1706=VERTEX_POINT('',#5664);
#1707=VERTEX_POINT('',#5668);
#1708=VERTEX_POINT('',#5672);
#1709=VERTEX_POINT('',#5676);
#1710=VERTEX_POINT('',#5680);
#1711=VERTEX_POINT('',#5684);
#1712=VERTEX_POINT('',#5685);
#1713=VERTEX_POINT('',#5690);
#1714=VERTEX_POINT('',#5694);
#1715=VERTEX_POINT('',#5698);
#1716=VERTEX_POINT('',#5702);
#1717=VERTEX_POINT('',#5706);
#1718=VERTEX_POINT('',#5710);
#1719=VERTEX_POINT('',#5712);
#1720=VERTEX_POINT('',#5716);
#1721=VERTEX_POINT('',#5722);
#1722=VERTEX_POINT('',#5726);
#1723=VERTEX_POINT('',#5730);
#1724=VERTEX_POINT('',#5734);
#1725=VERTEX_POINT('',#5738);
#1726=VERTEX_POINT('',#5742);
#1727=VERTEX_POINT('',#5748);
#1728=VERTEX_POINT('',#5750);
#1729=VERTEX_POINT('',#5754);
#1730=VERTEX_POINT('',#5758);
#1731=VERTEX_POINT('',#5762);
#1732=VERTEX_POINT('',#5766);
#1733=VERTEX_POINT('',#5770);
#1734=VERTEX_POINT('',#5774);
#1735=VERTEX_POINT('',#5778);
#1736=VERTEX_POINT('',#5782);
#1737=VERTEX_POINT('',#5783);
#1738=VERTEX_POINT('',#5788);
#1739=VERTEX_POINT('',#5792);
#1740=VERTEX_POINT('',#5796);
#1741=VERTEX_POINT('',#5797);
#1742=VERTEX_POINT('',#5802);
#1743=VERTEX_POINT('',#5806);
#1744=VERTEX_POINT('',#5810);
#1745=VERTEX_POINT('',#5814);
#1746=VERTEX_POINT('',#5818);
#1747=VERTEX_POINT('',#5822);
#1748=VERTEX_POINT('',#5828);
#1749=VERTEX_POINT('',#5832);
#1750=VERTEX_POINT('',#5836);
#1751=VERTEX_POINT('',#5840);
#1752=VERTEX_POINT('',#5846);
#1753=VERTEX_POINT('',#5848);
#1754=VERTEX_POINT('',#5852);
#1755=VERTEX_POINT('',#5856);
#1756=VERTEX_POINT('',#5860);
#1757=VERTEX_POINT('',#5864);
#1758=VERTEX_POINT('',#5868);
#1759=VERTEX_POINT('',#5872);
#1760=VERTEX_POINT('',#5876);
#1761=VERTEX_POINT('',#5880);
#1762=VERTEX_POINT('',#5881);
#1763=VERTEX_POINT('',#5886);
#1764=VERTEX_POINT('',#5890);
#1765=VERTEX_POINT('',#5894);
#1766=VERTEX_POINT('',#5895);
#1767=VERTEX_POINT('',#5900);
#1768=VERTEX_POINT('',#5904);
#1769=VERTEX_POINT('',#5908);
#1770=VERTEX_POINT('',#5912);
#1771=VERTEX_POINT('',#5916);
#1772=VERTEX_POINT('',#5920);
#1773=VERTEX_POINT('',#5926);
#1774=VERTEX_POINT('',#5930);
#1775=VERTEX_POINT('',#5934);
#1776=VERTEX_POINT('',#5938);
#1777=VERTEX_POINT('',#5944);
#1778=VERTEX_POINT('',#5946);
#1779=VERTEX_POINT('',#5950);
#1780=VERTEX_POINT('',#5954);
#1781=VERTEX_POINT('',#5958);
#1782=VERTEX_POINT('',#5962);
#1783=VERTEX_POINT('',#5966);
#1784=VERTEX_POINT('',#5970);
#1785=VERTEX_POINT('',#5974);
#1786=VERTEX_POINT('',#5978);
#1787=VERTEX_POINT('',#5979);
#1788=VERTEX_POINT('',#5984);
#1789=VERTEX_POINT('',#5986);
#1790=VERTEX_POINT('',#5990);
#1791=VERTEX_POINT('',#5992);
#1792=VERTEX_POINT('',#5996);
#1793=VERTEX_POINT('',#5998);
#1794=VERTEX_POINT('',#6002);
#1795=VERTEX_POINT('',#6004);
#1796=VERTEX_POINT('',#6008);
#1797=VERTEX_POINT('',#6010);
#1798=VERTEX_POINT('',#6014);
#1799=VERTEX_POINT('',#6016);
#1800=VERTEX_POINT('',#6020);
#1801=VERTEX_POINT('',#6022);
#1802=VERTEX_POINT('',#6026);
#1803=VERTEX_POINT('',#6031);
#1804=VERTEX_POINT('',#6035);
#1805=VERTEX_POINT('',#6039);
#1806=VERTEX_POINT('',#6043);
#1807=VERTEX_POINT('',#6047);
#1808=VERTEX_POINT('',#6051);
#1809=VERTEX_POINT('',#6058);
#1810=VERTEX_POINT('',#6059);
#1811=VERTEX_POINT('',#6064);
#1812=VERTEX_POINT('',#6066);
#1813=VERTEX_POINT('',#6070);
#1814=VERTEX_POINT('',#6072);
#1815=VERTEX_POINT('',#6076);
#1816=VERTEX_POINT('',#6078);
#1817=VERTEX_POINT('',#6082);
#1818=VERTEX_POINT('',#6084);
#1819=VERTEX_POINT('',#6088);
#1820=VERTEX_POINT('',#6090);
#1821=VERTEX_POINT('',#6094);
#1822=VERTEX_POINT('',#6096);
#1823=VERTEX_POINT('',#6100);
#1824=VERTEX_POINT('',#6102);
#1825=VERTEX_POINT('',#6106);
#1826=VERTEX_POINT('',#6111);
#1827=VERTEX_POINT('',#6115);
#1828=VERTEX_POINT('',#6119);
#1829=VERTEX_POINT('',#6123);
#1830=VERTEX_POINT('',#6127);
#1831=VERTEX_POINT('',#6131);
#1832=VERTEX_POINT('',#6138);
#1833=VERTEX_POINT('',#6139);
#1834=VERTEX_POINT('',#6144);
#1835=VERTEX_POINT('',#6146);
#1836=VERTEX_POINT('',#6150);
#1837=VERTEX_POINT('',#6152);
#1838=VERTEX_POINT('',#6156);
#1839=VERTEX_POINT('',#6158);
#1840=VERTEX_POINT('',#6162);
#1841=VERTEX_POINT('',#6164);
#1842=VERTEX_POINT('',#6168);
#1843=VERTEX_POINT('',#6170);
#1844=VERTEX_POINT('',#6174);
#1845=VERTEX_POINT('',#6176);
#1846=VERTEX_POINT('',#6180);
#1847=VERTEX_POINT('',#6182);
#1848=VERTEX_POINT('',#6186);
#1849=VERTEX_POINT('',#6191);
#1850=VERTEX_POINT('',#6195);
#1851=VERTEX_POINT('',#6199);
#1852=VERTEX_POINT('',#6203);
#1853=VERTEX_POINT('',#6207);
#1854=VERTEX_POINT('',#6211);
#1855=VERTEX_POINT('',#6218);
#1856=VERTEX_POINT('',#6219);
#1857=VERTEX_POINT('',#6224);
#1858=VERTEX_POINT('',#6226);
#1859=VERTEX_POINT('',#6230);
#1860=VERTEX_POINT('',#6232);
#1861=VERTEX_POINT('',#6236);
#1862=VERTEX_POINT('',#6238);
#1863=VERTEX_POINT('',#6242);
#1864=VERTEX_POINT('',#6244);
#1865=VERTEX_POINT('',#6248);
#1866=VERTEX_POINT('',#6250);
#1867=VERTEX_POINT('',#6254);
#1868=VERTEX_POINT('',#6256);
#1869=VERTEX_POINT('',#6260);
#1870=VERTEX_POINT('',#6262);
#1871=VERTEX_POINT('',#6266);
#1872=VERTEX_POINT('',#6271);
#1873=VERTEX_POINT('',#6275);
#1874=VERTEX_POINT('',#6279);
#1875=VERTEX_POINT('',#6283);
#1876=VERTEX_POINT('',#6287);
#1877=VERTEX_POINT('',#6291);
#1878=EDGE_CURVE('',#1566,#1567,#652,.T.);
#1879=EDGE_CURVE('',#1567,#1568,#653,.T.);
#1880=EDGE_CURVE('',#1568,#1569,#654,.T.);
#1881=EDGE_CURVE('',#1569,#1570,#655,.T.);
#1882=EDGE_CURVE('',#1570,#1571,#656,.T.);
#1883=EDGE_CURVE('',#1571,#1572,#657,.T.);
#1884=EDGE_CURVE('',#1572,#1573,#658,.T.);
#1885=EDGE_CURVE('',#1573,#1566,#659,.T.);
#1886=EDGE_CURVE('',#1574,#1575,#660,.T.);
#1887=EDGE_CURVE('',#1576,#1574,#661,.T.);
#1888=EDGE_CURVE('',#1577,#1576,#662,.T.);
#1889=EDGE_CURVE('',#1575,#1577,#663,.T.);
#1890=EDGE_CURVE('',#1578,#1579,#664,.T.);
#1891=EDGE_CURVE('',#1580,#1578,#665,.T.);
#1892=EDGE_CURVE('',#1581,#1580,#666,.T.);
#1893=EDGE_CURVE('',#1579,#1581,#667,.T.);
#1894=EDGE_CURVE('',#1582,#1581,#668,.T.);
#1895=EDGE_CURVE('',#1580,#1570,#669,.T.);
#1896=EDGE_CURVE('',#1583,#1569,#670,.T.);
#1897=EDGE_CURVE('',#1583,#1584,#671,.T.);
#1898=EDGE_CURVE('',#1584,#1585,#672,.T.);
#1899=EDGE_CURVE('',#1582,#1585,#673,.T.);
#1900=EDGE_CURVE('',#1571,#1578,#674,.T.);
#1901=EDGE_CURVE('',#1586,#1587,#675,.T.);
#1902=EDGE_CURVE('',#1582,#1586,#676,.T.);
#1903=EDGE_CURVE('',#1585,#1587,#677,.T.);
#1904=EDGE_CURVE('',#1579,#1586,#678,.T.);
#1905=EDGE_CURVE('',#1588,#1589,#679,.T.);
#1906=EDGE_CURVE('',#1588,#1590,#680,.T.);
#1907=EDGE_CURVE('',#1590,#1591,#681,.T.);
#1908=EDGE_CURVE('',#1589,#1591,#682,.T.);
#1909=EDGE_CURVE('',#1587,#1592,#683,.T.);
#1910=EDGE_CURVE('',#1592,#1593,#684,.T.);
#1911=EDGE_CURVE('',#1593,#1588,#685,.T.);
#1912=EDGE_CURVE('',#1589,#1574,#686,.T.);
#1913=EDGE_CURVE('',#1575,#1572,#687,.T.);
#1914=EDGE_CURVE('',#1576,#1591,#688,.T.);
#1915=EDGE_CURVE('',#1594,#1595,#689,.T.);
#1916=EDGE_CURVE('',#1596,#1594,#690,.T.);
#1917=EDGE_CURVE('',#1597,#1596,#691,.T.);
#1918=EDGE_CURVE('',#1593,#1597,#692,.T.);
#1919=EDGE_CURVE('',#1584,#1592,#693,.T.);
#1920=EDGE_CURVE('',#1595,#1583,#694,.T.);
#1921=EDGE_CURVE('',#1597,#1590,#695,.T.);
#1922=EDGE_CURVE('',#1596,#1566,#696,.T.);
#1923=EDGE_CURVE('',#1577,#1573,#697,.T.);
#1924=EDGE_CURVE('',#1594,#1598,#698,.T.);
#1925=EDGE_CURVE('',#1598,#1567,#699,.T.);
#1926=EDGE_CURVE('',#1599,#1600,#700,.T.);
#1927=EDGE_CURVE('',#1598,#1599,#701,.T.);
#1928=EDGE_CURVE('',#1600,#1594,#702,.T.);
#1929=EDGE_CURVE('',#1601,#1595,#703,.T.);
#1930=EDGE_CURVE('',#1602,#1601,#704,.T.);
#1931=EDGE_CURVE('',#1603,#1602,#705,.T.);
#1932=EDGE_CURVE('',#1595,#1603,#706,.T.);
#1933=EDGE_CURVE('',#1600,#1604,#707,.T.);
#1934=EDGE_CURVE('',#1604,#1605,#708,.T.);
#1935=EDGE_CURVE('',#1605,#1599,#709,.T.);
#1936=EDGE_CURVE('',#1605,#1606,#710,.T.);
#1937=EDGE_CURVE('',#1602,#1606,#711,.T.);
#1938=EDGE_CURVE('',#1601,#1568,#712,.T.);
#1939=EDGE_CURVE('',#1607,#1608,#713,.T.);
#1940=EDGE_CURVE('',#1609,#1607,#714,.T.);
#1941=EDGE_CURVE('',#1610,#1609,#715,.T.);
#1942=EDGE_CURVE('',#1611,#1610,#716,.T.);
#1943=EDGE_CURVE('',#1612,#1611,#717,.T.);
#1944=EDGE_CURVE('',#1613,#1612,#718,.T.);
#1945=EDGE_CURVE('',#1614,#1613,#719,.T.);
#1946=EDGE_CURVE('',#1615,#1614,#720,.T.);
#1947=EDGE_CURVE('',#1616,#1615,#721,.T.);
#1948=EDGE_CURVE('',#1617,#1616,#722,.T.);
#1949=EDGE_CURVE('',#1618,#1617,#723,.T.);
#1950=EDGE_CURVE('',#1619,#1618,#724,.T.);
#1951=EDGE_CURVE('',#1620,#1619,#725,.T.);
#1952=EDGE_CURVE('',#1621,#1620,#726,.T.);
#1953=EDGE_CURVE('',#1622,#1621,#727,.T.);
#1954=EDGE_CURVE('',#1608,#1622,#728,.T.);
#1955=EDGE_CURVE('',#1623,#1624,#729,.T.);
#1956=EDGE_CURVE('',#1625,#1623,#730,.T.);
#1957=EDGE_CURVE('',#1626,#1625,#731,.T.);
#1958=EDGE_CURVE('',#1627,#1626,#732,.T.);
#1959=EDGE_CURVE('',#1628,#1627,#733,.T.);
#1960=EDGE_CURVE('',#1629,#1628,#734,.T.);
#1961=EDGE_CURVE('',#1630,#1629,#735,.T.);
#1962=EDGE_CURVE('',#1631,#1630,#736,.T.);
#1963=EDGE_CURVE('',#1632,#1631,#737,.T.);
#1964=EDGE_CURVE('',#1633,#1632,#738,.T.);
#1965=EDGE_CURVE('',#1634,#1633,#739,.T.);
#1966=EDGE_CURVE('',#1635,#1634,#740,.T.);
#1967=EDGE_CURVE('',#1636,#1635,#741,.T.);
#1968=EDGE_CURVE('',#1637,#1636,#742,.T.);
#1969=EDGE_CURVE('',#1638,#1637,#743,.T.);
#1970=EDGE_CURVE('',#1624,#1638,#744,.T.);
#1971=EDGE_CURVE('',#1639,#1639,#152,.T.);
#1972=EDGE_CURVE('',#1640,#1641,#745,.T.);
#1973=EDGE_CURVE('',#1642,#1640,#746,.T.);
#1974=EDGE_CURVE('',#1643,#1642,#747,.T.);
#1975=EDGE_CURVE('',#1644,#1643,#748,.T.);
#1976=EDGE_CURVE('',#1645,#1644,#749,.T.);
#1977=EDGE_CURVE('',#1646,#1645,#750,.T.);
#1978=EDGE_CURVE('',#1647,#1646,#751,.T.);
#1979=EDGE_CURVE('',#1648,#1647,#752,.T.);
#1980=EDGE_CURVE('',#1649,#1648,#753,.T.);
#1981=EDGE_CURVE('',#1650,#1649,#754,.T.);
#1982=EDGE_CURVE('',#1651,#1650,#755,.T.);
#1983=EDGE_CURVE('',#1652,#1651,#756,.T.);
#1984=EDGE_CURVE('',#1653,#1652,#757,.T.);
#1985=EDGE_CURVE('',#1654,#1653,#758,.T.);
#1986=EDGE_CURVE('',#1655,#1654,#759,.T.);
#1987=EDGE_CURVE('',#1641,#1655,#760,.T.);
#1988=EDGE_CURVE('',#1656,#1657,#761,.T.);
#1989=EDGE_CURVE('',#1658,#1656,#762,.T.);
#1990=EDGE_CURVE('',#1659,#1658,#763,.T.);
#1991=EDGE_CURVE('',#1660,#1659,#764,.T.);
#1992=EDGE_CURVE('',#1661,#1660,#765,.T.);
#1993=EDGE_CURVE('',#1662,#1661,#766,.T.);
#1994=EDGE_CURVE('',#1663,#1662,#767,.T.);
#1995=EDGE_CURVE('',#1664,#1663,#768,.T.);
#1996=EDGE_CURVE('',#1665,#1664,#769,.T.);
#1997=EDGE_CURVE('',#1666,#1665,#770,.T.);
#1998=EDGE_CURVE('',#1667,#1666,#771,.T.);
#1999=EDGE_CURVE('',#1668,#1667,#772,.T.);
#2000=EDGE_CURVE('',#1669,#1668,#773,.T.);
#2001=EDGE_CURVE('',#1670,#1669,#774,.T.);
#2002=EDGE_CURVE('',#1671,#1670,#775,.T.);
#2003=EDGE_CURVE('',#1657,#1671,#776,.T.);
#2004=EDGE_CURVE('',#1672,#1672,#153,.T.);
#2005=EDGE_CURVE('',#1672,#1673,#777,.T.);
#2006=EDGE_CURVE('',#1673,#1673,#154,.T.);
#2007=EDGE_CURVE('',#1674,#1603,#778,.T.);
#2008=EDGE_CURVE('',#1674,#1604,#779,.T.);
#2009=EDGE_CURVE('',#1675,#1675,#155,.T.);
#2010=EDGE_CURVE('',#1676,#1676,#156,.T.);
#2011=EDGE_CURVE('',#1677,#1677,#157,.T.);
#2012=EDGE_CURVE('',#1678,#1678,#158,.T.);
#2013=EDGE_CURVE('',#1673,#1679,#780,.T.);
#2014=EDGE_CURVE('',#1679,#1679,#159,.T.);
#2015=EDGE_CURVE('',#1675,#1680,#781,.T.);
#2016=EDGE_CURVE('',#1680,#1680,#160,.T.);
#2017=EDGE_CURVE('',#1680,#1681,#782,.T.);
#2018=EDGE_CURVE('',#1681,#1681,#161,.T.);
#2019=EDGE_CURVE('',#1678,#1682,#783,.T.);
#2020=EDGE_CURVE('',#1682,#1682,#162,.T.);
#2021=EDGE_CURVE('',#1682,#1683,#784,.T.);
#2022=EDGE_CURVE('',#1683,#1683,#163,.T.);
#2023=EDGE_CURVE('',#1676,#1684,#785,.T.);
#2024=EDGE_CURVE('',#1684,#1684,#164,.T.);
#2025=EDGE_CURVE('',#1684,#1685,#786,.T.);
#2026=EDGE_CURVE('',#1685,#1685,#165,.T.);
#2027=EDGE_CURVE('',#1606,#1674,#787,.T.);
#2028=EDGE_CURVE('',#1686,#1687,#788,.T.);
#2029=EDGE_CURVE('',#1687,#1615,#15,.T.);
#2030=EDGE_CURVE('',#1686,#1614,#16,.T.);
#2031=EDGE_CURVE('',#1687,#1688,#789,.T.);
#2032=EDGE_CURVE('',#1688,#1616,#17,.T.);
#2033=EDGE_CURVE('',#1688,#1689,#790,.T.);
#2034=EDGE_CURVE('',#1689,#1617,#18,.T.);
#2035=EDGE_CURVE('',#1689,#1690,#791,.T.);
#2036=EDGE_CURVE('',#1690,#1618,#19,.T.);
#2037=EDGE_CURVE('',#1690,#1691,#792,.T.);
#2038=EDGE_CURVE('',#1691,#1619,#20,.T.);
#2039=EDGE_CURVE('',#1608,#1692,#21,.T.);
#2040=EDGE_CURVE('',#1692,#1693,#793,.T.);
#2041=EDGE_CURVE('',#1693,#1607,#22,.T.);
#2042=EDGE_CURVE('',#1691,#1694,#794,.T.);
#2043=EDGE_CURVE('',#1694,#1620,#23,.T.);
#2044=EDGE_CURVE('',#1694,#1695,#795,.T.);
#2045=EDGE_CURVE('',#1695,#1621,#24,.T.);
#2046=EDGE_CURVE('',#1695,#1696,#796,.T.);
#2047=EDGE_CURVE('',#1696,#1622,#25,.T.);
#2048=EDGE_CURVE('',#1696,#1692,#797,.T.);
#2049=EDGE_CURVE('',#1693,#1697,#798,.T.);
#2050=EDGE_CURVE('',#1697,#1609,#26,.T.);
#2051=EDGE_CURVE('',#1697,#1698,#799,.T.);
#2052=EDGE_CURVE('',#1698,#1610,#27,.T.);
#2053=EDGE_CURVE('',#1698,#1699,#800,.T.);
#2054=EDGE_CURVE('',#1699,#1611,#28,.T.);
#2055=EDGE_CURVE('',#1699,#1700,#801,.T.);
#2056=EDGE_CURVE('',#1700,#1612,#29,.T.);
#2057=EDGE_CURVE('',#1700,#1701,#802,.T.);
#2058=EDGE_CURVE('',#1701,#1613,#30,.T.);
#2059=EDGE_CURVE('',#1701,#1686,#803,.T.);
#2060=EDGE_CURVE('',#1686,#1702,#804,.T.);
#2061=EDGE_CURVE('',#1703,#1702,#805,.T.);
#2062=EDGE_CURVE('',#1687,#1703,#806,.T.);
#2063=EDGE_CURVE('',#1701,#1704,#807,.T.);
#2064=EDGE_CURVE('',#1702,#1704,#808,.T.);
#2065=EDGE_CURVE('',#1700,#1705,#809,.T.);
#2066=EDGE_CURVE('',#1704,#1705,#810,.T.);
#2067=EDGE_CURVE('',#1699,#1706,#811,.T.);
#2068=EDGE_CURVE('',#1705,#1706,#812,.T.);
#2069=EDGE_CURVE('',#1698,#1707,#813,.T.);
#2070=EDGE_CURVE('',#1706,#1707,#814,.T.);
#2071=EDGE_CURVE('',#1697,#1708,#815,.T.);
#2072=EDGE_CURVE('',#1707,#1708,#816,.T.);
#2073=EDGE_CURVE('',#1693,#1709,#817,.T.);
#2074=EDGE_CURVE('',#1708,#1709,#818,.T.);
#2075=EDGE_CURVE('',#1692,#1710,#819,.T.);
#2076=EDGE_CURVE('',#1709,#1710,#820,.T.);
#2077=EDGE_CURVE('',#1711,#1712,#821,.T.);
#2078=EDGE_CURVE('',#1712,#1665,#31,.T.);
#2079=EDGE_CURVE('',#1711,#1664,#32,.T.);
#2080=EDGE_CURVE('',#1712,#1713,#822,.T.);
#2081=EDGE_CURVE('',#1713,#1666,#33,.T.);
#2082=EDGE_CURVE('',#1713,#1714,#823,.T.);
#2083=EDGE_CURVE('',#1714,#1667,#34,.T.);
#2084=EDGE_CURVE('',#1714,#1715,#824,.T.);
#2085=EDGE_CURVE('',#1715,#1668,#35,.T.);
#2086=EDGE_CURVE('',#1715,#1716,#825,.T.);
#2087=EDGE_CURVE('',#1716,#1669,#36,.T.);
#2088=EDGE_CURVE('',#1716,#1717,#826,.T.);
#2089=EDGE_CURVE('',#1717,#1670,#37,.T.);
#2090=EDGE_CURVE('',#1657,#1718,#38,.T.);
#2091=EDGE_CURVE('',#1718,#1719,#827,.T.);
#2092=EDGE_CURVE('',#1719,#1656,#39,.T.);
#2093=EDGE_CURVE('',#1717,#1720,#828,.T.);
#2094=EDGE_CURVE('',#1720,#1671,#40,.T.);
#2095=EDGE_CURVE('',#1720,#1718,#829,.T.);
#2096=EDGE_CURVE('',#1719,#1721,#830,.T.);
#2097=EDGE_CURVE('',#1721,#1658,#41,.T.);
#2098=EDGE_CURVE('',#1721,#1722,#831,.T.);
#2099=EDGE_CURVE('',#1722,#1659,#42,.T.);
#2100=EDGE_CURVE('',#1722,#1723,#832,.T.);
#2101=EDGE_CURVE('',#1723,#1660,#43,.T.);
#2102=EDGE_CURVE('',#1723,#1724,#833,.T.);
#2103=EDGE_CURVE('',#1724,#1661,#44,.T.);
#2104=EDGE_CURVE('',#1724,#1725,#834,.T.);
#2105=EDGE_CURVE('',#1725,#1662,#45,.T.);
#2106=EDGE_CURVE('',#1725,#1726,#835,.T.);
#2107=EDGE_CURVE('',#1726,#1663,#46,.T.);
#2108=EDGE_CURVE('',#1726,#1711,#836,.T.);
#2109=EDGE_CURVE('',#1726,#1727,#837,.T.);
#2110=EDGE_CURVE('',#1728,#1727,#838,.T.);
#2111=EDGE_CURVE('',#1711,#1728,#839,.T.);
#2112=EDGE_CURVE('',#1725,#1729,#840,.T.);
#2113=EDGE_CURVE('',#1727,#1729,#841,.T.);
#2114=EDGE_CURVE('',#1724,#1730,#842,.T.);
#2115=EDGE_CURVE('',#1729,#1730,#843,.T.);
#2116=EDGE_CURVE('',#1723,#1731,#844,.T.);
#2117=EDGE_CURVE('',#1730,#1731,#845,.T.);
#2118=EDGE_CURVE('',#1722,#1732,#846,.T.);
#2119=EDGE_CURVE('',#1731,#1732,#847,.T.);
#2120=EDGE_CURVE('',#1721,#1733,#848,.T.);
#2121=EDGE_CURVE('',#1732,#1733,#849,.T.);
#2122=EDGE_CURVE('',#1719,#1734,#850,.T.);
#2123=EDGE_CURVE('',#1733,#1734,#851,.T.);
#2124=EDGE_CURVE('',#1718,#1735,#852,.T.);
#2125=EDGE_CURVE('',#1734,#1735,#853,.T.);
#2126=EDGE_CURVE('',#1736,#1737,#854,.T.);
#2127=EDGE_CURVE('',#1737,#1636,#47,.T.);
#2128=EDGE_CURVE('',#1736,#1635,#48,.T.);
#2129=EDGE_CURVE('',#1737,#1738,#855,.T.);
#2130=EDGE_CURVE('',#1738,#1637,#49,.T.);
#2131=EDGE_CURVE('',#1738,#1739,#856,.T.);
#2132=EDGE_CURVE('',#1739,#1638,#50,.T.);
#2133=EDGE_CURVE('',#1740,#1741,#857,.T.);
#2134=EDGE_CURVE('',#1741,#1623,#51,.T.);
#2135=EDGE_CURVE('',#1624,#1740,#52,.T.);
#2136=EDGE_CURVE('',#1741,#1742,#858,.T.);
#2137=EDGE_CURVE('',#1742,#1625,#53,.T.);
#2138=EDGE_CURVE('',#1742,#1743,#859,.T.);
#2139=EDGE_CURVE('',#1743,#1626,#54,.T.);
#2140=EDGE_CURVE('',#1743,#1744,#860,.T.);
#2141=EDGE_CURVE('',#1744,#1627,#55,.T.);
#2142=EDGE_CURVE('',#1744,#1745,#861,.T.);
#2143=EDGE_CURVE('',#1745,#1628,#56,.T.);
#2144=EDGE_CURVE('',#1745,#1746,#862,.T.);
#2145=EDGE_CURVE('',#1746,#1629,#57,.T.);
#2146=EDGE_CURVE('',#1746,#1747,#863,.T.);
#2147=EDGE_CURVE('',#1747,#1630,#58,.T.);
#2148=EDGE_CURVE('',#1739,#1740,#864,.T.);
#2149=EDGE_CURVE('',#1747,#1748,#865,.T.);
#2150=EDGE_CURVE('',#1748,#1631,#59,.T.);
#2151=EDGE_CURVE('',#1748,#1749,#866,.T.);
#2152=EDGE_CURVE('',#1749,#1632,#60,.T.);
#2153=EDGE_CURVE('',#1749,#1750,#867,.T.);
#2154=EDGE_CURVE('',#1750,#1633,#61,.T.);
#2155=EDGE_CURVE('',#1750,#1751,#868,.T.);
#2156=EDGE_CURVE('',#1751,#1634,#62,.T.);
#2157=EDGE_CURVE('',#1751,#1736,#869,.T.);
#2158=EDGE_CURVE('',#1747,#1752,#870,.T.);
#2159=EDGE_CURVE('',#1753,#1752,#871,.T.);
#2160=EDGE_CURVE('',#1748,#1753,#872,.T.);
#2161=EDGE_CURVE('',#1746,#1754,#873,.T.);
#2162=EDGE_CURVE('',#1752,#1754,#874,.T.);
#2163=EDGE_CURVE('',#1745,#1755,#875,.T.);
#2164=EDGE_CURVE('',#1754,#1755,#876,.T.);
#2165=EDGE_CURVE('',#1744,#1756,#877,.T.);
#2166=EDGE_CURVE('',#1755,#1756,#878,.T.);
#2167=EDGE_CURVE('',#1743,#1757,#879,.T.);
#2168=EDGE_CURVE('',#1756,#1757,#880,.T.);
#2169=EDGE_CURVE('',#1742,#1758,#881,.T.);
#2170=EDGE_CURVE('',#1757,#1758,#882,.T.);
#2171=EDGE_CURVE('',#1741,#1759,#883,.T.);
#2172=EDGE_CURVE('',#1758,#1759,#884,.T.);
#2173=EDGE_CURVE('',#1740,#1760,#885,.T.);
#2174=EDGE_CURVE('',#1759,#1760,#886,.T.);
#2175=EDGE_CURVE('',#1761,#1762,#887,.T.);
#2176=EDGE_CURVE('',#1762,#1653,#63,.T.);
#2177=EDGE_CURVE('',#1761,#1652,#64,.T.);
#2178=EDGE_CURVE('',#1762,#1763,#888,.T.);
#2179=EDGE_CURVE('',#1763,#1654,#65,.T.);
#2180=EDGE_CURVE('',#1763,#1764,#889,.T.);
#2181=EDGE_CURVE('',#1764,#1655,#66,.T.);
#2182=EDGE_CURVE('',#1765,#1766,#890,.T.);
#2183=EDGE_CURVE('',#1766,#1640,#67,.T.);
#2184=EDGE_CURVE('',#1641,#1765,#68,.T.);
#2185=EDGE_CURVE('',#1766,#1767,#891,.T.);
#2186=EDGE_CURVE('',#1767,#1642,#69,.T.);
#2187=EDGE_CURVE('',#1767,#1768,#892,.T.);
#2188=EDGE_CURVE('',#1768,#1643,#70,.T.);
#2189=EDGE_CURVE('',#1768,#1769,#893,.T.);
#2190=EDGE_CURVE('',#1769,#1644,#71,.T.);
#2191=EDGE_CURVE('',#1769,#1770,#894,.T.);
#2192=EDGE_CURVE('',#1770,#1645,#72,.T.);
#2193=EDGE_CURVE('',#1770,#1771,#895,.T.);
#2194=EDGE_CURVE('',#1771,#1646,#73,.T.);
#2195=EDGE_CURVE('',#1771,#1772,#896,.T.);
#2196=EDGE_CURVE('',#1772,#1647,#74,.T.);
#2197=EDGE_CURVE('',#1764,#1765,#897,.T.);
#2198=EDGE_CURVE('',#1772,#1773,#898,.T.);
#2199=EDGE_CURVE('',#1773,#1648,#75,.T.);
#2200=EDGE_CURVE('',#1773,#1774,#899,.T.);
#2201=EDGE_CURVE('',#1774,#1649,#76,.T.);
#2202=EDGE_CURVE('',#1774,#1775,#900,.T.);
#2203=EDGE_CURVE('',#1775,#1650,#77,.T.);
#2204=EDGE_CURVE('',#1775,#1776,#901,.T.);
#2205=EDGE_CURVE('',#1776,#1651,#78,.T.);
#2206=EDGE_CURVE('',#1776,#1761,#902,.T.);
#2207=EDGE_CURVE('',#1772,#1777,#903,.T.);
#2208=EDGE_CURVE('',#1778,#1777,#904,.T.);
#2209=EDGE_CURVE('',#1773,#1778,#905,.T.);
#2210=EDGE_CURVE('',#1771,#1779,#906,.T.);
#2211=EDGE_CURVE('',#1777,#1779,#907,.T.);
#2212=EDGE_CURVE('',#1770,#1780,#908,.T.);
#2213=EDGE_CURVE('',#1779,#1780,#909,.T.);
#2214=EDGE_CURVE('',#1769,#1781,#910,.T.);
#2215=EDGE_CURVE('',#1780,#1781,#911,.T.);
#2216=EDGE_CURVE('',#1768,#1782,#912,.T.);
#2217=EDGE_CURVE('',#1781,#1782,#913,.T.);
#2218=EDGE_CURVE('',#1767,#1783,#914,.T.);
#2219=EDGE_CURVE('',#1782,#1783,#915,.T.);
#2220=EDGE_CURVE('',#1766,#1784,#916,.T.);
#2221=EDGE_CURVE('',#1783,#1784,#917,.T.);
#2222=EDGE_CURVE('',#1765,#1785,#918,.T.);
#2223=EDGE_CURVE('',#1784,#1785,#919,.T.);
#2224=EDGE_CURVE('',#1786,#1787,#920,.T.);
#2225=EDGE_CURVE('',#1787,#1778,#921,.T.);
#2226=EDGE_CURVE('',#1786,#1777,#922,.T.);
#2227=EDGE_CURVE('',#1787,#1788,#923,.T.);
#2228=EDGE_CURVE('',#1788,#1789,#924,.T.);
#2229=EDGE_CURVE('',#1789,#1778,#925,.T.);
#2230=EDGE_CURVE('',#1788,#1790,#926,.T.);
#2231=EDGE_CURVE('',#1790,#1791,#927,.T.);
#2232=EDGE_CURVE('',#1791,#1789,#928,.T.);
#2233=EDGE_CURVE('',#1790,#1792,#929,.T.);
#2234=EDGE_CURVE('',#1792,#1793,#930,.T.);
#2235=EDGE_CURVE('',#1793,#1791,#931,.T.);
#2236=EDGE_CURVE('',#1792,#1794,#932,.T.);
#2237=EDGE_CURVE('',#1794,#1795,#933,.T.);
#2238=EDGE_CURVE('',#1795,#1793,#934,.T.);
#2239=EDGE_CURVE('',#1794,#1796,#935,.T.);
#2240=EDGE_CURVE('',#1796,#1797,#936,.T.);
#2241=EDGE_CURVE('',#1797,#1795,#937,.T.);
#2242=EDGE_CURVE('',#1796,#1798,#938,.T.);
#2243=EDGE_CURVE('',#1798,#1799,#939,.T.);
#2244=EDGE_CURVE('',#1799,#1797,#940,.T.);
#2245=EDGE_CURVE('',#1798,#1800,#941,.T.);
#2246=EDGE_CURVE('',#1800,#1801,#942,.T.);
#2247=EDGE_CURVE('',#1801,#1799,#943,.T.);
#2248=EDGE_CURVE('',#1800,#1802,#944,.T.);
#2249=EDGE_CURVE('',#1802,#1785,#945,.T.);
#2250=EDGE_CURVE('',#1785,#1801,#946,.T.);
#2251=EDGE_CURVE('',#1802,#1803,#947,.T.);
#2252=EDGE_CURVE('',#1803,#1784,#948,.T.);
#2253=EDGE_CURVE('',#1803,#1804,#949,.T.);
#2254=EDGE_CURVE('',#1804,#1783,#950,.T.);
#2255=EDGE_CURVE('',#1804,#1805,#951,.T.);
#2256=EDGE_CURVE('',#1805,#1782,#952,.T.);
#2257=EDGE_CURVE('',#1805,#1806,#953,.T.);
#2258=EDGE_CURVE('',#1806,#1781,#954,.T.);
#2259=EDGE_CURVE('',#1806,#1807,#955,.T.);
#2260=EDGE_CURVE('',#1807,#1780,#956,.T.);
#2261=EDGE_CURVE('',#1807,#1808,#957,.T.);
#2262=EDGE_CURVE('',#1808,#1779,#958,.T.);
#2263=EDGE_CURVE('',#1808,#1786,#959,.T.);
#2264=EDGE_CURVE('',#1809,#1810,#960,.T.);
#2265=EDGE_CURVE('',#1810,#1703,#961,.T.);
#2266=EDGE_CURVE('',#1809,#1702,#962,.T.);
#2267=EDGE_CURVE('',#1810,#1811,#963,.T.);
#2268=EDGE_CURVE('',#1811,#1812,#964,.T.);
#2269=EDGE_CURVE('',#1812,#1703,#965,.T.);
#2270=EDGE_CURVE('',#1811,#1813,#966,.T.);
#2271=EDGE_CURVE('',#1813,#1814,#967,.T.);
#2272=EDGE_CURVE('',#1814,#1812,#968,.T.);
#2273=EDGE_CURVE('',#1813,#1815,#969,.T.);
#2274=EDGE_CURVE('',#1815,#1816,#970,.T.);
#2275=EDGE_CURVE('',#1816,#1814,#971,.T.);
#2276=EDGE_CURVE('',#1815,#1817,#972,.T.);
#2277=EDGE_CURVE('',#1817,#1818,#973,.T.);
#2278=EDGE_CURVE('',#1818,#1816,#974,.T.);
#2279=EDGE_CURVE('',#1817,#1819,#975,.T.);
#2280=EDGE_CURVE('',#1819,#1820,#976,.T.);
#2281=EDGE_CURVE('',#1820,#1818,#977,.T.);
#2282=EDGE_CURVE('',#1819,#1821,#978,.T.);
#2283=EDGE_CURVE('',#1821,#1822,#979,.T.);
#2284=EDGE_CURVE('',#1822,#1820,#980,.T.);
#2285=EDGE_CURVE('',#1821,#1823,#981,.T.);
#2286=EDGE_CURVE('',#1823,#1824,#982,.T.);
#2287=EDGE_CURVE('',#1824,#1822,#983,.T.);
#2288=EDGE_CURVE('',#1823,#1825,#984,.T.);
#2289=EDGE_CURVE('',#1825,#1710,#985,.T.);
#2290=EDGE_CURVE('',#1710,#1824,#986,.T.);
#2291=EDGE_CURVE('',#1825,#1826,#987,.T.);
#2292=EDGE_CURVE('',#1826,#1709,#988,.T.);
#2293=EDGE_CURVE('',#1826,#1827,#989,.T.);
#2294=EDGE_CURVE('',#1827,#1708,#990,.T.);
#2295=EDGE_CURVE('',#1827,#1828,#991,.T.);
#2296=EDGE_CURVE('',#1828,#1707,#992,.T.);
#2297=EDGE_CURVE('',#1828,#1829,#993,.T.);
#2298=EDGE_CURVE('',#1829,#1706,#994,.T.);
#2299=EDGE_CURVE('',#1829,#1830,#995,.T.);
#2300=EDGE_CURVE('',#1830,#1705,#996,.T.);
#2301=EDGE_CURVE('',#1830,#1831,#997,.T.);
#2302=EDGE_CURVE('',#1831,#1704,#998,.T.);
#2303=EDGE_CURVE('',#1831,#1809,#999,.T.);
#2304=EDGE_CURVE('',#1832,#1833,#1000,.T.);
#2305=EDGE_CURVE('',#1833,#1728,#1001,.T.);
#2306=EDGE_CURVE('',#1832,#1727,#1002,.T.);
#2307=EDGE_CURVE('',#1833,#1834,#1003,.T.);
#2308=EDGE_CURVE('',#1834,#1835,#1004,.T.);
#2309=EDGE_CURVE('',#1835,#1728,#1005,.T.);
#2310=EDGE_CURVE('',#1834,#1836,#1006,.T.);
#2311=EDGE_CURVE('',#1836,#1837,#1007,.T.);
#2312=EDGE_CURVE('',#1837,#1835,#1008,.T.);
#2313=EDGE_CURVE('',#1836,#1838,#1009,.T.);
#2314=EDGE_CURVE('',#1838,#1839,#1010,.T.);
#2315=EDGE_CURVE('',#1839,#1837,#1011,.T.);
#2316=EDGE_CURVE('',#1838,#1840,#1012,.T.);
#2317=EDGE_CURVE('',#1840,#1841,#1013,.T.);
#2318=EDGE_CURVE('',#1841,#1839,#1014,.T.);
#2319=EDGE_CURVE('',#1840,#1842,#1015,.T.);
#2320=EDGE_CURVE('',#1842,#1843,#1016,.T.);
#2321=EDGE_CURVE('',#1843,#1841,#1017,.T.);
#2322=EDGE_CURVE('',#1842,#1844,#1018,.T.);
#2323=EDGE_CURVE('',#1844,#1845,#1019,.T.);
#2324=EDGE_CURVE('',#1845,#1843,#1020,.T.);
#2325=EDGE_CURVE('',#1844,#1846,#1021,.T.);
#2326=EDGE_CURVE('',#1846,#1847,#1022,.T.);
#2327=EDGE_CURVE('',#1847,#1845,#1023,.T.);
#2328=EDGE_CURVE('',#1846,#1848,#1024,.T.);
#2329=EDGE_CURVE('',#1848,#1735,#1025,.T.);
#2330=EDGE_CURVE('',#1735,#1847,#1026,.T.);
#2331=EDGE_CURVE('',#1848,#1849,#1027,.T.);
#2332=EDGE_CURVE('',#1849,#1734,#1028,.T.);
#2333=EDGE_CURVE('',#1849,#1850,#1029,.T.);
#2334=EDGE_CURVE('',#1850,#1733,#1030,.T.);
#2335=EDGE_CURVE('',#1850,#1851,#1031,.T.);
#2336=EDGE_CURVE('',#1851,#1732,#1032,.T.);
#2337=EDGE_CURVE('',#1851,#1852,#1033,.T.);
#2338=EDGE_CURVE('',#1852,#1731,#1034,.T.);
#2339=EDGE_CURVE('',#1852,#1853,#1035,.T.);
#2340=EDGE_CURVE('',#1853,#1730,#1036,.T.);
#2341=EDGE_CURVE('',#1853,#1854,#1037,.T.);
#2342=EDGE_CURVE('',#1854,#1729,#1038,.T.);
#2343=EDGE_CURVE('',#1854,#1832,#1039,.T.);
#2344=EDGE_CURVE('',#1855,#1856,#1040,.T.);
#2345=EDGE_CURVE('',#1856,#1753,#1041,.T.);
#2346=EDGE_CURVE('',#1855,#1752,#1042,.T.);
#2347=EDGE_CURVE('',#1856,#1857,#1043,.T.);
#2348=EDGE_CURVE('',#1857,#1858,#1044,.T.);
#2349=EDGE_CURVE('',#1858,#1753,#1045,.T.);
#2350=EDGE_CURVE('',#1857,#1859,#1046,.T.);
#2351=EDGE_CURVE('',#1859,#1860,#1047,.T.);
#2352=EDGE_CURVE('',#1860,#1858,#1048,.T.);
#2353=EDGE_CURVE('',#1859,#1861,#1049,.T.);
#2354=EDGE_CURVE('',#1861,#1862,#1050,.T.);
#2355=EDGE_CURVE('',#1862,#1860,#1051,.T.);
#2356=EDGE_CURVE('',#1861,#1863,#1052,.T.);
#2357=EDGE_CURVE('',#1863,#1864,#1053,.T.);
#2358=EDGE_CURVE('',#1864,#1862,#1054,.T.);
#2359=EDGE_CURVE('',#1863,#1865,#1055,.T.);
#2360=EDGE_CURVE('',#1865,#1866,#1056,.T.);
#2361=EDGE_CURVE('',#1866,#1864,#1057,.T.);
#2362=EDGE_CURVE('',#1865,#1867,#1058,.T.);
#2363=EDGE_CURVE('',#1867,#1868,#1059,.T.);
#2364=EDGE_CURVE('',#1868,#1866,#1060,.T.);
#2365=EDGE_CURVE('',#1867,#1869,#1061,.T.);
#2366=EDGE_CURVE('',#1869,#1870,#1062,.T.);
#2367=EDGE_CURVE('',#1870,#1868,#1063,.T.);
#2368=EDGE_CURVE('',#1869,#1871,#1064,.T.);
#2369=EDGE_CURVE('',#1871,#1760,#1065,.T.);
#2370=EDGE_CURVE('',#1760,#1870,#1066,.T.);
#2371=EDGE_CURVE('',#1871,#1872,#1067,.T.);
#2372=EDGE_CURVE('',#1872,#1759,#1068,.T.);
#2373=EDGE_CURVE('',#1872,#1873,#1069,.T.);
#2374=EDGE_CURVE('',#1873,#1758,#1070,.T.);
#2375=EDGE_CURVE('',#1873,#1874,#1071,.T.);
#2376=EDGE_CURVE('',#1874,#1757,#1072,.T.);
#2377=EDGE_CURVE('',#1874,#1875,#1073,.T.);
#2378=EDGE_CURVE('',#1875,#1756,#1074,.T.);
#2379=EDGE_CURVE('',#1875,#1876,#1075,.T.);
#2380=EDGE_CURVE('',#1876,#1755,#1076,.T.);
#2381=EDGE_CURVE('',#1876,#1877,#1077,.T.);
#2382=EDGE_CURVE('',#1877,#1754,#1078,.T.);
#2383=EDGE_CURVE('',#1877,#1855,#1079,.T.);
#2384=EDGE_CURVE('',#1749,#1858,#1080,.T.);
#2385=EDGE_CURVE('',#1750,#1860,#1081,.T.);
#2386=EDGE_CURVE('',#1751,#1862,#1082,.T.);
#2387=EDGE_CURVE('',#1736,#1864,#1083,.T.);
#2388=EDGE_CURVE('',#1737,#1866,#1084,.T.);
#2389=EDGE_CURVE('',#1738,#1868,#1085,.T.);
#2390=EDGE_CURVE('',#1739,#1870,#1086,.T.);
#2391=EDGE_CURVE('',#1712,#1835,#1087,.T.);
#2392=EDGE_CURVE('',#1713,#1837,#1088,.T.);
#2393=EDGE_CURVE('',#1714,#1839,#1089,.T.);
#2394=EDGE_CURVE('',#1715,#1841,#1090,.T.);
#2395=EDGE_CURVE('',#1716,#1843,#1091,.T.);
#2396=EDGE_CURVE('',#1717,#1845,#1092,.T.);
#2397=EDGE_CURVE('',#1720,#1847,#1093,.T.);
#2398=EDGE_CURVE('',#1774,#1789,#1094,.T.);
#2399=EDGE_CURVE('',#1775,#1791,#1095,.T.);
#2400=EDGE_CURVE('',#1776,#1793,#1096,.T.);
#2401=EDGE_CURVE('',#1761,#1795,#1097,.T.);
#2402=EDGE_CURVE('',#1762,#1797,#1098,.T.);
#2403=EDGE_CURVE('',#1763,#1799,#1099,.T.);
#2404=EDGE_CURVE('',#1764,#1801,#1100,.T.);
#2405=EDGE_CURVE('',#1688,#1812,#1101,.T.);
#2406=EDGE_CURVE('',#1689,#1814,#1102,.T.);
#2407=EDGE_CURVE('',#1690,#1816,#1103,.T.);
#2408=EDGE_CURVE('',#1691,#1818,#1104,.T.);
#2409=EDGE_CURVE('',#1694,#1820,#1105,.T.);
#2410=EDGE_CURVE('',#1695,#1822,#1106,.T.);
#2411=EDGE_CURVE('',#1696,#1824,#1107,.T.);
#2412=EDGE_CURVE('',#1677,#1639,#1108,.T.);
#2413=ORIENTED_EDGE('',*,*,#1878,.T.);
#2414=ORIENTED_EDGE('',*,*,#1879,.T.);
#2415=ORIENTED_EDGE('',*,*,#1880,.T.);
#2416=ORIENTED_EDGE('',*,*,#1881,.T.);
#2417=ORIENTED_EDGE('',*,*,#1882,.T.);
#2418=ORIENTED_EDGE('',*,*,#1883,.T.);
#2419=ORIENTED_EDGE('',*,*,#1884,.T.);
#2420=ORIENTED_EDGE('',*,*,#1885,.T.);
#2421=ORIENTED_EDGE('',*,*,#1886,.F.);
#2422=ORIENTED_EDGE('',*,*,#1887,.F.);
#2423=ORIENTED_EDGE('',*,*,#1888,.F.);
#2424=ORIENTED_EDGE('',*,*,#1889,.F.);
#2425=ORIENTED_EDGE('',*,*,#1890,.F.);
#2426=ORIENTED_EDGE('',*,*,#1891,.F.);
#2427=ORIENTED_EDGE('',*,*,#1892,.F.);
#2428=ORIENTED_EDGE('',*,*,#1893,.F.);
#2429=ORIENTED_EDGE('',*,*,#1894,.T.);
#2430=ORIENTED_EDGE('',*,*,#1892,.T.);
#2431=ORIENTED_EDGE('',*,*,#1895,.T.);
#2432=ORIENTED_EDGE('',*,*,#1881,.F.);
#2433=ORIENTED_EDGE('',*,*,#1896,.F.);
#2434=ORIENTED_EDGE('',*,*,#1897,.T.);
#2435=ORIENTED_EDGE('',*,*,#1898,.T.);
#2436=ORIENTED_EDGE('',*,*,#1899,.F.);
#2437=ORIENTED_EDGE('',*,*,#1891,.T.);
#2438=ORIENTED_EDGE('',*,*,#1900,.F.);
#2439=ORIENTED_EDGE('',*,*,#1882,.F.);
#2440=ORIENTED_EDGE('',*,*,#1895,.F.);
#2441=ORIENTED_EDGE('',*,*,#1901,.F.);
#2442=ORIENTED_EDGE('',*,*,#1902,.F.);
#2443=ORIENTED_EDGE('',*,*,#1899,.T.);
#2444=ORIENTED_EDGE('',*,*,#1903,.T.);
#2445=ORIENTED_EDGE('',*,*,#1902,.T.);
#2446=ORIENTED_EDGE('',*,*,#1904,.F.);
#2447=ORIENTED_EDGE('',*,*,#1893,.T.);
#2448=ORIENTED_EDGE('',*,*,#1894,.F.);
#2449=ORIENTED_EDGE('',*,*,#1905,.F.);
#2450=ORIENTED_EDGE('',*,*,#1906,.T.);
#2451=ORIENTED_EDGE('',*,*,#1907,.T.);
#2452=ORIENTED_EDGE('',*,*,#1908,.F.);
#2453=ORIENTED_EDGE('',*,*,#1909,.T.);
#2454=ORIENTED_EDGE('',*,*,#1910,.T.);
#2455=ORIENTED_EDGE('',*,*,#1911,.T.);
#2456=ORIENTED_EDGE('',*,*,#1905,.T.);
#2457=ORIENTED_EDGE('',*,*,#1912,.T.);
#2458=ORIENTED_EDGE('',*,*,#1886,.T.);
#2459=ORIENTED_EDGE('',*,*,#1913,.T.);
#2460=ORIENTED_EDGE('',*,*,#1883,.F.);
#2461=ORIENTED_EDGE('',*,*,#1900,.T.);
#2462=ORIENTED_EDGE('',*,*,#1890,.T.);
#2463=ORIENTED_EDGE('',*,*,#1904,.T.);
#2464=ORIENTED_EDGE('',*,*,#1901,.T.);
#2465=ORIENTED_EDGE('',*,*,#1908,.T.);
#2466=ORIENTED_EDGE('',*,*,#1914,.F.);
#2467=ORIENTED_EDGE('',*,*,#1887,.T.);
#2468=ORIENTED_EDGE('',*,*,#1912,.F.);
#2469=ORIENTED_EDGE('',*,*,#1915,.F.);
#2470=ORIENTED_EDGE('',*,*,#1916,.F.);
#2471=ORIENTED_EDGE('',*,*,#1917,.F.);
#2472=ORIENTED_EDGE('',*,*,#1918,.F.);
#2473=ORIENTED_EDGE('',*,*,#1910,.F.);
#2474=ORIENTED_EDGE('',*,*,#1919,.F.);
#2475=ORIENTED_EDGE('',*,*,#1897,.F.);
#2476=ORIENTED_EDGE('',*,*,#1920,.F.);
#2477=ORIENTED_EDGE('',*,*,#1914,.T.);
#2478=ORIENTED_EDGE('',*,*,#1907,.F.);
#2479=ORIENTED_EDGE('',*,*,#1921,.F.);
#2480=ORIENTED_EDGE('',*,*,#1917,.T.);
#2481=ORIENTED_EDGE('',*,*,#1922,.T.);
#2482=ORIENTED_EDGE('',*,*,#1885,.F.);
#2483=ORIENTED_EDGE('',*,*,#1923,.F.);
#2484=ORIENTED_EDGE('',*,*,#1888,.T.);
#2485=ORIENTED_EDGE('',*,*,#1916,.T.);
#2486=ORIENTED_EDGE('',*,*,#1924,.T.);
#2487=ORIENTED_EDGE('',*,*,#1925,.T.);
#2488=ORIENTED_EDGE('',*,*,#1878,.F.);
#2489=ORIENTED_EDGE('',*,*,#1922,.F.);
#2490=ORIENTED_EDGE('',*,*,#1926,.F.);
#2491=ORIENTED_EDGE('',*,*,#1927,.F.);
#2492=ORIENTED_EDGE('',*,*,#1924,.F.);
#2493=ORIENTED_EDGE('',*,*,#1928,.F.);
#2494=ORIENTED_EDGE('',*,*,#1929,.F.);
#2495=ORIENTED_EDGE('',*,*,#1930,.F.);
#2496=ORIENTED_EDGE('',*,*,#1931,.F.);
#2497=ORIENTED_EDGE('',*,*,#1932,.F.);
#2498=ORIENTED_EDGE('',*,*,#1926,.T.);
#2499=ORIENTED_EDGE('',*,*,#1933,.T.);
#2500=ORIENTED_EDGE('',*,*,#1934,.T.);
#2501=ORIENTED_EDGE('',*,*,#1935,.T.);
#2502=ORIENTED_EDGE('',*,*,#1925,.F.);
#2503=ORIENTED_EDGE('',*,*,#1927,.T.);
#2504=ORIENTED_EDGE('',*,*,#1935,.F.);
#2505=ORIENTED_EDGE('',*,*,#1936,.T.);
#2506=ORIENTED_EDGE('',*,*,#1937,.F.);
#2507=ORIENTED_EDGE('',*,*,#1930,.T.);
#2508=ORIENTED_EDGE('',*,*,#1938,.T.);
#2509=ORIENTED_EDGE('',*,*,#1879,.F.);
#2510=ORIENTED_EDGE('',*,*,#1939,.F.);
#2511=ORIENTED_EDGE('',*,*,#1940,.F.);
#2512=ORIENTED_EDGE('',*,*,#1941,.F.);
#2513=ORIENTED_EDGE('',*,*,#1942,.F.);
#2514=ORIENTED_EDGE('',*,*,#1943,.F.);
#2515=ORIENTED_EDGE('',*,*,#1944,.F.);
#2516=ORIENTED_EDGE('',*,*,#1945,.F.);
#2517=ORIENTED_EDGE('',*,*,#1946,.F.);
#2518=ORIENTED_EDGE('',*,*,#1947,.F.);
#2519=ORIENTED_EDGE('',*,*,#1948,.F.);
#2520=ORIENTED_EDGE('',*,*,#1949,.F.);
#2521=ORIENTED_EDGE('',*,*,#1950,.F.);
#2522=ORIENTED_EDGE('',*,*,#1951,.F.);
#2523=ORIENTED_EDGE('',*,*,#1952,.F.);
#2524=ORIENTED_EDGE('',*,*,#1953,.F.);
#2525=ORIENTED_EDGE('',*,*,#1954,.F.);
#2526=ORIENTED_EDGE('',*,*,#1955,.F.);
#2527=ORIENTED_EDGE('',*,*,#1956,.F.);
#2528=ORIENTED_EDGE('',*,*,#1957,.F.);
#2529=ORIENTED_EDGE('',*,*,#1958,.F.);
#2530=ORIENTED_EDGE('',*,*,#1959,.F.);
#2531=ORIENTED_EDGE('',*,*,#1960,.F.);
#2532=ORIENTED_EDGE('',*,*,#1961,.F.);
#2533=ORIENTED_EDGE('',*,*,#1962,.F.);
#2534=ORIENTED_EDGE('',*,*,#1963,.F.);
#2535=ORIENTED_EDGE('',*,*,#1964,.F.);
#2536=ORIENTED_EDGE('',*,*,#1965,.F.);
#2537=ORIENTED_EDGE('',*,*,#1966,.F.);
#2538=ORIENTED_EDGE('',*,*,#1967,.F.);
#2539=ORIENTED_EDGE('',*,*,#1968,.F.);
#2540=ORIENTED_EDGE('',*,*,#1969,.F.);
#2541=ORIENTED_EDGE('',*,*,#1970,.F.);
#2542=ORIENTED_EDGE('',*,*,#1971,.F.);
#2543=ORIENTED_EDGE('',*,*,#1972,.F.);
#2544=ORIENTED_EDGE('',*,*,#1973,.F.);
#2545=ORIENTED_EDGE('',*,*,#1974,.F.);
#2546=ORIENTED_EDGE('',*,*,#1975,.F.);
#2547=ORIENTED_EDGE('',*,*,#1976,.F.);
#2548=ORIENTED_EDGE('',*,*,#1977,.F.);
#2549=ORIENTED_EDGE('',*,*,#1978,.F.);
#2550=ORIENTED_EDGE('',*,*,#1979,.F.);
#2551=ORIENTED_EDGE('',*,*,#1980,.F.);
#2552=ORIENTED_EDGE('',*,*,#1981,.F.);
#2553=ORIENTED_EDGE('',*,*,#1982,.F.);
#2554=ORIENTED_EDGE('',*,*,#1983,.F.);
#2555=ORIENTED_EDGE('',*,*,#1984,.F.);
#2556=ORIENTED_EDGE('',*,*,#1985,.F.);
#2557=ORIENTED_EDGE('',*,*,#1986,.F.);
#2558=ORIENTED_EDGE('',*,*,#1987,.F.);
#2559=ORIENTED_EDGE('',*,*,#1988,.F.);
#2560=ORIENTED_EDGE('',*,*,#1989,.F.);
#2561=ORIENTED_EDGE('',*,*,#1990,.F.);
#2562=ORIENTED_EDGE('',*,*,#1991,.F.);
#2563=ORIENTED_EDGE('',*,*,#1992,.F.);
#2564=ORIENTED_EDGE('',*,*,#1993,.F.);
#2565=ORIENTED_EDGE('',*,*,#1994,.F.);
#2566=ORIENTED_EDGE('',*,*,#1995,.F.);
#2567=ORIENTED_EDGE('',*,*,#1996,.F.);
#2568=ORIENTED_EDGE('',*,*,#1997,.F.);
#2569=ORIENTED_EDGE('',*,*,#1998,.F.);
#2570=ORIENTED_EDGE('',*,*,#1999,.F.);
#2571=ORIENTED_EDGE('',*,*,#2000,.F.);
#2572=ORIENTED_EDGE('',*,*,#2001,.F.);
#2573=ORIENTED_EDGE('',*,*,#2002,.F.);
#2574=ORIENTED_EDGE('',*,*,#2003,.F.);
#2575=ORIENTED_EDGE('',*,*,#2004,.T.);
#2576=ORIENTED_EDGE('',*,*,#2005,.T.);
#2577=ORIENTED_EDGE('',*,*,#2006,.T.);
#2578=ORIENTED_EDGE('',*,*,#2005,.F.);
#2579=ORIENTED_EDGE('',*,*,#1928,.T.);
#2580=ORIENTED_EDGE('',*,*,#1915,.T.);
#2581=ORIENTED_EDGE('',*,*,#1932,.T.);
#2582=ORIENTED_EDGE('',*,*,#2007,.F.);
#2583=ORIENTED_EDGE('',*,*,#2008,.T.);
#2584=ORIENTED_EDGE('',*,*,#1933,.F.);
#2585=ORIENTED_EDGE('',*,*,#2009,.F.);
#2586=ORIENTED_EDGE('',*,*,#2010,.F.);
#2587=ORIENTED_EDGE('',*,*,#2011,.T.);
#2588=ORIENTED_EDGE('',*,*,#2012,.F.);
#2589=ORIENTED_EDGE('',*,*,#2004,.F.);
#2590=ORIENTED_EDGE('',*,*,#2006,.F.);
#2591=ORIENTED_EDGE('',*,*,#2013,.T.);
#2592=ORIENTED_EDGE('',*,*,#2014,.T.);
#2593=ORIENTED_EDGE('',*,*,#2013,.F.);
#2594=ORIENTED_EDGE('',*,*,#2009,.T.);
#2595=ORIENTED_EDGE('',*,*,#2015,.T.);
#2596=ORIENTED_EDGE('',*,*,#2016,.T.);
#2597=ORIENTED_EDGE('',*,*,#2015,.F.);
#2598=ORIENTED_EDGE('',*,*,#2016,.F.);
#2599=ORIENTED_EDGE('',*,*,#2017,.T.);
#2600=ORIENTED_EDGE('',*,*,#2018,.T.);
#2601=ORIENTED_EDGE('',*,*,#2017,.F.);
#2602=ORIENTED_EDGE('',*,*,#2012,.T.);
#2603=ORIENTED_EDGE('',*,*,#2019,.T.);
#2604=ORIENTED_EDGE('',*,*,#2020,.T.);
#2605=ORIENTED_EDGE('',*,*,#2019,.F.);
#2606=ORIENTED_EDGE('',*,*,#2020,.F.);
#2607=ORIENTED_EDGE('',*,*,#2021,.T.);
#2608=ORIENTED_EDGE('',*,*,#2022,.T.);
#2609=ORIENTED_EDGE('',*,*,#2021,.F.);
#2610=ORIENTED_EDGE('',*,*,#2010,.T.);
#2611=ORIENTED_EDGE('',*,*,#2023,.T.);
#2612=ORIENTED_EDGE('',*,*,#2024,.T.);
#2613=ORIENTED_EDGE('',*,*,#2023,.F.);
#2614=ORIENTED_EDGE('',*,*,#2024,.F.);
#2615=ORIENTED_EDGE('',*,*,#2025,.T.);
#2616=ORIENTED_EDGE('',*,*,#2026,.T.);
#2617=ORIENTED_EDGE('',*,*,#2025,.F.);
#2618=ORIENTED_EDGE('',*,*,#2014,.F.);
#2619=ORIENTED_EDGE('',*,*,#2022,.F.);
#2620=ORIENTED_EDGE('',*,*,#2018,.F.);
#2621=ORIENTED_EDGE('',*,*,#2026,.F.);
#2622=ORIENTED_EDGE('',*,*,#1931,.T.);
#2623=ORIENTED_EDGE('',*,*,#1937,.T.);
#2624=ORIENTED_EDGE('',*,*,#2027,.T.);
#2625=ORIENTED_EDGE('',*,*,#2007,.T.);
#2626=ORIENTED_EDGE('',*,*,#1936,.F.);
#2627=ORIENTED_EDGE('',*,*,#1934,.F.);
#2628=ORIENTED_EDGE('',*,*,#2008,.F.);
#2629=ORIENTED_EDGE('',*,*,#2027,.F.);
#2630=ORIENTED_EDGE('',*,*,#2028,.T.);
#2631=ORIENTED_EDGE('',*,*,#2029,.T.);
#2632=ORIENTED_EDGE('',*,*,#1946,.T.);
#2633=ORIENTED_EDGE('',*,*,#2030,.F.);
#2634=ORIENTED_EDGE('',*,*,#2031,.T.);
#2635=ORIENTED_EDGE('',*,*,#2032,.T.);
#2636=ORIENTED_EDGE('',*,*,#1947,.T.);
#2637=ORIENTED_EDGE('',*,*,#2029,.F.);
#2638=ORIENTED_EDGE('',*,*,#2033,.T.);
#2639=ORIENTED_EDGE('',*,*,#2034,.T.);
#2640=ORIENTED_EDGE('',*,*,#1948,.T.);
#2641=ORIENTED_EDGE('',*,*,#2032,.F.);
#2642=ORIENTED_EDGE('',*,*,#2035,.T.);
#2643=ORIENTED_EDGE('',*,*,#2036,.T.);
#2644=ORIENTED_EDGE('',*,*,#1949,.T.);
#2645=ORIENTED_EDGE('',*,*,#2034,.F.);
#2646=ORIENTED_EDGE('',*,*,#2037,.T.);
#2647=ORIENTED_EDGE('',*,*,#2038,.T.);
#2648=ORIENTED_EDGE('',*,*,#1950,.T.);
#2649=ORIENTED_EDGE('',*,*,#2036,.F.);
#2650=ORIENTED_EDGE('',*,*,#1939,.T.);
#2651=ORIENTED_EDGE('',*,*,#2039,.T.);
#2652=ORIENTED_EDGE('',*,*,#2040,.T.);
#2653=ORIENTED_EDGE('',*,*,#2041,.T.);
#2654=ORIENTED_EDGE('',*,*,#2042,.T.);
#2655=ORIENTED_EDGE('',*,*,#2043,.T.);
#2656=ORIENTED_EDGE('',*,*,#1951,.T.);
#2657=ORIENTED_EDGE('',*,*,#2038,.F.);
#2658=ORIENTED_EDGE('',*,*,#2044,.T.);
#2659=ORIENTED_EDGE('',*,*,#2045,.T.);
#2660=ORIENTED_EDGE('',*,*,#1952,.T.);
#2661=ORIENTED_EDGE('',*,*,#2043,.F.);
#2662=ORIENTED_EDGE('',*,*,#1953,.T.);
#2663=ORIENTED_EDGE('',*,*,#2045,.F.);
#2664=ORIENTED_EDGE('',*,*,#2046,.T.);
#2665=ORIENTED_EDGE('',*,*,#2047,.T.);
#2666=ORIENTED_EDGE('',*,*,#1954,.T.);
#2667=ORIENTED_EDGE('',*,*,#2047,.F.);
#2668=ORIENTED_EDGE('',*,*,#2048,.T.);
#2669=ORIENTED_EDGE('',*,*,#2039,.F.);
#2670=ORIENTED_EDGE('',*,*,#1940,.T.);
#2671=ORIENTED_EDGE('',*,*,#2041,.F.);
#2672=ORIENTED_EDGE('',*,*,#2049,.T.);
#2673=ORIENTED_EDGE('',*,*,#2050,.T.);
#2674=ORIENTED_EDGE('',*,*,#1941,.T.);
#2675=ORIENTED_EDGE('',*,*,#2050,.F.);
#2676=ORIENTED_EDGE('',*,*,#2051,.T.);
#2677=ORIENTED_EDGE('',*,*,#2052,.T.);
#2678=ORIENTED_EDGE('',*,*,#1942,.T.);
#2679=ORIENTED_EDGE('',*,*,#2052,.F.);
#2680=ORIENTED_EDGE('',*,*,#2053,.T.);
#2681=ORIENTED_EDGE('',*,*,#2054,.T.);
#2682=ORIENTED_EDGE('',*,*,#1943,.T.);
#2683=ORIENTED_EDGE('',*,*,#2054,.F.);
#2684=ORIENTED_EDGE('',*,*,#2055,.T.);
#2685=ORIENTED_EDGE('',*,*,#2056,.T.);
#2686=ORIENTED_EDGE('',*,*,#1944,.T.);
#2687=ORIENTED_EDGE('',*,*,#2056,.F.);
#2688=ORIENTED_EDGE('',*,*,#2057,.T.);
#2689=ORIENTED_EDGE('',*,*,#2058,.T.);
#2690=ORIENTED_EDGE('',*,*,#1945,.T.);
#2691=ORIENTED_EDGE('',*,*,#2058,.F.);
#2692=ORIENTED_EDGE('',*,*,#2059,.T.);
#2693=ORIENTED_EDGE('',*,*,#2030,.T.);
#2694=ORIENTED_EDGE('',*,*,#2028,.F.);
#2695=ORIENTED_EDGE('',*,*,#2060,.T.);
#2696=ORIENTED_EDGE('',*,*,#2061,.F.);
#2697=ORIENTED_EDGE('',*,*,#2062,.F.);
#2698=ORIENTED_EDGE('',*,*,#2059,.F.);
#2699=ORIENTED_EDGE('',*,*,#2063,.T.);
#2700=ORIENTED_EDGE('',*,*,#2064,.F.);
#2701=ORIENTED_EDGE('',*,*,#2060,.F.);
#2702=ORIENTED_EDGE('',*,*,#2057,.F.);
#2703=ORIENTED_EDGE('',*,*,#2065,.T.);
#2704=ORIENTED_EDGE('',*,*,#2066,.F.);
#2705=ORIENTED_EDGE('',*,*,#2063,.F.);
#2706=ORIENTED_EDGE('',*,*,#2055,.F.);
#2707=ORIENTED_EDGE('',*,*,#2067,.T.);
#2708=ORIENTED_EDGE('',*,*,#2068,.F.);
#2709=ORIENTED_EDGE('',*,*,#2065,.F.);
#2710=ORIENTED_EDGE('',*,*,#2053,.F.);
#2711=ORIENTED_EDGE('',*,*,#2069,.T.);
#2712=ORIENTED_EDGE('',*,*,#2070,.F.);
#2713=ORIENTED_EDGE('',*,*,#2067,.F.);
#2714=ORIENTED_EDGE('',*,*,#2051,.F.);
#2715=ORIENTED_EDGE('',*,*,#2071,.T.);
#2716=ORIENTED_EDGE('',*,*,#2072,.F.);
#2717=ORIENTED_EDGE('',*,*,#2069,.F.);
#2718=ORIENTED_EDGE('',*,*,#2049,.F.);
#2719=ORIENTED_EDGE('',*,*,#2073,.T.);
#2720=ORIENTED_EDGE('',*,*,#2074,.F.);
#2721=ORIENTED_EDGE('',*,*,#2071,.F.);
#2722=ORIENTED_EDGE('',*,*,#2040,.F.);
#2723=ORIENTED_EDGE('',*,*,#2075,.T.);
#2724=ORIENTED_EDGE('',*,*,#2076,.F.);
#2725=ORIENTED_EDGE('',*,*,#2073,.F.);
#2726=ORIENTED_EDGE('',*,*,#2077,.T.);
#2727=ORIENTED_EDGE('',*,*,#2078,.T.);
#2728=ORIENTED_EDGE('',*,*,#1996,.T.);
#2729=ORIENTED_EDGE('',*,*,#2079,.F.);
#2730=ORIENTED_EDGE('',*,*,#2080,.T.);
#2731=ORIENTED_EDGE('',*,*,#2081,.T.);
#2732=ORIENTED_EDGE('',*,*,#1997,.T.);
#2733=ORIENTED_EDGE('',*,*,#2078,.F.);
#2734=ORIENTED_EDGE('',*,*,#2082,.T.);
#2735=ORIENTED_EDGE('',*,*,#2083,.T.);
#2736=ORIENTED_EDGE('',*,*,#1998,.T.);
#2737=ORIENTED_EDGE('',*,*,#2081,.F.);
#2738=ORIENTED_EDGE('',*,*,#2084,.T.);
#2739=ORIENTED_EDGE('',*,*,#2085,.T.);
#2740=ORIENTED_EDGE('',*,*,#1999,.T.);
#2741=ORIENTED_EDGE('',*,*,#2083,.F.);
#2742=ORIENTED_EDGE('',*,*,#2086,.T.);
#2743=ORIENTED_EDGE('',*,*,#2087,.T.);
#2744=ORIENTED_EDGE('',*,*,#2000,.T.);
#2745=ORIENTED_EDGE('',*,*,#2085,.F.);
#2746=ORIENTED_EDGE('',*,*,#2088,.T.);
#2747=ORIENTED_EDGE('',*,*,#2089,.T.);
#2748=ORIENTED_EDGE('',*,*,#2001,.T.);
#2749=ORIENTED_EDGE('',*,*,#2087,.F.);
#2750=ORIENTED_EDGE('',*,*,#1988,.T.);
#2751=ORIENTED_EDGE('',*,*,#2090,.T.);
#2752=ORIENTED_EDGE('',*,*,#2091,.T.);
#2753=ORIENTED_EDGE('',*,*,#2092,.T.);
#2754=ORIENTED_EDGE('',*,*,#2093,.T.);
#2755=ORIENTED_EDGE('',*,*,#2094,.T.);
#2756=ORIENTED_EDGE('',*,*,#2002,.T.);
#2757=ORIENTED_EDGE('',*,*,#2089,.F.);
#2758=ORIENTED_EDGE('',*,*,#2003,.T.);
#2759=ORIENTED_EDGE('',*,*,#2094,.F.);
#2760=ORIENTED_EDGE('',*,*,#2095,.T.);
#2761=ORIENTED_EDGE('',*,*,#2090,.F.);
#2762=ORIENTED_EDGE('',*,*,#1989,.T.);
#2763=ORIENTED_EDGE('',*,*,#2092,.F.);
#2764=ORIENTED_EDGE('',*,*,#2096,.T.);
#2765=ORIENTED_EDGE('',*,*,#2097,.T.);
#2766=ORIENTED_EDGE('',*,*,#1990,.T.);
#2767=ORIENTED_EDGE('',*,*,#2097,.F.);
#2768=ORIENTED_EDGE('',*,*,#2098,.T.);
#2769=ORIENTED_EDGE('',*,*,#2099,.T.);
#2770=ORIENTED_EDGE('',*,*,#1991,.T.);
#2771=ORIENTED_EDGE('',*,*,#2099,.F.);
#2772=ORIENTED_EDGE('',*,*,#2100,.T.);
#2773=ORIENTED_EDGE('',*,*,#2101,.T.);
#2774=ORIENTED_EDGE('',*,*,#1992,.T.);
#2775=ORIENTED_EDGE('',*,*,#2101,.F.);
#2776=ORIENTED_EDGE('',*,*,#2102,.T.);
#2777=ORIENTED_EDGE('',*,*,#2103,.T.);
#2778=ORIENTED_EDGE('',*,*,#1993,.T.);
#2779=ORIENTED_EDGE('',*,*,#2103,.F.);
#2780=ORIENTED_EDGE('',*,*,#2104,.T.);
#2781=ORIENTED_EDGE('',*,*,#2105,.T.);
#2782=ORIENTED_EDGE('',*,*,#1994,.T.);
#2783=ORIENTED_EDGE('',*,*,#2105,.F.);
#2784=ORIENTED_EDGE('',*,*,#2106,.T.);
#2785=ORIENTED_EDGE('',*,*,#2107,.T.);
#2786=ORIENTED_EDGE('',*,*,#1995,.T.);
#2787=ORIENTED_EDGE('',*,*,#2107,.F.);
#2788=ORIENTED_EDGE('',*,*,#2108,.T.);
#2789=ORIENTED_EDGE('',*,*,#2079,.T.);
#2790=ORIENTED_EDGE('',*,*,#2108,.F.);
#2791=ORIENTED_EDGE('',*,*,#2109,.T.);
#2792=ORIENTED_EDGE('',*,*,#2110,.F.);
#2793=ORIENTED_EDGE('',*,*,#2111,.F.);
#2794=ORIENTED_EDGE('',*,*,#2106,.F.);
#2795=ORIENTED_EDGE('',*,*,#2112,.T.);
#2796=ORIENTED_EDGE('',*,*,#2113,.F.);
#2797=ORIENTED_EDGE('',*,*,#2109,.F.);
#2798=ORIENTED_EDGE('',*,*,#2104,.F.);
#2799=ORIENTED_EDGE('',*,*,#2114,.T.);
#2800=ORIENTED_EDGE('',*,*,#2115,.F.);
#2801=ORIENTED_EDGE('',*,*,#2112,.F.);
#2802=ORIENTED_EDGE('',*,*,#2102,.F.);
#2803=ORIENTED_EDGE('',*,*,#2116,.T.);
#2804=ORIENTED_EDGE('',*,*,#2117,.F.);
#2805=ORIENTED_EDGE('',*,*,#2114,.F.);
#2806=ORIENTED_EDGE('',*,*,#2100,.F.);
#2807=ORIENTED_EDGE('',*,*,#2118,.T.);
#2808=ORIENTED_EDGE('',*,*,#2119,.F.);
#2809=ORIENTED_EDGE('',*,*,#2116,.F.);
#2810=ORIENTED_EDGE('',*,*,#2098,.F.);
#2811=ORIENTED_EDGE('',*,*,#2120,.T.);
#2812=ORIENTED_EDGE('',*,*,#2121,.F.);
#2813=ORIENTED_EDGE('',*,*,#2118,.F.);
#2814=ORIENTED_EDGE('',*,*,#2096,.F.);
#2815=ORIENTED_EDGE('',*,*,#2122,.T.);
#2816=ORIENTED_EDGE('',*,*,#2123,.F.);
#2817=ORIENTED_EDGE('',*,*,#2120,.F.);
#2818=ORIENTED_EDGE('',*,*,#2091,.F.);
#2819=ORIENTED_EDGE('',*,*,#2124,.T.);
#2820=ORIENTED_EDGE('',*,*,#2125,.F.);
#2821=ORIENTED_EDGE('',*,*,#2122,.F.);
#2822=ORIENTED_EDGE('',*,*,#2126,.T.);
#2823=ORIENTED_EDGE('',*,*,#2127,.T.);
#2824=ORIENTED_EDGE('',*,*,#1967,.T.);
#2825=ORIENTED_EDGE('',*,*,#2128,.F.);
#2826=ORIENTED_EDGE('',*,*,#2129,.T.);
#2827=ORIENTED_EDGE('',*,*,#2130,.T.);
#2828=ORIENTED_EDGE('',*,*,#1968,.T.);
#2829=ORIENTED_EDGE('',*,*,#2127,.F.);
#2830=ORIENTED_EDGE('',*,*,#2131,.T.);
#2831=ORIENTED_EDGE('',*,*,#2132,.T.);
#2832=ORIENTED_EDGE('',*,*,#1969,.T.);
#2833=ORIENTED_EDGE('',*,*,#2130,.F.);
#2834=ORIENTED_EDGE('',*,*,#2133,.T.);
#2835=ORIENTED_EDGE('',*,*,#2134,.T.);
#2836=ORIENTED_EDGE('',*,*,#1955,.T.);
#2837=ORIENTED_EDGE('',*,*,#2135,.T.);
#2838=ORIENTED_EDGE('',*,*,#2136,.T.);
#2839=ORIENTED_EDGE('',*,*,#2137,.T.);
#2840=ORIENTED_EDGE('',*,*,#1956,.T.);
#2841=ORIENTED_EDGE('',*,*,#2134,.F.);
#2842=ORIENTED_EDGE('',*,*,#2138,.T.);
#2843=ORIENTED_EDGE('',*,*,#2139,.T.);
#2844=ORIENTED_EDGE('',*,*,#1957,.T.);
#2845=ORIENTED_EDGE('',*,*,#2137,.F.);
#2846=ORIENTED_EDGE('',*,*,#1958,.T.);
#2847=ORIENTED_EDGE('',*,*,#2139,.F.);
#2848=ORIENTED_EDGE('',*,*,#2140,.T.);
#2849=ORIENTED_EDGE('',*,*,#2141,.T.);
#2850=ORIENTED_EDGE('',*,*,#1959,.T.);
#2851=ORIENTED_EDGE('',*,*,#2141,.F.);
#2852=ORIENTED_EDGE('',*,*,#2142,.T.);
#2853=ORIENTED_EDGE('',*,*,#2143,.T.);
#2854=ORIENTED_EDGE('',*,*,#1960,.T.);
#2855=ORIENTED_EDGE('',*,*,#2143,.F.);
#2856=ORIENTED_EDGE('',*,*,#2144,.T.);
#2857=ORIENTED_EDGE('',*,*,#2145,.T.);
#2858=ORIENTED_EDGE('',*,*,#1961,.T.);
#2859=ORIENTED_EDGE('',*,*,#2145,.F.);
#2860=ORIENTED_EDGE('',*,*,#2146,.T.);
#2861=ORIENTED_EDGE('',*,*,#2147,.T.);
#2862=ORIENTED_EDGE('',*,*,#2148,.T.);
#2863=ORIENTED_EDGE('',*,*,#2135,.F.);
#2864=ORIENTED_EDGE('',*,*,#1970,.T.);
#2865=ORIENTED_EDGE('',*,*,#2132,.F.);
#2866=ORIENTED_EDGE('',*,*,#1962,.T.);
#2867=ORIENTED_EDGE('',*,*,#2147,.F.);
#2868=ORIENTED_EDGE('',*,*,#2149,.T.);
#2869=ORIENTED_EDGE('',*,*,#2150,.T.);
#2870=ORIENTED_EDGE('',*,*,#1963,.T.);
#2871=ORIENTED_EDGE('',*,*,#2150,.F.);
#2872=ORIENTED_EDGE('',*,*,#2151,.T.);
#2873=ORIENTED_EDGE('',*,*,#2152,.T.);
#2874=ORIENTED_EDGE('',*,*,#1964,.T.);
#2875=ORIENTED_EDGE('',*,*,#2152,.F.);
#2876=ORIENTED_EDGE('',*,*,#2153,.T.);
#2877=ORIENTED_EDGE('',*,*,#2154,.T.);
#2878=ORIENTED_EDGE('',*,*,#1965,.T.);
#2879=ORIENTED_EDGE('',*,*,#2154,.F.);
#2880=ORIENTED_EDGE('',*,*,#2155,.T.);
#2881=ORIENTED_EDGE('',*,*,#2156,.T.);
#2882=ORIENTED_EDGE('',*,*,#1966,.T.);
#2883=ORIENTED_EDGE('',*,*,#2156,.F.);
#2884=ORIENTED_EDGE('',*,*,#2157,.T.);
#2885=ORIENTED_EDGE('',*,*,#2128,.T.);
#2886=ORIENTED_EDGE('',*,*,#2149,.F.);
#2887=ORIENTED_EDGE('',*,*,#2158,.T.);
#2888=ORIENTED_EDGE('',*,*,#2159,.F.);
#2889=ORIENTED_EDGE('',*,*,#2160,.F.);
#2890=ORIENTED_EDGE('',*,*,#2146,.F.);
#2891=ORIENTED_EDGE('',*,*,#2161,.T.);
#2892=ORIENTED_EDGE('',*,*,#2162,.F.);
#2893=ORIENTED_EDGE('',*,*,#2158,.F.);
#2894=ORIENTED_EDGE('',*,*,#2144,.F.);
#2895=ORIENTED_EDGE('',*,*,#2163,.T.);
#2896=ORIENTED_EDGE('',*,*,#2164,.F.);
#2897=ORIENTED_EDGE('',*,*,#2161,.F.);
#2898=ORIENTED_EDGE('',*,*,#2142,.F.);
#2899=ORIENTED_EDGE('',*,*,#2165,.T.);
#2900=ORIENTED_EDGE('',*,*,#2166,.F.);
#2901=ORIENTED_EDGE('',*,*,#2163,.F.);
#2902=ORIENTED_EDGE('',*,*,#2140,.F.);
#2903=ORIENTED_EDGE('',*,*,#2167,.T.);
#2904=ORIENTED_EDGE('',*,*,#2168,.F.);
#2905=ORIENTED_EDGE('',*,*,#2165,.F.);
#2906=ORIENTED_EDGE('',*,*,#2138,.F.);
#2907=ORIENTED_EDGE('',*,*,#2169,.T.);
#2908=ORIENTED_EDGE('',*,*,#2170,.F.);
#2909=ORIENTED_EDGE('',*,*,#2167,.F.);
#2910=ORIENTED_EDGE('',*,*,#2136,.F.);
#2911=ORIENTED_EDGE('',*,*,#2171,.T.);
#2912=ORIENTED_EDGE('',*,*,#2172,.F.);
#2913=ORIENTED_EDGE('',*,*,#2169,.F.);
#2914=ORIENTED_EDGE('',*,*,#2133,.F.);
#2915=ORIENTED_EDGE('',*,*,#2173,.T.);
#2916=ORIENTED_EDGE('',*,*,#2174,.F.);
#2917=ORIENTED_EDGE('',*,*,#2171,.F.);
#2918=ORIENTED_EDGE('',*,*,#2175,.T.);
#2919=ORIENTED_EDGE('',*,*,#2176,.T.);
#2920=ORIENTED_EDGE('',*,*,#1984,.T.);
#2921=ORIENTED_EDGE('',*,*,#2177,.F.);
#2922=ORIENTED_EDGE('',*,*,#2178,.T.);
#2923=ORIENTED_EDGE('',*,*,#2179,.T.);
#2924=ORIENTED_EDGE('',*,*,#1985,.T.);
#2925=ORIENTED_EDGE('',*,*,#2176,.F.);
#2926=ORIENTED_EDGE('',*,*,#2180,.T.);
#2927=ORIENTED_EDGE('',*,*,#2181,.T.);
#2928=ORIENTED_EDGE('',*,*,#1986,.T.);
#2929=ORIENTED_EDGE('',*,*,#2179,.F.);
#2930=ORIENTED_EDGE('',*,*,#2182,.T.);
#2931=ORIENTED_EDGE('',*,*,#2183,.T.);
#2932=ORIENTED_EDGE('',*,*,#1972,.T.);
#2933=ORIENTED_EDGE('',*,*,#2184,.T.);
#2934=ORIENTED_EDGE('',*,*,#2185,.T.);
#2935=ORIENTED_EDGE('',*,*,#2186,.T.);
#2936=ORIENTED_EDGE('',*,*,#1973,.T.);
#2937=ORIENTED_EDGE('',*,*,#2183,.F.);
#2938=ORIENTED_EDGE('',*,*,#2187,.T.);
#2939=ORIENTED_EDGE('',*,*,#2188,.T.);
#2940=ORIENTED_EDGE('',*,*,#1974,.T.);
#2941=ORIENTED_EDGE('',*,*,#2186,.F.);
#2942=ORIENTED_EDGE('',*,*,#1975,.T.);
#2943=ORIENTED_EDGE('',*,*,#2188,.F.);
#2944=ORIENTED_EDGE('',*,*,#2189,.T.);
#2945=ORIENTED_EDGE('',*,*,#2190,.T.);
#2946=ORIENTED_EDGE('',*,*,#1976,.T.);
#2947=ORIENTED_EDGE('',*,*,#2190,.F.);
#2948=ORIENTED_EDGE('',*,*,#2191,.T.);
#2949=ORIENTED_EDGE('',*,*,#2192,.T.);
#2950=ORIENTED_EDGE('',*,*,#1977,.T.);
#2951=ORIENTED_EDGE('',*,*,#2192,.F.);
#2952=ORIENTED_EDGE('',*,*,#2193,.T.);
#2953=ORIENTED_EDGE('',*,*,#2194,.T.);
#2954=ORIENTED_EDGE('',*,*,#1978,.T.);
#2955=ORIENTED_EDGE('',*,*,#2194,.F.);
#2956=ORIENTED_EDGE('',*,*,#2195,.T.);
#2957=ORIENTED_EDGE('',*,*,#2196,.T.);
#2958=ORIENTED_EDGE('',*,*,#2197,.T.);
#2959=ORIENTED_EDGE('',*,*,#2184,.F.);
#2960=ORIENTED_EDGE('',*,*,#1987,.T.);
#2961=ORIENTED_EDGE('',*,*,#2181,.F.);
#2962=ORIENTED_EDGE('',*,*,#1979,.T.);
#2963=ORIENTED_EDGE('',*,*,#2196,.F.);
#2964=ORIENTED_EDGE('',*,*,#2198,.T.);
#2965=ORIENTED_EDGE('',*,*,#2199,.T.);
#2966=ORIENTED_EDGE('',*,*,#1980,.T.);
#2967=ORIENTED_EDGE('',*,*,#2199,.F.);
#2968=ORIENTED_EDGE('',*,*,#2200,.T.);
#2969=ORIENTED_EDGE('',*,*,#2201,.T.);
#2970=ORIENTED_EDGE('',*,*,#1981,.T.);
#2971=ORIENTED_EDGE('',*,*,#2201,.F.);
#2972=ORIENTED_EDGE('',*,*,#2202,.T.);
#2973=ORIENTED_EDGE('',*,*,#2203,.T.);
#2974=ORIENTED_EDGE('',*,*,#1982,.T.);
#2975=ORIENTED_EDGE('',*,*,#2203,.F.);
#2976=ORIENTED_EDGE('',*,*,#2204,.T.);
#2977=ORIENTED_EDGE('',*,*,#2205,.T.);
#2978=ORIENTED_EDGE('',*,*,#1983,.T.);
#2979=ORIENTED_EDGE('',*,*,#2205,.F.);
#2980=ORIENTED_EDGE('',*,*,#2206,.T.);
#2981=ORIENTED_EDGE('',*,*,#2177,.T.);
#2982=ORIENTED_EDGE('',*,*,#2198,.F.);
#2983=ORIENTED_EDGE('',*,*,#2207,.T.);
#2984=ORIENTED_EDGE('',*,*,#2208,.F.);
#2985=ORIENTED_EDGE('',*,*,#2209,.F.);
#2986=ORIENTED_EDGE('',*,*,#2195,.F.);
#2987=ORIENTED_EDGE('',*,*,#2210,.T.);
#2988=ORIENTED_EDGE('',*,*,#2211,.F.);
#2989=ORIENTED_EDGE('',*,*,#2207,.F.);
#2990=ORIENTED_EDGE('',*,*,#2193,.F.);
#2991=ORIENTED_EDGE('',*,*,#2212,.T.);
#2992=ORIENTED_EDGE('',*,*,#2213,.F.);
#2993=ORIENTED_EDGE('',*,*,#2210,.F.);
#2994=ORIENTED_EDGE('',*,*,#2191,.F.);
#2995=ORIENTED_EDGE('',*,*,#2214,.T.);
#2996=ORIENTED_EDGE('',*,*,#2215,.F.);
#2997=ORIENTED_EDGE('',*,*,#2212,.F.);
#2998=ORIENTED_EDGE('',*,*,#2189,.F.);
#2999=ORIENTED_EDGE('',*,*,#2216,.T.);
#3000=ORIENTED_EDGE('',*,*,#2217,.F.);
#3001=ORIENTED_EDGE('',*,*,#2214,.F.);
#3002=ORIENTED_EDGE('',*,*,#2187,.F.);
#3003=ORIENTED_EDGE('',*,*,#2218,.T.);
#3004=ORIENTED_EDGE('',*,*,#2219,.F.);
#3005=ORIENTED_EDGE('',*,*,#2216,.F.);
#3006=ORIENTED_EDGE('',*,*,#2185,.F.);
#3007=ORIENTED_EDGE('',*,*,#2220,.T.);
#3008=ORIENTED_EDGE('',*,*,#2221,.F.);
#3009=ORIENTED_EDGE('',*,*,#2218,.F.);
#3010=ORIENTED_EDGE('',*,*,#2182,.F.);
#3011=ORIENTED_EDGE('',*,*,#2222,.T.);
#3012=ORIENTED_EDGE('',*,*,#2223,.F.);
#3013=ORIENTED_EDGE('',*,*,#2220,.F.);
#3014=ORIENTED_EDGE('',*,*,#2224,.T.);
#3015=ORIENTED_EDGE('',*,*,#2225,.T.);
#3016=ORIENTED_EDGE('',*,*,#2208,.T.);
#3017=ORIENTED_EDGE('',*,*,#2226,.F.);
#3018=ORIENTED_EDGE('',*,*,#2227,.T.);
#3019=ORIENTED_EDGE('',*,*,#2228,.T.);
#3020=ORIENTED_EDGE('',*,*,#2229,.T.);
#3021=ORIENTED_EDGE('',*,*,#2225,.F.);
#3022=ORIENTED_EDGE('',*,*,#2230,.T.);
#3023=ORIENTED_EDGE('',*,*,#2231,.T.);
#3024=ORIENTED_EDGE('',*,*,#2232,.T.);
#3025=ORIENTED_EDGE('',*,*,#2228,.F.);
#3026=ORIENTED_EDGE('',*,*,#2233,.T.);
#3027=ORIENTED_EDGE('',*,*,#2234,.T.);
#3028=ORIENTED_EDGE('',*,*,#2235,.T.);
#3029=ORIENTED_EDGE('',*,*,#2231,.F.);
#3030=ORIENTED_EDGE('',*,*,#2236,.T.);
#3031=ORIENTED_EDGE('',*,*,#2237,.T.);
#3032=ORIENTED_EDGE('',*,*,#2238,.T.);
#3033=ORIENTED_EDGE('',*,*,#2234,.F.);
#3034=ORIENTED_EDGE('',*,*,#2239,.T.);
#3035=ORIENTED_EDGE('',*,*,#2240,.T.);
#3036=ORIENTED_EDGE('',*,*,#2241,.T.);
#3037=ORIENTED_EDGE('',*,*,#2237,.F.);
#3038=ORIENTED_EDGE('',*,*,#2242,.T.);
#3039=ORIENTED_EDGE('',*,*,#2243,.T.);
#3040=ORIENTED_EDGE('',*,*,#2244,.T.);
#3041=ORIENTED_EDGE('',*,*,#2240,.F.);
#3042=ORIENTED_EDGE('',*,*,#2245,.T.);
#3043=ORIENTED_EDGE('',*,*,#2246,.T.);
#3044=ORIENTED_EDGE('',*,*,#2247,.T.);
#3045=ORIENTED_EDGE('',*,*,#2243,.F.);
#3046=ORIENTED_EDGE('',*,*,#2248,.T.);
#3047=ORIENTED_EDGE('',*,*,#2249,.T.);
#3048=ORIENTED_EDGE('',*,*,#2250,.T.);
#3049=ORIENTED_EDGE('',*,*,#2246,.F.);
#3050=ORIENTED_EDGE('',*,*,#2223,.T.);
#3051=ORIENTED_EDGE('',*,*,#2249,.F.);
#3052=ORIENTED_EDGE('',*,*,#2251,.T.);
#3053=ORIENTED_EDGE('',*,*,#2252,.T.);
#3054=ORIENTED_EDGE('',*,*,#2221,.T.);
#3055=ORIENTED_EDGE('',*,*,#2252,.F.);
#3056=ORIENTED_EDGE('',*,*,#2253,.T.);
#3057=ORIENTED_EDGE('',*,*,#2254,.T.);
#3058=ORIENTED_EDGE('',*,*,#2219,.T.);
#3059=ORIENTED_EDGE('',*,*,#2254,.F.);
#3060=ORIENTED_EDGE('',*,*,#2255,.T.);
#3061=ORIENTED_EDGE('',*,*,#2256,.T.);
#3062=ORIENTED_EDGE('',*,*,#2217,.T.);
#3063=ORIENTED_EDGE('',*,*,#2256,.F.);
#3064=ORIENTED_EDGE('',*,*,#2257,.T.);
#3065=ORIENTED_EDGE('',*,*,#2258,.T.);
#3066=ORIENTED_EDGE('',*,*,#2215,.T.);
#3067=ORIENTED_EDGE('',*,*,#2258,.F.);
#3068=ORIENTED_EDGE('',*,*,#2259,.T.);
#3069=ORIENTED_EDGE('',*,*,#2260,.T.);
#3070=ORIENTED_EDGE('',*,*,#2213,.T.);
#3071=ORIENTED_EDGE('',*,*,#2260,.F.);
#3072=ORIENTED_EDGE('',*,*,#2261,.T.);
#3073=ORIENTED_EDGE('',*,*,#2262,.T.);
#3074=ORIENTED_EDGE('',*,*,#2211,.T.);
#3075=ORIENTED_EDGE('',*,*,#2262,.F.);
#3076=ORIENTED_EDGE('',*,*,#2263,.T.);
#3077=ORIENTED_EDGE('',*,*,#2226,.T.);
#3078=ORIENTED_EDGE('',*,*,#2224,.F.);
#3079=ORIENTED_EDGE('',*,*,#2263,.F.);
#3080=ORIENTED_EDGE('',*,*,#2261,.F.);
#3081=ORIENTED_EDGE('',*,*,#2259,.F.);
#3082=ORIENTED_EDGE('',*,*,#2257,.F.);
#3083=ORIENTED_EDGE('',*,*,#2255,.F.);
#3084=ORIENTED_EDGE('',*,*,#2253,.F.);
#3085=ORIENTED_EDGE('',*,*,#2251,.F.);
#3086=ORIENTED_EDGE('',*,*,#2248,.F.);
#3087=ORIENTED_EDGE('',*,*,#2245,.F.);
#3088=ORIENTED_EDGE('',*,*,#2242,.F.);
#3089=ORIENTED_EDGE('',*,*,#2239,.F.);
#3090=ORIENTED_EDGE('',*,*,#2236,.F.);
#3091=ORIENTED_EDGE('',*,*,#2233,.F.);
#3092=ORIENTED_EDGE('',*,*,#2230,.F.);
#3093=ORIENTED_EDGE('',*,*,#2227,.F.);
#3094=ORIENTED_EDGE('',*,*,#2264,.T.);
#3095=ORIENTED_EDGE('',*,*,#2265,.T.);
#3096=ORIENTED_EDGE('',*,*,#2061,.T.);
#3097=ORIENTED_EDGE('',*,*,#2266,.F.);
#3098=ORIENTED_EDGE('',*,*,#2267,.T.);
#3099=ORIENTED_EDGE('',*,*,#2268,.T.);
#3100=ORIENTED_EDGE('',*,*,#2269,.T.);
#3101=ORIENTED_EDGE('',*,*,#2265,.F.);
#3102=ORIENTED_EDGE('',*,*,#2270,.T.);
#3103=ORIENTED_EDGE('',*,*,#2271,.T.);
#3104=ORIENTED_EDGE('',*,*,#2272,.T.);
#3105=ORIENTED_EDGE('',*,*,#2268,.F.);
#3106=ORIENTED_EDGE('',*,*,#2273,.T.);
#3107=ORIENTED_EDGE('',*,*,#2274,.T.);
#3108=ORIENTED_EDGE('',*,*,#2275,.T.);
#3109=ORIENTED_EDGE('',*,*,#2271,.F.);
#3110=ORIENTED_EDGE('',*,*,#2276,.T.);
#3111=ORIENTED_EDGE('',*,*,#2277,.T.);
#3112=ORIENTED_EDGE('',*,*,#2278,.T.);
#3113=ORIENTED_EDGE('',*,*,#2274,.F.);
#3114=ORIENTED_EDGE('',*,*,#2279,.T.);
#3115=ORIENTED_EDGE('',*,*,#2280,.T.);
#3116=ORIENTED_EDGE('',*,*,#2281,.T.);
#3117=ORIENTED_EDGE('',*,*,#2277,.F.);
#3118=ORIENTED_EDGE('',*,*,#2282,.T.);
#3119=ORIENTED_EDGE('',*,*,#2283,.T.);
#3120=ORIENTED_EDGE('',*,*,#2284,.T.);
#3121=ORIENTED_EDGE('',*,*,#2280,.F.);
#3122=ORIENTED_EDGE('',*,*,#2285,.T.);
#3123=ORIENTED_EDGE('',*,*,#2286,.T.);
#3124=ORIENTED_EDGE('',*,*,#2287,.T.);
#3125=ORIENTED_EDGE('',*,*,#2283,.F.);
#3126=ORIENTED_EDGE('',*,*,#2288,.T.);
#3127=ORIENTED_EDGE('',*,*,#2289,.T.);
#3128=ORIENTED_EDGE('',*,*,#2290,.T.);
#3129=ORIENTED_EDGE('',*,*,#2286,.F.);
#3130=ORIENTED_EDGE('',*,*,#2076,.T.);
#3131=ORIENTED_EDGE('',*,*,#2289,.F.);
#3132=ORIENTED_EDGE('',*,*,#2291,.T.);
#3133=ORIENTED_EDGE('',*,*,#2292,.T.);
#3134=ORIENTED_EDGE('',*,*,#2074,.T.);
#3135=ORIENTED_EDGE('',*,*,#2292,.F.);
#3136=ORIENTED_EDGE('',*,*,#2293,.T.);
#3137=ORIENTED_EDGE('',*,*,#2294,.T.);
#3138=ORIENTED_EDGE('',*,*,#2072,.T.);
#3139=ORIENTED_EDGE('',*,*,#2294,.F.);
#3140=ORIENTED_EDGE('',*,*,#2295,.T.);
#3141=ORIENTED_EDGE('',*,*,#2296,.T.);
#3142=ORIENTED_EDGE('',*,*,#2070,.T.);
#3143=ORIENTED_EDGE('',*,*,#2296,.F.);
#3144=ORIENTED_EDGE('',*,*,#2297,.T.);
#3145=ORIENTED_EDGE('',*,*,#2298,.T.);
#3146=ORIENTED_EDGE('',*,*,#2068,.T.);
#3147=ORIENTED_EDGE('',*,*,#2298,.F.);
#3148=ORIENTED_EDGE('',*,*,#2299,.T.);
#3149=ORIENTED_EDGE('',*,*,#2300,.T.);
#3150=ORIENTED_EDGE('',*,*,#2066,.T.);
#3151=ORIENTED_EDGE('',*,*,#2300,.F.);
#3152=ORIENTED_EDGE('',*,*,#2301,.T.);
#3153=ORIENTED_EDGE('',*,*,#2302,.T.);
#3154=ORIENTED_EDGE('',*,*,#2064,.T.);
#3155=ORIENTED_EDGE('',*,*,#2302,.F.);
#3156=ORIENTED_EDGE('',*,*,#2303,.T.);
#3157=ORIENTED_EDGE('',*,*,#2266,.T.);
#3158=ORIENTED_EDGE('',*,*,#2264,.F.);
#3159=ORIENTED_EDGE('',*,*,#2303,.F.);
#3160=ORIENTED_EDGE('',*,*,#2301,.F.);
#3161=ORIENTED_EDGE('',*,*,#2299,.F.);
#3162=ORIENTED_EDGE('',*,*,#2297,.F.);
#3163=ORIENTED_EDGE('',*,*,#2295,.F.);
#3164=ORIENTED_EDGE('',*,*,#2293,.F.);
#3165=ORIENTED_EDGE('',*,*,#2291,.F.);
#3166=ORIENTED_EDGE('',*,*,#2288,.F.);
#3167=ORIENTED_EDGE('',*,*,#2285,.F.);
#3168=ORIENTED_EDGE('',*,*,#2282,.F.);
#3169=ORIENTED_EDGE('',*,*,#2279,.F.);
#3170=ORIENTED_EDGE('',*,*,#2276,.F.);
#3171=ORIENTED_EDGE('',*,*,#2273,.F.);
#3172=ORIENTED_EDGE('',*,*,#2270,.F.);
#3173=ORIENTED_EDGE('',*,*,#2267,.F.);
#3174=ORIENTED_EDGE('',*,*,#2304,.T.);
#3175=ORIENTED_EDGE('',*,*,#2305,.T.);
#3176=ORIENTED_EDGE('',*,*,#2110,.T.);
#3177=ORIENTED_EDGE('',*,*,#2306,.F.);
#3178=ORIENTED_EDGE('',*,*,#2307,.T.);
#3179=ORIENTED_EDGE('',*,*,#2308,.T.);
#3180=ORIENTED_EDGE('',*,*,#2309,.T.);
#3181=ORIENTED_EDGE('',*,*,#2305,.F.);
#3182=ORIENTED_EDGE('',*,*,#2310,.T.);
#3183=ORIENTED_EDGE('',*,*,#2311,.T.);
#3184=ORIENTED_EDGE('',*,*,#2312,.T.);
#3185=ORIENTED_EDGE('',*,*,#2308,.F.);
#3186=ORIENTED_EDGE('',*,*,#2313,.T.);
#3187=ORIENTED_EDGE('',*,*,#2314,.T.);
#3188=ORIENTED_EDGE('',*,*,#2315,.T.);
#3189=ORIENTED_EDGE('',*,*,#2311,.F.);
#3190=ORIENTED_EDGE('',*,*,#2316,.T.);
#3191=ORIENTED_EDGE('',*,*,#2317,.T.);
#3192=ORIENTED_EDGE('',*,*,#2318,.T.);
#3193=ORIENTED_EDGE('',*,*,#2314,.F.);
#3194=ORIENTED_EDGE('',*,*,#2319,.T.);
#3195=ORIENTED_EDGE('',*,*,#2320,.T.);
#3196=ORIENTED_EDGE('',*,*,#2321,.T.);
#3197=ORIENTED_EDGE('',*,*,#2317,.F.);
#3198=ORIENTED_EDGE('',*,*,#2322,.T.);
#3199=ORIENTED_EDGE('',*,*,#2323,.T.);
#3200=ORIENTED_EDGE('',*,*,#2324,.T.);
#3201=ORIENTED_EDGE('',*,*,#2320,.F.);
#3202=ORIENTED_EDGE('',*,*,#2325,.T.);
#3203=ORIENTED_EDGE('',*,*,#2326,.T.);
#3204=ORIENTED_EDGE('',*,*,#2327,.T.);
#3205=ORIENTED_EDGE('',*,*,#2323,.F.);
#3206=ORIENTED_EDGE('',*,*,#2328,.T.);
#3207=ORIENTED_EDGE('',*,*,#2329,.T.);
#3208=ORIENTED_EDGE('',*,*,#2330,.T.);
#3209=ORIENTED_EDGE('',*,*,#2326,.F.);
#3210=ORIENTED_EDGE('',*,*,#2125,.T.);
#3211=ORIENTED_EDGE('',*,*,#2329,.F.);
#3212=ORIENTED_EDGE('',*,*,#2331,.T.);
#3213=ORIENTED_EDGE('',*,*,#2332,.T.);
#3214=ORIENTED_EDGE('',*,*,#2123,.T.);
#3215=ORIENTED_EDGE('',*,*,#2332,.F.);
#3216=ORIENTED_EDGE('',*,*,#2333,.T.);
#3217=ORIENTED_EDGE('',*,*,#2334,.T.);
#3218=ORIENTED_EDGE('',*,*,#2121,.T.);
#3219=ORIENTED_EDGE('',*,*,#2334,.F.);
#3220=ORIENTED_EDGE('',*,*,#2335,.T.);
#3221=ORIENTED_EDGE('',*,*,#2336,.T.);
#3222=ORIENTED_EDGE('',*,*,#2119,.T.);
#3223=ORIENTED_EDGE('',*,*,#2336,.F.);
#3224=ORIENTED_EDGE('',*,*,#2337,.T.);
#3225=ORIENTED_EDGE('',*,*,#2338,.T.);
#3226=ORIENTED_EDGE('',*,*,#2117,.T.);
#3227=ORIENTED_EDGE('',*,*,#2338,.F.);
#3228=ORIENTED_EDGE('',*,*,#2339,.T.);
#3229=ORIENTED_EDGE('',*,*,#2340,.T.);
#3230=ORIENTED_EDGE('',*,*,#2115,.T.);
#3231=ORIENTED_EDGE('',*,*,#2340,.F.);
#3232=ORIENTED_EDGE('',*,*,#2341,.T.);
#3233=ORIENTED_EDGE('',*,*,#2342,.T.);
#3234=ORIENTED_EDGE('',*,*,#2113,.T.);
#3235=ORIENTED_EDGE('',*,*,#2342,.F.);
#3236=ORIENTED_EDGE('',*,*,#2343,.T.);
#3237=ORIENTED_EDGE('',*,*,#2306,.T.);
#3238=ORIENTED_EDGE('',*,*,#2304,.F.);
#3239=ORIENTED_EDGE('',*,*,#2343,.F.);
#3240=ORIENTED_EDGE('',*,*,#2341,.F.);
#3241=ORIENTED_EDGE('',*,*,#2339,.F.);
#3242=ORIENTED_EDGE('',*,*,#2337,.F.);
#3243=ORIENTED_EDGE('',*,*,#2335,.F.);
#3244=ORIENTED_EDGE('',*,*,#2333,.F.);
#3245=ORIENTED_EDGE('',*,*,#2331,.F.);
#3246=ORIENTED_EDGE('',*,*,#2328,.F.);
#3247=ORIENTED_EDGE('',*,*,#2325,.F.);
#3248=ORIENTED_EDGE('',*,*,#2322,.F.);
#3249=ORIENTED_EDGE('',*,*,#2319,.F.);
#3250=ORIENTED_EDGE('',*,*,#2316,.F.);
#3251=ORIENTED_EDGE('',*,*,#2313,.F.);
#3252=ORIENTED_EDGE('',*,*,#2310,.F.);
#3253=ORIENTED_EDGE('',*,*,#2307,.F.);
#3254=ORIENTED_EDGE('',*,*,#2344,.T.);
#3255=ORIENTED_EDGE('',*,*,#2345,.T.);
#3256=ORIENTED_EDGE('',*,*,#2159,.T.);
#3257=ORIENTED_EDGE('',*,*,#2346,.F.);
#3258=ORIENTED_EDGE('',*,*,#2347,.T.);
#3259=ORIENTED_EDGE('',*,*,#2348,.T.);
#3260=ORIENTED_EDGE('',*,*,#2349,.T.);
#3261=ORIENTED_EDGE('',*,*,#2345,.F.);
#3262=ORIENTED_EDGE('',*,*,#2350,.T.);
#3263=ORIENTED_EDGE('',*,*,#2351,.T.);
#3264=ORIENTED_EDGE('',*,*,#2352,.T.);
#3265=ORIENTED_EDGE('',*,*,#2348,.F.);
#3266=ORIENTED_EDGE('',*,*,#2353,.T.);
#3267=ORIENTED_EDGE('',*,*,#2354,.T.);
#3268=ORIENTED_EDGE('',*,*,#2355,.T.);
#3269=ORIENTED_EDGE('',*,*,#2351,.F.);
#3270=ORIENTED_EDGE('',*,*,#2356,.T.);
#3271=ORIENTED_EDGE('',*,*,#2357,.T.);
#3272=ORIENTED_EDGE('',*,*,#2358,.T.);
#3273=ORIENTED_EDGE('',*,*,#2354,.F.);
#3274=ORIENTED_EDGE('',*,*,#2359,.T.);
#3275=ORIENTED_EDGE('',*,*,#2360,.T.);
#3276=ORIENTED_EDGE('',*,*,#2361,.T.);
#3277=ORIENTED_EDGE('',*,*,#2357,.F.);
#3278=ORIENTED_EDGE('',*,*,#2362,.T.);
#3279=ORIENTED_EDGE('',*,*,#2363,.T.);
#3280=ORIENTED_EDGE('',*,*,#2364,.T.);
#3281=ORIENTED_EDGE('',*,*,#2360,.F.);
#3282=ORIENTED_EDGE('',*,*,#2365,.T.);
#3283=ORIENTED_EDGE('',*,*,#2366,.T.);
#3284=ORIENTED_EDGE('',*,*,#2367,.T.);
#3285=ORIENTED_EDGE('',*,*,#2363,.F.);
#3286=ORIENTED_EDGE('',*,*,#2368,.T.);
#3287=ORIENTED_EDGE('',*,*,#2369,.T.);
#3288=ORIENTED_EDGE('',*,*,#2370,.T.);
#3289=ORIENTED_EDGE('',*,*,#2366,.F.);
#3290=ORIENTED_EDGE('',*,*,#2174,.T.);
#3291=ORIENTED_EDGE('',*,*,#2369,.F.);
#3292=ORIENTED_EDGE('',*,*,#2371,.T.);
#3293=ORIENTED_EDGE('',*,*,#2372,.T.);
#3294=ORIENTED_EDGE('',*,*,#2172,.T.);
#3295=ORIENTED_EDGE('',*,*,#2372,.F.);
#3296=ORIENTED_EDGE('',*,*,#2373,.T.);
#3297=ORIENTED_EDGE('',*,*,#2374,.T.);
#3298=ORIENTED_EDGE('',*,*,#2170,.T.);
#3299=ORIENTED_EDGE('',*,*,#2374,.F.);
#3300=ORIENTED_EDGE('',*,*,#2375,.T.);
#3301=ORIENTED_EDGE('',*,*,#2376,.T.);
#3302=ORIENTED_EDGE('',*,*,#2168,.T.);
#3303=ORIENTED_EDGE('',*,*,#2376,.F.);
#3304=ORIENTED_EDGE('',*,*,#2377,.T.);
#3305=ORIENTED_EDGE('',*,*,#2378,.T.);
#3306=ORIENTED_EDGE('',*,*,#2166,.T.);
#3307=ORIENTED_EDGE('',*,*,#2378,.F.);
#3308=ORIENTED_EDGE('',*,*,#2379,.T.);
#3309=ORIENTED_EDGE('',*,*,#2380,.T.);
#3310=ORIENTED_EDGE('',*,*,#2164,.T.);
#3311=ORIENTED_EDGE('',*,*,#2380,.F.);
#3312=ORIENTED_EDGE('',*,*,#2381,.T.);
#3313=ORIENTED_EDGE('',*,*,#2382,.T.);
#3314=ORIENTED_EDGE('',*,*,#2162,.T.);
#3315=ORIENTED_EDGE('',*,*,#2382,.F.);
#3316=ORIENTED_EDGE('',*,*,#2383,.T.);
#3317=ORIENTED_EDGE('',*,*,#2346,.T.);
#3318=ORIENTED_EDGE('',*,*,#2344,.F.);
#3319=ORIENTED_EDGE('',*,*,#2383,.F.);
#3320=ORIENTED_EDGE('',*,*,#2381,.F.);
#3321=ORIENTED_EDGE('',*,*,#2379,.F.);
#3322=ORIENTED_EDGE('',*,*,#2377,.F.);
#3323=ORIENTED_EDGE('',*,*,#2375,.F.);
#3324=ORIENTED_EDGE('',*,*,#2373,.F.);
#3325=ORIENTED_EDGE('',*,*,#2371,.F.);
#3326=ORIENTED_EDGE('',*,*,#2368,.F.);
#3327=ORIENTED_EDGE('',*,*,#2365,.F.);
#3328=ORIENTED_EDGE('',*,*,#2362,.F.);
#3329=ORIENTED_EDGE('',*,*,#2359,.F.);
#3330=ORIENTED_EDGE('',*,*,#2356,.F.);
#3331=ORIENTED_EDGE('',*,*,#2353,.F.);
#3332=ORIENTED_EDGE('',*,*,#2350,.F.);
#3333=ORIENTED_EDGE('',*,*,#2347,.F.);
#3334=ORIENTED_EDGE('',*,*,#2151,.F.);
#3335=ORIENTED_EDGE('',*,*,#2160,.T.);
#3336=ORIENTED_EDGE('',*,*,#2349,.F.);
#3337=ORIENTED_EDGE('',*,*,#2384,.F.);
#3338=ORIENTED_EDGE('',*,*,#2153,.F.);
#3339=ORIENTED_EDGE('',*,*,#2384,.T.);
#3340=ORIENTED_EDGE('',*,*,#2352,.F.);
#3341=ORIENTED_EDGE('',*,*,#2385,.F.);
#3342=ORIENTED_EDGE('',*,*,#2155,.F.);
#3343=ORIENTED_EDGE('',*,*,#2385,.T.);
#3344=ORIENTED_EDGE('',*,*,#2355,.F.);
#3345=ORIENTED_EDGE('',*,*,#2386,.F.);
#3346=ORIENTED_EDGE('',*,*,#2157,.F.);
#3347=ORIENTED_EDGE('',*,*,#2386,.T.);
#3348=ORIENTED_EDGE('',*,*,#2358,.F.);
#3349=ORIENTED_EDGE('',*,*,#2387,.F.);
#3350=ORIENTED_EDGE('',*,*,#2126,.F.);
#3351=ORIENTED_EDGE('',*,*,#2387,.T.);
#3352=ORIENTED_EDGE('',*,*,#2361,.F.);
#3353=ORIENTED_EDGE('',*,*,#2388,.F.);
#3354=ORIENTED_EDGE('',*,*,#2129,.F.);
#3355=ORIENTED_EDGE('',*,*,#2388,.T.);
#3356=ORIENTED_EDGE('',*,*,#2364,.F.);
#3357=ORIENTED_EDGE('',*,*,#2389,.F.);
#3358=ORIENTED_EDGE('',*,*,#2131,.F.);
#3359=ORIENTED_EDGE('',*,*,#2389,.T.);
#3360=ORIENTED_EDGE('',*,*,#2367,.F.);
#3361=ORIENTED_EDGE('',*,*,#2390,.F.);
#3362=ORIENTED_EDGE('',*,*,#2148,.F.);
#3363=ORIENTED_EDGE('',*,*,#2390,.T.);
#3364=ORIENTED_EDGE('',*,*,#2370,.F.);
#3365=ORIENTED_EDGE('',*,*,#2173,.F.);
#3366=ORIENTED_EDGE('',*,*,#2077,.F.);
#3367=ORIENTED_EDGE('',*,*,#2111,.T.);
#3368=ORIENTED_EDGE('',*,*,#2309,.F.);
#3369=ORIENTED_EDGE('',*,*,#2391,.F.);
#3370=ORIENTED_EDGE('',*,*,#2080,.F.);
#3371=ORIENTED_EDGE('',*,*,#2391,.T.);
#3372=ORIENTED_EDGE('',*,*,#2312,.F.);
#3373=ORIENTED_EDGE('',*,*,#2392,.F.);
#3374=ORIENTED_EDGE('',*,*,#2082,.F.);
#3375=ORIENTED_EDGE('',*,*,#2392,.T.);
#3376=ORIENTED_EDGE('',*,*,#2315,.F.);
#3377=ORIENTED_EDGE('',*,*,#2393,.F.);
#3378=ORIENTED_EDGE('',*,*,#2084,.F.);
#3379=ORIENTED_EDGE('',*,*,#2393,.T.);
#3380=ORIENTED_EDGE('',*,*,#2318,.F.);
#3381=ORIENTED_EDGE('',*,*,#2394,.F.);
#3382=ORIENTED_EDGE('',*,*,#2086,.F.);
#3383=ORIENTED_EDGE('',*,*,#2394,.T.);
#3384=ORIENTED_EDGE('',*,*,#2321,.F.);
#3385=ORIENTED_EDGE('',*,*,#2395,.F.);
#3386=ORIENTED_EDGE('',*,*,#2088,.F.);
#3387=ORIENTED_EDGE('',*,*,#2395,.T.);
#3388=ORIENTED_EDGE('',*,*,#2324,.F.);
#3389=ORIENTED_EDGE('',*,*,#2396,.F.);
#3390=ORIENTED_EDGE('',*,*,#2093,.F.);
#3391=ORIENTED_EDGE('',*,*,#2396,.T.);
#3392=ORIENTED_EDGE('',*,*,#2327,.F.);
#3393=ORIENTED_EDGE('',*,*,#2397,.F.);
#3394=ORIENTED_EDGE('',*,*,#2095,.F.);
#3395=ORIENTED_EDGE('',*,*,#2397,.T.);
#3396=ORIENTED_EDGE('',*,*,#2330,.F.);
#3397=ORIENTED_EDGE('',*,*,#2124,.F.);
#3398=ORIENTED_EDGE('',*,*,#2200,.F.);
#3399=ORIENTED_EDGE('',*,*,#2209,.T.);
#3400=ORIENTED_EDGE('',*,*,#2229,.F.);
#3401=ORIENTED_EDGE('',*,*,#2398,.F.);
#3402=ORIENTED_EDGE('',*,*,#2202,.F.);
#3403=ORIENTED_EDGE('',*,*,#2398,.T.);
#3404=ORIENTED_EDGE('',*,*,#2232,.F.);
#3405=ORIENTED_EDGE('',*,*,#2399,.F.);
#3406=ORIENTED_EDGE('',*,*,#2204,.F.);
#3407=ORIENTED_EDGE('',*,*,#2399,.T.);
#3408=ORIENTED_EDGE('',*,*,#2235,.F.);
#3409=ORIENTED_EDGE('',*,*,#2400,.F.);
#3410=ORIENTED_EDGE('',*,*,#2206,.F.);
#3411=ORIENTED_EDGE('',*,*,#2400,.T.);
#3412=ORIENTED_EDGE('',*,*,#2238,.F.);
#3413=ORIENTED_EDGE('',*,*,#2401,.F.);
#3414=ORIENTED_EDGE('',*,*,#2175,.F.);
#3415=ORIENTED_EDGE('',*,*,#2401,.T.);
#3416=ORIENTED_EDGE('',*,*,#2241,.F.);
#3417=ORIENTED_EDGE('',*,*,#2402,.F.);
#3418=ORIENTED_EDGE('',*,*,#2178,.F.);
#3419=ORIENTED_EDGE('',*,*,#2402,.T.);
#3420=ORIENTED_EDGE('',*,*,#2244,.F.);
#3421=ORIENTED_EDGE('',*,*,#2403,.F.);
#3422=ORIENTED_EDGE('',*,*,#2180,.F.);
#3423=ORIENTED_EDGE('',*,*,#2403,.T.);
#3424=ORIENTED_EDGE('',*,*,#2247,.F.);
#3425=ORIENTED_EDGE('',*,*,#2404,.F.);
#3426=ORIENTED_EDGE('',*,*,#2197,.F.);
#3427=ORIENTED_EDGE('',*,*,#2404,.T.);
#3428=ORIENTED_EDGE('',*,*,#2250,.F.);
#3429=ORIENTED_EDGE('',*,*,#2222,.F.);
#3430=ORIENTED_EDGE('',*,*,#2031,.F.);
#3431=ORIENTED_EDGE('',*,*,#2062,.T.);
#3432=ORIENTED_EDGE('',*,*,#2269,.F.);
#3433=ORIENTED_EDGE('',*,*,#2405,.F.);
#3434=ORIENTED_EDGE('',*,*,#2033,.F.);
#3435=ORIENTED_EDGE('',*,*,#2405,.T.);
#3436=ORIENTED_EDGE('',*,*,#2272,.F.);
#3437=ORIENTED_EDGE('',*,*,#2406,.F.);
#3438=ORIENTED_EDGE('',*,*,#2035,.F.);
#3439=ORIENTED_EDGE('',*,*,#2406,.T.);
#3440=ORIENTED_EDGE('',*,*,#2275,.F.);
#3441=ORIENTED_EDGE('',*,*,#2407,.F.);
#3442=ORIENTED_EDGE('',*,*,#2037,.F.);
#3443=ORIENTED_EDGE('',*,*,#2407,.T.);
#3444=ORIENTED_EDGE('',*,*,#2278,.F.);
#3445=ORIENTED_EDGE('',*,*,#2408,.F.);
#3446=ORIENTED_EDGE('',*,*,#2042,.F.);
#3447=ORIENTED_EDGE('',*,*,#2408,.T.);
#3448=ORIENTED_EDGE('',*,*,#2281,.F.);
#3449=ORIENTED_EDGE('',*,*,#2409,.F.);
#3450=ORIENTED_EDGE('',*,*,#2044,.F.);
#3451=ORIENTED_EDGE('',*,*,#2409,.T.);
#3452=ORIENTED_EDGE('',*,*,#2284,.F.);
#3453=ORIENTED_EDGE('',*,*,#2410,.F.);
#3454=ORIENTED_EDGE('',*,*,#2046,.F.);
#3455=ORIENTED_EDGE('',*,*,#2410,.T.);
#3456=ORIENTED_EDGE('',*,*,#2287,.F.);
#3457=ORIENTED_EDGE('',*,*,#2411,.F.);
#3458=ORIENTED_EDGE('',*,*,#2048,.F.);
#3459=ORIENTED_EDGE('',*,*,#2411,.T.);
#3460=ORIENTED_EDGE('',*,*,#2290,.F.);
#3461=ORIENTED_EDGE('',*,*,#2075,.F.);
#3462=ORIENTED_EDGE('',*,*,#1919,.T.);
#3463=ORIENTED_EDGE('',*,*,#1909,.F.);
#3464=ORIENTED_EDGE('',*,*,#1903,.F.);
#3465=ORIENTED_EDGE('',*,*,#1898,.F.);
#3466=ORIENTED_EDGE('',*,*,#1918,.T.);
#3467=ORIENTED_EDGE('',*,*,#1921,.T.);
#3468=ORIENTED_EDGE('',*,*,#1906,.F.);
#3469=ORIENTED_EDGE('',*,*,#1911,.F.);
#3470=ORIENTED_EDGE('',*,*,#1889,.T.);
#3471=ORIENTED_EDGE('',*,*,#1923,.T.);
#3472=ORIENTED_EDGE('',*,*,#1884,.F.);
#3473=ORIENTED_EDGE('',*,*,#1913,.F.);
#3474=ORIENTED_EDGE('',*,*,#1920,.T.);
#3475=ORIENTED_EDGE('',*,*,#1896,.T.);
#3476=ORIENTED_EDGE('',*,*,#1880,.F.);
#3477=ORIENTED_EDGE('',*,*,#1938,.F.);
#3478=ORIENTED_EDGE('',*,*,#1929,.T.);
#3479=ORIENTED_EDGE('',*,*,#2011,.F.);
#3480=ORIENTED_EDGE('',*,*,#2412,.T.);
#3481=ORIENTED_EDGE('',*,*,#1971,.T.);
#3482=ORIENTED_EDGE('',*,*,#2412,.F.);
#3483=PLANE('',#3890);
#3484=PLANE('',#3891);
#3485=PLANE('',#3892);
#3486=PLANE('',#3893);
#3487=PLANE('',#3894);
#3488=PLANE('',#3895);
#3489=PLANE('',#3896);
#3490=PLANE('',#3897);
#3491=PLANE('',#3898);
#3492=PLANE('',#3899);
#3493=PLANE('',#3900);
#3494=PLANE('',#3901);
#3495=PLANE('',#3902);
#3496=PLANE('',#3903);
#3497=PLANE('',#3904);
#3498=PLANE('',#3905);
#3499=PLANE('',#3906);
#3500=PLANE('',#3911);
#3501=PLANE('',#3930);
#3502=PLANE('',#3931);
#3503=PLANE('',#3932);
#3504=PLANE('',#3933);
#3505=PLANE('',#3934);
#3506=PLANE('',#3935);
#3507=PLANE('',#3968);
#3508=PLANE('',#3969);
#3509=PLANE('',#3970);
#3510=PLANE('',#3971);
#3511=PLANE('',#3972);
#3512=PLANE('',#3973);
#3513=PLANE('',#3974);
#3514=PLANE('',#3975);
#3515=PLANE('',#4008);
#3516=PLANE('',#4009);
#3517=PLANE('',#4010);
#3518=PLANE('',#4011);
#3519=PLANE('',#4012);
#3520=PLANE('',#4013);
#3521=PLANE('',#4014);
#3522=PLANE('',#4015);
#3523=PLANE('',#4048);
#3524=PLANE('',#4049);
#3525=PLANE('',#4050);
#3526=PLANE('',#4051);
#3527=PLANE('',#4052);
#3528=PLANE('',#4053);
#3529=PLANE('',#4054);
#3530=PLANE('',#4055);
#3531=PLANE('',#4088);
#3532=PLANE('',#4089);
#3533=PLANE('',#4090);
#3534=PLANE('',#4091);
#3535=PLANE('',#4092);
#3536=PLANE('',#4093);
#3537=PLANE('',#4094);
#3538=PLANE('',#4095);
#3539=PLANE('',#4096);
#3540=PLANE('',#4097);
#3541=PLANE('',#4098);
#3542=PLANE('',#4099);
#3543=PLANE('',#4100);
#3544=PLANE('',#4101);
#3545=PLANE('',#4102);
#3546=PLANE('',#4103);
#3547=PLANE('',#4104);
#3548=PLANE('',#4105);
#3549=PLANE('',#4106);
#3550=PLANE('',#4107);
#3551=PLANE('',#4108);
#3552=PLANE('',#4109);
#3553=PLANE('',#4110);
#3554=PLANE('',#4111);
#3555=PLANE('',#4112);
#3556=PLANE('',#4113);
#3557=PLANE('',#4114);
#3558=PLANE('',#4115);
#3559=PLANE('',#4116);
#3560=PLANE('',#4117);
#3561=PLANE('',#4118);
#3562=PLANE('',#4119);
#3563=PLANE('',#4120);
#3564=PLANE('',#4121);
#3565=PLANE('',#4122);
#3566=PLANE('',#4123);
#3567=PLANE('',#4124);
#3568=PLANE('',#4125);
#3569=PLANE('',#4126);
#3570=PLANE('',#4127);
#3571=PLANE('',#4128);
#3572=PLANE('',#4129);
#3573=PLANE('',#4130);
#3574=PLANE('',#4131);
#3575=PLANE('',#4132);
#3576=PLANE('',#4133);
#3577=PLANE('',#4134);
#3578=PLANE('',#4135);
#3579=PLANE('',#4136);
#3580=PLANE('',#4137);
#3581=PLANE('',#4138);
#3582=PLANE('',#4139);
#3583=PLANE('',#4140);
#3584=PLANE('',#4141);
#3585=PLANE('',#4142);
#3586=PLANE('',#4143);
#3587=PLANE('',#4144);
#3588=PLANE('',#4145);
#3589=PLANE('',#4146);
#3590=PLANE('',#4147);
#3591=PLANE('',#4148);
#3592=PLANE('',#4149);
#3593=PLANE('',#4150);
#3594=PLANE('',#4151);
#3595=PLANE('',#4152);
#3596=PLANE('',#4153);
#3597=PLANE('',#4154);
#3598=PLANE('',#4155);
#3599=PLANE('',#4156);
#3600=PLANE('',#4157);
#3601=PLANE('',#4158);
#3602=PLANE('',#4159);
#3603=PLANE('',#4160);
#3604=PLANE('',#4161);
#3605=PLANE('',#4162);
#3606=PLANE('',#4163);
#3607=PLANE('',#4164);
#3608=PLANE('',#4165);
#3609=PLANE('',#4166);
#3610=PLANE('',#4167);
#3611=PLANE('',#4168);
#3612=PLANE('',#4169);
#3613=PLANE('',#4170);
#3614=PLANE('',#4171);
#3615=PLANE('',#4172);
#3616=PLANE('',#4173);
#3617=PLANE('',#4174);
#3618=PLANE('',#4175);
#3619=PLANE('',#4176);
#3620=PLANE('',#4177);
#3621=PLANE('',#4178);
#3622=PLANE('',#4179);
#3623=PLANE('',#4180);
#3624=PLANE('',#4181);
#3625=PLANE('',#4182);
#3626=PLANE('',#4183);
#3627=PLANE('',#4184);
#3628=PLANE('',#4185);
#3629=PLANE('',#4186);
#3630=PLANE('',#4187);
#3631=PLANE('',#4188);
#3632=PLANE('',#4189);
#3633=PLANE('',#4190);
#3634=PLANE('',#4191);
#3635=PLANE('',#4192);
#3636=PLANE('',#4193);
#3637=PLANE('',#4194);
#3638=PLANE('',#4195);
#3639=PLANE('',#4196);
#3640=PLANE('',#4197);
#3641=PLANE('',#4198);
#3642=PLANE('',#4199);
#3643=ADVANCED_FACE('',(#176),#3483,.T.);
#3644=ADVANCED_FACE('',(#177),#3484,.F.);
#3645=ADVANCED_FACE('',(#178),#3485,.F.);
#3646=ADVANCED_FACE('',(#179),#3486,.T.);
#3647=ADVANCED_FACE('',(#180),#3487,.T.);
#3648=ADVANCED_FACE('',(#181),#3488,.T.);
#3649=ADVANCED_FACE('',(#182),#3489,.T.);
#3650=ADVANCED_FACE('',(#183),#3490,.T.);
#3651=ADVANCED_FACE('',(#184),#3491,.T.);
#3652=ADVANCED_FACE('',(#185),#3492,.T.);
#3653=ADVANCED_FACE('',(#186),#3493,.F.);
#3654=ADVANCED_FACE('',(#187),#3494,.T.);
#3655=ADVANCED_FACE('',(#188),#3495,.T.);
#3656=ADVANCED_FACE('',(#189),#3496,.F.);
#3657=ADVANCED_FACE('',(#190),#3497,.F.);
#3658=ADVANCED_FACE('',(#191),#3498,.T.);
#3659=ADVANCED_FACE('',(#192,#166,#167,#168,#169,#170),#3499,.F.);
#3660=ADVANCED_FACE('',(#193),#148,.F.);
#3661=ADVANCED_FACE('',(#194,#171,#172,#173,#174,#175),#3500,.T.);
#3662=ADVANCED_FACE('',(#195),#79,.F.);
#3663=ADVANCED_FACE('',(#196),#149,.F.);
#3664=ADVANCED_FACE('',(#197),#80,.F.);
#3665=ADVANCED_FACE('',(#198),#150,.F.);
#3666=ADVANCED_FACE('',(#199),#81,.F.);
#3667=ADVANCED_FACE('',(#200),#151,.F.);
#3668=ADVANCED_FACE('',(#201),#82,.F.);
#3669=ADVANCED_FACE('',(#202),#3501,.T.);
#3670=ADVANCED_FACE('',(#203),#3502,.T.);
#3671=ADVANCED_FACE('',(#204),#3503,.T.);
#3672=ADVANCED_FACE('',(#205),#3504,.T.);
#3673=ADVANCED_FACE('',(#206),#3505,.T.);
#3674=ADVANCED_FACE('',(#207),#3506,.T.);
#3675=ADVANCED_FACE('',(#208),#83,.F.);
#3676=ADVANCED_FACE('',(#209),#84,.F.);
#3677=ADVANCED_FACE('',(#210),#85,.F.);
#3678=ADVANCED_FACE('',(#211),#86,.F.);
#3679=ADVANCED_FACE('',(#212),#87,.F.);
#3680=ADVANCED_FACE('',(#213),#88,.F.);
#3681=ADVANCED_FACE('',(#214),#89,.F.);
#3682=ADVANCED_FACE('',(#215),#90,.F.);
#3683=ADVANCED_FACE('',(#216),#91,.F.);
#3684=ADVANCED_FACE('',(#217),#92,.F.);
#3685=ADVANCED_FACE('',(#218),#93,.F.);
#3686=ADVANCED_FACE('',(#219),#94,.F.);
#3687=ADVANCED_FACE('',(#220),#95,.F.);
#3688=ADVANCED_FACE('',(#221),#96,.F.);
#3689=ADVANCED_FACE('',(#222),#97,.F.);
#3690=ADVANCED_FACE('',(#223),#98,.F.);
#3691=ADVANCED_FACE('',(#224),#3507,.T.);
#3692=ADVANCED_FACE('',(#225),#3508,.T.);
#3693=ADVANCED_FACE('',(#226),#3509,.T.);
#3694=ADVANCED_FACE('',(#227),#3510,.T.);
#3695=ADVANCED_FACE('',(#228),#3511,.T.);
#3696=ADVANCED_FACE('',(#229),#3512,.T.);
#3697=ADVANCED_FACE('',(#230),#3513,.T.);
#3698=ADVANCED_FACE('',(#231),#3514,.T.);
#3699=ADVANCED_FACE('',(#232),#99,.F.);
#3700=ADVANCED_FACE('',(#233),#100,.F.);
#3701=ADVANCED_FACE('',(#234),#101,.F.);
#3702=ADVANCED_FACE('',(#235),#102,.F.);
#3703=ADVANCED_FACE('',(#236),#103,.F.);
#3704=ADVANCED_FACE('',(#237),#104,.F.);
#3705=ADVANCED_FACE('',(#238),#105,.F.);
#3706=ADVANCED_FACE('',(#239),#106,.F.);
#3707=ADVANCED_FACE('',(#240),#107,.F.);
#3708=ADVANCED_FACE('',(#241),#108,.F.);
#3709=ADVANCED_FACE('',(#242),#109,.F.);
#3710=ADVANCED_FACE('',(#243),#110,.F.);
#3711=ADVANCED_FACE('',(#244),#111,.F.);
#3712=ADVANCED_FACE('',(#245),#112,.F.);
#3713=ADVANCED_FACE('',(#246),#113,.F.);
#3714=ADVANCED_FACE('',(#247),#114,.F.);
#3715=ADVANCED_FACE('',(#248),#3515,.T.);
#3716=ADVANCED_FACE('',(#249),#3516,.T.);
#3717=ADVANCED_FACE('',(#250),#3517,.T.);
#3718=ADVANCED_FACE('',(#251),#3518,.T.);
#3719=ADVANCED_FACE('',(#252),#3519,.T.);
#3720=ADVANCED_FACE('',(#253),#3520,.T.);
#3721=ADVANCED_FACE('',(#254),#3521,.T.);
#3722=ADVANCED_FACE('',(#255),#3522,.T.);
#3723=ADVANCED_FACE('',(#256),#115,.F.);
#3724=ADVANCED_FACE('',(#257),#116,.F.);
#3725=ADVANCED_FACE('',(#258),#117,.F.);
#3726=ADVANCED_FACE('',(#259),#118,.F.);
#3727=ADVANCED_FACE('',(#260),#119,.F.);
#3728=ADVANCED_FACE('',(#261),#120,.F.);
#3729=ADVANCED_FACE('',(#262),#121,.F.);
#3730=ADVANCED_FACE('',(#263),#122,.F.);
#3731=ADVANCED_FACE('',(#264),#123,.F.);
#3732=ADVANCED_FACE('',(#265),#124,.F.);
#3733=ADVANCED_FACE('',(#266),#125,.F.);
#3734=ADVANCED_FACE('',(#267),#126,.F.);
#3735=ADVANCED_FACE('',(#268),#127,.F.);
#3736=ADVANCED_FACE('',(#269),#128,.F.);
#3737=ADVANCED_FACE('',(#270),#129,.F.);
#3738=ADVANCED_FACE('',(#271),#130,.F.);
#3739=ADVANCED_FACE('',(#272),#3523,.T.);
#3740=ADVANCED_FACE('',(#273),#3524,.T.);
#3741=ADVANCED_FACE('',(#274),#3525,.T.);
#3742=ADVANCED_FACE('',(#275),#3526,.T.);
#3743=ADVANCED_FACE('',(#276),#3527,.T.);
#3744=ADVANCED_FACE('',(#277),#3528,.T.);
#3745=ADVANCED_FACE('',(#278),#3529,.T.);
#3746=ADVANCED_FACE('',(#279),#3530,.T.);
#3747=ADVANCED_FACE('',(#280),#131,.F.);
#3748=ADVANCED_FACE('',(#281),#132,.F.);
#3749=ADVANCED_FACE('',(#282),#133,.F.);
#3750=ADVANCED_FACE('',(#283),#134,.F.);
#3751=ADVANCED_FACE('',(#284),#135,.F.);
#3752=ADVANCED_FACE('',(#285),#136,.F.);
#3753=ADVANCED_FACE('',(#286),#137,.F.);
#3754=ADVANCED_FACE('',(#287),#138,.F.);
#3755=ADVANCED_FACE('',(#288),#139,.F.);
#3756=ADVANCED_FACE('',(#289),#140,.F.);
#3757=ADVANCED_FACE('',(#290),#141,.F.);
#3758=ADVANCED_FACE('',(#291),#142,.F.);
#3759=ADVANCED_FACE('',(#292),#143,.F.);
#3760=ADVANCED_FACE('',(#293),#144,.F.);
#3761=ADVANCED_FACE('',(#294),#145,.F.);
#3762=ADVANCED_FACE('',(#295),#146,.F.);
#3763=ADVANCED_FACE('',(#296),#3531,.T.);
#3764=ADVANCED_FACE('',(#297),#3532,.T.);
#3765=ADVANCED_FACE('',(#298),#3533,.T.);
#3766=ADVANCED_FACE('',(#299),#3534,.T.);
#3767=ADVANCED_FACE('',(#300),#3535,.T.);
#3768=ADVANCED_FACE('',(#301),#3536,.T.);
#3769=ADVANCED_FACE('',(#302),#3537,.T.);
#3770=ADVANCED_FACE('',(#303),#3538,.T.);
#3771=ADVANCED_FACE('',(#304),#3539,.T.);
#3772=ADVANCED_FACE('',(#305),#3540,.T.);
#3773=ADVANCED_FACE('',(#306),#3541,.T.);
#3774=ADVANCED_FACE('',(#307),#3542,.T.);
#3775=ADVANCED_FACE('',(#308),#3543,.T.);
#3776=ADVANCED_FACE('',(#309),#3544,.T.);
#3777=ADVANCED_FACE('',(#310),#3545,.T.);
#3778=ADVANCED_FACE('',(#311),#3546,.T.);
#3779=ADVANCED_FACE('',(#312),#3547,.T.);
#3780=ADVANCED_FACE('',(#313),#3548,.T.);
#3781=ADVANCED_FACE('',(#314),#3549,.T.);
#3782=ADVANCED_FACE('',(#315),#3550,.T.);
#3783=ADVANCED_FACE('',(#316),#3551,.T.);
#3784=ADVANCED_FACE('',(#317),#3552,.T.);
#3785=ADVANCED_FACE('',(#318),#3553,.T.);
#3786=ADVANCED_FACE('',(#319),#3554,.T.);
#3787=ADVANCED_FACE('',(#320),#3555,.T.);
#3788=ADVANCED_FACE('',(#321),#3556,.T.);
#3789=ADVANCED_FACE('',(#322),#3557,.T.);
#3790=ADVANCED_FACE('',(#323),#3558,.T.);
#3791=ADVANCED_FACE('',(#324),#3559,.T.);
#3792=ADVANCED_FACE('',(#325),#3560,.T.);
#3793=ADVANCED_FACE('',(#326),#3561,.T.);
#3794=ADVANCED_FACE('',(#327),#3562,.T.);
#3795=ADVANCED_FACE('',(#328),#3563,.T.);
#3796=ADVANCED_FACE('',(#329),#3564,.T.);
#3797=ADVANCED_FACE('',(#330),#3565,.T.);
#3798=ADVANCED_FACE('',(#331),#3566,.T.);
#3799=ADVANCED_FACE('',(#332),#3567,.T.);
#3800=ADVANCED_FACE('',(#333),#3568,.T.);
#3801=ADVANCED_FACE('',(#334),#3569,.T.);
#3802=ADVANCED_FACE('',(#335),#3570,.T.);
#3803=ADVANCED_FACE('',(#336),#3571,.T.);
#3804=ADVANCED_FACE('',(#337),#3572,.T.);
#3805=ADVANCED_FACE('',(#338),#3573,.T.);
#3806=ADVANCED_FACE('',(#339),#3574,.T.);
#3807=ADVANCED_FACE('',(#340),#3575,.T.);
#3808=ADVANCED_FACE('',(#341),#3576,.T.);
#3809=ADVANCED_FACE('',(#342),#3577,.T.);
#3810=ADVANCED_FACE('',(#343),#3578,.T.);
#3811=ADVANCED_FACE('',(#344),#3579,.T.);
#3812=ADVANCED_FACE('',(#345),#3580,.T.);
#3813=ADVANCED_FACE('',(#346),#3581,.T.);
#3814=ADVANCED_FACE('',(#347),#3582,.T.);
#3815=ADVANCED_FACE('',(#348),#3583,.T.);
#3816=ADVANCED_FACE('',(#349),#3584,.T.);
#3817=ADVANCED_FACE('',(#350),#3585,.T.);
#3818=ADVANCED_FACE('',(#351),#3586,.T.);
#3819=ADVANCED_FACE('',(#352),#3587,.T.);
#3820=ADVANCED_FACE('',(#353),#3588,.T.);
#3821=ADVANCED_FACE('',(#354),#3589,.T.);
#3822=ADVANCED_FACE('',(#355),#3590,.T.);
#3823=ADVANCED_FACE('',(#356),#3591,.T.);
#3824=ADVANCED_FACE('',(#357),#3592,.T.);
#3825=ADVANCED_FACE('',(#358),#3593,.T.);
#3826=ADVANCED_FACE('',(#359),#3594,.T.);
#3827=ADVANCED_FACE('',(#360),#3595,.T.);
#3828=ADVANCED_FACE('',(#361),#3596,.T.);
#3829=ADVANCED_FACE('',(#362),#3597,.T.);
#3830=ADVANCED_FACE('',(#363),#3598,.T.);
#3831=ADVANCED_FACE('',(#364),#3599,.T.);
#3832=ADVANCED_FACE('',(#365),#3600,.T.);
#3833=ADVANCED_FACE('',(#366),#3601,.T.);
#3834=ADVANCED_FACE('',(#367),#3602,.T.);
#3835=ADVANCED_FACE('',(#368),#3603,.T.);
#3836=ADVANCED_FACE('',(#369),#3604,.T.);
#3837=ADVANCED_FACE('',(#370),#3605,.T.);
#3838=ADVANCED_FACE('',(#371),#3606,.T.);
#3839=ADVANCED_FACE('',(#372),#3607,.T.);
#3840=ADVANCED_FACE('',(#373),#3608,.T.);
#3841=ADVANCED_FACE('',(#374),#3609,.T.);
#3842=ADVANCED_FACE('',(#375),#3610,.T.);
#3843=ADVANCED_FACE('',(#376),#3611,.T.);
#3844=ADVANCED_FACE('',(#377),#3612,.T.);
#3845=ADVANCED_FACE('',(#378),#3613,.T.);
#3846=ADVANCED_FACE('',(#379),#3614,.T.);
#3847=ADVANCED_FACE('',(#380),#3615,.T.);
#3848=ADVANCED_FACE('',(#381),#3616,.T.);
#3849=ADVANCED_FACE('',(#382),#3617,.T.);
#3850=ADVANCED_FACE('',(#383),#3618,.T.);
#3851=ADVANCED_FACE('',(#384),#3619,.T.);
#3852=ADVANCED_FACE('',(#385),#3620,.T.);
#3853=ADVANCED_FACE('',(#386),#3621,.T.);
#3854=ADVANCED_FACE('',(#387),#3622,.T.);
#3855=ADVANCED_FACE('',(#388),#3623,.T.);
#3856=ADVANCED_FACE('',(#389),#3624,.T.);
#3857=ADVANCED_FACE('',(#390),#3625,.T.);
#3858=ADVANCED_FACE('',(#391),#3626,.T.);
#3859=ADVANCED_FACE('',(#392),#3627,.T.);
#3860=ADVANCED_FACE('',(#393),#3628,.T.);
#3861=ADVANCED_FACE('',(#394),#3629,.T.);
#3862=ADVANCED_FACE('',(#395),#3630,.T.);
#3863=ADVANCED_FACE('',(#396),#3631,.T.);
#3864=ADVANCED_FACE('',(#397),#3632,.T.);
#3865=ADVANCED_FACE('',(#398),#3633,.T.);
#3866=ADVANCED_FACE('',(#399),#3634,.T.);
#3867=ADVANCED_FACE('',(#400),#3635,.T.);
#3868=ADVANCED_FACE('',(#401),#3636,.T.);
#3869=ADVANCED_FACE('',(#402),#3637,.T.);
#3870=ADVANCED_FACE('',(#403),#3638,.T.);
#3871=ADVANCED_FACE('',(#404),#3639,.T.);
#3872=ADVANCED_FACE('',(#405),#3640,.T.);
#3873=ADVANCED_FACE('',(#406),#3641,.T.);
#3874=ADVANCED_FACE('',(#407),#3642,.T.);
#3875=ADVANCED_FACE('',(#408),#147,.F.);
#3876=CLOSED_SHELL('',(#3643,#3644,#3645,#3646,#3647,#3648,#3649,#3650,
#3651,#3652,#3653,#3654,#3655,#3656,#3657,#3658,#3659,#3660,#3661,#3662,
#3663,#3664,#3665,#3666,#3667,#3668,#3669,#3670,#3671,#3672,#3673,#3674,
#3675,#3676,#3677,#3678,#3679,#3680,#3681,#3682,#3683,#3684,#3685,#3686,
#3687,#3688,#3689,#3690,#3691,#3692,#3693,#3694,#3695,#3696,#3697,#3698,
#3699,#3700,#3701,#3702,#3703,#3704,#3705,#3706,#3707,#3708,#3709,#3710,
#3711,#3712,#3713,#3714,#3715,#3716,#3717,#3718,#3719,#3720,#3721,#3722,
#3723,#3724,#3725,#3726,#3727,#3728,#3729,#3730,#3731,#3732,#3733,#3734,
#3735,#3736,#3737,#3738,#3739,#3740,#3741,#3742,#3743,#3744,#3745,#3746,
#3747,#3748,#3749,#3750,#3751,#3752,#3753,#3754,#3755,#3756,#3757,#3758,
#3759,#3760,#3761,#3762,#3763,#3764,#3765,#3766,#3767,#3768,#3769,#3770,
#3771,#3772,#3773,#3774,#3775,#3776,#3777,#3778,#3779,#3780,#3781,#3782,
#3783,#3784,#3785,#3786,#3787,#3788,#3789,#3790,#3791,#3792,#3793,#3794,
#3795,#3796,#3797,#3798,#3799,#3800,#3801,#3802,#3803,#3804,#3805,#3806,
#3807,#3808,#3809,#3810,#3811,#3812,#3813,#3814,#3815,#3816,#3817,#3818,
#3819,#3820,#3821,#3822,#3823,#3824,#3825,#3826,#3827,#3828,#3829,#3830,
#3831,#3832,#3833,#3834,#3835,#3836,#3837,#3838,#3839,#3840,#3841,#3842,
#3843,#3844,#3845,#3846,#3847,#3848,#3849,#3850,#3851,#3852,#3853,#3854,
#3855,#3856,#3857,#3858,#3859,#3860,#3861,#3862,#3863,#3864,#3865,#3866,
#3867,#3868,#3869,#3870,#3871,#3872,#3873,#3874,#3875));
#3877=DERIVED_UNIT_ELEMENT(#3879,1.);
#3878=DERIVED_UNIT_ELEMENT(#6368,-3.);
#3879=(
MASS_UNIT()
NAMED_UNIT(*)
SI_UNIT(.KILO.,.GRAM.)
);
#3880=DERIVED_UNIT((#3877,#3878));
#3881=MEASURE_REPRESENTATION_ITEM('density measure',
POSITIVE_RATIO_MEASURE(7850.),#3880);
#3882=PROPERTY_DEFINITION_REPRESENTATION(#3887,#3884);
#3883=PROPERTY_DEFINITION_REPRESENTATION(#3888,#3885);
#3884=REPRESENTATION('material name',(#3886),#6365);
#3885=REPRESENTATION('density',(#3881),#6365);
#3886=DESCRIPTIVE_REPRESENTATION_ITEM('\X2\92FC\X0\','\X2\92FC\X0\');
#3887=PROPERTY_DEFINITION('material property','material name',#6375);
#3888=PROPERTY_DEFINITION('material property','density of part',#6375);
#3889=AXIS2_PLACEMENT_3D('',#5282,#4201,#4202);
#3890=AXIS2_PLACEMENT_3D('',#5283,#4203,#4204);
#3891=AXIS2_PLACEMENT_3D('',#5300,#4213,#4214);
#3892=AXIS2_PLACEMENT_3D('',#5309,#4219,#4220);
#3893=AXIS2_PLACEMENT_3D('',#5318,#4225,#4226);
#3894=AXIS2_PLACEMENT_3D('',#5329,#4233,#4234);
#3895=AXIS2_PLACEMENT_3D('',#5331,#4236,#4237);
#3896=AXIS2_PLACEMENT_3D('',#5337,#4241,#4242);
#3897=AXIS2_PLACEMENT_3D('',#5339,#4244,#4245);
#3898=AXIS2_PLACEMENT_3D('',#5348,#4250,#4251);
#3899=AXIS2_PLACEMENT_3D('',#5356,#4257,#4258);
#3900=AXIS2_PLACEMENT_3D('',#5358,#4260,#4261);
#3901=AXIS2_PLACEMENT_3D('',#5369,#4268,#4269);
#3902=AXIS2_PLACEMENT_3D('',#5373,#4273,#4274);
#3903=AXIS2_PLACEMENT_3D('',#5377,#4277,#4278);
#3904=AXIS2_PLACEMENT_3D('',#5383,#4282,#4283);
#3905=AXIS2_PLACEMENT_3D('',#5391,#4288,#4289);
#3906=AXIS2_PLACEMENT_3D('',#5397,#4293,#4294);
#3907=AXIS2_PLACEMENT_3D('',#5467,#4330,#4331);
#3908=AXIS2_PLACEMENT_3D('',#5532,#4364,#4365);
#3909=AXIS2_PLACEMENT_3D('',#5534,#4366,#4367);
#3910=AXIS2_PLACEMENT_3D('',#5537,#4369,#4370);
#3911=AXIS2_PLACEMENT_3D('',#5538,#4371,#4372);
#3912=AXIS2_PLACEMENT_3D('',#5543,#4375,#4376);
#3913=AXIS2_PLACEMENT_3D('',#5545,#4377,#4378);
#3914=AXIS2_PLACEMENT_3D('',#5547,#4379,#4380);
#3915=AXIS2_PLACEMENT_3D('',#5549,#4381,#4382);
#3916=AXIS2_PLACEMENT_3D('',#5550,#4383,#4384);
#3917=AXIS2_PLACEMENT_3D('',#5553,#4386,#4387);
#3918=AXIS2_PLACEMENT_3D('',#5554,#4388,#4389);
#3919=AXIS2_PLACEMENT_3D('',#5557,#4391,#4392);
#3920=AXIS2_PLACEMENT_3D('',#5558,#4393,#4394);
#3921=AXIS2_PLACEMENT_3D('',#5561,#4396,#4397);
#3922=AXIS2_PLACEMENT_3D('',#5562,#4398,#4399);
#3923=AXIS2_PLACEMENT_3D('',#5565,#4401,#4402);
#3924=AXIS2_PLACEMENT_3D('',#5566,#4403,#4404);
#3925=AXIS2_PLACEMENT_3D('',#5569,#4406,#4407);
#3926=AXIS2_PLACEMENT_3D('',#5570,#4408,#4409);
#3927=AXIS2_PLACEMENT_3D('',#5573,#4411,#4412);
#3928=AXIS2_PLACEMENT_3D('',#5574,#4413,#4414);
#3929=AXIS2_PLACEMENT_3D('',#5577,#4416,#4417);
#3930=AXIS2_PLACEMENT_3D('',#5578,#4418,#4419);
#3931=AXIS2_PLACEMENT_3D('',#5579,#4420,#4421);
#3932=AXIS2_PLACEMENT_3D('',#5580,#4422,#4423);
#3933=AXIS2_PLACEMENT_3D('',#5581,#4424,#4425);
#3934=AXIS2_PLACEMENT_3D('',#5582,#4426,#4427);
#3935=AXIS2_PLACEMENT_3D('',#5584,#4429,#4430);
#3936=AXIS2_PLACEMENT_3D('',#5585,#4431,#4432);
#3937=AXIS2_PLACEMENT_3D('',#5589,#4434,#4435);
#3938=AXIS2_PLACEMENT_3D('',#5590,#4436,#4437);
#3939=AXIS2_PLACEMENT_3D('',#5591,#4438,#4439);
#3940=AXIS2_PLACEMENT_3D('',#5594,#4441,#4442);
#3941=AXIS2_PLACEMENT_3D('',#5595,#4443,#4444);
#3942=AXIS2_PLACEMENT_3D('',#5598,#4446,#4447);
#3943=AXIS2_PLACEMENT_3D('',#5599,#4448,#4449);
#3944=AXIS2_PLACEMENT_3D('',#5602,#4451,#4452);
#3945=AXIS2_PLACEMENT_3D('',#5603,#4453,#4454);
#3946=AXIS2_PLACEMENT_3D('',#5606,#4456,#4457);
#3947=AXIS2_PLACEMENT_3D('',#5607,#4458,#4459);
#3948=AXIS2_PLACEMENT_3D('',#5609,#4460,#4461);
#3949=AXIS2_PLACEMENT_3D('',#5612,#4463,#4464);
#3950=AXIS2_PLACEMENT_3D('',#5613,#4465,#4466);
#3951=AXIS2_PLACEMENT_3D('',#5616,#4468,#4469);
#3952=AXIS2_PLACEMENT_3D('',#5617,#4470,#4471);
#3953=AXIS2_PLACEMENT_3D('',#5620,#4473,#4474);
#3954=AXIS2_PLACEMENT_3D('',#5621,#4475,#4476);
#3955=AXIS2_PLACEMENT_3D('',#5624,#4478,#4479);
#3956=AXIS2_PLACEMENT_3D('',#5625,#4480,#4481);
#3957=AXIS2_PLACEMENT_3D('',#5627,#4483,#4484);
#3958=AXIS2_PLACEMENT_3D('',#5630,#4486,#4487);
#3959=AXIS2_PLACEMENT_3D('',#5631,#4488,#4489);
#3960=AXIS2_PLACEMENT_3D('',#5634,#4491,#4492);
#3961=AXIS2_PLACEMENT_3D('',#5635,#4493,#4494);
#3962=AXIS2_PLACEMENT_3D('',#5638,#4496,#4497);
#3963=AXIS2_PLACEMENT_3D('',#5639,#4498,#4499);
#3964=AXIS2_PLACEMENT_3D('',#5642,#4501,#4502);
#3965=AXIS2_PLACEMENT_3D('',#5643,#4503,#4504);
#3966=AXIS2_PLACEMENT_3D('',#5646,#4506,#4507);
#3967=AXIS2_PLACEMENT_3D('',#5647,#4508,#4509);
#3968=AXIS2_PLACEMENT_3D('',#5649,#4511,#4512);
#3969=AXIS2_PLACEMENT_3D('',#5655,#4516,#4517);
#3970=AXIS2_PLACEMENT_3D('',#5659,#4520,#4521);
#3971=AXIS2_PLACEMENT_3D('',#5663,#4524,#4525);
#3972=AXIS2_PLACEMENT_3D('',#5667,#4528,#4529);
#3973=AXIS2_PLACEMENT_3D('',#5671,#4532,#4533);
#3974=AXIS2_PLACEMENT_3D('',#5675,#4536,#4537);
#3975=AXIS2_PLACEMENT_3D('',#5679,#4540,#4541);
#3976=AXIS2_PLACEMENT_3D('',#5683,#4544,#4545);
#3977=AXIS2_PLACEMENT_3D('',#5687,#4547,#4548);
#3978=AXIS2_PLACEMENT_3D('',#5688,#4549,#4550);
#3979=AXIS2_PLACEMENT_3D('',#5689,#4551,#4552);
#3980=AXIS2_PLACEMENT_3D('',#5692,#4554,#4555);
#3981=AXIS2_PLACEMENT_3D('',#5693,#4556,#4557);
#3982=AXIS2_PLACEMENT_3D('',#5696,#4559,#4560);
#3983=AXIS2_PLACEMENT_3D('',#5697,#4561,#4562);
#3984=AXIS2_PLACEMENT_3D('',#5700,#4564,#4565);
#3985=AXIS2_PLACEMENT_3D('',#5701,#4566,#4567);
#3986=AXIS2_PLACEMENT_3D('',#5704,#4569,#4570);
#3987=AXIS2_PLACEMENT_3D('',#5705,#4571,#4572);
#3988=AXIS2_PLACEMENT_3D('',#5708,#4574,#4575);
#3989=AXIS2_PLACEMENT_3D('',#5709,#4576,#4577);
#3990=AXIS2_PLACEMENT_3D('',#5711,#4578,#4579);
#3991=AXIS2_PLACEMENT_3D('',#5714,#4581,#4582);
#3992=AXIS2_PLACEMENT_3D('',#5715,#4583,#4584);
#3993=AXIS2_PLACEMENT_3D('',#5718,#4586,#4587);
#3994=AXIS2_PLACEMENT_3D('',#5719,#4588,#4589);
#3995=AXIS2_PLACEMENT_3D('',#5721,#4591,#4592);
#3996=AXIS2_PLACEMENT_3D('',#5724,#4594,#4595);
#3997=AXIS2_PLACEMENT_3D('',#5725,#4596,#4597);
#3998=AXIS2_PLACEMENT_3D('',#5728,#4599,#4600);
#3999=AXIS2_PLACEMENT_3D('',#5729,#4601,#4602);
#4000=AXIS2_PLACEMENT_3D('',#5732,#4604,#4605);
#4001=AXIS2_PLACEMENT_3D('',#5733,#4606,#4607);
#4002=AXIS2_PLACEMENT_3D('',#5736,#4609,#4610);
#4003=AXIS2_PLACEMENT_3D('',#5737,#4611,#4612);
#4004=AXIS2_PLACEMENT_3D('',#5740,#4614,#4615);
#4005=AXIS2_PLACEMENT_3D('',#5741,#4616,#4617);
#4006=AXIS2_PLACEMENT_3D('',#5744,#4619,#4620);
#4007=AXIS2_PLACEMENT_3D('',#5745,#4621,#4622);
#4008=AXIS2_PLACEMENT_3D('',#5747,#4624,#4625);
#4009=AXIS2_PLACEMENT_3D('',#5753,#4629,#4630);
#4010=AXIS2_PLACEMENT_3D('',#5757,#4633,#4634);
#4011=AXIS2_PLACEMENT_3D('',#5761,#4637,#4638);
#4012=AXIS2_PLACEMENT_3D('',#5765,#4641,#4642);
#4013=AXIS2_PLACEMENT_3D('',#5769,#4645,#4646);
#4014=AXIS2_PLACEMENT_3D('',#5773,#4649,#4650);
#4015=AXIS2_PLACEMENT_3D('',#5777,#4653,#4654);
#4016=AXIS2_PLACEMENT_3D('',#5781,#4657,#4658);
#4017=AXIS2_PLACEMENT_3D('',#5785,#4660,#4661);
#4018=AXIS2_PLACEMENT_3D('',#5786,#4662,#4663);
#4019=AXIS2_PLACEMENT_3D('',#5787,#4664,#4665);
#4020=AXIS2_PLACEMENT_3D('',#5790,#4667,#4668);
#4021=AXIS2_PLACEMENT_3D('',#5791,#4669,#4670);
#4022=AXIS2_PLACEMENT_3D('',#5794,#4672,#4673);
#4023=AXIS2_PLACEMENT_3D('',#5795,#4674,#4675);
#4024=AXIS2_PLACEMENT_3D('',#5799,#4677,#4678);
#4025=AXIS2_PLACEMENT_3D('',#5800,#4679,#4680);
#4026=AXIS2_PLACEMENT_3D('',#5801,#4681,#4682);
#4027=AXIS2_PLACEMENT_3D('',#5804,#4684,#4685);
#4028=AXIS2_PLACEMENT_3D('',#5805,#4686,#4687);
#4029=AXIS2_PLACEMENT_3D('',#5808,#4689,#4690);
#4030=AXIS2_PLACEMENT_3D('',#5809,#4691,#4692);
#4031=AXIS2_PLACEMENT_3D('',#5812,#4694,#4695);
#4032=AXIS2_PLACEMENT_3D('',#5813,#4696,#4697);
#4033=AXIS2_PLACEMENT_3D('',#5816,#4699,#4700);
#4034=AXIS2_PLACEMENT_3D('',#5817,#4701,#4702);
#4035=AXIS2_PLACEMENT_3D('',#5820,#4704,#4705);
#4036=AXIS2_PLACEMENT_3D('',#5821,#4706,#4707);
#4037=AXIS2_PLACEMENT_3D('',#5824,#4709,#4710);
#4038=AXIS2_PLACEMENT_3D('',#5825,#4711,#4712);
#4039=AXIS2_PLACEMENT_3D('',#5827,#4714,#4715);
#4040=AXIS2_PLACEMENT_3D('',#5830,#4717,#4718);
#4041=AXIS2_PLACEMENT_3D('',#5831,#4719,#4720);
#4042=AXIS2_PLACEMENT_3D('',#5834,#4722,#4723);
#4043=AXIS2_PLACEMENT_3D('',#5835,#4724,#4725);
#4044=AXIS2_PLACEMENT_3D('',#5838,#4727,#4728);
#4045=AXIS2_PLACEMENT_3D('',#5839,#4729,#4730);
#4046=AXIS2_PLACEMENT_3D('',#5842,#4732,#4733);
#4047=AXIS2_PLACEMENT_3D('',#5843,#4734,#4735);
#4048=AXIS2_PLACEMENT_3D('',#5845,#4737,#4738);
#4049=AXIS2_PLACEMENT_3D('',#5851,#4742,#4743);
#4050=AXIS2_PLACEMENT_3D('',#5855,#4746,#4747);
#4051=AXIS2_PLACEMENT_3D('',#5859,#4750,#4751);
#4052=AXIS2_PLACEMENT_3D('',#5863,#4754,#4755);
#4053=AXIS2_PLACEMENT_3D('',#5867,#4758,#4759);
#4054=AXIS2_PLACEMENT_3D('',#5871,#4762,#4763);
#4055=AXIS2_PLACEMENT_3D('',#5875,#4766,#4767);
#4056=AXIS2_PLACEMENT_3D('',#5879,#4770,#4771);
#4057=AXIS2_PLACEMENT_3D('',#5883,#4773,#4774);
#4058=AXIS2_PLACEMENT_3D('',#5884,#4775,#4776);
#4059=AXIS2_PLACEMENT_3D('',#5885,#4777,#4778);
#4060=AXIS2_PLACEMENT_3D('',#5888,#4780,#4781);
#4061=AXIS2_PLACEMENT_3D('',#5889,#4782,#4783);
#4062=AXIS2_PLACEMENT_3D('',#5892,#4785,#4786);
#4063=AXIS2_PLACEMENT_3D('',#5893,#4787,#4788);
#4064=AXIS2_PLACEMENT_3D('',#5897,#4790,#4791);
#4065=AXIS2_PLACEMENT_3D('',#5898,#4792,#4793);
#4066=AXIS2_PLACEMENT_3D('',#5899,#4794,#4795);
#4067=AXIS2_PLACEMENT_3D('',#5902,#4797,#4798);
#4068=AXIS2_PLACEMENT_3D('',#5903,#4799,#4800);
#4069=AXIS2_PLACEMENT_3D('',#5906,#4802,#4803);
#4070=AXIS2_PLACEMENT_3D('',#5907,#4804,#4805);
#4071=AXIS2_PLACEMENT_3D('',#5910,#4807,#4808);
#4072=AXIS2_PLACEMENT_3D('',#5911,#4809,#4810);
#4073=AXIS2_PLACEMENT_3D('',#5914,#4812,#4813);
#4074=AXIS2_PLACEMENT_3D('',#5915,#4814,#4815);
#4075=AXIS2_PLACEMENT_3D('',#5918,#4817,#4818);
#4076=AXIS2_PLACEMENT_3D('',#5919,#4819,#4820);
#4077=AXIS2_PLACEMENT_3D('',#5922,#4822,#4823);
#4078=AXIS2_PLACEMENT_3D('',#5923,#4824,#4825);
#4079=AXIS2_PLACEMENT_3D('',#5925,#4827,#4828);
#4080=AXIS2_PLACEMENT_3D('',#5928,#4830,#4831);
#4081=AXIS2_PLACEMENT_3D('',#5929,#4832,#4833);
#4082=AXIS2_PLACEMENT_3D('',#5932,#4835,#4836);
#4083=AXIS2_PLACEMENT_3D('',#5933,#4837,#4838);
#4084=AXIS2_PLACEMENT_3D('',#5936,#4840,#4841);
#4085=AXIS2_PLACEMENT_3D('',#5937,#4842,#4843);
#4086=AXIS2_PLACEMENT_3D('',#5940,#4845,#4846);
#4087=AXIS2_PLACEMENT_3D('',#5941,#4847,#4848);
#4088=AXIS2_PLACEMENT_3D('',#5943,#4850,#4851);
#4089=AXIS2_PLACEMENT_3D('',#5949,#4855,#4856);
#4090=AXIS2_PLACEMENT_3D('',#5953,#4859,#4860);
#4091=AXIS2_PLACEMENT_3D('',#5957,#4863,#4864);
#4092=AXIS2_PLACEMENT_3D('',#5961,#4867,#4868);
#4093=AXIS2_PLACEMENT_3D('',#5965,#4871,#4872);
#4094=AXIS2_PLACEMENT_3D('',#5969,#4875,#4876);
#4095=AXIS2_PLACEMENT_3D('',#5973,#4879,#4880);
#4096=AXIS2_PLACEMENT_3D('',#5977,#4883,#4884);
#4097=AXIS2_PLACEMENT_3D('',#5983,#4888,#4889);
#4098=AXIS2_PLACEMENT_3D('',#5989,#4893,#4894);
#4099=AXIS2_PLACEMENT_3D('',#5995,#4898,#4899);
#4100=AXIS2_PLACEMENT_3D('',#6001,#4903,#4904);
#4101=AXIS2_PLACEMENT_3D('',#6007,#4908,#4909);
#4102=AXIS2_PLACEMENT_3D('',#6013,#4913,#4914);
#4103=AXIS2_PLACEMENT_3D('',#6019,#4918,#4919);
#4104=AXIS2_PLACEMENT_3D('',#6025,#4923,#4924);
#4105=AXIS2_PLACEMENT_3D('',#6030,#4928,#4929);
#4106=AXIS2_PLACEMENT_3D('',#6034,#4932,#4933);
#4107=AXIS2_PLACEMENT_3D('',#6038,#4936,#4937);
#4108=AXIS2_PLACEMENT_3D('',#6042,#4940,#4941);
#4109=AXIS2_PLACEMENT_3D('',#6046,#4944,#4945);
#4110=AXIS2_PLACEMENT_3D('',#6050,#4948,#4949);
#4111=AXIS2_PLACEMENT_3D('',#6054,#4952,#4953);
#4112=AXIS2_PLACEMENT_3D('',#6056,#4955,#4956);
#4113=AXIS2_PLACEMENT_3D('',#6057,#4957,#4958);
#4114=AXIS2_PLACEMENT_3D('',#6063,#4962,#4963);
#4115=AXIS2_PLACEMENT_3D('',#6069,#4967,#4968);
#4116=AXIS2_PLACEMENT_3D('',#6075,#4972,#4973);
#4117=AXIS2_PLACEMENT_3D('',#6081,#4977,#4978);
#4118=AXIS2_PLACEMENT_3D('',#6087,#4982,#4983);
#4119=AXIS2_PLACEMENT_3D('',#6093,#4987,#4988);
#4120=AXIS2_PLACEMENT_3D('',#6099,#4992,#4993);
#4121=AXIS2_PLACEMENT_3D('',#6105,#4997,#4998);
#4122=AXIS2_PLACEMENT_3D('',#6110,#5002,#5003);
#4123=AXIS2_PLACEMENT_3D('',#6114,#5006,#5007);
#4124=AXIS2_PLACEMENT_3D('',#6118,#5010,#5011);
#4125=AXIS2_PLACEMENT_3D('',#6122,#5014,#5015);
#4126=AXIS2_PLACEMENT_3D('',#6126,#5018,#5019);
#4127=AXIS2_PLACEMENT_3D('',#6130,#5022,#5023);
#4128=AXIS2_PLACEMENT_3D('',#6134,#5026,#5027);
#4129=AXIS2_PLACEMENT_3D('',#6136,#5029,#5030);
#4130=AXIS2_PLACEMENT_3D('',#6137,#5031,#5032);
#4131=AXIS2_PLACEMENT_3D('',#6143,#5036,#5037);
#4132=AXIS2_PLACEMENT_3D('',#6149,#5041,#5042);
#4133=AXIS2_PLACEMENT_3D('',#6155,#5046,#5047);
#4134=AXIS2_PLACEMENT_3D('',#6161,#5051,#5052);
#4135=AXIS2_PLACEMENT_3D('',#6167,#5056,#5057);
#4136=AXIS2_PLACEMENT_3D('',#6173,#5061,#5062);
#4137=AXIS2_PLACEMENT_3D('',#6179,#5066,#5067);
#4138=AXIS2_PLACEMENT_3D('',#6185,#5071,#5072);
#4139=AXIS2_PLACEMENT_3D('',#6190,#5076,#5077);
#4140=AXIS2_PLACEMENT_3D('',#6194,#5080,#5081);
#4141=AXIS2_PLACEMENT_3D('',#6198,#5084,#5085);
#4142=AXIS2_PLACEMENT_3D('',#6202,#5088,#5089);
#4143=AXIS2_PLACEMENT_3D('',#6206,#5092,#5093);
#4144=AXIS2_PLACEMENT_3D('',#6210,#5096,#5097);
#4145=AXIS2_PLACEMENT_3D('',#6214,#5100,#5101);
#4146=AXIS2_PLACEMENT_3D('',#6216,#5103,#5104);
#4147=AXIS2_PLACEMENT_3D('',#6217,#5105,#5106);
#4148=AXIS2_PLACEMENT_3D('',#6223,#5110,#5111);
#4149=AXIS2_PLACEMENT_3D('',#6229,#5115,#5116);
#4150=AXIS2_PLACEMENT_3D('',#6235,#5120,#5121);
#4151=AXIS2_PLACEMENT_3D('',#6241,#5125,#5126);
#4152=AXIS2_PLACEMENT_3D('',#6247,#5130,#5131);
#4153=AXIS2_PLACEMENT_3D('',#6253,#5135,#5136);
#4154=AXIS2_PLACEMENT_3D('',#6259,#5140,#5141);
#4155=AXIS2_PLACEMENT_3D('',#6265,#5145,#5146);
#4156=AXIS2_PLACEMENT_3D('',#6270,#5150,#5151);
#4157=AXIS2_PLACEMENT_3D('',#6274,#5154,#5155);
#4158=AXIS2_PLACEMENT_3D('',#6278,#5158,#5159);
#4159=AXIS2_PLACEMENT_3D('',#6282,#5162,#5163);
#4160=AXIS2_PLACEMENT_3D('',#6286,#5166,#5167);
#4161=AXIS2_PLACEMENT_3D('',#6290,#5170,#5171);
#4162=AXIS2_PLACEMENT_3D('',#6294,#5174,#5175);
#4163=AXIS2_PLACEMENT_3D('',#6296,#5177,#5178);
#4164=AXIS2_PLACEMENT_3D('',#6297,#5179,#5180);
#4165=AXIS2_PLACEMENT_3D('',#6299,#5182,#5183);
#4166=AXIS2_PLACEMENT_3D('',#6301,#5185,#5186);
#4167=AXIS2_PLACEMENT_3D('',#6303,#5188,#5189);
#4168=AXIS2_PLACEMENT_3D('',#6305,#5191,#5192);
#4169=AXIS2_PLACEMENT_3D('',#6307,#5194,#5195);
#4170=AXIS2_PLACEMENT_3D('',#6309,#5197,#5198);
#4171=AXIS2_PLACEMENT_3D('',#6311,#5200,#5201);
#4172=AXIS2_PLACEMENT_3D('',#6312,#5202,#5203);
#4173=AXIS2_PLACEMENT_3D('',#6314,#5205,#5206);
#4174=AXIS2_PLACEMENT_3D('',#6316,#5208,#5209);
#4175=AXIS2_PLACEMENT_3D('',#6318,#5211,#5212);
#4176=AXIS2_PLACEMENT_3D('',#6320,#5214,#5215);
#4177=AXIS2_PLACEMENT_3D('',#6322,#5217,#5218);
#4178=AXIS2_PLACEMENT_3D('',#6324,#5220,#5221);
#4179=AXIS2_PLACEMENT_3D('',#6326,#5223,#5224);
#4180=AXIS2_PLACEMENT_3D('',#6327,#5225,#5226);
#4181=AXIS2_PLACEMENT_3D('',#6329,#5228,#5229);
#4182=AXIS2_PLACEMENT_3D('',#6331,#5231,#5232);
#4183=AXIS2_PLACEMENT_3D('',#6333,#5234,#5235);
#4184=AXIS2_PLACEMENT_3D('',#6335,#5237,#5238);
#4185=AXIS2_PLACEMENT_3D('',#6337,#5240,#5241);
#4186=AXIS2_PLACEMENT_3D('',#6339,#5243,#5244);
#4187=AXIS2_PLACEMENT_3D('',#6341,#5246,#5247);
#4188=AXIS2_PLACEMENT_3D('',#6342,#5248,#5249);
#4189=AXIS2_PLACEMENT_3D('',#6344,#5251,#5252);
#4190=AXIS2_PLACEMENT_3D('',#6346,#5254,#5255);
#4191=AXIS2_PLACEMENT_3D('',#6348,#5257,#5258);
#4192=AXIS2_PLACEMENT_3D('',#6350,#5260,#5261);
#4193=AXIS2_PLACEMENT_3D('',#6352,#5263,#5264);
#4194=AXIS2_PLACEMENT_3D('',#6354,#5266,#5267);
#4195=AXIS2_PLACEMENT_3D('',#6356,#5269,#5270);
#4196=AXIS2_PLACEMENT_3D('',#6357,#5271,#5272);
#4197=AXIS2_PLACEMENT_3D('',#6358,#5273,#5274);
#4198=AXIS2_PLACEMENT_3D('',#6359,#5275,#5276);
#4199=AXIS2_PLACEMENT_3D('',#6360,#5277,#5278);
#4200=AXIS2_PLACEMENT_3D('',#6361,#5279,#5280);
#4201=DIRECTION('axis',(0.,0.,1.));
#4202=DIRECTION('refdir',(1.,0.,0.));
#4203=DIRECTION('center_axis',(0.,-1.,0.));
#4204=DIRECTION('ref_axis',(0.,0.,-1.));
#4205=DIRECTION('',(0.,0.,-1.));
#4206=DIRECTION('',(1.,0.,0.));
#4207=DIRECTION('',(0.,0.,1.));
#4208=DIRECTION('',(-1.,0.,0.));
#4209=DIRECTION('',(0.,0.,-1.));
#4210=DIRECTION('',(-1.,0.,0.));
#4211=DIRECTION('',(0.,0.,1.));
#4212=DIRECTION('',(-1.,0.,0.));
#4213=DIRECTION('center_axis',(0.,-1.,0.));
#4214=DIRECTION('ref_axis',(0.,0.,-1.));
#4215=DIRECTION('',(1.,0.,0.));
#4216=DIRECTION('',(0.,0.,-1.));
#4217=DIRECTION('',(-1.,0.,0.));
#4218=DIRECTION('',(0.,0.,1.));
#4219=DIRECTION('center_axis',(0.,-1.,0.));
#4220=DIRECTION('ref_axis',(0.,0.,-1.));
#4221=DIRECTION('',(1.,0.,0.));
#4222=DIRECTION('',(0.,0.,-1.));
#4223=DIRECTION('',(-1.,0.,0.));
#4224=DIRECTION('',(0.,0.,1.));
#4225=DIRECTION('center_axis',(0.,0.,1.));
#4226=DIRECTION('ref_axis',(1.,0.,0.));
#4227=DIRECTION('',(0.,-1.,0.));
#4228=DIRECTION('',(0.,-1.,0.));
#4229=DIRECTION('',(0.,-1.,0.));
#4230=DIRECTION('',(-1.,0.,0.));
#4231=DIRECTION('',(0.,-1.,0.));
#4232=DIRECTION('',(-1.,0.,0.));
#4233=DIRECTION('center_axis',(-1.,0.,0.));
#4234=DIRECTION('ref_axis',(0.,-1.,0.));
#4235=DIRECTION('',(0.,1.,0.));
#4236=DIRECTION('center_axis',(0.,-1.,0.));
#4237=DIRECTION('ref_axis',(0.,0.,-1.));
#4238=DIRECTION('',(-1.,0.,0.));
#4239=DIRECTION('',(0.,0.,-1.));
#4240=DIRECTION('',(0.,0.,-1.));
#4241=DIRECTION('center_axis',(-1.,0.,0.));
#4242=DIRECTION('ref_axis',(0.,-1.,0.));
#4243=DIRECTION('',(0.,1.,0.));
#4244=DIRECTION('center_axis',(0.,-1.,0.));
#4245=DIRECTION('ref_axis',(0.,0.,-1.));
#4246=DIRECTION('',(-1.,0.,0.));
#4247=DIRECTION('',(0.,0.,1.));
#4248=DIRECTION('',(-1.,0.,0.));
#4249=DIRECTION('',(0.,0.,1.));
#4250=DIRECTION('center_axis',(0.,0.,1.));
#4251=DIRECTION('ref_axis',(1.,0.,0.));
#4252=DIRECTION('',(0.,1.,0.));
#4253=DIRECTION('',(-1.,0.,0.));
#4254=DIRECTION('',(0.,-1.,0.));
#4255=DIRECTION('',(0.,-1.,0.));
#4256=DIRECTION('',(0.,-1.,0.));
#4257=DIRECTION('center_axis',(1.,0.,0.));
#4258=DIRECTION('ref_axis',(0.,1.,0.));
#4259=DIRECTION('',(0.,1.,0.));
#4260=DIRECTION('center_axis',(0.,-1.,0.));
#4261=DIRECTION('ref_axis',(0.,0.,-1.));
#4262=DIRECTION('',(1.,0.,0.));
#4263=DIRECTION('',(0.,0.,-1.));
#4264=DIRECTION('',(-1.,0.,0.));
#4265=DIRECTION('',(0.,0.,1.));
#4266=DIRECTION('',(0.,0.,-1.));
#4267=DIRECTION('',(0.,0.,1.));
#4268=DIRECTION('center_axis',(0.,0.,1.));
#4269=DIRECTION('ref_axis',(1.,0.,0.));
#4270=DIRECTION('',(0.,-1.,0.));
#4271=DIRECTION('',(4.44089209850063E-16,-1.,0.));
#4272=DIRECTION('',(0.,-1.,0.));
#4273=DIRECTION('center_axis',(-1.,0.,0.));
#4274=DIRECTION('ref_axis',(0.,-1.,0.));
#4275=DIRECTION('',(0.,0.,-1.));
#4276=DIRECTION('',(0.,-1.,0.));
#4277=DIRECTION('center_axis',(0.,1.,0.));
#4278=DIRECTION('ref_axis',(0.,0.,1.));
#4279=DIRECTION('',(0.,0.,1.));
#4280=DIRECTION('',(-1.,0.,0.));
#4281=DIRECTION('',(1.,0.,0.));
#4282=DIRECTION('center_axis',(0.,1.,0.));
#4283=DIRECTION('ref_axis',(0.,0.,1.));
#4284=DIRECTION('',(0.,0.,1.));
#4285=DIRECTION('',(-1.,0.,0.));
#4286=DIRECTION('',(0.,0.,-1.));
#4287=DIRECTION('',(1.,0.,0.));
#4288=DIRECTION('center_axis',(-1.,0.,0.));
#4289=DIRECTION('ref_axis',(0.,0.,1.));
#4290=DIRECTION('',(0.,1.,0.));
#4291=DIRECTION('',(0.,0.,-1.));
#4292=DIRECTION('',(0.,-1.,0.));
#4293=DIRECTION('center_axis',(0.,0.,1.));
#4294=DIRECTION('ref_axis',(1.,0.,0.));
#4295=DIRECTION('',(1.,0.,0.));
#4296=DIRECTION('',(0.,1.,0.));
#4297=DIRECTION('',(0.,-1.,0.));
#4298=DIRECTION('',(0.382683432365088,-0.923879532511288,0.));
#4299=DIRECTION('',(0.707106781186546,-0.707106781186549,0.));
#4300=DIRECTION('',(0.923879532511286,-0.382683432365093,0.));
#4301=DIRECTION('',(1.,0.,0.));
#4302=DIRECTION('',(0.923879532511289,0.382683432365085,0.));
#4303=DIRECTION('',(0.707106781186548,0.707106781186547,0.));
#4304=DIRECTION('',(0.38268343236509,0.923879532511287,0.));
#4305=DIRECTION('',(2.51166062554446E-15,1.,0.));
#4306=DIRECTION('',(-0.382683432365088,0.923879532511288,0.));
#4307=DIRECTION('',(-0.707106781186547,0.707106781186548,0.));
#4308=DIRECTION('',(-0.923879532511286,0.382683432365093,0.));
#4309=DIRECTION('',(-1.,0.,0.));
#4310=DIRECTION('',(-0.923879532511289,-0.382683432365084,0.));
#4311=DIRECTION('',(-0.707106781186549,-0.707106781186546,0.));
#4312=DIRECTION('',(-0.38268343236509,-0.923879532511287,0.));
#4313=DIRECTION('',(0.,-1.,0.));
#4314=DIRECTION('',(0.923879532511288,0.382683432365088,0.));
#4315=DIRECTION('',(0.707106781186549,0.707106781186546,0.));
#4316=DIRECTION('',(0.382683432365093,0.923879532511286,0.));
#4317=DIRECTION('',(0.,1.,0.));
#4318=DIRECTION('',(-0.382683432365084,0.923879532511289,0.));
#4319=DIRECTION('',(-0.707106781186547,0.707106781186548,0.));
#4320=DIRECTION('',(-0.923879532511287,0.38268343236509,0.));
#4321=DIRECTION('',(-1.,2.79073402838274E-15,0.));
#4322=DIRECTION('',(-0.923879532511288,-0.382683432365088,0.));
#4323=DIRECTION('',(-0.707106781186548,-0.707106781186547,0.));
#4324=DIRECTION('',(-0.382683432365093,-0.923879532511286,0.));
#4325=DIRECTION('',(0.,-1.,0.));
#4326=DIRECTION('',(0.382683432365084,-0.923879532511289,0.));
#4327=DIRECTION('',(0.707106781186546,-0.707106781186549,0.));
#4328=DIRECTION('',(0.923879532511287,-0.38268343236509,0.));
#4329=DIRECTION('',(1.,-2.23258722270619E-15,0.));
#4330=DIRECTION('center_axis',(0.,0.,-1.));
#4331=DIRECTION('ref_axis',(1.,0.,0.));
#4332=DIRECTION('',(0.382683432365089,-0.923879532511287,0.));
#4333=DIRECTION('',(0.707106781186548,-0.707106781186548,0.));
#4334=DIRECTION('',(0.923879532511287,-0.382683432365089,0.));
#4335=DIRECTION('',(1.,0.,0.));
#4336=DIRECTION('',(0.923879532511287,0.382683432365089,0.));
#4337=DIRECTION('',(0.707106781186548,0.707106781186547,0.));
#4338=DIRECTION('',(0.38268343236509,0.923879532511287,0.));
#4339=DIRECTION('',(5.58146805676546E-16,1.,0.));
#4340=DIRECTION('',(-0.382683432365089,0.923879532511287,0.));
#4341=DIRECTION('',(-0.707106781186547,0.707106781186548,0.));
#4342=DIRECTION('',(-0.923879532511286,0.38268343236509,0.));
#4343=DIRECTION('',(-1.,2.79073402838273E-16,0.));
#4344=DIRECTION('',(-0.923879532511287,-0.38268343236509,0.));
#4345=DIRECTION('',(-0.707106781186548,-0.707106781186548,0.));
#4346=DIRECTION('',(-0.38268343236509,-0.923879532511287,0.));
#4347=DIRECTION('',(2.23258722270618E-15,-1.,0.));
#4348=DIRECTION('',(-0.923879532511285,-0.382683432365095,0.));
#4349=DIRECTION('',(-0.707106781186543,-0.707106781186552,0.));
#4350=DIRECTION('',(-0.382683432365084,-0.923879532511289,0.));
#4351=DIRECTION('',(8.93034889082476E-15,-1.,0.));
#4352=DIRECTION('',(0.382683432365095,-0.923879532511285,0.));
#4353=DIRECTION('',(0.707106781186552,-0.707106781186543,0.));
#4354=DIRECTION('',(0.923879532511289,-0.382683432365084,0.));
#4355=DIRECTION('',(1.,8.93034889082476E-15,0.));
#4356=DIRECTION('',(0.923879532511285,0.382683432365095,0.));
#4357=DIRECTION('',(0.707106781186543,0.707106781186552,0.));
#4358=DIRECTION('',(0.382683432365084,0.923879532511289,0.));
#4359=DIRECTION('',(-8.93034889082476E-15,1.,0.));
#4360=DIRECTION('',(-0.382683432365095,0.923879532511285,0.));
#4361=DIRECTION('',(-0.707106781186552,0.707106781186543,0.));
#4362=DIRECTION('',(-0.923879532511288,0.382683432365087,0.));
#4363=DIRECTION('',(-1.,-8.93034889082468E-15,0.));
#4364=DIRECTION('center_axis',(0.,0.,1.));
#4365=DIRECTION('ref_axis',(-1.,0.,0.));
#4366=DIRECTION('center_axis',(0.,0.,1.));
#4367=DIRECTION('ref_axis',(-1.,0.,0.));
#4368=DIRECTION('',(-0.707106781186547,-8.65956056235493E-17,-0.707106781186548));
#4369=DIRECTION('center_axis',(0.,0.,-1.));
#4370=DIRECTION('ref_axis',(-1.,0.,0.));
#4371=DIRECTION('center_axis',(0.,0.,1.));
#4372=DIRECTION('ref_axis',(1.,0.,0.));
#4373=DIRECTION('',(0.,-1.,0.));
#4374=DIRECTION('',(-1.,0.,0.));
#4375=DIRECTION('center_axis',(0.,0.,1.));
#4376=DIRECTION('ref_axis',(-1.,0.,0.));
#4377=DIRECTION('center_axis',(0.,0.,1.));
#4378=DIRECTION('ref_axis',(-1.,0.,0.));
#4379=DIRECTION('center_axis',(0.,0.,-1.));
#4380=DIRECTION('ref_axis',(1.,0.,0.));
#4381=DIRECTION('center_axis',(0.,0.,1.));
#4382=DIRECTION('ref_axis',(-1.,0.,0.));
#4383=DIRECTION('center_axis',(0.,0.,-1.));
#4384=DIRECTION('ref_axis',(-1.,0.,0.));
#4385=DIRECTION('',(0.,0.,-1.));
#4386=DIRECTION('center_axis',(0.,0.,-1.));
#4387=DIRECTION('ref_axis',(-1.,0.,0.));
#4388=DIRECTION('center_axis',(0.,0.,1.));
#4389=DIRECTION('ref_axis',(-1.,0.,0.));
#4390=DIRECTION('',(-0.707106781186548,-8.65956056235493E-17,-0.707106781186548));
#4391=DIRECTION('center_axis',(0.,0.,-1.));
#4392=DIRECTION('ref_axis',(-1.,0.,0.));
#4393=DIRECTION('center_axis',(0.,0.,-1.));
#4394=DIRECTION('ref_axis',(-1.,0.,0.));
#4395=DIRECTION('',(0.,0.,-1.));
#4396=DIRECTION('center_axis',(0.,0.,-1.));
#4397=DIRECTION('ref_axis',(-1.,0.,0.));
#4398=DIRECTION('center_axis',(0.,0.,1.));
#4399=DIRECTION('ref_axis',(-1.,0.,0.));
#4400=DIRECTION('',(-0.707106781186548,-8.65956056235493E-17,-0.707106781186548));
#4401=DIRECTION('center_axis',(0.,0.,-1.));
#4402=DIRECTION('ref_axis',(-1.,0.,0.));
#4403=DIRECTION('center_axis',(0.,0.,-1.));
#4404=DIRECTION('ref_axis',(-1.,0.,0.));
#4405=DIRECTION('',(0.,0.,-1.));
#4406=DIRECTION('center_axis',(0.,0.,-1.));
#4407=DIRECTION('ref_axis',(-1.,0.,0.));
#4408=DIRECTION('center_axis',(0.,0.,1.));
#4409=DIRECTION('ref_axis',(-1.,0.,0.));
#4410=DIRECTION('',(-0.707106781186547,-8.65956056235493E-17,-0.707106781186548));
#4411=DIRECTION('center_axis',(0.,0.,-1.));
#4412=DIRECTION('ref_axis',(-1.,0.,0.));
#4413=DIRECTION('center_axis',(0.,0.,-1.));
#4414=DIRECTION('ref_axis',(-1.,0.,0.));
#4415=DIRECTION('',(0.,0.,-1.));
#4416=DIRECTION('center_axis',(0.,0.,-1.));
#4417=DIRECTION('ref_axis',(-1.,0.,0.));
#4418=DIRECTION('center_axis',(0.,0.,1.));
#4419=DIRECTION('ref_axis',(-1.,0.,0.));
#4420=DIRECTION('center_axis',(0.,0.,1.));
#4421=DIRECTION('ref_axis',(-1.,0.,0.));
#4422=DIRECTION('center_axis',(0.,0.,1.));
#4423=DIRECTION('ref_axis',(-1.,0.,0.));
#4424=DIRECTION('center_axis',(0.,0.,1.));
#4425=DIRECTION('ref_axis',(-1.,0.,0.));
#4426=DIRECTION('center_axis',(1.,0.,0.));
#4427=DIRECTION('ref_axis',(0.,0.,-1.));
#4428=DIRECTION('',(0.,0.,1.));
#4429=DIRECTION('center_axis',(0.,1.,0.));
#4430=DIRECTION('ref_axis',(0.,0.,1.));
#4431=DIRECTION('center_axis',(-2.51166062554446E-15,-1.,0.));
#4432=DIRECTION('ref_axis',(0.707106781186547,0.,0.707106781186548));
#4433=DIRECTION('',(-2.51166062554446E-15,-1.,0.));
#4434=DIRECTION('center_axis',(0.195090322016126,-0.980785280403231,5.41484418459598E-16));
#4435=DIRECTION('ref_axis',(0.980785280403231,0.195090322016126,2.72222600129273E-15));
#4436=DIRECTION('center_axis',(-0.195090322016147,-0.980785280403227,0.));
#4437=DIRECTION('ref_axis',(0.980785280403227,-0.195090322016147,0.));
#4438=DIRECTION('center_axis',(0.382683432365088,-0.923879532511288,0.));
#4439=DIRECTION('ref_axis',(0.65328148243819,0.270598050073087,0.707106781186551));
#4440=DIRECTION('',(0.382683432365088,-0.923879532511288,0.));
#4441=DIRECTION('center_axis',(0.555570233019611,-0.83146961230254,0.));
#4442=DIRECTION('ref_axis',(0.83146961230254,0.555570233019611,0.));
#4443=DIRECTION('center_axis',(0.707106781186547,-0.707106781186548,0.));
#4444=DIRECTION('ref_axis',(0.500000000000001,0.500000000000001,0.707106781186546));
#4445=DIRECTION('',(0.707106781186547,-0.707106781186548,0.));
#4446=DIRECTION('center_axis',(0.831469612302556,-0.555570233019586,0.));
#4447=DIRECTION('ref_axis',(0.555570233019586,0.831469612302556,0.));
#4448=DIRECTION('center_axis',(0.923879532511286,-0.382683432365093,0.));
#4449=DIRECTION('ref_axis',(0.2705980500731,0.653281482438191,0.707106781186544));
#4450=DIRECTION('',(0.923879532511286,-0.382683432365093,0.));
#4451=DIRECTION('center_axis',(0.980785280403227,-0.195090322016144,0.));
#4452=DIRECTION('ref_axis',(0.195090322016144,0.980785280403227,0.));
#4453=DIRECTION('center_axis',(1.,0.,0.));
#4454=DIRECTION('ref_axis',(0.,0.707106781186556,0.707106781186539));
#4455=DIRECTION('',(1.,0.,0.));
#4456=DIRECTION('center_axis',(0.980785280403232,0.195090322016123,-2.72222600129277E-15));
#4457=DIRECTION('ref_axis',(-0.195090322016123,0.980785280403231,-1.36855542827913E-14));
#4458=DIRECTION('center_axis',(-0.382683432365088,0.923879532511288,0.));
#4459=DIRECTION('ref_axis',(-0.653281482438187,-0.270598050073102,0.707106781186548));
#4460=DIRECTION('center_axis',(0.195090322016126,-0.980785280403231,0.));
#4461=DIRECTION('ref_axis',(0.980785280403231,0.195090322016126,0.));
#4462=DIRECTION('',(-0.382683432365088,0.923879532511288,0.));
#4463=DIRECTION('center_axis',(-0.555570233019593,0.831469612302551,1.54201716123679E-15));
#4464=DIRECTION('ref_axis',(-0.831469612302551,-0.555570233019593,7.75224377222187E-15));
#4465=DIRECTION('center_axis',(0.923879532511289,0.382683432365084,0.));
#4466=DIRECTION('ref_axis',(-0.270598050073103,0.653281482438182,0.707106781186551));
#4467=DIRECTION('',(0.923879532511289,0.382683432365084,0.));
#4468=DIRECTION('center_axis',(0.831469612302539,0.555570233019612,0.));
#4469=DIRECTION('ref_axis',(-0.555570233019612,0.831469612302539,0.));
#4470=DIRECTION('center_axis',(0.707106781186549,0.707106781186546,0.));
#4471=DIRECTION('ref_axis',(-0.499999999999997,0.500000000000013,0.70710678118654));
#4472=DIRECTION('',(0.707106781186549,0.707106781186546,0.));
#4473=DIRECTION('center_axis',(0.555570233019615,0.831469612302537,-1.54201716123685E-15));
#4474=DIRECTION('ref_axis',(-0.831469612302537,0.555570233019614,-7.75224377222233E-15));
#4475=DIRECTION('center_axis',(0.38268343236509,0.923879532511287,0.));
#4476=DIRECTION('ref_axis',(-0.653281482438187,0.270598050073102,0.707106781186548));
#4477=DIRECTION('',(0.38268343236509,0.923879532511287,0.));
#4478=DIRECTION('center_axis',(0.195090322016126,0.980785280403231,0.));
#4479=DIRECTION('ref_axis',(-0.980785280403231,0.195090322016126,0.));
#4480=DIRECTION('center_axis',(0.,1.,0.));
#4481=DIRECTION('ref_axis',(-0.707106781186548,0.,0.707106781186547));
#4482=DIRECTION('',(0.,1.,0.));
#4483=DIRECTION('center_axis',(-0.707106781186546,0.707106781186549,0.));
#4484=DIRECTION('ref_axis',(-0.500000000000001,-0.500000000000001,0.707106781186546));
#4485=DIRECTION('',(-0.707106781186546,0.707106781186549,0.));
#4486=DIRECTION('center_axis',(-0.831469612302546,0.555570233019601,4.6155835392722E-15));
#4487=DIRECTION('ref_axis',(-0.555570233019601,-0.831469612302546,2.32041054061887E-14));
#4488=DIRECTION('center_axis',(-0.923879532511286,0.382683432365093,0.));
#4489=DIRECTION('ref_axis',(-0.270598050073097,-0.6532814824382,0.707106781186537));
#4490=DIRECTION('',(-0.923879532511286,0.382683432365093,0.));
#4491=DIRECTION('center_axis',(-0.980785280403229,0.195090322016134,5.44445200258553E-15));
#4492=DIRECTION('ref_axis',(-0.195090322016134,-0.980785280403229,2.73711085655822E-14));
#4493=DIRECTION('center_axis',(-1.,0.,0.));
#4494=DIRECTION('ref_axis',(0.,-0.707106781186556,0.707106781186539));
#4495=DIRECTION('',(-1.,0.,0.));
#4496=DIRECTION('center_axis',(-0.980785280403235,-0.195090322016105,1.36111300064639E-15));
#4497=DIRECTION('ref_axis',(0.195090322016105,-0.980785280403235,6.84277714139636E-15));
#4498=DIRECTION('center_axis',(-0.923879532511289,-0.382683432365085,0.));
#4499=DIRECTION('ref_axis',(0.270598050073096,-0.653281482438184,0.707106781186553));
#4500=DIRECTION('',(-0.923879532511289,-0.382683432365085,0.));
#4501=DIRECTION('center_axis',(-0.831469612302544,-0.555570233019604,0.));
#4502=DIRECTION('ref_axis',(0.555570233019605,-0.831469612302544,0.));
#4503=DIRECTION('center_axis',(-0.707106781186548,-0.707106781186547,0.));
#4504=DIRECTION('ref_axis',(0.500000000000002,-0.49999999999999,0.707106781186553));
#4505=DIRECTION('',(-0.707106781186548,-0.707106781186547,0.));
#4506=DIRECTION('center_axis',(-0.555570233019589,-0.831469612302554,2.31302574185517E-15));
#4507=DIRECTION('ref_axis',(0.831469612302554,-0.555570233019589,1.16283656583311E-14));
#4508=DIRECTION('center_axis',(-0.38268343236509,-0.923879532511287,0.));
#4509=DIRECTION('ref_axis',(0.653281482438192,-0.270598050073086,0.707106781186549));
#4510=DIRECTION('',(-0.38268343236509,-0.923879532511287,0.));
#4511=DIRECTION('center_axis',(-1.,2.51166062554446E-15,0.));
#4512=DIRECTION('ref_axis',(2.51166062554446E-15,1.,0.));
#4513=DIRECTION('',(0.,0.,-1.));
#4514=DIRECTION('',(2.51166062554446E-15,1.,0.));
#4515=DIRECTION('',(0.,0.,-1.));
#4516=DIRECTION('center_axis',(-0.923879532511287,0.38268343236509,0.));
#4517=DIRECTION('ref_axis',(0.38268343236509,0.923879532511287,0.));
#4518=DIRECTION('',(0.,0.,-1.));
#4519=DIRECTION('',(0.38268343236509,0.923879532511287,0.));
#4520=DIRECTION('center_axis',(-0.707106781186547,0.707106781186548,0.));
#4521=DIRECTION('ref_axis',(0.707106781186548,0.707106781186547,0.));
#4522=DIRECTION('',(0.,0.,-1.));
#4523=DIRECTION('',(0.707106781186548,0.707106781186547,0.));
#4524=DIRECTION('center_axis',(-0.382683432365085,0.923879532511289,0.));
#4525=DIRECTION('ref_axis',(0.923879532511289,0.382683432365085,0.));
#4526=DIRECTION('',(0.,0.,-1.));
#4527=DIRECTION('',(0.923879532511289,0.382683432365085,0.));
#4528=DIRECTION('center_axis',(0.,1.,0.));
#4529=DIRECTION('ref_axis',(1.,0.,0.));
#4530=DIRECTION('',(0.,0.,-1.));
#4531=DIRECTION('',(1.,0.,0.));
#4532=DIRECTION('center_axis',(0.382683432365093,0.923879532511286,0.));
#4533=DIRECTION('ref_axis',(0.923879532511286,-0.382683432365093,0.));
#4534=DIRECTION('',(0.,0.,-1.));
#4535=DIRECTION('',(0.923879532511286,-0.382683432365093,0.));
#4536=DIRECTION('center_axis',(0.707106781186549,0.707106781186546,0.));
#4537=DIRECTION('ref_axis',(0.707106781186546,-0.707106781186549,0.));
#4538=DIRECTION('',(0.,0.,-1.));
#4539=DIRECTION('',(0.707106781186546,-0.707106781186549,0.));
#4540=DIRECTION('center_axis',(0.923879532511288,0.382683432365088,0.));
#4541=DIRECTION('ref_axis',(0.382683432365088,-0.923879532511288,0.));
#4542=DIRECTION('',(0.,0.,-1.));
#4543=DIRECTION('',(0.382683432365088,-0.923879532511288,0.));
#4544=DIRECTION('center_axis',(-0.923879532511285,-0.382683432365095,0.));
#4545=DIRECTION('ref_axis',(0.270598050073097,-0.6532814824382,0.707106781186537));
#4546=DIRECTION('',(-0.923879532511285,-0.382683432365095,0.));
#4547=DIRECTION('center_axis',(-0.831469612302539,-0.555570233019612,0.));
#4548=DIRECTION('ref_axis',(0.555570233019612,-0.831469612302539,0.));
#4549=DIRECTION('center_axis',(-0.980785280403227,-0.195090322016147,0.));
#4550=DIRECTION('ref_axis',(0.195090322016147,-0.980785280403227,0.));
#4551=DIRECTION('center_axis',(-0.707106781186543,-0.707106781186552,0.));
#4552=DIRECTION('ref_axis',(0.500000000000013,-0.499999999999997,0.70710678118654));
#4553=DIRECTION('',(-0.707106781186543,-0.707106781186552,0.));
#4554=DIRECTION('center_axis',(-0.555570233019587,-0.831469612302556,0.));
#4555=DIRECTION('ref_axis',(0.831469612302556,-0.555570233019587,0.));
#4556=DIRECTION('center_axis',(-0.382683432365084,-0.923879532511289,0.));
#4557=DIRECTION('ref_axis',(0.653281482438191,-0.2705980500731,0.707106781186544));
#4558=DIRECTION('',(-0.382683432365084,-0.923879532511289,0.));
#4559=DIRECTION('center_axis',(-0.195090322016147,-0.980785280403227,-2.17778080103421E-14));
#4560=DIRECTION('ref_axis',(0.980785280403227,-0.195090322016147,-1.09484434262341E-13));
#4561=DIRECTION('center_axis',(8.93034889082476E-15,-1.,0.));
#4562=DIRECTION('ref_axis',(0.70710678118654,1.57009245868379E-14,0.707106781186555));
#4563=DIRECTION('',(8.93034889082476E-15,-1.,0.));
#4564=DIRECTION('center_axis',(0.195090322016147,-0.980785280403227,0.));
#4565=DIRECTION('ref_axis',(0.980785280403227,0.195090322016147,0.));
#4566=DIRECTION('center_axis',(0.382683432365095,-0.923879532511285,0.));
#4567=DIRECTION('ref_axis',(0.653281482438182,0.270598050073103,0.707106781186551));
#4568=DIRECTION('',(0.382683432365095,-0.923879532511285,0.));
#4569=DIRECTION('center_axis',(0.555570233019627,-0.831469612302529,0.));
#4570=DIRECTION('ref_axis',(0.831469612302529,0.555570233019627,0.));
#4571=DIRECTION('center_axis',(0.707106781186552,-0.707106781186543,0.));
#4572=DIRECTION('ref_axis',(0.499999999999985,0.500000000000017,0.707106781186546));
#4573=DIRECTION('',(0.707106781186552,-0.707106781186543,0.));
#4574=DIRECTION('center_axis',(0.831469612302545,-0.555570233019602,0.));
#4575=DIRECTION('ref_axis',(0.555570233019602,0.831469612302545,0.));
#4576=DIRECTION('center_axis',(0.923879532511285,0.382683432365095,0.));
#4577=DIRECTION('ref_axis',(-0.270598050073103,0.653281482438182,0.707106781186551));
#4578=DIRECTION('center_axis',(-0.980785280403231,-0.195090322016126,0.));
#4579=DIRECTION('ref_axis',(0.195090322016126,-0.980785280403231,0.));
#4580=DIRECTION('',(0.923879532511285,0.382683432365095,0.));
#4581=DIRECTION('center_axis',(0.831469612302522,0.555570233019637,0.));
#4582=DIRECTION('ref_axis',(-0.555570233019637,0.831469612302522,0.));
#4583=DIRECTION('center_axis',(0.923879532511288,-0.382683432365087,0.));
#4584=DIRECTION('ref_axis',(0.270598050073097,0.6532814824382,0.707106781186537));
#4585=DIRECTION('',(0.923879532511288,-0.382683432365087,0.));
#4586=DIRECTION('center_axis',(0.980785280403223,-0.195090322016168,0.));
#4587=DIRECTION('ref_axis',(0.195090322016168,0.980785280403223,0.));
#4588=DIRECTION('center_axis',(1.,8.93034889082468E-15,0.));
#4589=DIRECTION('ref_axis',(-1.57009245868376E-14,0.707106781186556,0.707106781186539));
#4590=DIRECTION('',(1.,8.93034889082468E-15,0.));
#4591=DIRECTION('center_axis',(0.707106781186543,0.707106781186552,0.));
#4592=DIRECTION('ref_axis',(-0.500000000000001,0.500000000000001,0.707106781186546));
#4593=DIRECTION('',(0.707106781186543,0.707106781186552,0.));
#4594=DIRECTION('center_axis',(0.555570233019587,0.831469612302556,0.));
#4595=DIRECTION('ref_axis',(-0.831469612302556,0.555570233019587,0.));
#4596=DIRECTION('center_axis',(0.382683432365084,0.923879532511289,0.));
#4597=DIRECTION('ref_axis',(-0.653281482438185,0.270598050073088,0.707106781186554));
#4598=DIRECTION('',(0.382683432365084,0.923879532511289,0.));
#4599=DIRECTION('center_axis',(0.195090322016168,0.980785280403223,0.));
#4600=DIRECTION('ref_axis',(-0.980785280403223,0.195090322016168,0.));
#4601=DIRECTION('center_axis',(-8.93034889082476E-15,1.,0.));
#4602=DIRECTION('ref_axis',(-0.707106781186556,0.,0.707106781186539));
#4603=DIRECTION('',(-8.93034889082476E-15,1.,0.));
#4604=DIRECTION('center_axis',(-0.195090322016126,0.980785280403231,0.));
#4605=DIRECTION('ref_axis',(-0.980785280403231,-0.195090322016126,0.));
#4606=DIRECTION('center_axis',(-0.382683432365095,0.923879532511285,0.));
#4607=DIRECTION('ref_axis',(-0.65328148243818,-0.270598050073117,0.707106781186548));
#4608=DIRECTION('',(-0.382683432365095,0.923879532511285,0.));
#4609=DIRECTION('center_axis',(-0.555570233019622,0.831469612302532,0.));
#4610=DIRECTION('ref_axis',(-0.831469612302532,-0.555570233019622,0.));
#4611=DIRECTION('center_axis',(-0.707106781186552,0.707106781186543,0.));
#4612=DIRECTION('ref_axis',(-0.500000000000017,-0.499999999999985,0.707106781186546));
#4613=DIRECTION('',(-0.707106781186552,0.707106781186543,0.));
#4614=DIRECTION('center_axis',(-0.831469612302572,0.555570233019562,0.));
#4615=DIRECTION('ref_axis',(-0.555570233019562,-0.831469612302572,0.));
#4616=DIRECTION('center_axis',(-0.923879532511289,0.382683432365084,0.));
#4617=DIRECTION('ref_axis',(-0.270598050073083,-0.653281482438203,0.70710678118654));
#4618=DIRECTION('',(-0.923879532511289,0.382683432365084,0.));
#4619=DIRECTION('center_axis',(-0.980785280403223,0.195090322016168,0.));
#4620=DIRECTION('ref_axis',(-0.195090322016168,-0.980785280403223,0.));
#4621=DIRECTION('center_axis',(-1.,-8.93034889082476E-15,0.));
#4622=DIRECTION('ref_axis',(0.,-0.70710678118654,0.707106781186555));
#4623=DIRECTION('',(-1.,-8.93034889082476E-15,0.));
#4624=DIRECTION('center_axis',(-8.93034889082476E-15,1.,0.));
#4625=DIRECTION('ref_axis',(1.,8.93034889082476E-15,0.));
#4626=DIRECTION('',(0.,0.,-1.));
#4627=DIRECTION('',(1.,8.93034889082476E-15,0.));
#4628=DIRECTION('',(0.,0.,-1.));
#4629=DIRECTION('center_axis',(0.382683432365084,0.923879532511289,0.));
#4630=DIRECTION('ref_axis',(0.923879532511289,-0.382683432365084,0.));
#4631=DIRECTION('',(0.,0.,-1.));
#4632=DIRECTION('',(0.923879532511289,-0.382683432365084,0.));
#4633=DIRECTION('center_axis',(0.707106781186543,0.707106781186552,0.));
#4634=DIRECTION('ref_axis',(0.707106781186552,-0.707106781186543,0.));
#4635=DIRECTION('',(0.,0.,-1.));
#4636=DIRECTION('',(0.707106781186552,-0.707106781186543,0.));
#4637=DIRECTION('center_axis',(0.923879532511285,0.382683432365095,0.));
#4638=DIRECTION('ref_axis',(0.382683432365095,-0.923879532511285,0.));
#4639=DIRECTION('',(0.,0.,-1.));
#4640=DIRECTION('',(0.382683432365095,-0.923879532511285,0.));
#4641=DIRECTION('center_axis',(1.,8.93034889082476E-15,0.));
#4642=DIRECTION('ref_axis',(8.93034889082476E-15,-1.,0.));
#4643=DIRECTION('',(0.,0.,-1.));
#4644=DIRECTION('',(8.93034889082476E-15,-1.,0.));
#4645=DIRECTION('center_axis',(0.923879532511289,-0.382683432365084,0.));
#4646=DIRECTION('ref_axis',(-0.382683432365084,-0.923879532511289,0.));
#4647=DIRECTION('',(0.,0.,-1.));
#4648=DIRECTION('',(-0.382683432365084,-0.923879532511289,0.));
#4649=DIRECTION('center_axis',(0.707106781186552,-0.707106781186543,0.));
#4650=DIRECTION('ref_axis',(-0.707106781186543,-0.707106781186552,0.));
#4651=DIRECTION('',(0.,0.,-1.));
#4652=DIRECTION('',(-0.707106781186543,-0.707106781186552,0.));
#4653=DIRECTION('center_axis',(0.382683432365095,-0.923879532511285,0.));
#4654=DIRECTION('ref_axis',(-0.923879532511285,-0.382683432365095,0.));
#4655=DIRECTION('',(0.,0.,-1.));
#4656=DIRECTION('',(-0.923879532511285,-0.382683432365095,0.));
#4657=DIRECTION('center_axis',(-0.382683432365084,0.923879532511289,0.));
#4658=DIRECTION('ref_axis',(-0.653281482438182,-0.270598050073103,0.707106781186551));
#4659=DIRECTION('',(-0.382683432365084,0.923879532511289,0.));
#4660=DIRECTION('center_axis',(-0.555570233019566,0.83146961230257,4.61558353927233E-15));
#4661=DIRECTION('ref_axis',(-0.83146961230257,-0.555570233019565,2.32041054061944E-14));
#4662=DIRECTION('center_axis',(-0.195090322016165,0.980785280403223,2.72222600129275E-15));
#4663=DIRECTION('ref_axis',(-0.980785280403223,-0.195090322016165,1.36855542827882E-14));
#4664=DIRECTION('center_axis',(-0.707106781186546,0.707106781186549,0.));
#4665=DIRECTION('ref_axis',(-0.500000000000003,-0.499999999999995,0.707106781186549));
#4666=DIRECTION('',(-0.707106781186546,0.707106781186549,0.));
#4667=DIRECTION('center_axis',(-0.83146961230254,0.555570233019611,1.54201716123684E-15));
#4668=DIRECTION('ref_axis',(-0.555570233019611,-0.83146961230254,7.75224377222209E-15));
#4669=DIRECTION('center_axis',(-0.923879532511287,0.38268343236509,0.));
#4670=DIRECTION('ref_axis',(-0.270598050073102,-0.653281482438187,0.707106781186548));
#4671=DIRECTION('',(-0.923879532511287,0.38268343236509,0.));
#4672=DIRECTION('center_axis',(-0.980785280403231,0.195090322016125,5.41484418459596E-16));
#4673=DIRECTION('ref_axis',(-0.195090322016125,-0.980785280403231,2.72222600129268E-15));
#4674=DIRECTION('center_axis',(-0.923879532511288,-0.382683432365088,0.));
#4675=DIRECTION('ref_axis',(0.2705980500731,-0.653281482438191,0.707106781186544));
#4676=DIRECTION('',(-0.923879532511288,-0.382683432365088,0.));
#4677=DIRECTION('center_axis',(-0.83146961230254,-0.555570233019609,-1.54201716123683E-15));
#4678=DIRECTION('ref_axis',(0.555570233019609,-0.83146961230254,-7.7522437722213E-15));
#4679=DIRECTION('center_axis',(0.980785280403231,0.195090322016125,0.));
#4680=DIRECTION('ref_axis',(-0.195090322016125,0.980785280403231,0.));
#4681=DIRECTION('center_axis',(-0.707106781186549,-0.707106781186546,0.));
#4682=DIRECTION('ref_axis',(0.499999999999988,-0.500000000000008,0.70710678118655));
#4683=DIRECTION('',(-0.707106781186549,-0.707106781186546,0.));
#4684=DIRECTION('center_axis',(-0.555570233019612,-0.831469612302539,4.61558353927215E-15));
#4685=DIRECTION('ref_axis',(0.831469612302539,-0.555570233019612,2.32041054061901E-14));
#4686=DIRECTION('center_axis',(-0.382683432365093,-0.923879532511286,0.));
#4687=DIRECTION('ref_axis',(0.6532814824382,-0.270598050073097,0.707106781186537));
#4688=DIRECTION('',(-0.382683432365093,-0.923879532511286,0.));
#4689=DIRECTION('center_axis',(-0.195090322016142,-0.980785280403228,0.));
#4690=DIRECTION('ref_axis',(0.980785280403228,-0.195090322016142,0.));
#4691=DIRECTION('center_axis',(0.,-1.,0.));
#4692=DIRECTION('ref_axis',(0.707106781186556,0.,0.707106781186539));
#4693=DIRECTION('',(0.,-1.,0.));
#4694=DIRECTION('center_axis',(0.19509032201613,-0.98078528040323,5.44445200258553E-15));
#4695=DIRECTION('ref_axis',(0.98078528040323,0.19509032201613,2.73711085655817E-14));
#4696=DIRECTION('center_axis',(0.382683432365084,-0.923879532511289,0.));
#4697=DIRECTION('ref_axis',(0.653281482438193,0.270598050073093,0.707106781186546));
#4698=DIRECTION('',(0.382683432365084,-0.923879532511289,0.));
#4699=DIRECTION('center_axis',(0.555570233019579,-0.831469612302561,0.));
#4700=DIRECTION('ref_axis',(0.831469612302561,0.555570233019579,0.));
#4701=DIRECTION('center_axis',(0.707106781186547,-0.707106781186548,0.));
#4702=DIRECTION('ref_axis',(0.500000000000003,0.499999999999995,0.707106781186549));
#4703=DIRECTION('',(0.707106781186547,-0.707106781186548,0.));
#4704=DIRECTION('center_axis',(0.831469612302553,-0.555570233019591,-1.54201716123678E-15));
#4705=DIRECTION('ref_axis',(0.555570233019591,0.831469612302553,-7.75224377222089E-15));
#4706=DIRECTION('center_axis',(0.923879532511287,-0.38268343236509,0.));
#4707=DIRECTION('ref_axis',(0.270598050073101,0.653281482438189,0.707106781186546));
#4708=DIRECTION('',(0.923879532511287,-0.38268343236509,0.));
#4709=DIRECTION('center_axis',(0.980785280403227,-0.195090322016147,0.));
#4710=DIRECTION('ref_axis',(0.195090322016147,0.980785280403227,0.));
#4711=DIRECTION('center_axis',(-1.,2.23258722270619E-15,0.));
#4712=DIRECTION('ref_axis',(0.,-0.707106781186548,0.707106781186547));
#4713=DIRECTION('',(-1.,2.23258722270619E-15,0.));
#4714=DIRECTION('center_axis',(1.,-2.79073402838274E-15,0.));
#4715=DIRECTION('ref_axis',(0.,0.707106781186548,0.707106781186547));
#4716=DIRECTION('',(1.,-2.79073402838274E-15,0.));
#4717=DIRECTION('center_axis',(0.980785280403227,0.195090322016147,0.));
#4718=DIRECTION('ref_axis',(-0.195090322016147,0.980785280403227,0.));
#4719=DIRECTION('center_axis',(0.923879532511288,0.382683432365088,0.));
#4720=DIRECTION('ref_axis',(-0.270598050073114,0.653281482438189,0.707106781186541));
#4721=DIRECTION('',(0.923879532511288,0.382683432365088,0.));
#4722=DIRECTION('center_axis',(0.831469612302553,0.55557023301959,2.31302574185517E-15));
#4723=DIRECTION('ref_axis',(-0.55557023301959,0.831469612302553,1.16283656583329E-14));
#4724=DIRECTION('center_axis',(0.707106781186548,0.707106781186547,0.));
#4725=DIRECTION('ref_axis',(-0.500000000000013,0.499999999999997,0.70710678118654));
#4726=DIRECTION('',(0.707106781186548,0.707106781186547,0.));
#4727=DIRECTION('center_axis',(0.555570233019569,0.831469612302567,-2.30779176963616E-15));
#4728=DIRECTION('ref_axis',(-0.831469612302567,0.555570233019569,-1.16020527030924E-14));
#4729=DIRECTION('center_axis',(0.382683432365093,0.923879532511286,0.));
#4730=DIRECTION('ref_axis',(-0.6532814824382,0.270598050073097,0.707106781186537));
#4731=DIRECTION('',(0.382683432365093,0.923879532511286,0.));
#4732=DIRECTION('center_axis',(0.195090322016177,0.980785280403221,0.));
#4733=DIRECTION('ref_axis',(-0.980785280403221,0.195090322016177,0.));
#4734=DIRECTION('center_axis',(0.,1.,0.));
#4735=DIRECTION('ref_axis',(-0.707106781186556,0.,0.707106781186539));
#4736=DIRECTION('',(0.,1.,0.));
#4737=DIRECTION('center_axis',(-2.79073402838274E-15,-1.,0.));
#4738=DIRECTION('ref_axis',(-1.,2.79073402838274E-15,0.));
#4739=DIRECTION('',(0.,0.,-1.));
#4740=DIRECTION('',(-1.,2.79073402838274E-15,0.));
#4741=DIRECTION('',(0.,0.,-1.));
#4742=DIRECTION('center_axis',(-0.38268343236509,-0.923879532511287,0.));
#4743=DIRECTION('ref_axis',(-0.923879532511287,0.38268343236509,0.));
#4744=DIRECTION('',(0.,0.,-1.));
#4745=DIRECTION('',(-0.923879532511287,0.38268343236509,0.));
#4746=DIRECTION('center_axis',(-0.707106781186548,-0.707106781186547,0.));
#4747=DIRECTION('ref_axis',(-0.707106781186547,0.707106781186548,0.));
#4748=DIRECTION('',(0.,0.,-1.));
#4749=DIRECTION('',(-0.707106781186547,0.707106781186548,0.));
#4750=DIRECTION('center_axis',(-0.923879532511289,-0.382683432365084,0.));
#4751=DIRECTION('ref_axis',(-0.382683432365084,0.923879532511289,0.));
#4752=DIRECTION('',(0.,0.,-1.));
#4753=DIRECTION('',(-0.382683432365084,0.923879532511289,0.));
#4754=DIRECTION('center_axis',(-1.,0.,0.));
#4755=DIRECTION('ref_axis',(0.,1.,0.));
#4756=DIRECTION('',(0.,0.,-1.));
#4757=DIRECTION('',(0.,1.,0.));
#4758=DIRECTION('center_axis',(-0.923879532511286,0.382683432365093,0.));
#4759=DIRECTION('ref_axis',(0.382683432365093,0.923879532511286,0.));
#4760=DIRECTION('',(0.,0.,-1.));
#4761=DIRECTION('',(0.382683432365093,0.923879532511286,0.));
#4762=DIRECTION('center_axis',(-0.707106781186546,0.707106781186549,0.));
#4763=DIRECTION('ref_axis',(0.707106781186549,0.707106781186546,0.));
#4764=DIRECTION('',(0.,0.,-1.));
#4765=DIRECTION('',(0.707106781186549,0.707106781186546,0.));
#4766=DIRECTION('center_axis',(-0.382683432365088,0.923879532511288,0.));
#4767=DIRECTION('ref_axis',(0.923879532511288,0.382683432365088,0.));
#4768=DIRECTION('',(0.,0.,-1.));
#4769=DIRECTION('',(0.923879532511288,0.382683432365088,0.));
#4770=DIRECTION('center_axis',(0.923879532511287,0.382683432365089,0.));
#4771=DIRECTION('ref_axis',(-0.270598050073102,0.653281482438187,0.707106781186548));
#4772=DIRECTION('',(0.923879532511287,0.38268343236509,0.));
#4773=DIRECTION('center_axis',(0.831469612302544,0.555570233019604,-1.54201716123682E-15));
#4774=DIRECTION('ref_axis',(-0.555570233019604,0.831469612302544,-7.75224377222156E-15));
#4775=DIRECTION('center_axis',(0.98078528040323,0.195090322016129,2.70742209229802E-16));
#4776=DIRECTION('ref_axis',(-0.195090322016129,0.98078528040323,1.36111300064638E-15));
#4777=DIRECTION('center_axis',(0.707106781186548,0.707106781186548,0.));
#4778=DIRECTION('ref_axis',(-0.499999999999997,0.499999999999997,0.707106781186552));
#4779=DIRECTION('',(0.707106781186548,0.707106781186548,0.));
#4780=DIRECTION('center_axis',(0.555570233019605,0.831469612302543,4.61558353927218E-15));
#4781=DIRECTION('ref_axis',(-0.831469612302543,0.555570233019605,2.32041054061894E-14));
#4782=DIRECTION('center_axis',(0.38268343236509,0.923879532511287,0.));
#4783=DIRECTION('ref_axis',(-0.653281482438187,0.270598050073102,0.707106781186548));
#4784=DIRECTION('',(0.38268343236509,0.923879532511287,0.));
#4785=DIRECTION('center_axis',(0.195090322016132,0.98078528040323,0.));
#4786=DIRECTION('ref_axis',(-0.98078528040323,0.195090322016132,0.));
#4787=DIRECTION('center_axis',(-0.382683432365089,0.923879532511287,0.));
#4788=DIRECTION('ref_axis',(-0.653281482438189,-0.270598050073101,0.707106781186546));
#4789=DIRECTION('',(-0.382683432365089,0.923879532511287,0.));
#4790=DIRECTION('center_axis',(-0.555570233019606,0.831469612302543,3.84980893087291E-15));
#4791=DIRECTION('ref_axis',(-0.831469612302543,-0.555570233019606,1.93542964753157E-14));
#4792=DIRECTION('center_axis',(0.195090322016136,-0.980785280403229,3.26371041975239E-15));
#4793=DIRECTION('ref_axis',(0.980785280403229,0.195090322016136,-1.64077802840846E-14));
#4794=DIRECTION('center_axis',(-0.707106781186548,0.707106781186548,0.));
#4795=DIRECTION('ref_axis',(-0.500000000000001,-0.500000000000001,0.707106781186546));
#4796=DIRECTION('',(-0.707106781186548,0.707106781186548,0.));
#4797=DIRECTION('center_axis',(-0.831469612302537,0.555570233019615,0.));
#4798=DIRECTION('ref_axis',(-0.555570233019615,-0.831469612302537,0.));
#4799=DIRECTION('center_axis',(-0.923879532511287,0.382683432365089,0.));
#4800=DIRECTION('ref_axis',(-0.270598050073094,-0.653281482438188,0.707106781186549));
#4801=DIRECTION('',(-0.923879532511287,0.382683432365089,0.));
#4802=DIRECTION('center_axis',(-0.980785280403232,0.195090322016121,0.));
#4803=DIRECTION('ref_axis',(-0.195090322016121,-0.980785280403232,0.));
#4804=DIRECTION('center_axis',(-1.,0.,0.));
#4805=DIRECTION('ref_axis',(0.,-0.707106781186548,0.707106781186547));
#4806=DIRECTION('',(-1.,0.,0.));
#4807=DIRECTION('center_axis',(-0.980785280403229,-0.195090322016134,5.44445200258553E-15));
#4808=DIRECTION('ref_axis',(0.195090322016134,-0.980785280403229,2.73711085655811E-14));
#4809=DIRECTION('center_axis',(-0.923879532511287,-0.382683432365089,0.));
#4810=DIRECTION('ref_axis',(0.270598050073102,-0.653281482438187,0.707106781186548));
#4811=DIRECTION('',(-0.923879532511287,-0.382683432365089,0.));
#4812=DIRECTION('center_axis',(-0.83146961230255,-0.555570233019596,1.5420171612368E-15));
#4813=DIRECTION('ref_axis',(0.555570233019596,-0.83146961230255,7.75224377222183E-15));
#4814=DIRECTION('center_axis',(-0.707106781186548,-0.707106781186547,0.));
#4815=DIRECTION('ref_axis',(0.500000000000001,-0.500000000000001,0.707106781186546));
#4816=DIRECTION('',(-0.707106781186548,-0.707106781186547,0.));
#4817=DIRECTION('center_axis',(-0.55557023301961,-0.83146961230254,6.157600700509E-15));
#4818=DIRECTION('ref_axis',(0.83146961230254,-0.55557023301961,3.09563491784121E-14));
#4819=DIRECTION('center_axis',(-0.38268343236509,-0.923879532511287,0.));
#4820=DIRECTION('ref_axis',(0.653281482438187,-0.270598050073102,0.707106781186548));
#4821=DIRECTION('',(-0.38268343236509,-0.923879532511287,0.));
#4822=DIRECTION('center_axis',(-0.195090322016126,-0.980785280403231,5.17370979335574E-15));
#4823=DIRECTION('ref_axis',(0.980785280403231,-0.195090322016126,2.60099955649352E-14));
#4824=DIRECTION('center_axis',(-2.23258722270618E-15,1.,0.));
#4825=DIRECTION('ref_axis',(-0.707106781186548,0.,0.707106781186547));
#4826=DIRECTION('',(-2.23258722270618E-15,1.,0.));
#4827=DIRECTION('center_axis',(-5.58146805676546E-16,-1.,0.));
#4828=DIRECTION('ref_axis',(0.707106781186547,0.,0.707106781186548));
#4829=DIRECTION('',(-5.58146805676546E-16,-1.,0.));
#4830=DIRECTION('center_axis',(0.195090322016119,-0.980785280403232,1.36111300064639E-15));
#4831=DIRECTION('ref_axis',(0.980785280403232,0.195090322016119,6.84277714139579E-15));
#4832=DIRECTION('center_axis',(0.382683432365089,-0.923879532511287,0.));
#4833=DIRECTION('ref_axis',(0.653281482438187,0.270598050073098,0.707106781186549));
#4834=DIRECTION('',(0.382683432365089,-0.923879532511287,0.));
#4835=DIRECTION('center_axis',(0.555570233019602,-0.831469612302545,-3.82887304199641E-16));
#4836=DIRECTION('ref_axis',(0.831469612302545,0.555570233019602,-1.92490446543646E-15));
#4837=DIRECTION('center_axis',(0.707106781186547,-0.707106781186548,0.));
#4838=DIRECTION('ref_axis',(0.499999999999999,0.499999999999999,0.707106781186549));
#4839=DIRECTION('',(0.707106781186547,-0.707106781186548,0.));
#4840=DIRECTION('center_axis',(0.831469612302549,-0.555570233019597,1.92490446543645E-15));
#4841=DIRECTION('ref_axis',(0.555570233019597,0.831469612302549,9.67714823765773E-15));
#4842=DIRECTION('center_axis',(0.923879532511287,-0.38268343236509,0.));
#4843=DIRECTION('ref_axis',(0.270598050073101,0.653281482438188,0.707106781186547));
#4844=DIRECTION('',(0.923879532511286,-0.38268343236509,0.));
#4845=DIRECTION('center_axis',(0.98078528040323,-0.19509032201613,1.36111300064638E-15));
#4846=DIRECTION('ref_axis',(0.19509032201613,0.98078528040323,6.84277714139551E-15));
#4847=DIRECTION('center_axis',(1.,-2.79073402838273E-16,0.));
#4848=DIRECTION('ref_axis',(0.,0.707106781186548,0.707106781186547));
#4849=DIRECTION('',(1.,-2.79073402838273E-16,0.));
#4850=DIRECTION('center_axis',(-1.,5.58146805676546E-16,0.));
#4851=DIRECTION('ref_axis',(5.58146805676546E-16,1.,0.));
#4852=DIRECTION('',(0.,0.,-1.));
#4853=DIRECTION('',(5.58146805676546E-16,1.,0.));
#4854=DIRECTION('',(0.,0.,-1.));
#4855=DIRECTION('center_axis',(-0.923879532511287,0.38268343236509,0.));
#4856=DIRECTION('ref_axis',(0.38268343236509,0.923879532511287,0.));
#4857=DIRECTION('',(0.,0.,-1.));
#4858=DIRECTION('',(0.38268343236509,0.923879532511287,0.));
#4859=DIRECTION('center_axis',(-0.707106781186547,0.707106781186548,0.));
#4860=DIRECTION('ref_axis',(0.707106781186548,0.707106781186547,0.));
#4861=DIRECTION('',(0.,0.,-1.));
#4862=DIRECTION('',(0.707106781186548,0.707106781186547,0.));
#4863=DIRECTION('center_axis',(-0.382683432365089,0.923879532511287,0.));
#4864=DIRECTION('ref_axis',(0.923879532511287,0.382683432365089,0.));
#4865=DIRECTION('',(0.,0.,-1.));
#4866=DIRECTION('',(0.923879532511287,0.382683432365089,0.));
#4867=DIRECTION('center_axis',(0.,1.,0.));
#4868=DIRECTION('ref_axis',(1.,0.,0.));
#4869=DIRECTION('',(0.,0.,-1.));
#4870=DIRECTION('',(1.,0.,0.));
#4871=DIRECTION('center_axis',(0.382683432365089,0.923879532511287,0.));
#4872=DIRECTION('ref_axis',(0.923879532511287,-0.382683432365089,0.));
#4873=DIRECTION('',(0.,0.,-1.));
#4874=DIRECTION('',(0.923879532511287,-0.382683432365089,0.));
#4875=DIRECTION('center_axis',(0.707106781186548,0.707106781186548,0.));
#4876=DIRECTION('ref_axis',(0.707106781186548,-0.707106781186548,0.));
#4877=DIRECTION('',(0.,0.,-1.));
#4878=DIRECTION('',(0.707106781186548,-0.707106781186548,0.));
#4879=DIRECTION('center_axis',(0.923879532511287,0.382683432365089,0.));
#4880=DIRECTION('ref_axis',(0.382683432365089,-0.923879532511287,0.));
#4881=DIRECTION('',(0.,0.,-1.));
#4882=DIRECTION('',(0.382683432365089,-0.923879532511287,0.));
#4883=DIRECTION('center_axis',(-0.707106781186548,3.94669391191496E-16,
-0.707106781186547));
#4884=DIRECTION('ref_axis',(-0.707106781186547,0.,0.707106781186548));
#4885=DIRECTION('',(-5.58146805676546E-16,-1.,0.));
#4886=DIRECTION('',(-0.700214507282552,-0.139281325317159,0.700214507282553));
#4887=DIRECTION('',(-0.700214507282552,0.139281325317157,0.700214507282553));
#4888=DIRECTION('center_axis',(-0.653281482438188,-0.270598050073098,-0.707106781186548));
#4889=DIRECTION('ref_axis',(-0.734509555267756,0.,0.678598344545847));
#4890=DIRECTION('',(0.382683432365089,-0.923879532511287,0.));
#4891=DIRECTION('',(-0.593613196009102,-0.396639656760278,0.700214507282553));
#4892=DIRECTION('',(-0.382683432365089,0.923879532511287,0.));
#4893=DIRECTION('center_axis',(-0.5,-0.5,-0.707106781186547));
#4894=DIRECTION('ref_axis',(-0.816496580927726,0.,0.577350269189626));
#4895=DIRECTION('',(0.707106781186547,-0.707106781186548,0.));
#4896=DIRECTION('',(-0.396639656760285,-0.593613196009097,0.700214507282554));
#4897=DIRECTION('',(-0.707106781186547,0.707106781186548,0.));
#4898=DIRECTION('center_axis',(-0.270598050073099,-0.653281482438189,-0.707106781186547));
#4899=DIRECTION('ref_axis',(-0.933948831094464,0.,0.357406744336595));
#4900=DIRECTION('',(0.923879532511286,-0.38268343236509,0.));
#4901=DIRECTION('',(-0.13928132531715,-0.700214507282553,0.700214507282554));
#4902=DIRECTION('',(-0.923879532511286,0.38268343236509,0.));
#4903=DIRECTION('center_axis',(-1.97334695595748E-16,-0.707106781186548,
-0.707106781186547));
#4904=DIRECTION('ref_axis',(-1.,0.,2.79073402838273E-16));
#4905=DIRECTION('',(1.,-2.79073402838273E-16,0.));
#4906=DIRECTION('',(0.139281325317155,-0.700214507282553,0.700214507282553));
#4907=DIRECTION('',(-1.,2.79073402838273E-16,0.));
#4908=DIRECTION('center_axis',(0.270598050073098,-0.653281482438189,-0.707106781186547));
#4909=DIRECTION('ref_axis',(-0.933948831094465,0.,-0.357406744336593));
#4910=DIRECTION('',(0.923879532511287,0.38268343236509,0.));
#4911=DIRECTION('',(0.396639656760281,-0.5936131960091,0.700214507282553));
#4912=DIRECTION('',(-0.923879532511287,-0.38268343236509,0.));
#4913=DIRECTION('center_axis',(0.5,-0.5,-0.707106781186547));
#4914=DIRECTION('ref_axis',(-0.816496580927726,0.,-0.577350269189626));
#4915=DIRECTION('',(0.707106781186548,0.707106781186548,0.));
#4916=DIRECTION('',(0.593613196009098,-0.396639656760284,0.700214507282554));
#4917=DIRECTION('',(-0.707106781186548,-0.707106781186548,0.));
#4918=DIRECTION('center_axis',(0.653281482438188,-0.270598050073099,-0.707106781186548));
#4919=DIRECTION('ref_axis',(-0.734509555267756,0.,-0.678598344545847));
#4920=DIRECTION('',(0.38268343236509,0.923879532511287,0.));
#4921=DIRECTION('',(0.700214507282555,-0.139281325317148,0.700214507282553));
#4922=DIRECTION('',(-0.38268343236509,-0.923879532511287,0.));
#4923=DIRECTION('center_axis',(0.707106781186548,1.57867756476598E-15,-0.707106781186548));
#4924=DIRECTION('ref_axis',(-0.707106781186548,0.,-0.707106781186548));
#4925=DIRECTION('',(-2.23258722270618E-15,1.,0.));
#4926=DIRECTION('',(0.700214507282553,0.139281325317152,0.700214507282553));
#4927=DIRECTION('',(2.23258722270618E-15,-1.,0.));
#4928=DIRECTION('center_axis',(0.653281482438189,0.270598050073098,-0.707106781186547));
#4929=DIRECTION('ref_axis',(-0.734509555267755,0.,-0.678598344545847));
#4930=DIRECTION('',(-0.382683432365089,0.923879532511287,0.));
#4931=DIRECTION('',(0.593613196009099,0.396639656760283,0.700214507282553));
#4932=DIRECTION('center_axis',(0.499999999999999,0.499999999999999,-0.707106781186549));
#4933=DIRECTION('ref_axis',(-0.816496580927727,0.,-0.577350269189625));
#4934=DIRECTION('',(-0.707106781186548,0.707106781186548,0.));
#4935=DIRECTION('',(0.396639656760285,0.593613196009097,0.700214507282553));
#4936=DIRECTION('center_axis',(0.270598050073098,0.653281482438189,-0.707106781186547));
#4937=DIRECTION('ref_axis',(-0.933948831094465,0.,-0.357406744336593));
#4938=DIRECTION('',(-0.923879532511287,0.382683432365089,0.));
#4939=DIRECTION('',(0.139281325317152,0.700214507282553,0.700214507282553));
#4940=DIRECTION('center_axis',(0.,0.707106781186548,-0.707106781186548));
#4941=DIRECTION('ref_axis',(-1.,0.,0.));
#4942=DIRECTION('',(-1.,0.,0.));
#4943=DIRECTION('',(-0.139281325317154,0.700214507282553,0.700214507282553));
#4944=DIRECTION('center_axis',(-0.270598050073098,0.653281482438189,-0.707106781186547));
#4945=DIRECTION('ref_axis',(-0.933948831094465,0.,0.357406744336593));
#4946=DIRECTION('',(-0.923879532511287,-0.382683432365089,0.));
#4947=DIRECTION('',(-0.396639656760281,0.593613196009099,0.700214507282553));
#4948=DIRECTION('center_axis',(-0.5,0.500000000000001,-0.707106781186547));
#4949=DIRECTION('ref_axis',(-0.816496580927726,0.,0.577350269189626));
#4950=DIRECTION('',(-0.707106781186548,-0.707106781186547,0.));
#4951=DIRECTION('',(-0.593613196009099,0.396639656760281,0.700214507282553));
#4952=DIRECTION('center_axis',(-0.653281482438188,0.270598050073099,-0.707106781186548));
#4953=DIRECTION('ref_axis',(-0.734509555267756,0.,0.678598344545847));
#4954=DIRECTION('',(-0.38268343236509,-0.923879532511287,0.));
#4955=DIRECTION('center_axis',(0.,0.,-1.));
#4956=DIRECTION('ref_axis',(-1.,0.,0.));
#4957=DIRECTION('center_axis',(-0.707106781186548,1.77601226036174E-15,
-0.707106781186547));
#4958=DIRECTION('ref_axis',(-0.707106781186547,0.,0.707106781186548));
#4959=DIRECTION('',(-2.51166062554446E-15,-1.,0.));
#4960=DIRECTION('',(-0.700214507282551,-0.139281325317167,0.700214507282552));
#4961=DIRECTION('',(-0.700214507282551,0.139281325317167,0.700214507282553));
#4962=DIRECTION('center_axis',(-0.653281482438186,-0.270598050073096,-0.70710678118655));
#4963=DIRECTION('ref_axis',(-0.734509555267758,0.,0.678598344545844));
#4964=DIRECTION('',(0.382683432365088,-0.923879532511288,0.));
#4965=DIRECTION('',(-0.593613196009099,-0.396639656760288,0.70021450728255));
#4966=DIRECTION('',(-0.382683432365088,0.923879532511288,0.));
#4967=DIRECTION('center_axis',(-0.499999999999999,-0.499999999999998,-0.70710678118655));
#4968=DIRECTION('ref_axis',(-0.816496580927728,0.,0.577350269189623));
#4969=DIRECTION('',(0.707106781186547,-0.707106781186548,0.));
#4970=DIRECTION('',(-0.396639656760291,-0.593613196009094,0.700214507282552));
#4971=DIRECTION('',(-0.707106781186547,0.707106781186548,0.));
#4972=DIRECTION('center_axis',(-0.270598050073099,-0.653281482438184,-0.707106781186551));
#4973=DIRECTION('ref_axis',(-0.933948831094465,0.,0.357406744336593));
#4974=DIRECTION('',(0.923879532511286,-0.382683432365093,0.));
#4975=DIRECTION('',(-0.139281325317168,-0.700214507282552,0.700214507282552));
#4976=DIRECTION('',(-0.923879532511286,0.382683432365093,0.));
#4977=DIRECTION('center_axis',(0.,-0.707106781186548,-0.707106781186548));
#4978=DIRECTION('ref_axis',(-1.,0.,0.));
#4979=DIRECTION('',(1.,0.,0.));
#4980=DIRECTION('',(0.139281325317163,-0.700214507282552,0.700214507282552));
#4981=DIRECTION('',(-1.,0.,0.));
#4982=DIRECTION('center_axis',(0.270598050073094,-0.653281482438188,-0.70710678118655));
#4983=DIRECTION('ref_axis',(-0.933948831094467,0.,-0.357406744336587));
#4984=DIRECTION('',(0.923879532511289,0.382683432365084,0.));
#4985=DIRECTION('',(0.39663965676027,-0.593613196009109,0.700214507282551));
#4986=DIRECTION('',(-0.923879532511289,-0.382683432365084,0.));
#4987=DIRECTION('center_axis',(0.499999999999999,-0.5,-0.707106781186548));
#4988=DIRECTION('ref_axis',(-0.816496580927727,0.,-0.577350269189625));
#4989=DIRECTION('',(0.707106781186549,0.707106781186546,0.));
#4990=DIRECTION('',(0.593613196009106,-0.396639656760273,0.700214507282552));
#4991=DIRECTION('',(-0.707106781186549,-0.707106781186546,0.));
#4992=DIRECTION('center_axis',(0.653281482438186,-0.270598050073098,-0.70710678118655));
#4993=DIRECTION('ref_axis',(-0.734509555267758,0.,-0.678598344545845));
#4994=DIRECTION('',(0.38268343236509,0.923879532511287,0.));
#4995=DIRECTION('',(0.700214507282552,-0.139281325317167,0.700214507282552));
#4996=DIRECTION('',(-0.38268343236509,-0.923879532511287,0.));
#4997=DIRECTION('center_axis',(0.707106781186548,0.,-0.707106781186548));
#4998=DIRECTION('ref_axis',(-0.707106781186548,0.,-0.707106781186548));
#4999=DIRECTION('',(0.,1.,0.));
#5000=DIRECTION('',(0.700214507282552,0.139281325317167,0.700214507282552));
#5001=DIRECTION('',(0.,-1.,0.));
#5002=DIRECTION('center_axis',(0.653281482438186,0.270598050073096,-0.707106781186551));
#5003=DIRECTION('ref_axis',(-0.734509555267758,0.,-0.678598344545844));
#5004=DIRECTION('',(-0.382683432365088,0.923879532511288,0.));
#5005=DIRECTION('',(0.5936131960091,0.396639656760287,0.70021450728255));
#5006=DIRECTION('center_axis',(0.499999999999999,0.499999999999997,-0.70710678118655));
#5007=DIRECTION('ref_axis',(-0.816496580927728,0.,-0.577350269189624));
#5008=DIRECTION('',(-0.707106781186546,0.707106781186549,0.));
#5009=DIRECTION('',(0.396639656760291,0.593613196009094,0.700214507282552));
#5010=DIRECTION('center_axis',(0.270598050073099,0.653281482438184,-0.707106781186551));
#5011=DIRECTION('ref_axis',(-0.933948831094465,0.,-0.357406744336593));
#5012=DIRECTION('',(-0.923879532511286,0.382683432365093,0.));
#5013=DIRECTION('',(0.139281325317165,0.700214507282552,0.700214507282552));
#5014=DIRECTION('center_axis',(0.,0.707106781186548,-0.707106781186548));
#5015=DIRECTION('ref_axis',(-1.,0.,0.));
#5016=DIRECTION('',(-1.,0.,0.));
#5017=DIRECTION('',(-0.139281325317162,0.700214507282552,0.700214507282552));
#5018=DIRECTION('center_axis',(-0.270598050073094,0.653281482438188,-0.70710678118655));
#5019=DIRECTION('ref_axis',(-0.933948831094467,0.,0.357406744336587));
#5020=DIRECTION('',(-0.923879532511289,-0.382683432365085,0.));
#5021=DIRECTION('',(-0.39663965676027,0.593613196009109,0.700214507282551));
#5022=DIRECTION('center_axis',(-0.499999999999999,0.5,-0.707106781186548));
#5023=DIRECTION('ref_axis',(-0.816496580927727,0.,0.577350269189625));
#5024=DIRECTION('',(-0.707106781186548,-0.707106781186547,0.));
#5025=DIRECTION('',(-0.593613196009107,0.396639656760272,0.700214507282551));
#5026=DIRECTION('center_axis',(-0.653281482438186,0.270598050073097,-0.70710678118655));
#5027=DIRECTION('ref_axis',(-0.734509555267758,0.,0.678598344545844));
#5028=DIRECTION('',(-0.38268343236509,-0.923879532511287,0.));
#5029=DIRECTION('center_axis',(0.,0.,-1.));
#5030=DIRECTION('ref_axis',(-1.,0.,0.));
#5031=DIRECTION('center_axis',(-6.31471025906395E-15,0.707106781186548,
-0.707106781186548));
#5032=DIRECTION('ref_axis',(-1.,0.,8.93034889082476E-15));
#5033=DIRECTION('',(-1.,-8.93034889082476E-15,0.));
#5034=DIRECTION('',(-0.139281325317167,0.700214507282552,0.700214507282552));
#5035=DIRECTION('',(0.139281325317152,0.700214507282553,0.700214507282553));
#5036=DIRECTION('center_axis',(-0.270598050073101,0.653281482438184,-0.707106781186551));
#5037=DIRECTION('ref_axis',(-0.933948831094464,0.,0.357406744336595));
#5038=DIRECTION('',(-0.923879532511285,-0.382683432365095,0.));
#5039=DIRECTION('',(-0.396639656760289,0.593613196009095,0.700214507282553));
#5040=DIRECTION('',(0.923879532511285,0.382683432365095,0.));
#5041=DIRECTION('center_axis',(-0.500000000000002,0.499999999999996,-0.707106781186549));
#5042=DIRECTION('ref_axis',(-0.816496580927725,0.,0.577350269189627));
#5043=DIRECTION('',(-0.707106781186543,-0.707106781186552,0.));
#5044=DIRECTION('',(-0.593613196009109,0.396639656760272,0.700214507282551));
#5045=DIRECTION('',(0.707106781186543,0.707106781186552,0.));
#5046=DIRECTION('center_axis',(-0.653281482438187,0.270598050073093,-0.707106781186551));
#5047=DIRECTION('ref_axis',(-0.734509555267758,0.,0.678598344545845));
#5048=DIRECTION('',(-0.382683432365084,-0.923879532511289,0.));
#5049=DIRECTION('',(-0.700214507282541,0.139281325317199,0.700214507282556));
#5050=DIRECTION('',(0.382683432365084,0.923879532511289,0.));
#5051=DIRECTION('center_axis',(-0.707106781186555,-6.31471025906402E-15,
-0.70710678118654));
#5052=DIRECTION('ref_axis',(-0.70710678118654,0.,0.707106781186555));
#5053=DIRECTION('',(8.93034889082476E-15,-1.,0.));
#5054=DIRECTION('',(-0.700214507282541,-0.139281325317199,0.700214507282556));
#5055=DIRECTION('',(-8.93034889082476E-15,1.,0.));
#5056=DIRECTION('center_axis',(-0.653281482438184,-0.270598050073101,-0.707106781186551));
#5057=DIRECTION('ref_axis',(-0.734509555267759,0.,0.678598344545843));
#5058=DIRECTION('',(0.382683432365095,-0.923879532511285,0.));
#5059=DIRECTION('',(-0.593613196009112,-0.396639656760259,0.700214507282555));
#5060=DIRECTION('',(-0.382683432365095,0.923879532511285,0.));
#5061=DIRECTION('center_axis',(-0.5,-0.500000000000006,-0.707106781186543));
#5062=DIRECTION('ref_axis',(-0.816496580927724,0.,0.577350269189628));
#5063=DIRECTION('',(0.707106781186552,-0.707106781186543,0.));
#5064=DIRECTION('',(-0.396639656760259,-0.593613196009112,0.700214507282555));
#5065=DIRECTION('',(-0.707106781186552,0.707106781186543,0.));
#5066=DIRECTION('center_axis',(-0.270598050073096,-0.653281482438186,-0.707106781186551));
#5067=DIRECTION('ref_axis',(-0.933948831094467,0.,0.357406744336588));
#5068=DIRECTION('',(0.923879532511288,-0.382683432365087,0.));
#5069=DIRECTION('',(-0.139281325317152,-0.700214507282553,0.700214507282553));
#5070=DIRECTION('',(-0.923879532511288,0.382683432365087,0.));
#5071=DIRECTION('center_axis',(6.3147102590639E-15,-0.707106781186548,-0.707106781186548));
#5072=DIRECTION('ref_axis',(-1.,0.,-8.93034889082468E-15));
#5073=DIRECTION('',(1.,8.93034889082468E-15,0.));
#5074=DIRECTION('',(0.139281325317121,-0.700214507282556,0.700214507282556));
#5075=DIRECTION('',(-1.,-8.93034889082468E-15,0.));
#5076=DIRECTION('center_axis',(0.270598050073104,-0.653281482438191,-0.707106781186544));
#5077=DIRECTION('ref_axis',(-0.933948831094462,0.,-0.357406744336601));
#5078=DIRECTION('',(0.923879532511285,0.382683432365095,0.));
#5079=DIRECTION('',(0.396639656760293,-0.593613196009085,0.700214507282559));
#5080=DIRECTION('center_axis',(0.500000000000006,-0.5,-0.707106781186543));
#5081=DIRECTION('ref_axis',(-0.816496580927721,0.,-0.577350269189633));
#5082=DIRECTION('',(0.707106781186543,0.707106781186552,0.));
#5083=DIRECTION('',(0.593613196009126,-0.396639656760242,0.700214507282553));
#5084=DIRECTION('center_axis',(0.65328148243818,-0.270598050073091,-0.707106781186558));
#5085=DIRECTION('ref_axis',(-0.734509555267765,0.,-0.678598344545837));
#5086=DIRECTION('',(0.382683432365084,0.923879532511289,0.));
#5087=DIRECTION('',(0.700214507282563,-0.139281325317135,0.700214507282547));
#5088=DIRECTION('center_axis',(0.70710678118654,6.31471025906388E-15,-0.707106781186555));
#5089=DIRECTION('ref_axis',(-0.707106781186555,0.,-0.70710678118654));
#5090=DIRECTION('',(-8.93034889082476E-15,1.,0.));
#5091=DIRECTION('',(0.700214507282567,0.139281325317089,0.700214507282552));
#5092=DIRECTION('center_axis',(0.653281482438191,0.270598050073104,-0.707106781186544));
#5093=DIRECTION('ref_axis',(-0.734509555267752,0.,-0.67859834454585));
#5094=DIRECTION('',(-0.382683432365095,0.923879532511285,0.));
#5095=DIRECTION('',(0.593613196009078,0.396639656760319,0.700214507282551));
#5096=DIRECTION('center_axis',(0.499999999999996,0.500000000000002,-0.707106781186549));
#5097=DIRECTION('ref_axis',(-0.816496580927729,0.,-0.577350269189622));
#5098=DIRECTION('',(-0.707106781186552,0.707106781186543,0.));
#5099=DIRECTION('',(0.396639656760272,0.593613196009109,0.700214507282551));
#5100=DIRECTION('center_axis',(0.270598050073093,0.653281482438187,-0.707106781186551));
#5101=DIRECTION('ref_axis',(-0.933948831094468,0.,-0.357406744336586));
#5102=DIRECTION('',(-0.923879532511289,0.382683432365084,0.));
#5103=DIRECTION('center_axis',(0.,0.,-1.));
#5104=DIRECTION('ref_axis',(-1.,0.,0.));
#5105=DIRECTION('center_axis',(-1.97334695595749E-15,-0.707106781186548,
-0.707106781186548));
#5106=DIRECTION('ref_axis',(-1.,0.,2.79073402838274E-15));
#5107=DIRECTION('',(1.,-2.79073402838274E-15,0.));
#5108=DIRECTION('',(0.139281325317167,-0.700214507282551,0.700214507282552));
#5109=DIRECTION('',(-0.139281325317167,-0.700214507282551,0.700214507282552));
#5110=DIRECTION('center_axis',(0.270598050073096,-0.653281482438186,-0.70710678118655));
#5111=DIRECTION('ref_axis',(-0.933948831094466,0.,-0.357406744336589));
#5112=DIRECTION('',(0.923879532511288,0.382683432365088,0.));
#5113=DIRECTION('',(0.396639656760287,-0.593613196009099,0.70021450728255));
#5114=DIRECTION('',(-0.923879532511288,-0.382683432365088,0.));
#5115=DIRECTION('center_axis',(0.499999999999998,-0.499999999999999,-0.70710678118655));
#5116=DIRECTION('ref_axis',(-0.816496580927728,0.,-0.577350269189623));
#5117=DIRECTION('',(0.707106781186548,0.707106781186547,0.));
#5118=DIRECTION('',(0.593613196009094,-0.396639656760292,0.700214507282552));
#5119=DIRECTION('',(-0.707106781186548,-0.707106781186547,0.));
#5120=DIRECTION('center_axis',(0.653281482438184,-0.270598050073099,-0.707106781186551));
#5121=DIRECTION('ref_axis',(-0.734509555267759,0.,-0.678598344545843));
#5122=DIRECTION('',(0.382683432365093,0.923879532511286,0.));
#5123=DIRECTION('',(0.700214507282552,-0.139281325317168,0.700214507282552));
#5124=DIRECTION('',(-0.382683432365093,-0.923879532511286,0.));
#5125=DIRECTION('center_axis',(0.707106781186548,0.,-0.707106781186548));
#5126=DIRECTION('ref_axis',(-0.707106781186548,0.,-0.707106781186548));
#5127=DIRECTION('',(0.,1.,0.));
#5128=DIRECTION('',(0.700214507282552,0.139281325317161,0.700214507282552));
#5129=DIRECTION('',(0.,-1.,0.));
#5130=DIRECTION('center_axis',(0.653281482438188,0.270598050073094,-0.70710678118655));
#5131=DIRECTION('ref_axis',(-0.734509555267757,0.,-0.678598344545846));
#5132=DIRECTION('',(-0.382683432365084,0.923879532511289,0.));
#5133=DIRECTION('',(0.593613196009109,0.39663965676027,0.700214507282551));
#5134=DIRECTION('',(0.382683432365084,-0.923879532511289,0.));
#5135=DIRECTION('center_axis',(0.5,0.499999999999999,-0.707106781186548));
#5136=DIRECTION('ref_axis',(-0.816496580927726,0.,-0.577350269189626));
#5137=DIRECTION('',(-0.707106781186546,0.707106781186549,0.));
#5138=DIRECTION('',(0.396639656760273,0.593613196009106,0.700214507282552));
#5139=DIRECTION('',(0.707106781186546,-0.707106781186549,0.));
#5140=DIRECTION('center_axis',(0.270598050073098,0.653281482438186,-0.70710678118655));
#5141=DIRECTION('ref_axis',(-0.933948831094466,0.,-0.357406744336591));
#5142=DIRECTION('',(-0.923879532511287,0.38268343236509,0.));
#5143=DIRECTION('',(0.139281325317167,0.700214507282551,0.700214507282553));
#5144=DIRECTION('',(0.923879532511287,-0.38268343236509,0.));
#5145=DIRECTION('center_axis',(1.57867756476599E-15,0.707106781186548,-0.707106781186548));
#5146=DIRECTION('ref_axis',(-1.,0.,-2.23258722270619E-15));
#5147=DIRECTION('',(-1.,2.23258722270619E-15,0.));
#5148=DIRECTION('',(-0.139281325317167,0.700214507282552,0.700214507282552));
#5149=DIRECTION('',(1.,-2.23258722270619E-15,0.));
#5150=DIRECTION('center_axis',(-0.270598050073096,0.653281482438186,-0.707106781186551));
#5151=DIRECTION('ref_axis',(-0.933948831094466,0.,0.357406744336589));
#5152=DIRECTION('',(-0.923879532511288,-0.382683432365088,0.));
#5153=DIRECTION('',(-0.396639656760287,0.5936131960091,0.70021450728255));
#5154=DIRECTION('center_axis',(-0.499999999999997,0.499999999999999,-0.70710678118655));
#5155=DIRECTION('ref_axis',(-0.816496580927728,0.,0.577350269189622));
#5156=DIRECTION('',(-0.707106781186549,-0.707106781186546,0.));
#5157=DIRECTION('',(-0.593613196009106,0.39663965676028,0.700214507282548));
#5158=DIRECTION('center_axis',(-0.653281482438184,0.270598050073099,-0.707106781186551));
#5159=DIRECTION('ref_axis',(-0.734509555267759,0.,0.678598344545843));
#5160=DIRECTION('',(-0.382683432365093,-0.923879532511286,0.));
#5161=DIRECTION('',(-0.700214507282551,0.139281325317171,0.700214507282551));
#5162=DIRECTION('center_axis',(-0.707106781186548,0.,-0.707106781186548));
#5163=DIRECTION('ref_axis',(-0.707106781186548,0.,0.707106781186548));
#5164=DIRECTION('',(0.,-1.,0.));
#5165=DIRECTION('',(-0.700214507282552,-0.139281325317162,0.700214507282552));
#5166=DIRECTION('center_axis',(-0.653281482438188,-0.270598050073094,-0.70710678118655));
#5167=DIRECTION('ref_axis',(-0.734509555267757,0.,0.678598344545846));
#5168=DIRECTION('',(0.382683432365084,-0.923879532511289,0.));
#5169=DIRECTION('',(-0.593613196009109,-0.39663965676027,0.700214507282551));
#5170=DIRECTION('center_axis',(-0.5,-0.499999999999999,-0.707106781186548));
#5171=DIRECTION('ref_axis',(-0.816496580927726,0.,0.577350269189626));
#5172=DIRECTION('',(0.707106781186547,-0.707106781186548,0.));
#5173=DIRECTION('',(-0.396639656760273,-0.593613196009107,0.700214507282552));
#5174=DIRECTION('center_axis',(-0.270598050073098,-0.653281482438186,-0.70710678118655));
#5175=DIRECTION('ref_axis',(-0.933948831094466,0.,0.357406744336591));
#5176=DIRECTION('',(0.923879532511287,-0.38268343236509,0.));
#5177=DIRECTION('center_axis',(0.,0.,-1.));
#5178=DIRECTION('ref_axis',(-1.,0.,0.));
#5179=DIRECTION('center_axis',(0.382683432365088,-0.923879532511288,0.));
#5180=DIRECTION('ref_axis',(-0.923879532511288,-0.382683432365088,0.));
#5181=DIRECTION('',(0.,0.,-1.));
#5182=DIRECTION('center_axis',(0.707106781186547,-0.707106781186548,0.));
#5183=DIRECTION('ref_axis',(-0.707106781186548,-0.707106781186547,0.));
#5184=DIRECTION('',(0.,0.,-1.));
#5185=DIRECTION('center_axis',(0.923879532511286,-0.382683432365093,0.));
#5186=DIRECTION('ref_axis',(-0.382683432365093,-0.923879532511286,0.));
#5187=DIRECTION('',(0.,0.,-1.));
#5188=DIRECTION('center_axis',(1.,0.,0.));
#5189=DIRECTION('ref_axis',(0.,-1.,0.));
#5190=DIRECTION('',(0.,0.,-1.));
#5191=DIRECTION('center_axis',(0.923879532511289,0.382683432365084,0.));
#5192=DIRECTION('ref_axis',(0.382683432365084,-0.923879532511289,0.));
#5193=DIRECTION('',(0.,0.,-1.));
#5194=DIRECTION('center_axis',(0.707106781186549,0.707106781186546,0.));
#5195=DIRECTION('ref_axis',(0.707106781186546,-0.707106781186549,0.));
#5196=DIRECTION('',(0.,0.,-1.));
#5197=DIRECTION('center_axis',(0.38268343236509,0.923879532511287,0.));
#5198=DIRECTION('ref_axis',(0.923879532511287,-0.38268343236509,0.));
#5199=DIRECTION('',(0.,0.,-1.));
#5200=DIRECTION('center_axis',(2.23258722270619E-15,1.,0.));
#5201=DIRECTION('ref_axis',(1.,-2.23258722270619E-15,0.));
#5202=DIRECTION('center_axis',(-0.382683432365095,0.923879532511285,0.));
#5203=DIRECTION('ref_axis',(0.923879532511285,0.382683432365095,0.));
#5204=DIRECTION('',(0.,0.,-1.));
#5205=DIRECTION('center_axis',(-0.707106781186552,0.707106781186543,0.));
#5206=DIRECTION('ref_axis',(0.707106781186543,0.707106781186552,0.));
#5207=DIRECTION('',(0.,0.,-1.));
#5208=DIRECTION('center_axis',(-0.923879532511289,0.382683432365084,0.));
#5209=DIRECTION('ref_axis',(0.382683432365084,0.923879532511289,0.));
#5210=DIRECTION('',(0.,0.,-1.));
#5211=DIRECTION('center_axis',(-1.,-8.93034889082476E-15,0.));
#5212=DIRECTION('ref_axis',(-8.93034889082476E-15,1.,0.));
#5213=DIRECTION('',(0.,0.,-1.));
#5214=DIRECTION('center_axis',(-0.923879532511285,-0.382683432365095,0.));
#5215=DIRECTION('ref_axis',(-0.382683432365095,0.923879532511285,0.));
#5216=DIRECTION('',(0.,0.,-1.));
#5217=DIRECTION('center_axis',(-0.707106781186543,-0.707106781186552,0.));
#5218=DIRECTION('ref_axis',(-0.707106781186552,0.707106781186543,0.));
#5219=DIRECTION('',(0.,0.,-1.));
#5220=DIRECTION('center_axis',(-0.382683432365087,-0.923879532511288,0.));
#5221=DIRECTION('ref_axis',(-0.923879532511288,0.382683432365087,0.));
#5222=DIRECTION('',(0.,0.,-1.));
#5223=DIRECTION('center_axis',(8.93034889082468E-15,-1.,0.));
#5224=DIRECTION('ref_axis',(-1.,-8.93034889082468E-15,0.));
#5225=DIRECTION('center_axis',(-0.923879532511287,-0.382683432365089,0.));
#5226=DIRECTION('ref_axis',(-0.382683432365089,0.923879532511287,0.));
#5227=DIRECTION('',(0.,0.,-1.));
#5228=DIRECTION('center_axis',(-0.707106781186548,-0.707106781186547,0.));
#5229=DIRECTION('ref_axis',(-0.707106781186547,0.707106781186548,0.));
#5230=DIRECTION('',(0.,0.,-1.));
#5231=DIRECTION('center_axis',(-0.38268343236509,-0.923879532511287,0.));
#5232=DIRECTION('ref_axis',(-0.923879532511286,0.38268343236509,0.));
#5233=DIRECTION('',(0.,0.,-1.));
#5234=DIRECTION('center_axis',(-2.79073402838273E-16,-1.,0.));
#5235=DIRECTION('ref_axis',(-1.,2.79073402838273E-16,0.));
#5236=DIRECTION('',(0.,0.,-1.));
#5237=DIRECTION('center_axis',(0.382683432365089,-0.923879532511287,0.));
#5238=DIRECTION('ref_axis',(-0.923879532511287,-0.38268343236509,0.));
#5239=DIRECTION('',(0.,0.,-1.));
#5240=DIRECTION('center_axis',(0.707106781186548,-0.707106781186548,0.));
#5241=DIRECTION('ref_axis',(-0.707106781186548,-0.707106781186548,0.));
#5242=DIRECTION('',(0.,0.,-1.));
#5243=DIRECTION('center_axis',(0.923879532511287,-0.38268343236509,0.));
#5244=DIRECTION('ref_axis',(-0.38268343236509,-0.923879532511287,0.));
#5245=DIRECTION('',(0.,0.,-1.));
#5246=DIRECTION('center_axis',(1.,2.23258722270618E-15,0.));
#5247=DIRECTION('ref_axis',(2.23258722270618E-15,-1.,0.));
#5248=DIRECTION('center_axis',(-0.923879532511288,-0.382683432365088,0.));
#5249=DIRECTION('ref_axis',(-0.382683432365088,0.923879532511288,0.));
#5250=DIRECTION('',(0.,0.,-1.));
#5251=DIRECTION('center_axis',(-0.707106781186548,-0.707106781186547,0.));
#5252=DIRECTION('ref_axis',(-0.707106781186547,0.707106781186548,0.));
#5253=DIRECTION('',(0.,0.,-1.));
#5254=DIRECTION('center_axis',(-0.382683432365093,-0.923879532511286,0.));
#5255=DIRECTION('ref_axis',(-0.923879532511286,0.382683432365093,0.));
#5256=DIRECTION('',(0.,0.,-1.));
#5257=DIRECTION('center_axis',(0.,-1.,0.));
#5258=DIRECTION('ref_axis',(-1.,0.,0.));
#5259=DIRECTION('',(0.,0.,-1.));
#5260=DIRECTION('center_axis',(0.382683432365084,-0.923879532511289,0.));
#5261=DIRECTION('ref_axis',(-0.923879532511289,-0.382683432365084,0.));
#5262=DIRECTION('',(0.,0.,-1.));
#5263=DIRECTION('center_axis',(0.707106781186546,-0.707106781186549,0.));
#5264=DIRECTION('ref_axis',(-0.707106781186549,-0.707106781186546,0.));
#5265=DIRECTION('',(0.,0.,-1.));
#5266=DIRECTION('center_axis',(0.923879532511287,-0.38268343236509,0.));
#5267=DIRECTION('ref_axis',(-0.38268343236509,-0.923879532511287,0.));
#5268=DIRECTION('',(0.,0.,-1.));
#5269=DIRECTION('center_axis',(1.,0.,0.));
#5270=DIRECTION('ref_axis',(0.,-1.,0.));
#5271=DIRECTION('center_axis',(-1.,0.,0.));
#5272=DIRECTION('ref_axis',(0.,-1.,0.));
#5273=DIRECTION('center_axis',(1.,0.,0.));
#5274=DIRECTION('ref_axis',(0.,1.,0.));
#5275=DIRECTION('center_axis',(1.,0.,0.));
#5276=DIRECTION('ref_axis',(0.,1.,0.));
#5277=DIRECTION('center_axis',(1.,0.,0.));
#5278=DIRECTION('ref_axis',(0.,1.,0.));
#5279=DIRECTION('center_axis',(0.,0.,1.));
#5280=DIRECTION('ref_axis',(1.,0.,0.));
#5281=DIRECTION('',(0.,0.,-1.));
#5282=CARTESIAN_POINT('',(0.,0.,0.));
#5283=CARTESIAN_POINT('Origin',(0.,-30.,0.));
#5284=CARTESIAN_POINT('',(11.,-30.,38.));
#5285=CARTESIAN_POINT('',(11.,-30.,0.));
#5286=CARTESIAN_POINT('',(11.,-30.,5.));
#5287=CARTESIAN_POINT('',(39.,-30.,0.));
#5288=CARTESIAN_POINT('',(0.,-30.,0.));
#5289=CARTESIAN_POINT('',(39.,-30.,38.));
#5290=CARTESIAN_POINT('',(39.,-30.,0.));
#5291=CARTESIAN_POINT('',(36.125,-30.,38.));
#5292=CARTESIAN_POINT('',(11.,-30.,38.));
#5293=CARTESIAN_POINT('',(36.125,-30.,15.));
#5294=CARTESIAN_POINT('',(36.125,-30.,15.));
#5295=CARTESIAN_POINT('',(13.875,-30.0000000745058,15.));
#5296=CARTESIAN_POINT('',(0.,-30.,15.));
#5297=CARTESIAN_POINT('',(13.875,-30.0000000745058,38.));
#5298=CARTESIAN_POINT('',(13.875,-30.0000000745058,15.));
#5299=CARTESIAN_POINT('',(11.,-30.,38.));
#5300=CARTESIAN_POINT('Origin',(13.875,-28.46,15.));
#5301=CARTESIAN_POINT('',(12.375,-28.46,15.));
#5302=CARTESIAN_POINT('',(13.875,-28.46,15.));
#5303=CARTESIAN_POINT('',(19.4375,-28.46,15.));
#5304=CARTESIAN_POINT('',(12.375,-28.46,38.));
#5305=CARTESIAN_POINT('',(12.375,-28.46,15.));
#5306=CARTESIAN_POINT('',(13.875,-28.46,38.));
#5307=CARTESIAN_POINT('',(13.15625,-28.46,38.));
#5308=CARTESIAN_POINT('',(13.875,-28.46,15.));
#5309=CARTESIAN_POINT('Origin',(37.625,-28.46,15.));
#5310=CARTESIAN_POINT('',(36.125,-28.46,15.));
#5311=CARTESIAN_POINT('',(37.625,-28.46,15.));
#5312=CARTESIAN_POINT('',(31.3125,-28.46,15.));
#5313=CARTESIAN_POINT('',(36.125,-28.46,38.));
#5314=CARTESIAN_POINT('',(36.125,-28.46,15.));
#5315=CARTESIAN_POINT('',(37.625,-28.46,38.));
#5316=CARTESIAN_POINT('',(37.59375,-28.46,38.));
#5317=CARTESIAN_POINT('',(37.625,-28.46,15.));
#5318=CARTESIAN_POINT('Origin',(37.5625,2.5,38.));
#5319=CARTESIAN_POINT('',(37.625,-26.54,38.));
#5320=CARTESIAN_POINT('',(37.625,0.,38.));
#5321=CARTESIAN_POINT('',(36.125,5.,38.));
#5322=CARTESIAN_POINT('',(39.,-25.,38.));
#5323=CARTESIAN_POINT('',(39.,0.,38.));
#5324=CARTESIAN_POINT('',(36.125,-25.,38.));
#5325=CARTESIAN_POINT('',(38.28125,-25.,38.));
#5326=CARTESIAN_POINT('',(36.125,-26.54,38.));
#5327=CARTESIAN_POINT('',(36.125,5.,38.));
#5328=CARTESIAN_POINT('',(12.6564379738935,-26.54,38.));
#5329=CARTESIAN_POINT('Origin',(36.125,1.54,15.));
#5330=CARTESIAN_POINT('',(36.125,2.02,15.));
#5331=CARTESIAN_POINT('Origin',(36.125,-26.54,15.));
#5332=CARTESIAN_POINT('',(37.625,-26.54,15.));
#5333=CARTESIAN_POINT('',(36.125,-26.54,15.));
#5334=CARTESIAN_POINT('',(30.5625,-26.54,15.));
#5335=CARTESIAN_POINT('',(37.625,-26.54,15.));
#5336=CARTESIAN_POINT('',(36.125,-26.54,15.));
#5337=CARTESIAN_POINT('Origin',(37.625,3.46,15.));
#5338=CARTESIAN_POINT('',(37.625,2.98,15.));
#5339=CARTESIAN_POINT('Origin',(12.375,-26.54,15.));
#5340=CARTESIAN_POINT('',(13.875,-26.54,15.));
#5341=CARTESIAN_POINT('',(12.375,-26.54,15.));
#5342=CARTESIAN_POINT('',(18.6875,-26.54,15.));
#5343=CARTESIAN_POINT('',(13.875,-26.54,38.));
#5344=CARTESIAN_POINT('',(13.875,-26.54,15.));
#5345=CARTESIAN_POINT('',(12.375,-26.54,38.));
#5346=CARTESIAN_POINT('',(12.375,-26.54,38.));
#5347=CARTESIAN_POINT('',(12.375,-26.54,15.));
#5348=CARTESIAN_POINT('Origin',(25.,2.5,15.));
#5349=CARTESIAN_POINT('',(36.125,-25.,15.));
#5350=CARTESIAN_POINT('',(36.125,2.98,15.));
#5351=CARTESIAN_POINT('',(13.875,-25.,15.));
#5352=CARTESIAN_POINT('',(32.,-25.,15.));
#5353=CARTESIAN_POINT('',(13.875,2.98,15.));
#5354=CARTESIAN_POINT('',(12.375,2.02,15.));
#5355=CARTESIAN_POINT('',(13.875,-7.45058059692383E-8,15.));
#5356=CARTESIAN_POINT('Origin',(12.375,1.54,15.));
#5357=CARTESIAN_POINT('',(12.375,2.01999998137355,38.));
#5358=CARTESIAN_POINT('Origin',(39.,-25.,5.));
#5359=CARTESIAN_POINT('',(11.,-25.,5.));
#5360=CARTESIAN_POINT('',(39.,-25.,5.));
#5361=CARTESIAN_POINT('',(32.,-25.,5.));
#5362=CARTESIAN_POINT('',(11.,-25.,38.));
#5363=CARTESIAN_POINT('',(11.,-25.,5.));
#5364=CARTESIAN_POINT('',(13.875,-25.,38.));
#5365=CARTESIAN_POINT('',(25.71875,-25.,38.));
#5366=CARTESIAN_POINT('',(13.875,-25.,10.));
#5367=CARTESIAN_POINT('',(36.125,-25.,10.));
#5368=CARTESIAN_POINT('',(39.,-25.,5.));
#5369=CARTESIAN_POINT('Origin',(12.4375,2.4999999627471,38.));
#5370=CARTESIAN_POINT('',(13.875,3.46,38.));
#5371=CARTESIAN_POINT('',(11.,5.,38.));
#5372=CARTESIAN_POINT('',(13.875,-7.45058059692383E-8,38.));
#5373=CARTESIAN_POINT('Origin',(11.,5.,5.));
#5374=CARTESIAN_POINT('',(11.,-25.,0.));
#5375=CARTESIAN_POINT('',(11.,-25.,5.));
#5376=CARTESIAN_POINT('',(11.,-29.,0.));
#5377=CARTESIAN_POINT('Origin',(-7.,-25.,2.5));
#5378=CARTESIAN_POINT('',(-25.,-25.,0.));
#5379=CARTESIAN_POINT('',(-25.,-25.,5.));
#5380=CARTESIAN_POINT('',(-25.,-25.,1.25));
#5381=CARTESIAN_POINT('',(9.,-25.,0.));
#5382=CARTESIAN_POINT('',(9.,-25.,5.));
#5383=CARTESIAN_POINT('Origin',(57.,-25.,2.5));
#5384=CARTESIAN_POINT('',(39.,-25.,0.));
#5385=CARTESIAN_POINT('',(39.,-25.,5.));
#5386=CARTESIAN_POINT('',(75.,-25.,0.));
#5387=CARTESIAN_POINT('',(41.,-25.,0.));
#5388=CARTESIAN_POINT('',(75.,-25.,5.));
#5389=CARTESIAN_POINT('',(75.,-25.,1.25));
#5390=CARTESIAN_POINT('',(41.,-25.,5.));
#5391=CARTESIAN_POINT('Origin',(-25.,50.,0.));
#5392=CARTESIAN_POINT('',(-25.,75.,5.));
#5393=CARTESIAN_POINT('',(-25.,50.,5.));
#5394=CARTESIAN_POINT('',(-25.,75.,0.));
#5395=CARTESIAN_POINT('',(-25.,75.,0.));
#5396=CARTESIAN_POINT('',(-25.,50.,0.));
#5397=CARTESIAN_POINT('Origin',(25.,25.,0.));
#5398=CARTESIAN_POINT('',(75.,75.,0.));
#5399=CARTESIAN_POINT('',(50.,75.,0.));
#5400=CARTESIAN_POINT('',(75.,0.,0.));
#5401=CARTESIAN_POINT('',(39.,-29.,0.));
#5402=CARTESIAN_POINT('',(7.45850128856546,46.6427180423165,0.));
#5403=CARTESIAN_POINT('',(7.9,45.576845865401,0.));
#5404=CARTESIAN_POINT('',(12.5841000599218,34.2684279732251,0.));
#5405=CARTESIAN_POINT('',(6.64271804231651,47.4585012885655,0.));
#5406=CARTESIAN_POINT('',(16.8747943106459,37.226425020236,0.));
#5407=CARTESIAN_POINT('',(5.57684586540101,47.9,0.));
#5408=CARTESIAN_POINT('',(17.9511359344924,42.7744012286436,0.));
#5409=CARTESIAN_POINT('',(4.423154134599,47.9,0.));
#5410=CARTESIAN_POINT('',(14.7513595407754,47.9,0.));
#5411=CARTESIAN_POINT('',(3.35728195768349,47.4585012885655,0.));
#5412=CARTESIAN_POINT('',(8.66050421490954,49.6551678717873,0.));
#5413=CARTESIAN_POINT('',(2.54149871143453,46.6427180423165,0.));
#5414=CARTESIAN_POINT('',(2.77357497976399,46.874794310646,0.));
#5415=CARTESIAN_POINT('',(2.1,45.576845865401,0.));
#5416=CARTESIAN_POINT('',(0.154530959490895,40.880068122627,0.));
#5417=CARTESIAN_POINT('',(2.09999999999999,44.423154134599,0.));
#5418=CARTESIAN_POINT('',(2.09999999999997,34.7513595407755,0.));
#5419=CARTESIAN_POINT('',(2.54149871143453,43.3572819576835,0.));
#5420=CARTESIAN_POINT('',(7.41589994007812,31.589436403044,0.));
#5421=CARTESIAN_POINT('',(3.35728195768348,42.5414987114345,0.));
#5422=CARTESIAN_POINT('',(13.125205689354,32.773574979764,0.));
#5423=CARTESIAN_POINT('',(4.42315413459897,42.1,0.));
#5424=CARTESIAN_POINT('',(16.1909996892385,37.2255987713563,0.));
#5425=CARTESIAN_POINT('',(5.576845865401,42.1,0.));
#5426=CARTESIAN_POINT('',(15.2486404592246,42.1,0.));
#5427=CARTESIAN_POINT('',(6.64271804231651,42.5414987114345,0.));
#5428=CARTESIAN_POINT('',(11.3394957850906,44.4869677519436,0.));
#5429=CARTESIAN_POINT('',(7.45850128856546,43.3572819576835,0.));
#5430=CARTESIAN_POINT('',(7.22642502023603,43.1252056893541,0.));
#5431=CARTESIAN_POINT('',(7.9,44.423154134599,0.));
#5432=CARTESIAN_POINT('',(5.70333341677814,39.119931877373,0.));
#5433=CARTESIAN_POINT('',(7.9,35.2486404592246,0.));
#5434=CARTESIAN_POINT('',(43.3572819576835,7.45850128856546,0.));
#5435=CARTESIAN_POINT('',(44.423154134599,7.9,0.));
#5436=CARTESIAN_POINT('',(38.6605042149094,5.51303224805637,0.));
#5437=CARTESIAN_POINT('',(42.5414987114345,6.64271804231652,0.));
#5438=CARTESIAN_POINT('',(42.773574979764,6.87479431064594,0.));
#5439=CARTESIAN_POINT('',(42.1,5.57684586540102,0.));
#5440=CARTESIAN_POINT('',(44.2966665832218,10.8800681226269,0.));
#5441=CARTESIAN_POINT('',(42.1,4.423154134599,0.));
#5442=CARTESIAN_POINT('',(42.1,14.7513595407754,0.));
#5443=CARTESIAN_POINT('',(42.5414987114345,3.3572819576835,0.));
#5444=CARTESIAN_POINT('',(37.4158999400782,15.7315720267749,0.));
#5445=CARTESIAN_POINT('',(43.3572819576835,2.54149871143453,0.));
#5446=CARTESIAN_POINT('',(33.1252056893541,12.773574979764,0.));
#5447=CARTESIAN_POINT('',(44.423154134599,2.1,0.));
#5448=CARTESIAN_POINT('',(32.0488640655076,7.22559877135638,0.));
#5449=CARTESIAN_POINT('',(45.576845865401,2.1,0.));
#5450=CARTESIAN_POINT('',(35.2486404592245,2.10000000000002,0.));
#5451=CARTESIAN_POINT('',(46.6427180423165,2.54149871143453,0.));
#5452=CARTESIAN_POINT('',(41.3394957850905,0.344832128212678,0.));
#5453=CARTESIAN_POINT('',(47.4585012885655,3.35728195768349,0.));
#5454=CARTESIAN_POINT('',(47.226425020236,3.12520568935403,0.));
#5455=CARTESIAN_POINT('',(47.9,4.42315413459896,0.));
#5456=CARTESIAN_POINT('',(49.8454690405091,9.11993187737297,0.));
#5457=CARTESIAN_POINT('',(47.9,5.57684586540101,0.));
#5458=CARTESIAN_POINT('',(47.9,15.2486404592246,0.));
#5459=CARTESIAN_POINT('',(47.4585012885655,6.64271804231649,0.));
#5460=CARTESIAN_POINT('',(42.5841000599219,18.410563596956,0.));
#5461=CARTESIAN_POINT('',(46.6427180423165,7.45850128856546,0.));
#5462=CARTESIAN_POINT('',(36.874794310646,17.226425020236,0.));
#5463=CARTESIAN_POINT('',(45.576845865401,7.9,0.));
#5464=CARTESIAN_POINT('',(33.8090003107615,12.7744012286436,0.));
#5465=CARTESIAN_POINT('',(34.7513595407754,7.90000000000002,0.));
#5466=CARTESIAN_POINT('',(15.,25.,0.));
#5467=CARTESIAN_POINT('Origin',(25.,25.,0.));
#5468=CARTESIAN_POINT('',(7.45850128856546,6.64271804231651,0.));
#5469=CARTESIAN_POINT('',(7.89999999999999,5.57684586540101,0.));
#5470=CARTESIAN_POINT('',(5.51303224805636,11.3394957850906,0.));
#5471=CARTESIAN_POINT('',(6.64271804231651,7.45850128856546,0.));
#5472=CARTESIAN_POINT('',(6.87479431064595,7.22642502023602,0.));
#5473=CARTESIAN_POINT('',(5.576845865401,7.9,0.));
#5474=CARTESIAN_POINT('',(10.880068122627,5.70333341677814,0.));
#5475=CARTESIAN_POINT('',(4.42315413459899,7.9,0.));
#5476=CARTESIAN_POINT('',(14.7513595407754,7.9,0.));
#5477=CARTESIAN_POINT('',(3.35728195768349,7.45850128856546,0.));
#5478=CARTESIAN_POINT('',(15.7315720267749,12.5841000599218,0.));
#5479=CARTESIAN_POINT('',(2.54149871143453,6.64271804231651,0.));
#5480=CARTESIAN_POINT('',(12.773574979764,16.8747943106459,0.));
#5481=CARTESIAN_POINT('',(2.1,5.57684586540101,0.));
#5482=CARTESIAN_POINT('',(7.22559877135638,17.9511359344924,0.));
#5483=CARTESIAN_POINT('',(2.09999999999999,4.42315413459899,0.));
#5484=CARTESIAN_POINT('',(2.1,14.7513595407754,0.));
#5485=CARTESIAN_POINT('',(2.54149871143453,3.35728195768349,0.));
#5486=CARTESIAN_POINT('',(0.34483212821268,8.66050421490946,0.));
#5487=CARTESIAN_POINT('',(3.35728195768348,2.54149871143454,0.));
#5488=CARTESIAN_POINT('',(3.12520568935404,2.77357497976398,0.));
#5489=CARTESIAN_POINT('',(4.42315413459898,2.1,0.));
#5490=CARTESIAN_POINT('',(9.11993187737301,0.154530959490899,0.));
#5491=CARTESIAN_POINT('',(5.576845865401,2.1,0.));
#5492=CARTESIAN_POINT('',(15.2486404592246,2.1,0.));
#5493=CARTESIAN_POINT('',(6.64271804231651,2.54149871143454,0.));
#5494=CARTESIAN_POINT('',(18.410563596956,7.41589994007815,0.));
#5495=CARTESIAN_POINT('',(7.45850128856545,3.35728195768348,0.));
#5496=CARTESIAN_POINT('',(17.226425020236,13.125205689354,0.));
#5497=CARTESIAN_POINT('',(7.89999999999999,4.42315413459899,0.));
#5498=CARTESIAN_POINT('',(12.7744012286436,16.1909996892385,0.));
#5499=CARTESIAN_POINT('',(7.89999999999997,15.2486404592246,0.));
#5500=CARTESIAN_POINT('',(46.6427180423165,42.5414987114346,0.));
#5501=CARTESIAN_POINT('',(45.576845865401,42.1,0.));
#5502=CARTESIAN_POINT('',(34.2684279732251,37.4158999400781,0.));
#5503=CARTESIAN_POINT('',(47.4585012885655,43.3572819576835,0.));
#5504=CARTESIAN_POINT('',(37.2264250202361,33.125205689354,0.));
#5505=CARTESIAN_POINT('',(47.9,44.423154134599,0.));
#5506=CARTESIAN_POINT('',(42.7744012286437,32.0488640655076,0.));
#5507=CARTESIAN_POINT('',(47.9,45.576845865401,0.));
#5508=CARTESIAN_POINT('',(47.9000000000001,35.2486404592247,0.));
#5509=CARTESIAN_POINT('',(47.4585012885654,46.6427180423165,0.));
#5510=CARTESIAN_POINT('',(49.6551678717873,41.3394957850906,0.));
#5511=CARTESIAN_POINT('',(46.6427180423165,47.4585012885655,0.));
#5512=CARTESIAN_POINT('',(46.8747943106459,47.2264250202361,0.));
#5513=CARTESIAN_POINT('',(45.576845865401,47.9,0.));
#5514=CARTESIAN_POINT('',(40.8800681226269,49.8454690405091,0.));
#5515=CARTESIAN_POINT('',(44.423154134599,47.9,0.));
#5516=CARTESIAN_POINT('',(34.7513595407753,47.8999999999999,0.));
#5517=CARTESIAN_POINT('',(43.3572819576835,47.4585012885655,0.));
#5518=CARTESIAN_POINT('',(31.589436403044,42.5841000599218,0.));
#5519=CARTESIAN_POINT('',(42.5414987114345,46.6427180423165,0.));
#5520=CARTESIAN_POINT('',(32.773574979764,36.8747943106459,0.));
#5521=CARTESIAN_POINT('',(42.1,45.576845865401,0.));
#5522=CARTESIAN_POINT('',(37.2255987713565,33.8090003107615,0.));
#5523=CARTESIAN_POINT('',(42.1,44.423154134599,0.));
#5524=CARTESIAN_POINT('',(42.1000000000001,34.7513595407755,0.));
#5525=CARTESIAN_POINT('',(42.5414987114345,43.3572819576835,0.));
#5526=CARTESIAN_POINT('',(44.4869677519436,38.6605042149095,0.));
#5527=CARTESIAN_POINT('',(43.3572819576835,42.5414987114345,0.));
#5528=CARTESIAN_POINT('',(43.125205689354,42.773574979764,0.));
#5529=CARTESIAN_POINT('',(44.423154134599,42.1,0.));
#5530=CARTESIAN_POINT('',(39.119931877373,44.2966665832218,0.));
#5531=CARTESIAN_POINT('',(35.2486404592245,42.0999999999999,0.));
#5532=CARTESIAN_POINT('Origin',(5.,5.00000000000001,4.8));
#5533=CARTESIAN_POINT('',(7.9,5.00000000000001,5.));
#5534=CARTESIAN_POINT('Origin',(5.,5.00000000000001,5.));
#5535=CARTESIAN_POINT('',(7.5,5.00000000000001,4.6));
#5536=CARTESIAN_POINT('',(7.7,5.00000000000001,4.8));
#5537=CARTESIAN_POINT('Origin',(5.,5.00000000000001,4.6));
#5538=CARTESIAN_POINT('Origin',(25.,25.,5.));
#5539=CARTESIAN_POINT('',(75.,75.,5.));
#5540=CARTESIAN_POINT('',(75.,0.,5.));
#5541=CARTESIAN_POINT('',(0.,75.,5.));
#5542=CARTESIAN_POINT('',(47.9,5.00000000000001,5.));
#5543=CARTESIAN_POINT('Origin',(45.,5.00000000000001,5.));
#5544=CARTESIAN_POINT('',(7.9,45.,5.));
#5545=CARTESIAN_POINT('Origin',(5.,45.,5.));
#5546=CARTESIAN_POINT('',(15.,25.,5.));
#5547=CARTESIAN_POINT('Origin',(25.,25.,5.));
#5548=CARTESIAN_POINT('',(47.9,45.,5.));
#5549=CARTESIAN_POINT('Origin',(45.,45.,5.));
#5550=CARTESIAN_POINT('Origin',(5.,5.00000000000001,5.));
#5551=CARTESIAN_POINT('',(7.5,5.00000000000001,1.5));
#5552=CARTESIAN_POINT('',(7.5,5.00000000000001,5.));
#5553=CARTESIAN_POINT('Origin',(5.,5.00000000000001,1.5));
#5554=CARTESIAN_POINT('Origin',(45.,5.00000000000001,4.8));
#5555=CARTESIAN_POINT('',(47.5,5.00000000000001,4.6));
#5556=CARTESIAN_POINT('',(47.7,5.00000000000001,4.8));
#5557=CARTESIAN_POINT('Origin',(45.,5.00000000000001,4.6));
#5558=CARTESIAN_POINT('Origin',(45.,5.00000000000001,5.));
#5559=CARTESIAN_POINT('',(47.5,5.00000000000001,1.5));
#5560=CARTESIAN_POINT('',(47.5,5.00000000000001,5.));
#5561=CARTESIAN_POINT('Origin',(45.,5.00000000000001,1.5));
#5562=CARTESIAN_POINT('Origin',(45.,45.,4.8));
#5563=CARTESIAN_POINT('',(47.5,45.,4.6));
#5564=CARTESIAN_POINT('',(47.7,45.,4.8));
#5565=CARTESIAN_POINT('Origin',(45.,45.,4.6));
#5566=CARTESIAN_POINT('Origin',(45.,45.,5.));
#5567=CARTESIAN_POINT('',(47.5,45.,1.5));
#5568=CARTESIAN_POINT('',(47.5,45.,5.));
#5569=CARTESIAN_POINT('Origin',(45.,45.,1.5));
#5570=CARTESIAN_POINT('Origin',(5.,45.,4.8));
#5571=CARTESIAN_POINT('',(7.5,45.,4.6));
#5572=CARTESIAN_POINT('',(7.7,45.,4.8));
#5573=CARTESIAN_POINT('Origin',(5.,45.,4.6));
#5574=CARTESIAN_POINT('Origin',(5.,45.,5.));
#5575=CARTESIAN_POINT('',(7.5,45.,1.5));
#5576=CARTESIAN_POINT('',(7.5,45.,5.));
#5577=CARTESIAN_POINT('Origin',(5.,45.,1.5));
#5578=CARTESIAN_POINT('Origin',(5.,5.00000000000001,1.5));
#5579=CARTESIAN_POINT('Origin',(45.,45.,1.5));
#5580=CARTESIAN_POINT('Origin',(45.,5.00000000000001,1.5));
#5581=CARTESIAN_POINT('Origin',(5.,45.,1.5));
#5582=CARTESIAN_POINT('Origin',(75.,0.,0.));
#5583=CARTESIAN_POINT('',(75.,75.,0.));
#5584=CARTESIAN_POINT('Origin',(50.,75.,0.));
#5585=CARTESIAN_POINT('Origin',(2.09999999999997,34.7513595407755,-0.4));
#5586=CARTESIAN_POINT('',(2.5,45.4972809184491,-0.4));
#5587=CARTESIAN_POINT('',(2.49999999999999,44.5027190815509,-0.4));
#5588=CARTESIAN_POINT('',(2.49999999999997,34.7513595407755,-0.4));
#5589=CARTESIAN_POINT('Origin',(2.09999999999999,44.423154134599,-0.4));
#5590=CARTESIAN_POINT('Origin',(2.1,45.576845865401,-0.4));
#5591=CARTESIAN_POINT('Origin',(7.41589994007812,31.589436403044,-0.4));
#5592=CARTESIAN_POINT('',(2.88060233744356,43.5838637566237,-0.4));
#5593=CARTESIAN_POINT('',(7.78545175308263,31.74250977599,-0.4));
#5594=CARTESIAN_POINT('Origin',(2.54149871143453,43.3572819576835,-0.4));
#5595=CARTESIAN_POINT('Origin',(13.125205689354,32.773574979764,-0.4));
#5596=CARTESIAN_POINT('',(3.58386375662369,42.8806023374436,-0.4));
#5597=CARTESIAN_POINT('',(13.4080484018286,33.0564176922386,-0.4));
#5598=CARTESIAN_POINT('Origin',(3.35728195768348,42.5414987114345,-0.4));
#5599=CARTESIAN_POINT('Origin',(16.1909996892385,37.2255987713563,-0.4));
#5600=CARTESIAN_POINT('',(4.50271908155084,42.5,-0.4));
#5601=CARTESIAN_POINT('',(16.3440730621845,37.5951505843609,-0.4));
#5602=CARTESIAN_POINT('Origin',(4.42315413459897,42.1,-0.4));
#5603=CARTESIAN_POINT('Origin',(15.2486404592246,42.1,-0.4));
#5604=CARTESIAN_POINT('',(5.49728091844913,42.5,-0.4));
#5605=CARTESIAN_POINT('',(15.2486404592246,42.5,-0.4));
#5606=CARTESIAN_POINT('Origin',(5.576845865401,42.1,-0.4));
#5607=CARTESIAN_POINT('Origin',(12.5841000599218,34.2684279732251,-0.4));
#5608=CARTESIAN_POINT('',(7.5,45.4972809184491,-0.4));
#5609=CARTESIAN_POINT('Origin',(7.9,45.576845865401,-0.4));
#5610=CARTESIAN_POINT('',(7.11939766255643,46.4161362433763,-0.4));
#5611=CARTESIAN_POINT('',(12.2145482469173,34.115354600279,-0.4));
#5612=CARTESIAN_POINT('Origin',(7.45850128856546,46.6427180423165,-0.4));
#5613=CARTESIAN_POINT('Origin',(11.3394957850906,44.4869677519436,-0.4));
#5614=CARTESIAN_POINT('',(6.4161362433763,42.8806023374436,-0.4));
#5615=CARTESIAN_POINT('',(11.1864224121446,44.8565195649481,-0.4));
#5616=CARTESIAN_POINT('Origin',(6.64271804231651,42.5414987114345,-0.4));
#5617=CARTESIAN_POINT('Origin',(7.22642502023603,43.1252056893541,-0.4));
#5618=CARTESIAN_POINT('',(7.11939766255643,43.5838637566237,-0.4));
#5619=CARTESIAN_POINT('',(6.94358230776141,43.4080484018287,-0.4));
#5620=CARTESIAN_POINT('Origin',(7.45850128856545,43.3572819576835,-0.4));
#5621=CARTESIAN_POINT('Origin',(5.70333341677814,39.119931877373,-0.4));
#5622=CARTESIAN_POINT('',(7.5,44.5027190815509,-0.4));
#5623=CARTESIAN_POINT('',(5.33378160377363,39.2730052503191,-0.4));
#5624=CARTESIAN_POINT('Origin',(7.9,44.423154134599,-0.4));
#5625=CARTESIAN_POINT('Origin',(7.9,35.2486404592246,-0.4));
#5626=CARTESIAN_POINT('',(7.5,35.2486404592246,-0.4));
#5627=CARTESIAN_POINT('Origin',(16.8747943106459,37.226425020236,-0.4));
#5628=CARTESIAN_POINT('',(6.4161362433763,47.1193976625564,-0.4));
#5629=CARTESIAN_POINT('',(16.5919515981713,36.9435823077614,-0.4));
#5630=CARTESIAN_POINT('Origin',(6.64271804231651,47.4585012885655,-0.4));
#5631=CARTESIAN_POINT('Origin',(17.9511359344924,42.7744012286436,-0.4));
#5632=CARTESIAN_POINT('',(5.49728091844914,47.5,-0.4));
#5633=CARTESIAN_POINT('',(17.7980625615464,42.4048494156391,-0.4));
#5634=CARTESIAN_POINT('Origin',(5.57684586540101,47.9,-0.4));
#5635=CARTESIAN_POINT('Origin',(14.7513595407754,47.9,-0.4));
#5636=CARTESIAN_POINT('',(4.50271908155085,47.5,-0.4));
#5637=CARTESIAN_POINT('',(14.7513595407754,47.5,-0.4));
#5638=CARTESIAN_POINT('Origin',(4.423154134599,47.9,-0.4));
#5639=CARTESIAN_POINT('Origin',(8.66050421490954,49.6551678717873,-0.4));
#5640=CARTESIAN_POINT('',(3.58386375662369,47.1193976625564,-0.4));
#5641=CARTESIAN_POINT('',(8.81357758785557,49.2856160587828,-0.4));
#5642=CARTESIAN_POINT('Origin',(3.35728195768349,47.4585012885655,-0.4));
#5643=CARTESIAN_POINT('Origin',(2.77357497976399,46.874794310646,-0.4));
#5644=CARTESIAN_POINT('',(2.88060233744356,46.4161362433763,-0.4));
#5645=CARTESIAN_POINT('',(3.05641769223861,46.5919515981713,-0.4));
#5646=CARTESIAN_POINT('Origin',(2.54149871143453,46.6427180423165,-0.4));
#5647=CARTESIAN_POINT('Origin',(0.154530959490895,40.880068122627,-0.4));
#5648=CARTESIAN_POINT('',(0.524082772495411,40.7269947496809,-0.4));
#5649=CARTESIAN_POINT('Origin',(2.49999999999999,44.5027190815509,0.));
#5650=CARTESIAN_POINT('',(2.5,45.4972809184491,-2.6));
#5651=CARTESIAN_POINT('',(2.5,45.4972809184491,0.));
#5652=CARTESIAN_POINT('',(2.49999999999999,44.5027190815509,-2.6));
#5653=CARTESIAN_POINT('',(2.49999999999999,44.7513595407754,-2.6));
#5654=CARTESIAN_POINT('',(2.49999999999999,44.5027190815509,0.));
#5655=CARTESIAN_POINT('Origin',(2.5,45.4972809184491,0.));
#5656=CARTESIAN_POINT('',(2.88060233744356,46.4161362433763,-2.6));
#5657=CARTESIAN_POINT('',(2.88060233744356,46.4161362433763,0.));
#5658=CARTESIAN_POINT('',(2.59515058436089,45.7269947496809,-2.6));
#5659=CARTESIAN_POINT('Origin',(2.88060233744356,46.4161362433763,0.));
#5660=CARTESIAN_POINT('',(3.58386375662369,47.1193976625564,-2.6));
#5661=CARTESIAN_POINT('',(3.58386375662369,47.1193976625564,0.));
#5662=CARTESIAN_POINT('',(3.05641769223859,46.5919515981713,-2.6));
#5663=CARTESIAN_POINT('Origin',(3.58386375662369,47.1193976625564,0.));
#5664=CARTESIAN_POINT('',(4.50271908155085,47.5,-2.6));
#5665=CARTESIAN_POINT('',(4.50271908155085,47.5,0.));
#5666=CARTESIAN_POINT('',(3.81357758785549,47.2145482469173,-2.6));
#5667=CARTESIAN_POINT('Origin',(4.50271908155085,47.5,0.));
#5668=CARTESIAN_POINT('',(5.49728091844914,47.5,-2.6));
#5669=CARTESIAN_POINT('',(5.49728091844914,47.5,0.));
#5670=CARTESIAN_POINT('',(4.75135954077542,47.5,-2.6));
#5671=CARTESIAN_POINT('Origin',(5.49728091844914,47.5,0.));
#5672=CARTESIAN_POINT('',(6.4161362433763,47.1193976625564,-2.6));
#5673=CARTESIAN_POINT('',(6.4161362433763,47.1193976625564,0.));
#5674=CARTESIAN_POINT('',(5.72699474968094,47.4048494156391,-2.6));
#5675=CARTESIAN_POINT('Origin',(6.4161362433763,47.1193976625564,0.));
#5676=CARTESIAN_POINT('',(7.11939766255643,46.4161362433763,-2.6));
#5677=CARTESIAN_POINT('',(7.11939766255643,46.4161362433763,0.));
#5678=CARTESIAN_POINT('',(6.59195159817133,46.9435823077614,-2.6));
#5679=CARTESIAN_POINT('Origin',(7.11939766255643,46.4161362433763,0.));
#5680=CARTESIAN_POINT('',(7.5,45.4972809184491,-2.6));
#5681=CARTESIAN_POINT('',(7.5,45.4972809184491,0.));
#5682=CARTESIAN_POINT('',(7.21454824691732,46.1864224121445,-2.6));
#5683=CARTESIAN_POINT('Origin',(31.589436403044,42.5841000599218,-0.4));
#5684=CARTESIAN_POINT('',(44.5027190815508,47.5,-0.4));
#5685=CARTESIAN_POINT('',(43.5838637566237,47.1193976625564,-0.4));
#5686=CARTESIAN_POINT('',(31.74250977599,42.2145482469172,-0.4));
#5687=CARTESIAN_POINT('Origin',(43.3572819576835,47.4585012885655,-0.4));
#5688=CARTESIAN_POINT('Origin',(44.423154134599,47.9,-0.4));
#5689=CARTESIAN_POINT('Origin',(32.773574979764,36.8747943106459,-0.4));
#5690=CARTESIAN_POINT('',(42.8806023374436,46.4161362433763,-0.4));
#5691=CARTESIAN_POINT('',(33.0564176922387,36.5919515981713,-0.4));
#5692=CARTESIAN_POINT('Origin',(42.5414987114345,46.6427180423165,-0.4));
#5693=CARTESIAN_POINT('Origin',(37.2255987713565,33.8090003107615,-0.4));
#5694=CARTESIAN_POINT('',(42.5,45.4972809184491,-0.4));
#5695=CARTESIAN_POINT('',(37.595150584361,33.6559269378154,-0.4));
#5696=CARTESIAN_POINT('Origin',(42.1,45.576845865401,-0.4));
#5697=CARTESIAN_POINT('Origin',(42.1000000000001,34.7513595407755,-0.4));
#5698=CARTESIAN_POINT('',(42.5,44.5027190815508,-0.4));
#5699=CARTESIAN_POINT('',(42.5000000000001,34.7513595407755,-0.4));
#5700=CARTESIAN_POINT('Origin',(42.1,44.423154134599,-0.4));
#5701=CARTESIAN_POINT('Origin',(44.4869677519436,38.6605042149095,-0.4));
#5702=CARTESIAN_POINT('',(42.8806023374436,43.5838637566237,-0.4));
#5703=CARTESIAN_POINT('',(44.8565195649482,38.8135775878556,-0.4));
#5704=CARTESIAN_POINT('Origin',(42.5414987114345,43.3572819576835,-0.4));
#5705=CARTESIAN_POINT('Origin',(43.125205689354,42.773574979764,-0.4));
#5706=CARTESIAN_POINT('',(43.5838637566237,42.8806023374436,-0.4));
#5707=CARTESIAN_POINT('',(43.4080484018286,43.0564176922387,-0.4));
#5708=CARTESIAN_POINT('Origin',(43.3572819576835,42.5414987114345,-0.4));
#5709=CARTESIAN_POINT('Origin',(34.2684279732251,37.4158999400781,-0.4));
#5710=CARTESIAN_POINT('',(45.4972809184492,42.5,-0.4));
#5711=CARTESIAN_POINT('Origin',(45.576845865401,42.1,-0.4));
#5712=CARTESIAN_POINT('',(46.4161362433763,42.8806023374436,-0.4));
#5713=CARTESIAN_POINT('',(34.115354600279,37.7854517530826,-0.4));
#5714=CARTESIAN_POINT('Origin',(46.6427180423165,42.5414987114346,-0.4));
#5715=CARTESIAN_POINT('Origin',(39.119931877373,44.2966665832218,-0.4));
#5716=CARTESIAN_POINT('',(44.5027190815509,42.5,-0.4));
#5717=CARTESIAN_POINT('',(39.273005250319,44.6662183962264,-0.4));
#5718=CARTESIAN_POINT('Origin',(44.423154134599,42.1,-0.4));
#5719=CARTESIAN_POINT('Origin',(35.2486404592245,42.0999999999999,-0.4));
#5720=CARTESIAN_POINT('',(35.2486404592245,42.4999999999999,-0.4));
#5721=CARTESIAN_POINT('Origin',(37.2264250202361,33.125205689354,-0.4));
#5722=CARTESIAN_POINT('',(47.1193976625564,43.5838637566237,-0.4));
#5723=CARTESIAN_POINT('',(36.9435823077615,33.4080484018286,-0.4));
#5724=CARTESIAN_POINT('Origin',(47.4585012885655,43.3572819576835,-0.4));
#5725=CARTESIAN_POINT('Origin',(42.7744012286437,32.0488640655076,-0.4));
#5726=CARTESIAN_POINT('',(47.5,44.5027190815509,-0.4));
#5727=CARTESIAN_POINT('',(42.4048494156392,32.2019374384536,-0.4));
#5728=CARTESIAN_POINT('Origin',(47.9,44.423154134599,-0.4));
#5729=CARTESIAN_POINT('Origin',(47.9000000000001,35.2486404592247,-0.4));
#5730=CARTESIAN_POINT('',(47.5,45.4972809184492,-0.4));
#5731=CARTESIAN_POINT('',(47.5000000000001,35.2486404592247,-0.4));
#5732=CARTESIAN_POINT('Origin',(47.9,45.576845865401,-0.4));
#5733=CARTESIAN_POINT('Origin',(49.6551678717873,41.3394957850906,-0.4));
#5734=CARTESIAN_POINT('',(47.1193976625564,46.4161362433763,-0.4));
#5735=CARTESIAN_POINT('',(49.2856160587828,41.1864224121446,-0.4));
#5736=CARTESIAN_POINT('Origin',(47.4585012885654,46.6427180423165,-0.4));
#5737=CARTESIAN_POINT('Origin',(46.8747943106459,47.2264250202361,-0.4));
#5738=CARTESIAN_POINT('',(46.4161362433763,47.1193976625564,-0.4));
#5739=CARTESIAN_POINT('',(46.5919515981712,46.9435823077615,-0.4));
#5740=CARTESIAN_POINT('Origin',(46.6427180423165,47.4585012885655,-0.4));
#5741=CARTESIAN_POINT('Origin',(40.8800681226269,49.8454690405091,-0.4));
#5742=CARTESIAN_POINT('',(45.4972809184491,47.5,-0.4));
#5743=CARTESIAN_POINT('',(40.7269947496808,49.4759172275046,-0.4));
#5744=CARTESIAN_POINT('Origin',(45.576845865401,47.9,-0.4));
#5745=CARTESIAN_POINT('Origin',(34.7513595407753,47.8999999999999,-0.4));
#5746=CARTESIAN_POINT('',(34.7513595407753,47.4999999999999,-0.4));
#5747=CARTESIAN_POINT('Origin',(44.5027190815508,47.5,0.));
#5748=CARTESIAN_POINT('',(45.4972809184491,47.5,-2.6));
#5749=CARTESIAN_POINT('',(45.4972809184491,47.5,0.));
#5750=CARTESIAN_POINT('',(44.5027190815508,47.5,-2.6));
#5751=CARTESIAN_POINT('',(44.7513595407754,47.5,-2.6));
#5752=CARTESIAN_POINT('',(44.5027190815508,47.5,0.));
#5753=CARTESIAN_POINT('Origin',(45.4972809184491,47.5,0.));
#5754=CARTESIAN_POINT('',(46.4161362433763,47.1193976625564,-2.6));
#5755=CARTESIAN_POINT('',(46.4161362433763,47.1193976625564,0.));
#5756=CARTESIAN_POINT('',(45.7269947496809,47.4048494156391,-2.6));
#5757=CARTESIAN_POINT('Origin',(46.4161362433763,47.1193976625564,0.));
#5758=CARTESIAN_POINT('',(47.1193976625564,46.4161362433763,-2.6));
#5759=CARTESIAN_POINT('',(47.1193976625564,46.4161362433763,0.));
#5760=CARTESIAN_POINT('',(46.5919515981713,46.9435823077614,-2.6));
#5761=CARTESIAN_POINT('Origin',(47.1193976625564,46.4161362433763,0.));
#5762=CARTESIAN_POINT('',(47.5,45.4972809184492,-2.6));
#5763=CARTESIAN_POINT('',(47.5,45.4972809184492,0.));
#5764=CARTESIAN_POINT('',(47.2145482469173,46.1864224121445,-2.6));
#5765=CARTESIAN_POINT('Origin',(47.5,45.4972809184492,0.));
#5766=CARTESIAN_POINT('',(47.5,44.5027190815509,-2.6));
#5767=CARTESIAN_POINT('',(47.5,44.5027190815509,0.));
#5768=CARTESIAN_POINT('',(47.5,45.2486404592246,-2.6));
#5769=CARTESIAN_POINT('Origin',(47.5,44.5027190815509,0.));
#5770=CARTESIAN_POINT('',(47.1193976625564,43.5838637566237,-2.6));
#5771=CARTESIAN_POINT('',(47.1193976625564,43.5838637566237,0.));
#5772=CARTESIAN_POINT('',(47.4048494156391,44.2730052503191,-2.6));
#5773=CARTESIAN_POINT('Origin',(47.1193976625564,43.5838637566237,0.));
#5774=CARTESIAN_POINT('',(46.4161362433763,42.8806023374436,-2.6));
#5775=CARTESIAN_POINT('',(46.4161362433763,42.8806023374436,0.));
#5776=CARTESIAN_POINT('',(46.9435823077614,43.4080484018287,-2.6));
#5777=CARTESIAN_POINT('Origin',(46.4161362433763,42.8806023374436,0.));
#5778=CARTESIAN_POINT('',(45.4972809184492,42.5,-2.6));
#5779=CARTESIAN_POINT('',(45.4972809184492,42.5,0.));
#5780=CARTESIAN_POINT('',(46.1864224121445,42.7854517530827,-2.6));
#5781=CARTESIAN_POINT('Origin',(42.5841000599219,18.410563596956,-0.4));
#5782=CARTESIAN_POINT('',(47.5,5.49728091844914,-0.4));
#5783=CARTESIAN_POINT('',(47.1193976625564,6.4161362433763,-0.4));
#5784=CARTESIAN_POINT('',(42.2145482469174,18.25749022401,-0.4));
#5785=CARTESIAN_POINT('Origin',(47.4585012885655,6.6427180423165,-0.4));
#5786=CARTESIAN_POINT('Origin',(47.9,5.57684586540102,-0.4));
#5787=CARTESIAN_POINT('Origin',(36.874794310646,17.226425020236,-0.4));
#5788=CARTESIAN_POINT('',(46.4161362433763,7.11939766255643,-0.4));
#5789=CARTESIAN_POINT('',(36.5919515981714,16.9435823077614,-0.4));
#5790=CARTESIAN_POINT('Origin',(46.6427180423165,7.45850128856546,-0.4));
#5791=CARTESIAN_POINT('Origin',(33.8090003107615,12.7744012286436,-0.4));
#5792=CARTESIAN_POINT('',(45.4972809184491,7.5,-0.4));
#5793=CARTESIAN_POINT('',(33.6559269378155,12.4048494156391,-0.4));
#5794=CARTESIAN_POINT('Origin',(45.576845865401,7.9,-0.4));
#5795=CARTESIAN_POINT('Origin',(38.6605042149094,5.51303224805637,-0.4));
#5796=CARTESIAN_POINT('',(44.5027190815509,7.5,-0.4));
#5797=CARTESIAN_POINT('',(43.5838637566237,7.11939766255643,-0.4));
#5798=CARTESIAN_POINT('',(38.8135775878555,5.14348043505185,-0.4));
#5799=CARTESIAN_POINT('Origin',(43.3572819576835,7.45850128856546,-0.4));
#5800=CARTESIAN_POINT('Origin',(44.423154134599,7.9,-0.4));
#5801=CARTESIAN_POINT('Origin',(42.773574979764,6.87479431064594,-0.4));
#5802=CARTESIAN_POINT('',(42.8806023374436,6.41613624337631,-0.4));
#5803=CARTESIAN_POINT('',(43.0564176922386,6.59195159817132,-0.4));
#5804=CARTESIAN_POINT('Origin',(42.5414987114345,6.64271804231652,-0.4));
#5805=CARTESIAN_POINT('Origin',(44.2966665832218,10.8800681226269,-0.4));
#5806=CARTESIAN_POINT('',(42.5,5.49728091844915,-0.4));
#5807=CARTESIAN_POINT('',(44.6662183962264,10.7269947496809,-0.4));
#5808=CARTESIAN_POINT('Origin',(42.1,5.57684586540102,-0.4));
#5809=CARTESIAN_POINT('Origin',(42.1,14.7513595407754,-0.4));
#5810=CARTESIAN_POINT('',(42.5,4.50271908155086,-0.4));
#5811=CARTESIAN_POINT('',(42.5,14.7513595407754,-0.4));
#5812=CARTESIAN_POINT('Origin',(42.1,4.42315413459899,-0.4));
#5813=CARTESIAN_POINT('Origin',(37.4158999400782,15.7315720267749,-0.4));
#5814=CARTESIAN_POINT('',(42.8806023374436,3.5838637566237,-0.4));
#5815=CARTESIAN_POINT('',(37.7854517530828,15.884645399721,-0.4));
#5816=CARTESIAN_POINT('Origin',(42.5414987114345,3.3572819576835,-0.4));
#5817=CARTESIAN_POINT('Origin',(33.1252056893541,12.773574979764,-0.4));
#5818=CARTESIAN_POINT('',(43.5838637566237,2.88060233744357,-0.4));
#5819=CARTESIAN_POINT('',(33.4080484018287,13.0564176922386,-0.4));
#5820=CARTESIAN_POINT('Origin',(43.3572819576835,2.54149871143453,-0.4));
#5821=CARTESIAN_POINT('Origin',(32.0488640655076,7.22559877135638,-0.4));
#5822=CARTESIAN_POINT('',(44.5027190815509,2.5,-0.4));
#5823=CARTESIAN_POINT('',(32.2019374384536,7.59515058436089,-0.4));
#5824=CARTESIAN_POINT('Origin',(44.423154134599,2.1,-0.4));
#5825=CARTESIAN_POINT('Origin',(34.7513595407754,7.90000000000002,-0.4));
#5826=CARTESIAN_POINT('',(34.7513595407754,7.50000000000002,-0.4));
#5827=CARTESIAN_POINT('Origin',(35.2486404592245,2.10000000000002,-0.4));
#5828=CARTESIAN_POINT('',(45.4972809184491,2.5,-0.4));
#5829=CARTESIAN_POINT('',(35.2486404592245,2.50000000000002,-0.4));
#5830=CARTESIAN_POINT('Origin',(45.576845865401,2.1,-0.4));
#5831=CARTESIAN_POINT('Origin',(41.3394957850905,0.344832128212678,-0.4));
#5832=CARTESIAN_POINT('',(46.4161362433763,2.88060233744356,-0.4));
#5833=CARTESIAN_POINT('',(41.1864224121445,0.714383941217196,-0.4));
#5834=CARTESIAN_POINT('Origin',(46.6427180423165,2.54149871143453,-0.4));
#5835=CARTESIAN_POINT('Origin',(47.226425020236,3.12520568935403,-0.4));
#5836=CARTESIAN_POINT('',(47.1193976625564,3.58386375662369,-0.4));
#5837=CARTESIAN_POINT('',(46.9435823077614,3.40804840182865,-0.4));
#5838=CARTESIAN_POINT('Origin',(47.4585012885655,3.35728195768349,-0.4));
#5839=CARTESIAN_POINT('Origin',(49.8454690405091,9.11993187737297,-0.4));
#5840=CARTESIAN_POINT('',(47.5,4.50271908155085,-0.4));
#5841=CARTESIAN_POINT('',(49.4759172275046,9.27300525031901,-0.4));
#5842=CARTESIAN_POINT('Origin',(47.9,4.42315413459896,-0.4));
#5843=CARTESIAN_POINT('Origin',(47.9,15.2486404592246,-0.4));
#5844=CARTESIAN_POINT('',(47.5,15.2486404592246,-0.4));
#5845=CARTESIAN_POINT('Origin',(45.4972809184491,2.5,0.));
#5846=CARTESIAN_POINT('',(44.5027190815509,2.5,-2.6));
#5847=CARTESIAN_POINT('',(44.5027190815509,2.5,0.));
#5848=CARTESIAN_POINT('',(45.4972809184491,2.5,-2.6));
#5849=CARTESIAN_POINT('',(45.2486404592246,2.5,-2.6));
#5850=CARTESIAN_POINT('',(45.4972809184491,2.5,0.));
#5851=CARTESIAN_POINT('Origin',(44.5027190815509,2.5,0.));
#5852=CARTESIAN_POINT('',(43.5838637566237,2.88060233744357,-2.6));
#5853=CARTESIAN_POINT('',(43.5838637566237,2.88060233744357,0.));
#5854=CARTESIAN_POINT('',(44.2730052503191,2.59515058436089,-2.6));
#5855=CARTESIAN_POINT('Origin',(43.5838637566237,2.88060233744357,0.));
#5856=CARTESIAN_POINT('',(42.8806023374436,3.5838637566237,-2.6));
#5857=CARTESIAN_POINT('',(42.8806023374436,3.5838637566237,0.));
#5858=CARTESIAN_POINT('',(43.4080484018287,3.0564176922386,-2.6));
#5859=CARTESIAN_POINT('Origin',(42.8806023374436,3.5838637566237,0.));
#5860=CARTESIAN_POINT('',(42.5,4.50271908155086,-2.6));
#5861=CARTESIAN_POINT('',(42.5,4.50271908155086,0.));
#5862=CARTESIAN_POINT('',(42.7854517530827,3.81357758785549,-2.6));
#5863=CARTESIAN_POINT('Origin',(42.5,4.50271908155086,0.));
#5864=CARTESIAN_POINT('',(42.5,5.49728091844915,-2.6));
#5865=CARTESIAN_POINT('',(42.5,5.49728091844915,0.));
#5866=CARTESIAN_POINT('',(42.5,4.75135954077543,-2.6));
#5867=CARTESIAN_POINT('Origin',(42.5,5.49728091844915,0.));
#5868=CARTESIAN_POINT('',(42.8806023374436,6.41613624337631,-2.6));
#5869=CARTESIAN_POINT('',(42.8806023374436,6.41613624337631,0.));
#5870=CARTESIAN_POINT('',(42.5951505843609,5.72699474968094,-2.6));
#5871=CARTESIAN_POINT('Origin',(42.8806023374436,6.41613624337631,0.));
#5872=CARTESIAN_POINT('',(43.5838637566237,7.11939766255643,-2.6));
#5873=CARTESIAN_POINT('',(43.5838637566237,7.11939766255643,0.));
#5874=CARTESIAN_POINT('',(43.0564176922386,6.59195159817134,-2.6));
#5875=CARTESIAN_POINT('Origin',(43.5838637566237,7.11939766255643,0.));
#5876=CARTESIAN_POINT('',(44.5027190815509,7.5,-2.6));
#5877=CARTESIAN_POINT('',(44.5027190815509,7.5,0.));
#5878=CARTESIAN_POINT('',(43.8135775878555,7.21454824691733,-2.6));
#5879=CARTESIAN_POINT('Origin',(18.410563596956,7.41589994007815,-0.4));
#5880=CARTESIAN_POINT('',(5.49728091844914,2.5,-0.4));
#5881=CARTESIAN_POINT('',(6.4161362433763,2.88060233744356,-0.4));
#5882=CARTESIAN_POINT('',(18.25749022401,7.78545175308267,-0.4));
#5883=CARTESIAN_POINT('Origin',(6.64271804231651,2.54149871143453,-0.4));
#5884=CARTESIAN_POINT('Origin',(5.576845865401,2.1,-0.4));
#5885=CARTESIAN_POINT('Origin',(17.226425020236,13.125205689354,-0.4));
#5886=CARTESIAN_POINT('',(7.11939766255643,3.58386375662369,-0.4));
#5887=CARTESIAN_POINT('',(16.9435823077614,13.4080484018287,-0.4));
#5888=CARTESIAN_POINT('Origin',(7.45850128856546,3.35728195768348,-0.4));
#5889=CARTESIAN_POINT('Origin',(12.7744012286436,16.1909996892385,-0.4));
#5890=CARTESIAN_POINT('',(7.49999999999999,4.50271908155085,-0.4));
#5891=CARTESIAN_POINT('',(12.4048494156391,16.3440730621845,-0.4));
#5892=CARTESIAN_POINT('Origin',(7.89999999999999,4.42315413459899,-0.4));
#5893=CARTESIAN_POINT('Origin',(5.51303224805636,11.3394957850906,-0.4));
#5894=CARTESIAN_POINT('',(7.49999999999999,5.49728091844914,-0.4));
#5895=CARTESIAN_POINT('',(7.11939766255643,6.4161362433763,-0.4));
#5896=CARTESIAN_POINT('',(5.14348043505184,11.1864224121445,-0.4));
#5897=CARTESIAN_POINT('Origin',(7.45850128856546,6.64271804231651,-0.4));
#5898=CARTESIAN_POINT('Origin',(7.89999999999999,5.57684586540101,-0.4));
#5899=CARTESIAN_POINT('Origin',(6.87479431064595,7.22642502023602,-0.4));
#5900=CARTESIAN_POINT('',(6.4161362433763,7.11939766255643,-0.4));
#5901=CARTESIAN_POINT('',(6.59195159817133,6.9435823077614,-0.4));
#5902=CARTESIAN_POINT('Origin',(6.64271804231651,7.45850128856546,-0.4));
#5903=CARTESIAN_POINT('Origin',(10.880068122627,5.70333341677814,-0.4));
#5904=CARTESIAN_POINT('',(5.49728091844914,7.5,-0.4));
#5905=CARTESIAN_POINT('',(10.7269947496809,5.33378160377363,-0.4));
#5906=CARTESIAN_POINT('Origin',(5.576845865401,7.9,-0.4));
#5907=CARTESIAN_POINT('Origin',(14.7513595407754,7.9,-0.4));
#5908=CARTESIAN_POINT('',(4.50271908155085,7.5,-0.4));
#5909=CARTESIAN_POINT('',(14.7513595407754,7.5,-0.4));
#5910=CARTESIAN_POINT('Origin',(4.42315413459898,7.9,-0.4));
#5911=CARTESIAN_POINT('Origin',(15.7315720267749,12.5841000599218,-0.4));
#5912=CARTESIAN_POINT('',(3.58386375662369,7.11939766255643,-0.4));
#5913=CARTESIAN_POINT('',(15.884645399721,12.2145482469173,-0.4));
#5914=CARTESIAN_POINT('Origin',(3.35728195768348,7.45850128856546,-0.4));
#5915=CARTESIAN_POINT('Origin',(12.773574979764,16.8747943106459,-0.4));
#5916=CARTESIAN_POINT('',(2.88060233744356,6.4161362433763,-0.4));
#5917=CARTESIAN_POINT('',(13.0564176922386,16.5919515981713,-0.4));
#5918=CARTESIAN_POINT('Origin',(2.54149871143453,6.64271804231651,-0.4));
#5919=CARTESIAN_POINT('Origin',(7.22559877135638,17.9511359344924,-0.4));
#5920=CARTESIAN_POINT('',(2.49999999999999,5.49728091844914,-0.4));
#5921=CARTESIAN_POINT('',(7.59515058436089,17.7980625615464,-0.4));
#5922=CARTESIAN_POINT('Origin',(2.1,5.57684586540101,-0.4));
#5923=CARTESIAN_POINT('Origin',(7.89999999999997,15.2486404592246,-0.4));
#5924=CARTESIAN_POINT('',(7.49999999999997,15.2486404592246,-0.4));
#5925=CARTESIAN_POINT('Origin',(2.1,14.7513595407754,-0.4));
#5926=CARTESIAN_POINT('',(2.49999999999999,4.50271908155085,-0.4));
#5927=CARTESIAN_POINT('',(2.5,14.7513595407754,-0.4));
#5928=CARTESIAN_POINT('Origin',(2.09999999999999,4.42315413459899,-0.4));
#5929=CARTESIAN_POINT('Origin',(0.34483212821268,8.66050421490946,-0.4));
#5930=CARTESIAN_POINT('',(2.88060233744356,3.5838637566237,-0.4));
#5931=CARTESIAN_POINT('',(0.714383941217193,8.81357758785549,-0.4));
#5932=CARTESIAN_POINT('Origin',(2.54149871143453,3.35728195768349,-0.4));
#5933=CARTESIAN_POINT('Origin',(3.12520568935404,2.77357497976398,-0.4));
#5934=CARTESIAN_POINT('',(3.58386375662369,2.88060233744357,-0.4));
#5935=CARTESIAN_POINT('',(3.40804840182865,3.0564176922386,-0.4));
#5936=CARTESIAN_POINT('Origin',(3.35728195768348,2.54149871143453,-0.4));
#5937=CARTESIAN_POINT('Origin',(9.11993187737301,0.154530959490899,-0.4));
#5938=CARTESIAN_POINT('',(4.50271908155085,2.5,-0.4));
#5939=CARTESIAN_POINT('',(9.27300525031905,0.524082772495414,-0.4));
#5940=CARTESIAN_POINT('Origin',(4.42315413459898,2.1,-0.4));
#5941=CARTESIAN_POINT('Origin',(15.2486404592246,2.1,-0.4));
#5942=CARTESIAN_POINT('',(15.2486404592246,2.5,-0.4));
#5943=CARTESIAN_POINT('Origin',(2.49999999999999,4.50271908155085,0.));
#5944=CARTESIAN_POINT('',(2.49999999999999,5.49728091844914,-2.6));
#5945=CARTESIAN_POINT('',(2.49999999999999,5.49728091844914,0.));
#5946=CARTESIAN_POINT('',(2.49999999999999,4.50271908155085,-2.6));
#5947=CARTESIAN_POINT('',(2.49999999999999,4.75135954077543,-2.6));
#5948=CARTESIAN_POINT('',(2.49999999999999,4.50271908155085,0.));
#5949=CARTESIAN_POINT('Origin',(2.49999999999999,5.49728091844914,0.));
#5950=CARTESIAN_POINT('',(2.88060233744356,6.4161362433763,-2.6));
#5951=CARTESIAN_POINT('',(2.88060233744356,6.4161362433763,0.));
#5952=CARTESIAN_POINT('',(2.59515058436089,5.72699474968093,-2.6));
#5953=CARTESIAN_POINT('Origin',(2.88060233744356,6.4161362433763,0.));
#5954=CARTESIAN_POINT('',(3.58386375662369,7.11939766255643,-2.6));
#5955=CARTESIAN_POINT('',(3.58386375662369,7.11939766255643,0.));
#5956=CARTESIAN_POINT('',(3.05641769223859,6.59195159817133,-2.6));
#5957=CARTESIAN_POINT('Origin',(3.58386375662369,7.11939766255643,0.));
#5958=CARTESIAN_POINT('',(4.50271908155085,7.5,-2.6));
#5959=CARTESIAN_POINT('',(4.50271908155085,7.5,0.));
#5960=CARTESIAN_POINT('',(3.81357758785548,7.21454824691732,-2.6));
#5961=CARTESIAN_POINT('Origin',(4.50271908155085,7.5,0.));
#5962=CARTESIAN_POINT('',(5.49728091844914,7.5,-2.6));
#5963=CARTESIAN_POINT('',(5.49728091844914,7.5,0.));
#5964=CARTESIAN_POINT('',(4.75135954077542,7.5,-2.6));
#5965=CARTESIAN_POINT('Origin',(5.49728091844914,7.5,0.));
#5966=CARTESIAN_POINT('',(6.4161362433763,7.11939766255643,-2.6));
#5967=CARTESIAN_POINT('',(6.4161362433763,7.11939766255643,0.));
#5968=CARTESIAN_POINT('',(5.72699474968093,7.4048494156391,-2.6));
#5969=CARTESIAN_POINT('Origin',(6.4161362433763,7.11939766255643,0.));
#5970=CARTESIAN_POINT('',(7.11939766255643,6.4161362433763,-2.6));
#5971=CARTESIAN_POINT('',(7.11939766255643,6.4161362433763,0.));
#5972=CARTESIAN_POINT('',(6.59195159817133,6.9435823077614,-2.6));
#5973=CARTESIAN_POINT('Origin',(7.11939766255643,6.4161362433763,0.));
#5974=CARTESIAN_POINT('',(7.49999999999999,5.49728091844914,-2.6));
#5975=CARTESIAN_POINT('',(7.49999999999999,5.49728091844914,0.));
#5976=CARTESIAN_POINT('',(7.21454824691732,6.18642241214451,-2.6));
#5977=CARTESIAN_POINT('Origin',(2.69999999999999,4.75135954077543,-2.8));
#5978=CARTESIAN_POINT('',(2.89999999999999,5.41771597149728,-3.));
#5979=CARTESIAN_POINT('',(2.89999999999999,4.58228402850272,-3.));
#5980=CARTESIAN_POINT('',(2.89999999999999,4.75135954077543,-3.));
#5981=CARTESIAN_POINT('',(2.89999999999999,4.58228402850272,-3.));
#5982=CARTESIAN_POINT('',(2.89999999999999,5.41771597149728,-3.));
#5983=CARTESIAN_POINT('Origin',(2.97022765958493,3.8901142743285,-2.8));
#5984=CARTESIAN_POINT('',(3.21970596345259,3.8104455555639,-3.));
#5985=CARTESIAN_POINT('',(3.15500356608718,3.96665096080152,-3.));
#5986=CARTESIAN_POINT('',(2.88060233744356,3.5838637566237,-2.6));
#5987=CARTESIAN_POINT('',(3.21970596345259,3.8104455555639,-3.));
#5988=CARTESIAN_POINT('',(2.78545175308267,3.81357758785549,-2.6));
#5989=CARTESIAN_POINT('Origin',(3.54946975806597,3.19783904847591,-2.8));
#5990=CARTESIAN_POINT('',(3.8104455555639,3.21970596345259,-3.));
#5991=CARTESIAN_POINT('',(3.69089111430328,3.33926040471322,-3.));
#5992=CARTESIAN_POINT('',(3.58386375662369,2.88060233744357,-2.6));
#5993=CARTESIAN_POINT('',(3.8104455555639,3.21970596345259,-3.));
#5994=CARTESIAN_POINT('',(3.40804840182866,3.0564176922386,-2.6));
#5995=CARTESIAN_POINT('Origin',(4.34954193679208,2.77992649086315,-2.8));
#5996=CARTESIAN_POINT('',(4.58228402850271,2.9,-3.));
#5997=CARTESIAN_POINT('',(4.42607862326509,2.9647023973654,-3.));
#5998=CARTESIAN_POINT('',(4.50271908155085,2.5,-2.6));
#5999=CARTESIAN_POINT('',(4.58228402850271,2.9,-3.));
#6000=CARTESIAN_POINT('',(4.27300525031906,2.59515058436089,-2.6));
#6001=CARTESIAN_POINT('Origin',(5.24864045922457,2.7,-2.8));
#6002=CARTESIAN_POINT('',(5.41771597149727,2.9,-3.));
#6003=CARTESIAN_POINT('',(5.24864045922457,2.9,-3.));
#6004=CARTESIAN_POINT('',(5.49728091844914,2.5,-2.6));
#6005=CARTESIAN_POINT('',(5.41771597149727,2.9,-3.));
#6006=CARTESIAN_POINT('',(5.24864045922457,2.5,-2.6));
#6007=CARTESIAN_POINT('Origin',(6.10988572567149,2.97022765958493,-2.8));
#6008=CARTESIAN_POINT('',(6.18955444443609,3.21970596345259,-3.));
#6009=CARTESIAN_POINT('',(6.03334903919847,3.15500356608719,-3.));
#6010=CARTESIAN_POINT('',(6.4161362433763,2.88060233744356,-2.6));
#6011=CARTESIAN_POINT('',(6.18955444443609,3.21970596345259,-3.));
#6012=CARTESIAN_POINT('',(6.18642241214451,2.78545175308267,-2.6));
#6013=CARTESIAN_POINT('Origin',(6.80216095152409,3.54946975806597,-2.8));
#6014=CARTESIAN_POINT('',(6.7802940365474,3.8104455555639,-3.));
#6015=CARTESIAN_POINT('',(6.66073959528678,3.69089111430328,-3.));
#6016=CARTESIAN_POINT('',(7.11939766255643,3.58386375662369,-2.6));
#6017=CARTESIAN_POINT('',(6.7802940365474,3.8104455555639,-3.));
#6018=CARTESIAN_POINT('',(6.94358230776139,3.40804840182866,-2.6));
#6019=CARTESIAN_POINT('Origin',(7.22007350913684,4.34954193679208,-2.8));
#6020=CARTESIAN_POINT('',(7.09999999999999,4.58228402850271,-3.));
#6021=CARTESIAN_POINT('',(7.03529760263459,4.4260786232651,-3.));
#6022=CARTESIAN_POINT('',(7.49999999999999,4.50271908155085,-2.6));
#6023=CARTESIAN_POINT('',(7.09999999999999,4.58228402850271,-3.));
#6024=CARTESIAN_POINT('',(7.4048494156391,4.27300525031906,-2.6));
#6025=CARTESIAN_POINT('Origin',(7.29999999999999,5.24864045922457,-2.8));
#6026=CARTESIAN_POINT('',(7.09999999999999,5.41771597149728,-3.));
#6027=CARTESIAN_POINT('',(7.09999999999999,5.24864045922457,-3.));
#6028=CARTESIAN_POINT('',(7.09999999999999,5.41771597149728,-3.));
#6029=CARTESIAN_POINT('',(7.49999999999999,5.24864045922457,-2.6));
#6030=CARTESIAN_POINT('Origin',(7.02977234041506,6.10988572567149,-2.8));
#6031=CARTESIAN_POINT('',(6.7802940365474,6.18955444443609,-3.));
#6032=CARTESIAN_POINT('',(6.8449964339128,6.03334903919847,-3.));
#6033=CARTESIAN_POINT('',(6.7802940365474,6.18955444443609,-3.));
#6034=CARTESIAN_POINT('Origin',(6.45053024193402,6.80216095152409,-2.8));
#6035=CARTESIAN_POINT('',(6.18955444443609,6.7802940365474,-3.));
#6036=CARTESIAN_POINT('',(6.30910888569671,6.66073959528678,-3.));
#6037=CARTESIAN_POINT('',(6.18955444443609,6.7802940365474,-3.));
#6038=CARTESIAN_POINT('Origin',(5.65045806320791,7.22007350913685,-2.8));
#6039=CARTESIAN_POINT('',(5.41771597149728,7.1,-3.));
#6040=CARTESIAN_POINT('',(5.57392137673489,7.03529760263459,-3.));
#6041=CARTESIAN_POINT('',(5.41771597149728,7.1,-3.));
#6042=CARTESIAN_POINT('Origin',(4.75135954077542,7.3,-2.8));
#6043=CARTESIAN_POINT('',(4.58228402850271,7.1,-3.));
#6044=CARTESIAN_POINT('',(4.75135954077542,7.1,-3.));
#6045=CARTESIAN_POINT('',(4.58228402850271,7.1,-3.));
#6046=CARTESIAN_POINT('Origin',(3.8901142743285,7.02977234041506,-2.8));
#6047=CARTESIAN_POINT('',(3.8104455555639,6.7802940365474,-3.));
#6048=CARTESIAN_POINT('',(3.96665096080152,6.84499643391281,-3.));
#6049=CARTESIAN_POINT('',(3.8104455555639,6.7802940365474,-3.));
#6050=CARTESIAN_POINT('Origin',(3.1978390484759,6.45053024193403,-2.8));
#6051=CARTESIAN_POINT('',(3.21970596345259,6.18955444443609,-3.));
#6052=CARTESIAN_POINT('',(3.33926040471321,6.30910888569671,-3.));
#6053=CARTESIAN_POINT('',(3.21970596345259,6.18955444443609,-3.));
#6054=CARTESIAN_POINT('Origin',(2.77992649086314,5.65045806320791,-2.8));
#6055=CARTESIAN_POINT('',(2.9647023973654,5.5739213767349,-3.));
#6056=CARTESIAN_POINT('Origin',(4.99999999999999,5.,-3.));
#6057=CARTESIAN_POINT('Origin',(2.69999999999999,44.7513595407754,-2.8));
#6058=CARTESIAN_POINT('',(2.9,45.4177159714973,-3.));
#6059=CARTESIAN_POINT('',(2.89999999999999,44.5822840285027,-3.));
#6060=CARTESIAN_POINT('',(2.89999999999999,44.7513595407754,-3.));
#6061=CARTESIAN_POINT('',(2.89999999999999,44.5822840285027,-3.));
#6062=CARTESIAN_POINT('',(2.9,45.4177159714973,-3.));
#6063=CARTESIAN_POINT('Origin',(2.97022765958492,43.8901142743285,-2.8));
#6064=CARTESIAN_POINT('',(3.21970596345259,43.8104455555639,-3.));
#6065=CARTESIAN_POINT('',(3.15500356608718,43.9666509608015,-3.));
#6066=CARTESIAN_POINT('',(2.88060233744356,43.5838637566237,-2.6));
#6067=CARTESIAN_POINT('',(3.21970596345259,43.8104455555639,-3.));
#6068=CARTESIAN_POINT('',(2.78545175308266,43.8135775878555,-2.6));
#6069=CARTESIAN_POINT('Origin',(3.54946975806597,43.1978390484759,-2.8));
#6070=CARTESIAN_POINT('',(3.8104455555639,43.2197059634526,-3.));
#6071=CARTESIAN_POINT('',(3.69089111430328,43.3392604047132,-3.));
#6072=CARTESIAN_POINT('',(3.58386375662369,42.8806023374436,-2.6));
#6073=CARTESIAN_POINT('',(3.8104455555639,43.2197059634526,-3.));
#6074=CARTESIAN_POINT('',(3.40804840182865,43.0564176922386,-2.6));
#6075=CARTESIAN_POINT('Origin',(4.34954193679207,42.7799264908631,-2.8));
#6076=CARTESIAN_POINT('',(4.58228402850272,42.9,-3.));
#6077=CARTESIAN_POINT('',(4.42607862326509,42.9647023973654,-3.));
#6078=CARTESIAN_POINT('',(4.50271908155084,42.5,-2.6));
#6079=CARTESIAN_POINT('',(4.58228402850272,42.9,-3.));
#6080=CARTESIAN_POINT('',(4.27300525031905,42.5951505843609,-2.6));
#6081=CARTESIAN_POINT('Origin',(5.24864045922457,42.7,-2.8));
#6082=CARTESIAN_POINT('',(5.41771597149727,42.9,-3.));
#6083=CARTESIAN_POINT('',(5.24864045922457,42.9,-3.));
#6084=CARTESIAN_POINT('',(5.49728091844913,42.5,-2.6));
#6085=CARTESIAN_POINT('',(5.41771597149727,42.9,-3.));
#6086=CARTESIAN_POINT('',(5.24864045922457,42.5,-2.6));
#6087=CARTESIAN_POINT('Origin',(6.10988572567148,42.9702276595849,-2.8));
#6088=CARTESIAN_POINT('',(6.18955444443609,43.2197059634526,-3.));
#6089=CARTESIAN_POINT('',(6.03334903919847,43.1550035660872,-3.));
#6090=CARTESIAN_POINT('',(6.4161362433763,42.8806023374436,-2.6));
#6091=CARTESIAN_POINT('',(6.18955444443609,43.2197059634526,-3.));
#6092=CARTESIAN_POINT('',(6.1864224121445,42.7854517530827,-2.6));
#6093=CARTESIAN_POINT('Origin',(6.80216095152409,43.549469758066,-2.8));
#6094=CARTESIAN_POINT('',(6.78029403654739,43.8104455555639,-3.));
#6095=CARTESIAN_POINT('',(6.66073959528678,43.6908911143033,-3.));
#6096=CARTESIAN_POINT('',(7.11939766255643,43.5838637566237,-2.6));
#6097=CARTESIAN_POINT('',(6.78029403654739,43.8104455555639,-3.));
#6098=CARTESIAN_POINT('',(6.9435823077614,43.4080484018287,-2.6));
#6099=CARTESIAN_POINT('Origin',(7.22007350913685,44.3495419367921,-2.8));
#6100=CARTESIAN_POINT('',(7.1,44.5822840285027,-3.));
#6101=CARTESIAN_POINT('',(7.03529760263459,44.4260786232651,-3.));
#6102=CARTESIAN_POINT('',(7.5,44.5027190815509,-2.6));
#6103=CARTESIAN_POINT('',(7.1,44.5822840285027,-3.));
#6104=CARTESIAN_POINT('',(7.40484941563911,44.2730052503191,-2.6));
#6105=CARTESIAN_POINT('Origin',(7.3,45.2486404592246,-2.8));
#6106=CARTESIAN_POINT('',(7.1,45.4177159714973,-3.));
#6107=CARTESIAN_POINT('',(7.1,45.2486404592246,-3.));
#6108=CARTESIAN_POINT('',(7.1,45.4177159714973,-3.));
#6109=CARTESIAN_POINT('',(7.5,45.2486404592246,-2.6));
#6110=CARTESIAN_POINT('Origin',(7.02977234041506,46.1098857256715,-2.8));
#6111=CARTESIAN_POINT('',(6.7802940365474,46.1895544444361,-3.));
#6112=CARTESIAN_POINT('',(6.84499643391281,46.0333490391985,-3.));
#6113=CARTESIAN_POINT('',(6.7802940365474,46.1895544444361,-3.));
#6114=CARTESIAN_POINT('Origin',(6.45053024193402,46.8021609515241,-2.8));
#6115=CARTESIAN_POINT('',(6.18955444443609,46.7802940365474,-3.));
#6116=CARTESIAN_POINT('',(6.30910888569671,46.6607395952868,-3.));
#6117=CARTESIAN_POINT('',(6.18955444443609,46.7802940365474,-3.));
#6118=CARTESIAN_POINT('Origin',(5.65045806320792,47.2200735091369,-2.8));
#6119=CARTESIAN_POINT('',(5.41771597149727,47.1,-3.));
#6120=CARTESIAN_POINT('',(5.5739213767349,47.0352976026346,-3.));
#6121=CARTESIAN_POINT('',(5.41771597149727,47.1,-3.));
#6122=CARTESIAN_POINT('Origin',(4.75135954077542,47.3,-2.8));
#6123=CARTESIAN_POINT('',(4.58228402850272,47.1,-3.));
#6124=CARTESIAN_POINT('',(4.75135954077542,47.1,-3.));
#6125=CARTESIAN_POINT('',(4.58228402850272,47.1,-3.));
#6126=CARTESIAN_POINT('Origin',(3.89011427432851,47.0297723404151,-2.8));
#6127=CARTESIAN_POINT('',(3.8104455555639,46.7802940365474,-3.));
#6128=CARTESIAN_POINT('',(3.96665096080152,46.8449964339128,-3.));
#6129=CARTESIAN_POINT('',(3.8104455555639,46.7802940365474,-3.));
#6130=CARTESIAN_POINT('Origin',(3.1978390484759,46.450530241934,-2.8));
#6131=CARTESIAN_POINT('',(3.2197059634526,46.1895544444361,-3.));
#6132=CARTESIAN_POINT('',(3.33926040471321,46.3091088856967,-3.));
#6133=CARTESIAN_POINT('',(3.2197059634526,46.1895544444361,-3.));
#6134=CARTESIAN_POINT('Origin',(2.77992649086314,45.6504580632079,-2.8));
#6135=CARTESIAN_POINT('',(2.9647023973654,45.5739213767349,-3.));
#6136=CARTESIAN_POINT('Origin',(4.99999999999999,45.,-3.));
#6137=CARTESIAN_POINT('Origin',(44.7513595407754,47.3,-2.8));
#6138=CARTESIAN_POINT('',(45.4177159714973,47.1,-3.));
#6139=CARTESIAN_POINT('',(44.5822840285027,47.1,-3.));
#6140=CARTESIAN_POINT('',(44.7513595407754,47.1,-3.));
#6141=CARTESIAN_POINT('',(44.5822840285027,47.1,-3.));
#6142=CARTESIAN_POINT('',(45.4177159714973,47.1,-3.));
#6143=CARTESIAN_POINT('Origin',(43.8901142743285,47.0297723404151,-2.8));
#6144=CARTESIAN_POINT('',(43.8104455555639,46.7802940365474,-3.));
#6145=CARTESIAN_POINT('',(43.9666509608015,46.8449964339128,-3.));
#6146=CARTESIAN_POINT('',(43.5838637566237,47.1193976625564,-2.6));
#6147=CARTESIAN_POINT('',(43.8104455555639,46.7802940365474,-3.));
#6148=CARTESIAN_POINT('',(43.8135775878555,47.2145482469173,-2.6));
#6149=CARTESIAN_POINT('Origin',(43.1978390484759,46.450530241934,-2.8));
#6150=CARTESIAN_POINT('',(43.2197059634526,46.1895544444361,-3.));
#6151=CARTESIAN_POINT('',(43.3392604047132,46.3091088856967,-3.));
#6152=CARTESIAN_POINT('',(42.8806023374436,46.4161362433763,-2.6));
#6153=CARTESIAN_POINT('',(43.2197059634526,46.1895544444361,-3.));
#6154=CARTESIAN_POINT('',(43.0564176922386,46.5919515981713,-2.6));
#6155=CARTESIAN_POINT('Origin',(42.7799264908631,45.6504580632079,-2.8));
#6156=CARTESIAN_POINT('',(42.9,45.4177159714972,-3.));
#6157=CARTESIAN_POINT('',(42.9647023973654,45.5739213767349,-3.));
#6158=CARTESIAN_POINT('',(42.5,45.4972809184491,-2.6));
#6159=CARTESIAN_POINT('',(42.9,45.4177159714972,-3.));
#6160=CARTESIAN_POINT('',(42.5951505843609,45.7269947496809,-2.6));
#6161=CARTESIAN_POINT('Origin',(42.7,44.7513595407754,-2.8));
#6162=CARTESIAN_POINT('',(42.9,44.5822840285027,-3.));
#6163=CARTESIAN_POINT('',(42.9,44.7513595407754,-3.));
#6164=CARTESIAN_POINT('',(42.5,44.5027190815508,-2.6));
#6165=CARTESIAN_POINT('',(42.9,44.5822840285027,-3.));
#6166=CARTESIAN_POINT('',(42.5,44.7513595407754,-2.6));
#6167=CARTESIAN_POINT('Origin',(42.9702276595849,43.8901142743285,-2.8));
#6168=CARTESIAN_POINT('',(43.2197059634526,43.8104455555639,-3.));
#6169=CARTESIAN_POINT('',(43.1550035660872,43.9666509608015,-3.));
#6170=CARTESIAN_POINT('',(42.8806023374436,43.5838637566237,-2.6));
#6171=CARTESIAN_POINT('',(43.2197059634526,43.8104455555639,-3.));
#6172=CARTESIAN_POINT('',(42.7854517530827,43.8135775878555,-2.6));
#6173=CARTESIAN_POINT('Origin',(43.549469758066,43.1978390484759,-2.8));
#6174=CARTESIAN_POINT('',(43.8104455555639,43.2197059634526,-3.));
#6175=CARTESIAN_POINT('',(43.6908911143033,43.3392604047132,-3.));
#6176=CARTESIAN_POINT('',(43.5838637566237,42.8806023374436,-2.6));
#6177=CARTESIAN_POINT('',(43.8104455555639,43.2197059634526,-3.));
#6178=CARTESIAN_POINT('',(43.4080484018287,43.0564176922386,-2.6));
#6179=CARTESIAN_POINT('Origin',(44.3495419367921,42.7799264908632,-2.8));
#6180=CARTESIAN_POINT('',(44.5822840285027,42.9,-3.));
#6181=CARTESIAN_POINT('',(44.4260786232651,42.9647023973654,-3.));
#6182=CARTESIAN_POINT('',(44.5027190815509,42.5,-2.6));
#6183=CARTESIAN_POINT('',(44.5822840285027,42.9,-3.));
#6184=CARTESIAN_POINT('',(44.2730052503191,42.5951505843609,-2.6));
#6185=CARTESIAN_POINT('Origin',(45.2486404592246,42.7,-2.8));
#6186=CARTESIAN_POINT('',(45.4177159714973,42.9,-3.));
#6187=CARTESIAN_POINT('',(45.2486404592246,42.9,-3.));
#6188=CARTESIAN_POINT('',(45.4177159714973,42.9,-3.));
#6189=CARTESIAN_POINT('',(45.2486404592246,42.5,-2.6));
#6190=CARTESIAN_POINT('Origin',(46.1098857256715,42.9702276595849,-2.8));
#6191=CARTESIAN_POINT('',(46.1895544444361,43.2197059634526,-3.));
#6192=CARTESIAN_POINT('',(46.0333490391985,43.1550035660872,-3.));
#6193=CARTESIAN_POINT('',(46.1895544444361,43.2197059634526,-3.));
#6194=CARTESIAN_POINT('Origin',(46.8021609515241,43.549469758066,-2.8));
#6195=CARTESIAN_POINT('',(46.7802940365474,43.8104455555639,-3.));
#6196=CARTESIAN_POINT('',(46.6607395952868,43.6908911143033,-3.));
#6197=CARTESIAN_POINT('',(46.7802940365474,43.8104455555639,-3.));
#6198=CARTESIAN_POINT('Origin',(47.2200735091368,44.3495419367921,-2.8));
#6199=CARTESIAN_POINT('',(47.1,44.5822840285027,-3.));
#6200=CARTESIAN_POINT('',(47.0352976026346,44.4260786232651,-3.));
#6201=CARTESIAN_POINT('',(47.1,44.5822840285027,-3.));
#6202=CARTESIAN_POINT('Origin',(47.3,45.2486404592246,-2.8));
#6203=CARTESIAN_POINT('',(47.1,45.4177159714973,-3.));
#6204=CARTESIAN_POINT('',(47.1,45.2486404592246,-3.));
#6205=CARTESIAN_POINT('',(47.1,45.4177159714973,-3.));
#6206=CARTESIAN_POINT('Origin',(47.0297723404151,46.1098857256715,-2.8));
#6207=CARTESIAN_POINT('',(46.7802940365474,46.1895544444361,-3.));
#6208=CARTESIAN_POINT('',(46.8449964339128,46.0333490391985,-3.));
#6209=CARTESIAN_POINT('',(46.7802940365474,46.1895544444361,-3.));
#6210=CARTESIAN_POINT('Origin',(46.450530241934,46.8021609515241,-2.8));
#6211=CARTESIAN_POINT('',(46.1895544444361,46.7802940365474,-3.));
#6212=CARTESIAN_POINT('',(46.3091088856967,46.6607395952868,-3.));
#6213=CARTESIAN_POINT('',(46.1895544444361,46.7802940365474,-3.));
#6214=CARTESIAN_POINT('Origin',(45.6504580632079,47.2200735091369,-2.8));
#6215=CARTESIAN_POINT('',(45.5739213767349,47.0352976026346,-3.));
#6216=CARTESIAN_POINT('Origin',(45.,45.,-3.));
#6217=CARTESIAN_POINT('Origin',(45.2486404592246,2.7,-2.8));
#6218=CARTESIAN_POINT('',(44.5822840285027,2.9,-3.));
#6219=CARTESIAN_POINT('',(45.4177159714973,2.9,-3.));
#6220=CARTESIAN_POINT('',(45.2486404592246,2.9,-3.));
#6221=CARTESIAN_POINT('',(45.4177159714973,2.9,-3.));
#6222=CARTESIAN_POINT('',(44.5822840285027,2.9,-3.));
#6223=CARTESIAN_POINT('Origin',(46.1098857256715,2.97022765958493,-2.8));
#6224=CARTESIAN_POINT('',(46.1895544444361,3.21970596345259,-3.));
#6225=CARTESIAN_POINT('',(46.0333490391985,3.15500356608718,-3.));
#6226=CARTESIAN_POINT('',(46.4161362433763,2.88060233744356,-2.6));
#6227=CARTESIAN_POINT('',(46.1895544444361,3.21970596345259,-3.));
#6228=CARTESIAN_POINT('',(46.1864224121445,2.78545175308267,-2.6));
#6229=CARTESIAN_POINT('Origin',(46.8021609515241,3.54946975806597,-2.8));
#6230=CARTESIAN_POINT('',(46.7802940365474,3.8104455555639,-3.));
#6231=CARTESIAN_POINT('',(46.6607395952868,3.69089111430328,-3.));
#6232=CARTESIAN_POINT('',(47.1193976625564,3.58386375662369,-2.6));
#6233=CARTESIAN_POINT('',(46.7802940365474,3.8104455555639,-3.));
#6234=CARTESIAN_POINT('',(46.9435823077614,3.40804840182866,-2.6));
#6235=CARTESIAN_POINT('Origin',(47.2200735091369,4.34954193679207,-2.8));
#6236=CARTESIAN_POINT('',(47.1,4.58228402850272,-3.));
#6237=CARTESIAN_POINT('',(47.0352976026346,4.42607862326509,-3.));
#6238=CARTESIAN_POINT('',(47.5,4.50271908155085,-2.6));
#6239=CARTESIAN_POINT('',(47.1,4.58228402850272,-3.));
#6240=CARTESIAN_POINT('',(47.4048494156391,4.27300525031906,-2.6));
#6241=CARTESIAN_POINT('Origin',(47.3,5.24864045922457,-2.8));
#6242=CARTESIAN_POINT('',(47.1,5.41771597149727,-3.));
#6243=CARTESIAN_POINT('',(47.1,5.24864045922457,-3.));
#6244=CARTESIAN_POINT('',(47.5,5.49728091844914,-2.6));
#6245=CARTESIAN_POINT('',(47.1,5.41771597149727,-3.));
#6246=CARTESIAN_POINT('',(47.5,5.24864045922457,-2.6));
#6247=CARTESIAN_POINT('Origin',(47.0297723404151,6.10988572567149,-2.8));
#6248=CARTESIAN_POINT('',(46.7802940365474,6.1895544444361,-3.));
#6249=CARTESIAN_POINT('',(46.8449964339128,6.03334903919847,-3.));
#6250=CARTESIAN_POINT('',(47.1193976625564,6.4161362433763,-2.6));
#6251=CARTESIAN_POINT('',(46.7802940365474,6.1895544444361,-3.));
#6252=CARTESIAN_POINT('',(47.2145482469173,6.1864224121445,-2.6));
#6253=CARTESIAN_POINT('Origin',(46.450530241934,6.80216095152409,-2.8));
#6254=CARTESIAN_POINT('',(46.1895544444361,6.7802940365474,-3.));
#6255=CARTESIAN_POINT('',(46.3091088856967,6.66073959528678,-3.));
#6256=CARTESIAN_POINT('',(46.4161362433763,7.11939766255643,-2.6));
#6257=CARTESIAN_POINT('',(46.1895544444361,6.7802940365474,-3.));
#6258=CARTESIAN_POINT('',(46.5919515981713,6.9435823077614,-2.6));
#6259=CARTESIAN_POINT('Origin',(45.6504580632079,7.22007350913685,-2.8));
#6260=CARTESIAN_POINT('',(45.4177159714973,7.1,-3.));
#6261=CARTESIAN_POINT('',(45.5739213767349,7.03529760263459,-3.));
#6262=CARTESIAN_POINT('',(45.4972809184491,7.5,-2.6));
#6263=CARTESIAN_POINT('',(45.4177159714973,7.1,-3.));
#6264=CARTESIAN_POINT('',(45.7269947496809,7.40484941563911,-2.6));
#6265=CARTESIAN_POINT('Origin',(44.7513595407754,7.3,-2.8));
#6266=CARTESIAN_POINT('',(44.5822840285027,7.1,-3.));
#6267=CARTESIAN_POINT('',(44.7513595407754,7.1,-3.));
#6268=CARTESIAN_POINT('',(44.5822840285027,7.1,-3.));
#6269=CARTESIAN_POINT('',(44.7513595407754,7.5,-2.6));
#6270=CARTESIAN_POINT('Origin',(43.8901142743285,7.02977234041507,-2.8));
#6271=CARTESIAN_POINT('',(43.8104455555639,6.7802940365474,-3.));
#6272=CARTESIAN_POINT('',(43.9666509608015,6.84499643391281,-3.));
#6273=CARTESIAN_POINT('',(43.8104455555639,6.7802940365474,-3.));
#6274=CARTESIAN_POINT('Origin',(43.1978390484759,6.45053024193403,-2.8));
#6275=CARTESIAN_POINT('',(43.2197059634526,6.1895544444361,-3.));
#6276=CARTESIAN_POINT('',(43.3392604047132,6.30910888569672,-3.));
#6277=CARTESIAN_POINT('',(43.2197059634526,6.1895544444361,-3.));
#6278=CARTESIAN_POINT('Origin',(42.7799264908631,5.65045806320792,-2.8));
#6279=CARTESIAN_POINT('',(42.9,5.41771597149727,-3.));
#6280=CARTESIAN_POINT('',(42.9647023973654,5.5739213767349,-3.));
#6281=CARTESIAN_POINT('',(42.9,5.41771597149727,-3.));
#6282=CARTESIAN_POINT('Origin',(42.7,4.75135954077543,-2.8));
#6283=CARTESIAN_POINT('',(42.9,4.58228402850273,-3.));
#6284=CARTESIAN_POINT('',(42.9,4.75135954077543,-3.));
#6285=CARTESIAN_POINT('',(42.9,4.58228402850273,-3.));
#6286=CARTESIAN_POINT('Origin',(42.9702276595849,3.89011427432851,-2.8));
#6287=CARTESIAN_POINT('',(43.2197059634526,3.8104455555639,-3.));
#6288=CARTESIAN_POINT('',(43.1550035660872,3.96665096080153,-3.));
#6289=CARTESIAN_POINT('',(43.2197059634526,3.8104455555639,-3.));
#6290=CARTESIAN_POINT('Origin',(43.549469758066,3.19783904847591,-2.8));
#6291=CARTESIAN_POINT('',(43.8104455555639,3.2197059634526,-3.));
#6292=CARTESIAN_POINT('',(43.6908911143033,3.33926040471322,-3.));
#6293=CARTESIAN_POINT('',(43.8104455555639,3.2197059634526,-3.));
#6294=CARTESIAN_POINT('Origin',(44.3495419367921,2.77992649086315,-2.8));
#6295=CARTESIAN_POINT('',(44.4260786232651,2.96470239736541,-3.));
#6296=CARTESIAN_POINT('Origin',(45.,5.,-3.));
#6297=CARTESIAN_POINT('Origin',(46.4161362433763,2.88060233744356,0.));
#6298=CARTESIAN_POINT('',(46.4161362433763,2.88060233744356,0.));
#6299=CARTESIAN_POINT('Origin',(47.1193976625564,3.58386375662369,0.));
#6300=CARTESIAN_POINT('',(47.1193976625564,3.58386375662369,0.));
#6301=CARTESIAN_POINT('Origin',(47.5,4.50271908155085,0.));
#6302=CARTESIAN_POINT('',(47.5,4.50271908155085,0.));
#6303=CARTESIAN_POINT('Origin',(47.5,5.49728091844914,0.));
#6304=CARTESIAN_POINT('',(47.5,5.49728091844914,0.));
#6305=CARTESIAN_POINT('Origin',(47.1193976625564,6.4161362433763,0.));
#6306=CARTESIAN_POINT('',(47.1193976625564,6.4161362433763,0.));
#6307=CARTESIAN_POINT('Origin',(46.4161362433763,7.11939766255643,0.));
#6308=CARTESIAN_POINT('',(46.4161362433763,7.11939766255643,0.));
#6309=CARTESIAN_POINT('Origin',(45.4972809184491,7.5,0.));
#6310=CARTESIAN_POINT('',(45.4972809184491,7.5,0.));
#6311=CARTESIAN_POINT('Origin',(44.5027190815509,7.5,0.));
#6312=CARTESIAN_POINT('Origin',(43.5838637566237,47.1193976625564,0.));
#6313=CARTESIAN_POINT('',(43.5838637566237,47.1193976625564,0.));
#6314=CARTESIAN_POINT('Origin',(42.8806023374436,46.4161362433763,0.));
#6315=CARTESIAN_POINT('',(42.8806023374436,46.4161362433763,0.));
#6316=CARTESIAN_POINT('Origin',(42.5,45.4972809184491,0.));
#6317=CARTESIAN_POINT('',(42.5,45.4972809184491,0.));
#6318=CARTESIAN_POINT('Origin',(42.5,44.5027190815508,0.));
#6319=CARTESIAN_POINT('',(42.5,44.5027190815508,0.));
#6320=CARTESIAN_POINT('Origin',(42.8806023374436,43.5838637566237,0.));
#6321=CARTESIAN_POINT('',(42.8806023374436,43.5838637566237,0.));
#6322=CARTESIAN_POINT('Origin',(43.5838637566237,42.8806023374436,0.));
#6323=CARTESIAN_POINT('',(43.5838637566237,42.8806023374436,0.));
#6324=CARTESIAN_POINT('Origin',(44.5027190815509,42.5,0.));
#6325=CARTESIAN_POINT('',(44.5027190815509,42.5,0.));
#6326=CARTESIAN_POINT('Origin',(45.4972809184492,42.5,0.));
#6327=CARTESIAN_POINT('Origin',(2.88060233744356,3.5838637566237,0.));
#6328=CARTESIAN_POINT('',(2.88060233744356,3.5838637566237,0.));
#6329=CARTESIAN_POINT('Origin',(3.58386375662369,2.88060233744357,0.));
#6330=CARTESIAN_POINT('',(3.58386375662369,2.88060233744357,0.));
#6331=CARTESIAN_POINT('Origin',(4.50271908155085,2.5,0.));
#6332=CARTESIAN_POINT('',(4.50271908155085,2.5,0.));
#6333=CARTESIAN_POINT('Origin',(5.49728091844914,2.5,0.));
#6334=CARTESIAN_POINT('',(5.49728091844914,2.5,0.));
#6335=CARTESIAN_POINT('Origin',(6.4161362433763,2.88060233744356,0.));
#6336=CARTESIAN_POINT('',(6.4161362433763,2.88060233744356,0.));
#6337=CARTESIAN_POINT('Origin',(7.11939766255643,3.58386375662369,0.));
#6338=CARTESIAN_POINT('',(7.11939766255643,3.58386375662369,0.));
#6339=CARTESIAN_POINT('Origin',(7.49999999999999,4.50271908155085,0.));
#6340=CARTESIAN_POINT('',(7.49999999999999,4.50271908155085,0.));
#6341=CARTESIAN_POINT('Origin',(7.49999999999999,5.49728091844914,0.));
#6342=CARTESIAN_POINT('Origin',(2.88060233744356,43.5838637566237,0.));
#6343=CARTESIAN_POINT('',(2.88060233744356,43.5838637566237,0.));
#6344=CARTESIAN_POINT('Origin',(3.58386375662369,42.8806023374436,0.));
#6345=CARTESIAN_POINT('',(3.58386375662369,42.8806023374436,0.));
#6346=CARTESIAN_POINT('Origin',(4.50271908155084,42.5,0.));
#6347=CARTESIAN_POINT('',(4.50271908155084,42.5,0.));
#6348=CARTESIAN_POINT('Origin',(5.49728091844913,42.5,0.));
#6349=CARTESIAN_POINT('',(5.49728091844913,42.5,0.));
#6350=CARTESIAN_POINT('Origin',(6.4161362433763,42.8806023374436,0.));
#6351=CARTESIAN_POINT('',(6.4161362433763,42.8806023374436,0.));
#6352=CARTESIAN_POINT('Origin',(7.11939766255643,43.5838637566237,0.));
#6353=CARTESIAN_POINT('',(7.11939766255643,43.5838637566237,0.));
#6354=CARTESIAN_POINT('Origin',(7.5,44.5027190815509,0.));
#6355=CARTESIAN_POINT('',(7.5,44.5027190815509,0.));
#6356=CARTESIAN_POINT('Origin',(7.5,45.4972809184491,0.));
#6357=CARTESIAN_POINT('Origin',(36.125,5.,15.));
#6358=CARTESIAN_POINT('Origin',(13.875,3.46,15.));
#6359=CARTESIAN_POINT('Origin',(13.875,-7.45058059692383E-8,15.));
#6360=CARTESIAN_POINT('Origin',(39.,0.,5.));
#6361=CARTESIAN_POINT('Origin',(25.,25.,0.));
#6362=CARTESIAN_POINT('',(15.,25.,0.));
#6363=UNCERTAINTY_MEASURE_WITH_UNIT(LENGTH_MEASURE(0.01),#6367,
'DISTANCE_ACCURACY_VALUE',
'Maximum model space distance between geometric entities at asserted c
onnectivities');
#6364=UNCERTAINTY_MEASURE_WITH_UNIT(LENGTH_MEASURE(0.01),#6367,
'DISTANCE_ACCURACY_VALUE',
'Maximum model space distance between geometric entities at asserted c
onnectivities');
#6365=(
GEOMETRIC_REPRESENTATION_CONTEXT(3)
GLOBAL_UNCERTAINTY_ASSIGNED_CONTEXT((#6363))
GLOBAL_UNIT_ASSIGNED_CONTEXT((#6367,#6369,#6370))
REPRESENTATION_CONTEXT('','3D')
);
#6366=(
GEOMETRIC_REPRESENTATION_CONTEXT(3)
GLOBAL_UNCERTAINTY_ASSIGNED_CONTEXT((#6364))
GLOBAL_UNIT_ASSIGNED_CONTEXT((#6367,#6369,#6370))
REPRESENTATION_CONTEXT('','3D')
);
#6367=(
LENGTH_UNIT()
NAMED_UNIT(*)
SI_UNIT(.MILLI.,.METRE.)
);
#6368=(
LENGTH_UNIT()
NAMED_UNIT(*)
SI_UNIT($,.METRE.)
);
#6369=(
NAMED_UNIT(*)
PLANE_ANGLE_UNIT()
SI_UNIT($,.RADIAN.)
);
#6370=(
NAMED_UNIT(*)
SI_UNIT($,.STERADIAN.)
SOLID_ANGLE_UNIT()
);
#6371=SHAPE_DEFINITION_REPRESENTATION(#6372,#6373);
#6372=PRODUCT_DEFINITION_SHAPE('',$,#6375);
#6373=SHAPE_REPRESENTATION('',(#3889),#6365);
#6374=PRODUCT_DEFINITION_CONTEXT('part definition',#6379,'design');
#6375=PRODUCT_DEFINITION('raspi_camera_stand','raspi_camera_stand v14',
#6376,#6374);
#6376=PRODUCT_DEFINITION_FORMATION('',$,#6381);
#6377=PRODUCT_RELATED_PRODUCT_CATEGORY('raspi_camera_stand v14',
'raspi_camera_stand v14',(#6381));
#6378=APPLICATION_PROTOCOL_DEFINITION('international standard',
'automotive_design',2009,#6379);
#6379=APPLICATION_CONTEXT(
'Core Data for Automotive Mechanical Design Process');
#6380=PRODUCT_CONTEXT('part definition',#6379,'mechanical');
#6381=PRODUCT('raspi_camera_stand','raspi_camera_stand v14',$,(#6380));
#6382=PRESENTATION_STYLE_ASSIGNMENT((#6383));
#6383=SURFACE_STYLE_USAGE(.BOTH.,#6384);
#6384=SURFACE_SIDE_STYLE('',(#6385));
#6385=SURFACE_STYLE_FILL_AREA(#6386);
#6386=FILL_AREA_STYLE('\X2\92FC\X0\ - \X2\30B530C630F3\X0\',(#6387));
#6387=FILL_AREA_STYLE_COLOUR('\X2\92FC\X0\ - \X2\30B530C630F3\X0\',#6388);
#6388=COLOUR_RGB('\X2\92FC\X0\ - \X2\30B530C630F3\X0\',0.627450980392157,
0.627450980392157,0.627450980392157);
ENDSEC;
END-ISO-10303-21;
